;Num_Acc;id_vehicule;num_veh;senc;catv;obs;obsm;choc;manv;motor;occutc
968;202100000630;200 581;B01;2;7;0;2;3;19;1;
969;202100000631;200 578;B01;1;32;0;2;1;0;1;
970;202100000631;200 579;A01;1;7;0;2;3;0;1;
971;202100000632;200 577;A01;3;31;8;0;1;1;1;
972;202100000633;200 575;B01;2;7;0;2;4;26;1;
973;202100000633;200 576;A01;1;7;0;2;1;1;1;
974;202100000635;200 570;A01;2;7;0;2;1;13;1;
975;202100000635;200 571;B01;2;7;0;2;2;21;1;
976;202100000635;200 572;C01;2;7;13;0;1;21;1;
977;202100000636;200 569;A01;2;7;0;1;2;1;1;
978;202100000637;200 568;A01;1;7;2;0;1;1;1;
979;202100000638;200 566;B01;1;7;0;2;4;1;1;
980;202100000638;200 567;A01;1;7;0;2;1;2;1;
981;202100000639;200 565;A01;1;32;9;2;0;1;1;
982;202100000640;200 563;B01;1;7;9;2;4;1;1;
983;202100000640;200 564;A01;1;32;9;2;1;2;1;
984;202100000641;200 561;B01;2;7;0;2;3;15;1;
985;202100000641;200 562;A01;1;7;0;2;3;1;1;
986;202100000642;200 560;A01;1;7;0;1;2;16;1;
987;202100000643;200 559;A01;0;7;2;0;1;13;1;
988;202100000644;200 558;A01;1;15;0;1;1;1;1;
989;202100000645;200 557;A01;3;7;0;1;7;1;1;
990;202100000650;200 550;A01;0;7;0;1;1;16;1;
991;202100000651;200 549;A01;1;7;0;1;1;1;1;
992;202100000652;200 546;C01;2;7;0;2;6;26;1;
993;202100000652;200 547;B01;2;7;0;2;4;26;1;
994;202100000652;200 548;A01;2;7;0;2;1;1;1;
995;202100000653;200 545;A01;1;35;12;0;7;1;1;
996;202100000654;200 542;A01;1;7;0;2;0;0;1;
997;202100000654;200 543;B01;1;7;0;2;1;1;1;
998;202100000654;200 544;C01;1;7;0;2;8;1;1;
999;202100000655;200 540;A01;1;31;0;9;1;1;1;
1000;202100000655;200 541;B01;2;2;0;9;8;15;1;
1001;202100000656;200 539;A01;1;33;0;0;8;15;1;
1002;202100000657;200 538;A01;1;7;0;1;2;0;1;
1003;202100000658;200 537;A01;2;7;0;1;1;1;1;
1004;202100000659;200 535;B01;1;30;0;2;3;11;1;
1005;202100000659;200 536;A01;1;7;0;2;2;17;1;
1006;202100000660;200 533;A01;1;7;0;2;1;1;1;
1007;202100000660;200 534;B01;1;1;0;0;4;1;5;
1008;202100000661;200 531;B01;2;7;0;0;4;1;1;
1009;202100000661;200 532;A01;2;7;0;2;1;2;1;
1010;202100000662;200 529;B01;2;10;0;0;3;14;1;
1011;202100000662;200 530;A01;1;7;6;0;2;13;1;
1012;202100000663;200 528;A01;2;7;2;0;3;1;1;
1013;202100000664;200 527;A01;1;7;0;0;9;1;1;
1014;202100000665;200 526;A01;2;7;4;0;3;21;1;
1015;202100000666;200 523;C01;2;7;0;2;3;1;1;
1016;202100000666;200 524;B01;2;10;0;2;1;21;1;
1017;202100000666;200 525;A01;1;10;0;2;1;13;1;
1018;202100000667;200 521;A01;3;2;0;2;8;15;1;
1019;202100000667;200 522;B01;2;33;0;2;1;17;1;
1020;202100000669;200 517;A01;1;7;0;2;2;1;1;
1021;202100000669;200 518;B01;1;1;0;0;4;1;5;
1022;202100000670;200 516;A01;3;7;8;0;2;1;1;
1023;202100000672;200 512;A01;1;33;0;2;1;3;1;
1024;202100000672;200 513;B01;1;7;0;2;5;1;2;
1025;202100000673;200 510;A01;3;7;0;2;1;9;1;
1026;202100000673;200 511;B01;3;7;0;2;4;2;1;
1027;202100000674;200 508;A01;2;7;0;2;8;10;1;
1028;202100000674;200 509;B01;2;33;0;2;1;17;1;
1029;202100000675;200 507;A01;1;30;0;0;0;0;1;
1030;202100000677;200 503;B01;3;7;0;0;5;2;1;
1031;202100000677;200 504;A01;3;10;0;2;1;2;1;
1032;202100000678;200 501;A01;2;30;0;2;1;26;1;
1033;202100000678;200 502;B01;2;2;0;2;1;11;1;
1034;202100000679;200 499;A01;0;7;0;2;8;26;1;
1035;202100000679;200 500;B01;0;7;0;2;1;2;1;
1036;202100000680;200 497;B01;3;7;0;2;3;1;1;
1037;202100000680;200 498;A01;3;33;0;2;2;16;1;
1038;202100000681;200 495;A01;1;50;0;2;1;1;3;
1039;202100000681;200 496;B01;2;7;0;2;7;15;1;
1040;202100000682;200 492;B01;3;7;0;2;3;1;1;
1041;202100000682;200 493;A01;3;10;0;2;1;2;1;
1042;202100000682;200 494;C01;3;7;0;2;4;15;1;
1043;202100000683;200 491;A01;0;7;12;1;2;26;1;
1044;202100000684;200 488;A01;1;7;0;2;1;1;1;
1045;202100000684;200 489;B01;1;7;0;2;4;1;1;
1046;202100000684;200 490;C01;1;7;0;2;4;1;1;
1047;202100000686;200 485;B01;3;7;0;2;2;1;0;
1048;202100000686;200 486;A01;3;7;0;2;1;9;1;
1049;202100000688;200 482;A01;3;7;0;2;2;5;1;
1050;202100000688;200 483;B01;3;7;0;2;2;1;1;
1051;202100000689;200 480;M01;2;33;0;2;4;10;1;
1052;202100000689;200 481;A01;2;10;0;2;3;9;1;
1053;202100000690;200 478;B01;0;7;0;2;1;1;2;
1054;202100000690;200 479;A01;0;7;0;2;8;9;1;
1055;202100000692;200 476;A01;1;10;0;1;2;19;6;
1056;202100000693;200 475;A01;0;14;0;1;2;1;1;
1057;202100000694;200 473;A01;0;7;0;2;3;1;1;
1058;202100000694;200 474;B01;0;7;0;2;1;1;1;
1059;202100000695;200 472;A01;0;7;0;1;3;15;1;
1060;202100000696;200 470;B01;1;7;0;0;5;2;3;
1061;202100000696;200 471;A01;1;2;0;2;1;2;1;
1062;202100000697;200 468;B01;1;2;0;2;2;15;1;
1063;202100000697;200 469;A01;2;7;0;2;3;9;1;
1064;202100000698;200 466;A01;1;7;11;2;3;6;1;
1065;202100000698;200 467;B01;2;7;0;2;8;1;1;
1066;202100000699;200 464;B01;1;7;0;2;5;1;1;
1067;202100000699;200 465;A01;2;33;13;2;3;1;1;
1068;202100000700;200 462;A01;3;7;0;2;2;15;1;
1069;202100000700;200 463;B01;3;7;0;2;3;19;1;
1070;202100000701;200 460;A01;2;10;0;2;1;13;1;
1071;202100000701;200 461;B01;1;10;0;2;1;1;1;
1072;202100000702;200 457;C01;1;7;0;2;4;2;1;
1073;202100000702;200 458;B01;1;7;0;2;4;2;1;
1074;202100000702;200 459;A01;1;7;0;2;1;2;1;
1075;202100000703;200 455;B01;1;34;0;2;2;1;1;
1076;202100000703;200 456;A01;1;7;0;2;3;13;1;
1077;202100000704;200 454;A01;2;7;0;1;1;15;1;
1078;202100000705;200 453;A01;2;7;6;0;2;14;1;
1079;202100000706;200 451;A01;1;1;0;0;4;0;5;
1080;202100000706;200 452;B01;2;0;0;9;1;0;0;
1081;202100000707;200 450;A01;3;7;2;0;2;1;1;
1082;202100000708;200 448;A01;2;7;16;0;3;14;1;
1083;202100000709;200 447;A01;1;7;2;0;2;1;1;
1084;202100000710;200 445;A01;1;7;0;2;2;13;1;
1085;202100000710;200 446;B01;2;17;0;2;2;1;1;
1086;202100000711;200 444;A01;1;7;14;0;1;0;1;
1087;202100000712;200 443;A01;2;7;13;0;2;1;1;
1088;202100000713;200 442;A01;3;7;0;1;2;1;1;
1089;202100000714;200 440;A01;0;7;7;2;8;19;1;
1090;202100000714;200 441;B01;1;38;0;2;1;1;1;1.0
1091;202100000715;200 435;B01;2;7;0;2;7;15;1;
1092;202100000715;200 436;A01;1;33;0;2;1;1;1;
1093;202100000716;200 433;A01;3;7;0;2;3;15;1;
1094;202100000716;200 434;B01;3;32;0;2;1;0;1;
1095;202100000717;200 431;B01;0;7;0;2;2;0;1;
1096;202100000717;200 432;A01;0;31;4;2;1;0;1;
1097;202100000718;200 429;B01;2;30;0;2;1;1;1;
1098;202100000718;200 430;A01;1;7;0;2;3;15;1;
1099;202100000719;200 422;B01;2;15;1;2;6;20;1;
1100;202100000719;200 423;D01;2;7;1;0;3;21;1;
1101;202100000719;200 424;F01;2;7;1;0;1;21;1;
1102;202100000719;200 425;C01;2;7;1;0;1;21;1;
1103;202100000719;200 426;G01;2;7;1;0;1;21;1;
1104;202100000719;200 427;A01;2;7;1;0;1;2;1;
1105;202100000719;200 428;E01;2;7;1;0;1;14;1;
1106;202100000720;200 421;A01;2;7;4;0;8;9;1;
1107;202100000721;200 419;A01;2;7;0;2;6;1;2;
1108;202100000721;200 420;B01;2;7;0;2;0;1;0;
1109;202100000722;200 417;B01;1;32;0;2;2;2;1;
1110;202100000722;200 418;A01;1;7;0;2;3;2;1;
1111;202100000723;200 415;B01;2;7;0;2;8;1;1;
1112;202100000723;200 416;A01;2;17;0;2;7;12;1;
1113;202100000725;200 413;A01;1;10;0;1;4;20;1;
1114;202100000726;200 412;A01;2;7;0;1;1;1;1;
1115;202100000728;200 407;D01;1;7;0;2;4;23;1;
1116;202100000728;200 408;C01;1;7;0;2;1;23;1;
1117;202100000728;200 409;B01;1;7;0;2;6;23;1;
1118;202100000728;200 410;A01;1;7;0;2;2;1;1;
1119;202100000730;200 405;A01;1;3;0;1;1;15;1;
1120;202100000731;200 403;Z01;1;10;0;0;0;0;1;
1121;202100000731;200 404;A01;1;7;0;2;2;0;0;
1122;202100000733;200 401;A01;2;30;12;0;2;26;1;
1123;202100000734;200 400;A01;2;7;2;0;3;14;1;
1124;202100000735;200 399;A01;3;7;0;1;1;1;1;
1125;202100000736;200 397;A01;3;7;0;1;1;1;1;
1126;202100000737;200 396;A01;3;7;0;1;2;1;1;
1127;202100000738;200 395;A01;3;10;6;1;4;26;1;
1128;202100000739;200 394;A01;3;7;0;1;0;0;1;
1129;202100000740;200 393;A01;1;7;0;1;3;26;2;
1130;202100000741;200 391;B01;3;30;1;0;0;1;1;
1131;202100000741;200 392;A01;3;7;0;2;2;24;1;
1132;202100000742;200 389;A01;1;7;0;2;1;1;1;
1133;202100000742;200 390;B01;3;50;0;2;1;25;3;
1134;202100000743;200 387;A01;1;7;0;2;0;26;0;
1135;202100000743;200 388;B01;2;33;0;2;7;16;1;
1136;202100000744;200 384;C01;2;7;0;2;1;1;1;
1137;202100000744;200 385;B01;2;7;0;2;1;1;0;
1138;202100000744;200 386;A01;2;7;1;0;4;1;1;
1139;202100000745;200 382;A01;1;30;0;2;1;17;1;
1140;202100000745;200 383;B01;1;7;0;2;3;15;1;
1141;202100000746;200 380;B01;1;7;0;2;2;1;1;
1142;202100000746;200 381;A01;1;7;16;2;2;13;1;
1143;202100000747;200 378;B01;3;10;8;2;3;1;1;
1144;202100000747;200 379;A01;2;10;0;2;1;1;1;
1145;202100000748;200 377;A01;2;33;0;1;8;16;1;
1146;202100000749;200 375;A01;2;7;0;2;2;15;1;
1147;202100000749;200 376;B01;2;33;0;2;1;1;1;
1148;202100000750;200 372;A01;0;0;0;1;0;0;0;
1149;202100000751;200 371;A01;0;0;0;1;0;0;0;
1150;202100000752;200 369;B01;0;40;0;2;1;1;3;
1151;202100000752;200 370;A01;0;7;0;2;1;1;1;
1152;202100000753;200 368;A01;1;31;4;0;7;14;3;
1153;202100000754;200 365;B01;1;7;0;2;1;1;1;
1154;202100000754;200 366;A01;3;50;0;2;7;19;3;
1155;202100000755;200 363;B01;1;7;0;2;4;15;1;
1156;202100000755;200 364;A01;1;7;0;2;1;2;1;
1157;202100000756;200 360;A01;3;7;0;2;1;2;1;
1158;202100000756;200 361;B01;3;7;0;2;4;2;1;
1159;202100000756;200 362;C01;3;7;0;2;4;2;1;
1160;202100000757;200 358;B01;2;33;0;2;2;17;1;
1161;202100000757;200 359;A01;2;7;2;2;8;20;1;
1162;202100000758;200 356;B01;1;32;0;2;2;17;1;
1163;202100000758;200 357;A01;1;10;0;2;3;15;1;
1164;202100000760;200 353;A01;2;7;8;0;1;1;1;
1165;202100000761;200 351;B01;3;7;0;2;1;23;1;
1166;202100000761;200 352;A01;2;33;0;2;3;17;1;
1167;202100000762;200 350;A01;1;7;11;0;3;13;1;
1168;202100000764;200 347;A01;1;7;1;1;2;1;1;
1169;202100000765;200 346;A01;1;7;0;1;1;1;1;
1170;202100000766;200 345;A01;3;7;0;1;1;1;1;
1171;202100000769;200 339;B01;3;7;0;2;8;19;0;
1172;202100000769;200 340;A01;3;7;0;2;2;1;1;
1173;202100000770;200 337;A01;0;37;0;2;1;1;1;1.0
1174;202100000770;200 338;B01;0;50;0;2;1;13;3;
1175;202100000771;200 334;B01;2;7;0;2;4;2;2;
1176;202100000771;200 335;A01;2;10;0;2;1;9;1;
1177;202100000771;200 336;C01;2;7;0;2;4;2;1;
1178;202100000772;200 332;B01;1;7;0;2;2;1;1;
1179;202100000772;200 333;A01;2;2;0;2;1;1;1;
1180;202100000773;200 331;A01;1;30;12;0;7;26;1;
1181;202100000774;200 330;A01;0;30;0;2;0;1;3;
1182;202100000775;200 328;B01;3;7;0;2;2;23;1;
1183;202100000775;200 329;A01;1;7;0;2;3;1;1;
1184;202100000777;200 325;Z01;1;10;0;2;1;2;1;
1185;202100000777;200 326;A01;1;7;0;2;6;23;1;
1186;202100000778;200 323;A01;1;7;1;2;3;1;2;
1187;202100000778;200 324;B01;1;50;0;2;1;13;3;
1188;202100000779;200 321;B01;1;7;0;2;3;1;1;
1189;202100000779;200 322;A01;1;30;0;2;1;1;1;
1190;202100000780;200 319;Z01;2;13;0;2;2;22;0;
1191;202100000780;200 320;A01;2;1;0;2;1;1;5;
1192;202100000781;200 317;A01;1;32;0;2;8;12;1;
1193;202100000781;200 318;B01;1;7;0;2;5;1;1;
1194;202100000782;200 314;C01;1;30;0;2;1;1;1;
1195;202100000782;200 315;A01;1;30;0;2;4;15;1;
1196;202100000782;200 316;B01;1;30;0;2;1;1;3;
1197;202100000783;200 313;A01;1;30;0;2;7;16;3;
1198;202100000784;200 311;B01;2;30;0;2;1;1;1;
1199;202100000784;200 312;A01;2;7;0;2;6;10;1;
1200;202100000785;200 310;A01;2;7;0;1;0;19;1;
1201;202100000786;200 308;A01;2;7;0;2;1;1;1;
1202;202100000786;200 309;B01;2;7;0;2;4;23;1;
1203;202100000787;200 307;Z01;2;7;0;1;0;2;0;
1204;202100000788;200 306;A01;1;7;1;0;1;1;1;
1205;202100000789;200 304;A01;2;32;0;2;3;13;1;
1206;202100000789;200 305;B01;1;7;0;2;3;1;1;
1207;202100000790;200 302;B01;2;34;0;2;7;16;1;
1208;202100000790;200 303;Z01;2;10;0;2;8;19;1;
1209;202100000793;200 299;Z01;3;7;12;1;1;1;1;
1210;202100000794;200 297;B01;2;7;0;2;3;15;1;
1211;202100000794;200 298;A01;1;7;8;2;8;1;1;
1212;202100000795;200 295;A01;2;7;0;2;5;16;1;
1213;202100000795;200 296;B01;2;2;0;2;1;2;1;
1214;202100000796;200 294;A01;1;7;0;1;2;1;1;
1215;202100000797;200 292;A01;1;10;0;2;3;16;1;
1216;202100000797;200 293;B01;1;32;0;2;1;1;1;
1217;202100000798;200 290;B01;1;10;0;2;2;15;1;
1218;202100000798;200 291;A01;2;2;0;2;3;1;1;
1219;202100000799;200 288;B01;1;32;0;2;1;1;1;
1220;202100000799;200 289;A01;2;7;0;0;2;26;1;
1221;202100000800;200 287;A01;1;7;14;0;5;14;1;
1222;202100000801;200 286;A01;1;2;0;0;7;1;1;
1223;202100000802;200 284;A01;1;33;0;2;1;13;1;
1224;202100000802;200 285;B01;2;7;0;2;3;1;1;
1225;202100000803;200 282;B01;2;15;0;0;6;1;1;
1226;202100000803;200 283;A01;2;7;0;2;1;1;1;
1227;202100000804;200 281;A01;1;7;13;0;1;0;1;
1228;202100000805;200 280;A01;3;7;0;1;1;0;1;
1229;202100000806;200 279;A01;3;7;6;0;1;15;2;
1230;202100000807;200 278;A01;2;7;2;0;1;1;1;
1231;202100000808;200 276;B01;2;7;3;0;6;1;1;
1232;202100000808;200 277;A01;2;7;3;2;2;11;1;
1233;202100000809;200 274;A01;1;7;0;2;1;2;1;
1234;202100000809;200 275;B01;1;7;0;2;4;2;2;
1235;202100000811;200 271;B01;2;7;0;2;4;2;1;
1236;202100000811;200 272;A01;2;7;0;2;1;14;1;
1237;202100000812;200 269;A01;1;7;0;2;1;2;1;
1238;202100000812;200 270;B01;1;7;0;2;4;2;1;
1239;202100000813;200 267;A01;1;7;0;2;2;14;1;
1240;202100000813;200 268;B01;1;7;6;2;6;0;2;
1241;202100000814;200 265;A01;2;33;0;2;2;3;1;
1242;202100000814;200 266;B01;2;7;0;2;3;1;1;
1243;202100000817;200 258;A01;2;33;1;2;8;18;1;
1244;202100000817;200 259;B01;2;10;0;2;7;1;1;
1245;202100000818;200 257;A01;3;30;0;1;1;21;1;
1246;202100000819;200 256;A01;1;30;0;1;1;1;3;
1247;202100000820;200 255;A01;3;15;0;1;0;16;1;
1248;202100000821;200 254;A01;2;7;0;1;1;15;1;
1249;202100000822;200 253;A01;1;7;0;1;1;16;1;
1250;202100000824;200 250;A01;3;7;0;2;3;5;1;
1251;202100000824;200 251;B01;3;7;0;2;3;1;1;
1252;202100000825;200 249;A01;1;33;0;1;3;26;1;
1253;202100000826;200 248;A01;3;7;0;1;1;1;1;
1254;202100000827;200 247;A01;1;32;0;1;1;1;1;
1255;202100000828;200 246;A01;0;7;0;1;0;0;1;
1256;202100000829;200 245;A01;2;7;0;1;2;15;1;
1257;202100000830;200 244;A01;3;7;0;1;1;1;1;
1258;202100000831;200 243;A01;3;37;0;1;8;2;1;1.0
1259;202100000832;200 242;A01;3;32;0;1;1;17;1;
1260;202100000834;200 239;A01;1;7;4;1;2;21;1;
1261;202100000835;200 238;A01;2;7;0;1;1;1;1;
1262;202100000836;200 236;A01;2;7;0;1;1;15;1;
1263;202100000837;200 234;A01;1;7;0;2;1;15;1;
1264;202100000837;200 235;B01;1;38;0;2;0;0;3;5.0
1265;202100000838;200 233;A01;1;7;13;0;1;1;1;
1266;202100000839;200 230;A01;1;7;0;2;1;14;1;
1267;202100000839;200 231;B01;1;7;0;2;9;14;1;
1268;202100000839;200 232;C01;1;33;0;2;3;2;1;
1269;202100000840;200 228;B01;1;34;0;2;3;0;1;
1270;202100000840;200 229;A01;2;7;0;9;6;15;1;
1271;202100000841;200 227;A01;2;7;0;1;2;1;1;
1272;202100000842;200 226;B01;2;7;0;2;5;2;1;
1273;202100000844;200 223;A01;2;7;0;1;3;1;1;
1274;202100000845;200 222;A01;2;7;0;1;4;4;2;
1275;202100000846;200 221;A01;3;7;0;1;2;26;1;
1276;202100000847;200 220;A01;0;99;0;1;1;26;3;
1277;202100000848;200 218;B01;2;7;0;2;5;23;1;
1278;202100000848;200 219;A01;2;7;0;2;3;1;1;
1279;202100000849;200 217;A01;1;7;0;1;6;4;1;
1280;202100000850;200 216;A01;3;7;0;1;1;9;1;
1281;202100000851;200 215;A01;2;10;0;1;3;1;1;
1282;202100000852;200 214;A01;3;7;0;1;1;1;1;
1283;202100000853;200 212;B01;3;43;0;2;1;1;1;
1284;202100000853;200 213;A01;1;7;0;2;7;9;1;
1285;202100000854;200 211;A01;2;1;0;0;8;25;0;
1286;202100000855;200 209;B01;2;7;7;2;4;23;1;
1287;202100000855;200 210;A01;2;7;0;2;1;1;1;
1288;202100000856;200 207;A01;3;7;0;2;4;2;1;
1289;202100000856;200 208;B01;3;7;0;2;4;2;1;
1290;202100000857;200 204;C01;1;7;0;2;4;1;1;
1291;202100000857;200 205;B01;1;7;0;2;4;1;1;
1292;202100000857;200 206;A01;1;99;0;2;1;1;1;
1293;202100000858;200 202;B01;1;50;0;2;1;2;3;
1294;202100000858;200 203;A01;2;7;0;2;3;9;1;
1295;202100000859;200 201;A01;1;7;9;0;5;22;0;
1296;202100000860;200 200;A01;3;7;0;1;3;1;1;
1297;202100000861;200 199;A01;1;10;12;0;7;14;1;
1298;202100000862;200 197;B01;3;7;0;2;1;1;1;
1299;202100000862;200 198;A01;3;7;0;2;2;15;1;
1300;202100000864;200 194;A01;1;7;0;2;1;1;1;
1301;202100000864;200 195;B01;2;7;15;2;8;1;1;
1302;202100000865;200 193;A01;1;40;0;1;1;1;3;
1303;202100000866;200 191;A01;2;7;1;0;3;13;1;
1304;202100000867;200 190;A01;3;7;6;0;2;14;1;
1305;202100000868;200 188;A01;3;7;0;2;1;9;1;
1306;202100000868;200 189;B01;3;1;0;2;2;1;5;
1307;202100000869;200 186;A01;3;10;0;2;1;2;1;
1308;202100000869;200 187;B01;3;7;0;2;4;23;1;
1309;202100000870;200 185;A01;3;36;0;0;0;0;1;
1310;202100000871;200 183;A01;3;7;0;2;2;15;1;
1311;202100000871;200 184;B01;3;30;0;2;1;1;1;
1312;202100000872;200 182;A01;3;7;13;0;1;13;1;
1313;202100000873;200 181;A01;2;10;13;0;9;1;1;
1314;202100000874;200 180;A01;1;7;0;1;8;26;1;
1315;202100000875;200 179;A01;2;7;0;1;3;1;1;
1316;202100000876;200 178;A01;2;7;2;0;2;26;0;
1317;202100000877;200 177;A01;1;7;3;0;1;14;1;
1318;202100000878;200 175;A01;2;7;0;2;1;16;1;
1319;202100000878;200 176;B01;2;7;0;2;3;15;1;
1320;202100000879;200 173;A01;2;7;0;2;8;15;1;
1321;202100000879;200 174;B01;2;7;0;2;1;1;1;
1322;202100000880;200 171;A01;1;7;0;2;2;15;1;
1323;202100000880;200 172;B01;2;7;0;2;3;1;1;
1324;202100000881;200 169;A01;3;7;0;2;6;20;1;
1325;202100000881;200 170;B01;3;7;0;2;5;26;1;
1326;202100000882;200 168;A01;2;10;0;1;4;4;1;
1327;202100000883;200 167;A01;1;7;0;1;1;1;1;
1328;202100000884;200 166;A01;3;7;0;1;2;25;1;
1329;202100000885;200 164;A01;1;10;0;2;3;15;1;
1330;202100000885;200 165;B01;1;34;0;2;1;2;1;
1331;202100000886;200 162;B01;2;7;0;2;5;23;1;
1332;202100000886;200 163;A01;2;7;0;2;3;2;1;
1333;202100000887;200 160;B01;2;43;0;2;3;1;1;
1334;202100000887;200 161;A01;1;7;0;2;3;9;1;
1335;202100000888;200 158;A01;3;10;0;2;3;22;1;
1336;202100000888;200 159;B01;1;1;0;2;2;1;5;
1337;202100000891;200 152;A01;2;7;0;2;1;1;1;
1338;202100000891;200 153;B01;2;7;0;0;4;1;1;
1339;202100000892;200 151;A01;1;10;0;1;3;26;1;
1340;202100000893;200 149;B01;1;31;0;2;1;1;1;
1341;202100000893;200 150;A01;2;7;0;2;5;15;2;
1342;202100000894;200 147;A01;1;7;0;2;5;15;1;
1343;202100000894;200 148;B01;2;30;0;2;1;1;1;
1344;202100000896;200 143;B01;1;7;0;2;4;26;1;
1345;202100000896;200 144;A01;1;32;0;2;7;19;1;
1346;202100000897;200 142;B01;3;7;0;1;1;15;1;
1347;202100000898;200 140;B01;2;32;0;2;1;2;1;
1348;202100000898;200 141;A01;2;10;1;2;3;15;1;
1349;202100000899;200 139;A01;1;34;1;0;1;1;1;
1350;202100000900;200 137;A01;1;7;0;2;6;0;1;
1351;202100000900;200 138;B01;1;32;0;2;2;2;1;
1352;202100000901;200 135;B01;1;7;0;2;3;1;1;
1353;202100000901;200 136;A01;1;10;0;2;2;1;1;
1354;202100000902;200 134;A01;1;7;4;0;1;0;1;
1355;202100000903;200 133;A01;1;10;0;1;2;9;1;
1356;202100000904;200 131;A01;2;7;0;0;4;21;1;
1357;202100000904;200 132;B01;2;7;0;2;1;1;1;
1358;202100000905;200 129;A01;1;33;0;2;8;1;1;
1359;202100000905;200 130;B01;2;10;0;2;8;1;1;
1360;202100000906;200 127;A01;2;7;0;2;2;15;1;
1361;202100000906;200 128;B01;1;33;0;2;1;1;1;
1362;202100000907;200 125;A01;2;7;0;2;1;13;1;
1363;202100000907;200 126;B01;1;7;0;2;1;1;1;
1364;202100000908;200 123;A01;1;7;0;2;1;13;1;
1365;202100000908;200 124;B01;2;7;0;2;1;1;1;
1366;202100000910;200 117;B01;2;10;6;1;6;16;1;
1367;202100000910;200 118;A01;2;7;0;2;2;2;1;
1368;202100000912;200 112;B01;1;7;0;2;2;17;1;
1369;202100000912;200 113;A01;1;7;0;2;6;1;1;
1370;202100000913;200 111;A01;2;7;0;1;3;1;1;
1371;202100000914;200 109;B01;2;7;0;2;5;15;1;
1372;202100000914;200 110;A01;2;33;0;0;1;1;1;
1373;202100000915;200 108;A01;1;7;10;0;1;14;1;
1374;202100000917;200 106;A01;1;10;0;1;1;1;1;
1375;202100000918;200 105;A01;2;7;0;1;3;5;1;
1376;202100000919;200 104;A01;1;2;15;0;1;13;1;
1377;202100000920;200 102;B01;1;7;0;2;4;2;1;
1378;202100000920;200 103;A01;1;7;0;2;1;2;1;
1379;202100000921;200 100;A01;1;7;0;2;3;17;1;
1380;202100000921;200 101;B01;2;7;0;2;3;1;1;
1381;202100000923;200 097;A01;2;2;0;2;7;15;1;
1382;202100000923;200 098;B01;1;7;0;2;1;1;1;
1383;202100000924;200 096;A01;2;7;13;0;2;21;1;
1384;202100000925;200 095;A01;1;34;0;6;1;1;1;
1385;202100000926;200 093;B01;1;7;0;2;1;1;1;
1386;202100000926;200 094;A01;2;10;0;2;1;13;1;
1387;202100000927;200 092;A01;2;7;8;0;3;1;1;
1388;202100000929;200 088;A01;2;10;0;2;1;1;1;
1389;202100000929;200 089;B01;2;7;0;2;4;1;1;
1390;202100000929;200 090;C01;2;10;0;0;4;1;1;
1391;202100000930;200 086;B01;1;7;0;2;2;19;1;
1392;202100000930;200 087;A01;2;7;0;2;1;1;1;
1393;202100000931;200 085;B01;1;30;0;0;0;0;1;
1394;202100000932;200 084;A01;2;7;2;0;8;13;1;
1395;202100000933;200 082;B01;1;7;0;0;0;0;0;
1396;202100000933;200 083;A01;1;7;13;0;1;1;1;
1397;202100000934;200 079;B01;3;2;0;2;1;17;0;
1398;202100000934;200 080;A01;3;7;0;2;3;15;1;
1399;202100000935;200 078;A01;1;7;0;0;0;17;1;
1400;202100000936;200 076;A01;3;7;0;2;1;1;1;
1401;202100000936;200 077;B01;3;32;0;0;4;1;1;
1402;202100000937;200 075;A01;1;7;2;0;7;1;1;
1403;202100000938;200 073;A01;0;7;0;2;1;1;1;
1404;202100000938;200 074;B01;0;7;0;2;1;1;1;
1405;202100000939;200 071;A01;2;7;0;2;3;13;2;
1406;202100000939;200 072;B01;1;7;0;2;3;1;1;
1407;202100000940;200 069;A01;2;7;0;2;7;21;1;
1408;202100000940;200 070;B01;3;1;0;2;8;19;5;
1409;202100000941;200 067;B01;2;7;6;2;3;1;1;
1410;202100000941;200 068;A01;1;7;3;2;3;14;1;
1411;202100000942;200 066;A01;1;2;0;0;0;1;1;
1412;202100000943;200 065;A01;1;7;2;0;3;1;1;
1413;202100000944;200 064;A01;1;2;13;0;1;2;1;
1414;202100000945;200 062;B01;3;1;0;2;1;1;5;
1415;202100000945;200 063;A01;3;7;0;2;3;15;1;
1416;202100000946;200 059;A01;2;7;0;2;2;13;1;
1417;202100000946;200 060;B01;2;10;13;2;3;1;1;
1418;202100000946;200 061;C01;2;7;0;2;1;1;1;
1419;202100000947;200 058;A01;2;7;0;1;3;13;1;
1420;202100000949;200 056;A01;2;7;3;0;3;1;1;
1421;202100000950;200 052;B01;1;33;0;2;8;1;1;
1422;202100000950;200 053;A01;1;7;0;2;7;12;1;
1423;202100000950;200 054;U01;1;7;0;0;0;0;0;
1424;202100000950;200 055;T01;1;7;0;0;0;0;0;
1425;202100000951;200 051;A01;1;7;3;0;1;13;1;
1426;202100000952;200 050;A01;2;7;0;0;7;12;0;
1427;202100000953;200 048;A01;1;7;0;2;1;2;1;
1428;202100000953;200 049;B01;1;7;0;2;4;2;1;
1429;202100000954;200 045;A01;2;14;0;2;1;2;1;
1430;202100000954;200 046;B01;2;15;0;2;1;1;1;
1431;202100000954;200 047;C01;2;15;0;2;4;1;1;
1432;202100000955;200 042;C01;1;30;0;2;4;1;1;
1433;202100000955;200 043;B01;1;7;0;2;5;1;1;
1434;202100000955;200 044;A01;1;7;3;2;2;13;1;
1435;202100000956;200 041;A01;2;33;0;0;3;1;1;
1436;202100000957;200 040;A01;3;7;0;1;1;1;1;
1437;202100000958;200 038;B01;3;2;0;2;6;1;1;
1438;202100000958;200 039;A01;2;7;0;2;2;16;0;
1439;202100000959;200 036;A01;1;99;0;1;0;26;1;