;Num_Acc;id_vehicule;num_veh;senc;catv;obs;obsm;choc;manv;motor;occutc
1440;202100000960;200 035;A01;0;7;0;1;1;25;1;
1441;202100000961;200 034;A01;0;7;0;1;1;13;1;
1442;202100000962;200 033;A01;1;1;0;0;0;1;5;
1443;202100000963;200 032;A01;3;7;0;1;3;1;1;
1444;202100000964;200 030;B01;3;99;0;2;1;0;0;
1445;202100000964;200 031;A01;3;99;0;2;0;0;0;
1446;202100000965;200 029;A01;2;33;0;1;0;26;1;
1447;202100000966;200 027;A01;2;7;0;2;3;15;0;
1448;202100000966;200 028;B01;1;2;0;2;1;0;0;
1449;202100000967;200 026;A01;1;10;0;1;1;1;1;
1450;202100000968;200 024;B01;2;31;0;2;1;17;1;
1451;202100000968;200 025;A01;1;7;0;2;8;15;1;
1452;202100000969;200 023;A01;1;7;0;1;2;1;1;
1453;202100000970;200 021;B01;1;7;0;2;1;1;1;
1454;202100000970;200 022;A01;3;7;0;2;8;9;1;
1455;202100000972;200 019;A01;3;43;8;0;1;26;1;
1456;202100000973;200 018;A01;1;7;0;1;1;0;0;
1457;202100000974;200 016;A01;2;7;0;2;8;0;0;
1458;202100000974;200 017;B01;0;50;0;2;3;25;3;
1459;202100000975;200 015;A01;1;7;15;0;4;14;1;
1460;202100000976;200 014;A01;1;7;0;1;1;1;1;
1461;202100000977;200 008;B01;2;10;0;2;1;9;1;
1462;202100000977;200 009;A01;2;7;0;2;8;9;1;
1463;202100000979;200 005;B01;0;1;0;2;1;1;0;
1464;202100000979;200 006;A01;0;7;0;2;3;15;1;
1465;202100000980;200 004;A01;2;7;0;1;1;19;1;
1466;202100000981;200 002;C01;3;60;0;2;0;19;5;
1467;202100000981;200 003;B01;0;7;0;2;5;16;1;
1468;202100000982;200 000;A01;1;2;9;2;8;1;1;
1469;202100000982;200 001;B01;2;7;0;2;3;15;1;
1470;202100000983;199 998;A01;2;7;0;2;1;1;1;
1471;202100000983;199 999;B01;1;1;0;2;8;19;5;
1472;202100000984;199 996;B01;3;7;0;2;3;1;1;
1473;202100000984;199 997;A01;3;7;0;2;1;13;1;
1474;202100000986;199 991;A01;2;40;0;1;1;0;0;
1475;202100000987;199 989;B01;2;33;0;2;0;1;1;
1476;202100000987;199 990;A01;1;7;0;2;7;15;1;
1477;202100000989;199 987;A01;2;7;0;0;7;14;1;
1478;202100000990;199 986;A01;1;7;0;1;1;15;1;
1479;202100000991;199 985;A01;3;32;0;0;7;1;1;
1480;202100000992;199 984;A01;1;7;0;1;1;1;1;
1481;202100000993;199 983;A01;1;7;0;1;2;1;1;
1482;202100000994;199 982;A01;1;33;0;1;1;1;1;
1483;202100000995;199 981;A01;2;2;12;0;1;1;1;
1484;202100000996;199 979;B01;1;7;0;2;3;11;1;
1485;202100000996;199 980;A01;2;30;0;2;1;18;1;
1486;202100000997;199 978;A01;1;7;8;0;2;14;1;
1487;202100000998;199 977;A01;1;7;1;1;1;16;1;
1488;202100000999;199 975;B01;1;7;0;2;1;1;1;
1489;202100000999;199 976;A01;2;7;0;2;5;15;1;
1490;202100001001;199 973;A01;3;7;0;1;3;1;1;
1491;202100001002;199 972;A01;2;7;4;0;3;13;1;
1492;202100001003;199 971;A01;1;10;0;1;1;15;1;
1493;202100001004;199 969;B01;2;7;0;2;8;1;1;
1494;202100001004;199 970;A01;2;3;0;2;1;1;1;
1495;202100001005;199 967;B01;3;1;0;2;1;1;5;
1496;202100001005;199 968;A01;3;7;0;2;7;19;1;
1497;202100001007;199 963;B01;2;7;6;2;8;1;1;
1498;202100001007;199 964;A01;1;7;1;2;1;1;1;
1499;202100001010;199 960;A01;1;7;0;0;9;26;1;
1500;202100001012;199 956;A01;3;7;0;2;7;1;1;
1501;202100001012;199 957;B01;3;7;0;2;1;1;1;
1502;202100001013;199 954;B01;0;30;0;2;1;2;1;
1503;202100001013;199 955;A01;0;7;0;2;3;16;1;
1504;202100001014;199 952;B01;1;33;0;2;1;1;1;
1505;202100001014;199 953;A01;1;7;0;2;2;1;1;
1506;202100001016;199 948;A01;3;7;0;2;2;16;1;
1507;202100001016;199 949;B01;3;30;0;2;6;1;1;
1508;202100001017;199 946;B01;1;7;0;0;4;1;1;
1509;202100001017;199 947;A01;1;7;0;2;1;9;1;
1510;202100001018;199 945;A01;0;7;0;1;1;1;1;
1511;202100001019;199 943;A01;3;7;0;2;1;1;1;
1512;202100001019;199 944;B01;3;1;0;2;4;9;5;
1513;202100001020;199 942;A01;3;10;1;0;1;13;1;
1514;202100001021;199 939;C01;2;7;0;2;0;0;1;
1515;202100001021;199 940;A01;2;7;8;1;1;1;1;
1516;202100001021;199 941;B01;1;7;0;2;6;1;1;
1517;202100001022;199 937;B01;1;31;0;2;1;1;1;
1518;202100001022;199 938;A01;2;7;0;2;7;15;1;
1519;202100001023;199 935;A01;1;30;0;2;7;1;1;
1520;202100001023;199 936;Z01;1;7;0;2;0;19;0;
1521;202100001024;199 933;A01;2;7;0;2;7;16;1;
1522;202100001024;199 934;B01;2;50;0;2;1;1;3;
1523;202100001025;199 932;A01;2;7;0;1;1;1;1;
1524;202100001026;199 930;B01;2;10;0;2;3;1;1;
1525;202100001026;199 931;A01;1;7;0;2;1;15;1;
1526;202100001027;199 929;A01;2;30;16;0;-1;1;1;
1527;202100001028;199 928;A01;1;7;0;1;2;16;1;
1528;202100001029;199 926;B01;2;7;0;2;1;1;1;
1529;202100001029;199 927;A01;1;7;0;2;1;1;1;
1530;202100001031;199 924;A01;3;7;0;1;2;9;1;
1531;202100001032;199 921;A01;3;7;0;2;3;1;1;
1532;202100001032;199 922;B01;3;1;0;2;2;0;5;
1533;202100001033;199 920;A01;1;7;0;1;1;1;1;
1534;202100001035;199 917;A01;0;7;0;2;3;13;1;
1535;202100001035;199 918;B01;0;7;0;2;1;1;0;
1536;202100001036;199 915;A01;1;2;0;2;3;26;1;
1537;202100001036;199 916;B01;2;7;0;2;3;15;1;
1538;202100001037;199 914;A01;1;7;0;1;3;1;1;
1539;202100001038;199 908;A01;1;7;0;2;1;1;1;
1540;202100001038;199 909;B01;1;7;0;2;8;16;1;
1541;202100001039;199 906;A01;2;7;0;2;1;15;1;
1542;202100001039;199 907;B01;1;7;0;2;1;1;1;
1543;202100001040;199 905;Z01;0;2;0;1;0;21;1;
1544;202100001041;199 903;B01;3;32;0;2;1;17;1;
1545;202100001041;199 904;A01;3;10;0;2;1;2;1;
1546;202100001042;199 901;A01;1;7;0;2;2;15;1;
1547;202100001042;199 902;B01;2;7;0;2;2;1;1;
1548;202100001043;199 899;B01;3;7;0;2;4;23;0;
1549;202100001043;199 900;A01;1;32;0;2;1;1;0;
1550;202100001044;199 897;A01;1;7;0;2;2;16;1;
1551;202100001044;199 898;B01;1;31;0;2;1;1;1;
1552;202100001045;199 894;A01;3;7;0;2;1;1;1;
1553;202100001045;199 895;B01;3;7;0;2;1;1;1;
1554;202100001045;199 896;C01;3;7;0;2;4;1;1;
1555;202100001046;199 893;A01;3;7;8;0;1;1;1;
1556;202100001047;199 891;B01;2;10;0;2;8;1;0;
1557;202100001047;199 892;A01;1;7;0;2;1;1;0;
1558;202100001048;199 889;B01;2;7;0;2;1;0;1;
1559;202100001048;199 890;A01;1;1;0;2;7;15;5;
1560;202100001051;199 880;A01;1;7;0;2;6;2;1;
1561;202100001051;199 881;B01;1;30;0;2;1;2;1;
1562;202100001052;199 878;B01;1;43;0;2;1;1;1;
1563;202100001052;199 879;A01;2;7;0;2;2;15;2;
1564;202100001053;199 877;A01;1;30;0;0;0;1;1;
1565;202100001054;199 875;A01;1;7;0;2;3;22;1;
1566;202100001054;199 876;B01;1;50;0;2;1;1;3;
1567;202100001055;199 874;A01;1;10;0;1;2;16;1;
1568;202100001056;199 873;A01;2;10;0;1;7;1;1;
1569;202100001057;199 871;B01;2;7;0;2;1;15;1;
1570;202100001057;199 872;A01;1;80;0;2;2;1;3;
1571;202100001058;199 870;A01;1;30;0;1;1;1;3;
1572;202100001059;199 868;A01;1;50;0;2;8;1;3;
1573;202100001059;199 869;B01;2;30;0;2;1;1;1;
1574;202100001060;199 867;A01;3;32;0;0;1;21;1;
1575;202100001061;199 866;A01;1;30;1;0;5;13;1;
1576;202100001062;199 865;A01;2;10;0;1;2;16;1;
1577;202100001063;199 863;A01;2;7;0;2;2;1;1;
1578;202100001063;199 864;B01;1;1;0;2;7;1;5;
1579;202100001064;199 861;A01;1;7;0;2;5;1;2;
1580;202100001064;199 862;B01;2;10;0;2;1;1;1;
1581;202100001065;199 860;A01;1;30;0;0;0;21;1;
1582;202100001067;199 853;A01;1;30;0;1;1;2;1;
1583;202100001068;199 852;A01;2;7;0;1;3;1;1;
1584;202100001069;199 851;A01;2;7;0;1;5;19;1;
1585;202100001070;199 849;B01;1;7;0;2;3;21;1;
1586;202100001070;199 850;A01;2;7;12;2;3;26;1;
1587;202100001071;199 848;A01;3;7;9;1;2;15;1;
1588;202100001072;199 847;A01;0;7;0;1;1;9;1;
1589;202100001073;199 845;B01;1;30;0;2;5;26;1;
1590;202100001073;199 846;A01;1;3;0;2;2;1;1;
1591;202100001074;199 844;A01;1;7;0;1;1;1;1;
1592;202100001075;199 841;A01;2;10;0;2;1;15;1;
1593;202100001075;199 842;B01;1;7;0;2;1;1;1;
1594;202100001076;199 839;A01;2;7;14;0;4;2;1;
1595;202100001076;199 840;B01;2;7;14;0;1;2;1;
1596;202100001077;199 836;B01;1;7;0;0;4;0;1;
1597;202100001077;199 837;C01;1;7;0;0;5;2;1;
1598;202100001077;199 838;A01;1;7;0;2;1;2;1;
1599;202100001078;199 834;B01;1;7;0;2;1;1;2;
1600;202100001078;199 835;A01;2;7;0;2;2;2;1;
1601;202100001079;199 832;B01;2;7;0;2;7;10;1;
1602;202100001079;199 833;A01;1;32;0;2;1;1;1;
1603;202100001080;199 831;A01;0;7;0;1;1;2;1;
1604;202100001081;199 830;A01;3;10;0;1;5;1;0;
1605;202100001083;199 828;A01;-1;34;0;1;1;1;1;
1606;202100001084;199 826;A01;3;99;0;2;7;2;3;
1607;202100001084;199 827;B01;3;7;0;2;0;1;0;
1608;202100001085;199 825;A01;1;7;1;0;1;13;2;
1609;202100001086;199 823;B01;2;7;0;2;2;15;2;
1610;202100001086;199 824;A01;1;7;0;2;2;1;1;
1611;202100001087;199 821;B01;2;30;1;0;1;1;1;
1612;202100001087;199 822;A01;2;7;0;2;8;24;1;
1613;202100001088;199 819;B01;1;7;0;2;5;23;1;
1614;202100001088;199 820;A01;1;7;0;2;1;1;1;
1615;202100001089;199 817;A01;1;7;9;2;3;16;1;
1616;202100001089;199 818;B01;1;7;0;2;2;1;1;
1617;202100001090;199 815;A01;0;2;0;2;5;1;1;
1618;202100001090;199 816;B01;0;7;0;2;5;23;1;
1619;202100001091;199 814;A01;1;30;0;0;8;16;1;
1620;202100001092;199 813;A01;2;7;0;1;4;26;1;
1621;202100001095;199 809;B01;1;7;0;2;3;1;1;
1622;202100001095;199 810;A01;2;7;0;2;3;13;1;
1623;202100001096;199 807;A01;1;7;0;2;1;13;1;
1624;202100001096;199 808;B01;2;7;0;2;1;1;1;
1625;202100001097;199 804;A01;2;7;16;0;2;1;1;
1626;202100001097;199 805;B01;2;7;4;2;3;2;1;
1627;202100001097;199 806;C01;2;7;0;2;1;2;1;
1628;202100001098;199 803;A01;1;7;13;0;1;1;1;
1629;202100001099;199 802;A01;2;7;13;0;1;1;1;
1630;202100001100;199 801;A01;0;1;0;0;1;21;5;
1631;202100001101;199 799;B01;1;7;0;2;8;15;1;
1632;202100001101;199 800;A01;1;7;2;2;1;17;1;
1633;202100001102;199 798;A01;1;7;0;0;0;1;1;
1634;202100001103;199 797;A01;1;7;2;0;3;1;1;
1635;202100001104;199 796;A01;1;2;6;0;3;1;1;
1636;202100001105;199 794;A01;1;7;0;2;1;9;1;
1637;202100001105;199 795;B01;1;14;0;2;7;1;1;
1638;202100001107;199 791;A01;1;1;6;0;1;1;5;
1639;202100001108;199 789;A01;0;10;0;2;6;15;1;
1640;202100001108;199 790;B01;3;2;0;2;1;1;1;
1641;202100001109;199 785;B01;2;7;0;2;1;1;1;
1642;202100001109;199 786;A01;1;7;0;2;7;1;1;
1643;202100001110;199 784;A01;1;33;0;0;2;2;1;
1644;202100001111;199 782;B01;1;7;0;2;1;1;1;
1645;202100001111;199 783;A01;1;7;3;2;1;11;1;
1646;202100001112;199 780;A01;1;7;0;2;1;2;1;
1647;202100001112;199 781;B01;1;15;0;2;4;2;1;
1648;202100001113;199 778;B01;2;7;0;9;1;11;1;
1649;202100001113;199 779;A01;2;7;3;0;3;2;1;
1650;202100001114;199 776;B01;2;7;0;2;3;13;1;
1651;202100001114;199 777;A01;1;15;0;2;3;1;1;
1652;202100001115;199 774;B01;0;14;0;2;2;1;1;
1653;202100001115;199 775;A01;3;7;0;2;7;1;1;
1654;202100001116;199 772;A01;1;15;0;2;2;1;1;
1655;202100001116;199 773;B01;1;7;4;0;8;1;1;
1656;202100001119;199 767;A01;1;7;0;2;7;11;1;
1657;202100001119;199 768;B01;2;33;0;2;1;1;1;
1658;202100001120;199 766;A01;2;7;13;0;3;0;1;
1659;202100001121;199 765;A01;1;7;0;1;3;1;2;
1660;202100001122;199 763;B01;2;1;0;0;4;1;5;
1661;202100001122;199 764;A01;2;1;0;2;1;1;5;
1662;202100001123;199 762;A01;1;7;0;1;1;15;1;
1663;202100001124;199 761;A01;1;7;6;0;8;1;1;
1664;202100001125;199 759;B01;2;7;0;0;1;0;1;
1665;202100001125;199 760;A01;1;7;8;0;5;0;1;
1666;202100001126;199 758;A01;1;7;2;0;1;1;1;
1667;202100001127;199 757;A01;2;7;0;2;1;12;1;
1668;202100001128;199 755;B01;2;7;0;2;2;2;1;
1669;202100001128;199 756;A01;2;7;0;2;4;2;1;
1670;202100001129;199 753;B01;2;7;0;2;4;1;1;
1671;202100001129;199 754;A01;2;7;0;2;1;1;1;
1672;202100001130;199 751;A01;2;7;0;2;1;2;1;
1673;202100001130;199 752;B01;2;7;0;2;4;2;1;
1674;202100001131;199 750;A01;2;7;4;0;1;14;1;
1675;202100001132;199 747;C01;2;7;0;2;4;23;1;
1676;202100001132;199 748;B01;2;7;0;2;4;23;1;
1677;202100001132;199 749;A01;2;7;0;2;1;2;1;
1678;202100001133;199 745;A01;1;15;0;2;1;2;1;
1679;202100001133;199 746;B01;1;33;0;2;6;2;1;
1680;202100001134;199 741;A01;1;7;0;2;1;2;1;
1681;202100001134;199 742;B01;1;7;0;2;1;2;1;
1682;202100001134;199 743;C01;1;7;0;2;2;2;1;
1683;202100001134;199 744;D01;1;7;0;2;1;2;1;
1684;202100001135;199 739;A01;2;15;3;2;3;13;1;
1685;202100001135;199 740;B01;2;7;0;2;2;1;1;
1686;202100001136;199 738;A01;1;7;4;0;3;16;1;
1687;202100001137;199 737;A01;2;7;0;9;1;1;1;
1688;202100001138;199 736;A01;0;7;0;0;0;26;1;
1689;202100001139;199 735;A01;1;7;4;0;1;1;1;
1690;202100001141;199 732;A01;1;7;3;0;1;1;1;
1691;202100001142;199 731;A01;1;33;0;0;1;1;1;
1692;202100001143;199 729;B01;1;7;0;2;3;11;1;
1693;202100001143;199 730;A01;1;7;0;2;2;1;1;
1694;202100001144;199 728;A01;2;7;4;0;1;1;1;
1695;202100001146;199 724;A01;2;43;0;2;1;3;1;
1696;202100001146;199 725;B01;2;7;0;2;5;12;1;
1697;202100001147;199 722;A01;1;7;3;2;3;1;1;
1698;202100001147;199 723;B01;1;7;16;2;7;1;0;
1699;202100001148;199 721;A01;1;7;2;0;1;26;1;
1700;202100001149;199 719;A01;1;10;0;9;5;2;1;
1701;202100001149;199 720;B01;1;2;0;2;1;2;1;
1702;202100001151;199 715;B01;3;33;0;2;8;17;1;
1703;202100001151;199 716;A01;0;7;0;2;3;1;1;
1704;202100001152;199 713;B01;1;2;0;2;8;1;1;
1705;202100001152;199 714;A01;2;7;0;2;0;15;1;
1706;202100001153;199 711;A01;2;7;15;2;1;1;1;
1707;202100001153;199 712;B01;2;7;6;2;7;1;1;
1708;202100001154;199 709;B01;1;10;0;2;6;15;1;
1709;202100001154;199 710;A01;1;7;0;2;1;13;1;
1710;202100001155;199 707;A01;1;30;0;2;4;2;1;
1711;202100001155;199 708;Z01;1;2;0;0;0;0;0;
1712;202100001156;199 705;A01;1;7;0;2;7;16;1;
1713;202100001156;199 706;B01;1;31;0;2;3;1;1;
1714;202100001158;199 702;A01;1;7;14;0;7;17;1;
1715;202100001159;199 701;A01;3;7;8;0;0;14;1;
1716;202100001160;199 700;A01;1;32;0;0;8;1;3;
1717;202100001161;199 699;A01;1;7;0;1;1;15;1;
1718;202100001162;199 697;A01;2;7;0;2;1;9;1;
1719;202100001162;199 698;B01;1;7;0;2;3;0;1;
1720;202100001163;199 696;A01;2;7;0;1;2;0;1;
1721;202100001164;199 694;B01;1;7;0;2;1;2;0;
1722;202100001164;199 695;A01;1;7;0;2;1;0;0;
1723;202100001165;199 692;B01;1;1;0;2;7;1;5;
1724;202100001165;199 693;A01;1;7;0;2;1;9;1;
1725;202100001166;199 687;B01;0;7;0;2;1;1;2;
1726;202100001166;199 688;A01;0;7;0;2;1;13;1;
1727;202100001167;199 686;A01;2;1;0;1;1;1;5;
1728;202100001168;199 685;A01;3;37;0;1;2;16;1;1.0
1729;202100001169;199 683;A01;0;32;0;2;1;0;1;
1730;202100001169;199 684;B01;0;20;0;2;1;15;1;
1731;202100001170;199 682;A01;0;30;0;0;0;9;1;
1732;202100001171;199 680;B01;2;7;0;2;1;1;1;
1733;202100001171;199 681;A01;1;7;0;2;0;0;1;
1734;202100001173;199 677;A01;2;7;0;1;1;1;1;
1735;202100001175;199 673;A01;1;7;0;2;2;1;1;
1736;202100001175;199 674;B01;2;7;0;2;8;1;1;
1737;202100001176;199 672;A01;1;7;0;1;3;1;1;
1738;202100001177;199 670;B01;2;7;0;2;3;1;1;
1739;202100001177;199 671;A01;1;7;0;2;2;1;1;
1740;202100001178;199 668;B01;1;7;0;2;3;1;1;
1741;202100001178;199 669;A01;2;1;0;2;1;9;5;
1742;202100001179;199 667;A01;1;2;0;0;7;1;1;
1743;202100001180;199 665;A01;2;7;0;2;2;13;1;
1744;202100001180;199 666;B01;1;14;0;2;2;21;1;
1745;202100001181;199 663;B01;1;1;0;2;8;1;5;
1746;202100001181;199 664;A01;1;7;0;2;2;14;1;
1747;202100001182;199 661;A01;1;7;0;1;2;26;1;
1748;202100001183;199 658;A01;1;7;2;0;1;21;1;
1749;202100001184;199 656;B01;2;3;0;2;3;9;1;
1750;202100001184;199 657;A01;2;7;0;2;1;7;1;
1751;202100001185;199 654;A01;1;7;0;2;7;15;1;
1752;202100001185;199 655;B01;1;10;0;2;2;1;1;
1753;202100001186;199 652;B01;1;7;0;2;1;1;1;
1754;202100001186;199 653;A01;1;7;0;2;3;10;1;
1755;202100001187;199 650;B01;1;10;0;2;2;26;1;
1756;202100001187;199 651;A01;1;7;0;2;7;26;1;
1757;202100001188;199 648;A01;1;7;0;2;8;15;1;
1758;202100001188;199 649;B01;2;33;0;2;1;1;1;
1759;202100001189;199 646;B01;2;7;0;2;1;1;1;
1760;202100001189;199 647;A01;2;7;0;2;7;15;1;
1761;202100001190;199 645;A01;2;7;1;0;1;1;1;
1762;202100001191;199 644;A01;-1;33;0;0;0;1;1;
1763;202100001192;199 643;A01;1;30;0;0;0;2;1;
1764;202100001193;199 640;A01;1;7;0;2;2;1;1;
1765;202100001193;199 641;B01;1;7;0;2;0;0;1;
1766;202100001193;199 642;C01;1;7;0;2;6;1;1;
1767;202100001194;199 639;A01;1;30;12;0;1;26;1;
1768;202100001195;199 636;A01;2;7;0;2;1;13;1;
1769;202100001195;199 637;B01;1;7;0;2;3;1;3;
1770;202100001195;199 638;C01;2;7;0;9;1;1;1;
1771;202100001196;199 634;B01;1;7;3;2;4;1;1;
1772;202100001196;199 635;A01;1;7;0;2;1;9;1;
1773;202100001197;199 631;B01;1;10;0;2;3;1;-1;
1774;202100001197;199 632;C01;2;7;0;2;1;1;-1;
1775;202100001197;199 633;A01;1;10;0;2;1;17;-1;
1776;202100001198;199 629;B01;1;7;0;2;1;23;1;
1777;202100001198;199 630;A01;2;7;0;2;1;5;1;
1778;202100001199;199 627;A01;3;7;0;1;2;1;1;
1779;202100001199;199 628;B01;3;7;4;1;3;1;1;
1780;202100001200;199 625;A01;1;10;0;2;3;19;1;
1781;202100001200;199 626;B01;2;33;0;2;1;1;1;
1782;202100001201;199 624;A01;3;33;0;0;1;26;1;
1783;202100001202;199 623;A01;1;2;0;0;7;1;1;
1784;202100001203;199 622;A01;2;7;0;1;2;21;1;
1785;202100001204;199 620;A01;1;7;0;2;8;9;1;
1786;202100001204;199 621;B01;2;50;0;2;1;1;3;
1787;202100001205;199 618;A01;2;50;0;2;1;2;3;
1788;202100001205;199 619;B01;2;7;0;2;6;2;1;
1789;202100001206;199 615;C01;1;7;0;2;6;16;1;
1790;202100001206;199 616;B01;1;33;0;2;2;18;1;
1791;202100001206;199 617;A01;2;7;0;2;2;16;1;
1792;202100001207;199 613;B01;3;30;0;2;2;15;1;
1793;202100001207;199 614;A01;2;7;0;2;8;1;1;
1794;202100001208;199 611;B01;1;30;0;2;2;2;1;
1795;202100001208;199 612;A01;1;7;0;2;3;20;1;
1796;202100001209;199 610;A01;1;7;11;0;1;13;1;
1797;202100001210;199 608;B01;2;30;0;2;3;1;1;
1798;202100001210;199 609;A01;2;7;0;2;2;22;1;
1799;202100001211;199 606;B01;2;7;0;2;6;15;6;
1800;202100001211;199 607;A01;2;50;0;2;1;1;3;
1801;202100001212;199 605;A01;1;2;0;0;0;21;3;
1802;202100001213;199 603;Z01;1;7;0;9;1;15;0;
1803;202100001213;199 604;B01;2;1;0;2;1;19;5;
1804;202100001214;199 602;A01;2;7;4;0;1;1;1;
1805;202100001216;199 598;B01;1;13;0;2;3;1;1;
1806;202100001216;199 599;A01;1;7;0;2;7;16;1;
1807;202100001217;199 596;A01;1;7;0;2;1;2;1;
1808;202100001217;199 597;B01;1;31;0;2;4;1;1;
1809;202100001218;199 594;B01;2;2;0;2;1;1;1;
1810;202100001218;199 595;A01;1;7;0;2;2;15;1;
1811;202100001220;199 590;A01;1;7;0;2;1;1;1;
1812;202100001220;199 591;B01;1;13;0;2;4;23;1;
1813;202100001221;199 588;B01;1;7;0;2;8;15;1;
1814;202100001221;199 589;A01;1;7;0;2;1;1;1;
1815;202100001222;199 586;Z01;1;7;0;2;7;16;0;
1816;202100001222;199 587;A01;1;32;0;2;1;1;1;
1817;202100001224;199 582;A01;1;15;0;1;0;9;1;
1818;202100001225;199 580;B01;2;7;0;0;3;1;1;
1819;202100001225;199 581;A01;1;7;0;0;3;13;1;
1820;202100001226;199 578;A01;1;33;0;2;1;13;1;
1821;202100001226;199 579;B01;2;7;0;2;1;1;1;
1822;202100001227;199 577;A01;1;7;2;0;1;1;1;
1823;202100001228;199 575;B01;1;7;0;2;2;17;1;
1824;202100001228;199 576;A01;1;15;0;2;6;13;1;
1825;202100001229;199 573;B01;1;15;0;2;3;1;1;
1826;202100001229;199 574;A01;1;7;13;2;5;12;1;
1827;202100001230;199 571;A01;0;7;0;0;8;19;1;
1828;202100001230;199 572;B01;0;7;0;2;1;1;1;
1829;202100001232;199 568;A01;2;7;0;2;3;15;1;
1830;202100001232;199 569;B01;1;2;0;2;1;1;1;
1831;202100001233;199 567;A01;1;10;6;0;2;1;1;
1832;202100001234;199 565;B01;3;7;0;0;3;15;1;
1833;202100001234;199 566;A01;1;2;0;2;1;1;1;
1834;202100001235;199 564;A01;2;7;0;1;2;1;1;
1835;202100001236;199 562;B01;1;7;0;2;1;15;1;
1836;202100001236;199 563;A01;2;10;0;2;3;15;1;
1837;202100001238;199 559;A01;1;15;0;0;6;2;1;
1838;202100001238;199 560;B01;1;7;3;2;2;2;1;
1839;202100001239;199 557;A01;2;7;0;6;3;1;1;
1840;202100001239;199 558;B01;2;7;0;2;1;1;1;
1841;202100001240;199 552;A01;1;7;0;2;1;1;1;
1842;202100001240;199 553;B01;2;7;0;2;1;13;1;
1843;202100001241;199 550;A01;1;7;0;9;3;15;1;
1844;202100001241;199 551;B01;1;1;0;2;2;1;5;
1845;202100001242;199 548;A01;1;7;0;2;7;1;1;
1846;202100001242;199 549;B01;2;1;0;2;1;19;5;
1847;202100001243;199 544;A01;0;7;0;2;3;5;1;
1848;202100001243;199 545;B01;0;7;0;2;3;1;1;
1849;202100001244;199 542;B01;3;7;0;1;2;1;1;
1850;202100001244;199 543;A01;3;7;16;0;2;1;0;
1851;202100001245;199 540;B01;2;15;0;2;1;1;1;
1852;202100001245;199 541;A01;1;7;0;2;1;13;1;
1853;202100001246;199 535;A01;2;10;0;2;1;13;1;
1854;202100001246;199 536;B01;2;21;0;2;6;1;1;
1855;202100001246;199 537;C01;2;7;0;2;1;1;1;
1856;202100001246;199 538;D01;1;7;0;2;1;1;1;
1857;202100001246;199 539;E01;1;7;0;2;1;1;1;
1858;202100001247;199 531;A01;1;7;13;0;1;1;1;
1859;202100001248;199 529;B01;1;7;0;2;4;1;1;
1860;202100001248;199 530;A01;1;7;0;2;1;2;1;
1861;202100001249;199 528;A01;1;7;4;0;1;13;0;
1862;202100001250;199 526;A01;2;7;0;2;2;0;1;
1863;202100001250;199 527;B01;2;10;0;2;6;26;1;
1864;202100001251;199 524;B01;1;7;1;0;4;23;1;
1865;202100001251;199 525;A01;1;10;1;0;1;2;1;
1866;202100001254;199 521;A01;1;33;0;0;1;0;1;
1867;202100001255;199 520;A01;2;7;0;0;1;1;1;
1868;202100001256;199 519;A01;1;7;6;0;3;0;1;
1869;202100001257;199 518;A01;3;7;4;0;2;0;1;
1870;202100001258;199 517;A01;2;7;0;0;1;1;1;
1871;202100001259;199 516;A01;1;7;0;2;1;16;1;
1872;202100001260;199 515;A01;2;10;0;2;1;13;1;
1873;202100001262;199 510;A01;1;17;0;2;1;2;1;
1874;202100001262;199 511;B01;1;7;0;2;4;2;1;
1875;202100001262;199 512;C01;1;7;0;2;4;2;1;
1876;202100001263;199 504;F01;2;7;0;2;1;1;1;
1877;202100001263;199 505;E01;2;7;0;2;4;1;0;
1878;202100001263;199 506;D01;2;7;0;2;4;1;0;
1879;202100001263;199 507;C01;2;7;0;2;4;1;2;
1880;202100001263;199 508;A01;2;7;0;2;4;1;2;
1881;202100001263;199 509;B01;2;7;0;2;4;2;1;
1882;202100001264;199 502;A01;1;10;0;2;8;21;1;
1883;202100001264;199 503;B01;1;7;0;2;1;1;1;
1884;202100001265;199 500;A01;1;7;3;2;1;1;1;
1885;202100001265;199 501;B01;1;7;0;2;3;1;0;
1886;202100001266;199 498;A01;1;7;0;2;7;1;1;
1887;202100001266;199 499;B01;0;7;0;2;1;1;2;
1888;202100001267;199 494;A01;3;7;0;2;5;9;1;
1889;202100001267;199 495;B01;3;7;0;2;4;0;2;
1890;202100001267;199 496;C01;3;7;0;2;4;0;1;
1891;202100001267;199 497;D01;3;7;0;9;0;0;1;
1892;202100001268;199 493;A01;3;7;0;0;2;26;1;
1893;202100001269;199 492;A01;3;2;0;1;1;1;1;
1894;202100001270;199 491;A01;3;0;0;2;0;0;0;
1895;202100001271;199 489;A01;3;7;0;2;5;1;1;
1896;202100001271;199 490;B01;3;2;0;2;1;2;1;
1897;202100001272;199 487;B01;1;7;0;2;1;1;1;
1898;202100001272;199 488;A01;1;7;0;2;3;19;1;
1899;202100001273;199 485;A01;3;7;0;2;4;23;1;
1900;202100001273;199 486;B01;3;7;0;2;1;2;1;
1901;202100001274;199 484;A01;3;7;0;0;0;13;1;
1902;202100001275;199 482;A01;1;7;0;2;1;13;1;
1903;202100001275;199 483;B01;2;7;0;2;1;21;1;
1904;202100001276;199 479;C01;2;7;0;2;4;23;1;
1905;202100001276;199 480;B01;2;7;0;2;4;23;1;
1906;202100001276;199 481;A01;2;7;0;2;1;1;1;
1907;202100001277;199 477;A01;0;7;0;2;2;15;1;
1908;202100001277;199 478;B01;0;33;0;2;1;1;1;
1909;202100001278;199 475;A01;2;7;0;2;3;19;1;
1910;202100001278;199 476;B01;1;2;0;2;1;1;1;
1911;202100001279;199 473;A01;3;7;0;2;2;10;1;
1912;202100001279;199 474;B01;3;2;0;2;9;1;1;