;Num_Acc;id_vehicule;num_veh;senc;catv;obs;obsm;choc;manv;motor;occutc
1913;202100001280;199 471;A01;1;1;0;2;7;9;5;
1914;202100001280;199 472;B01;1;7;0;2;3;16;1;
1915;202100001281;199 470;A01;1;99;0;1;2;16;6;
1916;202100001282;199 469;A01;1;31;6;0;1;1;1;
1917;202100001283;199 468;A01;2;7;0;1;1;1;1;
1918;202100001284;199 466;A01;1;7;0;2;7;26;1;
1919;202100001284;199 467;B01;1;30;0;2;1;26;1;
1920;202100001285;199 465;A01;1;7;13;0;7;1;1;
1921;202100001286;199 464;A01;1;7;8;0;1;19;1;
1922;202100001287;199 462;A01;1;7;0;2;8;1;1;
1923;202100001287;199 463;B01;1;30;0;2;7;17;3;
1924;202100001288;199 460;B01;2;7;0;2;1;1;1;
1925;202100001288;199 461;A01;2;7;0;2;1;1;1;
1926;202100001289;199 459;A01;0;7;0;4;1;26;1;
1927;202100001290;199 458;A01;1;7;8;0;1;26;0;
1928;202100001291;199 457;A01;1;7;14;0;1;9;1;
1929;202100001292;199 455;B01;2;7;0;2;5;23;2;
1930;202100001292;199 456;A01;2;32;0;2;1;1;1;
1931;202100001293;199 453;B01;2;7;0;2;6;1;1;
1932;202100001293;199 454;A01;2;1;0;2;1;1;5;
1933;202100001294;199 451;B01;2;43;0;2;1;1;1;
1934;202100001294;199 452;A01;2;7;0;2;4;10;1;
1935;202100001295;199 449;A01;2;30;0;2;4;10;1;
1936;202100001295;199 450;B01;2;7;0;2;3;1;1;
1937;202100001296;199 448;A01;2;30;14;0;1;1;1;
1938;202100001297;199 446;B01;2;30;0;2;1;1;1;
1939;202100001297;199 447;A01;2;7;0;2;4;23;1;
1940;202100001299;199 443;A01;3;10;1;0;1;1;1;
1941;202100001300;199 441;A01;3;2;0;2;1;2;1;
1942;202100001300;199 442;B01;3;13;0;2;5;2;1;
1943;202100001301;199 439;A01;1;7;0;2;4;2;1;
1944;202100001301;199 440;B01;1;7;0;2;1;0;0;
1945;202100001302;199 438;A01;2;7;4;0;1;13;1;
1946;202100001303;199 436;B01;2;2;0;2;3;16;0;
1947;202100001303;199 437;A01;2;7;0;2;5;16;1;
1948;202100001304;199 432;C01;1;17;0;0;4;24;1;
1949;202100001304;199 433;D01;1;7;14;0;3;2;1;
1950;202100001304;199 434;B01;1;7;1;2;1;1;1;
1951;202100001304;199 435;A01;1;7;4;0;1;0;1;
1952;202100001305;199 430;A01;0;2;0;2;1;1;1;
1953;202100001305;199 431;B01;0;7;0;2;1;15;1;
1954;202100001306;199 429;A01;1;7;10;0;8;13;1;
1955;202100001307;199 428;A01;1;10;0;1;2;1;1;
1956;202100001308;199 426;A01;3;7;0;2;6;19;1;
1957;202100001308;199 427;B01;1;33;0;2;1;1;1;
1958;202100001309;199 423;A01;2;10;0;2;8;11;1;
1959;202100001309;199 424;B01;2;7;0;2;7;1;1;
1960;202100001309;199 425;C01;1;7;0;9;2;2;1;
1961;202100001310;199 421;A01;1;7;3;2;1;2;1;
1962;202100001310;199 422;B01;1;17;0;2;5;2;1;
1963;202100001311;199 416;A01;1;10;0;2;1;1;1;
1964;202100001311;199 417;B01;1;7;0;2;3;16;0;
1965;202100001311;199 418;C01;2;7;0;2;3;1;1;
1966;202100001312;199 412;D01;1;7;0;2;1;1;1;
1967;202100001312;199 413;C01;1;7;0;2;3;1;1;
1968;202100001312;199 414;B01;1;10;0;2;6;21;1;
1969;202100001312;199 415;A01;2;7;0;2;3;13;1;
1970;202100001313;199 410;B01;2;7;0;2;1;1;1;
1971;202100001313;199 411;A01;1;17;0;2;8;15;1;
1972;202100001314;199 408;B01;2;10;0;2;1;1;1;
1973;202100001314;199 409;A01;1;7;0;2;6;13;1;
1974;202100001315;199 407;A01;1;7;2;0;9;1;1;
1975;202100001316;199 406;A01;2;7;2;0;7;1;1;
1976;202100001317;199 405;A01;1;7;2;0;8;1;1;
1977;202100001319;199 403;A01;2;7;0;1;3;1;1;
1978;202100001320;199 402;A01;2;7;6;0;1;1;3;
1979;202100001321;199 400;A01;2;7;0;2;1;1;1;
1980;202100001321;199 401;B01;2;20;0;0;4;1;1;
1981;202100001322;199 398;A01;1;2;0;2;1;1;1;
1982;202100001322;199 399;B01;1;7;0;2;5;15;1;
1983;202100001323;199 397;A01;2;7;13;0;1;1;1;
1984;202100001324;199 395;A01;1;7;0;2;1;17;1;
1985;202100001324;199 396;B01;2;7;0;2;1;21;1;
1986;202100001325;199 390;B01;2;7;0;2;1;1;1;
1987;202100001325;199 391;A01;1;7;0;2;1;13;1;
1988;202100001326;199 388;B01;2;7;0;0;3;1;1;
1989;202100001326;199 389;A01;2;7;0;2;9;14;1;
1990;202100001327;199 387;A01;1;7;0;1;3;1;0;
1991;202100001328;199 385;B01;1;17;0;2;5;2;1;
1992;202100001328;199 386;A01;1;7;0;2;3;14;1;
1993;202100001329;199 383;B01;1;7;3;2;1;1;1;
1994;202100001329;199 384;A01;1;7;3;2;2;14;1;
1995;202100001330;199 381;A01;1;1;0;2;3;0;5;
1996;202100001330;199 382;B01;1;10;0;2;2;0;1;
1997;202100001332;199 377;A01;3;2;0;2;1;13;1;
1998;202100001332;199 378;B01;3;36;0;2;1;1;1;
1999;202100001333;199 375;A01;3;33;0;2;7;1;1;
2000;202100001333;199 376;B01;3;7;0;2;1;19;1;
2001;202100001335;199 373;A01;3;7;6;0;1;1;1;
2002;202100001336;199 371;A01;1;7;0;2;1;1;1;
2003;202100001336;199 372;B01;2;14;13;2;1;1;1;
2004;202100001337;199 369;B01;0;7;0;2;2;1;1;
2005;202100001337;199 370;A01;0;7;0;2;1;15;1;
2006;202100001338;199 368;A01;1;7;7;0;2;1;1;
2007;202100001339;199 367;A01;1;7;0;1;8;1;1;
2008;202100001340;199 365;B01;1;7;0;2;3;21;1;
2009;202100001340;199 366;A01;1;7;0;2;3;13;1;
2010;202100001341;199 362;B01;2;7;0;2;1;0;1;
2011;202100001341;199 363;A01;2;7;0;2;4;0;1;
2012;202100001341;199 364;C01;2;7;0;2;1;0;1;
2013;202100001342;199 360;A01;1;7;0;2;1;0;1;
2014;202100001342;199 361;B01;1;7;0;2;4;0;1;
2015;202100001343;199 359;B01;1;7;0;1;2;1;1;
2016;202100001344;199 356;A01;1;7;0;2;1;2;1;
2017;202100001344;199 357;B01;1;10;0;2;4;2;1;
2018;202100001344;199 358;C01;1;7;0;2;4;2;1;
2019;202100001345;199 354;A01;1;7;0;2;2;2;1;
2020;202100001345;199 355;B01;1;7;0;2;2;2;1;
2021;202100001348;199 348;A01;1;7;4;0;1;2;1;
2022;202100001349;199 347;A01;2;7;3;0;7;13;1;
2023;202100001351;199 344;A01;2;7;4;2;1;1;1;
2024;202100001351;199 345;B01;2;7;4;2;4;2;1;
2025;202100001352;199 343;A01;1;7;4;0;1;1;1;
2026;202100001353;199 342;A01;1;7;4;0;1;1;1;
2027;202100001354;199 340;A01;2;7;0;2;1;2;1;
2028;202100001354;199 341;B01;2;7;0;2;4;2;1;
2029;202100001355;199 339;A01;2;7;3;0;1;1;1;
2030;202100001356;199 338;A01;2;7;4;0;2;14;1;
2031;202100001357;199 337;A01;1;7;4;0;1;2;1;
2032;202100001358;199 335;A01;2;7;4;2;3;1;1;
2033;202100001358;199 336;B01;2;17;0;2;8;1;1;
2034;202100001359;199 334;A01;1;7;3;5;3;21;1;
2035;202100001360;199 332;A01;1;2;0;2;4;2;0;
2036;202100001360;199 333;B01;1;7;0;2;4;2;1;
2037;202100001361;199 330;B01;1;7;0;2;2;2;1;
2038;202100001361;199 331;A01;1;7;0;2;6;2;1;
2039;202100001363;199 328;A01;3;2;12;0;1;1;1;
2040;202100001365;199 325;A01;0;7;9;0;1;1;1;
2041;202100001366;199 323;Y01;1;1;0;2;3;1;5;
2042;202100001366;199 324;A01;1;7;0;9;3;15;1;
2043;202100001367;199 321;B01;1;7;9;2;2;1;1;
2044;202100001367;199 322;A01;1;7;0;2;3;19;1;
2045;202100001368;199 320;A01;1;7;2;0;7;14;1;
2046;202100001370;199 318;A01;1;32;0;0;8;26;1;
2047;202100001371;199 316;B01;2;32;0;2;7;1;1;
2048;202100001371;199 317;A01;2;7;0;2;8;9;1;
2049;202100001372;199 314;A01;2;7;0;2;1;15;1;
2050;202100001372;199 315;B01;1;7;0;2;1;1;1;
2051;202100001373;199 313;A01;1;7;4;0;3;13;1;
2052;202100001374;199 312;A01;3;7;16;0;1;24;1;
2053;202100001375;199 311;A01;1;10;0;1;4;4;1;
2054;202100001376;199 309;A01;3;7;0;2;3;16;1;
2055;202100001376;199 310;B01;3;7;0;2;1;1;1;
2056;202100001377;199 307;A01;1;7;0;2;6;19;1;
2057;202100001377;199 308;B01;1;30;0;2;1;19;1;
2058;202100001379;199 304;B01;2;1;0;2;8;19;5;
2059;202100001379;199 305;A01;1;32;0;2;1;1;1;
2060;202100001380;199 302;A01;3;7;0;2;1;1;1;
2061;202100001380;199 303;B01;3;7;0;2;4;1;1;
2062;202100001381;199 300;A01;1;7;0;2;1;1;1;
2063;202100001381;199 301;B01;1;30;0;2;4;23;1;
2064;202100001382;199 299;A01;1;32;0;1;0;16;1;
2065;202100001383;199 298;A01;2;2;0;1;1;3;1;
2066;202100001384;199 296;B01;3;7;0;2;4;26;1;
2067;202100001384;199 297;A01;3;7;0;2;1;1;1;
2068;202100001385;199 293;C01;1;7;0;2;0;0;1;
2069;202100001385;199 294;B01;1;7;0;2;0;26;1;
2070;202100001385;199 295;A01;-1;7;0;2;4;23;1;
2071;202100001386;199 291;B01;2;10;0;2;7;15;0;
2072;202100001386;199 292;A01;1;30;0;2;1;7;1;
2073;202100001387;199 289;B01;3;50;0;2;3;1;3;
2074;202100001387;199 290;A01;1;7;0;9;2;1;0;
2075;202100001390;199 285;B01;2;30;0;2;0;1;1;
2076;202100001390;199 286;A01;1;7;0;2;0;15;1;
2077;202100001391;199 284;A01;1;7;4;0;1;1;1;
2078;202100001392;199 283;A01;3;31;12;0;3;1;1;
2079;202100001393;199 280;C01;1;7;2;2;8;1;2;
2080;202100001393;199 281;B01;2;10;0;2;6;1;1;
2081;202100001393;199 282;A01;2;33;0;2;1;2;1;
2082;202100001394;199 278;A01;2;7;0;0;6;2;1;
2083;202100001394;199 279;B01;2;7;0;2;1;2;1;
2084;202100001395;199 275;C01;1;7;0;2;1;1;1;
2085;202100001395;199 276;B01;1;7;0;2;1;1;1;
2086;202100001395;199 277;A01;2;7;0;2;7;1;1;
2087;202100001396;199 274;A01;1;7;2;0;1;1;1;
2088;202100001397;199 273;A01;1;7;13;0;1;1;1;
2089;202100001398;199 272;A01;2;7;0;0;0;0;1;
2090;202100001399;199 271;A01;1;7;16;0;3;1;1;
2091;202100001400;199 270;A01;2;7;13;0;9;1;1;
2092;202100001401;199 269;A01;1;7;6;0;1;1;1;
2093;202100001402;199 268;A01;1;7;13;0;1;1;1;
2094;202100001403;199 267;A01;1;7;8;0;8;1;1;
2095;202100001404;199 265;B01;1;7;0;2;4;2;1;
2096;202100001404;199 266;A01;1;7;0;2;1;2;1;
2097;202100001405;199 264;A01;1;7;3;0;8;1;1;
2098;202100001406;199 263;A01;1;7;16;0;0;1;1;
2099;202100001407;199 262;A01;1;7;13;0;3;13;1;
2100;202100001408;199 259;A01;1;7;0;0;3;1;1;
2101;202100001408;199 260;B01;2;7;7;0;3;1;1;
2102;202100001408;199 261;C01;1;10;0;2;6;1;1;
2103;202100001409;199 257;B01;1;7;0;2;7;1;1;
2104;202100001409;199 258;A01;1;7;2;2;2;14;1;
2105;202100001410;199 255;A01;1;2;0;2;1;16;1;
2106;202100001410;199 256;B01;2;7;0;2;1;15;1;
2107;202100001411;199 253;B01;2;7;0;2;3;1;1;
2108;202100001411;199 254;A01;1;7;0;2;3;1;1;
2109;202100001412;199 252;A01;1;7;0;9;0;21;1;
2110;202100001413;199 250;A01;1;7;0;2;1;2;1;
2111;202100001413;199 251;B01;1;15;0;0;4;2;1;
2112;202100001414;199 248;B01;1;1;0;0;4;1;5;
2113;202100001414;199 249;A01;1;15;0;2;2;2;1;
2114;202100001415;199 247;A01;2;10;8;0;3;1;1;
2115;202100001416;199 246;A01;1;7;0;1;0;1;-1;
2116;202100001417;199 245;A01;1;7;16;0;9;14;1;
2117;202100001418;199 244;A01;0;7;13;0;0;1;0;
2118;202100001419;199 241;C01;1;2;0;0;4;0;1;
2119;202100001419;199 242;B01;1;7;0;2;1;0;0;
2120;202100001419;199 243;A01;1;7;0;2;4;2;1;
2121;202100001420;199 240;A01;3;7;0;1;4;4;1;
2122;202100001422;199 237;A01;2;7;0;2;7;2;1;
2123;202100001422;199 238;B01;2;50;0;2;8;2;3;
2124;202100001423;199 235;B01;0;10;0;2;1;1;1;
2125;202100001423;199 236;A01;1;10;0;2;7;1;1;
2126;202100001424;199 234;A01;1;7;3;0;7;14;1;
2127;202100001426;199 232;A01;3;33;0;0;7;1;1;
2128;202100001427;199 231;A01;1;7;6;0;5;13;1;
2129;202100001428;199 226;A01;2;7;0;2;4;0;1;
2130;202100001428;199 227;B01;2;7;0;2;1;0;1;
2131;202100001428;199 228;C01;2;7;0;2;4;0;1;
2132;202100001428;199 229;D01;2;7;1;0;9;0;1;
2133;202100001429;199 224;A01;2;7;0;2;1;2;1;
2134;202100001429;199 225;B01;2;7;0;2;4;2;1;
2135;202100001430;199 222;A01;1;7;0;2;2;26;2;
2136;202100001430;199 223;B01;1;7;0;2;6;1;1;
2137;202100001431;199 221;A01;2;7;4;0;2;2;1;
2138;202100001432;199 220;A01;2;15;0;0;1;1;1;
2139;202100001433;199 219;A01;1;7;4;0;1;1;1;
2140;202100001434;199 217;A01;1;7;0;2;1;1;1;
2141;202100001434;199 218;B01;1;7;0;2;6;2;1;
2142;202100001435;199 216;A01;2;7;4;0;1;1;1;
2143;202100001437;199 214;A01;1;7;3;2;1;26;1;
2144;202100001439;199 211;B01;2;7;0;2;5;12;1;
2145;202100001439;199 212;A01;2;32;0;2;1;1;1;
2146;202100001440;199 209;B01;3;7;0;2;8;19;3;
2147;202100001440;199 210;A01;3;7;0;2;2;19;1;
2148;202100001441;199 206;C01;3;7;1;2;0;0;1;
2149;202100001441;199 207;B01;1;7;0;2;6;1;1;
2150;202100001441;199 208;A01;1;30;0;2;1;1;1;
2151;202100001442;199 204;A01;1;30;0;2;8;9;1;
2152;202100001442;199 205;B01;1;10;0;2;1;1;1;
2153;202100001444;199 201;A01;2;34;0;1;2;21;1;
2154;202100001445;199 199;B01;1;2;16;0;8;9;6;
2155;202100001445;199 200;A01;1;7;0;2;2;26;1;
2156;202100001446;199 198;A01;3;7;0;1;0;26;1;
2157;202100001447;199 196;A01;3;7;0;2;3;19;1;
2158;202100001447;199 197;Z01;2;7;0;2;2;1;1;
2159;202100001448;199 194;B01;1;7;14;2;1;1;1;
2160;202100001448;199 195;A01;2;7;0;2;4;23;1;
2161;202100001449;199 193;A01;2;10;0;1;1;26;1;
2162;202100001450;199 191;A01;2;7;0;2;7;1;1;
2163;202100001450;199 192;B01;0;99;0;2;1;26;1;
2164;202100001451;199 189;B01;2;7;0;2;7;15;1;
2165;202100001451;199 190;A01;1;7;0;0;0;0;1;
2166;202100001452;199 187;A01;3;7;0;2;1;1;1;
2167;202100001452;199 188;B01;3;7;0;2;5;1;1;
2168;202100001454;199 184;A01;3;7;1;0;1;1;1;
2169;202100001455;199 182;B01;3;7;0;2;0;16;1;
2170;202100001455;199 183;A01;3;30;0;2;0;1;1;
2171;202100001456;199 181;A01;1;7;0;1;1;16;1;
2172;202100001457;199 179;A01;2;7;0;2;1;5;1;
2173;202100001457;199 180;B01;1;7;0;2;1;1;1;
2174;202100001459;199 176;A01;1;30;0;0;7;26;1;
2175;202100001460;199 175;A01;2;7;0;0;1;26;1;
2176;202100001461;199 174;Y01;3;30;0;1;1;26;1;
2177;202100001462;199 172;B01;1;2;0;2;1;1;1;
2178;202100001462;199 173;A01;2;7;0;2;8;15;1;
2179;202100001463;199 171;A01;1;7;9;0;1;26;1;
2180;202100001464;199 169;A01;1;7;0;9;1;1;1;
2181;202100001464;199 170;B01;1;50;0;2;1;1;3;
2182;202100001465;199 167;B01;1;14;0;2;3;26;1;
2183;202100001465;199 168;A01;1;7;0;2;2;26;1;
2184;202100001466;199 165;A01;1;7;0;2;2;20;1;
2185;202100001466;199 166;B01;1;1;0;2;1;1;5;
2186;202100001468;199 161;A01;2;7;0;2;3;19;1;
2187;202100001468;199 162;B01;2;33;0;2;1;1;1;
2188;202100001469;199 159;B01;2;7;0;2;1;1;1;
2189;202100001469;199 160;A01;1;7;0;2;1;13;1;
2190;202100001470;199 158;A01;2;30;0;0;0;21;1;
2191;202100001471;199 156;B01;3;7;0;2;1;2;1;
2192;202100001471;199 157;A01;3;7;0;2;4;23;1;
2193;202100001472;199 155;A01;1;7;0;1;1;1;1;
2194;202100001473;199 154;A01;2;7;0;1;1;1;1;
2195;202100001474;199 152;B01;2;7;0;2;4;1;1;
2196;202100001474;199 153;A01;2;7;0;2;2;1;1;
2197;202100001475;199 150;B01;2;7;8;0;7;1;1;
2198;202100001475;199 151;A01;1;7;0;2;1;1;1;
2199;202100001476;199 148;B01;3;7;0;2;0;1;1;
2200;202100001476;199 149;A01;3;7;0;2;0;15;1;
2201;202100001477;199 147;A01;2;7;0;1;3;1;1;
2202;202100001478;199 145;B01;2;7;0;2;8;15;1;
2203;202100001478;199 146;A01;2;30;0;2;1;17;1;
2204;202100001479;199 143;A01;2;7;0;2;1;15;1;
2205;202100001479;199 144;B01;2;50;0;2;0;19;3;
2206;202100001480;199 141;A01;2;10;0;2;5;20;1;
2207;202100001480;199 142;B01;2;43;0;2;1;2;1;
2208;202100001481;199 140;A01;2;7;6;0;1;13;1;
2209;202100001482;199 138;A01;1;7;0;2;3;9;1;
2210;202100001482;199 139;B01;1;60;0;2;1;9;5;
2211;202100001483;199 136;A01;2;7;0;2;1;1;1;
2212;202100001483;199 137;B01;1;30;0;2;1;1;1;
2213;202100001484;199 134;A01;1;7;0;2;3;19;1;
2214;202100001484;199 135;B01;1;14;0;2;1;26;1;
2215;202100001485;199 132;B01;2;7;0;2;1;1;1;
2216;202100001485;199 133;A01;2;7;0;2;3;19;1;
2217;202100001486;199 129;A01;1;33;12;0;5;1;1;
2218;202100001487;199 127;A01;1;7;0;2;1;9;1;
2219;202100001487;199 128;B01;1;2;0;2;7;0;1;
2220;202100001488;199 126;A01;1;10;0;1;1;15;1;
2221;202100001489;199 124;A01;2;7;0;2;8;10;1;
2222;202100001489;199 125;B01;2;32;0;2;1;17;1;
2223;202100001490;199 123;A01;2;50;14;0;1;26;3;
2224;202100001491;199 122;A01;1;10;6;0;1;1;1;
2225;202100001492;199 120;B01;1;7;0;2;8;9;2;
2226;202100001492;199 121;A01;2;30;0;2;1;6;1;
2227;202100001493;199 119;A01;2;10;14;0;2;14;1;
2228;202100001494;199 117;B01;1;32;0;2;3;1;1;
2229;202100001494;199 118;A01;2;10;0;2;1;15;1;
2230;202100001495;199 116;A01;1;1;0;0;0;5;5;
2231;202100001496;199 114;B01;1;7;0;2;3;15;2;
2232;202100001496;199 115;A01;2;33;0;2;1;1;1;
2233;202100001497;199 113;A01;1;10;6;0;1;1;1;
2234;202100001498;199 112;A01;2;7;0;1;7;1;1;
2235;202100001499;199 111;A01;1;7;9;1;4;4;1;
2236;202100001500;199 110;A01;1;7;14;0;3;13;1;
2237;202100001501;199 108;B01;1;32;1;2;1;18;1;
2238;202100001501;199 109;A01;1;10;0;2;8;22;1;
2239;202100001502;199 107;Z01;1;13;0;1;2;14;0;
2240;202100001503;199 105;Z01;0;7;0;2;7;22;0;
2241;202100001503;199 106;B01;2;1;0;2;8;1;5;
2242;202100001504;199 103;B01;3;99;0;2;3;16;1;
2243;202100001504;199 104;A01;3;7;0;2;7;1;1;
2244;202100001506;199 100;A01;2;10;0;2;2;10;1;
2245;202100001506;199 101;B01;2;31;0;2;1;1;1;
2246;202100001507;199 099;A01;2;7;0;1;1;1;1;
2247;202100001508;199 097;Z01;1;0;0;2;1;26;1;
2248;202100001508;199 098;A01;2;32;0;2;2;1;1;
2249;202100001509;199 096;A01;1;10;0;1;1;9;1;
2250;202100001511;199 094;A01;2;7;0;1;1;19;1;
2251;202100001512;199 092;A01;1;7;0;2;8;15;2;
2252;202100001512;199 093;B01;1;7;0;2;3;1;1;
2253;202100001513;199 091;A01;2;32;0;0;3;1;1;
2254;202100001514;199 090;A01;1;7;13;0;1;1;1;
2255;202100001515;199 088;B01;1;2;0;2;6;2;1;
2256;202100001515;199 089;A01;1;7;0;2;2;2;1;
2257;202100001516;199 087;A01;2;0;0;0;0;0;0;
2258;202100001517;199 086;A01;3;33;12;0;0;1;1;
2259;202100001518;199 085;A01;3;7;0;0;9;2;1;
2260;202100001519;199 084;A01;1;7;13;0;3;1;1;
2261;202100001520;199 081;A01;3;7;0;2;7;15;1;
2262;202100001520;199 082;B01;3;7;0;2;2;1;1;
2263;202100001520;199 083;C01;3;7;0;2;3;23;1;
2264;202100001521;199 077;A01;1;1;0;5;1;1;5;
2265;202100001522;199 076;A01;1;3;14;0;9;1;1;
2266;202100001523;199 075;A01;1;7;13;0;1;1;1;
2267;202100001524;199 073;A01;2;7;0;2;2;19;1;
2268;202100001524;199 074;B01;2;7;6;2;3;1;1;
2269;202100001525;199 072;A01;3;7;0;1;1;2;1;
2270;202100001526;199 071;A01;3;7;2;0;1;1;1;
2271;202100001527;199 070;A01;1;7;8;0;2;1;1;
2272;202100001529;199 067;A01;1;10;0;2;3;13;1;
2273;202100001529;199 068;B01;2;7;0;2;3;1;1;
2274;202100001530;199 065;B01;0;43;0;2;1;1;1;
2275;202100001530;199 066;A01;0;7;0;2;3;9;1;
2276;202100001531;199 064;A01;2;2;7;0;1;1;1;
2277;202100001532;199 062;B01;0;7;0;2;3;1;1;
2278;202100001532;199 063;A01;0;2;0;2;1;13;1;
2279;202100001533;199 061;A01;0;7;8;0;2;1;1;
2280;202100001534;199 060;A01;1;7;13;0;0;1;1;
2281;202100001535;199 058;A01;2;7;0;1;7;15;1;
2282;202100001535;199 059;B01;1;7;0;2;1;1;2;
2283;202100001536;199 057;A01;1;7;13;0;9;1;1;
2284;202100001537;199 054;B01;2;7;0;0;6;23;1;
2285;202100001537;199 055;A01;2;14;1;0;2;1;1;
2286;202100001538;199 053;A01;1;7;13;0;1;1;1;
2287;202100001539;199 052;A01;2;7;4;0;2;1;1;
2288;202100001540;199 050;A01;1;7;0;2;2;15;1;
2289;202100001540;199 051;B01;2;7;0;2;1;1;1;
2290;202100001541;199 048;A01;1;10;0;2;1;2;1;
2291;202100001541;199 049;B01;1;50;0;2;8;15;3;
2292;202100001542;199 046;B01;2;7;0;2;1;2;1;
2293;202100001542;199 047;A01;1;7;0;0;4;2;1;
2294;202100001543;199 044;A01;2;7;3;0;3;1;1;
2295;202100001543;199 045;B01;2;7;0;2;1;2;1;
2296;202100001544;199 042;B01;1;7;0;2;2;14;0;
2297;202100001544;199 043;A01;1;7;0;2;8;2;1;
2298;202100001545;199 040;B01;2;7;4;0;4;2;1;
2299;202100001545;199 041;A01;2;7;0;2;1;2;1;
2300;202100001546;199 039;A01;1;7;0;1;7;1;1;
2301;202100001547;199 038;A01;1;7;4;0;0;1;1;
2302;202100001548;199 037;A01;1;2;6;0;1;1;1;
2303;202100001549;199 035;B01;1;7;0;2;1;1;1;
2304;202100001549;199 036;A01;2;7;0;2;1;1;1;
2305;202100001550;199 034;A01;3;99;6;0;3;1;1;
2306;202100001551;199 033;A01;2;7;3;0;2;6;1;
2307;202100001552;199 032;A01;1;7;9;0;2;1;1;
2308;202100001553;199 031;A01;0;7;13;0;2;1;1;
2309;202100001554;199 030;A01;2;10;6;0;0;0;0;
2310;202100001555;199 029;A01;0;7;8;0;1;1;1;
2311;202100001556;199 027;B01;2;7;0;2;2;1;1;
2312;202100001556;199 028;A01;2;7;1;2;3;1;1;
2313;202100001557;199 025;B01;2;7;0;2;0;0;1;
2314;202100001557;199 026;A01;2;7;0;2;4;0;1;
2315;202100001559;199 022;B01;2;7;0;2;6;1;1;
2316;202100001559;199 023;A01;2;10;0;2;2;14;1;
2317;202100001560;199 020;A01;1;7;0;2;1;12;1;
2318;202100001560;199 021;B01;1;7;0;2;4;2;1;
2319;202100001561;199 018;A01;2;7;0;2;2;2;1;
2320;202100001561;199 019;B01;2;7;0;2;6;1;1;
2321;202100001562;199 016;A01;2;31;0;2;8;2;1;
2322;202100001562;199 017;Z01;1;10;0;2;7;14;1;
2323;202100001563;199 014;B01;1;33;0;2;0;0;1;
2324;202100001563;199 015;A01;1;7;0;2;0;0;1;
2325;202100001564;199 013;A01;1;7;0;0;0;0;1;
2326;202100001565;199 012;A01;2;7;4;0;1;1;1;
2327;202100001566;199 011;A01;1;7;4;0;3;0;1;
2328;202100001567;199 009;A01;1;7;0;2;1;1;1;
2329;202100001567;199 010;B01;1;7;0;2;4;2;1;
2330;202100001568;199 008;A01;1;7;0;1;3;19;1;
2331;202100001569;199 006;A01;2;7;0;2;3;13;1;
2332;202100001569;199 007;B01;1;7;0;2;3;1;1;
2333;202100001570;199 004;A01;0;30;0;2;1;9;1;
2334;202100001570;199 005;B01;2;30;0;2;8;1;1;
2335;202100001571;199 003;A01;1;7;0;1;1;15;1;
2336;202100001572;199 001;B01;2;2;0;2;2;1;1;
2337;202100001572;199 002;A01;3;7;0;2;5;4;1;
2338;202100001573;198 999;B01;3;1;0;2;0;0;0;
2339;202100001573;199 000;A01;2;1;0;9;7;26;6;
2340;202100001575;198 997;A01;1;7;12;0;1;0;1;
2341;202100001576;198 995;B01;1;7;0;2;4;0;1;
2342;202100001576;198 996;A01;1;7;0;2;1;0;1;
2343;202100001578;198 991;A01;2;7;0;1;3;1;1;
2344;202100001579;198 990;A01;3;7;0;1;2;23;1;
2345;202100001580;198 989;A01;1;50;0;0;0;1;3;
2346;202100001581;198 987;B01;1;7;0;2;4;2;1;
2347;202100001581;198 988;A01;1;7;0;2;1;2;1;
2348;202100001582;198 981;A01;2;7;0;1;1;1;1;
2349;202100001583;198 980;A01;2;7;0;1;3;26;1;
2350;202100001584;198 979;A01;2;7;0;1;1;1;1;
2351;202100001587;198 972;A01;1;30;0;2;3;16;1;
2352;202100001587;198 973;B01;2;7;0;2;5;1;1;
2353;202100001588;198 970;A01;1;7;0;2;1;2;1;
2354;202100001588;198 971;B01;1;7;0;2;4;0;1;
2355;202100001590;198 966;B01;2;33;0;2;1;1;1;
2356;202100001590;198 967;A01;1;7;0;2;1;15;2;
2357;202100001591;198 964;B01;2;1;0;2;4;15;5;
2358;202100001591;198 965;A01;2;3;0;2;3;16;3;
2359;202100001592;198 962;A01;1;33;0;2;1;2;1;
2360;202100001592;198 963;B01;1;7;0;2;4;2;1;
2361;202100001593;198 960;B01;2;7;0;0;4;2;1;
2362;202100001593;198 961;A01;2;3;0;2;1;2;1;
2363;202100001594;198 957;A01;2;7;0;1;1;1;1;
2364;202100001595;198 954;C01;1;7;0;2;3;1;1;
2365;202100001595;198 955;B01;1;7;0;2;1;1;1;
2366;202100001595;198 956;A01;1;7;0;2;1;26;1;
2367;202100001596;198 953;A01;1;33;0;0;1;26;1;
2368;202100001597;198 951;A01;1;7;0;2;0;0;1;
2369;202100001597;198 952;B01;1;7;0;2;0;0;1;
2370;202100001598;198 950;A01;2;7;0;1;1;1;1;
2371;202100001599;198 948;A01;3;1;0;2;1;19;5;
2372;202100001599;198 949;B01;3;7;0;2;1;1;1;
2373;202100001600;198 946;A01;3;7;0;9;2;16;0;
2374;202100001600;198 947;B01;1;99;0;2;3;5;5;
2375;202100001601;198 945;A01;3;7;0;0;0;23;1;
2376;202100001603;198 940;A01;2;7;0;2;1;2;1;
2377;202100001603;198 941;B01;2;7;0;2;4;2;1;
2378;202100001604;198 938;A01;3;7;0;2;2;12;1;
2379;202100001604;198 939;B01;3;7;0;2;8;15;1;
2380;202100001605;198 936;A01;2;7;3;0;1;1;1;
2381;202100001605;198 937;B01;1;7;0;2;1;1;1;
2382;202100001606;198 934;A01;0;7;0;2;2;1;1;
2383;202100001606;198 935;B01;0;10;0;2;1;1;1;
2384;202100001607;198 927;A01;3;7;0;2;1;1;1;
2385;202100001607;198 928;B01;3;1;0;2;1;1;5;
2386;202100001608;198 925;A01;3;7;0;2;2;15;1;