;Num_Acc;id_vehicule;num_veh;senc;catv;obs;obsm;choc;manv;motor;occutc
2387;202100001608;198 926;B01;3;2;0;2;1;26;1;
2388;202100001610;198 919;B01;1;43;0;2;1;0;1;
2389;202100001610;198 920;A01;1;10;0;2;8;15;1;
2390;202100001611;198 918;A01;2;7;10;0;1;1;1;
2391;202100001612;198 916;B01;0;33;0;2;1;1;1;
2392;202100001612;198 917;A01;3;32;0;2;2;10;1;
2393;202100001613;198 914;A01;1;7;0;2;1;19;1;
2394;202100001613;198 915;B01;1;99;0;2;7;19;1;
2395;202100001615;198 911;A01;3;10;0;0;7;19;1;
2396;202100001615;198 912;Y01;1;1;0;2;1;1;5;
2397;202100001616;198 908;B01;0;7;0;0;2;6;1;
2398;202100001616;198 909;C01;0;7;0;0;3;23;1;
2399;202100001616;198 910;A01;2;33;0;2;3;18;1;
2400;202100001617;198 906;B01;1;7;0;2;4;1;1;
2401;202100001617;198 907;A01;1;7;0;2;1;1;1;
2402;202100001619;198 903;A01;2;7;0;1;1;1;1;
2403;202100001620;198 902;A01;1;7;0;1;3;1;1;
2404;202100001621;198 901;A01;2;10;0;1;2;16;1;
2405;202100001622;198 900;A01;1;7;0;1;1;1;1;
2406;202100001624;198 896;B01;2;7;0;2;3;1;1;
2407;202100001624;198 897;A01;2;30;0;2;2;16;1;
2408;202100001625;198 895;A01;1;31;0;0;8;1;1;
2409;202100001626;198 894;A01;2;30;0;1;1;1;1;
2410;202100001628;198 891;B01;2;7;0;2;3;15;1;
2411;202100001628;198 892;A01;2;7;0;2;2;21;1;
2412;202100001630;198 888;B01;0;50;0;2;3;16;3;
2413;202100001630;198 889;A01;2;7;0;2;1;1;0;
2414;202100001631;198 886;B01;2;60;0;2;1;1;5;
2415;202100001631;198 887;Z01;1;7;0;2;0;17;1;
2416;202100001632;198 885;A01;3;7;0;1;0;0;0;
2417;202100001633;198 884;A01;3;7;15;0;1;9;1;
2418;202100001634;198 882;B01;2;37;0;2;3;9;1;1.0
2419;202100001634;198 883;A01;2;7;0;2;6;26;1;
2420;202100001635;198 881;A01;1;7;0;1;2;1;1;
2421;202100001636;198 880;A01;3;7;0;1;4;4;1;
2422;202100001637;198 878;B01;2;43;0;2;5;13;1;
2423;202100001637;198 879;A01;1;10;0;2;1;15;1;
2424;202100001639;198 873;A01;-1;37;8;2;2;26;1;2.0
2425;202100001639;198 874;B01;-1;7;0;2;6;0;1;
2426;202100001641;198 870;A01;1;7;0;2;2;15;1;
2427;202100001641;198 871;B01;2;30;0;2;1;1;1;
2428;202100001642;198 868;A01;3;7;0;0;7;19;1;
2429;202100001642;198 869;B01;1;15;0;2;1;19;1;
2430;202100001643;198 867;A01;2;7;0;1;2;1;1;
2431;202100001644;198 866;A01;1;7;13;0;1;14;1;
2432;202100001645;198 865;A01;2;7;0;0;1;1;1;
2433;202100001646;198 861;A01;1;10;0;2;1;1;1;
2434;202100001646;198 862;B01;1;7;0;2;7;19;1;
2435;202100001647;198 859;A01;2;7;0;2;3;0;1;
2436;202100001647;198 860;B01;1;7;0;2;1;21;0;
2437;202100001648;198 857;B01;2;10;0;2;4;1;1;
2438;202100001648;198 858;A01;2;7;0;2;1;1;1;
2439;202100001649;198 856;A01;1;7;0;0;0;15;1;
2440;202100001650;198 853;C01;1;7;0;2;4;23;1;
2441;202100001650;198 854;B01;1;7;0;2;4;23;1;
2442;202100001650;198 855;A01;1;7;0;2;1;1;1;
2443;202100001651;198 852;A01;2;7;2;0;1;1;1;
2444;202100001652;198 850;A01;2;7;0;1;1;16;1;
2445;202100001653;198 848;B01;2;7;0;0;0;15;1;
2446;202100001653;198 849;A01;2;31;0;0;0;1;1;
2447;202100001654;198 847;A01;1;2;12;0;2;0;1;
2448;202100001655;198 846;A01;0;7;0;1;2;1;1;
2449;202100001656;198 845;A01;2;7;2;0;8;1;1;
2450;202100001657;198 843;A01;2;7;0;2;2;1;1;
2451;202100001657;198 844;B01;2;7;0;0;6;1;1;
2452;202100001658;198 842;A01;2;33;14;0;8;1;1;
2453;202100001659;198 841;A01;2;7;3;0;1;1;1;
2454;202100001660;198 837;A01;2;7;0;2;3;13;1;
2455;202100001660;198 838;B01;1;15;0;2;3;1;1;
2456;202100001660;198 839;C01;2;17;0;0;4;1;1;
2457;202100001660;198 840;D01;2;17;0;2;1;2;1;
2458;202100001662;198 834;A01;3;7;0;2;3;15;1;
2459;202100001662;198 835;B01;3;34;0;2;1;17;1;
2460;202100001663;198 832;A01;2;7;0;0;8;2;1;
2461;202100001663;198 833;B01;1;7;0;2;6;1;1;
2462;202100001665;198 829;A01;1;7;2;0;1;1;1;
2463;202100001666;198 828;A01;2;7;13;0;1;1;1;
2464;202100001667;198 827;A01;1;7;2;0;8;1;1;
2465;202100001668;198 823;D01;2;7;4;2;1;2;1;
2466;202100001668;198 824;C01;2;14;4;2;2;11;1;
2467;202100001668;198 825;B01;2;10;4;2;7;0;1;
2468;202100001668;198 826;A01;2;15;4;2;4;2;1;
2469;202100001669;198 818;C01;2;7;0;2;4;1;1;
2470;202100001669;198 819;D01;2;7;0;2;4;0;1;
2471;202100001669;198 820;E01;2;7;0;2;4;1;1;
2472;202100001669;198 821;A01;2;7;0;2;4;17;1;
2473;202100001669;198 822;B01;2;7;0;2;4;1;1;
2474;202100001670;198 816;B01;2;7;1;0;1;2;1;
2475;202100001670;198 817;A01;2;7;0;2;6;23;1;
2476;202100001671;198 811;B01;1;7;0;2;4;2;3;
2477;202100001671;198 812;A01;1;7;0;2;1;2;1;
2478;202100001672;198 808;A01;1;7;0;2;1;26;1;
2479;202100001672;198 809;B01;1;7;0;2;4;0;1;
2480;202100001672;198 810;C01;1;7;0;2;4;0;1;
2481;202100001673;198 806;A01;2;33;0;2;3;3;1;
2482;202100001673;198 807;B01;2;7;0;2;2;1;1;
2483;202100001674;198 804;A01;2;7;0;9;4;26;1;
2484;202100001674;198 805;B01;2;7;0;2;1;0;1;
2485;202100001675;198 802;A01;2;7;0;2;1;2;1;
2486;202100001675;198 803;B01;2;7;0;2;4;2;1;
2487;202100001676;198 801;A01;1;10;4;0;1;14;1;
2488;202100001677;198 799;A01;2;32;0;2;8;18;1;
2489;202100001677;198 800;B01;2;7;0;2;1;1;1;
2490;202100001678;198 797;Z01;1;17;0;2;2;12;1;
2491;202100001678;198 798;A01;1;7;4;0;6;1;1;
2492;202100001679;198 794;C01;1;7;0;2;6;1;3;
2493;202100001679;198 795;B01;1;7;0;2;1;1;1;
2494;202100001679;198 796;A01;1;7;0;2;1;21;2;
2495;202100001680;198 791;A01;1;7;0;2;4;1;2;
2496;202100001680;198 792;B01;1;7;0;2;4;2;1;
2497;202100001680;198 793;C01;1;7;0;2;1;2;1;
2498;202100001681;198 789;B01;2;7;0;2;8;9;1;
2499;202100001681;198 790;A01;2;10;0;2;2;1;1;
2500;202100001682;198 787;A01;1;7;0;2;4;11;1;
2501;202100001682;198 788;B01;1;33;0;2;1;1;1;
2502;202100001683;198 785;B01;1;7;0;2;4;2;1;
2503;202100001683;198 786;A01;1;7;0;2;1;2;1;
2504;202100001684;198 783;B01;1;7;0;2;3;1;1;
2505;202100001684;198 784;A01;2;7;0;2;7;1;1;
2506;202100001685;198 781;Z01;1;7;0;2;7;12;1;
2507;202100001685;198 782;A01;1;7;8;2;1;1;1;
2508;202100001686;198 779;B01;1;33;0;2;1;1;1;
2509;202100001686;198 780;A01;1;30;0;2;4;13;1;
2510;202100001687;198 776;A01;3;32;0;2;1;21;1;
2511;202100001687;198 777;B01;3;32;0;2;4;23;1;
2512;202100001687;198 778;C01;3;32;0;2;4;23;1;
2513;202100001688;198 774;B01;3;7;0;2;1;0;1;
2514;202100001688;198 775;A01;3;7;0;2;7;1;1;
2515;202100001689;198 772;B01;1;7;0;2;8;15;1;
2516;202100001689;198 773;A01;1;30;0;2;1;17;0;
2517;202100001690;198 770;B01;1;7;0;2;5;2;1;
2518;202100001690;198 771;A01;1;7;0;2;3;14;1;
2519;202100001691;198 767;C01;3;7;0;2;4;2;1;
2520;202100001691;198 768;B01;3;7;0;2;4;2;1;
2521;202100001691;198 769;A01;3;7;0;2;1;2;1;
2522;202100001692;198 765;B01;1;7;0;2;1;1;1;
2523;202100001692;198 766;A01;2;7;1;1;1;1;1;
2524;202100001693;198 763;A01;1;7;0;2;2;9;1;
2525;202100001693;198 764;B01;1;14;0;2;3;1;1;
2526;202100001694;198 761;A01;1;7;0;2;3;15;1;
2527;202100001694;198 762;B01;2;1;0;2;1;1;0;
2528;202100001696;198 757;A01;1;7;0;2;7;14;1;
2529;202100001696;198 758;B01;1;43;0;2;8;1;1;
2530;202100001697;198 754;A01;2;7;0;2;1;2;1;
2531;202100001697;198 755;B01;2;7;0;2;4;2;1;
2532;202100001697;198 756;C01;2;33;0;2;4;2;1;
2533;202100001698;198 752;A01;1;7;0;2;3;15;1;
2534;202100001698;198 753;B01;1;31;0;2;1;3;1;
2535;202100001699;198 750;A01;2;7;0;2;1;1;1;
2536;202100001699;198 751;B01;3;7;0;2;3;15;1;
2537;202100001702;198 746;A01;1;7;0;1;3;16;2;
2538;202100001703;198 743;A01;2;7;0;2;3;17;1;
2539;202100001703;198 744;B01;1;7;0;2;3;1;1;
2540;202100001703;198 745;C01;2;7;0;2;0;23;1;
2541;202100001704;198 742;A01;1;7;0;1;1;1;1;
2542;202100001705;198 740;B01;2;2;0;0;0;1;1;
2543;202100001705;198 741;A01;1;7;0;0;0;15;1;
2544;202100001706;198 738;A01;2;7;0;2;2;15;1;
2545;202100001706;198 739;B01;1;1;0;2;1;1;5;
2546;202100001707;198 737;Z01;2;7;0;1;8;1;0;
2547;202100001708;198 735;A01;2;7;0;2;4;23;1;
2548;202100001708;198 736;B01;2;7;0;2;1;2;1;
2549;202100001709;198 733;A01;1;10;0;2;1;1;6;
2550;202100001709;198 734;B01;0;7;12;2;7;1;0;
2551;202100001710;198 732;A01;3;7;0;1;1;16;1;
2552;202100001711;198 731;A01;1;30;0;1;1;1;1;
2553;202100001712;198 729;B01;1;7;0;0;4;1;1;
2554;202100001712;198 730;A01;1;7;0;2;1;1;1;
2555;202100001713;198 727;A01;1;7;0;2;1;1;1;
2556;202100001713;198 728;B01;1;10;0;2;1;1;1;
2557;202100001714;198 726;A01;1;7;0;1;1;1;1;
2558;202100001715;198 725;A01;3;7;0;1;2;1;1;
2559;202100001716;198 723;A01;1;10;0;2;1;2;1;
2560;202100001716;198 724;B01;1;7;0;0;4;2;1;
2561;202100001717;198 722;A01;1;7;1;0;3;13;1;
2562;202100001718;198 720;A01;2;7;0;2;1;1;1;
2563;202100001718;198 721;B01;2;7;0;2;4;1;1;
2564;202100001719;198 717;A01;1;7;0;2;1;2;1;
2565;202100001719;198 718;B01;1;7;0;2;4;2;1;
2566;202100001719;198 719;C01;1;7;0;2;1;2;1;
2567;202100001720;198 716;A01;1;7;0;1;3;26;1;
2568;202100001721;198 715;A01;2;7;0;1;1;15;1;
2569;202100001722;198 712;C01;2;7;0;2;4;2;1;
2570;202100001722;198 713;B01;2;7;0;2;5;2;1;
2571;202100001722;198 714;A01;2;7;0;2;1;2;1;
2572;202100001723;198 709;B01;3;7;0;2;7;21;1;
2573;202100001723;198 710;X01;3;7;0;2;2;5;-1;
2574;202100001723;198 711;A01;3;7;0;2;1;1;1;
2575;202100001724;198 705;B01;3;30;0;2;4;23;1;
2576;202100001724;198 706;A01;2;7;0;2;1;1;1;
2577;202100001726;198 703;A01;1;3;0;1;1;9;1;
2578;202100001727;198 700;A01;1;7;6;0;1;13;1;
2579;202100001728;198 698;A01;0;7;0;2;6;15;1;
2580;202100001728;198 699;B01;0;33;0;2;1;1;1;
2581;202100001729;198 696;Z01;0;32;0;2;1;2;0;
2582;202100001729;198 697;B01;0;7;0;0;4;23;6;
2583;202100001730;198 694;B01;0;7;0;2;3;11;6;
2584;202100001730;198 695;A01;0;7;0;2;2;26;6;
2585;202100001731;198 692;A01;2;7;0;2;3;9;1;
2586;202100001731;198 693;B01;2;50;0;2;1;1;3;
2587;202100001732;198 691;A01;1;7;0;1;1;1;1;
2588;202100001734;198 688;B01;2;7;0;2;7;19;1;
2589;202100001734;198 689;A01;1;7;0;2;1;1;1;
2590;202100001735;198 687;A01;1;7;0;1;2;15;1;
2591;202100001736;198 685;B01;2;1;0;2;1;1;6;
2592;202100001736;198 686;Z01;1;7;0;2;2;15;0;
2593;202100001737;198 683;B01;2;10;0;2;4;1;1;
2594;202100001737;198 684;A01;2;32;0;2;1;13;1;
2595;202100001738;198 681;B01;1;7;0;2;5;23;1;
2596;202100001738;198 682;A01;1;43;0;2;3;3;1;
2597;202100001739;198 679;B01;2;7;0;2;6;9;1;
2598;202100001739;198 680;A01;2;13;0;2;2;1;1;
2599;202100001740;198 677;A01;1;32;0;2;1;1;1;
2600;202100001740;198 678;Z01;2;7;0;2;1;5;0;
2601;202100001741;198 676;A01;1;7;0;1;1;15;1;
2602;202100001742;198 674;B01;3;30;0;2;3;1;1;
2603;202100001742;198 675;A01;3;10;0;2;2;1;1;
2604;202100001743;198 672;B01;1;7;0;2;1;1;2;
2605;202100001743;198 673;A01;2;10;0;2;7;1;1;
2606;202100001744;198 670;A01;2;7;0;2;5;15;1;
2607;202100001744;198 671;B01;2;33;0;2;1;1;3;
2608;202100001745;198 668;B01;3;33;0;2;7;17;1;
2609;202100001745;198 669;A01;3;7;0;2;8;15;1;
2610;202100001746;198 666;B01;2;1;0;2;2;1;5;
2611;202100001746;198 667;A01;1;7;0;2;2;15;1;
2612;202100001747;198 664;A01;2;7;0;2;2;16;1;
2613;202100001747;198 665;B01;2;50;0;2;1;19;3;
2614;202100001748;198 662;B01;2;7;0;2;5;24;1;
2615;202100001748;198 663;A01;2;32;0;1;2;18;1;
2616;202100001749;198 661;A01;1;1;0;1;1;1;5;
2617;202100001750;198 660;Z01;2;7;1;1;2;1;1;
2618;202100001751;198 658;A01;1;10;0;2;2;15;1;
2619;202100001751;198 659;B01;1;31;0;2;1;1;1;
2620;202100001752;198 657;A01;3;34;15;0;1;14;1;
2621;202100001753;198 655;A01;2;30;0;2;1;3;3;
2622;202100001753;198 656;B01;2;7;0;2;7;16;1;
2623;202100001754;198 654;A01;1;10;0;1;1;15;1;
2624;202100001755;198 652;A01;1;10;0;2;6;11;1;
2625;202100001755;198 653;B01;1;7;0;2;2;2;1;
2626;202100001756;198 650;A01;1;7;0;0;0;0;1;
2627;202100001756;198 651;B01;2;2;0;0;0;0;1;
2628;202100001757;198 648;A01;2;7;0;2;0;0;0;
2629;202100001757;198 649;B01;1;1;0;2;0;0;0;
2630;202100001759;198 646;Z01;1;0;0;0;0;26;0;
2631;202100001760;198 644;B01;2;33;0;2;2;2;1;
2632;202100001760;198 645;Z01;1;14;0;2;0;0;0;
2633;202100001761;198 642;A01;1;30;0;2;0;0;1;
2634;202100001761;198 643;B01;1;7;0;2;1;1;2;
2635;202100001762;198 640;B01;1;32;0;2;5;17;1;
2636;202100001762;198 641;A01;3;7;0;2;3;26;1;
2637;202100001763;198 639;A01;1;7;0;1;4;26;2;
2638;202100001764;198 638;A01;2;7;0;1;2;1;1;
2639;202100001765;198 636;B01;2;31;0;2;1;1;3;
2640;202100001765;198 637;A01;1;7;0;2;3;15;1;
2641;202100001766;198 633;A01;3;7;0;2;1;5;1;
2642;202100001766;198 634;B01;3;7;0;2;1;23;1;
2643;202100001766;198 635;C01;3;31;0;2;1;1;1;
2644;202100001768;198 630;B01;3;32;0;2;1;17;1;
2645;202100001768;198 631;A01;3;7;0;2;3;26;1;
2646;202100001769;198 628;B01;1;7;0;0;6;15;1;
2647;202100001769;198 629;A01;1;7;0;2;1;17;1;
2648;202100001770;198 626;A01;2;7;0;2;1;1;1;
2649;202100001770;198 627;B01;1;7;0;2;7;15;1;
2650;202100001771;198 625;A01;1;7;6;0;3;0;1;
2651;202100001772;198 624;A01;1;7;0;1;1;16;1;
2652;202100001773;198 623;A01;1;7;2;0;1;26;1;
2653;202100001774;198 622;A01;1;7;6;0;6;1;1;
2654;202100001775;198 620;B01;2;7;0;2;1;1;1;
2655;202100001775;198 621;A01;1;7;0;2;1;1;1;
2656;202100001776;198 617;C01;2;7;0;2;1;2;1;
2657;202100001776;198 618;B01;2;7;0;2;5;2;1;
2658;202100001776;198 619;A01;2;7;0;2;3;2;1;
2659;202100001777;198 615;A01;1;1;0;2;8;10;5;
2660;202100001777;198 616;B01;1;7;0;2;7;17;1;
2661;202100001778;198 611;A01;2;7;3;2;3;17;1;
2662;202100001778;198 612;B01;1;10;0;2;1;1;1;
2663;202100001778;198 613;C01;1;10;13;2;2;2;1;
2664;202100001778;198 614;D01;2;15;0;2;1;2;1;
2665;202100001779;198 610;A01;3;7;0;1;2;2;1;
2666;202100001780;198 609;A01;1;7;13;0;2;1;1;
2667;202100001781;198 607;B01;2;10;0;2;7;19;1;
2668;202100001781;198 608;A01;2;7;0;2;1;1;1;
2669;202100001782;198 605;B01;1;2;0;2;8;1;1;
2670;202100001782;198 606;A01;1;7;0;2;3;9;1;
2671;202100001783;198 604;A01;2;7;2;0;1;0;1;
2672;202100001784;198 602;B01;3;10;0;2;7;1;0;
2673;202100001784;198 603;A01;3;1;0;2;8;1;5;
2674;202100001785;198 601;A01;1;7;0;1;1;1;1;
2675;202100001786;198 600;A01;3;20;0;1;4;4;4;
2676;202100001787;198 599;A01;1;7;13;0;9;1;1;
2677;202100001788;198 597;A01;3;7;0;2;1;1;1;
2678;202100001788;198 598;B01;0;2;0;2;7;1;1;
2679;202100001789;198 595;A01;1;7;0;2;2;1;1;
2680;202100001789;198 596;B01;2;10;0;2;3;1;1;
2681;202100001790;198 594;A01;2;7;13;0;1;14;1;
2682;202100001792;198 592;A01;2;17;0;1;2;1;1;
2683;202100001793;198 591;A01;3;7;13;0;2;0;1;
2684;202100001794;198 590;A01;1;7;0;1;2;1;1;
2685;202100001795;198 589;A01;1;3;0;0;0;1;3;
2686;202100001796;198 588;A01;1;7;3;0;0;0;1;
2687;202100001797;198 586;B01;1;17;0;0;4;2;1;
2688;202100001797;198 587;A01;1;10;0;2;1;2;1;
2689;202100001798;198 585;A01;2;33;0;0;7;9;1;
2690;202100001799;198 584;A01;2;7;2;0;2;1;1;
2691;202100001800;198 581;A01;1;7;4;0;4;2;1;
2692;202100001800;198 582;C01;1;7;0;2;1;2;1;
2693;202100001800;198 583;B01;1;7;0;2;1;2;1;
2694;202100001801;198 579;B01;3;7;0;2;8;1;1;
2695;202100001801;198 580;A01;2;15;0;2;3;1;1;
2696;202100001802;198 578;A01;3;7;2;0;7;0;1;
2697;202100001803;198 576;B01;2;10;0;0;1;17;1;
2698;202100001803;198 577;A01;1;7;0;0;1;1;1;
2699;202100001804;198 575;A01;1;7;2;0;3;1;1;
2700;202100001805;198 573;A01;3;7;0;2;3;0;1;
2701;202100001805;198 574;B01;3;7;0;2;3;0;1;
2702;202100001806;198 572;A01;0;7;0;1;4;26;1;
2703;202100001807;198 570;B01;2;7;0;2;1;1;2;
2704;202100001807;198 571;A01;2;7;0;2;8;15;1;
2705;202100001808;198 568;A01;1;7;0;0;2;1;1;
2706;202100001808;198 569;B01;3;7;0;2;1;19;1;
2707;202100001809;198 563;E01;1;7;0;2;1;2;1;
2708;202100001809;198 564;D01;1;7;0;0;5;2;1;
2709;202100001809;198 565;C01;1;7;0;0;7;23;1;
2710;202100001809;198 566;B01;1;10;0;2;1;1;1;
2711;202100001809;198 567;A01;1;7;0;2;1;2;1;
2712;202100001810;198 561;A01;2;7;0;2;3;19;1;
2713;202100001810;198 562;B01;2;10;0;2;2;1;1;
2714;202100001811;198 560;A01;1;7;3;0;1;1;1;
2715;202100001812;198 558;B01;1;7;0;2;3;1;1;
2716;202100001812;198 559;A01;2;7;0;2;3;13;1;
2717;202100001814;198 555;A01;3;7;0;2;3;1;1;
2718;202100001814;198 556;B01;3;7;0;2;3;1;1;
2719;202100001815;198 553;A01;1;7;0;2;2;13;1;
2720;202100001815;198 554;B01;2;2;0;2;1;1;1;
2721;202100001816;198 552;A01;2;7;13;0;1;0;1;
2722;202100001817;198 550;A01;2;7;0;9;9;17;1;
2723;202100001817;198 551;B01;2;1;0;2;4;1;5;
2724;202100001818;198 549;A01;1;7;9;9;1;2;1;
2725;202100001819;198 548;A01;1;7;3;0;1;14;1;
2726;202100001820;198 546;A01;-1;14;0;2;0;0;1;
2727;202100001820;198 547;B01;-1;7;0;2;4;2;1;
2728;202100001821;198 543;C01;1;7;0;2;1;2;1;
2729;202100001821;198 544;B01;1;7;0;2;4;2;1;
2730;202100001821;198 545;A01;1;7;0;2;2;2;1;
2731;202100001822;198 542;A01;1;33;6;0;8;1;1;
2732;202100001823;198 540;B01;1;7;0;2;3;2;1;
2733;202100001823;198 541;A01;1;7;0;2;2;2;1;
2734;202100001824;198 537;A01;1;10;0;2;8;11;1;
2735;202100001824;198 538;C01;1;7;0;2;4;2;1;
2736;202100001824;198 539;B01;1;43;0;2;2;2;1;
2737;202100001825;198 535;B01;2;7;0;2;2;0;1;
2738;202100001825;198 536;A01;2;7;3;2;6;1;3;
2739;202100001826;198 533;A01;2;7;0;2;7;17;1;
2740;202100001826;198 534;B01;2;7;0;2;3;1;1;
2741;202100001827;198 531;A01;2;7;0;2;1;1;1;
2742;202100001827;198 532;B01;2;7;0;2;4;1;1;
2743;202100001828;198 529;A01;2;7;0;2;1;2;1;
2744;202100001828;198 530;B01;2;7;0;2;4;2;1;
2745;202100001829;198 527;B01;1;7;0;2;0;0;1;
2746;202100001829;198 528;A01;1;7;0;0;2;17;1;
2747;202100001830;198 525;A01;1;30;0;2;1;26;1;
2748;202100001830;198 526;B01;2;30;0;2;1;21;1;
2749;202100001831;198 524;A01;3;0;0;1;0;26;1;
2750;202100001832;198 522;A01;2;7;0;2;5;15;1;
2751;202100001832;198 523;B01;1;2;0;2;1;1;1;
2752;202100001833;198 521;A01;3;30;15;0;8;13;1;
2753;202100001834;198 519;A01;1;30;0;2;1;1;1;
2754;202100001834;198 520;B01;1;7;0;2;4;2;1;
2755;202100001835;198 517;A01;1;50;0;2;1;1;3;
2756;202100001835;198 518;B01;1;7;0;2;2;1;1;
2757;202100001836;198 515;A01;1;7;0;2;8;11;1;
2758;202100001836;198 516;B01;1;33;0;2;7;1;1;
2759;202100001837;198 513;A01;1;7;0;2;1;21;1;
2760;202100001837;198 514;B01;1;7;0;2;4;1;1;
2761;202100001838;198 511;B01;1;7;0;2;7;15;1;
2762;202100001838;198 512;A01;2;33;0;2;1;1;1;
2763;202100001839;198 510;A01;2;13;0;1;3;15;1;
2764;202100001841;198 508;A01;1;30;0;1;1;17;1;
2765;202100001842;198 507;A01;1;7;15;0;1;0;1;
2766;202100001843;198 505;A01;3;7;0;2;1;26;1;
2767;202100001843;198 506;B01;2;7;0;2;1;26;1;
2768;202100001844;198 503;B01;2;7;0;2;6;24;1;
2769;202100001844;198 504;A01;1;7;1;0;1;13;1;
2770;202100001845;198 501;A01;3;7;0;2;2;19;1;
2771;202100001845;198 502;B01;3;1;0;2;1;1;5;
2772;202100001846;198 499;B01;3;1;0;2;7;19;0;
2773;202100001846;198 500;A01;1;7;0;9;1;26;1;
2774;202100001847;198 497;A01;0;7;0;2;1;1;1;
2775;202100001847;198 498;B01;0;7;0;2;2;1;1;
2776;202100001848;198 495;A01;3;7;15;0;8;26;0;
2777;202100001848;198 496;B01;1;10;0;0;1;1;0;
2778;202100001849;198 493;A01;2;7;0;2;1;2;1;
2779;202100001849;198 494;B01;2;7;0;2;4;1;1;
2780;202100001850;198 491;B01;2;7;0;2;4;2;1;
2781;202100001850;198 492;Z01;1;7;0;2;1;2;0;
2782;202100001851;198 488;B01;3;15;0;2;4;11;1;
2783;202100001851;198 489;A01;3;7;0;2;1;12;1;
2784;202100001852;198 487;A01;1;7;0;0;1;9;1;
2785;202100001853;198 485;A01;0;7;0;2;2;9;1;
2786;202100001853;198 486;B01;0;3;0;2;3;1;1;
2787;202100001854;198 483;B01;1;7;0;2;8;15;1;
2788;202100001854;198 484;A01;1;33;0;2;1;17;1;
2789;202100001855;198 481;A01;1;7;0;2;1;2;1;
2790;202100001855;198 482;B01;1;7;0;2;4;2;1;
2791;202100001856;198 479;B01;1;80;1;2;6;1;3;
2792;202100001856;198 480;A01;1;7;0;2;1;1;1;
2793;202100001857;198 476;C01;2;7;0;2;0;0;1;
2794;202100001857;198 477;B01;2;7;0;2;0;0;1;
2795;202100001857;198 478;A01;1;7;0;2;3;13;2;
2796;202100001858;198 474;A01;1;7;0;2;3;5;1;
2797;202100001858;198 475;B01;2;7;0;2;3;1;1;
2798;202100001859;198 472;A01;1;7;0;2;1;2;1;
2799;202100001859;198 473;B01;1;7;0;2;4;2;1;
2800;202100001860;198 470;A01;1;7;0;2;3;13;1;
2801;202100001860;198 471;B01;1;17;0;2;3;1;1;
2802;202100001861;198 469;A01;1;40;0;1;2;26;3;
2803;202100001862;198 468;A01;3;7;0;1;1;15;1;
2804;202100001863;198 466;B01;1;20;0;2;1;5;0;
2805;202100001863;198 467;A01;2;20;0;0;1;1;1;
2806;202100001864;198 465;A01;1;33;16;0;0;1;1;
2807;202100001866;198 462;A01;1;7;0;1;1;1;1;
2808;202100001867;198 459;A01;2;7;0;2;9;1;1;
2809;202100001867;198 460;B01;1;10;0;2;8;1;1;
2810;202100001867;198 461;C01;1;7;0;2;2;1;1;
2811;202100001868;198 457;A01;1;7;0;9;1;1;1;
2812;202100001868;198 458;B01;1;1;0;2;8;15;5;
2813;202100001869;198 452;E01;1;7;0;2;1;1;1;
2814;202100001869;198 453;D01;1;7;0;2;8;1;1;
2815;202100001869;198 454;C01;1;15;0;2;6;1;1;
2816;202100001869;198 455;B01;1;7;0;2;2;1;1;
2817;202100001869;198 456;A01;1;7;0;2;9;17;1;
2818;202100001871;198 448;B01;1;30;0;2;1;26;1;
2819;202100001871;198 449;A01;1;7;0;2;8;26;1;
2820;202100001872;198 447;A01;1;7;0;1;3;26;1;
2821;202100001874;198 445;A01;2;7;6;0;4;14;1;
2822;202100001877;198 437;B01;1;7;0;2;4;2;1;
2823;202100001877;198 438;A01;1;14;0;2;1;2;1;
2824;202100001878;198 435;A01;2;7;0;2;4;23;1;
2825;202100001878;198 436;B01;2;7;0;2;1;2;1;
2826;202100001879;198 433;A01;1;7;0;2;1;1;1;
2827;202100001879;198 434;B01;1;7;0;2;4;1;1;
2828;202100001880;198 432;A01;1;30;0;0;0;1;1;
2829;202100001881;198 431;A01;2;7;8;0;1;15;1;
2830;202100001882;198 430;A01;1;7;0;1;3;26;1;
2831;202100001884;198 427;B01;3;7;0;2;1;5;1;
2832;202100001884;198 428;A01;3;7;0;2;1;1;1;
2833;202100001885;198 426;A01;0;7;0;1;1;19;1;
2834;202100001886;198 425;A01;0;7;3;0;1;1;1;
2835;202100001887;198 423;B01;3;1;0;2;1;1;5;
2836;202100001887;198 424;A01;3;7;0;2;8;1;1;
2837;202100001888;198 421;A01;2;7;0;2;2;26;1;
2838;202100001888;198 422;B01;1;7;0;2;1;0;1;
2839;202100001890;198 417;B01;1;7;0;2;3;15;1;
2840;202100001890;198 418;A01;1;7;6;2;2;21;1;
2841;202100001891;198 415;B01;1;7;0;2;6;1;1;
2842;202100001891;198 416;A01;1;7;0;2;2;26;1;
2843;202100001892;198 414;A01;3;7;0;1;1;1;3;
2844;202100001893;198 413;A01;2;30;2;0;3;26;1;
2845;202100001894;198 411;A01;1;7;15;1;2;15;0;
2846;202100001894;198 412;B01;1;7;15;1;5;23;1;
2847;202100001895;198 409;A01;0;7;0;2;3;2;1;
2848;202100001895;198 410;B01;0;1;0;0;0;0;0;
2849;202100001896;198 407;B01;1;33;0;2;2;1;1;
2850;202100001896;198 408;A01;1;7;0;2;3;12;1;
2851;202100001897;198 406;A01;3;7;0;1;1;1;1;
2852;202100001898;198 404;B01;2;14;0;2;3;1;1;
2853;202100001898;198 405;A01;1;7;0;2;1;13;1;
2854;202100001899;198 401;C01;2;7;0;2;6;23;1;
2855;202100001899;198 402;B01;2;33;0;2;4;23;1;
2856;202100001899;198 403;A01;2;31;0;2;1;1;1;
2857;202100001900;198 400;A01;1;7;2;0;2;21;1;
2858;202100001901;198 398;A01;2;7;4;2;9;16;1;