;Num_Acc;id_vehicule;num_veh;senc;catv;obs;obsm;choc;manv;motor;occutc
2859;202100001901;198 399;B01;2;7;4;2;8;1;1;
2860;202100001902;198 396;A01;1;32;0;2;4;7;1;
2861;202100001902;198 397;B01;1;7;0;2;1;16;1;
2862;202100001903;198 394;A01;1;31;14;0;1;14;1;
2863;202100001904;198 393;A01;2;50;0;1;0;25;3;
2864;202100001906;198 390;A01;1;50;0;0;1;1;3;
2865;202100001907;198 388;B01;2;32;0;2;1;1;3;
2866;202100001907;198 389;A01;1;7;0;2;2;15;2;
2867;202100001908;198 386;A01;2;7;0;2;7;11;1;
2868;202100001908;198 387;B01;2;2;0;2;3;11;1;
2869;202100001909;198 385;A01;2;7;0;1;2;26;1;
2870;202100001910;198 383;B01;2;1;0;2;6;1;5;
2871;202100001910;198 384;A01;2;7;0;9;1;1;2;
2872;202100001911;198 377;A01;2;7;0;2;1;1;1;
2873;202100001911;198 378;B01;2;7;0;2;8;2;1;
2874;202100001912;198 375;B01;2;33;0;2;3;1;1;
2875;202100001912;198 376;A01;1;7;0;2;3;15;1;
2876;202100001913;198 373;B01;3;33;0;2;1;1;1;
2877;202100001913;198 374;A01;3;10;0;2;2;5;1;
2878;202100001914;198 372;A01;3;10;0;1;1;15;3;
2879;202100001915;198 371;A01;2;7;6;0;2;14;1;
2880;202100001916;198 369;B01;-1;3;0;2;4;2;0;
2881;202100001916;198 370;A01;-1;3;0;2;1;23;0;
2882;202100001918;198 365;A01;2;2;0;2;3;26;1;
2883;202100001918;198 366;B01;2;7;0;2;1;26;2;
2884;202100001919;198 363;B01;1;33;0;2;7;2;1;
2885;202100001919;198 364;A01;1;7;0;2;8;11;1;
2886;202100001921;198 360;A01;3;7;0;2;1;16;1;
2887;202100001921;198 361;B01;3;10;0;0;0;0;1;
2888;202100001922;198 358;A01;1;7;0;2;1;1;1;
2889;202100001922;198 359;B01;1;50;0;2;8;19;3;
2890;202100001923;198 357;A01;0;34;0;0;8;1;0;
2891;202100001924;198 355;A01;1;7;0;2;6;23;1;
2892;202100001924;198 356;B01;1;7;1;0;2;0;1;
2893;202100001925;198 353;B01;2;33;0;2;1;1;1;
2894;202100001925;198 354;A01;1;7;0;2;5;15;1;
2895;202100001926;198 350;A01;1;7;0;2;1;17;1;
2896;202100001926;198 351;B01;2;2;0;2;1;1;1;
2897;202100001927;198 349;A01;2;14;0;1;2;1;1;
2898;202100001928;198 348;A01;0;7;2;0;3;1;1;
2899;202100001929;198 346;A01;2;7;0;2;1;2;1;
2900;202100001929;198 347;B01;2;7;0;2;4;15;1;
2901;202100001930;198 344;B01;1;7;0;2;1;1;1;
2902;202100001930;198 345;A01;2;7;0;2;1;13;1;
2903;202100001931;198 343;A01;2;7;13;0;1;1;1;
2904;202100001932;198 341;A01;1;7;0;2;3;0;1;
2905;202100001932;198 342;B01;2;7;0;2;3;0;1;
2906;202100001933;198 340;A01;2;7;0;1;2;2;1;
2907;202100001934;198 338;B01;2;7;0;2;1;1;1;
2908;202100001934;198 339;A01;1;10;0;2;1;1;1;
2909;202100001935;198 337;B01;0;0;0;0;0;0;0;
2910;202100001936;198 335;B01;2;15;0;2;3;1;1;
2911;202100001936;198 336;A01;1;7;0;2;1;13;1;
2912;202100001937;198 334;A01;1;7;15;0;9;1;1;
2913;202100001938;198 333;A01;2;10;0;1;3;9;1;
2914;202100001939;198 332;A01;1;7;0;1;1;13;1;
2915;202100001940;198 331;A01;1;33;8;0;8;13;1;
2916;202100001941;198 329;A01;1;7;0;2;1;1;1;
2917;202100001941;198 330;B01;1;15;0;0;4;1;1;
2918;202100001942;198 328;A01;1;10;0;1;2;1;1;
2919;202100001943;198 327;A01;2;7;8;0;3;1;1;
2920;202100001944;198 326;A01;2;7;16;0;0;1;1;
2921;202100001945;198 324;A01;1;7;0;2;1;15;1;
2922;202100001945;198 325;B01;2;7;0;2;2;1;1;
2923;202100001946;198 323;A01;2;2;0;6;1;0;1;
2924;202100001949;198 318;A01;3;7;6;0;1;1;1;
2925;202100001950;198 317;A01;1;7;0;0;7;1;1;
2926;202100001951;198 315;A01;0;7;0;2;8;16;1;
2927;202100001951;198 316;B01;1;7;0;2;1;1;1;
2928;202100001952;198 312;A01;1;7;0;2;1;15;2;
2929;202100001952;198 313;B01;2;7;0;2;1;1;1;
2930;202100001952;198 314;C01;1;14;0;2;3;1;1;
2931;202100001953;198 310;A01;3;7;0;2;3;1;1;
2932;202100001953;198 311;B01;3;2;0;2;1;1;3;
2933;202100001954;198 309;A01;1;33;12;0;7;1;1;
2934;202100001955;198 307;B01;2;7;0;2;2;1;1;
2935;202100001955;198 308;A01;1;7;0;2;3;15;1;
2936;202100001956;198 304;C01;3;15;0;2;3;23;1;
2937;202100001956;198 305;A01;2;15;0;2;5;15;1;
2938;202100001956;198 306;B01;1;7;0;2;1;1;1;
2939;202100001957;198 301;C01;1;7;0;2;1;1;1;
2940;202100001957;198 302;B01;1;7;0;2;6;1;1;
2941;202100001957;198 303;A01;2;7;0;2;3;13;1;
2942;202100001958;198 300;A01;1;15;8;0;1;1;1;
2943;202100001960;198 297;A01;1;7;0;2;3;5;1;
2944;202100001960;198 298;B01;2;33;0;0;8;1;1;
2945;202100001961;198 295;A01;1;10;0;2;1;15;1;
2946;202100001961;198 296;B01;2;2;0;2;1;1;1;
2947;202100001962;198 294;A01;2;7;4;0;3;1;1;
2948;202100001963;198 292;A01;1;7;0;2;3;13;1;
2949;202100001963;198 293;B01;2;10;13;2;8;1;1;
2950;202100001964;198 290;A01;1;7;0;2;2;5;1;
2951;202100001964;198 291;B01;2;7;0;2;1;1;1;
2952;202100001965;198 289;A01;1;39;0;1;2;0;3;
2953;202100001966;198 288;A01;2;7;2;0;1;1;1;
2954;202100001967;198 286;B01;1;14;0;2;3;1;1;
2955;202100001967;198 287;A01;2;7;0;2;3;13;1;
2956;202100001969;198 282;A01;2;7;0;0;3;23;1;
2957;202100001969;198 283;B01;2;7;1;0;2;2;1;
2958;202100001970;198 280;A01;1;7;0;2;4;26;1;
2959;202100001970;198 281;B01;1;7;0;2;0;26;1;
2960;202100001971;198 279;A01;1;34;3;0;7;1;1;
2961;202100001972;198 277;B01;1;7;0;2;1;2;1;
2962;202100001972;198 278;A01;1;7;0;2;4;2;1;
2963;202100001973;198 275;A01;2;10;0;2;7;21;1;
2964;202100001973;198 276;B01;2;7;0;2;8;1;1;
2965;202100001974;198 273;B01;1;7;0;2;1;1;1;
2966;202100001974;198 274;A01;1;7;0;2;4;1;1;
2967;202100001975;198 271;B01;1;10;0;2;1;1;1;
2968;202100001975;198 272;A01;1;7;0;2;4;1;1;
2969;202100001976;198 268;A01;1;7;0;2;4;2;3;
2970;202100001976;198 269;C01;1;7;0;2;1;2;1;
2971;202100001976;198 270;B01;1;7;0;2;4;2;1;
2972;202100001977;198 266;B01;2;7;4;0;4;23;1;
2973;202100001977;198 267;A01;2;10;14;0;1;1;1;
2974;202100001978;198 264;A01;2;33;0;2;1;11;1;
2975;202100001978;198 265;B01;2;7;0;2;4;1;1;
2976;202100001979;198 261;A01;2;10;0;2;1;2;1;
2977;202100001979;198 262;B01;2;7;0;2;4;2;1;
2978;202100001979;198 263;C01;2;7;0;2;4;2;1;
2979;202100001980;198 260;A01;2;17;16;0;7;26;1;
2980;202100001982;198 256;A01;2;7;0;2;1;2;1;
2981;202100001982;198 257;B01;2;10;0;2;5;2;1;
2982;202100001985;198 251;A01;2;7;3;0;2;14;1;
2983;202100001986;198 249;B01;1;7;0;1;5;26;1;
2984;202100001986;198 250;A01;1;30;0;2;1;1;1;
2985;202100001987;198 247;A01;2;32;0;2;3;1;1;
2986;202100001987;198 248;B01;1;30;0;2;2;1;1;
2987;202100001988;198 245;A01;3;7;0;2;1;10;1;
2988;202100001988;198 246;B01;3;30;0;2;1;1;1;
2989;202100001989;198 243;B01;1;30;0;2;2;1;1;
2990;202100001989;198 244;A01;1;30;0;2;4;15;1;
2991;202100001990;198 241;B01;1;33;0;2;0;1;1;
2992;202100001990;198 242;A01;2;10;0;0;1;16;1;
2993;202100001991;198 240;T01;3;40;0;1;3;1;3;
2994;202100001992;198 236;A01;1;7;0;2;1;0;0;
2995;202100001992;198 237;B01;1;7;0;2;4;23;1;
2996;202100001992;198 238;C01;1;7;0;2;4;23;1;
2997;202100001992;198 239;D01;1;7;0;2;4;23;1;
2998;202100001993;198 234;B01;3;32;0;2;3;1;1;
2999;202100001993;198 235;A01;3;7;0;2;2;15;1;
3000;202100001994;198 233;A01;1;10;0;1;3;1;1;
3001;202100001995;198 231;A01;0;7;0;2;1;1;1;
3002;202100001995;198 232;B01;0;1;0;2;8;15;5;
3003;202100001996;198 229;A01;1;7;0;2;2;1;1;
3004;202100001996;198 230;B01;2;50;0;2;1;14;3;
3005;202100001997;198 228;A01;1;7;0;1;1;1;2;
3006;202100001998;198 226;A01;0;33;0;2;2;19;1;
3007;202100001998;198 227;B01;0;7;0;2;3;1;1;
3008;202100001999;198 224;A01;1;7;0;1;4;1;1;
3009;202100001999;198 225;B01;1;7;0;2;1;2;1;
3010;202100002000;198 216;A01;1;15;0;2;2;15;1;
3011;202100002000;198 217;B01;2;2;0;2;1;1;1;
3012;202100002002;198 213;A01;3;30;0;2;1;26;1;
3013;202100002002;198 214;B01;0;10;0;2;3;9;1;
3014;202100002004;198 208;A01;1;7;0;2;2;1;1;
3015;202100002004;198 209;B01;2;7;0;2;1;1;1;
3016;202100002005;198 207;A01;1;7;1;0;8;14;1;
3017;202100002006;198 206;A01;1;7;13;2;1;14;1;
3018;202100002007;198 204;A01;1;1;1;2;2;15;5;
3019;202100002007;198 205;Z01;2;7;0;2;1;16;0;
3020;202100002008;198 202;A01;2;33;0;2;3;18;1;
3021;202100002008;198 203;B01;2;7;0;2;2;14;1;
3022;202100002009;198 200;B01;1;7;0;2;2;2;1;
3023;202100002009;198 201;A01;2;7;0;2;3;9;1;
3024;202100002010;198 198;A01;1;7;0;2;7;9;1;
3025;202100002010;198 199;B01;1;1;0;2;3;9;0;
3026;202100002011;198 196;B01;1;7;0;2;1;1;1;
3027;202100002011;198 197;A01;2;7;0;2;1;26;1;
3028;202100002012;198 195;A01;2;7;2;0;1;26;1;
3029;202100002013;198 194;A01;2;7;0;2;1;26;1;
3030;202100002015;198 191;A01;1;7;0;1;1;15;1;
3031;202100002016;198 187;D01;2;7;0;2;4;2;1;
3032;202100002016;198 188;C01;2;7;0;2;4;2;1;
3033;202100002016;198 189;B01;2;7;0;2;4;2;1;
3034;202100002016;198 190;A01;2;10;0;2;1;1;1;
3035;202100002017;198 186;A01;3;7;2;1;1;13;1;
3036;202100002018;198 185;A01;1;7;0;1;2;26;2;
3037;202100002019;198 183;A01;1;7;0;2;2;9;1;
3038;202100002019;198 184;B01;1;7;0;2;3;1;1;
3039;202100002020;198 181;B01;2;7;0;2;8;15;1;
3040;202100002020;198 182;A01;2;1;0;2;1;1;5;
3041;202100002021;198 179;A01;3;15;0;1;0;1;1;
3042;202100002022;198 176;A01;2;7;0;2;1;9;1;
3043;202100002022;198 177;B01;2;7;0;2;9;23;1;
3044;202100002022;198 178;C01;2;7;0;2;5;23;1;
3045;202100002023;198 174;B01;0;1;0;2;3;26;5;
3046;202100002023;198 175;A01;2;7;0;2;3;2;1;
3047;202100002025;198 171;A01;2;7;0;2;1;5;1;
3048;202100002025;198 172;B01;1;7;0;2;1;1;1;
3049;202100002026;198 169;B01;2;30;0;2;1;1;1;
3050;202100002026;198 170;A01;2;7;0;2;8;15;1;
3051;202100002027;198 168;A01;1;7;0;5;1;1;1;
3052;202100002028;198 166;B01;1;7;0;2;1;1;1;
3053;202100002028;198 167;A01;1;7;0;2;3;1;1;
3054;202100002029;198 165;A01;2;37;0;0;0;1;1;3.0
3055;202100002030;198 163;A01;0;7;0;2;1;3;1;
3056;202100002030;198 164;B01;0;37;0;2;3;1;1;6.0
3057;202100002031;198 162;A01;3;32;13;0;7;1;1;
3058;202100002032;198 161;A01;0;10;0;1;0;1;1;
3059;202100002034;198 159;A01;1;15;2;0;3;14;1;
3060;202100002036;198 155;A01;2;7;0;9;1;9;1;
3061;202100002036;198 156;B01;2;80;0;2;4;1;3;
3062;202100002037;198 152;A01;2;7;0;2;1;1;1;
3063;202100002037;198 153;B01;2;7;0;2;4;23;1;
3064;202100002037;198 154;C01;2;7;0;2;4;23;1;
3065;202100002038;198 149;A01;1;14;0;2;3;2;1;
3066;202100002038;198 150;B01;1;7;0;2;6;1;1;
3067;202100002038;198 151;C01;1;33;0;2;7;3;1;
3068;202100002039;198 146;C01;1;7;0;2;4;2;1;
3069;202100002039;198 147;B01;1;7;0;2;1;2;1;
3070;202100002039;198 148;A01;1;7;0;2;1;2;1;
3071;202100002041;198 144;A01;1;43;0;1;2;1;1;
3072;202100002042;198 142;B01;1;10;0;2;3;9;1;
3073;202100002042;198 143;A01;2;32;0;2;1;17;1;
3074;202100002043;198 141;A01;2;7;2;0;3;21;1;
3075;202100002044;198 139;B01;2;32;0;2;0;21;1;
3076;202100002044;198 140;A01;1;7;0;2;0;15;1;
3077;202100002045;198 137;B01;3;7;0;2;8;1;1;
3078;202100002045;198 138;A01;3;50;0;2;1;1;3;
3079;202100002046;198 135;A01;1;1;0;2;1;1;5;
3080;202100002046;198 136;Z01;2;50;0;2;1;1;3;
3081;202100002047;198 134;A01;2;33;0;1;1;1;1;
3082;202100002050;198 130;A01;0;10;2;0;1;0;1;
3083;202100002051;198 127;C01;2;10;0;2;1;2;1;
3084;202100002051;198 128;B01;2;7;0;2;4;1;1;
3085;202100002051;198 129;A01;2;7;0;2;4;16;1;
3086;202100002052;198 125;B01;1;7;0;2;3;1;2;
3087;202100002052;198 126;A01;1;1;0;2;1;1;5;
3088;202100002053;198 124;A01;0;7;1;0;2;2;1;
3089;202100002054;198 121;A01;2;7;1;2;2;17;1;
3090;202100002054;198 122;B01;2;7;0;2;8;1;1;
3091;202100002054;198 123;D01;2;7;0;2;4;24;1;
3092;202100002056;198 118;A01;1;10;0;1;2;1;1;
3093;202100002057;198 116;A01;-1;7;0;2;8;15;1;
3094;202100002057;198 117;B01;-1;32;0;2;2;1;1;
3095;202100002058;198 115;A01;2;30;0;1;1;1;1;
3096;202100002059;198 114;A01;1;7;0;1;2;1;1;
3097;202100002060;198 112;B01;3;7;0;2;0;0;1;
3098;202100002060;198 113;A01;3;50;0;2;3;1;3;
3099;202100002061;198 111;A01;1;7;0;1;3;2;1;
3100;202100002062;198 109;B01;2;10;0;0;6;23;1;
3101;202100002062;198 110;A01;2;1;1;0;1;1;5;
3102;202100002063;198 107;B01;0;7;0;0;4;1;1;
3103;202100002063;198 108;A01;3;2;0;2;1;2;1;
3104;202100002064;198 106;A01;2;33;15;0;1;1;1;
3105;202100002065;198 105;A01;1;7;13;0;1;14;1;
3106;202100002066;198 104;A01;2;7;1;0;1;13;1;
3107;202100002067;198 102;B01;1;7;0;2;1;1;1;
3108;202100002067;198 103;A01;2;10;0;2;1;17;1;
3109;202100002068;198 101;A01;3;2;1;0;7;1;1;
3110;202100002069;198 098;C01;1;7;0;2;2;1;1;
3111;202100002069;198 099;B01;1;7;0;2;1;1;1;
3112;202100002069;198 100;A01;2;7;0;2;1;13;1;
3113;202100002070;198 096;A01;1;10;0;9;0;0;1;
3114;202100002070;198 097;B01;1;1;0;9;1;2;5;
3115;202100002071;198 095;A01;2;7;13;0;9;17;1;
3116;202100002072;198 094;A01;1;2;13;0;0;13;1;
3117;202100002073;198 092;B01;1;7;0;2;3;1;1;
3118;202100002073;198 093;A01;2;10;0;2;3;13;1;
3119;202100002074;198 089;C01;3;7;0;0;6;0;1;
3120;202100002074;198 090;B01;3;7;0;0;2;0;1;
3121;202100002074;198 091;A01;3;7;0;0;3;0;1;
3122;202100002075;198 087;A01;1;7;0;2;3;9;1;
3123;202100002075;198 088;B01;2;2;0;2;1;1;1;
3124;202100002076;198 086;A01;1;7;13;0;0;1;1;
3125;202100002077;198 085;A01;0;7;13;0;3;17;1;
3126;202100002078;198 084;A01;3;10;0;1;1;15;1;
3127;202100002079;198 082;A01;2;7;0;0;1;1;1;
3128;202100002079;198 083;B01;1;10;0;0;1;1;1;
3129;202100002080;198 081;A01;2;10;0;1;1;0;1;
3130;202100002081;198 079;B01;2;7;0;2;3;15;1;
3131;202100002081;198 080;A01;2;31;13;9;1;17;1;
3132;202100002082;198 077;C01;1;7;0;2;4;24;1;
3133;202100002082;198 078;A01;1;7;1;0;3;13;1;
3134;202100002083;198 076;A01;2;7;13;0;9;14;1;
3135;202100002084;198 073;A01;1;7;0;2;3;1;1;
3136;202100002084;198 074;B01;2;7;0;2;3;1;1;
3137;202100002084;198 075;C01;1;7;0;2;2;1;1;
3138;202100002086;198 070;B01;1;7;0;2;1;1;1;
3139;202100002086;198 071;A01;2;7;0;2;1;17;1;
3140;202100002087;198 069;A01;1;2;8;0;3;1;1;
3141;202100002088;198 066;A01;2;7;0;2;3;0;1;
3142;202100002088;198 067;B01;1;10;0;2;3;1;1;
3143;202100002088;198 068;C01;2;7;0;2;1;0;0;
3144;202100002089;198 064;B01;2;10;0;2;2;1;1;
3145;202100002089;198 065;A01;2;10;0;2;3;11;1;
3146;202100002090;198 062;A01;2;7;0;2;2;1;1;
3147;202100002090;198 063;B01;3;10;14;0;2;19;1;
3148;202100002091;198 061;A01;1;7;13;0;1;2;1;
3149;202100002092;198 058;A01;1;7;0;0;6;11;1;
3150;202100002092;198 059;B01;1;7;0;2;2;1;1;
3151;202100002092;198 060;C01;1;7;0;2;2;1;1;
3152;202100002093;198 056;A01;1;14;0;2;3;1;1;
3153;202100002093;198 057;B01;2;10;0;2;1;5;1;
3154;202100002095;198 053;A01;2;7;3;0;3;16;1;
3155;202100002096;198 050;A01;2;7;3;2;4;2;1;
3156;202100002096;198 051;B01;2;7;0;2;1;2;1;
3157;202100002096;198 052;C01;2;15;0;0;8;1;1;
3158;202100002097;198 048;A01;1;31;0;2;8;5;1;
3159;202100002097;198 049;B01;2;7;0;2;8;21;1;
3160;202100002098;198 046;A01;1;33;0;2;1;1;1;
3161;202100002098;198 047;B01;0;7;0;9;8;15;1;
3162;202100002099;198 044;A01;1;7;0;2;6;17;1;
3163;202100002099;198 045;B01;1;33;0;2;1;17;1;
3164;202100002100;198 042;B01;1;7;0;2;3;1;1;
3165;202100002100;198 043;A01;1;7;0;0;8;15;1;
3166;202100002101;198 041;A01;3;7;2;0;1;0;1;
3167;202100002102;198 040;A01;1;31;0;0;7;0;1;
3168;202100002103;198 039;A01;1;7;13;0;1;1;1;
3169;202100002104;198 038;A01;1;2;0;0;2;0;1;
3170;202100002105;198 037;A01;1;7;2;0;1;5;1;
3171;202100002106;198 035;A01;1;7;0;2;1;15;1;
3172;202100002106;198 036;B01;2;7;0;2;1;1;1;
3173;202100002107;198 034;A01;1;7;0;1;5;1;1;
3174;202100002108;198 033;A01;3;2;0;0;1;1;1;
3175;202100002109;198 030;A01;2;17;0;2;5;16;1;
3176;202100002109;198 031;B01;2;80;0;2;3;1;3;
3177;202100002110;198 026;D01;1;7;0;2;9;26;1;
3178;202100002110;198 027;C01;1;7;0;2;9;0;1;
3179;202100002110;198 028;B01;1;7;0;2;9;26;1;
3180;202100002110;198 029;A01;1;7;0;2;4;26;1;
3181;202100002111;198 025;A01;1;7;6;0;1;0;1;
3182;202100002112;198 023;A01;1;10;0;2;7;1;1;
3183;202100002112;198 024;B01;1;37;0;2;2;1;1;1.0
3184;202100002113;198 016;A01;1;7;0;2;1;2;1;
3185;202100002113;198 017;B01;1;10;0;2;4;2;1;
3186;202100002113;198 018;C01;1;10;0;2;4;2;1;
3187;202100002113;198 019;D01;1;7;0;2;4;2;1;
3188;202100002113;198 020;E01;1;7;0;2;4;2;1;
3189;202100002114;198 015;A01;2;7;4;0;3;21;1;
3190;202100002116;198 013;A01;1;33;4;2;9;26;1;
3191;202100002117;198 011;A01;3;10;0;2;7;1;1;
3192;202100002117;198 012;B01;3;33;0;2;1;1;1;
3193;202100002118;198 010;A01;3;7;6;0;9;21;1;
3194;202100002119;198 009;A01;2;7;0;1;3;25;1;
3195;202100002120;198 006;A01;2;7;0;2;1;0;1;
3196;202100002120;198 007;B01;1;7;0;2;1;1;1;
3197;202100002120;198 008;C01;2;7;0;2;6;0;1;
3198;202100002121;198 004;B01;3;30;0;2;1;1;1;
3199;202100002121;198 005;A01;3;30;0;2;1;1;1;
3200;202100002122;198 003;A01;1;7;8;0;1;26;1;
3201;202100002123;198 001;A01;2;7;0;2;3;15;1;
3202;202100002123;198 002;B01;1;7;0;2;2;1;1;
3203;202100002124;197 998;A01;1;7;0;2;2;20;1;
3204;202100002124;197 999;B01;1;7;0;2;6;24;1;
3205;202100002124;198 000;Z01;1;7;0;2;2;1;0;
3206;202100002125;197 997;A01;2;7;1;0;1;19;1;
3207;202100002126;197 995;A01;2;7;0;2;1;15;1;
3208;202100002126;197 996;B01;1;1;0;2;7;1;5;
3209;202100002127;197 993;B01;1;60;0;2;1;26;5;
3210;202100002127;197 994;A01;2;7;0;9;2;1;1;
3211;202100002129;197 990;A01;3;7;0;2;3;15;1;
3212;202100002129;197 991;B01;2;2;0;2;7;1;1;
3213;202100002131;197 983;A01;1;7;0;2;3;13;1;
3214;202100002131;197 984;B01;2;7;0;2;3;1;1;
3215;202100002132;197 982;A01;1;32;6;0;3;26;1;
3216;202100002133;197 980;A01;1;31;0;2;1;26;1;
3217;202100002133;197 981;B01;2;7;0;2;1;15;1;
3218;202100002134;197 976;B01;2;7;0;2;2;15;1;
3219;202100002134;197 977;A01;1;1;0;2;3;1;5;
3220;202100002135;197 974;B01;3;7;0;2;1;0;1;
3221;202100002135;197 975;A01;3;30;0;2;2;15;1;
3222;202100002136;197 973;A01;3;7;16;0;9;13;1;
3223;202100002137;197 971;A01;2;7;0;2;1;1;1;
3224;202100002137;197 972;B01;2;7;0;2;4;23;1;
3225;202100002138;197 969;A01;2;10;0;2;1;1;1;
3226;202100002138;197 970;B01;2;30;0;2;4;1;1;
3227;202100002139;197 967;A01;1;7;0;2;3;13;1;
3228;202100002139;197 968;B01;2;7;0;2;3;1;1;
3229;202100002140;197 962;A01;3;7;0;0;0;0;0;
3230;202100002140;197 963;B01;3;7;0;0;0;0;0;
3231;202100002141;197 960;B01;3;10;0;2;6;19;1;
3232;202100002141;197 961;A01;2;33;0;9;3;17;1;
3233;202100002143;197 957;A01;3;99;12;0;0;1;3;
3234;202100002144;197 955;A01;1;7;0;2;5;0;1;
3235;202100002144;197 956;B01;1;7;0;2;1;0;1;
3236;202100002145;197 953;A01;1;7;0;2;3;0;1;
3237;202100002145;197 954;B01;2;7;0;2;8;0;1;
3238;202100002146;197 950;B01;2;7;0;2;5;23;2;
3239;202100002146;197 951;A01;2;7;0;2;1;2;1;
3240;202100002147;197 948;B01;3;2;0;2;8;1;1;
3241;202100002147;197 949;A01;3;10;0;2;1;1;1;
3242;202100002148;197 946;B01;1;30;0;2;1;1;1;
3243;202100002148;197 947;A01;2;7;0;2;2;15;1;
3244;202100002149;197 944;B01;3;7;0;2;3;2;1;
3245;202100002149;197 945;A01;3;33;0;2;1;13;1;
3246;202100002150;197 943;A01;3;7;0;1;1;1;1;
3247;202100002151;197 941;B01;2;7;0;0;6;1;1;
3248;202100002151;197 942;A01;2;7;0;2;2;2;1;
3249;202100002153;197 937;A01;1;33;0;2;3;3;1;
3250;202100002153;197 938;B01;1;7;0;2;5;12;1;
3251;202100002154;197 936;A01;1;7;0;1;3;1;1;
3252;202100002155;197 935;A01;1;50;12;0;2;14;3;
3253;202100002156;197 933;B01;3;7;0;2;1;15;1;
3254;202100002156;197 934;A01;3;7;0;2;4;15;1;
3255;202100002157;197 931;A01;1;7;0;2;2;15;1;
3256;202100002157;197 932;B01;2;33;0;2;8;1;1;
3257;202100002158;197 927;A01;2;7;0;2;2;15;1;
3258;202100002158;197 928;B01;1;7;0;2;3;1;1;
3259;202100002158;197 929;C01;1;7;0;2;5;23;1;
3260;202100002158;197 930;D01;1;7;0;2;4;23;1;
3261;202100002159;197 925;A01;3;7;0;2;3;19;1;
3262;202100002159;197 926;B01;3;7;0;2;2;1;1;
3263;202100002160;197 923;A01;1;7;0;2;1;1;1;
3264;202100002160;197 924;Z01;1;7;0;2;7;15;0;
3265;202100002161;197 921;A01;1;10;0;2;7;1;1;
3266;202100002161;197 922;B01;1;7;0;2;3;1;1;
3267;202100002162;197 918;C01;1;7;0;2;1;0;1;
3268;202100002162;197 919;B01;1;10;0;2;7;1;1;
3269;202100002162;197 920;A01;2;7;1;2;1;26;1;
3270;202100002164;197 914;B01;1;7;0;2;1;1;1;
3271;202100002164;197 915;A01;1;7;0;2;1;9;1;
3272;202100002164;197 916;C01;1;7;3;2;4;9;1;
3273;202100002165;197 913;A01;2;7;2;0;1;0;1;
3274;202100002166;197 912;A01;1;7;13;0;2;14;1;
3275;202100002167;197 911;A01;1;7;6;0;2;2;1;
3276;202100002168;197 910;A01;1;7;9;0;9;1;1;
3277;202100002169;197 909;A01;2;14;3;0;8;1;1;
3278;202100002170;197 906;A01;2;7;4;0;1;0;1;
3279;202100002171;197 905;A01;2;2;0;0;0;1;1;
3280;202100002172;197 903;A01;2;2;0;2;1;13;1;
3281;202100002172;197 904;B01;1;15;0;2;1;21;1;
3282;202100002174;197 901;A01;2;15;12;0;8;1;1;
3283;202100002175;197 900;A01;1;7;0;1;2;1;2;
3284;202100002176;197 898;A01;2;7;0;2;1;1;1;
3285;202100002176;197 899;B01;1;7;0;2;3;1;1;
3286;202100002177;197 896;B01;0;1;0;0;4;2;5;
3287;202100002177;197 897;A01;3;10;0;9;2;2;1;
3288;202100002178;197 895;A01;2;7;13;0;1;1;1;
3289;202100002179;197 894;A01;2;7;13;0;2;0;1;
3290;202100002180;197 893;A01;2;7;0;0;1;1;1;
3291;202100002181;197 891;B01;0;7;0;2;1;1;1;
3292;202100002181;197 892;A01;0;7;0;2;2;1;1;
3293;202100002182;197 890;A01;1;7;8;0;9;1;1;
3294;202100002183;197 888;A01;1;7;0;2;1;13;1;
3295;202100002183;197 889;B01;2;7;0;2;1;1;1;
3296;202100002184;197 886;A01;1;7;0;2;3;13;1;
3297;202100002184;197 887;B01;1;7;0;2;3;1;1;
3298;202100002185;197 885;A01;1;2;0;1;1;1;1;
3299;202100002186;197 884;A01;2;7;0;0;9;17;1;
3300;202100002187;197 883;A01;2;7;6;0;1;17;1;
3301;202100002188;197 881;B01;2;7;0;2;3;1;1;
3302;202100002188;197 882;A01;1;7;0;2;1;0;1;
3303;202100002189;197 880;A01;1;7;13;0;2;1;1;
3304;202100002190;197 878;A01;1;7;0;2;2;15;1;
3305;202100002190;197 879;B01;2;14;0;2;3;1;1;
3306;202100002191;197 877;A01;1;7;13;0;2;1;1;
3307;202100002192;197 875;B01;2;1;0;2;1;1;5;
3308;202100002192;197 876;A01;1;10;0;9;1;15;1;
3309;202100002193;197 873;A01;3;7;0;2;3;0;1;
3310;202100002193;197 874;B01;0;33;0;2;1;0;1;
3311;202100002194;197 871;A01;1;7;0;2;5;5;1;
3312;202100002194;197 872;B01;2;2;0;2;1;5;1;
3313;202100002195;197 869;B01;1;7;0;2;3;1;1;
3314;202100002195;197 870;A01;2;7;0;2;1;13;1;
3315;202100002196;197 867;A01;2;7;0;2;7;15;1;
3316;202100002196;197 868;B01;1;31;0;2;1;1;1;
3317;202100002197;197 865;B01;2;1;0;2;0;15;0;
3318;202100002197;197 866;A01;2;7;0;9;2;17;1;
3319;202100002198;197 864;A01;2;7;3;0;1;1;1;
3320;202100002199;197 862;A01;2;7;0;2;3;11;1;
3321;202100002199;197 863;B01;2;32;16;2;8;1;1;
3322;202100002200;197 861;A01;2;10;6;0;2;13;6;
3323;202100002201;197 858;C01;2;7;0;2;6;1;1;
3324;202100002201;197 859;B01;2;7;0;2;1;1;1;
3325;202100002201;197 860;A01;1;7;0;2;7;11;1;
3326;202100002202;197 857;A01;1;10;0;1;8;1;0;
3327;202100002203;197 854;A01;1;7;0;2;3;13;1;
3328;202100002203;197 855;B01;2;7;0;2;8;1;1;
3329;202100002203;197 856;C01;2;7;0;2;1;1;1;
3330;202100002204;197 852;B01;2;7;0;2;3;1;0;