;Num_Acc;id_vehicule;num_veh;senc;catv;obs;obsm;choc;manv;motor;occutc
3331;202100002204;197 853;A01;1;7;0;2;3;13;1;
3332;202100002205;197 850;A01;0;7;0;2;1;1;1;
3333;202100002205;197 851;B01;0;7;0;2;5;9;1;
3334;202100002206;197 849;A01;1;7;13;9;1;1;2;
3335;202100002207;197 848;A01;1;7;0;1;1;1;1;
3336;202100002208;197 847;A01;3;7;14;0;1;6;1;
3337;202100002210;197 845;A01;0;7;0;1;2;1;1;
3338;202100002211;197 841;A01;1;7;0;2;6;23;1;
3339;202100002211;197 842;B01;1;7;1;0;2;12;1;
3340;202100002211;197 843;C01;1;7;0;2;2;1;1;
3341;202100002211;197 844;D01;1;33;0;2;4;1;1;
3342;202100002212;197 839;B01;1;7;0;2;2;2;1;
3343;202100002212;197 840;A01;1;7;0;2;3;1;1;
3344;202100002213;197 837;B01;1;10;0;2;6;1;1;
3345;202100002213;197 838;A01;1;7;4;2;2;17;1;
3346;202100002214;197 835;B01;1;7;0;2;4;2;1;
3347;202100002214;197 836;A01;1;7;0;2;1;2;1;
3348;202100002216;197 830;A01;1;7;0;2;2;1;1;
3349;202100002216;197 831;B01;1;7;4;0;6;2;1;
3350;202100002217;197 828;A01;1;7;0;2;1;1;1;
3351;202100002217;197 829;B01;1;7;0;2;4;1;1;
3352;202100002218;197 826;A01;2;7;0;2;1;1;1;
3353;202100002218;197 827;B01;2;7;0;2;4;1;1;
3354;202100002219;197 823;A01;1;7;0;2;2;12;1;
3355;202100002219;197 824;B01;1;33;0;2;3;3;1;
3356;202100002219;197 825;Z01;1;0;0;2;0;0;0;
3357;202100002220;197 821;A01;1;7;0;2;4;1;1;
3358;202100002220;197 822;B01;1;7;0;2;1;1;1;
3359;202100002221;197 819;A01;2;7;0;2;6;1;1;
3360;202100002221;197 820;B01;2;33;0;2;2;21;1;
3361;202100002222;197 817;A01;1;7;0;9;1;1;1;
3362;202100002222;197 818;B01;1;2;0;2;1;0;0;
3363;202100002223;197 815;A01;1;7;0;2;1;19;1;
3364;202100002223;197 816;B01;1;7;0;2;4;1;1;
3365;202100002224;197 813;A01;1;7;0;2;4;2;1;
3366;202100002224;197 814;B01;1;33;0;2;1;2;1;
3367;202100002225;197 811;B01;3;60;0;2;0;0;5;
3368;202100002225;197 812;A01;3;0;0;2;0;26;0;
3369;202100002226;197 809;B01;2;7;0;2;1;2;0;
3370;202100002226;197 810;A01;2;33;0;2;4;2;1;
3371;202100002227;197 807;B01;0;7;0;2;1;1;1;
3372;202100002227;197 808;A01;1;7;0;2;1;15;1;
3373;202100002228;197 805;A01;1;7;0;2;1;15;1;
3374;202100002228;197 806;B01;2;33;0;2;1;1;1;
3375;202100002229;197 804;A01;3;32;8;0;8;13;1;
3376;202100002230;197 802;B01;1;7;0;2;1;1;1;
3377;202100002230;197 803;A01;1;7;0;2;4;1;1;
3378;202100002232;197 800;A01;2;7;0;1;1;1;1;
3379;202100002233;197 797;A01;2;7;0;1;2;15;1;
3380;202100002234;197 795;A01;1;7;0;2;2;17;1;
3381;202100002234;197 796;B01;1;30;0;2;1;10;1;
3382;202100002235;197 789;B01;3;7;0;2;1;1;1;
3383;202100002235;197 790;A01;3;7;0;2;8;1;1;
3384;202100002236;197 787;A01;1;7;0;2;5;10;1;
3385;202100002236;197 788;B01;2;31;0;2;1;1;1;
3386;202100002237;197 785;B01;3;7;0;2;1;1;1;
3387;202100002237;197 786;A01;3;1;0;2;8;19;5;
3388;202100002238;197 783;A01;1;30;0;2;1;19;1;
3389;202100002238;197 784;B01;2;7;0;2;7;1;1;
3390;202100002239;197 781;B01;3;30;0;2;0;0;1;
3391;202100002239;197 782;Z01;1;7;0;2;1;9;1;
3392;202100002240;197 779;B01;1;7;0;2;4;13;1;
3393;202100002240;197 780;A01;1;7;0;2;1;13;1;
3394;202100002241;197 777;A01;2;7;0;9;3;1;1;
3395;202100002241;197 778;B01;1;50;0;2;3;0;3;
3396;202100002243;197 772;A01;2;7;9;0;3;1;1;
3397;202100002244;197 770;A01;1;7;0;2;1;1;1;
3398;202100002244;197 771;B01;1;7;0;2;4;1;1;
3399;202100002245;197 769;A01;1;7;6;0;1;0;1;
3400;202100002247;197 767;A01;1;7;4;2;3;13;1;
3401;202100002248;197 764;A01;1;7;0;2;1;2;1;
3402;202100002248;197 765;B01;1;7;0;2;4;2;1;
3403;202100002248;197 766;C01;1;7;0;2;4;2;1;
3404;202100002249;197 763;A01;3;7;0;1;1;1;1;
3405;202100002250;197 762;A01;2;7;2;0;3;25;1;
3406;202100002251;197 760;A01;2;32;0;2;1;26;1;
3407;202100002251;197 761;B01;2;1;0;2;8;10;5;
3408;202100002252;197 758;A01;2;7;0;2;3;9;1;
3409;202100002252;197 759;B01;2;7;0;2;2;1;1;
3410;202100002253;197 755;A01;1;7;0;1;2;9;1;
3411;202100002254;197 754;A01;1;7;0;1;1;9;1;
3412;202100002255;197 752;B01;3;31;0;2;1;1;1;
3413;202100002255;197 753;A01;3;7;0;2;1;13;1;
3414;202100002256;197 751;A01;3;7;0;1;3;21;1;
3415;202100002257;197 749;A01;1;34;0;2;4;1;1;
3416;202100002257;197 750;Z01;0;10;0;0;0;0;0;
3417;202100002258;197 745;A01;3;7;0;2;8;9;1;
3418;202100002258;197 746;B01;2;7;0;2;1;1;1;
3419;202100002259;197 744;A01;1;37;0;1;3;1;1;1.0
3420;202100002261;197 741;A01;2;7;0;1;2;1;1;
3421;202100002262;197 740;A01;1;10;0;1;3;15;1;
3422;202100002263;197 738;B01;2;7;0;2;2;12;1;
3423;202100002263;197 739;A01;2;33;0;2;3;3;1;
3424;202100002265;197 733;Z01;1;7;0;2;2;16;0;
3425;202100002265;197 734;A01;1;1;0;2;3;1;5;
3426;202100002266;197 732;Z01;2;7;0;1;1;1;0;
3427;202100002267;197 730;A01;1;43;0;2;1;1;1;
3428;202100002267;197 731;B01;1;32;0;2;4;23;1;
3429;202100002268;197 728;B01;1;33;0;2;1;1;1;
3430;202100002268;197 729;A01;1;7;0;2;3;10;1;
3431;202100002269;197 727;A01;2;37;0;1;2;1;1;1.0
3432;202100002270;197 725;B01;2;7;0;2;8;15;2;
3433;202100002270;197 726;A01;1;7;0;2;1;1;1;
3434;202100002271;197 724;A01;2;2;0;0;0;21;1;
3435;202100002272;197 721;B01;3;7;0;2;2;23;2;
3436;202100002272;197 722;Z01;3;34;0;2;1;21;1;
3437;202100002272;197 723;A01;3;50;0;2;1;1;3;
3438;202100002273;197 720;A01;2;32;0;1;1;1;1;
3439;202100002274;197 718;A01;3;7;0;2;0;1;2;
3440;202100002274;197 719;B01;3;33;0;2;0;21;1;
3441;202100002275;197 716;B01;2;7;6;2;2;1;1;
3442;202100002275;197 717;A01;2;7;0;2;3;1;1;
3443;202100002276;197 715;A01;2;7;0;1;2;1;1;
3444;202100002277;197 713;A01;1;7;0;2;8;15;1;
3445;202100002277;197 714;B01;1;33;0;2;7;0;1;
3446;202100002280;197 706;A01;2;7;0;9;3;9;1;
3447;202100002280;197 707;B01;3;60;0;2;1;1;5;
3448;202100002281;197 705;A01;1;7;0;1;2;16;1;
3449;202100002282;197 704;A01;-1;7;9;0;1;26;1;
3450;202100002285;197 699;A01;1;7;0;1;1;1;1;
3451;202100002286;197 698;A01;1;10;0;1;5;2;1;
3452;202100002287;197 697;A01;1;7;0;1;5;1;1;
3453;202100002288;197 696;A01;1;7;0;1;4;20;3;
3454;202100002289;197 695;A01;1;7;15;0;1;1;0;
3455;202100002290;197 693;A01;2;10;0;2;1;15;1;
3456;202100002290;197 694;B01;3;30;0;2;8;1;1;
3457;202100002291;197 691;B01;2;2;0;2;8;1;1;
3458;202100002291;197 692;A01;1;7;0;2;2;15;2;
3459;202100002292;197 690;A01;2;30;0;0;0;1;1;
3460;202100002293;197 688;B01;1;1;0;2;3;1;6;
3461;202100002293;197 689;A01;2;7;0;2;1;1;2;
3462;202100002294;197 686;B01;1;33;0;2;1;1;1;
3463;202100002294;197 687;A01;2;10;0;2;3;15;1;
3464;202100002295;197 685;A01;1;7;0;1;1;16;1;
3465;202100002296;197 683;A01;3;3;0;2;1;5;1;
3466;202100002296;197 684;B01;3;7;0;2;4;4;1;
3467;202100002297;197 682;A01;2;7;1;0;0;0;1;
3468;202100002298;197 681;A01;1;7;16;0;1;1;1;
3469;202100002299;197 679;A01;1;7;0;2;4;0;1;
3470;202100002299;197 680;B01;1;7;0;2;1;0;1;
3471;202100002301;197 677;A01;2;3;0;1;1;1;1;
3472;202100002303;197 674;B01;1;7;3;0;6;1;1;
3473;202100002303;197 675;A01;1;7;0;2;2;1;1;
3474;202100002304;197 668;A01;2;7;3;0;1;1;1;
3475;202100002305;197 666;B01;3;99;0;2;2;1;1;
3476;202100002305;197 667;A01;1;34;0;2;1;1;1;
3477;202100002306;197 665;A01;1;7;13;0;2;1;1;
3478;202100002307;197 664;A01;3;50;0;0;0;16;3;
3479;202100002308;197 662;B01;1;10;0;2;7;1;1;
3480;202100002308;197 663;A01;3;7;0;2;1;19;1;
3481;202100002310;197 659;B01;1;7;0;2;1;1;1;
3482;202100002310;197 660;A01;2;10;0;2;2;11;1;
3483;202100002311;197 658;A01;1;10;2;0;2;1;1;
3484;202100002312;197 656;A01;2;7;0;2;2;13;1;
3485;202100002312;197 657;B01;1;7;0;2;2;1;1;
3486;202100002313;197 655;A01;1;33;3;0;0;0;1;
3487;202100002314;197 654;A01;1;7;0;1;1;0;1;
3488;202100002315;197 653;A01;1;7;13;0;2;1;1;
3489;202100002316;197 651;A01;2;31;0;2;3;1;1;
3490;202100002316;197 652;B01;1;7;0;2;3;15;1;
3491;202100002317;197 649;B01;0;1;0;2;2;1;5;
3492;202100002317;197 650;A01;0;7;0;9;3;0;1;
3493;202100002318;197 648;A01;1;33;13;0;7;17;1;
3494;202100002319;197 646;A01;1;7;0;2;3;16;1;
3495;202100002319;197 647;B01;1;7;0;2;1;17;1;
3496;202100002320;197 644;A01;1;7;0;2;3;1;1;
3497;202100002320;197 645;B01;2;7;0;2;3;1;1;
3498;202100002322;197 641;B01;1;7;0;2;7;1;0;
3499;202100002322;197 642;A01;1;7;0;2;8;9;1;
3500;202100002323;197 640;A01;2;7;14;0;1;1;1;
3501;202100002324;197 639;A01;0;7;2;0;8;1;1;
3502;202100002325;197 635;A01;1;7;0;2;1;1;1;
3503;202100002325;197 636;E01;1;10;0;2;1;1;1;
3504;202100002325;197 637;D01;1;10;0;2;3;1;1;
3505;202100002325;197 638;C01;1;16;0;0;0;1;1;
3506;202100002326;197 633;A01;3;7;0;2;6;1;1;
3507;202100002326;197 634;B01;3;32;0;2;7;2;1;
3508;202100002327;197 631;A01;2;7;0;2;2;1;1;
3509;202100002327;197 632;B01;2;15;0;2;6;1;1;
3510;202100002328;197 629;A01;1;1;0;0;0;1;6;
3511;202100002328;197 630;B01;1;0;0;9;0;0;0;
3512;202100002329;197 626;A01;1;10;0;2;3;14;0;
3513;202100002329;197 627;C01;1;7;0;2;1;1;-1;
3514;202100002329;197 628;B01;2;10;0;0;5;0;1;
3515;202100002330;197 624;B01;1;15;0;2;3;1;1;
3516;202100002330;197 625;A01;2;10;0;2;1;13;1;
3517;202100002332;197 619;A01;2;7;0;2;1;13;1;
3518;202100002332;197 620;B01;1;33;0;2;1;1;1;
3519;202100002333;197 617;A01;2;7;0;2;3;17;1;
3520;202100002333;197 618;B01;1;7;13;2;3;1;1;
3521;202100002334;197 616;A01;1;7;8;0;1;1;1;
3522;202100002336;197 612;B01;2;43;0;2;1;1;1;
3523;202100002336;197 613;A01;1;7;0;2;2;15;1;
3524;202100002337;197 610;A01;1;7;0;2;1;1;1;
3525;202100002337;197 611;B01;2;7;0;2;1;17;1;
3526;202100002338;197 609;A01;2;7;0;1;3;1;1;
3527;202100002339;197 606;A01;0;7;0;2;3;9;1;
3528;202100002339;197 607;B01;0;7;0;2;1;1;1;
3529;202100002340;197 605;A01;2;2;0;0;0;1;1;
3530;202100002341;197 602;A01;1;7;0;2;3;26;1;
3531;202100002341;197 603;B01;2;7;0;2;5;1;1;
3532;202100002342;197 600;B01;2;7;0;2;4;1;1;
3533;202100002342;197 601;A01;2;10;0;2;1;12;1;
3534;202100002343;197 596;A01;2;10;0;2;1;2;1;
3535;202100002343;197 597;B01;2;33;0;2;1;2;1;
3536;202100002343;197 598;C01;2;7;0;2;1;2;1;
3537;202100002343;197 599;D01;2;7;0;2;4;2;1;
3538;202100002344;197 593;A01;2;7;0;2;1;2;1;
3539;202100002344;197 594;B01;2;7;0;2;4;2;1;
3540;202100002344;197 595;C01;2;7;0;2;4;2;1;
3541;202100002345;197 592;A01;1;33;13;0;1;14;1;
3542;202100002346;197 590;A01;1;7;0;0;0;26;0;
3543;202100002346;197 591;B01;1;7;3;2;3;0;1;
3544;202100002347;197 588;B01;2;7;0;2;6;1;2;
3545;202100002347;197 589;A01;2;33;0;2;1;3;1;
3546;202100002348;197 585;A01;2;7;0;2;1;2;1;
3547;202100002348;197 586;B01;2;7;0;2;4;1;1;
3548;202100002348;197 587;C01;2;10;0;2;4;1;1;
3549;202100002349;197 583;B01;2;3;0;2;3;11;1;
3550;202100002349;197 584;A01;2;33;0;2;3;0;1;
3551;202100002350;197 581;B01;1;17;0;2;4;1;1;
3552;202100002350;197 582;A01;1;10;0;2;1;1;1;
3553;202100002351;197 579;B01;1;33;0;2;1;21;1;
3554;202100002351;197 580;A01;1;7;0;2;4;1;1;
3555;202100002353;197 575;A01;1;15;1;0;2;1;1;
3556;202100002353;197 576;B01;1;7;1;0;6;24;1;
3557;202100002355;197 571;B01;2;7;0;2;3;26;1;
3558;202100002355;197 572;A01;2;7;0;2;2;12;1;
3559;202100002356;197 569;B01;2;7;3;0;8;23;1;
3560;202100002356;197 570;A01;1;37;3;0;8;10;1;9.0
3561;202100002357;197 568;A01;1;7;8;0;1;26;1;
3562;202100002358;197 567;A01;3;32;0;0;0;0;1;
3563;202100002360;197 563;A01;1;10;0;2;2;1;1;
3564;202100002360;197 564;B01;1;7;0;2;6;1;1;
3565;202100002361;197 561;B01;2;40;0;2;2;1;3;
3566;202100002361;197 562;A01;1;7;11;4;1;1;1;
3567;202100002362;197 559;A01;2;80;0;2;8;25;3;
3568;202100002362;197 560;B01;3;7;0;2;7;26;1;
3569;202100002363;197 557;B01;2;7;0;2;3;16;1;
3570;202100002363;197 558;A01;1;99;0;2;1;1;3;
3571;202100002364;197 555;A01;1;10;0;2;1;9;1;
3572;202100002364;197 556;B01;2;30;0;2;1;9;1;
3573;202100002365;197 554;A01;1;7;0;1;0;1;1;
3574;202100002366;197 553;A01;2;32;6;0;1;1;1;
3575;202100002367;197 552;A01;2;10;0;1;2;26;3;
3576;202100002368;197 550;A01;2;7;0;2;2;3;1;
3577;202100002368;197 551;B01;2;1;0;2;1;1;5;
3578;202100002369;197 549;A01;1;7;6;0;1;13;1;
3579;202100002370;197 547;A01;1;7;0;2;7;12;1;
3580;202100002370;197 548;B01;1;2;0;2;0;2;1;
3581;202100002371;197 545;A01;2;32;0;2;3;19;1;
3582;202100002371;197 546;B01;1;37;0;2;5;19;1;1.0
3583;202100002372;197 543;A01;0;30;0;2;7;15;1;
3584;202100002372;197 544;B01;0;7;0;2;1;1;1;
3585;202100002374;197 538;A01;3;7;0;1;2;26;0;
3586;202100002375;197 536;A01;3;10;0;2;1;17;1;
3587;202100002375;197 537;B01;3;33;0;2;1;1;1;
3588;202100002376;197 534;A01;2;7;0;2;3;15;1;
3589;202100002376;197 535;B01;2;33;0;2;1;1;1;
3590;202100002377;197 533;A01;1;7;0;1;4;4;1;
3591;202100002378;197 531;A01;3;7;0;2;0;26;1;
3592;202100002378;197 532;B01;1;7;0;2;1;1;1;
3593;202100002379;197 529;B01;0;1;0;2;1;1;5;
3594;202100002379;197 530;A01;0;7;0;2;1;15;1;
3595;202100002380;197 528;A01;0;7;1;0;0;14;1;
3596;202100002381;197 527;A01;2;7;0;1;2;1;1;
3597;202100002382;197 525;B01;2;33;0;2;1;1;1;
3598;202100002382;197 526;A01;2;7;0;2;3;15;1;
3599;202100002383;197 523;B01;2;33;0;2;1;1;1;
3600;202100002383;197 524;A01;3;7;0;2;3;9;1;
3601;202100002384;197 520;A01;3;33;12;2;2;21;1;
3602;202100002384;197 521;B01;3;10;0;2;2;17;1;
3603;202100002384;197 522;C01;3;7;0;2;2;23;1;
3604;202100002385;197 519;A01;3;37;0;1;2;21;1;1.0
3605;202100002386;197 517;A01;3;7;0;2;2;2;1;
3606;202100002386;197 518;B01;3;7;0;2;6;2;1;
3607;202100002387;197 515;B01;2;7;0;2;4;2;1;
3608;202100002387;197 516;A01;2;33;0;2;1;2;1;
3609;202100002388;197 513;B01;3;50;0;2;1;9;3;
3610;202100002388;197 514;Z01;3;7;0;2;8;0;0;
3611;202100002389;197 511;A01;1;7;0;2;1;11;1;
3612;202100002389;197 512;B01;2;7;0;2;1;1;1;
3613;202100002391;197 508;A01;2;7;8;0;1;14;1;
3614;202100002392;197 502;F01;1;7;0;2;4;2;2;
3615;202100002392;197 503;E01;1;7;0;2;4;2;1;
3616;202100002392;197 504;D01;1;7;0;2;4;2;1;
3617;202100002392;197 505;C01;1;7;0;2;4;2;1;
3618;202100002392;197 506;B01;1;7;0;2;4;2;1;
3619;202100002392;197 507;A01;1;7;0;2;1;2;1;
3620;202100002393;197 500;B01;2;7;0;2;4;2;1;
3621;202100002393;197 501;Z01;2;7;0;2;1;2;0;
3622;202100002394;197 498;A01;1;7;0;4;7;23;1;
3623;202100002394;197 499;B01;3;39;0;4;1;1;3;
3624;202100002395;197 497;A01;2;7;0;1;2;1;1;
3625;202100002396;197 495;A01;3;7;0;2;1;9;1;
3626;202100002396;197 496;B01;3;7;0;2;8;1;1;
3627;202100002397;197 494;A01;1;1;0;0;0;1;5;
3628;202100002398;197 493;A01;2;7;0;1;1;1;1;
3629;202100002399;197 492;A01;1;7;0;1;3;13;1;
3630;202100002400;197 491;A01;2;33;0;1;2;21;1;
3631;202100002401;197 490;A01;1;7;0;1;8;1;1;
3632;202100002402;197 486;D01;3;50;6;2;0;23;3;
3633;202100002402;197 487;C01;3;7;0;2;1;23;1;
3634;202100002402;197 488;A01;3;10;0;2;2;26;1;
3635;202100002402;197 489;B01;3;7;0;2;3;1;1;
3636;202100002403;197 484;B01;1;2;0;2;1;1;1;
3637;202100002403;197 485;A01;1;7;0;2;6;15;1;
3638;202100002404;197 482;A01;2;7;0;2;1;13;1;
3639;202100002404;197 483;B01;1;7;0;2;1;1;1;
3640;202100002405;197 480;A01;1;7;0;9;3;1;1;
3641;202100002405;197 481;B01;1;1;0;2;7;1;5;
3642;202100002406;197 478;B01;1;50;0;2;1;1;3;
3643;202100002406;197 479;A01;1;7;0;9;8;1;1;
3644;202100002407;197 476;A01;1;7;0;2;6;13;1;
3645;202100002407;197 477;B01;1;33;0;2;1;2;1;
3646;202100002408;197 475;A01;2;7;0;1;1;9;1;
3647;202100002410;197 472;A01;2;37;0;1;2;1;1;1.0
3648;202100002411;197 469;A01;1;7;0;2;1;15;1;
3649;202100002411;197 470;C01;2;7;0;2;1;15;1;
3650;202100002411;197 471;B01;2;7;0;2;1;15;1;
3651;202100002412;197 467;A01;2;10;0;2;7;16;1;
3652;202100002412;197 468;B01;2;50;0;2;1;1;3;
3653;202100002413;197 465;A01;2;7;0;2;2;1;1;
3654;202100002413;197 466;B01;1;2;0;2;6;1;1;
3655;202100002415;197 460;B01;1;2;0;2;6;26;1;
3656;202100002415;197 461;A01;1;7;0;2;3;26;1;
3657;202100002416;197 459;A01;2;7;0;1;1;1;1;
3658;202100002417;197 456;C01;1;7;0;2;4;1;1;
3659;202100002417;197 457;B01;1;10;0;2;4;1;1;
3660;202100002417;197 458;A01;1;7;0;2;1;1;1;
3661;202100002418;197 454;A01;1;7;0;2;2;16;1;
3662;202100002418;197 455;B01;1;31;0;2;2;16;1;
3663;202100002420;197 451;A01;3;7;0;1;5;13;1;
3664;202100002421;197 450;B01;1;10;0;1;2;0;1;
3665;202100002426;197 438;A01;2;7;0;0;0;5;1;
3666;202100002426;197 439;B01;1;7;0;2;0;1;1;
3667;202100002426;197 440;C01;1;10;0;2;4;2;1;
3668;202100002426;197 441;D01;1;7;0;2;1;2;1;
3669;202100002427;197 436;B01;1;7;0;2;2;1;0;
3670;202100002427;197 437;A01;2;7;0;2;3;9;1;
3671;202100002428;197 434;Y01;3;50;0;2;3;19;3;
3672;202100002428;197 435;A01;3;7;0;2;2;16;1;
3673;202100002429;197 433;A01;3;7;8;0;1;14;0;
3674;202100002430;197 430;A01;1;50;0;0;0;25;3;
3675;202100002431;197 427;A01;0;7;0;2;1;9;1;
3676;202100002431;197 428;B01;3;33;0;2;7;1;1;
3677;202100002432;197 424;C01;2;7;0;2;4;2;1;
3678;202100002432;197 425;B01;2;7;0;2;4;2;1;
3679;202100002432;197 426;A01;2;7;0;2;1;9;1;
3680;202100002433;197 422;B01;3;7;0;2;7;1;1;
3681;202100002433;197 423;A01;3;7;0;2;3;9;1;
3682;202100002434;197 420;A01;1;7;0;2;1;15;1;
3683;202100002434;197 421;B01;2;2;0;2;8;1;1;
3684;202100002435;197 418;A01;1;32;6;2;2;17;1;
3685;202100002435;197 419;B01;1;7;0;2;8;15;1;
3686;202100002437;197 414;A01;3;30;0;2;2;1;1;
3687;202100002437;197 415;Z01;3;7;0;2;3;1;0;
3688;202100002438;197 412;B01;1;15;0;2;1;1;1;
3689;202100002438;197 413;A01;1;7;0;2;3;1;1;
3690;202100002439;197 410;B01;1;32;0;2;7;1;1;
3691;202100002439;197 411;Z01;2;7;0;2;2;5;1;
3692;202100002440;197 409;A01;2;10;-1;1;4;26;1;
3693;202100002441;197 408;A01;2;7;4;0;2;26;1;
3694;202100002442;197 406;A01;3;50;0;2;1;26;3;
3695;202100002442;197 407;B01;3;7;0;9;4;0;1;
3696;202100002443;197 404;A01;2;7;0;2;3;15;1;
3697;202100002443;197 405;B01;1;2;0;2;3;1;1;
3698;202100002444;197 403;A01;1;7;0;1;2;1;1;
3699;202100002445;197 401;A01;3;50;0;2;8;1;3;
3700;202100002445;197 402;B01;2;40;0;2;3;1;3;
3701;202100002446;197 399;B01;3;31;0;2;1;1;1;
3702;202100002446;197 400;A01;3;7;0;2;2;9;1;
3703;202100002447;197 397;A01;2;7;0;2;2;13;1;
3704;202100002447;197 398;B01;1;33;0;2;1;1;1;
3705;202100002450;197 391;B01;3;10;0;2;8;1;1;
3706;202100002450;197 392;A01;3;7;0;2;8;15;1;
3707;202100002451;197 390;A01;1;32;0;1;2;1;1;
3708;202100002452;197 389;A01;2;7;0;1;3;15;1;
3709;202100002453;197 388;A01;2;34;0;1;1;1;1;
3710;202100002454;197 386;B01;2;1;0;2;8;15;5;
3711;202100002454;197 387;A01;2;50;0;2;2;17;3;
3712;202100002455;197 384;B01;1;1;0;2;1;1;5;
3713;202100002455;197 385;A01;1;1;0;2;7;1;5;
3714;202100002456;197 382;Z01;1;7;0;2;8;10;1;
3715;202100002456;197 383;A01;1;33;0;2;1;1;1;
3716;202100002457;197 381;A01;2;7;0;1;7;1;2;
3717;202100002458;197 379;B01;3;7;0;2;4;23;1;
3718;202100002458;197 380;A01;3;30;0;2;1;18;1;
3719;202100002459;197 378;A01;3;7;1;0;2;14;1;
3720;202100002460;197 376;A01;3;10;0;2;3;15;1;
3721;202100002460;197 377;B01;3;33;0;2;2;1;1;
3722;202100002461;197 374;A01;3;1;0;2;1;1;5;
3723;202100002461;197 375;Z01;3;7;0;2;5;22;0;
3724;202100002462;197 372;Z01;1;7;0;2;5;12;0;
3725;202100002462;197 373;B01;1;2;0;2;3;1;1;
3726;202100002463;197 370;B01;2;1;0;2;6;11;5;
3727;202100002463;197 371;A01;2;7;0;2;2;1;1;
3728;202100002464;197 368;A01;2;30;0;2;3;1;3;
3729;202100002464;197 369;B01;2;80;0;2;8;1;3;
3730;202100002465;197 367;Z01;1;7;0;1;1;1;0;
3731;202100002466;197 365;A01;3;33;0;2;2;1;1;
3732;202100002466;197 366;B01;3;7;0;2;5;1;1;
3733;202100002467;197 363;B01;2;1;0;2;1;1;5;
3734;202100002467;197 364;A01;1;2;0;2;3;9;1;
3735;202100002468;197 361;B01;1;33;0;2;0;15;1;
3736;202100002468;197 362;A01;1;7;0;2;3;1;2;
3737;202100002469;197 359;B01;2;30;0;2;1;1;1;
3738;202100002469;197 360;A01;1;10;0;2;3;15;1;
3739;202100002470;197 355;A01;1;7;0;2;8;11;1;
3740;202100002470;197 356;B01;1;7;0;2;7;1;2;
3741;202100002470;197 357;C01;1;7;0;2;4;1;1;
3742;202100002470;197 358;D01;1;31;0;2;4;1;1;
3743;202100002471;197 353;A01;3;7;0;2;2;15;1;
3744;202100002471;197 354;B01;3;2;0;2;1;16;1;
3745;202100002472;197 351;B01;1;7;0;2;1;1;1;
3746;202100002472;197 352;A01;2;7;0;2;1;1;1;
3747;202100002473;197 349;A01;1;7;8;2;1;19;1;
3748;202100002473;197 350;B01;1;7;0;2;1;1;1;
3749;202100002474;197 347;A01;1;99;0;2;1;1;3;
3750;202100002474;197 348;B01;1;7;0;2;3;15;1;
3751;202100002475;197 345;B01;3;7;0;2;1;1;1;
3752;202100002475;197 346;A01;3;7;1;0;1;21;1;
3753;202100002476;197 343;B01;1;43;0;2;1;1;1;
3754;202100002476;197 344;A01;1;1;0;2;1;2;5;
3755;202100002477;197 342;A01;1;7;1;0;2;1;2;
3756;202100002478;197 341;A01;2;10;0;1;7;26;1;
3757;202100002479;197 339;B01;2;33;0;2;1;3;1;
3758;202100002479;197 340;A01;1;17;0;2;1;1;1;
3759;202100002480;197 338;A01;3;7;0;1;3;1;2;
3760;202100002481;197 335;A01;3;7;0;2;1;17;1;
3761;202100002481;197 336;B01;3;7;0;2;1;1;1;
3762;202100002481;197 337;C01;3;37;0;2;1;1;1;3.0
3763;202100002482;197 334;Z01;2;34;0;1;0;1;1;
3764;202100002483;197 332;B01;2;33;0;2;2;1;1;
3765;202100002483;197 333;A01;2;10;0;2;3;11;1;
3766;202100002484;197 331;A01;1;7;2;0;9;13;1;
3767;202100002485;197 330;A01;1;43;4;0;2;1;1;
3768;202100002486;197 328;A01;2;7;0;9;3;1;3;
3769;202100002486;197 329;B01;2;1;0;2;1;15;5;
3770;202100002487;197 326;A01;1;7;0;2;2;17;1;
3771;202100002487;197 327;B01;1;7;0;2;2;1;1;
3772;202100002489;197 324;A01;2;30;6;0;0;26;1;
3773;202100002491;197 321;B01;1;7;0;2;1;0;1;
3774;202100002491;197 322;A01;1;7;4;0;3;0;1;
3775;202100002493;197 318;A01;1;7;13;0;3;1;1;
3776;202100002494;197 315;A01;2;7;0;2;2;9;1;
3777;202100002494;197 316;B01;2;33;0;2;1;1;1;
3778;202100002494;197 317;C01;2;7;0;2;3;1;1;
3779;202100002495;197 314;A01;1;7;6;0;0;0;1;
3780;202100002496;197 312;B01;1;7;0;2;8;15;1;
3781;202100002496;197 313;A01;2;31;0;2;7;21;1;
3782;202100002497;197 310;A01;1;10;0;2;2;2;1;
3783;202100002497;197 311;B01;1;21;0;2;6;1;1;
3784;202100002498;197 308;B01;2;7;0;0;0;1;1;
3785;202100002498;197 309;A01;1;33;13;0;2;1;1;
3786;202100002499;197 307;A01;1;7;0;1;1;1;1;
3787;202100002500;197 305;B01;3;7;2;2;3;1;0;
3788;202100002500;197 306;A01;3;3;0;2;3;1;0;
3789;202100002502;197 302;A01;0;7;0;2;1;1;1;
3790;202100002502;197 303;B01;0;7;0;0;4;2;1;
3791;202100002505;197 297;A01;1;7;0;1;1;1;1;
3792;202100002506;197 295;A01;2;7;0;2;3;16;1;
3793;202100002506;197 296;B01;2;2;0;2;1;1;1;
3794;202100002508;197 291;A01;1;7;0;2;1;5;1;
3795;202100002508;197 292;B01;2;7;0;2;1;1;1;
3796;202100002510;197 288;A01;3;7;0;2;1;9;1;
3797;202100002510;197 289;B01;3;1;0;2;1;5;5;
3798;202100002513;197 283;B01;2;7;0;0;6;2;1;
3799;202100002513;197 284;A01;2;2;0;2;1;2;1;
3800;202100002514;197 282;A01;1;2;0;0;0;0;1;
3801;202100002515;197 280;B01;2;7;0;2;1;1;1;
3802;202100002515;197 281;A01;1;7;0;2;1;1;1;
3803;202100002516;197 279;A01;2;7;0;1;1;1;1;