;Num_Acc;id_vehicule;num_veh;senc;catv;obs;obsm;choc;manv;motor;occutc
3804;202100002517;197 277;B01;2;1;0;2;4;2;5;
3805;202100002517;197 278;A01;2;7;0;9;2;2;1;
3806;202100002518;197 275;B01;1;7;0;2;3;0;1;
3807;202100002518;197 276;A01;2;2;0;2;1;13;1;
3808;202100002519;197 273;B01;2;1;0;2;1;13;5;
3809;202100002519;197 274;A01;1;2;0;2;1;1;1;
3810;202100002520;197 272;A01;1;7;0;9;1;0;1;
3811;202100002522;197 268;B01;1;7;0;2;1;1;1;
3812;202100002522;197 269;A01;2;7;0;2;7;1;1;
3813;202100002523;197 267;A01;1;7;6;0;1;1;1;
3814;202100002525;197 263;B01;2;21;0;2;2;0;1;
3815;202100002525;197 264;A01;1;7;0;2;1;0;1;
3816;202100002526;197 262;A01;1;33;0;0;7;1;1;
3817;202100002527;197 260;A01;1;34;0;2;1;1;1;
3818;202100002527;197 261;B01;2;7;0;2;5;15;1;
3819;202100002528;197 259;A01;2;7;13;0;2;1;1;
3820;202100002529;197 257;B01;1;7;0;0;0;1;1;
3821;202100002529;197 258;A01;1;7;0;0;0;1;1;
3822;202100002531;197 255;A01;0;7;6;2;2;1;1;
3823;202100002533;197 253;A01;1;33;12;0;1;1;1;
3824;202100002534;197 251;A01;2;7;0;2;1;11;1;
3825;202100002534;197 252;B01;1;7;0;2;1;1;1;
3826;202100002535;197 249;B01;1;7;0;2;2;1;1;
3827;202100002535;197 250;A01;1;2;0;2;1;5;1;
3828;202100002537;197 245;A01;1;10;0;2;1;0;1;
3829;202100002537;197 246;B01;2;7;0;2;2;1;1;
3830;202100002538;197 244;A01;2;7;6;0;1;1;1;
3831;202100002539;197 242;A01;1;7;0;2;1;1;1;
3832;202100002539;197 243;B01;2;7;0;2;1;1;1;
3833;202100002540;197 241;A01;1;7;6;0;2;10;1;
3834;202100002541;197 240;A01;2;31;3;0;0;1;1;
3835;202100002542;197 238;A01;3;7;0;2;3;9;1;
3836;202100002542;197 239;B01;3;7;0;2;3;1;1;
3837;202100002543;197 236;A01;2;7;0;2;1;1;1;
3838;202100002543;197 237;B01;1;7;0;2;1;5;1;
3839;202100002544;197 234;B01;1;7;0;2;3;15;1;
3840;202100002544;197 235;A01;1;33;0;2;1;17;1;
3841;202100002545;197 231;C01;0;7;0;2;2;1;1;
3842;202100002545;197 232;B01;2;10;0;2;1;17;1;
3843;202100002545;197 233;A01;1;7;0;2;1;1;1;
3844;202100002546;197 229;A01;1;10;0;2;7;13;1;
3845;202100002546;197 230;B01;2;7;0;2;1;1;1;
3846;202100002547;197 227;B01;0;7;0;2;1;1;1;
3847;202100002547;197 228;A01;0;7;0;2;1;5;1;
3848;202100002548;197 226;A01;1;10;0;0;0;0;1;
3849;202100002549;197 224;B01;1;1;0;0;4;1;5;
3850;202100002549;197 225;A01;1;7;0;2;2;1;1;
3851;202100002550;197 223;A01;1;2;0;0;0;13;1;
3852;202100002551;197 221;B01;2;7;0;2;4;1;1;
3853;202100002551;197 222;A01;2;7;0;2;1;2;1;
3854;202100002552;197 219;A01;1;7;0;2;3;2;1;
3855;202100002552;197 220;B01;1;7;0;2;6;2;1;
3856;202100002553;197 217;B01;2;7;0;2;4;1;1;
3857;202100002553;197 218;A01;2;7;0;2;1;2;1;
3858;202100002554;197 216;A01;1;7;14;0;1;14;1;
3859;202100002555;197 214;B01;1;33;0;2;1;2;1;
3860;202100002555;197 215;A01;1;7;0;2;4;2;1;
3861;202100002556;197 212;A01;2;7;0;2;3;11;1;
3862;202100002556;197 213;B01;2;33;0;2;7;1;1;
3863;202100002557;197 210;B01;1;17;0;2;4;1;1;
3864;202100002557;197 211;A01;1;10;0;2;1;12;1;
3865;202100002558;197 208;A01;2;10;0;2;0;12;1;
3866;202100002558;197 209;B01;2;43;0;2;6;3;1;
3867;202100002559;197 207;A01;1;31;0;0;0;12;3;
3868;202100002560;197 204;Z01;1;0;0;2;0;0;0;
3869;202100002560;197 205;B01;1;10;0;2;4;2;0;
3870;202100002560;197 206;A01;1;10;0;2;9;2;0;
3871;202100002561;197 203;A01;2;7;3;0;2;1;1;
3872;202100002562;197 201;B01;2;7;0;2;4;1;1;
3873;202100002562;197 202;A01;2;33;0;2;1;11;1;
3874;202100002563;197 200;A01;1;31;0;2;0;0;1;
3875;202100002564;197 197;A01;2;7;3;0;3;11;1;
3876;202100002564;197 198;B01;2;7;1;0;1;12;1;
3877;202100002564;197 199;C01;2;7;14;0;1;12;1;
3878;202100002565;197 196;A01;0;7;0;1;0;14;1;
3879;202100002566;197 194;A01;1;7;1;9;2;16;1;
3880;202100002566;197 195;B01;1;1;1;2;3;1;5;
3881;202100002569;197 190;B01;2;7;0;2;8;26;1;
3882;202100002569;197 191;A01;1;30;0;2;1;17;1;
3883;202100002570;197 189;A01;3;99;0;0;0;0;1;
3884;202100002571;197 188;A01;1;7;0;1;1;26;1;
3885;202100002572;197 186;A01;1;7;0;2;2;15;1;
3886;202100002572;197 187;B01;2;2;0;2;8;1;1;
3887;202100002574;197 182;B01;2;7;0;2;1;15;1;
3888;202100002574;197 183;A01;1;7;0;2;3;1;1;
3889;202100002575;197 181;A01;1;7;1;1;5;26;1;
3890;202100002576;197 180;A01;3;2;16;0;0;0;0;
3891;202100002577;197 178;B01;1;7;0;2;6;16;1;
3892;202100002577;197 179;A01;1;7;0;2;1;26;1;
3893;202100002578;197 177;A01;1;30;0;0;8;26;0;
3894;202100002579;197 175;A01;2;37;0;2;3;15;0;1.0
3895;202100002579;197 176;B01;3;1;0;2;1;19;6;
3896;202100002580;197 173;B01;2;7;0;2;1;15;1;
3897;202100002580;197 174;A01;2;1;0;2;1;13;5;
3898;202100002581;197 171;B01;1;7;0;2;4;2;1;
3899;202100002581;197 172;A01;1;31;14;0;1;2;1;
3900;202100002582;197 169;A01;1;7;0;2;1;26;0;
3901;202100002582;197 170;B01;1;7;0;2;4;1;2;
3902;202100002583;197 166;C01;1;7;0;2;4;11;1;
3903;202100002583;197 167;B01;1;10;0;2;1;2;1;
3904;202100002583;197 168;A01;1;10;0;2;1;1;1;
3905;202100002584;197 164;B01;2;7;0;2;7;1;1;
3906;202100002584;197 165;A01;3;7;0;2;3;15;1;
3907;202100002585;197 162;B01;1;1;0;2;3;19;0;
3908;202100002585;197 163;A01;1;7;0;9;3;15;1;
3909;202100002586;197 161;A01;2;7;0;1;2;26;1;
3910;202100002587;197 160;A01;2;32;0;0;0;1;1;
3911;202100002588;197 158;B01;2;33;0;2;7;3;1;
3912;202100002588;197 159;A01;1;13;0;2;2;15;1;
3913;202100002590;197 153;B01;1;39;0;2;0;0;6;
3914;202100002590;197 154;A01;1;30;0;4;1;1;1;
3915;202100002591;197 151;A01;0;7;0;1;1;18;1;
3916;202100002591;197 152;B01;0;7;0;2;2;1;1;
3917;202100002592;197 150;A01;2;7;13;0;9;2;1;
3918;202100002593;197 148;A01;3;7;0;2;3;14;1;
3919;202100002593;197 149;B01;3;7;0;2;5;11;1;
3920;202100002594;197 145;A01;0;7;0;2;1;1;1;
3921;202100002594;197 146;B01;0;7;0;2;1;1;1;
3922;202100002594;197 147;C01;0;7;0;2;1;15;1;
3923;202100002595;197 144;A01;2;7;0;1;3;26;1;
3924;202100002596;197 141;A01;2;7;0;2;4;23;1;
3925;202100002596;197 142;B01;2;7;0;2;4;23;1;
3926;202100002596;197 143;Z01;2;7;0;2;1;26;1;
3927;202100002597;197 139;A01;3;1;0;2;1;1;5;
3928;202100002597;197 140;B01;1;7;0;9;3;15;1;
3929;202100002598;197 137;A01;2;10;1;0;1;7;1;
3930;202100002598;197 138;B01;1;2;0;2;7;15;1;
3931;202100002599;197 135;A01;3;7;0;9;3;9;0;
3932;202100002599;197 136;B01;3;3;0;2;2;1;6;
3933;202100002600;197 133;A01;1;7;0;2;7;9;1;
3934;202100002600;197 134;B01;1;31;0;2;8;9;1;
3935;202100002601;197 131;A01;1;7;0;2;2;1;1;
3936;202100002601;197 132;B01;2;1;0;2;2;5;5;
3937;202100002602;197 130;A01;1;10;0;1;4;20;1;
3938;202100002603;197 128;A01;1;2;0;2;2;1;1;
3939;202100002603;197 129;B01;3;7;0;2;3;9;1;
3940;202100002604;197 126;A01;3;33;0;0;0;11;1;
3941;202100002604;197 127;B01;3;10;0;0;0;1;1;
3942;202100002606;197 123;A01;2;50;0;1;1;7;3;
3943;202100002607;197 121;A01;1;1;0;2;3;19;5;
3944;202100002607;197 122;B01;1;7;0;2;2;1;1;
3945;202100002608;197 120;A01;1;7;13;0;1;14;1;
3946;202100002609;197 118;A01;1;7;0;2;7;19;1;
3947;202100002609;197 119;B01;1;10;0;2;1;1;1;
3948;202100002610;197 116;B01;1;1;0;2;3;2;0;
3949;202100002610;197 117;A01;1;7;0;2;2;0;0;
3950;202100002611;197 114;A01;1;7;0;0;0;15;1;
3951;202100002611;197 115;B01;1;33;0;0;7;1;1;
3952;202100002612;197 112;B01;1;3;0;2;1;1;1;
3953;202100002612;197 113;A01;1;10;0;2;2;1;1;
3954;202100002613;197 110;A01;1;7;0;2;1;1;1;
3955;202100002613;197 111;B01;1;7;0;2;4;1;1;
3956;202100002614;197 108;A01;1;7;0;2;7;14;1;
3957;202100002614;197 109;B01;1;1;0;2;0;1;5;
3958;202100002615;197 107;A01;2;7;0;1;2;1;1;
3959;202100002616;197 106;B01;2;33;0;2;4;2;1;
3960;202100002617;197 104;A01;3;1;0;2;9;19;5;
3961;202100002617;197 105;B01;3;33;0;2;1;1;1;
3962;202100002618;197 102;A01;1;10;0;2;1;1;1;
3963;202100002618;197 103;B01;1;7;0;2;5;15;1;
3964;202100002619;197 100;A01;2;7;0;2;5;16;1;
3965;202100002619;197 101;B01;2;50;0;2;8;1;3;
3966;202100002620;197 099;A01;2;37;8;0;1;13;1;1.0
3967;202100002622;197 093;A01;3;7;2;2;2;21;1;
3968;202100002622;197 094;B01;3;37;0;2;7;12;1;1.0
3969;202100002624;197 089;A01;0;7;0;2;1;1;1;
3970;202100002624;197 090;B01;0;31;0;2;7;15;1;
3971;202100002625;197 088;A01;3;7;1;0;1;1;1;
3972;202100002627;197 085;A01;3;7;0;1;3;15;1;
3973;202100002628;197 083;A01;2;7;0;2;3;15;1;
3974;202100002628;197 084;B01;2;7;0;2;2;1;1;
3975;202100002629;197 081;B01;0;2;0;2;8;1;1;
3976;202100002629;197 082;A01;0;7;0;2;1;15;1;
3977;202100002630;197 080;A01;0;7;0;1;2;1;1;
3978;202100002631;197 075;E01;3;7;0;2;1;1;1;
3979;202100002631;197 076;D01;3;7;0;2;4;1;1;
3980;202100002631;197 077;C01;3;7;0;2;4;1;1;
3981;202100002631;197 078;B01;3;7;0;2;4;2;1;
3982;202100002631;197 079;A01;0;7;0;2;1;9;1;
3983;202100002632;197 074;A01;0;7;0;1;4;4;1;
3984;202100002633;197 072;A01;0;7;0;2;3;9;1;
3985;202100002633;197 073;B01;0;33;1;2;2;17;1;
3986;202100002634;197 071;A01;3;30;14;0;0;15;1;
3987;202100002635;197 069;A01;2;32;0;2;1;13;1;
3988;202100002635;197 070;B01;1;7;0;2;1;1;1;
3989;202100002636;197 068;A01;1;7;0;1;3;1;2;
3990;202100002637;197 066;B01;1;33;0;2;8;3;1;
3991;202100002637;197 067;A01;1;7;0;2;7;12;1;
3992;202100002639;197 061;A01;1;7;0;2;2;12;1;
3993;202100002639;197 062;B01;1;33;0;2;8;3;1;
3994;202100002640;197 060;A01;1;30;8;0;1;18;1;
3995;202100002641;197 059;A01;2;43;0;1;2;1;1;
3996;202100002642;197 057;B01;3;43;0;2;4;1;1;
3997;202100002642;197 058;A01;3;7;0;2;1;1;3;
3998;202100002643;197 055;A01;1;7;0;2;4;4;1;
3999;202100002643;197 056;B01;1;50;0;2;1;1;3;
4000;202100002644;197 054;A01;1;32;0;1;1;1;1;
4001;202100002645;197 053;A01;1;7;7;0;1;14;1;
4002;202100002646;197 052;A01;2;1;0;0;1;21;5;
4003;202100002648;197 049;A01;3;30;12;0;0;14;3;
4004;202100002650;197 045;B01;1;50;0;2;6;13;3;
4005;202100002650;197 046;A01;1;43;0;2;2;17;1;
4006;202100002651;197 043;A01;1;7;0;2;2;1;1;
4007;202100002651;197 044;B01;2;7;0;2;3;1;1;
4008;202100002652;197 042;A01;3;7;0;1;1;1;1;
4009;202100002653;197 041;A01;3;7;0;1;2;17;1;
4010;202100002654;197 040;A01;3;7;14;2;2;17;1;
4011;202100002655;197 038;A01;1;33;12;2;1;2;1;
4012;202100002655;197 039;B01;1;7;12;2;4;17;1;
4013;202100002656;197 036;B01;2;7;0;2;8;1;1;
4014;202100002656;197 037;A01;2;30;0;2;7;17;0;
4015;202100002657;197 033;C01;1;2;15;0;4;23;1;
4016;202100002657;197 034;B01;1;33;15;0;4;23;1;
4017;202100002657;197 035;A01;1;7;0;2;1;26;1;
4018;202100002658;197 031;B01;1;7;0;2;3;1;1;
4019;202100002658;197 032;A01;1;32;0;1;2;1;1;
4020;202100002659;197 029;A01;2;7;0;2;3;1;1;
4021;202100002659;197 030;B01;1;7;0;2;5;1;1;
4022;202100002660;197 026;C01;1;7;0;2;4;26;1;
4023;202100002660;197 027;B01;1;7;0;2;4;26;1;
4024;202100002660;197 028;A01;3;7;0;2;1;26;1;
4025;202100002661;197 025;A01;1;7;1;0;1;1;1;
4026;202100002662;197 023;B01;0;7;0;2;8;10;1;
4027;202100002662;197 024;A01;0;31;0;2;2;26;1;
4028;202100002664;197 021;B01;1;7;0;1;1;2;2;
4029;202100002665;197 019;A01;3;7;0;2;5;20;1;
4030;202100002665;197 020;B01;2;1;0;2;1;1;5;
4031;202100002666;197 017;B01;0;15;0;2;6;1;1;
4032;202100002666;197 018;A01;0;7;0;2;1;15;1;
4033;202100002667;197 011;A01;2;7;7;0;1;0;1;
4034;202100002668;197 009;A01;2;10;0;2;0;11;1;
4035;202100002668;197 010;B01;1;2;0;2;0;1;1;
4036;202100002669;197 006;A01;1;7;2;0;0;1;1;
4037;202100002670;197 005;A01;2;7;0;1;2;1;1;
4038;202100002671;197 003;B01;1;10;0;2;1;13;1;
4039;202100002671;197 004;A01;2;7;0;2;1;1;1;
4040;202100002672;197 001;B01;1;7;0;2;7;19;1;
4041;202100002672;197 002;A01;2;14;0;2;3;1;1;
4042;202100002675;196 994;A01;1;7;0;0;9;1;1;
4043;202100002677;196 990;A01;1;7;12;0;2;15;2;
4044;202100002678;196 989;A01;1;7;1;0;1;13;1;
4045;202100002679;196 988;A01;1;7;13;0;9;14;1;
4046;202100002680;196 986;A01;3;2;0;2;1;0;1;
4047;202100002680;196 987;B01;3;7;0;0;8;15;1;
4048;202100002681;196 985;A01;2;10;0;1;2;1;1;
4049;202100002682;196 982;A01;1;7;0;0;4;15;1;
4050;202100002682;196 983;B01;1;7;0;2;4;1;1;
4051;202100002682;196 984;C01;1;7;0;2;1;1;1;
4052;202100002683;196 980;B01;3;1;0;2;2;9;0;
4053;202100002683;196 981;A01;2;7;0;9;3;9;1;
4054;202100002684;196 976;A01;1;10;0;2;3;1;1;
4055;202100002684;196 977;B01;2;7;0;2;3;1;1;
4056;202100002685;196 974;A01;1;7;0;2;3;19;1;
4057;202100002685;196 975;B01;2;2;0;2;1;1;1;
4058;202100002686;196 973;A01;2;7;13;0;2;1;1;
4059;202100002687;196 972;A01;2;2;0;0;0;26;1;
4060;202100002690;196 968;A01;1;7;0;2;1;17;1;
4061;202100002690;196 969;B01;2;7;0;2;1;1;1;
4062;202100002691;196 967;A01;3;7;2;0;3;1;1;
4063;202100002693;196 964;A01;2;7;13;0;3;1;3;
4064;202100002694;196 962;B01;1;10;0;0;5;2;1;
4065;202100002694;196 963;A01;1;7;9;2;9;2;1;
4066;202100002695;196 956;A01;1;32;12;2;3;17;1;
4067;202100002695;196 957;B01;1;7;0;2;3;15;1;
4068;202100002696;196 954;B01;1;2;0;0;1;0;1;
4069;202100002696;196 955;A01;2;7;0;0;3;1;1;
4070;202100002697;196 949;A01;2;7;0;0;4;23;1;
4071;202100002697;196 950;B01;2;7;0;2;4;23;1;
4072;202100002697;196 951;C01;2;33;0;2;4;23;1;
4073;202100002697;196 952;D01;2;7;0;2;1;1;1;
4074;202100002697;196 953;E01;1;7;0;2;3;1;1;
4075;202100002699;196 946;A01;1;7;13;0;1;13;1;
4076;202100002700;196 944;A01;2;7;0;2;1;13;1;
4077;202100002700;196 945;B01;1;7;0;2;1;1;1;
4078;202100002701;196 942;A01;1;7;0;2;1;2;1;
4079;202100002701;196 943;B01;1;13;0;2;4;2;1;
4080;202100002702;196 940;A01;1;7;0;2;5;9;1;
4081;202100002702;196 941;B01;1;34;0;2;3;2;1;
4082;202100002703;196 939;A01;1;33;0;6;1;1;1;
4083;202100002704;196 937;A01;0;7;0;2;1;9;1;
4084;202100002704;196 938;B01;1;31;0;2;1;1;1;
4085;202100002705;196 936;A01;3;21;0;0;0;1;1;
4086;202100002707;196 933;A01;2;7;2;0;8;1;1;
4087;202100002708;196 932;A01;2;7;8;0;8;1;1;
4088;202100002709;196 931;A01;1;7;0;1;1;1;1;
4089;202100002710;196 929;B01;3;80;0;0;8;17;3;
4090;202100002710;196 930;A01;3;7;0;9;3;1;1;
4091;202100002712;196 926;A01;1;7;0;1;1;15;1;
4092;202100002713;196 924;A01;2;10;0;2;4;0;1;
4093;202100002713;196 925;B01;2;7;0;2;1;0;1;
4094;202100002714;196 919;B01;2;7;0;2;3;1;1;
4095;202100002714;196 920;A01;2;7;0;2;3;2;1;
4096;202100002715;196 917;A01;2;7;0;2;4;2;1;
4097;202100002715;196 918;B01;2;7;0;2;1;2;1;
4098;202100002716;196 915;A01;1;7;3;0;5;1;1;
4099;202100002716;196 916;B01;1;7;0;2;3;9;1;
4100;202100002717;196 914;A01;1;7;13;0;0;1;1;
4101;202100002719;196 910;B01;2;7;0;2;4;2;1;
4102;202100002719;196 911;A01;2;7;0;2;1;2;1;
4103;202100002720;196 908;B01;1;15;0;2;4;1;1;
4104;202100002720;196 909;A01;1;10;0;2;1;2;1;
4105;202100002721;196 905;C01;2;15;0;2;4;2;1;
4106;202100002721;196 906;B01;2;7;0;2;4;2;1;
4107;202100002721;196 907;A01;2;7;0;2;1;2;1;
4108;202100002722;196 903;A01;1;7;0;2;8;11;1;
4109;202100002722;196 904;B01;1;33;0;2;7;1;1;
4110;202100002723;196 902;A01;1;32;0;0;9;9;1;
4111;202100002724;196 900;A01;1;7;3;2;2;11;1;
4112;202100002724;196 901;B01;1;7;3;0;6;1;1;
4113;202100002725;196 899;A01;1;33;0;0;9;3;1;
4114;202100002726;196 897;A01;1;31;0;2;1;9;1;
4115;202100002726;196 898;B01;1;15;0;2;5;1;1;
4116;202100002727;196 896;A01;1;7;0;1;2;1;1;
4117;202100002728;196 894;A01;2;2;0;2;3;2;0;
4118;202100002728;196 895;B01;2;7;0;0;0;0;1;
4119;202100002729;196 892;B01;1;7;6;2;1;21;1;
4120;202100002729;196 893;A01;1;7;0;2;2;19;1;
4121;202100002730;196 890;A01;2;7;0;2;3;15;1;
4122;202100002730;196 891;B01;1;2;0;2;4;8;1;
4123;202100002731;196 888;A01;2;2;0;2;1;1;1;
4124;202100002731;196 889;B01;2;7;0;9;5;16;1;
4125;202100002732;196 886;A01;1;7;0;2;2;15;1;
4126;202100002732;196 887;B01;1;2;0;2;1;1;1;
4127;202100002733;196 884;A01;2;7;0;2;5;15;1;
4128;202100002733;196 885;B01;2;1;0;2;0;0;0;
4129;202100002734;196 882;A01;2;33;0;2;0;21;1;
4130;202100002734;196 883;B01;1;7;0;2;0;9;1;
4131;202100002735;196 880;A01;2;34;0;2;1;3;1;
4132;202100002735;196 881;B01;2;7;0;2;7;1;1;
4133;202100002736;196 879;A01;1;7;0;1;1;19;1;
4134;202100002738;196 876;A01;1;7;0;2;4;19;0;
4135;202100002738;196 877;Y01;1;50;0;2;1;1;3;
4136;202100002740;196 870;Z01;1;7;0;1;1;26;0;
4137;202100002741;196 868;A01;1;7;0;2;5;15;1;
4138;202100002741;196 869;B01;1;2;0;2;1;1;1;
4139;202100002742;196 867;A01;0;10;0;1;4;20;1;
4140;202100002743;196 863;A01;2;33;0;2;1;11;1;
4141;202100002743;196 864;B01;0;7;0;0;6;13;1;
4142;202100002744;196 861;A01;1;1;0;2;1;5;0;
4143;202100002744;196 862;B01;2;7;0;2;2;1;1;
4144;202100002745;196 859;B01;0;7;0;2;1;1;1;
4145;202100002745;196 860;A01;0;7;0;2;1;15;1;
4146;202100002746;196 857;A01;3;7;0;2;3;9;1;
4147;202100002746;196 858;B01;3;7;0;2;1;1;1;
4148;202100002747;196 856;A01;0;7;0;1;1;1;1;
4149;202100002748;196 854;A01;3;7;0;2;1;15;0;
4150;202100002748;196 855;B01;3;50;0;2;8;1;3;
4151;202100002749;196 853;A01;1;40;0;1;1;1;3;
4152;202100002750;196 851;A01;3;7;0;2;3;9;3;
4153;202100002750;196 852;B01;2;30;0;2;1;1;1;
4154;202100002751;196 849;B01;2;2;0;2;2;1;1;
4155;202100002751;196 850;A01;1;7;0;2;3;10;1;
4156;202100002752;196 848;A01;1;7;0;1;1;1;1;
4157;202100002753;196 847;A01;1;7;0;1;1;1;1;
4158;202100002754;196 845;B01;2;33;0;2;1;1;1;
4159;202100002754;196 846;A01;1;7;0;2;2;13;1;
4160;202100002755;196 843;B01;0;7;0;2;1;16;1;
4161;202100002755;196 844;A01;0;50;0;2;1;1;3;
4162;202100002756;196 841;B01;1;1;0;2;1;15;5;
4163;202100002756;196 842;A01;2;7;0;2;3;9;1;
4164;202100002757;196 839;A01;1;7;0;9;1;1;1;
4165;202100002757;196 840;B01;2;1;0;2;8;19;5;
4166;202100002758;196 837;B01;3;7;14;2;4;23;6;
4167;202100002758;196 838;A01;0;7;0;2;1;2;0;
4168;202100002759;196 836;A01;0;7;0;1;2;9;1;
4169;202100002760;196 835;A01;0;7;9;0;9;1;1;
4170;202100002761;196 834;A01;0;7;0;0;1;13;1;
4171;202100002762;196 832;A01;1;7;0;2;2;15;1;
4172;202100002762;196 833;B01;1;7;0;2;8;14;3;
4173;202100002763;196 830;B01;0;7;0;2;6;1;1;
4174;202100002763;196 831;A01;3;7;12;0;7;1;1;
4175;202100002764;196 828;B01;1;7;0;2;6;26;1;
4176;202100002764;196 829;A01;1;7;0;2;1;2;1;
4177;202100002765;196 826;A01;3;7;0;2;3;10;1;
4178;202100002765;196 827;B01;3;33;0;2;7;1;1;
4179;202100002766;196 822;Z01;2;7;0;2;3;1;0;
4180;202100002766;196 823;A01;2;50;0;2;1;1;3;
4181;202100002767;196 820;B01;3;1;0;2;1;1;5;
4182;202100002767;196 821;A01;3;7;0;2;3;15;1;
4183;202100002768;196 818;B01;2;1;0;2;8;1;5;
4184;202100002768;196 819;A01;1;7;0;2;3;15;1;
4185;202100002769;196 815;A01;1;7;0;1;1;1;1;
4186;202100002770;196 814;A01;1;13;0;1;1;26;1;
4187;202100002771;196 812;B01;2;7;0;2;2;1;1;
4188;202100002771;196 813;A01;2;7;0;2;3;10;1;
4189;202100002772;196 810;A01;1;7;0;2;8;1;1;
4190;202100002772;196 811;B01;1;33;0;0;7;1;1;
4191;202100002773;196 808;B01;2;7;0;2;3;1;1;
4192;202100002773;196 809;A01;1;7;0;2;3;15;1;
4193;202100002775;196 805;A01;3;7;0;2;1;9;1;
4194;202100002775;196 806;B01;3;7;0;2;7;2;1;
4195;202100002776;196 804;A01;2;7;0;1;1;1;1;
4196;202100002777;196 802;B01;3;7;0;2;1;1;1;
4197;202100002777;196 803;A01;3;7;0;2;1;15;1;
4198;202100002778;196 800;A01;1;7;0;2;1;9;1;
4199;202100002778;196 801;B01;2;15;0;2;7;2;6;
4200;202100002779;196 798;A01;2;10;0;2;1;1;1;
4201;202100002779;196 799;B01;2;7;0;2;4;1;1;
4202;202100002780;196 797;A01;2;7;0;0;9;13;1;
4203;202100002781;196 795;A01;1;30;0;2;1;1;1;
4204;202100002781;196 796;B01;2;7;0;2;3;1;1;
4205;202100002782;196 793;A01;1;30;0;2;2;17;1;
4206;202100002782;196 794;B01;1;7;0;2;3;15;1;
4207;202100002783;196 792;A01;1;7;0;1;1;1;1;
4208;202100002785;196 788;B01;3;1;0;2;1;1;6;
4209;202100002785;196 789;A01;3;7;0;2;1;11;1;
4210;202100002786;196 786;B01;1;10;0;2;8;1;0;
4211;202100002786;196 787;A01;1;17;0;2;2;12;1;
4212;202100002787;196 785;A01;2;32;0;1;2;17;1;
4213;202100002788;196 783;A01;2;10;0;2;3;22;1;
4214;202100002788;196 784;B01;2;1;0;2;2;1;5;
4215;202100002789;196 781;A01;2;7;0;2;5;15;1;
4216;202100002789;196 782;B01;2;32;0;2;1;1;1;
4217;202100002790;196 779;B01;2;7;0;2;5;2;2;
4218;202100002790;196 780;A01;2;33;0;2;1;2;1;
4219;202100002791;196 777;B01;1;30;0;2;4;15;1;
4220;202100002791;196 778;A01;1;7;0;2;1;2;1;
4221;202100002792;196 776;A01;2;7;1;0;1;14;1;
4222;202100002793;196 775;A01;3;50;0;0;0;25;3;
4223;202100002794;196 774;A01;1;7;0;1;3;15;2;
4224;202100002795;196 772;B01;1;1;0;2;1;1;5;
4225;202100002795;196 773;A01;2;50;0;2;1;13;3;
4226;202100002796;196 771;A01;1;60;0;1;0;1;5;
4227;202100002797;196 769;A01;2;2;0;2;1;1;1;
4228;202100002797;196 770;B01;1;7;0;2;2;1;2;
4229;202100002798;196 767;B01;1;7;0;2;8;1;1;
4230;202100002798;196 768;A01;2;33;0;2;1;1;1;
4231;202100002799;196 765;B01;2;32;0;2;7;17;1;
4232;202100002799;196 766;A01;2;7;0;2;3;15;1;
4233;202100002800;196 763;B01;2;43;0;2;3;7;1;
4234;202100002800;196 764;A01;2;7;0;2;5;16;1;
4235;202100002801;196 761;A01;2;33;0;2;1;1;1;
4236;202100002801;196 762;B01;1;7;0;2;1;17;1;
4237;202100002802;196 760;A01;2;30;0;1;0;13;1;
4238;202100002804;196 756;B01;2;33;0;2;1;1;1;
4239;202100002804;196 757;A01;1;7;0;2;7;15;1;
4240;202100002805;196 755;A01;2;7;0;1;1;2;1;
4241;202100002806;196 753;A01;1;7;0;2;2;1;1;
4242;202100002806;196 754;B01;2;7;0;2;3;1;1;
4243;202100002807;196 751;A01;1;32;0;2;1;3;1;
4244;202100002807;196 752;B01;1;7;0;2;3;15;1;
4245;202100002808;196 749;A01;1;7;0;2;3;19;1;
4246;202100002808;196 750;B01;2;43;0;2;1;1;1;
4247;202100002809;196 747;B01;-1;7;0;2;1;1;0;
4248;202100002809;196 748;A01;3;7;0;2;7;0;1;
4249;202100002810;196 746;A01;0;7;0;1;3;1;1;
4250;202100002811;196 744;A01;2;10;0;2;7;1;1;
4251;202100002811;196 745;B01;1;30;0;2;1;1;1;
4252;202100002812;196 742;B01;-1;33;0;2;8;1;0;
4253;202100002812;196 743;A01;-1;7;0;2;2;12;0;
4254;202100002813;196 741;A01;-1;7;0;1;1;1;1;
4255;202100002814;196 740;A01;-1;7;0;1;4;4;1;
4256;202100002815;196 739;A01;1;37;0;1;3;1;1;1.0
4257;202100002816;196 737;E01;1;7;0;2;4;1;1;
4258;202100002816;196 738;A01;1;7;0;1;1;17;1;
4259;202100002817;196 736;A01;3;7;0;1;1;1;1;
4260;202100002819;196 733;A01;1;7;0;2;0;15;1;
4261;202100002819;196 734;B01;1;1;0;2;0;0;5;
4262;202100002821;196 730;A01;2;7;0;1;1;1;1;
4263;202100002822;196 728;A01;2;7;0;2;1;1;1;
4264;202100002822;196 729;B01;2;7;0;2;8;23;1;
4265;202100002823;196 727;A01;2;7;2;0;8;1;1;
4266;202100002824;196 725;A01;0;7;0;2;1;0;1;
4267;202100002824;196 726;B01;0;7;0;0;3;1;1;
4268;202100002825;196 723;A01;2;10;2;0;1;21;1;
4269;202100002826;196 721;B01;3;50;0;2;8;14;3;
4270;202100002826;196 722;A01;3;13;0;9;1;1;1;
4271;202100002827;196 720;A01;1;7;0;1;2;9;1;
4272;202100002828;196 719;A01;3;7;3;0;1;16;1;
4273;202100002829;196 717;B01;2;33;0;2;1;1;1;
4274;202100002829;196 718;A01;1;7;0;2;3;15;1;
4275;202100002831;196 715;A01;1;7;7;0;1;1;1;