;Num_Acc;id_vehicule;num_veh;senc;catv;obs;obsm;choc;manv;motor;occutc
4276;202100002832;196 713;A01;2;7;0;2;1;9;1;
4277;202100002832;196 714;B01;2;10;0;2;7;15;1;
4278;202100002835;196 708;A01;3;36;0;0;9;1;1;
4279;202100002836;196 707;A01;3;7;0;1;1;1;1;
4280;202100002837;196 705;A01;0;7;0;2;5;15;1;
4281;202100002837;196 706;B01;2;33;0;2;3;1;1;
4282;202100002838;196 704;A01;3;7;0;5;1;1;1;
4283;202100002839;196 702;B01;1;7;0;2;3;1;0;
4284;202100002839;196 703;A01;2;7;0;2;3;1;2;
4285;202100002840;196 701;A01;3;7;1;0;4;1;1;
4286;202100002841;196 699;A01;2;7;0;2;2;17;1;
4287;202100002841;196 700;B01;2;1;16;2;8;2;5;
4288;202100002842;196 698;A01;1;7;2;0;1;1;1;
4289;202100002843;196 696;B01;1;7;0;2;8;11;1;
4290;202100002843;196 697;A01;2;2;0;2;3;1;1;
4291;202100002844;196 694;B01;1;7;0;2;1;1;1;
4292;202100002844;196 695;A01;2;7;0;2;1;13;1;
4293;202100002845;196 693;A01;0;7;0;1;2;1;1;
4294;202100002846;196 692;A01;3;7;13;0;2;1;1;
4295;202100002848;196 689;A01;3;7;8;0;1;0;1;
4296;202100002849;196 687;A01;2;7;0;2;1;1;1;
4297;202100002849;196 688;B01;3;7;0;0;8;16;1;
4298;202100002850;196 686;A01;2;7;13;0;1;1;1;
4299;202100002851;196 684;B01;1;7;0;2;3;1;1;
4300;202100002851;196 685;A01;2;7;3;2;5;13;1;
4301;202100002852;196 682;B01;1;7;0;0;2;1;1;
4302;202100002852;196 683;A01;2;2;0;0;1;19;1;
4303;202100002854;196 678;B01;2;7;0;2;3;5;1;
4304;202100002854;196 679;A01;1;7;0;2;3;5;1;
4305;202100002855;196 676;A01;1;7;13;2;2;2;1;
4306;202100002855;196 677;B01;1;7;13;0;6;1;1;
4307;202100002856;196 674;A01;1;2;0;2;1;14;1;
4308;202100002856;196 675;B01;1;99;0;0;7;15;1;
4309;202100002857;196 672;A01;0;7;0;2;8;9;1;
4310;202100002857;196 673;B01;0;32;0;2;1;17;1;
4311;202100002859;196 666;B01;1;10;0;2;1;1;1;
4312;202100002859;196 667;A01;2;7;0;2;1;5;1;
4313;202100002860;196 664;A01;1;7;0;2;2;5;1;
4314;202100002860;196 665;B01;2;7;0;2;2;0;1;
4315;202100002861;196 663;A01;2;1;15;0;1;21;5;
4316;202100002863;196 659;A01;1;33;0;2;1;3;1;
4317;202100002863;196 660;B01;1;7;0;2;8;23;1;
4318;202100002864;196 656;C01;1;10;13;0;1;0;1;
4319;202100002864;196 657;B01;1;10;0;2;8;2;1;
4320;202100002864;196 658;A01;2;7;0;2;1;13;1;
4321;202100002865;196 654;B01;2;7;0;2;3;1;1;
4322;202100002865;196 655;A01;1;2;0;2;8;13;1;
4323;202100002866;196 652;A01;1;7;0;2;3;10;2;
4324;202100002866;196 653;B01;1;10;0;2;2;17;1;
4325;202100002867;196 651;A01;1;33;0;0;7;1;1;
4326;202100002868;196 649;B01;2;2;0;2;1;1;1;
4327;202100002868;196 650;A01;1;7;0;2;2;15;1;
4328;202100002869;196 647;A01;0;31;0;2;1;1;1;
4329;202100002869;196 648;B01;0;7;0;2;1;1;1;
4330;202100002870;196 646;A01;0;7;8;0;1;1;1;
4331;202100002871;196 644;A01;1;33;0;2;0;0;1;
4332;202100002871;196 645;B01;1;7;0;0;0;0;1;
4333;202100002872;196 640;B01;2;7;0;2;8;1;1;
4334;202100002872;196 641;A01;2;7;0;2;1;3;1;
4335;202100002873;196 637;C01;1;7;0;2;1;2;0;
4336;202100002873;196 638;A01;1;15;0;2;2;12;0;
4337;202100002873;196 639;B01;1;7;0;2;8;2;0;
4338;202100002874;196 632;E01;2;7;0;2;4;2;2;
4339;202100002874;196 633;D01;2;7;0;2;4;2;0;
4340;202100002874;196 634;C01;2;7;0;2;4;2;0;
4341;202100002874;196 635;B01;2;34;0;2;4;2;0;
4342;202100002874;196 636;A01;2;7;0;2;1;2;0;
4343;202100002875;196 630;B01;2;33;0;2;3;3;1;
4344;202100002875;196 631;A01;2;7;0;2;5;12;1;
4345;202100002876;196 629;A01;2;7;0;1;1;26;0;
4346;202100002877;196 627;A01;1;7;0;2;2;2;1;
4347;202100002877;196 628;B01;1;1;0;2;4;2;5;
4348;202100002878;196 625;A01;2;7;0;2;3;15;1;
4349;202100002878;196 626;B01;2;32;0;2;1;1;1;
4350;202100002879;196 622;A01;2;1;0;2;4;19;5;
4351;202100002879;196 623;B01;2;31;0;2;1;26;1;
4352;202100002879;196 624;Z01;2;7;0;9;1;26;1;
4353;202100002880;196 619;Z01;1;99;0;2;0;0;1;
4354;202100002880;196 620;C01;1;10;0;2;1;0;1;
4355;202100002880;196 621;B01;1;32;0;2;6;1;1;
4356;202100002881;196 618;A01;0;7;6;0;1;15;1;
4357;202100002882;196 617;A01;3;7;0;0;9;13;1;
4358;202100002883;196 615;A01;2;33;0;2;1;3;1;
4359;202100002883;196 616;B01;2;7;0;2;7;12;1;
4360;202100002884;196 614;A01;2;7;0;0;1;26;1;
4361;202100002885;196 612;A01;2;7;0;2;1;2;1;
4362;202100002885;196 613;B01;2;7;0;2;4;23;1;
4363;202100002886;196 611;A01;3;7;0;1;2;1;1;
4364;202100002887;196 609;B01;1;37;0;2;3;1;1;1.0
4365;202100002887;196 610;A01;1;7;0;2;8;1;1;
4366;202100002888;196 608;A01;2;7;0;1;3;1;1;
4367;202100002889;196 607;A01;1;30;0;0;1;26;1;
4368;202100002890;196 605;B01;2;33;0;2;1;0;1;
4369;202100002890;196 606;A01;2;7;0;2;1;15;1;
4370;202100002891;196 603;A01;2;10;0;2;5;1;1;
4371;202100002891;196 604;B01;2;31;0;2;3;2;1;
4372;202100002892;196 602;A01;0;7;0;1;3;1;1;
4373;202100002893;196 601;A01;2;7;0;1;7;16;1;
4374;202100002894;196 599;B01;2;1;0;2;0;2;5;
4375;202100002894;196 600;Z01;2;10;0;2;0;2;0;
4376;202100002895;196 595;A01;1;10;0;1;2;1;1;
4377;202100002896;196 594;A01;1;37;0;1;2;9;0;1.0
4378;202100002897;196 593;A01;3;7;0;1;1;26;1;
4379;202100002898;196 592;A01;0;7;0;1;1;1;1;
4380;202100002899;196 590;A01;0;50;0;2;8;5;3;
4381;202100002899;196 591;B01;0;7;0;2;1;9;1;
4382;202100002900;196 588;B01;0;7;0;2;2;1;1;
4383;202100002900;196 589;A01;0;60;0;2;1;1;5;
4384;202100002902;196 582;B01;3;7;0;2;4;23;2;
4385;202100002902;196 583;A01;3;7;0;2;1;2;1;
4386;202100002903;196 581;A01;3;7;0;1;6;20;1;
4387;202100002904;196 580;A01;1;7;0;1;1;1;1;
4388;202100002906;196 576;B01;1;50;0;4;8;0;3;
4389;202100002906;196 577;A01;3;40;0;2;3;1;3;
4390;202100002907;196 574;B01;3;1;0;2;8;1;0;
4391;202100002907;196 575;A01;3;7;0;2;1;9;1;
4392;202100002908;196 572;A01;1;7;0;2;3;2;1;
4393;202100002908;196 573;B01;1;1;0;2;4;2;5;
4394;202100002909;196 570;Z01;3;7;0;0;0;0;0;
4395;202100002909;196 571;B01;1;37;0;0;0;1;4;2.0
4396;202100002910;196 568;B01;2;7;0;2;2;20;1;
4397;202100002910;196 569;A01;2;31;1;2;1;14;1;
4398;202100002911;196 567;A01;1;7;0;1;1;26;1;
4399;202100002912;196 566;A01;2;7;0;0;9;11;1;
4400;202100002913;196 565;A01;0;7;0;2;1;1;1;
4401;202100002914;196 563;A01;1;7;0;2;1;2;1;
4402;202100002914;196 564;B01;1;7;0;2;4;23;1;
4403;202100002915;196 557;E01;2;7;1;0;0;2;1;
4404;202100002915;196 558;F01;1;7;1;0;0;2;1;
4405;202100002915;196 559;C01;1;7;0;2;7;23;1;
4406;202100002915;196 560;A01;1;7;0;2;9;2;1;
4407;202100002915;196 561;D01;2;7;0;2;1;1;1;
4408;202100002915;196 562;B01;1;7;0;2;6;23;1;
4409;202100002916;196 555;Z01;2;10;0;2;3;9;0;
4410;202100002916;196 556;A01;2;7;0;2;2;1;1;
4411;202100002917;196 554;A01;3;14;0;1;1;15;1;
4412;202100002918;196 552;A01;0;10;0;2;7;15;1;
4413;202100002918;196 553;B01;2;31;0;2;1;1;1;
4414;202100002920;196 549;A01;1;7;1;9;1;1;1;
4415;202100002920;196 550;B01;2;1;0;2;3;19;5;
4416;202100002921;196 547;B01;2;7;0;2;1;1;1;
4417;202100002921;196 548;A01;1;7;0;2;1;17;1;
4418;202100002922;196 546;A01;1;7;16;0;0;14;1;
4419;202100002923;196 545;A01;2;33;16;0;0;1;1;
4420;202100002924;196 543;B01;1;37;0;2;1;1;1;2.0
4421;202100002924;196 544;A01;2;7;0;2;2;9;1;
4422;202100002925;196 542;A01;1;7;9;0;2;0;1;
4423;202100002926;196 541;A01;0;7;0;1;1;1;1;
4424;202100002927;196 540;A01;1;43;0;0;0;26;1;
4425;202100002928;196 538;B01;1;30;0;0;0;0;1;
4426;202100002928;196 539;A01;1;7;0;2;1;15;1;
4427;202100002929;196 534;D01;1;10;0;2;6;1;1;
4428;202100002929;196 535;C01;2;7;0;2;8;5;1;
4429;202100002929;196 536;B01;2;7;0;2;3;5;1;
4430;202100002929;196 537;A01;1;7;0;2;1;17;1;
4431;202100002930;196 533;A01;0;7;0;1;3;15;1;
4432;202100002931;196 532;A01;2;7;4;0;8;17;1;
4433;202100002932;196 530;A01;1;7;0;2;6;16;1;
4434;202100002932;196 531;B01;1;1;0;2;2;15;5;
4435;202100002933;196 528;A01;2;34;0;2;7;1;1;
4436;202100002933;196 529;B01;2;7;0;2;8;2;0;
4437;202100002934;196 526;A01;2;30;0;2;1;21;1;
4438;202100002934;196 527;B01;2;10;0;2;4;20;1;
4439;202100002935;196 525;A01;1;7;0;1;1;15;1;
4440;202100002936;196 524;A01;2;7;0;1;1;1;1;
4441;202100002937;196 523;A01;2;7;0;1;2;1;1;
4442;202100002938;196 521;B01;1;33;0;2;1;1;1;
4443;202100002938;196 522;A01;2;7;0;2;7;15;1;
4444;202100002939;196 520;A01;1;7;0;1;2;1;1;
4445;202100002940;196 519;Z01;0;10;0;1;4;0;0;
4446;202100002941;196 517;B01;2;7;0;2;3;2;3;
4447;202100002941;196 518;A01;2;33;0;2;2;17;1;
4448;202100002942;196 516;A01;0;7;0;2;3;1;0;
4449;202100002943;196 514;B01;1;2;0;2;4;2;1;
4450;202100002943;196 515;A01;1;7;0;2;1;2;1;
4451;202100002944;196 513;A01;2;10;0;1;1;15;0;
4452;202100002945;196 509;D01;3;7;0;2;1;2;1;
4453;202100002945;196 510;C01;3;7;0;2;1;1;1;
4454;202100002945;196 511;B01;3;7;0;2;1;1;1;
4455;202100002945;196 512;A01;0;7;0;2;1;1;1;
4456;202100002947;196 504;A01;1;7;6;0;1;26;1;
4457;202100002949;196 499;A01;1;7;0;2;1;26;1;
4458;202100002949;196 500;B01;1;7;0;2;4;1;1;
4459;202100002949;196 501;C01;1;7;0;2;0;0;1;
4460;202100002949;196 502;D01;1;7;0;2;0;0;1;
4461;202100002950;196 497;B01;1;7;0;2;2;1;1;
4462;202100002950;196 498;A01;1;7;0;2;7;19;1;
4463;202100002951;196 496;LA01;0;7;0;1;2;9;1;
4464;202100002952;196 495;A01;1;7;4;0;2;1;1;
4465;202100002954;196 491;A01;2;37;0;2;2;2;1;1.0
4466;202100002954;196 492;B01;1;7;0;2;4;16;1;
4467;202100002955;196 490;A01;2;7;0;1;0;26;1;
4468;202100002956;196 489;A01;1;7;0;1;1;1;2;
4469;202100002957;196 487;B01;3;33;0;2;1;1;1;
4470;202100002957;196 488;A01;3;7;8;2;6;19;1;
4471;202100002958;196 485;A01;3;7;0;2;2;21;1;
4472;202100002958;196 486;B01;3;30;0;2;1;0;3;
4473;202100002959;196 484;A01;2;7;16;0;2;1;1;
4474;202100002960;196 482;B01;1;31;0;2;3;3;3;
4475;202100002960;196 483;A01;1;7;0;2;2;12;1;
4476;202100002961;196 480;B01;2;31;0;2;3;1;1;
4477;202100002961;196 481;A01;2;10;0;2;7;12;1;
4478;202100002962;196 478;A01;1;32;0;2;2;1;1;
4479;202100002962;196 479;B01;1;7;0;2;6;11;1;
4480;202100002963;196 476;A01;1;32;0;2;8;3;1;
4481;202100002963;196 477;Z01;1;7;0;2;7;12;1;
4482;202100002964;196 474;A01;2;7;0;2;7;1;1;
4483;202100002964;196 475;B01;2;2;0;2;1;1;1;
4484;202100002965;196 473;A01;2;37;0;1;5;9;2;1.0
4485;202100002966;196 472;A01;3;1;0;0;0;1;5;
4486;202100002967;196 470;A01;1;1;0;1;1;1;5;
4487;202100002968;196 468;A01;2;10;0;2;3;1;3;
4488;202100002968;196 469;B01;2;50;0;2;1;1;3;
4489;202100002969;196 466;B01;2;1;0;2;4;1;5;
4490;202100002969;196 467;A01;2;32;0;2;1;1;1;
4491;202100002970;196 464;B01;2;50;0;2;2;1;3;
4492;202100002970;196 465;A01;2;10;0;2;3;22;1;
4493;202100002971;196 462;A01;3;7;0;2;3;1;1;
4494;202100002971;196 463;B01;3;32;0;2;6;1;1;
4495;202100002972;196 460;A01;1;7;0;2;6;10;1;
4496;202100002972;196 461;B01;1;43;0;2;1;17;1;
4497;202100002973;196 458;A01;1;7;0;2;1;1;1;
4498;202100002973;196 459;B01;2;7;9;2;8;15;1;
4499;202100002974;196 457;A01;2;15;0;1;1;1;1;
4500;202100002975;196 456;A01;3;10;0;1;4;24;1;
4501;202100002976;196 454;A01;2;7;0;1;1;15;2;
4502;202100002977;196 453;A01;2;7;1;0;2;26;1;
4503;202100002978;196 451;A01;0;7;0;2;1;15;1;
4504;202100002978;196 452;B01;0;7;0;2;2;1;1;
4505;202100002979;196 450;Z01;3;7;0;1;1;0;1;
4506;202100002980;196 449;A01;1;10;0;1;4;4;1;
4507;202100002981;196 447;A01;2;7;0;2;3;11;1;
4508;202100002981;196 448;B01;2;32;0;2;5;1;1;
4509;202100002983;196 443;A01;3;7;0;1;3;9;1;
4510;202100002983;196 444;B01;3;99;0;0;0;0;6;
4511;202100002984;196 442;A01;1;10;0;1;1;15;1;
4512;202100002985;196 440;A01;2;7;0;2;8;15;1;
4513;202100002985;196 441;B01;1;2;0;2;8;1;3;
4514;202100002986;196 438;A01;0;7;0;2;3;14;1;
4515;202100002986;196 439;B01;0;7;0;2;1;1;1;
4516;202100002987;196 437;A01;1;7;0;1;1;1;1;
4517;202100002988;196 436;A01;3;7;0;1;1;1;1;
4518;202100002990;196 433;A01;1;7;13;0;0;2;1;
4519;202100002991;196 430;C01;2;7;0;9;1;1;1;
4520;202100002991;196 431;B01;1;17;0;2;1;1;1;
4521;202100002991;196 432;A01;2;7;0;2;1;13;1;
4522;202100002992;196 428;B01;2;7;0;2;1;1;1;
4523;202100002992;196 429;A01;1;7;0;2;1;13;1;
4524;202100002993;196 426;A01;1;7;0;2;2;13;1;
4525;202100002993;196 427;B01;2;7;0;2;1;1;1;
4526;202100002994;196 424;A01;1;14;0;2;2;15;1;
4527;202100002994;196 425;B01;2;7;0;2;1;1;1;
4528;202100002995;196 422;B01;3;7;0;2;5;1;1;
4529;202100002995;196 423;A01;3;2;0;2;1;2;1;
4530;202100002997;196 420;A01;1;7;7;0;1;1;1;
4531;202100002999;196 416;A01;1;2;0;2;1;17;1;
4532;202100002999;196 417;B01;2;31;0;2;1;1;3;
4533;202100003000;196 412;A01;2;7;0;2;2;9;2;
4534;202100003000;196 413;C01;1;7;0;2;3;23;1;
4535;202100003000;196 414;B01;2;7;0;2;1;1;1;
4536;202100003002;196 410;A01;1;7;2;0;3;14;1;
4537;202100003003;196 408;A01;1;10;0;2;1;1;1;
4538;202100003003;196 409;B01;2;13;0;2;1;1;1;
4539;202100003004;196 405;A01;1;7;0;2;8;1;1;
4540;202100003004;196 406;B01;1;7;0;2;1;1;1;
4541;202100003005;196 403;A01;2;7;0;2;1;13;1;
4542;202100003005;196 404;B01;2;7;0;2;1;1;1;
4543;202100003007;196 400;A01;2;7;0;0;1;11;1;
4544;202100003007;196 401;B01;1;7;0;0;1;1;1;
4545;202100003008;196 399;A01;2;13;13;0;1;13;1;
4546;202100003009;196 398;A01;1;7;5;0;1;1;1;
4547;202100003010;196 396;A01;2;2;0;2;1;1;1;
4548;202100003010;196 397;B01;2;7;0;2;4;23;2;
4549;202100003011;196 394;B01;2;10;0;2;5;1;1;
4550;202100003011;196 395;A01;2;10;0;2;1;1;1;
4551;202100003012;196 393;A01;1;33;0;0;9;6;1;
4552;202100003013;196 391;B01;2;7;0;2;6;10;1;
4553;202100003013;196 392;A01;2;7;0;2;1;1;1;
4554;202100003014;196 390;A01;2;7;13;0;3;1;1;
4555;202100003015;196 385;E01;1;7;0;2;6;23;1;
4556;202100003015;196 386;D01;1;7;0;2;8;23;1;
4557;202100003015;196 387;A01;2;7;0;2;3;5;1;
4558;202100003015;196 388;B01;1;10;0;2;8;21;1;
4559;202100003015;196 389;C01;1;7;0;2;8;1;1;
4560;202100003016;196 384;A01;1;7;3;0;3;0;1;
4561;202100003017;196 383;A01;1;7;0;1;1;1;1;
4562;202100003018;196 382;A01;2;7;13;0;9;0;1;
4563;202100003019;196 381;B01;2;7;1;0;3;21;1;
4564;202100003020;196 380;A01;1;7;0;1;1;1;1;
4565;202100003021;196 379;A01;2;7;2;0;1;1;1;
4566;202100003022;196 378;A01;2;7;0;1;3;1;1;
4567;202100003023;196 377;A01;3;7;15;0;3;1;1;
4568;202100003024;196 376;A01;0;7;2;0;8;1;1;
4569;202100003025;196 375;A01;1;7;13;0;1;1;1;
4570;202100003026;196 374;A01;2;7;0;1;1;15;1;
4571;202100003027;196 371;C01;2;7;2;0;1;21;1;
4572;202100003027;196 372;B01;2;7;0;2;1;1;1;
4573;202100003027;196 373;A01;1;7;2;2;1;17;1;
4574;202100003028;196 369;B01;2;2;0;2;8;1;1;
4575;202100003028;196 370;A01;1;10;0;2;1;15;1;
4576;202100003030;196 366;A01;1;33;0;0;8;15;1;
4577;202100003031;196 365;A01;1;7;0;2;8;21;1;
4578;202100003032;196 363;B01;2;7;0;2;7;12;1;
4579;202100003032;196 364;A01;2;33;0;2;8;18;1;
4580;202100003033;196 360;B01;2;7;0;2;5;1;1;
4581;202100003033;196 361;A01;2;33;0;2;3;3;1;
4582;202100003033;196 362;C01;2;7;0;2;6;11;1;
4583;202100003034;196 358;A01;2;7;0;2;1;1;1;
4584;202100003034;196 359;B01;2;7;0;2;4;11;1;
4585;202100003036;196 354;A01;2;7;0;2;4;2;1;
4586;202100003037;196 350;A01;2;7;0;2;1;2;1;
4587;202100003037;196 351;B01;2;7;0;2;4;2;1;
4588;202100003037;196 352;C01;2;10;0;2;4;2;1;
4589;202100003037;196 353;D01;2;7;0;2;4;2;1;
4590;202100003038;196 348;B01;2;17;0;2;6;23;1;
4591;202100003038;196 349;A01;2;7;0;2;2;13;1;
4592;202100003039;196 345;C01;2;17;0;2;4;2;1;
4593;202100003039;196 346;B01;2;17;0;2;4;2;1;
4594;202100003039;196 347;A01;2;17;0;2;1;2;1;
4595;202100003040;196 343;B01;2;7;0;2;1;2;1;
4596;202100003040;196 344;A01;1;10;4;0;0;2;1;
4597;202100003041;196 340;C01;2;10;0;2;4;2;1;
4598;202100003041;196 341;B01;2;7;0;2;4;2;1;
4599;202100003041;196 342;A01;2;10;0;2;1;2;1;
4600;202100003042;196 338;A01;2;10;0;2;6;11;1;
4601;202100003042;196 339;B01;2;33;0;2;7;3;1;
4602;202100003043;196 335;C01;1;7;0;0;0;1;1;
4603;202100003043;196 336;B01;1;7;0;2;0;11;1;
4604;202100003043;196 337;A01;1;33;0;2;2;3;1;
4605;202100003044;196 332;A01;1;33;3;2;8;3;1;
4606;202100003044;196 333;B01;1;7;3;2;2;12;1;
4607;202100003044;196 334;C01;1;7;3;2;5;2;1;
4608;202100003045;196 330;B01;1;7;0;2;6;1;2;
4609;202100003045;196 331;A01;1;33;0;2;1;1;1;
4610;202100003047;196 325;A01;1;33;0;2;1;0;1;
4611;202100003047;196 326;B01;1;7;0;2;4;2;1;
4612;202100003048;196 323;A01;1;7;0;2;3;1;1;
4613;202100003048;196 324;B01;1;7;0;2;5;1;1;
4614;202100003049;196 321;A01;2;7;0;2;1;2;1;
4615;202100003049;196 322;B01;2;7;0;2;4;2;2;
4616;202100003050;196 318;B01;1;7;0;2;4;2;1;
4617;202100003050;196 319;C01;1;15;0;2;1;2;1;
4618;202100003050;196 320;A01;1;7;0;2;1;12;1;
4619;202100003051;196 316;A01;2;7;0;2;8;11;1;
4620;202100003051;196 317;B01;2;33;0;2;2;1;1;
4621;202100003054;196 306;A01;1;7;0;2;4;0;2;
4622;202100003054;196 307;B01;1;15;0;2;1;2;1;
4623;202100003055;196 302;A01;1;15;0;2;1;1;1;
4624;202100003055;196 303;B01;1;10;0;2;4;2;1;
4625;202100003055;196 304;C01;1;7;0;2;4;2;1;
4626;202100003055;196 305;D01;1;7;0;2;4;2;1;
4627;202100003056;196 299;A01;2;7;4;2;3;1;1;
4628;202100003056;196 300;B01;2;7;0;2;8;21;1;
4629;202100003056;196 301;C01;2;17;0;2;8;21;1;
4630;202100003057;196 297;B01;2;31;0;2;2;1;1;
4631;202100003057;196 298;A01;0;10;0;2;3;19;1;
4632;202100003058;196 293;C01;1;7;0;2;4;15;1;
4633;202100003058;196 294;B01;1;7;0;2;4;1;1;
4634;202100003058;196 295;A01;1;7;0;2;1;1;1;
4635;202100003059;196 291;A01;1;31;0;2;2;17;1;
4636;202100003059;196 292;B01;1;7;0;2;6;15;1;
4637;202100003061;196 288;A01;1;7;8;0;1;14;1;
4638;202100003062;196 286;B01;1;2;0;2;7;16;1;
4639;202100003062;196 287;A01;1;7;0;2;8;16;1;
4640;202100003063;196 285;A01;0;1;9;0;1;19;0;
4641;202100003064;196 283;B01;1;1;0;2;3;1;0;
4642;202100003064;196 284;A01;1;7;0;2;3;23;1;
4643;202100003065;196 282;A01;3;43;0;0;0;26;1;
4644;202100003067;196 278;B01;2;33;1;2;8;2;1;
4645;202100003067;196 279;A01;2;7;0;2;8;15;1;
4646;202100003068;196 277;A01;1;7;0;1;1;1;1;
4647;202100003069;196 275;B01;2;34;1;2;7;2;1;
4648;202100003069;196 276;A01;2;10;0;2;8;15;1;
4649;202100003070;196 274;A01;2;7;4;0;9;1;1;
4650;202100003072;196 270;A01;1;7;0;1;1;14;1;
4651;202100003073;196 268;B01;2;2;0;2;1;13;1;
4652;202100003073;196 269;A01;1;3;1;2;1;1;1;
4653;202100003074;196 266;A01;1;7;0;2;1;9;1;
4654;202100003074;196 267;B01;1;7;1;2;1;1;1;
4655;202100003075;196 264;A01;2;7;0;2;1;9;1;
4656;202100003075;196 265;B01;2;2;0;2;1;1;1;
4657;202100003076;196 263;A01;1;10;13;0;9;1;1;
4658;202100003077;196 261;B01;1;2;0;2;1;1;1;
4659;202100003077;196 262;A01;1;7;0;2;7;10;1;
4660;202100003079;196 257;A01;1;7;0;2;2;15;1;
4661;202100003079;196 258;B01;1;2;0;2;1;1;1;
4662;202100003081;196 253;A01;0;15;0;2;2;14;1;
4663;202100003081;196 254;B01;0;7;0;2;8;1;1;
4664;202100003083;196 249;C01;1;13;0;2;1;2;1;
4665;202100003083;196 250;B01;1;10;0;2;1;2;1;
4666;202100003083;196 251;A01;1;7;0;2;4;2;1;
4667;202100003084;196 246;A01;0;33;0;0;0;0;1;
4668;202100003085;196 244;A01;3;7;0;2;1;15;1;
4669;202100003085;196 245;B01;3;7;0;2;3;1;1;
4670;202100003086;196 242;B01;1;32;0;2;7;1;1;
4671;202100003086;196 243;A01;2;7;0;2;1;0;1;
4672;202100003087;196 241;A01;2;7;0;1;1;1;1;
4673;202100003088;196 240;A01;1;31;1;0;1;0;1;
4674;202100003090;196 237;A01;1;7;0;2;1;9;1;
4675;202100003090;196 238;B01;2;99;0;2;0;1;3;
4676;202100003091;196 236;A01;1;7;0;1;1;2;1;
4677;202100003092;196 235;A01;1;7;1;0;1;14;1;
4678;202100003093;196 233;B01;2;7;0;2;2;1;1;
4679;202100003093;196 234;A01;1;7;0;2;3;15;1;
4680;202100003094;196 231;B01;2;7;0;2;4;20;1;
4681;202100003094;196 232;A01;1;7;1;2;1;26;1;
4682;202100003095;196 230;A01;1;7;10;0;1;14;1;
4683;202100003096;196 229;A01;1;7;0;1;2;1;1;
4684;202100003097;196 228;A01;1;7;0;1;1;1;3;
4685;202100003098;196 227;A01;2;7;0;1;3;1;1;
4686;202100003099;196 225;A01;1;7;0;2;2;16;2;
4687;202100003099;196 226;B01;2;50;0;2;0;5;3;
4688;202100003100;196 223;B01;1;10;0;2;1;1;1;
4689;202100003100;196 224;A01;2;7;0;2;2;15;1;
4690;202100003102;196 220;B01;3;10;0;2;4;0;1;
4691;202100003102;196 221;A01;2;33;8;0;1;1;1;
4692;202100003104;196 216;A01;3;32;0;0;1;1;1;
4693;202100003105;196 214;A01;3;7;0;2;1;15;1;
4694;202100003105;196 215;B01;3;2;0;2;1;1;1;
4695;202100003106;196 211;A01;2;7;0;2;1;19;1;
4696;202100003106;196 212;B01;3;7;0;2;0;1;1;
4697;202100003106;196 213;C01;3;7;0;2;3;1;1;
4698;202100003107;196 210;A01;1;7;0;1;2;1;1;
4699;202100003108;196 209;A01;1;7;2;0;1;13;1;
4700;202100003109;196 208;A01;0;3;0;1;1;0;3;
4701;202100003110;196 206;A01;2;7;0;2;8;9;1;
4702;202100003110;196 207;B01;2;7;0;2;1;19;1;
4703;202100003111;196 205;A01;3;34;0;0;1;1;1;
4704;202100003112;196 203;B01;2;1;0;2;7;1;5;
4705;202100003112;196 204;A01;2;7;0;2;1;9;1;
4706;202100003113;196 202;A01;1;7;0;2;2;1;1;
4707;202100003115;196 196;A01;3;31;0;1;8;1;1;
4708;202100003116;196 195;A01;0;7;0;1;3;15;1;
4709;202100003117;196 193;B01;2;7;0;2;3;19;1;
4710;202100003117;196 194;A01;2;3;0;2;1;19;1;
4711;202100003119;196 190;A01;3;80;0;0;0;26;3;
4712;202100003120;196 188;B01;1;7;0;2;1;26;1;
4713;202100003120;196 189;A01;1;7;0;2;8;26;1;
4714;202100003121;196 187;A01;0;7;0;1;2;1;1;
4715;202100003122;196 185;B01;0;7;0;2;1;15;1;
4716;202100003122;196 186;A01;0;7;0;2;8;1;1;
4717;202100003123;196 183;A01;2;7;0;2;1;2;1;
4718;202100003123;196 184;B01;2;7;0;2;4;23;1;
4719;202100003124;196 182;A01;1;7;0;1;1;13;1;
4720;202100003125;196 180;A01;1;7;0;2;2;15;2;
4721;202100003125;196 181;B01;2;50;0;2;1;1;3;
4722;202100003126;196 178;A01;2;7;0;2;1;2;1;
4723;202100003126;196 179;B01;2;7;0;2;4;2;1;
4724;202100003127;196 176;B01;1;7;0;2;4;1;1;
4725;202100003127;196 177;A01;1;7;0;2;1;1;1;
4726;202100003128;196 174;B01;1;7;0;2;9;23;1;
4727;202100003128;196 175;A01;1;7;0;2;2;16;1;
4728;202100003130;196 171;B01;2;7;0;2;4;2;1;
4729;202100003130;196 172;A01;2;10;0;2;1;2;1;
4730;202100003131;196 169;Z01;1;7;0;2;1;9;1;
4731;202100003131;196 170;B01;1;7;0;2;2;15;1;
4732;202100003132;196 168;A01;3;7;0;1;7;1;1;
4733;202100003133;196 167;A01;2;7;3;0;2;14;1;
4734;202100003134;196 165;B01;0;7;0;2;2;1;1;
4735;202100003134;196 166;A01;0;10;0;2;1;1;1;
4736;202100003136;196 163;A01;2;7;0;1;1;1;1;
4737;202100003137;196 161;B01;1;7;0;2;2;1;1;
4738;202100003137;196 162;A01;2;7;0;2;3;19;1;
4739;202100003138;196 160;A01;1;7;0;1;7;1;1;
4740;202100003139;196 158;B01;1;7;0;2;3;15;0;
4741;202100003139;196 159;A01;1;7;0;2;3;1;0;
4742;202100003140;196 157;A01;2;30;0;0;0;26;1;
4743;202100003141;196 155;B01;2;2;0;2;1;1;1;
4744;202100003141;196 156;A01;2;7;0;2;3;20;1;
4745;202100003142;196 152;C01;1;7;0;2;4;2;1;
4746;202100003142;196 153;B01;1;7;0;2;4;2;1;
4747;202100003142;196 154;A01;1;7;0;2;1;26;1;