;Num_Acc;id_vehicule;num_veh;senc;catv;obs;obsm;choc;manv;motor;occutc
4748;202100003143;196 150;B01;0;7;0;2;2;15;1;
4749;202100003143;196 151;A01;0;32;0;2;1;1;1;
4750;202100003146;196 145;A01;1;7;0;2;2;0;1;
4751;202100003146;196 146;B01;2;7;0;2;2;0;1;
4752;202100003147;196 141;B01;2;7;0;2;4;2;1;
4753;202100003147;196 142;A01;2;7;0;2;1;2;1;
4754;202100003147;196 143;D01;2;7;0;2;4;2;1;
4755;202100003147;196 144;C01;2;7;0;2;4;2;1;
4756;202100003148;196 139;A01;1;7;0;2;1;19;1;
4757;202100003148;196 140;B01;2;7;0;2;7;1;1;
4758;202100003149;196 137;A01;1;7;0;2;2;1;1;
4759;202100003149;196 138;B01;2;7;0;2;3;1;3;
4760;202100003150;196 136;A01;1;7;0;1;1;1;1;
4761;202100003151;196 134;B01;0;7;0;2;4;1;1;
4762;202100003151;196 135;A01;0;7;0;2;1;1;1;
4763;202100003152;196 131;A01;1;7;0;2;1;1;1;
4764;202100003152;196 132;B01;1;7;0;2;4;1;1;
4765;202100003152;196 133;C01;1;7;0;0;4;1;1;
4766;202100003153;196 129;A01;3;7;0;2;8;9;1;
4767;202100003153;196 130;B01;1;2;0;2;1;1;1;
4768;202100003154;196 125;A01;2;7;0;1;0;13;3;
4769;202100003154;196 126;C01;2;7;0;2;4;23;1;
4770;202100003154;196 127;B01;2;1;0;2;0;1;5;
4771;202100003154;196 128;D01;1;10;0;2;1;1;1;
4772;202100003155;196 124;A01;1;7;1;0;9;13;1;
4773;202100003156;196 122;A01;2;10;0;2;2;1;1;
4774;202100003156;196 123;B01;2;50;0;2;6;21;3;
4775;202100003157;196 120;A01;1;30;0;2;4;2;1;
4776;202100003157;196 121;Z01;1;10;0;2;1;2;0;
4777;202100003158;196 118;A01;2;32;0;2;2;1;3;
4778;202100003158;196 119;B01;2;37;0;2;8;9;1;1.0
4779;202100003159;196 116;B01;2;1;0;2;8;1;5;
4780;202100003159;196 117;A01;1;1;0;2;8;5;5;
4781;202100003160;196 115;A01;2;1;0;1;0;21;5;
4782;202100003161;196 114;A01;3;32;4;0;8;13;1;
4783;202100003162;196 112;A01;1;32;0;2;4;2;1;
4784;202100003162;196 113;B01;1;30;0;2;4;2;1;
4785;202100003164;196 108;B01;2;2;0;2;2;2;1;
4786;202100003164;196 109;A01;1;7;0;2;2;15;1;
4787;202100003165;196 107;A01;1;7;0;1;2;1;1;
4788;202100003166;196 105;B01;2;7;0;2;5;1;2;
4789;202100003166;196 106;A01;2;7;0;2;3;12;1;
4790;202100003167;196 104;A01;2;32;14;0;4;13;1;
4791;202100003168;196 103;A01;2;7;0;1;7;1;1;
4792;202100003169;196 102;A01;3;7;0;1;0;26;0;
4793;202100003170;196 101;A01;3;7;14;0;1;26;1;
4794;202100003171;196 099;B01;0;7;0;2;1;1;1;
4795;202100003171;196 100;A01;0;7;1;2;1;1;1;
4796;202100003172;196 097;A01;1;7;0;2;1;1;1;
4797;202100003172;196 098;B01;2;13;0;2;1;5;0;
4798;202100003173;196 095;A01;1;10;0;1;3;1;1;
4799;202100003174;196 093;A01;1;7;0;2;6;15;1;
4800;202100003174;196 094;B01;1;10;0;2;1;1;1;
4801;202100003175;196 090;A01;0;10;0;1;1;16;1;
4802;202100003176;196 088;B01;2;30;0;2;4;1;1;
4803;202100003176;196 089;A01;2;7;0;2;1;2;0;
4804;202100003177;196 087;A01;1;7;0;1;2;16;1;
4805;202100003178;196 086;A01;3;10;17;0;2;1;3;
4806;202100003179;196 085;A01;1;10;0;1;6;4;1;
4807;202100003180;196 083;A01;1;7;0;2;1;1;1;
4808;202100003180;196 084;B01;1;7;0;2;7;1;1;
4809;202100003181;196 082;A01;1;7;8;0;1;1;1;
4810;202100003183;196 079;A01;2;7;0;1;2;1;3;
4811;202100003184;196 078;A01;2;33;6;2;7;26;0;
4812;202100003185;196 077;A01;1;7;3;0;2;1;1;
4813;202100003188;196 071;A01;1;2;0;2;1;1;1;
4814;202100003188;196 072;B01;1;7;0;2;7;15;1;
4815;202100003190;196 067;B01;1;7;0;2;1;1;1;
4816;202100003190;196 068;A01;2;7;0;2;1;15;1;
4817;202100003191;196 065;B01;2;10;0;2;3;1;1;
4818;202100003191;196 066;A01;1;7;0;2;1;13;1;
4819;202100003192;196 063;A01;1;2;0;2;1;2;1;
4820;202100003192;196 064;B01;1;7;0;0;4;2;1;
4821;202100003193;196 062;A01;2;7;0;1;1;1;1;
4822;202100003194;196 061;A01;1;7;2;0;2;1;1;
4823;202100003195;196 060;A01;0;7;0;0;0;1;1;
4824;202100003196;196 059;A01;2;7;2;0;1;1;1;
4825;202100003198;196 054;C01;1;7;0;2;3;15;1;
4826;202100003198;196 055;B01;2;2;0;2;1;1;1;
4827;202100003198;196 056;A01;1;7;0;2;3;15;1;
4828;202100003199;196 052;A01;3;7;0;9;1;1;1;
4829;202100003199;196 053;B01;3;1;0;2;8;26;5;
4830;202100003200;196 049;C01;2;7;0;2;1;14;1;
4831;202100003200;196 050;B01;2;7;4;2;9;12;1;
4832;202100003200;196 051;A01;2;7;0;2;1;1;1;
4833;202100003201;196 047;B01;1;7;0;0;1;17;1;
4834;202100003201;196 048;A01;1;15;0;0;6;1;1;
4835;202100003202;196 046;A01;2;32;0;0;0;1;1;
4836;202100003203;196 044;B01;1;2;0;2;1;1;1;
4837;202100003203;196 045;A01;0;7;0;2;8;19;1;
4838;202100003205;196 041;B01;2;7;0;2;1;1;1;
4839;202100003205;196 042;A01;1;7;0;2;8;15;1;
4840;202100003207;196 037;A01;2;7;0;2;3;1;1;
4841;202100003207;196 038;B01;1;7;0;2;3;1;1;
4842;202100003209;196 035;A01;1;10;0;1;2;1;1;
4843;202100003210;196 034;A01;1;10;0;1;2;1;1;
4844;202100003211;196 032;B01;0;7;0;0;5;15;1;
4845;202100003211;196 033;A01;0;33;0;0;1;1;1;
4846;202100003213;196 030;A01;3;7;8;0;9;1;1;
4847;202100003214;196 028;A01;2;17;0;2;5;2;1;
4848;202100003214;196 029;B01;1;17;0;2;3;2;1;
4849;202100003215;196 024;Z01;2;10;0;0;0;0;0;
4850;202100003215;196 025;B01;2;7;0;2;4;2;1;
4851;202100003216;196 022;A01;2;7;0;2;9;14;1;
4852;202100003216;196 023;B01;2;10;0;2;6;1;1;
4853;202100003217;196 020;B01;1;7;0;2;4;2;1;
4854;202100003217;196 021;A01;1;7;0;2;1;2;1;
4855;202100003218;196 018;A01;1;7;0;2;7;12;1;
4856;202100003218;196 019;B01;1;31;0;2;1;3;1;
4857;202100003220;196 014;B01;1;7;0;2;4;1;1;
4858;202100003220;196 015;A01;1;10;0;2;1;9;1;
4859;202100003221;196 013;A01;1;7;4;0;2;0;1;
4860;202100003222;196 012;A01;1;31;0;0;2;1;1;
4861;202100003223;196 010;A01;2;7;0;2;1;2;1;
4862;202100003223;196 011;B01;2;43;0;2;6;21;1;
4863;202100003224;196 008;A01;2;7;0;2;1;1;1;
4864;202100003224;196 009;B01;2;7;0;2;4;1;1;
4865;202100003226;196 005;A01;1;7;3;0;1;13;1;
4866;202100003227;196 003;B01;1;7;0;2;1;0;2;
4867;202100003227;196 004;A01;1;7;0;2;4;1;1;
4868;202100003228;196 001;A01;1;15;0;2;4;0;1;
4869;202100003228;196 002;B01;1;7;0;2;1;0;1;
4870;202100003229;195 999;B01;2;7;0;2;1;2;1;
4871;202100003229;196 000;A01;2;14;0;2;4;2;0;
4872;202100003230;195 997;B01;2;2;0;2;1;1;1;
4873;202100003230;195 998;A01;1;7;0;2;8;9;1;
4874;202100003231;195 995;A01;1;30;0;2;3;8;1;
4875;202100003231;195 996;B01;3;7;0;2;0;0;1;
4876;202100003232;195 992;A01;1;7;1;2;1;1;1;
4877;202100003232;195 993;B01;1;7;1;2;4;1;1;
4878;202100003232;195 994;C01;1;7;0;2;4;24;1;
4879;202100003233;195 989;A01;1;7;0;2;3;1;1;
4880;202100003233;195 990;B01;1;7;0;2;5;16;6;
4881;202100003233;195 991;C01;1;7;0;2;6;1;1;
4882;202100003234;195 987;A01;3;7;0;2;2;17;1;
4883;202100003234;195 988;B01;1;10;0;2;2;2;1;
4884;202100003235;195 986;A01;2;33;0;1;1;1;1;
4885;202100003236;195 984;A01;1;7;0;2;6;13;1;
4886;202100003236;195 985;B01;2;13;0;2;3;1;1;
4887;202100003237;195 982;B01;1;7;0;2;2;1;1;
4888;202100003237;195 983;A01;2;7;15;2;8;1;1;
4889;202100003238;195 980;A01;1;7;0;2;1;1;1;
4890;202100003238;195 981;B01;1;7;0;2;4;1;1;
4891;202100003239;195 978;A01;1;7;0;2;2;15;6;
4892;202100003239;195 979;B01;2;33;0;2;1;1;6;
4893;202100003241;195 973;A01;1;7;2;0;9;0;1;
4894;202100003242;195 971;B01;0;7;0;2;3;1;1;
4895;202100003242;195 972;A01;0;7;0;2;1;1;1;
4896;202100003243;195 969;A01;2;7;0;2;1;1;1;
4897;202100003243;195 970;B01;1;7;1;2;2;15;1;
4898;202100003244;195 967;B01;1;7;0;2;2;1;1;
4899;202100003244;195 968;A01;2;7;0;2;1;19;1;
4900;202100003245;195 966;A01;1;7;0;1;3;1;1;
4901;202100003246;195 964;A01;0;7;0;2;1;2;0;
4902;202100003246;195 965;B01;3;7;0;0;4;23;1;
4903;202100003247;195 961;A01;2;7;0;2;1;2;1;
4904;202100003247;195 962;B01;2;7;0;2;1;2;1;
4905;202100003247;195 963;C01;2;7;0;2;4;2;1;
4906;202100003248;195 955;A01;2;7;0;2;7;3;1;
4907;202100003248;195 956;F01;2;7;0;2;4;1;1;
4908;202100003248;195 957;E01;2;7;0;2;8;1;1;
4909;202100003248;195 958;D01;2;7;0;2;8;1;1;
4910;202100003248;195 959;C01;2;7;0;2;8;1;1;
4911;202100003248;195 960;B01;2;7;0;2;8;1;1;
4912;202100003249;195 953;B01;2;7;0;2;0;0;1;
4913;202100003249;195 954;A01;2;7;0;2;1;2;1;
4914;202100003250;195 951;A01;1;7;0;2;1;1;1;
4915;202100003250;195 952;B01;1;1;0;2;4;1;5;
4916;202100003251;195 950;A01;1;33;0;0;0;1;1;
4917;202100003252;195 948;A01;1;7;0;2;3;9;1;
4918;202100003252;195 949;B01;2;1;0;2;1;1;5;
4919;202100003253;195 947;A01;3;7;8;0;8;1;1;
4920;202100003254;195 946;A01;2;7;12;0;2;1;1;
4921;202100003255;195 945;A01;2;33;0;1;1;14;1;
4922;202100003256;195 943;A01;0;32;0;2;8;1;1;
4923;202100003256;195 944;B01;0;7;0;2;7;2;0;
4924;202100003257;195 942;A01;1;7;0;1;2;1;1;
4925;202100003259;195 937;Z01;1;7;0;2;5;16;1;
4926;202100003259;195 938;A01;1;80;0;2;1;18;3;
4927;202100003260;195 936;A01;1;10;0;1;6;1;1;
4928;202100003261;195 934;A01;1;32;0;2;7;21;1;
4929;202100003261;195 935;B01;3;7;0;2;6;23;1;
4930;202100003262;195 932;B01;2;32;0;2;1;1;1;
4931;202100003262;195 933;A01;2;7;0;2;1;15;1;
4932;202100003263;195 931;A01;3;30;0;0;0;11;1;
4933;202100003264;195 930;Z01;3;7;0;1;0;1;0;
4934;202100003265;195 928;B01;2;7;0;2;7;16;1;
4935;202100003265;195 929;A01;2;7;0;2;5;4;1;
4936;202100003266;195 926;A01;1;30;0;2;8;1;1;
4937;202100003266;195 927;Z01;1;1;0;2;0;14;5;
4938;202100003267;195 925;A01;2;10;0;1;3;15;1;
4939;202100003268;195 924;A01;3;7;9;0;1;1;1;
4940;202100003269;195 922;B01;1;2;0;2;2;1;3;
4941;202100003269;195 923;A01;1;7;0;2;3;20;0;
4942;202100003270;195 919;C01;2;7;0;2;2;2;0;
4943;202100003270;195 920;B01;2;7;0;0;4;2;1;
4944;202100003270;195 921;Z01;2;7;0;2;1;3;1;
4945;202100003271;195 915;B01;2;1;0;2;1;1;5;
4946;202100003271;195 916;A01;1;7;0;2;3;15;1;
4947;202100003272;195 913;A01;3;2;0;2;7;5;1;
4948;202100003272;195 914;B01;0;7;0;2;2;1;1;
4949;202100003273;195 912;A01;1;43;0;1;2;1;1;
4950;202100003274;195 910;A01;2;30;0;2;1;13;1;
4951;202100003274;195 911;B01;1;7;0;2;3;1;1;
4952;202100003275;195 909;A01;2;7;0;1;3;1;1;
4953;202100003276;195 907;B01;1;31;0;2;5;1;1;
4954;202100003276;195 908;A01;2;7;0;2;2;9;1;
4955;202100003277;195 906;A01;0;7;0;1;1;1;1;
4956;202100003278;195 904;B01;2;33;7;0;8;1;1;
4957;202100003278;195 905;A01;1;7;0;2;1;19;1;
4958;202100003279;195 902;A01;2;7;0;2;3;13;1;
4959;202100003279;195 903;B01;1;33;0;2;3;1;1;
4960;202100003280;195 901;A01;1;80;0;6;0;0;3;
4961;202100003281;195 898;C01;1;7;0;0;4;23;1;
4962;202100003281;195 899;B01;1;10;0;2;6;23;1;
4963;202100003281;195 900;A01;1;7;0;2;2;2;1;
4964;202100003282;195 896;A01;3;7;0;2;1;1;1;
4965;202100003282;195 897;B01;3;7;0;2;1;15;1;
4966;202100003283;195 894;B01;1;3;0;2;3;1;1;
4967;202100003283;195 895;A01;1;33;0;2;1;17;1;
4968;202100003285;195 891;A01;1;7;0;2;7;15;1;
4969;202100003285;195 892;B01;2;7;0;2;1;1;1;
4970;202100003286;195 889;B01;2;7;0;2;1;1;1;
4971;202100003286;195 890;A01;1;7;0;2;1;5;1;
4972;202100003287;195 888;A01;1;7;0;1;1;1;1;
4973;202100003289;195 885;A01;1;7;15;0;0;1;1;
4974;202100003290;195 883;B01;2;7;0;2;1;1;1;
4975;202100003290;195 884;A01;1;7;0;2;2;11;1;
4976;202100003291;195 882;A01;2;7;6;0;7;1;1;
4977;202100003292;195 880;A01;1;7;8;0;1;1;2;
4978;202100003293;195 879;A01;1;2;0;0;0;0;1;
4979;202100003294;195 877;A01;2;7;0;2;1;1;1;
4980;202100003294;195 878;B01;1;7;0;2;1;1;1;
4981;202100003295;195 876;A01;1;7;12;0;2;1;1;
4982;202100003296;195 875;A01;2;7;0;0;9;1;1;
4983;202100003297;195 873;A01;2;10;0;2;1;15;1;
4984;202100003297;195 874;B01;1;7;0;2;1;1;1;
4985;202100003298;195 872;A01;1;7;0;1;4;4;1;
4986;202100003300;195 869;B01;2;10;0;2;1;1;1;
4987;202100003300;195 870;A01;1;7;0;2;3;19;1;
4988;202100003301;195 868;A01;2;10;3;0;7;14;1;
4989;202100003302;195 865;A01;1;7;0;2;1;5;1;
4990;202100003302;195 866;B01;2;7;0;2;1;1;1;
4991;202100003302;195 867;C01;2;7;0;2;1;1;1;
4992;202100003303;195 864;A01;0;7;14;0;1;13;1;
4993;202100003304;195 862;B01;1;7;0;2;2;1;1;
4994;202100003304;195 863;A01;1;7;0;2;1;1;1;
4995;202100003305;195 860;A01;2;7;0;2;1;2;1;
4996;202100003305;195 861;B01;2;7;0;0;4;23;3;
4997;202100003306;195 857;A01;1;7;0;1;1;1;1;
4998;202100003307;195 856;A01;-1;7;2;0;1;1;0;
4999;202100003308;195 854;B01;1;1;0;0;8;19;5;
5000;202100003308;195 855;A01;1;7;0;0;1;1;1;
5001;202100003309;195 852;A01;3;7;0;2;3;16;1;
5002;202100003309;195 853;B01;3;2;0;2;3;15;1;
5003;202100003310;195 850;A01;2;7;0;0;3;17;1;
5004;202100003310;195 851;B01;1;2;13;0;1;1;1;
5005;202100003311;195 848;B01;3;2;0;2;8;1;1;
5006;202100003311;195 849;A01;3;7;0;2;1;19;1;
5007;202100003312;195 846;B01;2;7;0;2;1;1;0;
5008;202100003312;195 847;A01;1;7;0;2;2;15;0;
5009;202100003313;195 845;A01;3;7;0;1;1;0;1;
5010;202100003314;195 843;A01;2;10;0;0;4;23;1;
5011;202100003314;195 844;B01;2;7;0;2;1;2;1;
5012;202100003315;195 841;B01;1;1;0;0;7;1;5;
5013;202100003315;195 842;A01;2;10;0;9;1;26;6;
5014;202100003317;195 836;Z01;0;7;0;0;0;0;0;
5015;202100003317;195 837;B01;1;7;0;2;9;0;1;
5016;202100003317;195 838;A01;1;7;0;2;4;26;1;
5017;202100003318;195 834;B01;2;7;0;2;4;1;1;
5018;202100003318;195 835;A01;2;7;0;2;1;11;1;
5019;202100003319;195 831;T01;1;10;0;0;0;0;0;
5020;202100003319;195 832;B01;1;10;0;0;1;5;1;
5021;202100003319;195 833;A01;1;15;0;2;2;2;1;
5022;202100003320;195 830;A01;2;7;0;2;0;1;1;
5023;202100003321;195 828;B01;2;7;4;2;4;2;1;
5024;202100003321;195 829;A01;2;7;4;2;1;1;1;
5025;202100003322;195 827;A01;2;7;4;0;7;14;1;
5026;202100003323;195 822;Z01;2;7;0;2;4;11;0;
5027;202100003323;195 823;D01;2;7;0;9;1;0;1;
5028;202100003323;195 824;C01;2;7;0;2;3;2;1;
5029;202100003323;195 825;B01;2;7;3;2;3;1;1;
5030;202100003323;195 826;A01;2;7;0;2;1;21;1;
5031;202100003324;195 819;C01;2;7;0;2;4;2;1;
5032;202100003324;195 820;B01;2;7;0;2;4;2;1;
5033;202100003324;195 821;A01;2;7;0;2;1;2;1;
5034;202100003325;195 817;B01;1;7;0;2;6;1;1;
5035;202100003325;195 818;A01;1;7;0;2;2;2;1;
5036;202100003326;195 815;A01;1;7;0;2;1;15;1;
5037;202100003326;195 816;B01;1;7;0;2;6;11;1;
5038;202100003327;195 811;A01;1;7;0;2;1;1;1;
5039;202100003327;195 812;B01;1;7;0;2;4;1;2;
5040;202100003327;195 813;C01;1;7;0;2;4;1;1;
5041;202100003327;195 814;D01;1;7;0;2;4;1;1;
5042;202100003329;195 808;A01;1;33;0;0;7;16;1;
5043;202100003330;195 806;A01;1;7;0;2;1;5;1;
5044;202100003330;195 807;B01;2;10;0;2;1;13;1;
5045;202100003331;195 805;A01;3;7;13;0;1;1;1;
5046;202100003332;195 803;B01;1;7;0;2;3;2;1;
5047;202100003332;195 804;A01;1;7;4;0;3;23;1;
5048;202100003333;195 802;A01;0;2;0;0;0;1;1;
5049;202100003334;195 800;B01;3;10;0;2;8;1;1;
5050;202100003334;195 801;A01;3;37;0;2;1;1;1;1.0
5051;202100003336;195 796;A01;1;7;1;0;1;1;1;
5052;202100003337;195 795;A01;3;7;13;0;1;1;1;
5053;202100003339;195 791;A01;1;7;3;0;2;1;1;
5054;202100003340;195 790;A01;1;7;2;0;1;0;1;
5055;202100003341;195 788;A01;3;7;0;2;3;1;0;
5056;202100003341;195 789;B01;3;1;0;2;1;1;5;
5057;202100003343;195 786;A01;1;7;6;0;3;13;1;
5058;202100003344;195 785;A01;2;7;14;0;1;1;1;
5059;202100003345;195 783;B01;2;7;0;2;3;1;1;
5060;202100003345;195 784;A01;1;7;0;2;3;13;1;
5061;202100003346;195 782;A01;1;7;5;0;9;1;1;
5062;202100003347;195 780;B01;2;7;0;2;2;1;1;
5063;202100003347;195 781;A01;2;7;0;2;3;19;1;
5064;202100003348;195 778;B01;2;7;0;2;1;1;1;
5065;202100003348;195 779;A01;1;7;0;2;1;13;1;
5066;202100003349;195 777;A01;1;2;13;0;1;1;1;
5067;202100003350;195 776;A01;3;7;0;1;1;20;1;
5068;202100003351;195 775;A01;1;7;13;0;9;1;1;
5069;202100003353;195 770;A01;3;7;0;2;3;15;1;
5070;202100003353;195 771;B01;2;33;0;2;1;1;1;
5071;202100003354;195 768;B01;0;7;0;2;1;1;1;
5072;202100003354;195 769;A01;0;7;0;2;4;0;1;
5073;202100003356;195 764;A01;1;7;7;4;2;1;1;
5074;202100003356;195 765;B01;3;39;0;2;3;1;3;
5075;202100003357;195 762;B01;0;7;0;2;3;1;1;
5076;202100003357;195 763;A01;0;13;0;2;3;1;1;
5077;202100003359;195 758;B01;2;33;0;2;1;1;1;
5078;202100003359;195 759;A01;1;10;0;2;2;19;1;
5079;202100003361;195 756;A01;1;7;13;0;3;2;1;
5080;202100003362;195 754;B01;1;7;0;2;2;19;1;
5081;202100003362;195 755;A01;2;2;0;2;1;1;1;
5082;202100003364;195 750;B01;1;17;0;0;4;2;1;
5083;202100003364;195 751;A01;1;7;0;2;1;0;1;
5084;202100003365;195 748;B01;1;1;0;2;8;2;5;
5085;202100003365;195 749;A01;1;38;0;2;7;2;1;1.0
5086;202100003366;195 745;C01;1;7;14;0;8;1;1;
5087;202100003366;195 746;B01;1;10;0;2;2;0;1;
5088;202100003366;195 747;A01;1;7;3;0;6;1;1;
5089;202100003367;195 739;E01;1;7;0;2;3;21;1;
5090;202100003367;195 740;D01;1;7;0;2;2;1;1;
5091;202100003367;195 741;C01;1;10;0;2;1;1;1;
5092;202100003367;195 742;A01;1;17;0;2;4;13;1;
5093;202100003368;195 737;A01;3;7;0;2;3;15;1;
5094;202100003368;195 738;B01;3;31;0;2;8;1;0;
5095;202100003370;195 735;A01;1;7;2;0;1;14;1;
5096;202100003371;195 733;B01;1;14;0;0;1;1;1;
5097;202100003371;195 734;A01;2;7;15;0;2;13;1;
5098;202100003373;195 730;A01;1;10;0;0;8;19;1;
5099;202100003373;195 731;B01;1;33;0;2;1;1;1;
5100;202100003374;195 728;A01;2;7;0;2;1;0;1;
5101;202100003374;195 729;B01;1;7;0;2;1;0;1;
5102;202100003375;195 726;A01;0;2;0;2;2;1;1;
5103;202100003375;195 727;B01;0;7;0;2;2;1;-1;
5104;202100003376;195 724;A01;1;31;0;0;0;1;1;
5105;202100003376;195 725;B01;2;32;0;0;0;1;1;
5106;202100003377;195 722;A01;3;30;0;2;1;19;1;
5107;202100003377;195 723;B01;3;7;0;2;2;1;1;
5108;202100003378;195 721;A01;2;7;16;9;1;0;1;
5109;202100003379;195 719;A01;2;33;0;2;7;1;1;
5110;202100003379;195 720;B01;1;7;0;2;1;6;1;
5111;202100003381;195 714;A01;2;7;16;0;2;14;1;
5112;202100003382;195 713;A01;3;7;0;1;8;15;1;
5113;202100003383;195 712;A01;2;30;12;0;2;14;1;
5114;202100003384;195 710;A01;-1;1;0;2;0;26;5;
5115;202100003384;195 711;B01;-1;7;0;2;0;0;0;
5116;202100003386;195 708;A01;1;7;8;0;2;20;1;
5117;202100003387;195 705;A01;1;7;0;2;4;26;1;
5118;202100003387;195 706;B01;1;7;0;2;0;0;1;
5119;202100003387;195 707;C01;1;30;0;2;0;0;1;
5120;202100003389;195 702;B01;2;7;0;2;6;15;1;
5121;202100003389;195 703;A01;1;32;0;2;1;1;1;
5122;202100003390;195 701;A01;3;7;2;0;2;11;1;
5123;202100003391;195 699;A01;1;30;0;2;7;17;1;
5124;202100003391;195 700;B01;1;7;0;2;8;15;1;
5125;202100003392;195 698;A01;1;7;0;1;7;1;1;
5126;202100003393;195 696;A01;1;31;0;2;3;13;1;
5127;202100003393;195 697;B01;1;7;0;1;2;0;1;
5128;202100003394;195 693;A01;2;7;0;2;1;1;1;
5129;202100003394;195 694;B01;2;7;0;2;6;11;1;
5130;202100003394;195 695;C01;2;7;0;2;0;11;1;
5131;202100003395;195 691;A01;3;7;0;2;1;2;1;
5132;202100003395;195 692;B01;3;7;0;2;4;1;1;
5133;202100003396;195 690;A01;2;33;12;0;1;1;1;
5134;202100003397;195 689;A01;3;7;0;1;1;19;1;
5135;202100003398;195 687;A01;1;7;0;2;6;15;1;
5136;202100003398;195 688;B01;1;33;0;2;1;2;1;
5137;202100003399;195 684;A01;1;7;0;2;2;17;1;
5138;202100003399;195 685;B01;1;99;0;2;3;2;1;
5139;202100003399;195 686;C01;1;7;0;2;3;1;1;
5140;202100003401;195 681;A01;1;7;0;0;9;17;1;
5141;202100003402;195 679;C01;1;7;0;2;1;1;1;
5142;202100003402;195 680;B01;2;50;0;2;3;5;3;
5143;202100003403;195 676;B01;2;7;0;2;3;1;1;
5144;202100003403;195 677;A01;1;7;0;2;1;13;1;
5145;202100003404;195 670;A01;1;7;2;0;1;1;1;
5146;202100003405;195 669;A01;1;7;0;1;1;1;1;
5147;202100003406;195 668;A01;2;7;0;1;2;1;0;
5148;202100003407;195 667;A01;2;7;0;1;1;0;1;
5149;202100003408;195 665;A01;2;2;0;2;1;17;1;
5150;202100003408;195 666;B01;2;7;0;2;6;2;1;
5151;202100003409;195 663;B01;3;2;0;2;1;1;1;
5152;202100003409;195 664;A01;3;7;0;2;3;9;1;
5153;202100003410;195 661;B01;3;1;0;2;1;1;5;
5154;202100003410;195 662;A01;3;7;0;2;5;26;1;
5155;202100003411;195 660;A01;1;7;0;1;1;1;1;
5156;202100003412;195 659;A01;1;10;0;1;8;1;3;
5157;202100003413;195 657;B01;0;7;0;2;7;1;1;
5158;202100003413;195 658;A01;0;7;0;2;1;1;1;
5159;202100003414;195 653;D01;0;7;0;2;6;1;1;
5160;202100003414;195 654;C01;0;7;0;2;3;1;1;
5161;202100003414;195 655;B01;0;10;4;0;5;0;1;
5162;202100003414;195 656;A01;0;7;0;2;1;1;1;
5163;202100003415;195 651;B01;2;7;0;2;1;14;0;
5164;202100003415;195 652;A01;2;7;0;2;5;13;1;
5165;202100003416;195 650;A01;0;7;0;1;2;1;0;
5166;202100003417;195 649;A01;1;10;11;0;2;0;1;
5167;202100003418;195 647;A01;1;7;0;2;1;2;1;
5168;202100003418;195 648;B01;1;7;0;2;4;2;1;
5169;202100003419;195 645;A01;2;7;0;2;1;1;1;
5170;202100003419;195 646;B01;2;7;0;2;4;23;1;
5171;202100003420;195 642;A01;3;33;0;5;1;1;1;
5172;202100003422;195 638;B01;1;7;0;2;2;1;1;
5173;202100003422;195 639;A01;1;10;0;2;6;9;1;
5174;202100003423;195 636;A01;1;7;0;2;4;2;1;
5175;202100003423;195 637;B01;1;7;0;2;1;2;1;
5176;202100003424;195 635;A01;1;7;0;1;2;1;1;
5177;202100003425;195 633;B01;1;7;0;2;2;1;1;
5178;202100003425;195 634;A01;1;33;0;2;1;17;1;
5179;202100003426;195 631;B01;3;2;0;2;1;1;1;
5180;202100003426;195 632;A01;0;7;1;2;1;17;1;
5181;202100003427;195 626;E01;1;7;0;2;4;23;1;
5182;202100003427;195 627;D01;1;7;0;2;9;23;1;
5183;202100003427;195 628;C01;1;7;0;2;9;23;1;
5184;202100003427;195 629;B01;1;7;0;2;9;23;1;
5185;202100003427;195 630;A01;1;7;0;2;1;9;1;
5186;202100003428;195 625;A01;2;7;0;1;1;1;1;
5187;202100003430;195 623;A01;2;32;0;0;0;21;1;
5188;202100003431;195 620;C01;1;7;0;2;4;1;1;
5189;202100003431;195 621;A01;1;7;0;2;1;1;1;
5190;202100003431;195 622;B01;1;7;0;2;4;1;1;
5191;202100003432;195 619;A01;2;80;0;1;1;1;3;
5192;202100003433;195 618;A01;1;33;0;1;1;9;1;
5193;202100003434;195 616;A01;2;7;0;2;3;15;1;
5194;202100003434;195 617;B01;2;32;0;2;1;1;1;
5195;202100003435;195 614;B01;1;32;0;2;1;1;1;
5196;202100003435;195 615;A01;1;7;0;2;8;22;1;
5197;202100003436;195 612;A01;1;7;0;2;1;16;1;
5198;202100003436;195 613;B01;1;80;0;2;8;1;3;
5199;202100003438;195 609;A01;1;7;0;1;1;1;1;
5200;202100003440;195 605;A01;3;7;0;2;2;15;1;
5201;202100003440;195 606;B01;3;7;0;2;3;1;1;
5202;202100003442;195 602;A01;2;10;7;0;1;13;1;
5203;202100003443;195 601;A01;2;7;0;1;1;15;2;
5204;202100003444;195 599;B01;2;7;0;2;4;1;1;
5205;202100003444;195 600;A01;2;7;0;2;1;18;1;
5206;202100003445;195 597;B01;2;7;0;2;8;1;1;
5207;202100003445;195 598;A01;1;43;0;2;1;1;1;
5208;202100003446;195 595;B01;1;7;0;2;2;9;1;
5209;202100003446;195 596;A01;1;30;0;2;1;1;1;
5210;202100003447;195 594;A01;2;7;1;1;0;13;1;
5211;202100003448;195 593;A01;2;30;0;0;0;1;1;
5212;202100003449;195 589;A01;1;7;1;2;1;13;1;
5213;202100003449;195 590;B01;2;7;0;2;1;0;1;
5214;202100003449;195 591;C01;2;7;0;2;1;1;1;
5215;202100003449;195 592;D01;2;7;8;0;4;24;1;
5216;202100003450;195 588;A01;2;7;0;1;1;15;1;
5217;202100003451;195 586;B01;1;7;0;2;2;1;1;
5218;202100003451;195 587;A01;1;7;1;2;2;18;1;
5219;202100003452;195 584;B01;1;32;0;2;2;2;1;
5220;202100003452;195 585;A01;1;7;0;2;3;13;1;