;Num_Acc;id_vehicule;num_veh;senc;catv;obs;obsm;choc;manv;motor;occutc
5221;202100003453;195 583;A01;2;34;0;1;4;25;1;
5222;202100003454;195 580;C01;2;7;9;0;0;0;1;
5223;202100003454;195 581;B01;2;7;0;2;3;20;2;
5224;202100003454;195 582;A01;2;33;0;2;3;1;1;
5225;202100003455;195 578;A01;3;7;0;2;1;9;1;
5226;202100003455;195 579;B01;3;7;0;2;3;1;1;
5227;202100003456;195 576;A01;2;7;0;2;3;1;1;
5228;202100003456;195 577;B01;1;50;0;2;2;5;3;
5229;202100003457;195 573;A01;2;7;0;2;9;9;1;
5230;202100003457;195 574;B01;2;7;0;2;1;0;1;
5231;202100003457;195 575;C01;1;7;0;2;8;0;1;
5232;202100003458;195 570;A01;2;7;3;2;0;0;1;
5233;202100003458;195 571;C01;2;7;0;2;4;0;1;
5234;202100003458;195 572;B01;2;7;3;2;4;0;1;
5235;202100003459;195 568;A01;3;7;0;2;3;1;1;
5236;202100003459;195 569;B01;3;1;0;2;1;1;5;
5237;202100003460;195 565;A01;1;7;13;0;1;14;1;
5238;202100003462;195 562;B01;1;7;0;2;1;2;1;
5239;202100003462;195 563;A01;1;36;0;0;4;2;1;
5240;202100003463;195 560;B01;1;3;0;2;2;9;1;
5241;202100003463;195 561;A01;1;7;0;2;3;1;1;
5242;202100003464;195 559;A01;0;33;0;0;8;1;1;
5243;202100003465;195 557;A01;2;7;0;2;1;13;1;
5244;202100003465;195 558;B01;1;7;0;2;1;1;1;
5245;202100003466;195 556;A01;2;7;6;0;1;13;1;
5246;202100003467;195 555;A01;3;7;8;0;7;13;1;
5247;202100003468;195 553;B01;2;2;0;2;4;1;1;
5248;202100003468;195 554;A01;2;2;0;2;1;2;1;
5249;202100003469;195 551;A01;2;33;0;2;2;1;1;
5250;202100003469;195 552;B01;1;7;0;2;1;15;1;
5251;202100003470;195 550;A01;2;7;13;0;1;2;1;
5252;202100003471;195 549;A01;3;7;0;1;1;1;1;
5253;202100003472;195 547;B01;2;7;0;2;1;1;2;
5254;202100003472;195 548;A01;1;7;0;2;1;1;1;
5255;202100003474;195 544;A01;0;7;2;0;1;26;1;
5256;202100003475;195 542;B01;2;7;0;2;4;2;1;
5257;202100003475;195 543;A01;2;7;0;2;1;2;1;
5258;202100003476;195 541;A01;1;7;8;0;2;1;1;
5259;202100003477;195 539;A01;1;7;0;2;1;13;1;
5260;202100003477;195 540;B01;2;7;0;2;1;1;1;
5261;202100003478;195 538;A01;1;7;2;0;8;26;1;
5262;202100003479;195 537;A01;2;7;16;0;2;1;1;
5263;202100003480;195 533;B01;1;7;0;2;1;1;2;
5264;202100003480;195 534;A01;1;7;0;2;2;17;1;
5265;202100003481;195 532;A01;1;7;2;0;7;1;1;
5266;202100003482;195 531;A01;2;7;13;0;2;0;1;
5267;202100003483;195 529;B01;1;33;0;0;4;1;1;
5268;202100003483;195 530;A01;1;7;0;2;3;1;1;
5269;202100003484;195 527;A01;1;7;0;9;2;1;1;
5270;202100003484;195 528;B01;3;50;0;2;7;1;3;
5271;202100003485;195 526;A01;1;17;13;9;2;14;1;
5272;202100003486;195 523;C01;1;7;3;2;0;21;1;
5273;202100003486;195 524;B01;1;7;4;2;6;9;1;
5274;202100003486;195 525;A01;1;7;3;2;2;1;1;
5275;202100003488;195 519;A01;1;7;0;2;1;10;1;
5276;202100003488;195 520;B01;2;32;0;2;2;17;1;
5277;202100003489;195 517;A01;1;7;0;2;1;13;1;
5278;202100003489;195 518;B01;2;7;0;2;1;1;1;
5279;202100003491;195 512;A01;2;7;0;2;1;13;1;
5280;202100003491;195 513;B01;1;10;0;2;1;1;1;
5281;202100003491;195 514;C01;1;7;0;2;1;1;1;
5282;202100003493;195 507;C01;1;7;0;2;3;23;2;
5283;202100003493;195 508;B01;2;7;0;2;7;15;1;
5284;202100003493;195 509;A01;1;7;0;2;1;1;1;
5285;202100003494;195 506;A01;2;7;2;0;1;14;1;
5286;202100003495;195 503;A01;3;7;0;2;3;13;1;
5287;202100003495;195 504;B01;3;7;0;2;3;1;2;
5288;202100003495;195 505;C01;3;7;0;2;2;1;1;
5289;202100003496;195 502;A01;2;33;0;0;7;1;1;
5290;202100003497;195 501;A01;2;7;8;0;7;0;1;
5291;202100003498;195 499;A01;2;2;0;2;1;1;1;
5292;202100003498;195 500;B01;1;7;0;2;1;19;1;
5293;202100003499;195 497;B01;1;7;0;2;1;1;2;
5294;202100003499;195 498;A01;2;7;0;2;1;23;1;
5295;202100003500;195 495;B01;0;3;0;2;4;1;1;
5296;202100003500;195 496;A01;0;7;0;2;1;1;1;
5297;202100003501;195 490;B01;2;10;0;2;4;1;0;
5298;202100003501;195 491;C01;2;7;0;2;4;1;0;
5299;202100003501;195 492;A01;2;7;0;2;1;1;1;
5300;202100003501;195 493;D01;2;7;0;2;4;1;1;
5301;202100003502;195 488;A01;2;7;0;2;2;12;1;
5302;202100003502;195 489;B01;2;33;0;2;1;3;1;
5303;202100003503;195 485;A01;2;7;0;2;1;1;1;
5304;202100003503;195 486;B01;2;7;0;2;4;2;1;
5305;202100003503;195 487;C01;2;7;0;2;4;2;1;
5306;202100003504;195 483;B01;1;7;0;2;4;2;1;
5307;202100003504;195 484;A01;1;7;0;2;1;2;1;
5308;202100003505;195 480;C01;1;7;0;2;4;23;1;
5309;202100003505;195 481;B01;1;7;0;2;4;1;1;
5310;202100003505;195 482;A01;1;7;0;2;1;1;1;
5311;202100003506;195 478;A01;1;7;0;2;1;1;1;
5312;202100003506;195 479;B01;1;7;0;2;6;1;1;
5313;202100003507;195 476;A01;2;7;0;2;1;2;1;
5314;202100003507;195 477;B01;2;7;0;2;7;2;1;
5315;202100003508;195 474;B01;2;7;0;2;6;1;1;
5316;202100003508;195 475;A01;2;7;0;2;2;0;1;
5317;202100003509;195 473;A01;2;7;0;1;2;1;1;
5318;202100003510;195 472;A01;2;7;0;1;3;1;1;
5319;202100003512;195 469;A01;2;7;0;1;1;1;2;
5320;202100003513;195 468;A01;2;7;0;1;3;9;1;
5321;202100003514;195 466;A01;1;33;0;2;2;17;0;
5322;202100003514;195 467;B01;1;7;0;2;8;15;1;
5323;202100003515;195 464;A01;2;7;0;2;1;2;1;
5324;202100003515;195 465;B01;2;7;0;2;4;2;1;
5325;202100003516;195 462;A01;2;7;0;2;3;5;1;
5326;202100003516;195 463;B01;1;7;0;2;3;1;1;
5327;202100003517;195 460;B01;2;7;0;2;2;1;1;
5328;202100003517;195 461;A01;2;7;0;2;3;9;1;
5329;202100003519;195 454;B01;3;7;0;2;3;9;1;
5330;202100003519;195 455;A01;1;32;0;2;1;3;1;
5331;202100003521;195 450;B01;2;7;0;2;3;0;1;
5332;202100003521;195 451;A01;2;32;0;2;1;26;1;
5333;202100003523;195 447;A01;1;7;0;1;1;16;1;
5334;202100003525;195 444;B01;2;33;0;2;0;2;1;
5335;202100003525;195 445;A01;2;33;0;2;0;2;1;
5336;202100003527;195 439;A01;1;7;0;2;1;2;1;
5337;202100003527;195 440;B01;1;7;0;2;4;2;1;
5338;202100003527;195 441;C01;1;7;0;2;4;16;1;
5339;202100003528;195 437;A01;1;10;6;2;8;9;1;
5340;202100003528;195 438;B01;2;13;0;2;3;1;1;
5341;202100003529;195 435;A01;2;1;0;2;2;1;5;
5342;202100003529;195 436;B01;1;7;0;2;3;15;1;
5343;202100003530;195 433;A01;2;7;0;0;0;0;1;
5344;202100003530;195 434;B01;2;2;0;2;0;9;3;
5345;202100003531;195 431;A01;1;30;0;2;1;1;1;
5346;202100003531;195 432;B01;1;7;0;2;7;1;1;
5347;202100003532;195 430;A01;3;7;0;1;2;1;1;
5348;202100003533;195 428;B01;1;7;0;9;2;16;1;
5349;202100003533;195 429;A01;1;1;0;2;2;7;5;
5350;202100003534;195 426;A01;3;2;0;2;8;26;1;
5351;202100003534;195 427;B01;3;33;0;2;1;1;1;
5352;202100003535;195 425;A01;1;7;9;0;1;26;1;
5353;202100003536;195 423;B01;2;7;4;0;8;26;1;
5354;202100003536;195 424;A01;2;99;0;2;4;26;1;
5355;202100003538;195 419;A01;1;7;0;2;8;9;1;
5356;202100003538;195 420;B01;1;30;0;2;7;3;1;
5357;202100003539;195 418;A01;3;33;0;1;1;1;1;
5358;202100003541;195 414;A01;3;7;1;2;2;20;1;
5359;202100003541;195 415;B01;3;33;0;2;2;1;1;
5360;202100003542;195 413;A01;1;7;0;1;1;1;1;
5361;202100003543;195 411;A01;3;7;0;2;1;1;1;
5362;202100003543;195 412;B01;3;7;0;2;8;1;1;
5363;202100003545;195 407;B01;3;7;0;2;7;1;1;
5364;202100003545;195 408;A01;3;7;0;2;1;19;1;
5365;202100003546;195 406;A01;1;30;0;1;1;17;1;
5366;202100003547;195 404;B01;1;50;0;2;7;1;3;
5367;202100003547;195 405;A01;2;7;0;2;1;1;1;
5368;202100003548;195 403;A01;3;50;0;1;1;25;3;
5369;202100003549;195 401;B01;2;1;0;2;1;26;5;
5370;202100003549;195 402;A01;1;7;0;2;1;15;1;
5371;202100003551;195 398;B01;3;1;0;4;7;1;0;
5372;202100003551;195 399;A01;0;40;0;2;3;1;3;
5373;202100003553;195 395;A01;2;7;1;1;2;17;1;
5374;202100003554;195 393;B01;3;1;15;2;3;24;5;
5375;202100003554;195 394;A01;1;10;6;2;5;26;1;
5376;202100003555;195 391;A01;1;10;0;2;1;1;1;
5377;202100003555;195 392;B01;1;7;0;2;4;15;1;
5378;202100003556;195 389;B01;1;7;0;2;3;1;1;
5379;202100003556;195 390;A01;2;7;0;2;3;15;1;
5380;202100003557;195 387;B01;1;1;0;2;7;26;5;
5381;202100003557;195 388;A01;2;7;0;2;1;1;2;
5382;202100003558;195 386;A01;1;31;0;0;0;26;1;
5383;202100003559;195 385;A01;3;7;16;1;4;20;0;
5384;202100003560;195 384;A01;3;7;9;0;8;1;1;
5385;202100003561;195 381;A01;3;7;12;2;2;17;1;
5386;202100003561;195 382;B01;3;7;0;2;6;1;1;
5387;202100003561;195 383;C01;3;10;12;2;2;1;1;
5388;202100003562;195 380;A01;1;10;0;1;2;16;1;
5389;202100003563;195 379;A01;1;7;4;0;2;1;1;
5390;202100003564;195 377;A01;3;7;0;2;4;26;1;
5391;202100003564;195 378;B01;3;10;0;2;3;12;1;
5392;202100003565;195 376;A01;1;7;0;1;2;1;1;
5393;202100003566;195 375;A01;1;7;0;1;5;4;1;
5394;202100003567;195 374;A01;1;7;8;0;2;0;1;
5395;202100003568;195 373;A01;1;7;0;1;2;9;1;
5396;202100003569;195 371;A01;1;7;0;2;1;26;1;
5397;202100003569;195 372;B01;1;32;0;2;4;2;1;
5398;202100003570;195 370;Z01;1;7;0;1;1;26;0;
5399;202100003571;195 369;A01;2;10;0;1;3;15;1;
5400;202100003572;195 368;A01;1;7;0;1;1;21;1;
5401;202100003573;195 366;B01;2;1;0;2;1;1;5;
5402;202100003573;195 367;A01;1;10;0;2;1;20;1;
5403;202100003574;195 364;A01;2;7;0;2;3;19;1;
5404;202100003574;195 365;B01;1;33;0;2;1;1;1;
5405;202100003575;195 363;A01;0;7;0;1;1;15;1;
5406;202100003576;195 361;A01;2;7;0;2;1;1;1;
5407;202100003576;195 362;B01;1;7;0;2;3;1;1;
5408;202100003577;195 360;A01;2;2;12;0;8;13;1;
5409;202100003578;195 358;B01;2;7;0;2;8;1;1;
5410;202100003578;195 359;A01;1;7;5;2;1;13;1;
5411;202100003579;195 356;A01;2;7;0;2;1;15;1;
5412;202100003579;195 357;B01;2;2;0;2;1;21;1;
5413;202100003580;195 354;A01;2;7;0;2;1;2;1;
5414;202100003580;195 355;B01;2;7;0;2;4;23;1;
5415;202100003581;195 352;B01;1;7;0;2;1;0;1;
5416;202100003581;195 353;A01;1;7;3;2;1;14;1;
5417;202100003582;195 351;A01;3;7;0;1;2;1;1;
5418;202100003583;195 348;B01;2;30;0;2;7;16;1;
5419;202100003583;195 349;A01;2;7;14;2;2;9;1;
5420;202100003584;195 346;B01;2;7;0;2;1;1;1;
5421;202100003584;195 347;A01;2;0;0;2;0;1;0;
5422;202100003585;195 344;A01;1;33;0;2;7;17;1;
5423;202100003585;195 345;B01;1;7;0;2;3;1;1;
5424;202100003586;195 342;B01;1;32;0;2;7;17;1;
5425;202100003586;195 343;A01;1;7;0;2;3;15;1;
5426;202100003588;195 338;B01;1;2;0;2;0;17;0;
5427;202100003588;195 339;A01;1;7;0;2;0;15;0;
5428;202100003589;195 336;C01;2;10;0;2;0;24;1;
5429;202100003589;195 337;A01;2;14;1;2;2;1;1;
5430;202100003590;195 334;B01;1;7;0;2;4;2;1;
5431;202100003590;195 335;A01;1;30;0;2;1;2;1;
5432;202100003591;195 333;A01;3;7;0;1;1;15;1;
5433;202100003592;195 327;B01;2;7;0;0;9;14;1;
5434;202100003592;195 328;A01;2;7;0;0;0;10;1;
5435;202100003593;195 323;B01;3;7;0;2;1;26;1;
5436;202100003593;195 324;A01;3;1;0;2;2;26;0;
5437;202100003594;195 322;A01;2;30;0;9;2;1;1;
5438;202100003595;195 320;B01;1;7;0;2;0;0;1;
5439;202100003595;195 321;A01;1;7;0;2;1;0;1;
5440;202100003596;195 318;B01;2;38;0;2;5;2;1;6.0
5441;202100003596;195 319;Z01;2;10;0;2;1;0;1;
5442;202100003597;195 317;A01;2;7;12;1;2;14;1;
5443;202100003598;195 315;A01;3;7;0;0;8;21;1;
5444;202100003598;195 316;B01;3;20;0;0;8;21;1;
5445;202100003599;195 313;B01;2;7;0;2;1;1;1;
5446;202100003599;195 314;A01;1;7;0;2;7;1;1;
5447;202100003600;195 312;A01;3;7;0;1;3;1;1;
5448;202100003601;195 311;A01;3;37;0;1;7;15;1;1.0
5449;202100003602;195 309;A01;1;7;0;2;3;15;1;
5450;202100003602;195 310;B01;2;50;0;2;1;1;3;
5451;202100003603;195 307;B01;3;50;0;0;0;0;3;
5452;202100003603;195 308;A01;1;7;0;9;3;26;1;
5453;202100003604;195 306;A01;1;7;0;0;3;0;1;
5454;202100003605;195 302;D01;1;10;0;2;3;21;1;
5455;202100003605;195 303;C01;1;10;3;2;3;1;1;
5456;202100003605;195 304;B01;1;7;0;2;3;1;1;
5457;202100003605;195 305;A01;2;15;0;2;3;13;1;
5458;202100003606;195 300;A01;2;7;0;2;1;2;1;
5459;202100003606;195 301;B01;2;10;0;2;4;23;1;
5460;202100003607;195 298;B01;1;7;0;2;6;2;1;
5461;202100003607;195 299;A01;1;7;0;2;2;2;1;
5462;202100003608;195 296;A01;2;7;0;2;1;15;1;
5463;202100003608;195 297;B01;1;7;0;2;0;0;1;
5464;202100003609;195 294;B01;1;7;0;2;4;1;1;
5465;202100003609;195 295;A01;1;7;0;2;1;1;1;
5466;202100003610;195 292;B01;1;50;0;2;1;1;3;
5467;202100003610;195 293;A01;1;7;0;2;2;9;2;
5468;202100003611;195 291;A01;1;7;0;1;1;1;1;
5469;202100003612;195 289;B01;2;7;0;2;2;1;1;
5470;202100003612;195 290;A01;2;7;0;2;3;20;1;
5471;202100003613;195 287;A01;1;7;0;2;1;1;1;
5472;202100003613;195 288;B01;2;32;0;2;1;1;1;
5473;202100003614;195 286;A01;2;2;0;0;7;9;1;
5474;202100003615;195 285;A01;2;7;0;1;2;21;1;
5475;202100003616;195 283;B01;1;7;0;2;1;1;1;
5476;202100003616;195 284;A01;1;7;0;2;1;1;1;
5477;202100003617;195 281;A01;1;7;0;2;8;9;1;
5478;202100003617;195 282;B01;1;1;0;2;2;0;5;
5479;202100003618;195 280;A01;1;7;0;2;3;0;1;
5480;202100003619;195 279;A01;3;7;0;1;1;16;1;
5481;202100003620;195 276;C01;2;7;0;2;3;1;1;
5482;202100003620;195 277;B01;2;7;0;2;3;1;1;
5483;202100003620;195 278;A01;1;7;0;2;1;1;1;
5484;202100003621;195 274;B01;3;99;0;2;8;19;3;
5485;202100003621;195 275;A01;3;7;0;9;1;15;1;
5486;202100003622;195 273;A01;2;7;1;0;2;14;1;
5487;202100003623;195 271;A01;1;7;0;2;2;16;1;
5488;202100003623;195 272;B01;2;1;9;2;2;1;5;
5489;202100003624;195 270;A01;1;7;8;0;3;13;1;
5490;202100003625;195 268;A01;1;7;0;2;5;15;1;
5491;202100003625;195 269;B01;2;1;0;2;1;1;5;
5492;202100003626;195 267;A01;3;7;0;1;7;1;1;
5493;202100003627;195 266;A01;1;7;0;1;1;1;1;
5494;202100003628;195 265;A01;3;7;8;0;8;26;1;
5495;202100003630;195 261;A01;1;7;0;2;1;1;1;
5496;202100003630;195 262;B01;1;7;0;2;4;1;1;
5497;202100003632;195 257;B01;1;33;0;2;8;1;1;
5498;202100003632;195 258;A01;1;7;0;9;7;1;1;
5499;202100003633;195 254;A01;1;7;9;9;1;5;1;
5500;202100003633;195 255;B01;1;7;0;2;4;1;1;
5501;202100003633;195 256;C01;1;37;0;2;4;23;1;1.0
5502;202100003634;195 252;A01;1;1;0;2;7;1;5;
5503;202100003634;195 253;B01;1;7;0;9;8;1;1;
5504;202100003635;195 251;A01;1;7;0;1;3;16;1;
5505;202100003636;195 249;B01;1;7;0;2;0;0;1;
5506;202100003636;195 250;A01;1;7;0;0;4;1;1;
5507;202100003637;195 248;A01;1;7;0;1;1;1;1;
5508;202100003638;195 246;B01;1;2;0;2;1;1;1;
5509;202100003638;195 247;A01;2;7;0;2;2;15;1;
5510;202100003639;195 245;A01;1;7;0;1;3;15;2;
5511;202100003640;195 244;A01;2;7;11;0;3;13;1;
5512;202100003641;195 243;A01;0;7;8;0;9;9;1;
5513;202100003642;195 241;B01;2;7;0;2;4;2;1;
5514;202100003642;195 242;A01;2;7;0;2;1;2;1;
5515;202100003643;195 239;B01;1;7;0;2;7;26;1;
5516;202100003643;195 240;A01;1;1;0;2;1;26;5;
5517;202100003644;195 238;A01;1;7;0;1;1;26;1;
5518;202100003645;195 237;A01;1;2;0;1;0;0;1;
5519;202100003646;195 235;B01;1;7;0;2;4;1;1;
5520;202100003646;195 236;A01;1;1;0;2;1;1;5;
5521;202100003647;195 234;A01;1;80;0;0;7;26;3;
5522;202100003648;195 232;B01;2;7;0;2;4;23;1;
5523;202100003648;195 233;A01;2;7;0;2;1;1;1;
5524;202100003649;195 231;A01;2;7;0;0;1;19;0;
5525;202100003650;195 229;B01;1;1;0;2;1;1;5;
5526;202100003650;195 230;A01;1;10;0;2;1;16;1;
5527;202100003651;195 227;A01;0;7;0;2;1;1;1;
5528;202100003651;195 228;B01;2;7;0;2;4;23;1;
5529;202100003652;195 226;A01;2;7;0;1;1;1;1;
5530;202100003653;195 224;B01;1;1;0;2;1;1;5;
5531;202100003653;195 225;A01;1;7;0;2;7;16;1;
5532;202100003654;195 223;A01;1;7;0;1;7;1;1;
5533;202100003655;195 222;A01;1;7;6;0;3;13;1;
5534;202100003656;195 218;A01;3;7;0;2;2;1;1;
5535;202100003656;195 219;B01;3;14;0;2;3;16;1;
5536;202100003657;195 216;B01;3;7;0;2;6;23;1;
5537;202100003657;195 217;A01;3;7;0;2;0;2;1;
5538;202100003658;195 214;A01;2;10;0;2;7;13;1;
5539;202100003658;195 215;B01;1;32;0;2;1;1;1;
5540;202100003659;195 212;B01;3;1;0;2;1;16;5;
5541;202100003659;195 213;A01;3;7;0;2;7;15;1;
5542;202100003660;195 211;A01;1;7;0;1;3;15;1;
5543;202100003663;195 208;A01;3;7;15;0;0;16;1;
5544;202100003664;195 206;B01;1;7;0;2;4;1;1;
5545;202100003664;195 207;A01;1;7;0;2;1;2;1;
5546;202100003665;195 204;B01;1;10;0;2;1;2;1;
5547;202100003665;195 205;A01;1;10;0;2;4;1;0;
5548;202100003666;195 202;A01;1;7;0;2;3;1;1;
5549;202100003666;195 203;B01;2;7;0;2;3;15;1;
5550;202100003667;195 200;B01;1;33;0;2;1;1;1;
5551;202100003667;195 201;A01;2;31;0;2;1;1;0;
5552;202100003668;195 199;A01;3;7;0;1;3;15;1;
5553;202100003669;195 198;B01;1;7;0;1;1;1;1;
5554;202100003670;195 196;B01;2;80;0;2;1;1;3;
5555;202100003670;195 197;A01;2;7;0;2;3;9;1;
5556;202100003671;195 195;A01;1;40;0;1;2;1;3;
5557;202100003672;195 193;A01;3;32;0;2;7;17;1;
5558;202100003672;195 194;B01;3;7;0;2;3;1;1;
5559;202100003673;195 192;A01;1;10;0;1;1;0;0;
5560;202100003674;195 190;A01;1;1;0;2;1;1;0;
5561;202100003674;195 191;B01;1;7;0;2;4;23;1;
5562;202100003676;195 187;A01;3;7;0;2;8;15;1;
5563;202100003676;195 188;B01;1;10;0;2;0;0;1;
5564;202100003677;195 185;B01;2;15;0;2;4;1;1;
5565;202100003677;195 186;A01;2;7;0;2;4;1;1;
5566;202100003678;195 184;A01;2;7;0;2;1;1;1;
5567;202100003679;195 182;B01;3;7;0;2;1;2;1;
5568;202100003679;195 183;A01;3;7;0;2;4;2;2;
5569;202100003680;195 177;A01;1;7;0;1;1;1;1;
5570;202100003681;195 175;A01;0;7;0;2;1;1;1;
5571;202100003681;195 176;B01;0;7;0;2;4;1;1;
5572;202100003682;195 173;B01;3;7;0;2;1;15;1;
5573;202100003682;195 174;A01;3;7;0;2;2;1;1;
5574;202100003683;195 169;A01;3;7;0;2;1;26;1;
5575;202100003683;195 170;B01;3;7;0;2;1;0;1;
5576;202100003683;195 171;C01;3;7;0;2;1;0;1;
5577;202100003683;195 172;D01;3;7;0;0;4;0;1;
5578;202100003684;195 167;A01;1;2;0;2;7;1;1;
5579;202100003684;195 168;B01;2;7;0;2;1;9;1;
5580;202100003686;195 163;B01;1;30;0;2;1;1;1;
5581;202100003686;195 164;A01;3;7;0;2;8;9;1;
5582;202100003687;195 162;A01;3;10;0;1;1;1;3;
5583;202100003688;195 160;B01;3;1;0;2;7;19;5;
5584;202100003688;195 161;A01;3;7;0;2;1;1;1;
5585;202100003689;195 158;A01;2;1;0;0;0;0;5;
5586;202100003689;195 159;B01;-1;7;0;2;2;1;1;
5587;202100003690;195 157;A01;3;99;0;1;3;25;5;
5588;202100003691;195 155;B01;1;10;0;2;8;1;1;
5589;202100003691;195 156;A01;1;7;0;2;1;19;1;
5590;202100003692;195 154;A01;3;10;0;1;1;15;1;
5591;202100003693;195 152;B01;3;1;0;2;1;1;5;
5592;202100003693;195 153;A01;1;7;0;2;2;9;1;
5593;202100003694;195 150;A01;3;31;0;2;2;2;1;
5594;202100003694;195 151;Z01;3;7;0;2;3;10;1;
5595;202100003695;195 148;B01;3;33;0;2;1;2;1;
5596;202100003695;195 149;A01;3;7;0;2;8;9;1;
5597;202100003697;195 144;A01;1;7;0;2;1;9;1;
5598;202100003697;195 145;B01;1;34;0;2;3;9;1;
5599;202100003698;195 142;Z01;3;30;0;2;8;18;0;
5600;202100003698;195 143;B01;2;31;0;2;2;1;1;
5601;202100003700;195 138;B01;3;7;0;2;2;1;1;
5602;202100003700;195 139;A01;3;7;0;2;3;26;1;
5603;202100003701;195 136;B01;2;7;0;2;4;1;1;
5604;202100003701;195 137;A01;2;2;0;2;1;2;1;
5605;202100003702;195 133;A01;1;10;0;2;4;23;1;
5606;202100003702;195 134;B01;1;7;0;2;4;2;1;
5607;202100003702;195 135;C01;1;7;0;2;1;2;1;
5608;202100003703;195 131;A01;1;7;0;2;3;15;1;
5609;202100003703;195 132;B01;1;7;0;2;3;1;1;
5610;202100003704;195 129;B01;2;33;0;2;1;1;1;
5611;202100003704;195 130;A01;1;7;0;2;5;15;1;
5612;202100003705;195 127;A01;2;7;0;2;0;15;1;
5613;202100003705;195 128;B01;2;31;0;2;0;16;1;
5614;202100003706;195 125;A01;3;7;0;2;3;20;1;
5615;202100003706;195 126;B01;3;2;0;2;8;1;1;
5616;202100003708;195 122;A01;1;31;0;1;1;0;1;
5617;202100003709;195 120;B01;3;7;0;2;4;24;1;
5618;202100003709;195 121;A01;3;7;1;1;1;9;1;
5619;202100003710;195 118;A01;1;10;0;2;2;1;0;
5620;202100003710;195 119;B01;1;32;0;2;4;23;0;
5621;202100003711;195 116;A01;1;10;0;2;1;1;1;
5622;202100003711;195 117;B01;1;7;0;4;0;1;1;
5623;202100003712;195 114;A01;2;7;0;2;3;9;1;
5624;202100003712;195 115;B01;1;7;0;2;7;1;1;
5625;202100003713;195 112;A01;2;7;0;2;1;15;1;
5626;202100003713;195 113;B01;1;7;0;2;3;1;1;
5627;202100003716;195 106;A01;2;31;0;0;8;1;1;
5628;202100003717;195 105;A01;2;7;0;1;2;1;1;
5629;202100003718;195 104;A01;1;30;0;1;1;15;1;
5630;202100003719;195 102;B01;3;7;0;2;1;15;1;
5631;202100003719;195 103;A01;3;34;0;2;8;1;1;
5632;202100003720;195 100;B01;1;32;0;2;3;1;1;
5633;202100003720;195 101;A01;1;7;0;2;1;1;1;
5634;202100003721;195 098;A01;1;37;0;2;1;2;3;1.0
5635;202100003721;195 099;B01;1;7;0;2;4;23;1;
5636;202100003722;195 096;A01;1;30;0;2;3;1;1;
5637;202100003722;195 097;B01;1;33;0;2;2;23;1;
5638;202100003723;195 094;A01;3;1;0;2;1;1;5;
5639;202100003723;195 095;B01;3;7;0;2;2;1;1;
5640;202100003724;195 093;A01;1;7;12;0;3;13;1;
5641;202100003725;195 092;A01;2;7;0;1;3;1;1;
5642;202100003726;195 090;A01;1;30;12;0;1;21;3;
5643;202100003728;195 087;A01;2;1;0;0;0;1;5;
5644;202100003729;195 085;A01;1;7;0;2;7;15;2;
5645;202100003729;195 086;B01;2;2;0;2;8;1;1;
5646;202100003730;195 083;B01;1;34;0;2;2;17;3;
5647;202100003730;195 084;A01;1;7;0;2;3;15;1;
5648;202100003731;195 081;B01;2;43;0;2;1;17;1;
5649;202100003731;195 082;A01;2;7;0;2;3;10;1;
5650;202100003732;195 079;B01;1;1;0;2;6;19;5;
5651;202100003732;195 080;Z01;1;7;0;2;3;15;0;
5652;202100003733;195 078;A01;1;7;0;1;1;15;0;
5653;202100003734;195 077;A01;1;1;0;1;1;21;5;
5654;202100003735;195 075;B01;1;50;0;2;4;2;3;
5655;202100003735;195 076;A01;1;7;0;2;1;2;1;
5656;202100003736;195 073;A01;2;7;0;9;1;1;1;
5657;202100003736;195 074;B01;2;50;0;2;4;23;3;
5658;202100003737;195 071;B01;1;7;0;2;4;2;1;
5659;202100003737;195 072;A01;1;37;0;2;1;2;1;1.0
5660;202100003739;195 068;A01;0;37;0;0;0;1;1;3.0
5661;202100003741;195 065;A01;0;7;0;1;3;15;3;
5662;202100003742;195 063;B01;3;2;0;2;2;15;3;
5663;202100003742;195 064;A01;3;10;0;2;2;1;0;
5664;202100003743;195 061;B01;1;7;0;2;1;1;1;
5665;202100003743;195 062;A01;1;7;0;2;7;15;1;
5666;202100003744;195 059;B01;1;15;0;2;7;16;1;
5667;202100003744;195 060;A01;1;32;0;2;8;18;1;
5668;202100003745;195 058;A01;1;99;0;1;1;1;1;
5669;202100003746;195 057;A01;-1;7;0;1;1;15;1;
5670;202100003747;195 056;A01;0;30;0;0;0;0;3;
5671;202100003748;195 055;A01;2;30;0;0;3;21;1;
5672;202100003749;195 054;A01;3;31;0;1;2;1;1;
5673;202100003750;195 052;B01;1;32;0;2;8;1;0;
5674;202100003750;195 053;A01;2;3;0;2;3;15;0;
5675;202100003751;195 051;A01;1;7;0;1;2;17;0;
5676;202100003752;195 050;A01;3;34;0;1;8;16;1;
5677;202100003753;195 048;B01;2;31;0;2;2;1;1;
5678;202100003753;195 049;A01;2;7;0;2;3;15;1;
5679;202100003754;195 047;A01;3;33;0;1;0;21;1;
5680;202100003755;195 045;A01;0;7;0;2;7;1;1;
5681;202100003755;195 046;B01;0;7;0;2;1;1;1;
5682;202100003756;195 043;A01;1;31;0;2;1;1;1;
5683;202100003756;195 044;B01;1;3;0;2;6;0;1;
5684;202100003757;195 041;B01;2;2;0;2;2;2;1;
5685;202100003757;195 042;A01;2;7;0;2;3;20;0;
5686;202100003758;195 039;A01;3;7;13;0;2;1;1;
5687;202100003759;195 037;A01;1;33;0;2;1;5;1;
5688;202100003759;195 038;B01;2;7;0;2;3;1;1;
5689;202100003760;195 036;A01;3;7;0;1;3;1;1;
5690;202100003761;195 034;B01;1;15;0;0;0;0;1;
5691;202100003761;195 035;A01;1;7;0;2;1;0;1;
5692;202100003763;195 030;A01;3;7;13;0;0;14;1;
5693;202100003764;195 029;A01;1;7;13;0;3;1;1;