;Num_Acc;id_vehicule;num_veh;senc;catv;obs;obsm;choc;manv;motor;occutc
5694;202100003765;195 028;A01;2;7;16;0;1;21;1;
5695;202100003766;195 026;A01;2;7;0;2;1;17;1;
5696;202100003766;195 027;B01;1;7;0;2;1;1;1;
5697;202100003767;195 025;A01;2;7;8;0;6;4;1;
5698;202100003768;195 022;A01;1;14;0;2;1;2;1;
5699;202100003768;195 023;B01;1;7;12;2;7;2;1;
5700;202100003770;195 020;A01;2;7;0;0;0;1;1;
5701;202100003771;195 019;A01;1;7;0;1;1;1;1;
5702;202100003772;195 018;A01;1;33;0;0;9;1;1;
5703;202100003773;195 017;A01;1;7;13;0;7;13;1;
5704;202100003774;195 015;A01;3;7;13;2;3;13;1;
5705;202100003774;195 016;B01;3;7;0;2;3;13;1;
5706;202100003775;195 014;A01;2;7;0;1;2;1;3;
5707;202100003776;195 013;A01;2;7;13;0;8;13;1;
5708;202100003777;195 012;A01;3;7;0;1;2;15;3;
5709;202100003778;195 010;B01;1;10;0;2;1;1;1;
5710;202100003778;195 011;A01;2;7;0;2;3;15;1;
5711;202100003779;195 008;A01;2;7;0;0;2;2;1;
5712;202100003779;195 009;B01;2;50;0;0;6;2;3;
5713;202100003780;195 007;A01;2;7;13;0;1;1;1;
5714;202100003781;195 006;A01;1;7;0;1;2;1;1;
5715;202100003782;195 004;B01;2;7;0;2;3;21;1;
5716;202100003782;195 005;A01;1;7;0;2;3;13;1;
5717;202100003783;195 003;A01;1;17;13;0;1;1;6;
5718;202100003784;195 002;A01;1;7;0;1;2;19;1;
5719;202100003785;195 000;A01;2;7;0;2;3;13;1;
5720;202100003785;195 001;B01;1;7;0;2;3;1;1;
5721;202100003786;194 993;E01;1;7;14;0;3;1;1;
5722;202100003786;194 994;D01;1;7;14;0;1;1;1;
5723;202100003786;194 995;C01;1;7;0;2;0;0;1;
5724;202100003786;194 996;B01;1;7;0;2;0;1;1;
5725;202100003786;194 997;A01;1;7;0;2;2;12;2;
5726;202100003787;194 990;A01;2;7;1;0;1;14;1;
5727;202100003787;194 991;B01;2;7;0;0;4;24;1;
5728;202100003787;194 992;C01;2;7;0;2;1;2;1;
5729;202100003788;194 988;A01;2;7;0;2;1;1;1;
5730;202100003788;194 989;B01;1;7;0;2;1;13;1;
5731;202100003789;194 986;B01;2;1;0;9;1;1;5;
5732;202100003789;194 987;A01;1;80;0;9;1;5;3;
5733;202100003790;194 983;A01;2;7;0;0;1;2;1;
5734;202100003790;194 984;B01;2;7;0;0;4;23;0;
5735;202100003790;194 985;C01;2;7;1;0;3;1;1;
5736;202100003791;194 980;B01;3;34;0;2;1;1;1;
5737;202100003791;194 981;A01;3;7;0;2;8;15;1;
5738;202100003792;194 977;A01;2;10;0;0;5;2;1;
5739;202100003792;194 978;B01;2;7;3;2;1;2;1;
5740;202100003792;194 979;C01;2;7;0;2;2;2;1;
5741;202100003793;194 975;A01;2;1;0;2;0;16;5;
5742;202100003793;194 976;B01;1;1;0;2;0;19;5;
5743;202100003794;194 974;A01;1;7;0;1;3;1;1;
5744;202100003795;194 973;A01;3;7;8;0;2;1;1;
5745;202100003796;194 972;A01;2;7;8;0;1;1;1;
5746;202100003797;194 970;A01;1;7;0;2;1;13;1;
5747;202100003797;194 971;B01;2;99;0;2;3;21;1;
5748;202100003798;194 969;A01;2;7;8;0;8;1;1;
5749;202100003799;194 967;B01;2;7;0;0;1;1;1;
5750;202100003799;194 968;A01;2;7;0;0;4;0;1;
5751;202100003800;194 966;A01;1;7;0;1;2;2;1;
5752;202100003801;194 964;A01;1;10;3;2;6;1;1;
5753;202100003801;194 965;B01;1;7;0;2;1;0;1;
5754;202100003802;194 960;A01;2;7;0;2;4;1;1;
5755;202100003802;194 961;B01;2;7;0;2;1;1;1;
5756;202100003802;194 962;D01;2;10;0;2;1;1;1;
5757;202100003802;194 963;C01;2;10;0;2;1;1;1;
5758;202100003803;194 959;A01;1;34;0;0;0;2;1;
5759;202100003804;194 958;A01;1;7;17;0;1;1;1;
5760;202100003805;194 954;B01;2;7;0;2;3;2;1;
5761;202100003805;194 955;A01;1;7;0;2;1;5;1;
5762;202100003806;194 951;B01;1;7;0;2;4;2;1;
5763;202100003806;194 952;A01;1;7;0;2;1;2;1;
5764;202100003806;194 953;C01;1;7;0;2;6;2;1;
5765;202100003807;194 950;A01;1;7;4;0;3;2;1;
5766;202100003808;194 947;A01;1;7;0;2;1;2;1;
5767;202100003808;194 948;B01;1;7;0;2;4;2;0;
5768;202100003808;194 949;C01;1;7;0;2;4;2;0;
5769;202100003809;194 944;C01;2;7;0;2;6;1;1;
5770;202100003809;194 945;B01;2;33;0;2;7;1;1;
5771;202100003809;194 946;A01;2;7;0;2;3;11;1;
5772;202100003810;194 942;B01;2;7;0;0;4;2;1;
5773;202100003810;194 943;A01;2;7;0;2;1;2;1;
5774;202100003811;194 940;A01;1;7;0;2;5;10;1;
5775;202100003811;194 941;B01;1;33;0;2;1;1;1;
5776;202100003812;194 938;A01;2;7;0;2;1;1;1;
5777;202100003812;194 939;B01;2;7;0;2;4;1;1;
5778;202100003813;194 937;A01;1;7;3;0;3;13;1;
5779;202100003814;194 936;A01;1;7;4;0;2;2;1;
5780;202100003815;194 934;A01;2;33;0;2;7;1;1;
5781;202100003815;194 935;B01;2;7;0;2;8;11;1;
5782;202100003816;194 933;A01;2;7;0;0;0;1;1;
5783;202100003817;194 932;A01;2;33;0;2;4;0;1;
5784;202100003818;194 930;A01;2;10;0;2;1;2;1;
5785;202100003818;194 931;B01;2;7;0;2;4;2;1;
5786;202100003819;194 925;A01;1;17;0;2;1;2;1;
5787;202100003819;194 926;B01;1;7;0;2;4;2;1;
5788;202100003819;194 927;C01;1;7;0;2;4;2;1;
5789;202100003819;194 928;D01;1;7;0;2;4;2;0;
5790;202100003819;194 929;E01;1;10;0;2;4;2;1;
5791;202100003820;194 924;A01;1;7;4;0;1;1;1;
5792;202100003821;194 922;B01;2;10;0;2;6;0;1;
5793;202100003821;194 923;A01;2;99;1;2;2;1;3;
5794;202100003822;194 921;A01;2;10;1;1;3;1;1;
5795;202100003823;194 916;A01;3;10;0;2;3;1;1;
5796;202100003823;194 917;B01;3;7;0;2;3;1;1;
5797;202100003824;194 914;B01;1;33;0;2;1;1;1;
5798;202100003824;194 915;A01;1;7;0;2;5;1;1;
5799;202100003825;194 912;B01;1;7;0;2;3;1;1;
5800;202100003825;194 913;A01;1;7;8;2;3;1;1;
5801;202100003826;194 911;A01;1;7;7;0;1;13;1;
5802;202100003827;194 910;A01;2;33;0;1;1;17;1;
5803;202100003828;194 908;A01;1;1;0;2;3;19;5;
5804;202100003828;194 909;B01;2;43;0;2;1;1;1;
5805;202100003829;194 906;B01;1;50;0;2;8;19;3;
5806;202100003829;194 907;A01;2;14;0;2;1;16;1;
5807;202100003830;194 905;A01;1;10;0;1;1;1;1;
5808;202100003831;194 903;B01;2;33;0;2;4;23;1;
5809;202100003831;194 904;A01;2;2;0;2;1;21;1;
5810;202100003832;194 901;B01;1;7;0;2;3;1;1;
5811;202100003832;194 902;A01;1;43;0;2;2;1;1;
5812;202100003833;194 899;A01;1;50;0;2;1;1;3;
5813;202100003833;194 900;B01;2;7;0;2;2;15;1;
5814;202100003834;194 898;A01;2;10;0;1;5;1;1;
5815;202100003835;194 897;Z01;2;50;0;1;1;1;3;
5816;202100003836;194 895;B01;2;32;0;2;2;1;1;
5817;202100003836;194 896;A01;2;7;0;2;3;9;1;
5818;202100003837;194 894;A01;1;10;0;1;4;4;1;
5819;202100003838;194 892;B01;1;50;0;2;8;1;3;
5820;202100003838;194 893;A01;3;10;0;2;7;1;1;
5821;202100003839;194 890;B01;2;32;0;2;8;21;1;
5822;202100003839;194 891;A01;2;7;0;2;0;9;1;
5823;202100003840;194 888;B01;2;1;0;2;2;1;5;
5824;202100003840;194 889;A01;2;7;0;2;8;22;1;
5825;202100003841;194 887;A01;2;2;0;0;2;7;1;
5826;202100003842;194 885;B01;1;7;0;2;7;1;1;
5827;202100003842;194 886;A01;1;30;0;2;8;16;1;
5828;202100003843;194 884;A01;2;7;0;1;1;1;0;
5829;202100003844;194 882;B01;3;37;0;2;2;15;1;2.0
5830;202100003844;194 883;A01;3;7;0;2;3;1;1;
5831;202100003845;194 880;B01;2;30;0;2;1;1;1;
5832;202100003845;194 881;A01;1;7;0;2;5;15;1;
5833;202100003846;194 879;A01;2;7;0;1;3;1;1;
5834;202100003847;194 877;B01;1;7;0;2;1;17;1;
5835;202100003847;194 878;A01;1;7;15;2;8;20;1;
5836;202100003848;194 875;Z01;0;3;0;0;0;15;0;
5837;202100003848;194 876;A01;-1;3;0;2;2;1;1;
5838;202100003849;194 874;A01;3;3;0;1;1;26;0;
5839;202100003850;194 872;B01;1;43;0;2;1;2;1;
5840;202100003850;194 873;A01;-1;3;0;2;0;13;0;
5841;202100003851;194 870;A01;1;32;12;2;5;17;1;
5842;202100003851;194 871;B01;1;14;0;2;8;15;1;
5843;202100003852;194 869;A01;3;7;0;1;1;1;1;
5844;202100003853;194 867;A01;2;7;1;0;1;20;2;
5845;202100003853;194 868;B01;2;31;0;2;1;2;3;
5846;202100003854;194 865;B01;2;30;0;0;1;19;0;
5847;202100003854;194 866;A01;2;10;0;0;2;16;0;
5848;202100003855;194 863;B01;2;7;0;2;4;1;1;
5849;202100003855;194 864;A01;2;14;0;2;1;2;1;
5850;202100003856;194 861;A01;2;7;0;2;4;23;1;
5851;202100003856;194 862;B01;2;99;0;2;1;1;1;
5852;202100003857;194 860;A01;1;1;0;1;3;1;5;
5853;202100003858;194 858;Z01;1;10;0;2;1;1;1;
5854;202100003858;194 859;B01;1;7;0;2;4;23;1;
5855;202100003859;194 857;A01;1;7;0;1;1;15;1;
5856;202100003860;194 855;B01;2;7;0;2;1;15;1;
5857;202100003860;194 856;A01;1;50;0;2;1;1;3;
5858;202100003862;194 851;B01;1;7;0;2;0;16;1;
5859;202100003862;194 852;A01;1;1;0;2;0;1;5;
5860;202100003863;194 849;A01;1;7;0;2;3;1;1;
5861;202100003863;194 850;B01;0;60;0;2;1;19;5;
5862;202100003864;194 843;A01;1;7;0;2;7;26;1;
5863;202100003864;194 844;B01;1;7;0;2;1;1;1;
5864;202100003865;194 842;A01;1;7;0;1;2;17;1;
5865;202100003866;194 840;B01;2;10;9;2;1;1;1;
5866;202100003866;194 841;A01;1;7;0;2;1;13;1;
5867;202100003867;194 839;A01;1;7;4;0;3;13;1;
5868;202100003868;194 836;C01;2;7;1;0;7;1;1;
5869;202100003868;194 837;B01;2;17;0;2;3;1;1;
5870;202100003868;194 838;A01;2;7;0;2;5;17;1;
5871;202100003869;194 835;A01;1;7;2;0;2;0;1;
5872;202100003870;194 834;A01;1;7;13;9;9;1;1;
5873;202100003871;194 832;A01;2;7;0;2;2;1;1;
5874;202100003871;194 833;B01;2;7;0;2;3;19;1;
5875;202100003872;194 830;B01;1;10;0;2;3;1;1;
5876;202100003872;194 831;A01;1;7;0;2;6;19;1;
5877;202100003873;194 829;A01;2;15;4;0;2;1;1;
5878;202100003874;194 828;A01;0;10;0;1;1;1;1;
5879;202100003875;194 824;A01;1;7;0;2;1;15;1;
5880;202100003875;194 825;B01;2;7;0;2;1;1;1;
5881;202100003876;194 822;B01;2;7;0;2;8;19;1;
5882;202100003876;194 823;A01;2;2;0;2;1;1;1;
5883;202100003877;194 820;B01;2;2;0;0;1;1;1;
5884;202100003877;194 821;A01;1;7;0;0;6;11;1;
5885;202100003878;194 818;B01;2;17;0;2;3;13;1;
5886;202100003878;194 819;A01;1;7;0;2;3;1;1;
5887;202100003879;194 817;A01;1;7;0;1;1;15;1;
5888;202100003880;194 815;A01;2;7;0;2;3;17;1;
5889;202100003880;194 816;B01;1;2;0;2;1;1;1;
5890;202100003881;194 814;A01;2;7;0;1;3;26;1;
5891;202100003882;194 813;A01;2;7;2;0;1;13;1;
5892;202100003883;194 811;B01;2;7;0;2;2;1;1;
5893;202100003883;194 812;A01;3;7;0;2;3;16;1;
5894;202100003884;194 810;A01;1;7;0;1;1;1;1;
5895;202100003885;194 809;A01;1;7;6;0;1;1;1;
5896;202100003886;194 808;A01;2;2;0;6;3;1;1;
5897;202100003887;194 806;B01;1;7;0;2;1;1;1;
5898;202100003887;194 807;A01;2;7;0;2;1;1;1;
5899;202100003888;194 804;A01;2;1;0;2;1;2;5;
5900;202100003888;194 805;B01;2;7;0;9;4;23;1;
5901;202100003889;194 802;B01;1;2;8;2;8;1;1;
5902;202100003889;194 803;A01;2;7;0;2;3;15;1;
5903;202100003890;194 801;A01;2;7;0;1;2;21;1;
5904;202100003891;194 798;A01;1;7;0;2;1;1;1;
5905;202100003891;194 799;B01;1;7;0;2;4;1;1;
5906;202100003891;194 800;C01;1;7;0;2;1;1;1;
5907;202100003892;194 797;A01;1;7;0;1;1;1;1;
5908;202100003893;194 795;A01;2;7;0;2;3;13;1;
5909;202100003893;194 796;B01;1;2;0;2;1;1;1;
5910;202100003894;194 793;A01;2;7;0;2;3;13;1;
5911;202100003894;194 794;B01;1;7;0;2;8;1;1;
5912;202100003895;194 791;B01;2;7;0;2;1;1;1;
5913;202100003895;194 792;A01;2;20;0;0;7;19;1;
5914;202100003896;194 789;A01;2;2;0;2;3;13;1;
5915;202100003896;194 790;B01;1;7;0;2;3;1;2;
5916;202100003898;194 787;A01;1;50;0;1;1;1;3;
5917;202100003899;194 786;A01;1;10;0;1;2;1;1;
5918;202100003900;194 784;A01;2;7;0;2;1;13;1;
5919;202100003900;194 785;B01;1;7;0;2;1;1;1;
5920;202100003901;194 783;A01;0;7;0;1;2;1;1;
5921;202100003902;194 781;B01;1;15;0;2;2;23;1;
5922;202100003902;194 782;A01;2;2;1;2;1;5;3;
5923;202100003903;194 780;A01;1;14;1;0;1;1;1;
5924;202100003904;194 777;A01;2;33;0;0;0;0;1;
5925;202100003904;194 778;C01;2;7;0;2;7;1;1;
5926;202100003904;194 779;B01;2;10;0;2;2;1;1;
5927;202100003905;194 772;A01;1;7;0;2;4;1;1;
5928;202100003905;194 773;B01;1;7;0;2;4;1;1;
5929;202100003905;194 774;C01;1;7;0;2;4;1;1;
5930;202100003905;194 775;D01;1;7;0;2;1;1;1;
5931;202100003905;194 776;E01;1;7;0;2;1;1;1;
5932;202100003906;194 771;A01;3;38;13;0;3;1;1;5.0
5933;202100003907;194 770;A01;3;2;13;0;0;0;1;
5934;202100003908;194 769;A01;1;31;0;1;1;17;1;
5935;202100003909;194 768;A01;1;7;1;0;1;0;1;
5936;202100003910;194 767;A01;2;10;0;1;2;14;1;
5937;202100003912;194 763;B01;1;7;0;0;4;23;1;
5938;202100003912;194 764;A01;1;2;0;2;1;2;1;
5939;202100003913;194 761;B01;2;7;0;0;2;15;1;
5940;202100003913;194 762;A01;1;33;0;0;1;1;1;
5941;202100003914;194 759;B01;1;15;0;2;3;1;1;
5942;202100003914;194 760;A01;1;7;4;2;1;2;1;
5943;202100003915;194 757;B01;2;7;0;2;3;1;1;
5944;202100003915;194 758;A01;1;7;0;2;6;1;1;
5945;202100003916;194 755;A01;1;7;4;0;1;17;1;
5946;202100003916;194 756;B01;1;10;14;0;1;1;1;
5947;202100003917;194 754;A01;3;7;15;0;2;14;1;
5948;202100003918;194 752;B01;2;10;0;2;8;1;1;
5949;202100003918;194 753;A01;1;7;0;2;8;13;1;
5950;202100003919;194 750;A01;2;7;0;0;4;23;1;
5951;202100003919;194 751;B01;2;15;0;0;1;2;1;
5952;202100003920;194 748;A01;2;7;0;9;3;10;1;
5953;202100003920;194 749;B01;2;1;0;2;1;0;5;
5954;202100003921;194 747;A01;1;7;0;1;2;1;1;
5955;202100003922;194 745;B01;1;7;0;0;1;1;1;
5956;202100003922;194 746;A01;0;10;0;0;7;1;1;
5957;202100003923;194 743;B01;2;33;0;2;1;1;1;
5958;202100003923;194 744;A01;3;33;0;2;3;9;1;
5959;202100003924;194 739;C01;1;7;0;2;4;1;1;
5960;202100003924;194 740;B01;1;7;0;2;4;1;1;
5961;202100003924;194 741;A01;1;7;0;2;1;2;1;
5962;202100003925;194 738;A01;1;7;4;0;1;2;1;
5963;202100003926;194 736;B01;2;7;0;2;4;1;1;
5964;202100003926;194 737;A01;2;33;0;2;1;3;1;
5965;202100003927;194 733;C01;2;10;0;2;4;2;1;
5966;202100003927;194 734;B01;2;33;0;2;3;3;1;
5967;202100003927;194 735;A01;2;7;0;2;2;12;1;
5968;202100003928;194 728;F01;1;7;0;1;1;2;1;
5969;202100003928;194 729;E01;1;7;1;0;1;2;1;
5970;202100003928;194 730;D01;1;7;1;0;1;2;1;
5971;202100003928;194 731;C01;1;7;1;0;1;2;1;
5972;202100003928;194 732;B01;1;10;0;1;2;2;1;
5973;202100003929;194 726;A01;2;33;0;2;1;1;1;
5974;202100003929;194 727;B01;2;7;0;2;4;1;1;
5975;202100003930;194 724;A01;1;7;0;2;1;2;1;
5976;202100003930;194 725;B01;1;7;0;2;4;2;1;
5977;202100003931;194 721;A01;1;17;0;2;8;2;1;
5978;202100003931;194 722;Z01;1;17;0;2;1;0;0;
5979;202100003931;194 723;B01;1;7;0;2;4;2;1;
5980;202100003932;194 718;A01;2;7;0;2;1;1;1;
5981;202100003932;194 719;B01;2;7;0;2;4;2;1;
5982;202100003932;194 720;C01;2;7;0;2;4;2;1;
5983;202100003933;194 716;B01;2;10;0;2;5;2;0;
5984;202100003933;194 717;A01;2;43;0;2;1;2;0;
5985;202100003936;194 710;A01;2;7;0;2;0;11;1;
5986;202100003936;194 711;B01;2;7;4;2;0;1;1;
5987;202100003937;194 708;B01;2;7;0;2;4;1;1;
5988;202100003937;194 709;A01;2;7;0;2;1;1;1;
5989;202100003938;194 706;B01;1;7;0;2;1;2;1;
5990;202100003938;194 707;A01;1;7;0;2;1;2;1;
5991;202100003939;194 705;A01;1;33;3;0;1;0;1;
5992;202100003940;194 703;A01;2;7;0;2;1;2;1;
5993;202100003940;194 704;B01;2;7;0;2;4;2;1;
5994;202100003941;194 701;B01;1;43;0;2;1;3;1;
5995;202100003941;194 702;A01;1;7;0;2;4;12;1;
5996;202100003942;194 699;B01;1;32;1;2;3;3;1;
5997;202100003942;194 700;A01;1;7;4;0;2;0;1;
5998;202100003943;194 698;A01;2;3;3;2;2;14;1;
5999;202100003944;194 696;B01;1;7;0;2;4;2;1;
6000;202100003944;194 697;A01;1;7;0;2;1;2;1;
6001;202100003945;194 693;A01;2;15;0;2;1;2;1;
6002;202100003946;194 691;B01;2;15;1;0;2;1;1;
6003;202100003946;194 692;A01;2;15;0;2;6;24;1;
6004;202100003947;194 689;A01;1;7;0;2;3;18;1;
6005;202100003947;194 690;B01;1;7;6;2;5;1;1;
6006;202100003948;194 688;A01;2;7;2;0;1;1;1;
6007;202100003949;194 687;A01;1;7;0;1;2;1;1;
6008;202100003950;194 686;A01;0;33;0;1;1;3;1;
6009;202100003951;194 685;A01;3;2;0;2;1;21;1;
6010;202100003952;194 684;A01;3;37;0;1;2;20;1;1.0
6011;202100003953;194 683;A01;1;7;6;0;1;13;1;
6012;202100003955;194 679;B01;2;13;0;2;3;26;1;
6013;202100003955;194 680;A01;2;7;0;2;1;13;1;
6014;202100003956;194 677;B01;2;1;0;2;8;1;5;
6015;202100003956;194 678;A01;2;14;0;2;2;16;1;
6016;202100003957;194 675;B01;1;14;0;2;4;2;1;
6017;202100003957;194 676;A01;1;7;0;2;1;2;1;
6018;202100003958;194 674;A01;1;7;0;1;7;21;1;
6019;202100003959;194 672;A01;1;7;0;2;1;1;1;
6020;202100003959;194 673;B01;2;7;0;2;7;1;1;
6021;202100003960;194 668;A01;3;7;1;0;1;13;1;
6022;202100003960;194 669;B01;1;7;0;2;6;24;1;
6023;202100003960;194 670;C01;3;7;1;2;8;24;1;
6024;202100003960;194 671;D01;2;7;1;2;8;24;1;
6025;202100003961;194 667;A01;1;30;0;1;0;1;1;
6026;202100003962;194 665;B01;2;40;0;2;1;1;3;
6027;202100003962;194 666;A01;3;7;0;4;7;26;2;
6028;202100003963;194 663;B01;2;1;0;2;2;1;5;
6029;202100003963;194 664;A01;1;10;0;2;1;9;1;
6030;202100003964;194 661;B01;3;7;0;2;8;15;1;
6031;202100003964;194 662;A01;3;10;0;2;3;21;1;
6032;202100003966;194 658;A01;3;30;0;0;0;1;1;
6033;202100003968;194 654;A01;1;1;0;2;1;2;0;
6034;202100003968;194 655;B01;2;7;0;2;2;15;1;
6035;202100003969;194 652;A01;1;7;0;2;3;15;1;
6036;202100003969;194 653;B01;1;32;0;2;1;1;1;
6037;202100003971;194 650;A01;3;7;6;0;7;1;1;
6038;202100003973;194 648;A01;1;10;0;1;1;15;0;
6039;202100003975;194 644;B01;3;1;0;2;1;1;5;
6040;202100003975;194 645;A01;3;7;0;2;3;9;1;
6041;202100003976;194 642;A01;1;7;0;2;3;26;1;
6042;202100003976;194 643;B01;1;10;0;2;5;26;3;
6043;202100003977;194 641;A01;1;7;0;1;1;9;1;
6044;202100003978;194 640;A01;3;10;0;2;1;9;1;
6045;202100003979;194 639;A01;3;7;0;1;1;26;1;
6046;202100003980;194 637;A01;3;7;0;2;1;1;1;
6047;202100003980;194 638;B01;3;80;0;2;1;1;3;
6048;202100003981;194 635;B01;3;7;0;2;4;1;1;
6049;202100003981;194 636;A01;3;2;0;2;1;1;1;
6050;202100003982;194 633;B01;1;33;0;2;2;1;1;
6051;202100003982;194 634;A01;1;7;0;2;6;11;1;
6052;202100003983;194 631;B01;3;1;0;2;0;0;0;
6053;202100003983;194 632;A01;0;7;0;2;3;15;2;
6054;202100003984;194 630;A01;2;7;0;1;1;15;1;
6055;202100003985;194 627;C01;2;7;0;2;6;23;1;
6056;202100003985;194 628;B01;2;7;0;2;7;15;1;
6057;202100003985;194 629;A01;1;7;0;2;1;1;1;
6058;202100003986;194 626;A01;1;7;7;0;4;1;1;
6059;202100003988;194 621;B01;2;7;0;2;2;21;1;
6060;202100003988;194 622;A01;1;7;0;2;2;5;1;
6061;202100003989;194 618;B01;3;7;0;2;2;0;1;
6062;202100003989;194 619;A01;0;0;0;2;0;1;0;
6063;202100003990;194 616;B01;1;7;0;2;4;2;1;
6064;202100003990;194 617;A01;2;10;0;2;1;2;1;
6065;202100003991;194 614;B01;2;7;0;2;3;1;1;
6066;202100003991;194 615;A01;2;2;0;2;1;1;1;
6067;202100003992;194 612;A01;1;7;0;5;1;1;1;
6068;202100003992;194 613;B01;1;7;0;5;1;1;1;
6069;202100003993;194 611;A01;-1;7;0;1;0;1;-1;
6070;202100003994;194 609;B01;0;1;0;2;1;1;5;
6071;202100003994;194 610;A01;0;7;0;2;3;15;1;
6072;202100003995;194 608;A01;0;7;0;1;0;1;1;
6073;202100003996;194 606;A01;0;7;0;2;3;15;1;
6074;202100003996;194 607;B01;0;7;0;2;7;1;1;
6075;202100003997;194 604;B01;0;7;0;2;1;1;1;
6076;202100003997;194 605;A01;0;30;0;2;1;1;1;
6077;202100003998;194 602;A01;2;7;0;2;5;21;1;
6078;202100003998;194 603;B01;1;7;0;0;0;1;1;
6079;202100003999;194 598;B01;1;1;0;2;0;1;-1;
6080;202100003999;194 599;A01;1;7;0;2;0;22;0;
6081;202100004000;194 596;A01;2;32;0;2;1;1;0;
6082;202100004000;194 597;B01;3;1;0;2;7;1;0;
6083;202100004001;194 588;A01;3;7;0;2;3;15;1;
6084;202100004001;194 589;B01;3;50;0;2;1;1;3;
6085;202100004002;194 586;B01;1;7;0;2;4;2;1;
6086;202100004002;194 587;A01;1;10;0;2;1;2;1;
6087;202100004003;194 585;A01;0;7;8;0;0;0;1;
6088;202100004004;194 584;A01;3;7;2;0;1;14;1;
6089;202100004006;194 582;A01;3;7;0;1;3;1;1;
6090;202100004007;194 579;C01;1;7;0;2;4;1;1;
6091;202100004007;194 580;B01;1;7;0;2;4;1;1;
6092;202100004007;194 581;A01;1;37;0;2;1;1;1;1.0
6093;202100004008;194 577;B01;2;1;0;2;3;19;0;
6094;202100004008;194 578;A01;2;10;0;9;3;15;1;
6095;202100004009;194 575;B01;2;7;1;2;7;15;1;
6096;202100004009;194 576;Z01;1;7;1;2;1;1;1;
6097;202100004010;194 573;B01;2;7;0;2;3;1;1;
6098;202100004010;194 574;A01;1;3;0;2;1;13;1;
6099;202100004011;194 571;B01;2;7;0;2;5;16;1;
6100;202100004011;194 572;A01;1;1;0;2;1;19;5;
6101;202100004012;194 568;C01;1;7;0;2;4;2;1;
6102;202100004012;194 569;B01;1;7;0;2;4;2;1;
6103;202100004012;194 570;A01;1;10;0;2;1;2;1;
6104;202100004013;194 566;A01;1;7;0;2;3;13;1;
6105;202100004013;194 567;B01;2;7;0;2;6;1;1;
6106;202100004014;194 564;A01;3;7;0;2;2;19;1;
6107;202100004014;194 565;B01;3;7;0;2;1;21;1;
6108;202100004015;194 562;B01;2;7;0;2;4;2;1;
6109;202100004015;194 563;A01;2;30;0;2;1;2;1;
6110;202100004016;194 559;A01;3;7;0;2;1;2;1;
6111;202100004016;194 560;B01;3;7;0;2;9;2;1;
6112;202100004016;194 561;C01;3;7;0;2;4;2;1;
6113;202100004017;194 557;A01;3;7;0;2;1;2;1;
6114;202100004017;194 558;B01;3;7;0;2;4;2;1;
6115;202100004018;194 556;A01;2;36;1;0;1;14;1;
6116;202100004020;194 552;Y01;1;1;0;2;4;1;5;
6117;202100004020;194 553;A01;1;7;0;2;1;2;1;
6118;202100004021;194 550;A01;1;37;0;2;2;17;6;1.0
6119;202100004021;194 551;B01;1;1;16;2;0;0;5;
6120;202100004022;194 549;A01;2;7;3;0;4;1;1;
6121;202100004023;194 548;A01;3;7;8;0;0;1;1;
6122;202100004024;194 547;A01;3;7;0;1;1;15;1;
6123;202100004026;194 544;B01;1;7;0;9;1;1;1;
6124;202100004026;194 545;A01;1;30;0;2;1;9;1;
6125;202100004027;194 542;B01;1;1;0;2;8;0;0;
6126;202100004027;194 543;Z01;1;10;0;9;7;2;0;
6127;202100004028;194 540;B01;2;30;0;2;7;1;1;
6128;202100004028;194 541;Z01;1;7;0;2;1;9;1;
6129;202100004029;194 538;B01;1;7;0;1;0;1;1;
6130;202100004029;194 539;A01;1;10;0;2;1;2;1;
6131;202100004030;194 536;Z01;3;7;0;2;2;2;0;
6132;202100004030;194 537;B01;3;50;0;2;4;1;3;
6133;202100004032;194 533;B01;2;30;0;2;3;18;1;
6134;202100004032;194 534;A01;2;7;0;2;7;14;1;
6135;202100004033;194 531;B01;1;1;0;2;8;1;5;
6136;202100004033;194 532;A01;1;7;0;9;2;16;1;
6137;202100004034;194 530;A01;1;7;0;1;2;15;1;
6138;202100004035;194 529;A01;2;7;0;1;3;1;1;
6139;202100004036;194 527;A01;1;7;0;2;2;15;1;
6140;202100004036;194 528;B01;1;7;0;2;7;1;1;
6141;202100004037;194 526;A01;1;7;9;0;2;1;1;
6142;202100004038;194 523;B01;1;31;0;2;1;0;1;
6143;202100004038;194 524;A01;2;7;0;2;1;15;1;
6144;202100004041;194 520;A01;1;80;0;0;5;26;3;
6145;202100004043;194 517;A01;1;7;0;1;1;26;1;
6146;202100004044;194 516;A01;1;1;0;0;0;26;5;
6147;202100004045;194 514;B01;1;2;0;2;1;1;1;
6148;202100004045;194 515;A01;1;10;0;2;6;26;1;
6149;202100004046;194 512;B01;1;30;0;2;1;26;1;
6150;202100004046;194 513;A01;1;7;0;2;1;26;1;
6151;202100004047;194 510;A01;1;50;0;2;2;26;3;
6152;202100004047;194 511;B01;1;7;0;2;3;26;1;
6153;202100004048;194 509;A01;1;7;0;0;1;26;1;
6154;202100004049;194 508;A01;3;7;0;1;2;16;1;
6155;202100004050;194 507;B01;0;0;0;1;0;0;0;
6156;202100004051;194 506;A01;1;37;0;1;3;15;1;1.0
6157;202100004052;194 504;A01;2;30;0;2;1;2;1;
6158;202100004052;194 505;B01;2;7;0;2;6;2;1;
6159;202100004053;194 500;A01;1;7;0;9;3;25;1;
6160;202100004053;194 501;B01;2;50;0;2;1;25;3;
6161;202100004054;194 499;A01;2;7;0;1;1;1;1;
6162;202100004055;194 498;A01;1;1;8;0;0;16;5;
6163;202100004056;194 497;A01;2;7;3;0;2;14;1;
6164;202100004057;194 495;B01;2;7;0;2;1;1;1;
6165;202100004057;194 496;A01;1;32;0;2;8;1;1;