;Num_Acc;id_vehicule;num_veh;senc;catv;obs;obsm;choc;manv;motor;occutc
6166;202100004058;194 494;A01;0;10;0;1;0;1;1;
6167;202100004059;194 492;A01;2;7;0;2;1;1;1;
6168;202100004059;194 493;B01;2;7;0;2;4;1;1;
6169;202100004060;194 491;A01;1;7;0;1;3;9;1;
6170;202100004061;194 489;A01;2;7;0;2;1;1;1;
6171;202100004061;194 490;B01;2;50;0;2;0;1;3;
6172;202100004062;194 487;A01;2;7;8;4;8;1;1;
6173;202100004062;194 488;B01;3;40;0;2;1;1;3;
6174;202100004063;194 486;A01;3;7;0;1;1;2;1;
6175;202100004064;194 484;A01;1;7;0;2;1;2;1;
6176;202100004064;194 485;B01;1;7;0;2;4;23;1;
6177;202100004065;194 483;A01;2;7;0;1;1;1;1;
6178;202100004066;194 480;C01;1;7;0;2;5;2;1;
6179;202100004066;194 481;A01;1;7;0;2;1;2;1;
6180;202100004066;194 482;B01;1;7;0;2;1;2;1;
6181;202100004067;194 478;B01;3;30;0;2;1;1;1;
6182;202100004067;194 479;A01;3;7;0;2;1;15;1;
6183;202100004068;194 477;A01;2;7;0;1;1;1;1;
6184;202100004069;194 476;A01;-1;7;15;0;1;9;1;
6185;202100004070;194 473;C01;1;7;0;2;1;1;1;
6186;202100004070;194 474;B01;2;7;0;2;0;1;1;
6187;202100004070;194 475;A01;1;7;0;2;1;15;1;
6188;202100004071;194 471;B01;0;7;0;2;7;1;1;
6189;202100004071;194 472;A01;0;7;0;2;3;9;1;
6190;202100004072;194 469;B01;1;7;0;0;3;0;0;
6191;202100004072;194 470;A01;2;7;0;2;3;15;0;
6192;202100004073;194 468;A01;3;7;0;1;1;1;1;
6193;202100004074;194 462;A01;0;7;13;0;1;1;1;
6194;202100004075;194 460;B01;1;7;0;2;8;1;1;
6195;202100004075;194 461;A01;2;7;0;2;3;13;1;
6196;202100004076;194 457;B01;2;7;0;2;4;23;1;
6197;202100004076;194 458;A01;2;7;0;2;1;0;1;
6198;202100004076;194 459;C01;1;7;0;0;0;0;0;
6199;202100004077;194 456;A01;1;7;4;0;2;1;1;
6200;202100004078;194 455;A01;1;7;1;0;6;20;1;
6201;202100004079;194 453;B01;2;1;0;2;7;19;5;
6202;202100004079;194 454;A01;1;10;0;2;1;1;1;
6203;202100004080;194 449;D01;1;7;0;2;4;2;1;
6204;202100004080;194 450;C01;1;7;0;2;4;2;1;
6205;202100004080;194 451;B01;1;7;0;2;4;2;1;
6206;202100004080;194 452;A01;1;7;0;2;1;2;1;
6207;202100004081;194 448;A01;1;7;0;1;1;11;1;
6208;202100004082;194 447;A01;1;7;8;0;7;26;1;
6209;202100004085;194 442;B01;3;7;0;2;8;15;1;
6210;202100004085;194 443;A01;3;7;0;2;1;1;1;
6211;202100004086;194 440;A01;1;7;0;2;1;9;1;
6212;202100004086;194 441;B01;1;7;0;2;5;2;3;
6213;202100004087;194 439;A01;0;7;0;1;1;26;1;
6214;202100004088;194 435;B01;3;7;0;2;1;19;1;
6215;202100004088;194 436;A01;3;7;0;2;7;1;1;
6216;202100004088;194 437;C01;3;7;0;2;6;23;1;
6217;202100004088;194 438;D01;3;7;0;2;2;23;1;
6218;202100004089;194 433;A01;3;7;0;2;1;11;1;
6219;202100004089;194 434;B01;3;7;0;2;3;1;1;
6220;202100004090;194 429;A01;2;31;0;2;9;17;1;
6221;202100004090;194 430;D01;2;7;0;2;3;0;1;
6222;202100004090;194 431;C01;1;7;0;2;3;5;1;
6223;202100004090;194 432;B01;1;7;0;2;1;5;1;
6224;202100004092;194 426;A01;3;30;0;2;1;2;1;
6225;202100004092;194 427;B01;3;7;0;2;0;0;1;
6226;202100004093;194 424;A01;1;7;0;2;1;9;1;
6227;202100004093;194 425;B01;3;7;0;2;5;9;1;
6228;202100004094;194 422;B01;3;80;0;2;1;1;3;
6229;202100004094;194 423;A01;3;10;0;2;4;4;1;
6230;202100004095;194 420;B01;3;7;0;2;3;15;1;
6231;202100004095;194 421;A01;3;32;0;2;2;1;1;
6232;202100004096;194 418;B01;2;33;0;2;1;21;1;
6233;202100004096;194 419;A01;2;10;0;2;5;1;1;
6234;202100004097;194 416;B01;2;33;0;2;4;1;1;
6235;202100004097;194 417;A01;1;7;0;2;1;26;0;
6236;202100004098;194 415;A01;3;7;0;1;3;1;1;
6237;202100004099;194 413;B01;2;7;0;2;4;23;1;
6238;202100004099;194 414;A01;2;10;0;2;1;2;1;
6239;202100004100;194 411;B01;2;50;0;2;2;1;3;
6240;202100004100;194 412;A01;1;7;0;0;0;0;1;
6241;202100004101;194 410;A01;2;7;0;1;1;1;1;
6242;202100004103;194 406;B01;1;7;0;2;1;1;1;
6243;202100004103;194 407;A01;2;7;9;2;8;9;1;
6244;202100004104;194 404;B01;2;7;0;2;3;1;1;
6245;202100004104;194 405;Z01;1;7;0;0;0;0;0;
6246;202100004105;194 402;A01;1;7;0;2;6;13;1;
6247;202100004105;194 403;B01;2;7;0;2;3;0;1;
6248;202100004106;194 400;B01;1;7;0;2;4;11;1;
6249;202100004106;194 401;A01;1;34;0;2;1;1;1;
6250;202100004108;194 394;A01;3;7;1;2;1;14;1;
6251;202100004108;194 395;B01;3;7;0;2;2;1;1;
6252;202100004109;194 393;A01;2;1;0;0;0;1;5;
6253;202100004110;194 392;A01;1;7;0;1;1;1;1;
6254;202100004111;194 390;A01;1;33;1;2;2;17;1;
6255;202100004111;194 391;B01;1;7;0;2;3;17;1;
6256;202100004112;194 389;A01;3;34;0;1;1;17;1;
6257;202100004113;194 388;A01;1;43;12;0;1;14;1;
6258;202100004114;194 386;B01;1;50;0;2;4;23;3;
6259;202100004114;194 387;A01;2;7;0;2;3;9;2;
6260;202100004115;194 384;B01;2;7;0;2;4;15;1;
6261;202100004115;194 385;A01;2;1;0;2;4;1;5;
6262;202100004116;194 383;A01;1;10;0;1;1;15;1;
6263;202100004117;194 381;B01;1;33;0;2;8;11;1;
6264;202100004117;194 382;A01;1;15;0;2;5;24;1;
6265;202100004118;194 380;A01;1;30;0;1;1;1;3;
6266;202100004119;194 379;A01;2;10;0;1;3;15;1;
6267;202100004121;194 375;A01;2;43;0;2;2;18;1;
6268;202100004121;194 376;B01;2;1;0;2;8;19;5;
6269;202100004122;194 373;B01;2;1;0;2;8;1;5;
6270;202100004122;194 374;A01;1;13;0;2;7;14;1;
6271;202100004123;194 371;A01;1;1;0;2;2;1;5;
6272;202100004123;194 372;B01;2;7;0;2;3;7;1;
6273;202100004124;194 369;B01;1;1;0;2;8;1;5;
6274;202100004124;194 370;A01;1;10;0;2;2;16;1;
6275;202100004127;194 363;A01;3;7;0;2;8;9;1;
6276;202100004127;194 364;B01;3;30;6;2;1;1;1;
6277;202100004128;194 362;A01;2;30;15;0;1;1;1;
6278;202100004129;194 360;A01;1;7;0;2;3;9;1;
6279;202100004129;194 361;B01;1;14;0;2;3;9;1;
6280;202100004130;194 358;B01;3;37;0;2;4;23;1;1.0
6281;202100004130;194 359;A01;3;7;0;2;1;1;1;
6282;202100004131;194 357;A01;0;99;0;1;3;2;0;
6283;202100004134;194 352;A01;1;7;14;0;3;14;0;
6284;202100004135;194 351;A01;2;7;0;1;1;15;1;
6285;202100004137;194 348;B01;1;2;8;2;1;1;1;
6286;202100004137;194 349;A01;1;7;0;2;7;16;1;
6287;202100004138;194 347;A01;1;10;0;1;7;19;1;
6288;202100004139;194 346;A01;3;1;0;1;0;14;6;
6289;202100004140;194 345;A01;1;7;5;0;9;1;1;
6290;202100004141;194 344;A01;1;14;0;0;0;1;1;
6291;202100004142;194 342;A01;2;2;0;2;1;17;1;
6292;202100004142;194 343;B01;2;7;0;2;6;15;1;
6293;202100004143;194 339;B01;2;10;0;2;1;1;1;
6294;202100004143;194 340;A01;1;7;0;2;2;15;1;
6295;202100004144;194 337;B01;2;10;0;2;3;1;1;
6296;202100004144;194 338;A01;1;38;0;2;1;11;1;1.0
6297;202100004145;194 335;B01;2;21;0;0;8;15;1;
6298;202100004145;194 336;A01;2;7;0;2;1;17;1;
6299;202100004146;194 333;B01;2;13;0;0;3;1;1;
6300;202100004146;194 334;A01;2;7;0;0;1;1;1;
6301;202100004147;194 331;A01;1;7;3;2;3;2;1;
6302;202100004147;194 332;B01;1;17;0;2;2;21;1;
6303;202100004149;194 329;A01;3;7;0;1;3;1;1;
6304;202100004150;194 326;A01;1;7;0;2;1;5;1;
6305;202100004150;194 327;B01;2;7;0;0;6;1;1;
6306;202100004150;194 328;C01;2;7;0;2;1;1;1;
6307;202100004151;194 324;B01;2;7;0;2;1;1;1;
6308;202100004151;194 325;A01;1;7;0;2;1;6;2;
6309;202100004152;194 322;B01;2;7;3;2;1;2;1;
6310;202100004152;194 323;A01;1;7;0;2;1;1;1;
6311;202100004153;194 321;A01;2;7;13;0;3;1;1;
6312;202100004154;194 320;A01;2;7;0;1;2;1;1;
6313;202100004155;194 318;B01;2;7;0;2;2;1;1;
6314;202100004155;194 319;A01;3;7;0;2;3;9;1;
6315;202100004157;194 316;A01;1;10;13;0;1;2;1;
6316;202100004158;194 315;A01;1;10;2;0;1;1;1;
6317;202100004160;194 312;A01;3;7;0;1;2;0;1;
6318;202100004161;194 311;A01;2;7;0;1;3;1;1;
6319;202100004163;194 308;A01;2;7;0;2;3;1;1;
6320;202100004163;194 309;B01;1;33;0;2;1;17;1;
6321;202100004165;194 306;A01;0;7;0;6;1;19;1;
6322;202100004166;194 305;A01;1;7;0;0;9;1;1;
6323;202100004167;194 303;B01;1;1;0;2;4;1;5;
6324;202100004167;194 304;A01;1;0;0;2;1;1;0;
6325;202100004169;194 300;B01;2;7;0;2;1;1;1;
6326;202100004169;194 301;A01;1;7;0;2;5;13;1;
6327;202100004170;194 299;A01;3;2;0;0;8;21;1;
6328;202100004171;194 298;A01;2;7;2;0;3;1;1;
6329;202100004172;194 296;A01;1;7;0;0;3;26;1;
6330;202100004172;194 297;B01;1;15;0;0;2;1;1;
6331;202100004173;194 294;A01;1;7;0;2;3;1;1;
6332;202100004173;194 295;B01;2;7;0;2;3;1;1;
6333;202100004174;194 292;A01;1;2;0;2;1;17;1;
6334;202100004174;194 293;B01;1;7;0;2;6;15;1;
6335;202100004175;194 290;A01;1;17;0;2;1;13;1;
6336;202100004175;194 291;B01;2;7;0;2;1;1;1;
6337;202100004177;194 286;A01;1;7;0;1;2;1;1;
6338;202100004178;194 285;A01;3;31;15;0;3;0;1;
6339;202100004179;194 284;A01;1;7;1;0;7;1;1;
6340;202100004180;194 283;A01;2;7;11;0;1;1;0;
6341;202100004182;194 280;B01;1;1;0;2;1;5;5;
6342;202100004182;194 281;A01;2;7;0;9;1;1;1;
6343;202100004183;194 278;B01;3;7;3;2;8;1;1;
6344;202100004183;194 279;A01;3;7;0;2;1;13;1;
6345;202100004184;194 277;A01;1;15;0;0;2;1;1;
6346;202100004185;194 275;B01;0;2;0;2;2;1;1;
6347;202100004185;194 276;A01;0;7;0;2;1;9;1;
6348;202100004186;194 273;A01;1;1;0;2;2;15;5;
6349;202100004186;194 274;B01;2;7;0;9;3;1;1;
6350;202100004188;194 270;B01;2;7;0;2;2;1;1;
6351;202100004188;194 271;A01;1;7;0;2;1;13;1;
6352;202100004189;194 268;B01;2;7;0;2;1;2;1;
6353;202100004189;194 269;A01;2;7;3;0;4;1;1;
6354;202100004190;194 265;A01;3;7;0;2;1;13;1;
6355;202100004190;194 266;B01;3;7;0;2;1;1;1;
6356;202100004191;194 264;A01;2;7;2;0;9;1;1;
6357;202100004192;194 262;A01;1;10;0;2;1;1;1;
6358;202100004192;194 263;B01;1;7;0;2;4;1;1;
6359;202100004193;194 260;B01;2;7;0;2;1;1;1;
6360;202100004193;194 261;A01;2;7;3;0;3;11;1;
6361;202100004194;194 257;A01;3;7;0;2;6;1;1;
6362;202100004194;194 258;B01;3;7;0;2;4;1;1;
6363;202100004194;194 259;C01;3;7;0;2;1;1;1;
6364;202100004195;194 254;C01;2;17;0;2;4;2;1;
6365;202100004195;194 255;B01;2;14;0;2;1;2;1;
6366;202100004195;194 256;A01;2;17;0;2;1;2;1;
6367;202100004196;194 253;A01;2;7;4;0;1;2;1;
6368;202100004198;194 251;A01;2;33;0;0;0;2;1;
6369;202100004199;194 249;A01;2;7;0;2;1;2;1;
6370;202100004199;194 250;B01;2;7;0;2;4;2;1;
6371;202100004200;194 247;A01;1;7;0;2;1;2;1;
6372;202100004200;194 248;B01;1;7;0;2;4;2;1;
6373;202100004202;194 242;B01;2;7;0;2;4;23;1;
6374;202100004202;194 243;C01;2;7;0;2;4;23;1;
6375;202100004202;194 244;A01;2;7;0;2;1;1;1;
6376;202100004203;194 239;B01;1;33;0;2;1;2;1;
6377;202100004203;194 240;C01;1;7;0;2;5;0;1;
6378;202100004203;194 241;A01;1;10;0;2;4;1;0;
6379;202100004205;194 235;A01;2;7;0;2;1;2;1;
6380;202100004205;194 236;B01;2;7;0;2;4;2;1;
6381;202100004206;194 234;A01;1;7;3;0;1;1;1;
6382;202100004207;194 233;A01;2;7;3;0;1;1;1;
6383;202100004208;194 230;C01;2;7;0;2;4;2;1;
6384;202100004208;194 231;B01;2;10;0;2;4;2;1;
6385;202100004208;194 232;A01;2;10;0;2;1;2;1;
6386;202100004209;194 228;A01;1;7;0;2;4;2;1;
6387;202100004209;194 229;B01;1;10;0;2;1;2;1;
6388;202100004210;194 226;A01;1;10;0;2;3;20;0;
6389;202100004210;194 227;B01;1;33;0;2;5;26;1;
6390;202100004211;194 224;A01;1;7;0;2;2;1;1;
6391;202100004212;194 223;Z01;1;33;0;1;0;1;0;
6392;202100004213;194 222;A01;3;7;0;1;1;1;1;
6393;202100004214;194 221;A01;1;7;0;1;3;1;1;
6394;202100004215;194 217;A01;2;7;0;2;1;9;1;
6395;202100004215;194 218;B01;1;30;0;2;1;21;1;
6396;202100004216;194 214;B01;1;1;0;2;0;0;5;
6397;202100004216;194 215;C01;1;7;0;2;8;0;1;
6398;202100004216;194 216;Z01;1;7;0;2;0;1;0;
6399;202100004217;194 212;B01;3;43;0;2;1;1;1;
6400;202100004217;194 213;A01;3;7;0;2;2;15;1;
6401;202100004218;194 211;A01;1;50;0;1;1;1;3;
6402;202100004219;194 209;B01;2;7;10;2;9;2;1;
6403;202100004219;194 210;A01;2;7;0;2;2;12;1;
6404;202100004220;194 207;B01;2;37;0;2;6;23;1;1.0
6405;202100004220;194 208;A01;2;7;0;2;2;2;1;
6406;202100004222;194 203;B01;1;7;0;2;8;1;1;
6407;202100004222;194 204;A01;1;34;0;2;1;17;1;
6408;202100004223;194 201;B01;2;2;0;2;1;1;1;
6409;202100004223;194 202;A01;1;10;0;2;2;15;1;
6410;202100004225;194 198;A01;1;7;0;1;2;1;1;
6411;202100004226;194 194;B01;0;7;0;2;1;1;1;
6412;202100004226;194 195;A01;0;80;0;2;2;26;3;
6413;202100004227;194 192;B01;0;7;0;2;4;1;1;
6414;202100004227;194 193;A01;0;7;0;2;1;1;1;
6415;202100004228;194 190;A01;0;7;0;1;5;15;1;
6416;202100004228;194 191;B01;0;2;0;2;1;1;1;
6417;202100004230;194 186;A01;1;7;0;2;1;19;1;
6418;202100004230;194 187;B01;1;50;0;2;7;1;3;
6419;202100004231;194 185;A01;2;7;0;1;7;1;1;
6420;202100004232;194 184;A01;0;7;0;1;1;1;1;
6421;202100004233;194 182;A01;0;7;0;2;1;6;1;
6422;202100004233;194 183;B01;0;7;0;2;2;1;1;
6423;202100004234;194 181;Z01;0;7;0;1;1;1;0;
6424;202100004235;194 180;A01;1;7;8;0;1;14;1;
6425;202100004236;194 178;A01;3;7;0;2;0;0;1;
6426;202100004236;194 179;B01;3;7;0;2;7;0;1;
6427;202100004237;194 176;B01;2;30;0;0;4;1;1;
6428;202100004237;194 177;A01;1;7;0;2;1;1;1;
6429;202100004239;194 172;B01;2;7;0;2;2;1;1;
6430;202100004239;194 173;A01;1;32;0;2;1;15;1;
6431;202100004240;194 171;A01;1;7;2;0;1;1;1;
6432;202100004241;194 170;A01;2;7;6;0;1;14;1;
6433;202100004242;194 169;A01;3;7;0;1;1;15;1;
6434;202100004243;194 168;A01;2;7;0;1;1;1;1;
6435;202100004244;194 167;A01;3;7;0;0;1;0;1;
6436;202100004245;194 165;A01;1;7;0;2;1;17;1;
6437;202100004245;194 166;B01;1;7;0;2;3;1;2;
6438;202100004247;194 161;B01;2;7;0;2;1;1;1;
6439;202100004247;194 162;A01;1;7;0;2;1;13;1;
6440;202100004248;194 160;A01;1;7;8;0;1;16;1;
6441;202100004249;194 158;A01;3;7;0;2;1;1;1;
6442;202100004249;194 159;B01;3;7;0;2;8;15;1;
6443;202100004250;194 156;A01;2;7;0;2;1;2;1;
6444;202100004250;194 157;B01;2;7;0;0;4;2;1;
6445;202100004251;194 155;A01;1;7;0;1;1;19;1;
6446;202100004252;194 153;A01;0;7;0;2;3;9;1;
6447;202100004252;194 154;B01;0;7;0;2;1;1;1;
6448;202100004253;194 152;A01;1;10;0;1;1;15;1;
6449;202100004254;194 150;A01;1;7;0;2;3;15;1;
6450;202100004254;194 151;B01;1;2;0;2;1;1;1;
6451;202100004255;194 148;B01;1;7;0;2;3;1;1;
6452;202100004255;194 149;A01;2;7;0;2;1;15;1;
6453;202100004256;194 146;B01;2;7;0;2;4;21;1;
6454;202100004256;194 147;A01;2;10;0;2;1;1;1;
6455;202100004257;194 143;A01;2;7;0;2;3;13;1;
6456;202100004257;194 144;B01;1;7;0;2;3;1;1;
6457;202100004257;194 145;C01;2;7;0;2;1;1;1;
6458;202100004258;194 142;A01;1;7;1;0;1;14;1;
6459;202100004259;194 140;A01;1;7;0;2;1;1;1;
6460;202100004259;194 141;B01;0;7;0;2;1;1;1;
6461;202100004260;194 138;A01;1;7;0;2;2;1;1;
6462;202100004260;194 139;B01;2;80;0;2;1;9;3;
6463;202100004261;194 137;A01;3;7;0;1;2;15;1;
6464;202100004262;194 136;A01;1;7;0;1;1;2;1;
6465;202100004263;194 135;A01;2;10;13;0;3;13;1;
6466;202100004265;194 132;B01;0;7;14;0;1;2;1;
6467;202100004265;194 133;A01;0;7;2;0;1;1;1;
6468;202100004266;194 131;A01;2;7;1;0;2;1;1;
6469;202100004267;194 129;A01;2;7;0;2;1;15;1;
6470;202100004267;194 130;B01;1;1;0;2;1;1;0;
6471;202100004268;194 128;A01;3;7;0;1;3;1;1;
6472;202100004269;194 127;A01;0;7;6;0;1;19;1;
6473;202100004270;194 122;B01;0;50;0;0;0;0;3;
6474;202100004270;194 123;A01;0;7;0;2;1;9;1;
6475;202100004272;194 120;A01;3;7;0;1;2;1;1;
6476;202100004273;194 118;A01;2;7;0;2;3;11;1;
6477;202100004273;194 119;B01;2;2;0;2;2;1;1;
6478;202100004274;194 117;A01;2;7;0;1;1;1;1;
6479;202100004275;194 116;A01;1;7;0;1;3;2;1;
6480;202100004277;194 113;A01;1;7;0;2;2;5;1;
6481;202100004277;194 114;B01;1;7;0;2;1;1;2;
6482;202100004278;194 111;B01;2;33;0;2;1;1;1;
6483;202100004278;194 112;A01;2;7;0;0;6;19;1;
6484;202100004279;194 109;B01;2;50;0;2;8;5;3;
6485;202100004279;194 110;A01;1;10;8;9;2;1;1;
6486;202100004280;194 108;Z01;3;3;0;1;0;15;0;
6487;202100004281;194 105;A01;2;30;0;2;7;1;1;
6488;202100004281;194 106;B01;1;7;0;2;2;15;1;
6489;202100004281;194 107;C01;1;7;0;2;1;23;1;
6490;202100004282;194 104;A01;1;7;0;1;3;0;1;
6491;202100004283;194 103;A01;1;7;13;0;1;1;1;
6492;202100004284;194 100;A01;1;7;11;2;1;1;1;
6493;202100004284;194 101;B01;1;7;0;2;4;1;1;
6494;202100004284;194 102;C01;1;10;0;2;4;1;4;
6495;202100004285;194 098;B01;2;33;0;2;4;23;1;
6496;202100004285;194 099;A01;2;14;0;2;1;1;1;
6497;202100004286;194 096;A01;1;30;0;2;4;13;3;
6498;202100004286;194 097;B01;1;7;0;2;1;1;1;
6499;202100004287;194 094;Z01;2;7;0;2;0;1;0;
6500;202100004287;194 095;A01;2;10;0;2;5;1;1;
6501;202100004288;194 093;A01;1;32;0;1;1;1;1;
6502;202100004289;194 091;Z01;2;50;0;1;0;1;3;
6503;202100004290;194 089;B01;1;7;0;2;0;23;1;
6504;202100004290;194 090;A01;2;33;0;2;1;5;1;
6505;202100004291;194 088;A01;1;7;11;0;1;1;2;
6506;202100004292;194 087;A01;1;1;0;0;0;21;5;
6507;202100004293;194 085;Z01;1;7;0;2;1;2;1;
6508;202100004293;194 086;A01;1;7;0;2;4;2;1;
6509;202100004294;194 083;B01;2;10;0;2;8;1;1;
6510;202100004294;194 084;A01;2;33;1;2;2;17;1;
6511;202100004295;194 081;A01;1;7;0;2;6;13;1;
6512;202100004295;194 082;B01;1;14;0;2;2;1;1;
6513;202100004296;194 079;A01;2;7;0;2;3;22;2;
6514;202100004296;194 080;B01;2;1;0;2;1;1;5;
6515;202100004297;194 077;A01;2;1;0;2;1;5;5;
6516;202100004297;194 078;B01;1;30;0;2;1;1;3;
6517;202100004298;194 076;A01;3;1;0;0;0;1;5;
6518;202100004299;194 074;B01;1;33;0;2;3;1;1;
6519;202100004299;194 075;A01;1;7;0;0;7;15;1;
6520;202100004300;194 073;A01;1;7;8;0;1;1;2;
6521;202100004301;194 072;A01;2;7;0;1;1;1;1;
6522;202100004303;194 065;B01;3;33;0;2;8;18;1;
6523;202100004303;194 066;A01;3;7;0;2;2;20;1;
6524;202100004304;194 063;B01;1;33;12;2;7;15;1;
6525;202100004304;194 064;A01;2;7;12;2;1;1;1;
6526;202100004307;194 056;A01;-1;10;0;1;2;1;1;
6527;202100004308;194 054;A01;3;7;0;2;8;11;1;
6528;202100004308;194 055;B01;0;7;0;2;2;0;1;
6529;202100004309;194 053;A01;1;7;1;1;1;17;1;
6530;202100004311;194 048;B01;3;99;0;2;1;5;3;
6531;202100004311;194 049;A01;3;7;0;9;1;9;1;
6532;202100004312;194 047;A01;0;33;15;0;2;9;1;
6533;202100004313;194 046;A01;1;34;12;0;1;1;0;
6534;202100004314;194 045;A01;2;30;0;2;7;26;1;
6535;202100004315;194 043;A01;1;7;0;2;8;15;1;
6536;202100004315;194 044;B01;1;2;0;2;1;1;1;
6537;202100004316;194 042;A01;3;32;0;0;9;10;1;
6538;202100004317;194 041;A01;2;2;12;0;0;1;0;
6539;202100004318;194 039;A01;0;10;0;2;3;15;1;
6540;202100004318;194 040;B01;0;0;0;0;0;0;0;
6541;202100004320;194 036;A01;2;7;0;2;2;1;1;
6542;202100004320;194 037;B01;1;7;0;2;3;17;1;
6543;202100004321;194 034;A01;1;7;0;2;8;16;1;
6544;202100004321;194 035;B01;2;10;0;2;1;1;1;
6545;202100004322;194 032;B01;1;7;0;2;6;1;1;
6546;202100004322;194 033;A01;2;7;0;2;3;13;1;
6547;202100004323;194 031;A01;2;7;2;0;7;15;1;
6548;202100004325;194 028;A01;1;7;0;2;2;15;1;
6549;202100004325;194 029;B01;2;7;0;0;1;1;1;
6550;202100004326;194 026;A01;2;7;0;2;2;2;1;
6551;202100004326;194 027;B01;2;30;0;0;4;2;1;
6552;202100004327;194 024;A01;3;50;10;0;2;1;3;
6553;202100004328;194 023;A01;2;7;8;0;3;1;1;
6554;202100004329;194 020;A01;1;7;0;0;6;15;1;
6555;202100004329;194 021;B01;1;10;0;2;1;21;1;
6556;202100004329;194 022;C01;2;7;0;2;8;1;1;
6557;202100004330;194 018;A01;1;33;0;2;4;1;1;
6558;202100004330;194 019;B01;1;7;0;2;1;1;3;
6559;202100004331;194 016;A01;2;10;0;2;1;13;1;
6560;202100004331;194 017;B01;1;7;0;2;1;1;1;
6561;202100004332;194 014;A01;1;7;0;2;4;1;1;
6562;202100004332;194 015;B01;2;13;0;2;1;1;1;
6563;202100004333;194 012;A01;1;7;0;2;1;19;1;
6564;202100004333;194 013;B01;1;1;0;2;3;1;5;
6565;202100004334;194 011;A01;0;1;0;0;0;1;0;
6566;202100004335;194 010;A01;3;7;13;0;1;1;1;
6567;202100004336;194 009;A01;1;7;0;1;3;1;1;
6568;202100004337;194 007;B01;2;2;0;2;1;1;1;
6569;202100004337;194 008;A01;1;10;0;2;7;9;1;
6570;202100004338;194 005;A01;2;7;0;2;6;1;1;
6571;202100004338;194 006;B01;3;17;0;2;2;9;1;
6572;202100004339;194 004;A01;3;7;0;1;3;15;1;
6573;202100004340;194 002;A01;1;7;0;2;3;13;1;
6574;202100004340;194 003;B01;2;33;0;2;1;1;1;
6575;202100004341;193 996;C01;2;7;0;2;1;1;2;
6576;202100004341;193 997;A01;2;7;0;0;4;1;1;
6577;202100004341;193 998;B01;2;7;0;2;1;1;1;
6578;202100004341;193 999;D01;2;7;0;0;4;1;1;
6579;202100004341;194 000;E01;2;7;0;0;4;1;1;
6580;202100004341;194 001;F01;2;7;0;2;1;1;0;
6581;202100004342;193 994;B01;1;7;0;0;4;2;1;
6582;202100004342;193 995;A01;1;7;0;2;1;2;1;
6583;202100004343;193 992;B01;2;7;0;0;4;23;1;
6584;202100004343;193 993;A01;1;10;1;0;2;14;1;
6585;202100004344;193 991;A01;1;33;14;0;0;17;1;
6586;202100004345;193 989;B01;2;7;0;2;1;1;1;
6587;202100004345;193 990;A01;1;7;0;2;1;13;1;
6588;202100004346;193 987;A01;1;14;0;2;1;13;1;
6589;202100004346;193 988;B01;2;7;0;2;1;1;1;
6590;202100004347;193 986;A01;2;2;14;0;1;1;1;
6591;202100004348;193 985;A01;3;7;14;0;3;19;1;
6592;202100004349;193 983;B01;1;7;0;2;1;5;3;
6593;202100004349;193 984;A01;2;10;0;2;1;1;1;
6594;202100004350;193 981;B01;2;7;0;0;6;2;1;
6595;202100004350;193 982;A01;2;2;0;2;1;2;0;
6596;202100004351;193 979;B01;3;7;0;0;0;15;1;
6597;202100004351;193 980;A01;3;1;0;0;7;1;5;
6598;202100004352;193 978;A01;1;7;0;1;1;1;1;
6599;202100004353;193 975;A01;3;7;0;2;3;13;2;
6600;202100004353;193 976;B01;3;7;0;2;3;1;2;
6601;202100004353;193 977;C01;3;7;0;2;3;1;1;
6602;202100004354;193 974;A01;1;7;2;0;1;2;1;
6603;202100004356;193 970;A01;3;7;0;1;3;15;1;
6604;202100004357;193 968;B01;1;7;0;2;3;9;1;
6605;202100004357;193 969;A01;1;2;0;2;1;1;1;
6606;202100004358;193 967;A01;1;10;0;1;2;1;1;
6607;202100004359;193 966;A01;0;7;13;0;3;13;1;
6608;202100004360;193 965;A01;1;7;0;1;3;1;3;
6609;202100004361;193 964;A01;1;7;0;1;8;26;0;
6610;202100004362;193 962;A01;2;7;0;2;1;1;1;
6611;202100004362;193 963;B01;2;21;0;0;6;1;1;
6612;202100004363;193 958;D01;2;10;0;2;1;1;1;
6613;202100004363;193 959;C01;2;10;0;2;4;1;1;
6614;202100004363;193 960;B01;2;7;0;2;7;1;1;
6615;202100004363;193 961;A01;2;7;0;2;4;0;1;
6616;202100004364;193 956;B01;1;7;0;2;3;0;1;
6617;202100004364;193 957;A01;1;15;0;2;2;0;1;
6618;202100004365;193 954;B01;1;14;0;2;1;1;1;
6619;202100004365;193 955;A01;1;10;0;0;4;1;1;
6620;202100004366;193 953;A01;2;7;3;2;6;1;1;
6621;202100004367;193 951;A01;2;7;0;2;8;1;1;
6622;202100004367;193 952;B01;2;7;0;2;3;11;-1;
6623;202100004368;193 950;A01;2;7;4;0;8;2;1;
6624;202100004369;193 949;A01;1;7;3;0;1;2;1;
6625;202100004370;193 947;B01;1;7;0;2;4;1;1;
6626;202100004370;193 948;A01;1;7;0;2;1;1;2;
6627;202100004372;193 944;B01;2;32;0;0;7;1;1;
6628;202100004372;193 945;A01;1;7;0;0;0;12;1;
6629;202100004373;193 942;A01;1;7;0;2;0;12;1;
6630;202100004373;193 943;B01;1;33;0;2;0;1;1;
6631;202100004374;193 940;B01;1;7;0;2;6;1;1;
6632;202100004374;193 941;A01;1;7;0;2;2;12;1;
6633;202100004375;193 938;A01;2;7;0;2;8;11;1;
6634;202100004375;193 939;B01;2;31;0;2;7;1;1;
6635;202100004376;193 934;A01;1;7;0;2;1;2;1;
6636;202100004376;193 935;B01;1;14;0;2;1;2;1;
6637;202100004376;193 936;C01;1;14;0;2;1;2;1;
6638;202100004376;193 937;D01;1;14;0;2;4;2;1;