;Num_Acc;id_vehicule;num_veh;senc;catv;obs;obsm;choc;manv;motor;occutc
6639;202100004377;193 933;A01;2;7;4;0;9;13;1;
6640;202100004378;193 932;A01;2;10;3;0;2;1;1;
6641;202100004379;193 931;A01;2;14;0;1;0;0;0;
6642;202100004380;193 929;B01;1;33;0;2;5;1;1;
6643;202100004380;193 930;A01;1;7;0;2;3;11;1;
6644;202100004381;193 927;B01;2;14;0;2;6;2;1;
6645;202100004381;193 928;A01;2;32;0;2;2;21;1;
6646;202100004382;193 924;A01;1;7;0;2;1;2;1;
6647;202100004382;193 925;B01;1;7;0;2;4;2;1;
6648;202100004382;193 926;C01;1;7;0;2;4;2;1;
6649;202100004383;193 922;A01;2;7;0;2;5;12;1;
6650;202100004383;193 923;B01;2;33;0;2;1;1;1;
6651;202100004384;193 919;A01;2;7;0;2;8;11;1;
6652;202100004384;193 920;C01;2;7;0;2;5;1;1;
6653;202100004384;193 921;B01;2;33;0;2;7;3;1;
6654;202100004385;193 917;A01;2;13;0;2;2;12;1;
6655;202100004385;193 918;B01;2;7;0;2;8;1;1;
6656;202100004387;193 913;A01;2;33;0;2;1;3;1;
6657;202100004387;193 914;B01;2;7;0;2;8;11;1;
6658;202100004388;193 911;A01;2;10;0;2;1;12;1;
6659;202100004388;193 912;B01;2;7;0;2;4;1;1;
6660;202100004389;193 909;B01;1;7;0;2;4;1;1;
6661;202100004389;193 910;A01;1;10;0;2;1;1;1;
6662;202100004390;193 906;A01;2;7;0;2;2;12;1;
6663;202100004390;193 907;B01;2;7;0;2;3;1;1;
6664;202100004390;193 908;C01;2;17;0;2;5;1;1;
6665;202100004391;193 905;A01;1;7;3;0;1;1;1;
6666;202100004392;193 904;A01;1;1;2;0;0;21;5;
6667;202100004393;193 901;A01;3;30;0;2;2;17;1;
6668;202100004393;193 902;B01;1;10;0;2;3;15;6;
6669;202100004394;193 900;A01;1;7;4;0;3;13;1;
6670;202100004396;193 897;A01;2;7;0;1;1;16;2;
6671;202100004397;193 895;A01;1;1;0;2;7;17;5;
6672;202100004397;193 896;B01;1;1;0;2;8;13;5;
6673;202100004398;193 894;A01;1;7;0;1;3;15;1;
6674;202100004399;193 893;A01;2;32;0;1;1;1;1;
6675;202100004400;193 892;Z01;1;7;0;1;1;16;0;
6676;202100004403;193 888;A01;1;30;0;1;1;1;3;
6677;202100004404;193 886;B01;1;7;0;2;4;23;1;
6678;202100004404;193 887;A01;1;7;0;2;1;2;1;
6679;202100004405;193 885;A01;1;10;0;1;1;15;1;
6680;202100004406;193 883;B01;1;1;0;2;1;1;5;
6681;202100004406;193 884;A01;1;7;0;2;8;22;1;
6682;202100004407;193 880;A01;2;7;0;2;6;2;2;
6683;202100004407;193 881;B01;2;32;0;2;1;2;1;
6684;202100004407;193 882;C01;2;32;0;2;1;2;3;
6685;202100004408;193 878;B01;1;7;0;2;3;1;1;
6686;202100004408;193 879;A01;2;30;0;2;1;1;1;
6687;202100004409;193 877;B01;1;50;1;2;2;1;3;
6688;202100004410;193 875;A01;3;7;0;2;1;15;1;
6689;202100004410;193 876;B01;3;33;0;2;1;1;1;
6690;202100004411;193 874;A01;1;7;0;1;1;15;1;
6691;202100004412;193 872;Z01;3;10;0;2;0;15;0;
6692;202100004412;193 873;A01;2;31;0;2;8;17;1;
6693;202100004413;193 871;A01;2;10;0;1;2;15;1;
6694;202100004414;193 869;B01;1;32;0;2;7;1;1;
6695;202100004414;193 870;A01;1;7;0;2;8;11;1;
6696;202100004415;193 868;A01;2;7;0;1;3;1;1;
6697;202100004416;193 867;A01;2;34;0;0;1;15;1;
6698;202100004417;193 866;A01;-1;3;0;1;2;15;1;
6699;202100004418;193 864;B01;1;7;0;2;3;15;1;
6700;202100004418;193 865;A01;1;2;0;2;2;17;1;
6701;202100004419;193 862;A01;3;7;0;2;2;19;0;
6702;202100004419;193 863;B01;0;32;0;2;0;0;1;
6703;202100004420;193 861;A01;1;7;0;1;2;26;1;
6704;202100004421;193 859;A01;3;7;0;2;7;26;6;
6705;202100004421;193 860;B01;2;60;9;1;1;25;5;
6706;202100004423;193 856;A01;1;7;0;2;1;2;1;
6707;202100004423;193 857;B01;1;7;0;2;0;0;1;
6708;202100004424;193 854;B01;2;10;0;1;0;1;1;
6709;202100004424;193 855;A01;2;10;0;1;1;1;1;
6710;202100004425;193 852;B01;2;7;0;2;2;1;1;
6711;202100004425;193 853;A01;2;7;0;2;3;26;1;
6712;202100004426;193 850;B01;1;14;0;2;3;1;1;
6713;202100004426;193 851;A01;1;7;0;2;1;1;1;
6714;202100004427;193 848;B01;1;50;0;2;1;1;3;
6715;202100004427;193 849;A01;1;7;0;2;3;16;1;
6716;202100004428;193 847;A01;2;30;0;1;0;21;3;
6717;202100004429;193 846;A01;1;3;0;1;4;4;1;
6718;202100004430;193 844;B01;2;30;1;2;4;0;1;
6719;202100004430;193 845;A01;2;7;1;2;4;0;1;
6720;202100004431;193 843;A01;1;2;4;0;2;1;1;
6721;202100004432;193 841;A01;2;7;0;2;3;1;1;
6722;202100004432;193 842;B01;1;7;0;2;3;1;1;
6723;202100004433;193 840;A01;1;7;4;0;2;13;1;
6724;202100004434;193 838;B01;2;10;0;2;1;1;1;
6725;202100004434;193 839;A01;2;20;0;2;2;10;1;
6726;202100004435;193 836;B01;1;7;0;0;4;1;3;
6727;202100004435;193 837;A01;1;7;0;2;1;1;1;
6728;202100004437;193 832;A01;2;7;0;2;8;0;2;
6729;202100004437;193 833;B01;1;7;0;2;8;5;1;
6730;202100004438;193 829;A01;1;7;0;2;4;1;1;
6731;202100004438;193 830;C01;1;7;0;2;1;2;1;
6732;202100004438;193 831;B01;1;10;0;2;4;2;1;
6733;202100004439;193 827;A01;2;7;0;2;3;13;1;
6734;202100004439;193 828;B01;1;7;0;2;3;1;1;
6735;202100004440;193 825;B01;3;2;0;2;1;1;1;
6736;202100004440;193 826;A01;3;7;0;2;2;15;1;
6737;202100004441;193 824;A01;1;7;13;0;1;1;0;
6738;202100004442;193 822;A01;2;7;0;2;3;16;1;
6739;202100004442;193 823;B01;2;1;0;2;1;16;5;
6740;202100004443;193 821;A01;1;10;2;0;2;1;1;
6741;202100004444;193 819;B01;2;7;0;2;8;0;1;
6742;202100004444;193 820;A01;1;7;0;2;8;11;1;
6743;202100004445;193 817;B01;1;7;0;2;3;15;1;
6744;202100004445;193 818;A01;1;2;0;2;1;17;1;
6745;202100004446;193 816;A01;3;36;2;0;1;1;1;
6746;202100004447;193 815;A01;2;33;0;0;0;1;1;
6747;202100004448;193 813;A01;1;31;0;2;3;13;1;
6748;202100004448;193 814;B01;2;7;0;2;3;9;1;
6749;202100004449;193 811;A01;1;33;0;2;1;1;1;
6750;202100004449;193 812;B01;1;10;0;2;6;1;1;
6751;202100004450;193 809;B01;2;7;0;2;1;1;1;
6752;202100004450;193 810;A01;1;7;0;2;2;15;1;
6753;202100004451;193 808;A01;1;7;13;0;7;1;1;
6754;202100004453;193 806;A01;3;7;13;0;1;13;1;
6755;202100004454;193 804;A01;1;7;0;2;1;23;1;
6756;202100004454;193 805;B01;2;7;0;2;1;1;1;
6757;202100004455;193 802;B01;2;7;0;2;1;1;1;
6758;202100004455;193 803;A01;1;17;3;2;1;6;1;
6759;202100004456;193 800;B01;1;10;0;2;8;1;1;
6760;202100004456;193 801;A01;1;7;0;2;2;12;1;
6761;202100004458;193 796;B01;0;1;0;2;1;1;5;
6762;202100004458;193 797;A01;0;7;0;0;3;2;1;
6763;202100004459;193 794;A01;1;33;0;2;1;17;1;
6764;202100004459;193 795;B01;1;10;0;0;8;15;1;
6765;202100004460;193 793;A01;1;33;2;0;8;1;0;
6766;202100004461;193 791;A01;2;7;0;2;3;13;1;
6767;202100004461;193 792;B01;1;7;0;2;3;1;1;
6768;202100004463;193 788;B01;1;7;0;2;3;1;1;
6769;202100004463;193 789;A01;2;7;0;2;1;17;1;
6770;202100004464;193 787;A01;1;33;0;0;9;1;1;
6771;202100004466;193 784;A01;1;7;2;0;8;1;1;
6772;202100004467;193 782;A01;1;7;0;2;1;5;1;
6773;202100004467;193 783;B01;2;37;0;2;1;1;1;1.0
6774;202100004468;193 781;A01;1;10;0;0;7;1;1;
6775;202100004469;193 780;A01;2;7;4;0;0;2;1;
6776;202100004470;193 778;A01;1;7;0;2;5;17;1;
6777;202100004470;193 779;B01;1;17;0;2;3;1;1;
6778;202100004471;193 777;A01;1;7;4;0;9;19;1;
6779;202100004472;193 774;A01;2;7;0;2;4;1;1;
6780;202100004472;193 775;B01;2;7;0;2;4;11;1;
6781;202100004472;193 776;C01;1;7;0;2;6;1;1;
6782;202100004473;193 772;A01;1;10;0;2;1;1;1;
6783;202100004473;193 773;B01;1;17;0;2;4;1;1;
6784;202100004474;193 771;A01;1;7;4;0;1;14;1;
6785;202100004475;193 769;B01;2;10;0;2;4;2;1;
6786;202100004475;193 770;A01;2;10;0;2;1;2;1;
6787;202100004476;193 766;A01;2;17;0;2;1;2;1;
6788;202100004476;193 767;C01;2;17;0;2;4;2;1;
6789;202100004476;193 768;B01;2;7;0;2;4;2;1;
6790;202100004477;193 765;A01;2;7;16;0;7;2;1;
6791;202100004478;193 763;Z01;2;15;0;0;0;0;0;
6792;202100004478;193 764;A01;2;7;0;2;1;2;1;
6793;202100004480;193 759;A01;1;7;0;2;1;2;1;
6794;202100004480;193 760;B01;1;7;0;2;4;0;1;
6795;202100004481;193 757;A01;2;31;0;2;0;3;1;
6796;202100004481;193 758;B01;2;7;0;2;6;1;1;
6797;202100004482;193 754;T01;1;7;12;0;0;0;1;
6798;202100004482;193 755;B01;1;7;12;0;5;0;1;
6799;202100004482;193 756;A01;1;7;12;0;3;18;1;
6800;202100004483;193 753;A01;2;33;0;0;1;3;1;
6801;202100004484;193 752;A01;1;7;4;0;1;1;1;
6802;202100004485;193 751;A01;1;7;3;0;1;1;1;
6803;202100004486;193 748;C01;2;7;1;0;4;23;1;
6804;202100004486;193 749;B01;2;7;1;2;4;23;1;
6805;202100004486;193 750;A01;2;7;1;2;1;1;1;
6806;202100004488;193 746;A01;2;10;4;0;2;1;1;
6807;202100004489;193 744;B01;1;7;3;2;1;1;1;
6808;202100004489;193 745;A01;1;10;3;2;7;18;1;
6809;202100004490;193 742;A01;1;7;0;2;4;1;2;
6810;202100004490;193 743;B01;1;7;0;2;1;2;1;
6811;202100004491;193 739;A01;2;33;0;2;9;21;1;
6812;202100004491;193 740;B01;2;7;0;0;5;1;1;
6813;202100004491;193 741;C01;2;7;0;0;6;1;1;
6814;202100004492;193 736;C01;2;7;14;0;2;2;1;
6815;202100004492;193 737;B01;2;7;0;2;3;2;1;
6816;202100004492;193 738;A01;2;7;3;2;7;17;1;
6817;202100004493;193 734;X01;3;7;0;2;1;16;1;
6818;202100004493;193 735;A01;2;99;0;2;5;1;5;
6819;202100004494;193 733;A01;2;33;10;0;7;9;1;
6820;202100004495;193 731;B01;1;7;0;2;6;15;1;
6821;202100004495;193 732;A01;1;33;0;2;1;1;1;
6822;202100004496;193 729;A01;3;7;0;2;1;15;1;
6823;202100004496;193 730;B01;0;32;0;0;6;1;1;
6824;202100004497;193 728;A01;1;7;0;1;1;1;1;
6825;202100004498;193 726;A01;2;7;0;2;3;9;1;
6826;202100004498;193 727;B01;1;1;0;2;7;12;5;
6827;202100004499;193 725;A01;2;7;4;0;1;1;1;
6828;202100004500;193 724;A01;1;1;0;1;1;15;5;
6829;202100004502;193 721;A01;2;7;13;0;1;2;1;
6830;202100004503;193 720;A01;1;7;0;0;1;1;1;
6831;202100004504;193 718;B01;2;32;0;2;2;15;1;
6832;202100004504;193 719;A01;2;10;0;2;3;15;1;
6833;202100004505;193 717;A01;1;7;14;0;1;16;1;
6834;202100004506;193 716;A01;0;33;0;1;1;26;1;
6835;202100004507;193 715;A01;2;1;0;0;1;1;5;
6836;202100004508;193 713;A01;0;10;0;2;1;2;1;
6837;202100004508;193 714;B01;0;7;0;0;4;2;1;
6838;202100004509;193 712;A01;1;7;8;0;1;26;1;
6839;202100004510;193 711;A01;1;7;8;1;1;14;1;
6840;202100004511;193 709;B01;2;7;0;2;3;13;1;
6841;202100004511;193 710;A01;2;7;6;2;2;1;1;
6842;202100004512;193 708;A01;2;7;6;0;1;16;1;
6843;202100004513;193 706;A01;3;7;1;2;2;13;1;
6844;202100004513;193 707;B01;3;7;1;2;3;1;1;
6845;202100004514;193 705;A01;1;7;0;1;1;21;1;
6846;202100004515;193 704;A01;1;7;7;0;9;6;1;
6847;202100004516;193 700;B01;3;7;0;2;7;2;1;
6848;202100004516;193 701;A01;3;7;0;2;1;9;1;
6849;202100004517;193 699;A01;1;7;0;1;1;1;1;
6850;202100004518;193 698;A01;0;7;13;0;1;13;1;
6851;202100004519;193 696;B01;3;7;0;2;2;21;1;
6852;202100004519;193 697;A01;3;7;0;2;1;5;1;
6853;202100004520;193 695;A01;3;10;0;1;3;15;1;
6854;202100004521;193 694;A01;3;7;11;0;1;1;1;
6855;202100004522;193 693;A01;2;15;4;0;2;2;1;
6856;202100004523;193 690;C01;2;7;0;2;4;1;1;
6857;202100004523;193 691;B01;2;7;0;2;1;1;1;
6858;202100004523;193 692;A01;2;7;0;2;1;1;1;
6859;202100004524;193 689;A01;2;7;4;0;3;26;1;
6860;202100004525;193 687;B01;1;1;0;2;4;1;5;
6861;202100004525;193 688;A01;1;7;0;2;1;1;1;
6862;202100004526;193 684;A01;3;7;0;2;1;2;1;
6863;202100004526;193 685;B01;3;7;0;2;1;2;1;
6864;202100004526;193 686;C01;3;7;0;2;4;2;1;
6865;202100004527;193 682;A01;3;32;0;9;1;17;1;
6866;202100004527;193 683;B01;3;50;0;2;1;1;3;
6867;202100004529;193 679;A01;2;7;13;0;1;14;1;
6868;202100004530;193 678;A01;3;7;13;0;1;14;1;
6869;202100004531;193 677;A01;3;10;0;1;2;1;1;
6870;202100004533;193 673;B01;1;1;0;2;3;1;5;
6871;202100004533;193 674;A01;1;7;0;2;3;1;1;
6872;202100004534;193 671;B01;2;7;0;2;5;22;1;
6873;202100004534;193 672;A01;2;1;0;2;1;18;5;
6874;202100004535;193 669;Z01;1;7;0;2;0;2;0;
6875;202100004535;193 670;A01;1;32;0;2;4;2;1;
6876;202100004536;193 668;A01;1;10;0;1;3;15;1;
6877;202100004537;193 666;B01;1;30;0;2;1;1;3;
6878;202100004537;193 667;A01;1;7;0;2;4;23;1;
6879;202100004538;193 664;B01;3;33;0;2;2;17;1;
6880;202100004538;193 665;A01;3;7;0;2;3;10;1;
6881;202100004539;193 663;A01;1;7;0;1;3;1;1;
6882;202100004540;193 661;A01;3;32;0;2;1;1;1;
6883;202100004540;193 662;Z01;0;7;0;2;1;20;0;
6884;202100004541;193 660;A01;1;80;0;2;0;21;3;
6885;202100004542;193 658;B01;1;30;0;2;1;15;1;
6886;202100004542;193 659;A01;2;7;0;2;1;1;3;
6887;202100004543;193 655;C01;1;7;0;2;4;23;1;
6888;202100004543;193 656;B01;1;7;0;2;4;23;1;
6889;202100004543;193 657;A01;1;7;0;2;1;2;1;
6890;202100004544;193 653;B01;2;7;0;2;6;1;1;
6891;202100004544;193 654;A01;1;7;0;2;1;1;1;
6892;202100004546;193 649;A01;2;30;0;9;8;21;1;
6893;202100004547;193 647;A01;1;7;0;2;8;26;1;
6894;202100004547;193 648;B01;1;7;0;2;1;26;1;
6895;202100004548;193 646;B01;2;30;0;2;4;9;1;
6896;202100004549;193 644;B01;2;7;0;2;8;1;1;
6897;202100004549;193 645;A01;2;7;0;2;1;9;1;
6898;202100004550;193 642;A01;2;7;0;2;5;9;2;
6899;202100004550;193 643;B01;2;33;0;2;1;1;1;
6900;202100004551;193 640;B01;1;30;0;2;8;0;1;
6901;202100004551;193 641;A01;2;10;0;2;1;15;1;
6902;202100004552;193 638;B01;-1;7;0;2;0;-1;-1;
6903;202100004552;193 639;A01;-1;30;0;0;0;-1;-1;
6904;202100004553;193 636;B01;2;30;0;2;1;1;0;
6905;202100004553;193 637;A01;1;7;0;2;1;11;0;
6906;202100004554;193 635;A01;1;30;0;-1;0;0;0;
6907;202100004555;193 633;B01;0;7;0;2;1;1;1;
6908;202100004555;193 634;A01;3;7;0;2;1;11;1;
6909;202100004556;193 631;B01;3;10;0;2;1;13;1;
6910;202100004556;193 632;A01;3;7;0;2;1;1;1;
6911;202100004557;193 629;B01;1;7;0;2;5;0;1;
6912;202100004557;193 630;A01;1;7;0;2;3;0;1;
6913;202100004558;193 628;A01;2;7;14;0;1;21;1;
6914;202100004559;193 626;A01;1;7;1;0;2;17;1;
6915;202100004559;193 627;B01;1;10;1;0;6;23;0;
6916;202100004560;193 624;A01;1;7;0;2;8;15;1;
6917;202100004560;193 625;B01;1;33;0;0;7;1;1;
6918;202100004561;193 623;B01;1;7;0;1;3;1;1;
6919;202100004562;193 621;B01;3;1;1;2;8;1;5;
6920;202100004562;193 622;A01;3;7;1;2;3;13;1;
6921;202100004563;193 620;A01;1;32;14;0;1;13;1;
6922;202100004564;193 618;B01;1;30;0;2;1;9;3;
6923;202100004564;193 619;A01;1;7;0;2;5;4;1;
6924;202100004565;193 617;A01;2;7;13;0;2;1;1;
6925;202100004566;193 616;A01;2;1;5;0;1;1;5;
6926;202100004567;193 614;B01;1;33;0;2;3;1;1;
6927;202100004567;193 615;A01;2;7;0;2;1;15;1;
6928;202100004568;193 612;A01;1;7;0;0;1;0;1;
6929;202100004568;193 613;B01;2;7;0;0;1;0;1;
6930;202100004569;193 611;A01;1;2;0;1;2;1;1;
6931;202100004570;193 609;B01;2;7;0;2;1;1;1;
6932;202100004570;193 610;A01;1;7;0;2;1;1;1;
6933;202100004571;193 607;A01;1;15;0;0;3;1;1;
6934;202100004571;193 608;B01;1;7;0;0;3;1;2;
6935;202100004572;193 605;B01;2;7;0;2;1;1;1;
6936;202100004572;193 606;A01;1;7;0;2;8;15;1;
6937;202100004573;193 601;B01;1;7;0;2;3;15;3;
6938;202100004573;193 602;A01;2;2;0;2;1;17;1;
6939;202100004574;193 600;A01;1;33;0;0;0;1;1;
6940;202100004576;193 595;B01;2;7;0;2;1;1;1;
6941;202100004576;193 596;A01;1;7;0;2;3;1;1;
6942;202100004577;193 593;B01;1;1;0;2;2;15;5;
6943;202100004577;193 594;A01;1;7;0;2;3;2;1;
6944;202100004578;193 590;B01;2;7;0;2;3;14;1;
6945;202100004578;193 591;A01;1;10;0;2;2;17;1;
6946;202100004579;193 589;A01;3;7;12;0;2;1;1;
6947;202100004580;193 587;B01;2;7;0;0;4;15;1;
6948;202100004580;193 588;A01;2;7;0;2;1;1;1;
6949;202100004581;193 585;B01;2;17;0;2;3;1;1;
6950;202100004581;193 586;A01;1;7;0;2;1;13;1;
6951;202100004582;193 583;A01;1;7;0;2;1;1;1;
6952;202100004582;193 584;B01;1;7;0;2;3;1;1;
6953;202100004583;193 581;A01;0;7;0;2;1;0;1;
6954;202100004583;193 582;B01;0;7;0;2;1;0;1;
6955;202100004584;193 580;A01;1;7;2;0;8;14;1;
6956;202100004585;193 579;A01;0;7;0;1;1;0;0;
6957;202100004586;193 577;A01;2;7;0;2;3;1;1;
6958;202100004586;193 578;B01;1;7;0;2;3;1;1;
6959;202100004587;193 576;A01;2;7;2;0;3;13;1;
6960;202100004588;193 575;A01;1;33;3;0;1;17;1;
6961;202100004589;193 574;A01;1;7;13;0;1;15;1;
6962;202100004590;193 572;A01;2;7;17;0;3;0;1;
6963;202100004591;193 571;A01;2;7;13;0;1;1;1;
6964;202100004592;193 569;A01;1;7;0;2;1;2;1;
6965;202100004592;193 570;B01;1;7;0;0;4;2;1;
6966;202100004593;193 567;B01;2;7;0;2;1;11;1;
6967;202100004593;193 568;A01;1;7;0;2;1;1;1;
6968;202100004594;193 566;A01;2;7;0;1;1;1;1;
6969;202100004595;193 564;B01;2;33;0;2;0;17;1;
6970;202100004595;193 565;A01;2;7;0;2;3;15;1;
6971;202100004596;193 562;A01;0;10;0;2;1;17;1;
6972;202100004596;193 563;B01;0;7;0;0;4;2;1;
6973;202100004597;193 560;A01;1;7;13;2;3;15;1;
6974;202100004597;193 561;B01;1;7;0;2;2;17;1;
6975;202100004598;193 558;A01;1;7;0;0;7;15;1;
6976;202100004598;193 559;B01;2;2;0;2;1;1;0;
6977;202100004599;193 557;A01;1;7;6;0;1;1;2;
6978;202100004600;193 553;A01;1;7;13;2;0;1;1;
6979;202100004600;193 554;B01;2;7;0;2;8;1;1;
6980;202100004600;193 555;C01;2;7;0;2;1;1;1;
6981;202100004600;193 556;D01;2;10;0;2;1;1;1;
6982;202100004601;193 551;A01;1;7;0;2;3;15;1;
6983;202100004601;193 552;B01;2;30;0;2;1;1;1;
6984;202100004603;193 548;B01;1;1;0;2;1;1;5;
6985;202100004603;193 549;A01;2;7;0;9;3;16;1;
6986;202100004604;193 546;A01;3;7;0;2;1;13;1;
6987;202100004604;193 547;B01;3;7;0;2;1;1;1;
6988;202100004606;193 544;A01;2;10;0;1;2;1;1;
6989;202100004607;193 541;A01;3;7;0;1;3;0;1;
6990;202100004608;193 538;C01;1;7;0;2;1;2;1;
6991;202100004608;193 539;B01;1;7;0;2;4;23;1;
6992;202100004608;193 540;A01;1;7;0;2;4;23;1;
6993;202100004609;193 535;A01;2;7;0;2;1;1;1;
6994;202100004609;193 536;B01;2;7;0;2;4;2;1;
6995;202100004609;193 537;C01;2;7;0;2;4;2;1;
6996;202100004610;193 534;A01;1;7;0;2;8;1;1;
6997;202100004611;193 529;E01;1;7;0;2;1;0;1;
6998;202100004611;193 530;D01;1;7;0;2;1;0;1;
6999;202100004611;193 531;A01;1;7;0;2;1;23;1;
7000;202100004611;193 532;B01;1;7;0;0;0;0;1;
7001;202100004611;193 533;C01;1;7;0;2;1;0;1;
7002;202100004612;193 528;A01;1;34;0;0;8;0;1;
7003;202100004613;193 527;A01;2;7;4;0;1;21;1;
7004;202100004614;193 525;A01;2;7;4;0;1;1;1;
7005;202100004614;193 526;B01;2;15;0;2;1;1;1;
7006;202100004615;193 524;A01;1;7;2;0;1;1;1;
7007;202100004616;193 520;A01;2;10;0;2;1;1;1;
7008;202100004616;193 521;B01;2;7;0;2;9;2;1;
7009;202100004616;193 522;C01;2;7;0;2;9;2;1;
7010;202100004616;193 523;D01;2;7;0;2;9;2;1;
7011;202100004617;193 515;E01;1;7;0;2;4;2;1;
7012;202100004617;193 516;D01;1;7;0;2;4;2;2;
7013;202100004617;193 517;A01;1;7;0;2;1;2;1;
7014;202100004617;193 518;B01;1;7;0;2;4;2;1;
7015;202100004617;193 519;C01;1;7;0;2;4;2;1;
7016;202100004618;193 513;B01;1;7;0;2;4;2;1;
7017;202100004618;193 514;A01;1;7;0;2;1;2;1;
7018;202100004619;193 512;A01;2;7;3;0;3;13;1;
7019;202100004620;193 507;E01;2;7;0;2;4;2;1;
7020;202100004620;193 508;D01;2;7;0;2;4;2;1;
7021;202100004620;193 509;C01;2;7;0;2;4;2;1;
7022;202100004620;193 510;B01;2;7;0;2;4;2;1;
7023;202100004620;193 511;A01;2;7;0;2;1;2;1;
7024;202100004621;193 504;A01;1;7;0;2;1;21;1;
7025;202100004621;193 505;B01;1;7;0;2;4;2;1;
7026;202100004621;193 506;C01;1;7;4;2;3;21;1;
7027;202100004622;193 503;A01;1;7;4;0;1;1;1;
7028;202100004623;193 501;A01;2;33;4;2;3;3;1;
7029;202100004623;193 502;B01;2;10;0;2;2;12;1;
7030;202100004624;193 498;A01;2;7;0;2;1;2;1;
7031;202100004624;193 499;B01;2;7;0;2;4;2;1;
7032;202100004624;193 500;C01;2;7;0;2;4;2;2;
7033;202100004625;193 497;A01;3;7;4;0;1;0;1;
7034;202100004626;193 496;A01;2;7;4;0;1;13;1;
7035;202100004627;193 495;A01;1;7;4;0;0;0;1;
7036;202100004628;193 493;B01;1;7;0;2;4;23;1;
7037;202100004628;193 494;A01;1;7;0;2;1;2;1;
7038;202100004629;193 492;A01;1;13;4;0;1;1;1;
7039;202100004630;193 490;B01;1;7;0;2;4;2;1;
7040;202100004630;193 491;A01;1;7;0;2;3;2;1;
7041;202100004631;193 489;A01;2;7;0;0;9;12;1;
7042;202100004632;193 488;A01;2;7;0;0;9;1;1;
7043;202100004633;193 486;A01;1;7;0;2;1;0;1;
7044;202100004633;193 487;B01;1;7;0;2;4;0;1;
7045;202100004635;193 481;A01;2;10;4;2;2;12;1;
7046;202100004635;193 482;B01;2;15;0;2;3;1;1;
7047;202100004636;193 479;A01;2;7;0;2;1;2;1;
7048;202100004636;193 480;B01;2;7;0;2;4;1;1;
7049;202100004637;193 477;B01;1;3;0;2;4;23;0;
7050;202100004637;193 478;A01;1;3;0;2;1;2;0;
7051;202100004638;193 476;A01;1;7;0;2;1;1;1;
7052;202100004639;193 475;A01;2;7;0;0;9;2;1;
7053;202100004640;193 473;B01;1;7;0;2;4;2;1;
7054;202100004640;193 474;A01;1;7;4;2;3;1;1;
7055;202100004641;193 472;A01;1;13;15;0;1;1;1;
7056;202100004642;193 470;B01;1;7;0;2;5;2;3;
7057;202100004642;193 471;A01;1;10;0;2;1;21;1;
7058;202100004643;193 468;B01;1;7;0;2;4;1;1;
7059;202100004643;193 469;A01;1;7;0;2;2;1;1;
7060;202100004644;193 467;A01;2;7;4;0;1;11;1;
7061;202100004645;193 466;A01;1;7;5;0;6;1;1;
7062;202100004646;193 465;A01;1;7;3;0;1;9;1;
7063;202100004647;193 463;A01;1;7;0;2;1;2;1;
7064;202100004647;193 464;B01;1;7;0;2;1;2;1;
7065;202100004649;193 461;A01;1;10;1;0;1;1;1;
7066;202100004651;193 457;B01;2;1;0;0;0;0;0;
7067;202100004651;193 458;A01;2;3;0;9;0;15;0;
7068;202100004652;193 455;A01;1;33;0;2;1;17;1;
7069;202100004652;193 456;B01;2;10;0;2;6;15;1;
7070;202100004653;193 454;A01;2;7;0;0;1;1;0;
7071;202100004654;193 452;B01;1;2;0;2;1;1;1;
7072;202100004654;193 453;A01;1;7;0;2;3;5;1;
7073;202100004655;193 451;A01;0;7;0;1;2;1;1;
7074;202100004656;193 449;B01;1;7;0;2;2;15;3;
7075;202100004656;193 450;A01;1;2;0;2;1;19;1;
7076;202100004658;193 447;A01;0;7;6;0;1;14;1;
7077;202100004660;193 445;A01;0;7;0;1;1;1;1;
7078;202100004661;193 444;A01;0;7;0;1;3;1;1;
7079;202100004662;193 443;A01;3;7;0;1;2;12;1;
7080;202100004663;193 441;A01;2;7;0;2;6;13;1;
7081;202100004663;193 442;B01;2;33;0;2;1;1;1;
7082;202100004664;193 439;A01;1;7;1;0;0;17;1;
7083;202100004664;193 440;B01;1;2;0;2;1;17;1;
7084;202100004665;193 437;B01;3;7;0;2;3;20;1;
7085;202100004665;193 438;A01;3;30;0;2;1;17;1;
7086;202100004666;193 435;A01;3;32;0;2;1;13;1;
7087;202100004666;193 436;B01;3;7;0;2;2;1;1;
7088;202100004669;193 430;B01;2;7;0;2;3;1;1;
7089;202100004669;193 431;A01;1;7;0;2;2;16;1;
7090;202100004670;193 429;A01;1;7;0;0;0;0;6;
7091;202100004671;193 427;B01;1;7;0;2;8;0;1;
7092;202100004671;193 428;A01;1;7;0;2;1;26;1;
7093;202100004672;193 425;A01;3;7;0;2;8;26;1;
7094;202100004672;193 426;B01;3;30;0;2;1;19;1;
7095;202100004673;193 423;A01;1;7;0;2;1;13;1;
7096;202100004673;193 424;B01;2;7;0;2;3;1;1;
7097;202100004674;193 421;B01;1;7;0;2;7;16;1;
7098;202100004674;193 422;A01;1;2;0;2;1;2;1;
7099;202100004675;193 419;A01;1;7;0;2;8;10;1;
7100;202100004675;193 420;B01;2;31;0;2;1;1;1;
7101;202100004676;193 417;A01;2;7;0;2;2;15;1;
7102;202100004676;193 418;B01;1;32;0;2;1;1;1;
7103;202100004677;193 416;A01;1;30;0;1;1;1;1;
7104;202100004678;193 414;A01;2;7;0;2;2;19;1;
7105;202100004678;193 415;B01;1;13;0;2;3;19;1;
7106;202100004679;193 413;A01;2;50;12;0;1;25;3;
7107;202100004680;193 411;A01;1;7;0;2;2;1;1;
7108;202100004680;193 412;B01;2;7;0;2;3;1;3;
7109;202100004681;193 409;B01;2;7;0;2;4;23;2;
7110;202100004681;193 410;A01;2;7;0;2;1;1;1;