;Num_Acc;id_vehicule;num_veh;senc;catv;obs;obsm;choc;manv;motor;occutc
7111;202100004682;193 407;A01;2;10;0;2;2;1;1;
7112;202100004682;193 408;B01;2;34;0;2;1;1;1;
7113;202100004683;193 405;A01;1;7;0;2;7;10;1;
7114;202100004683;193 406;B01;1;7;0;2;3;0;1;
7115;202100004684;193 403;B01;1;32;0;2;3;26;1;
7116;202100004684;193 404;A01;2;7;0;2;3;10;1;
7117;202100004686;193 398;A01;1;7;0;1;2;1;1;
7118;202100004687;193 397;A01;2;7;9;0;1;17;1;
7119;202100004688;193 395;B01;1;7;0;2;8;1;1;
7120;202100004688;193 396;A01;1;7;0;2;1;26;1;
7121;202100004689;193 393;A01;3;10;0;2;6;11;1;
7122;202100004689;193 394;B01;3;7;0;2;2;1;1;
7123;202100004690;193 391;A01;1;7;0;2;7;15;1;
7124;202100004690;193 392;B01;2;32;0;2;9;1;1;
7125;202100004691;193 390;A01;3;7;0;1;7;1;1;
7126;202100004693;193 386;B01;1;7;0;2;1;2;1;
7127;202100004693;193 387;A01;1;7;0;2;4;1;1;
7128;202100004694;193 384;A01;2;7;0;2;1;19;1;
7129;202100004694;193 385;B01;2;7;0;9;3;9;1;
7130;202100004695;193 382;A01;2;7;0;2;7;15;1;
7131;202100004695;193 383;B01;2;33;0;2;2;3;1;
7132;202100004696;193 380;A01;2;7;0;2;3;1;1;
7133;202100004696;193 381;B01;1;43;0;2;7;1;1;
7134;202100004697;193 378;B01;3;7;0;2;3;21;1;
7135;202100004697;193 379;A01;3;7;0;2;2;16;1;
7136;202100004698;193 377;A01;3;7;0;1;7;14;1;
7137;202100004699;193 375;B01;2;1;0;2;1;17;5;
7138;202100004699;193 376;A01;2;7;0;2;8;15;1;
7139;202100004701;193 373;A01;1;0;0;1;1;26;0;
7140;202100004702;193 372;A01;1;7;0;1;1;9;1;
7141;202100004703;193 370;A01;3;15;0;2;1;1;0;
7142;202100004703;193 371;B01;3;50;0;2;8;0;3;
7143;202100004704;193 369;A01;3;7;0;1;1;2;1;
7144;202100004705;193 368;A01;1;33;9;0;1;0;1;
7145;202100004706;193 367;A01;1;7;0;1;2;26;1;
7146;202100004708;193 365;A01;2;7;0;1;3;1;1;
7147;202100004709;193 360;B01;2;33;0;2;8;1;1;
7148;202100004709;193 361;A01;2;7;0;2;2;19;1;
7149;202100004710;193 357;A01;1;33;0;2;3;3;1;
7150;202100004710;193 358;B01;1;7;0;2;3;1;1;
7151;202100004710;193 359;C01;2;7;0;2;3;1;1;
7152;202100004711;193 354;A01;2;7;0;2;1;26;1;
7153;202100004711;193 355;B01;2;7;0;2;0;0;1;
7154;202100004711;193 356;C01;2;7;0;2;4;23;2;
7155;202100004712;193 353;A01;2;10;0;1;3;10;1;
7156;202100004713;193 352;A01;2;7;9;0;1;13;1;
7157;202100004714;193 350;A01;0;7;0;2;2;16;1;
7158;202100004714;193 351;B01;3;1;0;2;0;1;-1;
7159;202100004715;193 348;B01;1;31;0;2;1;1;1;
7160;202100004715;193 349;A01;3;7;0;2;3;15;1;
7161;202100004716;193 347;A01;2;10;0;1;3;15;1;
7162;202100004717;193 343;Z01;0;0;0;1;2;2;0;
7163;202100004718;193 342;A01;1;7;8;0;2;0;1;
7164;202100004719;193 340;B01;3;7;0;2;6;1;1;
7165;202100004719;193 341;A01;2;7;2;2;3;6;1;
7166;202100004720;193 339;A01;2;7;0;1;1;1;1;
7167;202100004721;193 338;A01;3;7;0;1;1;1;1;
7168;202100004722;193 337;A01;0;30;0;0;7;14;1;
7169;202100004723;193 336;A01;1;7;0;1;1;26;1;
7170;202100004725;193 332;A01;1;7;0;2;2;15;1;
7171;202100004725;193 333;B01;1;2;0;2;1;1;1;
7172;202100004726;193 330;B01;3;60;0;2;1;1;5;
7173;202100004726;193 331;A01;3;7;0;2;2;1;1;
7174;202100004727;193 328;B01;2;7;0;0;4;1;1;
7175;202100004727;193 329;A01;2;30;0;2;1;9;1;
7176;202100004728;193 326;B01;1;7;0;2;1;1;1;
7177;202100004728;193 327;A01;1;7;0;2;3;20;1;
7178;202100004729;193 324;B01;1;7;1;2;2;15;1;
7179;202100004729;193 325;A01;2;7;1;2;3;1;1;
7180;202100004730;193 323;A01;2;7;0;1;3;1;1;
7181;202100004731;193 322;A01;2;7;0;1;1;1;1;
7182;202100004732;193 321;A01;1;7;0;1;2;9;1;
7183;202100004733;193 318;B01;2;7;0;2;4;2;1;
7184;202100004733;193 319;A01;2;10;0;2;1;1;1;
7185;202100004733;193 320;C01;2;7;0;2;4;2;1;
7186;202100004734;193 316;B01;1;33;0;2;1;17;1;
7187;202100004734;193 317;A01;1;7;0;2;6;26;1;
7188;202100004735;193 315;A01;1;7;2;0;2;1;1;
7189;202100004736;193 313;A01;0;7;0;2;1;2;1;
7190;202100004736;193 314;B01;3;7;0;2;4;2;1;
7191;202100004737;193 312;A01;1;7;0;1;1;16;1;
7192;202100004738;193 311;A01;2;14;0;1;1;1;1;
7193;202100004739;193 309;B01;1;16;0;2;7;24;0;
7194;202100004739;193 310;A01;1;7;0;2;1;13;1;
7195;202100004740;193 308;A01;0;7;0;1;1;15;1;
7196;202100004741;193 306;B01;3;1;0;0;0;0;5;
7197;202100004741;193 307;A01;1;7;0;0;3;1;0;
7198;202100004742;193 304;B01;1;10;7;0;5;9;0;
7199;202100004742;193 305;C01;2;7;0;2;1;19;1;
7200;202100004743;193 302;B01;1;50;0;2;4;1;3;
7201;202100004743;193 303;A01;1;10;0;9;1;1;1;
7202;202100004744;193 301;A01;2;7;0;1;3;15;1;
7203;202100004745;193 299;A01;1;7;0;2;1;1;1;
7204;202100004745;193 300;B01;3;7;0;2;6;20;1;
7205;202100004746;193 298;A01;2;30;0;0;8;15;1;
7206;202100004747;193 297;A01;1;7;0;1;1;1;1;
7207;202100004748;193 296;A01;0;40;0;1;2;1;3;
7208;202100004749;193 292;C01;1;7;0;2;4;2;1;
7209;202100004749;193 293;B01;1;7;0;2;1;2;1;
7210;202100004749;193 294;A01;1;7;0;2;4;2;1;
7211;202100004749;193 295;D01;1;7;0;2;1;2;1;
7212;202100004750;193 291;A01;1;7;0;1;2;26;1;
7213;202100004751;193 290;A01;1;7;0;1;2;26;2;
7214;202100004752;193 288;B01;1;1;0;2;1;26;5;
7215;202100004752;193 289;A01;1;7;0;2;2;1;1;
7216;202100004753;193 286;B01;3;30;0;2;4;23;1;
7217;202100004753;193 287;A01;3;7;0;2;1;1;1;
7218;202100004754;193 284;B01;3;10;14;0;4;2;1;
7219;202100004754;193 285;A01;3;7;0;2;1;1;1;
7220;202100004755;193 282;A01;1;7;0;2;2;1;1;
7221;202100004755;193 283;B01;2;7;0;2;3;15;1;
7222;202100004756;193 280;A01;3;7;0;2;1;9;1;
7223;202100004756;193 281;B01;3;7;0;2;7;26;1;
7224;202100004757;193 278;A01;3;7;0;2;3;9;1;
7225;202100004757;193 279;B01;3;50;0;2;8;19;3;
7226;202100004758;193 276;A01;1;30;0;2;2;9;1;
7227;202100004758;193 277;B01;1;7;0;2;3;9;1;
7228;202100004759;193 274;A01;3;7;0;2;2;17;1;
7229;202100004759;193 275;B01;3;7;0;2;8;15;1;
7230;202100004761;193 271;A01;0;7;0;1;1;15;1;
7231;202100004762;193 269;B01;3;50;0;2;8;1;3;
7232;202100004762;193 270;A01;1;7;0;1;1;1;1;
7233;202100004763;193 268;A01;2;7;3;0;1;1;1;
7234;202100004764;193 267;A01;3;37;0;1;1;16;1;1.0
7235;202100004765;193 266;A01;2;40;0;1;3;1;3;
7236;202100004766;193 264;A01;1;7;0;2;1;1;1;
7237;202100004766;193 265;B01;2;7;0;2;1;1;1;
7238;202100004767;193 262;A01;1;10;0;2;1;16;1;
7239;202100004767;193 263;B01;2;7;0;2;1;23;1;
7240;202100004769;193 259;A01;1;7;0;1;1;1;1;
7241;202100004770;193 257;A01;1;10;0;2;3;1;1;
7242;202100004770;193 258;B01;2;7;0;2;2;1;1;
7243;202100004771;193 255;B01;2;7;0;2;4;1;0;
7244;202100004771;193 256;A01;2;7;0;2;1;1;1;
7245;202100004772;193 251;Z01;2;7;0;0;0;0;0;
7246;202100004772;193 252;C01;2;7;3;0;6;0;1;
7247;202100004772;193 253;B01;2;7;1;0;7;21;1;
7248;202100004772;193 254;A01;2;7;3;0;3;13;1;
7249;202100004773;193 249;B01;1;7;0;2;3;2;1;
7250;202100004773;193 250;A01;1;7;0;2;1;2;1;
7251;202100004774;193 247;B01;2;7;0;1;3;23;1;
7252;202100004774;193 248;A01;1;10;0;1;3;1;1;
7253;202100004775;193 243;D01;2;7;0;2;1;1;0;
7254;202100004775;193 244;C01;2;7;0;2;4;1;1;
7255;202100004775;193 245;B01;2;7;0;2;4;1;1;
7256;202100004775;193 246;A01;2;10;0;2;1;1;1;
7257;202100004776;193 241;B01;2;7;0;2;1;16;1;
7258;202100004776;193 242;A01;2;7;0;2;1;13;1;
7259;202100004777;193 239;A01;0;7;0;2;1;2;1;
7260;202100004777;193 240;B01;0;7;0;2;4;2;1;
7261;202100004778;193 238;A01;1;7;0;1;2;1;1;
7262;202100004779;193 237;A01;1;7;0;1;1;9;3;
7263;202100004781;193 231;A01;1;7;0;1;1;9;1;
7264;202100004782;193 230;A01;1;7;0;0;0;26;1;
7265;202100004783;193 228;B01;3;10;0;2;4;9;3;
7266;202100004783;193 229;A01;3;10;0;2;1;2;1;
7267;202100004784;193 226;A01;3;7;2;2;1;1;1;
7268;202100004784;193 227;B01;0;7;1;2;1;1;1;
7269;202100004785;193 222;A01;1;7;0;2;2;19;0;
7270;202100004785;193 223;B01;1;7;0;2;1;1;1;
7271;202100004785;193 224;C01;1;7;0;2;7;0;1;
7272;202100004786;193 221;A01;1;7;0;1;7;26;1;
7273;202100004787;193 219;B01;1;7;4;0;1;26;1;
7274;202100004787;193 220;A01;1;7;0;2;1;26;1;
7275;202100004788;193 217;B01;3;7;0;2;2;15;1;
7276;202100004788;193 218;A01;3;7;0;2;1;1;1;
7277;202100004789;193 216;A01;2;7;0;1;1;15;1;
7278;202100004790;193 215;A01;1;33;14;0;1;1;1;
7279;202100004791;193 213;B01;2;10;0;2;2;15;1;
7280;202100004791;193 214;A01;1;31;0;2;1;1;1;
7281;202100004792;193 211;Z01;0;7;0;0;0;0;0;
7282;202100004792;193 212;A01;0;33;0;2;2;1;1;
7283;202100004793;193 210;A01;3;1;6;0;2;15;5;
7284;202100004794;193 209;A01;1;7;8;0;1;1;1;
7285;202100004796;193 205;A01;1;7;0;2;1;15;1;
7286;202100004796;193 206;B01;2;7;0;2;3;1;1;
7287;202100004797;193 204;A01;1;7;0;1;2;1;1;
7288;202100004799;193 201;A01;1;33;1;0;0;0;0;
7289;202100004800;193 199;A01;0;30;0;2;3;7;1;
7290;202100004800;193 200;B01;3;7;0;2;2;16;1;
7291;202100004801;193 197;B01;0;32;0;2;4;2;1;
7292;202100004801;193 198;A01;0;7;0;2;2;2;3;
7293;202100004802;193 196;A01;1;7;0;1;2;26;2;
7294;202100004803;193 194;A01;3;7;0;2;6;15;1;
7295;202100004803;193 195;B01;3;31;0;2;1;13;1;
7296;202100004804;193 193;A01;2;33;4;0;2;14;1;
7297;202100004805;193 192;A01;2;7;4;0;7;14;1;
7298;202100004806;193 190;A01;1;7;0;2;1;15;1;
7299;202100004806;193 191;B01;2;2;0;2;7;1;1;
7300;202100004807;193 189;A01;0;7;0;1;1;1;1;
7301;202100004808;193 188;A01;3;50;0;1;1;1;3;
7302;202100004809;193 186;A01;2;2;0;2;2;1;1;
7303;202100004809;193 187;Z01;2;7;0;2;4;10;0;
7304;202100004810;193 185;A01;2;7;9;0;3;13;1;
7305;202100004811;193 184;A01;3;30;0;0;8;1;1;
7306;202100004812;193 182;B01;2;7;0;2;0;16;1;
7307;202100004812;193 183;A01;1;43;0;2;3;17;1;
7308;202100004813;193 180;A01;3;7;0;2;2;2;1;
7309;202100004813;193 181;B01;3;7;0;2;4;2;1;
7310;202100004814;193 178;A01;2;10;0;2;1;2;1;
7311;202100004814;193 179;B01;2;7;0;2;4;23;1;
7312;202100004815;193 176;B01;1;1;0;2;8;15;0;
7313;202100004815;193 177;A01;1;7;0;2;2;17;1;
7314;202100004816;193 175;A01;1;7;11;0;2;14;1;
7315;202100004817;193 174;Z01;1;1;0;1;1;1;5;
7316;202100004818;193 171;C01;2;7;0;2;6;24;1;
7317;202100004818;193 172;B01;3;33;0;2;2;17;1;
7318;202100004818;193 173;A01;2;7;0;2;3;15;0;
7319;202100004820;193 166;A01;1;7;0;2;7;15;1;
7320;202100004820;193 167;B01;2;2;0;2;1;1;1;
7321;202100004821;193 165;A01;2;30;0;1;4;21;3;
7322;202100004822;193 163;A01;1;30;8;2;1;21;1;
7323;202100004822;193 164;B01;1;7;9;2;2;1;1;
7324;202100004823;193 161;B01;1;32;0;2;1;1;1;
7325;202100004823;193 162;A01;2;7;8;0;5;13;1;
7326;202100004824;193 159;B01;1;7;0;2;5;15;1;
7327;202100004824;193 160;A01;2;34;0;2;1;1;1;
7328;202100004825;193 157;B01;3;32;0;2;1;3;1;
7329;202100004825;193 158;A01;3;7;0;2;3;15;1;
7330;202100004826;193 156;A01;2;7;0;1;1;1;2;
7331;202100004828;193 153;A01;2;7;0;1;3;15;1;
7332;202100004829;193 151;A01;1;7;0;1;4;20;0;
7333;202100004831;193 148;A01;-1;7;1;2;4;23;1;
7334;202100004832;193 147;A01;0;10;0;1;1;1;1;
7335;202100004833;193 145;A01;2;7;0;0;0;16;1;
7336;202100004833;193 146;B01;1;33;0;0;7;1;1;
7337;202100004834;193 144;Z01;1;14;0;1;3;1;0;
7338;202100004835;193 143;A01;1;7;0;1;1;15;1;
7339;202100004836;193 142;A01;1;37;0;1;7;1;1;1.0
7340;202100004837;193 140;A01;1;7;0;2;3;1;1;
7341;202100004837;193 141;B01;1;50;0;2;1;1;3;
7342;202100004838;193 138;A01;2;7;0;2;2;12;1;
7343;202100004838;193 139;B01;2;32;0;2;1;1;1;
7344;202100004839;193 137;A01;2;7;6;0;1;1;1;
7345;202100004840;193 136;A01;2;10;0;9;5;1;1;
7346;202100004841;193 135;A01;3;10;0;1;2;1;1;
7347;202100004843;193 130;C01;1;7;0;0;4;1;1;
7348;202100004843;193 131;B01;1;7;0;2;6;2;1;
7349;202100004843;193 132;A01;1;10;0;2;2;2;1;
7350;202100004844;193 129;A01;2;10;2;0;3;19;0;
7351;202100004845;193 127;B01;2;7;13;0;3;1;1;
7352;202100004845;193 128;A01;2;7;13;0;8;1;1;
7353;202100004847;193 124;A01;1;7;6;0;0;13;1;
7354;202100004849;193 121;A01;2;7;2;0;3;13;1;
7355;202100004850;193 120;A01;1;7;13;0;3;13;1;
7356;202100004851;193 119;A01;2;7;7;0;1;1;1;
7357;202100004853;193 115;A01;1;21;0;1;1;26;0;
7358;202100004854;193 114;A01;1;10;2;0;1;1;1;
7359;202100004855;193 112;A01;1;10;0;2;4;4;1;
7360;202100004855;193 113;B01;1;7;0;2;1;1;1;
7361;202100004856;193 110;B01;1;33;0;2;8;1;1;
7362;202100004856;193 111;A01;3;7;0;2;1;19;1;
7363;202100004857;193 108;A01;2;7;13;0;2;1;2;
7364;202100004857;193 109;B01;2;7;0;1;1;1;1;
7365;202100004858;193 107;A01;2;7;2;0;8;1;1;
7366;202100004859;193 106;A01;1;7;0;0;9;0;1;
7367;202100004860;193 104;A01;3;33;0;2;1;13;1;
7368;202100004860;193 105;B01;3;7;0;2;3;1;1;
7369;202100004861;193 103;A01;1;7;2;0;2;1;1;
7370;202100004862;193 099;A01;1;7;0;2;1;1;2;
7371;202100004862;193 100;B01;2;7;0;2;3;15;1;
7372;202100004863;193 097;A01;2;7;3;2;7;1;1;
7373;202100004863;193 098;B01;1;7;0;2;2;1;1;
7374;202100004864;193 096;A01;1;7;2;0;1;0;1;
7375;202100004865;193 095;A01;2;7;2;0;3;1;1;
7376;202100004866;193 094;A01;2;7;0;1;2;2;1;
7377;202100004867;193 091;A01;1;7;0;2;5;1;1;
7378;202100004867;193 092;B01;2;7;0;2;3;1;1;
7379;202100004868;193 090;A01;1;7;5;0;1;1;1;
7380;202100004869;193 089;A01;3;7;13;0;1;1;1;
7381;202100004870;193 087;A01;1;7;0;2;2;13;1;
7382;202100004870;193 088;B01;2;7;13;2;2;2;1;
7383;202100004872;193 084;A01;2;7;16;0;2;14;1;
7384;202100004873;193 077;E01;1;7;0;0;0;1;2;
7385;202100004873;193 078;G01;1;7;0;2;4;1;1;
7386;202100004873;193 079;F01;1;7;0;2;4;1;1;
7387;202100004873;193 080;D01;1;7;0;2;1;1;1;
7388;202100004873;193 081;C01;1;7;0;2;1;1;1;
7389;202100004873;193 082;B01;1;7;3;2;1;1;1;
7390;202100004873;193 083;A01;1;7;0;2;5;1;1;
7391;202100004874;193 076;A01;2;7;13;0;0;1;1;
7392;202100004875;193 074;A01;3;33;12;2;8;21;1;
7393;202100004875;193 075;B01;3;7;0;2;3;21;1;
7394;202100004876;193 072;A01;1;7;0;2;0;2;1;
7395;202100004876;193 073;B01;1;32;0;2;8;1;1;
7396;202100004877;193 069;A01;2;7;0;2;1;1;1;
7397;202100004877;193 070;B01;1;7;0;2;3;1;0;
7398;202100004878;193 065;D01;1;7;0;2;1;17;1;
7399;202100004878;193 066;C01;2;7;0;2;1;26;1;
7400;202100004878;193 067;B01;1;7;0;0;7;26;1;
7401;202100004878;193 068;A01;2;7;2;0;0;14;1;
7402;202100004879;193 064;A01;1;7;0;1;2;20;1;
7403;202100004880;193 063;A01;3;31;0;0;1;1;1;
7404;202100004881;193 062;A01;1;7;0;1;2;1;1;
7405;202100004883;193 060;A01;1;7;9;0;3;6;1;
7406;202100004884;193 057;A01;1;7;0;2;3;13;1;
7407;202100004884;193 058;B01;2;7;0;2;8;1;1;
7408;202100004884;193 059;C01;2;7;0;2;1;1;1;
7409;202100004885;193 056;A01;2;7;13;0;2;1;1;
7410;202100004886;193 055;A01;1;7;0;1;1;2;1;
7411;202100004887;193 054;A01;2;7;0;1;2;1;1;
7412;202100004888;193 052;A01;1;10;0;9;3;15;1;
7413;202100004888;193 053;B01;2;2;0;2;1;1;1;
7414;202100004889;193 051;A01;1;7;2;0;1;1;1;
7415;202100004891;193 047;B01;1;33;0;2;1;1;1;
7416;202100004891;193 048;A01;1;7;0;2;2;9;1;
7417;202100004892;193 044;A01;3;7;0;2;1;2;1;
7418;202100004892;193 045;B01;3;10;0;2;1;2;1;
7419;202100004892;193 046;C01;3;7;0;2;1;2;1;
7420;202100004893;193 042;A01;2;7;1;0;1;1;1;
7421;202100004893;193 043;B01;2;7;0;2;5;2;1;
7422;202100004894;193 041;A01;2;7;4;0;1;2;1;
7423;202100004895;193 038;C01;1;7;0;2;4;2;1;
7424;202100004895;193 039;B01;1;7;0;2;4;2;1;
7425;202100004895;193 040;A01;1;7;0;2;1;2;1;
7426;202100004896;193 036;B01;2;7;0;2;6;11;1;
7427;202100004896;193 037;A01;2;7;0;2;2;1;1;
7428;202100004897;193 035;A01;2;10;4;0;2;1;1;
7429;202100004898;193 033;B01;1;7;0;2;4;23;1;
7430;202100004898;193 034;A01;1;17;1;0;1;11;1;
7431;202100004899;193 032;A01;2;7;4;0;9;15;1;
7432;202100004900;193 031;A01;1;7;4;0;3;13;1;
7433;202100004901;193 030;A01;1;7;4;0;1;1;1;
7434;202100004902;193 028;B01;2;7;0;2;1;2;2;
7435;202100004902;193 029;A01;2;7;4;2;2;2;1;
7436;202100004903;193 026;A01;1;7;0;2;1;1;1;
7437;202100004903;193 027;B01;1;7;0;2;4;23;1;
7438;202100004904;193 024;A01;1;7;0;2;1;1;1;
7439;202100004904;193 025;B01;1;7;0;2;6;2;1;
7440;202100004905;193 023;A01;2;33;0;2;4;3;1;
7441;202100004906;193 021;B01;2;7;0;2;4;1;1;
7442;202100004906;193 022;A01;2;7;0;2;1;2;1;
7443;202100004907;193 018;C01;2;10;0;2;1;2;1;
7444;202100004907;193 019;A01;2;7;0;2;4;23;1;
7445;202100004907;193 020;B01;2;7;0;2;1;2;1;
7446;202100004909;193 012;C01;2;7;0;2;4;2;1;
7447;202100004909;193 013;B01;2;33;0;2;4;2;1;
7448;202100004909;193 014;A01;2;7;0;2;3;11;1;
7449;202100004910;193 011;A01;1;7;1;1;9;14;1;
7450;202100004911;193 009;B01;2;50;0;4;3;19;3;
7451;202100004911;193 010;A01;2;40;0;2;3;1;3;
7452;202100004912;193 008;A01;1;10;0;1;3;1;1;
7453;202100004913;193 007;A01;1;7;0;1;4;4;1;
7454;202100004914;193 005;Z01;2;7;0;2;1;16;0;
7455;202100004914;193 006;A01;2;50;0;2;8;1;3;
7456;202100004915;193 003;B01;1;7;0;2;6;2;1;
7457;202100004915;193 004;A01;2;7;0;2;1;2;1;
7458;202100004916;193 001;A01;2;1;0;2;7;1;5;
7459;202100004916;193 002;B01;2;7;0;2;1;1;1;
7460;202100004917;193 000;A01;2;50;0;0;1;1;3;
7461;202100004918;192 998;A01;2;7;0;2;3;10;3;
7462;202100004918;192 999;B01;2;2;0;2;2;17;1;
7463;202100004919;192 997;A01;2;32;0;1;3;1;1;
7464;202100004921;192 994;A01;2;30;0;2;7;16;3;
7465;202100004921;192 995;B01;2;33;0;2;1;1;1;
7466;202100004922;192 992;A01;2;1;0;0;7;5;5;
7467;202100004922;192 993;B01;1;7;0;0;2;1;2;
7468;202100004923;192 991;A01;2;7;0;1;3;1;2;
7469;202100004924;192 990;A01;2;30;0;0;7;1;1;
7470;202100004925;192 988;B01;2;1;1;0;1;1;5;
7471;202100004925;192 989;A01;2;10;1;0;2;22;1;
7472;202100004926;192 987;A01;2;32;0;0;0;1;1;
7473;202100004927;192 985;Z01;3;7;0;0;0;11;0;
7474;202100004927;192 986;A01;3;31;0;2;7;1;1;
7475;202100004928;192 983;B01;1;2;0;2;2;1;1;
7476;202100004928;192 984;A01;1;7;0;2;3;26;1;
7477;202100004929;192 981;A01;0;7;1;1;1;1;1;
7478;202100004929;192 982;B01;0;7;0;2;8;24;1;
7479;202100004930;192 979;A01;3;7;0;2;1;1;1;
7480;202100004930;192 980;B01;3;7;0;2;6;23;1;
7481;202100004931;192 977;A01;1;7;0;2;7;1;1;
7482;202100004931;192 978;B01;1;13;0;2;8;13;1;
7483;202100004933;192 974;A01;1;10;0;2;7;19;1;
7484;202100004933;192 975;B01;1;7;0;2;2;1;1;
7485;202100004934;192 973;A01;1;2;0;1;1;17;1;
7486;202100004935;192 971;A01;1;7;0;2;2;19;1;
7487;202100004935;192 972;B01;1;10;0;2;1;1;1;
7488;202100004938;192 964;C01;1;33;0;2;6;3;1;
7489;202100004938;192 965;B01;1;7;0;0;0;0;0;
7490;202100004938;192 966;A01;1;15;0;2;7;9;0;
7491;202100004939;192 962;B01;-1;7;0;2;2;17;1;
7492;202100004939;192 963;A01;-1;7;0;2;6;17;1;
7493;202100004940;192 960;B01;3;7;14;0;1;2;0;
7494;202100004940;192 961;XA01;1;32;14;0;4;23;1;
7495;202100004941;192 958;A01;2;7;0;2;5;15;2;
7496;202100004941;192 959;B01;1;31;0;2;1;1;1;
7497;202100004942;192 956;B01;1;60;0;2;3;1;5;
7498;202100004942;192 957;A01;1;7;0;2;2;16;1;
7499;202100004943;192 954;A01;1;30;0;2;8;1;3;
7500;202100004943;192 955;B01;1;7;0;2;1;15;1;
7501;202100004944;192 952;A01;3;1;0;2;0;0;0;
7502;202100004944;192 953;B01;3;7;0;2;1;1;1;
7503;202100004945;192 951;A01;3;7;0;1;2;1;1;
7504;202100004946;192 950;A01;1;14;0;1;2;5;1;
7505;202100004947;192 948;A01;3;7;0;2;3;19;1;
7506;202100004947;192 949;B01;1;33;0;2;1;1;1;
7507;202100004948;192 947;A01;3;7;0;1;1;1;1;
7508;202100004949;192 945;A01;3;7;0;2;1;13;2;
7509;202100004949;192 946;B01;3;7;0;2;1;1;1;
7510;202100004950;192 942;C01;1;7;0;2;1;1;1;
7511;202100004950;192 943;B01;1;7;0;2;4;23;1;
7512;202100004950;192 944;A01;1;7;0;0;4;23;1;
7513;202100004952;192 938;A01;3;2;13;0;1;0;1;
7514;202100004953;192 937;A01;2;7;0;1;2;1;1;
7515;202100004954;192 935;B01;1;7;0;2;1;1;1;
7516;202100004954;192 936;A01;1;1;0;2;4;15;5;
7517;202100004955;192 933;A01;3;2;0;2;1;15;1;
7518;202100004955;192 934;B01;0;7;0;2;3;1;1;
7519;202100004957;192 930;A01;2;7;2;0;3;1;1;
7520;202100004958;192 928;B01;2;7;0;2;1;1;3;
7521;202100004958;192 929;A01;1;7;0;2;1;13;1;
7522;202100004959;192 924;B01;1;7;0;2;1;1;1;
7523;202100004959;192 925;A01;2;7;0;2;4;10;1;
7524;202100004960;192 923;A01;2;7;13;0;2;1;1;
7525;202100004961;192 921;A01;1;33;10;0;2;14;1;
7526;202100004962;192 919;A01;2;7;0;2;6;15;1;
7527;202100004962;192 920;B01;2;7;0;2;2;1;1;
7528;202100004964;192 915;A01;2;7;1;0;2;14;1;
7529;202100004964;192 916;B01;2;7;0;2;6;23;1;
7530;202100004965;192 914;A01;1;7;0;1;7;1;1;
7531;202100004966;192 913;A01;1;7;6;0;1;1;2;
7532;202100004967;192 911;B01;1;7;0;2;1;1;1;
7533;202100004967;192 912;A01;2;7;0;2;7;15;1;
7534;202100004968;192 910;A01;1;7;6;0;1;1;1;
7535;202100004969;192 907;B01;2;7;0;2;1;1;1;
7536;202100004969;192 908;A01;1;7;0;2;8;19;1;
7537;202100004970;192 906;A01;1;7;13;0;2;0;1;
7538;202100004972;192 900;B01;1;2;0;2;8;1;1;
7539;202100004972;192 901;A01;2;7;0;2;1;15;1;
7540;202100004973;192 899;A01;2;2;0;0;0;1;1;
7541;202100004974;192 898;A01;2;17;3;0;2;1;1;
7542;202100004975;192 897;A01;3;13;0;1;4;4;1;
7543;202100004976;192 894;A01;1;17;3;2;1;13;1;
7544;202100004976;192 895;C01;2;7;0;2;1;26;1;
7545;202100004976;192 896;B01;1;7;0;2;1;21;1;
7546;202100004979;192 889;A01;2;10;0;2;1;13;1;
7547;202100004979;192 890;B01;1;7;0;2;1;1;1;
7548;202100004980;192 887;B01;2;7;0;2;1;1;1;
7549;202100004980;192 888;A01;2;7;13;2;3;9;1;
7550;202100004981;192 885;B01;0;13;0;0;4;23;1;
7551;202100004981;192 886;A01;0;7;0;2;1;1;1;
7552;202100004982;192 882;A01;2;10;0;2;1;13;1;
7553;202100004982;192 883;B01;1;3;0;2;3;1;1;
7554;202100004982;192 884;C01;1;7;0;2;1;1;1;
7555;202100004983;192 880;A01;2;33;0;2;1;1;1;
7556;202100004983;192 881;B01;2;7;0;2;1;15;0;
7557;202100004985;192 876;B01;0;7;0;2;1;1;1;
7558;202100004985;192 877;C01;3;10;0;2;3;1;1;
7559;202100004985;192 878;A01;3;7;0;2;1;13;1;
7560;202100004986;192 874;B01;2;7;3;2;7;1;1;
7561;202100004986;192 875;A01;1;7;0;2;3;16;1;
7562;202100004987;192 873;A01;1;7;6;0;3;1;1;
7563;202100004988;192 871;B01;1;7;0;2;3;2;1;
7564;202100004988;192 872;A01;1;7;3;0;3;2;1;
7565;202100004989;192 870;A01;1;7;7;0;0;1;1;
7566;202100004991;192 866;C01;1;7;0;2;2;1;1;
7567;202100004991;192 867;B01;2;7;0;2;3;1;1;
7568;202100004991;192 868;A01;1;2;0;2;1;17;1;
7569;202100004992;192 864;B01;2;2;0;2;1;1;1;
7570;202100004992;192 865;A01;1;7;0;2;1;15;1;
7571;202100004993;192 863;A01;3;7;0;1;3;8;1;
7572;202100004994;192 861;B01;2;7;0;0;1;1;1;
7573;202100004994;192 862;A01;2;7;0;0;4;1;3;
7574;202100004995;192 860;A01;1;7;13;0;1;0;1;
7575;202100004996;192 858;A01;1;7;0;2;3;2;1;
7576;202100004996;192 859;B01;1;1;0;2;7;1;5;
7577;202100004997;192 856;A01;1;7;0;2;4;1;1;
7578;202100004997;192 857;B01;1;7;0;2;1;2;1;
7579;202100004998;192 854;C01;2;17;0;2;2;2;1;
7580;202100004998;192 855;A01;2;17;0;2;6;24;1;
7581;202100004999;192 852;A01;2;10;3;2;1;2;1;
7582;202100004999;192 853;B01;2;7;0;2;4;1;1;
7583;202100005000;192 850;B01;1;10;0;2;4;2;1;