;Num_Acc;id_vehicule;num_veh;senc;catv;obs;obsm;choc;manv;motor;occutc
7584;202100005000;192 851;Z01;1;7;3;2;1;2;1;
7585;202100005001;192 847;C01;2;7;0;2;4;1;0;
7586;202100005001;192 848;B01;2;7;0;2;5;1;0;
7587;202100005001;192 849;A01;2;7;0;2;2;1;0;
7588;202100005002;192 845;B01;2;7;0;2;4;1;1;
7589;202100005002;192 846;A01;2;7;0;2;1;13;1;
7590;202100005003;192 843;A01;1;7;0;2;3;2;1;
7591;202100005003;192 844;B01;1;7;0;2;6;2;1;
7592;202100005004;192 841;A01;1;7;0;2;5;12;1;
7593;202100005004;192 842;B01;1;33;0;2;1;3;1;
7594;202100005005;192 838;C01;2;10;0;2;1;2;1;
7595;202100005005;192 839;B01;2;17;0;2;2;2;1;
7596;202100005005;192 840;A01;2;7;0;2;3;13;1;
7597;202100005007;192 832;Z01;2;7;0;2;0;26;0;
7598;202100005007;192 833;A01;2;7;4;2;7;9;1;
7599;202100005007;192 834;B01;2;15;0;2;7;1;1;
7600;202100005008;192 830;A01;1;7;0;2;6;11;1;
7601;202100005008;192 831;B01;1;33;0;2;3;26;1;
7602;202100005009;192 829;A01;2;7;0;1;1;1;1;
7603;202100005011;192 825;C01;2;7;0;2;4;2;1;
7604;202100005011;192 826;B01;2;7;0;2;1;2;1;
7605;202100005011;192 827;A01;2;10;0;2;1;1;1;
7606;202100005012;192 823;A01;2;7;15;0;9;1;1;
7607;202100005012;192 824;B01;2;7;0;0;0;14;1;
7608;202100005013;192 822;A01;2;7;3;0;1;1;1;
7609;202100005014;192 821;A01;1;7;0;0;0;1;0;
7610;202100005015;192 820;A01;3;80;0;1;1;19;3;
7611;202100005016;192 817;A01;1;7;0;1;1;26;1;
7612;202100005018;192 815;A01;1;7;0;1;2;16;1;
7613;202100005019;192 814;A01;1;7;0;1;2;1;1;
7614;202100005020;192 812;A01;1;7;0;2;1;13;1;
7615;202100005020;192 813;B01;1;7;0;2;1;1;1;
7616;202100005021;192 810;A01;1;7;0;4;3;1;1;
7617;202100005021;192 811;B01;3;40;0;2;7;1;3;
7618;202100005022;192 809;A01;2;7;13;0;7;14;1;
7619;202100005023;192 807;A01;3;7;0;2;7;1;2;
7620;202100005023;192 808;B01;3;7;0;2;1;1;1;
7621;202100005024;192 806;Z01;3;33;9;1;9;26;0;
7622;202100005026;192 803;A01;1;30;0;1;1;12;1;
7623;202100005027;192 801;A01;1;7;0;2;2;2;1;
7624;202100005027;192 802;B01;1;1;0;2;3;2;0;
7625;202100005028;192 799;A01;1;1;0;2;3;26;5;
7626;202100005028;192 800;B01;1;7;0;2;2;1;1;
7627;202100005029;192 798;A01;2;7;0;1;1;19;1;
7628;202100005031;192 796;A01;2;50;12;0;0;1;3;
7629;202100005032;192 795;A01;2;7;0;1;1;1;1;
7630;202100005033;192 792;C01;2;7;0;2;5;1;1;
7631;202100005033;192 793;B01;2;7;0;2;3;1;1;
7632;202100005033;192 794;A01;1;7;0;2;1;5;1;
7633;202100005034;192 789;C01;1;7;0;2;1;1;1;
7634;202100005034;192 790;B01;1;7;0;2;4;23;1;
7635;202100005034;192 791;A01;1;7;0;2;4;23;1;
7636;202100005035;192 788;A01;1;7;0;2;1;21;1;
7637;202100005036;192 785;A01;2;7;0;2;1;21;1;
7638;202100005036;192 786;B01;2;7;0;2;4;23;1;
7639;202100005036;192 787;C01;2;7;0;2;1;26;0;
7640;202100005037;192 784;A01;3;7;0;1;1;26;1;
7641;202100005038;192 782;B01;1;7;0;2;1;1;1;
7642;202100005038;192 783;A01;1;7;0;2;3;23;1;
7643;202100005039;192 780;A01;2;15;0;2;1;2;1;
7644;202100005039;192 781;B01;2;10;0;0;4;2;1;
7645;202100005040;192 779;A01;3;7;0;1;1;1;1;
7646;202100005041;192 776;C01;1;7;0;2;5;23;1;
7647;202100005041;192 777;B01;1;7;0;2;4;2;1;
7648;202100005041;192 778;A01;1;7;0;2;1;1;1;
7649;202100005042;192 772;B01;0;1;0;2;7;1;0;
7650;202100005042;192 773;A01;0;7;0;2;3;15;1;
7651;202100005043;192 771;A01;0;7;0;0;1;1;1;
7652;202100005045;192 768;A01;3;7;0;1;2;1;1;
7653;202100005046;192 766;A01;0;31;0;2;6;0;0;
7654;202100005046;192 767;B01;0;10;0;2;6;0;1;
7655;202100005047;192 765;A01;0;7;0;1;1;20;1;
7656;202100005048;192 759;A01;3;7;0;2;1;17;1;
7657;202100005048;192 760;B01;3;3;0;2;1;1;1;
7658;202100005049;192 757;A01;2;50;0;2;3;15;3;
7659;202100005049;192 758;B01;2;7;0;2;7;1;1;
7660;202100005050;192 756;A01;3;7;0;1;0;20;1;
7661;202100005051;192 753;A01;2;7;0;2;3;7;1;
7662;202100005051;192 754;C01;2;10;0;2;5;1;1;
7663;202100005051;192 755;B01;2;7;0;2;5;9;1;
7664;202100005052;192 751;A01;1;7;0;2;1;26;1;
7665;202100005052;192 752;B01;2;7;8;2;8;1;1;
7666;202100005053;192 748;B01;2;7;0;2;4;2;1;
7667;202100005053;192 749;A01;2;7;0;2;1;2;1;
7668;202100005053;192 750;C01;2;10;0;2;4;2;1;
7669;202100005054;192 746;A01;3;7;0;2;1;2;1;
7670;202100005054;192 747;B01;3;7;0;2;4;2;1;
7671;202100005055;192 744;B01;3;7;16;2;1;2;1;
7672;202100005055;192 745;A01;3;10;16;2;3;9;1;
7673;202100005057;192 739;A01;1;37;0;2;4;1;1;2.0
7674;202100005057;192 740;B01;0;33;0;2;4;23;1;
7675;202100005058;192 737;A01;1;7;0;2;1;13;1;
7676;202100005058;192 738;B01;2;7;0;2;3;1;1;
7677;202100005059;192 735;B01;1;7;0;2;7;15;1;
7678;202100005059;192 736;A01;2;30;0;2;1;1;1;
7679;202100005060;192 734;A01;1;7;0;1;1;1;1;
7680;202100005061;192 732;A01;1;7;0;9;3;1;1;
7681;202100005061;192 733;B01;1;30;0;2;4;1;1;
7682;202100005062;192 731;A01;1;7;0;1;7;15;1;
7683;202100005063;192 727;A01;1;7;5;0;1;1;1;
7684;202100005064;192 726;A01;1;32;0;0;5;26;1;
7685;202100005065;192 725;A01;2;7;2;0;1;9;1;
7686;202100005066;192 721;A01;3;7;0;2;2;17;1;
7687;202100005066;192 722;B01;2;7;0;2;7;1;1;
7688;202100005068;192 718;A01;0;10;0;2;2;1;1;
7689;202100005068;192 719;B01;3;7;0;2;1;16;1;
7690;202100005069;192 716;A01;2;7;0;1;7;1;1;
7691;202100005069;192 717;B01;2;7;0;0;0;2;1;
7692;202100005070;192 714;B01;3;7;0;2;3;1;1;
7693;202100005070;192 715;A01;0;7;0;2;1;15;1;
7694;202100005072;192 710;B01;0;7;0;2;2;1;1;
7695;202100005072;192 711;A01;0;80;0;2;1;5;3;
7696;202100005073;192 709;A01;0;33;0;1;3;1;1;
7697;202100005074;192 707;A01;0;30;0;2;1;20;1;
7698;202100005074;192 708;B01;1;32;0;2;3;1;1;
7699;202100005075;192 705;B01;2;7;0;2;4;2;1;
7700;202100005075;192 706;A01;2;7;0;2;1;2;1;
7701;202100005076;192 703;B01;2;33;0;2;1;1;1;
7702;202100005076;192 704;A01;2;7;0;2;6;13;1;
7703;202100005077;192 701;A01;2;7;0;2;1;15;1;
7704;202100005077;192 702;B01;1;2;0;2;1;1;1;
7705;202100005078;192 700;A01;2;7;6;0;1;13;1;
7706;202100005080;192 696;A01;0;30;0;0;3;15;3;
7707;202100005082;192 692;B01;3;7;0;2;6;1;1;
7708;202100005082;192 693;A01;1;34;0;2;1;1;1;
7709;202100005083;192 686;C01;1;7;0;2;3;1;1;
7710;202100005083;192 687;B01;1;7;0;2;8;1;1;
7711;202100005084;192 685;A01;3;7;0;1;2;12;1;
7712;202100005085;192 683;B01;0;2;0;2;1;1;1;
7713;202100005085;192 684;A01;0;10;0;2;2;15;1;
7714;202100005086;192 682;A01;1;30;3;0;8;13;1;
7715;202100005088;192 678;B01;3;10;0;2;3;1;3;
7716;202100005088;192 679;A01;3;7;0;2;2;11;1;
7717;202100005089;192 676;B01;1;50;0;2;0;1;3;
7718;202100005089;192 677;A01;2;7;0;9;3;9;1;
7719;202100005090;192 674;A01;2;10;0;2;2;19;1;
7720;202100005090;192 675;B01;1;2;0;2;1;1;1;
7721;202100005091;192 672;A01;2;7;0;2;1;13;1;
7722;202100005091;192 673;B01;1;10;0;2;1;1;1;
7723;202100005092;192 671;A01;1;10;0;1;1;15;1;
7724;202100005093;192 669;B01;3;7;0;2;0;0;1;
7725;202100005093;192 670;A01;3;7;0;2;2;9;1;
7726;202100005094;192 667;A01;2;7;0;2;1;2;1;
7727;202100005094;192 668;B01;2;10;0;2;4;23;1;
7728;202100005095;192 665;A01;1;7;0;2;6;11;1;
7729;202100005095;192 666;B01;1;32;0;2;1;3;1;
7730;202100005096;192 664;A01;1;30;0;0;0;21;1;
7731;202100005097;192 661;A01;2;10;0;2;1;2;1;
7732;202100005097;192 662;B01;2;10;0;2;4;23;1;
7733;202100005097;192 663;C01;2;7;0;2;4;23;1;
7734;202100005098;192 660;A01;1;30;0;1;1;1;1;
7735;202100005099;192 658;A01;2;10;0;2;3;22;1;
7736;202100005099;192 659;B01;2;1;0;2;1;1;5;
7737;202100005100;192 657;Z01;1;1;0;1;0;5;5;
7738;202100005101;192 655;A01;3;10;0;2;2;22;1;
7739;202100005101;192 656;B01;1;1;0;2;0;1;5;
7740;202100005102;192 653;B01;2;34;0;2;2;1;1;
7741;202100005102;192 654;A01;2;10;0;2;3;9;1;
7742;202100005103;192 652;A01;2;7;0;1;2;15;1;
7743;202100005105;192 648;A01;1;7;0;2;2;15;1;
7744;202100005105;192 649;B01;2;30;0;2;1;1;1;
7745;202100005106;192 647;A01;1;7;0;1;2;1;2;
7746;202100005107;192 645;A01;1;7;0;2;4;23;1;
7747;202100005107;192 646;B01;1;7;0;2;1;1;1;
7748;202100005108;192 643;A01;1;1;0;2;1;1;5;
7749;202100005108;192 644;B01;2;7;0;9;1;15;1;
7750;202100005109;192 641;A01;3;31;0;2;7;1;1;
7751;202100005109;192 642;B01;3;7;0;2;3;2;1;
7752;202100005110;192 640;A01;2;1;8;1;1;1;5;
7753;202100005111;192 639;A01;3;7;1;0;0;1;1;
7754;202100005112;192 636;B01;1;33;0;0;1;1;1;
7755;202100005112;192 637;A01;1;7;8;2;1;15;1;
7756;202100005113;192 635;A01;3;7;0;1;3;1;1;
7757;202100005114;192 634;A01;3;10;0;1;1;9;1;
7758;202100005115;192 632;A01;1;7;0;2;8;9;0;
7759;202100005115;192 633;B01;1;50;0;2;1;19;3;
7760;202100005116;192 631;A01;2;7;0;1;1;16;1;
7761;202100005117;192 629;B01;3;10;0;2;3;26;1;
7762;202100005117;192 630;A01;3;7;0;2;1;13;1;
7763;202100005118;192 628;A01;2;34;0;2;7;16;1;
7764;202100005119;192 627;A01;1;7;0;1;3;19;2;
7765;202100005120;192 626;A01;3;7;0;9;3;13;1;
7766;202100005121;192 624;A01;1;7;0;2;5;15;1;
7767;202100005121;192 625;B01;1;33;0;2;0;17;1;
7768;202100005122;192 623;A01;-1;7;0;1;1;16;2;
7769;202100005123;192 622;A01;3;37;0;1;2;26;2;1.0
7770;202100005124;192 620;A01;2;50;1;2;1;2;3;
7771;202100005124;192 621;B01;0;7;0;2;0;0;0;
7772;202100005125;192 618;A01;1;7;0;2;1;1;3;
7773;202100005125;192 619;Y01;3;60;0;2;8;19;5;
7774;202100005126;192 616;B01;2;7;1;2;3;15;3;
7775;202100005126;192 617;A01;2;30;1;2;7;26;1;
7776;202100005127;192 615;A01;3;14;9;1;2;20;1;
7777;202100005128;192 613;Y01;0;0;0;2;0;0;-1;
7778;202100005128;192 614;A01;1;32;1;0;1;2;1;
7779;202100005129;192 609;B01;3;1;1;0;1;1;5;
7780;202100005129;192 610;A01;3;7;0;2;7;24;1;
7781;202100005130;192 607;A01;3;3;0;9;8;24;1;
7782;202100005130;192 608;B01;3;1;1;0;1;1;5;
7783;202100005131;192 605;A01;3;7;0;2;3;1;1;
7784;202100005131;192 606;B01;3;2;0;2;0;0;1;
7785;202100005132;192 604;A01;2;3;0;1;2;16;1;
7786;202100005133;192 601;B01;1;15;0;2;4;2;0;
7787;202100005133;192 602;A01;1;7;0;2;1;2;1;
7788;202100005134;192 599;B01;0;7;0;2;1;1;3;
7789;202100005134;192 600;A01;1;7;0;2;7;1;1;
7790;202100005135;192 598;A01;2;7;0;1;3;1;1;
7791;202100005136;192 596;A01;1;7;0;2;6;4;1;
7792;202100005136;192 597;B01;1;33;0;2;1;17;1;
7793;202100005137;192 595;A01;1;7;0;1;2;2;1;
7794;202100005138;192 594;A01;1;7;2;0;1;13;1;
7795;202100005139;192 591;A01;2;7;0;2;1;2;1;
7796;202100005139;192 592;B01;2;7;0;2;4;1;1;
7797;202100005139;192 593;C01;2;10;0;2;4;1;1;
7798;202100005140;192 589;B01;2;15;0;0;4;0;0;
7799;202100005140;192 590;A01;2;7;3;2;1;17;1;
7800;202100005141;192 587;A01;1;33;0;2;1;2;1;
7801;202100005141;192 588;B01;1;7;0;2;4;2;1;
7802;202100005142;192 585;B01;1;7;0;2;3;1;1;
7803;202100005142;192 586;A01;1;7;0;2;2;15;1;
7804;202100005143;192 584;A01;3;7;0;1;1;1;1;
7805;202100005144;192 582;B01;1;10;0;2;3;16;1;
7806;202100005144;192 583;A01;1;2;0;2;3;17;1;
7807;202100005145;192 577;A01;1;33;0;2;1;18;1;
7808;202100005145;192 578;B01;1;7;0;2;5;1;1;
7809;202100005145;192 579;C01;1;7;3;2;1;1;1;
7810;202100005146;192 575;B01;1;7;0;2;1;1;2;
7811;202100005146;192 576;A01;2;7;0;2;1;13;3;
7812;202100005147;192 572;C01;1;7;0;2;1;1;1;
7813;202100005147;192 573;B01;2;7;0;2;1;2;1;
7814;202100005147;192 574;A01;1;7;0;2;7;15;1;
7815;202100005148;192 570;A01;3;7;0;2;6;10;1;
7816;202100005148;192 571;B01;3;33;0;2;1;2;1;
7817;202100005149;192 569;A01;2;7;0;1;2;1;1;
7818;202100005150;192 568;A01;1;7;7;0;1;13;1;
7819;202100005151;192 567;A01;2;7;13;0;1;1;1;
7820;202100005152;192 566;A01;1;7;0;0;1;0;1;
7821;202100005153;192 564;B01;1;7;0;0;6;23;1;
7822;202100005153;192 565;A01;1;7;1;1;5;2;1;
7823;202100005154;192 563;A01;2;7;3;0;1;26;1;
7824;202100005155;192 561;B01;1;2;0;2;1;2;1;
7825;202100005155;192 562;A01;1;10;0;0;5;2;1;
7826;202100005156;192 560;A01;3;10;0;1;2;1;1;
7827;202100005157;192 558;B01;0;7;0;2;7;0;1;
7828;202100005157;192 559;A01;0;2;0;2;7;17;1;
7829;202100005158;192 557;A01;3;10;0;1;3;1;1;
7830;202100005159;192 555;B01;2;2;0;2;1;1;1;
7831;202100005159;192 556;A01;1;10;0;2;2;15;1;
7832;202100005160;192 553;B01;2;99;0;2;1;1;1;
7833;202100005160;192 554;A01;1;7;0;2;2;1;1;
7834;202100005161;192 551;A01;2;10;0;2;3;13;1;
7835;202100005161;192 552;B01;1;7;0;2;3;13;1;
7836;202100005162;192 549;A01;2;7;13;0;8;15;1;
7837;202100005163;192 548;A01;1;7;11;0;1;26;1;
7838;202100005164;192 547;A01;2;15;6;0;3;1;1;
7839;202100005165;192 545;A01;2;10;0;2;1;2;1;
7840;202100005165;192 546;B01;2;17;0;2;4;2;1;
7841;202100005166;192 543;A01;2;7;0;2;1;2;1;
7842;202100005166;192 544;B01;2;7;0;0;4;2;2;
7843;202100005167;192 542;A01;2;7;0;1;1;1;1;
7844;202100005168;192 541;A01;2;0;0;1;7;1;0;
7845;202100005169;192 538;A01;1;7;0;2;3;2;1;
7846;202100005169;192 539;B01;1;7;0;2;1;2;1;
7847;202100005169;192 540;C01;1;17;0;0;4;2;1;
7848;202100005170;192 537;A01;3;7;0;1;1;1;1;
7849;202100005171;192 535;B01;2;17;0;2;1;1;1;
7850;202100005171;192 536;A01;1;7;0;2;1;1;1;
7851;202100005172;192 533;A01;1;10;0;2;1;19;1;
7852;202100005172;192 534;B01;2;7;0;0;7;1;1;
7853;202100005173;192 532;A01;1;7;13;0;1;21;1;
7854;202100005174;192 531;A01;2;0;0;1;0;2;0;
7855;202100005175;192 530;A01;2;7;10;0;1;14;1;
7856;202100005176;192 528;A01;1;7;0;0;6;9;1;
7857;202100005176;192 529;B01;1;31;0;2;1;1;1;
7858;202100005177;192 527;A01;1;7;6;0;1;1;1;
7859;202100005178;192 525;A01;1;7;0;2;3;13;1;
7860;202100005178;192 526;B01;2;7;0;2;3;1;1;
7861;202100005179;192 524;A01;0;7;2;0;1;1;1;
7862;202100005180;192 523;A01;1;7;0;1;2;1;1;
7863;202100005181;192 520;A01;2;7;0;2;3;13;1;
7864;202100005181;192 521;B01;1;7;0;2;3;1;1;
7865;202100005181;192 522;C01;1;7;0;2;8;1;1;
7866;202100005182;192 517;C01;1;7;0;2;8;1;1;
7867;202100005182;192 518;B01;1;7;0;2;8;1;1;
7868;202100005182;192 519;A01;1;10;0;2;1;1;1;
7869;202100005183;192 514;A01;1;7;0;2;4;0;1;
7870;202100005183;192 515;B01;1;7;0;2;4;0;1;
7871;202100005183;192 516;C01;1;10;0;2;1;0;1;
7872;202100005184;192 511;A01;2;7;0;2;4;2;1;
7873;202100005184;192 512;B01;2;7;0;2;4;2;1;
7874;202100005184;192 513;C01;2;7;0;2;1;2;1;
7875;202100005185;192 508;A01;2;7;0;2;4;1;1;
7876;202100005185;192 509;B01;2;7;0;2;1;1;1;
7877;202100005185;192 510;C01;1;13;0;2;1;2;1;
7878;202100005186;192 506;B01;1;7;0;2;1;2;1;
7879;202100005186;192 507;A01;1;7;0;2;4;2;1;
7880;202100005187;192 504;A01;1;7;0;2;4;2;1;
7881;202100005187;192 505;B01;1;10;0;2;1;2;1;
7882;202100005188;192 503;A01;1;7;4;0;8;12;1;
7883;202100005189;192 502;A01;2;7;2;0;1;0;1;
7884;202100005190;192 500;B01;1;17;1;0;2;1;1;
7885;202100005190;192 501;A01;1;7;1;2;8;24;1;
7886;202100005191;192 498;B01;2;7;0;2;1;1;1;
7887;202100005191;192 499;A01;1;7;0;2;7;15;2;
7888;202100005193;192 494;B01;1;7;0;2;4;2;1;
7889;202100005193;192 495;A01;1;7;0;2;0;2;1;
7890;202100005194;192 492;A01;2;14;0;2;2;1;1;
7891;202100005194;192 493;B01;2;7;0;2;8;11;1;
7892;202100005195;192 489;C01;1;7;0;2;4;2;1;
7893;202100005195;192 490;B01;1;7;0;2;1;2;2;
7894;202100005195;192 491;A01;1;10;0;2;1;2;1;
7895;202100005197;192 483;C01;1;7;0;2;4;2;1;
7896;202100005197;192 484;B01;1;7;0;2;4;2;1;
7897;202100005197;192 485;A01;1;7;0;2;1;2;1;
7898;202100005198;192 481;B01;2;33;0;2;1;3;1;
7899;202100005198;192 482;A01;2;7;0;2;2;11;1;
7900;202100005199;192 479;A01;2;7;0;2;5;23;1;
7901;202100005199;192 480;B01;2;7;14;2;3;26;1;
7902;202100005200;192 477;B01;2;7;4;2;7;3;1;
7903;202100005200;192 478;A01;2;7;0;2;6;11;1;
7904;202100005201;192 474;C01;2;10;0;2;6;1;1;
7905;202100005201;192 475;B01;2;7;0;2;2;14;1;
7906;202100005201;192 476;A01;2;32;0;2;1;3;1;
7907;202100005202;192 472;A01;2;7;0;2;1;1;1;
7908;202100005202;192 473;B01;2;7;0;2;4;1;1;
7909;202100005203;192 471;A01;1;7;0;0;4;26;1;
7910;202100005204;192 469;A01;3;7;1;0;3;26;1;
7911;202100005204;192 470;B01;3;7;0;2;1;1;1;
7912;202100005205;192 468;A01;2;7;0;1;2;2;1;
7913;202100005206;192 467;A01;2;37;0;1;3;26;2;1.0
7914;202100005207;192 466;A01;1;7;0;1;2;1;1;
7915;202100005209;192 464;Z01;3;7;0;1;0;0;1;
7916;202100005210;192 463;A01;2;30;0;0;3;15;1;
7917;202100005212;192 460;A01;1;30;0;2;1;9;1;
7918;202100005212;192 461;B01;2;7;0;2;7;1;1;
7919;202100005213;192 458;A01;1;7;0;2;1;2;1;
7920;202100005213;192 459;B01;2;7;0;2;4;2;1;
7921;202100005214;192 456;B01;2;7;0;2;1;1;1;
7922;202100005214;192 457;A01;1;30;0;2;1;13;1;
7923;202100005215;192 453;A01;1;7;0;1;2;1;1;
7924;202100005216;192 451;B01;3;30;0;2;2;13;1;
7925;202100005216;192 452;A01;3;7;0;2;6;2;1;
7926;202100005217;192 450;A01;1;37;0;1;7;1;1;1.0
7927;202100005218;192 449;A01;1;7;0;1;1;15;1;
7928;202100005219;192 447;B01;2;31;0;2;3;3;1;
7929;202100005219;192 448;A01;2;7;0;2;5;12;1;
7930;202100005220;192 446;A01;1;10;0;0;1;14;1;
7931;202100005221;192 445;A01;0;37;0;0;0;0;0;1.0
7932;202100005222;192 444;A01;0;99;0;0;0;0;3;
7933;202100005223;192 442;B01;2;33;0;2;1;1;1;
7934;202100005223;192 443;A01;1;7;0;2;1;15;1;
7935;202100005224;192 441;A01;3;33;14;0;1;17;1;
7936;202100005225;192 439;B01;2;7;0;2;1;12;1;
7937;202100005225;192 440;A01;2;7;0;2;4;1;1;
7938;202100005226;192 438;A01;2;7;1;0;1;14;1;
7939;202100005228;192 436;A01;2;7;4;0;3;1;1;
7940;202100005229;192 434;A01;1;10;0;2;1;0;1;
7941;202100005229;192 435;B01;1;34;0;2;8;0;1;
7942;202100005230;192 432;B01;1;31;0;2;8;1;1;
7943;202100005230;192 433;A01;2;7;0;2;3;15;1;
7944;202100005231;192 430;A01;1;7;0;2;3;19;1;
7945;202100005231;192 431;B01;1;99;0;0;0;0;0;
7946;202100005232;192 428;A01;1;10;0;2;3;13;1;
7947;202100005232;192 429;B01;2;7;0;2;1;1;1;
7948;202100005233;192 427;A01;1;10;0;1;2;16;1;
7949;202100005234;192 426;A01;3;7;0;1;2;1;1;
7950;202100005235;192 424;A01;1;7;6;2;8;1;1;
7951;202100005235;192 425;B01;1;10;0;2;0;13;1;
7952;202100005236;192 422;B01;1;32;0;9;0;0;1;
7953;202100005236;192 423;A01;1;7;0;9;0;26;1;
7954;202100005237;192 419;A01;2;7;0;2;1;1;1;
7955;202100005237;192 420;B01;2;7;0;2;3;1;1;
7956;202100005238;192 417;A01;1;7;0;2;7;1;1;
7957;202100005238;192 418;B01;1;2;0;2;1;1;1;
7958;202100005239;192 416;A01;1;7;0;1;5;1;1;
7959;202100005240;192 414;A01;2;7;0;2;6;10;1;
7960;202100005240;192 415;B01;2;37;0;2;2;1;1;1.0
7961;202100005241;192 412;A01;1;7;0;2;3;1;1;
7962;202100005241;192 413;B01;2;7;0;2;2;1;1;
7963;202100005243;192 410;Z01;3;0;1;1;0;0;0;
7964;202100005244;192 409;A01;3;7;0;1;1;1;1;
7965;202100005245;192 407;B01;3;7;0;2;4;1;1;
7966;202100005245;192 408;A01;3;2;0;2;1;2;1;
7967;202100005246;192 406;A01;3;7;0;1;1;1;1;
7968;202100005247;192 404;A01;1;10;0;2;7;15;1;
7969;202100005247;192 405;B01;2;33;0;2;1;1;1;
7970;202100005248;192 402;A01;1;7;0;9;3;1;1;
7971;202100005248;192 403;B01;1;1;0;2;6;15;5;
7972;202100005249;192 401;A01;1;10;0;1;2;1;1;
7973;202100005250;192 400;A01;1;7;0;1;2;2;1;
7974;202100005251;192 399;A01;0;7;9;0;1;1;1;
7975;202100005252;192 396;A01;3;7;0;2;1;2;1;
7976;202100005252;192 397;B01;3;7;0;2;4;2;1;
7977;202100005252;192 398;C01;3;7;0;2;4;1;1;
7978;202100005253;192 394;A01;2;33;0;2;1;1;1;
7979;202100005253;192 395;B01;2;7;0;2;4;1;1;
7980;202100005254;192 391;A01;2;7;0;2;1;13;1;
7981;202100005254;192 392;B01;1;7;0;2;3;1;1;
7982;202100005255;192 388;B01;1;10;0;2;5;15;1;
7983;202100005255;192 389;A01;2;33;0;2;1;1;1;
7984;202100005256;192 384;B01;3;7;13;2;2;26;1;
7985;202100005256;192 385;A01;3;7;13;2;1;26;1;
7986;202100005257;192 383;A01;0;31;0;0;0;14;1;
7987;202100005258;192 382;A01;1;7;0;9;1;1;1;
7988;202100005259;192 381;Z01;3;3;0;1;1;1;0;
7989;202100005260;192 379;A01;3;50;0;2;1;1;3;
7990;202100005260;192 380;B01;3;7;0;2;2;1;1;
7991;202100005261;192 377;B01;2;7;0;2;1;1;1;
7992;202100005261;192 378;A01;2;7;0;2;1;15;1;
7993;202100005262;192 376;A01;3;32;8;0;1;1;1;
7994;202100005263;192 375;A01;3;7;0;1;1;17;1;
7995;202100005264;192 374;A01;1;7;0;1;3;9;1;
7996;202100005265;192 372;B01;1;7;0;2;5;2;1;
7997;202100005265;192 373;A01;1;7;0;2;2;2;1;
7998;202100005266;192 371;A01;1;7;0;1;1;1;3;
7999;202100005268;192 368;B01;2;2;0;2;7;1;1;
8000;202100005268;192 369;A01;1;10;0;2;3;9;1;
8001;202100005269;192 367;A01;1;7;9;0;1;13;1;
8002;202100005270;192 365;B01;2;7;0;2;1;1;1;
8003;202100005270;192 366;A01;2;7;0;2;1;9;1;
8004;202100005271;192 363;A01;2;7;0;2;1;9;1;
8005;202100005271;192 364;B01;1;7;0;1;2;1;1;
8006;202100005272;192 362;A01;1;7;0;1;1;1;1;
8007;202100005274;192 359;B01;1;7;0;2;2;1;1;
8008;202100005274;192 360;A01;2;30;0;2;1;16;1;
8009;202100005275;192 357;B01;1;7;0;2;4;2;1;
8010;202100005275;192 358;A01;1;10;0;2;1;2;1;
8011;202100005276;192 355;A01;1;7;0;2;1;2;1;
8012;202100005276;192 356;B01;1;7;0;2;4;2;1;
8013;202100005277;192 353;B01;3;33;0;2;7;1;1;
8014;202100005277;192 354;A01;3;10;0;2;2;15;1;
8015;202100005278;192 351;A01;1;7;0;2;1;5;1;
8016;202100005278;192 352;B01;2;7;0;2;1;1;1;
8017;202100005279;192 349;A01;2;7;0;2;1;5;1;
8018;202100005279;192 350;B01;1;2;0;2;1;1;0;
8019;202100005280;192 347;B01;1;1;0;2;1;1;0;
8020;202100005280;192 348;A01;1;7;0;2;1;11;1;
8021;202100005282;192 343;A01;3;7;0;2;1;1;3;
8022;202100005282;192 344;B01;3;7;0;2;6;0;1;
8023;202100005283;192 342;A01;1;7;0;1;2;13;1;
8024;202100005284;192 341;Z01;2;7;0;1;0;26;0;
8025;202100005285;192 339;B01;2;50;0;2;1;19;3;
8026;202100005285;192 340;A01;2;7;0;9;2;15;1;
8027;202100005286;192 338;A01;3;7;0;1;3;15;1;
8028;202100005287;192 336;A01;3;15;0;2;1;1;1;
8029;202100005287;192 337;B01;3;7;0;2;1;11;1;
8030;202100005288;192 333;A01;1;7;0;1;5;1;1;
8031;202100005289;192 331;B01;2;10;0;2;1;1;1;
8032;202100005289;192 332;A01;1;7;0;2;8;9;1;
8033;202100005290;192 330;A01;2;7;0;1;3;1;1;
8034;202100005291;192 328;A01;2;7;0;2;1;13;1;
8035;202100005291;192 329;B01;1;7;0;2;2;1;1;
8036;202100005292;192 327;A01;1;7;15;2;1;5;1;
8037;202100005293;192 325;B01;1;7;0;2;3;1;1;
8038;202100005293;192 326;A01;2;7;0;2;2;19;1;
8039;202100005295;192 322;B01;2;7;0;9;7;16;1;
8040;202100005295;192 323;A01;2;2;0;2;1;7;1;
8041;202100005296;192 321;A01;1;7;0;1;3;1;1;
8042;202100005297;192 319;A01;1;7;0;2;8;26;1;
8043;202100005297;192 320;B01;1;7;0;2;1;26;1;
8044;202100005298;192 318;A01;1;7;0;1;1;1;1;
8045;202100005299;192 317;A01;1;7;8;0;9;21;1;
8046;202100005301;192 314;A01;1;7;0;9;3;9;1;
8047;202100005301;192 315;B01;1;1;0;2;2;1;5;
8048;202100005302;192 312;B01;2;33;0;2;7;1;1;
8049;202100005302;192 313;A01;1;7;0;2;5;15;1;
8050;202100005303;192 309;A01;1;3;0;2;1;13;1;
8051;202100005303;192 310;B01;2;7;0;2;1;1;1;
8052;202100005303;192 311;C01;2;7;0;2;8;1;1;
8053;202100005304;192 307;B01;1;2;0;2;1;1;1;
8054;202100005304;192 308;A01;1;7;0;2;3;19;1;
8055;202100005305;192 305;Z01;1;7;0;2;8;5;1;