;Num_Acc;id_vehicule;num_veh;senc;catv;obs;obsm;choc;manv;motor;occutc
8056;202100005305;192 306;B01;1;7;0;2;1;1;1;
8057;202100005306;192 303;A01;1;7;0;2;3;16;1;
8058;202100005306;192 304;B01;1;32;0;2;1;1;1;
8059;202100005307;192 301;A01;1;15;1;0;1;14;1;
8060;202100005307;192 302;B01;1;7;0;2;8;23;1;
8061;202100005308;192 300;A01;3;7;1;0;1;0;1;
8062;202100005309;192 299;A01;3;7;15;0;2;14;1;
8063;202100005310;192 298;A01;3;1;14;0;1;1;5;
8064;202100005311;192 296;A01;3;7;0;2;2;15;1;
8065;202100005311;192 297;B01;3;2;0;2;1;1;1;
8066;202100005312;192 294;B01;2;2;0;2;4;2;1;
8067;202100005312;192 295;A01;2;7;0;2;1;2;1;
8068;202100005314;192 290;B01;1;33;0;2;8;1;1;
8069;202100005314;192 291;A01;2;7;0;2;3;15;1;
8070;202100005315;192 288;A01;3;7;0;2;1;1;1;
8071;202100005315;192 289;B01;0;7;0;2;5;1;1;
8072;202100005316;192 287;A01;0;37;0;1;2;16;1;1.0
8073;202100005317;192 285;A01;1;7;0;2;1;2;1;
8074;202100005317;192 286;B01;1;7;0;1;1;1;1;
8075;202100005318;192 283;A01;3;7;0;2;5;20;1;
8076;202100005318;192 284;B01;2;1;0;2;5;1;5;
8077;202100005319;192 281;B01;2;1;0;2;2;15;5;
8078;202100005319;192 282;A01;1;7;0;2;1;2;1;
8079;202100005320;192 279;A01;2;10;0;2;1;1;1;
8080;202100005320;192 280;B01;3;38;0;0;4;2;1;1.0
8081;202100005322;192 275;A01;3;7;0;1;1;26;1;
8082;202100005323;192 273;A01;1;7;0;2;8;2;1;
8083;202100005323;192 274;B01;2;31;0;2;8;17;1;
8084;202100005324;192 272;A01;1;3;0;1;1;1;3;
8085;202100005325;192 270;B01;2;80;0;2;7;1;3;
8086;202100005325;192 271;A01;2;7;0;2;1;9;1;
8087;202100005326;192 269;A01;1;30;8;0;1;26;1;
8088;202100005328;192 266;A01;1;7;17;0;1;13;1;
8089;202100005329;192 264;A01;3;7;0;2;3;17;1;
8090;202100005329;192 265;B01;3;17;0;2;6;1;1;
8091;202100005330;192 262;B01;2;7;0;2;3;1;1;
8092;202100005330;192 263;A01;1;7;0;2;3;13;1;
8093;202100005331;192 261;A01;2;31;4;0;1;13;1;
8094;202100005332;192 259;A01;1;7;0;2;2;15;1;
8095;202100005332;192 260;B01;2;33;0;2;1;1;1;
8096;202100005333;192 257;B01;0;30;0;2;2;1;3;
8097;202100005333;192 258;A01;0;7;0;2;4;4;1;
8098;202100005334;192 256;A01;0;30;0;0;2;1;1;
8099;202100005335;192 255;A01;0;1;12;0;1;1;5;
8100;202100005336;192 254;A01;0;33;0;0;2;1;1;
8101;202100005337;192 253;A01;0;7;8;0;2;16;1;
8102;202100005338;192 249;A01;1;7;0;2;2;13;1;
8103;202100005338;192 250;B01;2;7;0;2;1;1;1;
8104;202100005340;192 245;A01;1;7;0;1;3;1;1;
8105;202100005340;192 246;B01;2;7;0;1;3;1;2;
8106;202100005341;192 243;A01;2;50;0;2;1;21;3;
8107;202100005341;192 244;B01;2;13;0;2;5;16;1;
8108;202100005342;192 239;B01;3;30;0;2;1;17;1;
8109;202100005342;192 240;A01;3;7;0;2;1;15;1;
8110;202100005343;192 237;B01;0;2;0;2;1;1;1;
8111;202100005343;192 238;A01;0;7;0;2;2;11;1;
8112;202100005345;192 233;B01;3;7;0;2;3;1;1;
8113;202100005345;192 234;A01;3;7;0;2;2;19;1;
8114;202100005346;192 231;A01;1;7;0;2;8;10;1;
8115;202100005346;192 232;B01;1;43;0;2;1;1;1;
8116;202100005347;192 229;A01;0;7;0;2;2;20;1;
8117;202100005347;192 230;B01;0;7;0;2;2;1;1;
8118;202100005348;192 226;A01;2;30;0;2;1;17;1;
8119;202100005348;192 227;C01;1;7;0;0;3;1;1;
8120;202100005348;192 228;B01;0;7;0;0;3;0;1;
8121;202100005350;192 224;A01;1;7;6;0;3;1;1;
8122;202100005351;192 222;B01;3;7;8;2;1;1;1;
8123;202100005351;192 223;Z01;3;7;0;2;3;19;1;
8124;202100005352;192 220;B01;1;31;0;2;1;0;1;
8125;202100005352;192 221;A01;1;7;0;2;4;23;1;
8126;202100005353;192 218;B01;3;7;0;2;4;1;1;
8127;202100005353;192 219;A01;3;33;0;2;1;1;1;
8128;202100005354;192 217;Z01;1;0;0;1;3;1;0;
8129;202100005355;192 215;B01;3;50;0;2;0;5;3;
8130;202100005355;192 216;Z01;3;7;0;9;0;1;1;
8131;202100005356;192 211;A01;3;15;0;2;1;2;1;
8132;202100005356;192 212;B01;3;7;0;2;4;2;1;
8133;202100005356;192 213;C01;3;7;0;2;4;2;1;
8134;202100005356;192 214;D01;3;7;0;2;4;2;1;
8135;202100005357;192 209;A01;2;80;0;2;1;17;3;
8136;202100005357;192 210;B01;1;7;0;2;3;15;1;
8137;202100005358;192 207;B01;3;7;1;2;3;16;1;
8138;202100005358;192 208;A01;3;2;0;2;1;1;1;
8139;202100005359;192 205;A01;3;80;0;2;7;15;3;
8140;202100005359;192 206;Z01;3;7;0;2;0;15;0;
8141;202100005360;192 204;A01;0;7;2;0;1;13;1;
8142;202100005361;192 202;A01;1;10;0;2;1;1;1;
8143;202100005361;192 203;B01;3;10;0;2;7;15;0;
8144;202100005362;192 200;A01;3;50;0;0;7;2;3;
8145;202100005362;192 201;B01;1;1;0;0;6;2;5;
8146;202100005363;192 199;A01;1;7;0;1;0;1;1;
8147;202100005364;192 197;B01;1;7;0;0;0;0;1;
8148;202100005364;192 198;A01;0;2;0;2;1;2;1;
8149;202100005365;192 195;B01;1;34;1;2;1;1;1;
8150;202100005365;192 196;A01;3;13;0;2;4;4;1;
8151;202100005366;192 194;A01;1;7;0;1;1;15;1;
8152;202100005368;192 188;D01;2;7;0;2;0;15;1;
8153;202100005368;192 189;C01;1;10;0;2;3;1;1;
8154;202100005368;192 190;B01;2;7;0;2;6;23;1;
8155;202100005368;192 191;A01;2;7;0;2;2;21;1;
8156;202100005369;192 187;A01;1;7;0;1;1;0;1;
8157;202100005370;192 186;A01;2;10;0;1;3;15;1;
8158;202100005371;192 185;A01;2;7;0;1;1;1;2;
8159;202100005372;192 184;A01;2;7;0;1;7;1;1;
8160;202100005373;192 182;B01;1;32;0;2;1;1;1;
8161;202100005373;192 183;A01;1;1;0;2;8;1;5;
8162;202100005374;192 180;A01;1;30;0;2;1;2;1;
8163;202100005374;192 181;B01;1;7;0;2;4;23;2;
8164;202100005375;192 179;A01;1;30;0;1;2;15;1;
8165;202100005376;192 178;A01;1;30;0;0;8;1;1;
8166;202100005377;192 177;A01;1;32;0;0;8;1;1;
8167;202100005378;192 176;A01;1;30;0;0;2;1;1;
8168;202100005379;192 174;A01;2;30;0;2;7;1;1;
8169;202100005379;192 175;B01;1;7;0;2;1;1;1;
8170;202100005380;192 173;A01;1;50;0;1;8;1;3;
8171;202100005381;192 171;A01;1;7;0;2;5;16;1;
8172;202100005381;192 172;B01;2;50;0;2;1;1;3;
8173;202100005382;192 170;A01;2;10;0;1;2;5;1;
8174;202100005383;192 168;A01;1;1;0;2;1;17;5;
8175;202100005383;192 169;B01;1;80;0;2;6;1;3;
8176;202100005384;192 167;A01;1;32;0;1;8;1;1;
8177;202100005385;192 165;B01;2;33;0;2;1;1;1;
8178;202100005385;192 166;A01;1;7;0;2;6;15;1;
8179;202100005386;192 163;B01;2;33;0;2;1;5;1;
8180;202100005386;192 164;A01;2;7;0;2;8;10;1;
8181;202100005387;192 162;A01;1;31;0;0;7;1;1;
8182;202100005390;192 156;A01;2;10;0;1;1;16;0;
8183;202100005391;192 155;A01;2;7;0;1;3;2;1;
8184;202100005392;192 153;A01;1;7;0;2;7;0;0;
8185;202100005392;192 154;B01;2;32;0;2;1;0;0;
8186;202100005393;192 152;A01;0;10;0;1;3;15;1;
8187;202100005394;192 151;A01;1;10;0;1;2;1;1;
8188;202100005395;192 149;B01;-1;7;2;0;4;23;1;
8189;202100005395;192 150;A01;-1;3;0;2;1;1;1;
8190;202100005396;192 148;A01;0;34;0;0;1;17;1;
8191;202100005397;192 146;B01;2;33;0;2;1;1;1;
8192;202100005397;192 147;A01;2;7;0;2;6;15;1;
8193;202100005398;192 145;A01;2;7;0;1;8;22;1;
8194;202100005399;192 143;A01;1;33;12;2;1;5;1;
8195;202100005399;192 144;B01;1;10;0;0;3;1;1;
8196;202100005400;192 141;B01;2;2;0;2;3;1;1;
8197;202100005400;192 142;A01;1;10;0;2;3;13;1;
8198;202100005401;192 139;B01;2;10;0;2;8;1;1;
8199;202100005401;192 140;A01;2;30;0;2;7;1;1;
8200;202100005402;192 137;B01;1;30;0;0;0;0;1;
8201;202100005402;192 138;A01;1;50;0;2;1;1;3;
8202;202100005403;192 136;A01;1;32;0;0;0;1;1;
8203;202100005404;192 134;A01;1;2;0;2;7;9;1;
8204;202100005404;192 135;B01;3;7;0;2;2;9;1;
8205;202100005406;192 132;A01;1;7;0;1;1;1;1;
8206;202100005407;192 130;B01;2;14;0;0;4;1;1;
8207;202100005407;192 131;A01;2;10;0;2;1;2;1;
8208;202100005408;192 129;A01;2;7;0;0;3;16;1;
8209;202100005409;192 127;B01;2;2;0;2;7;1;1;
8210;202100005409;192 128;A01;3;7;0;2;2;19;1;
8211;202100005410;192 125;A01;2;7;2;0;2;0;1;
8212;202100005411;192 121;A01;2;7;0;2;4;2;1;
8213;202100005411;192 122;B01;2;7;0;2;1;2;1;
8214;202100005412;192 120;A01;1;7;2;0;3;1;1;
8215;202100005413;192 118;B01;2;7;0;2;1;1;1;
8216;202100005413;192 119;A01;1;7;7;2;9;13;1;
8217;202100005414;192 116;B01;1;15;13;2;3;1;1;
8218;202100005414;192 117;A01;2;7;13;2;3;13;1;
8219;202100005417;192 112;A01;1;7;2;0;7;14;1;
8220;202100005418;192 111;A01;2;10;0;1;2;23;1;
8221;202100005419;192 110;A01;2;7;0;0;1;1;1;
8222;202100005420;192 108;B01;2;7;0;2;3;1;1;
8223;202100005420;192 109;A01;1;7;0;2;3;11;1;
8224;202100005421;192 106;B01;0;7;0;2;1;0;1;
8225;202100005421;192 107;A01;0;7;0;2;1;0;1;
8226;202100005422;192 104;A01;2;3;6;0;3;1;1;
8227;202100005423;192 102;A01;0;7;0;2;2;13;1;
8228;202100005423;192 103;B01;0;7;0;2;1;1;1;
8229;202100005424;192 101;A01;1;7;13;0;1;1;1;
8230;202100005425;192 100;A01;1;33;10;0;2;1;1;
8231;202100005426;192 098;B01;1;7;0;9;3;1;1;
8232;202100005426;192 099;A01;2;2;0;2;1;0;1;
8233;202100005427;192 095;C01;2;7;0;2;1;1;1;
8234;202100005427;192 096;B01;2;7;14;2;1;1;1;
8235;202100005427;192 097;A01;2;7;0;2;4;1;1;
8236;202100005428;192 091;A01;1;7;7;2;1;17;1;
8237;202100005428;192 092;B01;2;7;0;2;1;1;1;
8238;202100005428;192 093;C01;1;15;0;0;8;2;1;
8239;202100005429;192 090;A01;2;10;10;0;1;1;1;
8240;202100005430;192 088;B01;2;7;0;2;6;1;1;
8241;202100005430;192 089;A01;1;7;0;2;3;13;1;
8242;202100005431;192 087;A01;2;7;2;0;7;13;1;
8243;202100005432;192 086;A01;2;3;0;1;1;1;1;
8244;202100005433;192 085;A01;1;7;0;1;1;1;1;
8245;202100005434;192 084;A01;2;7;13;0;1;14;1;
8246;202100005435;192 082;B01;2;7;0;2;3;1;1;
8247;202100005435;192 083;A01;1;32;0;2;1;0;1;
8248;202100005437;192 078;A01;1;7;0;2;1;13;1;
8249;202100005437;192 079;B01;2;7;0;2;1;13;1;
8250;202100005438;192 076;A01;1;10;0;2;1;1;1;
8251;202100005438;192 077;B01;2;7;0;2;1;1;1;
8252;202100005439;192 073;A01;0;20;12;0;0;1;1;
8253;202100005440;192 071;A01;2;7;0;2;2;15;1;
8254;202100005440;192 072;B01;2;50;0;2;1;17;3;
8255;202100005441;192 069;B01;1;15;0;0;6;24;1;
8256;202100005441;192 070;A01;1;15;1;0;2;1;1;
8257;202100005443;192 065;A01;2;7;0;2;8;2;1;
8258;202100005443;192 066;B01;2;15;0;2;2;17;1;
8259;202100005444;192 061;D01;1;7;0;2;1;2;1;
8260;202100005444;192 062;C01;1;7;0;2;2;2;1;
8261;202100005444;192 063;B01;1;7;0;2;4;2;1;
8262;202100005444;192 064;A01;1;7;0;2;5;2;1;
8263;202100005445;192 060;A01;1;7;0;1;1;1;1;
8264;202100005446;192 059;A01;2;7;16;0;0;1;0;
8265;202100005447;192 058;A01;1;7;0;0;1;0;1;
8266;202100005450;192 052;A01;1;7;0;2;6;15;1;
8267;202100005450;192 053;B01;2;33;0;2;1;1;1;
8268;202100005451;192 050;B01;2;7;0;2;1;1;1;
8269;202100005451;192 051;A01;1;7;0;2;1;13;1;
8270;202100005452;192 046;D01;0;7;0;2;4;1;1;
8271;202100005452;192 047;C01;0;7;0;2;1;1;1;
8272;202100005452;192 048;B01;0;7;0;2;1;1;1;
8273;202100005452;192 049;A01;0;7;0;2;1;1;1;
8274;202100005453;192 042;A01;1;7;0;2;1;5;1;
8275;202100005453;192 043;B01;2;15;0;2;3;1;1;
8276;202100005454;192 040;A01;1;2;0;2;0;0;1;
8277;202100005454;192 041;B01;1;10;0;2;1;1;1;
8278;202100005456;192 037;A01;2;7;0;2;1;15;1;
8279;202100005456;192 038;B01;1;7;0;2;1;1;1;
8280;202100005457;192 036;A01;3;7;0;1;2;1;1;
8281;202100005458;192 034;A01;3;1;0;2;1;25;5;
8282;202100005458;192 035;B01;0;10;0;2;2;1;1;
8283;202100005459;192 032;A01;2;7;0;2;3;9;1;
8284;202100005459;192 033;B01;1;10;0;2;1;1;1;
8285;202100005460;192 029;C01;1;10;0;2;4;2;1;
8286;202100005460;192 030;B01;1;7;0;2;4;2;1;
8287;202100005460;192 031;A01;1;10;0;2;1;1;1;
8288;202100005461;192 027;B01;2;7;0;2;6;1;1;
8289;202100005461;192 028;A01;2;7;0;2;2;12;1;
8290;202100005462;192 026;A01;1;34;4;0;7;21;1;
8291;202100005464;192 018;C01;2;7;0;2;3;11;2;
8292;202100005464;192 019;B01;2;7;0;2;7;1;0;
8293;202100005464;192 020;A01;2;33;0;2;1;3;1;
8294;202100005465;192 017;A01;1;7;4;0;1;1;1;
8295;202100005466;192 015;A01;1;33;0;2;1;1;1;
8296;202100005466;192 016;B01;1;7;0;2;6;13;1;
8297;202100005467;192 014;A01;1;7;1;0;1;1;1;
8298;202100005468;192 012;B01;2;1;0;2;1;1;0;
8299;202100005468;192 013;A01;1;7;0;9;3;1;1;
8300;202100005469;192 010;A01;1;31;0;2;7;0;1;
8301;202100005469;192 011;B01;2;7;0;2;2;23;1;
8302;202100005470;192 009;A01;1;7;0;1;2;1;1;
8303;202100005471;192 007;A01;1;33;0;6;1;1;1;
8304;202100005471;192 008;B01;2;7;0;2;1;1;1;
8305;202100005472;192 006;A01;2;7;1;2;7;26;1;
8306;202100005473;192 004;A01;1;10;0;9;4;20;1;
8307;202100005473;192 005;B01;1;80;0;2;1;1;3;
8308;202100005474;192 003;A01;3;2;0;0;2;26;1;
8309;202100005475;192 001;B01;3;1;0;2;1;1;5;
8310;202100005475;192 002;A01;0;10;0;1;8;0;0;
8311;202100005476;192 000;A01;0;7;0;1;3;15;1;
8312;202100005477;191 998;B01;2;34;0;2;1;17;1;
8313;202100005477;191 999;A01;2;7;0;9;1;26;1;
8314;202100005478;191 997;A01;2;7;0;2;7;19;1;
8315;202100005479;191 996;A01;1;30;0;1;5;17;1;
8316;202100005480;191 994;B01;1;10;0;2;8;11;1;
8317;202100005480;191 995;A01;1;15;0;2;5;1;1;
8318;202100005481;191 993;A01;3;7;8;1;2;16;1;
8319;202100005482;191 992;A01;1;7;4;0;1;19;1;
8320;202100005483;191 990;B01;3;1;12;0;1;2;5;
8321;202100005483;191 991;A01;3;10;0;0;2;16;1;
8322;202100005484;191 989;A01;1;7;8;0;1;14;1;
8323;202100005485;191 987;B01;2;7;0;2;1;1;1;
8324;202100005485;191 988;A01;2;7;0;2;1;15;1;
8325;202100005487;191 985;A01;1;7;0;1;2;15;1;
8326;202100005488;191 983;A01;0;7;9;2;1;1;1;
8327;202100005488;191 984;B01;0;7;0;2;3;1;1;
8328;202100005489;191 982;A01;0;2;0;0;0;15;1;
8329;202100005490;191 980;B01;2;7;0;2;1;1;1;
8330;202100005490;191 981;A01;2;7;0;2;1;1;1;
8331;202100005491;191 978;A01;3;7;8;0;1;0;1;
8332;202100005492;191 976;A01;3;0;0;2;1;0;0;
8333;202100005492;191 977;B01;2;2;0;2;4;1;1;
8334;202100005493;191 973;C01;1;7;0;2;1;1;1;
8335;202100005493;191 974;B01;2;7;0;2;4;1;1;
8336;202100005493;191 975;A01;2;7;0;2;1;2;1;
8337;202100005494;191 971;B01;2;10;0;2;1;16;1;
8338;202100005494;191 972;A01;1;1;0;2;3;5;5;
8339;202100005495;191 969;B01;2;34;0;2;1;1;1;
8340;202100005495;191 970;A01;1;7;0;2;2;15;1;
8341;202100005496;191 967;B01;1;10;0;2;1;1;1;
8342;202100005496;191 968;A01;2;7;0;2;1;13;1;
8343;202100005498;191 964;A01;1;7;0;1;1;1;1;
8344;202100005500;191 961;A01;3;7;0;1;8;26;1;
8345;202100005501;191 960;A01;1;7;0;1;7;1;1;
8346;202100005502;191 958;A01;3;7;0;2;7;1;1;
8347;202100005502;191 959;B01;3;1;0;2;8;9;0;
8348;202100005503;191 957;A01;1;7;15;0;1;1;1;
8349;202100005504;191 955;A01;1;2;0;2;1;2;1;
8350;202100005504;191 956;B01;1;7;0;2;4;2;0;
8351;202100005505;191 954;A01;1;7;0;1;4;4;1;
8352;202100005506;191 952;A01;2;7;0;1;3;1;1;
8353;202100005507;191 950;B01;2;7;0;2;4;2;1;
8354;202100005507;191 951;A01;2;7;0;2;2;2;1;
8355;202100005509;191 948;A01;1;7;3;0;2;1;1;
8356;202100005510;191 946;B01;1;60;0;0;8;1;5;
8357;202100005510;191 947;A01;1;1;0;9;2;1;5;
8358;202100005511;191 945;A01;2;7;0;1;2;1;1;
8359;202100005512;191 943;B01;2;31;0;2;1;26;1;
8360;202100005512;191 944;A01;2;7;0;2;3;10;1;
8361;202100005513;191 940;C01;1;7;0;2;6;1;1;
8362;202100005513;191 941;B01;1;7;0;2;6;1;1;
8363;202100005513;191 942;A01;3;7;0;2;9;26;1;
8364;202100005515;191 936;A01;3;7;0;1;2;1;1;
8365;202100005516;191 934;B01;1;1;0;2;1;1;5;
8366;202100005516;191 935;A01;1;10;0;2;8;9;1;
8367;202100005517;191 933;A01;1;7;4;0;2;26;1;
8368;202100005518;191 931;A01;0;7;0;2;4;1;1;
8369;202100005518;191 932;Z01;0;10;0;2;1;1;0;
8370;202100005519;191 930;A01;3;32;14;0;8;17;1;
8371;202100005521;191 927;A01;0;34;0;0;0;1;1;
8372;202100005522;191 925;B01;1;7;0;2;0;1;1;
8373;202100005522;191 926;A01;2;2;0;2;1;1;1;
8374;202100005523;191 923;A01;1;7;0;2;7;9;1;
8375;202100005523;191 924;Z01;1;7;0;2;1;1;0;
8376;202100005524;191 921;A01;1;10;0;-1;1;1;1;
8377;202100005524;191 922;B01;1;10;0;2;4;2;0;
8378;202100005525;191 919;A01;1;33;12;0;1;1;1;
8379;202100005525;191 920;B01;2;7;0;2;1;1;1;
8380;202100005526;191 918;A01;1;33;12;0;7;0;0;
8381;202100005527;191 916;B01;2;7;0;2;0;1;1;
8382;202100005527;191 917;A01;2;7;0;2;0;1;1;
8383;202100005528;191 915;A01;2;7;7;0;9;1;1;
8384;202100005529;191 913;A01;2;7;0;2;1;2;1;
8385;202100005529;191 914;B01;2;7;0;2;4;2;2;
8386;202100005530;191 912;A01;2;7;0;1;2;1;1;
8387;202100005531;191 911;A01;2;1;0;1;7;17;5;
8388;202100005532;191 909;B01;2;7;0;2;5;15;1;
8389;202100005532;191 910;A01;1;32;0;2;1;1;1;
8390;202100005533;191 907;A01;3;10;0;2;1;2;1;
8391;202100005533;191 908;B01;3;10;0;2;4;2;1;
8392;202100005534;191 905;B01;1;7;0;2;2;15;1;
8393;202100005534;191 906;A01;1;33;0;2;1;1;1;
8394;202100005535;191 904;A01;1;34;0;1;2;1;1;
8395;202100005536;191 902;B01;1;80;0;2;0;1;3;
8396;202100005536;191 903;A01;2;7;0;2;0;15;1;
8397;202100005537;191 901;A01;1;7;0;1;1;15;1;
8398;202100005538;191 900;A01;1;10;0;1;5;1;1;
8399;202100005539;191 899;A01;2;7;0;1;2;16;1;
8400;202100005540;191 898;A01;2;7;0;1;4;4;1;
8401;202100005544;191 891;A01;2;7;0;2;3;13;1;
8402;202100005544;191 892;B01;2;32;0;2;1;17;1;
8403;202100005546;191 888;B01;2;10;0;2;1;1;1;
8404;202100005546;191 889;A01;2;7;0;2;5;1;1;
8405;202100005547;191 886;A01;2;34;12;2;6;15;1;
8406;202100005547;191 887;B01;2;7;0;2;1;1;1;
8407;202100005548;191 884;A01;2;7;0;2;3;15;1;
8408;202100005548;191 885;B01;2;2;0;2;7;17;1;
8409;202100005549;191 883;A01;1;7;1;0;2;1;1;
8410;202100005550;191 881;B01;2;7;0;2;8;1;1;
8411;202100005550;191 882;A01;2;30;0;2;1;1;1;
8412;202100005551;191 879;A01;2;31;0;2;7;2;1;
8413;202100005551;191 880;B01;2;37;0;2;8;24;2;1.0
8414;202100005552;191 878;A01;1;10;0;1;2;13;1;
8415;202100005553;191 874;A01;1;7;0;2;5;23;1;
8416;202100005553;191 875;B01;1;1;0;2;1;2;5;
8417;202100005554;191 872;B01;1;33;0;2;1;1;1;
8418;202100005554;191 873;A01;2;7;0;2;2;15;2;
8419;202100005555;191 870;B01;2;1;1;0;1;1;5;
8420;202100005555;191 871;A01;2;7;0;0;6;22;1;
8421;202100005556;191 866;A01;2;7;0;1;3;19;1;
8422;202100005557;191 865;A01;1;7;1;0;3;14;1;
8423;202100005558;191 863;A01;0;7;0;2;7;1;1;
8424;202100005558;191 864;B01;0;7;0;2;1;1;1;
8425;202100005559;191 861;B01;3;7;0;2;1;1;1;
8426;202100005559;191 862;A01;3;7;0;2;2;1;1;
8427;202100005560;191 859;A01;1;7;0;2;8;1;0;
8428;202100005560;191 860;B01;1;7;0;2;1;15;0;
8429;202100005561;191 857;A01;2;7;0;2;1;1;2;
8430;202100005561;191 858;B01;2;7;0;2;8;20;1;
8431;202100005562;191 856;A01;1;10;0;1;2;1;1;
8432;202100005563;191 854;A01;3;7;0;2;3;9;0;
8433;202100005563;191 855;B01;3;7;0;2;2;2;1;
8434;202100005564;191 853;A01;1;80;0;1;1;1;3;
8435;202100005565;191 851;A01;0;7;0;2;3;26;0;
8436;202100005565;191 852;B01;0;1;0;2;3;15;0;
8437;202100005567;191 848;A01;2;1;0;0;0;0;0;
8438;202100005568;191 847;A01;1;50;0;0;7;19;3;
8439;202100005570;191 844;B01;3;50;0;2;7;19;3;
8440;202100005570;191 845;A01;1;7;0;9;2;1;3;
8441;202100005571;191 842;A01;1;7;1;0;6;24;1;
8442;202100005571;191 843;Y01;1;1;1;0;1;14;5;
8443;202100005572;191 841;A01;1;10;0;1;1;16;1;
8444;202100005573;191 839;A01;1;1;0;2;7;15;5;
8445;202100005573;191 840;B01;2;7;0;2;1;1;1;
8446;202100005574;191 837;B01;2;10;0;2;1;1;1;
8447;202100005574;191 838;A01;2;7;3;2;8;13;6;
8448;202100005575;191 836;A01;3;7;0;1;1;1;1;
8449;202100005576;191 835;A01;3;7;0;1;2;1;1;
8450;202100005578;191 832;B01;2;1;0;2;7;1;5;
8451;202100005578;191 833;A01;1;7;0;2;1;17;1;
8452;202100005579;191 830;A01;0;7;0;2;7;15;1;
8453;202100005579;191 831;B01;3;33;0;2;1;1;1;
8454;202100005580;191 828;A01;2;7;8;2;1;6;1;
8455;202100005580;191 829;B01;1;10;0;2;1;1;1;
8456;202100005581;191 827;A01;0;31;13;0;7;1;1;
8457;202100005582;191 825;A01;3;7;0;0;2;1;1;
8458;202100005582;191 826;B01;3;7;0;2;1;1;1;
8459;202100005584;191 820;B01;3;7;0;2;1;13;1;
8460;202100005584;191 821;A01;3;30;0;0;1;1;3;
8461;202100005585;191 819;A01;1;1;0;0;0;1;5;
8462;202100005586;191 818;A01;2;31;0;6;1;1;1;
8463;202100005587;191 817;A01;1;7;0;1;1;1;1;
8464;202100005588;191 815;B01;1;2;0;2;8;15;1;
8465;202100005588;191 816;A01;1;7;0;2;2;17;1;
8466;202100005589;191 813;B01;2;30;0;2;1;16;1;
8467;202100005589;191 814;A01;1;7;0;2;3;1;1;
8468;202100005590;191 812;A01;1;2;11;0;3;1;1;
8469;202100005591;191 811;A01;1;7;0;1;1;9;1;
8470;202100005592;191 810;A01;1;7;0;0;9;1;1;
8471;202100005593;191 808;B01;1;33;0;2;1;1;1;
8472;202100005593;191 809;A01;1;7;0;0;4;15;1;
8473;202100005594;191 807;A01;2;7;16;0;0;1;2;
8474;202100005595;191 806;A01;1;7;0;1;1;1;1;
8475;202100005597;191 803;A01;1;2;0;2;0;0;1;
8476;202100005597;191 804;B01;2;7;0;2;7;0;1;
8477;202100005599;191 799;B01;2;1;0;2;3;19;5;
8478;202100005599;191 800;A01;2;21;0;2;7;1;1;
8479;202100005600;191 798;A01;1;7;0;1;2;0;0;
8480;202100005601;191 794;A01;1;7;0;2;9;2;1;
8481;202100005601;191 795;B01;1;33;0;2;9;2;1;
8482;202100005601;191 796;C01;1;7;0;2;1;2;1;
8483;202100005601;191 797;D01;1;7;0;2;4;2;1;
8484;202100005602;191 792;A01;2;15;0;2;4;17;1;
8485;202100005602;191 793;B01;2;10;0;2;1;1;1;
8486;202100005604;191 786;B01;3;10;0;0;3;1;1;
8487;202100005604;191 787;A01;3;2;0;2;6;1;1;
8488;202100005605;191 784;A01;1;7;0;2;3;1;1;
8489;202100005605;191 785;B01;2;80;0;2;7;14;3;
8490;202100005607;191 781;A01;1;10;0;1;1;1;1;
8491;202100005608;191 780;A01;0;3;0;1;1;1;1;
8492;202100005609;191 778;A01;1;7;3;2;1;13;1;
8493;202100005609;191 779;B01;1;3;0;0;4;1;1;
8494;202100005610;191 776;A01;2;15;0;0;4;2;1;
8495;202100005610;191 777;B01;2;14;0;2;1;2;1;
8496;202100005611;191 772;D01;0;7;0;2;8;1;3;
8497;202100005611;191 773;C01;0;7;0;2;8;1;1;
8498;202100005611;191 774;B01;0;7;0;0;8;2;1;
8499;202100005611;191 775;A01;0;7;0;2;7;17;1;
8500;202100005612;191 771;A01;2;7;0;1;3;1;2;
8501;202100005613;191 766;E01;2;7;0;2;4;2;1;
8502;202100005613;191 767;D01;2;7;0;2;4;2;1;
8503;202100005613;191 768;C01;2;7;0;2;4;2;1;
8504;202100005613;191 769;B01;2;7;0;2;4;2;1;
8505;202100005613;191 770;A01;2;7;0;2;1;1;1;
8506;202100005614;191 763;C01;2;7;4;2;1;2;1;
8507;202100005614;191 764;B01;2;7;4;2;4;2;1;
8508;202100005614;191 765;A01;2;7;4;2;4;2;1;
8509;202100005615;191 761;B01;1;7;0;2;1;0;1;
8510;202100005615;191 762;A01;1;10;0;2;4;23;1;
8511;202100005617;191 749;H01;2;7;0;9;8;1;1;
8512;202100005617;191 750;G01;2;7;0;2;2;1;1;
8513;202100005617;191 751;F01;2;7;0;2;8;2;1;
8514;202100005617;191 752;E01;2;7;0;2;4;1;1;
8515;202100005617;191 753;D01;2;7;0;9;6;1;1;
8516;202100005617;191 754;C01;2;10;0;2;7;11;1;
8517;202100005617;191 755;B01;2;7;0;2;1;2;2;
8518;202100005617;191 756;A01;2;7;0;2;4;2;1;
8519;202100005618;191 748;A01;1;7;5;0;1;0;1;
8520;202100005619;191 746;A01;2;7;0;2;4;1;1;
8521;202100005619;191 747;B01;2;33;0;2;1;3;1;
8522;202100005620;191 743;A01;2;10;0;2;1;2;1;
8523;202100005620;191 744;C01;2;7;0;2;4;2;1;
8524;202100005620;191 745;B01;2;7;0;2;4;2;1;
8525;202100005621;191 741;B01;2;7;0;2;5;11;0;
8526;202100005621;191 742;A01;2;43;0;2;3;3;1;
8527;202100005622;191 740;A01;2;31;0;0;0;3;1;
8528;202100005623;191 737;C01;2;7;0;2;4;2;1;