;Num_Acc;id_vehicule;num_veh;senc;catv;obs;obsm;choc;manv;motor;occutc
8529;202100005623;191 738;B01;2;7;0;2;4;2;1;
8530;202100005623;191 739;A01;2;7;0;2;1;1;1;
8531;202100005624;191 735;B01;1;7;0;2;2;1;1;
8532;202100005624;191 736;A01;1;2;0;2;3;6;0;
8533;202100005625;191 733;B01;2;31;0;2;1;2;1;
8534;202100005625;191 734;A01;2;7;0;0;6;11;2;
8535;202100005626;191 729;A01;1;32;0;2;2;3;1;
8536;202100005626;191 730;B01;1;10;0;2;4;1;1;
8537;202100005626;191 731;C01;1;10;0;2;4;11;1;
8538;202100005626;191 732;D01;1;7;0;2;4;1;1;
8539;202100005627;191 727;B01;2;7;0;2;1;11;1;
8540;202100005627;191 728;A01;2;33;0;2;1;3;1;
8541;202100005628;191 724;A01;2;7;0;2;1;1;3;
8542;202100005628;191 725;B01;2;7;0;2;4;1;1;
8543;202100005628;191 726;C01;2;7;0;2;4;2;1;
8544;202100005629;191 723;A01;1;33;0;0;0;21;1;
8545;202100005630;191 721;A01;1;7;0;2;5;1;1;
8546;202100005630;191 722;B01;0;10;0;2;3;9;1;
8547;202100005631;191 720;A01;1;7;0;1;1;16;1;
8548;202100005632;191 719;A01;2;50;0;0;0;5;3;
8549;202100005633;191 718;A01;1;32;0;0;8;3;1;
8550;202100005634;191 717;A01;1;50;14;0;1;13;3;
8551;202100005636;191 714;A01;1;50;0;0;0;21;3;
8552;202100005637;191 713;Z01;1;30;0;1;1;1;1;
8553;202100005640;191 708;A01;3;7;0;2;2;16;1;
8554;202100005640;191 709;B01;3;80;0;2;3;1;3;
8555;202100005641;191 706;A01;1;30;0;2;1;1;1;
8556;202100005641;191 707;B01;1;7;0;2;7;9;2;
8557;202100005642;191 704;B01;3;1;0;2;8;19;5;
8558;202100005642;191 705;A01;3;30;0;2;1;1;1;
8559;202100005643;191 702;B01;1;30;0;2;8;1;1;
8560;202100005643;191 703;A01;1;7;0;2;5;12;1;
8561;202100005644;191 700;B01;2;80;0;2;1;1;3;
8562;202100005644;191 701;A01;1;7;0;2;5;15;1;
8563;202100005645;191 698;B01;3;7;0;2;8;1;1;
8564;202100005645;191 699;A01;3;7;0;2;1;5;1;
8565;202100005646;191 696;A01;2;80;0;2;8;19;3;
8566;202100005646;191 697;Z01;2;7;0;2;2;16;1;
8567;202100005647;191 694;B01;1;50;0;2;1;1;3;
8568;202100005647;191 695;A01;1;10;0;2;3;1;1;
8569;202100005648;191 692;B01;3;1;0;2;8;19;5;
8570;202100005648;191 693;A01;1;30;0;2;1;7;1;
8571;202100005649;191 690;B01;1;30;0;2;2;17;1;
8572;202100005649;191 691;A01;2;7;0;2;3;15;1;
8573;202100005650;191 689;Z01;1;7;1;1;3;18;1;
8574;202100005651;191 687;A01;1;1;0;2;0;1;5;
8575;202100005651;191 688;B01;1;32;0;2;3;1;1;
8576;202100005652;191 686;Z01;1;7;14;0;9;1;1;
8577;202100005653;191 685;A01;1;30;0;1;1;5;1;
8578;202100005655;191 682;A01;2;37;0;2;3;2;1;1.0
8579;202100005655;191 683;B01;2;37;0;2;5;0;1;1.0
8580;202100005657;191 679;A01;2;7;0;1;3;15;1;
8581;202100005658;191 677;B01;2;2;0;2;4;1;1;
8582;202100005658;191 678;A01;1;7;0;2;2;17;1;
8583;202100005659;191 676;A01;3;7;0;1;2;16;1;
8584;202100005660;191 675;A01;1;7;1;2;2;2;1;
8585;202100005662;191 673;A01;2;33;16;0;8;15;1;
8586;202100005663;191 672;A01;-1;30;0;1;1;19;1;
8587;202100005664;191 671;A01;1;99;0;1;8;1;6;
8588;202100005665;191 669;B01;1;33;0;2;0;3;1;
8589;202100005665;191 670;A01;1;7;0;0;0;14;1;
8590;202100005666;191 668;A01;1;10;3;2;1;14;1;
8591;202100005667;191 666;B01;2;7;0;2;8;1;1;
8592;202100005667;191 667;A01;1;7;0;2;3;15;1;
8593;202100005668;191 665;A01;0;7;0;1;3;15;1;
8594;202100005669;191 663;A01;1;7;0;2;1;1;0;
8595;202100005669;191 664;B01;-1;99;0;2;7;19;0;
8596;202100005670;191 662;A01;1;7;0;1;1;1;1;
8597;202100005671;191 660;B01;1;7;0;0;4;24;1;
8598;202100005671;191 661;A01;1;7;1;0;1;3;1;
8599;202100005672;191 659;A01;1;7;2;0;1;0;1;
8600;202100005673;191 658;A01;1;7;9;1;1;1;2;
8601;202100005674;191 656;A01;1;34;0;2;7;1;1;
8602;202100005674;191 657;B01;1;7;0;2;1;1;1;
8603;202100005677;191 650;A01;2;7;0;2;1;13;1;
8604;202100005677;191 651;B01;1;7;0;2;1;1;1;
8605;202100005678;191 648;B01;2;7;0;2;3;2;0;
8606;202100005678;191 649;A01;1;33;0;2;6;1;1;
8607;202100005679;191 646;B01;2;7;0;2;2;1;1;
8608;202100005679;191 647;A01;1;7;0;2;1;19;1;
8609;202100005680;191 645;A01;0;10;0;1;5;4;1;
8610;202100005681;191 643;B01;1;7;0;1;2;1;1;
8611;202100005681;191 644;A01;1;7;0;2;3;1;1;
8612;202100005682;191 642;A01;0;7;13;0;3;13;1;
8613;202100005683;191 639;A01;2;7;0;2;2;5;0;
8614;202100005683;191 640;B01;1;7;0;2;1;1;1;
8615;202100005683;191 641;C01;1;7;0;2;8;1;1;
8616;202100005684;191 637;A01;1;10;0;2;2;1;1;
8617;202100005684;191 638;B01;1;1;0;0;4;1;5;
8618;202100005685;191 635;A01;2;7;0;2;2;13;1;
8619;202100005685;191 636;B01;1;7;0;2;3;1;1;
8620;202100005686;191 634;A01;1;7;0;1;1;1;1;
8621;202100005687;191 632;A01;1;7;13;0;0;1;1;
8622;202100005688;191 630;A01;2;7;0;2;3;13;1;
8623;202100005688;191 631;B01;1;15;0;2;3;1;1;
8624;202100005689;191 628;B01;1;7;13;2;3;11;1;
8625;202100005689;191 629;A01;3;7;0;2;3;1;1;
8626;202100005690;191 627;A01;1;7;0;1;3;1;1;
8627;202100005691;191 626;A01;1;34;6;0;7;1;1;
8628;202100005692;191 624;B01;1;7;0;2;6;1;1;
8629;202100005692;191 625;A01;1;1;0;2;2;15;5;
8630;202100005693;191 623;A01;1;2;13;0;1;1;1;
8631;202100005694;191 621;A01;1;7;0;2;3;1;1;
8632;202100005694;191 622;B01;2;10;0;0;8;15;1;
8633;202100005695;191 619;B01;2;15;0;2;3;1;1;
8634;202100005695;191 620;A01;1;7;0;2;3;13;1;
8635;202100005696;191 618;A01;1;7;0;1;3;1;1;
8636;202100005697;191 617;A01;1;7;2;0;1;0;1;
8637;202100005698;191 616;A01;2;37;6;0;1;1;1;1.0
8638;202100005699;191 614;B01;1;30;0;0;4;15;1;
8639;202100005699;191 615;A01;1;31;0;9;1;2;1;
8640;202100005701;191 611;A01;3;7;0;1;3;1;1;
8641;202100005704;191 606;A01;1;7;4;0;1;1;1;
8642;202100005707;191 602;A01;0;7;0;1;8;1;1;
8643;202100005708;191 600;B01;3;7;0;2;6;2;1;
8644;202100005708;191 601;A01;3;7;0;2;0;0;1;
8645;202100005709;191 599;A01;3;7;0;1;1;1;1;
8646;202100005710;191 598;A01;1;7;0;1;2;2;1;
8647;202100005711;191 597;A01;1;7;0;1;1;1;1;
8648;202100005712;191 596;A01;1;7;0;1;5;1;1;
8649;202100005713;191 594;A01;2;7;0;2;4;1;1;
8650;202100005713;191 595;B01;2;13;0;2;1;2;0;
8651;202100005714;191 592;A01;1;10;0;2;1;1;1;
8652;202100005714;191 593;B01;1;7;0;2;4;1;2;
8653;202100005715;191 590;B01;2;14;0;2;4;2;1;
8654;202100005715;191 591;A01;2;17;0;2;1;1;1;
8655;202100005716;191 589;A01;1;10;4;0;1;13;1;
8656;202100005717;191 587;B01;1;7;0;2;4;26;1;
8657;202100005717;191 588;A01;1;33;0;2;1;3;1;
8658;202100005718;191 584;A01;1;7;0;2;1;2;1;
8659;202100005718;191 585;B01;1;7;0;2;4;2;1;
8660;202100005718;191 586;C01;1;7;0;2;4;23;1;
8661;202100005719;191 578;A01;2;10;0;2;1;2;1;
8662;202100005719;191 579;B01;2;10;0;2;4;2;1;
8663;202100005719;191 580;C01;2;7;0;2;4;2;1;
8664;202100005719;191 581;D01;2;15;0;2;4;0;1;
8665;202100005719;191 582;E01;2;7;0;2;5;2;1;
8666;202100005719;191 583;F01;2;7;0;2;5;2;1;
8667;202100005720;191 577;A01;2;7;3;0;3;11;1;
8668;202100005721;191 575;B01;2;7;0;2;6;2;1;
8669;202100005721;191 576;A01;2;31;0;2;2;1;1;
8670;202100005722;191 573;B01;1;15;0;2;2;1;1;
8671;202100005722;191 574;A01;1;7;0;2;2;9;1;
8672;202100005723;191 571;B01;2;7;0;2;4;2;1;
8673;202100005723;191 572;A01;2;7;0;2;1;1;1;
8674;202100005724;191 569;B01;2;33;0;2;3;3;1;
8675;202100005724;191 570;A01;2;7;0;2;5;12;1;
8676;202100005725;191 566;A01;2;7;0;2;0;1;1;
8677;202100005725;191 567;B01;2;7;0;2;4;1;1;
8678;202100005725;191 568;C01;2;7;0;2;4;1;1;
8679;202100005726;191 565;A01;1;7;3;0;1;21;1;
8680;202100005727;191 563;B01;1;7;0;2;8;0;1;
8681;202100005727;191 564;A01;1;33;0;2;7;3;1;
8682;202100005728;191 561;A01;1;33;0;2;8;3;1;
8683;202100005728;191 562;B01;1;10;0;0;2;1;1;
8684;202100005729;191 558;C01;1;15;0;2;2;12;1;
8685;202100005729;191 559;B01;1;37;0;2;3;1;1;1.0
8686;202100005729;191 560;A01;1;7;4;2;8;1;1;
8687;202100005730;191 555;A01;2;31;0;2;8;2;1;
8688;202100005730;191 556;B01;2;15;0;2;3;2;1;
8689;202100005730;191 557;C01;2;7;0;2;3;2;1;
8690;202100005732;191 552;B01;2;7;0;2;1;1;1;
8691;202100005732;191 553;A01;2;7;3;0;1;1;1;
8692;202100005733;191 549;B01;1;7;0;2;1;2;1;
8693;202100005733;191 550;C01;1;7;0;2;4;2;1;
8694;202100005733;191 551;A01;1;7;0;2;3;2;1;
8695;202100005734;191 547;B01;2;15;0;0;6;1;1;
8696;202100005734;191 548;A01;2;7;5;2;2;12;1;
8697;202100005735;191 546;A01;2;7;0;1;2;1;1;
8698;202100005736;191 544;A01;1;7;0;2;3;9;1;
8699;202100005736;191 545;B01;1;30;0;2;6;1;1;
8700;202100005737;191 543;A01;2;7;0;1;2;1;1;
8701;202100005738;191 541;B01;0;7;0;2;5;15;1;
8702;202100005738;191 542;A01;0;31;0;2;1;18;1;
8703;202100005739;191 540;A01;2;7;8;0;1;26;1;
8704;202100005740;191 538;A01;1;7;1;2;2;14;1;
8705;202100005740;191 539;B01;2;7;0;2;6;0;1;
8706;202100005741;191 537;A01;1;30;14;0;0;26;0;
8707;202100005742;191 534;A01;1;7;0;2;1;1;1;
8708;202100005742;191 535;B01;1;7;0;2;1;2;1;
8709;202100005742;191 536;C01;1;7;0;2;4;23;1;
8710;202100005743;191 532;B01;2;7;0;2;2;21;1;
8711;202100005743;191 533;A01;1;7;0;2;5;15;1;
8712;202100005745;191 528;A01;1;7;0;2;5;26;1;
8713;202100005745;191 529;B01;2;7;0;2;0;1;1;
8714;202100005745;191 530;C01;2;7;0;2;3;1;1;
8715;202100005746;191 526;A01;2;7;2;0;1;14;1;
8716;202100005747;191 524;A01;1;7;0;2;0;15;1;
8717;202100005747;191 525;B01;1;7;0;2;3;1;1;
8718;202100005748;191 523;A01;2;7;6;0;1;2;2;
8719;202100005749;191 520;C01;2;7;0;2;8;1;1;
8720;202100005749;191 521;B01;1;7;0;2;7;1;1;
8721;202100005749;191 522;A01;2;10;0;2;1;15;1;
8722;202100005750;191 518;A01;1;7;0;2;1;5;2;
8723;202100005750;191 519;B01;1;7;0;2;1;1;1;
8724;202100005751;191 517;Z01;2;7;0;1;2;16;1;
8725;202100005752;191 516;A01;1;7;0;1;1;1;6;
8726;202100005753;191 514;A01;1;7;0;9;8;1;1;
8727;202100005753;191 515;B01;1;50;0;2;1;1;3;
8728;202100005754;191 512;A01;0;7;0;2;3;16;1;
8729;202100005754;191 513;B01;2;7;0;2;2;1;1;
8730;202100005755;191 510;A01;2;7;0;2;2;15;1;
8731;202100005755;191 511;B01;2;7;0;2;7;1;1;
8732;202100005756;191 508;B01;2;7;0;2;9;1;2;
8733;202100005756;191 509;A01;1;7;9;2;2;13;1;
8734;202100005757;191 506;A01;1;7;0;2;1;14;1;
8735;202100005757;191 507;B01;1;7;0;2;8;1;1;
8736;202100005758;191 504;A01;2;7;4;0;5;26;1;
8737;202100005758;191 505;Z01;1;7;0;0;0;0;0;
8738;202100005760;191 501;A01;2;7;1;0;8;1;1;
8739;202100005761;191 500;A01;2;7;13;0;3;13;1;
8740;202100005762;191 499;A01;3;7;0;1;1;1;1;
8741;202100005763;191 497;Z01;0;7;0;2;4;4;0;
8742;202100005763;191 498;B01;0;30;0;2;1;1;1;
8743;202100005764;191 495;B01;2;32;0;2;7;1;1;
8744;202100005764;191 496;A01;2;7;0;2;3;10;1;
8745;202100005765;191 491;D01;3;7;0;2;1;1;1;
8746;202100005765;191 492;C01;3;7;0;2;1;1;1;
8747;202100005765;191 493;B01;3;7;0;2;1;0;1;
8748;202100005765;191 494;A01;3;7;0;2;1;5;1;
8749;202100005766;191 487;A01;1;2;0;2;1;17;1;
8750;202100005766;191 488;B01;1;7;0;2;0;0;0;
8751;202100005767;191 483;B01;2;7;0;2;8;1;1;
8752;202100005767;191 484;A01;1;7;0;2;3;13;1;
8753;202100005767;191 485;C01;2;7;0;2;8;1;1;
8754;202100005767;191 486;D01;2;7;0;2;1;0;1;
8755;202100005768;191 482;A01;1;33;6;0;0;1;1;
8756;202100005769;191 481;A01;3;2;0;1;1;17;1;
8757;202100005770;191 479;B01;1;2;0;2;0;0;1;
8758;202100005770;191 480;A01;1;7;0;2;0;0;1;
8759;202100005771;191 477;B01;1;33;0;2;8;1;0;
8760;202100005771;191 478;A01;1;33;0;2;7;9;1;
8761;202100005772;191 475;B01;1;7;0;2;1;2;1;
8762;202100005772;191 476;A01;1;7;0;2;4;2;1;
8763;202100005774;191 473;A01;3;30;0;0;9;21;1;
8764;202100005775;191 471;B01;1;10;0;2;3;1;1;
8765;202100005775;191 472;A01;3;7;0;2;3;13;1;
8766;202100005776;191 470;A01;1;7;0;1;7;1;1;
8767;202100005777;191 469;A01;2;43;12;0;2;14;1;
8768;202100005778;191 468;A01;1;50;1;0;4;2;3;
8769;202100005779;191 466;Z01;1;7;0;0;0;10;0;
8770;202100005779;191 467;A01;1;30;0;0;0;21;1;
8771;202100005780;191 464;A01;1;32;0;2;2;1;1;
8772;202100005780;191 465;B01;1;7;0;2;3;15;1;
8773;202100005781;191 462;B01;1;30;0;2;0;1;1;
8774;202100005781;191 463;A01;2;7;0;2;0;1;3;
8775;202100005782;191 460;B01;2;7;0;2;8;10;1;
8776;202100005782;191 461;A01;2;32;0;2;2;1;1;
8777;202100005783;191 458;B01;1;33;0;0;3;3;1;
8778;202100005783;191 459;A01;1;13;0;0;5;12;1;
8779;202100005784;191 455;C01;3;7;0;2;4;26;1;
8780;202100005784;191 456;B01;3;7;0;2;0;26;1;
8781;202100005784;191 457;A01;0;7;0;2;1;26;1;
8782;202100005785;191 450;E01;3;7;0;2;1;2;1;
8783;202100005785;191 451;D01;3;7;0;2;9;1;1;
8784;202100005785;191 452;C01;3;7;0;2;1;2;0;
8785;202100005785;191 453;B01;3;7;0;2;6;2;2;
8786;202100005785;191 454;A01;3;10;0;2;1;13;0;
8787;202100005786;191 448;B01;0;7;0;0;6;0;1;
8788;202100005786;191 449;A01;0;99;0;2;0;26;0;
8789;202100005787;191 447;A01;-1;10;2;0;8;1;1;
8790;202100005788;191 445;A01;1;7;0;2;1;1;0;
8791;202100005788;191 446;B01;2;43;0;2;3;1;0;
8792;202100005789;191 444;A01;1;15;0;0;0;0;1;
8793;202100005790;191 443;A01;2;7;2;0;1;2;1;
8794;202100005791;191 440;C01;1;10;0;2;1;1;1;
8795;202100005791;191 441;B01;1;2;0;2;8;1;1;
8796;202100005791;191 442;A01;1;2;0;2;6;2;1;
8797;202100005792;191 438;B01;1;7;0;2;1;1;1;
8798;202100005792;191 439;A01;1;7;0;2;5;1;1;
8799;202100005793;191 437;A01;1;7;6;0;1;0;1;
8800;202100005795;191 432;A01;1;10;0;2;1;17;1;
8801;202100005795;191 433;B01;2;7;0;2;1;1;1;
8802;202100005795;191 434;C01;1;7;0;2;1;1;1;
8803;202100005796;191 431;A01;1;7;3;0;2;9;1;
8804;202100005797;191 429;A01;2;7;0;2;1;17;1;
8805;202100005797;191 430;B01;2;15;0;0;4;11;6;
8806;202100005798;191 428;A01;2;7;0;0;0;0;1;
8807;202100005799;191 427;A01;2;7;2;0;2;1;1;
8808;202100005800;191 425;B01;1;7;0;2;1;1;1;
8809;202100005800;191 426;A01;2;7;0;2;2;1;1;
8810;202100005801;191 423;A01;1;7;0;2;3;13;1;
8811;202100005801;191 424;B01;2;7;0;2;3;1;1;
8812;202100005802;191 421;B01;1;7;0;2;3;1;1;
8813;202100005802;191 422;A01;2;7;0;2;3;13;1;
8814;202100005803;191 419;A01;0;7;0;9;3;15;1;
8815;202100005803;191 420;B01;3;1;0;2;1;1;5;
8816;202100005804;191 418;A01;2;7;15;0;9;0;1;
8817;202100005805;191 416;B01;2;7;0;2;1;1;1;
8818;202100005805;191 417;A01;2;7;0;2;7;1;1;
8819;202100005806;191 414;A01;1;7;0;2;1;1;1;
8820;202100005806;191 415;B01;2;7;0;2;3;1;0;
8821;202100005807;191 411;C01;2;7;0;2;1;1;1;
8822;202100005807;191 412;B01;1;17;0;2;1;1;1;
8823;202100005807;191 413;A01;2;7;0;2;1;13;1;
8824;202100005808;191 410;A01;2;7;12;1;5;1;1;
8825;202100005809;191 409;A01;3;7;0;1;2;1;1;
8826;202100005810;191 406;C01;1;7;0;0;4;15;1;
8827;202100005810;191 407;B01;1;7;0;2;4;1;1;
8828;202100005810;191 408;A01;1;10;0;2;1;1;1;
8829;202100005811;191 405;A01;3;7;2;0;3;1;1;
8830;202100005812;191 404;A01;2;7;1;1;2;19;1;
8831;202100005813;191 403;A01;2;7;0;0;0;17;1;
8832;202100005814;191 401;A01;0;2;1;0;0;1;1;
8833;202100005815;191 399;B01;1;7;0;2;8;15;1;
8834;202100005815;191 400;A01;2;7;0;2;3;17;1;
8835;202100005816;191 397;B01;1;7;0;2;3;1;1;
8836;202100005816;191 398;A01;2;7;0;2;1;1;1;
8837;202100005818;191 393;B01;1;3;0;0;3;15;1;
8838;202100005818;191 394;A01;1;7;0;2;1;1;1;
8839;202100005819;191 391;A01;1;7;0;2;1;13;1;
8840;202100005819;191 392;B01;2;7;0;2;1;1;1;
8841;202100005821;191 387;B01;3;7;0;2;7;11;1;
8842;202100005821;191 388;A01;3;33;0;2;1;1;1;
8843;202100005821;191 389;C01;3;7;0;2;3;23;1;
8844;202100005823;191 383;B01;0;7;0;2;2;17;1;
8845;202100005823;191 384;A01;0;2;0;2;1;16;1;
8846;202100005824;191 381;A01;1;7;0;2;1;15;1;
8847;202100005824;191 382;B01;1;7;6;2;8;1;1;
8848;202100005825;191 380;A01;1;7;2;0;1;14;1;
8849;202100005826;191 378;A01;3;10;0;2;3;13;1;
8850;202100005826;191 379;B01;3;7;0;2;3;15;3;
8851;202100005827;191 377;A01;2;7;6;0;2;14;1;
8852;202100005828;191 376;A01;0;7;2;0;8;21;1;
8853;202100005829;191 374;A01;1;7;0;2;1;17;1;
8854;202100005829;191 375;B01;2;7;0;2;1;1;1;
8855;202100005831;191 371;A01;0;7;1;1;1;1;1;
8856;202100005832;191 369;B01;2;7;0;0;1;1;0;
8857;202100005832;191 370;A01;2;7;7;2;2;1;1;
8858;202100005833;191 368;A01;0;99;0;0;0;0;1;
8859;202100005834;191 366;A01;3;7;0;2;1;1;1;
8860;202100005834;191 367;B01;3;7;0;2;3;1;1;
8861;202100005835;191 365;A01;2;7;8;0;1;1;1;
8862;202100005836;191 360;B01;1;7;0;2;1;2;1;
8863;202100005836;191 361;A01;1;7;0;2;4;2;1;
8864;202100005837;191 358;B01;2;7;0;2;6;1;2;
8865;202100005837;191 359;A01;2;7;0;2;2;2;1;
8866;202100005839;191 355;A01;1;7;0;2;1;2;1;
8867;202100005839;191 356;B01;1;7;0;2;4;2;1;
8868;202100005840;191 353;B01;1;7;0;2;4;0;1;
8869;202100005840;191 354;A01;1;7;4;2;2;2;1;
8870;202100005841;191 349;A01;2;7;0;2;1;2;1;
8871;202100005841;191 350;B01;2;7;0;2;5;2;2;
8872;202100005841;191 351;D01;2;7;0;2;4;2;1;
8873;202100005841;191 352;C01;2;7;0;2;1;2;1;
8874;202100005842;191 347;B01;2;7;0;2;4;2;1;
8875;202100005842;191 348;A01;2;7;0;2;3;2;1;
8876;202100005843;191 346;A01;2;33;3;0;2;1;1;
8877;202100005844;191 345;A01;1;7;13;0;2;1;1;
8878;202100005845;191 344;A01;2;7;4;0;1;1;1;
8879;202100005846;191 343;A01;2;7;4;0;3;1;1;
8880;202100005847;191 333;C01;2;7;0;2;0;0;1;
8881;202100005847;191 334;D01;2;7;0;2;0;0;1;
8882;202100005847;191 335;B01;2;7;0;2;1;0;1;
8883;202100005847;191 336;A01;2;7;0;2;4;2;1;
8884;202100005847;191 337;I01;2;7;0;2;0;0;1;
8885;202100005847;191 338;E01;2;7;0;2;0;0;1;
8886;202100005847;191 339;H01;2;7;0;2;0;0;1;
8887;202100005847;191 340;G01;2;7;0;2;0;0;1;
8888;202100005847;191 341;F01;2;7;0;2;0;0;1;
8889;202100005847;191 342;J01;2;10;0;2;0;0;1;
8890;202100005848;191 331;A01;1;7;0;2;1;1;1;
8891;202100005848;191 332;B01;1;7;3;0;4;1;1;
8892;202100005849;191 329;B01;2;17;0;2;6;1;1;
8893;202100005849;191 330;A01;2;7;0;2;2;1;1;
8894;202100005850;191 328;A01;2;7;4;0;1;1;1;
8895;202100005851;191 327;A01;1;7;4;0;1;13;1;
8896;202100005853;191 325;A01;1;7;4;0;1;1;1;
8897;202100005854;191 324;A01;1;7;0;2;3;1;1;
8898;202100005855;191 323;A01;2;7;0;0;3;1;1;
8899;202100005858;191 319;B01;1;7;0;2;4;2;1;
8900;202100005858;191 320;A01;1;7;0;2;1;1;1;
8901;202100005859;191 317;A01;2;7;0;2;1;2;1;
8902;202100005859;191 318;B01;2;33;0;2;4;2;1;
8903;202100005860;191 314;B01;2;7;0;2;3;1;1;
8904;202100005860;191 315;A01;1;50;12;2;3;17;3;
8905;202100005861;191 313;A01;3;7;0;1;3;1;1;
8906;202100005862;191 312;A01;1;7;0;1;1;1;1;
8907;202100005863;191 311;A01;2;7;2;0;2;14;1;
8908;202100005864;191 309;A01;1;31;0;2;1;1;1;
8909;202100005864;191 310;B01;3;30;0;2;8;15;1;
8910;202100005865;191 307;B01;2;32;0;2;7;17;1;
8911;202100005865;191 308;A01;2;7;0;2;1;19;1;
8912;202100005866;191 305;B01;1;7;0;2;1;6;1;
8913;202100005866;191 306;A01;1;7;0;2;2;1;1;
8914;202100005867;191 303;A01;2;7;0;2;6;11;1;
8915;202100005867;191 304;B01;1;33;0;2;1;1;1;
8916;202100005868;191 301;A01;1;7;0;2;3;15;1;
8917;202100005868;191 302;B01;1;2;0;2;1;1;1;
8918;202100005869;191 299;B01;2;2;0;2;1;1;1;
8919;202100005869;191 300;A01;2;7;0;2;7;1;1;
8920;202100005870;191 297;Z01;2;2;0;2;1;17;0;
8921;202100005870;191 298;A01;1;7;0;2;3;15;2;
8922;202100005871;191 295;A01;1;7;0;2;1;15;1;
8923;202100005871;191 296;B01;2;7;0;2;1;1;1;
8924;202100005873;191 293;A01;2;7;0;1;3;1;1;
8925;202100005874;191 291;B01;1;7;0;2;3;1;1;
8926;202100005874;191 292;A01;1;33;7;2;4;23;1;
8927;202100005875;191 289;B01;2;50;0;2;8;19;3;
8928;202100005875;191 290;A01;2;10;0;2;2;17;1;
8929;202100005877;191 287;A01;2;7;8;0;1;1;1;
8930;202100005878;191 286;A01;3;7;2;0;1;1;1;
8931;202100005879;191 281;A01;1;43;0;2;1;17;1;
8932;202100005879;191 282;B01;2;33;0;2;1;1;1;
8933;202100005879;191 283;C01;2;14;0;2;8;1;1;
8934;202100005879;191 284;D01;2;7;0;2;3;1;1;
8935;202100005879;191 285;E01;1;7;0;2;8;1;1;
8936;202100005880;191 278;C01;2;7;0;0;4;23;2;
8937;202100005880;191 279;B01;2;7;0;2;4;23;1;
8938;202100005880;191 280;A01;2;7;0;2;1;1;1;
8939;202100005881;191 277;A01;1;10;0;1;1;16;1;
8940;202100005882;191 276;A01;2;32;0;1;2;1;1;
8941;202100005883;191 274;A01;2;7;0;2;2;1;1;
8942;202100005883;191 275;B01;2;7;0;2;4;1;1;
8943;202100005884;191 272;A01;2;30;0;2;2;1;1;
8944;202100005884;191 273;B01;2;7;0;2;6;16;1;
8945;202100005885;191 270;B01;0;43;0;2;1;1;1;
8946;202100005885;191 271;A01;0;7;0;2;0;15;1;
8947;202100005886;191 268;A01;2;37;0;1;7;1;1;1.0
8948;202100005886;191 269;B01;2;1;0;2;1;9;0;
8949;202100005887;191 267;A01;0;10;0;1;1;1;1;
8950;202100005888;191 266;A01;2;32;0;0;7;1;1;
8951;202100005889;191 265;A01;1;7;0;2;1;2;1;
8952;202100005890;191 264;A01;2;7;1;1;1;13;1;
8953;202100005891;191 260;A01;2;7;0;1;1;9;1;
8954;202100005892;191 258;B01;3;30;0;2;1;26;1;
8955;202100005892;191 259;A01;3;7;0;2;8;1;1;
8956;202100005893;191 257;A01;1;30;0;1;1;17;1;
8957;202100005894;191 255;B01;2;32;0;2;1;1;1;
8958;202100005894;191 256;A01;1;7;0;2;3;15;1;
8959;202100005895;191 254;A01;3;7;0;1;1;9;1;
8960;202100005896;191 251;A01;2;17;0;1;7;1;1;
8961;202100005897;191 249;B01;0;1;0;2;1;5;0;
8962;202100005897;191 250;A01;0;1;0;2;1;5;0;
8963;202100005898;191 246;A01;2;7;0;1;1;1;1;
8964;202100005899;191 244;A01;3;7;0;2;1;9;1;
8965;202100005899;191 245;B01;3;1;0;2;5;16;5;
8966;202100005900;191 242;B01;3;30;0;2;1;1;1;
8967;202100005900;191 243;A01;3;7;0;2;8;9;1;
8968;202100005901;191 240;A01;1;30;0;2;1;5;1;
8969;202100005901;191 241;B01;2;7;0;2;3;1;1;
8970;202100005902;191 239;A01;3;31;0;1;7;1;1;
8971;202100005903;191 238;A01;2;40;0;1;0;1;0;
8972;202100005904;191 234;A01;2;7;0;2;1;2;1;
8973;202100005904;191 235;B01;2;7;0;2;4;2;1;
8974;202100005905;191 233;A01;3;7;0;1;1;1;1;
8975;202100005906;191 232;A01;3;7;0;1;2;1;1;
8976;202100005907;191 230;A01;3;7;0;2;1;2;1;
8977;202100005907;191 231;B01;0;10;0;2;4;2;1;
8978;202100005908;191 228;B01;0;7;0;2;1;1;1;
8979;202100005908;191 229;A01;0;10;0;2;8;1;1;
8980;202100005909;191 227;A01;2;7;0;1;1;1;1;
8981;202100005912;191 222;A01;1;7;0;1;3;15;2;
8982;202100005913;191 220;A01;1;30;0;2;1;2;3;
8983;202100005913;191 221;B01;1;7;0;2;4;1;1;
8984;202100005914;191 218;B01;3;1;0;2;1;1;5;
8985;202100005914;191 219;A01;1;7;0;2;5;1;1;
8986;202100005915;191 217;A01;1;7;0;1;1;1;1;
8987;202100005916;191 215;B01;3;7;0;9;2;15;1;
8988;202100005916;191 216;A01;3;1;0;2;1;1;5;
8989;202100005917;191 213;B01;1;7;0;2;1;1;1;
8990;202100005917;191 214;A01;2;50;0;2;1;5;3;
8991;202100005918;191 211;A01;1;30;3;2;1;18;1;
8992;202100005918;191 212;B01;1;7;1;0;5;2;1;
8993;202100005919;191 210;A01;2;7;0;1;3;9;1;
8994;202100005920;191 208;A01;0;7;0;2;1;1;1;
8995;202100005920;191 209;B01;0;7;0;0;0;0;0;
8996;202100005921;191 207;A01;2;7;0;1;1;1;1;
8997;202100005922;191 205;B01;1;33;0;2;1;1;1;
8998;202100005922;191 206;A01;1;7;0;2;4;20;1;
8999;202100005923;191 204;Z01;0;10;0;1;0;0;0;
9000;202100005926;191 198;A01;1;7;0;1;7;1;1;
9001;202100005926;191 199;B01;3;60;0;2;0;0;5;