;Num_Acc;id_vehicule;num_veh;senc;catv;obs;obsm;choc;manv;motor;occutc
9002;202100005927;191 197;A01;1;7;0;1;1;1;1;
9003;202100005928;191 196;A01;3;7;0;1;1;1;1;
9004;202100005929;191 195;A01;1;1;14;0;1;13;5;
9005;202100005930;191 193;B01;1;7;0;2;4;23;1;
9006;202100005930;191 194;A01;1;10;0;2;1;2;1;
9007;202100005931;191 191;B01;1;7;0;2;1;1;1;
9008;202100005931;191 192;A01;1;7;0;2;2;1;1;
9009;202100005932;191 189;B01;1;2;0;2;8;1;1;
9010;202100005932;191 190;A01;1;7;0;9;2;1;1;
9011;202100005933;191 188;A01;1;7;0;1;3;15;1;
9012;202100005934;191 186;B01;1;2;0;2;1;1;1;
9013;202100005934;191 187;A01;1;7;0;9;8;15;1;
9014;202100005935;191 184;A01;1;1;0;2;1;26;5;
9015;202100005935;191 185;B01;1;7;0;9;7;1;1;
9016;202100005936;191 183;A01;2;7;6;0;2;1;1;
9017;202100005937;191 181;A01;3;7;0;2;1;13;1;
9018;202100005937;191 182;B01;3;7;0;2;1;1;1;
9019;202100005938;191 179;B01;1;7;0;2;3;1;1;
9020;202100005938;191 180;A01;1;7;0;2;2;1;1;
9021;202100005939;191 178;A01;1;7;0;1;1;1;1;
9022;202100005940;191 176;B01;0;7;0;2;6;15;1;
9023;202100005940;191 177;A01;0;32;0;2;1;17;1;
9024;202100005941;191 174;B01;1;7;0;2;4;2;1;
9025;202100005941;191 175;A01;1;7;0;2;1;2;1;
9026;202100005942;191 173;A01;3;10;0;1;6;4;1;
9027;202100005943;191 171;A01;2;10;0;2;1;7;1;
9028;202100005943;191 172;B01;1;7;0;2;7;1;1;
9029;202100005944;191 169;A01;2;7;0;2;2;1;1;
9030;202100005944;191 170;B01;1;7;0;2;2;0;1;
9031;202100005945;191 167;B01;1;7;0;2;1;1;1;
9032;202100005945;191 168;A01;1;7;0;2;1;13;1;
9033;202100005946;191 166;A01;1;30;0;0;7;16;3;
9034;202100005947;191 165;A01;2;30;0;0;7;9;1;
9035;202100005948;191 163;A01;0;7;0;2;4;9;1;
9036;202100005948;191 164;B01;3;7;0;2;9;1;1;
9037;202100005949;191 161;B01;3;1;0;2;1;1;5;
9038;202100005949;191 162;A01;2;7;0;2;7;16;2;
9039;202100005950;191 157;A01;1;7;0;2;1;0;1;
9040;202100005950;191 158;B01;1;7;0;2;4;1;1;
9041;202100005950;191 159;C01;1;7;0;2;7;1;1;
9042;202100005950;191 160;D01;1;7;0;2;4;1;1;
9043;202100005951;191 156;A01;1;7;0;1;1;2;1;
9044;202100005952;191 155;A01;3;7;0;1;1;25;1;
9045;202100005953;191 154;A01;1;7;0;0;9;0;1;
9046;202100005954;191 152;B01;3;1;0;2;0;0;5;
9047;202100005954;191 153;Z01;0;7;0;2;0;0;0;
9048;202100005956;191 149;B01;2;7;0;2;1;1;0;
9049;202100005956;191 150;A01;2;50;0;2;4;1;3;
9050;202100005957;191 147;A01;2;7;0;2;1;9;1;
9051;202100005957;191 148;B01;1;7;0;2;7;1;1;
9052;202100005958;191 145;A01;2;7;0;2;1;15;1;
9053;202100005958;191 146;B01;1;32;0;2;1;1;1;
9054;202100005959;191 141;A01;1;7;0;2;1;1;1;
9055;202100005959;191 142;C01;1;7;0;2;4;1;1;
9056;202100005959;191 143;D01;1;7;0;2;4;1;1;
9057;202100005959;191 144;B01;1;7;0;2;4;1;1;
9058;202100005960;191 140;A01;2;7;0;1;1;1;1;
9059;202100005961;191 138;A01;3;7;0;9;3;15;1;
9060;202100005961;191 139;B01;3;1;0;2;8;1;5;
9061;202100005962;191 136;A01;2;7;0;2;1;1;1;
9062;202100005962;191 137;B01;2;7;0;0;4;23;1;
9063;202100005963;191 135;A01;1;7;13;0;2;1;1;
9064;202100005964;191 134;A01;3;7;13;0;2;14;1;
9065;202100005965;191 133;A01;1;10;0;0;1;16;1;
9066;202100005966;191 132;A01;1;7;0;5;1;21;1;
9067;202100005967;191 130;A01;0;0;0;2;1;1;1;
9068;202100005967;191 131;B01;0;1;0;2;3;1;5;
9069;202100005969;191 126;B01;1;7;0;2;3;13;0;
9070;202100005969;191 127;A01;2;30;0;2;8;26;1;
9071;202100005970;191 124;B01;3;1;0;2;3;9;5;
9072;202100005970;191 125;A01;3;1;0;2;3;9;5;
9073;202100005971;191 122;A01;1;13;0;2;5;23;1;
9074;202100005971;191 123;B01;1;2;0;2;1;26;1;
9075;202100005973;191 120;A01;3;7;0;1;1;20;1;
9076;202100005974;191 118;A01;1;7;0;2;1;26;2;
9077;202100005974;191 119;B01;3;1;0;2;7;19;5;
9078;202100005976;191 116;Z01;1;7;0;1;1;14;1;
9079;202100005977;191 114;A01;0;7;0;2;2;1;1;
9080;202100005977;191 115;B01;0;7;0;2;6;1;1;
9081;202100005978;191 112;B01;1;7;0;2;0;15;1;
9082;202100005978;191 113;A01;1;33;0;2;0;5;1;
9083;202100005979;191 110;A01;2;7;0;2;2;1;1;
9084;202100005979;191 111;B01;2;7;0;2;6;0;1;
9085;202100005980;191 108;A01;0;7;0;2;1;1;1;
9086;202100005980;191 109;B01;0;7;0;2;4;1;1;
9087;202100005981;191 106;B01;2;31;0;2;1;1;1;
9088;202100005981;191 107;A01;2;7;0;2;3;15;2;
9089;202100005982;191 104;Y01;3;7;0;2;3;15;1;
9090;202100005982;191 105;B01;1;7;0;2;3;1;1;
9091;202100005983;191 101;A01;2;7;0;2;1;1;1;
9092;202100005983;191 102;B01;2;7;0;2;4;1;1;
9093;202100005983;191 103;C01;2;7;0;2;4;1;1;
9094;202100005984;191 100;A01;3;10;0;1;3;15;1;
9095;202100005985;191 098;B01;1;7;0;2;6;15;1;
9096;202100005985;191 099;A01;1;2;0;2;1;17;1;
9097;202100005986;191 096;B01;2;7;0;2;3;1;1;
9098;202100005986;191 097;A01;1;2;0;2;1;5;1;
9099;202100005987;191 095;A01;2;7;6;0;1;15;1;
9100;202100005988;191 094;A01;1;7;8;0;2;16;1;
9101;202100005989;191 092;B01;1;32;0;2;1;1;1;
9102;202100005989;191 093;A01;2;7;0;2;1;15;1;
9103;202100005990;191 090;B01;2;7;0;2;0;15;1;
9104;202100005990;191 091;A01;1;32;0;2;6;17;1;
9105;202100005991;191 088;A01;2;10;0;2;1;1;6;
9106;202100005991;191 089;B01;1;2;0;2;1;1;1;
9107;202100005992;191 087;A01;2;50;0;1;8;25;3;
9108;202100005993;191 085;A01;2;1;0;2;1;2;5;
9109;202100005993;191 086;B01;2;7;0;2;6;23;1;
9110;202100005994;191 083;B01;1;2;1;2;1;18;1;
9111;202100005994;191 084;A01;1;10;0;2;5;22;1;
9112;202100005995;191 082;A01;1;31;0;0;0;1;1;
9113;202100005996;191 080;A01;1;1;0;2;3;1;5;
9114;202100005996;191 081;B01;1;7;0;2;5;22;2;
9115;202100005999;191 075;A01;2;7;0;1;3;1;1;
9116;202100006001;191 071;B01;2;31;0;2;7;17;1;
9117;202100006001;191 072;A01;2;7;8;2;3;13;2;
9118;202100006002;191 069;A01;3;7;0;2;1;2;1;
9119;202100006002;191 070;B01;3;7;0;2;4;2;1;
9120;202100006003;191 067;A01;2;7;0;2;1;2;1;
9121;202100006003;191 068;B01;2;7;0;0;4;2;1;
9122;202100006004;191 065;B01;1;7;0;2;4;2;1;
9123;202100006004;191 066;A01;1;34;0;2;1;2;1;
9124;202100006005;191 061;A01;3;7;1;2;5;26;1;
9125;202100006005;191 062;B01;3;7;1;2;1;20;1;
9126;202100006005;191 063;C01;3;7;1;2;1;5;1;
9127;202100006005;191 064;D01;3;7;0;2;3;5;1;
9128;202100006006;191 060;A01;2;30;1;2;0;21;1;
9129;202100006007;191 058;A01;1;7;0;2;2;15;1;
9130;202100006007;191 059;B01;2;32;0;2;1;1;1;
9131;202100006008;191 056;B01;1;7;0;2;6;1;1;
9132;202100006008;191 057;A01;2;7;14;2;1;0;1;
9133;202100006009;191 055;A01;3;7;0;1;1;2;1;
9134;202100006010;191 052;A01;-1;7;0;9;4;23;1;
9135;202100006010;191 053;B01;-1;7;0;2;4;23;1;
9136;202100006010;191 054;C01;3;7;0;2;1;1;1;
9137;202100006011;191 050;A01;2;0;8;2;3;16;0;
9138;202100006011;191 051;B01;2;30;12;2;1;1;0;
9139;202100006012;191 048;A01;3;7;0;2;1;9;1;
9140;202100006012;191 049;B01;-1;30;0;2;7;0;1;
9141;202100006013;191 046;A01;0;30;0;2;1;26;1;
9142;202100006013;191 047;B01;0;7;0;2;3;0;1;
9143;202100006014;191 044;A01;1;7;0;2;4;26;1;
9144;202100006014;191 045;B01;1;7;0;2;2;9;1;
9145;202100006015;191 042;B01;1;7;0;2;1;16;1;
9146;202100006015;191 043;A01;2;50;0;2;1;5;3;
9147;202100006017;191 039;A01;3;10;0;1;4;20;1;
9148;202100006018;191 037;B01;0;7;0;2;4;26;1;
9149;202100006018;191 038;A01;0;7;0;2;1;26;1;
9150;202100006019;191 035;B01;3;10;0;9;5;23;1;
9151;202100006019;191 036;A01;3;60;0;2;1;0;5;
9152;202100006020;191 034;A01;2;7;0;1;2;15;1;
9153;202100006021;191 032;B01;2;33;0;2;0;1;1;
9154;202100006021;191 033;A01;1;7;0;2;0;1;1;
9155;202100006022;191 031;A01;2;7;13;0;2;26;1;
9156;202100006023;191 030;A01;2;7;0;1;2;1;1;
9157;202100006024;191 025;B01;2;15;0;0;6;1;1;
9158;202100006024;191 026;E01;2;7;0;9;1;21;1;
9159;202100006024;191 027;D01;2;7;0;9;1;2;1;
9160;202100006024;191 028;C01;2;7;0;2;2;1;1;
9161;202100006024;191 029;A01;2;7;0;2;2;14;1;
9162;202100006025;191 021;D01;2;10;0;2;8;1;1;
9163;202100006025;191 022;C01;2;7;0;2;8;1;1;
9164;202100006025;191 023;B01;1;7;0;2;3;1;1;
9165;202100006025;191 024;A01;2;33;0;2;1;17;1;
9166;202100006026;191 020;A01;2;7;2;0;1;1;2;
9167;202100006028;191 017;A01;1;7;6;0;1;1;1;
9168;202100006029;191 016;A01;1;7;13;0;1;1;1;
9169;202100006030;191 015;A01;2;7;4;0;3;13;1;
9170;202100006031;191 013;A01;1;1;0;2;1;1;5;
9171;202100006031;191 014;B01;2;7;0;2;3;9;1;
9172;202100006032;191 012;A01;1;7;13;0;3;1;1;
9173;202100006033;191 011;A01;2;7;0;1;1;15;1;
9174;202100006035;191 008;A01;2;2;1;0;1;14;1;
9175;202100006036;191 007;A01;0;7;13;0;2;0;1;
9176;202100006037;191 005;B01;1;7;0;2;1;1;1;
9177;202100006037;191 006;A01;2;7;0;2;3;13;1;
9178;202100006038;191 002;A01;2;7;2;0;1;1;1;
9179;202100006039;190 999;B01;2;7;0;2;1;0;1;
9180;202100006039;191 000;A01;1;7;0;2;1;0;1;
9181;202100006040;190 997;A01;2;7;0;2;1;13;1;
9182;202100006040;190 998;B01;1;15;0;2;1;1;1;
9183;202100006041;190 996;A01;2;33;11;0;1;0;1;
9184;202100006042;190 994;B01;1;7;0;2;8;1;1;
9185;202100006042;190 995;A01;0;7;0;2;1;9;1;
9186;202100006043;190 993;A01;1;7;0;1;2;16;1;
9187;202100006044;190 992;A01;1;2;13;0;0;1;1;
9188;202100006045;190 990;B01;2;31;0;2;1;17;1;
9189;202100006045;190 991;A01;2;7;0;2;6;15;1;
9190;202100006047;190 986;A01;3;10;0;2;8;19;1;
9191;202100006047;190 987;B01;3;33;0;2;8;1;1;
9192;202100006048;190 985;A01;3;7;4;0;0;0;1;
9193;202100006050;190 981;A01;3;30;2;0;3;14;1;
9194;202100006051;190 980;A01;1;10;16;0;9;14;1;
9195;202100006052;190 979;A01;2;7;0;1;2;9;1;
9196;202100006053;190 978;A01;1;2;12;0;7;16;1;
9197;202100006055;190 976;A01;2;7;2;0;2;5;1;
9198;202100006056;190 975;A01;3;7;0;1;0;1;1;
9199;202100006057;190 973;B01;1;7;0;2;1;1;1;
9200;202100006057;190 974;A01;2;7;0;2;1;13;1;
9201;202100006058;190 971;B01;0;7;0;2;3;0;1;
9202;202100006058;190 972;A01;0;7;0;2;3;0;1;
9203;202100006059;190 970;A01;2;7;2;0;1;1;1;
9204;202100006061;190 967;A01;1;7;2;2;1;2;1;
9205;202100006061;190 968;B01;1;7;3;2;4;2;1;
9206;202100006062;190 966;A01;2;7;2;0;1;13;1;
9207;202100006063;190 965;A01;3;7;0;1;4;20;1;
9208;202100006064;190 962;C01;1;7;0;2;1;17;1;
9209;202100006064;190 963;B01;2;7;0;2;1;1;1;
9210;202100006064;190 964;A01;1;7;0;0;1;15;1;
9211;202100006065;190 960;A01;3;7;0;9;2;2;1;
9212;202100006065;190 961;B01;3;1;0;2;6;2;5;
9213;202100006066;190 959;A01;3;7;0;1;1;1;1;
9214;202100006067;190 957;B01;0;2;0;2;1;1;1;
9215;202100006067;190 958;A01;0;7;0;2;1;13;1;
9216;202100006068;190 956;A01;2;7;13;0;1;2;1;
9217;202100006069;190 955;A01;2;7;8;0;1;1;1;
9218;202100006070;190 954;A01;1;7;4;0;3;13;1;
9219;202100006071;190 951;A01;2;7;0;2;1;2;3;
9220;202100006071;190 952;C01;2;7;0;2;4;2;1;
9221;202100006071;190 953;B01;2;7;0;2;4;2;1;
9222;202100006072;190 949;A01;2;13;0;2;8;1;1;
9223;202100006072;190 950;B01;2;7;0;2;1;26;1;
9224;202100006073;190 947;B01;1;7;0;2;4;1;1;
9225;202100006073;190 948;A01;1;14;0;2;1;1;1;
9226;202100006074;190 945;B01;1;7;0;2;4;2;2;
9227;202100006074;190 946;A01;1;7;0;2;1;2;1;
9228;202100006075;190 944;A01;2;10;4;0;9;26;1;
9229;202100006076;190 941;C01;1;7;0;2;4;2;1;
9230;202100006076;190 942;A01;1;7;0;2;1;2;1;
9231;202100006076;190 943;B01;1;7;0;2;4;2;1;
9232;202100006077;190 940;A01;2;7;4;0;1;1;1;
9233;202100006078;190 939;A01;2;7;4;0;1;1;2;
9234;202100006079;190 936;C01;2;7;0;2;1;2;1;
9235;202100006079;190 937;B01;1;7;0;2;0;2;1;
9236;202100006079;190 938;A01;1;10;0;2;4;2;1;
9237;202100006080;190 935;A01;2;43;0;0;7;21;1;
9238;202100006081;190 932;A01;2;7;0;2;0;0;1;
9239;202100006081;190 933;B01;2;7;0;2;1;0;1;
9240;202100006081;190 934;C01;2;7;0;2;1;1;1;
9241;202100006082;190 930;A01;1;7;0;2;1;2;1;
9242;202100006082;190 931;B01;1;7;0;2;5;2;1;
9243;202100006084;190 926;A01;1;7;0;2;1;2;1;
9244;202100006084;190 927;B01;1;7;0;2;4;2;1;
9245;202100006085;190 925;A01;2;7;0;1;0;26;1;
9246;202100006086;190 923;B01;1;32;0;2;1;1;1;
9247;202100006086;190 924;A01;1;7;0;2;2;20;1;
9248;202100006087;190 921;B01;1;50;0;2;7;26;3;
9249;202100006087;190 922;A01;1;7;0;2;3;15;1;
9250;202100006088;190 920;A01;1;7;0;1;6;4;1;
9251;202100006089;190 919;A01;1;30;0;0;0;1;1;
9252;202100006090;190 917;A01;2;7;0;2;3;15;1;
9253;202100006090;190 918;B01;1;2;0;2;1;1;1;
9254;202100006091;190 915;B01;1;7;4;2;8;1;1;
9255;202100006091;190 916;A01;1;13;0;2;1;12;0;
9256;202100006092;190 912;A01;2;32;0;2;7;1;1;
9257;202100006092;190 913;B01;2;10;0;2;8;9;1;
9258;202100006093;190 911;A01;2;80;0;1;1;1;3;
9259;202100006094;190 909;B01;3;1;0;2;8;1;5;
9260;202100006094;190 910;A01;3;7;0;2;2;16;1;
9261;202100006096;190 905;B01;1;31;1;2;2;1;1;
9262;202100006096;190 906;A01;1;1;0;2;6;18;5;
9263;202100006097;190 904;Z01;1;50;0;1;0;1;3;
9264;202100006098;190 903;A01;2;2;0;1;2;1;1;
9265;202100006099;190 902;A01;2;1;0;0;1;1;5;
9266;202100006100;190 901;A01;1;30;1;1;1;17;3;
9267;202100006102;190 898;A01;3;33;0;2;3;1;1;
9268;202100006102;190 899;B01;3;43;0;2;8;15;1;
9269;202100006103;190 897;A01;3;7;0;1;3;15;1;
9270;202100006105;190 892;A01;3;7;0;2;1;1;1;
9271;202100006105;190 893;B01;3;1;0;2;8;5;5;
9272;202100006106;190 890;A01;1;30;0;2;7;26;1;
9273;202100006106;190 891;B01;2;7;0;2;3;1;1;
9274;202100006108;190 886;B01;1;7;0;2;7;26;1;
9275;202100006108;190 887;A01;1;7;0;2;1;15;0;
9276;202100006109;190 885;A01;2;30;0;0;0;1;1;
9277;202100006110;190 882;A01;2;7;0;2;1;2;1;
9278;202100006110;190 883;B01;2;7;0;2;4;2;1;
9279;202100006110;190 884;C01;2;10;0;2;4;2;1;
9280;202100006111;190 880;A01;1;7;0;9;1;17;1;
9281;202100006111;190 881;B01;3;50;0;2;0;0;3;
9282;202100006112;190 878;B01;1;7;0;2;8;0;1;
9283;202100006112;190 879;A01;1;7;0;2;7;1;1;
9284;202100006113;190 876;A01;1;7;0;2;3;0;1;
9285;202100006113;190 877;B01;1;7;4;2;0;0;1;
9286;202100006114;190 875;A01;3;7;0;1;1;0;1;
9287;202100006115;190 873;B01;2;37;0;2;2;2;1;2.0
9288;202100006115;190 874;A01;2;7;0;2;1;15;1;
9289;202100006116;190 871;A01;3;31;0;2;7;1;1;
9290;202100006116;190 872;B01;3;7;0;2;1;1;1;
9291;202100006117;190 870;A01;2;10;0;0;9;26;1;
9292;202100006118;190 868;B01;1;7;0;2;3;1;1;
9293;202100006118;190 869;A01;1;7;0;2;1;1;1;
9294;202100006119;190 866;A01;2;7;0;2;3;11;1;
9295;202100006119;190 867;B01;3;1;0;2;7;19;5;
9296;202100006120;190 864;A01;1;10;12;2;1;26;1;
9297;202100006120;190 865;B01;1;7;12;2;4;26;1;
9298;202100006121;190 862;B01;1;30;0;2;3;1;1;
9299;202100006121;190 863;A01;1;10;0;2;7;20;1;
9300;202100006122;190 860;B01;3;50;0;2;1;1;3;
9301;202100006122;190 861;A01;3;7;0;2;7;19;1;
9302;202100006123;190 858;B01;2;2;0;2;1;1;6;
9303;202100006123;190 859;A01;1;7;0;2;3;17;6;
9304;202100006124;190 856;B01;3;1;0;2;7;1;6;
9305;202100006124;190 857;A01;0;99;0;2;7;15;1;
9306;202100006125;190 855;A01;2;30;0;0;0;21;1;
9307;202100006126;190 853;B01;1;7;0;2;1;1;1;
9308;202100006126;190 854;A01;1;7;0;2;8;10;1;
9309;202100006127;190 852;A01;2;34;0;1;2;21;1;
9310;202100006128;190 851;A01;1;32;0;0;0;1;1;
9311;202100006129;190 849;B01;1;32;0;2;8;1;1;
9312;202100006129;190 850;A01;2;7;0;2;2;1;1;
9313;202100006131;190 847;A01;1;7;0;1;1;1;1;
9314;202100006132;190 846;A01;3;33;0;9;1;0;1;
9315;202100006133;190 845;A01;0;7;0;1;3;17;1;
9316;202100006135;190 843;A01;2;7;0;0;0;0;1;
9317;202100006136;190 842;A01;2;7;13;0;1;1;1;
9318;202100006137;190 840;B01;2;7;0;2;3;1;1;
9319;202100006137;190 841;A01;1;10;0;2;1;13;1;
9320;202100006138;190 838;B01;1;7;0;2;1;1;1;
9321;202100006138;190 839;A01;1;7;0;2;3;19;1;
9322;202100006140;190 836;A01;2;7;2;0;2;1;1;
9323;202100006141;190 834;B01;2;2;0;2;1;1;1;
9324;202100006141;190 835;A01;3;7;0;2;3;9;1;
9325;202100006142;190 833;A01;1;7;2;0;1;1;1;
9326;202100006143;190 832;A01;2;7;0;1;1;1;1;
9327;202100006144;190 831;A01;3;2;14;0;1;1;1;
9328;202100006145;190 830;A01;2;7;2;0;8;14;1;
9329;202100006146;190 828;B01;2;1;0;0;6;1;5;
9330;202100006146;190 829;A01;3;7;0;2;3;15;1;
9331;202100006147;190 824;A01;1;2;0;0;8;12;1;
9332;202100006149;190 820;A01;1;7;2;0;0;1;1;
9333;202100006149;190 821;B01;1;7;2;0;0;1;1;
9334;202100006150;190 819;A01;2;7;2;0;1;1;1;
9335;202100006151;190 817;A01;2;7;0;2;5;15;1;
9336;202100006151;190 818;B01;1;2;0;2;1;1;1;
9337;202100006152;190 815;A01;2;7;0;2;8;19;1;
9338;202100006152;190 816;B01;1;7;0;2;1;1;1;
9339;202100006153;190 813;A01;2;7;0;2;1;13;1;
9340;202100006153;190 814;B01;1;7;0;2;1;1;1;
9341;202100006154;190 811;B01;3;2;0;2;7;1;1;
9342;202100006154;190 812;A01;3;7;0;2;3;9;1;
9343;202100006155;190 809;A01;1;7;0;2;6;15;1;
9344;202100006155;190 810;B01;1;34;0;2;2;17;1;
9345;202100006158;190 804;A01;1;7;3;2;6;1;1;
9346;202100006158;190 805;B01;1;7;0;2;2;1;1;
9347;202100006159;190 802;B01;2;33;0;2;1;1;1;
9348;202100006159;190 803;A01;1;7;0;2;3;19;1;
9349;202100006160;190 800;B01;1;7;0;2;1;1;1;
9350;202100006160;190 801;A01;2;7;0;2;1;13;1;
9351;202100006162;190 796;A01;3;7;0;2;3;15;1;
9352;202100006162;190 797;B01;0;1;0;2;1;1;5;
9353;202100006163;190 795;A01;3;7;0;1;0;1;1;
9354;202100006164;190 794;A01;2;7;9;0;1;2;1;
9355;202100006165;190 792;C01;1;15;1;0;1;2;1;
9356;202100006165;190 793;B01;1;7;1;2;4;24;2;
9357;202100006166;190 789;D01;1;7;4;2;5;1;1;
9358;202100006166;190 790;A01;1;7;0;2;1;11;1;
9359;202100006166;190 791;B01;1;17;0;0;5;1;1;
9360;202100006167;190 788;A01;1;7;2;0;9;14;1;
9361;202100006168;190 784;D01;2;7;0;2;1;1;1;
9362;202100006168;190 785;C01;2;7;13;2;8;1;1;
9363;202100006168;190 786;B01;2;7;0;2;8;1;1;
9364;202100006168;190 787;A01;2;7;0;2;3;13;1;
9365;202100006169;190 783;A01;1;33;0;6;1;1;1;
9366;202100006170;190 781;A01;1;10;0;1;3;1;1;
9367;202100006171;190 780;A01;2;7;0;1;2;1;1;
9368;202100006172;190 779;A01;1;7;0;0;0;21;1;
9369;202100006173;190 777;A01;2;7;0;2;2;5;1;
9370;202100006173;190 778;B01;1;7;0;2;2;5;1;
9371;202100006174;190 775;B01;1;7;0;2;4;1;1;
9372;202100006174;190 776;A01;1;10;0;2;1;1;1;
9373;202100006176;190 773;A01;1;2;0;0;0;1;1;
9374;202100006177;190 772;A01;2;7;13;0;1;0;1;
9375;202100006178;190 771;A01;3;7;0;1;2;1;1;
9376;202100006180;190 768;A01;1;7;0;1;7;1;1;
9377;202100006181;190 767;A01;3;7;13;0;1;9;1;
9378;202100006182;190 765;A01;2;32;0;0;4;15;1;
9379;202100006182;190 766;B01;2;7;0;2;3;2;1;
9380;202100006183;190 764;A01;1;10;8;0;2;1;1;
9381;202100006184;190 763;A01;2;3;0;1;4;20;1;
9382;202100006185;190 760;C01;0;7;1;0;4;0;1;
9383;202100006185;190 761;B01;2;10;0;0;1;1;1;
9384;202100006185;190 762;A01;1;7;1;2;1;1;1;
9385;202100006186;190 756;D01;1;7;0;0;4;2;1;
9386;202100006186;190 757;C01;1;7;0;2;4;2;1;
9387;202100006186;190 758;B01;1;7;0;2;4;2;1;
9388;202100006186;190 759;A01;1;7;0;2;1;2;1;
9389;202100006187;190 755;A01;1;7;0;1;2;1;1;
9390;202100006189;190 752;A01;1;7;4;0;1;14;1;
9391;202100006190;190 748;D01;2;7;0;9;1;2;1;
9392;202100006190;190 749;C01;2;10;0;9;1;0;1;
9393;202100006190;190 750;B01;2;10;0;2;1;2;1;
9394;202100006190;190 751;A01;2;7;10;0;2;13;1;
9395;202100006191;190 744;A01;1;7;0;2;1;2;1;
9396;202100006191;190 745;D01;1;7;0;2;1;2;1;
9397;202100006191;190 746;C01;1;7;0;2;4;2;1;
9398;202100006191;190 747;B01;1;7;0;2;4;2;2;
9399;202100006192;190 741;C01;1;10;0;2;4;2;1;
9400;202100006192;190 742;B01;1;7;0;2;4;2;1;
9401;202100006192;190 743;A01;1;10;0;2;1;2;1;
9402;202100006193;190 740;A01;1;7;0;2;1;1;1;
9403;202100006194;190 738;A01;2;7;0;2;3;11;1;
9404;202100006194;190 739;B01;2;34;0;2;2;3;1;
9405;202100006195;190 737;A01;1;7;4;0;8;1;1;
9406;202100006196;190 732;E01;1;7;0;2;0;2;1;
9407;202100006196;190 733;D01;1;7;0;2;0;2;1;
9408;202100006196;190 734;C01;1;7;0;2;0;2;1;
9409;202100006196;190 735;B01;1;7;0;2;0;2;1;
9410;202100006196;190 736;A01;1;7;0;2;1;2;1;
9411;202100006197;190 730;A01;1;7;4;2;3;5;1;
9412;202100006197;190 731;B01;2;7;0;2;3;1;1;
9413;202100006198;190 729;A01;1;33;0;0;0;0;1;
9414;202100006199;190 727;A01;2;7;0;2;7;14;1;
9415;202100006199;190 728;B01;2;33;0;2;1;1;1;
9416;202100006201;190 724;A01;1;7;0;2;1;1;1;
9417;202100006201;190 725;B01;1;7;0;2;4;2;1;
9418;202100006202;190 722;B01;3;30;0;0;1;1;1;
9419;202100006202;190 723;A01;3;7;1;0;3;9;1;
9420;202100006203;190 721;A01;1;37;0;1;7;26;1;1.0
9421;202100006204;190 719;B01;2;7;0;2;7;1;1;
9422;202100006204;190 720;A01;2;30;0;2;7;19;1;
9423;202100006205;190 718;A01;3;33;4;0;2;14;1;
9424;202100006206;190 716;A01;3;30;0;2;3;17;1;
9425;202100006206;190 717;B01;3;30;0;2;7;17;1;
9426;202100006207;190 715;A01;1;7;6;0;1;14;1;
9427;202100006208;190 712;A01;3;7;0;2;1;17;1;
9428;202100006208;190 713;B01;3;7;0;2;1;1;1;
9429;202100006208;190 714;C01;3;7;0;2;1;2;1;
9430;202100006209;190 710;A01;1;7;9;2;1;15;1;
9431;202100006209;190 711;B01;2;7;0;2;3;1;1;
9432;202100006211;190 707;A01;1;7;0;2;4;23;1;
9433;202100006211;190 708;B01;1;7;14;2;1;2;1;
9434;202100006212;190 706;A01;1;1;0;1;1;1;5;
9435;202100006213;190 704;B01;3;50;0;2;1;0;3;
9436;202100006213;190 705;A01;3;7;0;2;1;1;1;
9437;202100006214;190 702;A01;1;7;0;2;1;2;1;
9438;202100006214;190 703;B01;1;7;0;2;3;1;1;
9439;202100006215;190 700;A01;1;30;0;2;1;17;1;
9440;202100006215;190 701;B01;3;7;0;2;3;15;1;
9441;202100006216;190 698;A01;1;7;0;2;2;15;1;
9442;202100006216;190 699;B01;2;7;0;2;1;1;1;
9443;202100006217;190 696;B01;1;7;0;2;1;1;1;
9444;202100006217;190 697;A01;1;7;0;2;2;13;1;
9445;202100006218;190 694;A01;1;7;0;2;5;12;1;
9446;202100006218;190 695;B01;1;34;0;2;3;26;1;
9447;202100006219;190 691;C01;2;7;0;2;4;2;1;
9448;202100006219;190 692;B01;2;10;0;2;4;2;1;
9449;202100006219;190 693;A01;2;7;0;2;1;2;1;
9450;202100006220;190 689;B01;1;37;0;2;2;1;1;2.0
9451;202100006220;190 690;A01;1;7;0;2;8;10;1;
9452;202100006221;190 688;A01;2;3;11;0;9;13;1;
9453;202100006222;190 686;A01;2;7;0;2;3;15;1;
9454;202100006222;190 687;B01;1;33;0;2;1;1;1;
9455;202100006223;190 683;A01;1;14;0;2;1;2;1;
9456;202100006223;190 684;B01;1;7;0;2;4;2;1;
9457;202100006223;190 685;C01;2;7;0;2;1;1;1;
9458;202100006224;190 682;A01;1;7;0;1;1;1;1;
9459;202100006225;190 680;B01;1;30;0;2;6;13;1;
9460;202100006225;190 681;A01;1;7;0;2;2;1;1;
9461;202100006226;190 678;B01;3;1;0;2;8;1;5;
9462;202100006226;190 679;A01;3;7;0;2;1;9;2;
9463;202100006227;190 676;A01;0;7;0;2;1;2;1;
9464;202100006227;190 677;B01;1;10;0;2;4;2;1;
9465;202100006228;190 671;B01;3;31;0;2;1;17;1;
9466;202100006228;190 672;A01;3;7;0;2;3;15;1;
9467;202100006229;190 669;A01;1;2;0;2;1;17;1;
9468;202100006229;190 670;B01;1;99;0;2;3;15;1;
9469;202100006230;190 667;A01;1;7;0;2;1;1;1;
9470;202100006230;190 668;B01;2;7;0;2;3;15;1;
9471;202100006231;190 665;B01;1;31;0;2;0;1;1;
9472;202100006231;190 666;A01;1;10;0;0;0;15;1;
9473;202100006234;190 660;B01;2;7;0;2;8;15;1;
9474;202100006234;190 661;A01;2;2;0;2;7;2;1;