;Num_Acc;id_vehicule;num_veh;senc;catv;obs;obsm;choc;manv;motor;occutc
9475;202100006235;190 658;B01;3;43;0;2;1;1;1;
9476;202100006235;190 659;A01;3;7;0;2;2;19;1;
9477;202100006236;190 657;A01;3;30;0;0;0;26;1;
9478;202100006237;190 656;A01;1;7;0;1;1;1;3;
9479;202100006238;190 654;A01;1;7;0;0;6;15;1;
9480;202100006238;190 655;B01;1;33;0;2;1;21;1;
9481;202100006239;190 652;B01;3;7;0;2;3;1;1;
9482;202100006239;190 653;A01;3;7;0;2;1;1;1;
9483;202100006240;190 651;A01;1;7;0;1;2;1;1;
9484;202100006241;190 645;B01;0;7;0;2;4;2;1;
9485;202100006241;190 646;A01;2;7;0;2;1;0;1;
9486;202100006243;190 642;B01;1;1;0;2;1;1;5;
9487;202100006243;190 643;A01;1;7;0;2;0;26;1;
9488;202100006244;190 641;A01;1;1;0;1;1;25;5;
9489;202100006245;190 633;A01;2;10;3;2;2;1;1;
9490;202100006245;190 634;B01;2;7;0;2;1;2;1;
9491;202100006245;190 635;C01;2;7;0;2;4;2;1;
9492;202100006245;190 636;D01;2;7;0;2;1;2;1;
9493;202100006245;190 637;E01;2;7;0;2;0;0;1;
9494;202100006245;190 638;F01;2;10;0;2;6;2;1;
9495;202100006245;190 639;G01;2;7;0;2;1;2;1;
9496;202100006245;190 640;H01;2;7;0;2;6;2;1;
9497;202100006246;190 630;C01;0;7;0;2;3;13;0;
9498;202100006246;190 631;A01;0;7;0;2;3;1;1;
9499;202100006246;190 632;B01;0;7;0;2;3;1;1;
9500;202100006247;190 629;A01;2;7;8;0;2;13;1;
9501;202100006248;190 627;A01;1;15;0;2;1;9;1;
9502;202100006248;190 628;B01;1;7;0;6;4;9;1;
9503;202100006250;190 623;B01;3;33;0;2;6;1;1;
9504;202100006250;190 624;A01;3;10;0;2;2;15;1;
9505;202100006251;190 622;A01;2;7;2;0;1;14;1;
9506;202100006252;190 621;A01;1;7;1;0;2;14;1;
9507;202100006253;190 619;B01;2;37;0;2;2;1;1;3.0
9508;202100006253;190 620;A01;2;7;0;2;3;10;1;
9509;202100006254;190 618;A01;3;7;0;1;3;1;1;
9510;202100006255;190 616;A01;1;7;0;2;2;20;1;
9511;202100006255;190 617;B01;1;1;0;1;3;18;5;
9512;202100006256;190 615;A01;3;32;14;0;1;25;1;
9513;202100006257;190 613;A01;3;7;0;2;2;1;1;
9514;202100006257;190 614;B01;3;7;0;2;8;10;1;
9515;202100006259;190 606;A01;1;7;1;0;1;1;1;
9516;202100006259;190 607;B01;1;7;1;0;1;2;1;
9517;202100006259;190 608;C01;1;7;0;0;4;1;1;
9518;202100006259;190 609;D01;1;7;0;0;4;1;2;
9519;202100006260;190 601;A01;0;7;0;2;1;9;1;
9520;202100006260;190 602;B01;0;7;0;2;7;1;1;
9521;202100006261;190 599;A01;3;7;0;2;1;1;1;
9522;202100006261;190 600;B01;3;7;0;2;1;1;1;
9523;202100006262;190 597;B01;1;7;0;2;1;0;3;
9524;202100006262;190 598;A01;1;7;0;2;1;13;1;
9525;202100006263;190 596;A01;1;7;0;1;2;9;1;
9526;202100006264;190 594;B01;3;2;0;2;1;1;1;
9527;202100006264;190 595;A01;3;10;0;2;7;15;1;
9528;202100006265;190 592;B01;2;7;0;2;8;0;1;
9529;202100006265;190 593;A01;1;7;0;2;1;26;1;
9530;202100006267;190 589;A01;3;32;0;2;0;9;1;
9531;202100006267;190 590;B01;3;7;0;2;6;9;1;
9532;202100006268;190 587;A01;3;7;0;2;1;14;0;
9533;202100006268;190 588;B01;2;7;0;2;4;0;0;
9534;202100006270;190 584;A01;2;7;0;1;2;1;1;
9535;202100006271;190 583;A01;3;7;9;0;3;15;3;
9536;202100006272;190 582;A01;3;7;0;1;1;1;1;
9537;202100006273;190 580;A01;2;7;0;2;1;2;1;
9538;202100006273;190 581;B01;2;7;0;2;4;2;1;
9539;202100006275;190 577;A01;2;31;15;0;2;2;1;
9540;202100006276;190 575;A01;1;7;0;2;1;1;1;
9541;202100006276;190 576;B01;2;2;0;2;1;1;1;
9542;202100006278;190 571;B01;1;7;0;2;1;1;1;
9543;202100006278;190 572;A01;1;10;0;2;8;19;1;
9544;202100006279;190 570;A01;2;7;3;0;1;9;1;
9545;202100006280;190 569;A01;2;7;7;0;9;1;1;
9546;202100006281;190 567;B01;3;50;0;2;1;25;3;
9547;202100006281;190 568;A01;3;7;0;2;3;15;1;
9548;202100006283;190 565;A01;1;30;0;1;1;1;1;
9549;202100006284;190 563;B01;1;7;0;2;8;15;1;
9550;202100006284;190 564;A01;2;14;0;2;5;16;1;
9551;202100006286;190 559;A01;1;7;0;2;2;1;1;
9552;202100006286;190 560;B01;2;2;0;2;1;1;1;
9553;202100006287;190 556;A01;3;33;0;2;3;1;1;
9554;202100006287;190 557;B01;3;7;0;2;2;15;1;
9555;202100006288;190 554;A01;1;7;0;2;1;15;2;
9556;202100006288;190 555;B01;2;33;0;2;8;1;1;
9557;202100006289;190 552;A01;1;7;0;2;3;1;1;
9558;202100006289;190 553;B01;2;33;0;2;8;1;1;
9559;202100006290;190 550;B01;3;7;0;2;4;1;1;
9560;202100006290;190 551;A01;3;7;0;2;1;1;1;
9561;202100006292;190 546;B01;2;7;0;2;1;1;1;
9562;202100006292;190 547;A01;2;1;0;2;1;19;5;
9563;202100006293;190 545;A01;1;7;0;1;2;1;1;
9564;202100006294;190 542;A01;1;10;0;2;3;11;3;
9565;202100006294;190 543;C01;2;43;0;2;0;1;1;
9566;202100006294;190 544;B01;1;7;0;2;5;1;1;
9567;202100006295;190 541;A01;1;2;0;1;1;1;3;
9568;202100006296;190 540;A01;2;1;0;1;1;1;5;
9569;202100006297;190 539;A01;2;1;0;1;1;1;5;
9570;202100006299;190 535;A01;3;7;0;2;2;1;1;
9571;202100006299;190 536;B01;3;7;8;2;3;1;1;
9572;202100006301;190 532;A01;3;7;0;2;7;1;1;
9573;202100006301;190 533;B01;1;1;0;2;3;1;5;
9574;202100006302;190 529;C01;1;7;0;2;4;2;1;
9575;202100006302;190 530;B01;1;7;0;2;0;2;1;
9576;202100006302;190 531;A01;1;37;0;2;1;2;1;1.0
9577;202100006303;190 527;B01;1;1;0;2;1;1;5;
9578;202100006303;190 528;A01;2;7;0;2;3;16;2;
9579;202100006304;190 523;A01;2;7;1;1;3;1;1;
9580;202100006306;190 520;B01;2;7;0;2;3;0;1;
9581;202100006306;190 521;A01;3;32;0;2;2;9;1;
9582;202100006307;190 518;A01;-1;7;0;2;5;15;1;
9583;202100006307;190 519;B01;-1;7;0;2;1;1;1;
9584;202100006308;190 515;C01;1;7;0;1;0;23;0;
9585;202100006308;190 516;B01;1;7;0;2;4;23;0;
9586;202100006308;190 517;A01;1;30;0;1;1;13;6;
9587;202100006309;190 514;A01;3;7;0;1;3;16;1;
9588;202100006310;190 505;A01;1;7;0;2;7;17;0;
9589;202100006310;190 506;B01;1;31;0;2;3;0;0;
9590;202100006310;190 507;C01;1;7;0;2;8;0;0;
9591;202100006310;190 508;D01;1;7;0;2;8;0;0;
9592;202100006310;190 509;E01;1;2;0;2;8;0;0;
9593;202100006310;190 510;F01;1;7;0;2;8;0;0;
9594;202100006310;190 511;G01;1;7;0;2;8;0;0;
9595;202100006310;190 512;H01;1;7;0;2;8;0;0;
9596;202100006310;190 513;I01;1;7;0;2;8;0;0;
9597;202100006311;190 503;B01;-1;43;0;2;1;1;1;
9598;202100006311;190 504;A01;-1;7;0;2;2;15;1;
9599;202100006312;190 501;A01;1;7;0;0;1;19;1;
9600;202100006312;190 502;C01;1;1;0;2;7;19;5;
9601;202100006313;190 500;A01;2;7;0;1;2;1;1;
9602;202100006314;190 498;B01;3;1;0;2;7;19;5;
9603;202100006314;190 499;A01;2;7;0;2;1;1;1;
9604;202100006315;190 496;B01;0;43;0;2;2;0;1;
9605;202100006315;190 497;A01;0;7;0;2;3;9;1;
9606;202100006316;190 495;A01;2;43;0;1;8;1;1;
9607;202100006317;190 493;A01;3;10;0;2;0;15;1;
9608;202100006317;190 494;B01;3;32;3;2;2;1;1;
9609;202100006318;190 492;A01;1;7;8;2;2;14;1;
9610;202100006319;190 490;B01;3;7;12;2;3;0;1;
9611;202100006319;190 491;A01;1;7;0;2;4;1;1;
9612;202100006320;190 489;A01;1;10;7;0;1;0;1;
9613;202100006321;190 487;B01;1;15;0;2;4;2;1;
9614;202100006321;190 488;A01;1;7;0;2;1;2;1;
9615;202100006322;190 486;A01;1;7;4;0;1;1;1;
9616;202100006323;190 485;A01;0;2;0;0;0;0;1;
9617;202100006324;190 483;A01;2;7;0;2;5;15;1;
9618;202100006324;190 484;B01;1;33;0;2;1;1;1;
9619;202100006325;190 482;A01;0;7;0;1;1;14;1;
9620;202100006326;190 479;C01;2;10;0;0;7;1;1;
9621;202100006326;190 480;A01;2;33;0;2;1;1;1;
9622;202100006326;190 481;B01;2;7;0;2;5;21;1;
9623;202100006327;190 478;A01;1;7;0;0;9;1;1;
9624;202100006328;190 476;A01;1;10;0;2;1;15;1;
9625;202100006328;190 477;B01;2;7;0;2;1;1;1;
9626;202100006329;190 475;A01;2;7;0;1;2;1;1;
9627;202100006330;190 474;A01;2;7;16;0;9;14;1;
9628;202100006331;190 473;A01;3;21;0;0;7;15;1;
9629;202100006332;190 472;A01;3;7;0;1;4;20;1;
9630;202100006333;190 471;A01;1;10;2;0;3;9;1;
9631;202100006334;190 470;A01;2;7;0;1;2;1;1;
9632;202100006335;190 468;A01;1;30;0;2;1;1;0;
9633;202100006335;190 469;B01;1;7;0;0;4;1;1;
9634;202100006336;190 467;A01;3;10;0;1;4;20;1;
9635;202100006337;190 465;B01;1;7;0;2;1;1;1;
9636;202100006337;190 466;A01;2;7;0;2;1;13;1;
9637;202100006338;190 463;A01;3;7;0;2;2;15;1;
9638;202100006338;190 464;B01;3;34;0;2;1;1;1;
9639;202100006339;190 460;A01;2;7;0;1;2;1;1;
9640;202100006340;190 458;B01;3;7;0;2;8;16;1;
9641;202100006340;190 459;A01;3;31;0;2;1;1;1;
9642;202100006341;190 457;A01;1;2;6;0;1;21;1;
9643;202100006342;190 456;A01;1;80;0;0;0;2;3;
9644;202100006343;190 454;B01;2;2;0;0;8;21;1;
9645;202100006343;190 455;A01;1;7;0;2;3;15;1;
9646;202100006345;190 452;A01;2;32;0;1;1;1;1;
9647;202100006346;190 450;B01;2;7;0;2;3;1;1;
9648;202100006346;190 451;A01;1;32;0;2;1;13;1;
9649;202100006347;190 449;A01;1;7;0;1;2;0;1;
9650;202100006349;190 447;A01;1;7;0;1;1;19;1;
9651;202100006350;190 446;A01;1;33;0;0;0;1;1;
9652;202100006351;190 445;A01;0;7;15;0;9;1;1;
9653;202100006352;190 443;B01;1;17;0;0;4;1;1;
9654;202100006352;190 444;A01;1;7;12;2;1;6;1;
9655;202100006353;190 441;A01;3;33;0;0;8;1;1;
9656;202100006353;190 442;B01;1;7;0;0;1;16;1;
9657;202100006355;190 438;B01;3;15;0;2;3;1;1;
9658;202100006355;190 439;A01;3;7;0;2;1;1;1;
9659;202100006356;190 436;B01;3;7;0;2;3;15;1;
9660;202100006356;190 437;A01;2;2;0;0;2;1;1;
9661;202100006357;190 435;A01;2;10;2;0;2;1;1;
9662;202100006358;190 433;B01;3;10;0;2;6;23;1;
9663;202100006358;190 434;A01;3;10;0;2;2;1;1;
9664;202100006359;190 431;A01;2;31;0;0;1;0;1;
9665;202100006359;190 432;B01;1;7;0;0;8;0;1;
9666;202100006361;190 427;B01;3;1;0;2;8;1;5;
9667;202100006361;190 428;A01;3;7;0;2;8;15;1;
9668;202100006362;190 425;A01;3;10;1;2;1;1;1;
9669;202100006362;190 426;B01;3;7;0;2;1;1;1;
9670;202100006363;190 422;C01;2;10;0;2;4;2;1;
9671;202100006363;190 423;B01;2;7;0;2;4;2;1;
9672;202100006363;190 424;A01;2;7;0;2;1;0;1;
9673;202100006364;190 421;A01;2;10;3;0;9;0;1;
9674;202100006365;190 420;A01;-1;7;-1;-1;-1;-1;-1;
9675;202100006366;190 418;A01;1;7;0;2;3;9;1;
9676;202100006366;190 419;B01;1;15;0;2;2;1;1;
9677;202100006368;190 413;C01;1;7;0;2;4;2;1;
9678;202100006368;190 414;B01;1;7;0;2;4;2;1;
9679;202100006368;190 415;A01;1;7;0;2;1;2;1;
9680;202100006369;190 411;B01;2;7;0;2;4;2;1;
9681;202100006369;190 412;A01;2;33;0;2;1;2;1;
9682;202100006370;190 410;A01;1;7;4;0;3;1;1;
9683;202100006371;190 408;A01;1;7;0;2;0;0;0;
9684;202100006371;190 409;B01;1;7;0;2;4;1;1;
9685;202100006372;190 406;A01;1;0;0;2;7;12;0;
9686;202100006372;190 407;B01;1;32;0;2;6;1;1;
9687;202100006373;190 403;C01;1;10;0;2;4;2;1;
9688;202100006373;190 404;B01;1;10;0;2;4;2;1;
9689;202100006373;190 405;A01;1;7;0;2;1;1;1;
9690;202100006374;190 401;A01;1;15;0;2;2;12;0;
9691;202100006374;190 402;B01;1;7;0;2;6;2;0;
9692;202100006375;190 399;B01;1;33;0;2;4;2;1;
9693;202100006375;190 400;A01;1;7;0;2;4;1;1;
9694;202100006376;190 397;A01;1;15;0;2;5;14;1;
9695;202100006376;190 398;B01;1;7;0;2;1;1;1;
9696;202100006378;190 393;A01;1;7;5;0;3;1;1;
9697;202100006379;190 392;A01;3;7;0;1;2;20;1;
9698;202100006380;190 390;B01;2;7;0;2;1;1;1;
9699;202100006380;190 391;A01;1;7;0;2;3;13;1;
9700;202100006381;190 389;A01;1;30;12;0;0;13;1;
9701;202100006382;190 385;D01;2;7;0;2;1;1;3;
9702;202100006382;190 386;C01;2;7;0;2;4;2;1;
9703;202100006382;190 387;B01;2;7;0;2;4;2;1;
9704;202100006382;190 388;A01;2;7;0;2;1;2;1;
9705;202100006383;190 384;A01;1;7;1;0;2;14;1;
9706;202100006384;190 382;B01;1;7;0;2;4;26;1;
9707;202100006384;190 383;A01;1;31;0;2;1;26;1;
9708;202100006385;190 381;A01;1;7;0;1;1;26;1;
9709;202100006387;190 378;A01;3;7;1;0;1;20;1;
9710;202100006388;190 377;A01;3;7;0;1;2;1;1;
9711;202100006389;190 375;B01;2;7;0;2;2;19;1;
9712;202100006389;190 376;A01;1;32;0;2;1;1;1;
9713;202100006390;190 373;A01;3;7;3;0;2;13;1;
9714;202100006390;190 374;B01;3;7;3;0;2;1;1;
9715;202100006391;190 371;A01;2;7;0;2;3;15;1;
9716;202100006391;190 372;B01;1;33;0;2;1;17;1;
9717;202100006392;190 369;A01;3;10;1;0;2;1;1;
9718;202100006392;190 370;B01;3;7;0;2;6;23;1;
9719;202100006393;190 368;A01;1;7;0;1;7;1;1;
9720;202100006394;190 366;A01;1;7;0;2;2;15;1;
9721;202100006394;190 367;B01;1;30;0;2;6;17;1;
9722;202100006396;190 363;A01;1;7;0;2;6;15;1;
9723;202100006396;190 364;B01;1;33;0;2;1;17;1;
9724;202100006397;190 361;A01;1;7;0;2;2;17;1;
9725;202100006397;190 362;B01;1;1;0;2;6;1;5;
9726;202100006399;190 358;A01;0;7;0;1;1;16;1;
9727;202100006400;190 356;B01;3;7;0;2;4;1;1;
9728;202100006400;190 357;A01;3;7;0;2;1;1;1;
9729;202100006401;190 355;A01;1;7;0;1;1;16;1;
9730;202100006402;190 353;B01;2;2;0;2;1;17;1;
9731;202100006402;190 354;A01;1;10;0;2;1;15;1;
9732;202100006403;190 352;A01;2;10;0;1;1;15;1;
9733;202100006404;190 351;A01;3;7;8;0;6;4;1;
9734;202100006405;190 350;A01;2;30;0;1;1;1;1;
9735;202100006406;190 349;A01;3;7;1;0;1;14;1;
9736;202100006407;190 348;A01;1;7;0;1;8;9;1;
9737;202100006408;190 347;A01;2;7;0;1;1;1;1;
9738;202100006409;190 345;B01;2;15;0;2;1;1;1;
9739;202100006409;190 346;A01;2;15;0;2;1;5;1;
9740;202100006410;190 343;B01;1;30;0;2;4;1;1;
9741;202100006410;190 344;A01;1;7;0;2;1;1;1;
9742;202100006411;190 342;A01;1;7;0;1;2;15;1;
9743;202100006412;190 339;A01;1;7;0;2;1;1;1;
9744;202100006412;190 340;B01;2;10;0;2;1;1;1;
9745;202100006413;190 330;Z01;1;7;0;2;1;9;0;
9746;202100006413;190 331;B01;1;1;0;2;2;1;5;
9747;202100006414;190 328;B01;1;2;0;2;8;1;1;
9748;202100006414;190 329;A01;3;7;0;2;1;15;1;
9749;202100006415;190 326;A01;3;7;0;2;3;9;1;
9750;202100006415;190 327;B01;3;1;0;2;1;1;5;
9751;202100006416;190 325;A01;2;7;0;1;1;1;1;
9752;202100006417;190 323;A01;2;30;0;2;1;1;1;
9753;202100006417;190 324;B01;1;7;0;2;3;23;1;
9754;202100006418;190 322;A01;1;30;0;0;1;1;1;
9755;202100006419;190 320;A01;3;7;0;2;8;15;1;
9756;202100006419;190 321;B01;1;2;0;2;2;1;1;
9757;202100006420;190 319;A01;3;10;0;1;4;4;0;
9758;202100006421;190 317;A01;1;10;0;2;8;10;1;
9759;202100006421;190 318;B01;1;31;0;2;1;1;1;
9760;202100006422;190 314;A01;1;7;0;1;2;9;1;
9761;202100006423;190 313;A01;0;7;0;1;0;0;0;
9762;202100006424;190 312;A01;1;7;8;0;1;13;1;
9763;202100006425;190 311;A01;1;7;0;1;2;16;1;
9764;202100006426;190 309;B01;3;33;0;2;0;0;0;
9765;202100006426;190 310;A01;0;7;0;2;6;13;0;
9766;202100006428;190 306;A01;1;7;0;2;2;15;1;
9767;202100006428;190 307;B01;2;1;0;2;1;1;5;
9768;202100006429;190 304;A01;2;7;0;2;3;15;1;
9769;202100006429;190 305;B01;1;2;0;2;8;1;1;
9770;202100006430;190 303;A01;3;7;0;1;1;17;1;
9771;202100006431;190 301;A01;3;7;0;2;1;15;1;
9772;202100006431;190 302;B01;3;1;0;2;8;23;5;
9773;202100006432;190 297;A01;1;7;0;2;3;9;1;
9774;202100006432;190 298;B01;1;2;0;2;7;9;1;
9775;202100006433;190 296;A01;1;7;0;1;1;19;1;
9776;202100006435;190 292;B01;1;7;0;2;5;0;1;
9777;202100006435;190 293;A01;1;7;14;2;1;1;3;
9778;202100006436;190 290;B01;3;7;0;2;3;9;1;
9779;202100006436;190 291;A01;3;2;0;2;1;1;1;
9780;202100006437;190 289;A01;2;10;0;1;1;9;1;
9781;202100006438;190 287;B01;1;7;0;2;3;15;1;
9782;202100006438;190 288;A01;2;10;0;2;1;1;1;
9783;202100006439;190 285;B01;1;7;0;9;2;0;3;
9784;202100006439;190 286;A01;1;1;0;2;2;26;5;
9785;202100006440;190 283;Z01;1;7;0;2;1;1;1;
9786;202100006440;190 284;A01;1;7;0;2;8;1;1;
9787;202100006441;190 282;A01;1;34;0;1;0;0;0;
9788;202100006442;190 281;Z01;1;10;0;1;0;1;0;
9789;202100006443;190 280;A01;3;7;0;1;1;15;1;
9790;202100006444;190 278;A01;3;30;0;2;7;16;1;
9791;202100006444;190 279;B01;3;10;0;2;3;1;1;
9792;202100006445;190 277;A01;2;7;0;1;2;1;1;
9793;202100006446;190 275;B01;3;34;0;2;8;1;1;
9794;202100006446;190 276;A01;3;7;0;2;1;1;1;
9795;202100006447;190 274;A01;1;32;0;1;1;1;1;
9796;202100006448;190 273;A01;1;37;0;1;2;1;1;1.0
9797;202100006450;190 268;A01;3;7;0;2;7;15;1;
9798;202100006450;190 269;B01;2;43;0;2;1;1;1;
9799;202100006450;190 270;C01;1;7;0;2;1;1;1;
9800;202100006451;190 266;A01;0;7;0;2;1;1;1;
9801;202100006451;190 267;B01;1;33;0;2;8;0;1;
9802;202100006452;190 264;A01;1;7;0;9;4;26;1;
9803;202100006452;190 265;B01;1;1;0;2;4;26;5;
9804;202100006453;190 261;B01;1;10;0;2;4;1;1;
9805;202100006453;190 262;C01;1;7;0;2;4;2;1;
9806;202100006453;190 263;A01;1;7;0;2;1;1;1;
9807;202100006454;190 259;A01;1;14;0;2;2;1;1;
9808;202100006454;190 260;B01;1;10;0;2;8;9;1;
9809;202100006456;190 254;B01;2;33;0;2;7;3;1;
9810;202100006456;190 255;A01;2;7;0;2;8;11;1;
9811;202100006457;190 253;A01;2;7;6;1;1;20;1;
9812;202100006458;190 252;A01;2;1;12;0;3;13;5;
9813;202100006459;190 250;B01;1;1;0;2;4;23;5;
9814;202100006459;190 251;A01;1;1;0;2;1;2;5;
9815;202100006460;190 248;B01;3;10;0;2;4;1;1;
9816;202100006460;190 249;A01;3;32;0;2;1;1;1;
9817;202100006461;190 247;A01;2;7;0;1;6;4;1;
9818;202100006462;190 246;A01;2;1;0;1;7;1;5;
9819;202100006463;190 244;A01;1;7;0;2;5;22;1;
9820;202100006463;190 245;B01;1;1;0;2;5;1;5;
9821;202100006465;190 240;A01;1;10;0;2;7;1;1;
9822;202100006465;190 241;B01;2;7;0;2;1;1;1;
9823;202100006466;190 239;A01;2;7;0;1;4;4;1;
9824;202100006468;190 236;A01;3;32;0;2;6;18;1;
9825;202100006468;190 237;B01;3;7;0;2;2;1;1;
9826;202100006469;190 234;B01;2;50;0;2;1;1;3;
9827;202100006469;190 235;A01;2;7;0;2;3;22;1;
9828;202100006471;190 231;B01;1;1;0;2;4;1;5;
9829;202100006471;190 232;A01;1;14;0;2;2;16;1;
9830;202100006473;190 228;A01;1;33;0;1;3;1;1;
9831;202100006474;190 227;A01;1;50;0;1;0;0;3;
9832;202100006475;190 226;A01;2;7;0;1;1;15;1;
9833;202100006476;190 225;A01;2;34;15;0;0;1;1;
9834;202100006477;190 223;A01;1;7;0;2;7;15;1;
9835;202100006477;190 224;B01;2;10;0;2;1;2;1;
9836;202100006478;190 222;A01;3;7;0;1;1;1;1;
9837;202100006479;190 220;A01;-1;7;0;1;5;26;1;
9838;202100006480;190 218;A01;0;7;0;2;0;2;1;
9839;202100006480;190 219;B01;0;1;0;2;4;2;0;
9840;202100006481;190 216;A01;2;30;0;2;1;1;1;
9841;202100006481;190 217;B01;2;7;0;2;2;16;1;
9842;202100006482;190 214;A01;1;43;0;2;7;17;0;
9843;202100006482;190 215;B01;1;10;0;2;8;15;0;
9844;202100006483;190 212;A01;0;7;0;0;0;0;0;
9845;202100006483;190 213;B01;2;2;0;2;1;1;1;
9846;202100006484;190 210;B01;1;7;0;2;8;16;1;
9847;202100006484;190 211;A01;1;7;0;2;1;1;1;
9848;202100006485;190 208;B01;1;7;0;2;0;9;1;
9849;202100006485;190 209;A01;1;30;0;2;0;1;1;
9850;202100006486;190 207;A01;1;7;6;0;1;1;1;
9851;202100006487;190 205;B01;0;34;0;2;1;2;1;
9852;202100006487;190 206;A01;0;7;0;2;5;23;1;
9853;202100006488;190 203;B01;0;33;0;2;1;0;1;
9854;202100006488;190 204;A01;0;7;0;2;3;11;1;
9855;202100006489;190 202;A01;1;1;0;0;0;26;5;
9856;202100006490;190 201;A01;0;50;0;0;1;21;3;
9857;202100006491;190 200;A01;1;7;0;1;2;26;1;
9858;202100006492;190 198;A01;1;33;0;2;3;13;1;
9859;202100006492;190 199;B01;1;7;0;2;4;26;2;
9860;202100006493;190 197;A01;1;7;0;1;2;9;1;
9861;202100006494;190 195;A01;2;7;0;2;2;15;1;
9862;202100006494;190 196;B01;1;7;0;2;3;1;1;
9863;202100006495;190 193;A01;3;7;6;0;6;23;1;
9864;202100006496;190 191;A01;3;33;0;2;1;1;1;
9865;202100006496;190 192;B01;3;31;0;2;5;1;1;
9866;202100006497;190 188;A01;3;7;0;2;1;5;1;
9867;202100006497;190 189;B01;3;7;0;2;1;1;1;
9868;202100006498;190 187;A01;1;10;0;1;3;1;1;
9869;202100006499;190 185;A01;1;7;0;2;1;5;1;
9870;202100006499;190 186;B01;2;7;0;2;1;1;1;
9871;202100006500;190 182;C01;1;7;0;0;1;1;1;
9872;202100006500;190 183;B01;1;17;0;0;2;1;1;
9873;202100006500;190 184;A01;2;17;0;2;2;1;1;
9874;202100006501;190 180;A01;1;2;0;2;2;1;1;
9875;202100006501;190 181;B01;1;7;0;2;2;19;1;
9876;202100006502;190 179;A01;1;7;8;0;1;1;1;
9877;202100006503;190 177;A01;2;7;0;2;9;1;1;
9878;202100006503;190 178;B01;1;7;0;2;3;1;1;
9879;202100006504;190 176;A01;2;38;6;0;3;0;1;1.0
9880;202100006505;190 174;A01;1;17;0;2;1;17;1;
9881;202100006505;190 175;B01;1;21;0;0;8;15;1;
9882;202100006506;190 173;A01;1;7;0;1;7;0;1;
9883;202100006507;190 170;A01;1;1;0;2;8;1;5;
9884;202100006507;190 171;B01;1;7;0;9;7;1;1;
9885;202100006507;190 172;C01;1;7;0;2;1;2;1;
9886;202100006508;190 169;A01;1;2;6;0;2;1;1;
9887;202100006509;190 168;A01;0;7;0;1;1;9;1;
9888;202100006510;190 167;A01;2;7;16;0;9;1;1;
9889;202100006511;190 166;A01;1;7;0;1;2;1;1;
9890;202100006512;190 165;A01;3;7;6;0;1;14;1;
9891;202100006513;190 163;A01;2;10;0;2;3;1;1;
9892;202100006513;190 164;B01;1;7;0;2;3;1;1;
9893;202100006514;190 162;A01;1;7;8;0;5;1;2;
9894;202100006515;190 160;B01;1;15;0;2;1;1;1;
9895;202100006515;190 161;A01;2;7;0;2;1;13;1;
9896;202100006516;190 159;A01;3;7;13;0;3;0;1;
9897;202100006517;190 157;B01;1;7;0;2;1;5;1;
9898;202100006517;190 158;A01;2;7;0;2;1;1;1;
9899;202100006518;190 154;A01;2;10;3;2;3;5;1;
9900;202100006518;190 155;C01;1;17;0;2;3;1;1;
9901;202100006518;190 156;B01;1;7;0;2;3;17;1;
9902;202100006519;190 152;B01;2;14;0;2;3;1;1;
9903;202100006519;190 153;A01;1;7;0;2;1;5;1;
9904;202100006520;190 150;A01;2;33;0;2;8;1;1;
9905;202100006520;190 151;B01;2;7;0;2;3;1;0;
9906;202100006521;190 148;B01;1;7;0;2;1;1;1;
9907;202100006521;190 149;A01;3;7;0;2;8;19;1;
9908;202100006522;190 146;A01;1;7;0;0;6;24;1;
9909;202100006522;190 147;B01;1;7;1;0;2;14;1;
9910;202100006523;190 144;B01;1;7;0;2;1;1;1;
9911;202100006523;190 145;A01;1;2;0;2;7;15;1;
9912;202100006524;190 141;C01;2;7;0;0;0;13;0;
9913;202100006524;190 142;B01;2;7;0;2;3;21;1;
9914;202100006524;190 143;A01;1;7;0;2;3;21;1;
9915;202100006525;190 139;A01;1;7;14;9;2;17;1;
9916;202100006525;190 140;B01;1;1;0;0;8;15;5;
9917;202100006526;190 137;B01;1;7;0;2;1;1;1;
9918;202100006526;190 138;A01;2;7;0;2;1;13;3;
9919;202100006527;190 136;A01;1;15;8;0;0;1;1;
9920;202100006528;190 134;B01;2;7;0;2;3;15;1;
9921;202100006528;190 135;A01;2;33;0;2;1;1;1;
9922;202100006529;190 131;A01;2;15;0;1;7;20;1;
9923;202100006530;190 129;A01;1;7;0;2;1;13;1;
9924;202100006530;190 130;B01;2;7;0;2;1;1;1;
9925;202100006531;190 126;A01;1;7;0;2;2;1;1;
9926;202100006531;190 127;B01;1;7;0;2;4;2;1;
9927;202100006531;190 128;C01;0;7;0;2;1;2;1;
9928;202100006532;190 124;A01;2;7;0;9;8;1;1;
9929;202100006532;190 125;B01;2;15;0;2;2;12;1;
9930;202100006533;190 121;A01;1;7;0;2;3;15;1;
9931;202100006533;190 122;B01;1;7;0;2;3;2;1;
9932;202100006533;190 123;C01;1;14;0;2;1;2;1;
9933;202100006534;190 118;A01;2;7;0;2;1;2;1;
9934;202100006534;190 119;B01;2;7;0;2;4;2;1;
9935;202100006534;190 120;C01;2;7;0;2;4;2;1;
9936;202100006536;190 114;A01;2;7;0;2;1;2;1;
9937;202100006536;190 115;B01;2;7;0;2;4;2;1;
9938;202100006536;190 116;C01;2;10;0;2;4;2;1;
9939;202100006537;190 112;A01;1;7;0;2;1;2;1;
9940;202100006537;190 113;B01;1;7;0;2;4;2;1;
9941;202100006539;190 108;A01;1;15;4;2;1;14;1;
9942;202100006539;190 109;B01;1;15;0;2;3;1;1;
9943;202100006539;190 110;C01;1;7;0;2;8;2;1;
9944;202100006540;190 106;Z01;1;10;0;2;8;13;0;
9945;202100006540;190 107;A01;1;33;0;2;7;3;1;
9946;202100006541;190 104;Z01;1;7;0;2;7;12;1;