;Num_Acc;id_vehicule;num_veh;senc;catv;obs;obsm;choc;manv;motor;occutc
9947;202100006541;190 105;A01;1;33;0;2;8;3;1;
9948;202100006542;190 102;B01;2;7;0;2;1;2;1;
9949;202100006542;190 103;A01;2;7;0;2;4;2;1;
9950;202100006543;190 101;A01;1;7;1;0;7;14;1;
9951;202100006544;190 099;B01;2;41;0;2;8;15;1;
9952;202100006544;190 100;A01;1;7;0;2;2;1;1;
9953;202100006545;190 097;B01;1;7;0;4;3;19;1;
9954;202100006545;190 098;A01;1;40;0;2;2;1;3;
9955;202100006546;190 096;A01;3;7;0;1;1;1;1;
9956;202100006547;190 095;A01;2;7;0;1;7;12;1;
9957;202100006548;190 094;A01;2;0;6;0;3;16;1;
9958;202100006550;190 092;A01;1;7;0;1;2;1;1;
9959;202100006551;190 091;A01;2;7;0;1;2;1;1;
9960;202100006552;190 090;A01;1;7;0;1;1;1;1;
9961;202100006553;190 088;A01;1;7;0;2;1;13;1;
9962;202100006553;190 089;B01;1;7;0;2;1;0;1;
9963;202100006554;190 084;Z01;2;3;0;2;1;19;1;
9964;202100006554;190 085;B01;1;33;0;2;5;1;1;
9965;202100006555;190 083;A01;3;7;0;2;8;21;1;
9966;202100006556;190 081;A01;1;32;0;2;0;21;1;
9967;202100006556;190 082;B01;1;30;0;2;0;26;1;
9968;202100006557;190 079;B01;1;7;0;2;3;1;1;
9969;202100006557;190 080;A01;1;33;0;2;2;17;1;
9970;202100006558;190 078;A01;2;30;0;1;1;26;1;
9971;202100006559;190 077;A01;1;33;12;0;0;26;0;
9972;202100006560;190 075;A01;2;7;0;2;8;15;1;
9973;202100006560;190 076;B01;2;2;0;2;7;1;1;
9974;202100006561;190 073;B01;2;7;0;0;8;1;1;
9975;202100006561;190 074;A01;1;7;0;2;1;15;1;
9976;202100006562;190 070;C01;1;7;0;2;4;23;1;
9977;202100006562;190 071;B01;1;10;0;2;1;1;1;
9978;202100006562;190 072;A01;1;7;0;2;1;1;1;
9979;202100006563;190 069;A01;1;7;0;1;3;1;1;
9980;202100006564;190 067;B01;2;7;0;2;1;1;1;
9981;202100006564;190 068;A01;2;30;8;2;7;19;1;
9982;202100006565;190 065;A01;1;2;0;2;4;15;1;
9983;202100006565;190 066;B01;2;7;0;2;2;1;1;
9984;202100006567;190 062;A01;2;7;0;1;1;1;1;
9985;202100006568;190 061;A01;1;10;0;1;5;20;1;
9986;202100006569;190 058;C01;1;7;0;2;4;1;1;
9987;202100006569;190 059;B01;1;7;0;2;4;1;1;
9988;202100006569;190 060;A01;1;7;0;2;1;1;1;
9989;202100006570;190 056;B01;2;7;0;2;2;16;1;
9990;202100006570;190 057;A01;2;32;0;2;1;18;1;
9991;202100006571;190 054;A01;3;30;1;2;1;1;1;
9992;202100006571;190 055;B01;3;7;0;2;3;19;1;
9993;202100006572;190 050;B01;1;7;0;2;3;9;1;
9994;202100006572;190 051;A01;1;2;0;2;4;23;1;
9995;202100006573;190 048;B01;1;7;0;2;1;1;3;
9996;202100006573;190 049;A01;2;7;0;2;3;15;1;
9997;202100006574;190 046;B01;1;10;0;2;1;1;0;
9998;202100006574;190 047;A01;1;10;0;2;6;10;0;
9999;202100006575;190 044;A01;3;7;0;2;3;15;1;
10000;202100006575;190 045;B01;3;33;0;2;1;1;0;
10001;202100006576;190 042;B01;2;32;0;2;1;2;1;
10002;202100006576;190 043;A01;2;7;0;2;3;9;1;
10003;202100006577;190 039;C01;2;7;0;2;2;0;1;
10004;202100006577;190 040;B01;2;7;0;2;6;0;1;
10005;202100006577;190 041;A01;2;7;0;2;8;26;1;
10006;202100006578;190 037;B01;1;60;0;2;0;0;5;
10007;202100006578;190 038;A01;1;7;0;2;1;13;1;
10008;202100006580;190 035;A01;1;2;12;0;7;18;1;
10009;202100006581;190 032;C01;1;7;0;2;4;23;1;
10010;202100006581;190 033;B01;1;7;0;2;4;1;1;
10011;202100006581;190 034;A01;1;7;0;2;1;2;1;
10012;202100006582;190 031;A01;1;33;0;0;0;1;1;
10013;202100006583;190 030;A01;2;7;0;1;1;15;1;
10014;202100006584;190 029;A01;2;1;0;1;1;1;5;
10015;202100006585;190 027;B01;3;7;0;2;1;15;1;
10016;202100006585;190 028;A01;3;7;0;2;2;1;1;
10017;202100006586;190 025;B01;2;32;0;2;3;1;1;
10018;202100006586;190 026;A01;2;7;0;2;3;15;1;
10019;202100006587;190 023;B01;1;2;0;2;4;0;3;
10020;202100006587;190 024;A01;1;7;0;2;2;2;1;
10021;202100006588;190 022;A01;3;34;0;1;1;17;1;
10022;202100006589;190 021;A01;0;7;0;1;2;1;1;
10023;202100006590;190 020;A01;3;31;0;1;2;21;1;
10024;202100006591;190 016;A01;1;7;0;2;3;9;1;
10025;202100006591;190 017;B01;1;33;0;2;5;1;1;
10026;202100006591;190 018;C01;2;7;0;2;3;1;1;
10027;202100006591;190 019;D01;2;7;0;2;2;1;1;
10028;202100006592;190 013;B01;1;10;0;2;6;23;1;
10029;202100006592;190 014;C01;2;7;0;2;1;1;1;
10030;202100006592;190 015;A01;1;30;0;2;1;21;1;
10031;202100006593;190 011;B01;0;7;0;2;1;1;1;
10032;202100006593;190 012;A01;0;7;0;2;8;20;1;
10033;202100006594;190 009;B01;0;37;0;2;2;1;3;1.0
10034;202100006594;190 010;A01;0;7;0;2;3;16;1;
10035;202100006595;190 007;A01;0;7;0;2;2;13;1;
10036;202100006595;190 008;B01;0;7;0;2;3;1;1;
10037;202100006596;190 005;A01;0;7;0;2;3;13;1;
10038;202100006596;190 006;B01;0;7;0;2;1;1;1;
10039;202100006597;190 003;B01;1;1;0;2;8;9;5;
10040;202100006597;190 004;A01;1;37;0;2;1;1;1;2.0
10041;202100006598;190 002;A01;3;7;1;1;1;0;1;
10042;202100006599;190 000;NA01;1;1;0;2;8;19;5;
10043;202100006599;190 001;B01;1;7;0;2;1;15;1;
10044;202100006601;189 997;A01;3;33;0;2;2;18;1;
10045;202100006601;189 998;B01;3;7;0;2;2;2;1;
10046;202100006602;189 995;A01;1;7;0;2;1;1;1;
10047;202100006602;189 996;B01;3;10;0;2;3;16;1;
10048;202100006603;189 987;A01;2;7;0;1;1;1;1;
10049;202100006604;189 985;A01;3;7;0;2;1;13;1;
10050;202100006604;189 986;B01;3;7;0;2;1;1;1;
10051;202100006605;189 983;B01;3;2;0;2;3;1;1;
10052;202100006605;189 984;A01;3;0;0;2;0;0;0;
10053;202100006606;189 981;A01;3;7;0;9;3;2;1;
10054;202100006606;189 982;B01;3;60;0;2;2;2;5;
10055;202100006607;189 979;A01;3;7;0;2;1;26;1;
10056;202100006607;189 980;B01;3;7;0;2;2;26;1;
10057;202100006608;189 977;A01;3;7;0;2;1;1;1;
10058;202100006608;189 978;B01;3;1;0;2;1;0;5;
10059;202100006609;189 975;B01;2;7;0;2;3;0;1;
10060;202100006609;189 976;A01;1;7;0;2;2;0;1;
10061;202100006610;189 973;A01;3;7;0;2;1;5;1;
10062;202100006610;189 974;B01;3;2;0;2;7;1;1;
10063;202100006611;189 971;A01;3;7;0;2;2;1;1;
10064;202100006611;189 972;B01;3;7;0;2;8;16;1;
10065;202100006612;189 969;B01;3;40;0;2;1;1;3;
10066;202100006612;189 970;A01;3;7;0;2;8;15;1;
10067;202100006613;189 967;B01;3;50;0;2;7;1;3;
10068;202100006613;189 968;A01;3;7;0;2;1;9;1;
10069;202100006614;189 966;A01;3;7;0;1;1;1;1;
10070;202100006615;189 965;A01;1;30;0;0;0;1;1;
10071;202100006616;189 963;A01;1;7;0;2;6;1;1;
10072;202100006616;189 964;B01;1;50;0;2;1;2;3;
10073;202100006617;189 961;A01;3;7;0;2;1;26;1;
10074;202100006617;189 962;B01;3;7;0;2;3;19;1;
10075;202100006618;189 959;A01;2;7;0;2;0;19;1;
10076;202100006618;189 960;B01;1;3;0;2;5;1;1;
10077;202100006619;189 958;A01;1;30;8;1;1;2;3;
10078;202100006620;189 957;A01;1;7;0;1;1;1;1;
10079;202100006621;189 955;B01;2;7;8;2;8;16;1;
10080;202100006621;189 956;A01;2;7;0;2;1;1;1;
10081;202100006622;189 953;A01;1;7;0;2;2;15;1;
10082;202100006622;189 954;B01;2;1;0;2;1;1;5;
10083;202100006623;189 951;A01;1;33;0;2;2;5;1;
10084;202100006623;189 952;B01;2;7;0;2;2;1;1;
10085;202100006624;189 949;B01;1;7;0;2;2;9;1;
10086;202100006624;189 950;A01;1;7;0;2;3;9;1;
10087;202100006625;189 948;A01;1;7;0;2;3;1;1;
10088;202100006626;189 946;B01;1;1;0;2;3;1;5;
10089;202100006626;189 947;A01;1;7;0;2;2;14;1;
10090;202100006627;189 944;A01;2;7;0;2;3;16;1;
10091;202100006627;189 945;B01;2;1;0;2;1;1;5;
10092;202100006628;189 942;A01;2;7;0;2;1;15;1;
10093;202100006628;189 943;B01;2;31;0;2;1;1;1;
10094;202100006629;189 941;A01;1;31;0;0;8;1;1;
10095;202100006630;189 939;A01;1;7;0;2;1;1;1;
10096;202100006630;189 940;B01;1;7;0;2;4;1;2;
10097;202100006631;189 938;A01;3;7;0;1;1;1;1;
10098;202100006632;189 936;B01;3;33;0;2;1;1;1;
10099;202100006632;189 937;A01;3;7;0;2;2;15;1;
10100;202100006633;189 933;C01;2;7;0;2;1;1;1;
10101;202100006633;189 934;B01;1;7;0;2;1;1;1;
10102;202100006633;189 935;A01;2;7;0;2;1;13;1;
10103;202100006634;189 931;A01;2;7;0;2;0;0;1;
10104;202100006634;189 932;B01;2;2;0;2;1;1;1;
10105;202100006635;189 928;A01;2;7;0;2;8;13;1;
10106;202100006635;189 929;B01;1;17;0;2;3;1;1;
10107;202100006635;189 930;C01;1;17;0;2;3;1;1;
10108;202100006636;189 927;A01;0;7;0;1;1;1;-1;
10109;202100006637;189 924;A01;0;7;0;2;1;2;1;
10110;202100006637;189 925;B01;0;7;0;2;4;2;1;
10111;202100006637;189 926;C01;0;7;0;2;4;2;1;
10112;202100006638;189 923;A01;2;15;0;1;3;1;1;
10113;202100006639;189 919;A01;3;7;0;2;1;1;1;
10114;202100006639;189 920;B01;3;50;0;2;7;19;3;
10115;202100006640;189 917;B01;1;7;0;2;4;1;1;
10116;202100006640;189 918;A01;1;33;0;2;1;2;1;
10117;202100006641;189 916;A01;2;7;6;0;2;14;1;
10118;202100006642;189 914;B01;1;33;0;2;1;1;1;
10119;202100006642;189 915;A01;1;10;0;9;3;15;1;
10120;202100006643;189 912;A01;1;10;0;2;7;16;1;
10121;202100006643;189 913;B01;1;7;0;2;8;1;1;
10122;202100006644;189 909;A01;3;7;0;1;1;1;1;
10123;202100006645;189 908;A01;0;7;0;1;3;16;3;
10124;202100006646;189 907;A01;1;7;0;1;2;1;1;
10125;202100006647;189 905;B01;1;7;8;0;1;1;1;
10126;202100006647;189 906;A01;2;7;8;0;1;13;1;
10127;202100006649;189 902;A01;2;7;0;1;1;9;1;
10128;202100006650;189 901;A01;2;2;0;0;0;1;1;
10129;202100006653;189 895;A01;1;7;0;2;3;1;1;
10130;202100006653;189 896;B01;1;2;0;2;7;26;1;
10131;202100006654;189 894;A01;1;33;0;0;7;9;1;
10132;202100006655;189 892;B01;2;10;0;2;3;1;1;
10133;202100006655;189 893;A01;0;33;0;2;3;17;1;
10134;202100006656;189 890;A01;1;30;0;2;1;1;1;
10135;202100006656;189 891;B01;1;7;0;2;3;1;1;
10136;202100006659;189 884;A01;0;7;0;2;1;13;1;
10137;202100006659;189 885;B01;0;7;0;2;1;0;2;
10138;202100006661;189 880;A01;1;7;0;0;0;0;1;
10139;202100006662;189 878;B01;1;7;0;2;3;1;1;
10140;202100006662;189 879;A01;2;7;0;2;3;1;1;
10141;202100006665;189 871;A01;1;33;0;2;3;1;1;
10142;202100006665;189 872;B01;3;32;0;2;2;1;1;
10143;202100006666;189 869;A01;1;1;0;2;8;15;5;
10144;202100006666;189 870;B01;1;7;0;2;1;1;1;
10145;202100006667;189 868;A01;1;31;8;0;1;13;1;
10146;202100006668;189 866;A01;1;7;0;9;3;16;1;
10147;202100006668;189 867;B01;3;1;0;2;1;19;6;
10148;202100006669;189 864;A01;1;7;0;2;1;15;2;
10149;202100006669;189 865;B01;2;30;0;2;1;1;1;
10150;202100006670;189 861;A01;1;7;0;2;9;18;1;
10151;202100006670;189 862;B01;1;33;0;2;1;1;1;
10152;202100006670;189 863;C01;2;7;0;2;8;1;1;
10153;202100006673;189 854;B01;1;7;0;2;4;2;1;
10154;202100006673;189 855;A01;1;7;0;2;1;2;1;
10155;202100006674;189 851;C01;1;7;0;0;0;15;1;
10156;202100006674;189 852;B01;2;7;0;2;3;1;1;
10157;202100006674;189 853;A01;2;33;0;2;1;17;1;
10158;202100006675;189 850;A01;1;30;0;0;3;21;1;
10159;202100006676;189 848;A01;1;7;0;2;1;9;1;
10160;202100006676;189 849;B01;1;30;0;2;8;1;1;
10161;202100006677;189 846;A01;1;7;0;2;1;15;1;
10162;202100006677;189 847;B01;2;7;0;2;2;1;1;
10163;202100006678;189 844;A01;2;7;0;9;2;2;1;
10164;202100006678;189 845;B01;2;1;0;2;4;23;5;
10165;202100006679;189 842;B01;2;7;0;2;1;1;0;
10166;202100006679;189 843;A01;1;2;0;2;1;15;0;
10167;202100006680;189 840;A01;2;7;0;2;1;15;1;
10168;202100006680;189 841;B01;1;2;0;2;1;1;1;
10169;202100006682;189 838;A01;3;7;8;0;1;1;1;
10170;202100006683;189 836;A01;3;7;0;2;1;9;1;
10171;202100006683;189 837;B01;3;10;0;2;1;0;1;
10172;202100006684;189 834;B01;1;7;0;2;3;11;1;
10173;202100006684;189 835;A01;2;7;9;9;3;11;1;
10174;202100006685;189 832;A01;2;7;0;2;3;2;2;
10175;202100006685;189 833;B01;2;7;0;2;5;2;1;
10176;202100006686;189 831;A01;2;7;0;1;7;1;1;
10177;202100006687;189 827;B01;1;99;0;2;2;2;5;
10178;202100006687;189 828;A01;1;7;0;9;3;9;1;
10179;202100006688;189 825;A01;1;2;0;2;1;19;1;
10180;202100006688;189 826;B01;1;10;0;2;3;1;1;
10181;202100006689;189 823;A01;3;33;11;2;8;17;1;
10182;202100006689;189 824;B01;3;7;0;2;6;1;1;
10183;202100006690;189 821;A01;1;7;0;2;1;16;1;
10184;202100006690;189 822;B01;1;50;0;2;7;19;3;
10185;202100006691;189 819;B01;1;10;0;2;6;1;1;
10186;202100006691;189 820;A01;1;10;0;2;2;2;1;
10187;202100006692;189 818;A01;1;7;4;0;1;9;1;
10188;202100006693;189 816;A01;1;7;0;2;1;19;1;
10189;202100006693;189 817;B01;1;7;0;2;9;2;1;
10190;202100006694;189 815;A01;1;33;0;2;7;1;1;
10191;202100006695;189 813;B01;1;7;0;2;4;2;1;
10192;202100006695;189 814;C01;1;7;0;2;4;2;1;
10193;202100006696;189 812;A01;0;34;0;1;1;26;0;
10194;202100006697;189 811;A01;0;7;8;0;3;1;1;
10195;202100006698;189 810;A01;1;7;0;1;1;26;1;
10196;202100006699;189 808;B01;2;7;0;2;2;1;1;
10197;202100006699;189 809;Z01;2;7;9;0;1;1;1;
10198;202100006700;189 806;B01;0;7;0;2;1;1;1;
10199;202100006700;189 807;A01;0;7;0;2;4;9;1;
10200;202100006701;189 802;A01;1;7;0;2;2;15;1;
10201;202100006701;189 803;B01;1;7;0;2;3;1;1;
10202;202100006702;189 800;A01;3;31;0;2;1;17;1;
10203;202100006702;189 801;B01;0;10;0;2;3;15;1;
10204;202100006703;189 798;B01;1;7;0;2;4;1;1;
10205;202100006703;189 799;A01;1;7;0;2;1;19;1;
10206;202100006705;189 795;A01;2;7;0;1;1;1;1;
10207;202100006706;189 793;A01;2;7;0;2;3;15;1;
10208;202100006706;189 794;B01;1;7;0;2;6;1;1;
10209;202100006707;189 791;A01;1;1;0;2;7;15;5;
10210;202100006707;189 792;B01;2;7;0;2;1;1;1;
10211;202100006708;189 790;A01;1;7;0;1;8;15;1;
10212;202100006709;189 788;B01;3;33;0;2;7;12;1;
10213;202100006709;189 789;A01;3;10;0;2;3;11;1;
10214;202100006710;189 786;B01;1;30;0;2;1;15;1;
10215;202100006710;189 787;A01;2;30;0;2;3;1;1;
10216;202100006711;189 785;A01;1;7;0;1;1;1;1;
10217;202100006712;189 784;A01;1;7;6;0;2;14;1;
10218;202100006714;189 782;A01;2;7;6;0;1;16;1;
10219;202100006715;189 781;A01;2;7;1;0;2;1;1;
10220;202100006716;189 779;A01;1;43;0;2;1;1;1;
10221;202100006716;189 780;B01;1;10;0;2;7;1;1;
10222;202100006717;189 776;A01;1;7;0;2;8;13;1;
10223;202100006717;189 777;C01;1;43;0;2;2;1;1;
10224;202100006717;189 778;B01;1;7;0;2;2;1;1;
10225;202100006718;189 774;B01;1;1;0;2;4;1;5;
10226;202100006718;189 775;A01;1;14;0;2;3;16;1;
10227;202100006719;189 772;A01;1;30;0;2;3;1;3;
10228;202100006719;189 773;B01;1;7;0;2;2;15;1;
10229;202100006720;189 771;A01;2;34;1;1;8;1;1;
10230;202100006722;189 767;A01;1;34;0;0;4;9;1;
10231;202100006722;189 768;B01;1;32;0;2;1;1;1;
10232;202100006723;189 766;A01;2;1;0;1;1;1;5;
10233;202100006724;189 764;Z01;3;10;0;2;0;1;0;
10234;202100006724;189 765;A01;2;30;0;2;2;14;1;
10235;202100006725;189 763;A01;2;2;0;1;3;1;1;
10236;202100006726;189 761;A01;3;50;0;2;8;13;3;
10237;202100006726;189 762;B01;3;2;0;0;0;1;0;
10238;202100006728;189 757;A01;1;7;1;2;1;1;1;
10239;202100006728;189 758;B01;1;7;0;2;3;24;1;
10240;202100006729;189 756;A01;1;7;0;1;3;15;1;
10241;202100006731;189 752;B01;1;7;12;2;1;1;1;
10242;202100006731;189 753;A01;3;7;12;2;2;1;1;
10243;202100006732;189 750;B01;1;7;0;2;0;1;0;
10244;202100006732;189 751;A01;1;10;0;2;3;13;1;
10245;202100006733;189 748;A01;-1;7;0;2;3;15;1;
10246;202100006733;189 749;B01;-1;30;0;2;1;1;1;
10247;202100006734;189 746;B01;1;1;0;2;3;17;5;
10248;202100006734;189 747;A01;1;37;0;2;7;17;1;1.0
10249;202100006735;189 744;B01;1;2;0;2;1;2;1;
10250;202100006735;189 745;A01;1;7;0;2;2;15;1;
10251;202100006736;189 742;A01;1;7;0;2;3;11;1;
10252;202100006736;189 743;B01;1;33;0;2;2;1;1;
10253;202100006738;189 739;A01;3;30;0;0;0;26;1;
10254;202100006739;189 737;B01;2;7;0;2;8;9;1;
10255;202100006739;189 738;A01;2;7;0;2;2;5;1;
10256;202100006740;189 735;A01;3;7;0;2;1;19;1;
10257;202100006740;189 736;B01;2;1;0;2;3;1;5;
10258;202100006741;189 733;A01;1;7;0;2;2;15;1;
10259;202100006741;189 734;B01;2;2;0;2;1;1;1;
10260;202100006742;189 731;B01;2;34;0;2;9;1;1;
10261;202100006742;189 732;A01;2;7;0;2;7;9;1;
10262;202100006743;189 730;A01;1;7;0;1;1;1;1;
10263;202100006745;189 726;A01;1;7;0;2;3;15;1;
10264;202100006745;189 727;B01;1;33;0;2;3;1;1;
10265;202100006746;189 724;A01;2;1;0;2;1;5;5;
10266;202100006746;189 725;B01;1;7;0;2;1;1;1;
10267;202100006747;189 722;A01;2;7;0;2;1;2;1;
10268;202100006747;189 723;B01;2;7;0;0;4;2;1;
10269;202100006749;189 717;B01;1;7;0;2;3;2;1;
10270;202100006749;189 718;A01;2;31;0;2;1;5;1;
10271;202100006751;189 713;A01;1;7;0;2;1;5;1;
10272;202100006751;189 714;B01;2;7;0;2;1;1;1;
10273;202100006752;189 712;A01;1;10;0;1;3;1;1;
10274;202100006754;189 709;A01;1;33;0;2;1;1;1;
10275;202100006754;189 710;B01;2;7;0;2;3;1;1;
10276;202100006755;189 708;A01;1;10;2;0;1;14;1;
10277;202100006756;189 706;A01;1;10;0;2;6;1;1;
10278;202100006756;189 707;B01;1;33;0;2;3;1;1;
10279;202100006757;189 705;A01;1;7;2;0;1;13;1;
10280;202100006758;189 703;A01;1;7;0;2;3;15;1;
10281;202100006758;189 704;B01;2;2;0;2;1;1;1;
10282;202100006759;189 702;A01;3;7;0;1;1;1;1;
10283;202100006760;189 700;B01;2;7;0;2;3;1;1;
10284;202100006760;189 701;A01;1;7;0;2;2;15;1;
10285;202100006761;189 699;A01;0;7;0;1;2;16;1;
10286;202100006762;189 698;A01;1;2;8;0;1;1;1;
10287;202100006763;189 696;B01;1;21;0;2;1;23;1;
10288;202100006763;189 697;A01;2;7;1;0;1;1;1;
10289;202100006764;189 695;A01;2;7;2;0;1;14;1;
10290;202100006765;189 693;B01;2;7;0;2;2;1;1;
10291;202100006765;189 694;A01;3;7;0;2;3;19;1;
10292;202100006766;189 692;A01;2;10;13;0;1;1;1;
10293;202100006768;189 689;A01;1;7;0;0;3;15;1;
10294;202100006768;189 690;B01;2;2;1;2;7;17;1;
10295;202100006769;189 688;A01;3;7;3;0;1;1;1;
10296;202100006770;189 686;B01;1;7;0;2;3;13;1;
10297;202100006770;189 687;A01;0;7;0;2;3;0;1;
10298;202100006771;189 685;A01;1;7;16;0;8;13;1;
10299;202100006772;189 684;A01;1;7;0;0;0;0;1;
10300;202100006773;189 682;B01;1;1;0;0;3;2;5;
10301;202100006773;189 683;A01;1;7;2;0;2;2;1;
10302;202100006774;189 680;A01;1;7;0;2;1;5;1;
10303;202100006774;189 681;B01;2;14;0;2;3;1;1;
10304;202100006775;189 676;A01;2;10;0;2;1;2;1;
10305;202100006775;189 677;B01;2;7;0;2;4;1;1;
10306;202100006775;189 678;C01;2;7;0;2;4;26;1;
10307;202100006775;189 679;D01;2;13;0;2;6;26;1;
10308;202100006776;189 673;C01;2;7;3;2;3;1;1;
10309;202100006776;189 674;B01;2;33;0;2;9;1;1;
10310;202100006776;189 675;A01;2;7;0;2;8;13;0;
10311;202100006777;189 671;B01;0;2;3;2;1;21;1;
10312;202100006777;189 672;A01;0;7;0;2;3;15;1;
10313;202100006778;189 669;A01;2;7;0;0;1;11;1;
10314;202100006778;189 670;B01;1;7;0;0;9;1;1;
10315;202100006779;189 668;A01;1;17;3;0;2;2;1;
10316;202100006780;189 666;A01;1;7;0;2;1;13;1;
10317;202100006780;189 667;B01;2;2;0;2;1;0;1;
10318;202100006781;189 664;B01;0;2;0;2;1;1;1;
10319;202100006781;189 665;A01;3;7;0;2;2;15;1;
10320;202100006782;189 663;A01;2;7;1;0;2;14;1;
10321;202100006783;189 662;A01;1;2;0;1;1;1;1;
10322;202100006784;189 660;A01;2;7;0;2;6;1;1;
10323;202100006784;189 661;B01;2;33;0;2;1;2;1;
10324;202100006785;189 658;A01;1;7;0;2;1;9;1;
10325;202100006785;189 659;B01;1;1;0;2;7;1;5;
10326;202100006786;189 656;B01;1;7;0;2;1;1;1;
10327;202100006786;189 657;A01;2;7;0;2;4;1;1;
10328;202100006787;189 652;C01;1;10;0;2;1;2;1;
10329;202100006787;189 653;D01;1;7;0;2;1;2;1;
10330;202100006787;189 654;A01;1;7;0;2;4;1;1;
10331;202100006787;189 655;B01;1;7;0;2;1;2;1;
10332;202100006788;189 650;B01;1;34;0;2;3;1;1;
10333;202100006788;189 651;A01;1;10;0;2;5;17;1;
10334;202100006789;189 648;A01;2;7;0;0;4;1;1;
10335;202100006789;189 649;B01;2;7;0;2;0;1;1;
10336;202100006790;189 647;A01;2;33;0;0;9;0;1;
10337;202100006791;189 643;C01;2;10;0;2;1;1;1;
10338;202100006791;189 644;A01;2;7;0;2;9;0;1;
10339;202100006791;189 645;D01;2;7;0;2;1;1;1;
10340;202100006791;189 646;B01;2;7;3;2;1;1;1;
10341;202100006792;189 641;B01;2;34;0;2;7;17;1;
10342;202100006792;189 642;A01;2;7;0;2;6;11;1;
10343;202100006793;189 639;A01;1;7;0;2;2;14;1;
10344;202100006793;189 640;B01;1;7;0;2;6;1;1;
10345;202100006794;189 638;A01;2;7;15;0;2;2;1;
10346;202100006795;189 637;A01;2;7;0;2;4;2;1;
10347;202100006796;189 635;A01;2;7;0;2;1;2;1;
10348;202100006796;189 636;B01;2;7;0;2;4;2;1;
10349;202100006797;189 633;B01;1;33;0;2;8;3;1;
10350;202100006797;189 634;A01;1;7;0;2;2;14;1;
10351;202100006798;189 631;A01;2;10;0;5;0;0;1;
10352;202100006798;189 632;B01;2;7;0;5;0;0;1;
10353;202100006800;189 626;A01;1;7;0;1;2;1;1;
10354;202100006801;189 623;A01;1;10;0;2;1;1;1;
10355;202100006801;189 624;B01;1;7;0;2;4;1;1;
10356;202100006801;189 625;C01;1;7;0;2;4;1;1;
10357;202100006802;189 621;A01;1;37;0;2;1;1;1;1.0
10358;202100006802;189 622;B01;1;7;0;2;4;2;1;
10359;202100006803;189 618;A01;2;14;0;2;1;1;1;
10360;202100006803;189 619;B01;2;7;0;2;4;2;1;
10361;202100006803;189 620;C01;2;7;0;2;4;2;1;
10362;202100006804;189 616;A01;2;7;0;2;8;9;1;
10363;202100006804;189 617;B01;2;33;0;2;7;9;1;
10364;202100006805;189 612;A01;2;33;0;2;8;3;1;
10365;202100006805;189 613;B01;2;7;0;2;7;12;1;
10366;202100006805;189 614;C01;2;7;0;2;7;1;1;
10367;202100006805;189 615;D01;2;7;0;9;5;1;1;
10368;202100006806;189 611;A01;1;10;3;0;7;0;1;
10369;202100006808;189 607;B01;2;10;0;0;5;1;1;
10370;202100006808;189 608;A01;2;43;0;2;1;21;1;
10371;202100006809;189 605;A01;1;7;0;2;1;1;1;
10372;202100006809;189 606;B01;1;10;0;2;4;1;1;
10373;202100006810;189 603;A01;2;7;0;2;2;1;1;
10374;202100006810;189 604;B01;2;7;4;2;6;11;1;
10375;202100006811;189 601;B01;1;7;0;2;6;11;2;
10376;202100006811;189 602;A01;1;33;4;2;2;3;1;
10377;202100006812;189 599;B01;1;32;0;2;7;1;1;
10378;202100006812;189 600;A01;1;7;0;2;8;11;1;
10379;202100006813;189 597;A01;2;31;0;2;4;1;1;
10380;202100006813;189 598;Z01;2;7;0;2;1;12;1;
10381;202100006814;189 595;A01;2;33;0;2;1;2;1;
10382;202100006814;189 596;B01;2;7;0;2;6;2;1;
10383;202100006815;189 593;A01;1;7;0;2;5;10;2;
10384;202100006815;189 594;B01;1;43;0;2;1;1;1;
10385;202100006816;189 592;A01;1;50;0;0;0;21;3;
10386;202100006819;189 586;A01;1;7;0;2;2;2;1;
10387;202100006819;189 587;B01;1;7;0;2;6;23;2;
10388;202100006820;189 585;A01;2;30;0;1;1;3;3;
10389;202100006821;189 584;A01;2;7;1;1;1;24;3;
10390;202100006822;189 582;B01;1;7;0;2;3;15;1;
10391;202100006822;189 583;A01;2;7;0;2;8;1;1;
10392;202100006823;189 581;A01;1;7;0;1;1;15;1;
10393;202100006824;189 579;A01;2;33;0;2;1;1;1;
10394;202100006824;189 580;B01;1;7;0;2;3;1;1;
10395;202100006825;189 577;B01;-1;80;0;0;4;15;3;
10396;202100006825;189 578;A01;1;7;0;2;1;26;1;
10397;202100006826;189 576;TA01;1;37;9;0;1;1;1;2.0
10398;202100006827;189 575;A01;0;50;0;0;0;25;3;
10399;202100006829;189 573;A01;2;32;0;1;0;1;1;
10400;202100006830;189 571;B01;2;7;0;2;1;0;1;
10401;202100006830;189 572;A01;2;7;0;2;5;23;1;
10402;202100006831;189 569;B01;1;7;1;0;1;1;1;
10403;202100006831;189 570;A01;1;7;1;0;4;24;1;
10404;202100006832;189 568;A01;3;7;0;1;2;19;1;
10405;202100006835;189 564;A01;1;7;0;1;6;1;1;
10406;202100006836;189 562;A01;3;7;0;2;3;26;1;
10407;202100006836;189 563;B01;3;30;0;2;1;0;1;
10408;202100006837;189 561;A01;1;7;0;1;2;15;1;
10409;202100006838;189 559;B01;1;31;0;2;1;15;1;