;Num_Acc;id_vehicule;num_veh;senc;catv;obs;obsm;choc;manv;motor;occutc
10410;202100006838;189 560;A01;1;7;0;2;6;15;1;
10411;202100006839;189 558;A01;1;7;0;1;1;1;1;
10412;202100006840;189 557;A01;3;7;0;9;1;1;1;
10413;202100006841;189 555;A01;3;1;0;2;1;5;5;
10414;202100006841;189 556;B01;3;13;0;2;6;1;1;
10415;202100006842;189 553;B01;1;7;0;0;1;1;1;
10416;202100006842;189 554;A01;1;7;0;0;8;9;2;
10417;202100006843;189 552;A01;1;33;0;0;0;1;1;
10418;202100006844;189 548;A01;2;7;0;9;3;15;1;
10419;202100006844;189 549;B01;1;1;0;2;1;1;5;
10420;202100006845;189 546;A01;1;7;0;2;3;17;1;
10421;202100006845;189 547;B01;2;7;13;2;9;17;1;
10422;202100006846;189 544;B01;1;7;0;2;4;1;1;
10423;202100006846;189 545;A01;1;33;0;2;1;1;1;
10424;202100006847;189 542;A01;2;7;0;2;3;1;0;
10425;202100006847;189 543;B01;2;7;0;2;0;17;0;
10426;202100006849;189 538;A01;2;7;0;1;2;2;1;
10427;202100006850;189 537;A01;2;7;13;0;1;1;1;
10428;202100006851;189 536;A01;2;7;13;0;2;1;1;
10429;202100006852;189 534;A01;2;7;8;0;1;1;1;
10430;202100006853;189 532;B01;1;7;0;2;1;1;1;
10431;202100006853;189 533;A01;2;7;0;2;3;13;2;
10432;202100006854;189 530;A01;1;7;0;2;2;15;1;
10433;202100006854;189 531;B01;2;7;7;2;3;1;1;
10434;202100006855;189 527;C01;2;7;0;2;3;1;1;
10435;202100006855;189 528;B01;1;15;0;0;8;1;1;
10436;202100006855;189 529;A01;1;7;0;2;3;17;1;
10437;202100006856;189 525;B01;2;2;0;2;1;2;1;
10438;202100006856;189 526;A01;2;2;0;2;4;2;1;
10439;202100006857;189 523;B01;3;7;0;2;3;1;1;
10440;202100006857;189 524;A01;3;7;0;2;3;13;1;
10441;202100006858;189 522;A01;2;13;12;0;3;16;1;
10442;202100006859;189 520;A01;0;7;0;2;1;2;0;
10443;202100006859;189 521;B01;0;21;0;2;4;2;1;
10444;202100006860;189 519;A01;3;7;0;1;3;15;1;
10445;202100006861;189 518;A01;1;39;0;1;3;1;2;
10446;202100006863;189 516;A01;2;7;13;0;2;1;1;
10447;202100006864;189 515;A01;3;1;0;0;0;0;5;
10448;202100006865;189 513;B01;0;33;0;2;2;2;1;
10449;202100006865;189 514;A01;0;7;0;2;8;2;1;
10450;202100006866;189 512;A01;2;7;0;1;1;1;1;
10451;202100006867;189 510;A01;1;7;0;2;1;13;1;
10452;202100006867;189 511;B01;2;7;0;2;1;1;1;
10453;202100006868;189 509;A01;3;7;2;0;3;1;1;
10454;202100006869;189 507;B01;1;7;0;2;1;1;1;
10455;202100006869;189 508;A01;2;7;0;2;1;1;1;
10456;202100006870;189 506;A01;2;7;2;0;8;13;1;
10457;202100006872;189 502;A01;1;7;0;1;2;1;1;
10458;202100006874;189 500;A01;1;7;8;0;3;0;1;
10459;202100006875;189 488;A01;2;7;0;2;1;2;1;
10460;202100006875;189 489;B01;2;7;0;2;4;2;1;
10461;202100006875;189 490;K01;2;7;0;2;4;2;1;
10462;202100006875;189 491;L01;2;7;0;2;4;2;1;
10463;202100006875;189 492;C01;2;7;0;2;4;2;1;
10464;202100006875;189 493;D01;2;7;0;2;4;2;1;
10465;202100006875;189 494;F01;2;7;0;2;4;2;1;
10466;202100006875;189 495;G01;2;7;0;2;4;2;1;
10467;202100006875;189 496;H01;2;7;0;2;4;2;1;
10468;202100006875;189 497;I01;2;16;0;2;1;1;1;
10469;202100006875;189 498;J01;2;7;0;2;4;2;1;
10470;202100006875;189 499;E01;2;10;0;2;4;2;1;
10471;202100006876;189 486;B01;2;38;0;2;3;1;1;1.0
10472;202100006876;189 487;A01;1;7;0;2;1;13;1;
10473;202100006877;189 484;B01;1;7;0;0;4;2;1;
10474;202100006877;189 485;A01;1;43;0;2;1;2;1;
10475;202100006878;189 481;A01;2;7;0;2;1;13;1;
10476;202100006878;189 482;B01;1;7;0;2;1;26;1;
10477;202100006878;189 483;C01;1;7;0;0;6;26;1;
10478;202100006879;189 475;A01;2;7;0;0;4;2;1;
10479;202100006879;189 476;F01;2;7;0;0;4;2;1;
10480;202100006879;189 477;B01;2;7;0;2;8;1;1;
10481;202100006879;189 478;C01;2;10;0;2;8;1;1;
10482;202100006879;189 479;D01;2;7;0;2;1;1;1;
10483;202100006879;189 480;E01;2;7;0;2;7;12;1;
10484;202100006880;189 474;A01;2;7;0;0;1;1;1;
10485;202100006881;189 473;A01;0;7;0;1;1;1;1;
10486;202100006883;189 469;A01;1;7;0;2;1;15;1;
10487;202100006883;189 470;B01;2;2;0;2;1;1;1;
10488;202100006884;189 467;B01;1;7;0;2;4;2;1;
10489;202100006884;189 468;A01;1;7;0;2;1;2;1;
10490;202100006885;189 466;A01;1;7;0;1;1;1;1;
10491;202100006886;189 465;A01;3;7;0;0;0;1;1;
10492;202100006887;189 459;B01;1;7;0;2;1;13;1;
10493;202100006887;189 460;A01;2;7;0;2;1;1;1;
10494;202100006888;189 458;A01;0;14;0;1;0;16;0;
10495;202100006889;189 457;A01;2;33;4;0;8;1;1;
10496;202100006890;189 455;A01;2;15;0;2;2;12;1;
10497;202100006890;189 456;B01;2;7;0;2;8;1;1;
10498;202100006891;189 454;A01;2;7;4;0;3;0;1;
10499;202100006892;189 451;B01;2;33;0;2;1;1;1;
10500;202100006892;189 452;C01;2;7;0;2;8;1;1;
10501;202100006892;189 453;A01;2;7;0;2;7;12;1;
10502;202100006895;189 444;C01;1;7;0;2;2;2;1;
10503;202100006895;189 445;B01;1;7;0;2;3;2;1;
10504;202100006895;189 446;A01;1;7;0;2;3;2;1;
10505;202100006896;189 443;A01;2;7;3;0;1;26;1;
10506;202100006897;189 441;B01;0;30;0;0;7;1;1;
10507;202100006897;189 442;A01;0;7;0;2;3;1;1;
10508;202100006898;189 440;A01;-1;30;0;0;0;26;0;
10509;202100006899;189 439;A01;3;7;0;1;2;1;1;
10510;202100006900;189 438;A01;2;7;0;1;3;1;1;
10511;202100006901;189 436;B01;1;13;1;0;7;1;0;
10512;202100006901;189 437;A01;1;7;0;2;3;22;1;
10513;202100006902;189 433;C01;1;7;0;2;5;1;1;
10514;202100006902;189 434;B01;1;7;0;2;6;1;1;
10515;202100006902;189 435;A01;1;33;4;2;9;17;1;
10516;202100006904;189 430;A01;2;7;0;1;1;1;1;
10517;202100006905;189 429;A01;2;7;8;0;1;1;1;
10518;202100006906;189 427;B01;2;10;0;2;3;23;1;
10519;202100006906;189 428;A01;1;30;0;2;1;16;1;
10520;202100006907;189 424;A01;1;7;14;0;2;1;1;
10521;202100006907;189 425;B01;1;7;0;2;5;23;1;
10522;202100006907;189 426;C01;1;7;0;2;6;23;1;
10523;202100006908;189 420;D01;1;7;0;2;4;2;1;
10524;202100006908;189 421;C01;1;7;0;2;4;2;1;
10525;202100006908;189 422;B01;1;7;0;2;4;2;1;
10526;202100006908;189 423;A01;1;10;0;2;1;2;1;
10527;202100006909;189 417;B01;3;7;0;2;2;9;1;
10528;202100006909;189 418;A01;1;2;0;2;2;1;1;
10529;202100006910;189 415;A01;3;7;0;2;1;13;1;
10530;202100006910;189 416;B01;3;7;0;2;1;1;1;
10531;202100006911;189 413;B01;2;33;0;2;1;17;1;
10532;202100006911;189 414;A01;2;7;0;2;8;15;1;
10533;202100006912;189 412;A01;2;7;8;0;1;13;1;
10534;202100006913;189 410;B01;1;7;0;2;4;23;2;
10535;202100006913;189 411;A01;1;7;0;2;1;2;1;
10536;202100006914;189 408;B01;3;7;0;2;0;0;1;
10537;202100006914;189 409;A01;3;34;0;2;3;25;1;
10538;202100006915;189 407;A01;1;1;0;0;1;1;2;
10539;202100006917;189 402;A01;0;7;0;1;1;15;1;
10540;202100006919;189 400;A01;1;7;0;1;1;1;1;
10541;202100006920;189 398;A01;2;10;0;2;1;1;1;
10542;202100006920;189 399;B01;0;7;0;2;4;1;1;
10543;202100006921;189 396;A01;1;7;3;0;3;1;1;
10544;202100006921;189 397;B01;1;7;14;0;3;21;1;
10545;202100006922;189 394;A01;3;7;0;2;7;1;1;
10546;202100006922;189 395;B01;3;10;0;2;1;1;1;
10547;202100006923;189 392;B01;3;1;0;2;1;0;6;
10548;202100006923;189 393;A01;3;7;0;0;0;0;1;
10549;202100006924;189 390;A01;1;7;4;2;5;0;1;
10550;202100006924;189 391;B01;1;7;0;2;1;2;1;
10551;202100006925;189 388;A01;1;10;0;2;4;9;0;
10552;202100006925;189 389;B01;1;1;0;2;1;9;0;
10553;202100006926;189 387;A01;2;32;1;2;2;14;1;
10554;202100006927;189 384;A01;1;7;0;2;2;2;1;
10555;202100006927;189 385;B01;1;7;0;2;6;2;1;
10556;202100006927;189 386;C01;1;7;0;2;4;2;1;
10557;202100006928;189 382;A01;3;7;0;2;7;17;1;
10558;202100006928;189 383;Y01;3;1;0;2;8;2;5;
10559;202100006929;189 380;A01;1;7;1;0;0;0;0;
10560;202100006929;189 381;C01;1;7;0;2;0;0;0;
10561;202100006931;189 377;A01;3;33;0;1;1;1;1;
10562;202100006932;189 376;A01;2;7;0;1;1;26;1;
10563;202100006934;189 372;A01;3;7;0;2;2;2;1;
10564;202100006934;189 373;B01;3;7;0;2;6;18;1;
10565;202100006935;189 370;A01;2;7;0;2;7;12;1;
10566;202100006935;189 371;B01;2;34;0;2;8;3;1;
10567;202100006936;189 368;A01;2;33;0;2;3;3;1;
10568;202100006936;189 369;B01;2;10;0;2;6;14;0;
10569;202100006938;189 366;A01;1;30;0;1;1;1;1;
10570;202100006939;189 364;B01;1;7;0;2;3;9;1;
10571;202100006939;189 365;A01;2;43;0;2;8;5;1;
10572;202100006940;189 363;A01;3;7;0;0;9;1;2;
10573;202100006941;189 362;A01;1;2;0;0;7;1;1;
10574;202100006942;189 361;Z01;1;7;0;1;0;1;0;
10575;202100006943;189 359;B01;1;37;1;2;3;21;1;3.0
10576;202100006943;189 360;A01;1;7;0;2;7;12;1;
10577;202100006944;189 357;B01;2;7;0;2;3;1;1;
10578;202100006944;189 358;A01;1;7;0;2;2;1;1;
10579;202100006945;189 355;A01;2;7;0;2;1;21;1;
10580;202100006945;189 356;B01;1;34;0;2;1;1;1;
10581;202100006946;189 353;A01;2;7;0;2;2;15;1;
10582;202100006946;189 354;B01;1;7;0;2;1;1;1;
10583;202100006947;189 351;B01;1;7;0;2;3;1;2;
10584;202100006947;189 352;A01;1;7;0;2;2;1;1;
10585;202100006948;189 349;A01;3;7;0;2;7;1;1;
10586;202100006948;189 350;B01;3;7;0;2;1;1;1;
10587;202100006949;189 347;B01;1;34;0;2;1;1;0;
10588;202100006949;189 348;A01;1;3;0;2;1;11;0;
10589;202100006950;189 345;B01;0;7;0;2;6;24;1;
10590;202100006950;189 346;A01;2;7;1;0;2;2;1;
10591;202100006951;189 344;A01;2;7;0;1;3;1;1;
10592;202100006952;189 343;A01;1;7;13;0;2;1;1;
10593;202100006953;189 339;A01;2;7;1;0;2;1;1;
10594;202100006954;189 337;A01;1;7;1;2;1;5;1;
10595;202100006954;189 338;B01;2;7;0;2;1;5;1;
10596;202100006956;189 332;A01;1;2;13;0;3;16;1;
10597;202100006957;189 330;B01;2;7;0;2;2;1;1;
10598;202100006957;189 331;A01;1;7;0;2;3;16;1;
10599;202100006958;189 328;B01;1;33;0;2;1;2;1;
10600;202100006958;189 329;A01;1;7;0;2;4;2;1;
10601;202100006960;189 323;A01;1;7;0;2;1;19;1;
10602;202100006960;189 324;C01;2;10;6;2;8;1;1;
10603;202100006960;189 325;B01;1;10;0;2;1;1;1;
10604;202100006961;189 321;B01;1;7;0;2;3;1;1;
10605;202100006961;189 322;A01;2;7;0;2;3;17;1;
10606;202100006962;189 320;A01;2;7;13;0;7;1;1;
10607;202100006963;189 319;A01;1;7;13;0;3;1;1;
10608;202100006964;189 315;A01;3;7;0;2;3;5;1;
10609;202100006964;189 316;B01;3;2;0;2;1;1;1;
10610;202100006965;189 314;A01;1;7;0;0;9;1;1;
10611;202100006966;189 313;A01;1;7;13;0;1;1;1;
10612;202100006967;189 312;A01;2;7;3;0;2;1;1;
10613;202100006968;189 309;A01;2;7;0;2;1;5;1;
10614;202100006968;189 310;B01;1;7;0;2;1;1;1;
10615;202100006969;189 307;A01;2;7;0;2;1;2;1;
10616;202100006969;189 308;B01;2;7;0;0;4;1;1;
10617;202100006971;189 303;A01;1;7;7;2;7;13;2;
10618;202100006971;189 304;B01;1;7;0;2;8;1;1;
10619;202100006972;189 302;A01;3;10;8;0;9;14;1;
10620;202100006973;189 301;A01;0;7;4;0;2;0;1;
10621;202100006974;189 299;A01;2;7;0;2;3;1;1;
10622;202100006974;189 300;B01;1;7;0;2;3;1;1;
10623;202100006975;189 298;A01;2;7;8;0;8;1;1;
10624;202100006976;189 296;B01;1;1;0;2;3;1;5;
10625;202100006976;189 297;A01;2;99;0;9;2;15;1;
10626;202100006977;189 295;A01;1;7;2;0;1;0;1;
10627;202100006978;189 293;B01;2;30;0;2;2;17;1;
10628;202100006978;189 294;A01;2;7;0;2;3;15;1;
10629;202100006979;189 291;A01;1;7;0;2;1;13;1;
10630;202100006979;189 292;B01;2;7;8;2;3;1;1;
10631;202100006980;189 290;A01;3;7;0;1;1;1;1;
10632;202100006981;189 288;A01;1;7;0;2;4;1;1;
10633;202100006981;189 289;B01;1;7;0;2;0;0;1;
10634;202100006982;189 287;A01;1;7;4;0;3;21;1;
10635;202100006983;189 282;A01;1;99;0;2;1;2;1;
10636;202100006983;189 283;B01;1;7;0;2;4;2;1;
10637;202100006983;189 284;C01;1;7;0;2;4;2;1;
10638;202100006984;189 279;A01;2;14;0;2;4;23;1;
10639;202100006984;189 280;B01;2;7;0;2;4;2;1;
10640;202100006984;189 281;C01;2;13;0;2;1;2;1;
10641;202100006985;189 278;A01;1;10;4;0;1;14;1;
10642;202100006986;189 275;A01;2;7;0;2;1;18;1;
10643;202100006986;189 276;B01;2;7;0;2;6;2;1;
10644;202100006986;189 277;C01;2;7;0;2;5;2;1;
10645;202100006987;189 271;B01;2;7;0;2;4;2;1;
10646;202100006987;189 272;A01;2;7;0;2;1;2;1;
10647;202100006988;189 269;B01;2;7;0;2;4;2;1;
10648;202100006988;189 270;A01;2;7;0;2;1;1;1;
10649;202100006989;189 268;A01;1;7;4;0;3;13;1;
10650;202100006990;189 265;C01;1;7;0;2;1;2;1;
10651;202100006990;189 266;B01;1;7;0;2;4;2;1;
10652;202100006990;189 267;A01;1;10;0;2;4;1;1;
10653;202100006991;189 262;A01;1;7;4;0;3;1;1;
10654;202100006992;189 260;A01;2;7;0;2;6;1;1;
10655;202100006992;189 261;B01;2;7;0;2;2;2;1;
10656;202100006993;189 257;B01;1;7;0;2;4;21;1;
10657;202100006993;189 258;C01;1;7;0;2;6;1;1;
10658;202100006993;189 259;A01;1;7;0;2;1;21;1;
10659;202100006994;189 256;A01;1;33;0;2;2;17;1;
10660;202100006995;189 254;B01;3;7;0;2;3;1;1;
10661;202100006995;189 255;A01;3;30;0;2;1;1;1;
10662;202100006996;189 252;A01;1;15;0;2;3;1;0;
10663;202100006996;189 253;B01;1;10;0;2;1;13;1;
10664;202100006997;189 250;A01;2;7;0;2;7;11;1;
10665;202100006997;189 251;B01;2;7;0;2;7;13;1;
10666;202100006998;189 249;A01;2;10;16;0;7;14;1;
10667;202100006999;189 247;B01;1;7;0;2;5;2;2;
10668;202100006999;189 248;A01;1;33;0;2;4;0;1;
10669;202100007001;189 244;A01;3;0;0;0;0;0;0;
10670;202100007002;189 241;A01;1;7;0;2;4;26;1;
10671;202100007002;189 242;B01;1;7;0;2;4;1;3;
10672;202100007002;189 243;C01;1;7;0;2;1;1;1;
10673;202100007003;189 240;A01;3;7;0;1;2;17;1;
10674;202100007004;189 238;B01;2;7;0;2;3;15;1;
10675;202100007004;189 239;A01;2;33;0;2;1;17;1;
10676;202100007005;189 236;B01;1;7;0;2;4;26;1;
10677;202100007005;189 237;A01;1;31;0;2;1;21;1;
10678;202100007006;189 234;A01;1;7;0;2;8;10;1;
10679;202100007006;189 235;B01;2;33;0;2;1;2;1;
10680;202100007007;189 232;B01;3;1;0;0;0;0;5;
10681;202100007007;189 233;A01;0;7;0;2;5;15;1;
10682;202100007008;189 230;B01;2;7;0;2;5;1;1;
10683;202100007008;189 231;A01;2;33;0;2;9;17;1;
10684;202100007010;189 226;A01;2;7;0;2;1;15;1;
10685;202100007010;189 227;B01;1;33;0;2;0;1;1;
10686;202100007011;189 224;B01;1;7;0;2;3;15;1;
10687;202100007011;189 225;A01;1;32;8;2;1;17;1;
10688;202100007012;189 223;A01;1;7;0;1;3;2;1;
10689;202100007013;189 221;B01;2;1;0;2;1;1;5;
10690;202100007013;189 222;A01;1;7;0;2;3;15;1;
10691;202100007014;189 219;A01;2;7;0;2;3;16;1;
10692;202100007014;189 220;B01;1;2;0;2;1;1;1;
10693;202100007015;189 218;B01;1;33;0;2;4;1;1;
10694;202100007016;189 216;Z01;1;7;0;2;0;5;1;
10695;202100007016;189 217;B01;1;2;0;2;1;1;1;
10696;202100007017;189 215;A01;3;7;6;0;1;15;1;
10697;202100007018;189 214;A01;3;7;1;0;3;1;1;
10698;202100007019;189 213;A01;1;30;0;1;7;1;1;
10699;202100007020;189 211;A01;1;7;0;2;3;15;1;
10700;202100007020;189 212;B01;2;32;0;2;1;1;1;
10701;202100007021;189 209;A01;1;33;0;2;4;12;1;
10702;202100007021;189 210;B01;1;33;0;2;1;1;1;
10703;202100007023;189 205;B01;2;40;0;2;2;1;3;
10704;202100007023;189 206;A01;2;7;0;4;3;5;2;
10705;202100007025;189 200;B01;1;7;0;2;1;1;0;
10706;202100007025;189 201;A01;2;30;0;2;1;15;1;
10707;202100007026;189 198;B01;0;7;0;2;4;1;1;
10708;202100007026;189 199;A01;0;7;0;2;1;9;1;
10709;202100007027;189 196;A01;1;7;0;2;1;2;1;
10710;202100007027;189 197;B01;1;7;0;2;4;2;1;
10711;202100007028;189 194;A01;0;7;0;2;6;15;1;
10712;202100007028;189 195;B01;0;2;0;2;1;1;1;
10713;202100007029;189 190;A01;1;7;0;2;1;26;1;
10714;202100007029;189 191;B01;1;10;0;2;4;26;1;
10715;202100007029;189 192;C01;1;7;0;2;4;26;1;
10716;202100007029;189 193;D01;1;7;0;2;4;26;1;
10717;202100007030;189 189;A01;1;7;0;1;1;12;1;
10718;202100007031;189 187;A01;3;7;0;2;3;15;1;
10719;202100007031;189 188;B01;3;10;0;2;1;1;1;
10720;202100007032;189 186;A01;1;7;0;1;2;1;1;
10721;202100007033;189 185;A01;1;34;0;0;1;16;1;
10722;202100007035;189 181;T01;3;7;0;1;6;1;1;
10723;202100007035;189 182;A01;3;7;0;1;3;1;1;
10724;202100007036;189 180;A01;3;7;8;0;1;13;1;
10725;202100007037;189 178;B01;1;2;0;2;1;1;1;
10726;202100007037;189 179;A01;1;7;0;2;2;12;1;
10727;202100007039;189 174;A01;3;30;0;2;2;12;1;
10728;202100007039;189 175;B01;3;7;0;2;3;1;1;
10729;202100007040;189 172;A01;3;30;0;2;3;1;3;
10730;202100007040;189 173;B01;3;7;0;2;5;15;1;
10731;202100007041;189 170;A01;1;31;0;2;1;13;1;
10732;202100007041;189 171;B01;2;7;0;2;1;1;1;
10733;202100007042;189 168;A01;3;7;0;2;2;1;1;
10734;202100007042;189 169;B01;3;7;0;2;3;15;1;
10735;202100007043;189 165;C01;1;7;0;2;4;23;1;
10736;202100007043;189 166;B01;1;32;0;2;4;3;1;
10737;202100007043;189 167;A01;1;43;0;2;1;3;1;
10738;202100007045;189 162;B01;3;7;0;2;8;1;2;
10739;202100007045;189 163;A01;3;7;0;2;1;1;1;
10740;202100007046;189 160;B01;3;30;0;2;1;1;1;
10741;202100007046;189 161;A01;3;1;0;2;8;15;5;
10742;202100007047;189 159;A01;3;7;9;0;1;13;1;
10743;202100007048;189 158;A01;3;3;1;0;1;13;3;
10744;202100007049;189 157;A01;1;7;0;1;2;20;1;
10745;202100007050;189 155;A01;2;30;0;2;3;2;3;
10746;202100007050;189 156;B01;2;7;0;2;5;23;1;
10747;202100007051;189 152;A01;1;7;0;2;1;2;1;
10748;202100007051;189 153;B01;3;7;0;2;4;2;1;
10749;202100007051;189 154;C01;2;7;0;2;4;1;2;
10750;202100007052;189 150;A01;2;7;0;2;3;11;1;
10751;202100007052;189 151;B01;2;2;0;2;3;2;1;
10752;202100007053;189 148;Z01;2;7;0;2;1;1;0;
10753;202100007053;189 149;B01;2;33;0;2;4;23;1;
10754;202100007054;189 146;B01;2;7;0;2;7;2;1;
10755;202100007054;189 147;A01;2;30;0;2;1;2;1;
10756;202100007055;189 143;A01;2;7;0;2;1;2;1;
10757;202100007055;189 144;B01;2;7;0;2;1;2;1;
10758;202100007055;189 145;C01;2;7;0;2;4;2;1;
10759;202100007056;189 141;B01;1;33;9;2;3;1;1;
10760;202100007056;189 142;A01;0;7;9;0;1;19;1;
10761;202100007057;189 139;B01;3;7;0;2;4;2;1;
10762;202100007057;189 140;A01;3;7;0;2;1;2;1;
10763;202100007058;189 137;B01;1;31;1;0;0;0;0;
10764;202100007058;189 138;A01;1;7;1;2;1;1;1;
10765;202100007059;189 136;A01;2;50;0;1;1;25;3;
10766;202100007060;189 135;A01;2;7;0;0;0;1;2;
10767;202100007061;189 134;A01;1;7;0;1;1;1;1;
10768;202100007062;189 133;A01;0;7;4;0;1;14;1;
10769;202100007063;189 130;A01;1;7;0;2;1;2;1;
10770;202100007063;189 131;B01;1;7;0;2;1;23;2;
10771;202100007063;189 132;C01;1;7;0;2;4;23;1;
10772;202100007064;189 129;A01;3;1;0;0;8;1;5;
10773;202100007065;189 127;B01;2;7;12;2;4;1;1;
10774;202100007065;189 128;A01;2;7;8;2;1;2;2;
10775;202100007066;189 125;A01;2;7;0;2;3;13;3;
10776;202100007066;189 126;B01;1;34;0;2;8;1;1;
10777;202100007067;189 123;B01;1;7;0;2;1;1;1;
10778;202100007067;189 124;A01;2;10;0;2;2;1;2;
10779;202100007068;189 121;A01;2;7;0;2;1;13;1;
10780;202100007068;189 122;B01;1;7;0;2;1;1;1;
10781;202100007069;189 119;A01;2;2;0;2;1;17;1;
10782;202100007069;189 120;B01;2;10;0;2;3;15;1;
10783;202100007070;189 118;A01;1;7;13;0;1;1;1;
10784;202100007071;189 117;A01;1;31;13;0;1;1;1;
10785;202100007072;189 116;A01;1;7;2;0;2;1;1;
10786;202100007073;189 115;A01;1;36;2;0;0;1;1;
10787;202100007074;189 113;A01;2;7;0;2;1;17;1;
10788;202100007074;189 114;B01;1;2;0;2;1;1;1;
10789;202100007075;189 111;B01;2;2;13;9;2;21;1;
10790;202100007075;189 112;A01;1;10;0;2;6;9;1;
10791;202100007076;189 110;A01;2;10;13;0;3;1;1;
10792;202100007077;189 108;B01;2;7;0;2;1;1;1;
10793;202100007077;189 109;A01;1;7;0;2;8;1;1;
10794;202100007078;189 106;A01;2;10;0;2;3;1;1;
10795;202100007078;189 107;B01;1;7;0;0;2;21;1;
10796;202100007079;189 105;A01;1;30;0;0;0;0;1;
10797;202100007080;189 104;A01;2;7;5;0;1;1;1;
10798;202100007081;189 102;B01;3;7;0;2;3;1;1;
10799;202100007081;189 103;A01;3;7;0;2;1;1;1;
10800;202100007082;189 101;A01;3;36;0;0;2;16;1;
10801;202100007084;189 097;A01;1;33;0;0;8;1;1;
10802;202100007085;189 095;B01;1;7;0;0;6;1;1;
10803;202100007085;189 096;A01;1;33;0;2;0;11;1;
10804;202100007086;189 094;A01;1;7;13;0;1;1;1;
10805;202100007087;189 092;A01;1;33;0;2;1;1;1;
10806;202100007087;189 093;B01;1;7;0;2;3;17;1;
10807;202100007088;189 091;A01;1;7;0;1;2;1;1;
10808;202100007089;189 090;A01;1;7;0;0;2;1;1;
10809;202100007090;189 089;A01;3;7;8;0;3;1;1;
10810;202100007091;189 087;B01;0;7;0;2;2;1;1;
10811;202100007091;189 088;A01;0;7;6;2;3;19;1;
10812;202100007094;189 083;A01;1;7;0;1;0;1;1;
10813;202100007095;189 082;A01;1;7;13;0;1;1;1;
10814;202100007096;189 081;A01;1;7;0;1;1;1;1;
10815;202100007097;189 080;A01;0;7;2;0;2;0;1;
10816;202100007098;189 079;A01;1;7;2;0;8;1;1;
10817;202100007099;189 078;A01;2;33;0;0;0;1;1;
10818;202100007100;189 077;A01;2;7;2;0;1;1;1;
10819;202100007101;189 072;D01;3;7;0;0;4;1;1;
10820;202100007101;189 073;C01;3;7;2;0;4;1;1;
10821;202100007101;189 074;B01;3;10;0;2;5;1;1;
10822;202100007101;189 075;A01;3;10;0;2;1;17;1;
10823;202100007102;189 070;B01;3;21;0;2;1;19;1;
10824;202100007102;189 071;A01;0;7;0;2;1;1;1;
10825;202100007103;189 069;A01;1;7;2;0;8;1;1;
10826;202100007105;189 066;A01;1;7;4;0;3;16;1;
10827;202100007106;189 064;A01;2;7;0;2;5;12;1;
10828;202100007106;189 065;B01;2;33;0;2;3;3;1;
10829;202100007107;189 063;A01;2;7;4;0;7;9;1;
10830;202100007108;189 060;C01;2;10;0;1;1;1;1;
10831;202100007108;189 061;B01;2;7;0;1;1;1;1;
10832;202100007108;189 062;A01;2;7;0;1;6;1;3;
10833;202100007109;189 058;A01;2;7;3;2;7;14;1;
10834;202100007109;189 059;B01;2;7;0;2;8;1;1;
10835;202100007111;189 054;B01;2;31;0;2;3;3;1;
10836;202100007111;189 055;Z01;2;7;0;2;2;12;0;
10837;202100007112;189 053;A01;2;7;3;0;1;1;1;
10838;202100007113;189 051;A01;1;7;0;2;1;1;1;
10839;202100007113;189 052;B01;1;7;0;2;4;1;1;
10840;202100007114;189 049;A01;1;7;0;2;4;1;1;
10841;202100007114;189 050;B01;1;7;0;2;1;2;1;
10842;202100007115;189 048;A01;1;7;3;0;9;1;0;
10843;202100007117;189 045;A01;1;7;0;1;2;1;1;
10844;202100007118;189 044;A01;2;30;0;1;0;0;1;
10845;202100007119;189 042;A01;1;10;0;1;1;1;1;
10846;202100007120;189 041;A01;1;7;0;1;8;1;1;
10847;202100007121;189 040;A01;1;7;0;1;1;9;1;
10848;202100007122;189 039;A01;2;7;0;1;3;1;1;
10849;202100007123;189 037;B01;1;7;0;2;4;23;1;
10850;202100007123;189 038;A01;2;7;0;2;1;23;1;
10851;202100007124;189 036;Z01;0;0;0;1;2;26;0;
10852;202100007125;189 035;A01;2;0;0;1;7;14;0;
10853;202100007126;189 033;Z01;1;7;0;2;1;0;1;
10854;202100007126;189 034;B01;1;1;0;2;4;0;5;
10855;202100007127;189 029;A01;1;7;0;1;5;16;1;
10856;202100007128;189 027;A01;2;7;0;2;1;9;1;
10857;202100007128;189 028;B01;2;7;0;2;8;1;1;
10858;202100007129;189 025;A01;2;3;0;2;7;16;1;
10859;202100007129;189 026;B01;2;80;0;2;1;2;3;
10860;202100007130;189 024;A01;2;7;1;0;2;14;1;
10861;202100007131;189 022;A01;1;33;0;2;1;21;1;
10862;202100007131;189 023;B01;1;7;0;2;6;2;1;
10863;202100007132;189 021;A01;1;7;0;0;0;1;1;
10864;202100007133;189 019;B01;1;7;0;2;3;1;1;
10865;202100007133;189 020;A01;1;7;0;2;1;1;1;
10866;202100007134;189 018;A01;1;7;1;0;2;1;3;
10867;202100007135;189 016;A01;1;7;16;2;3;13;1;
10868;202100007135;189 017;B01;2;7;0;2;3;1;1;
10869;202100007136;189 014;B01;2;1;0;2;4;0;5;
10870;202100007136;189 015;A01;1;7;0;2;3;15;1;
10871;202100007137;189 012;A01;1;7;0;2;2;15;1;
10872;202100007137;189 013;B01;2;2;0;2;1;1;3;
10873;202100007138;189 010;A01;2;7;0;2;1;15;1;