;Num_Acc;id_vehicule;num_veh;senc;catv;obs;obsm;choc;manv;motor;occutc
10874;202100007138;189 011;B01;2;30;0;2;1;11;1;
10875;202100007139;189 009;A01;1;2;0;1;1;17;1;
10876;202100007140;189 007;B01;1;7;0;0;8;15;1;
10877;202100007140;189 008;A01;1;33;0;0;1;2;1;
10878;202100007141;189 005;A01;1;7;0;2;1;15;1;
10879;202100007141;189 006;B01;1;2;0;2;1;1;1;
10880;202100007142;189 003;A01;2;7;0;2;4;2;1;
10881;202100007142;189 004;B01;2;7;0;2;1;2;1;
10882;202100007143;189 001;A01;1;7;0;2;3;9;0;
10883;202100007143;189 002;B01;2;30;0;2;1;26;1;
10884;202100007144;188 999;A01;2;7;0;2;1;2;1;
10885;202100007144;189 000;B01;2;1;0;2;7;2;0;
10886;202100007145;188 997;B01;1;3;0;2;3;15;1;
10887;202100007145;188 998;A01;1;33;0;2;7;15;1;
10888;202100007147;188 993;B01;3;10;0;0;4;2;1;
10889;202100007147;188 994;A01;3;7;0;2;1;2;1;
10890;202100007148;188 992;A01;1;30;0;1;1;19;1;
10891;202100007150;188 988;A01;1;30;0;2;1;2;1;
10892;202100007150;188 989;B01;2;34;0;2;0;0;0;
10893;202100007151;188 986;B01;3;7;0;2;1;1;1;
10894;202100007151;188 987;A01;2;7;8;2;1;1;1;
10895;202100007152;188 984;B01;2;7;0;2;4;2;1;
10896;202100007152;188 985;A01;2;7;0;2;1;2;1;
10897;202100007153;188 982;A01;3;7;0;2;5;9;0;
10898;202100007153;188 983;B01;3;7;0;2;1;15;1;
10899;202100007154;188 980;A01;2;7;0;2;1;1;1;
10900;202100007154;188 981;B01;2;7;0;2;4;1;1;
10901;202100007155;188 979;A01;1;7;0;1;3;1;0;
10902;202100007156;188 978;A01;1;33;0;1;2;19;1;
10903;202100007157;188 976;B01;2;7;0;2;4;2;2;
10904;202100007157;188 977;A01;2;7;0;2;1;2;1;
10905;202100007159;188 972;A01;2;7;0;2;3;10;3;
10906;202100007159;188 973;B01;2;33;0;2;1;17;1;
10907;202100007160;188 970;B01;1;33;0;2;1;1;1;
10908;202100007160;188 971;A01;3;7;0;2;3;15;1;
10909;202100007161;188 966;A01;2;7;0;2;1;16;1;
10910;202100007161;188 967;D01;3;7;0;2;3;23;2;
10911;202100007161;188 968;B01;3;7;0;2;6;23;1;
10912;202100007161;188 969;C01;3;7;0;2;1;23;1;
10913;202100007162;188 964;B01;0;7;0;2;4;0;1;
10914;202100007162;188 965;A01;1;7;0;2;1;2;1;
10915;202100007163;188 962;A01;3;7;0;2;2;15;1;
10916;202100007163;188 963;B01;3;7;0;2;1;1;1;
10917;202100007164;188 959;A01;2;33;0;2;7;12;1;
10918;202100007164;188 960;B01;1;7;0;2;3;1;1;
10919;202100007165;188 957;B01;1;33;0;2;1;1;1;
10920;202100007165;188 958;A01;1;7;0;2;2;9;1;
10921;202100007166;188 948;A01;3;7;0;1;3;9;1;
10922;202100007167;188 947;A01;1;7;0;1;1;1;1;
10923;202100007168;188 946;Z01;3;10;0;1;2;1;1;
10924;202100007169;188 944;A01;1;7;0;2;2;15;1;
10925;202100007169;188 945;B01;2;7;0;2;2;1;1;
10926;202100007170;188 942;A01;1;7;0;2;1;2;1;
10927;202100007170;188 943;B01;1;33;0;2;4;2;1;
10928;202100007171;188 940;A01;1;7;0;2;5;13;1;
10929;202100007171;188 941;B01;1;31;0;2;1;16;1;
10930;202100007173;188 936;B01;0;50;0;2;1;16;3;
10931;202100007173;188 937;A01;0;7;0;2;1;15;1;
10932;202100007174;188 933;C01;2;7;0;2;3;1;1;
10933;202100007174;188 934;B01;2;7;0;2;0;1;1;
10934;202100007174;188 935;A01;2;15;0;2;1;1;1;
10935;202100007175;188 932;A01;3;10;0;1;4;4;1;
10936;202100007176;188 928;A01;3;7;0;2;2;2;1;
10937;202100007176;188 929;C01;3;7;14;0;0;0;1;
10938;202100007177;188 926;A01;2;33;3;2;1;1;1;
10939;202100007177;188 927;B01;2;33;3;0;4;1;1;
10940;202100007178;188 924;B01;3;7;0;2;1;1;1;
10941;202100007178;188 925;A01;3;7;0;2;1;5;1;
10942;202100007179;188 919;B01;3;7;0;0;4;1;1;
10943;202100007179;188 920;A01;3;7;0;2;1;1;1;
10944;202100007180;188 918;A01;3;7;6;0;1;9;1;
10945;202100007181;188 917;A01;1;7;0;1;1;16;1;
10946;202100007182;188 915;B01;1;7;0;2;2;1;2;
10947;202100007182;188 916;A01;1;7;0;2;1;1;1;
10948;202100007183;188 913;B01;1;7;4;2;4;1;1;
10949;202100007183;188 914;A01;1;7;4;2;9;0;1;
10950;202100007184;188 912;A01;3;7;0;1;1;1;1;
10951;202100007185;188 911;A01;0;1;0;0;0;1;5;
10952;202100007186;188 910;A01;1;30;11;0;0;26;1;
10953;202100007187;188 908;B01;3;50;0;2;7;19;3;
10954;202100007187;188 909;A01;3;7;0;9;1;26;1;
10955;202100007188;188 906;B01;3;7;0;2;4;2;1;
10956;202100007188;188 907;A01;3;7;0;2;1;2;1;
10957;202100007189;188 904;B01;3;7;0;2;1;1;1;
10958;202100007189;188 905;A01;3;50;0;2;1;1;3;
10959;202100007190;188 902;A01;3;1;0;2;1;1;5;
10960;202100007190;188 903;B01;3;7;0;2;7;23;1;
10961;202100007191;188 900;B01;3;1;0;2;1;1;5;
10962;202100007191;188 901;A01;3;7;0;2;3;26;1;
10963;202100007192;188 898;A01;3;7;0;2;5;16;1;
10964;202100007192;188 899;B01;3;1;0;2;0;16;5;
10965;202100007193;188 897;A01;1;7;9;0;3;1;1;
10966;202100007194;188 896;A01;1;7;12;0;1;1;1;
10967;202100007195;188 894;B01;0;7;1;2;6;1;1;
10968;202100007195;188 895;A01;2;7;0;2;1;19;1;
10969;202100007196;188 892;B01;1;7;0;2;2;2;6;
10970;202100007196;188 893;A01;1;7;0;2;3;9;6;
10971;202100007197;188 889;C01;2;7;0;2;1;1;1;
10972;202100007197;188 890;B01;2;7;0;2;1;1;1;
10973;202100007197;188 891;A01;2;7;0;2;4;1;1;
10974;202100007198;188 888;A01;1;7;6;0;1;26;1;
10975;202100007199;188 886;A01;2;7;0;2;3;13;1;
10976;202100007199;188 887;B01;1;7;0;2;3;1;1;
10977;202100007200;188 884;A01;2;32;0;2;2;17;1;
10978;202100007200;188 885;B01;2;7;0;2;3;15;1;
10979;202100007201;188 882;A01;2;7;0;2;3;9;1;
10980;202100007201;188 883;B01;0;1;0;2;1;1;5;
10981;202100007202;188 880;B01;1;2;0;2;1;1;1;
10982;202100007202;188 881;A01;2;7;0;2;2;15;1;
10983;202100007203;188 878;B01;2;7;0;2;2;16;1;
10984;202100007203;188 879;A01;2;30;0;2;1;1;1;
10985;202100007206;188 874;A01;2;30;11;0;3;13;1;
10986;202100007209;188 868;B01;2;7;0;2;8;1;1;
10987;202100007209;188 869;A01;1;33;0;2;1;1;1;
10988;202100007210;188 867;A01;3;7;0;1;1;1;1;
10989;202100007211;188 866;A01;3;7;0;1;1;1;1;
10990;202100007212;188 864;B01;1;1;0;2;1;1;5;
10991;202100007212;188 865;A01;1;7;0;9;8;1;1;
10992;202100007213;188 861;B01;3;7;0;2;9;1;1;
10993;202100007213;188 862;C01;3;7;0;2;4;1;1;
10994;202100007213;188 863;A01;3;7;0;2;1;1;1;
10995;202100007214;188 860;A01;3;7;0;2;1;26;0;
10996;202100007215;188 859;B01;1;7;0;1;7;15;1;
10997;202100007216;188 857;B01;1;7;0;2;0;0;1;
10998;202100007216;188 858;A01;1;7;0;2;0;0;1;
10999;202100007217;188 856;A01;3;7;0;1;4;26;1;
11000;202100007218;188 852;Z01;1;7;0;2;1;1;1;
11001;202100007218;188 853;C01;1;7;0;2;4;23;1;
11002;202100007218;188 854;D01;1;7;0;2;4;23;1;
11003;202100007218;188 855;B01;1;7;0;2;4;23;1;
11004;202100007219;188 849;C01;3;10;0;2;1;3;1;
11005;202100007219;188 850;B01;3;7;0;2;2;1;1;
11006;202100007219;188 851;A01;3;10;0;2;6;1;1;
11007;202100007220;188 847;B01;3;60;0;0;0;0;5;
11008;202100007220;188 848;A01;3;80;0;9;1;7;3;
11009;202100007221;188 846;A01;1;7;0;1;1;14;1;
11010;202100007222;188 845;A01;1;7;0;1;1;1;1;
11011;202100007223;188 844;A01;2;7;0;1;2;1;1;
11012;202100007224;188 842;A01;1;1;0;2;7;5;5;
11013;202100007224;188 843;B01;3;7;0;2;2;15;1;
11014;202100007226;188 838;A01;2;7;0;2;2;9;1;
11015;202100007226;188 839;B01;3;7;0;2;5;1;1;
11016;202100007227;188 837;A01;1;30;0;0;7;15;1;
11017;202100007228;188 835;B01;2;10;0;2;4;1;1;
11018;202100007228;188 836;A01;2;30;0;2;1;2;1;
11019;202100007229;188 833;B01;3;30;0;2;4;23;1;
11020;202100007229;188 834;Z01;3;7;0;9;2;1;1;
11021;202100007230;188 832;A01;3;7;0;2;1;1;1;
11022;202100007231;188 831;A01;1;7;0;1;1;1;1;
11023;202100007232;188 829;B01;1;7;0;2;1;1;2;
11024;202100007232;188 830;A01;1;7;0;2;1;15;1;
11025;202100007233;188 828;Z01;1;7;0;1;7;1;1;
11026;202100007234;188 824;B01;1;33;0;2;1;2;1;
11027;202100007234;188 825;A01;1;7;0;2;6;17;1;
11028;202100007235;188 821;C01;3;10;0;2;4;2;1;
11029;202100007235;188 822;B01;3;10;0;2;9;2;1;
11030;202100007235;188 823;A01;0;7;0;2;1;2;1;
11031;202100007236;188 819;B01;3;30;0;2;8;1;1;
11032;202100007236;188 820;A01;3;7;0;2;3;9;1;
11033;202100007237;188 818;A01;2;7;0;1;1;15;1;
11034;202100007238;188 817;A01;0;7;0;1;4;4;1;
11035;202100007239;188 815;A01;2;7;0;2;7;9;1;
11036;202100007239;188 816;B01;2;2;0;2;4;1;1;
11037;202100007240;188 814;A01;1;7;0;0;1;26;1;
11038;202100007241;188 812;B01;1;2;0;2;1;1;1;
11039;202100007241;188 813;A01;1;7;0;2;4;1;1;
11040;202100007242;188 810;A01;1;7;0;2;3;26;1;
11041;202100007242;188 811;B01;1;1;0;2;2;26;5;
11042;202100007243;188 808;A01;1;1;0;2;6;26;5;
11043;202100007243;188 809;B01;1;31;0;2;0;26;1;
11044;202100007244;188 806;B01;1;50;0;2;1;26;3;
11045;202100007244;188 807;A01;1;7;0;2;8;26;1;
11046;202100007245;188 804;B01;1;7;0;2;4;1;1;
11047;202100007245;188 805;A01;1;38;0;2;1;1;1;1.0
11048;202100007246;188 802;A01;1;7;0;2;1;26;1;
11049;202100007246;188 803;B01;1;1;0;2;1;26;5;
11050;202100007247;188 801;A01;1;50;0;0;0;26;3;
11051;202100007248;188 799;B01;1;7;0;2;1;1;1;
11052;202100007248;188 800;A01;1;7;0;2;7;1;1;
11053;202100007249;188 797;B01;3;7;0;2;4;2;1;
11054;202100007249;188 798;A01;3;10;0;2;1;2;0;
11055;202100007250;188 795;A01;2;7;0;2;5;1;1;
11056;202100007250;188 796;B01;1;33;0;2;1;1;1;
11057;202100007251;188 793;B01;1;80;0;2;7;19;3;
11058;202100007251;188 794;A01;1;7;0;2;1;1;1;
11059;202100007252;188 792;A01;3;30;0;0;1;1;1;
11060;202100007253;188 791;A01;1;7;3;0;1;1;1;
11061;202100007254;188 790;A01;1;7;0;1;3;1;1;
11062;202100007255;188 788;B01;1;33;0;2;8;1;1;
11063;202100007255;188 789;Z01;1;7;0;2;7;1;1;
11064;202100007256;188 787;A01;3;30;0;0;7;1;1;
11065;202100007257;188 784;A01;2;10;0;2;8;20;1;
11066;202100007257;188 785;B01;2;3;0;2;2;1;1;
11067;202100007257;188 786;C01;1;33;0;2;1;1;-1;
11068;202100007258;188 783;A01;3;7;0;1;1;1;1;
11069;202100007259;188 781;B01;3;7;0;2;8;1;1;
11070;202100007259;188 782;A01;3;7;0;2;3;13;1;
11071;202100007260;188 779;A01;2;7;0;2;3;15;1;
11072;202100007260;188 780;B01;2;32;0;2;1;1;1;
11073;202100007261;188 777;A01;1;2;0;2;1;1;1;
11074;202100007261;188 778;B01;2;7;0;2;1;19;1;
11075;202100007262;188 775;B01;1;7;0;2;1;1;1;
11076;202100007262;188 776;A01;2;30;0;2;1;1;0;
11077;202100007263;188 773;A01;3;7;0;2;1;15;1;
11078;202100007263;188 774;B01;3;7;0;2;3;1;1;
11079;202100007264;188 771;A01;3;7;0;2;1;1;1;
11080;202100007264;188 772;B01;3;7;0;2;4;2;1;
11081;202100007265;188 770;A01;1;7;0;1;2;2;1;
11082;202100007267;188 766;A01;0;7;0;2;8;22;1;
11083;202100007267;188 767;B01;0;80;1;0;1;1;3;
11084;202100007268;188 764;A01;0;7;0;2;3;9;1;
11085;202100007268;188 765;B01;0;1;0;2;1;1;5;
11086;202100007269;188 762;A01;3;7;0;2;2;19;1;
11087;202100007269;188 763;B01;1;7;8;2;1;1;1;
11088;202100007270;188 759;A01;1;33;0;2;3;17;1;
11089;202100007270;188 760;B01;1;7;0;2;3;15;1;
11090;202100007270;188 761;C01;1;7;0;2;6;1;1;
11091;202100007271;188 757;A01;2;7;0;2;1;2;1;
11092;202100007271;188 758;B01;2;7;0;2;4;23;1;
11093;202100007272;188 755;B01;2;10;0;2;1;19;1;
11094;202100007272;188 756;A01;2;32;0;2;7;1;1;
11095;202100007273;188 753;B01;2;7;0;2;1;1;1;
11096;202100007273;188 754;A01;2;30;0;2;4;1;1;
11097;202100007274;188 751;A01;1;20;0;2;4;1;1;
11098;202100007274;188 752;B01;1;7;0;2;1;1;1;
11099;202100007275;188 748;C01;2;7;0;2;6;1;1;
11100;202100007275;188 749;B01;2;7;0;2;8;1;1;
11101;202100007275;188 750;A01;2;7;0;2;0;0;1;
11102;202100007277;188 742;A01;2;7;0;2;3;15;1;
11103;202100007277;188 743;B01;2;33;0;2;2;15;1;
11104;202100007278;188 740;B01;0;7;0;2;2;15;1;
11105;202100007278;188 741;A01;1;32;0;2;1;17;1;
11106;202100007279;188 739;A01;1;7;4;0;3;26;1;
11107;202100007280;188 738;A01;0;10;0;1;8;15;1;
11108;202100007281;188 736;B01;2;7;0;2;8;0;1;
11109;202100007281;188 737;A01;2;7;0;2;3;17;1;
11110;202100007282;188 734;B01;1;1;0;2;4;1;5;
11111;202100007282;188 735;A01;1;7;0;2;1;9;1;
11112;202100007283;188 732;B01;1;40;0;2;1;1;3;
11113;202100007283;188 733;A01;1;1;0;4;1;19;5;
11114;202100007284;188 729;A01;3;10;0;1;2;17;1;
11115;202100007285;188 726;C01;0;7;0;2;1;0;1;
11116;202100007285;188 727;B01;3;7;0;2;1;1;1;
11117;202100007285;188 728;A01;3;7;0;2;1;2;1;
11118;202100007286;188 724;B01;3;7;0;2;1;1;1;
11119;202100007286;188 725;A01;3;15;0;2;1;1;1;
11120;202100007287;188 720;B01;2;7;0;2;7;1;0;
11121;202100007287;188 721;A01;1;14;0;2;1;1;0;
11122;202100007288;188 718;B01;3;33;0;2;1;1;1;
11123;202100007288;188 719;A01;3;7;0;2;7;15;1;
11124;202100007289;188 716;B01;2;1;0;2;8;2;0;
11125;202100007289;188 717;A01;2;7;0;2;7;16;1;
11126;202100007290;188 715;A01;1;7;7;0;1;1;1;
11127;202100007291;188 714;A01;1;7;13;0;1;1;1;
11128;202100007292;188 712;B01;3;31;0;2;7;1;1;
11129;202100007292;188 713;A01;3;7;0;2;3;9;1;
11130;202100007293;188 711;A01;3;7;0;1;4;4;1;
11131;202100007294;188 709;B01;2;7;0;2;1;1;1;
11132;202100007294;188 710;A01;2;7;0;2;7;15;1;
11133;202100007295;188 705;D01;1;13;0;2;1;0;1;
11134;202100007295;188 706;C01;1;7;0;2;4;0;1;
11135;202100007295;188 707;A01;2;7;0;2;4;2;1;
11136;202100007295;188 708;B01;1;7;0;2;4;1;1;
11137;202100007296;188 704;A01;1;7;4;0;1;2;1;
11138;202100007297;188 702;B01;1;33;0;2;4;23;1;
11139;202100007297;188 703;A01;1;33;0;2;1;1;1;
11140;202100007298;188 701;A01;3;7;0;1;2;1;1;
11141;202100007299;188 699;A01;1;34;0;2;1;2;1;
11142;202100007299;188 700;B01;1;7;0;2;6;1;1;
11143;202100007301;188 697;A01;1;33;1;0;1;13;1;
11144;202100007302;188 695;B01;2;32;0;2;1;1;1;
11145;202100007302;188 696;A01;2;10;15;0;3;10;1;
11146;202100007303;188 693;A01;1;7;0;2;7;15;1;
11147;202100007303;188 694;B01;0;34;0;2;1;1;1;
11148;202100007304;188 692;A01;0;7;0;1;3;1;1;
11149;202100007305;188 690;B01;1;7;0;2;4;2;1;
11150;202100007305;188 691;A01;1;37;0;2;1;2;1;1.0
11151;202100007307;188 687;A01;0;2;0;2;1;0;3;
11152;202100007307;188 688;B01;0;7;0;0;3;1;1;
11153;202100007308;188 686;A01;2;17;11;0;1;6;1;
11154;202100007309;188 684;A01;3;7;0;2;2;15;1;
11155;202100007309;188 685;B01;3;30;0;2;1;1;1;
11156;202100007310;188 683;A01;2;7;6;0;1;16;1;
11157;202100007311;188 681;A01;2;7;0;2;3;15;1;
11158;202100007311;188 682;B01;1;7;0;2;3;1;1;
11159;202100007312;188 680;A01;1;7;0;1;4;4;1;
11160;202100007313;188 679;A01;3;7;2;0;1;1;1;
11161;202100007314;188 677;B01;3;33;0;2;3;1;1;
11162;202100007314;188 678;A01;3;7;0;2;5;12;1;
11163;202100007315;188 676;A01;2;7;0;1;1;1;1;
11164;202100007316;188 674;B01;2;7;0;2;3;0;1;
11165;202100007316;188 675;A01;1;7;0;2;3;26;1;
11166;202100007317;188 672;A01;2;50;0;2;1;1;2;
11167;202100007317;188 673;B01;3;1;0;2;0;19;5;
11168;202100007318;188 670;A01;1;10;0;2;5;15;1;
11169;202100007318;188 671;B01;2;33;0;2;1;1;1;
11170;202100007319;188 667;A01;1;30;0;2;7;26;1;
11171;202100007319;188 668;C01;3;7;0;0;8;26;1;
11172;202100007319;188 669;B01;2;7;0;2;3;1;1;
11173;202100007320;188 666;A01;1;7;0;1;1;9;1;
11174;202100007321;188 664;A01;1;33;0;2;1;2;1;
11175;202100007321;188 665;B01;1;32;0;2;1;2;3;
11176;202100007322;188 662;A01;2;7;0;2;1;13;1;
11177;202100007322;188 663;B01;1;7;0;2;3;1;1;
11178;202100007323;188 661;A01;3;10;15;0;1;0;1;
11179;202100007324;188 659;A01;2;32;0;2;1;17;1;
11180;202100007324;188 660;B01;2;7;0;2;6;13;1;
11181;202100007325;188 658;A01;2;30;0;1;2;1;1;
11182;202100007326;188 656;B01;3;7;0;2;3;21;1;
11183;202100007326;188 657;A01;3;3;0;2;1;13;1;
11184;202100007327;188 654;A01;1;7;0;2;1;1;1;
11185;202100007327;188 655;B01;1;14;0;2;2;0;1;
11186;202100007328;188 652;A01;2;33;0;2;1;1;1;
11187;202100007328;188 653;B01;2;7;6;0;7;15;1;
11188;202100007329;188 651;A01;1;32;0;9;0;3;1;
11189;202100007330;188 649;A01;2;7;0;2;5;12;1;
11190;202100007330;188 650;B01;2;31;0;2;3;3;1;
11191;202100007331;188 647;A01;1;10;0;2;2;12;1;
11192;202100007331;188 648;B01;1;43;0;2;8;21;1;
11193;202100007332;188 646;A01;2;80;0;0;0;21;3;
11194;202100007333;188 645;A01;3;14;0;1;2;1;1;
11195;202100007334;188 643;B01;2;1;0;2;1;1;5;
11196;202100007334;188 644;A01;2;30;0;2;4;17;1;
11197;202100007335;188 641;A01;2;32;0;2;1;17;1;
11198;202100007335;188 642;Z01;1;32;0;2;1;13;1;
11199;202100007336;188 639;A01;3;7;0;2;8;11;1;
11200;202100007336;188 640;B01;3;32;0;2;7;15;1;
11201;202100007337;188 637;A01;2;10;0;2;1;15;1;
11202;202100007337;188 638;B01;2;50;0;2;1;16;3;
11203;202100007338;188 636;A01;3;7;7;0;1;13;3;
11204;202100007339;188 634;B01;2;33;0;2;0;1;1;
11205;202100007339;188 635;A01;2;1;0;2;0;15;5;
11206;202100007340;188 633;A01;2;7;0;1;7;1;1;
11207;202100007341;188 631;A01;1;7;0;2;0;9;1;
11208;202100007341;188 632;B01;1;80;0;2;0;21;3;
11209;202100007342;188 629;A01;2;7;0;2;5;22;3;
11210;202100007342;188 630;B01;2;1;0;2;5;18;5;
11211;202100007343;188 627;A01;2;7;0;2;3;22;2;
11212;202100007343;188 628;B01;2;1;0;2;1;1;5;
11213;202100007344;188 625;A01;1;10;0;2;1;13;1;
11214;202100007344;188 626;B01;2;50;0;2;0;1;3;
11215;202100007345;188 624;A01;3;32;12;0;1;14;1;
11216;202100007346;188 622;A01;1;10;0;2;7;2;1;
11217;202100007346;188 623;B01;1;1;0;2;8;1;5;
11218;202100007347;188 620;B01;2;50;0;2;1;1;3;
11219;202100007347;188 621;A01;2;10;0;2;3;15;1;
11220;202100007348;188 618;B01;2;7;0;2;3;1;2;
11221;202100007348;188 619;A01;2;30;0;2;1;1;1;
11222;202100007349;188 616;B01;2;30;0;2;2;2;1;
11223;202100007349;188 617;A01;2;7;1;2;3;13;1;
11224;202100007350;188 614;B01;1;50;0;2;8;19;3;
11225;202100007350;188 615;A01;2;7;0;9;1;15;1;
11226;202100007351;188 612;A01;2;3;0;2;3;12;1;
11227;202100007351;188 613;B01;2;32;0;2;1;1;1;
11228;202100007352;188 610;B01;3;7;0;2;1;1;1;
11229;202100007352;188 611;A01;2;1;0;2;0;0;5;
11230;202100007353;188 609;A01;1;17;0;1;1;2;1;
11231;202100007354;188 607;A01;1;7;0;2;3;15;1;
11232;202100007354;188 608;B01;1;31;0;2;2;21;1;
11233;202100007355;188 605;B01;1;37;0;2;2;1;1;3.0
11234;202100007355;188 606;A01;1;7;0;2;6;9;1;
11235;202100007356;188 603;B01;2;7;1;0;3;5;1;
11236;202100007356;188 604;A01;2;7;1;0;6;24;1;
11237;202100007357;188 601;A01;1;7;1;2;3;9;1;
11238;202100007357;188 602;B01;1;60;1;2;7;1;5;
11239;202100007358;188 600;A01;1;7;0;1;2;1;1;
11240;202100007359;188 599;A01;1;7;8;0;1;15;1;
11241;202100007361;188 595;B01;3;60;0;2;0;0;5;
11242;202100007361;188 596;Z01;3;0;0;9;0;0;0;
11243;202100007363;188 592;A01;1;7;0;1;4;4;1;
11244;202100007364;188 590;B01;-1;50;0;2;1;1;3;
11245;202100007364;188 591;A01;3;7;0;9;3;10;0;
11246;202100007365;188 589;A01;2;2;0;1;1;17;1;
11247;202100007366;188 587;A01;1;32;0;2;1;18;1;
11248;202100007366;188 588;B01;1;2;0;2;7;16;3;
11249;202100007367;188 585;B01;-1;33;0;2;3;1;1;
11250;202100007367;188 586;A01;3;7;0;2;7;9;1;
11251;202100007368;188 583;A01;3;32;0;2;6;19;1;
11252;202100007368;188 584;B01;-1;7;0;2;3;1;1;
11253;202100007369;188 582;A01;2;10;0;1;6;20;1;
11254;202100007370;188 580;B01;3;1;0;2;1;19;5;
11255;202100007370;188 581;A01;1;7;0;2;0;0;1;
11256;202100007371;188 578;A01;1;10;0;2;3;15;1;
11257;202100007371;188 579;B01;2;1;0;2;1;1;5;
11258;202100007372;188 576;B01;3;7;0;2;2;24;1;
11259;202100007372;188 577;A01;2;1;1;0;2;13;5;
11260;202100007373;188 575;A01;3;32;0;0;7;26;1;
11261;202100007374;188 574;A01;0;7;8;0;2;0;1;
11262;202100007375;188 573;A01;1;7;13;0;0;0;1;
11263;202100007376;188 572;A01;3;10;0;1;4;4;1;
11264;202100007377;188 571;A01;1;7;2;0;1;1;1;
11265;202100007378;188 569;B01;2;7;0;2;1;1;1;
11266;202100007378;188 570;A01;1;7;0;2;5;13;1;
11267;202100007379;188 567;B01;2;17;0;0;4;1;1;
11268;202100007379;188 568;A01;2;10;0;2;1;2;1;
11269;202100007380;188 565;B01;1;1;0;2;8;1;5;
11270;202100007380;188 566;A01;1;10;0;9;7;17;1;
11271;202100007381;188 564;A01;3;7;0;1;7;1;1;
11272;202100007382;188 563;A01;1;7;16;0;0;17;1;
11273;202100007383;188 561;A01;1;7;0;0;8;19;1;
11274;202100007383;188 562;B01;1;2;0;2;1;1;1;
11275;202100007384;188 558;B01;2;3;0;2;8;1;1;
11276;202100007384;188 559;C01;2;10;0;2;8;23;1;
11277;202100007384;188 560;A01;3;7;0;2;1;9;1;
11278;202100007385;188 556;A01;1;7;0;2;5;1;1;
11279;202100007385;188 557;B01;1;31;0;2;1;1;1;
11280;202100007386;188 555;A01;2;10;0;1;1;19;1;
11281;202100007387;188 553;A01;1;10;0;2;3;0;1;
11282;202100007387;188 554;B01;2;7;0;2;3;1;1;
11283;202100007388;188 550;A01;2;7;1;0;2;14;1;
11284;202100007388;188 551;B01;2;17;0;0;6;24;1;
11285;202100007388;188 552;C01;2;7;14;1;1;1;1;
11286;202100007389;188 549;A01;1;10;2;0;1;1;1;
11287;202100007390;188 547;B01;1;7;0;2;3;15;1;
11288;202100007390;188 548;A01;1;33;0;2;3;17;1;
11289;202100007391;188 546;A01;1;7;0;1;1;1;1;
11290;202100007392;188 544;B01;1;7;0;2;1;1;1;
11291;202100007392;188 545;A01;1;7;0;2;3;19;1;
11292;202100007393;188 543;A01;1;7;0;0;0;17;1;
11293;202100007394;188 542;A01;1;7;6;0;1;1;1;
11294;202100007395;188 539;B01;0;10;13;2;3;0;1;
11295;202100007395;188 540;A01;3;7;0;2;1;1;1;
11296;202100007397;188 536;A01;2;7;13;0;2;1;1;
11297;202100007398;188 534;B01;2;7;0;0;4;2;1;
11298;202100007398;188 535;A01;2;7;0;2;1;2;1;
11299;202100007399;188 532;B01;2;21;0;0;4;1;1;
11300;202100007399;188 533;A01;2;10;0;2;2;0;1;
11301;202100007400;188 529;A01;1;7;0;0;3;15;1;
11302;202100007400;188 530;B01;2;33;0;2;1;1;1;
11303;202100007401;188 526;A01;1;2;0;2;2;17;1;
11304;202100007401;188 527;C01;2;7;0;2;3;1;1;
11305;202100007401;188 528;B01;1;10;0;2;3;15;1;
11306;202100007402;188 524;A01;2;7;13;2;3;13;1;
11307;202100007402;188 525;B01;1;7;13;2;3;1;1;
11308;202100007403;188 523;A01;2;7;13;0;0;13;1;
11309;202100007404;188 521;A01;2;7;0;2;1;1;1;
11310;202100007404;188 522;B01;2;10;0;2;4;1;1;
11311;202100007405;188 519;A01;1;7;0;2;3;17;1;
11312;202100007405;188 520;B01;2;1;0;2;1;13;0;
11313;202100007406;188 518;A01;1;7;2;0;8;17;1;
11314;202100007407;188 516;B01;3;7;0;2;1;1;1;
11315;202100007407;188 517;A01;3;7;0;2;3;13;1;
11316;202100007408;188 514;A01;1;31;0;2;1;13;1;
11317;202100007408;188 515;B01;2;7;0;2;8;1;1;
11318;202100007409;188 513;A01;2;7;16;0;2;1;1;
11319;202100007411;188 509;A01;1;7;0;2;2;1;1;
11320;202100007411;188 510;B01;2;7;0;0;2;1;1;
11321;202100007412;188 508;A01;2;7;2;0;1;26;1;
11322;202100007413;188 507;A01;3;10;0;1;8;1;1;
11323;202100007414;188 505;B01;2;32;13;0;0;1;1;
11324;202100007414;188 506;A01;1;10;0;0;0;13;1;
11325;202100007415;188 504;A01;1;7;2;0;3;1;1;
11326;202100007416;188 502;A01;1;7;0;2;3;17;1;
11327;202100007416;188 503;B01;2;2;0;2;1;1;1;
11328;202100007417;188 500;A01;2;7;0;2;3;17;1;
11329;202100007417;188 501;B01;1;50;0;2;1;1;3;
11330;202100007419;188 498;A01;3;7;0;0;3;1;1;
11331;202100007420;188 496;B01;2;7;0;2;1;2;3;
11332;202100007420;188 497;A01;2;7;0;2;4;2;1;
11333;202100007421;188 492;D01;2;7;0;2;7;1;1;
11334;202100007421;188 493;C01;2;7;0;2;4;2;1;