;Num_Acc;id_vehicule;num_veh;senc;catv;obs;obsm;choc;manv;motor;occutc
11335;202100007421;188 494;B01;2;7;0;2;5;2;1;
11336;202100007421;188 495;A01;2;7;0;2;3;2;1;
11337;202100007422;188 490;B01;2;15;0;2;6;1;1;
11338;202100007422;188 491;A01;2;7;0;2;1;2;0;
11339;202100007423;188 488;A01;2;43;0;2;3;1;1;
11340;202100007423;188 489;B01;2;7;0;2;7;15;1;
11341;202100007425;188 484;B01;2;10;0;2;7;1;1;
11342;202100007425;188 485;A01;2;33;4;2;7;16;1;
11343;202100007426;188 482;B01;2;7;0;2;8;26;1;
11344;202100007426;188 483;A01;2;32;0;2;8;26;1;
11345;202100007427;188 480;A01;1;32;0;2;1;3;1;
11346;202100007427;188 481;B01;1;3;0;2;7;12;3;
11347;202100007429;188 472;A01;1;7;0;2;4;1;2;
11348;202100007429;188 473;E01;1;7;0;2;4;1;2;
11349;202100007429;188 474;B01;1;7;0;2;4;1;1;
11350;202100007429;188 475;C01;1;7;0;2;4;1;1;
11351;202100007429;188 476;D01;1;43;0;2;1;1;1;
11352;202100007430;188 468;D01;1;7;0;2;4;2;1;
11353;202100007430;188 469;C01;1;7;0;2;4;2;1;
11354;202100007430;188 470;B01;1;7;0;2;4;2;1;
11355;202100007430;188 471;A01;1;7;0;2;1;2;1;
11356;202100007432;188 464;A01;2;10;0;2;6;11;1;
11357;202100007432;188 465;B01;2;32;0;2;2;1;1;
11358;202100007433;188 462;A01;1;1;0;2;1;13;5;
11359;202100007433;188 463;B01;2;1;0;2;1;1;5;
11360;202100007435;188 459;A01;2;34;0;1;1;3;1;
11361;202100007436;188 458;Z01;1;30;0;1;0;1;0;
11362;202100007437;188 456;B01;1;1;0;2;1;1;5;
11363;202100007437;188 457;A01;2;1;0;2;1;13;5;
11364;202100007438;188 454;A01;1;7;0;2;8;15;1;
11365;202100007438;188 455;B01;1;43;0;2;1;1;1;
11366;202100007439;188 453;A01;3;7;0;1;4;4;1;
11367;202100007440;188 452;A01;1;1;0;1;7;1;5;
11368;202100007441;188 450;B01;3;50;0;2;7;19;3;
11369;202100007441;188 451;A01;2;33;0;2;1;1;1;
11370;202100007442;188 448;B01;1;10;0;2;4;23;1;
11371;202100007442;188 449;A01;1;1;0;2;1;1;5;
11372;202100007443;188 446;A01;1;7;0;2;4;23;1;
11373;202100007443;188 447;B01;1;7;0;2;1;1;1;
11374;202100007444;188 445;A01;1;33;0;0;0;1;1;
11375;202100007445;188 444;A01;3;7;1;0;1;13;1;
11376;202100007446;188 443;A01;3;7;0;1;2;15;1;
11377;202100007447;188 442;A01;3;1;0;1;1;1;5;
11378;202100007448;188 440;A01;1;10;0;2;3;15;1;
11379;202100007448;188 441;B01;1;32;0;2;2;1;1;
11380;202100007450;188 437;A01;2;7;4;0;1;1;1;
11381;202100007451;188 435;A01;1;7;0;2;1;15;1;
11382;202100007451;188 436;B01;2;2;0;2;8;1;1;
11383;202100007452;188 432;B01;1;50;0;2;4;1;3;
11384;202100007452;188 433;A01;1;7;0;2;1;9;1;
11385;202100007453;188 430;B01;3;7;0;2;2;1;1;
11386;202100007453;188 431;A01;3;7;0;2;3;1;1;
11387;202100007454;188 428;A01;3;7;8;2;2;23;1;
11388;202100007454;188 429;B01;0;7;0;0;0;0;1;
11389;202100007455;188 426;B01;1;32;0;2;3;1;1;
11390;202100007455;188 427;A01;1;7;0;2;2;16;1;
11391;202100007456;188 424;B01;1;1;0;2;1;2;0;
11392;202100007456;188 425;A01;1;7;0;2;8;13;1;
11393;202100007457;188 422;B01;1;7;1;0;6;26;1;
11394;202100007457;188 423;A01;1;7;0;2;2;21;1;
11395;202100007458;188 421;A01;1;7;0;1;1;14;0;
11396;202100007459;188 419;B01;1;7;0;0;0;0;1;
11397;202100007459;188 420;A01;1;7;0;2;1;13;1;
11398;202100007460;188 416;C01;1;7;0;2;6;1;1;
11399;202100007460;188 417;B01;1;32;0;2;8;3;1;
11400;202100007460;188 418;A01;1;10;0;2;2;22;1;
11401;202100007461;188 413;A01;2;10;0;2;1;2;1;
11402;202100007461;188 414;B01;2;10;0;2;4;1;1;
11403;202100007461;188 415;C01;2;7;0;2;4;1;1;
11404;202100007462;188 411;A01;2;7;0;1;1;1;1;
11405;202100007462;188 412;Y01;2;0;0;0;0;0;0;
11406;202100007463;188 409;A01;1;33;0;2;1;1;1;
11407;202100007463;188 410;B01;1;7;0;2;0;10;1;
11408;202100007464;188 407;B01;2;1;0;2;1;1;5;
11409;202100007464;188 408;A01;2;10;0;2;3;9;1;
11410;202100007465;188 405;A01;0;7;0;2;7;15;1;
11411;202100007465;188 406;B01;0;1;0;2;1;1;0;
11412;202100007466;188 404;A01;1;33;8;2;0;23;0;
11413;202100007467;188 403;A01;1;33;14;0;1;1;1;
11414;202100007468;188 401;B01;2;30;0;2;2;0;1;
11415;202100007468;188 402;A01;1;30;0;2;2;26;1;
11416;202100007469;188 399;A01;1;7;0;2;5;20;1;
11417;202100007469;188 400;B01;1;32;0;2;1;1;1;
11418;202100007470;188 397;A01;1;34;9;2;7;15;1;
11419;202100007470;188 398;B01;2;7;9;2;1;1;1;
11420;202100007472;188 394;A01;2;7;1;0;1;13;2;
11421;202100007473;188 393;A01;1;7;0;2;3;18;1;
11422;202100007474;188 392;A01;2;7;13;0;3;5;1;
11423;202100007475;188 391;A01;1;7;0;1;1;16;1;
11424;202100007476;188 389;A01;1;10;0;2;3;13;1;
11425;202100007476;188 390;B01;2;7;14;2;3;1;3;
11426;202100007477;188 388;A01;2;7;1;0;6;21;1;
11427;202100007478;188 386;B01;1;16;0;2;1;1;1;
11428;202100007478;188 387;A01;2;7;0;2;1;13;1;
11429;202100007479;188 385;A01;2;33;0;0;8;1;1;
11430;202100007481;188 381;B01;2;15;0;2;3;1;1;
11431;202100007481;188 382;A01;1;7;0;2;3;5;1;
11432;202100007482;188 380;A01;2;7;2;0;1;1;1;
11433;202100007483;188 378;B01;2;7;0;2;1;1;1;
11434;202100007483;188 379;A01;1;7;0;2;1;13;1;
11435;202100007484;188 377;A01;2;7;13;0;2;0;1;
11436;202100007485;188 376;A01;1;2;13;0;1;1;1;
11437;202100007487;188 372;A01;1;10;0;2;3;23;1;
11438;202100007487;188 373;B01;2;7;0;2;1;1;1;
11439;202100007487;188 374;C01;1;7;0;2;7;15;1;
11440;202100007488;188 371;A01;1;7;0;1;3;1;1;
11441;202100007489;188 369;B01;2;7;0;0;8;1;1;
11442;202100007489;188 370;A01;1;10;0;2;1;15;1;
11443;202100007490;188 367;B01;1;7;0;2;1;2;1;
11444;202100007490;188 368;A01;1;7;0;0;4;23;1;
11445;202100007491;188 365;B01;1;32;0;2;1;1;1;
11446;202100007491;188 366;A01;1;7;0;2;2;9;1;
11447;202100007492;188 364;A01;1;10;0;0;1;14;1;
11448;202100007494;188 360;B01;2;2;0;2;1;1;1;
11449;202100007494;188 361;A01;1;7;0;2;2;1;1;
11450;202100007495;188 359;A01;2;33;15;0;1;15;1;
11451;202100007496;188 358;A01;2;7;2;0;1;1;1;
11452;202100007497;188 356;A01;1;33;0;0;0;1;1;
11453;202100007498;188 354;B01;0;2;0;2;1;1;1;
11454;202100007498;188 355;A01;0;7;0;2;1;15;1;
11455;202100007499;188 352;B01;1;32;0;2;8;1;1;
11456;202100007499;188 353;A01;2;7;0;2;3;15;1;
11457;202100007500;188 350;B01;1;7;0;2;1;1;1;
11458;202100007500;188 351;A01;2;7;0;2;1;13;1;
11459;202100007501;188 349;A01;2;33;7;0;1;14;1;
11460;202100007502;188 348;A01;2;7;13;0;1;2;1;
11461;202100007503;188 346;A01;0;7;0;0;7;0;1;
11462;202100007503;188 347;B01;0;7;0;2;1;19;1;
11463;202100007504;188 345;A01;1;21;0;0;3;1;1;
11464;202100007505;188 343;A01;2;7;0;2;1;11;1;
11465;202100007505;188 344;B01;2;32;0;0;4;1;1;
11466;202100007506;188 341;A01;1;14;0;2;1;1;1;
11467;202100007506;188 342;B01;2;7;0;2;6;1;1;
11468;202100007507;188 339;A01;1;7;1;0;1;1;1;
11469;202100007507;188 340;B01;1;7;0;0;4;1;1;
11470;202100007508;188 337;A01;2;99;3;0;8;0;6;
11471;202100007508;188 338;B01;2;7;0;9;2;17;1;
11472;202100007509;188 335;B01;1;15;0;2;1;23;1;
11473;202100007509;188 336;A01;2;7;0;2;1;5;2;
11474;202100007510;188 334;A01;1;33;0;0;0;3;1;
11475;202100007511;188 331;A01;2;7;0;0;4;9;1;
11476;202100007511;188 332;B01;2;7;0;2;1;1;1;
11477;202100007511;188 333;C01;2;33;0;2;1;23;1;
11478;202100007512;188 330;A01;1;7;0;1;1;1;0;
11479;202100007513;188 329;A01;1;7;2;0;1;14;1;
11480;202100007514;188 327;A01;0;7;0;9;2;15;1;
11481;202100007514;188 328;B01;0;30;0;2;0;5;1;
11482;202100007515;188 325;B01;2;7;0;9;0;15;0;
11483;202100007515;188 326;A01;2;1;0;2;0;1;5;
11484;202100007516;188 323;A01;1;7;0;2;1;17;1;
11485;202100007516;188 324;B01;2;7;0;2;1;26;1;
11486;202100007517;188 322;A01;1;7;13;0;9;1;1;
11487;202100007518;188 318;H01;0;7;0;2;0;0;1;
11488;202100007518;188 319;E01;0;7;0;2;0;0;1;
11489;202100007518;188 320;B01;0;7;0;2;0;0;1;
11490;202100007518;188 321;A01;3;15;1;1;1;26;1;
11491;202100007519;188 316;B01;2;10;8;2;1;1;1;
11492;202100007519;188 317;A01;1;7;8;2;1;1;1;
11493;202100007520;188 312;D01;1;7;0;0;1;23;2;
11494;202100007520;188 313;C01;1;7;0;0;6;23;1;
11495;202100007520;188 314;B01;1;17;0;0;6;16;1;
11496;202100007520;188 315;A01;2;7;0;2;3;1;1;
11497;202100007521;188 310;A01;2;7;0;2;3;17;1;
11498;202100007521;188 311;B01;1;33;0;2;3;1;1;
11499;202100007522;188 308;B01;3;10;0;0;1;1;1;
11500;202100007522;188 309;A01;3;7;0;0;4;23;1;
11501;202100007523;188 301;A01;0;7;2;0;1;1;1;
11502;202100007524;188 300;A01;2;7;13;0;1;1;1;
11503;202100007525;188 298;A01;1;7;0;2;3;15;1;
11504;202100007525;188 299;B01;2;7;6;2;6;1;1;
11505;202100007526;188 297;A01;1;7;0;1;2;1;1;
11506;202100007528;188 293;A01;2;7;0;2;3;13;1;
11507;202100007528;188 294;B01;1;7;0;2;1;1;1;
11508;202100007529;188 292;A01;0;1;6;0;1;1;5;
11509;202100007531;188 288;A01;2;10;13;0;1;1;1;
11510;202100007532;188 287;A01;0;7;0;6;1;1;1;
11511;202100007533;188 283;A01;2;17;0;2;6;1;1;
11512;202100007533;188 284;B01;2;10;0;2;1;17;1;
11513;202100007533;188 285;C01;2;7;0;2;1;1;1;
11514;202100007533;188 286;D01;2;7;0;2;3;1;1;
11515;202100007534;188 282;A01;1;31;0;0;0;16;1;
11516;202100007535;188 279;C01;2;10;0;0;0;0;1;
11517;202100007535;188 280;B01;2;7;0;2;8;1;1;
11518;202100007535;188 281;A01;2;7;0;2;4;1;1;
11519;202100007536;188 277;B01;1;7;0;2;2;2;1;
11520;202100007536;188 278;A01;1;7;0;2;4;2;1;
11521;202100007537;188 274;C01;1;7;0;2;1;1;1;
11522;202100007537;188 275;B01;1;7;0;2;4;1;1;
11523;202100007537;188 276;A01;1;10;0;2;4;1;1;
11524;202100007538;188 272;A01;1;7;0;2;4;14;1;
11525;202100007538;188 273;B01;1;34;0;2;1;1;1;
11526;202100007539;188 269;A01;2;7;0;2;2;12;1;
11527;202100007539;188 270;B01;2;7;0;2;6;1;1;
11528;202100007539;188 271;C01;2;10;0;2;5;23;1;
11529;202100007540;188 268;A01;2;7;4;0;2;2;1;
11530;202100007542;188 263;B01;1;10;0;2;1;2;1;
11531;202100007542;188 264;A01;1;17;0;2;4;2;1;
11532;202100007543;188 260;A01;2;15;0;2;0;0;1;
11533;202100007543;188 261;B01;2;7;0;2;0;0;1;
11534;202100007543;188 262;C01;2;10;0;0;0;0;1;
11535;202100007544;188 258;B01;2;7;0;2;6;1;1;
11536;202100007544;188 259;A01;2;7;0;2;1;12;1;
11537;202100007545;188 256;B01;2;7;0;2;0;12;1;
11538;202100007545;188 257;A01;2;33;0;2;3;1;1;
11539;202100007546;188 254;A01;2;0;0;2;7;0;0;
11540;202100007546;188 255;B01;2;33;0;2;8;3;1;
11541;202100007547;188 252;A01;1;10;0;2;7;12;1;
11542;202100007547;188 253;B01;1;31;0;2;8;1;1;
11543;202100007548;188 250;A01;2;7;0;2;6;9;1;
11544;202100007548;188 251;B01;2;15;0;2;7;1;1;
11545;202100007549;188 247;Z01;1;0;0;2;1;0;0;
11546;202100007549;188 248;C01;1;7;0;2;4;2;1;
11547;202100007549;188 249;B01;1;7;0;2;4;2;1;
11548;202100007550;188 245;B01;1;10;0;2;5;14;1;
11549;202100007550;188 246;A01;1;32;0;2;8;2;1;
11550;202100007551;188 243;B01;2;7;0;2;8;1;0;
11551;202100007551;188 244;A01;2;15;0;2;2;12;0;
11552;202100007552;188 242;A01;2;33;0;2;1;1;1;
11553;202100007553;188 240;B01;2;7;0;2;4;1;1;
11554;202100007553;188 241;A01;2;33;0;2;1;1;1;
11555;202100007554;188 238;B01;1;7;0;2;4;2;1;
11556;202100007554;188 239;A01;1;10;0;2;1;2;1;
11557;202100007555;188 237;A01;3;7;4;0;1;1;1;
11558;202100007556;188 235;B01;2;33;0;2;3;3;1;
11559;202100007556;188 236;A01;2;7;0;2;2;12;1;
11560;202100007557;188 234;A01;2;7;13;0;3;1;1;
11561;202100007558;188 233;A01;2;7;8;0;9;1;1;
11562;202100007559;188 232;A01;3;21;0;1;4;4;1;
11563;202100007560;188 229;A01;2;10;0;2;1;1;1;
11564;202100007560;188 230;C01;1;13;0;2;3;1;1;
11565;202100007560;188 231;B01;2;36;0;2;4;15;1;
11566;202100007561;188 227;B01;1;7;0;2;1;1;1;
11567;202100007561;188 228;A01;1;7;0;2;1;13;1;
11568;202100007563;188 223;A01;3;31;0;2;8;15;1;
11569;202100007563;188 224;Z01;3;99;0;2;3;17;0;
11570;202100007564;188 221;A01;1;7;0;2;7;15;1;
11571;202100007564;188 222;B01;1;2;0;2;1;1;1;
11572;202100007565;188 219;B01;2;3;0;2;2;1;0;
11573;202100007565;188 220;A01;1;7;0;2;7;15;1;
11574;202100007566;188 217;A01;1;7;0;2;7;16;1;
11575;202100007566;188 218;B01;1;33;0;2;1;1;1;
11576;202100007567;188 215;A01;2;31;0;2;2;1;1;
11577;202100007567;188 216;B01;2;7;0;2;3;1;1;
11578;202100007568;188 214;A01;2;7;0;0;9;1;1;
11579;202100007569;188 212;B01;1;7;0;2;4;2;1;
11580;202100007569;188 213;A01;1;34;0;2;1;2;1;
11581;202100007570;188 210;A01;1;7;0;2;2;2;1;
11582;202100007570;188 211;B01;0;32;0;2;8;3;1;
11583;202100007571;188 208;B01;1;37;0;2;2;2;1;4.0
11584;202100007571;188 209;A01;1;7;0;2;6;1;1;
11585;202100007572;188 207;A01;2;7;0;1;1;1;1;
11586;202100007573;188 205;A01;2;7;0;2;3;1;1;
11587;202100007573;188 206;B01;2;14;0;2;5;23;1;
11588;202100007574;188 203;B01;3;7;0;2;2;23;1;
11589;202100007574;188 204;A01;3;43;0;2;1;1;1;
11590;202100007575;188 202;A01;3;7;0;1;1;15;1;
11591;202100007576;188 200;B01;1;10;0;2;5;1;1;
11592;202100007576;188 201;A01;1;33;0;2;1;18;1;
11593;202100007577;188 199;A01;2;7;0;1;1;1;1;
11594;202100007578;188 197;A01;1;37;0;2;3;7;1;2.0
11595;202100007578;188 198;B01;2;7;0;2;5;16;1;
11596;202100007579;188 193;A01;3;33;0;2;4;2;1;
11597;202100007579;188 194;B01;3;2;0;2;1;2;1;
11598;202100007580;188 190;A01;1;7;0;2;1;2;1;
11599;202100007580;188 191;B01;3;7;0;2;4;2;1;
11600;202100007581;188 187;A01;1;7;0;2;1;2;1;
11601;202100007581;188 188;B01;1;7;0;2;4;2;1;
11602;202100007581;188 189;C01;1;7;0;5;4;2;1;
11603;202100007582;188 185;B01;0;30;0;2;1;1;1;
11604;202100007582;188 186;A01;1;7;0;2;6;1;1;
11605;202100007583;188 183;A01;0;7;0;2;1;1;1;
11606;202100007583;188 184;B01;0;7;0;2;4;1;1;
11607;202100007585;188 180;A01;3;7;0;2;5;14;1;
11608;202100007585;188 181;B01;3;1;0;2;1;1;5;
11609;202100007586;188 178;B01;2;7;0;2;1;2;1;
11610;202100007586;188 179;A01;2;7;0;2;4;23;1;
11611;202100007587;188 177;A01;3;50;0;1;1;1;3;
11612;202100007588;188 175;A01;0;32;0;0;2;15;1;
11613;202100007588;188 176;B01;2;7;0;0;1;1;1;
11614;202100007589;188 173;A01;1;7;0;2;1;16;1;
11615;202100007589;188 174;B01;2;50;0;2;1;1;3;
11616;202100007590;188 172;A01;1;30;0;0;7;1;1;
11617;202100007591;188 170;A01;2;7;0;2;8;15;1;
11618;202100007591;188 171;B01;2;33;0;2;7;17;1;
11619;202100007593;188 166;A01;1;2;0;2;1;1;1;
11620;202100007593;188 167;B01;2;7;0;2;1;15;2;
11621;202100007594;188 164;A01;1;7;0;2;4;15;1;
11622;202100007594;188 165;B01;2;7;0;2;3;0;1;
11623;202100007595;188 162;A01;1;7;0;2;1;2;1;
11624;202100007595;188 163;B01;1;7;0;2;4;2;1;
11625;202100007596;188 161;A01;1;7;0;1;1;16;1;
11626;202100007597;188 160;A01;2;2;1;0;1;14;1;
11627;202100007598;188 157;C01;2;7;0;2;4;1;1;
11628;202100007598;188 158;B01;2;7;0;2;4;1;1;
11629;202100007598;188 159;A01;2;7;0;2;3;1;1;
11630;202100007599;188 155;A01;1;7;0;2;1;13;1;
11631;202100007599;188 156;B01;2;7;0;2;1;1;1;
11632;202100007600;188 154;A01;3;7;0;1;1;1;1;
11633;202100007602;188 150;A01;3;3;1;9;3;16;1;
11634;202100007602;188 151;B01;3;50;0;2;0;0;3;
11635;202100007603;188 149;A01;3;7;0;1;2;1;0;
11636;202100007604;188 147;B01;3;30;0;2;3;0;1;
11637;202100007604;188 148;A01;3;7;0;2;2;9;1;
11638;202100007605;188 145;A01;2;7;0;2;3;5;1;
11639;202100007605;188 146;B01;1;7;0;2;3;1;1;
11640;202100007606;188 144;A01;1;7;1;0;9;1;1;
11641;202100007608;188 141;A01;0;30;0;2;1;2;1;
11642;202100007608;188 142;B01;0;7;0;2;4;15;1;
11643;202100007609;188 140;A01;3;7;0;1;8;1;1;
11644;202100007610;188 139;A01;3;7;0;1;1;1;1;
11645;202100007611;188 138;A01;0;38;0;1;7;16;1;1.0
11646;202100007612;188 136;B01;3;10;0;2;3;15;1;
11647;202100007612;188 137;A01;0;10;0;2;1;0;1;
11648;202100007613;188 135;A01;2;7;8;0;3;1;1;
11649;202100007614;188 134;A01;2;7;1;0;1;13;1;
11650;202100007615;188 133;A01;3;7;0;1;2;15;1;
11651;202100007616;188 132;A01;1;7;0;1;1;21;1;
11652;202100007617;188 128;A01;1;7;0;2;1;1;1;
11653;202100007617;188 129;B01;1;7;0;2;1;1;1;
11654;202100007617;188 130;C01;2;7;0;2;1;1;1;
11655;202100007617;188 131;D01;2;7;0;2;1;1;1;
11656;202100007618;188 126;A01;3;7;0;2;3;1;1;
11657;202100007618;188 127;B01;3;1;0;2;1;1;5;
11658;202100007619;188 125;A01;3;7;1;0;2;14;1;
11659;202100007620;188 123;Z01;1;7;0;2;2;26;1;
11660;202100007620;188 124;A01;1;1;0;2;8;26;5;
11661;202100007621;188 122;A01;2;7;0;1;2;1;1;
11662;202100007622;188 120;A01;2;7;0;2;8;15;1;
11663;202100007622;188 121;B01;2;2;0;2;1;1;1;
11664;202100007623;188 119;A01;1;7;0;1;2;1;1;
11665;202100007624;188 117;B01;1;31;0;2;8;1;1;
11666;202100007624;188 118;Z01;2;7;0;2;1;15;1;
11667;202100007625;188 115;A01;1;7;0;2;1;0;1;
11668;202100007625;188 116;B01;2;1;0;2;1;0;5;
11669;202100007626;188 113;B01;2;31;0;2;1;1;1;
11670;202100007626;188 114;A01;1;7;0;2;5;15;1;
11671;202100007627;188 111;B01;2;43;0;2;1;9;1;
11672;202100007627;188 112;A01;2;14;0;2;6;10;1;
11673;202100007628;188 109;A01;1;7;0;2;3;13;1;
11674;202100007628;188 110;B01;2;7;2;2;6;1;1;
11675;202100007629;188 108;A01;1;7;0;1;2;15;1;
11676;202100007630;188 105;A01;2;7;16;0;4;26;1;
11677;202100007631;188 104;A01;1;7;4;0;3;1;1;
11678;202100007632;188 102;A01;3;7;0;2;1;16;1;
11679;202100007632;188 103;B01;3;7;0;2;2;1;1;
11680;202100007634;188 100;A01;2;7;0;1;3;1;1;
11681;202100007635;188 098;B01;3;1;1;0;1;1;5;
11682;202100007635;188 099;A01;3;10;0;2;8;22;1;
11683;202100007636;188 097;A01;1;7;0;1;2;20;1;
11684;202100007637;188 095;B01;0;7;0;2;3;15;1;
11685;202100007637;188 096;A01;0;7;0;2;2;17;1;
11686;202100007638;188 093;B01;3;7;0;2;3;1;1;
11687;202100007638;188 094;A01;3;7;0;2;8;15;2;
11688;202100007639;188 091;A01;3;43;0;2;2;12;1;
11689;202100007639;188 092;B01;3;7;0;2;6;1;1;
11690;202100007640;188 090;A01;2;7;0;1;1;1;1;
11691;202100007641;188 087;A01;1;7;0;2;6;2;1;
11692;202100007641;188 088;B01;1;10;0;2;2;2;1;
11693;202100007641;188 089;C01;1;10;0;2;2;2;1;
11694;202100007642;188 086;A01;3;7;0;1;2;16;2;
11695;202100007645;188 082;A01;1;50;0;2;1;25;3;
11696;202100007645;188 083;B01;3;7;0;2;2;1;1;
11697;202100007646;188 081;A01;1;7;0;1;5;20;1;
11698;202100007647;188 080;A01;2;7;0;1;5;13;1;
11699;202100007648;188 078;B01;1;10;0;2;5;1;1;
11700;202100007648;188 079;A01;1;7;0;2;3;11;1;
11701;202100007650;188 074;A01;3;7;0;1;2;1;1;
11702;202100007651;188 072;A01;1;33;0;2;1;1;1;
11703;202100007651;188 073;B01;1;32;0;2;4;23;1;
11704;202100007652;188 070;A01;2;10;0;2;3;1;1;
11705;202100007652;188 071;B01;2;7;0;2;4;23;1;
11706;202100007653;188 069;A01;2;2;0;0;0;21;3;
11707;202100007654;188 068;A01;2;80;0;1;0;1;3;
11708;202100007655;188 066;A01;2;10;0;2;3;2;1;
11709;202100007655;188 067;B01;2;33;0;2;4;2;1;
11710;202100007657;188 063;A01;2;1;0;2;7;21;5;
11711;202100007658;188 061;B01;1;7;0;2;6;15;3;
11712;202100007658;188 062;A01;1;30;0;2;2;5;1;
11713;202100007659;188 059;A01;3;7;0;2;3;15;1;
11714;202100007659;188 060;B01;3;33;0;2;0;17;1;
11715;202100007661;188 056;A01;2;7;1;1;2;1;2;
11716;202100007662;188 054;A01;3;7;0;2;8;10;2;
11717;202100007662;188 055;B01;3;32;0;2;1;17;1;
11718;202100007663;188 053;A01;3;7;0;1;2;1;1;
11719;202100007664;188 051;A01;2;7;0;2;3;15;1;
11720;202100007664;188 052;B01;2;43;0;2;2;17;1;
11721;202100007665;188 049;B01;1;34;0;2;1;17;1;
11722;202100007665;188 050;A01;2;1;0;2;1;5;5;
11723;202100007666;188 046;A01;2;10;0;2;1;1;1;
11724;202100007666;188 047;B01;2;7;0;2;4;1;1;
11725;202100007666;188 048;C01;2;33;0;2;4;23;1;
11726;202100007667;188 045;A01;1;32;0;0;8;1;1;
11727;202100007668;188 044;A01;1;30;0;0;8;16;1;
11728;202100007669;188 040;B01;1;30;0;2;2;11;1;
11729;202100007669;188 041;A01;2;7;0;2;2;11;1;
11730;202100007670;188 038;B01;1;7;0;2;0;0;1;
11731;202100007670;188 039;A01;1;50;0;2;7;0;3;
11732;202100007671;188 036;B01;0;33;0;2;2;3;1;
11733;202100007671;188 037;A01;0;7;0;2;3;15;1;
11734;202100007672;188 035;A01;2;7;0;1;1;15;1;
11735;202100007673;188 034;A01;1;33;0;1;2;19;1;
11736;202100007674;188 032;B01;1;7;0;2;4;2;1;
11737;202100007674;188 033;A01;1;7;0;2;1;1;1;
11738;202100007675;188 031;A01;3;14;0;1;0;15;0;
11739;202100007676;188 030;A01;-1;7;0;1;3;23;1;
11740;202100007678;188 026;A01;0;7;0;2;2;15;1;
11741;202100007678;188 027;B01;1;1;0;2;7;1;5;
11742;202100007679;188 024;B01;2;7;0;2;1;2;1;
11743;202100007679;188 025;A01;2;7;0;2;4;2;1;
11744;202100007680;188 022;B01;1;7;0;2;8;1;1;
11745;202100007680;188 023;A01;2;7;0;2;1;1;1;
11746;202100007681;188 021;A01;1;7;0;1;2;21;2;
11747;202100007682;188 019;B01;1;7;0;2;2;16;1;
11748;202100007682;188 020;A01;1;2;0;2;3;18;1;
11749;202100007683;188 018;A01;1;7;6;0;1;1;1;
11750;202100007684;188 017;A01;2;32;0;1;7;21;1;
11751;202100007685;188 015;A01;2;33;0;2;3;21;1;
11752;202100007685;188 016;B01;2;7;0;2;5;1;1;
11753;202100007686;188 014;A01;2;7;0;1;3;15;1;
11754;202100007687;188 012;A01;1;7;0;2;8;20;1;
11755;202100007687;188 013;B01;1;32;0;2;1;1;1;
11756;202100007688;188 010;A01;1;10;0;2;3;24;1;
11757;202100007688;188 011;B01;1;1;1;0;1;1;5;
11758;202100007689;188 009;A01;2;43;14;0;1;1;1;
11759;202100007691;188 007;A01;1;7;0;1;1;1;1;
11760;202100007692;188 005;A01;1;10;0;2;8;13;1;
11761;202100007692;188 006;B01;1;33;0;2;7;11;1;
11762;202100007693;188 001;B01;1;7;0;2;4;23;1;
11763;202100007693;188 002;A01;1;10;0;2;1;1;1;
11764;202100007693;188 003;C01;1;7;0;2;4;23;1;
11765;202100007693;188 004;D01;1;7;0;2;4;23;1;
11766;202100007694;188 000;A01;1;7;0;1;1;1;1;
11767;202100007695;187 999;A01;1;10;0;0;9;14;1;
11768;202100007696;187 997;B01;2;7;0;2;2;1;1;
11769;202100007696;187 998;A01;2;30;3;2;3;19;1;
11770;202100007697;187 995;B01;2;15;0;0;6;24;1;
11771;202100007697;187 996;A01;2;7;1;0;2;1;1;
11772;202100007698;187 994;A01;2;7;10;0;3;1;6;
11773;202100007699;187 992;A01;2;10;0;2;2;19;1;
11774;202100007699;187 993;B01;2;7;9;2;2;1;1;
11775;202100007700;187 990;B01;3;7;0;2;0;9;1;
11776;202100007700;187 991;A01;3;2;0;2;0;1;1;
11777;202100007701;187 988;A01;1;2;0;0;8;1;1;
11778;202100007701;187 989;B01;1;10;0;0;0;15;1;
11779;202100007702;187 986;B01;2;2;0;2;1;1;1;
11780;202100007702;187 987;A01;1;7;0;2;2;15;1;
11781;202100007703;187 984;B01;2;7;0;0;3;1;1;
11782;202100007703;187 985;A01;1;13;0;0;1;15;1;
11783;202100007704;187 983;A01;3;7;0;1;1;1;1;
11784;202100007705;187 981;B01;2;7;0;2;3;1;1;
11785;202100007705;187 982;A01;1;7;0;2;3;13;1;
11786;202100007706;187 980;A01;2;2;14;0;0;1;1;
11787;202100007707;187 979;A01;1;7;8;6;1;21;1;
11788;202100007708;187 978;A01;2;7;2;0;1;14;1;
11789;202100007709;187 977;A01;1;2;0;0;0;1;1;
11790;202100007710;187 975;B01;1;7;0;2;3;1;1;
11791;202100007710;187 976;A01;2;7;0;2;3;1;1;
11792;202100007711;187 974;A01;2;7;6;1;3;4;2;
11793;202100007712;187 972;B01;1;10;0;2;3;2;1;
11794;202100007712;187 973;A01;1;10;0;0;6;15;1;
11795;202100007713;187 971;A01;1;7;13;0;9;1;1;
11796;202100007714;187 970;A01;2;1;0;0;0;1;5;