;Num_Acc;id_vehicule;num_veh;senc;catv;obs;obsm;choc;manv;motor;occutc
11797;202100007715;187 968;A01;2;7;0;2;2;17;1;
11798;202100007715;187 969;B01;2;7;3;2;3;1;1;
11799;202100007716;187 967;A01;1;7;7;0;3;6;1;
11800;202100007717;187 965;A01;1;32;0;2;1;17;1;
11801;202100007717;187 966;B01;1;7;0;2;6;15;1;
11802;202100007718;187 963;B01;1;32;0;2;2;1;1;
11803;202100007718;187 964;A01;1;10;0;2;3;15;1;
11804;202100007719;187 961;B01;2;30;0;2;1;1;1;
11805;202100007719;187 962;A01;2;7;0;0;2;15;1;
11806;202100007720;187 959;B01;3;13;0;2;3;1;1;
11807;202100007720;187 960;A01;3;7;0;2;1;13;1;
11808;202100007722;187 957;A01;3;7;6;0;3;1;1;
11809;202100007723;187 955;B01;2;14;0;2;3;0;1;
11810;202100007723;187 956;A01;1;10;3;2;3;13;1;
11811;202100007724;187 954;A01;2;14;0;0;8;16;1;
11812;202100007725;187 950;A01;2;7;0;2;3;15;1;
11813;202100007725;187 951;D01;2;7;0;2;1;1;1;
11814;202100007725;187 952;C01;2;7;0;2;1;1;1;
11815;202100007725;187 953;B01;1;7;0;2;8;1;1;
11816;202100007726;187 949;A01;1;7;0;1;1;1;1;
11817;202100007727;187 946;A01;2;7;0;0;1;17;1;
11818;202100007727;187 947;B01;1;7;0;0;1;1;1;
11819;202100007727;187 948;C01;2;17;0;2;6;1;1;
11820;202100007728;187 944;A01;1;13;0;-1;5;17;6;
11821;202100007728;187 945;B01;1;1;0;2;1;11;5;
11822;202100007729;187 942;A01;2;7;0;2;6;15;1;
11823;202100007729;187 943;B01;2;33;0;2;1;17;1;
11824;202100007730;187 940;B01;1;7;0;2;3;15;1;
11825;202100007730;187 941;A01;1;2;0;2;5;17;1;
11826;202100007731;187 938;B01;2;7;3;0;4;1;1;
11827;202100007731;187 939;A01;2;7;0;2;2;18;1;
11828;202100007732;187 936;A01;2;7;0;2;3;13;1;
11829;202100007732;187 937;B01;1;7;0;2;3;1;1;
11830;202100007733;187 935;A01;0;33;0;6;2;0;1;
11831;202100007734;187 933;A01;1;7;15;0;5;2;1;
11832;202100007735;187 931;B01;0;37;0;2;3;0;1;2.0
11833;202100007735;187 932;A01;2;7;0;2;4;0;1;
11834;202100007736;187 929;A01;1;17;0;2;2;12;1;
11835;202100007736;187 930;B01;1;7;4;2;6;1;1;
11836;202100007737;187 927;A01;1;7;0;2;1;2;1;
11837;202100007737;187 928;B01;1;7;0;2;4;2;1;
11838;202100007738;187 925;A01;1;7;0;2;6;11;1;
11839;202100007738;187 926;B01;2;33;0;2;2;3;1;
11840;202100007739;187 924;A01;1;10;4;2;1;1;1;
11841;202100007740;187 921;C01;2;7;0;2;1;1;1;
11842;202100007740;187 922;A01;2;13;0;2;2;2;1;
11843;202100007740;187 923;B01;2;7;0;2;6;2;1;
11844;202100007741;187 919;B01;1;7;0;2;8;1;1;
11845;202100007741;187 920;A01;1;13;0;2;2;14;1;
11846;202100007742;187 918;A01;3;7;14;1;2;15;0;
11847;202100007743;187 916;A01;1;7;0;2;1;7;1;
11848;202100007743;187 917;B01;2;50;0;2;4;1;3;
11849;202100007744;187 915;A01;1;2;0;1;2;1;1;
11850;202100007745;187 909;A01;2;7;9;1;1;14;1;
11851;202100007746;187 908;A01;3;31;0;1;1;15;1;
11852;202100007747;187 906;B01;1;30;0;2;1;2;1;
11853;202100007747;187 907;A01;1;7;0;2;4;21;1;
11854;202100007748;187 904;B01;2;1;0;2;6;1;5;
11855;202100007748;187 905;A01;1;7;0;2;1;15;1;
11856;202100007749;187 902;A01;3;7;0;2;2;26;1;
11857;202100007749;187 903;B01;3;7;0;2;6;26;1;
11858;202100007750;187 900;B01;2;2;0;2;1;1;1;
11859;202100007750;187 901;A01;1;7;0;2;8;15;1;
11860;202100007752;187 897;B01;1;99;0;2;7;26;3;
11861;202100007752;187 898;A01;2;7;0;2;7;16;1;
11862;202100007753;187 896;A01;3;7;0;1;0;1;1;
11863;202100007754;187 895;A01;2;7;0;1;1;15;3;
11864;202100007755;187 894;A01;1;30;0;2;0;21;0;
11865;202100007756;187 893;A01;1;7;0;9;1;16;1;
11866;202100007757;187 892;A01;2;7;1;2;3;26;1;
11867;202100007758;187 890;A01;2;30;1;0;1;25;1;
11868;202100007758;187 891;B01;2;7;0;2;3;22;1;
11869;202100007760;187 888;A01;1;7;2;0;1;2;1;
11870;202100007761;187 886;A01;1;7;0;2;2;9;1;
11871;202100007761;187 887;B01;2;2;0;2;7;17;1;
11872;202100007762;187 885;A01;1;7;0;1;1;1;1;
11873;202100007763;187 883;B01;3;50;0;2;0;19;3;
11874;202100007763;187 884;A01;3;7;0;2;0;1;1;
11875;202100007764;187 881;A01;1;10;0;2;1;2;1;
11876;202100007764;187 882;B01;1;7;0;2;4;2;1;
11877;202100007765;187 879;A01;2;7;0;2;2;15;1;
11878;202100007765;187 880;B01;1;2;0;2;1;1;1;
11879;202100007766;187 876;A01;1;7;0;2;1;2;1;
11880;202100007766;187 877;B01;1;7;0;2;4;2;1;
11881;202100007766;187 878;C01;1;7;0;2;4;0;1;
11882;202100007767;187 873;A01;1;10;0;1;1;1;1;
11883;202100007768;187 867;A01;1;7;0;2;3;15;1;
11884;202100007768;187 868;B01;2;31;0;2;1;1;1;
11885;202100007769;187 865;A01;2;1;0;2;2;15;5;
11886;202100007769;187 866;B01;2;7;0;2;3;9;1;
11887;202100007770;187 863;B01;1;33;0;2;2;2;1;
11888;202100007770;187 864;A01;1;7;0;2;1;9;1;
11889;202100007771;187 861;B01;2;50;0;0;5;19;3;
11890;202100007771;187 862;A01;2;33;0;9;1;1;1;
11891;202100007772;187 858;B01;0;7;0;2;4;1;1;
11892;202100007772;187 859;A01;0;7;0;2;1;0;1;
11893;202100007772;187 860;C01;0;7;0;2;4;1;1;
11894;202100007773;187 856;A01;0;7;0;2;3;9;1;
11895;202100007773;187 857;B01;0;33;0;2;7;9;1;
11896;202100007774;187 854;A01;2;7;0;2;3;13;1;
11897;202100007774;187 855;B01;1;7;0;2;3;1;1;
11898;202100007776;187 851;B01;1;1;0;2;0;5;-1;
11899;202100007776;187 852;A01;3;7;0;2;1;9;1;
11900;202100007777;187 850;A01;3;7;0;1;3;0;0;
11901;202100007778;187 848;B01;1;7;0;2;3;0;1;
11902;202100007778;187 849;A01;2;2;0;2;6;15;1;
11903;202100007779;187 845;A01;2;1;0;2;5;15;5;
11904;202100007779;187 846;B01;2;7;0;2;2;1;1;
11905;202100007780;187 843;A01;0;7;0;2;1;1;1;
11906;202100007780;187 844;B01;0;7;0;2;1;1;1;
11907;202100007781;187 842;A01;2;7;0;1;1;15;2;
11908;202100007783;187 838;B01;1;7;0;0;0;0;1;
11909;202100007783;187 839;A01;1;33;0;0;0;12;1;
11910;202100007784;187 836;A01;2;7;0;9;1;26;1;
11911;202100007784;187 837;B01;1;50;0;2;7;26;3;
11912;202100007785;187 833;B01;1;7;0;2;4;2;1;
11913;202100007785;187 834;A01;1;7;0;2;1;2;2;
11914;202100007785;187 835;C01;1;7;0;2;4;2;1;
11915;202100007786;187 831;B01;2;7;0;2;0;0;1;
11916;202100007786;187 832;A01;1;30;0;2;1;1;1;
11917;202100007787;187 830;A01;1;7;1;0;1;14;1;
11918;202100007788;187 829;A01;1;2;0;1;1;25;1;
11919;202100007789;187 827;B01;2;7;0;2;1;1;1;
11920;202100007789;187 828;A01;1;50;0;2;2;19;3;
11921;202100007790;187 826;A01;1;7;2;0;3;1;1;
11922;202100007791;187 824;B01;0;7;0;2;8;0;1;
11923;202100007791;187 825;A01;0;30;0;2;1;17;1;
11924;202100007792;187 822;B01;2;7;0;2;4;1;1;
11925;202100007792;187 823;A01;2;30;0;2;1;1;1;
11926;202100007793;187 820;B01;1;80;0;2;8;6;3;
11927;202100007793;187 821;A01;1;7;0;9;8;12;1;
11928;202100007794;187 819;A01;2;50;0;1;1;1;3;
11929;202100007795;187 818;A01;2;7;0;1;3;1;1;
11930;202100007796;187 817;A01;1;7;0;1;1;15;1;
11931;202100007798;187 808;B01;2;7;0;2;4;1;1;
11932;202100007798;187 809;A01;2;7;0;2;1;2;1;
11933;202100007799;187 806;A01;1;7;0;2;1;9;1;
11934;202100007799;187 807;B01;1;1;0;2;7;1;5;
11935;202100007800;187 804;A01;1;7;0;2;2;1;1;
11936;202100007800;187 805;B01;2;50;0;2;1;5;3;
11937;202100007801;187 803;A01;3;1;0;0;0;0;5;
11938;202100007802;187 801;B01;1;7;0;2;8;1;2;
11939;202100007802;187 802;A01;1;7;0;2;3;1;1;
11940;202100007804;187 797;A01;1;7;0;2;8;1;1;
11941;202100007804;187 798;B01;1;7;0;2;2;1;1;
11942;202100007805;187 795;A01;1;10;0;2;3;15;1;
11943;202100007805;187 796;B01;1;7;0;2;2;1;1;
11944;202100007806;187 793;B01;2;7;0;2;3;1;1;
11945;202100007806;187 794;A01;1;7;0;2;1;1;1;
11946;202100007807;187 792;A01;1;7;0;1;2;1;1;
11947;202100007808;187 790;A01;2;7;0;2;7;14;1;
11948;202100007808;187 791;B01;2;33;0;2;8;1;1;
11949;202100007809;187 788;B01;1;2;0;2;1;1;1;
11950;202100007809;187 789;A01;1;7;0;2;2;10;1;
11951;202100007810;187 786;A01;1;7;0;2;1;1;1;
11952;202100007810;187 787;B01;2;7;0;2;1;1;1;
11953;202100007811;187 785;A01;1;7;0;1;0;26;1;
11954;202100007812;187 782;C01;1;7;0;2;1;1;1;
11955;202100007812;187 783;B01;1;7;0;2;1;11;1;
11956;202100007812;187 784;A01;1;7;0;2;4;13;1;
11957;202100007813;187 781;A01;1;7;0;1;2;1;1;
11958;202100007814;187 779;A01;0;7;0;9;2;22;1;
11959;202100007814;187 780;B01;0;1;0;9;1;0;5;
11960;202100007815;187 777;A01;0;7;0;2;3;15;1;
11961;202100007815;187 778;B01;2;1;0;2;8;1;0;
11962;202100007817;187 773;A01;2;7;0;1;2;19;1;
11963;202100007819;187 769;A01;3;7;0;2;3;20;1;
11964;202100007819;187 770;B01;1;7;0;2;2;1;1;
11965;202100007820;187 767;B01;3;7;0;2;6;9;1;
11966;202100007820;187 768;A01;1;7;0;2;1;1;1;
11967;202100007821;187 766;A01;3;7;6;0;1;16;1;
11968;202100007822;187 764;A01;1;10;0;2;1;1;1;
11969;202100007822;187 765;B01;1;7;0;2;4;1;1;
11970;202100007823;187 762;A01;0;7;0;0;0;0;1;
11971;202100007823;187 763;B01;0;2;0;0;0;0;0;
11972;202100007824;187 760;B01;0;7;0;2;8;1;1;
11973;202100007824;187 761;A01;0;7;0;2;1;9;1;
11974;202100007825;187 758;B01;0;7;0;2;4;1;1;
11975;202100007825;187 759;A01;0;7;0;2;1;1;1;
11976;202100007826;187 754;D01;0;7;0;2;4;1;1;
11977;202100007826;187 755;C01;0;7;0;2;1;1;1;
11978;202100007826;187 756;B01;0;10;0;2;1;1;1;
11979;202100007826;187 757;A01;0;7;0;2;1;1;1;
11980;202100007827;187 750;A01;1;7;0;2;1;2;1;
11981;202100007827;187 751;B01;1;7;0;2;4;2;1;
11982;202100007828;187 746;B01;2;7;1;2;3;1;1;
11983;202100007828;187 747;A01;1;7;0;2;3;13;1;
11984;202100007829;187 744;A01;1;7;0;2;2;1;1;
11985;202100007829;187 745;Z01;2;7;0;2;0;15;1;
11986;202100007830;187 742;B01;2;7;0;2;8;24;1;
11987;202100007830;187 743;A01;2;7;1;0;7;14;2;
11988;202100007831;187 740;A01;1;7;0;2;3;15;1;
11989;202100007831;187 741;B01;2;33;0;2;1;1;1;
11990;202100007832;187 738;B01;3;7;12;2;2;1;1;
11991;202100007832;187 739;A01;3;7;0;2;3;19;1;
11992;202100007833;187 736;A01;2;7;0;2;7;15;1;
11993;202100007833;187 737;B01;1;33;0;2;1;14;1;
11994;202100007834;187 735;A01;1;7;0;1;1;1;1;
11995;202100007835;187 733;A01;1;7;6;2;3;13;1;
11996;202100007835;187 734;B01;2;7;0;2;8;1;1;
11997;202100007836;187 731;A01;1;7;6;2;2;17;1;
11998;202100007836;187 732;B01;1;7;0;2;6;17;1;
11999;202100007838;187 727;B01;1;7;0;2;4;23;1;
12000;202100007838;187 728;A01;1;7;0;2;1;1;1;
12001;202100007839;187 725;B01;1;1;0;2;0;0;0;
12002;202100007839;187 726;A01;1;7;0;9;0;0;1;
12003;202100007840;187 723;A01;1;7;0;2;3;15;1;
12004;202100007840;187 724;B01;1;1;0;2;1;1;0;
12005;202100007841;187 721;A01;2;30;0;2;2;16;1;
12006;202100007841;187 722;B01;2;7;0;2;8;1;1;
12007;202100007842;187 720;A01;3;7;2;0;1;0;1;
12008;202100007846;187 711;C01;1;7;0;2;0;2;1;
12009;202100007846;187 712;B01;1;10;0;2;0;2;1;
12010;202100007846;187 713;A01;1;33;0;2;8;3;1;
12011;202100007847;187 710;Z01;3;10;0;1;1;16;0;
12012;202100007848;187 708;B01;1;7;0;2;3;15;2;
12013;202100007848;187 709;A01;1;50;0;2;3;1;3;
12014;202100007849;187 706;A01;2;43;0;2;2;17;1;
12015;202100007849;187 707;B01;2;7;0;2;3;15;1;
12016;202100007850;187 704;B01;1;30;0;2;8;1;1;
12017;202100007850;187 705;A01;1;50;0;2;7;12;3;
12018;202100007851;187 702;A01;1;7;0;2;2;16;1;
12019;202100007851;187 703;B01;1;60;0;2;1;19;5;
12020;202100007852;187 700;A01;1;7;0;2;8;1;1;
12021;202100007852;187 701;Z01;1;7;0;2;7;12;1;
12022;202100007853;187 699;A01;2;31;0;1;1;1;1;
12023;202100007855;187 696;A01;1;30;0;1;2;1;1;
12024;202100007856;187 694;A01;2;32;0;2;1;2;1;
12025;202100007856;187 695;B01;2;32;0;2;4;2;1;
12026;202100007857;187 692;A01;1;7;0;2;2;15;1;
12027;202100007857;187 693;B01;2;33;0;2;1;1;1;
12028;202100007858;187 691;A01;1;7;11;0;3;13;1;
12029;202100007859;187 690;A01;2;7;0;1;3;1;1;
12030;202100007860;187 688;A01;1;30;0;2;1;2;1;
12031;202100007860;187 689;B01;1;7;0;2;5;2;1;
12032;202100007861;187 686;A01;3;7;8;2;3;1;1;
12033;202100007861;187 687;B01;3;7;0;2;8;24;1;
12034;202100007862;187 685;A01;1;10;0;1;4;20;3;
12035;202100007863;187 683;B01;1;7;0;2;1;2;1;
12036;202100007863;187 684;A01;1;7;0;2;4;1;2;
12037;202100007864;187 682;A01;1;7;0;1;1;15;0;
12038;202100007865;187 680;B01;1;7;0;2;5;0;1;
12039;202100007865;187 681;A01;2;31;0;2;1;18;3;
12040;202100007867;187 678;A01;-1;7;9;0;1;26;1;
12041;202100007869;187 674;A01;2;7;0;2;0;0;0;
12042;202100007869;187 675;B01;1;2;0;2;0;0;0;
12043;202100007870;187 673;A01;0;30;0;1;0;1;1;
12044;202100007871;187 671;A01;1;7;0;2;3;9;1;
12045;202100007871;187 672;B01;2;15;0;2;2;2;1;
12046;202100007873;187 667;A01;1;10;0;2;3;1;1;
12047;202100007873;187 668;B01;0;7;0;2;1;9;1;
12048;202100007875;187 665;A01;1;34;2;0;0;0;1;
12049;202100007876;187 663;A01;2;7;0;2;2;15;1;
12050;202100007876;187 664;B01;1;43;0;2;1;1;1;
12051;202100007877;187 661;A01;1;7;0;2;4;1;1;
12052;202100007877;187 662;B01;1;37;0;2;4;2;2;1.0
12053;202100007879;187 658;B01;2;7;0;2;8;1;1;
12054;202100007879;187 659;A01;1;7;0;2;1;15;1;
12055;202100007880;187 655;C01;2;7;0;0;8;1;1;
12056;202100007880;187 656;B01;2;7;0;0;1;1;1;
12057;202100007880;187 657;A01;1;7;0;0;1;13;1;
12058;202100007881;187 654;A01;2;43;8;0;1;14;1;
12059;202100007882;187 652;B01;2;7;0;2;5;2;1;
12060;202100007882;187 653;A01;2;7;0;2;6;1;1;
12061;202100007883;187 649;C01;2;10;0;2;1;1;1;
12062;202100007883;187 650;A01;1;7;8;2;2;19;1;
12063;202100007883;187 651;B01;2;7;0;2;3;23;1;
12064;202100007884;187 647;B01;2;7;0;2;1;0;1;
12065;202100007884;187 648;A01;1;7;0;2;2;13;1;
12066;202100007885;187 645;B01;2;1;0;2;7;0;5;
12067;202100007885;187 646;A01;1;7;0;0;2;19;1;
12068;202100007886;187 643;B01;3;7;0;2;1;26;1;
12069;202100007886;187 644;A01;3;2;0;2;3;1;1;
12070;202100007888;187 640;A01;1;16;13;0;1;14;1;
12071;202100007889;187 638;A01;1;7;0;2;1;1;1;
12072;202100007889;187 639;B01;2;3;0;2;1;1;1;
12073;202100007890;187 636;A01;2;13;0;2;2;9;1;
12074;202100007890;187 637;B01;2;7;0;2;5;15;1;
12075;202100007891;187 635;A01;1;7;2;6;9;1;1;
12076;202100007892;187 634;A01;1;3;2;0;1;0;0;
12077;202100007893;187 631;B01;1;7;0;2;0;2;0;
12078;202100007893;187 632;A01;1;7;2;0;3;17;1;
12079;202100007894;187 627;B01;1;33;0;2;1;1;1;
12080;202100007894;187 628;A01;2;7;0;2;2;15;1;
12081;202100007895;187 624;C01;1;13;0;2;6;1;1;
12082;202100007895;187 625;B01;2;13;0;2;1;1;1;
12083;202100007895;187 626;A01;1;7;0;2;1;17;1;
12084;202100007896;187 622;A01;2;7;0;2;1;1;1;
12085;202100007896;187 623;B01;3;7;13;0;8;19;1;
12086;202100007897;187 621;A01;1;31;1;0;1;0;1;
12087;202100007898;187 620;A01;2;7;13;0;1;14;1;
12088;202100007900;187 618;A01;3;7;8;0;8;1;1;
12089;202100007901;187 616;A01;1;7;0;0;3;0;1;
12090;202100007901;187 617;B01;2;7;0;2;3;0;1;
12091;202100007902;187 615;A01;3;7;0;1;2;1;1;
12092;202100007903;187 613;B01;2;7;0;2;1;0;1;
12093;202100007903;187 614;A01;1;7;0;2;1;5;1;
12094;202100007904;187 611;A01;2;7;0;2;5;15;1;
12095;202100007904;187 612;B01;1;33;0;2;1;1;1;
12096;202100007905;187 608;A01;1;10;0;2;3;2;1;
12097;202100007905;187 609;B01;1;7;0;2;4;23;1;
12098;202100007905;187 610;C01;2;7;0;2;8;1;1;
12099;202100007906;187 606;B01;1;14;0;0;4;9;6;
12100;202100007906;187 607;A01;1;7;0;2;1;13;1;
12101;202100007907;187 605;A01;1;10;8;0;1;1;1;
12102;202100007908;187 603;B01;3;34;0;0;1;1;1;
12103;202100007908;187 604;A01;3;7;0;0;3;15;1;
12104;202100007909;187 602;A01;2;36;15;0;3;1;1;
12105;202100007910;187 600;B01;1;15;0;2;1;2;1;
12106;202100007910;187 601;A01;1;7;0;2;4;0;1;
12107;202100007911;187 599;A01;2;10;0;1;8;1;1;
12108;202100007912;187 597;A01;1;7;0;2;3;17;1;
12109;202100007912;187 598;B01;2;33;0;2;1;1;1;
12110;202100007913;187 596;A01;1;7;0;1;2;17;1;
12111;202100007914;187 594;B01;2;7;0;2;3;9;1;
12112;202100007914;187 595;A01;1;33;0;2;1;1;1;
12113;202100007916;187 591;A01;2;7;2;0;2;1;1;
12114;202100007917;187 590;A01;3;33;9;0;0;17;1;
12115;202100007918;187 589;A01;2;7;16;0;0;1;1;
12116;202100007919;187 587;A01;1;7;0;2;6;16;1;
12117;202100007919;187 588;B01;1;7;0;2;2;1;1;
12118;202100007920;187 585;A01;2;7;0;2;8;15;1;
12119;202100007920;187 586;B01;2;33;0;2;1;17;1;
12120;202100007921;187 584;A01;1;7;0;1;1;1;1;
12121;202100007922;187 582;A01;2;10;0;2;2;15;1;
12122;202100007922;187 583;B01;1;33;0;2;7;1;1;
12123;202100007923;187 581;A01;0;7;0;1;2;1;1;
12124;202100007925;187 574;B01;2;1;0;2;1;1;5;
12125;202100007925;187 575;E01;2;1;0;2;1;1;5;
12126;202100007925;187 576;D01;2;1;0;2;1;1;5;
12127;202100007925;187 577;C01;2;1;0;2;1;1;5;
12128;202100007925;187 578;A01;1;7;0;2;2;15;1;
12129;202100007926;187 572;A01;3;7;0;0;2;17;2;
12130;202100007926;187 573;B01;3;30;0;0;8;13;1;
12131;202100007927;187 570;B01;3;7;0;2;6;15;1;
12132;202100007927;187 571;A01;3;7;0;2;3;1;1;
12133;202100007928;187 569;A01;3;7;0;0;1;1;1;
12134;202100007931;187 563;B01;1;7;0;2;1;2;1;
12135;202100007931;187 564;A01;1;10;0;2;4;2;1;
12136;202100007932;187 562;A01;1;7;4;0;1;16;1;
12137;202100007933;187 561;A01;1;7;4;0;9;13;1;
12138;202100007934;187 559;B01;1;7;0;2;4;1;1;
12139;202100007934;187 560;A01;1;7;0;2;1;2;1;
12140;202100007935;187 557;B01;1;7;0;2;4;1;1;
12141;202100007935;187 558;Z01;1;7;0;2;1;2;1;
12142;202100007937;187 553;B01;2;33;0;2;1;2;1;
12143;202100007937;187 554;A01;2;10;0;2;3;2;1;
12144;202100007938;187 551;B01;1;7;0;2;6;1;1;
12145;202100007938;187 552;A01;1;14;0;2;2;12;1;
12146;202100007939;187 550;A01;2;10;3;0;1;2;1;
12147;202100007940;187 548;B01;1;7;0;2;8;1;1;
12148;202100007940;187 549;A01;1;15;0;2;2;12;1;
12149;202100007941;187 546;A01;2;7;0;2;3;2;1;
12150;202100007941;187 547;B01;2;31;0;2;5;9;1;
12151;202100007942;187 543;A01;2;17;0;2;3;13;1;
12152;202100007942;187 544;B01;2;33;0;2;7;0;1;
12153;202100007942;187 545;C01;2;33;0;2;7;0;1;
12154;202100007943;187 541;B01;2;33;0;2;8;11;1;
12155;202100007943;187 542;A01;2;7;0;2;5;1;1;
12156;202100007945;187 538;A01;2;33;0;0;8;15;1;
12157;202100007946;187 531;G01;1;7;0;2;1;1;2;
12158;202100007946;187 532;F01;1;7;0;2;4;1;1;
12159;202100007946;187 533;E01;1;7;0;2;0;0;1;
12160;202100007946;187 534;D01;1;7;0;2;4;1;1;
12161;202100007946;187 535;C01;1;7;0;2;1;2;1;
12162;202100007946;187 536;B01;1;7;0;2;4;23;1;
12163;202100007946;187 537;A01;1;10;0;2;1;9;1;
12164;202100007947;187 528;A01;1;33;0;2;3;3;1;
12165;202100007947;187 529;B01;1;7;0;2;2;12;1;
12166;202100007947;187 530;C01;1;7;0;2;8;1;1;
12167;202100007948;187 525;C01;1;7;0;2;4;2;1;
12168;202100007948;187 526;B01;1;10;0;2;4;2;1;
12169;202100007948;187 527;A01;1;14;0;2;1;2;1;
12170;202100007949;187 523;A01;1;34;0;2;4;2;1;
12171;202100007949;187 524;B01;1;34;0;0;1;2;1;
12172;202100007950;187 521;B01;1;33;0;2;1;3;1;
12173;202100007950;187 522;A01;1;7;0;2;8;13;1;
12174;202100007951;187 518;A01;2;7;0;2;4;23;1;
12175;202100007951;187 519;C01;2;7;0;2;1;2;0;
12176;202100007951;187 520;B01;2;7;0;2;4;23;1;
12177;202100007952;187 516;A01;2;7;0;2;6;11;1;
12178;202100007952;187 517;B01;2;15;0;2;2;1;1;
12179;202100007953;187 514;A01;1;7;0;2;4;1;1;
12180;202100007953;187 515;B01;1;7;0;2;2;14;1;
12181;202100007954;187 512;B01;2;33;0;2;7;3;1;
12182;202100007954;187 513;A01;2;7;0;2;8;11;1;
12183;202100007955;187 510;B01;1;31;0;2;1;3;1;
12184;202100007955;187 511;A01;1;7;0;2;6;11;1;
12185;202100007956;187 509;A01;2;7;0;0;0;21;1;
12186;202100007957;187 508;A01;3;7;0;1;8;1;1;
12187;202100007958;187 506;A01;3;13;0;2;2;1;1;
12188;202100007958;187 507;B01;3;7;0;2;4;1;1;
12189;202100007959;187 503;A01;3;7;0;2;1;26;1;
12190;202100007959;187 504;B01;3;7;0;2;4;0;1;
12191;202100007959;187 505;C01;3;7;0;2;4;0;1;
12192;202100007960;187 502;A01;1;7;0;1;1;1;1;
12193;202100007961;187 500;A01;2;7;0;2;2;15;1;
12194;202100007961;187 501;B01;1;1;0;2;1;1;5;
12195;202100007963;187 494;A01;3;1;0;2;1;1;5;
12196;202100007963;187 495;B01;3;7;0;2;0;1;1;
12197;202100007964;187 493;B01;2;33;0;4;1;1;1;
12198;202100007965;187 491;A01;1;7;0;9;5;14;1;
12199;202100007965;187 492;B01;1;1;0;2;8;1;0;
12200;202100007966;187 489;B01;2;2;0;2;1;1;1;
12201;202100007966;187 490;A01;1;7;0;2;3;9;1;
12202;202100007967;187 488;A01;2;50;0;1;1;1;3;
12203;202100007968;187 487;A01;0;1;0;9;1;0;5;
12204;202100007970;187 485;A01;2;7;8;0;1;21;1;
12205;202100007971;187 483;A01;2;30;0;2;1;0;1;
12206;202100007971;187 484;B01;3;7;0;2;1;15;1;
12207;202100007972;187 482;A01;3;7;9;1;2;15;1;
12208;202100007973;187 480;A01;2;7;0;2;3;1;1;
12209;202100007973;187 481;B01;1;37;0;2;2;1;1;3.0
12210;202100007974;187 478;B01;1;33;0;2;1;17;1;
12211;202100007974;187 479;A01;2;7;0;2;8;15;1;
12212;202100007975;187 476;B01;2;7;0;2;3;1;1;
12213;202100007975;187 477;A01;1;33;0;2;1;19;1;
12214;202100007976;187 474;B01;1;7;0;2;1;1;1;
12215;202100007976;187 475;A01;1;7;0;2;1;15;1;
12216;202100007977;187 473;A01;3;7;14;1;1;1;1;
12217;202100007978;187 472;A01;3;7;11;0;9;21;1;
12218;202100007979;187 470;A01;3;7;0;2;2;15;2;
12219;202100007979;187 471;B01;3;34;0;2;2;1;1;
12220;202100007980;187 469;A01;2;7;0;1;8;26;1;
12221;202100007981;187 467;A01;2;7;0;2;1;2;1;
12222;202100007981;187 468;B01;2;7;0;2;4;1;1;
12223;202100007982;187 464;A01;2;7;0;2;1;26;1;
12224;202100007982;187 465;B01;2;7;0;2;9;26;1;
12225;202100007982;187 466;C01;1;7;0;2;4;0;1;
12226;202100007983;187 463;A01;1;7;0;1;1;1;1;
12227;202100007984;187 462;A01;3;10;12;0;1;26;1;
12228;202100007985;187 461;A01;2;7;0;1;3;1;2;
12229;202100007986;187 459;B01;1;10;0;2;1;9;1;
12230;202100007986;187 460;A01;2;7;0;2;3;9;1;
12231;202100007987;187 457;A01;1;1;0;0;8;1;5;
12232;202100007988;187 453;B01;3;50;0;2;8;9;3;
12233;202100007988;187 454;A01;2;7;0;9;2;1;1;
12234;202100007989;187 451;B01;3;2;0;2;1;1;1;
12235;202100007989;187 452;A01;3;7;0;2;1;15;1;
12236;202100007990;187 449;B01;1;7;0;2;2;1;1;
12237;202100007990;187 450;A01;2;2;0;2;1;13;1;
12238;202100007991;187 447;B01;0;10;0;2;2;15;1;
12239;202100007991;187 448;A01;3;2;0;2;1;1;1;
12240;202100007992;187 446;A01;0;7;0;1;1;1;1;
12241;202100007993;187 444;A01;0;30;0;2;1;2;1;
12242;202100007993;187 445;B01;3;7;0;2;4;23;1;
12243;202100007994;187 442;A01;2;7;0;2;2;1;1;
12244;202100007994;187 443;B01;1;50;0;2;0;19;3;
12245;202100007995;187 441;A01;1;7;1;0;5;1;1;
12246;202100007996;187 439;A01;1;7;0;2;5;15;1;
12247;202100007996;187 440;B01;2;31;0;2;1;1;1;
12248;202100007997;187 437;A01;2;10;0;2;7;15;1;
12249;202100007997;187 438;B01;1;7;0;2;2;1;1;
12250;202100007998;187 435;A01;0;7;0;2;1;2;1;
12251;202100007998;187 436;B01;0;7;0;2;4;2;1;
12252;202100008000;187 433;A01;1;10;0;1;4;4;1;
12253;202100008001;187 431;A01;0;7;0;2;1;9;1;
12254;202100008001;187 432;B01;0;2;0;2;7;1;1;
12255;202100008003;187 428;A01;1;2;0;0;7;15;1;
12256;202100008004;187 427;A01;2;7;8;0;2;14;1;
12257;202100008005;187 425;A01;3;7;0;2;2;15;1;
12258;202100008005;187 426;B01;3;50;0;2;1;1;3;