;Num_Acc;id_vehicule;num_veh;senc;catv;obs;obsm;choc;manv;motor;occutc
12259;202100008006;187 423;A01;1;1;0;2;1;26;5;
12260;202100008006;187 424;B01;1;7;0;2;4;1;1;
12261;202100008007;187 422;A01;3;7;0;1;1;1;1;
12262;202100008009;187 416;B01;1;2;0;2;1;1;1;
12263;202100008009;187 417;A01;1;7;0;9;7;15;1;
12264;202100008010;187 414;A01;1;7;0;2;1;2;1;
12265;202100008010;187 415;B01;1;7;0;2;4;2;1;
12266;202100008011;187 412;B01;3;7;0;2;3;0;1;
12267;202100008011;187 413;A01;3;7;0;2;1;19;1;
12268;202100008013;187 408;A01;1;2;0;2;1;7;1;
12269;202100008013;187 409;B01;1;7;0;2;2;16;1;
12270;202100008014;187 407;A01;1;7;0;0;1;26;1;
12271;202100008015;187 405;A01;1;7;0;2;3;1;1;
12272;202100008015;187 406;B01;1;60;0;2;2;26;5;
12273;202100008016;187 404;A01;3;1;0;1;3;1;5;
12274;202100008017;187 402;A01;1;7;0;2;1;19;1;
12275;202100008017;187 403;B01;1;1;0;2;6;1;5;
12276;202100008018;187 401;A01;0;33;0;0;0;26;1;
12277;202100008019;187 399;B01;1;7;12;0;3;9;1;
12278;202100008020;187 396;C01;1;7;0;2;4;1;1;
12279;202100008020;187 397;B01;1;7;0;2;4;1;1;
12280;202100008020;187 398;A01;1;7;0;2;1;1;1;
12281;202100008021;187 394;B01;1;7;0;9;2;1;1;
12282;202100008021;187 395;A01;1;50;0;2;3;19;3;
12283;202100008022;187 393;A01;2;7;0;1;2;1;1;
12284;202100008023;187 390;A01;3;7;0;2;1;2;1;
12285;202100008023;187 391;B01;3;7;0;2;4;2;1;
12286;202100008023;187 392;C01;3;7;0;2;4;2;1;
12287;202100008024;187 386;D01;2;7;0;2;4;2;1;
12288;202100008024;187 387;C01;2;7;0;2;4;2;1;
12289;202100008024;187 388;B01;2;7;0;2;4;2;1;
12290;202100008024;187 389;A01;2;7;0;2;1;2;1;
12291;202100008025;187 384;A01;2;7;0;2;1;2;1;
12292;202100008025;187 385;B01;2;7;0;2;4;1;2;
12293;202100008026;187 383;A01;3;7;7;0;1;1;1;
12294;202100008027;187 382;A01;1;32;1;0;1;1;1;
12295;202100008028;187 380;A01;1;32;0;2;1;18;1;
12296;202100008028;187 381;B01;1;60;0;2;0;1;5;
12297;202100008029;187 377;A01;2;99;0;2;1;2;1;
12298;202100008029;187 378;C01;1;7;0;0;4;2;1;
12299;202100008029;187 379;B01;2;7;0;2;4;23;1;
12300;202100008030;187 375;A01;2;7;0;2;3;16;1;
12301;202100008030;187 376;B01;2;31;1;2;1;1;1;
12302;202100008031;187 373;A01;1;7;0;2;2;19;1;
12303;202100008031;187 374;B01;1;33;0;2;1;1;1;
12304;202100008032;187 372;A01;1;7;0;1;2;1;1;
12305;202100008033;187 370;A01;1;2;0;2;1;1;1;
12306;202100008033;187 371;B01;1;7;0;2;1;1;1;
12307;202100008034;187 368;B01;3;1;0;2;3;1;5;
12308;202100008034;187 369;A01;3;7;0;2;3;15;1;
12309;202100008035;187 366;B01;1;1;0;2;4;1;5;
12310;202100008035;187 367;A01;1;7;0;2;2;2;1;
12311;202100008036;187 364;B01;1;7;0;2;4;23;1;
12312;202100008036;187 365;A01;1;30;0;2;1;1;1;
12313;202100008037;187 363;A01;3;32;0;1;1;1;1;
12314;202100008038;187 362;A01;1;7;0;1;0;1;1;
12315;202100008039;187 360;A01;1;7;0;2;2;1;1;
12316;202100008039;187 361;B01;1;1;0;2;4;0;5;
12317;202100008040;187 358;B01;1;7;1;2;3;19;1;
12318;202100008040;187 359;A01;3;7;0;2;1;19;1;
12319;202100008041;187 356;B01;1;32;0;2;1;1;1;
12320;202100008041;187 357;A01;1;7;0;2;2;19;1;
12321;202100008042;187 354;A01;1;33;0;2;8;3;1;
12322;202100008042;187 355;Z01;1;7;0;2;5;12;0;
12323;202100008043;187 353;A01;2;7;4;0;1;11;1;
12324;202100008045;187 349;A01;1;10;0;2;8;10;1;
12325;202100008045;187 350;B01;1;34;0;2;1;1;1;
12326;202100008046;187 347;A01;2;7;0;2;8;22;1;
12327;202100008046;187 348;B01;2;1;0;2;1;1;5;
12328;202100008047;187 346;A01;1;50;0;0;1;1;3;
12329;202100008048;187 345;A01;2;7;0;1;6;4;1;
12330;202100008049;187 343;B01;2;7;0;2;6;1;1;
12331;202100008049;187 344;A01;2;32;0;2;1;14;1;
12332;202100008051;187 340;A01;1;7;7;0;1;12;1;
12333;202100008052;187 339;Z01;1;1;0;1;1;5;5;
12334;202100008053;187 337;A01;2;32;0;2;8;1;1;
12335;202100008053;187 338;B01;1;7;0;2;2;15;1;
12336;202100008054;187 335;A01;2;7;0;2;2;16;1;
12337;202100008054;187 336;B01;2;1;0;2;1;1;5;
12338;202100008055;187 333;B01;1;1;0;2;8;13;5;
12339;202100008055;187 334;A01;1;37;0;2;2;7;2;1.0
12340;202100008056;187 332;Z01;2;10;0;1;2;16;0;
12341;202100008057;187 330;B01;2;7;0;2;8;15;1;
12342;202100008057;187 331;A01;1;2;0;2;1;1;0;
12343;202100008058;187 328;B01;2;33;0;2;1;1;1;
12344;202100008058;187 329;A01;1;7;0;2;8;1;1;
12345;202100008059;187 327;A01;1;10;0;1;1;1;1;
12346;202100008060;187 325;B01;2;7;0;2;3;15;1;
12347;202100008060;187 326;A01;1;33;0;2;2;5;1;
12348;202100008061;187 324;A01;2;7;0;1;3;1;1;
12349;202100008063;187 317;C01;2;99;0;2;1;2;0;
12350;202100008063;187 318;B01;2;99;0;2;4;2;1;
12351;202100008063;187 319;A01;2;99;0;2;4;2;1;
12352;202100008064;187 316;Z01;1;2;0;1;1;1;0;
12353;202100008065;187 315;A01;1;10;0;1;1;1;1;
12354;202100008066;187 314;A01;1;7;0;1;1;1;1;
12355;202100008067;187 312;B01;2;37;0;2;8;1;1;1.0
12356;202100008067;187 313;A01;2;7;0;2;3;16;1;
12357;202100008068;187 311;A01;1;7;0;1;1;16;2;
12358;202100008069;187 309;A01;2;7;0;2;4;20;6;
12359;202100008069;187 310;B01;2;1;0;2;1;0;0;
12360;202100008070;187 307;B01;2;7;0;2;6;15;1;
12361;202100008070;187 308;A01;2;34;0;2;1;13;1;
12362;202100008071;187 306;A01;1;30;0;0;1;15;1;
12363;202100008072;187 304;B01;1;32;0;2;1;1;1;
12364;202100008072;187 305;A01;1;7;0;2;8;19;1;
12365;202100008074;187 301;A01;2;10;0;2;3;17;1;
12366;202100008074;187 302;B01;1;1;0;2;3;1;5;
12367;202100008075;187 299;B01;1;3;0;2;1;1;1;
12368;202100008075;187 300;A01;1;7;0;2;4;23;1;
12369;202100008076;187 297;B01;1;7;0;9;1;0;1;
12370;202100008076;187 298;A01;1;33;0;2;1;17;1;
12371;202100008078;187 294;B01;2;7;0;2;2;5;1;
12372;202100008078;187 295;A01;1;14;0;2;2;1;1;
12373;202100008079;187 293;A01;1;7;0;0;7;1;1;
12374;202100008080;187 291;B01;0;33;0;2;1;1;1;
12375;202100008080;187 292;A01;0;7;0;2;6;9;1;
12376;202100008081;187 289;A01;2;7;0;2;1;13;2;
12377;202100008081;187 290;B01;1;7;0;2;1;1;1;
12378;202100008082;187 288;A01;3;10;10;0;2;0;1;
12379;202100008084;187 284;A01;2;7;0;2;3;13;2;
12380;202100008084;187 285;B01;1;7;0;2;1;1;1;
12381;202100008085;187 282;A01;0;10;0;2;2;15;1;
12382;202100008085;187 283;B01;0;2;0;2;1;1;1;
12383;202100008086;187 280;B01;2;10;0;2;1;1;1;
12384;202100008086;187 281;A01;0;7;0;2;7;1;1;
12385;202100008087;187 278;A01;3;10;13;2;7;19;1;
12386;202100008087;187 279;B01;2;17;0;2;3;1;1;
12387;202100008088;187 276;B01;2;10;0;2;1;2;1;
12388;202100008088;187 277;A01;1;7;0;2;3;13;1;
12389;202100008089;187 274;B01;1;7;4;0;4;2;1;
12390;202100008089;187 275;A01;1;7;0;2;3;2;1;
12391;202100008090;187 272;A01;3;7;0;2;1;13;1;
12392;202100008090;187 273;B01;3;7;0;2;1;1;1;
12393;202100008091;187 271;A01;0;7;2;0;1;15;1;
12394;202100008092;187 270;A01;1;2;0;0;0;1;1;
12395;202100008093;187 269;A01;2;7;2;0;3;1;1;
12396;202100008094;187 268;A01;1;7;6;0;1;1;2;
12397;202100008095;187 266;A01;1;7;0;0;7;15;1;
12398;202100008095;187 267;B01;2;33;0;2;1;1;1;
12399;202100008097;187 263;B01;2;14;0;0;6;1;1;
12400;202100008097;187 264;A01;2;10;3;2;2;2;1;
12401;202100008098;187 261;A01;3;7;0;2;2;1;1;
12402;202100008098;187 262;B01;3;7;0;2;3;9;1;
12403;202100008099;187 259;A01;1;7;0;2;1;15;1;
12404;202100008099;187 260;B01;2;7;15;2;8;1;1;
12405;202100008100;187 258;A01;1;7;0;6;3;1;1;
12406;202100008101;187 256;A01;2;17;0;2;2;2;1;
12407;202100008101;187 257;B01;2;17;0;2;6;2;1;
12408;202100008102;187 255;A01;2;32;13;0;2;1;1;
12409;202100008104;187 252;B01;1;10;0;2;3;1;1;
12410;202100008104;187 253;A01;2;7;0;2;3;1;1;
12411;202100008105;187 250;B01;2;7;0;2;1;1;1;
12412;202100008105;187 251;A01;1;7;0;2;1;17;1;
12413;202100008106;187 248;A01;0;38;0;2;0;20;1;1.0
12414;202100008106;187 249;B01;0;30;0;0;0;0;1;
12415;202100008107;187 245;A01;2;7;0;2;0;13;1;
12416;202100008107;187 246;B01;1;7;0;2;1;1;1;
12417;202100008107;187 247;C01;1;10;0;2;6;1;1;
12418;202100008108;187 243;B01;2;32;0;2;8;1;1;
12419;202100008108;187 244;A01;1;7;0;2;3;13;1;
12420;202100008109;187 236;C01;1;7;0;0;4;2;1;
12421;202100008109;187 237;B01;1;7;0;2;1;1;1;
12422;202100008109;187 238;A01;1;7;0;2;1;2;1;
12423;202100008110;187 235;A01;1;7;0;1;1;1;1;
12424;202100008111;187 234;A01;1;33;0;6;3;21;1;
12425;202100008112;187 230;A01;1;7;13;0;1;14;1;
12426;202100008113;187 227;B01;2;33;0;2;7;3;1;
12427;202100008113;187 228;C01;2;7;0;2;7;1;1;
12428;202100008113;187 229;A01;2;33;0;2;3;11;1;
12429;202100008115;187 225;A01;2;7;13;0;1;1;1;
12430;202100008116;187 221;C01;2;7;0;2;4;2;1;
12431;202100008116;187 222;B01;2;7;0;2;4;2;1;
12432;202100008116;187 223;A01;2;10;0;2;1;2;1;
12433;202100008116;187 224;D01;2;7;0;2;4;2;1;
12434;202100008119;187 215;B01;2;7;0;2;3;11;1;
12435;202100008119;187 216;A01;2;34;0;2;2;3;1;
12436;202100008121;187 212;B01;2;7;0;2;4;2;1;
12437;202100008121;187 213;A01;2;33;0;2;1;3;1;
12438;202100008122;187 210;A01;1;7;0;2;3;11;1;
12439;202100008122;187 211;B01;1;15;0;2;2;1;0;
12440;202100008123;187 206;A01;2;33;0;2;7;3;1;
12441;202100008123;187 207;B01;2;7;0;2;8;1;1;
12442;202100008123;187 208;C01;2;7;0;2;7;0;1;
12443;202100008123;187 209;D01;2;7;0;2;4;1;1;
12444;202100008124;187 205;A01;1;33;0;0;9;26;1;
12445;202100008125;187 203;B01;1;7;0;9;2;1;1;
12446;202100008125;187 204;A01;1;7;0;9;1;1;1;
12447;202100008126;187 201;A01;2;7;0;2;1;1;1;
12448;202100008126;187 202;B01;2;7;0;2;4;12;1;
12449;202100008127;187 197;D01;1;7;0;2;1;2;1;
12450;202100008127;187 198;C01;1;7;0;2;4;2;2;
12451;202100008127;187 199;B01;1;7;0;2;4;2;1;
12452;202100008127;187 200;A01;1;7;0;2;4;1;1;
12453;202100008128;187 193;B01;1;7;0;2;4;2;1;
12454;202100008128;187 194;A01;1;7;0;2;4;1;1;
12455;202100008128;187 195;C01;1;7;0;2;4;2;1;
12456;202100008128;187 196;D01;1;7;0;2;1;2;1;
12457;202100008129;187 190;A01;1;17;1;0;2;1;0;
12458;202100008129;187 191;C01;1;10;0;0;6;24;0;
12459;202100008129;187 192;B01;1;10;0;0;8;23;1;
12460;202100008130;187 188;B01;1;7;0;2;7;12;1;
12461;202100008130;187 189;A01;1;43;0;2;8;1;1;
12462;202100008131;187 186;B01;1;7;0;2;6;1;1;
12463;202100008131;187 187;A01;1;15;0;2;2;14;1;
12464;202100008132;187 184;A01;1;7;1;0;2;1;1;
12465;202100008132;187 185;B01;1;15;0;2;6;23;1;
12466;202100008133;187 183;A01;1;33;0;2;8;3;1;
12467;202100008134;187 181;B01;2;7;0;2;7;12;1;
12468;202100008134;187 182;A01;2;31;0;2;8;3;1;
12469;202100008135;187 179;B01;2;33;0;2;1;3;1;
12470;202100008135;187 180;A01;2;7;0;2;4;3;1;
12471;202100008136;187 176;A01;2;30;0;2;7;1;1;
12472;202100008136;187 177;B01;2;7;0;2;1;15;1;
12473;202100008137;187 175;A01;0;80;1;0;1;0;3;
12474;202100008138;187 171;B01;2;7;0;2;1;1;1;
12475;202100008138;187 172;A01;1;7;0;2;8;19;1;
12476;202100008139;187 170;A01;2;7;0;1;1;1;1;
12477;202100008140;187 168;A01;1;7;0;2;3;9;1;
12478;202100008140;187 169;B01;1;33;0;2;6;1;1;
12479;202100008141;187 165;C01;1;7;0;2;1;1;1;
12480;202100008141;187 166;A01;2;7;0;2;3;18;1;
12481;202100008141;187 167;B01;2;7;0;2;7;1;1;
12482;202100008142;187 163;A01;2;7;0;2;7;12;1;
12483;202100008142;187 164;B01;2;32;0;2;8;1;1;
12484;202100008144;187 159;B01;2;7;0;2;2;1;1;
12485;202100008144;187 160;A01;3;7;0;2;5;4;1;
12486;202100008145;187 157;B01;2;1;0;2;4;1;5;
12487;202100008145;187 158;A01;2;7;0;2;1;1;1;
12488;202100008146;187 155;A01;3;7;0;2;3;9;1;
12489;202100008146;187 156;B01;3;7;0;2;5;1;1;
12490;202100008147;187 154;A01;3;30;0;1;1;1;1;
12491;202100008148;187 153;A01;2;50;0;0;0;1;3;
12492;202100008149;187 152;A01;1;80;0;1;1;1;3;
12493;202100008151;187 148;B01;2;2;0;2;1;1;1;
12494;202100008151;187 149;A01;1;7;0;2;2;1;1;
12495;202100008152;187 147;A01;3;7;0;1;2;16;1;
12496;202100008153;187 146;A01;3;40;0;1;0;0;3;
12497;202100008154;187 144;B01;1;7;0;2;1;1;1;
12498;202100008154;187 145;A01;1;7;9;2;7;15;1;
12499;202100008155;187 142;B01;-1;7;0;2;4;2;1;
12500;202100008155;187 143;A01;-1;7;0;2;1;2;1;
12501;202100008156;187 140;B01;1;2;0;2;1;1;1;
12502;202100008156;187 141;A01;-1;7;0;0;8;10;1;
12503;202100008160;187 135;A01;1;2;9;0;0;1;1;
12504;202100008161;187 133;A01;0;7;0;0;6;9;1;
12505;202100008161;187 134;B01;1;7;0;2;1;1;1;
12506;202100008162;187 131;B01;3;2;0;2;1;1;1;
12507;202100008162;187 132;A01;3;7;0;2;1;26;1;
12508;202100008163;187 128;A01;2;7;0;2;1;0;1;
12509;202100008163;187 129;B01;1;7;0;2;1;1;1;
12510;202100008163;187 130;C01;1;7;0;2;4;1;1;
12511;202100008164;187 127;A01;1;80;0;0;0;0;3;
12512;202100008165;187 125;B01;1;7;13;2;3;11;1;
12513;202100008165;187 126;A01;2;7;3;2;3;1;1;
12514;202100008166;187 124;A01;2;7;0;1;2;1;1;
12515;202100008167;187 122;B01;1;10;0;2;1;1;1;
12516;202100008167;187 123;A01;2;7;0;2;1;13;1;
12517;202100008169;187 118;B01;2;7;7;2;1;1;1;
12518;202100008169;187 119;A01;2;7;0;0;8;1;1;
12519;202100008170;187 117;A01;1;2;13;0;0;0;1;
12520;202100008171;187 115;A01;1;7;0;2;1;11;1;
12521;202100008171;187 116;B01;2;10;0;2;2;1;1;
12522;202100008172;187 113;A01;1;7;0;2;1;13;1;
12523;202100008172;187 114;B01;2;7;0;2;8;1;1;
12524;202100008173;187 111;A01;2;7;0;2;7;1;1;
12525;202100008173;187 112;B01;3;1;0;2;8;15;5;
12526;202100008174;187 110;A01;2;7;8;0;1;1;1;
12527;202100008175;187 108;B01;1;7;0;2;3;1;1;
12528;202100008175;187 109;A01;2;7;0;2;3;13;1;
12529;202100008176;187 107;A01;2;7;0;1;4;4;1;
12530;202100008177;187 106;A01;1;7;14;0;1;1;1;
12531;202100008178;187 105;A01;1;7;6;0;1;15;1;
12532;202100008179;187 104;A01;1;2;0;0;0;1;1;
12533;202100008180;187 103;A01;1;7;2;0;3;1;1;
12534;202100008181;187 102;A01;0;7;2;0;1;1;1;
12535;202100008182;187 100;A01;2;7;0;2;3;1;1;
12536;202100008182;187 101;B01;1;7;0;2;3;13;1;
12537;202100008183;187 098;A01;3;15;0;2;3;1;1;
12538;202100008183;187 099;B01;3;7;0;2;8;1;1;
12539;202100008184;187 097;A01;3;36;0;0;0;1;1;
12540;202100008185;187 096;A01;0;7;2;0;3;1;1;
12541;202100008186;187 094;A01;2;7;0;2;6;1;1;
12542;202100008186;187 095;B01;2;7;0;0;3;1;1;
12543;202100008187;187 091;C01;3;7;0;2;4;2;1;
12544;202100008187;187 092;B01;3;7;0;2;1;2;1;
12545;202100008187;187 093;A01;3;7;0;2;1;1;1;
12546;202100008188;187 088;C01;2;7;0;2;7;26;1;
12547;202100008188;187 089;B01;2;7;0;2;1;1;1;
12548;202100008188;187 090;A01;1;10;0;2;1;13;1;
12549;202100008189;187 084;D01;1;7;0;2;2;13;1;
12550;202100008189;187 085;C01;1;7;0;2;1;2;1;
12551;202100008189;187 086;B01;1;7;0;2;4;15;1;
12552;202100008189;187 087;A01;2;7;0;2;3;1;1;
12553;202100008190;187 082;A01;1;7;0;2;3;15;1;
12554;202100008190;187 083;B01;2;7;0;2;2;1;1;
12555;202100008192;187 077;A01;1;7;0;2;1;15;1;
12556;202100008192;187 078;B01;2;7;0;2;1;1;1;
12557;202100008193;187 076;A01;2;7;15;0;2;1;1;
12558;202100008194;187 075;A01;1;7;0;0;0;0;1;
12559;202100008195;187 073;A01;1;7;0;0;5;15;1;
12560;202100008195;187 074;B01;1;33;0;2;1;1;1;
12561;202100008197;187 069;B01;2;7;0;2;3;13;1;
12562;202100008197;187 070;A01;1;7;0;2;1;1;1;
12563;202100008199;187 065;A01;1;7;2;2;1;1;1;
12564;202100008199;187 066;B01;1;7;0;2;4;15;1;
12565;202100008201;187 061;B01;1;7;3;0;4;2;1;
12566;202100008201;187 062;A01;1;10;0;2;1;2;1;
12567;202100008202;187 059;A01;2;38;0;2;7;15;1;1.0
12568;202100008202;187 060;B01;1;2;0;2;1;1;1;
12569;202100008204;187 055;A01;3;7;0;1;1;0;1;
12570;202100008205;187 054;A01;2;7;0;1;3;1;1;
12571;202100008206;187 052;B01;1;7;0;2;1;1;1;
12572;202100008206;187 053;A01;1;7;0;0;4;2;1;
12573;202100008207;187 049;C01;2;33;0;2;1;21;1;
12574;202100008207;187 050;B01;2;33;0;2;1;21;1;
12575;202100008207;187 051;A01;1;7;0;2;1;13;1;
12576;202100008208;187 047;A01;2;33;0;2;1;2;1;
12577;202100008208;187 048;B01;2;7;0;0;4;2;1;
12578;202100008209;187 046;A01;3;7;0;1;1;1;3;
12579;202100008210;187 045;A01;0;37;0;1;2;1;1;1.0
12580;202100008212;187 041;A01;2;33;0;2;2;17;1;
12581;202100008212;187 042;B01;2;7;0;2;3;15;1;
12582;202100008214;187 033;D01;2;7;0;2;1;1;1;
12583;202100008214;187 034;C01;2;7;0;2;1;1;1;
12584;202100008214;187 035;B01;2;7;0;2;1;1;1;
12585;202100008214;187 036;A01;2;7;0;2;2;1;1;
12586;202100008216;187 028;B01;2;7;0;2;2;0;1;
12587;202100008216;187 029;Z01;2;7;0;2;1;0;1;
12588;202100008216;187 030;C01;2;10;0;2;4;0;1;
12589;202100008217;187 027;A01;2;7;4;0;1;13;1;
12590;202100008218;187 026;A01;1;7;0;0;2;14;1;
12591;202100008219;187 025;A01;1;7;4;0;8;2;1;
12592;202100008220;187 022;B01;2;7;0;2;4;2;1;
12593;202100008220;187 023;C01;2;7;0;2;6;0;1;
12594;202100008220;187 024;A01;2;7;0;2;1;2;1;
12595;202100008221;187 020;A01;1;10;0;2;1;2;1;
12596;202100008221;187 021;B01;1;10;0;2;4;2;1;
12597;202100008222;187 016;A01;1;7;0;2;3;2;2;
12598;202100008222;187 017;B01;1;10;0;2;5;2;1;
12599;202100008222;187 018;C01;1;7;0;2;8;2;1;
12600;202100008222;187 019;D01;1;7;0;2;4;2;1;
12601;202100008225;187 010;A01;1;7;0;2;1;1;1;
12602;202100008225;187 011;B01;1;7;0;2;4;2;1;
12603;202100008226;187 008;B01;1;7;0;2;3;1;0;
12604;202100008226;187 009;A01;1;7;0;2;2;1;1;
12605;202100008227;187 006;B01;2;7;0;2;4;2;1;
12606;202100008227;187 007;A01;2;7;0;2;1;1;1;
12607;202100008228;187 004;B01;1;7;0;2;3;1;1;
12608;202100008228;187 005;A01;1;7;0;2;2;12;1;
12609;202100008229;187 001;C01;3;7;0;2;1;2;1;
12610;202100008229;187 002;B01;2;7;0;2;4;1;1;
12611;202100008229;187 003;A01;2;7;0;2;1;1;1;
12612;202100008230;186 999;A01;1;7;0;2;6;11;1;
12613;202100008230;187 000;B01;1;32;0;2;2;3;1;
12614;202100008231;186 996;A01;2;7;0;2;1;2;1;
12615;202100008231;186 997;B01;2;10;0;2;1;2;1;
12616;202100008231;186 998;C01;2;7;0;2;4;2;1;
12617;202100008232;186 995;Z01;3;7;0;1;1;26;0;
12618;202100008233;186 993;A01;2;7;0;2;0;17;0;
12619;202100008233;186 994;B01;2;7;0;2;0;15;1;
12620;202100008234;186 991;A01;2;10;0;2;4;23;1;
12621;202100008234;186 992;B01;2;32;0;2;1;1;1;
12622;202100008235;186 990;A01;3;10;0;1;1;2;1;
12623;202100008236;186 989;A01;2;33;0;1;1;1;1;
12624;202100008237;186 988;A01;1;33;0;0;0;16;-1;
12625;202100008240;186 984;A01;3;7;0;2;1;1;1;
12626;202100008240;186 985;B01;3;7;0;2;4;23;1;
12627;202100008241;186 983;A01;1;7;1;0;1;16;1;
12628;202100008242;186 980;A01;2;7;0;2;4;2;1;
12629;202100008242;186 981;B01;2;7;0;2;1;2;1;
12630;202100008242;186 982;C01;2;7;0;2;1;2;1;
12631;202100008243;186 979;A01;2;80;0;0;0;2;3;
12632;202100008244;186 977;B01;3;7;0;2;3;15;1;
12633;202100008244;186 978;A01;3;30;0;2;2;1;1;
12634;202100008245;186 975;B01;2;2;0;2;1;1;1;
12635;202100008245;186 976;A01;1;7;0;2;2;15;1;
12636;202100008246;186 974;A01;3;7;2;0;1;13;1;
12637;202100008247;186 972;A01;1;7;0;2;3;10;1;
12638;202100008247;186 973;B01;1;33;0;2;1;1;1;
12639;202100008248;186 971;A01;2;7;1;0;2;1;1;
12640;202100008249;186 969;A01;1;7;0;2;2;17;1;
12641;202100008249;186 970;B01;1;30;0;2;6;1;1;
12642;202100008251;186 964;A01;2;33;0;2;1;3;1;
12643;202100008251;186 965;B01;2;10;0;2;6;1;1;
12644;202100008251;186 966;C01;2;7;0;2;7;1;1;
12645;202100008252;186 962;A01;1;32;0;2;1;17;1;
12646;202100008252;186 963;B01;1;7;0;2;3;15;1;
12647;202100008253;186 960;B01;2;33;0;2;7;17;1;
12648;202100008253;186 961;A01;1;7;0;2;3;10;1;
12649;202100008254;186 959;A01;1;33;6;0;1;1;1;
12650;202100008255;186 958;Z01;1;7;0;1;1;1;0;
12651;202100008257;186 954;A01;1;30;0;2;2;1;1;
12652;202100008257;186 955;B01;1;7;0;2;3;7;1;
12653;202100008257;186 956;C01;1;7;0;2;6;1;1;
12654;202100008258;186 951;C01;1;7;0;2;3;15;1;
12655;202100008258;186 952;B01;1;7;0;2;2;16;1;
12656;202100008258;186 953;A01;1;31;1;2;1;18;1;
12657;202100008259;186 949;B01;3;30;0;2;8;1;1;
12658;202100008259;186 950;A01;3;7;0;2;1;15;1;
12659;202100008260;186 947;B01;1;30;0;2;3;1;1;
12660;202100008260;186 948;A01;1;7;0;2;5;13;1;
12661;202100008261;186 945;B01;1;7;0;2;6;2;2;
12662;202100008261;186 946;A01;1;10;0;2;2;2;1;
12663;202100008263;186 943;A01;1;33;0;1;3;1;1;
12664;202100008264;186 941;B01;1;7;0;2;2;1;2;
12665;202100008264;186 942;A01;1;30;0;2;8;18;1;
12666;202100008266;186 937;A01;2;10;0;1;7;16;1;
12667;202100008268;186 934;A01;1;32;12;0;1;17;1;
12668;202100008269;186 933;A01;1;7;12;0;1;14;1;
12669;202100008270;186 931;A01;3;7;0;2;3;15;1;
12670;202100008270;186 932;B01;-1;7;0;2;3;1;1;
12671;202100008271;186 929;B01;0;10;0;2;7;15;1;
12672;202100008271;186 930;A01;0;7;0;2;1;1;1;
12673;202100008272;186 926;A01;2;7;0;2;2;5;1;
12674;202100008272;186 927;B01;1;7;0;2;2;1;1;
12675;202100008272;186 928;C01;1;7;0;2;6;1;1;
12676;202100008273;186 925;A01;-1;10;0;0;7;14;1;
12677;202100008274;186 923;A01;-1;34;0;2;1;21;1;
12678;202100008274;186 924;B01;-1;7;0;2;0;0;1;
12679;202100008275;186 921;A01;0;7;0;2;3;15;1;
12680;202100008275;186 922;B01;0;2;0;2;1;1;1;
12681;202100008276;186 919;B01;1;7;0;2;4;12;1;
12682;202100008276;186 920;A01;1;7;0;2;1;12;1;
12683;202100008277;186 917;A01;2;99;0;2;0;16;0;
12684;202100008277;186 918;B01;1;31;0;2;2;2;1;
12685;202100008278;186 916;A01;2;7;0;1;3;1;1;
12686;202100008279;186 915;A01;2;7;1;0;2;14;1;
12687;202100008280;186 914;A01;2;7;13;0;3;1;1;
12688;202100008281;186 913;A01;1;10;0;1;2;1;1;
12689;202100008282;186 912;A01;1;33;0;6;8;1;1;
12690;202100008283;186 910;A01;1;7;13;0;1;5;2;
12691;202100008283;186 911;B01;2;7;13;2;2;1;1;
12692;202100008284;186 908;B01;1;30;0;2;1;1;1;
12693;202100008284;186 909;A01;2;7;0;2;3;26;1;
12694;202100008285;186 907;A01;1;33;0;0;0;1;1;
12695;202100008286;186 906;A01;2;7;12;0;0;1;1;
12696;202100008287;186 904;A01;1;7;1;0;1;1;1;
12697;202100008287;186 905;B01;1;10;0;2;4;23;1;
12698;202100008288;186 903;A01;1;7;17;0;3;13;1;
12699;202100008289;186 901;A01;2;10;0;2;2;2;1;
12700;202100008289;186 902;B01;2;21;0;0;6;2;1;
12701;202100008290;186 900;A01;2;7;0;1;1;2;1;
12702;202100008291;186 899;A01;0;2;0;1;1;1;1;
12703;202100008292;186 897;B01;2;7;0;2;1;1;1;
12704;202100008292;186 898;A01;1;7;12;2;1;13;1;
12705;202100008293;186 895;B01;1;7;0;2;1;1;1;
12706;202100008293;186 896;A01;2;7;0;2;7;17;1;
12707;202100008294;186 894;A01;2;7;13;0;1;1;1;
12708;202100008295;186 893;A01;2;7;13;0;7;1;1;
12709;202100008297;186 891;A01;1;7;13;0;8;1;1;
12710;202100008298;186 888;C01;1;7;0;2;3;1;1;
12711;202100008298;186 889;B01;1;7;0;2;3;1;2;
12712;202100008298;186 890;A01;2;7;0;2;3;13;1;
12713;202100008299;186 887;A01;2;7;6;0;3;1;1;
12714;202100008300;186 885;B01;1;33;0;2;1;26;1;
12715;202100008300;186 886;A01;1;7;0;0;2;9;1;
12716;202100008301;186 883;B01;1;7;0;2;3;1;1;
12717;202100008301;186 884;A01;2;7;0;2;3;1;1;
12718;202100008302;186 882;A01;0;33;4;0;1;0;1;
12719;202100008304;186 880;A01;3;7;13;0;1;21;1;
12720;202100008305;186 879;A01;3;7;6;0;1;0;1;
12721;202100008306;186 876;A01;1;7;0;2;1;5;1;