;Num_Acc;id_vehicule;num_veh;senc;catv;obs;obsm;choc;manv;motor;occutc
12722;202100008306;186 877;B01;2;7;0;2;8;1;1;
12723;202100008306;186 878;C01;2;7;0;2;1;1;1;
12724;202100008307;186 875;A01;1;7;13;0;2;17;1;
12725;202100008308;186 872;B01;1;7;0;2;1;0;1;
12726;202100008308;186 873;A01;1;7;16;2;4;0;1;
12727;202100008309;186 871;A01;1;7;13;0;2;14;1;
12728;202100008310;186 870;A01;1;33;13;0;0;1;1;
12729;202100008311;186 869;A01;1;7;2;0;2;2;1;
12730;202100008312;186 868;A01;2;7;13;0;2;0;1;
12731;202100008313;186 866;A01;1;10;0;2;3;2;1;
12732;202100008313;186 867;B01;1;7;0;2;6;2;2;
12733;202100008314;186 865;A01;3;2;2;0;3;1;1;
12734;202100008316;186 863;A01;2;7;3;0;2;0;1;
12735;202100008317;186 860;C01;1;7;0;0;6;1;1;
12736;202100008317;186 861;B01;1;7;0;0;6;1;1;
12737;202100008317;186 862;A01;1;7;0;2;3;1;1;
12738;202100008318;186 858;A01;1;7;12;0;9;13;1;
12739;202100008319;186 856;B01;1;7;0;2;3;1;1;
12740;202100008319;186 857;A01;2;7;0;2;3;13;1;
12741;202100008320;186 855;A01;1;7;13;0;0;14;1;
12742;202100008321;186 853;A01;2;7;0;2;8;15;1;
12743;202100008321;186 854;B01;2;33;0;2;1;17;1;
12744;202100008323;186 848;A01;2;2;0;2;3;1;1;
12745;202100008323;186 849;B01;1;7;0;2;3;15;1;
12746;202100008324;186 846;A01;1;7;0;2;3;17;1;
12747;202100008324;186 847;B01;2;7;0;0;8;16;1;
12748;202100008325;186 845;A01;3;7;2;0;1;1;1;
12749;202100008326;186 844;A01;1;3;6;0;1;14;1;
12750;202100008327;186 842;A01;2;30;0;2;1;1;1;
12751;202100008327;186 843;B01;1;7;0;2;2;9;2;
12752;202100008328;186 840;A01;3;33;0;0;0;17;1;
12753;202100008329;186 839;A01;2;7;16;0;7;1;1;
12754;202100008330;186 837;B01;2;33;0;2;1;1;1;
12755;202100008330;186 838;A01;2;7;0;0;5;15;1;
12756;202100008332;186 834;B01;2;7;0;2;2;15;1;
12757;202100008332;186 835;A01;1;2;0;2;1;1;1;
12758;202100008333;186 832;B01;3;7;0;2;1;1;1;
12759;202100008333;186 833;A01;3;7;9;2;1;13;1;
12760;202100008335;186 828;A01;1;10;0;2;4;2;1;
12761;202100008335;186 829;B01;1;7;0;2;4;2;1;
12762;202100008335;186 830;C01;1;7;0;2;1;2;1;
12763;202100008337;186 824;A01;1;7;2;2;1;2;1;
12764;202100008337;186 825;B01;1;15;0;2;4;2;1;
12765;202100008338;186 823;A01;2;14;4;0;1;0;1;
12766;202100008339;186 819;B01;1;7;0;2;1;0;1;
12767;202100008339;186 820;D01;1;7;0;2;2;0;1;
12768;202100008339;186 821;C01;1;7;0;2;3;2;1;
12769;202100008339;186 822;A01;1;17;0;2;6;13;1;
12770;202100008340;186 817;A01;1;7;0;2;6;9;1;
12771;202100008340;186 818;B01;1;7;0;2;2;0;1;
12772;202100008341;186 815;A01;2;7;3;2;1;2;1;
12773;202100008341;186 816;B01;2;7;3;2;4;2;3;
12774;202100008342;186 813;A01;2;7;0;2;1;1;1;
12775;202100008342;186 814;B01;2;7;0;2;4;2;1;
12776;202100008343;186 812;A01;2;7;3;0;2;14;1;
12777;202100008344;186 809;A01;1;33;0;2;2;17;1;
12778;202100008344;186 810;B01;1;7;0;2;3;11;1;
12779;202100008344;186 811;C01;1;7;0;2;6;1;3;
12780;202100008345;186 807;A01;3;2;0;2;3;19;1;
12781;202100008345;186 808;B01;1;2;0;2;1;1;1;
12782;202100008346;186 806;A01;3;7;0;1;1;15;1;
12783;202100008347;186 805;A01;1;7;0;0;1;0;1;
12784;202100008348;186 804;A01;1;7;0;1;3;15;1;
12785;202100008349;186 802;A01;1;7;0;9;4;1;1;
12786;202100008349;186 803;B01;1;80;0;2;4;1;3;
12787;202100008350;186 801;A01;1;7;0;1;3;1;1;
12788;202100008351;186 799;B01;3;2;0;2;8;16;1;
12789;202100008351;186 800;A01;3;7;0;2;2;16;1;
12790;202100008352;186 798;A01;2;7;0;1;2;1;1;
12791;202100008353;186 796;B01;2;2;0;2;0;21;1;
12792;202100008353;186 797;Z01;2;7;0;9;0;9;1;
12793;202100008354;186 795;A01;1;1;0;2;0;26;0;
12794;202100008355;186 794;A01;1;7;11;0;2;1;1;
12795;202100008356;186 792;A01;1;7;0;2;2;16;0;
12796;202100008356;186 793;B01;1;1;0;2;3;1;0;
12797;202100008357;186 791;A01;1;99;0;1;2;26;0;
12798;202100008358;186 789;B01;2;31;0;2;3;3;1;
12799;202100008358;186 790;A01;2;7;0;2;2;12;1;
12800;202100008359;186 788;A01;2;33;4;0;7;21;1;
12801;202100008360;186 787;A01;1;10;0;1;2;1;1;
12802;202100008362;186 783;B01;3;7;0;2;3;15;1;
12803;202100008362;186 784;A01;3;33;0;2;8;1;1;
12804;202100008363;186 782;A01;3;1;0;1;1;1;5;
12805;202100008364;186 781;A01;2;7;0;1;4;4;1;
12806;202100008365;186 779;A01;3;7;0;2;1;15;1;
12807;202100008365;186 780;B01;3;7;0;2;8;1;3;
12808;202100008366;186 778;Z01;2;7;0;1;1;1;1;
12809;202100008367;186 776;A01;2;7;0;2;3;9;2;
12810;202100008367;186 777;B01;2;2;0;2;7;1;1;
12811;202100008368;186 774;B01;1;7;0;2;3;1;1;
12812;202100008368;186 775;A01;2;33;0;2;8;5;1;
12813;202100008369;186 772;Z01;1;30;0;2;1;17;0;
12814;202100008369;186 773;A01;1;1;0;2;4;13;5;
12815;202100008370;186 770;B01;1;2;0;2;1;18;1;
12816;202100008370;186 771;A01;1;7;0;2;5;22;2;
12817;202100008371;186 768;A01;3;7;0;2;3;9;1;
12818;202100008371;186 769;B01;3;32;0;2;1;1;1;
12819;202100008372;186 766;B01;1;2;0;2;1;1;1;
12820;202100008372;186 767;A01;3;7;0;2;5;15;1;
12821;202100008373;186 765;A01;3;7;0;1;1;9;1;
12822;202100008374;186 763;B01;1;1;1;0;8;2;0;
12823;202100008374;186 764;A01;1;7;0;9;7;24;0;
12824;202100008375;186 761;B01;2;2;0;2;7;18;1;
12825;202100008375;186 762;A01;2;10;0;2;7;16;1;
12826;202100008377;186 757;A01;2;7;0;2;3;0;2;
12827;202100008377;186 758;B01;2;7;9;2;1;0;1;
12828;202100008379;186 753;B01;1;7;0;2;3;1;1;
12829;202100008379;186 754;A01;2;1;0;2;1;1;5;
12830;202100008381;186 749;A01;1;7;0;2;3;1;1;
12831;202100008381;186 750;B01;1;2;0;2;1;1;1;
12832;202100008382;186 748;A01;1;1;0;0;0;1;5;
12833;202100008383;186 747;A01;1;1;1;0;2;14;5;
12834;202100008384;186 745;B01;2;7;0;0;1;1;1;
12835;202100008384;186 746;A01;1;7;0;2;1;1;1;
12836;202100008385;186 743;A01;3;7;0;2;7;15;0;
12837;202100008385;186 744;B01;1;7;0;2;1;1;1;
12838;202100008387;186 740;A01;2;7;4;0;3;11;1;
12839;202100008388;186 736;D01;3;7;0;9;0;1;1;
12840;202100008388;186 737;C01;3;7;0;2;1;1;1;
12841;202100008388;186 738;B01;3;7;0;2;8;1;1;
12842;202100008388;186 739;A01;3;7;0;2;1;17;1;
12843;202100008390;186 734;A01;2;7;3;0;0;1;1;
12844;202100008391;186 733;A01;1;7;0;0;9;1;1;
12845;202100008392;186 731;A01;2;7;0;2;1;2;2;
12846;202100008392;186 732;B01;2;2;0;2;4;1;1;
12847;202100008393;186 730;A01;3;7;8;0;9;1;6;
12848;202100008395;186 728;A01;2;7;2;0;9;13;1;
12849;202100008397;186 721;A01;0;7;8;0;1;1;1;
12850;202100008398;186 719;A01;2;7;0;2;6;1;1;
12851;202100008398;186 720;B01;2;2;0;2;1;1;1;
12852;202100008399;186 718;A01;2;7;16;0;3;1;1;
12853;202100008400;186 717;A01;1;7;2;0;1;13;1;
12854;202100008401;186 715;A01;3;7;0;2;2;1;1;
12855;202100008401;186 716;B01;2;7;0;2;3;1;1;
12856;202100008402;186 714;A01;1;7;2;0;1;0;1;
12857;202100008404;186 711;A01;1;7;0;2;2;2;1;
12858;202100008404;186 712;B01;1;30;0;0;6;1;1;
12859;202100008405;186 709;B01;1;17;0;2;3;1;1;
12860;202100008405;186 710;A01;2;7;10;2;3;13;1;
12861;202100008406;186 707;A01;2;7;0;0;4;2;1;
12862;202100008406;186 708;B01;2;7;0;2;1;2;1;
12863;202100008408;186 704;A01;1;7;8;0;9;13;1;
12864;202100008409;186 702;B01;3;7;0;0;3;1;1;
12865;202100008409;186 703;A01;2;7;13;0;2;1;1;
12866;202100008410;186 701;A01;2;7;2;0;3;1;1;
12867;202100008411;186 700;A01;2;7;15;0;2;1;1;
12868;202100008412;186 698;A01;2;33;0;2;1;1;1;
12869;202100008412;186 699;B01;2;10;0;2;7;15;1;
12870;202100008413;186 697;A01;1;7;0;1;1;1;1;
12871;202100008414;186 696;A01;0;7;0;1;2;20;1;
12872;202100008415;186 694;B01;1;17;0;0;1;21;1;
12873;202100008415;186 695;A01;1;7;0;0;8;0;1;
12874;202100008416;186 693;A01;2;7;6;0;1;14;1;
12875;202100008417;186 691;B01;2;7;0;2;1;1;1;
12876;202100008417;186 692;A01;1;7;0;2;7;15;1;
12877;202100008418;186 690;A01;0;7;15;1;1;0;1;
12878;202100008419;186 689;A01;3;10;0;1;6;4;1;
12879;202100008420;186 688;A01;2;7;13;0;1;1;1;
12880;202100008421;186 687;A01;1;7;13;0;9;1;1;
12881;202100008422;186 685;B01;1;7;0;2;3;16;1;
12882;202100008422;186 686;A01;2;7;0;2;3;16;1;
12883;202100008423;186 684;A01;1;2;0;0;0;2;1;
12884;202100008424;186 683;A01;2;7;0;1;1;11;1;
12885;202100008425;186 682;A01;1;7;0;0;1;1;1;
12886;202100008426;186 681;A01;2;10;15;0;1;1;1;
12887;202100008427;186 679;B01;1;1;0;2;1;1;5;
12888;202100008427;186 680;A01;1;7;0;2;3;1;1;
12889;202100008428;186 677;B01;1;7;0;2;7;14;1;
12890;202100008428;186 678;A01;1;7;0;2;3;1;1;
12891;202100008429;186 675;Z01;1;7;0;2;7;12;1;
12892;202100008429;186 676;A01;1;33;0;2;8;0;1;
12893;202100008430;186 668;G01;2;7;0;2;4;23;1;
12894;202100008430;186 669;F01;2;7;0;2;4;23;1;
12895;202100008430;186 670;A01;2;10;0;2;1;12;1;
12896;202100008430;186 671;B01;2;7;0;2;4;23;1;
12897;202100008430;186 672;C01;2;10;0;2;4;23;1;
12898;202100008430;186 673;D01;2;7;0;2;4;23;1;
12899;202100008430;186 674;E01;2;7;0;2;4;23;2;
12900;202100008431;186 667;A01;2;7;2;0;1;1;2;
12901;202100008432;186 665;A01;2;13;0;2;2;1;1;
12902;202100008432;186 666;B01;2;7;0;2;8;2;1;
12903;202100008433;186 664;A01;1;10;0;1;1;1;1;
12904;202100008434;186 663;A01;1;7;0;1;2;1;1;
12905;202100008436;186 659;A01;2;7;0;2;1;15;1;
12906;202100008436;186 660;B01;1;31;0;2;7;1;1;
12907;202100008437;186 657;B01;1;2;0;2;4;23;6;
12908;202100008437;186 658;A01;1;10;0;2;2;2;0;
12909;202100008438;186 655;B01;1;7;0;2;3;1;1;
12910;202100008438;186 656;A01;1;7;0;2;2;15;0;
12911;202100008439;186 651;A01;1;0;5;2;0;0;0;
12912;202100008439;186 652;B01;1;7;0;2;2;1;1;
12913;202100008439;186 653;C01;1;7;0;2;9;0;1;
12914;202100008439;186 654;D01;1;7;0;2;4;0;1;
12915;202100008440;186 650;A01;2;7;0;1;2;1;1;
12916;202100008441;186 649;A01;3;34;0;1;8;26;1;
12917;202100008442;186 647;A01;1;7;0;2;1;1;1;
12918;202100008442;186 648;B01;1;7;0;2;4;1;1;
12919;202100008443;186 646;A01;2;7;4;0;2;26;1;
12920;202100008444;186 644;A01;1;7;0;2;7;10;1;
12921;202100008444;186 645;B01;2;7;0;2;1;1;1;
12922;202100008445;186 643;A01;1;10;0;1;4;20;1;
12923;202100008446;186 642;A01;1;7;0;1;1;1;1;
12924;202100008447;186 640;A01;2;7;1;2;1;1;1;
12925;202100008447;186 641;B01;2;7;0;2;8;1;1;
12926;202100008448;186 638;A01;0;7;0;2;1;1;2;
12927;202100008448;186 639;B01;0;7;0;2;6;1;1;
12928;202100008449;186 636;A01;3;7;0;2;3;9;1;
12929;202100008449;186 637;B01;3;1;0;2;7;1;0;
12930;202100008450;186 634;A01;2;10;0;2;1;2;1;
12931;202100008450;186 635;B01;2;7;0;2;4;1;1;
12932;202100008451;186 632;A01;2;7;0;2;1;1;0;
12933;202100008451;186 633;B01;2;10;0;2;4;23;0;
12934;202100008452;186 631;A01;1;39;0;1;1;26;3;
12935;202100008455;186 625;A01;3;7;0;2;3;13;1;
12936;202100008455;186 626;B01;3;80;0;2;1;1;3;
12937;202100008457;186 621;B01;3;50;0;2;1;19;3;
12938;202100008457;186 622;A01;3;7;0;2;1;5;1;
12939;202100008458;186 620;A01;1;2;1;0;0;14;1;
12940;202100008459;186 618;A01;3;7;0;2;8;8;1;
12941;202100008459;186 619;B01;3;37;0;2;0;1;3;2.0
12942;202100008460;186 616;B01;1;7;0;2;4;20;1;
12943;202100008460;186 617;A01;1;7;0;2;1;1;1;
12944;202100008461;186 614;B01;2;1;0;2;1;2;5;
12945;202100008461;186 615;A01;1;7;0;2;1;15;1;
12946;202100008462;186 613;A01;1;7;0;2;1;13;0;
12947;202100008463;186 611;B01;1;2;0;2;0;0;1;
12948;202100008463;186 612;A01;2;7;0;2;0;0;1;
12949;202100008464;186 609;A01;1;7;0;9;1;1;1;
12950;202100008464;186 610;B01;1;1;0;2;1;1;5;
12951;202100008465;186 607;A01;1;7;0;2;1;2;1;
12952;202100008465;186 608;B01;1;7;0;2;4;2;1;
12953;202100008466;186 605;B01;1;1;0;2;8;1;5;
12954;202100008466;186 606;A01;1;7;0;9;7;17;1;
12955;202100008467;186 603;B01;0;2;0;2;7;1;1;
12956;202100008467;186 604;A01;0;7;0;2;6;10;1;
12957;202100008468;186 601;A01;1;30;0;2;2;17;1;
12958;202100008468;186 602;B01;1;7;0;2;8;1;1;
12959;202100008469;186 599;Z01;0;7;0;2;7;1;0;
12960;202100008469;186 600;B01;1;1;0;2;8;1;5;
12961;202100008470;186 597;A01;1;7;0;2;3;9;1;
12962;202100008470;186 598;B01;1;7;0;2;2;1;1;
12963;202100008472;186 594;A01;3;1;12;0;0;13;5;
12964;202100008473;186 592;B01;2;10;11;2;1;2;1;
12965;202100008473;186 593;A01;2;7;11;2;3;15;1;
12966;202100008474;186 590;A01;2;7;0;2;1;1;1;
12967;202100008474;186 591;B01;2;7;0;2;4;1;1;
12968;202100008475;186 588;B01;1;31;0;2;0;1;1;
12969;202100008475;186 589;A01;0;7;0;2;0;9;1;
12970;202100008477;186 584;B01;2;7;0;2;1;1;1;
12971;202100008477;186 585;A01;3;1;0;2;8;19;5;
12972;202100008478;186 582;A01;2;7;0;2;4;20;1;
12973;202100008478;186 583;B01;2;7;1;2;1;1;1;
12974;202100008479;186 580;Z01;1;7;14;2;1;1;1;
12975;202100008479;186 581;B01;1;1;0;2;8;19;5;
12976;202100008480;186 578;B01;1;7;0;2;2;20;1;
12977;202100008480;186 579;A01;1;30;0;2;1;18;1;
12978;202100008481;186 576;B01;1;99;0;2;2;0;1;
12979;202100008481;186 577;Z01;1;7;0;2;3;15;1;
12980;202100008482;186 574;A01;2;7;0;2;3;17;1;
12981;202100008482;186 575;B01;1;80;0;2;1;0;3;
12982;202100008483;186 572;A01;3;7;0;2;1;9;1;
12983;202100008483;186 573;B01;3;2;0;2;1;1;1;
12984;202100008484;186 570;B01;3;7;0;2;3;1;1;
12985;202100008484;186 571;A01;1;7;0;2;3;9;1;
12986;202100008485;186 568;B01;1;30;0;2;4;1;1;
12987;202100008485;186 569;A01;1;7;0;2;2;1;1;
12988;202100008486;186 566;A01;1;7;0;2;1;1;1;
12989;202100008486;186 567;B01;1;7;0;0;4;15;1;
12990;202100008487;186 564;B01;2;2;0;2;1;9;1;
12991;202100008487;186 565;A01;2;7;0;2;4;1;1;
12992;202100008488;186 557;A01;2;7;0;2;9;17;1;
12993;202100008488;186 558;B01;2;7;0;2;8;17;1;
12994;202100008489;186 556;Z01;2;7;0;1;2;1;0;
12995;202100008490;186 554;B01;3;1;0;2;3;1;5;
12996;202100008490;186 555;A01;3;7;0;2;2;15;1;
12997;202100008491;186 553;A01;3;7;0;1;3;1;1;
12998;202100008492;186 551;A01;2;7;1;0;1;2;1;
12999;202100008492;186 552;B01;3;7;9;2;4;24;0;
13000;202100008493;186 550;A01;1;10;8;0;1;1;1;
13001;202100008494;186 548;B01;2;10;0;2;1;1;1;
13002;202100008494;186 549;A01;1;7;0;2;1;1;1;
13003;202100008495;186 547;A01;3;7;0;1;3;1;1;
13004;202100008497;186 544;A01;2;34;0;1;1;2;1;
13005;202100008498;186 543;A01;3;7;0;1;1;9;1;
13006;202100008499;186 541;A01;2;7;0;1;2;5;1;
13007;202100008499;186 542;B01;1;7;0;2;2;1;2;
13008;202100008500;186 540;A01;1;7;0;1;1;16;1;
13009;202100008501;186 539;A01;1;1;12;0;0;14;5;
13010;202100008502;186 537;A01;2;7;0;2;1;1;2;
13011;202100008502;186 538;B01;1;1;0;2;7;1;5;
13012;202100008503;186 535;A01;2;50;0;2;1;1;3;
13013;202100008503;186 536;Z01;1;7;0;2;2;15;0;
13014;202100008505;186 532;A01;2;7;1;0;2;14;3;
13015;202100008506;186 531;A01;2;33;11;0;3;1;1;
13016;202100008508;186 527;B01;2;7;0;0;4;23;1;
13017;202100008508;186 528;A01;2;7;0;2;1;2;1;
13018;202100008509;186 525;A01;3;7;0;2;1;2;1;
13019;202100008509;186 526;B01;3;50;0;2;4;2;3;
13020;202100008510;186 523;A01;-1;7;0;2;1;2;1;
13021;202100008510;186 524;B01;-1;7;0;2;4;2;1;
13022;202100008511;186 521;A01;3;7;0;2;3;26;1;
13023;202100008511;186 522;B01;1;7;1;0;0;0;1;
13024;202100008512;186 519;B01;1;7;0;0;4;2;2;
13025;202100008512;186 520;A01;1;7;1;2;1;2;1;
13026;202100008513;186 517;A01;1;7;0;2;2;9;1;
13027;202100008513;186 518;B01;2;10;0;2;7;1;1;
13028;202100008514;186 515;B01;1;33;0;2;4;23;1;
13029;202100008514;186 516;A01;1;33;0;2;1;26;1;
13030;202100008515;186 512;C01;0;7;0;2;2;1;1;
13031;202100008515;186 513;B01;0;7;0;2;1;1;2;
13032;202100008515;186 514;A01;0;7;0;2;5;1;1;
13033;202100008516;186 510;A01;1;33;0;2;1;2;1;
13034;202100008516;186 511;B01;1;7;0;2;4;1;3;
13035;202100008517;186 509;A01;3;10;0;1;3;20;0;
13036;202100008518;186 507;A01;2;7;0;2;8;13;1;
13037;202100008518;186 508;B01;1;7;0;2;8;13;1;
13038;202100008519;186 506;A01;0;7;0;1;1;1;1;
13039;202100008521;186 503;A01;3;7;6;0;2;1;1;
13040;202100008522;186 501;A01;2;7;0;2;2;1;1;
13041;202100008522;186 502;B01;1;7;0;2;1;1;1;
13042;202100008523;186 499;B01;2;10;0;2;2;2;1;
13043;202100008523;186 500;A01;2;7;0;0;4;23;1;
13044;202100008524;186 497;A01;1;31;0;2;1;17;1;
13045;202100008524;186 498;B01;2;7;0;9;3;1;1;
13046;202100008525;186 492;A01;2;7;0;2;1;13;1;
13047;202100008525;186 493;B01;1;15;0;2;3;1;1;
13048;202100008526;186 491;A01;2;7;2;0;2;1;1;
13049;202100008528;186 489;A01;1;7;2;0;1;1;1;
13050;202100008529;186 488;A01;3;10;7;0;0;1;1;
13051;202100008530;186 487;A01;1;7;0;1;1;1;1;
13052;202100008531;186 486;A01;2;21;0;0;9;1;1;
13053;202100008532;186 484;B01;2;7;0;2;1;1;1;
13054;202100008532;186 485;A01;1;10;0;2;2;13;1;
13055;202100008533;186 483;A01;0;7;2;0;2;1;1;
13056;202100008534;186 481;B01;1;14;0;2;1;1;1;
13057;202100008534;186 482;A01;2;7;0;2;8;10;1;
13058;202100008535;186 480;A01;1;7;10;0;3;19;1;
13059;202100008536;186 478;B01;2;10;0;2;1;1;0;
13060;202100008536;186 479;A01;1;7;0;2;7;19;0;
13061;202100008537;186 476;A01;2;7;0;1;0;0;1;
13062;202100008537;186 477;B01;2;2;0;1;1;1;1;
13063;202100008538;186 474;A01;1;80;0;2;5;1;3;
13064;202100008538;186 475;B01;1;7;0;2;3;2;1;
13065;202100008539;186 472;B01;1;10;0;2;1;1;1;
13066;202100008539;186 473;A01;2;7;0;2;5;13;1;
13067;202100008540;186 471;A01;1;7;6;0;1;6;1;
13068;202100008541;186 470;A01;2;7;1;0;2;26;1;
13069;202100008542;186 469;A01;1;7;0;1;0;1;1;
13070;202100008544;186 465;C01;1;7;0;2;3;1;1;
13071;202100008544;186 466;B01;2;10;0;2;1;1;1;
13072;202100008544;186 467;A01;2;10;0;2;3;13;1;
13073;202100008545;186 463;A01;1;7;0;2;2;13;1;
13074;202100008545;186 464;B01;2;10;0;2;1;1;1;
13075;202100008546;186 461;B01;1;7;0;2;2;5;1;
13076;202100008546;186 462;A01;2;7;0;2;7;1;1;
13077;202100008547;186 459;B01;1;10;0;2;3;13;1;
13078;202100008547;186 460;A01;2;7;6;2;3;1;1;
13079;202100008548;186 457;A01;1;7;1;0;2;17;1;
13080;202100008548;186 458;B01;1;15;0;2;6;24;1;
13081;202100008549;186 454;A01;1;7;0;0;4;26;1;
13082;202100008549;186 455;B01;1;7;0;2;1;1;1;
13083;202100008549;186 456;C01;1;10;1;0;2;21;1;
13084;202100008550;186 453;A01;3;36;8;0;1;1;1;
13085;202100008553;186 446;B01;2;7;0;2;1;1;1;
13086;202100008553;186 447;A01;1;7;0;2;1;5;1;
13087;202100008554;186 444;A01;2;7;13;0;4;2;1;
13088;202100008554;186 445;B01;2;7;0;2;1;2;1;
13089;202100008555;186 443;A01;2;7;2;0;1;14;1;
13090;202100008556;186 442;A01;2;31;0;0;7;1;1;
13091;202100008557;186 440;B01;1;33;0;2;1;2;1;
13092;202100008557;186 441;A01;2;7;0;2;1;15;1;
13093;202100008559;186 436;A01;2;7;0;2;3;1;1;
13094;202100008559;186 437;B01;1;31;0;2;1;16;1;
13095;202100008560;186 434;A01;1;7;0;2;2;5;1;
13096;202100008560;186 435;C01;2;7;15;2;1;1;1;
13097;202100008561;186 432;B01;1;7;3;2;1;1;1;
13098;202100008561;186 433;A01;2;7;0;2;1;13;1;
13099;202100008562;186 430;A01;2;7;0;2;8;15;1;
13100;202100008562;186 431;B01;1;2;3;2;8;19;1;
13101;202100008563;186 428;B01;0;31;0;2;1;19;1;
13102;202100008563;186 429;A01;0;7;0;2;7;1;1;
13103;202100008564;186 427;A01;1;7;2;0;0;0;1;
13104;202100008565;186 426;A01;2;33;3;0;1;2;1;
13105;202100008566;186 424;A01;1;7;1;0;1;1;1;
13106;202100008566;186 425;B01;2;7;0;2;2;24;1;
13107;202100008567;186 423;A01;0;33;2;0;1;0;1;
13108;202100008568;186 421;B01;1;7;0;2;1;1;0;
13109;202100008568;186 422;A01;2;7;0;2;2;15;1;
13110;202100008569;186 419;B01;2;2;0;2;1;1;1;
13111;202100008569;186 420;A01;1;7;0;2;3;1;1;
13112;202100008570;186 417;B01;1;1;0;2;4;15;5;
13113;202100008570;186 418;A01;1;7;0;2;1;15;1;
13114;202100008571;186 416;A01;1;33;15;0;0;1;1;
13115;202100008572;186 415;A01;1;7;0;0;9;2;1;
13116;202100008573;186 414;A01;0;7;12;0;1;0;1;
13117;202100008574;186 411;A01;2;15;0;2;2;14;1;
13118;202100008574;186 412;B01;2;7;0;2;6;11;1;
13119;202100008575;186 409;A01;1;7;0;2;6;1;1;
13120;202100008575;186 410;B01;1;7;0;2;1;2;1;
13121;202100008576;186 407;A01;1;7;0;2;2;26;1;
13122;202100008576;186 408;B01;1;7;0;2;6;23;1;
13123;202100008577;186 404;B01;1;7;0;2;6;1;1;
13124;202100008577;186 405;A01;1;7;0;2;2;1;1;
13125;202100008577;186 406;C01;1;10;0;2;8;1;1;
13126;202100008578;186 403;A01;2;7;3;0;1;17;1;
13127;202100008579;186 402;A01;1;7;4;0;1;16;1;
13128;202100008580;186 399;C01;1;33;0;2;0;0;1;
13129;202100008580;186 400;B01;1;33;0;2;5;1;1;
13130;202100008580;186 401;A01;1;33;0;2;3;3;0;
13131;202100008582;186 393;A01;1;7;0;2;1;17;1;
13132;202100008582;186 394;B01;1;7;0;2;4;2;1;
13133;202100008583;186 392;A01;2;7;13;0;1;17;1;
13134;202100008584;186 388;D01;2;7;0;2;4;2;1;
13135;202100008584;186 389;C01;2;7;0;2;4;2;1;
13136;202100008584;186 390;B01;2;7;0;2;4;2;1;
13137;202100008584;186 391;A01;2;7;0;2;1;1;1;
13138;202100008585;186 386;B01;1;10;0;2;4;1;1;
13139;202100008585;186 387;A01;1;7;0;2;1;2;1;
13140;202100008586;186 384;B01;1;10;0;2;8;1;1;
13141;202100008586;186 385;A01;1;33;0;2;3;3;1;
13142;202100008587;186 382;B01;1;10;0;2;7;1;1;
13143;202100008587;186 383;A01;1;33;0;2;8;3;1;
13144;202100008588;186 379;A01;2;33;0;2;3;3;1;
13145;202100008588;186 380;B01;2;7;0;2;5;1;1;
13146;202100008588;186 381;C01;1;7;0;2;3;1;1;
13147;202100008591;186 374;A01;2;32;0;0;7;3;1;
13148;202100008592;186 373;A01;3;33;12;0;3;13;1;
13149;202100008593;186 371;B01;1;7;0;1;4;23;1;
13150;202100008593;186 372;A01;1;7;0;2;1;1;1;
13151;202100008594;186 370;A01;1;33;0;1;1;1;1;
13152;202100008595;186 369;A01;1;7;0;1;1;15;1;
13153;202100008596;186 368;A01;1;33;12;0;3;13;1;
13154;202100008598;186 365;B01;1;7;0;2;7;15;1;
13155;202100008598;186 366;A01;2;50;0;2;1;19;3;
13156;202100008599;186 364;A01;1;1;0;1;1;25;5;
13157;202100008600;186 363;A01;2;43;0;1;2;17;1;
13158;202100008601;186 362;A01;2;30;0;2;8;21;1;
13159;202100008602;186 361;A01;1;7;0;1;3;1;1;
13160;202100008603;186 359;A01;2;7;0;2;3;13;1;
13161;202100008603;186 360;B01;2;2;0;2;7;17;1;
13162;202100008604;186 358;A01;1;43;9;0;2;1;1;
13163;202100008605;186 356;B01;3;1;0;2;5;19;5;
13164;202100008605;186 357;A01;3;32;0;2;1;1;0;
13165;202100008606;186 355;A01;1;2;0;0;7;1;1;
13166;202100008607;186 353;B01;2;7;0;2;3;1;1;
13167;202100008607;186 354;A01;1;50;0;2;1;5;3;
13168;202100008609;186 350;A01;2;50;8;2;1;1;3;
13169;202100008609;186 351;B01;1;7;14;2;2;2;1;
13170;202100008610;186 349;A01;2;37;0;1;7;16;1;1.0
13171;202100008611;186 347;B01;3;7;0;0;0;0;1;
13172;202100008611;186 348;A01;3;1;0;2;0;0;5;
13173;202100008612;186 345;B01;3;34;0;2;1;1;1;
13174;202100008612;186 346;A01;3;7;0;2;3;10;1;
13175;202100008613;186 344;A01;0;7;0;1;3;26;1;
13176;202100008614;186 342;B01;1;7;0;2;3;9;1;
13177;202100008614;186 343;A01;1;32;0;2;1;5;1;
13178;202100008615;186 341;A01;0;3;0;1;2;9;0;
13179;202100008616;186 339;A01;2;7;0;2;3;19;1;
13180;202100008616;186 340;B01;1;7;0;2;1;19;1;
13181;202100008617;186 337;B01;2;2;4;0;3;7;1;
13182;202100008617;186 338;A01;2;15;4;0;2;1;1;
13183;202100008618;186 335;B01;1;7;0;9;3;0;1;
13184;202100008618;186 336;A01;1;30;1;2;1;9;1;