;Num_Acc;id_vehicule;num_veh;senc;catv;obs;obsm;choc;manv;motor;occutc
13185;202100008619;186 334;A01;2;33;0;0;8;1;1;
13186;202100008620;186 333;A01;1;7;0;1;3;1;0;
13187;202100008621;186 332;A01;1;7;0;1;1;15;1;
13188;202100008622;186 329;C01;2;7;0;2;3;1;1;
13189;202100008622;186 330;B01;2;7;0;2;7;15;1;
13190;202100008622;186 331;A01;1;32;0;2;2;21;1;
13191;202100008623;186 327;A01;1;7;0;2;4;1;1;
13192;202100008623;186 328;B01;2;1;0;2;4;1;5;
13193;202100008624;186 326;A01;3;7;0;1;3;1;1;
13194;202100008625;186 325;A01;0;50;0;0;0;0;3;
13195;202100008626;186 321;A01;1;7;0;2;3;13;1;
13196;202100008626;186 322;B01;2;7;0;2;3;23;1;
13197;202100008626;186 323;C01;2;7;0;2;6;23;2;
13198;202100008626;186 324;D01;2;7;0;2;1;23;1;
13199;202100008627;186 319;A01;1;50;0;2;3;1;3;
13200;202100008627;186 320;B01;2;7;0;2;1;11;0;
13201;202100008629;186 315;A01;2;7;0;2;3;1;1;
13202;202100008629;186 316;B01;1;3;0;2;3;13;1;
13203;202100008630;186 314;A01;2;21;0;0;0;0;1;
13204;202100008632;186 311;A01;2;33;0;2;5;17;1;
13205;202100008632;186 312;B01;2;7;0;2;3;1;1;
13206;202100008633;186 310;A01;1;7;2;0;1;13;1;
13207;202100008634;186 308;B01;3;14;0;2;8;1;1;
13208;202100008634;186 309;A01;3;7;0;2;1;15;0;
13209;202100008635;186 307;A01;1;7;13;0;2;1;0;
13210;202100008636;186 306;A01;0;7;0;1;6;4;1;
13211;202100008637;186 305;A01;2;10;0;1;1;1;1;
13212;202100008638;186 304;A01;2;7;13;0;3;13;1;
13213;202100008639;186 302;A01;1;7;0;0;8;15;1;
13214;202100008639;186 303;B01;2;7;0;2;1;1;1;
13215;202100008640;186 301;A01;3;33;0;0;1;1;1;
13216;202100008641;186 299;A01;2;7;0;2;1;1;1;
13217;202100008641;186 300;B01;2;21;0;0;4;1;1;
13218;202100008642;186 298;A01;2;7;13;0;9;1;1;
13219;202100008643;186 296;A01;2;7;0;2;1;1;1;
13220;202100008643;186 297;B01;1;21;0;2;1;1;1;
13221;202100008645;186 293;A01;0;7;13;0;9;17;1;
13222;202100008646;186 292;A01;2;7;2;0;0;0;1;
13223;202100008647;186 290;A01;1;7;0;2;3;0;1;
13224;202100008647;186 291;B01;2;7;0;2;3;0;1;
13225;202100008648;186 288;A01;2;7;0;2;2;15;1;
13226;202100008648;186 289;B01;1;15;0;2;1;1;1;
13227;202100008649;186 286;A01;1;10;0;2;1;13;1;
13228;202100008649;186 287;B01;2;7;0;2;1;21;1;
13229;202100008650;186 285;A01;2;7;0;0;9;12;1;
13230;202100008651;186 283;A01;2;7;3;2;8;17;1;
13231;202100008651;186 284;B01;2;7;3;2;1;21;1;
13232;202100008652;186 282;A01;1;7;0;0;0;0;1;
13233;202100008653;186 278;A01;1;7;0;0;4;1;1;
13234;202100008653;186 279;B01;1;10;0;2;4;1;1;
13235;202100008653;186 280;C01;1;7;0;2;1;1;1;
13236;202100008653;186 281;D01;1;7;0;2;1;1;1;
13237;202100008654;186 276;B01;1;7;0;2;1;1;1;
13238;202100008654;186 277;A01;2;7;0;2;1;13;1;
13239;202100008655;186 274;A01;1;7;0;2;3;5;1;
13240;202100008655;186 275;B01;2;2;0;2;1;1;1;
13241;202100008656;186 272;B01;2;2;0;2;3;1;1;
13242;202100008656;186 273;A01;1;7;0;2;3;15;1;
13243;202100008657;186 270;A01;1;7;0;2;2;21;1;
13244;202100008657;186 271;B01;2;10;0;2;2;1;1;
13245;202100008658;186 267;A01;2;7;0;2;1;9;0;
13246;202100008658;186 268;B01;2;7;0;2;7;1;1;
13247;202100008659;186 265;B01;3;7;0;2;3;1;1;
13248;202100008659;186 266;A01;3;3;0;2;1;13;0;
13249;202100008660;186 264;A01;2;7;0;0;1;1;1;
13250;202100008661;186 262;B01;2;33;0;2;1;1;1;
13251;202100008661;186 263;A01;1;7;0;2;7;15;2;
13252;202100008662;186 260;A01;1;7;3;2;4;2;2;
13253;202100008662;186 261;B01;1;7;3;2;1;2;1;
13254;202100008663;186 255;A01;2;7;0;2;1;2;1;
13255;202100008663;186 256;B01;2;7;0;2;4;1;1;
13256;202100008663;186 257;C01;2;7;0;2;4;1;1;
13257;202100008663;186 258;D01;2;7;0;2;4;1;1;
13258;202100008663;186 259;E01;2;7;0;2;4;1;1;
13259;202100008664;186 254;A01;2;7;13;0;2;2;1;
13260;202100008665;186 252;B01;1;7;0;2;4;2;1;
13261;202100008665;186 253;A01;1;7;0;2;1;2;1;
13262;202100008666;186 251;A01;2;10;0;2;8;12;1;
13263;202100008667;186 248;A01;2;10;0;2;1;1;1;
13264;202100008667;186 249;B01;2;7;0;2;4;1;1;
13265;202100008667;186 250;C01;2;7;0;2;4;1;1;
13266;202100008668;186 246;B01;1;33;0;2;2;1;1;
13267;202100008668;186 247;A01;1;7;0;2;6;11;1;
13268;202100008669;186 243;A01;1;7;0;2;4;1;1;
13269;202100008669;186 244;C01;1;14;0;2;1;2;1;
13270;202100008669;186 245;B01;1;7;0;2;4;2;1;
13271;202100008670;186 241;B01;2;33;0;2;7;3;1;
13272;202100008670;186 242;A01;2;7;0;2;8;11;2;
13273;202100008671;186 239;B01;2;7;0;2;3;1;1;
13274;202100008671;186 240;A01;1;2;0;2;3;13;1;
13275;202100008672;186 237;B01;3;7;0;2;2;21;1;
13276;202100008672;186 238;A01;3;7;0;2;2;11;1;
13277;202100008673;186 236;A01;2;31;0;1;1;1;1;
13278;202100008674;186 234;A01;3;0;0;2;0;21;0;
13279;202100008674;186 235;B01;3;33;0;2;0;21;1;
13280;202100008675;186 232;A01;2;7;0;9;6;10;1;
13281;202100008675;186 233;B01;1;34;0;2;1;3;1;
13282;202100008676;186 230;B01;1;2;0;2;3;9;1;
13283;202100008676;186 231;A01;1;15;0;2;5;9;1;
13284;202100008677;186 228;A01;1;7;0;2;3;10;1;
13285;202100008677;186 229;B01;2;31;0;2;7;2;1;
13286;202100008678;186 226;A01;1;33;0;2;1;18;1;
13287;202100008678;186 227;B01;1;7;0;2;7;16;1;
13288;202100008680;186 223;A01;1;37;0;2;2;16;1;1.0
13289;202100008680;186 224;B01;1;1;0;2;3;1;5;
13290;202100008681;186 221;B01;2;7;0;2;1;1;1;
13291;202100008681;186 222;A01;1;7;8;2;1;5;1;
13292;202100008682;186 218;B01;1;32;1;2;1;3;1;
13293;202100008682;186 219;C01;2;7;0;2;6;24;1;
13294;202100008682;186 220;A01;1;10;0;2;5;1;1;
13295;202100008683;186 217;A01;1;10;0;1;3;1;1;
13296;202100008684;186 214;C01;1;37;0;2;4;23;1;1.0
13297;202100008684;186 215;B01;1;7;0;2;4;23;1;
13298;202100008684;186 216;A01;1;7;0;2;1;1;1;
13299;202100008685;186 212;B01;3;7;0;2;3;1;2;
13300;202100008685;186 213;A01;1;7;0;2;2;12;1;
13301;202100008687;186 208;Z01;3;7;0;2;1;5;1;
13302;202100008687;186 209;B01;3;43;0;2;1;1;1;
13303;202100008688;186 205;Z01;3;7;0;2;4;2;0;
13304;202100008688;186 206;B01;3;30;0;2;1;0;1;
13305;202100008688;186 207;A01;1;33;0;2;7;26;1;
13306;202100008689;186 203;A01;1;7;0;2;2;15;1;
13307;202100008689;186 204;B01;2;1;0;2;1;1;5;
13308;202100008690;186 201;A01;1;33;0;2;8;1;1;
13309;202100008690;186 202;B01;1;7;0;2;2;14;1;
13310;202100008691;186 200;A01;1;7;12;0;7;14;1;
13311;202100008692;186 198;A01;0;7;3;2;1;5;1;
13312;202100008692;186 199;B01;0;7;0;2;1;1;1;
13313;202100008693;186 197;A01;0;7;0;1;3;20;1;
13314;202100008695;186 193;A01;1;7;0;2;3;9;1;
13315;202100008695;186 194;B01;1;50;0;2;0;0;3;
13316;202100008696;186 192;A01;1;7;1;0;3;14;1;
13317;202100008697;186 191;A01;3;7;0;1;1;26;1;
13318;202100008698;186 190;A01;2;7;3;0;2;1;1;
13319;202100008700;186 187;A01;1;30;0;2;1;0;1;
13320;202100008700;186 188;B01;2;30;0;2;3;0;1;
13321;202100008701;186 184;A01;3;7;9;0;1;1;1;
13322;202100008702;186 182;B01;2;50;0;2;1;15;3;
13323;202100008702;186 183;A01;1;14;0;2;3;15;1;
13324;202100008703;186 180;A01;3;7;0;2;2;1;1;
13325;202100008703;186 181;B01;3;7;0;2;5;15;0;
13326;202100008704;186 179;A01;1;1;0;1;3;1;5;
13327;202100008705;186 177;A01;1;31;0;2;0;17;1;
13328;202100008705;186 178;B01;2;7;0;2;3;15;1;
13329;202100008706;186 174;B01;2;7;0;2;1;15;1;
13330;202100008706;186 175;C01;2;7;0;2;3;1;1;
13331;202100008706;186 176;A01;1;2;0;2;1;1;1;
13332;202100008708;186 169;B01;2;7;0;2;4;15;1;
13333;202100008708;186 170;A01;2;31;0;2;1;1;1;
13334;202100008709;186 167;B01;3;7;0;2;1;1;1;
13335;202100008709;186 168;A01;3;33;0;2;1;13;1;
13336;202100008710;186 165;B01;1;32;0;2;1;1;1;
13337;202100008710;186 166;A01;1;7;0;2;1;9;1;
13338;202100008711;186 163;B01;2;7;0;2;1;1;1;
13339;202100008711;186 164;A01;2;7;0;2;2;9;1;
13340;202100008712;186 161;A01;2;31;0;2;1;17;1;
13341;202100008712;186 162;B01;2;7;0;2;8;15;1;
13342;202100008715;186 156;A01;1;33;0;2;1;26;1;
13343;202100008715;186 157;B01;3;7;0;2;8;19;1;
13344;202100008716;186 153;A01;1;7;0;2;4;1;1;
13345;202100008716;186 154;C01;1;7;0;2;1;1;1;
13346;202100008716;186 155;B01;1;7;0;2;1;1;1;
13347;202100008718;186 150;A01;1;7;0;1;2;1;1;
13348;202100008719;186 148;A01;1;7;0;2;1;1;1;
13349;202100008719;186 149;B01;1;1;0;2;4;1;5;
13350;202100008720;186 146;B01;2;2;15;2;8;1;1;
13351;202100008720;186 147;A01;1;7;0;2;1;15;1;
13352;202100008721;186 144;B01;1;7;0;2;1;1;1;
13353;202100008721;186 145;A01;1;1;0;2;3;26;5;
13354;202100008722;186 143;A01;2;33;0;0;0;1;1;
13355;202100008723;186 142;A01;3;1;0;2;1;19;5;
13356;202100008724;186 140;A01;3;7;0;2;7;15;1;
13357;202100008724;186 141;B01;3;33;0;2;1;1;1;
13358;202100008725;186 136;D01;1;7;0;2;4;2;1;
13359;202100008725;186 137;C01;1;7;0;2;4;2;1;
13360;202100008725;186 138;B01;1;7;0;2;1;2;1;
13361;202100008725;186 139;A01;1;7;0;2;1;2;1;
13362;202100008726;186 134;B01;0;7;0;2;2;23;1;
13363;202100008726;186 135;A01;0;80;14;0;0;1;3;
13364;202100008727;186 133;A01;1;7;0;1;1;16;1;
13365;202100008728;186 132;A01;1;7;0;1;1;1;1;
13366;202100008729;186 130;A01;1;7;15;2;1;15;1;
13367;202100008729;186 131;B01;2;7;0;2;1;1;1;
13368;202100008730;186 129;A01;3;7;6;0;1;14;1;
13369;202100008731;186 127;B01;3;33;0;2;8;1;1;
13370;202100008731;186 128;A01;3;7;0;2;2;15;1;
13371;202100008732;186 126;A01;1;7;0;1;1;9;1;
13372;202100008733;186 124;A01;1;32;1;2;3;9;1;
13373;202100008733;186 125;D01;0;7;0;2;4;24;1;
13374;202100008734;186 122;B01;1;1;0;2;1;1;5;
13375;202100008734;186 123;A01;1;21;0;9;7;15;1;
13376;202100008735;186 120;B01;2;7;0;2;3;1;1;
13377;202100008735;186 121;A01;1;10;0;2;3;5;1;
13378;202100008736;186 118;A01;2;7;0;2;3;15;1;
13379;202100008736;186 119;B01;1;32;0;2;8;1;1;
13380;202100008737;186 116;A01;1;99;0;2;3;10;1;
13381;202100008737;186 117;B01;2;31;0;2;3;1;1;
13382;202100008738;186 115;A01;3;7;0;1;1;2;1;
13383;202100008739;186 114;A01;0;7;0;1;1;1;1;
13384;202100008740;186 112;A01;3;7;0;2;1;16;1;
13385;202100008740;186 113;B01;3;1;0;2;1;5;0;
13386;202100008741;186 110;A01;3;31;0;2;0;1;1;
13387;202100008741;186 111;B01;3;10;0;2;3;15;0;
13388;202100008742;186 108;A01;1;2;0;2;3;11;1;
13389;202100008742;186 109;B01;1;7;0;2;7;1;1;
13390;202100008743;186 106;B01;2;7;0;2;8;1;1;
13391;202100008743;186 107;A01;2;33;0;2;2;3;1;
13392;202100008744;186 105;A01;1;33;4;0;7;3;1;
13393;202100008745;186 103;A01;1;7;0;2;2;15;1;
13394;202100008745;186 104;B01;2;30;0;2;1;1;1;
13395;202100008746;186 101;A01;1;7;0;2;8;22;1;
13396;202100008746;186 102;B01;1;50;0;2;7;1;3;
13397;202100008747;186 099;B01;1;32;0;2;2;1;1;
13398;202100008747;186 100;A01;1;30;0;2;8;7;1;
13399;202100008748;186 098;A01;2;7;0;1;1;1;1;
13400;202100008749;186 096;B01;2;1;0;2;4;15;5;
13401;202100008749;186 097;A01;2;32;0;2;1;14;1;
13402;202100008750;186 095;A01;1;43;0;2;8;21;1;
13403;202100008751;186 093;Z01;3;30;0;2;0;1;0;
13404;202100008751;186 094;A01;1;50;0;2;7;19;3;
13405;202100008752;186 091;B01;3;50;0;2;8;19;3;
13406;202100008752;186 092;A01;1;33;0;2;1;8;1;
13407;202100008753;186 090;A01;2;7;0;1;1;16;1;
13408;202100008754;186 089;A01;2;7;0;1;1;1;1;
13409;202100008755;186 088;A01;1;30;0;0;0;1;3;
13410;202100008756;186 086;B01;1;10;0;2;6;1;1;
13411;202100008756;186 087;A01;3;32;0;2;6;11;1;
13412;202100008757;186 084;Z01;1;7;0;2;0;17;0;
13413;202100008757;186 085;A01;1;1;0;2;8;13;5;
13414;202100008758;186 083;A01;1;1;0;1;5;1;5;
13415;202100008759;186 081;B01;1;80;0;2;1;1;3;
13416;202100008759;186 082;A01;2;50;0;2;1;5;3;
13417;202100008760;186 079;B01;3;33;0;2;1;16;1;
13418;202100008760;186 080;A01;3;7;0;2;7;14;1;
13419;202100008761;186 077;A01;1;1;0;2;7;5;5;
13420;202100008761;186 078;B01;1;7;0;2;3;15;2;
13421;202100008762;186 075;A01;2;7;0;2;2;9;1;
13422;202100008762;186 076;B01;2;7;0;2;1;1;1;
13423;202100008764;186 071;B01;2;43;0;2;1;19;1;
13424;202100008764;186 072;A01;2;7;0;2;3;15;1;
13425;202100008765;186 070;A01;1;7;0;2;8;1;1;
13426;202100008767;186 067;A01;3;7;0;2;2;15;1;
13427;202100008767;186 068;VB01;3;34;0;2;1;1;1;
13428;202100008770;186 063;A01;1;30;1;0;8;1;1;
13429;202100008771;186 062;A01;2;20;6;0;1;1;1;
13430;202100008772;186 060;A01;1;40;0;2;1;26;3;
13431;202100008772;186 061;B01;3;60;0;-1;4;26;5;
13432;202100008773;186 058;A01;1;99;0;2;1;2;0;
13433;202100008773;186 059;B01;1;37;0;2;4;1;1;2.0
13434;202100008774;186 056;B01;3;7;0;2;0;0;0;
13435;202100008774;186 057;A01;0;33;0;2;1;17;0;
13436;202100008775;186 055;A01;1;7;0;1;2;1;1;
13437;202100008776;186 054;A01;2;32;1;0;7;21;1;
13438;202100008777;186 053;A01;1;7;9;1;3;26;1;
13439;202100008778;186 052;A01;1;7;0;1;2;15;2;
13440;202100008779;186 051;A01;1;7;0;1;1;15;1;
13441;202100008781;186 049;A01;1;7;0;1;6;4;2;
13442;202100008782;186 048;A01;1;30;0;0;0;1;1;
13443;202100008784;186 044;B01;3;7;0;2;3;15;1;
13444;202100008784;186 045;A01;2;2;0;2;1;1;1;
13445;202100008785;186 042;A01;1;33;0;0;0;21;1;
13446;202100008785;186 043;B01;2;7;0;0;0;5;1;
13447;202100008786;186 039;A01;1;7;0;2;1;5;0;
13448;202100008786;186 040;B01;2;7;0;2;1;1;0;
13449;202100008786;186 041;C01;2;38;0;2;8;1;1;1.0
13450;202100008788;186 036;B01;2;2;0;2;1;1;1;
13451;202100008788;186 037;A01;1;7;0;2;3;5;1;
13452;202100008789;186 035;A01;3;33;0;1;2;1;1;
13453;202100008790;186 034;A01;1;7;13;0;2;1;1;
13454;202100008791;186 033;A01;1;7;6;2;2;1;1;
13455;202100008792;186 031;A01;3;21;0;2;3;13;1;
13456;202100008792;186 032;B01;3;7;0;2;1;1;1;
13457;202100008793;186 030;A01;1;7;6;0;1;1;1;
13458;202100008794;186 029;A01;1;7;2;0;1;1;0;
13459;202100008795;186 027;B01;3;3;0;2;1;1;1;
13460;202100008795;186 028;A01;3;7;0;2;1;13;1;
13461;202100008796;186 026;A01;3;2;9;0;1;1;1;
13462;202100008797;186 024;B01;1;7;0;0;1;1;1;
13463;202100008797;186 025;A01;1;14;0;0;7;16;1;
13464;202100008798;186 023;A01;1;2;0;1;1;1;1;
13465;202100008799;186 020;C01;1;7;0;2;1;1;1;
13466;202100008799;186 021;B01;1;15;0;2;8;1;1;
13467;202100008799;186 022;A01;2;33;0;2;8;13;1;
13468;202100008800;186 017;A01;2;7;4;0;3;0;1;
13469;202100008801;186 013;A01;2;7;6;0;2;1;1;
13470;202100008802;186 010;A01;2;7;0;0;5;15;1;
13471;202100008802;186 011;B01;2;32;0;2;1;17;1;
13472;202100008803;186 009;A01;3;7;0;1;8;1;1;
13473;202100008805;186 006;B01;1;7;0;2;1;15;1;
13474;202100008805;186 007;A01;1;33;0;2;1;2;1;
13475;202100008807;186 003;A01;1;10;0;1;2;1;1;
13476;202100008808;186 001;A01;1;7;0;2;3;13;1;
13477;202100008808;186 002;B01;2;7;0;2;1;1;1;
13478;202100008809;186 000;A01;0;2;0;0;0;0;1;
13479;202100008810;185 998;B01;3;7;0;2;3;9;1;
13480;202100008810;185 999;A01;3;50;0;2;2;1;3;
13481;202100008811;185 997;A01;3;7;0;1;0;1;1;
13482;202100008812;185 996;A01;2;7;2;0;3;5;1;
13483;202100008813;185 994;B01;2;7;0;2;1;1;1;
13484;202100008813;185 995;A01;2;7;0;2;3;9;1;
13485;202100008816;185 988;B01;3;33;0;2;1;1;1;
13486;202100008816;185 989;A01;3;10;0;0;5;15;1;
13487;202100008817;185 987;A01;1;7;0;1;1;1;1;
13488;202100008818;185 985;A01;2;7;0;2;4;1;1;
13489;202100008818;185 986;B01;2;7;0;2;1;1;1;
13490;202100008819;185 982;A01;2;10;0;2;4;2;1;
13491;202100008819;185 983;B01;2;7;0;2;4;2;1;
13492;202100008819;185 984;C01;2;7;0;2;1;0;1;
13493;202100008820;185 980;B01;0;7;0;2;4;1;1;
13494;202100008820;185 981;A01;2;7;0;2;1;1;1;
13495;202100008821;185 978;B01;1;7;0;2;1;1;1;
13496;202100008821;185 979;A01;1;7;0;2;4;1;1;
13497;202100008822;185 975;B01;1;7;4;2;8;1;1;
13498;202100008822;185 976;A01;1;17;0;2;2;12;1;
13499;202100008822;185 977;C01;1;10;14;0;8;1;1;
13500;202100008823;185 970;A01;1;10;0;2;1;2;1;
13501;202100008823;185 971;B01;1;7;0;2;4;1;1;
13502;202100008823;185 972;C01;1;15;0;2;1;1;1;
13503;202100008823;185 973;D01;1;7;0;2;1;2;1;
13504;202100008823;185 974;E01;1;7;0;2;4;1;1;
13505;202100008824;185 968;B01;1;33;0;2;1;3;1;
13506;202100008824;185 969;A01;1;7;3;2;4;23;1;
13507;202100008826;185 964;B01;2;7;0;2;4;1;1;
13508;202100008826;185 965;A01;2;7;0;2;1;1;1;
13509;202100008827;185 962;A01;2;10;0;2;0;0;1;
13510;202100008827;185 963;B01;2;33;0;2;0;2;1;
13511;202100008828;185 960;B01;2;7;0;2;4;1;1;
13512;202100008828;185 961;A01;2;33;0;2;1;1;1;
13513;202100008829;185 959;A01;2;7;6;0;0;14;1;
13514;202100008830;185 957;B01;1;33;0;2;8;1;1;
13515;202100008830;185 958;A01;1;10;0;2;2;14;1;
13516;202100008831;185 955;B01;2;7;0;2;5;2;1;
13517;202100008831;185 956;A01;2;31;0;2;1;1;1;
13518;202100008832;185 952;C01;1;10;0;2;4;2;1;
13519;202100008832;185 953;B01;1;7;0;2;4;2;1;
13520;202100008832;185 954;A01;1;7;3;2;1;1;1;
13521;202100008834;185 949;B01;2;33;4;2;1;3;1;
13522;202100008834;185 950;A01;2;17;3;2;2;1;1;
13523;202100008835;185 947;B01;1;7;0;2;4;2;1;
13524;202100008835;185 948;A01;1;7;0;2;1;1;1;
13525;202100008836;185 946;A01;2;7;0;2;1;0;1;
13526;202100008837;185 945;A01;3;33;0;0;8;1;1;
13527;202100008838;185 944;A01;1;32;3;0;1;6;1;
13528;202100008839;185 942;B01;1;7;0;2;7;1;1;
13529;202100008839;185 943;A01;1;7;0;2;1;1;1;
13530;202100008840;185 940;Z01;1;30;0;2;1;18;0;
13531;202100008840;185 941;A01;2;30;0;2;1;15;1;
13532;202100008841;185 938;A01;1;7;0;2;8;16;1;
13533;202100008841;185 939;B01;2;80;0;2;1;1;3;
13534;202100008842;185 935;B01;1;7;0;2;3;1;1;
13535;202100008842;185 936;A01;1;30;0;2;1;15;1;
13536;202100008843;185 933;A01;1;1;0;2;1;2;5;
13537;202100008843;185 934;B01;1;7;0;2;5;23;1;
13538;202100008844;185 931;A01;1;7;0;2;7;15;1;
13539;202100008844;185 932;B01;2;43;0;2;1;1;1;
13540;202100008845;185 929;B01;3;7;0;2;8;1;3;
13541;202100008845;185 930;A01;1;1;0;2;1;1;5;
13542;202100008846;185 927;A01;1;32;0;2;1;17;1;
13543;202100008846;185 928;B01;3;80;0;2;8;19;3;
13544;202100008847;185 926;A01;1;10;0;1;3;1;1;
13545;202100008848;185 925;Z01;2;30;0;1;1;15;0;
13546;202100008849;185 922;Z01;2;37;0;0;7;16;0;1.0
13547;202100008849;185 923;A01;2;7;0;2;5;23;1;
13548;202100008849;185 924;B01;2;1;0;2;8;23;5;
13549;202100008850;185 920;A01;1;7;0;2;8;22;2;
13550;202100008850;185 921;B01;1;1;1;0;2;1;5;
13551;202100008851;185 918;A01;1;7;0;2;1;1;1;
13552;202100008851;185 919;B01;1;7;0;2;3;9;1;
13553;202100008853;185 914;B01;1;7;0;2;4;23;1;
13554;202100008853;185 915;A01;2;7;0;2;1;1;0;
13555;202100008854;185 912;A01;1;7;0;2;3;13;1;
13556;202100008854;185 913;B01;1;10;0;2;3;1;1;
13557;202100008855;185 910;A01;-1;34;0;2;1;26;1;
13558;202100008855;185 911;B01;-1;7;0;2;6;26;1;
13559;202100008856;185 909;A01;1;10;0;1;3;26;0;
13560;202100008858;185 906;A01;3;33;0;1;1;1;1;
13561;202100008859;185 905;A01;1;7;0;1;1;1;1;
13562;202100008860;185 904;A01;3;1;0;1;1;26;5;
13563;202100008861;185 901;A01;1;7;0;2;9;1;1;
13564;202100008861;185 902;B01;1;7;0;2;5;15;1;
13565;202100008861;185 903;C01;1;7;0;2;8;1;1;
13566;202100008862;185 899;B01;1;30;0;2;1;0;1;
13567;202100008862;185 900;A01;1;30;0;2;7;15;1;
13568;202100008863;185 898;A01;1;50;0;1;1;1;3;
13569;202100008865;185 894;B01;2;10;0;2;5;23;1;
13570;202100008865;185 895;A01;2;33;0;2;8;9;1;
13571;202100008866;185 892;A01;3;10;0;2;1;19;1;
13572;202100008866;185 893;B01;3;2;0;2;8;1;1;
13573;202100008867;185 891;A01;3;7;6;0;2;1;1;
13574;202100008868;185 889;B01;2;15;0;0;6;2;1;
13575;202100008868;185 890;A01;2;10;0;2;1;2;1;
13576;202100008870;185 883;A01;1;15;3;0;2;1;1;
13577;202100008870;185 884;B01;2;7;3;0;1;1;1;
13578;202100008870;185 885;C01;2;7;0;2;4;1;1;
13579;202100008870;185 886;D01;2;7;3;2;1;1;1;
13580;202100008871;185 882;A01;1;7;0;1;1;17;2;
13581;202100008872;185 881;A01;1;17;13;0;2;1;1;
13582;202100008873;185 879;A01;1;10;0;2;1;2;1;
13583;202100008873;185 880;B01;1;7;0;2;4;2;1;
13584;202100008874;185 878;A01;1;7;0;1;3;1;1;
13585;202100008875;185 876;B01;2;2;15;2;3;1;1;
13586;202100008875;185 877;A01;1;7;0;2;3;15;1;
13587;202100008876;185 875;A01;2;7;6;0;1;2;1;
13588;202100008877;185 874;A01;2;7;13;0;1;13;1;
13589;202100008878;185 872;A01;1;80;0;0;4;2;3;
13590;202100008878;185 873;B01;1;7;0;2;2;2;1;
13591;202100008879;185 870;A01;1;10;0;2;3;19;3;
13592;202100008879;185 871;B01;1;7;0;2;1;1;1;
13593;202100008880;185 866;A01;2;7;0;2;1;17;1;
13594;202100008880;185 867;B01;1;7;0;2;3;2;1;
13595;202100008880;185 868;C01;1;7;0;2;1;2;1;
13596;202100008880;185 869;D01;2;7;0;9;1;2;1;
13597;202100008881;185 865;A01;1;7;2;0;3;1;1;
13598;202100008882;185 864;A01;1;7;0;1;2;16;1;
13599;202100008883;185 862;A01;2;1;0;2;1;2;5;
13600;202100008883;185 863;B01;2;7;0;0;5;2;1;
13601;202100008884;185 861;A01;2;7;6;0;3;1;1;
13602;202100008885;185 857;B01;1;1;0;2;3;2;5;
13603;202100008885;185 858;A01;1;7;0;9;2;2;1;
13604;202100008886;185 856;A01;2;7;0;1;2;21;1;
13605;202100008887;185 854;B01;1;7;0;2;2;15;1;
13606;202100008887;185 855;A01;1;2;0;0;4;1;1;
13607;202100008888;185 852;A01;1;7;0;2;2;15;1;
13608;202100008888;185 853;B01;2;30;0;2;1;1;1;
13609;202100008889;185 850;A01;1;7;0;2;7;15;1;
13610;202100008889;185 851;B01;2;33;0;2;1;1;1;
13611;202100008890;185 847;A01;1;7;0;2;4;1;1;
13612;202100008890;185 848;B01;1;7;0;2;4;1;1;
13613;202100008890;185 849;C01;1;10;0;2;1;1;1;
13614;202100008891;185 846;A01;1;10;0;1;3;1;1;
13615;202100008892;185 845;A01;2;7;4;0;3;0;1;
13616;202100008893;185 843;A01;3;7;0;2;3;13;1;
13617;202100008893;185 844;B01;0;37;0;2;3;1;1;2.0
13618;202100008894;185 842;A01;1;7;0;0;2;1;1;
13619;202100008895;185 839;A01;1;7;0;2;1;13;1;
13620;202100008895;185 840;B01;2;10;0;0;1;1;1;
13621;202100008895;185 841;C01;1;7;0;0;2;2;1;
13622;202100008897;185 836;A01;3;36;0;0;9;1;1;
13623;202100008898;185 835;A01;1;10;0;2;2;2;1;
13624;202100008899;185 832;C01;2;7;0;2;1;1;1;
13625;202100008899;185 833;B01;2;7;0;2;1;1;1;
13626;202100008899;185 834;A01;2;7;0;0;4;1;1;
13627;202100008901;185 829;A01;1;33;0;0;0;0;1;
13628;202100008902;185 827;B01;1;7;0;2;2;1;1;
13629;202100008902;185 828;A01;2;7;0;2;1;16;1;
13630;202100008903;185 825;B01;1;33;0;2;1;1;1;
13631;202100008903;185 826;A01;2;7;0;0;8;9;1;
13632;202100008904;185 824;A01;2;7;0;0;8;1;1;
13633;202100008905;185 822;B01;2;20;0;2;3;1;1;
13634;202100008905;185 823;A01;1;7;0;2;3;1;1;
13635;202100008906;185 819;A01;2;7;12;0;0;0;1;
13636;202100008907;185 817;B01;3;21;0;2;4;1;1;
13637;202100008907;185 818;A01;3;7;0;2;1;1;1;
13638;202100008909;185 810;C01;1;15;0;2;1;2;1;
13639;202100008909;185 811;A01;1;7;0;2;4;2;1;
13640;202100008909;185 812;B01;1;7;0;2;4;2;1;
13641;202100008910;185 806;D01;2;33;0;2;4;1;1;
13642;202100008910;185 807;C01;2;7;0;2;4;1;1;
13643;202100008910;185 808;B01;2;7;0;2;3;1;1;
13644;202100008910;185 809;A01;2;7;3;2;2;17;1;
13645;202100008911;185 804;B01;1;33;0;2;8;1;1;