;Num_Acc;id_vehicule;num_veh;senc;catv;obs;obsm;choc;manv;motor;occutc
13646;202100008911;185 805;A01;1;10;0;2;7;12;1;
13647;202100008912;185 802;B01;1;7;0;2;5;23;1;
13648;202100008912;185 803;A01;1;7;0;2;3;2;1;
13649;202100008913;185 797;A01;2;33;0;2;1;3;1;
13650;202100008913;185 798;E01;2;10;0;2;3;2;1;
13651;202100008913;185 799;B01;2;7;0;2;6;2;1;
13652;202100008913;185 800;D01;2;7;0;2;4;2;1;
13653;202100008913;185 801;C01;2;7;0;2;2;2;1;
13654;202100008915;185 784;B01;2;17;4;2;2;12;1;
13655;202100008915;185 785;A01;2;7;4;2;3;18;1;
13656;202100008916;185 782;B01;1;7;0;2;3;2;1;
13657;202100008916;185 783;A01;1;30;4;2;4;2;1;
13658;202100008917;185 781;A01;1;33;0;9;7;1;1;
13659;202100008918;185 779;B01;1;1;0;2;7;2;5;
13660;202100008918;185 780;A01;2;7;0;2;1;1;1;
13661;202100008919;185 777;A01;1;7;0;2;1;10;1;
13662;202100008919;185 778;B01;1;33;0;2;1;1;1;
13663;202100008920;185 775;A01;3;7;0;2;2;15;1;
13664;202100008920;185 776;B01;3;7;0;2;1;1;1;
13665;202100008921;185 774;A01;1;7;0;1;1;20;1;
13666;202100008922;185 772;B01;2;7;0;2;6;15;1;
13667;202100008922;185 773;A01;2;7;0;2;1;13;1;
13668;202100008923;185 768;A01;1;7;0;2;1;13;1;
13669;202100008923;185 769;B01;2;7;0;2;1;26;1;
13670;202100008924;185 766;B01;1;7;0;2;1;26;0;
13671;202100008924;185 767;A01;1;99;0;2;3;26;0;
13672;202100008926;185 763;A01;1;32;0;1;7;1;1;
13673;202100008927;185 761;B01;2;7;0;2;8;19;1;
13674;202100008927;185 762;A01;2;50;0;2;1;19;3;
13675;202100008928;185 758;C01;1;7;0;2;4;2;1;
13676;202100008928;185 759;B01;1;7;0;2;9;2;1;
13677;202100008928;185 760;A01;1;7;0;2;1;2;1;
13678;202100008929;185 756;A01;1;32;0;2;7;1;1;
13679;202100008929;185 757;B01;1;7;0;2;5;1;1;
13680;202100008930;185 754;B01;2;10;0;2;8;9;1;
13681;202100008930;185 755;A01;2;7;0;2;2;1;2;
13682;202100008931;185 753;A01;2;33;12;0;7;2;1;
13683;202100008932;185 751;A01;1;30;12;0;8;26;1;
13684;202100008932;185 752;Z01;2;7;1;0;3;21;1;
13685;202100008933;185 750;A01;1;36;12;0;1;14;1;
13686;202100008934;185 749;A01;1;7;2;0;1;1;1;
13687;202100008936;185 745;B01;1;1;0;2;0;16;5;
13688;202100008936;185 746;A01;1;7;0;2;0;15;1;
13689;202100008937;185 743;B01;0;7;0;2;8;15;1;
13690;202100008937;185 744;A01;0;7;0;2;1;15;1;
13691;202100008938;185 741;A01;1;7;9;0;3;1;1;
13692;202100008938;185 742;B01;1;30;0;2;4;1;1;
13693;202100008939;185 737;B01;1;0;0;2;0;0;0;
13694;202100008939;185 738;A01;1;30;12;0;0;1;1;
13695;202100008940;185 735;A01;1;10;0;2;3;2;1;
13696;202100008940;185 736;B01;1;7;0;2;4;2;1;
13697;202100008941;185 733;A01;2;7;0;2;3;2;1;
13698;202100008941;185 734;B01;2;7;0;2;5;2;1;
13699;202100008942;185 731;A01;1;99;0;2;1;19;3;
13700;202100008942;185 732;B01;1;7;0;2;3;1;1;
13701;202100008943;185 729;B01;3;2;0;2;1;1;1;
13702;202100008943;185 730;A01;3;7;0;2;3;15;1;
13703;202100008945;185 726;A01;0;7;14;0;1;1;1;
13704;202100008946;185 724;Z01;2;7;0;2;7;17;0;
13705;202100008946;185 725;A01;2;50;0;2;8;26;3;
13706;202100008948;185 721;Z01;3;7;0;1;0;1;0;
13707;202100008949;185 720;A01;1;7;0;1;2;21;1;
13708;202100008950;185 718;A01;1;7;2;2;1;1;1;
13709;202100008950;185 719;B01;1;7;0;2;4;23;1;
13710;202100008951;185 716;A01;1;30;0;2;1;9;1;
13711;202100008951;185 717;B01;2;7;0;2;3;9;1;
13712;202100008952;185 713;A01;2;7;0;2;1;1;1;
13713;202100008952;185 714;C01;2;7;0;2;4;1;1;
13714;202100008952;185 715;B01;2;7;0;2;4;1;1;
13715;202100008953;185 711;A01;3;7;0;2;1;19;1;
13716;202100008953;185 712;B01;3;32;0;2;7;15;1;
13717;202100008954;185 709;B01;0;7;0;2;2;11;1;
13718;202100008954;185 710;A01;0;7;0;2;1;8;1;
13719;202100008955;185 708;Z01;2;7;1;1;1;1;1;
13720;202100008956;185 707;A01;2;7;0;1;1;1;1;
13721;202100008957;185 706;A01;3;7;0;5;1;26;1;
13722;202100008958;185 705;A01;3;7;13;0;9;13;1;
13723;202100008959;185 704;A01;3;7;0;1;4;26;1;
13724;202100008960;185 701;B01;2;7;0;2;1;23;1;
13725;202100008960;185 702;A01;1;7;0;2;1;5;1;
13726;202100008960;185 703;C01;2;7;0;2;1;23;1;
13727;202100008961;185 699;B01;2;7;0;2;1;1;1;
13728;202100008961;185 700;A01;1;7;0;2;7;21;1;
13729;202100008963;185 695;A01;1;1;0;2;4;11;5;
13730;202100008963;185 696;B01;1;7;0;2;2;1;1;
13731;202100008965;185 692;A01;1;30;0;2;0;21;1;
13732;202100008965;185 693;B01;2;7;0;2;0;15;3;
13733;202100008966;185 690;Z01;2;7;0;2;0;10;1;
13734;202100008966;185 691;A01;2;1;0;2;1;1;5;
13735;202100008967;185 688;B01;1;80;0;2;1;1;3;
13736;202100008967;185 689;A01;1;7;0;2;2;15;1;
13737;202100008969;185 684;A01;2;1;0;2;1;19;5;
13738;202100008969;185 685;Z01;1;7;0;2;4;16;0;
13739;202100008970;185 682;A01;1;33;0;2;2;1;1;
13740;202100008970;185 683;Z01;1;10;0;2;6;15;1;
13741;202100008971;185 680;A01;1;30;0;2;1;15;1;
13742;202100008971;185 681;B01;2;1;0;2;1;16;5;
13743;202100008972;185 678;B01;2;7;0;2;1;2;1;
13744;202100008972;185 679;A01;2;7;0;2;4;23;1;
13745;202100008973;185 676;A01;1;1;0;2;2;19;5;
13746;202100008973;185 677;B01;1;7;0;9;2;1;1;
13747;202100008974;185 674;A01;0;7;0;2;1;13;1;
13748;202100008974;185 675;B01;0;10;0;2;1;2;1;
13749;202100008975;185 671;C01;1;7;0;0;0;0;0;
13750;202100008975;185 672;B01;1;7;0;2;4;0;1;
13751;202100008975;185 673;A01;1;7;0;2;1;0;1;
13752;202100008976;185 669;A01;1;34;0;2;7;9;1;
13753;202100008976;185 670;B01;2;7;0;0;0;26;1;
13754;202100008977;185 667;A01;2;50;0;2;3;16;3;
13755;202100008977;185 668;B01;2;7;0;2;8;1;1;
13756;202100008978;185 666;A01;3;7;0;2;1;1;1;
13757;202100008979;185 665;A01;2;33;12;0;2;14;1;
13758;202100008980;185 664;A01;3;7;0;1;1;19;4;
13759;202100008981;185 663;A01;1;36;3;0;1;26;1;
13760;202100008982;185 662;A01;2;7;0;1;2;1;1;
13761;202100008983;185 661;A01;1;7;0;1;1;1;1;
13762;202100008985;185 657;A01;1;7;0;2;2;14;1;
13763;202100008985;185 658;B01;1;7;0;2;3;1;1;
13764;202100008986;185 655;A01;2;7;0;2;2;2;1;
13765;202100008986;185 656;B01;2;7;0;0;4;1;1;
13766;202100008987;185 653;A01;1;33;0;2;2;21;1;
13767;202100008987;185 654;B01;2;7;0;2;2;15;1;
13768;202100008988;185 652;A01;0;7;0;1;2;19;1;
13769;202100008989;185 650;A01;1;7;0;0;3;1;1;
13770;202100008989;185 651;B01;0;1;0;2;2;1;5;
13771;202100008990;185 648;B01;3;7;0;2;1;1;1;
13772;202100008990;185 649;A01;3;7;0;2;6;19;1;
13773;202100008991;185 646;A01;3;7;0;2;1;13;1;
13774;202100008991;185 647;B01;3;99;0;2;1;1;1;
13775;202100008992;185 642;B01;1;10;0;2;1;1;1;
13776;202100008992;185 643;A01;1;7;0;2;4;1;1;
13777;202100008993;185 641;A01;2;33;0;6;1;1;1;
13778;202100008994;185 638;A01;1;7;2;0;2;1;1;
13779;202100008996;185 636;A01;1;33;0;0;0;26;1;
13780;202100008997;185 635;A01;2;7;0;0;0;0;1;
13781;202100008999;185 631;B01;1;7;0;2;6;15;1;
13782;202100008999;185 632;C01;2;7;0;2;3;1;1;
13783;202100008999;185 633;A01;1;7;0;2;1;13;1;
13784;202100009000;185 629;B01;2;1;0;2;1;1;5;
13785;202100009000;185 630;A01;2;16;0;2;0;19;1;
13786;202100009001;185 627;A01;2;10;3;2;1;13;1;
13787;202100009001;185 628;B01;1;7;0;2;1;1;1;
13788;202100009002;185 625;A01;1;7;0;2;1;13;1;
13789;202100009002;185 626;B01;2;14;0;2;1;1;1;
13790;202100009003;185 624;A01;3;16;16;0;8;16;1;
13791;202100009004;185 622;B01;1;7;0;2;2;1;1;
13792;202100009004;185 623;A01;2;7;0;2;1;13;1;
13793;202100009005;185 620;A01;2;7;0;2;7;13;1;
13794;202100009005;185 621;B01;1;10;0;2;1;1;1;
13795;202100009006;185 618;A01;2;2;0;2;1;0;1;
13796;202100009006;185 619;B01;1;7;0;2;3;0;1;
13797;202100009007;185 617;A01;1;33;0;0;1;1;1;
13798;202100009008;185 616;A01;2;7;2;0;1;13;1;
13799;202100009009;185 614;B01;1;7;0;2;2;13;1;
13800;202100009009;185 615;A01;2;7;0;2;2;21;1;
13801;202100009010;185 612;B01;2;7;0;0;0;2;1;
13802;202100009010;185 613;A01;2;7;2;0;2;17;1;
13803;202100009011;185 610;B01;2;1;0;2;0;1;5;
13804;202100009011;185 611;A01;1;7;0;2;3;15;1;
13805;202100009012;185 609;A01;3;7;2;0;1;1;1;
13806;202100009013;185 608;A01;3;21;2;0;1;26;6;
13807;202100009014;185 606;B01;2;7;0;1;7;1;1;
13808;202100009014;185 607;A01;3;7;0;2;1;5;1;
13809;202100009015;185 604;B01;1;7;0;2;8;15;1;
13810;202100009015;185 605;A01;1;43;0;2;1;3;1;
13811;202100009016;185 601;B01;1;1;0;2;1;1;5;
13812;202100009016;185 602;A01;2;10;0;9;3;9;1;
13813;202100009017;185 596;E01;2;7;14;0;0;2;1;
13814;202100009017;185 597;D01;2;7;14;0;0;17;1;
13815;202100009017;185 598;C01;2;7;14;0;0;17;1;
13816;202100009017;185 599;B01;2;17;0;0;4;2;1;
13817;202100009017;185 600;A01;2;7;0;2;1;2;1;
13818;202100009018;185 594;A01;2;7;0;2;1;2;1;
13819;202100009018;185 595;B01;1;7;0;0;4;1;1;
13820;202100009019;185 591;C01;2;10;0;0;4;23;1;
13821;202100009019;185 592;B01;2;7;0;2;1;1;1;
13822;202100009019;185 593;A01;2;7;3;2;2;17;1;
13823;202100009020;185 590;A01;1;7;13;0;9;2;1;
13824;202100009021;185 589;A01;2;7;3;0;3;13;1;
13825;202100009022;185 587;A01;1;7;0;2;4;1;1;
13826;202100009022;185 588;B01;1;10;0;2;1;1;1;
13827;202100009023;185 584;A01;2;7;0;2;1;1;1;
13828;202100009023;185 585;B01;2;7;0;0;4;1;1;
13829;202100009023;185 586;C01;2;7;0;0;7;17;1;
13830;202100009024;185 582;B01;1;33;0;2;1;1;1;
13831;202100009024;185 583;A01;2;10;0;2;2;15;1;
13832;202100009026;185 580;A01;1;33;13;0;1;1;1;
13833;202100009028;185 574;A01;1;33;4;0;0;1;1;
13834;202100009030;185 570;A01;1;33;0;2;7;1;1;
13835;202100009030;185 571;B01;2;7;0;2;2;9;2;
13836;202100009031;185 569;A01;2;2;0;0;0;1;1;
13837;202100009032;185 566;B01;2;2;0;2;1;1;1;
13838;202100009032;185 567;A01;1;7;0;2;2;15;1;
13839;202100009033;185 565;A01;3;36;2;0;2;1;1;
13840;202100009034;185 564;A01;1;7;13;0;2;1;1;
13841;202100009036;185 559;A01;0;7;0;2;3;1;1;
13842;202100009036;185 560;B01;0;7;0;2;3;1;1;
13843;202100009037;185 557;B01;2;7;0;2;8;1;1;
13844;202100009037;185 558;A01;2;7;0;2;5;14;1;
13845;202100009038;185 555;B01;1;7;0;2;1;0;1;
13846;202100009038;185 556;A01;1;7;0;2;4;1;1;
13847;202100009039;185 552;C01;1;32;0;2;8;1;1;
13848;202100009039;185 553;B01;1;10;0;2;3;14;1;
13849;202100009039;185 554;A01;1;7;0;2;5;2;1;
13850;202100009040;185 550;B01;1;7;0;2;4;1;1;
13851;202100009040;185 551;A01;1;10;0;2;1;9;1;
13852;202100009041;185 547;A01;1;7;0;2;4;1;1;
13853;202100009041;185 548;B01;1;7;1;0;1;1;1;
13854;202100009041;185 549;C01;1;7;0;2;0;0;1;
13855;202100009042;185 543;D01;1;7;0;2;4;1;1;
13856;202100009042;185 544;C01;1;7;0;2;4;0;1;
13857;202100009042;185 545;B01;1;7;0;2;6;1;1;
13858;202100009042;185 546;A01;1;7;0;2;1;2;1;
13859;202100009043;185 542;A01;2;7;4;0;2;14;1;
13860;202100009044;185 541;A01;2;7;13;0;1;16;1;
13861;202100009045;185 538;C01;2;7;0;2;4;2;2;
13862;202100009045;185 539;B01;2;7;0;2;1;2;1;
13863;202100009045;185 540;A01;2;7;0;2;1;2;1;
13864;202100009047;185 533;A01;1;7;1;2;1;2;1;
13865;202100009047;185 534;B01;1;10;1;2;4;0;1;
13866;202100009047;185 535;C01;1;7;1;2;4;0;1;
13867;202100009048;185 531;A01;1;7;0;2;8;13;1;
13868;202100009048;185 532;B01;1;7;0;2;2;1;2;
13869;202100009049;185 530;A01;1;7;13;0;1;2;1;
13870;202100009050;185 528;A01;2;10;0;2;2;17;1;
13871;202100009050;185 529;B01;2;7;0;2;6;1;1;
13872;202100009051;185 525;A01;1;10;0;2;1;14;1;
13873;202100009051;185 526;B01;1;7;0;2;4;1;1;
13874;202100009051;185 527;C01;1;7;0;2;5;1;1;
13875;202100009052;185 523;B01;2;7;0;2;4;24;1;
13876;202100009052;185 524;A01;2;10;1;0;1;1;1;
13877;202100009053;185 521;A01;2;7;0;2;1;2;1;
13878;202100009053;185 522;B01;2;7;0;2;4;2;1;
13879;202100009054;185 519;B01;1;7;0;2;8;1;1;
13880;202100009054;185 520;A01;1;7;0;2;7;1;1;
13881;202100009055;185 516;C01;2;7;0;2;3;13;1;
13882;202100009055;185 517;B01;2;7;0;2;7;1;1;
13883;202100009055;185 518;A01;2;7;0;2;5;1;1;
13884;202100009056;185 515;A01;1;33;0;0;0;1;1;
13885;202100009057;185 513;B01;1;7;0;2;4;1;1;
13886;202100009057;185 514;A01;1;7;0;2;1;2;1;
13887;202100009058;185 512;A01;1;7;4;2;3;26;1;
13888;202100009059;185 509;A01;2;7;0;2;1;9;2;
13889;202100009059;185 510;B01;2;7;0;2;1;2;1;
13890;202100009059;185 511;C01;2;7;0;2;4;1;1;
13891;202100009060;185 508;A01;1;7;0;1;2;1;1;
13892;202100009061;185 507;A01;3;7;0;1;1;1;1;
13893;202100009062;185 506;A01;1;31;0;1;7;1;1;
13894;202100009063;185 505;A01;3;7;0;0;0;26;0;
13895;202100009064;185 504;A01;1;7;12;0;1;26;1;
13896;202100009065;185 503;A01;2;7;0;0;9;14;1;
13897;202100009066;185 501;A01;2;32;0;2;6;13;1;
13898;202100009066;185 502;B01;2;30;0;2;8;13;1;
13899;202100009067;185 499;A01;1;14;0;2;8;13;1;
13900;202100009067;185 500;B01;1;34;0;9;7;1;6;
13901;202100009069;185 495;B01;0;7;0;2;1;2;1;
13902;202100009069;185 496;A01;0;7;0;2;3;16;1;
13903;202100009070;185 493;A01;0;7;0;2;1;2;0;
13904;202100009070;185 494;B01;0;33;0;2;3;2;1;
13905;202100009072;185 490;A01;0;32;0;2;5;1;1;
13906;202100009072;185 491;B01;3;10;0;2;3;15;1;
13907;202100009073;185 488;B01;1;7;0;2;3;1;1;
13908;202100009073;185 489;A01;1;7;0;2;2;13;1;
13909;202100009075;185 484;B01;1;2;10;0;2;1;1;
13910;202100009075;185 485;A01;1;7;10;0;2;26;1;
13911;202100009076;185 482;B01;1;31;0;2;1;1;1;
13912;202100009076;185 483;A01;2;7;0;2;2;15;1;
13913;202100009077;185 480;B01;2;7;0;2;1;1;1;
13914;202100009077;185 481;A01;1;7;0;2;2;15;1;
13915;202100009078;185 478;A01;0;32;0;2;1;1;1;
13916;202100009078;185 479;B01;0;3;0;2;1;1;1;
13917;202100009079;185 477;A01;2;7;0;1;2;15;1;
13918;202100009081;185 474;A01;0;7;0;0;3;9;1;
13919;202100009082;185 472;B01;2;33;0;2;7;2;1;
13920;202100009082;185 473;Z01;2;7;0;2;8;15;6;
13921;202100009083;185 470;B01;2;7;0;2;2;1;1;
13922;202100009083;185 471;A01;2;50;0;2;3;1;3;
13923;202100009084;185 468;B01;3;7;0;2;3;1;1;
13924;202100009084;185 469;A01;3;7;0;2;1;13;1;
13925;202100009085;185 466;C01;0;50;0;2;1;26;3;
13926;202100009085;185 467;A01;3;7;0;9;6;1;1;
13927;202100009086;185 465;A01;1;7;0;1;2;1;0;
13928;202100009087;185 464;A01;2;7;12;0;7;1;1;
13929;202100009088;185 462;B01;1;7;0;2;3;19;1;
13930;202100009088;185 463;A01;1;7;0;2;2;19;1;
13931;202100009089;185 460;B01;1;10;0;2;4;1;1;
13932;202100009089;185 461;A01;1;7;0;2;1;1;1;
13933;202100009090;185 458;A01;1;7;0;2;1;2;1;
13934;202100009090;185 459;B01;1;7;0;2;4;2;1;
13935;202100009091;185 455;A01;1;7;8;0;2;1;1;
13936;202100009092;185 454;A01;1;7;0;1;1;1;2;
13937;202100009093;185 452;B01;0;7;0;2;1;1;1;
13938;202100009093;185 453;A01;1;7;0;2;1;21;1;
13939;202100009094;185 451;A01;1;33;0;1;1;1;1;
13940;202100009095;185 449;A01;3;33;0;2;1;5;1;
13941;202100009095;185 450;B01;3;7;0;2;3;1;1;
13942;202100009096;185 447;B01;3;7;0;9;1;1;1;
13943;202100009096;185 448;A01;3;1;0;2;1;5;5;
13944;202100009097;185 446;A01;3;10;0;1;1;0;1;
13945;202100009098;185 444;Z01;3;7;0;2;0;15;1;
13946;202100009098;185 445;B01;3;1;0;2;8;1;5;
13947;202100009099;185 442;B01;2;30;0;2;1;1;1;
13948;202100009099;185 443;A01;2;7;0;2;6;20;1;
13949;202100009100;185 441;A01;2;7;0;1;1;1;1;
13950;202100009101;185 439;A01;1;7;0;2;1;2;1;
13951;202100009101;185 440;B01;1;7;0;2;4;2;1;
13952;202100009102;185 437;A01;3;10;0;2;1;1;1;
13953;202100009102;185 438;B01;0;7;0;2;4;1;1;
13954;202100009103;185 434;A01;1;15;6;0;1;26;1;
13955;202100009104;185 432;B01;0;7;0;2;0;0;0;
13956;202100009104;185 433;A01;0;7;0;2;3;0;0;
13957;202100009107;185 428;B01;2;7;0;2;1;1;1;
13958;202100009107;185 429;A01;1;7;0;2;1;13;1;
13959;202100009108;185 427;A01;1;10;0;0;1;9;1;
13960;202100009109;185 425;A01;1;7;0;2;5;16;1;
13961;202100009109;185 426;B01;1;7;0;2;1;2;1;
13962;202100009110;185 424;Z01;2;30;0;1;1;5;1;
13963;202100009111;185 422;A01;1;7;0;2;1;1;1;
13964;202100009111;185 423;B01;2;13;0;2;8;15;0;
13965;202100009113;185 419;B01;3;1;0;2;7;1;0;
13966;202100009113;185 420;A01;3;7;0;2;1;9;1;
13967;202100009114;185 418;A01;1;7;13;0;6;13;1;
13968;202100009115;185 417;A01;3;7;6;0;1;15;1;
13969;202100009117;185 413;A01;2;7;0;2;1;2;1;
13970;202100009117;185 414;B01;2;7;0;2;4;2;1;
13971;202100009118;185 411;B01;1;1;0;2;1;1;5;
13972;202100009118;185 412;A01;1;7;0;2;5;16;1;
13973;202100009119;185 409;B01;1;32;0;2;8;1;1;
13974;202100009119;185 410;A01;1;7;0;2;7;16;1;
13975;202100009120;185 408;A01;2;1;0;0;0;1;5;
13976;202100009121;185 406;A01;2;34;0;2;2;1;1;
13977;202100009121;185 407;B01;1;7;0;2;5;15;1;
13978;202100009122;185 404;B01;2;2;0;2;8;1;1;
13979;202100009122;185 405;A01;1;37;0;2;1;1;3;2.0
13980;202100009123;185 402;B01;1;50;0;2;8;13;3;
13981;202100009123;185 403;A01;1;37;0;2;5;17;3;1.0
13982;202100009124;185 401;Z01;3;0;0;1;0;0;0;
13983;202100009125;185 399;A01;2;50;0;2;6;16;3;
13984;202100009125;185 400;B01;1;10;0;2;6;1;0;
13985;202100009126;185 397;B01;1;7;0;0;5;19;1;
13986;202100009126;185 398;A01;2;33;0;2;1;0;1;
13987;202100009127;185 396;A01;3;7;1;0;1;2;1;
13988;202100009128;185 393;A01;3;7;0;2;1;26;1;
13989;202100009128;185 394;B01;3;33;0;2;7;26;1;
13990;202100009128;185 395;C01;3;7;0;2;4;24;1;
13991;202100009129;185 392;A01;1;7;12;0;1;1;1;
13992;202100009130;185 390;B01;-1;7;0;2;4;2;1;
13993;202100009130;185 391;A01;-1;7;0;2;1;2;1;
13994;202100009131;185 389;A01;1;10;0;1;2;2;1;
13995;202100009132;185 386;A01;2;43;0;0;0;0;1;
13996;202100009132;185 387;B01;2;7;2;2;3;15;1;
13997;202100009132;185 388;C01;1;7;2;2;1;15;1;
13998;202100009133;185 384;A01;1;7;0;2;8;9;1;
13999;202100009133;185 385;B01;1;1;0;2;7;1;5;
14000;202100009134;185 382;B01;1;2;0;2;2;3;1;
14001;202100009134;185 383;A01;1;7;0;2;3;15;1;
14002;202100009135;185 381;A01;2;7;3;0;1;1;1;
14003;202100009136;185 379;A01;1;7;0;2;1;26;1;
14004;202100009136;185 380;B01;1;33;0;2;4;23;1;
14005;202100009137;185 378;A01;1;2;9;0;1;1;1;
14006;202100009139;185 374;A01;1;2;0;2;3;19;1;
14007;202100009139;185 375;B01;1;7;0;2;2;1;1;
14008;202100009140;185 372;A01;2;7;0;2;1;2;1;
14009;202100009140;185 373;B01;2;7;0;0;4;2;1;
14010;202100009141;185 371;A01;2;7;6;0;8;1;1;
14011;202100009142;185 369;B01;1;7;0;2;1;1;2;
14012;202100009142;185 370;A01;2;7;0;0;3;15;1;
14013;202100009143;185 368;A01;1;33;6;0;2;1;1;
14014;202100009144;185 366;B01;1;7;0;2;3;0;1;
14015;202100009144;185 367;A01;2;7;0;2;2;0;1;
14016;202100009145;185 364;B01;1;7;0;2;3;1;1;
14017;202100009145;185 365;A01;2;7;0;2;3;1;1;
14018;202100009146;185 362;B01;2;33;0;2;5;2;1;
14019;202100009146;185 363;A01;2;7;0;2;3;9;1;
14020;202100009147;185 361;A01;1;7;2;0;1;16;1;
14021;202100009148;185 359;A01;2;7;0;2;3;9;1;
14022;202100009148;185 360;B01;1;2;0;2;1;11;1;
14023;202100009149;185 357;B01;1;7;0;2;3;1;1;
14024;202100009149;185 358;A01;2;7;0;2;3;15;1;
14025;202100009150;185 356;A01;1;7;0;1;2;1;1;
14026;202100009151;185 354;B01;2;7;0;2;7;1;1;
14027;202100009151;185 355;A01;2;7;0;2;1;9;1;
14028;202100009152;185 352;B01;2;7;0;2;1;1;1;
14029;202100009152;185 353;A01;1;7;0;2;1;13;1;
14030;202100009153;185 350;A01;1;7;0;2;2;1;1;
14031;202100009153;185 351;B01;2;33;3;2;1;13;1;
14032;202100009155;185 347;A01;2;7;8;0;8;14;1;
14033;202100009156;185 345;B01;1;7;0;2;3;1;1;
14034;202100009156;185 346;A01;2;7;0;2;1;13;1;
14035;202100009157;185 343;B01;1;7;6;2;3;1;1;
14036;202100009157;185 344;A01;2;7;0;2;3;13;1;
14037;202100009158;185 342;A01;1;80;2;0;0;0;3;
14038;202100009159;185 341;A01;2;33;13;0;1;16;1;
14039;202100009161;185 339;A01;1;7;13;0;8;1;1;
14040;202100009162;185 337;A01;1;7;0;2;3;13;1;
14041;202100009162;185 338;B01;2;7;0;2;3;1;1;
14042;202100009164;185 334;A01;1;7;0;2;2;15;1;
14043;202100009164;185 335;B01;2;33;0;2;1;1;1;
14044;202100009165;185 333;A01;1;36;8;0;1;1;1;
14045;202100009166;185 331;B01;0;30;0;2;1;1;1;
14046;202100009166;185 332;A01;0;32;0;2;1;1;1;
14047;202100009167;185 330;A01;1;7;11;0;0;1;1;
14048;202100009168;185 329;A01;1;7;7;0;9;1;1;
14049;202100009169;185 325;A01;3;33;0;2;1;1;1;
14050;202100009169;185 326;B01;3;7;0;2;2;1;1;
14051;202100009170;185 323;A01;1;33;0;2;3;0;1;
14052;202100009170;185 324;B01;2;7;0;2;3;0;1;
14053;202100009171;185 319;A01;1;3;0;2;3;9;1;
14054;202100009171;185 320;B01;1;33;0;2;1;1;1;
14055;202100009172;185 318;A01;2;7;8;0;2;1;1;
14056;202100009173;185 317;A01;2;7;13;0;2;14;1;
14057;202100009174;185 316;A01;1;7;15;0;1;1;1;
14058;202100009175;185 314;B01;1;7;0;2;1;1;1;
14059;202100009175;185 315;A01;2;7;0;2;1;13;1;
14060;202100009176;185 312;B01;2;7;0;2;1;1;1;
14061;202100009176;185 313;A01;-1;7;0;2;3;19;1;
14062;202100009178;185 310;A01;1;33;0;6;1;1;1;
14063;202100009179;185 308;B01;2;1;0;2;3;1;5;
14064;202100009179;185 309;A01;1;7;0;0;5;17;1;
14065;202100009180;185 300;C01;2;7;0;2;1;2;1;
14066;202100009180;185 301;B01;2;7;0;2;4;2;1;
14067;202100009180;185 302;A01;2;7;0;2;4;1;1;
14068;202100009181;185 299;A01;1;7;6;0;3;1;1;
14069;202100009182;185 297;A01;1;7;0;2;6;2;1;
14070;202100009182;185 298;B01;1;7;0;2;2;2;1;
14071;202100009183;185 295;B01;1;7;0;2;6;1;1;
14072;202100009183;185 296;A01;1;7;0;2;2;1;1;
14073;202100009184;185 293;B01;2;7;0;2;4;23;1;
14074;202100009184;185 294;A01;2;7;0;2;1;1;1;
14075;202100009185;185 292;A01;1;32;4;0;1;9;1;
14076;202100009186;185 291;A01;1;43;16;0;1;1;1;
14077;202100009187;185 286;A01;2;7;0;2;1;2;1;
14078;202100009187;185 287;B01;2;7;0;2;9;2;1;
14079;202100009187;185 288;C01;2;7;0;2;9;2;1;
14080;202100009187;185 289;D01;2;7;0;2;9;2;1;
14081;202100009187;185 290;E01;2;7;0;2;4;2;1;
14082;202100009188;185 284;B01;2;7;0;2;1;2;1;
14083;202100009188;185 285;A01;2;7;0;2;1;2;1;
14084;202100009190;185 279;D01;2;7;0;2;4;2;1;
14085;202100009190;185 280;C01;2;7;0;2;4;2;1;
14086;202100009190;185 281;B01;2;7;0;2;4;2;1;
14087;202100009190;185 282;A01;2;10;0;2;1;2;1;
14088;202100009191;185 278;A01;2;7;0;1;1;15;1;
14089;202100009192;185 277;A01;2;2;0;1;1;17;1;
14090;202100009193;185 275;B01;1;7;6;2;3;1;1;
14091;202100009193;185 276;A01;1;10;0;2;2;1;1;
14092;202100009194;185 274;A01;2;3;0;2;4;1;1;
14093;202100009195;185 272;A01;1;7;0;2;3;15;1;
14094;202100009195;185 273;B01;1;33;0;2;2;7;1;
14095;202100009196;185 271;A01;1;7;0;1;3;1;1;
14096;202100009197;185 269;B01;1;7;0;1;1;0;1;
14097;202100009197;185 270;A01;1;10;0;2;2;0;1;
14098;202100009198;185 267;B01;1;2;0;2;7;1;1;
14099;202100009198;185 268;A01;1;7;0;2;1;9;1;
14100;202100009199;185 265;B01;1;7;0;2;1;1;1;
14101;202100009199;185 266;A01;1;30;0;2;5;1;1;
14102;202100009200;185 263;A01;0;7;0;2;0;0;0;
14103;202100009200;185 264;B01;0;2;0;2;1;1;1;
14104;202100009201;185 261;A01;3;7;0;2;2;0;1;
14105;202100009201;185 262;B01;1;30;0;2;8;1;1;
14106;202100009202;185 259;A01;-1;32;0;2;2;15;1;
14107;202100009202;185 260;B01;-1;10;0;0;0;0;0;
14108;202100009203;185 258;A01;1;7;0;1;3;2;1;