;Num_Acc;id_vehicule;num_veh;senc;catv;obs;obsm;choc;manv;motor;occutc
14109;202100009204;185 256;B01;1;7;0;2;8;16;1;
14110;202100009204;185 257;A01;2;99;0;2;1;25;3;
14111;202100009205;185 255;A01;3;33;0;0;8;1;1;
14112;202100009206;185 254;A01;1;7;0;1;3;0;1;
14113;202100009207;185 253;A01;3;99;0;0;0;1;5;
14114;202100009208;185 252;A01;2;7;0;1;3;1;2;
14115;202100009209;185 250;A01;3;7;0;2;2;15;1;
14116;202100009209;185 251;B01;-1;33;0;2;1;1;1;
14117;202100009210;185 248;B01;3;1;0;2;6;1;5;
14118;202100009210;185 249;A01;1;7;0;2;3;15;1;
14119;202100009212;185 245;Z01;1;7;0;2;0;1;0;
14120;202100009212;185 246;B01;1;1;0;2;0;19;5;
14121;202100009213;185 243;A01;3;7;0;2;3;1;1;
14122;202100009213;185 244;B01;3;1;0;2;1;16;5;
14123;202100009214;185 241;B01;2;7;0;2;6;9;1;
14124;202100009214;185 242;A01;2;33;0;2;1;21;1;
14125;202100009215;185 240;A01;2;7;0;0;2;17;2;
14126;202100009217;185 237;B01;3;10;0;2;6;24;1;
14127;202100009217;185 238;A01;3;7;1;0;3;14;1;
14128;202100009218;185 234;C01;1;7;0;2;2;26;3;
14129;202100009218;185 235;A01;1;10;0;2;3;9;1;
14130;202100009218;185 236;B01;1;30;0;2;5;2;1;
14131;202100009219;185 233;A01;1;7;0;1;1;9;1;
14132;202100009220;185 232;A01;2;7;0;1;1;1;1;
14133;202100009221;185 230;A01;2;15;0;2;3;1;1;
14134;202100009221;185 231;B01;1;15;0;2;1;1;1;
14135;202100009222;185 229;A01;2;7;0;1;2;1;1;
14136;202100009223;185 228;A01;1;14;0;1;3;15;1;
14137;202100009224;185 225;C01;1;10;0;2;4;2;1;
14138;202100009224;185 226;B01;1;7;0;2;4;0;1;
14139;202100009224;185 227;A01;1;7;0;2;1;26;1;
14140;202100009226;185 220;C01;1;7;0;2;4;23;1;
14141;202100009226;185 221;B01;1;7;0;2;4;23;1;
14142;202100009226;185 222;A01;1;7;0;2;1;2;1;
14143;202100009227;185 218;A01;1;7;0;2;6;16;1;
14144;202100009227;185 219;B01;1;33;0;2;1;11;1;
14145;202100009228;185 215;C01;2;7;1;2;6;1;1;
14146;202100009228;185 216;B01;2;7;0;2;3;1;1;
14147;202100009228;185 217;A01;2;7;0;2;2;14;1;
14148;202100009229;185 212;B01;1;7;0;0;4;23;1;
14149;202100009229;185 213;A01;1;7;0;2;1;23;1;
14150;202100009229;185 214;C01;1;7;0;2;1;1;0;
14151;202100009230;185 210;B01;2;7;0;2;1;1;1;
14152;202100009230;185 211;A01;1;7;0;2;2;1;1;
14153;202100009231;185 208;B01;2;1;0;2;2;19;5;
14154;202100009231;185 209;A01;1;7;0;2;2;1;1;
14155;202100009232;185 207;A01;0;7;0;1;2;16;1;
14156;202100009234;185 205;A01;2;7;0;1;1;15;1;
14157;202100009235;185 203;B01;2;33;0;2;7;17;1;
14158;202100009235;185 204;A01;3;7;0;2;0;15;0;
14159;202100009236;185 202;A01;2;10;0;1;3;15;1;
14160;202100009237;185 201;A01;1;7;1;0;1;14;1;
14161;202100009238;185 200;A01;1;7;0;0;1;1;1;
14162;202100009240;185 196;A01;3;7;0;2;2;1;1;
14163;202100009240;185 197;B01;3;7;0;2;1;1;1;
14164;202100009241;185 194;A01;1;7;0;2;7;15;1;
14165;202100009241;185 195;B01;1;7;0;2;1;1;1;
14166;202100009242;185 193;A01;1;7;0;1;4;4;1;
14167;202100009243;185 188;A01;1;7;0;2;3;1;1;
14168;202100009243;185 189;B01;1;2;0;2;2;1;1;
14169;202100009244;185 186;B01;2;7;0;2;1;13;1;
14170;202100009244;185 187;A01;1;14;0;2;1;1;1;
14171;202100009245;185 184;A01;0;7;0;2;4;4;1;
14172;202100009245;185 185;B01;0;1;0;2;4;2;5;
14173;202100009246;185 182;A01;0;7;0;2;6;15;1;
14174;202100009246;185 183;B01;0;33;0;2;1;17;1;
14175;202100009247;185 180;A01;2;7;0;2;1;0;1;
14176;202100009247;185 181;B01;1;7;0;2;3;2;1;
14177;202100009248;185 178;B01;1;1;0;2;8;23;5;
14178;202100009248;185 179;A01;2;7;0;2;3;15;1;
14179;202100009249;185 176;A01;2;1;9;2;7;1;5;
14180;202100009249;185 177;B01;1;7;9;2;7;19;6;
14181;202100009250;185 173;A01;3;33;0;1;1;16;1;
14182;202100009251;185 170;C01;1;7;0;2;4;1;1;
14183;202100009251;185 171;B01;1;7;0;2;4;2;1;
14184;202100009251;185 172;A01;1;7;0;2;1;2;3;
14185;202100009252;185 169;A01;2;7;15;0;3;1;1;
14186;202100009253;185 168;A01;1;7;3;0;1;1;1;
14187;202100009254;185 167;A01;0;7;0;1;1;1;1;
14188;202100009256;185 163;A01;1;7;0;2;3;15;1;
14189;202100009256;185 164;B01;1;31;0;2;1;1;1;
14190;202100009257;185 161;A01;3;31;0;2;1;2;1;
14191;202100009257;185 162;B01;3;7;0;2;4;2;1;
14192;202100009258;185 159;A01;1;7;0;2;3;9;1;
14193;202100009258;185 160;B01;1;2;0;2;7;26;1;
14194;202100009259;185 156;B01;1;7;0;2;1;2;1;
14195;202100009259;185 157;C01;1;7;0;2;1;2;1;
14196;202100009259;185 158;A01;1;7;0;2;4;1;1;
14197;202100009260;185 154;B01;1;7;0;2;1;2;1;
14198;202100009260;185 155;A01;1;10;0;2;4;16;1;
14199;202100009262;185 148;B01;3;7;0;2;3;1;1;
14200;202100009262;185 149;A01;3;14;0;2;2;1;1;
14201;202100009263;185 146;A01;0;10;0;2;3;15;1;
14202;202100009263;185 147;B01;0;2;0;2;1;17;1;
14203;202100009265;185 135;D01;1;7;0;2;4;1;3;
14204;202100009265;185 136;G01;1;7;0;2;4;1;1;
14205;202100009265;185 137;F01;1;7;0;2;4;1;1;
14206;202100009265;185 138;C01;1;7;0;2;4;1;0;
14207;202100009265;185 139;E01;1;7;0;2;4;1;0;
14208;202100009265;185 140;B01;1;7;0;2;4;1;1;
14209;202100009265;185 141;A01;1;7;0;2;1;1;0;
14210;202100009266;185 134;Z01;1;7;0;1;1;1;0;
14211;202100009267;185 132;A01;1;33;0;2;2;17;1;
14212;202100009267;185 133;B01;1;7;0;2;3;15;0;
14213;202100009268;185 130;A01;3;7;0;2;1;0;1;
14214;202100009268;185 131;B01;1;7;0;2;9;2;1;
14215;202100009269;185 128;B01;0;7;0;2;5;1;1;
14216;202100009269;185 129;A01;2;37;0;2;8;13;2;3.0
14217;202100009270;185 127;A01;2;7;8;0;7;13;1;
14218;202100009271;185 126;A01;3;7;7;0;1;1;1;
14219;202100009272;185 125;A01;2;7;0;0;1;1;1;
14220;202100009273;185 123;A01;1;1;0;2;7;1;5;
14221;202100009273;185 124;B01;1;7;0;2;3;15;1;
14222;202100009275;185 119;A01;1;32;0;2;8;13;1;
14223;202100009275;185 120;B01;1;7;0;2;7;1;2;
14224;202100009276;185 117;B01;2;7;0;2;1;1;3;
14225;202100009276;185 118;A01;1;7;0;2;1;13;4;
14226;202100009277;185 116;A01;1;7;0;1;4;20;1;
14227;202100009278;185 115;A01;2;31;8;0;1;1;1;
14228;202100009279;185 113;B01;3;7;0;2;1;19;0;
14229;202100009279;185 114;A01;2;7;0;2;0;1;1;
14230;202100009280;185 111;A01;1;2;0;2;4;1;1;
14231;202100009280;185 112;Z01;1;7;0;2;1;1;1;
14232;202100009281;185 109;B01;1;7;0;2;5;2;1;
14233;202100009281;185 110;A01;1;33;0;2;1;2;1;
14234;202100009282;185 107;A01;1;14;0;2;2;16;1;
14235;202100009282;185 108;B01;1;1;0;2;4;1;5;
14236;202100009283;185 106;A01;1;33;1;1;1;1;1;
14237;202100009284;185 105;A01;1;1;0;1;2;1;5;
14238;202100009285;185 102;A01;1;7;0;2;0;1;0;
14239;202100009285;185 103;C01;1;7;0;2;4;1;1;
14240;202100009285;185 104;B01;1;7;0;2;4;1;1;
14241;202100009286;185 100;A01;1;7;0;2;1;1;1;
14242;202100009286;185 101;B01;1;1;0;2;4;13;5;
14243;202100009287;185 098;B01;3;33;0;2;1;1;1;
14244;202100009287;185 099;A01;1;7;0;2;2;15;1;
14245;202100009288;185 097;A01;2;7;0;1;1;1;1;
14246;202100009289;185 095;A01;2;33;0;2;4;1;1;
14247;202100009289;185 096;B01;2;7;0;2;4;23;1;
14248;202100009291;185 092;A01;2;43;0;1;1;1;1;
14249;202100009292;185 091;A01;1;50;0;1;1;5;3;
14250;202100009293;185 089;A01;1;7;0;2;2;15;1;
14251;202100009293;185 090;B01;2;1;0;2;1;1;5;
14252;202100009294;185 087;A01;2;80;12;2;1;13;3;
14253;202100009294;185 088;B01;1;1;0;2;1;1;5;
14254;202100009295;185 086;Z01;1;1;0;1;1;1;5;
14255;202100009296;185 084;B01;0;33;0;2;1;1;1;
14256;202100009296;185 085;A01;3;7;0;2;5;9;1;
14257;202100009297;185 082;B01;2;2;0;2;1;2;1;
14258;202100009297;185 083;A01;2;7;0;2;4;2;1;
14259;202100009298;185 080;B01;1;7;0;2;1;0;1;
14260;202100009298;185 081;A01;1;31;0;2;5;0;1;
14261;202100009299;185 079;A01;1;7;0;1;1;15;3;
14262;202100009300;185 077;A01;2;2;0;2;1;1;1;
14263;202100009300;185 078;B01;1;7;0;2;3;15;1;
14264;202100009301;185 075;A01;2;10;0;2;1;9;1;
14265;202100009301;185 076;B01;3;33;0;2;0;0;1;
14266;202100009302;185 073;A01;2;32;0;2;1;1;1;
14267;202100009302;185 074;Z01;3;7;0;2;4;2;1;
14268;202100009303;185 071;B01;1;7;0;2;1;1;1;
14269;202100009303;185 072;A01;1;7;0;2;1;0;1;
14270;202100009304;185 070;A01;2;10;0;1;1;1;1;
14271;202100009306;185 068;A01;1;7;0;1;1;26;1;
14272;202100009307;185 066;A01;3;7;0;2;1;15;1;
14273;202100009307;185 067;B01;3;15;0;2;1;1;1;
14274;202100009308;185 065;A01;1;7;0;1;1;14;1;
14275;202100009309;185 063;B01;-1;31;0;2;1;2;1;
14276;202100009309;185 064;A01;-1;3;0;0;4;1;1;
14277;202100009310;185 061;A01;1;7;0;2;6;4;1;
14278;202100009310;185 062;B01;1;34;6;2;2;1;1;
14279;202100009311;185 059;B01;2;2;0;2;2;23;1;
14280;202100009311;185 060;A01;1;7;0;2;3;1;1;
14281;202100009312;185 058;A01;1;7;0;1;2;9;0;
14282;202100009313;185 056;B01;1;7;0;2;6;9;1;
14283;202100009313;185 057;A01;2;34;0;2;1;21;1;
14284;202100009314;185 054;B01;3;7;0;2;3;2;0;
14285;202100009314;185 055;A01;3;2;0;2;1;2;0;
14286;202100009315;185 053;A01;1;7;0;1;2;19;1;
14287;202100009316;185 051;B01;1;3;0;0;5;15;1;
14288;202100009316;185 052;A01;0;43;0;2;1;18;1;
14289;202100009317;185 050;A01;0;7;0;1;8;26;1;
14290;202100009318;185 049;A01;3;30;0;0;0;0;6;
14291;202100009319;185 046;A01;1;7;0;1;3;1;1;
14292;202100009320;185 044;A01;1;2;0;2;1;1;1;
14293;202100009320;185 045;B01;1;37;0;2;8;1;1;1.0
14294;202100009322;185 040;B01;1;30;0;2;8;18;1;
14295;202100009322;185 041;A01;1;7;0;2;2;16;1;
14296;202100009323;185 038;A01;2;7;0;2;3;15;1;
14297;202100009323;185 039;B01;2;32;0;2;7;1;1;
14298;202100009324;185 037;A01;0;30;0;0;0;26;0;
14299;202100009325;185 035;A01;1;30;0;2;2;1;1;
14300;202100009325;185 036;B01;3;7;0;2;3;15;1;
14301;202100009326;185 033;A01;3;7;0;2;4;2;1;
14302;202100009326;185 034;B01;3;33;0;2;1;2;1;
14303;202100009328;185 030;A01;0;31;12;0;8;1;1;
14304;202100009330;185 027;A01;2;7;13;0;2;1;1;
14305;202100009331;185 026;A01;1;7;13;0;9;6;1;
14306;202100009332;185 025;A01;2;7;0;1;2;1;1;
14307;202100009333;185 023;A01;1;7;2;6;2;21;1;
14308;202100009334;185 021;B01;2;7;0;2;1;1;1;
14309;202100009334;185 022;A01;1;7;0;0;7;1;1;
14310;202100009335;185 018;A01;1;7;6;0;1;1;1;
14311;202100009336;185 016;B01;1;1;0;2;5;1;5;
14312;202100009336;185 017;A01;1;7;0;9;2;1;1;
14313;202100009337;185 015;A01;3;7;2;0;1;0;1;
14314;202100009338;185 013;B01;1;7;0;2;3;1;1;
14315;202100009338;185 014;A01;2;33;8;2;1;1;1;
14316;202100009339;185 012;A01;1;33;5;0;7;14;1;
14317;202100009340;185 010;B01;1;7;0;2;3;1;1;
14318;202100009340;185 011;A01;2;7;0;2;3;13;1;
14319;202100009341;185 009;A01;3;7;0;1;1;1;0;
14320;202100009342;185 007;B01;1;7;0;2;3;2;1;
14321;202100009342;185 008;A01;1;80;0;2;1;2;3;
14322;202100009343;185 005;B01;1;10;0;2;1;1;1;
14323;202100009343;185 006;A01;1;7;8;2;4;1;1;
14324;202100009344;185 003;B01;1;7;0;2;8;15;1;
14325;202100009344;185 004;A01;1;33;0;2;1;17;1;
14326;202100009345;185 002;A01;1;7;15;0;1;1;1;
14327;202100009346;185 001;A01;1;7;13;0;2;1;1;
14328;202100009347;184 999;B01;2;7;0;2;9;0;1;
14329;202100009347;185 000;A01;1;7;0;2;1;1;1;
14330;202100009348;184 998;A01;1;7;0;1;2;1;1;
14331;202100009349;184 995;B01;1;7;0;2;4;15;1;
14332;202100009349;184 996;A01;1;7;0;2;3;1;1;
14333;202100009349;184 997;C01;2;7;0;2;1;1;1;
14334;202100009350;184 993;B01;1;7;0;2;3;1;1;
14335;202100009350;184 994;A01;2;33;0;2;1;17;1;
14336;202100009351;184 991;B01;1;7;0;2;6;1;1;
14337;202100009351;184 992;A01;1;10;0;0;1;1;1;
14338;202100009352;184 989;A01;3;7;0;2;3;19;1;
14339;202100009352;184 990;B01;3;2;0;2;1;1;1;
14340;202100009353;184 987;B01;1;30;0;6;1;2;1;
14341;202100009353;184 988;A01;1;7;0;2;1;2;1;
14342;202100009354;184 985;B01;1;7;0;2;8;19;1;
14343;202100009354;184 986;A01;2;7;0;2;1;1;1;
14344;202100009355;184 983;B01;2;15;0;2;3;1;1;
14345;202100009355;184 984;A01;1;10;0;2;8;1;1;
14346;202100009356;184 982;A01;2;7;2;0;1;19;1;
14347;202100009357;184 979;A01;1;2;0;2;1;21;1;
14348;202100009357;184 980;B01;1;10;0;0;2;11;0;
14349;202100009357;184 981;C01;1;7;0;2;1;1;1;
14350;202100009358;184 978;A01;0;2;14;9;0;0;0;
14351;202100009359;184 976;B01;1;7;0;2;4;0;1;
14352;202100009359;184 977;A01;1;33;0;2;1;1;1;
14353;202100009360;184 974;A01;2;7;0;2;1;2;1;
14354;202100009360;184 975;B01;2;15;0;0;4;2;1;
14355;202100009361;184 973;A01;2;2;0;0;0;0;1;
14356;202100009362;184 970;C01;1;7;0;2;3;1;1;
14357;202100009362;184 971;A01;2;7;1;2;3;13;1;
14358;202100009362;184 972;B01;2;7;0;0;6;15;1;
14359;202100009363;184 969;A01;2;2;15;0;2;14;1;
14360;202100009364;184 967;A01;1;2;0;2;1;17;1;
14361;202100009364;184 968;B01;1;7;0;2;6;15;1;
14362;202100009365;184 965;B01;2;7;0;2;1;1;1;
14363;202100009365;184 966;A01;1;7;0;2;1;1;1;
14364;202100009366;184 963;A01;1;7;0;2;8;15;1;
14365;202100009366;184 964;B01;1;33;0;2;1;17;1;
14366;202100009367;184 961;B01;3;2;0;2;1;1;1;
14367;202100009367;184 962;A01;3;7;0;0;2;15;1;
14368;202100009368;184 959;A01;2;7;0;0;3;15;1;
14369;202100009368;184 960;B01;1;1;0;0;7;1;5;
14370;202100009370;184 956;A01;3;7;0;1;4;4;1;
14371;202100009371;184 955;A01;1;7;6;0;1;1;1;
14372;202100009372;184 953;B01;3;1;0;0;8;1;5;
14373;202100009372;184 954;A01;3;7;0;9;3;2;1;
14374;202100009373;184 950;A01;2;7;0;2;1;1;1;
14375;202100009373;184 951;B01;2;33;0;2;4;1;1;
14376;202100009373;184 952;C01;2;7;0;2;4;1;1;
14377;202100009374;184 948;B01;1;7;0;2;1;1;1;
14378;202100009374;184 949;A01;0;7;0;2;3;26;1;
14379;202100009375;184 946;A01;1;33;0;0;4;16;1;
14380;202100009375;184 947;B01;1;7;0;2;1;1;1;
14381;202100009377;184 942;A01;1;17;0;2;2;1;1;
14382;202100009377;184 943;B01;1;7;0;2;9;17;1;
14383;202100009378;184 940;A01;2;7;0;2;1;2;1;
14384;202100009378;184 941;B01;2;7;0;2;4;1;1;
14385;202100009379;184 938;A01;1;7;0;2;2;14;1;
14386;202100009379;184 939;B01;1;7;4;2;3;1;1;
14387;202100009380;184 936;B01;2;7;0;2;4;1;1;
14388;202100009380;184 937;A01;2;7;0;2;2;1;1;
14389;202100009381;184 931;A01;2;10;0;2;1;2;1;
14390;202100009381;184 932;B01;2;7;0;2;4;2;1;
14391;202100009381;184 933;C01;2;10;0;2;4;2;1;
14392;202100009381;184 934;E01;2;7;0;2;4;2;1;
14393;202100009381;184 935;D01;2;7;0;2;4;2;1;
14394;202100009383;184 926;A01;2;33;3;0;7;18;1;
14395;202100009384;184 925;A01;1;7;2;0;1;0;1;
14396;202100009385;184 924;A01;2;7;4;0;3;1;1;
14397;202100009386;184 923;A01;2;7;5;0;1;1;1;
14398;202100009387;184 921;B01;2;7;0;0;5;2;1;
14399;202100009387;184 922;A01;2;31;0;2;3;2;1;
14400;202100009388;184 920;A01;2;7;4;0;1;1;1;
14401;202100009389;184 919;A01;1;7;4;0;1;1;1;
14402;202100009391;184 914;D01;1;7;0;2;4;2;1;
14403;202100009391;184 915;C01;1;7;0;2;4;2;1;
14404;202100009391;184 916;B01;1;7;0;2;4;2;3;
14405;202100009391;184 917;A01;1;10;0;2;1;2;1;
14406;202100009392;184 912;B01;1;33;0;2;2;3;1;
14407;202100009392;184 913;A01;1;10;0;2;6;11;1;
14408;202100009394;184 908;C01;1;7;0;2;7;1;1;
14409;202100009394;184 909;A01;1;7;0;2;2;14;1;
14410;202100009394;184 910;B01;1;7;0;2;3;1;1;
14411;202100009395;184 906;A01;1;34;0;2;1;2;1;
14412;202100009395;184 907;B01;1;10;0;2;4;2;1;
14413;202100009396;184 904;B01;1;2;0;2;3;1;1;
14414;202100009396;184 905;A01;3;7;0;2;1;15;1;
14415;202100009397;184 903;A01;3;33;6;0;0;16;1;
14416;202100009398;184 901;A01;1;7;0;2;1;13;1;
14417;202100009398;184 902;B01;2;7;0;2;8;0;1;
14418;202100009399;184 899;B01;3;2;0;2;1;1;1;
14419;202100009399;184 900;A01;1;7;0;2;2;15;1;
14420;202100009400;184 898;A01;1;7;0;1;7;1;1;
14421;202100009401;184 896;A01;2;10;0;2;1;1;1;
14422;202100009401;184 897;B01;2;7;0;2;4;1;1;
14423;202100009402;184 895;C01;0;0;0;1;0;26;0;
14424;202100009403;184 893;A01;1;3;0;2;2;15;6;
14425;202100009403;184 894;B01;2;34;0;2;8;8;1;
14426;202100009404;184 891;A01;2;7;0;2;3;15;0;
14427;202100009404;184 892;B01;3;7;0;2;0;1;0;
14428;202100009405;184 889;B01;1;7;16;0;0;0;1;
14429;202100009405;184 890;A01;1;7;0;2;1;2;2;
14430;202100009406;184 887;B01;3;1;0;2;1;19;5;
14431;202100009406;184 888;A01;2;7;0;9;2;1;1;
14432;202100009407;184 885;A01;1;30;0;2;1;3;1;
14433;202100009407;184 886;B01;1;7;0;2;6;11;1;
14434;202100009408;184 884;A01;1;30;0;1;1;1;1;
14435;202100009409;184 883;A01;3;7;0;1;1;26;1;
14436;202100009410;184 881;A01;3;7;0;2;1;15;2;
14437;202100009410;184 882;B01;3;30;0;2;1;1;1;
14438;202100009411;184 879;A01;1;7;0;2;3;20;1;
14439;202100009411;184 880;B01;1;2;0;2;1;1;1;
14440;202100009412;184 877;B01;1;7;0;2;4;2;1;
14441;202100009412;184 878;Y01;1;7;0;2;1;2;1;
14442;202100009413;184 875;B01;2;7;0;2;3;1;1;
14443;202100009413;184 876;A01;2;7;0;2;1;1;1;
14444;202100009414;184 873;B01;1;1;0;2;4;1;5;
14445;202100009414;184 874;A01;1;7;0;2;2;1;1;
14446;202100009415;184 871;A01;2;7;0;2;3;22;1;
14447;202100009415;184 872;B01;2;1;1;0;1;1;0;
14448;202100009416;184 869;A01;0;7;0;2;3;15;1;
14449;202100009416;184 870;B01;0;7;0;2;3;1;1;
14450;202100009417;184 867;A01;3;7;8;0;3;13;1;
14451;202100009418;184 865;B01;0;2;0;2;4;1;1;
14452;202100009418;184 866;A01;0;7;0;2;1;15;1;
14453;202100009419;184 861;A01;1;7;0;2;2;1;1;
14454;202100009419;184 862;B01;1;1;0;2;3;15;5;
14455;202100009420;184 859;A01;1;7;0;2;1;15;1;
14456;202100009420;184 860;B01;2;32;0;2;1;1;1;
14457;202100009421;184 857;B01;1;7;0;2;1;15;1;
14458;202100009421;184 858;A01;0;7;0;2;3;26;1;
14459;202100009422;184 856;A01;3;10;0;1;3;1;1;
14460;202100009423;184 854;B01;3;30;9;0;1;5;1;
14461;202100009423;184 855;A01;3;7;9;0;0;0;1;
14462;202100009424;184 853;Z01;3;7;0;2;1;17;0;
14463;202100009426;184 849;B01;1;7;0;2;4;1;1;
14464;202100009426;184 850;A01;1;7;0;2;1;2;1;
14465;202100009428;184 846;B01;1;2;0;2;4;2;3;
14466;202100009428;184 847;A01;1;7;0;9;1;2;1;
14467;202100009429;184 844;B01;1;7;0;2;4;1;1;
14468;202100009429;184 845;A01;1;7;0;2;1;1;1;
14469;202100009431;184 840;B01;1;50;0;2;0;26;3;
14470;202100009431;184 841;A01;1;7;0;2;0;26;1;
14471;202100009432;184 838;B01;1;38;0;2;2;24;1;1.0
14472;202100009432;184 839;A01;1;7;1;0;1;26;1;
14473;202100009433;184 836;B01;3;7;0;2;3;16;1;
14474;202100009433;184 837;A01;3;7;0;2;2;1;1;
14475;202100009434;184 835;A01;3;7;0;1;3;1;1;
14476;202100009435;184 833;B01;2;7;0;2;2;16;1;
14477;202100009435;184 834;A01;2;2;0;2;3;1;1;
14478;202100009436;184 831;A01;3;7;0;2;1;15;1;
14479;202100009436;184 832;B01;3;1;0;2;1;1;5;
14480;202100009437;184 829;B01;2;10;0;2;4;2;1;
14481;202100009437;184 830;A01;2;10;0;2;1;2;1;
14482;202100009438;184 827;Z01;2;7;0;2;0;0;0;
14483;202100009438;184 828;A01;2;7;0;2;4;1;1;
14484;202100009439;184 825;A01;1;7;0;2;1;16;1;
14485;202100009439;184 826;B01;1;1;0;2;0;1;5;
14486;202100009440;184 824;A01;3;7;0;1;0;15;1;
14487;202100009441;184 823;A01;2;30;0;2;1;1;1;
14488;202100009442;184 821;B01;1;32;0;2;7;17;1;
14489;202100009442;184 822;A01;1;7;0;2;3;1;1;
14490;202100009443;184 819;B01;1;1;0;2;0;1;5;
14491;202100009443;184 820;A01;1;7;0;2;3;15;1;
14492;202100009444;184 818;A01;3;7;0;1;2;0;1;
14493;202100009445;184 817;A01;3;7;0;1;2;2;1;
14494;202100009446;184 815;B01;1;7;0;2;3;1;1;
14495;202100009446;184 816;A01;1;10;0;2;2;15;1;
14496;202100009447;184 814;A01;0;0;0;1;0;26;0;
14497;202100009448;184 813;A01;0;32;15;0;7;1;1;
14498;202100009449;184 811;A01;2;30;0;2;0;9;1;
14499;202100009449;184 812;B01;2;2;0;2;0;9;1;
14500;202100009450;184 809;B01;3;34;0;2;1;1;1;
14501;202100009450;184 810;A01;3;7;0;2;3;15;3;
14502;202100009452;184 807;A01;2;7;0;0;1;14;1;
14503;202100009453;184 806;A01;1;10;0;0;9;1;1;
14504;202100009454;184 804;B01;3;33;0;2;3;1;1;
14505;202100009454;184 805;A01;1;30;0;2;1;26;1;
14506;202100009455;184 802;A01;1;7;0;2;2;26;1;
14507;202100009455;184 803;B01;1;7;0;2;2;26;1;
14508;202100009456;184 800;A01;1;17;0;2;7;12;1;
14509;202100009456;184 801;B01;1;7;4;2;8;1;2;
14510;202100009457;184 798;B01;1;7;0;2;8;11;1;
14511;202100009457;184 799;A01;1;34;0;2;1;3;1;
14512;202100009459;184 794;B01;1;1;0;2;0;19;5;
14513;202100009459;184 795;A01;2;32;0;2;5;1;1;
14514;202100009460;184 793;A01;1;33;12;0;0;1;1;
14515;202100009461;184 792;A01;2;1;0;0;0;1;5;
14516;202100009463;184 790;A01;2;33;0;1;2;17;1;
14517;202100009464;184 789;A01;3;7;4;0;1;13;1;
14518;202100009465;184 788;A01;1;1;0;0;0;21;5;
14519;202100009466;184 787;A01;1;30;0;0;7;1;1;
14520;202100009469;184 783;A01;2;10;8;2;7;1;1;
14521;202100009469;184 784;B01;1;7;0;0;0;0;1;
14522;202100009470;184 782;A01;1;10;0;1;3;15;1;
14523;202100009471;184 779;C01;3;7;0;2;4;23;1;
14524;202100009471;184 780;B01;3;7;0;2;4;23;1;
14525;202100009471;184 781;A01;3;7;0;2;1;2;1;
14526;202100009473;184 775;B01;1;7;0;9;1;1;1;
14527;202100009473;184 776;A01;1;1;0;2;4;23;5;
14528;202100009475;184 771;A01;1;32;0;2;2;17;1;
14529;202100009475;184 772;B01;1;7;0;2;6;23;1;
14530;202100009476;184 770;A01;3;30;1;0;1;14;1;
14531;202100009477;184 768;B01;2;7;0;2;3;1;1;
14532;202100009477;184 769;A01;1;7;0;2;1;15;1;
14533;202100009478;184 766;A01;2;15;0;2;1;26;1;
14534;202100009478;184 767;B01;2;15;0;2;4;1;1;
14535;202100009479;184 763;A01;1;7;0;2;1;2;1;
14536;202100009479;184 764;B01;1;7;0;2;4;2;1;
14537;202100009479;184 765;C01;1;7;0;2;4;2;1;
14538;202100009480;184 762;A01;2;7;0;1;1;16;2;
14539;202100009482;184 758;A01;1;7;0;2;1;19;2;
14540;202100009482;184 759;B01;2;31;0;2;8;19;1;
14541;202100009483;184 756;A01;1;7;0;2;3;19;1;
14542;202100009483;184 757;B01;1;7;0;2;1;19;1;
14543;202100009484;184 755;A01;0;7;0;1;6;26;0;
14544;202100009485;184 754;A01;1;7;0;1;1;1;1;
14545;202100009486;184 752;B01;2;10;0;2;5;1;1;
14546;202100009486;184 753;A01;2;33;0;2;1;1;1;
14547;202100009487;184 751;A01;3;7;0;1;1;1;1;
14548;202100009488;184 749;B01;3;7;0;2;3;0;1;
14549;202100009488;184 750;A01;3;34;0;2;8;1;1;
14550;202100009489;184 747;A01;2;7;0;2;1;1;2;
14551;202100009489;184 748;B01;2;10;0;2;4;2;1;
14552;202100009490;184 745;Z01;1;7;9;2;1;1;0;
14553;202100009490;184 746;B01;1;33;9;2;4;1;1;
14554;202100009491;184 743;A01;2;7;0;2;2;1;1;
14555;202100009491;184 744;B01;0;32;0;2;0;0;1;
14556;202100009492;184 742;A01;1;7;2;0;3;11;1;
14557;202100009493;184 740;B01;1;21;0;2;3;15;1;
14558;202100009493;184 741;A01;1;7;0;2;9;17;1;
14559;202100009494;184 739;A01;2;7;2;0;3;1;1;
14560;202100009495;184 737;A01;2;7;0;2;1;12;1;
14561;202100009495;184 738;B01;1;33;0;2;3;1;1;
14562;202100009496;184 735;A01;0;36;0;2;1;1;1;
14563;202100009496;184 736;B01;0;7;0;0;1;23;1;
14564;202100009498;184 732;A01;1;10;13;0;9;1;1;
14565;202100009500;184 730;A01;3;7;6;0;1;1;1;
14566;202100009501;184 728;A01;3;7;0;1;5;4;1;
14567;202100009501;184 729;B01;0;7;0;1;2;23;1;
14568;202100009502;184 727;A01;1;7;0;1;1;1;1;
14569;202100009504;184 724;A01;1;1;0;0;4;2;5;
14570;202100009504;184 725;B01;1;7;0;2;2;2;1;