;Num_Acc;id_vehicule;num_veh;senc;catv;obs;obsm;choc;manv;motor;occutc
14571;202100009505;184 722;B01;1;7;0;2;6;1;1;
14572;202100009505;184 723;A01;1;2;0;2;1;1;1;
14573;202100009506;184 720;A01;1;10;3;2;3;2;1;
14574;202100009506;184 721;B01;2;20;0;2;3;24;1;
14575;202100009507;184 719;A01;2;7;15;0;7;13;1;
14576;202100009508;184 717;B01;2;7;0;0;4;23;1;
14577;202100009508;184 718;A01;2;7;0;2;1;2;1;
14578;202100009509;184 716;A01;1;2;5;0;7;1;1;
14579;202100009510;184 714;A01;2;10;0;2;1;2;1;
14580;202100009510;184 715;B01;2;7;0;0;4;2;1;
14581;202100009511;184 711;A01;2;7;0;2;1;2;1;
14582;202100009511;184 712;B01;2;7;0;2;4;2;1;
14583;202100009511;184 713;C01;2;7;0;2;4;2;1;
14584;202100009512;184 710;A01;1;30;0;0;2;1;1;
14585;202100009513;184 708;B01;1;2;0;2;1;1;1;
14586;202100009513;184 709;A01;2;10;0;0;3;15;1;
14587;202100009514;184 706;A01;2;7;0;2;1;17;1;
14588;202100009514;184 707;B01;1;7;0;2;1;1;1;
14589;202100009515;184 704;B01;0;1;0;2;1;2;6;
14590;202100009515;184 705;A01;3;7;0;9;7;19;1;
14591;202100009516;184 703;A01;2;10;8;0;3;13;1;
14592;202100009517;184 701;A01;1;13;0;0;2;0;1;
14593;202100009517;184 702;B01;2;33;0;0;0;17;1;
14594;202100009518;184 699;A01;2;7;0;2;1;13;1;
14595;202100009518;184 700;B01;1;7;0;2;1;1;1;
14596;202100009520;184 693;B01;3;10;0;2;1;2;1;
14597;202100009520;184 694;A01;3;7;0;2;4;2;1;
14598;202100009522;184 689;B01;1;2;0;2;1;1;1;
14599;202100009522;184 690;A01;1;7;0;2;2;15;1;
14600;202100009523;184 688;A01;1;7;13;0;9;1;1;
14601;202100009524;184 687;A01;1;33;0;0;0;2;1;
14602;202100009525;184 685;B01;1;7;0;2;1;19;1;
14603;202100009525;184 686;A01;2;7;0;2;2;21;1;
14604;202100009526;184 683;A01;2;7;0;2;2;1;1;
14605;202100009526;184 684;B01;2;10;0;2;6;1;1;
14606;202100009527;184 680;C01;2;10;0;2;1;1;1;
14607;202100009527;184 681;B01;2;7;13;2;3;1;1;
14608;202100009527;184 682;A01;1;7;0;2;1;13;1;
14609;202100009528;184 679;A01;2;7;2;0;3;17;1;
14610;202100009529;184 677;A01;2;7;0;0;1;0;2;
14611;202100009529;184 678;B01;2;7;0;2;7;0;1;
14612;202100009530;184 675;B01;2;10;0;9;8;14;1;
14613;202100009530;184 676;A01;1;33;0;0;0;1;1;
14614;202100009531;184 674;A01;1;7;8;0;3;0;1;
14615;202100009532;184 672;B01;3;7;0;2;6;14;1;
14616;202100009532;184 673;A01;3;7;3;2;7;13;1;
14617;202100009533;184 670;B01;2;7;0;0;4;15;1;
14618;202100009533;184 671;A01;2;7;0;2;1;26;1;
14619;202100009534;184 668;B01;-1;7;0;0;6;23;1;
14620;202100009534;184 669;A01;-1;33;0;2;1;2;1;
14621;202100009536;184 666;A01;1;7;13;0;2;1;1;
14622;202100009537;184 664;A01;1;7;0;2;1;13;1;
14623;202100009537;184 665;B01;2;7;0;2;1;1;1;
14624;202100009538;184 663;A01;3;10;0;1;1;0;1;
14625;202100009539;184 660;A01;2;10;0;2;3;13;1;
14626;202100009539;184 661;B01;1;7;0;2;3;1;1;
14627;202100009539;184 662;C01;2;10;0;2;1;1;1;
14628;202100009540;184 658;B01;0;50;0;2;8;19;3;
14629;202100009540;184 659;A01;0;7;0;2;1;2;1;
14630;202100009541;184 656;A01;0;7;15;2;1;1;1;
14631;202100009541;184 657;B01;0;7;0;2;7;9;1;
14632;202100009542;184 653;C01;0;7;0;2;3;23;1;
14633;202100009542;184 654;A01;0;10;0;2;2;19;1;
14634;202100009542;184 655;B01;0;7;14;2;1;1;1;
14635;202100009543;184 646;A01;2;10;0;2;3;13;1;
14636;202100009543;184 647;B01;1;7;0;9;1;11;1;
14637;202100009543;184 648;C01;1;15;0;2;3;1;1;
14638;202100009543;184 649;D01;1;7;0;2;1;1;1;
14639;202100009543;184 650;E01;1;7;0;2;1;1;1;
14640;202100009544;184 644;A01;2;10;0;2;4;2;1;
14641;202100009544;184 645;B01;2;10;0;2;1;2;1;
14642;202100009545;184 642;B01;1;32;0;2;1;3;1;
14643;202100009545;184 643;A01;1;7;0;2;5;23;1;
14644;202100009546;184 640;A01;2;7;0;2;7;12;1;
14645;202100009546;184 641;B01;2;33;0;2;1;3;1;
14646;202100009549;184 636;B01;2;7;0;2;0;11;1;
14647;202100009549;184 637;A01;2;31;0;2;0;3;1;
14648;202100009550;184 635;A01;1;7;14;0;1;0;1;
14649;202100009551;184 634;A01;2;7;3;0;3;26;1;
14650;202100009552;184 632;B01;1;7;0;2;2;2;1;
14651;202100009552;184 633;A01;1;7;0;2;4;11;2;
14652;202100009553;184 629;C01;1;7;0;2;0;1;1;
14653;202100009553;184 630;B01;1;33;0;2;0;1;1;
14654;202100009553;184 631;A01;1;33;0;2;0;11;1;
14655;202100009554;184 627;B01;1;33;0;2;8;3;1;
14656;202100009554;184 628;A01;1;7;0;2;7;12;1;
14657;202100009555;184 626;A01;2;7;3;0;1;1;1;
14658;202100009556;184 624;A01;1;7;4;2;1;1;1;
14659;202100009556;184 625;B01;1;7;4;2;4;1;1;
14660;202100009557;184 623;A01;2;7;4;0;1;1;1;
14661;202100009558;184 621;Z01;2;7;0;2;0;0;0;
14662;202100009558;184 622;A01;2;7;0;2;6;1;1;
14663;202100009559;184 619;A01;1;7;0;2;8;11;1;
14664;202100009559;184 620;B01;1;33;0;2;7;3;1;
14665;202100009560;184 616;A01;2;7;0;2;1;2;1;
14666;202100009560;184 617;B01;2;10;0;2;4;2;1;
14667;202100009560;184 618;C01;2;7;0;2;4;2;1;
14668;202100009561;184 615;A01;1;7;3;0;1;1;1;
14669;202100009562;184 614;A01;1;7;3;0;1;1;1;
14670;202100009563;184 612;A01;1;7;0;2;2;14;1;
14671;202100009563;184 613;B01;1;7;3;2;6;11;1;
14672;202100009564;184 611;A01;2;7;6;0;1;1;1;
14673;202100009565;184 610;A01;1;7;0;1;3;1;1;
14674;202100009566;184 607;A01;2;14;0;2;6;23;1;
14675;202100009566;184 608;B01;2;33;14;0;1;2;1;
14676;202100009566;184 609;C01;2;33;0;2;0;0;1;
14677;202100009567;184 605;B01;2;7;0;2;3;15;6;
14678;202100009567;184 606;A01;1;34;0;2;3;16;6;
14679;202100009568;184 604;A01;3;7;0;0;0;1;1;
14680;202100009569;184 603;B01;1;7;0;1;0;15;0;
14681;202100009570;184 601;A01;2;7;0;2;1;15;1;
14682;202100009570;184 602;B01;1;2;0;2;1;1;1;
14683;202100009571;184 599;C01;2;7;0;2;7;16;-1;
14684;202100009571;184 600;B01;2;0;0;2;7;1;0;
14685;202100009574;184 592;C01;2;10;0;2;4;1;1;
14686;202100009574;184 593;A01;2;7;0;2;1;2;1;
14687;202100009574;184 594;B01;2;7;0;2;4;2;1;
14688;202100009575;184 591;A01;1;34;0;1;1;17;1;
14689;202100009576;184 589;B01;2;34;0;2;2;1;1;
14690;202100009576;184 590;A01;1;7;0;2;2;15;1;
14691;202100009577;184 587;A01;2;99;0;2;1;1;3;
14692;202100009577;184 588;B01;2;7;0;2;3;1;1;
14693;202100009578;184 585;A01;2;7;15;2;1;1;1;
14694;202100009578;184 586;B01;2;7;0;2;4;1;1;
14695;202100009579;184 583;B01;1;31;0;2;1;9;1;
14696;202100009579;184 584;A01;2;7;0;2;7;1;1;
14697;202100009580;184 581;A01;2;10;0;9;3;9;1;
14698;202100009580;184 582;B01;3;50;0;2;1;1;3;
14699;202100009581;184 580;A01;2;7;0;1;1;9;1;
14700;202100009582;184 579;A01;0;2;0;0;0;1;1;
14701;202100009584;184 576;A01;2;3;0;2;1;15;1;
14702;202100009584;184 577;B01;1;50;0;2;7;19;3;
14703;202100009585;184 573;C01;1;10;1;0;2;9;1;
14704;202100009585;184 574;B01;2;7;0;2;2;1;1;
14705;202100009585;184 575;A01;1;10;0;2;8;22;1;
14706;202100009586;184 571;B01;2;2;0;2;2;1;3;
14707;202100009586;184 572;A01;1;7;0;2;3;15;1;
14708;202100009587;184 569;B01;0;2;0;2;1;1;1;
14709;202100009587;184 570;A01;0;7;0;2;8;9;1;
14710;202100009588;184 568;A01;2;30;0;9;1;1;1;
14711;202100009589;184 566;A01;1;7;0;2;8;22;1;
14712;202100009589;184 567;B01;1;1;1;0;1;1;5;
14713;202100009590;184 565;A01;1;7;0;1;2;1;1;
14714;202100009593;184 559;A01;2;37;0;1;1;1;1;1.0
14715;202100009594;184 557;A01;3;7;0;2;3;9;1;
14716;202100009594;184 558;B01;0;50;0;0;0;0;3;
14717;202100009595;184 555;A01;1;7;0;2;3;13;1;
14718;202100009595;184 556;B01;2;10;0;2;3;0;1;
14719;202100009596;184 553;B01;1;7;0;2;4;1;1;
14720;202100009596;184 554;A01;1;13;0;2;1;1;0;
14721;202100009597;184 552;A01;1;3;4;0;3;26;1;
14722;202100009598;184 551;A01;1;43;0;0;8;0;1;
14723;202100009599;184 549;Z01;1;7;0;2;0;1;1;
14724;202100009599;184 550;B01;2;7;0;2;2;1;1;
14725;202100009600;184 548;A01;1;7;15;0;1;14;1;
14726;202100009601;184 547;A01;2;7;4;0;3;0;1;
14727;202100009602;184 543;A01;3;7;0;2;1;1;1;
14728;202100009602;184 544;B01;3;7;0;2;1;1;1;
14729;202100009602;184 545;C01;3;7;0;2;1;1;1;
14730;202100009602;184 546;D01;3;7;0;2;1;0;1;
14731;202100009603;184 542;A01;2;7;1;0;1;13;1;
14732;202100009604;184 539;C01;1;7;0;2;4;1;1;
14733;202100009604;184 540;B01;1;7;0;2;1;1;1;
14734;202100009604;184 541;A01;1;7;0;2;1;9;1;
14735;202100009605;184 537;A01;2;7;0;2;3;2;1;
14736;202100009605;184 538;B01;3;80;0;2;8;19;3;
14737;202100009606;184 535;B01;0;2;0;2;1;1;1;
14738;202100009606;184 536;A01;0;7;0;2;5;15;1;
14739;202100009607;184 532;A01;-1;7;0;2;2;15;1;
14740;202100009607;184 533;B01;-1;2;0;2;1;26;1;
14741;202100009608;184 530;A01;0;7;0;2;2;1;1;
14742;202100009608;184 531;B01;0;2;0;2;8;1;1;
14743;202100009609;184 529;A01;2;7;0;1;1;1;1;
14744;202100009610;184 527;B01;3;1;0;2;7;1;0;
14745;202100009610;184 528;A01;2;7;0;2;1;9;1;
14746;202100009611;184 525;A01;1;7;0;2;8;10;1;
14747;202100009611;184 526;B01;1;33;0;2;1;1;1;
14748;202100009612;184 523;B01;3;30;0;2;1;1;1;
14749;202100009612;184 524;A01;3;7;0;2;7;15;2;
14750;202100009614;184 518;C01;1;7;0;2;8;1;1;
14751;202100009614;184 519;B01;1;33;0;2;7;12;1;
14752;202100009614;184 520;A01;1;33;0;2;8;3;1;
14753;202100009615;184 515;A01;2;7;0;2;1;13;1;
14754;202100009615;184 516;B01;1;7;0;2;8;1;1;
14755;202100009615;184 517;C01;2;32;0;2;8;7;1;
14756;202100009616;184 513;A01;1;80;0;2;2;1;3;
14757;202100009616;184 514;Z01;1;30;0;2;0;13;1;
14758;202100009617;184 512;A01;1;32;0;1;1;1;1;
14759;202100009618;184 511;A01;2;43;12;0;1;13;1;
14760;202100009619;184 509;B01;1;7;0;2;4;23;1;
14761;202100009619;184 510;A01;1;30;0;2;1;2;1;
14762;202100009620;184 508;A01;2;7;0;1;1;15;1;
14763;202100009621;184 506;A01;3;7;0;2;2;1;1;
14764;202100009621;184 507;B01;3;2;0;2;8;1;1;
14765;202100009622;184 504;B01;2;7;0;2;3;1;1;
14766;202100009622;184 505;A01;1;7;0;2;2;15;1;
14767;202100009623;184 503;A01;2;10;0;1;3;15;1;
14768;202100009625;184 501;A01;1;31;0;1;1;1;3;
14769;202100009626;184 499;A01;1;32;0;2;2;16;1;
14770;202100009626;184 500;B01;2;1;0;2;8;7;5;
14771;202100009627;184 497;A01;3;7;0;2;1;1;2;
14772;202100009627;184 498;B01;3;7;0;2;5;1;3;
14773;202100009628;184 495;A01;1;7;0;2;0;1;1;
14774;202100009628;184 496;B01;2;33;0;2;0;1;1;
14775;202100009629;184 494;A01;1;30;1;1;1;14;1;
14776;202100009631;184 492;A01;1;7;1;0;1;16;1;
14777;202100009632;184 490;A01;1;14;0;2;3;15;1;
14778;202100009632;184 491;B01;1;43;0;2;2;17;1;
14779;202100009633;184 489;A01;1;10;0;1;2;16;1;
14780;202100009634;184 487;B01;1;7;0;2;4;1;1;
14781;202100009634;184 488;A01;1;7;0;2;1;1;1;
14782;202100009635;184 485;B01;2;33;0;2;1;1;1;
14783;202100009635;184 486;A01;3;7;0;2;2;15;1;
14784;202100009636;184 483;B01;1;7;0;2;0;0;1;
14785;202100009636;184 484;A01;1;7;0;2;0;9;1;
14786;202100009637;184 481;B01;2;7;0;0;4;23;2;
14787;202100009637;184 482;A01;2;7;0;2;1;1;1;
14788;202100009638;184 479;B01;1;7;1;0;7;1;1;
14789;202100009638;184 480;A01;1;15;0;2;7;22;1;
14790;202100009639;184 477;B01;1;7;0;0;5;19;0;
14791;202100009639;184 478;A01;1;7;0;2;1;19;1;
14792;202100009640;184 475;B01;1;32;0;2;1;18;1;
14793;202100009640;184 476;A01;1;7;0;2;2;16;1;
14794;202100009641;184 473;A01;1;10;1;2;1;5;0;
14795;202100009641;184 474;B01;2;7;0;2;2;1;0;
14796;202100009642;184 471;A01;1;10;14;0;8;13;1;
14797;202100009642;184 472;B01;1;2;14;0;2;17;1;
14798;202100009643;184 469;B01;3;7;0;2;2;15;1;
14799;202100009643;184 470;A01;3;31;0;2;1;1;1;
14800;202100009645;184 466;A01;0;7;0;1;1;9;1;
14801;202100009646;184 464;B01;2;10;0;2;3;16;0;
14802;202100009646;184 465;A01;2;10;14;2;3;9;0;
14803;202100009647;184 462;B01;-1;99;0;2;7;15;0;
14804;202100009647;184 463;A01;-1;33;0;9;7;0;0;
14805;202100009648;184 460;B01;3;32;0;2;7;17;6;
14806;202100009648;184 461;A01;3;99;0;0;8;1;6;
14807;202100009649;184 459;A01;1;7;0;1;1;2;0;
14808;202100009650;184 458;A01;1;7;0;1;2;2;1;
14809;202100009651;184 456;Z01;0;7;0;2;0;0;0;
14810;202100009651;184 457;A01;3;7;0;2;3;15;1;
14811;202100009652;184 454;B01;1;7;0;9;2;1;1;
14812;202100009652;184 455;A01;1;2;0;0;8;10;1;
14813;202100009653;184 451;D01;3;7;0;2;1;23;1;
14814;202100009653;184 452;A01;3;7;0;2;3;1;1;
14815;202100009653;184 453;B01;3;7;0;2;3;13;1;
14816;202100009654;184 449;A01;3;7;0;0;8;17;1;
14817;202100009654;184 450;B01;3;1;0;0;7;11;5;
14818;202100009655;184 448;A01;1;33;0;0;7;1;1;
14819;202100009657;184 444;C01;1;7;0;2;3;1;0;
14820;202100009657;184 445;B01;2;7;0;2;8;1;0;
14821;202100009657;184 446;A01;2;7;0;2;3;15;0;
14822;202100009658;184 442;A01;2;7;0;9;2;1;1;
14823;202100009658;184 443;B01;2;1;0;2;7;1;5;
14824;202100009659;184 441;A01;2;7;0;1;2;1;1;
14825;202100009660;184 440;A01;1;7;6;0;1;1;1;
14826;202100009661;184 439;A01;0;7;0;1;2;1;1;
14827;202100009664;184 435;A01;1;33;0;2;1;1;1;
14828;202100009664;184 436;B01;1;7;0;2;1;16;1;
14829;202100009665;184 434;A01;3;7;0;1;1;1;1;
14830;202100009666;184 431;B01;1;7;0;2;1;1;1;
14831;202100009666;184 432;C01;1;7;0;0;3;1;1;
14832;202100009666;184 433;A01;2;7;0;2;0;13;1;
14833;202100009667;184 429;A01;1;7;0;2;0;1;1;
14834;202100009667;184 430;B01;0;7;0;2;0;16;1;
14835;202100009668;184 428;A01;2;7;0;1;1;1;1;
14836;202100009669;184 426;B01;2;10;0;2;1;9;1;
14837;202100009669;184 427;A01;1;10;11;2;1;1;1;
14838;202100009670;184 424;A01;1;7;4;2;3;0;1;
14839;202100009670;184 425;B01;2;15;0;0;8;1;1;
14840;202100009671;184 423;A01;2;7;3;0;0;1;1;
14841;202100009672;184 421;B01;1;2;0;2;0;1;1;
14842;202100009672;184 422;A01;2;0;0;2;0;15;1;
14843;202100009673;184 420;A01;1;7;13;0;7;1;1;
14844;202100009674;184 416;C01;2;7;0;2;1;0;1;
14845;202100009674;184 417;B01;2;7;0;2;4;0;1;
14846;202100009674;184 418;A01;2;10;0;2;1;0;1;
14847;202100009674;184 419;D01;2;7;0;2;4;0;1;
14848;202100009675;184 415;A01;1;7;0;0;0;1;1;
14849;202100009676;184 413;A01;1;7;0;2;2;9;1;
14850;202100009676;184 414;B01;1;7;0;2;6;1;1;
14851;202100009677;184 411;A01;1;7;0;2;1;1;1;
14852;202100009677;184 412;B01;2;7;0;2;1;1;1;
14853;202100009678;184 409;A01;2;10;0;2;2;2;1;
14854;202100009678;184 410;B01;2;15;0;0;6;1;1;
14855;202100009679;184 408;A01;1;7;13;0;9;26;1;
14856;202100009680;184 404;B01;2;7;0;2;4;1;1;
14857;202100009680;184 405;C01;2;7;0;2;5;1;1;
14858;202100009680;184 406;D01;2;7;3;2;5;1;1;
14859;202100009680;184 407;A01;2;99;0;2;3;1;1;
14860;202100009683;184 397;A01;3;2;0;2;3;13;1;
14861;202100009683;184 398;B01;3;10;0;2;3;21;1;
14862;202100009685;184 393;A01;1;7;0;2;1;17;1;
14863;202100009685;184 394;B01;2;13;0;2;1;26;1;
14864;202100009686;184 391;B01;1;7;0;2;3;1;1;
14865;202100009686;184 392;A01;1;7;0;2;3;13;1;
14866;202100009687;184 389;B01;0;99;0;2;3;1;1;
14867;202100009687;184 390;A01;0;7;0;2;1;1;1;
14868;202100009688;184 388;A01;3;7;0;1;1;19;1;
14869;202100009689;184 387;A01;1;7;2;0;1;1;2;
14870;202100009690;184 382;A01;1;7;0;2;1;13;1;
14871;202100009690;184 383;B01;2;7;0;2;1;0;1;
14872;202100009690;184 384;E01;1;7;0;2;1;21;1;
14873;202100009690;184 385;D01;2;7;0;0;3;0;2;
14874;202100009690;184 386;C01;2;7;14;0;1;2;1;
14875;202100009692;184 380;A01;1;2;0;6;3;0;1;
14876;202100009693;184 378;A01;1;7;0;2;3;15;1;
14877;202100009693;184 379;B01;2;7;0;2;1;1;1;
14878;202100009694;184 375;A01;2;7;13;2;7;1;1;
14879;202100009694;184 376;C01;1;7;0;0;6;1;1;
14880;202100009694;184 377;B01;1;10;0;2;2;1;1;
14881;202100009695;184 373;B01;1;1;0;2;7;1;5;
14882;202100009695;184 374;A01;1;7;0;2;2;1;2;
14883;202100009696;184 372;A01;3;7;0;0;1;0;1;
14884;202100009697;184 370;A01;2;7;0;9;3;15;1;
14885;202100009697;184 371;B01;3;1;0;2;7;1;5;
14886;202100009698;184 368;A01;3;7;0;2;8;1;1;
14887;202100009698;184 369;B01;3;7;0;2;1;19;1;
14888;202100009699;184 367;A01;2;7;13;0;9;13;1;
14889;202100009700;184 366;A01;1;7;4;0;8;19;1;
14890;202100009701;184 364;B01;2;7;0;2;4;2;1;
14891;202100009701;184 365;A01;1;7;0;2;1;2;1;
14892;202100009702;184 361;C01;1;17;0;2;1;1;1;
14893;202100009702;184 362;B01;1;7;0;2;3;1;1;
14894;202100009702;184 363;A01;1;10;0;2;5;11;1;
14895;202100009703;184 357;A01;1;99;0;0;0;23;1;
14896;202100009703;184 358;D01;1;15;1;0;3;21;1;
14897;202100009703;184 359;C01;1;7;1;0;0;22;1;
14898;202100009703;184 360;B01;1;10;1;0;1;21;1;
14899;202100009704;184 356;A01;1;7;3;0;0;1;1;
14900;202100009705;184 354;A01;2;7;0;2;0;0;1;
14901;202100009705;184 355;B01;1;7;0;2;0;0;1;
14902;202100009706;184 352;A01;2;7;0;2;0;0;1;
14903;202100009706;184 353;B01;2;33;0;2;0;0;1;
14904;202100009707;184 350;A01;2;7;0;2;5;12;1;
14905;202100009707;184 351;B01;2;33;0;2;3;3;1;
14906;202100009708;184 348;B01;2;7;0;2;6;1;1;
14907;202100009708;184 349;A01;2;15;0;2;2;14;1;
14908;202100009709;184 346;A01;1;7;0;2;4;13;1;
14909;202100009709;184 347;B01;1;33;0;2;1;3;1;
14910;202100009710;184 344;B01;1;7;0;2;4;2;1;
14911;202100009710;184 345;A01;1;7;0;2;1;2;1;
14912;202100009711;184 343;A01;1;33;0;0;0;21;1;
14913;202100009712;184 341;A01;2;32;0;2;1;3;1;
14914;202100009712;184 342;B01;2;7;0;2;2;12;1;
14915;202100009713;184 339;B01;2;32;0;2;3;1;1;
14916;202100009713;184 340;A01;2;7;0;2;5;12;1;
14917;202100009714;184 337;B01;1;33;0;2;2;3;1;
14918;202100009714;184 338;A01;1;7;0;2;8;11;2;
14919;202100009715;184 333;A01;2;7;0;2;2;14;1;
14920;202100009715;184 334;B01;2;7;0;2;3;1;1;
14921;202100009715;184 335;C01;2;7;0;2;1;1;1;
14922;202100009715;184 336;D01;2;14;0;2;2;1;1;
14923;202100009716;184 332;A01;2;32;0;0;7;21;1;
14924;202100009717;184 330;A01;2;10;0;2;3;15;1;
14925;202100009717;184 331;B01;2;2;0;2;1;2;1;
14926;202100009718;184 329;A01;1;7;0;1;2;1;2;
14927;202100009719;184 328;A01;1;7;0;1;2;9;1;
14928;202100009720;184 326;A01;3;30;0;2;1;19;1;
14929;202100009720;184 327;B01;1;7;0;2;8;1;1;
14930;202100009721;184 325;A01;0;7;0;1;1;9;1;
14931;202100009722;184 324;A01;1;7;0;1;1;1;1;
14932;202100009723;184 322;B01;1;7;0;9;6;15;1;
14933;202100009723;184 323;A01;2;2;0;2;0;15;1;
14934;202100009724;184 320;B01;2;2;0;2;1;15;1;
14935;202100009724;184 321;A01;2;7;0;2;3;15;1;
14936;202100009725;184 318;B01;2;2;0;2;7;1;1;
14937;202100009725;184 319;A01;1;7;0;2;1;15;1;
14938;202100009726;184 316;B01;2;7;0;2;4;1;1;
14939;202100009726;184 317;A01;2;7;0;2;1;26;1;
14940;202100009727;184 315;A01;2;10;0;1;6;15;1;
14941;202100009728;184 314;A01;0;99;8;0;1;15;3;
14942;202100009729;184 312;B01;1;33;0;2;4;2;1;
14943;202100009729;184 313;A01;1;7;0;2;2;26;4;
14944;202100009730;184 310;A01;1;99;0;2;1;1;0;
14945;202100009730;184 311;B01;2;99;0;2;8;15;0;
14946;202100009731;184 308;B01;2;7;0;2;4;23;1;
14947;202100009731;184 309;A01;2;7;0;2;1;2;1;
14948;202100009732;184 306;A01;1;43;13;2;7;14;1;
14949;202100009732;184 307;B01;1;7;0;2;1;9;1;
14950;202100009733;184 305;A01;3;7;0;1;2;19;1;
14951;202100009734;184 304;A01;1;10;0;1;3;26;1;
14952;202100009735;184 302;B01;2;1;1;0;1;1;5;
14953;202100009735;184 303;A01;1;7;0;0;0;0;1;
14954;202100009736;184 300;A01;1;7;0;2;1;1;1;
14955;202100009736;184 301;B01;1;7;0;2;3;0;1;
14956;202100009737;184 298;Z01;1;10;0;2;1;1;1;
14957;202100009737;184 299;A01;1;7;0;2;4;4;1;
14958;202100009738;184 297;A01;2;7;13;0;1;14;1;
14959;202100009739;184 294;B01;2;7;0;2;4;2;1;
14960;202100009739;184 295;C01;2;7;0;2;4;2;1;
14961;202100009739;184 296;A01;2;7;0;2;1;2;1;
14962;202100009740;184 293;A01;1;50;0;0;8;1;3;
14963;202100009741;184 291;B01;2;7;3;2;4;2;1;
14964;202100009741;184 292;A01;2;7;3;2;1;2;1;
14965;202100009742;184 287;A01;2;7;0;1;0;1;1;
14966;202100009742;184 288;B01;2;7;0;2;1;2;1;
14967;202100009743;184 286;A01;0;7;0;1;1;1;1;
14968;202100009744;184 285;A01;0;10;0;1;6;15;1;
14969;202100009745;184 277;B01;0;3;0;2;3;1;1;
14970;202100009745;184 278;A01;0;7;0;2;1;15;1;
14971;202100009746;184 276;A01;2;32;6;0;7;14;1;
14972;202100009747;184 275;A01;2;7;0;1;7;26;1;
14973;202100009748;184 274;A01;0;7;0;0;2;9;1;
14974;202100009749;184 273;A01;3;7;0;1;2;26;1;
14975;202100009750;184 272;A01;1;7;0;1;2;1;1;
14976;202100009751;184 270;B01;2;7;0;2;2;0;1;
14977;202100009751;184 271;A01;1;7;1;2;3;0;1;
14978;202100009752;184 269;A01;1;7;0;2;3;15;1;
14979;202100009753;184 267;B01;2;7;0;2;3;1;1;
14980;202100009753;184 268;A01;1;1;0;2;1;19;5;
14981;202100009754;184 265;A01;1;7;0;2;5;16;1;
14982;202100009754;184 266;B01;2;1;0;2;1;19;5;
14983;202100009755;184 263;A01;2;7;0;2;6;9;1;
14984;202100009755;184 264;B01;2;7;0;2;2;1;0;
14985;202100009756;184 262;A01;1;43;0;1;1;1;1;
14986;202100009757;184 259;A01;1;10;0;2;1;1;1;
14987;202100009757;184 260;B01;1;7;0;2;4;1;1;
14988;202100009757;184 261;C01;1;7;0;2;4;1;1;
14989;202100009758;184 256;C01;1;7;0;2;1;1;1;
14990;202100009758;184 257;B01;1;7;0;2;1;1;1;
14991;202100009758;184 258;A01;2;7;0;2;2;15;1;
14992;202100009759;184 253;A01;3;7;1;0;1;2;1;
14993;202100009759;184 254;B01;3;7;1;0;4;23;1;
14994;202100009759;184 255;C01;3;7;0;2;4;23;1;
14995;202100009760;184 251;B01;2;7;0;2;4;15;1;
14996;202100009760;184 252;A01;2;7;0;2;3;17;1;
14997;202100009761;184 250;A01;0;14;0;1;5;26;1;
14998;202100009762;184 248;B01;3;30;0;2;1;1;0;
14999;202100009762;184 249;A01;3;7;0;2;3;15;1;
15000;202100009763;184 246;A01;3;7;0;9;8;11;1;
15001;202100009763;184 247;B01;3;31;0;2;7;1;1;
15002;202100009764;184 244;B01;1;7;0;2;4;1;1;
15003;202100009764;184 245;A01;1;7;0;2;1;16;1;
15004;202100009765;184 240;A01;3;7;0;2;4;20;1;
15005;202100009765;184 241;B01;3;7;0;2;1;24;1;
15006;202100009766;184 239;A01;1;10;0;1;2;1;1;
15007;202100009767;184 238;A01;1;7;6;0;9;1;1;
15008;202100009768;184 236;B01;2;7;0;2;1;2;1;
15009;202100009768;184 237;A01;1;7;6;2;5;19;1;
15010;202100009769;184 234;A01;1;7;0;2;1;1;1;
15011;202100009769;184 235;B01;2;7;0;2;1;1;1;
15012;202100009770;184 232;A01;1;7;0;2;3;2;3;
15013;202100009770;184 233;B01;1;7;0;2;4;2;1;
15014;202100009771;184 229;A01;2;7;0;2;6;1;2;
15015;202100009771;184 230;C01;0;10;1;0;0;24;1;
15016;202100009771;184 231;B01;2;2;0;2;1;1;1;
15017;202100009772;184 227;B01;2;7;0;2;6;1;1;
15018;202100009772;184 228;A01;1;7;0;2;1;1;1;
15019;202100009773;184 225;B01;0;7;0;2;0;1;-1;
15020;202100009773;184 226;A01;0;7;0;2;1;1;1;
15021;202100009774;184 223;A01;2;10;0;2;2;15;1;
15022;202100009774;184 224;B01;1;7;0;2;3;1;1;
15023;202100009775;184 221;A01;1;7;0;2;1;19;1;
15024;202100009775;184 222;B01;1;7;0;2;8;19;1;
15025;202100009776;184 220;A01;1;7;6;0;3;14;1;
15026;202100009777;184 218;A01;2;7;0;2;2;16;1;
15027;202100009777;184 219;B01;2;30;0;2;1;18;1;
15028;202100009778;184 216;B01;2;7;0;2;4;2;1;
15029;202100009778;184 217;A01;2;1;0;2;1;1;5;
15030;202100009779;184 215;A01;1;14;0;1;2;1;1;
15031;202100009780;184 214;Z01;2;7;0;1;1;0;1;
15032;202100009782;184 212;A01;0;7;4;0;1;1;1;