;Num_Acc;id_vehicule;num_veh;senc;catv;obs;obsm;choc;manv;motor;occutc
15033;202100009783;184 211;A01;1;7;13;0;1;16;1;
15034;202100009784;184 210;A01;0;7;0;0;3;16;0;
15035;202100009786;184 203;A01;1;7;0;2;2;15;1;
15036;202100009786;184 204;B01;1;33;0;2;1;1;1;
15037;202100009787;184 201;B01;3;7;0;2;1;1;1;
15038;202100009787;184 202;A01;3;30;0;2;1;1;1;
15039;202100009788;184 199;B01;2;1;0;2;1;0;0;
15040;202100009788;184 200;A01;1;30;0;2;1;2;1;
15041;202100009789;184 196;B01;2;7;0;2;1;1;1;
15042;202100009789;184 197;A01;2;7;0;2;4;1;1;
15043;202100009790;184 192;A01;1;7;0;2;1;2;1;
15044;202100009790;184 193;B01;1;7;0;2;4;2;1;
15045;202100009790;184 194;C01;1;7;0;2;4;2;1;
15046;202100009790;184 195;D01;1;7;0;2;1;2;1;
15047;202100009791;184 190;B01;2;7;0;2;4;2;1;
15048;202100009791;184 191;A01;2;7;0;2;1;1;1;
15049;202100009793;184 187;A01;3;7;8;0;8;1;1;
15050;202100009794;184 185;B01;1;14;0;2;7;16;1;
15051;202100009794;184 186;A01;1;32;0;2;1;21;1;
15052;202100009795;184 184;A01;3;30;0;1;2;3;1;
15053;202100009796;184 183;A01;2;7;1;0;2;1;1;
15054;202100009797;184 181;B01;1;10;0;2;4;1;1;
15055;202100009797;184 182;A01;1;33;0;2;1;1;1;
15056;202100009798;184 180;A01;1;2;12;0;1;12;1;
15057;202100009799;184 178;B01;1;7;4;2;4;2;1;
15058;202100009799;184 179;A01;1;7;4;2;1;11;1;
15059;202100009800;184 176;A01;2;32;0;2;7;12;1;
15060;202100009800;184 177;B01;2;7;0;2;8;1;1;
15061;202100009801;184 174;B01;1;7;0;2;6;11;1;
15062;202100009801;184 175;A01;1;32;0;2;1;3;1;
15063;202100009802;184 173;A01;1;7;6;1;2;14;1;
15064;202100009803;184 172;Z01;1;32;0;1;0;1;0;
15065;202100009804;184 171;A01;1;2;0;0;0;21;1;
15066;202100009805;184 170;A01;1;30;0;1;1;7;0;
15067;202100009806;184 169;A01;2;30;0;1;2;1;1;
15068;202100009807;184 166;Z01;3;7;0;2;8;13;0;
15069;202100009807;184 167;B01;3;33;0;2;7;3;1;
15070;202100009807;184 168;A01;3;14;0;2;2;1;1;
15071;202100009808;184 164;A01;1;7;0;2;2;1;1;
15072;202100009808;184 165;B01;1;34;0;2;3;1;1;
15073;202100009809;184 162;A01;1;30;0;2;3;3;1;
15074;202100009809;184 163;Z01;1;10;0;2;2;14;0;
15075;202100009810;184 160;B01;1;32;0;2;1;17;1;
15076;202100009810;184 161;A01;1;7;0;2;3;15;1;
15077;202100009811;184 159;A01;1;30;0;0;1;1;1;
15078;202100009813;184 155;A01;1;7;0;2;2;10;1;
15079;202100009813;184 156;B01;1;33;0;2;1;1;1;
15080;202100009814;184 154;A01;0;7;3;0;3;16;1;
15081;202100009815;184 152;B01;1;1;0;2;8;0;0;
15082;202100009815;184 153;A01;1;7;0;2;1;15;1;
15083;202100009816;184 150;B01;1;0;0;2;1;19;0;
15084;202100009816;184 151;A01;1;33;0;2;7;9;0;
15085;202100009817;184 147;A01;2;7;0;1;2;1;1;
15086;202100009818;184 145;B01;1;2;0;2;1;1;1;
15087;202100009818;184 146;A01;-1;7;0;0;2;15;1;
15088;202100009819;184 143;A01;3;31;0;2;3;18;0;
15089;202100009819;184 144;B01;3;3;0;2;5;1;0;
15090;202100009820;184 141;B01;1;31;0;2;0;0;0;
15091;202100009820;184 142;A01;2;7;0;2;3;0;1;
15092;202100009821;184 139;B01;2;30;0;2;1;1;1;
15093;202100009821;184 140;A01;2;7;0;2;2;15;1;
15094;202100009822;184 138;A01;2;7;0;1;7;26;1;
15095;202100009823;184 137;A01;2;33;6;0;8;1;1;
15096;202100009824;184 136;A01;2;7;13;0;9;1;1;
15097;202100009825;184 134;B01;1;1;0;2;3;1;5;
15098;202100009825;184 135;A01;1;37;0;9;5;17;0;1.0
15099;202100009826;184 133;A01;1;7;0;1;1;1;1;
15100;202100009827;184 130;A01;2;7;0;2;2;14;1;
15101;202100009827;184 131;B01;2;7;1;0;2;1;1;
15102;202100009827;184 132;C01;2;15;0;2;6;1;1;
15103;202100009828;184 128;A01;1;7;0;2;1;17;1;
15104;202100009828;184 129;B01;2;2;0;2;1;1;1;
15105;202100009829;184 127;A01;2;7;2;0;1;26;1;
15106;202100009830;184 125;A01;2;38;0;1;2;7;1;1.0
15107;202100009831;184 123;A01;1;7;0;2;3;17;1;
15108;202100009831;184 124;B01;2;15;0;2;3;1;1;
15109;202100009832;184 120;A01;0;7;0;2;1;15;2;
15110;202100009832;184 121;B01;0;33;0;2;1;1;1;
15111;202100009833;184 119;A01;2;7;8;0;1;1;1;
15112;202100009834;184 118;A01;2;7;0;1;2;2;1;
15113;202100009835;184 116;A01;2;2;0;2;1;1;1;
15114;202100009835;184 117;B01;1;7;0;2;3;26;1;
15115;202100009836;184 114;A01;2;7;0;2;3;1;1;
15116;202100009836;184 115;B01;2;7;0;0;6;1;1;
15117;202100009837;184 112;B01;3;7;0;0;3;19;1;
15118;202100009837;184 113;A01;3;7;0;2;3;1;1;
15119;202100009838;184 111;A01;1;7;6;0;2;1;1;
15120;202100009839;184 110;A01;0;7;13;0;2;1;1;
15121;202100009840;184 108;A01;1;10;0;2;8;15;1;
15122;202100009840;184 109;B01;1;32;0;2;7;2;1;
15123;202100009841;184 106;A01;0;7;0;2;3;15;1;
15124;202100009841;184 107;B01;0;7;0;2;1;1;1;
15125;202100009842;184 104;B01;2;7;0;0;4;23;1;
15126;202100009842;184 105;A01;2;7;0;0;1;2;1;
15127;202100009843;184 103;A01;1;7;13;0;1;1;1;
15128;202100009844;184 101;B01;1;7;0;0;3;1;1;
15129;202100009844;184 102;A01;2;15;0;0;3;1;1;
15130;202100009845;184 100;A01;3;1;13;0;0;13;5;
15131;202100009846;184 098;A01;2;7;0;1;2;2;1;
15132;202100009846;184 099;B01;2;7;0;0;4;23;1;
15133;202100009847;184 096;B01;1;10;0;2;3;1;1;
15134;202100009847;184 097;A01;1;7;0;2;3;19;1;
15135;202100009849;184 093;B01;1;21;0;2;3;1;1;
15136;202100009849;184 094;A01;2;7;0;2;3;13;1;
15137;202100009850;184 092;A01;1;7;13;0;3;1;1;
15138;202100009851;184 089;A01;2;17;3;0;1;0;1;
15139;202100009852;184 088;A01;1;31;0;0;0;26;1;
15140;202100009853;184 086;A01;2;7;0;2;3;5;1;
15141;202100009853;184 087;B01;1;31;0;2;1;1;1;
15142;202100009855;184 084;A01;1;7;6;0;2;1;1;
15143;202100009856;184 082;B01;2;99;0;0;4;1;1;
15144;202100009856;184 083;A01;2;99;0;2;1;1;1;
15145;202100009857;184 081;A01;1;7;2;0;2;17;1;
15146;202100009858;184 079;A01;2;7;0;2;1;1;1;
15147;202100009858;184 080;B01;2;7;0;0;4;2;1;
15148;202100009859;184 077;A01;3;7;0;2;1;15;1;
15149;202100009859;184 078;B01;0;2;0;2;1;1;1;
15150;202100009860;184 076;A01;1;33;12;0;1;2;1;
15151;202100009861;184 074;B01;1;33;0;2;1;1;1;
15152;202100009861;184 075;A01;2;7;0;2;7;15;1;
15153;202100009862;184 073;A01;3;10;0;1;1;1;1;
15154;202100009863;184 071;A01;1;7;0;0;6;19;1;
15155;202100009863;184 072;B01;2;15;0;2;3;21;1;
15156;202100009865;184 069;A01;3;10;0;1;4;20;1;
15157;202100009866;184 067;B01;2;7;0;2;1;5;1;
15158;202100009866;184 068;A01;1;7;0;2;1;1;1;
15159;202100009867;184 065;A01;1;10;0;2;3;11;1;
15160;202100009867;184 066;B01;1;7;0;2;2;1;1;
15161;202100009868;184 064;A01;1;7;4;0;2;1;1;
15162;202100009870;184 062;A01;0;33;0;0;0;0;1;
15163;202100009871;184 060;A01;2;7;0;2;6;11;1;
15164;202100009871;184 061;B01;2;33;0;2;1;3;1;
15165;202100009872;184 057;A01;2;7;0;2;1;1;1;
15166;202100009872;184 058;B01;2;7;0;2;4;2;1;
15167;202100009872;184 059;C01;2;7;0;2;4;2;1;
15168;202100009874;184 054;A01;1;10;0;2;1;2;1;
15169;202100009874;184 055;B01;1;7;0;2;4;2;0;
15170;202100009875;184 052;A01;2;7;0;2;1;1;1;
15171;202100009875;184 053;B01;2;14;0;2;1;1;1;
15172;202100009876;184 050;B01;1;7;0;2;3;1;2;
15173;202100009876;184 051;A01;1;7;4;2;3;5;2;
15174;202100009877;184 048;B01;1;7;0;2;4;12;1;
15175;202100009877;184 049;A01;1;33;0;2;1;3;1;
15176;202100009878;184 046;B01;1;7;0;2;8;11;1;
15177;202100009878;184 047;A01;1;31;0;2;1;3;1;
15178;202100009880;184 043;A01;2;3;4;0;9;13;3;
15179;202100009881;184 041;B01;2;17;0;2;6;1;1;
15180;202100009881;184 042;A01;2;7;0;2;2;1;1;
15181;202100009882;184 040;A01;1;3;0;2;1;17;3;
15182;202100009883;184 036;A01;1;7;0;2;1;2;0;
15183;202100009883;184 037;B01;2;7;0;2;4;23;0;
15184;202100009883;184 038;C01;1;7;0;2;1;2;1;
15185;202100009883;184 039;D01;1;7;0;2;4;2;0;
15186;202100009884;184 035;A01;1;7;4;0;3;13;1;
15187;202100009885;184 031;D01;-1;7;0;2;4;2;0;
15188;202100009885;184 032;C01;2;7;0;2;4;2;1;
15189;202100009885;184 033;B01;2;7;0;2;1;2;1;
15190;202100009885;184 034;A01;2;7;0;2;1;2;1;
15191;202100009886;184 027;A01;1;7;0;2;1;2;1;
15192;202100009886;184 028;B01;1;7;0;2;4;2;1;
15193;202100009886;184 029;C01;1;10;0;2;4;2;1;
15194;202100009886;184 030;D01;1;7;0;2;4;2;1;
15195;202100009888;184 021;C01;1;7;0;2;1;2;1;
15196;202100009888;184 022;D01;1;7;0;2;1;2;1;
15197;202100009888;184 023;A01;1;7;0;2;4;2;1;
15198;202100009888;184 024;B01;1;7;0;2;4;0;1;
15199;202100009889;184 020;A01;1;7;0;0;1;1;1;
15200;202100009890;184 019;A01;3;30;9;0;1;1;1;
15201;202100009891;184 015;B01;3;7;0;2;1;1;1;
15202;202100009891;184 016;A01;3;7;6;2;7;1;3;
15203;202100009892;184 014;A01;3;7;0;4;7;2;1;
15204;202100009893;184 012;A01;2;7;0;2;4;23;1;
15205;202100009893;184 013;B01;2;7;0;2;1;2;1;
15206;202100009894;184 009;C01;2;14;0;2;3;0;1;
15207;202100009894;184 010;B01;1;7;14;2;5;15;1;
15208;202100009894;184 011;A01;2;7;12;2;2;1;1;
15209;202100009895;184 007;B01;1;10;0;2;1;1;1;
15210;202100009895;184 008;A01;2;7;0;2;1;17;1;
15211;202100009897;184 003;C01;2;7;0;2;4;23;1;
15212;202100009897;184 004;B01;1;7;14;0;4;23;1;
15213;202100009897;184 005;A01;1;7;14;0;1;26;1;
15214;202100009899;183 999;A01;1;7;0;1;1;1;0;
15215;202100009900;183 995;A01;1;7;6;0;3;1;1;
15216;202100009901;183 994;A01;1;7;13;0;1;1;1;
15217;202100009902;183 992;A01;1;7;14;0;1;1;1;
15218;202100009902;183 993;B01;1;33;0;0;4;23;1;
15219;202100009903;183 990;B01;1;7;0;2;5;1;1;
15220;202100009903;183 991;A01;1;7;0;2;3;1;1;
15221;202100009904;183 989;A01;3;33;0;0;7;1;1;
15222;202100009905;183 987;A01;1;7;0;2;1;1;1;
15223;202100009905;183 988;B01;2;10;0;2;0;0;1;
15224;202100009906;183 986;A01;1;7;13;0;9;1;1;
15225;202100009907;183 984;A01;1;7;0;2;4;1;1;
15226;202100009907;183 985;B01;1;33;0;2;1;1;1;
15227;202100009908;183 982;A01;1;7;9;2;4;23;1;
15228;202100009908;183 983;B01;1;7;0;2;2;14;1;
15229;202100009909;183 981;A01;0;7;13;0;1;26;1;
15230;202100009910;183 979;B01;0;7;0;2;3;1;1;
15231;202100009910;183 980;A01;0;7;0;2;3;1;1;
15232;202100009912;183 974;A01;1;7;1;0;2;14;0;
15233;202100009913;183 970;B01;1;36;0;2;1;2;1;
15234;202100009913;183 971;A01;1;10;0;2;6;11;1;
15235;202100009914;183 969;A01;1;39;0;1;8;26;2;
15236;202100009915;183 967;B01;1;3;0;2;7;1;1;
15237;202100009915;183 968;A01;1;7;0;2;1;1;1;
15238;202100009916;183 965;A01;1;7;0;2;5;2;1;
15239;202100009916;183 966;Z01;2;7;0;2;3;2;0;
15240;202100009917;183 964;A01;1;34;4;0;1;1;1;
15241;202100009918;183 962;Z01;2;7;9;2;3;13;1;
15242;202100009918;183 963;A01;1;31;1;2;1;1;1;
15243;202100009919;183 961;A01;1;50;0;0;0;1;3;
15244;202100009920;183 959;A01;2;7;0;2;4;2;1;
15245;202100009920;183 960;B01;2;7;0;2;4;2;1;
15246;202100009921;183 958;A01;2;7;0;1;7;1;1;
15247;202100009923;183 954;A01;1;32;0;2;1;1;1;
15248;202100009923;183 955;B01;1;7;0;2;7;1;1;
15249;202100009924;183 952;A01;1;7;0;2;1;7;1;
15250;202100009924;183 953;B01;2;10;0;2;3;16;1;
15251;202100009925;183 950;B01;2;34;0;2;3;1;1;
15252;202100009925;183 951;A01;1;30;0;2;1;1;3;
15253;202100009926;183 948;A01;1;34;0;2;8;18;1;
15254;202100009926;183 949;B01;1;7;0;2;2;16;1;
15255;202100009927;183 947;A01;2;33;0;1;3;1;1;
15256;202100009928;183 945;B01;1;7;0;2;4;15;1;
15257;202100009928;183 946;A01;1;7;0;2;1;1;1;
15258;202100009929;183 944;A01;1;50;1;0;0;13;3;
15259;202100009930;183 943;A01;1;30;0;0;3;1;1;
15260;202100009931;183 942;A01;2;50;11;0;1;13;3;
15261;202100009932;183 940;B01;2;7;0;2;2;1;1;
15262;202100009932;183 941;A01;3;7;0;2;3;1;1;
15263;202100009933;183 938;A01;3;15;0;2;1;1;6;
15264;202100009933;183 939;B01;3;7;0;2;4;1;1;
15265;202100009934;183 937;A01;-1;99;1;1;2;1;1;
15266;202100009935;183 935;A01;1;7;0;2;3;9;0;
15267;202100009935;183 936;B01;1;7;0;2;5;26;0;
15268;202100009936;183 932;C01;1;99;1;0;6;23;1;
15269;202100009936;183 933;B01;1;7;1;0;2;17;1;
15270;202100009936;183 934;A01;1;7;0;2;7;1;1;
15271;202100009937;183 930;B01;1;10;12;2;3;1;1;
15272;202100009937;183 931;A01;2;10;12;2;2;9;1;
15273;202100009938;183 929;A01;2;7;0;1;1;1;2;
15274;202100009939;183 927;B01;2;30;0;2;1;1;0;
15275;202100009939;183 928;A01;1;7;0;2;7;1;0;
15276;202100009940;183 925;B01;3;50;0;2;0;0;3;
15277;202100009940;183 926;A01;3;30;0;2;3;9;1;
15278;202100009943;183 921;A01;1;7;0;2;1;14;1;
15279;202100009943;183 922;B01;1;17;0;0;4;2;1;
15280;202100009944;183 919;B01;1;7;0;2;3;26;1;
15281;202100009944;183 920;A01;1;2;0;2;1;1;1;
15282;202100009945;183 918;A01;1;10;2;0;3;0;1;
15283;202100009946;183 917;A01;1;2;0;0;0;16;1;
15284;202100009947;183 916;A01;1;7;13;0;1;1;1;
15285;202100009948;183 914;A01;1;13;0;9;0;2;1;
15286;202100009948;183 915;B01;1;1;0;2;0;2;5;
15287;202100009949;183 912;A01;2;7;0;2;1;19;1;
15288;202100009949;183 913;B01;1;7;13;0;5;1;1;
15289;202100009950;183 911;A01;1;7;2;0;1;13;1;
15290;202100009952;183 906;A01;2;7;0;2;3;13;1;
15291;202100009952;183 907;B01;1;7;0;2;1;1;1;
15292;202100009952;183 908;C01;1;7;0;2;3;1;1;
15293;202100009953;183 905;A01;1;7;1;1;7;1;1;
15294;202100009954;183 904;A01;2;7;13;0;2;1;1;
15295;202100009955;183 903;A01;1;7;2;0;2;14;1;
15296;202100009957;183 901;A01;1;33;8;0;1;14;1;
15297;202100009958;183 897;B01;2;10;0;2;1;1;1;
15298;202100009958;183 898;A01;1;7;0;2;1;5;1;
15299;202100009959;183 895;B01;3;10;0;2;4;2;1;
15300;202100009959;183 896;A01;3;33;0;2;1;2;1;
15301;202100009960;183 894;A01;2;2;0;1;1;1;1;
15302;202100009962;183 891;B01;1;7;1;0;2;1;1;
15303;202100009962;183 892;A01;1;17;0;0;6;23;1;
15304;202100009964;183 888;A01;2;7;8;0;3;13;1;
15305;202100009966;183 886;A01;3;7;0;1;1;0;1;
15306;202100009967;183 884;B01;2;17;0;2;1;1;1;
15307;202100009967;183 885;A01;2;17;0;2;4;1;1;
15308;202100009969;183 881;A01;3;7;0;1;2;26;1;
15309;202100009971;183 877;B01;2;7;0;2;1;1;1;
15310;202100009971;183 878;A01;1;2;0;0;3;1;1;
15311;202100009972;183 876;A01;1;7;13;0;1;16;1;
15312;202100009973;183 875;A01;1;7;0;1;1;9;1;
15313;202100009974;183 874;A01;0;7;0;1;1;11;1;
15314;202100009975;183 872;B01;2;32;0;2;1;1;1;
15315;202100009975;183 873;A01;1;7;0;2;2;15;1;
15316;202100009977;183 870;A01;0;7;0;1;2;1;1;
15317;202100009978;183 868;B01;2;7;0;2;3;1;1;
15318;202100009978;183 869;A01;1;32;0;2;1;15;1;
15319;202100009979;183 866;A01;1;7;0;2;7;15;1;
15320;202100009979;183 867;B01;2;2;0;2;1;1;1;
15321;202100009980;183 864;A01;2;2;0;2;1;1;1;
15322;202100009980;183 865;B01;1;7;0;0;6;1;1;
15323;202100009981;183 860;D01;1;7;0;2;4;2;1;
15324;202100009981;183 861;C01;1;7;0;2;4;2;1;
15325;202100009981;183 862;B01;1;7;0;2;4;2;1;
15326;202100009981;183 863;A01;1;7;0;2;1;2;1;
15327;202100009983;183 856;A01;1;7;0;2;4;10;1;
15328;202100009983;183 857;B01;1;7;0;2;1;1;1;
15329;202100009985;183 852;A01;2;14;0;2;1;1;1;
15330;202100009985;183 853;B01;2;7;0;2;4;2;1;
15331;202100009985;183 854;C01;2;10;0;2;4;2;1;
15332;202100009986;183 850;A01;1;7;0;0;1;13;1;
15333;202100009987;183 849;A01;2;7;4;0;1;13;1;
15334;202100009988;183 845;A01;1;7;0;2;1;2;1;
15335;202100009988;183 846;B01;1;7;0;2;9;0;0;
15336;202100009988;183 847;D01;1;7;0;2;4;2;2;
15337;202100009988;183 848;C01;1;7;0;2;9;2;1;
15338;202100009989;183 842;A01;2;7;0;2;1;2;1;
15339;202100009989;183 843;B01;2;7;0;2;4;2;1;
15340;202100009989;183 844;C01;2;7;0;2;4;2;1;
15341;202100009990;183 840;B01;1;7;0;2;1;1;1;
15342;202100009990;183 841;A01;1;7;3;2;7;2;1;
15343;202100009991;183 839;A01;1;7;16;0;9;1;1;
15344;202100009992;183 837;B01;2;7;0;2;8;1;1;
15345;202100009992;183 838;A01;1;7;0;2;3;13;1;
15346;202100009993;183 835;A01;2;7;0;2;5;1;1;
15347;202100009993;183 836;B01;2;33;0;2;1;2;1;
15348;202100009994;183 834;A01;1;7;15;0;3;21;1;
15349;202100009995;183 832;A01;2;7;0;0;1;1;0;
15350;202100009995;183 833;B01;2;50;0;2;7;1;3;
15351;202100009997;183 829;A01;2;31;0;2;8;1;1;
15352;202100009997;183 830;B01;2;7;0;2;1;1;1;
15353;202100009998;183 827;B01;1;7;0;2;5;23;1;
15354;202100009998;183 828;A01;1;7;0;2;3;9;1;
15355;202100009999;183 825;B01;2;33;0;2;1;17;1;
15356;202100009999;183 826;A01;2;7;0;2;6;15;1;
15357;202100010000;183 823;B01;2;7;0;2;0;0;1;
15358;202100010000;183 824;A01;1;32;0;2;1;13;1;
15359;202100010001;183 821;B01;1;7;0;2;1;1;1;
15360;202100010001;183 822;A01;1;32;0;2;1;13;1;
15361;202100010002;183 820;A01;3;7;0;1;2;1;1;
15362;202100010003;183 819;A01;1;33;12;0;2;14;1;
15363;202100010005;183 817;A01;2;7;0;1;7;1;1;
15364;202100010007;183 813;B01;1;7;0;2;4;2;1;
15365;202100010007;183 814;A01;1;7;0;2;1;2;1;
15366;202100010008;183 811;A01;1;7;0;0;3;4;1;
15367;202100010008;183 812;B01;1;32;0;2;1;1;1;
15368;202100010009;183 810;A01;2;7;0;1;1;16;1;
15369;202100010010;183 808;A01;2;7;1;2;8;22;1;
15370;202100010010;183 809;B01;2;1;0;0;0;1;0;
15371;202100010011;183 807;A01;1;7;0;1;1;1;1;
15372;202100010012;183 803;A01;1;31;0;2;1;1;1;
15373;202100010012;183 804;B01;1;7;0;2;5;19;1;
15374;202100010013;183 801;A01;1;7;0;2;3;15;1;
15375;202100010013;183 802;B01;1;99;0;2;1;19;3;
15376;202100010014;183 799;B01;3;1;0;2;1;1;5;
15377;202100010014;183 800;A01;3;7;0;2;5;16;1;
15378;202100010015;183 794;A01;2;7;0;2;1;1;1;
15379;202100010015;183 795;B01;2;10;0;2;6;1;1;
15380;202100010016;183 793;A01;1;7;8;0;1;0;1;
15381;202100010017;183 791;B01;0;7;0;0;0;0;1;
15382;202100010017;183 792;A01;0;7;0;2;0;9;1;
15383;202100010018;183 789;A01;1;7;0;2;1;13;1;
15384;202100010018;183 790;B01;1;7;0;2;1;1;1;
15385;202100010019;183 788;A01;1;7;0;0;1;26;1;
15386;202100010020;183 787;A01;0;7;0;1;1;9;1;
15387;202100010021;183 786;A01;3;7;15;0;1;1;1;
15388;202100010022;183 784;B01;2;7;0;2;5;1;1;
15389;202100010022;183 785;A01;2;7;0;2;1;26;1;
15390;202100010023;183 783;A01;0;33;1;0;1;15;1;
15391;202100010024;183 781;B01;0;7;0;2;1;1;1;
15392;202100010024;183 782;A01;0;7;0;2;1;1;1;
15393;202100010025;183 779;B01;2;7;0;2;1;0;1;
15394;202100010025;183 780;A01;2;7;0;2;4;0;1;
15395;202100010026;183 778;A01;1;33;0;0;0;15;1;
15396;202100010027;183 777;A01;3;10;0;1;4;20;1;
15397;202100010028;183 772;A01;1;10;0;2;4;2;1;
15398;202100010028;183 773;B01;1;7;3;2;4;2;1;
15399;202100010028;183 774;C01;1;10;0;2;6;2;1;
15400;202100010029;183 771;A01;3;7;4;0;1;21;1;
15401;202100010031;183 767;A01;1;3;8;2;2;1;1;
15402;202100010031;183 768;B01;2;7;0;2;1;1;1;
15403;202100010032;183 765;A01;3;7;0;2;1;1;1;
15404;202100010032;183 766;B01;3;7;0;2;6;1;1;
15405;202100010033;183 763;B01;1;2;0;2;7;1;1;
15406;202100010033;183 764;A01;1;7;0;2;1;1;1;
15407;202100010034;183 761;A01;3;7;0;2;4;11;1;
15408;202100010034;183 762;B01;3;7;0;2;3;1;2;
15409;202100010035;183 760;A01;1;7;6;0;1;1;1;
15410;202100010036;183 758;B01;1;7;0;2;3;15;1;
15411;202100010036;183 759;A01;1;30;0;2;1;17;1;
15412;202100010037;183 756;A01;1;32;0;2;1;3;1;
15413;202100010037;183 757;B01;1;10;0;2;4;11;1;
15414;202100010038;183 754;B01;1;7;0;2;5;1;1;
15415;202100010038;183 755;A01;1;7;0;2;1;12;1;
15416;202100010039;183 752;B01;1;7;0;2;5;12;0;
15417;202100010039;183 753;A01;1;33;0;2;3;3;1;
15418;202100010041;183 746;C01;1;7;0;4;5;1;1;
15419;202100010041;183 747;B01;3;40;0;2;0;1;3;
15420;202100010041;183 748;A01;1;7;0;4;7;15;2;
15421;202100010042;183 744;A01;1;7;0;2;5;9;1;
15422;202100010042;183 745;B01;1;1;0;2;1;1;5;
15423;202100010043;183 742;B01;2;7;0;2;3;1;1;
15424;202100010043;183 743;A01;1;7;0;2;3;13;1;
15425;202100010044;183 740;B01;1;30;0;2;0;17;1;
15426;202100010044;183 741;A01;1;7;0;2;6;22;2;
15427;202100010045;183 739;A01;2;30;0;0;0;18;1;
15428;202100010046;183 737;A01;1;7;0;2;1;1;2;
15429;202100010046;183 738;Z01;1;7;0;2;6;4;1;
15430;202100010047;183 736;A01;1;10;0;1;7;2;1;
15431;202100010048;183 734;A01;1;38;0;2;6;15;1;1.0
15432;202100010048;183 735;B01;2;38;0;2;6;1;1;3.0
15433;202100010049;183 733;A01;3;7;2;0;7;1;1;
15434;202100010050;183 732;A01;3;7;9;1;1;16;1;
15435;202100010051;183 730;A01;1;10;0;2;2;1;1;
15436;202100010051;183 731;B01;2;31;0;2;3;15;1;
15437;202100010052;183 728;B01;1;7;1;2;1;1;1;
15438;202100010052;183 729;A01;1;7;0;2;1;16;1;
15439;202100010053;183 726;Y01;-1;0;0;0;-1;-1;-1;
15440;202100010053;183 727;A01;1;7;0;1;7;21;0;
15441;202100010054;183 724;A01;1;7;1;0;2;1;1;
15442;202100010054;183 725;B01;1;7;0;2;6;24;1;
15443;202100010055;183 722;A01;0;7;0;2;4;1;1;
15444;202100010055;183 723;B01;1;7;0;2;1;1;1;
15445;202100010056;183 720;A01;1;7;0;2;3;15;1;
15446;202100010056;183 721;B01;1;33;0;2;1;1;1;
15447;202100010057;183 718;A01;3;7;0;2;1;21;1;
15448;202100010057;183 719;B01;3;7;0;2;8;15;1;
15449;202100010058;183 717;A01;1;32;0;0;0;0;1;
15450;202100010059;183 715;A01;3;7;8;0;7;19;1;
15451;202100010059;183 716;B01;1;7;0;2;1;1;1;
15452;202100010060;183 714;A01;2;7;12;0;0;1;1;
15453;202100010061;183 710;B01;2;7;0;2;1;1;1;
15454;202100010061;183 711;A01;1;7;0;2;1;13;1;
15455;202100010063;183 706;A01;3;7;16;0;0;1;1;
15456;202100010064;183 705;A01;1;33;13;0;1;1;1;
15457;202100010065;183 703;B01;1;7;0;2;3;9;1;
15458;202100010065;183 704;A01;2;7;0;2;3;26;1;
15459;202100010066;183 701;B01;2;7;0;2;1;1;1;
15460;202100010066;183 702;A01;1;7;0;2;1;1;1;
15461;202100010067;183 699;A01;2;7;0;2;8;1;1;
15462;202100010067;183 700;B01;1;7;0;2;2;1;1;
15463;202100010068;183 698;A01;0;7;2;0;8;1;1;
15464;202100010069;183 696;B01;1;7;0;0;2;1;1;
15465;202100010069;183 697;A01;2;7;0;2;1;9;1;
15466;202100010071;183 694;A01;2;7;0;5;1;1;1;
15467;202100010072;183 693;A01;1;7;0;0;0;1;1;
15468;202100010073;183 691;A01;2;7;0;2;1;1;1;
15469;202100010073;183 692;B01;2;7;0;0;4;15;1;
15470;202100010074;183 690;A01;2;1;0;0;0;26;5;
15471;202100010075;183 689;A01;3;7;0;1;3;20;1;
15472;202100010076;183 687;B01;2;7;3;2;8;1;1;
15473;202100010076;183 688;A01;1;7;0;2;3;1;1;
15474;202100010077;183 685;A01;1;10;0;2;3;13;1;
15475;202100010077;183 686;B01;2;7;0;2;3;1;1;
15476;202100010078;183 684;A01;1;2;1;0;1;1;1;
15477;202100010079;183 682;A01;1;2;0;2;7;1;1;
15478;202100010079;183 683;B01;2;7;0;2;1;1;1;
15479;202100010080;183 681;A01;0;7;13;0;1;1;1;
15480;202100010081;183 679;A01;1;2;0;2;1;1;1;
15481;202100010081;183 680;B01;1;7;0;2;6;1;1;
15482;202100010082;183 678;A01;1;30;16;0;0;1;1;
15483;202100010083;183 677;A01;1;7;16;0;1;0;1;
15484;202100010084;183 676;A01;1;7;6;0;2;2;1;
15485;202100010085;183 674;B01;2;10;0;2;3;0;1;
15486;202100010085;183 675;A01;1;7;0;2;6;13;1;
15487;202100010086;183 672;A01;0;7;0;0;7;13;1;
15488;202100010086;183 673;B01;0;7;0;2;8;10;1;
15489;202100010087;183 671;A01;2;10;0;0;9;1;1;
15490;202100010089;183 669;A01;1;7;0;1;2;2;1;
15491;202100010090;183 668;A01;3;33;0;0;0;0;1;
15492;202100010091;183 667;A01;1;33;0;6;1;1;1;
15493;202100010092;183 666;A01;1;7;6;0;9;1;1;
15494;202100010094;183 662;C01;3;7;0;2;1;1;1;
15495;202100010094;183 663;B01;0;7;0;2;9;1;1;