;Num_Acc;id_vehicule;num_veh;senc;catv;obs;obsm;choc;manv;motor;occutc
15496;202100010094;183 664;A01;3;7;0;2;1;5;1;
15497;202100010095;183 659;A01;1;1;0;2;1;13;5;
15498;202100010095;183 660;B01;1;1;0;2;3;13;5;
15499;202100010095;183 661;C01;1;7;0;2;7;1;1;
15500;202100010096;183 657;B01;1;7;0;2;4;2;1;
15501;202100010096;183 658;A01;1;7;0;2;1;21;1;
15502;202100010098;183 654;A01;1;7;16;0;9;1;1;
15503;202100010099;183 652;B01;3;7;0;2;1;1;1;
15504;202100010099;183 653;A01;3;33;0;2;1;1;1;
15505;202100010101;183 647;A01;2;31;0;2;3;2;1;
15506;202100010101;183 648;B01;1;33;0;2;3;2;1;
15507;202100010102;183 646;A01;1;33;12;0;1;1;1;
15508;202100010103;183 645;A01;3;2;0;0;8;1;1;
15509;202100010104;183 643;A01;3;7;0;2;8;0;1;
15510;202100010104;183 644;B01;3;7;0;2;3;5;1;
15511;202100010105;183 642;A01;1;7;4;0;3;1;1;
15512;202100010106;183 641;A01;2;10;7;0;1;6;1;
15513;202100010107;183 640;A01;2;7;13;0;1;0;1;
15514;202100010108;183 639;A01;3;7;0;0;9;1;1;
15515;202100010110;183 635;A01;2;7;6;0;0;1;1;
15516;202100010111;183 632;C01;1;7;4;2;4;2;1;
15517;202100010111;183 633;B01;1;7;4;2;4;2;1;
15518;202100010111;183 634;A01;1;7;4;2;1;2;1;
15519;202100010112;183 631;A01;2;7;4;0;1;1;1;
15520;202100010113;183 629;A01;2;7;0;2;1;2;1;
15521;202100010113;183 630;B01;2;7;0;2;4;2;1;
15522;202100010114;183 627;B01;1;7;4;2;4;2;1;
15523;202100010114;183 628;A01;1;7;0;2;1;1;1;
15524;202100010115;183 625;B01;2;7;0;2;4;2;1;
15525;202100010115;183 626;A01;2;7;0;2;1;1;1;
15526;202100010116;183 624;A01;1;7;4;0;1;13;1;
15527;202100010117;183 622;A01;1;7;4;2;1;1;1;
15528;202100010117;183 623;B01;1;7;4;2;6;2;1;
15529;202100010118;183 620;B01;0;15;0;2;7;9;1;
15530;202100010118;183 621;A01;0;7;0;2;3;1;1;
15531;202100010119;183 617;C01;2;7;14;0;2;2;2;
15532;202100010119;183 618;B01;2;7;0;2;6;23;1;
15533;202100010119;183 619;A01;2;7;1;0;2;26;1;
15534;202100010120;183 616;A01;1;7;4;0;1;1;1;
15535;202100010121;183 615;A01;1;7;3;0;1;2;1;
15536;202100010122;183 611;A01;1;7;0;2;1;1;1;
15537;202100010122;183 612;B01;1;7;0;2;4;2;1;
15538;202100010122;183 613;C01;1;7;0;2;1;2;1;
15539;202100010122;183 614;D01;1;7;0;2;4;2;1;
15540;202100010123;183 609;B01;1;7;0;2;4;24;1;
15541;202100010123;183 610;A01;1;7;0;2;1;1;1;
15542;202100010124;183 607;B01;2;33;0;2;2;3;1;
15543;202100010124;183 608;A01;2;7;0;2;3;11;1;
15544;202100010125;183 604;A01;1;7;0;2;4;1;1;
15545;202100010125;183 605;B01;1;7;0;2;1;26;1;
15546;202100010125;183 606;C01;1;7;0;2;4;1;1;
15547;202100010126;183 602;B01;3;7;0;2;3;10;1;
15548;202100010126;183 603;Y01;3;7;0;2;2;1;1;
15549;202100010127;183 600;B01;3;7;0;2;4;1;1;
15550;202100010127;183 601;A01;3;7;0;2;1;26;1;
15551;202100010128;183 598;A01;1;7;0;2;1;2;1;
15552;202100010128;183 599;B01;1;7;0;2;5;2;1;
15553;202100010129;183 593;B01;3;30;0;2;3;2;1;
15554;202100010129;183 594;A01;3;0;0;2;2;15;0;
15555;202100010130;183 591;A01;1;7;0;2;3;15;1;
15556;202100010130;183 592;B01;1;7;0;2;2;15;1;
15557;202100010131;183 590;A01;1;7;0;1;1;1;1;
15558;202100010132;183 588;A01;2;7;0;2;3;19;1;
15559;202100010132;183 589;B01;1;37;0;2;3;19;3;1.0
15560;202100010134;183 582;A01;2;7;0;2;7;6;1;
15561;202100010134;183 583;B01;1;7;0;2;1;2;1;
15562;202100010135;183 581;A01;2;7;8;0;3;1;1;
15563;202100010136;183 580;A01;1;7;0;1;1;16;1;
15564;202100010138;183 575;A01;3;7;0;2;3;1;1;
15565;202100010138;183 576;B01;3;1;0;2;1;1;5;
15566;202100010139;183 574;A01;2;7;0;1;2;21;1;
15567;202100010140;183 573;A01;1;33;6;0;1;1;1;
15568;202100010141;183 571;B01;3;7;0;2;3;1;1;
15569;202100010141;183 572;A01;3;37;0;2;5;12;1;1.0
15570;202100010142;183 570;A01;1;33;0;0;3;14;1;
15571;202100010143;183 569;B01;1;7;0;1;8;1;1;
15572;202100010144;183 568;A01;3;7;0;1;1;1;1;
15573;202100010145;183 566;B01;1;80;0;2;8;19;3;
15574;202100010145;183 567;A01;1;7;0;9;1;1;1;
15575;202100010148;183 559;B01;1;7;0;2;1;1;1;
15576;202100010148;183 560;A01;1;7;0;2;3;9;1;
15577;202100010148;183 561;C01;1;10;0;2;1;1;1;
15578;202100010149;183 557;A01;0;7;0;2;1;2;1;
15579;202100010149;183 558;B01;0;7;0;2;4;2;1;
15580;202100010150;183 554;A01;3;7;0;2;1;2;1;
15581;202100010150;183 555;B01;3;7;0;2;4;2;1;
15582;202100010150;183 556;C01;3;7;0;2;4;2;1;
15583;202100010152;183 551;A01;1;7;0;1;7;1;1;
15584;202100010153;183 549;A01;2;7;0;2;8;1;1;
15585;202100010153;183 550;B01;2;7;0;2;1;1;1;
15586;202100010154;183 547;A01;1;2;0;2;1;15;1;
15587;202100010154;183 548;B01;2;7;0;2;8;1;1;
15588;202100010155;183 545;B01;1;33;0;2;8;1;1;
15589;202100010155;183 546;A01;2;7;0;2;2;15;1;
15590;202100010156;183 543;B01;1;1;0;2;1;8;0;
15591;202100010156;183 544;A01;2;7;0;9;2;15;2;
15592;202100010157;183 541;B01;1;7;0;2;4;26;1;
15593;202100010157;183 542;A01;1;10;0;2;2;26;1;
15594;202100010158;183 540;A01;3;7;1;0;1;1;1;
15595;202100010159;183 539;A01;1;7;0;1;0;1;6;
15596;202100010160;183 538;A01;3;7;4;0;3;1;1;
15597;202100010161;183 537;A01;1;7;0;1;1;26;1;
15598;202100010162;183 536;A01;1;7;0;1;1;1;1;
15599;202100010164;183 533;A01;2;33;0;2;1;3;1;
15600;202100010164;183 534;B01;2;7;0;2;5;12;1;
15601;202100010165;183 531;A01;1;7;0;2;2;12;1;
15602;202100010165;183 532;B01;1;43;0;2;3;3;1;
15603;202100010166;183 529;B01;2;80;0;2;1;1;3;
15604;202100010166;183 530;A01;1;7;0;2;3;15;1;
15605;202100010167;183 527;Z01;1;30;0;2;2;16;5;
15606;202100010167;183 528;A01;1;1;0;2;1;17;5;
15607;202100010168;183 525;B01;1;50;0;2;7;17;3;
15608;202100010168;183 526;A01;1;7;0;0;3;13;1;
15609;202100010169;183 523;B01;1;7;0;2;3;15;1;
15610;202100010169;183 524;A01;1;32;0;2;2;1;1;
15611;202100010171;183 520;Z01;1;7;0;1;8;15;0;
15612;202100010172;183 519;A01;2;32;4;0;8;13;1;
15613;202100010174;183 515;B01;3;7;0;2;4;23;1;
15614;202100010174;183 516;A01;3;7;0;2;1;1;1;
15615;202100010175;183 514;A01;1;1;0;0;8;1;5;
15616;202100010176;183 512;B01;1;7;0;2;7;1;1;
15617;202100010176;183 513;A01;1;7;0;2;1;1;1;
15618;202100010177;183 510;B01;3;7;0;2;1;0;1;
15619;202100010177;183 511;A01;3;7;0;2;1;0;1;
15620;202100010178;183 509;A01;1;7;0;1;1;1;0;
15621;202100010179;183 507;A01;1;50;0;2;1;1;3;
15622;202100010179;183 508;B01;1;37;0;2;5;1;2;1.0
15623;202100010180;183 505;A01;-1;7;0;2;1;21;1;
15624;202100010180;183 506;B01;3;7;0;2;8;1;1;
15625;202100010181;183 504;A01;2;7;0;1;6;20;1;
15626;202100010182;183 502;A01;1;7;1;2;0;1;1;
15627;202100010182;183 503;B01;1;10;1;2;1;1;1;
15628;202100010183;183 501;A01;3;7;8;0;3;0;1;
15629;202100010184;183 499;B01;2;7;0;2;1;2;1;
15630;202100010184;183 500;A01;2;7;0;2;4;23;1;
15631;202100010185;183 497;A01;1;2;0;2;1;15;1;
15632;202100010185;183 498;B01;2;7;0;2;1;1;1;
15633;202100010186;183 495;B01;0;7;0;2;1;26;1;
15634;202100010186;183 496;A01;0;7;0;2;8;19;1;
15635;202100010187;183 493;A01;2;31;0;2;1;2;1;
15636;202100010187;183 494;B01;2;10;0;2;0;2;1;
15637;202100010188;183 491;Z01;1;7;0;2;1;9;0;
15638;202100010188;183 492;B01;0;1;0;2;4;9;0;
15639;202100010189;183 490;A01;1;7;1;2;3;19;1;
15640;202100010190;183 489;A01;1;7;12;0;2;0;1;
15641;202100010191;183 487;B01;0;7;0;0;3;0;1;
15642;202100010191;183 488;A01;1;7;0;0;0;0;1;
15643;202100010192;183 486;A01;1;7;2;0;1;1;1;
15644;202100010193;183 483;B01;2;7;0;0;2;17;1;
15645;202100010193;183 484;A01;2;7;0;0;8;15;1;
15646;202100010194;183 482;A01;3;7;6;0;1;14;1;
15647;202100010196;183 479;A01;2;7;17;0;2;1;1;
15648;202100010197;183 477;B01;2;7;0;2;1;1;1;
15649;202100010197;183 478;A01;2;7;0;2;2;19;1;
15650;202100010198;183 475;A01;2;7;3;2;1;1;1;
15651;202100010198;183 476;B01;2;7;0;2;1;1;1;
15652;202100010200;183 472;A01;1;10;0;1;1;1;1;
15653;202100010201;183 469;A01;1;7;0;1;1;1;1;
15654;202100010202;183 468;A01;1;2;0;0;0;13;1;
15655;202100010203;183 467;A01;1;36;6;0;1;15;1;
15656;202100010204;183 466;A01;2;10;10;0;5;1;1;
15657;202100010205;183 464;A01;3;2;0;2;1;2;1;
15658;202100010205;183 465;B01;3;7;0;9;7;10;1;
15659;202100010206;183 463;A01;1;7;0;1;2;20;1;
15660;202100010207;183 462;A01;1;7;8;0;0;0;1;
15661;202100010208;183 461;B01;3;7;0;1;4;23;0;
15662;202100010209;183 459;A01;0;7;0;2;2;1;1;
15663;202100010209;183 460;B01;0;1;0;2;7;23;5;
15664;202100010210;183 456;A01;2;2;0;2;1;1;1;
15665;202100010210;183 457;B01;1;33;0;2;1;17;1;
15666;202100010210;183 458;C01;1;7;0;0;8;1;1;
15667;202100010211;183 454;A01;2;2;0;2;1;1;1;
15668;202100010211;183 455;B01;2;10;0;2;6;1;1;
15669;202100010212;183 452;B01;2;7;0;2;3;1;1;
15670;202100010212;183 453;A01;2;7;0;2;8;9;1;
15671;202100010213;183 451;A01;2;7;13;0;2;1;1;
15672;202100010215;183 449;A01;3;36;0;0;0;0;1;
15673;202100010216;183 448;A01;1;7;3;0;3;0;1;
15674;202100010218;183 444;B01;2;2;0;2;1;1;1;
15675;202100010218;183 445;A01;1;7;0;2;1;15;1;
15676;202100010219;183 442;B01;2;7;0;2;3;1;1;
15677;202100010219;183 443;A01;1;2;0;2;7;19;1;
15678;202100010221;183 439;A01;2;7;6;0;1;1;1;
15679;202100010222;183 438;A01;0;7;2;0;1;1;1;
15680;202100010223;183 436;A01;2;7;0;2;1;5;1;
15681;202100010223;183 437;B01;1;7;0;2;2;1;1;
15682;202100010224;183 435;A01;1;7;4;0;3;0;1;
15683;202100010226;183 431;A01;0;3;2;0;1;1;3;
15684;202100010228;183 427;B01;1;7;0;2;1;1;1;
15685;202100010228;183 428;A01;1;7;0;2;1;5;1;
15686;202100010230;183 425;A01;2;2;0;0;8;1;1;
15687;202100010231;183 423;A01;1;7;0;2;1;5;1;
15688;202100010231;183 424;B01;2;7;0;2;1;1;1;
15689;202100010232;183 421;B01;0;7;1;0;2;0;1;
15690;202100010232;183 422;A01;0;7;0;2;3;0;1;
15691;202100010233;183 419;B01;0;7;0;2;1;1;1;
15692;202100010233;183 420;A01;0;33;0;2;1;26;1;
15693;202100010234;183 418;A01;2;7;8;0;9;13;1;
15694;202100010235;183 417;A01;0;7;0;1;4;20;1;
15695;202100010236;183 416;A01;2;7;8;0;0;1;1;
15696;202100010237;183 414;A01;2;7;8;2;3;1;1;
15697;202100010237;183 415;B01;1;10;8;2;1;13;1;
15698;202100010238;183 408;B01;2;7;0;2;4;0;2;
15699;202100010238;183 409;A01;2;7;0;2;4;0;1;
15700;202100010238;183 410;C01;2;7;0;2;4;0;1;
15701;202100010238;183 411;D01;2;7;0;2;4;0;1;
15702;202100010238;183 412;E01;2;7;0;2;4;0;1;
15703;202100010238;183 413;F01;2;10;0;2;1;0;2;
15704;202100010239;183 407;A01;1;7;4;0;8;1;1;
15705;202100010240;183 406;A01;1;33;4;0;9;1;1;
15706;202100010241;183 403;C01;2;7;0;2;1;0;1;
15707;202100010241;183 404;B01;2;7;0;2;1;0;1;
15708;202100010241;183 405;A01;2;7;0;2;1;0;1;
15709;202100010243;183 400;A01;2;7;3;0;2;1;1;
15710;202100010245;183 396;A01;2;17;0;2;2;12;1;
15711;202100010245;183 397;B01;2;7;0;2;6;1;1;
15712;202100010246;183 394;B01;1;34;0;2;1;3;1;
15713;202100010246;183 395;A01;1;7;0;2;5;12;1;
15714;202100010247;183 393;A01;1;7;3;0;1;2;1;
15715;202100010249;183 387;A01;2;10;0;0;8;1;1;
15716;202100010250;183 386;A01;2;7;4;0;1;1;1;
15717;202100010251;183 380;A01;1;7;0;2;1;1;1;
15718;202100010251;183 381;B01;1;7;0;2;4;1;1;
15719;202100010251;183 382;C01;1;7;0;2;5;1;1;
15720;202100010251;183 383;D01;1;7;0;2;1;1;1;
15721;202100010251;183 384;E01;1;10;0;2;1;1;1;
15722;202100010251;183 385;F01;1;10;0;2;1;1;1;
15723;202100010252;183 378;A01;2;7;0;2;0;26;1;
15724;202100010252;183 379;B01;2;7;0;2;0;26;1;
15725;202100010253;183 375;A01;-1;7;14;2;2;6;1;
15726;202100010253;183 376;B01;-1;7;0;2;3;1;1;
15727;202100010253;183 377;C01;-1;7;1;2;1;1;2;
15728;202100010254;183 373;B01;1;7;0;2;4;1;1;
15729;202100010254;183 374;A01;1;13;0;2;1;1;1;
15730;202100010255;183 372;A01;2;7;0;0;1;1;1;
15731;202100010256;183 371;A01;2;10;3;0;1;21;1;
15732;202100010257;183 370;A01;2;7;0;0;1;15;1;
15733;202100010258;183 369;A01;2;7;4;2;2;1;1;
15734;202100010260;183 364;C01;1;7;0;2;4;2;1;
15735;202100010260;183 365;D01;1;7;0;2;4;2;1;
15736;202100010260;183 366;B01;1;7;0;2;1;2;1;
15737;202100010260;183 367;A01;1;7;0;2;1;1;1;
15738;202100010261;183 363;A01;3;37;0;1;1;16;1;1.0
15739;202100010262;183 362;A01;1;7;0;1;8;1;1;
15740;202100010263;183 360;A01;1;32;14;0;7;21;1;
15741;202100010264;183 358;B01;1;2;0;2;7;17;1;
15742;202100010264;183 359;A01;1;7;0;2;3;15;1;
15743;202100010265;183 356;A01;2;7;0;9;2;2;1;
15744;202100010265;183 357;B01;2;50;0;2;4;2;3;
15745;202100010266;183 355;A01;1;33;0;1;1;1;1;
15746;202100010267;183 354;A01;1;33;0;4;1;1;1;
15747;202100010268;183 352;A01;2;7;0;2;2;1;1;
15748;202100010268;183 353;B01;1;7;0;2;6;15;1;
15749;202100010269;183 351;A01;1;7;0;1;1;16;1;
15750;202100010270;183 349;A01;2;7;0;2;3;9;1;
15751;202100010270;183 350;B01;2;2;0;2;1;1;3;
15752;202100010271;183 347;B01;2;7;0;2;1;1;1;
15753;202100010271;183 348;A01;1;7;0;2;5;19;1;
15754;202100010272;183 346;A01;2;7;0;1;3;1;1;
15755;202100010273;183 344;B01;2;7;0;2;4;2;1;
15756;202100010273;183 345;A01;2;7;0;2;1;2;1;
15757;202100010274;183 342;B01;3;33;0;2;7;17;1;
15758;202100010274;183 343;A01;3;7;0;2;8;15;1;
15759;202100010275;183 340;A01;1;7;0;2;2;1;1;
15760;202100010275;183 341;B01;1;7;0;2;3;1;1;
15761;202100010276;183 338;B01;1;2;0;2;1;1;1;
15762;202100010276;183 339;A01;1;21;0;2;7;9;1;
15763;202100010277;183 337;A01;3;7;0;1;3;1;1;
15764;202100010278;183 335;A01;3;13;0;1;3;19;1;
15765;202100010279;183 334;A01;1;7;0;2;2;16;1;
15766;202100010280;183 332;B01;0;80;0;2;4;26;3;
15767;202100010280;183 333;A01;0;7;0;0;0;0;1;
15768;202100010281;183 331;A01;2;7;0;1;1;1;2;
15769;202100010282;183 329;A01;2;1;0;2;1;1;5;
15770;202100010282;183 330;B01;3;7;0;2;7;1;1;
15771;202100010283;183 327;A01;2;7;0;9;2;17;0;
15772;202100010283;183 328;B01;2;1;0;2;3;2;0;
15773;202100010285;183 323;B01;1;32;0;2;7;9;1;
15774;202100010285;183 324;A01;2;7;0;2;2;9;1;
15775;202100010286;183 321;B01;1;37;0;2;1;15;1;1.0
15776;202100010286;183 322;A01;2;7;0;2;3;19;1;
15777;202100010287;183 320;A01;2;7;0;1;2;21;1;
15778;202100010288;183 318;A01;1;50;0;2;1;19;3;
15779;202100010288;183 319;B01;1;7;0;2;8;1;1;
15780;202100010289;183 316;B01;2;7;0;2;7;1;1;
15781;202100010289;183 317;A01;1;7;0;2;1;1;1;
15782;202100010290;183 314;A01;2;7;0;2;1;1;1;
15783;202100010290;183 315;B01;2;10;0;2;2;15;1;
15784;202100010291;183 311;A01;1;7;0;2;1;1;1;
15785;202100010291;183 312;B01;1;7;0;2;4;1;1;
15786;202100010291;183 313;C01;1;7;0;2;5;2;1;
15787;202100010292;183 309;B01;3;7;0;2;6;1;1;
15788;202100010292;183 310;A01;3;30;0;2;1;5;1;
15789;202100010293;183 308;A01;3;33;0;0;7;16;1;
15790;202100010294;183 306;A01;2;7;0;2;1;2;1;
15791;202100010294;183 307;B01;2;10;0;2;5;16;1;
15792;202100010295;183 302;D01;2;7;0;2;4;1;1;
15793;202100010295;183 303;A01;2;10;0;2;1;1;1;
15794;202100010295;183 304;B01;2;7;4;0;4;1;1;
15795;202100010295;183 305;C01;2;7;0;2;4;1;1;
15796;202100010296;183 300;A01;3;99;0;2;1;5;1;
15797;202100010296;183 301;B01;3;7;0;2;2;16;1;
15798;202100010297;183 299;A01;1;7;0;1;2;26;1;
15799;202100010298;183 298;A01;0;7;9;0;1;1;1;
15800;202100010299;183 296;Z01;1;7;0;2;2;14;1;
15801;202100010299;183 297;B01;1;1;0;2;3;26;5;
15802;202100010300;183 294;B01;1;1;0;2;7;1;5;
15803;202100010300;183 295;A01;3;7;0;2;1;16;1;
15804;202100010301;183 292;B01;1;1;0;0;4;2;5;
15805;202100010301;183 293;A01;1;7;0;2;1;1;1;
15806;202100010302;183 290;B01;3;32;0;2;1;1;1;
15807;202100010302;183 291;A01;3;7;0;2;5;15;1;
15808;202100010303;183 289;A01;1;10;0;1;4;20;1;
15809;202100010305;183 284;C01;2;1;0;2;4;1;5;
15810;202100010305;183 285;B01;2;1;0;2;4;1;5;
15811;202100010305;183 286;A01;2;10;0;9;1;26;1;
15812;202100010306;183 281;B01;0;7;7;2;3;1;1;
15813;202100010306;183 282;C01;0;7;0;2;1;23;1;
15814;202100010306;183 283;A01;1;37;0;2;1;19;1;1.0
15815;202100010307;183 280;A01;1;7;0;1;3;9;1;
15816;202100010308;183 279;A01;1;7;0;1;3;26;1;
15817;202100010309;183 277;B01;1;33;0;2;7;26;1;
15818;202100010309;183 278;A01;1;7;0;2;6;26;1;
15819;202100010310;183 276;A01;1;30;0;0;7;26;1;
15820;202100010311;183 275;A01;1;7;0;0;0;26;1;
15821;202100010312;183 274;A01;1;7;2;0;1;26;1;
15822;202100010313;183 272;A01;1;2;0;2;1;1;1;
15823;202100010313;183 273;B01;1;10;0;2;2;15;1;
15824;202100010314;183 270;A01;0;7;0;2;1;1;0;
15825;202100010314;183 271;B01;0;1;0;2;4;16;0;
15826;202100010315;183 268;B01;0;1;0;2;8;16;0;
15827;202100010315;183 269;A01;0;7;0;2;7;16;1;
15828;202100010316;183 267;A01;3;7;10;0;3;13;1;
15829;202100010317;183 265;A01;0;30;0;2;1;1;1;
15830;202100010317;183 266;B01;0;7;0;2;6;15;1;
15831;202100010318;183 263;A01;2;7;0;2;2;1;1;
15832;202100010318;183 264;B01;2;1;0;2;4;1;5;
15833;202100010319;183 261;A01;1;2;0;2;1;1;3;
15834;202100010319;183 262;B01;3;1;0;2;0;19;5;
15835;202100010321;183 258;A01;3;10;0;1;1;15;1;
15836;202100010322;183 256;A01;1;7;0;9;2;2;1;
15837;202100010322;183 257;B01;1;50;0;2;0;2;3;
15838;202100010323;183 254;B01;1;33;0;2;0;1;1;
15839;202100010323;183 255;A01;3;14;0;2;3;9;1;
15840;202100010324;183 250;B01;0;7;0;0;4;1;1;
15841;202100010324;183 251;A01;0;7;0;0;1;1;1;
15842;202100010326;183 242;B01;2;30;0;2;1;1;1;
15843;202100010326;183 243;A01;1;7;0;2;2;15;1;
15844;202100010327;183 240;B01;3;7;0;2;4;1;1;
15845;202100010327;183 241;A01;3;7;0;2;1;1;1;
15846;202100010328;183 239;A01;1;7;8;0;1;1;1;
15847;202100010329;183 237;B01;1;7;0;2;2;1;1;
15848;202100010329;183 238;A01;1;7;0;2;1;10;1;
15849;202100010330;183 236;A01;3;10;0;1;2;1;1;
15850;202100010331;183 234;B01;1;7;0;2;3;1;1;
15851;202100010331;183 235;A01;1;7;0;2;1;11;1;
15852;202100010333;183 231;A01;2;7;0;1;1;26;2;
15853;202100010334;183 229;B01;2;99;0;2;1;1;3;
15854;202100010334;183 230;A01;1;7;0;2;3;1;1;
15855;202100010335;183 228;A01;1;7;0;1;7;1;1;
15856;202100010337;183 225;A01;1;33;0;1;1;26;1;
15857;202100010338;183 224;A01;3;99;0;1;1;1;3;
15858;202100010339;183 223;A01;1;7;0;1;1;1;3;
15859;202100010340;183 221;B01;1;7;0;2;4;2;1;
15860;202100010340;183 222;A01;1;7;0;2;1;2;1;
15861;202100010341;183 219;Z01;1;17;0;2;2;14;0;
15862;202100010341;183 220;A01;2;7;0;2;6;1;1;
15863;202100010342;183 218;A01;1;50;12;0;1;14;3;
15864;202100010343;183 216;B01;1;33;0;2;1;1;1;
15865;202100010343;183 217;A01;1;10;0;2;7;14;1;
15866;202100010344;183 214;A01;3;30;0;2;3;1;1;
15867;202100010344;183 215;B01;3;1;0;2;2;1;5;
15868;202100010345;183 212;A01;2;10;0;2;3;9;1;
15869;202100010345;183 213;B01;2;50;0;2;7;1;3;
15870;202100010346;183 211;A01;2;7;0;1;1;15;1;
15871;202100010347;183 209;A01;1;1;0;2;4;19;5;
15872;202100010347;183 210;B01;3;33;0;2;1;1;1;
15873;202100010348;183 208;A01;1;30;0;0;1;21;3;
15874;202100010349;183 206;B01;1;1;0;2;1;1;5;
15875;202100010349;183 207;A01;1;43;0;2;3;9;1;
15876;202100010350;183 205;A01;1;34;0;0;1;16;1;
15877;202100010351;183 203;A01;2;33;0;2;1;1;1;
15878;202100010351;183 204;B01;2;7;0;2;5;1;1;
15879;202100010352;183 201;A01;2;30;0;2;1;2;1;
15880;202100010352;183 202;B01;2;10;0;2;6;23;1;
15881;202100010353;183 200;A01;1;30;0;1;1;1;1;
15882;202100010355;183 198;A01;1;50;12;0;1;14;3;
15883;202100010356;183 196;A01;2;7;0;2;1;10;2;
15884;202100010356;183 197;B01;1;34;0;2;1;1;1;
15885;202100010357;183 193;A01;1;7;0;2;1;9;1;
15886;202100010357;183 194;B01;3;7;0;2;7;1;2;
15887;202100010357;183 195;C01;3;7;0;2;7;1;1;
15888;202100010359;183 190;A01;1;7;0;1;1;15;1;
15889;202100010360;183 189;A01;1;7;0;1;1;1;1;
15890;202100010361;183 187;B01;1;37;0;2;3;15;6;1.0
15891;202100010361;183 188;A01;2;7;0;2;3;5;1;
15892;202100010362;183 185;B01;1;7;0;2;8;9;1;
15893;202100010362;183 186;A01;1;7;0;2;3;2;1;
15894;202100010364;183 182;B01;1;50;0;2;7;19;3;
15895;202100010364;183 183;A01;2;37;15;2;1;10;1;1.0
15896;202100010365;183 180;A01;2;7;0;2;1;15;1;
15897;202100010365;183 181;B01;2;7;0;2;3;2;1;
15898;202100010366;183 178;A01;1;7;0;0;2;15;1;
15899;202100010366;183 179;B01;2;33;0;0;1;0;1;
15900;202100010367;183 177;A01;3;7;12;0;1;15;1;
15901;202100010368;183 175;B01;0;7;0;2;2;1;1;
15902;202100010368;183 176;A01;3;7;0;2;8;16;1;
15903;202100010369;183 173;B01;-1;0;0;2;0;0;0;
15904;202100010369;183 174;A01;1;3;0;2;6;16;0;
15905;202100010370;183 172;A01;-1;33;0;1;2;1;1;
15906;202100010371;183 170;A01;1;7;0;2;7;1;1;
15907;202100010371;183 171;B01;2;7;0;2;1;1;1;
15908;202100010372;183 168;B01;2;1;0;2;1;1;5;
15909;202100010372;183 169;A01;2;37;0;2;7;16;1;1.0
15910;202100010373;183 167;A01;2;7;0;1;2;1;1;
15911;202100010374;183 165;A01;1;7;0;2;2;19;1;
15912;202100010374;183 166;B01;1;33;0;2;1;19;1;
15913;202100010375;183 163;A01;3;7;0;2;3;9;1;
15914;202100010375;183 164;B01;2;2;0;2;1;2;1;
15915;202100010376;183 161;B01;3;50;0;2;1;26;3;
15916;202100010376;183 162;A01;3;7;0;2;2;16;6;
15917;202100010377;183 160;A01;-1;37;0;1;3;26;2;11.0
15918;202100010379;183 158;A01;1;7;0;1;1;1;1;
15919;202100010380;183 154;D01;1;7;0;2;4;2;0;
15920;202100010380;183 155;C01;1;7;0;2;1;2;0;
15921;202100010380;183 156;B01;1;7;0;2;5;2;0;
15922;202100010380;183 157;A01;1;7;9;0;6;13;0;
15923;202100010381;183 152;B01;1;1;1;0;1;2;5;
15924;202100010381;183 153;A01;1;7;1;0;8;24;1;
15925;202100010383;183 150;A01;2;30;0;0;8;26;1;
15926;202100010384;183 149;A01;1;30;0;0;0;0;1;
15927;202100010385;183 148;A01;2;30;0;0;0;26;4;
15928;202100010386;183 147;A01;2;50;0;1;1;1;3;
15929;202100010387;183 146;A01;1;34;0;1;3;26;1;
15930;202100010389;183 143;A01;1;7;0;2;2;23;2;
15931;202100010389;183 144;B01;1;50;14;2;1;1;3;
15932;202100010391;183 139;A01;2;7;9;2;0;1;1;
15933;202100010391;183 140;B01;2;7;0;0;5;19;1;
15934;202100010392;183 138;A01;1;7;0;0;0;1;1;
15935;202100010393;183 135;C01;1;7;0;2;1;17;1;
15936;202100010393;183 136;B01;1;10;0;2;6;23;1;
15937;202100010393;183 137;A01;1;7;1;0;9;1;1;
15938;202100010394;183 133;A01;1;7;0;2;3;0;1;
15939;202100010394;183 134;B01;2;31;0;2;3;17;1;
15940;202100010395;183 129;A01;1;10;8;0;1;13;1;
15941;202100010396;183 128;A01;2;7;3;0;1;0;1;
15942;202100010397;183 127;A01;1;7;1;0;2;1;1;
15943;202100010398;183 125;B01;2;7;0;2;4;2;1;
15944;202100010398;183 126;A01;2;13;0;2;3;2;0;
15945;202100010399;183 124;A01;2;1;0;0;0;1;5;
15946;202100010401;183 122;A01;2;7;15;0;1;1;1;
15947;202100010402;183 120;B01;1;10;0;2;2;1;1;
15948;202100010402;183 121;A01;2;7;1;2;9;14;1;
15949;202100010403;183 119;A01;1;33;0;0;0;1;1;
15950;202100010404;183 118;A01;1;7;6;0;5;1;1;
15951;202100010405;183 117;A01;2;10;13;0;2;1;1;
15952;202100010406;183 116;A01;3;7;1;0;2;1;1;
15953;202100010407;183 115;A01;1;7;14;0;9;13;1;
15954;202100010408;183 113;B01;1;1;0;2;3;16;5;
15955;202100010408;183 114;A01;1;7;0;9;2;16;0;
15956;202100010409;183 111;A01;1;33;0;0;9;21;1;
15957;202100010409;183 112;B01;2;7;0;0;0;10;1;