;Num_Acc;id_vehicule;num_veh;senc;catv;obs;obsm;choc;manv;motor;occutc
15958;202100010411;183 108;A01;3;7;0;1;2;1;1;
15959;202100010412;183 107;A01;1;7;2;0;2;1;1;
15960;202100010413;183 106;A01;0;2;3;0;3;13;1;
15961;202100010414;183 105;A01;2;33;13;0;1;13;1;
15962;202100010415;183 104;A01;2;7;6;0;1;5;1;
15963;202100010416;183 102;A01;1;7;2;2;8;13;1;
15964;202100010416;183 103;B01;2;7;2;2;8;1;1;
15965;202100010418;183 100;A01;1;7;13;0;1;26;1;
15966;202100010419;183 099;A01;2;10;6;0;2;1;1;
15967;202100010420;183 098;A01;2;7;0;1;2;1;1;
15968;202100010421;183 097;A01;1;17;15;0;0;14;1;
15969;202100010422;183 095;A01;1;33;11;2;1;12;1;
15970;202100010422;183 096;B01;2;7;0;0;3;1;1;
15971;202100010424;183 091;B01;1;7;0;0;4;23;1;
15972;202100010424;183 092;A01;1;32;0;2;1;2;1;
15973;202100010425;183 089;A01;1;2;0;2;2;1;0;
15974;202100010425;183 090;B01;2;2;0;2;3;15;0;
15975;202100010427;183 085;A01;2;7;3;2;1;1;2;
15976;202100010427;183 086;B01;1;7;1;0;3;1;1;
15977;202100010429;183 080;B01;1;7;4;0;5;1;1;
15978;202100010429;183 081;A01;1;7;0;2;3;26;0;
15979;202100010430;183 078;B01;1;7;0;2;4;1;1;
15980;202100010430;183 079;A01;1;7;0;2;1;1;1;
15981;202100010431;183 076;B01;1;7;0;2;7;9;1;
15982;202100010431;183 077;A01;1;7;0;2;1;1;1;
15983;202100010432;183 074;B01;1;10;0;2;1;1;1;
15984;202100010432;183 075;A01;1;7;0;0;4;23;1;
15985;202100010433;183 073;A01;2;7;2;0;2;1;1;
15986;202100010434;183 071;A01;1;7;0;2;3;0;1;
15987;202100010434;183 072;B01;2;7;0;2;3;0;1;
15988;202100010435;183 070;A01;1;7;0;0;0;1;1;
15989;202100010436;183 067;A01;3;7;0;2;1;13;1;
15990;202100010436;183 068;B01;3;7;0;2;8;1;1;
15991;202100010436;183 069;C01;3;33;0;2;1;1;1;
15992;202100010437;183 066;A01;2;7;13;0;1;0;1;
15993;202100010438;183 064;A01;1;10;0;2;1;19;1;
15994;202100010438;183 065;B01;1;7;0;2;2;1;1;
15995;202100010439;183 063;A01;2;7;0;1;1;1;1;
15996;202100010440;183 061;A01;2;7;0;2;1;13;1;
15997;202100010440;183 062;B01;1;7;0;2;1;1;1;
15998;202100010441;183 060;A01;1;7;0;1;1;1;1;
15999;202100010442;183 058;A01;3;7;0;2;3;1;1;
16000;202100010442;183 059;B01;3;50;0;2;7;19;3;
16001;202100010444;183 054;A01;3;7;0;2;1;1;1;
16002;202100010444;183 055;B01;3;7;1;2;1;1;1;
16003;202100010445;183 052;A01;3;7;0;2;3;17;1;
16004;202100010445;183 053;B01;3;7;0;2;3;1;1;
16005;202100010446;183 050;A01;2;7;0;2;1;1;1;
16006;202100010446;183 051;B01;2;7;0;2;7;1;1;
16007;202100010447;183 049;A01;1;7;2;0;1;1;1;
16008;202100010448;183 046;A01;1;7;0;2;1;1;1;
16009;202100010448;183 047;B01;2;7;0;2;1;1;1;
16010;202100010449;183 044;A01;2;7;0;2;4;0;1;
16011;202100010449;183 045;B01;2;10;0;2;1;0;1;
16012;202100010451;183 040;Z01;2;7;0;2;1;2;0;
16013;202100010451;183 041;B01;2;7;0;2;4;2;1;
16014;202100010452;183 038;B01;2;7;0;2;4;2;2;
16015;202100010452;183 039;A01;2;7;0;2;1;2;1;
16016;202100010453;183 036;B01;2;32;0;2;8;1;1;
16017;202100010453;183 037;A01;2;7;0;2;7;14;1;
16018;202100010454;183 035;A01;2;15;0;0;1;1;1;
16019;202100010455;183 033;B01;2;33;0;2;3;3;1;
16020;202100010455;183 034;A01;2;7;0;2;2;12;1;
16021;202100010457;183 029;B01;1;7;0;2;4;2;1;
16022;202100010457;183 030;A01;1;31;0;2;1;2;1;
16023;202100010458;183 028;A01;2;43;0;0;0;1;1;
16024;202100010459;183 026;B01;2;10;0;2;8;1;1;
16025;202100010459;183 027;A01;2;31;0;2;7;3;1;
16026;202100010460;183 025;A01;2;7;0;0;0;0;0;
16027;202100010461;183 024;A01;2;7;4;0;1;1;1;
16028;202100010462;183 022;A01;1;33;0;2;7;14;1;
16029;202100010462;183 023;B01;1;7;0;2;8;2;1;
16030;202100010463;183 021;A01;1;14;0;9;7;17;6;
16031;202100010464;183 019;A01;2;7;0;2;2;1;1;
16032;202100010464;183 020;B01;2;7;0;2;6;1;1;
16033;202100010465;183 018;Z01;2;32;0;1;0;17;1;
16034;202100010466;183 014;E01;2;7;0;2;1;2;1;
16035;202100010466;183 015;C01;2;7;0;0;0;1;1;
16036;202100010466;183 016;B01;2;7;0;2;8;1;1;
16037;202100010466;183 017;A01;2;7;0;2;7;14;1;
16038;202100010467;183 013;A01;3;7;0;2;0;0;1;
16039;202100010468;183 011;A01;3;7;0;2;2;19;1;
16040;202100010468;183 012;B01;3;1;0;2;7;5;5;
16041;202100010469;183 009;B01;1;2;0;2;1;18;1;
16042;202100010469;183 010;A01;2;7;0;2;5;0;1;
16043;202100010470;183 007;A01;3;7;0;2;8;15;1;
16044;202100010470;183 008;B01;3;1;0;2;1;1;5;
16045;202100010471;183 006;A01;1;7;0;1;2;1;1;
16046;202100010473;183 003;B01;1;1;1;0;1;1;2;
16047;202100010473;183 004;A01;1;1;1;2;7;9;5;
16048;202100010474;183 001;A01;3;7;0;2;0;0;0;
16049;202100010474;183 002;B01;1;99;0;2;5;2;0;
16050;202100010476;182 998;A01;3;7;0;2;2;13;1;
16051;202100010476;182 999;B01;0;1;0;2;7;13;5;
16052;202100010477;182 996;B01;1;7;0;2;0;15;1;
16053;202100010477;182 997;A01;1;7;0;2;2;12;1;
16054;202100010478;182 993;C01;1;7;0;2;1;1;1;
16055;202100010478;182 994;A01;2;31;0;2;2;1;1;
16056;202100010478;182 995;B01;1;7;0;2;5;16;1;
16057;202100010479;182 991;B01;2;2;0;0;1;0;1;
16058;202100010479;182 992;A01;2;7;0;2;4;1;1;
16059;202100010480;182 990;A01;2;7;0;1;8;16;1;
16060;202100010481;182 989;A01;1;7;0;1;1;26;1;
16061;202100010482;182 987;B01;1;15;0;2;2;1;0;
16062;202100010482;182 988;A01;1;7;0;2;6;16;1;
16063;202100010483;182 986;A01;1;7;0;1;1;1;1;
16064;202100010484;182 984;A01;2;10;0;2;1;9;1;
16065;202100010484;182 985;B01;3;2;0;2;7;1;1;
16066;202100010485;182 982;A01;2;50;0;2;1;1;3;
16067;202100010485;182 983;B01;2;7;0;2;3;1;1;
16068;202100010487;182 979;B01;0;2;0;2;1;1;1;
16069;202100010487;182 980;A01;0;10;0;2;2;15;1;
16070;202100010488;182 976;A01;1;7;0;2;1;13;1;
16071;202100010488;182 977;B01;2;7;0;2;8;0;1;
16072;202100010489;182 974;B01;0;7;0;2;2;1;0;
16073;202100010489;182 975;A01;0;31;0;2;1;7;1;
16074;202100010490;182 973;A01;0;7;0;1;1;1;1;
16075;202100010491;182 970;B01;1;33;0;2;1;1;1;
16076;202100010491;182 971;A01;2;7;0;2;2;15;1;
16077;202100010492;182 968;A01;2;1;0;2;1;2;5;
16078;202100010492;182 969;B01;2;14;0;2;4;2;1;
16079;202100010493;182 967;A01;1;7;0;1;1;15;1;
16080;202100010495;182 960;A01;3;7;0;2;4;1;1;
16081;202100010495;182 961;B01;3;7;0;2;3;1;1;
16082;202100010495;182 962;Z01;3;7;0;2;0;0;1;
16083;202100010496;182 959;A01;1;33;0;0;0;0;1;
16084;202100010497;182 957;B01;0;7;0;2;7;16;1;
16085;202100010497;182 958;A01;2;10;0;2;3;9;1;
16086;202100010498;182 956;A01;1;33;0;2;7;14;1;
16087;202100010499;182 954;A01;1;7;0;2;3;15;1;
16088;202100010499;182 955;B01;2;7;0;2;0;0;1;
16089;202100010500;182 953;A01;1;30;0;0;0;26;1;
16090;202100010501;182 952;A01;1;7;0;1;1;26;1;
16091;202100010502;182 950;A01;3;7;0;2;1;13;1;
16092;202100010502;182 951;B01;3;7;0;2;3;1;1;
16093;202100010503;182 949;A01;2;7;0;1;1;15;1;
16094;202100010504;182 948;A01;1;7;8;0;1;1;1;
16095;202100010505;182 947;A01;3;7;0;1;1;16;0;
16096;202100010507;182 942;A01;3;80;0;2;1;26;3;
16097;202100010507;182 943;B01;2;7;0;9;8;9;1;
16098;202100010508;182 940;A01;2;30;0;2;0;15;1;
16099;202100010508;182 941;B01;2;7;0;2;3;15;2;
16100;202100010509;182 938;A01;2;7;0;2;2;15;0;
16101;202100010509;182 939;B01;1;1;0;2;1;1;-1;
16102;202100010510;182 936;A01;1;7;0;2;3;26;0;
16103;202100010510;182 937;B01;2;50;0;2;0;0;3;
16104;202100010512;182 934;A01;1;10;0;1;2;16;1;
16105;202100010513;182 932;B01;1;33;0;2;7;1;1;
16106;202100010513;182 933;A01;2;7;0;2;1;0;1;
16107;202100010514;182 931;A01;2;7;0;1;1;1;1;
16108;202100010515;182 929;A01;3;7;0;2;1;13;1;
16109;202100010515;182 930;B01;1;17;0;2;1;1;1;
16110;202100010516;182 928;A01;3;7;15;1;1;26;1;
16111;202100010517;182 927;A01;3;7;0;1;1;26;1;
16112;202100010518;182 926;A01;2;3;0;1;2;19;1;
16113;202100010519;182 924;A01;2;7;0;2;1;15;2;
16114;202100010519;182 925;B01;2;1;0;2;7;1;5;
16115;202100010520;182 921;C01;2;7;0;2;3;1;1;
16116;202100010520;182 922;B01;1;7;0;2;7;1;1;
16117;202100010520;182 923;A01;1;7;0;2;1;15;1;
16118;202100010521;182 919;B01;1;7;0;2;8;26;1;
16119;202100010521;182 920;A01;1;15;0;2;2;26;1;
16120;202100010522;182 918;A01;1;10;0;0;3;20;1;
16121;202100010523;182 916;A01;1;7;0;2;3;26;1;
16122;202100010523;182 917;B01;1;1;0;2;2;1;5;
16123;202100010524;182 914;A01;1;7;0;2;2;15;1;
16124;202100010524;182 915;B01;1;31;0;2;1;26;1;
16125;202100010525;182 912;B01;1;1;0;2;2;26;5;
16126;202100010525;182 913;A01;1;30;0;2;0;26;1;
16127;202100010526;182 910;A01;3;7;0;2;8;16;1;
16128;202100010526;182 911;B01;3;50;0;2;1;0;3;
16129;202100010527;182 909;A01;3;33;0;9;1;1;1;
16130;202100010528;182 908;A01;1;7;6;0;1;1;1;
16131;202100010529;182 907;A01;1;7;0;1;1;19;1;
16132;202100010530;182 906;A01;0;7;1;0;1;13;1;
16133;202100010531;182 904;A01;2;7;0;2;2;11;1;
16134;202100010531;182 905;B01;2;7;0;2;2;1;1;
16135;202100010532;182 902;B01;2;37;8;1;2;1;1;1.0
16136;202100010532;182 903;A01;3;60;9;2;8;19;5;
16137;202100010533;182 901;A01;2;7;0;1;1;19;1;
16138;202100010534;182 899;A01;1;31;0;2;1;15;1;
16139;202100010534;182 900;B01;1;33;0;2;1;1;1;
16140;202100010535;182 897;B01;3;7;0;2;4;26;1;
16141;202100010535;182 898;A01;3;7;0;2;1;26;1;
16142;202100010536;182 895;B01;2;33;0;2;8;1;1;
16143;202100010536;182 896;A01;3;14;0;2;2;15;1;
16144;202100010537;182 893;B01;3;7;0;2;2;1;1;
16145;202100010537;182 894;A01;3;7;0;2;3;9;1;
16146;202100010538;182 891;A01;2;30;0;2;2;21;1;
16147;202100010538;182 892;B01;0;7;0;0;5;1;3;
16148;202100010539;182 889;A01;0;34;0;2;1;1;1;
16149;202100010539;182 890;B01;0;7;0;2;3;0;1;
16150;202100010540;182 885;B01;2;13;0;2;2;1;1;
16151;202100010540;182 886;A01;1;7;0;2;3;15;1;
16152;202100010541;182 883;B01;2;7;0;2;6;10;1;
16153;202100010541;182 884;A01;2;32;0;2;1;1;1;
16154;202100010542;182 882;Z01;1;30;0;1;1;26;1;
16155;202100010543;182 881;A01;3;7;0;0;0;0;0;
16156;202100010544;182 879;B01;1;7;0;2;4;1;1;
16157;202100010544;182 880;A01;1;7;0;2;1;1;1;
16158;202100010545;182 877;A01;2;7;0;9;2;1;1;
16159;202100010545;182 878;B01;3;50;0;2;8;19;3;
16160;202100010546;182 875;A01;2;14;0;2;1;1;1;
16161;202100010546;182 876;B01;2;17;0;2;4;1;1;
16162;202100010547;182 873;A01;1;33;0;2;3;9;1;
16163;202100010547;182 874;B01;1;7;0;2;2;1;1;
16164;202100010548;182 872;A01;3;80;0;1;3;1;3;
16165;202100010549;182 871;A01;1;33;0;0;1;1;1;
16166;202100010551;182 868;A01;1;7;0;1;1;1;1;
16167;202100010552;182 867;A01;2;7;0;1;3;1;1;
16168;202100010553;182 866;A01;2;7;0;1;2;1;2;
16169;202100010554;182 865;Z01;2;30;0;1;7;5;1;
16170;202100010555;182 864;A01;1;30;0;2;3;21;1;
16171;202100010556;182 862;B01;1;10;0;2;4;2;1;
16172;202100010556;182 863;A01;1;32;0;2;1;2;1;
16173;202100010557;182 860;A01;1;7;0;2;3;15;1;
16174;202100010557;182 861;B01;2;30;0;2;1;1;1;
16175;202100010558;182 858;B01;2;7;0;2;3;1;1;
16176;202100010558;182 859;A01;2;50;0;2;1;17;3;
16177;202100010559;182 857;A01;2;1;0;1;1;1;5;
16178;202100010560;182 856;A01;1;7;0;1;1;15;1;
16179;202100010561;182 854;A01;2;50;0;2;4;2;3;
16180;202100010561;182 855;Z01;1;7;0;2;1;2;0;
16181;202100010562;182 853;A01;3;7;14;0;2;13;1;
16182;202100010563;182 851;A01;2;1;0;2;8;1;5;
16183;202100010563;182 852;Z01;2;2;0;2;2;16;0;
16184;202100010564;182 849;A01;1;2;0;2;2;1;3;
16185;202100010564;182 850;Z01;1;1;0;2;0;15;0;
16186;202100010565;182 846;B01;2;7;0;2;6;13;1;
16187;202100010565;182 847;C01;1;7;0;2;3;1;2;
16188;202100010565;182 848;A01;2;33;0;2;1;17;1;
16189;202100010566;182 844;B01;3;7;0;2;5;1;1;
16190;202100010566;182 845;A01;1;7;0;2;3;7;1;
16191;202100010567;182 842;B01;2;30;0;2;4;2;1;
16192;202100010567;182 843;A01;2;10;0;2;1;2;1;
16193;202100010569;182 837;A01;1;10;0;2;3;15;1;
16194;202100010569;182 838;B01;1;7;0;2;7;24;3;
16195;202100010569;182 839;C01;1;32;0;2;2;1;3;
16196;202100010571;182 833;B01;1;33;0;2;7;1;1;
16197;202100010571;182 834;A01;1;7;0;2;0;14;1;
16198;202100010572;182 832;A01;2;33;0;1;7;1;1;
16199;202100010573;182 831;A01;1;30;0;1;1;1;1;
16200;202100010574;182 829;A01;3;7;0;2;1;1;1;
16201;202100010574;182 830;B01;3;10;8;2;8;1;1;
16202;202100010575;182 827;A01;1;7;0;2;2;15;1;
16203;202100010575;182 828;B01;1;33;0;2;2;1;1;
16204;202100010576;182 825;B01;1;10;0;2;0;0;1;
16205;202100010576;182 826;A01;1;2;0;2;3;17;1;
16206;202100010577;182 823;A01;1;30;0;2;7;1;1;
16207;202100010577;182 824;B01;1;7;0;2;1;15;1;
16208;202100010578;182 819;A01;2;33;0;2;1;1;1;
16209;202100010578;182 820;B01;1;7;0;2;5;15;1;
16210;202100010579;182 817;B01;2;7;0;1;1;1;1;
16211;202100010579;182 818;A01;2;7;0;2;1;1;1;
16212;202100010581;182 813;B01;2;7;0;2;1;1;1;
16213;202100010581;182 814;A01;2;31;0;2;4;26;1;
16214;202100010582;182 812;A01;2;7;0;1;7;1;1;
16215;202100010584;182 808;A01;2;7;0;2;3;19;1;
16216;202100010584;182 809;B01;1;31;0;2;1;3;1;
16217;202100010585;182 806;B01;2;32;0;2;8;1;1;
16218;202100010585;182 807;A01;1;7;0;2;2;1;1;
16219;202100010586;182 805;A01;2;7;0;1;1;2;2;
16220;202100010587;182 803;A01;3;7;0;2;3;9;1;
16221;202100010587;182 804;B01;3;33;0;2;2;0;1;
16222;202100010588;182 802;A01;1;33;12;0;7;1;1;
16223;202100010589;182 800;B01;-1;7;0;2;4;2;1;
16224;202100010589;182 801;A01;-1;7;0;2;1;2;1;
16225;202100010590;182 798;A01;1;3;1;0;3;24;1;
16226;202100010590;182 799;B01;1;1;1;0;3;0;0;
16227;202100010591;182 797;A01;2;30;9;0;1;13;1;
16228;202100010592;182 796;A01;2;13;0;1;2;16;6;
16229;202100010593;182 794;B01;0;33;0;2;4;0;0;
16230;202100010593;182 795;A01;0;43;0;2;1;26;0;
16231;202100010594;182 793;A01;3;33;0;0;0;26;1;
16232;202100010595;182 791;A01;2;10;9;2;1;5;3;
16233;202100010595;182 792;B01;2;7;9;2;7;1;1;
16234;202100010597;182 787;B01;3;1;0;2;7;19;5;
16235;202100010597;182 788;A01;1;7;0;2;1;1;1;
16236;202100010598;182 785;A01;2;31;0;2;1;1;1;
16237;202100010598;182 786;B01;1;7;0;2;1;15;1;
16238;202100010599;182 783;B01;2;7;8;2;3;1;2;
16239;202100010599;182 784;A01;2;7;0;2;6;1;1;
16240;202100010600;182 781;A01;3;7;0;2;3;1;1;
16241;202100010600;182 782;F01;3;32;0;2;1;17;1;
16242;202100010601;182 779;B01;1;1;0;0;4;1;5;
16243;202100010601;182 780;A01;1;7;0;2;2;1;1;
16244;202100010602;182 777;A01;0;7;0;9;3;1;1;
16245;202100010602;182 778;B01;0;1;0;2;1;19;5;
16246;202100010603;182 775;A01;1;7;0;2;1;13;1;
16247;202100010603;182 776;B01;2;17;0;2;3;1;1;
16248;202100010604;182 774;A01;1;33;15;0;2;1;1;
16249;202100010605;182 773;A01;2;33;13;0;0;13;1;
16250;202100010606;182 772;A01;1;7;0;0;9;0;1;
16251;202100010607;182 770;B01;2;7;0;2;1;1;1;
16252;202100010607;182 771;A01;2;10;0;0;4;11;1;
16253;202100010608;182 769;A01;0;7;2;0;2;11;1;
16254;202100010609;182 768;A01;2;7;13;0;0;1;1;
16255;202100010610;182 767;A01;1;7;2;0;2;14;1;
16256;202100010611;182 766;A01;1;7;13;0;5;1;1;
16257;202100010612;182 764;A01;2;33;0;2;2;1;1;
16258;202100010612;182 765;B01;1;7;0;2;7;5;1;
16259;202100010613;182 762;A01;1;7;0;2;1;13;1;
16260;202100010613;182 763;B01;2;7;0;2;1;21;1;
16261;202100010614;182 761;A01;1;7;2;0;1;1;1;
16262;202100010615;182 760;A01;3;33;0;0;7;1;1;
16263;202100010616;182 758;A01;3;7;0;0;5;12;1;
16264;202100010616;182 759;B01;3;1;0;0;6;1;5;
16265;202100010617;182 757;A01;2;33;6;0;7;2;1;
16266;202100010618;182 755;B01;0;2;0;2;1;1;1;
16267;202100010618;182 756;A01;0;7;0;2;2;15;1;
16268;202100010619;182 752;A01;1;7;0;1;3;1;1;
16269;202100010620;182 750;A01;1;7;0;0;2;5;1;
16270;202100010620;182 751;B01;2;33;0;0;1;3;1;
16271;202100010621;182 749;A01;3;2;12;0;7;1;1;
16272;202100010622;182 747;B01;1;39;0;4;3;1;3;
16273;202100010622;182 748;A01;2;7;0;4;1;0;1;
16274;202100010623;182 745;B01;1;1;0;2;1;1;5;
16275;202100010623;182 746;A01;2;7;0;2;7;15;1;
16276;202100010624;182 744;A01;3;7;0;0;3;0;1;
16277;202100010625;182 742;A01;3;7;0;2;3;19;1;
16278;202100010625;182 743;B01;2;7;0;2;1;1;1;
16279;202100010626;182 740;A01;1;2;7;2;1;1;1;
16280;202100010626;182 741;B01;3;21;0;2;6;1;1;
16281;202100010627;182 739;A01;2;7;8;1;2;1;1;
16282;202100010628;182 737;B01;1;7;0;2;1;1;1;
16283;202100010628;182 738;A01;2;7;0;2;7;1;1;
16284;202100010629;182 736;A01;3;7;0;0;9;0;1;
16285;202100010630;182 735;A01;1;7;3;0;1;1;1;
16286;202100010631;182 734;A01;1;1;0;0;8;1;5;
16287;202100010633;182 731;A01;1;13;0;0;3;1;1;
16288;202100010634;182 729;B01;2;15;0;2;2;15;1;
16289;202100010634;182 730;A01;1;7;0;2;1;1;1;
16290;202100010635;182 727;B01;1;2;0;0;1;1;1;
16291;202100010635;182 728;A01;1;10;0;0;5;1;1;
16292;202100010636;182 726;A01;2;7;8;0;3;0;1;
16293;202100010637;182 724;B01;2;7;0;2;8;19;1;
16294;202100010637;182 725;A01;2;43;0;2;3;17;1;
16295;202100010638;182 723;A01;0;7;0;0;9;1;1;
16296;202100010640;182 719;A01;2;7;0;2;3;13;1;
16297;202100010640;182 720;B01;1;7;0;2;3;1;1;
16298;202100010641;182 717;B01;1;1;0;2;1;1;5;
16299;202100010641;182 718;A01;2;7;0;2;2;15;1;
16300;202100010642;182 715;A01;1;2;0;0;6;15;1;
16301;202100010642;182 716;B01;1;0;0;2;1;17;0;
16302;202100010643;182 713;A01;0;7;0;2;1;15;1;
16303;202100010643;182 714;B01;0;7;0;2;1;1;1;
16304;202100010644;182 712;A01;2;7;8;0;7;1;1;
16305;202100010645;182 709;B01;1;7;0;0;6;1;1;
16306;202100010645;182 710;A01;2;7;0;0;7;15;1;
16307;202100010645;182 711;C01;1;33;0;2;1;1;1;
16308;202100010646;182 707;A01;1;2;0;2;1;9;1;
16309;202100010646;182 708;B01;2;37;0;2;1;1;1;1.0
16310;202100010647;182 705;B01;2;7;0;2;3;2;1;
16311;202100010647;182 706;A01;1;7;0;2;3;2;1;
16312;202100010648;182 704;A01;2;32;0;0;0;0;1;
16313;202100010649;182 702;A01;2;7;0;2;7;15;1;
16314;202100010649;182 703;B01;1;7;0;2;5;1;1;
16315;202100010650;182 699;A01;3;7;0;2;1;19;6;
16316;202100010650;182 700;C01;1;7;0;2;1;1;1;
16317;202100010650;182 701;B01;2;7;0;2;8;1;1;
16318;202100010651;182 698;A01;3;7;0;1;2;2;1;
16319;202100010652;182 695;A01;2;7;0;2;1;17;1;
16320;202100010652;182 696;B01;2;7;0;2;3;1;1;
16321;202100010652;182 697;C01;1;7;0;2;1;1;1;
16322;202100010653;182 693;B01;1;33;0;2;1;1;1;
16323;202100010653;182 694;A01;1;7;0;2;6;9;1;
16324;202100010654;182 692;A01;1;7;0;0;9;1;1;
16325;202100010655;182 690;A01;1;2;0;2;2;17;1;
16326;202100010655;182 691;B01;1;10;0;0;3;15;1;
16327;202100010656;182 688;A01;2;10;0;2;3;2;1;
16328;202100010656;182 689;B01;2;1;0;2;1;2;5;
16329;202100010657;182 686;A01;1;7;0;2;7;12;1;
16330;202100010657;182 687;B01;1;33;0;0;1;3;1;
16331;202100010658;182 682;A01;3;7;0;2;1;2;1;
16332;202100010658;182 683;B01;3;7;0;2;4;23;1;
16333;202100010658;182 684;C01;3;7;0;2;4;23;1;
16334;202100010658;182 685;D01;3;7;0;2;4;23;1;
16335;202100010659;182 679;A01;1;7;0;2;4;1;1;
16336;202100010659;182 680;B01;1;7;0;2;1;2;1;
16337;202100010659;182 681;C01;1;7;0;2;3;0;1;
16338;202100010660;182 678;A01;1;7;6;0;1;1;1;
16339;202100010661;182 676;B01;2;33;0;2;2;1;1;
16340;202100010661;182 677;A01;2;7;0;2;6;11;1;
16341;202100010662;182 673;B01;1;33;0;2;7;3;1;
16342;202100010662;182 674;C01;1;7;0;2;6;1;1;
16343;202100010662;182 675;A01;1;7;0;2;8;11;1;
16344;202100010663;182 670;A01;2;17;0;2;1;2;1;
16345;202100010663;182 671;B01;2;7;0;2;4;2;1;
16346;202100010663;182 672;C01;2;10;0;2;1;2;1;
16347;202100010664;182 665;E01;2;7;0;2;1;2;0;
16348;202100010664;182 666;B01;2;7;0;2;1;2;0;
16349;202100010664;182 667;D01;2;7;0;2;1;2;2;
16350;202100010664;182 668;C01;2;7;0;2;1;2;1;
16351;202100010664;182 669;A01;2;7;0;2;1;2;1;
16352;202100010665;182 663;B01;2;7;0;2;2;12;1;
16353;202100010665;182 664;A01;2;31;0;2;1;3;1;
16354;202100010666;182 658;B01;2;7;0;2;4;1;1;
16355;202100010666;182 659;D01;2;7;0;2;1;1;1;
16356;202100010666;182 660;C01;2;7;0;2;1;1;1;
16357;202100010666;182 661;A01;2;17;0;2;8;11;1;
16358;202100010666;182 662;E01;2;10;0;2;1;2;1;
16359;202100010667;182 656;Z01;2;10;0;2;0;12;0;
16360;202100010667;182 657;A01;2;33;0;2;7;3;1;
16361;202100010668;182 654;A01;2;7;0;2;1;2;1;
16362;202100010668;182 655;B01;2;33;0;2;4;2;1;
16363;202100010669;182 652;B01;1;7;0;2;1;1;3;
16364;202100010669;182 653;A01;1;7;0;2;1;26;1;
16365;202100010670;182 650;B01;1;7;0;2;4;2;1;
16366;202100010670;182 651;A01;1;7;0;2;1;2;1;
16367;202100010671;182 648;B01;1;7;0;2;4;1;1;
16368;202100010671;182 649;A01;1;10;0;2;1;1;1;
16369;202100010672;182 645;C01;1;7;0;2;4;2;0;
16370;202100010672;182 646;B01;2;7;0;2;7;2;0;
16371;202100010672;182 647;A01;2;33;0;2;1;3;0;
16372;202100010673;182 643;B01;2;7;0;2;1;1;1;
16373;202100010673;182 644;A01;2;33;0;2;3;1;1;
16374;202100010674;182 639;C01;1;7;0;2;4;2;1;
16375;202100010674;182 640;B01;1;7;0;2;6;2;1;
16376;202100010674;182 641;A01;1;10;0;2;1;1;1;
16377;202100010674;182 642;D01;1;7;0;2;4;2;1;
16378;202100010675;182 637;A01;1;7;0;2;1;2;1;
16379;202100010675;182 638;B01;1;7;0;2;0;0;0;
16380;202100010676;182 635;B01;1;7;0;2;4;23;1;
16381;202100010676;182 636;A01;1;10;1;0;1;2;1;
16382;202100010677;182 632;B01;2;33;0;2;1;0;1;
16383;202100010677;182 633;C01;2;10;0;2;8;1;1;
16384;202100010677;182 634;A01;2;10;0;2;5;1;1;
16385;202100010678;182 630;A01;1;7;0;2;4;11;1;
16386;202100010678;182 631;B01;1;33;0;2;1;3;1;
16387;202100010679;182 629;A01;1;50;0;1;1;25;3;
16388;202100010680;182 628;A01;3;7;0;1;1;17;1;
16389;202100010681;182 626;B01;1;7;0;2;8;1;1;
16390;202100010681;182 627;A01;1;14;0;2;7;17;1;
16391;202100010682;182 625;A01;1;7;0;1;1;11;1;
16392;202100010683;182 623;B01;2;7;0;2;2;0;2;
16393;202100010683;182 624;A01;3;50;0;2;1;1;3;
16394;202100010684;182 621;B01;2;50;0;2;1;1;3;
16395;202100010684;182 622;A01;1;7;0;2;3;15;1;
16396;202100010685;182 620;A01;1;33;0;1;0;1;1;
16397;202100010686;182 619;A01;3;7;4;0;2;14;1;
16398;202100010687;182 617;A01;1;10;0;2;1;26;1;
16399;202100010687;182 618;B01;1;7;0;2;4;1;1;
16400;202100010688;182 615;B01;1;7;0;2;1;1;1;
16401;202100010688;182 616;A01;2;7;0;2;2;15;1;
16402;202100010689;182 614;A01;2;7;0;1;1;16;1;
16403;202100010690;182 612;B01;2;33;0;2;1;1;1;
16404;202100010690;182 613;A01;1;7;0;2;3;9;1;
16405;202100010691;182 611;A01;2;10;0;1;2;1;1;
16406;202100010692;182 609;B01;1;7;0;2;1;1;1;
16407;202100010692;182 610;A01;2;7;0;2;1;13;1;
16408;202100010693;182 608;A01;0;7;0;1;1;1;3;
16409;202100010694;182 606;A01;3;7;0;2;1;16;1;
16410;202100010694;182 607;B01;3;1;0;2;1;19;5;
16411;202100010695;182 605;A01;2;10;6;0;1;14;1;
16412;202100010696;182 604;A01;3;7;0;0;9;17;1;
16413;202100010698;182 601;A01;1;31;0;1;1;1;1;
16414;202100010699;182 599;A01;1;7;0;2;1;1;1;
16415;202100010699;182 600;B01;1;7;0;2;4;1;1;
16416;202100010700;182 598;A01;1;7;0;1;2;26;1;
16417;202100010701;182 596;A01;3;7;0;2;1;1;1;
16418;202100010701;182 597;B01;3;1;0;2;4;0;5;
16419;202100010703;182 594;A01;1;7;0;1;1;1;1;