;Num_Acc;id_vehicule;num_veh;senc;catv;obs;obsm;choc;manv;motor;occutc
16420;202100010704;182 592;A01;3;7;0;2;1;15;1;
16421;202100010704;182 593;B01;3;7;0;2;3;1;1;
16422;202100010705;182 590;A01;1;7;0;2;3;15;1;
16423;202100010705;182 591;B01;2;2;0;2;8;1;1;
16424;202100010706;182 588;B01;1;7;0;2;3;1;1;
16425;202100010706;182 589;A01;2;2;0;2;3;13;1;
16426;202100010707;182 586;B01;2;2;0;2;1;1;1;
16427;202100010707;182 587;A01;1;7;0;2;3;15;1;
16428;202100010708;182 584;A01;1;50;0;2;3;26;3;
16429;202100010708;182 585;B01;1;7;0;2;0;26;1;
16430;202100010709;182 582;A01;1;30;0;2;3;16;1;
16431;202100010709;182 583;B01;1;7;0;2;7;16;1;
16432;202100010710;182 580;B01;2;7;0;1;4;1;1;
16433;202100010710;182 581;A01;2;7;0;2;1;12;1;
16434;202100010711;182 579;A01;3;7;2;0;1;1;1;
16435;202100010712;182 578;A01;1;33;11;0;1;17;1;
16436;202100010715;182 573;A01;1;30;0;2;1;1;1;
16437;202100010715;182 574;B01;1;7;0;2;4;1;1;
16438;202100010717;182 571;A01;2;7;0;1;4;26;1;
16439;202100010718;182 569;B01;1;15;0;2;2;1;1;
16440;202100010718;182 570;A01;1;7;0;2;3;18;1;
16441;202100010719;182 566;C01;1;7;0;2;1;14;1;
16442;202100010719;182 567;B01;2;7;0;2;7;17;1;
16443;202100010719;182 568;A01;2;7;0;2;8;13;1;
16444;202100010720;182 565;A01;2;7;2;0;1;14;1;
16445;202100010721;182 564;A01;1;15;0;1;1;1;1;
16446;202100010722;182 563;A01;1;7;0;1;2;1;1;
16447;202100010723;182 561;A01;1;1;14;2;9;21;5;
16448;202100010723;182 562;B01;1;10;14;9;3;15;1;
16449;202100010724;182 559;A01;2;30;0;9;2;26;1;
16450;202100010724;182 560;B01;2;99;0;0;0;0;3;
16451;202100010725;182 558;A01;3;7;9;0;2;14;1;
16452;202100010726;182 556;B01;1;7;0;2;4;2;1;
16453;202100010726;182 557;A01;1;30;0;2;1;2;1;
16454;202100010727;182 554;A01;2;7;0;2;3;20;1;
16455;202100010727;182 555;B01;2;30;0;2;1;1;1;
16456;202100010728;182 553;Z01;1;99;0;1;2;17;0;
16457;202100010729;182 552;A01;3;7;0;1;1;16;1;
16458;202100010730;182 551;A01;2;30;8;1;2;1;1;
16459;202100010731;182 547;A01;1;7;0;2;1;2;1;
16460;202100010731;182 548;B01;1;7;0;2;4;2;1;
16461;202100010731;182 549;C01;1;7;0;2;4;2;1;
16462;202100010731;182 550;D01;1;7;0;2;4;2;1;
16463;202100010732;182 545;A01;1;33;0;2;7;3;1;
16464;202100010732;182 546;Z01;1;10;0;2;3;11;1;
16465;202100010733;182 544;A01;1;34;0;9;1;21;1;
16466;202100010734;182 540;Z01;2;7;0;2;3;11;0;
16467;202100010734;182 541;ZZ01;2;7;0;2;6;13;0;
16468;202100010734;182 542;B01;2;33;0;2;2;1;1;
16469;202100010734;182 543;A01;2;7;4;2;7;1;1;
16470;202100010735;182 539;A01;2;50;0;1;2;1;3;
16471;202100010736;182 537;Z01;3;7;0;2;0;1;1;
16472;202100010736;182 538;A01;3;33;0;2;8;9;1;
16473;202100010737;182 535;A01;2;30;0;2;2;1;1;
16474;202100010737;182 536;Z01;2;7;0;2;0;1;1;
16475;202100010738;182 533;B01;1;1;0;2;4;2;5;
16476;202100010738;182 534;A01;1;7;0;2;1;2;1;
16477;202100010739;182 532;A01;1;7;0;1;2;16;1;
16478;202100010740;182 531;A01;1;50;0;0;0;16;3;
16479;202100010741;182 529;A01;2;30;0;2;1;2;1;
16480;202100010741;182 530;B01;2;10;0;2;4;15;1;
16481;202100010742;182 528;A01;2;1;0;1;1;1;5;
16482;202100010743;182 526;A01;1;7;0;2;8;15;2;
16483;202100010743;182 527;B01;1;32;0;2;2;1;1;
16484;202100010744;182 524;A01;2;7;14;0;3;1;1;
16485;202100010744;182 525;B01;2;30;0;2;5;15;1;
16486;202100010745;182 522;A01;3;10;0;2;6;1;0;
16487;202100010745;182 523;B01;3;50;0;2;1;0;3;
16488;202100010746;182 520;B01;1;1;0;2;0;1;5;
16489;202100010746;182 521;A01;2;10;0;2;3;15;1;
16490;202100010747;182 519;A01;0;7;0;1;1;0;1;
16491;202100010748;182 518;A01;1;7;0;1;1;1;1;
16492;202100010749;182 516;B01;1;31;0;2;5;2;0;
16493;202100010749;182 517;A01;1;7;0;2;3;2;1;
16494;202100010750;182 514;A01;1;33;0;2;1;13;3;
16495;202100010750;182 515;B01;1;7;0;2;3;13;1;
16496;202100010751;182 512;B01;0;30;0;2;1;1;1;
16497;202100010751;182 513;A01;0;7;0;2;2;15;1;
16498;202100010752;182 510;A01;2;7;0;2;1;1;1;
16499;202100010752;182 511;B01;-1;50;0;2;7;19;3;
16500;202100010753;182 509;A01;2;7;0;1;2;1;1;
16501;202100010754;182 507;A01;0;31;0;2;8;15;1;
16502;202100010754;182 508;B01;1;7;0;2;3;1;1;
16503;202100010755;182 506;A01;2;32;0;1;2;1;1;
16504;202100010756;182 504;A01;1;37;0;2;3;24;1;2.0
16505;202100010756;182 505;B01;1;10;0;2;5;17;1;
16506;202100010757;182 502;B01;1;7;0;2;5;24;1;
16507;202100010757;182 503;A01;1;80;1;0;1;1;3;
16508;202100010758;182 501;A01;2;30;0;1;1;25;1;
16509;202100010759;182 500;A01;1;31;0;0;0;1;1;
16510;202100010760;182 498;A01;2;7;0;2;8;13;1;
16511;202100010760;182 499;B01;1;7;0;2;8;26;1;
16512;202100010761;182 496;A01;1;7;0;9;2;2;1;
16513;202100010761;182 497;B01;1;1;0;2;4;2;5;
16514;202100010763;182 493;B01;1;7;9;0;5;24;1;
16515;202100010763;182 494;A01;1;7;1;0;3;1;1;
16516;202100010764;182 492;A01;1;7;8;0;1;1;1;
16517;202100010765;182 490;B01;2;7;0;0;1;1;1;
16518;202100010765;182 491;A01;1;7;0;2;1;1;1;
16519;202100010767;182 488;A01;0;2;0;0;0;1;1;
16520;202100010768;182 487;A01;3;7;2;0;8;0;1;
16521;202100010769;182 485;A01;0;7;0;2;8;9;1;
16522;202100010769;182 486;B01;1;7;0;2;1;1;1;
16523;202100010770;182 483;A01;2;33;0;9;7;21;1;
16524;202100010770;182 484;B01;1;21;0;2;7;19;1;
16525;202100010771;182 481;A01;1;15;0;2;1;1;1;
16526;202100010771;182 482;B01;1;7;0;0;4;2;1;
16527;202100010772;182 480;A01;3;7;13;0;3;1;1;
16528;202100010773;182 478;A01;2;14;0;0;4;1;1;
16529;202100010773;182 479;B01;2;10;0;2;1;0;1;
16530;202100010774;182 477;A01;1;7;2;0;1;14;1;
16531;202100010775;182 475;B01;3;33;0;2;1;1;1;
16532;202100010775;182 476;A01;3;33;0;2;1;5;1;
16533;202100010776;182 474;A01;3;2;13;1;2;1;1;
16534;202100010777;182 473;A01;1;7;4;0;1;26;1;
16535;202100010778;182 472;A01;3;2;0;0;0;0;0;
16536;202100010779;182 471;A01;0;7;0;1;2;16;1;
16537;202100010780;182 469;B01;0;7;0;2;1;1;1;
16538;202100010780;182 470;A01;0;7;0;2;3;19;1;
16539;202100010781;182 467;B01;1;14;0;2;3;1;1;
16540;202100010781;182 468;A01;2;10;0;2;3;13;1;
16541;202100010782;182 465;A01;2;7;0;2;5;13;1;
16542;202100010782;182 466;B01;1;7;0;2;3;1;1;
16543;202100010783;182 463;A01;2;7;0;2;2;15;1;
16544;202100010783;182 464;B01;1;32;0;2;1;1;1;
16545;202100010784;182 462;A01;2;7;0;1;3;1;1;
16546;202100010785;182 460;A01;1;10;0;0;5;19;1;
16547;202100010785;182 461;B01;2;33;0;2;1;1;1;
16548;202100010786;182 459;A01;1;7;6;0;2;14;1;
16549;202100010787;182 457;A01;3;7;0;2;6;1;1;
16550;202100010787;182 458;B01;3;7;0;2;1;1;1;
16551;202100010788;182 455;A01;1;7;0;0;6;1;1;
16552;202100010788;182 456;B01;1;33;0;2;1;2;1;
16553;202100010789;182 451;A01;1;7;0;2;1;17;1;
16554;202100010789;182 452;B01;1;21;0;2;4;15;1;
16555;202100010790;182 449;B01;1;1;0;2;0;1;5;
16556;202100010790;182 450;A01;1;7;0;9;2;1;1;
16557;202100010791;182 448;A01;2;7;0;1;2;1;1;
16558;202100010792;182 446;B01;2;7;0;2;1;1;1;
16559;202100010792;182 447;A01;1;7;0;2;3;13;1;
16560;202100010793;182 445;A01;3;7;0;1;0;0;0;
16561;202100010794;182 444;A01;1;7;13;0;3;1;1;
16562;202100010796;182 440;A01;2;7;0;2;2;15;1;
16563;202100010796;182 441;B01;1;7;0;0;2;1;1;
16564;202100010797;182 436;B01;3;7;0;0;1;19;1;
16565;202100010797;182 437;A01;2;33;0;0;7;1;1;
16566;202100010798;182 427;F01;1;7;0;2;1;2;1;
16567;202100010798;182 428;E01;1;7;0;2;1;2;1;
16568;202100010798;182 429;C01;1;7;0;2;1;2;1;
16569;202100010798;182 430;B01;1;7;0;0;4;1;1;
16570;202100010798;182 431;A01;1;7;0;2;1;2;1;
16571;202100010798;182 432;D01;1;7;0;2;1;2;3;
16572;202100010799;182 426;A01;1;7;13;0;2;12;1;
16573;202100010800;182 425;A01;2;7;0;0;3;1;1;
16574;202100010801;182 423;A01;2;7;0;0;7;15;1;
16575;202100010801;182 424;B01;2;13;0;2;3;1;1;
16576;202100010802;182 422;A01;2;33;9;0;1;1;1;
16577;202100010803;182 421;A01;2;33;13;0;0;1;1;
16578;202100010804;182 419;B01;0;7;0;2;1;1;1;
16579;202100010804;182 420;A01;3;7;3;2;3;9;6;
16580;202100010805;182 418;A01;1;7;0;1;3;1;1;
16581;202100010806;182 416;A01;1;43;0;2;1;1;1;
16582;202100010806;182 417;B01;2;7;0;2;3;11;1;
16583;202100010807;182 414;A01;1;7;0;2;2;1;1;
16584;202100010807;182 415;B01;3;1;0;2;3;19;5;
16585;202100010808;182 412;A01;1;7;0;2;2;1;1;
16586;202100010808;182 413;B01;1;21;0;2;6;1;1;
16587;202100010809;182 410;A01;0;7;0;0;5;1;1;
16588;202100010809;182 411;B01;2;31;0;2;1;1;1;
16589;202100010810;182 407;C01;1;1;0;2;1;1;5;
16590;202100010810;182 408;B01;1;1;0;2;1;1;5;
16591;202100010810;182 409;A01;2;7;0;9;3;15;1;
16592;202100010811;182 404;B01;3;33;0;2;1;1;1;
16593;202100010811;182 405;A01;3;7;0;2;2;15;1;
16594;202100010812;182 402;B01;3;31;0;2;7;19;1;
16595;202100010812;182 403;A01;1;7;0;2;2;1;1;
16596;202100010813;182 401;A01;2;7;0;1;0;16;1;
16597;202100010814;182 400;A01;1;7;9;1;1;13;1;
16598;202100010815;182 398;B01;1;10;0;2;1;1;1;
16599;202100010815;182 399;A01;2;10;0;2;1;13;1;
16600;202100010816;182 396;A01;1;7;0;2;6;15;1;
16601;202100010816;182 397;B01;1;33;0;2;1;17;1;
16602;202100010817;182 394;B01;3;1;0;2;8;12;6;
16603;202100010817;182 395;A01;0;7;0;9;1;11;1;
16604;202100010818;182 393;A01;3;7;0;1;4;4;1;
16605;202100010819;182 391;A01;1;10;0;2;2;2;1;
16606;202100010819;182 392;B01;1;7;16;0;4;15;1;
16607;202100010820;182 390;A01;1;7;0;0;1;1;1;
16608;202100010821;182 389;A01;3;7;0;1;1;15;1;
16609;202100010822;182 387;A01;1;7;0;2;4;1;1;
16610;202100010822;182 388;B01;1;7;0;2;2;2;2;
16611;202100010823;182 384;Z01;1;7;0;2;1;0;0;
16612;202100010823;182 385;B01;1;7;0;2;4;2;1;
16613;202100010823;182 386;A01;1;7;0;0;4;2;1;
16614;202100010825;182 378;D01;2;7;0;2;4;1;1;
16615;202100010825;182 379;B01;2;7;0;2;4;2;1;
16616;202100010825;182 380;C01;2;7;0;2;4;2;1;
16617;202100010825;182 381;A01;2;7;0;2;1;2;1;
16618;202100010826;182 375;A01;1;7;0;2;1;2;1;
16619;202100010826;182 376;B01;1;7;0;2;4;2;1;
16620;202100010826;182 377;C01;1;7;0;2;4;2;1;
16621;202100010827;182 373;B01;2;10;0;2;4;1;1;
16622;202100010827;182 374;A01;2;7;0;2;1;1;1;
16623;202100010828;182 371;A01;1;30;0;2;1;19;0;
16624;202100010828;182 372;B01;1;14;0;2;5;0;0;
16625;202100010829;182 369;B01;2;33;0;2;8;2;1;
16626;202100010829;182 370;A01;2;7;0;2;7;2;1;
16627;202100010830;182 366;C01;2;7;0;2;5;1;1;
16628;202100010830;182 367;B01;2;7;0;2;3;1;1;
16629;202100010830;182 368;A01;2;32;0;2;7;3;1;
16630;202100010831;182 365;A01;2;7;0;5;1;21;1;
16631;202100010832;182 363;B01;2;7;0;2;4;1;1;
16632;202100010832;182 364;A01;2;7;0;2;1;2;1;
16633;202100010833;182 361;B01;2;7;0;2;6;1;1;
16634;202100010833;182 362;A01;2;33;0;2;1;3;1;
16635;202100010835;182 358;A01;2;7;0;0;1;14;1;
16636;202100010836;182 356;B01;2;7;0;2;1;2;1;
16637;202100010836;182 357;A01;2;7;0;2;6;1;1;
16638;202100010837;182 354;A01;1;10;0;2;4;0;1;
16639;202100010837;182 355;B01;1;33;0;2;1;3;1;
16640;202100010839;182 351;A01;2;10;0;1;2;1;1;
16641;202100010840;182 349;A01;1;7;0;2;1;1;1;
16642;202100010840;182 350;B01;1;7;0;2;4;2;1;
16643;202100010841;182 347;A01;3;7;1;0;1;1;1;
16644;202100010841;182 348;B01;3;7;16;0;6;1;1;
16645;202100010842;182 345;B01;1;7;0;2;3;1;1;
16646;202100010842;182 346;A01;2;33;0;2;1;13;1;
16647;202100010843;182 343;A01;1;7;0;2;1;15;1;
16648;202100010843;182 344;B01;2;1;0;2;8;1;5;
16649;202100010844;182 342;A01;3;7;0;1;1;26;1;
16650;202100010845;182 340;B01;1;7;0;2;4;23;1;
16651;202100010845;182 341;A01;1;10;0;2;1;1;1;
16652;202100010847;182 337;A01;1;7;0;2;3;23;1;
16653;202100010847;182 338;B01;2;7;0;2;8;15;1;
16654;202100010848;182 335;B01;1;1;0;2;8;25;5;
16655;202100010848;182 336;A01;2;7;0;2;2;1;1;
16656;202100010849;182 333;B01;1;7;0;2;2;1;1;
16657;202100010849;182 334;A01;1;1;0;2;8;1;5;
16658;202100010850;182 331;A01;1;2;0;2;1;19;1;
16659;202100010850;182 332;B01;1;7;0;2;8;19;1;
16660;202100010851;182 330;A01;2;30;0;0;3;15;1;
16661;202100010852;182 329;A01;1;7;0;1;8;11;0;
16662;202100010853;182 327;Z01;2;7;0;2;1;1;3;
16663;202100010853;182 328;B01;1;7;0;2;4;1;1;
16664;202100010854;182 326;A01;2;7;0;1;1;16;1;
16665;202100010855;182 324;B01;1;7;0;2;8;1;1;
16666;202100010855;182 325;A01;1;7;0;2;1;1;1;
16667;202100010856;182 323;A01;2;2;0;0;8;16;1;
16668;202100010857;182 321;B01;1;7;0;2;1;1;1;
16669;202100010857;182 322;A01;1;7;0;2;1;15;1;
16670;202100010858;182 319;A01;1;7;0;2;1;9;1;
16671;202100010858;182 320;B01;1;7;0;2;7;1;1;
16672;202100010859;182 317;A01;2;7;0;2;2;15;1;
16673;202100010859;182 318;B01;2;32;0;2;1;1;1;
16674;202100010860;182 316;A01;2;7;0;1;5;26;1;
16675;202100010861;182 314;A01;0;14;0;2;5;1;1;
16676;202100010861;182 315;B01;0;7;0;2;1;15;1;
16677;202100010862;182 310;B01;3;7;0;2;3;1;1;
16678;202100010862;182 311;A01;3;7;0;2;3;13;1;
16679;202100010863;182 309;A01;3;7;0;1;2;1;1;
16680;202100010864;182 307;B01;1;2;0;2;4;1;1;
16681;202100010864;182 308;Z01;1;0;0;2;0;26;0;
16682;202100010865;182 305;A01;3;50;0;2;1;19;3;
16683;202100010865;182 306;B01;3;10;0;2;6;0;1;
16684;202100010866;182 303;A01;3;7;0;1;3;1;1;
16685;202100010866;182 304;B01;3;7;0;1;3;1;1;
16686;202100010867;182 301;B01;2;7;0;2;4;23;1;
16687;202100010867;182 302;A01;2;1;0;2;1;2;5;
16688;202100010868;182 299;A01;2;7;0;2;1;19;1;
16689;202100010868;182 300;B01;1;7;0;2;2;15;1;
16690;202100010869;182 298;A01;1;7;13;0;2;14;1;
16691;202100010870;182 296;A01;1;7;0;2;4;2;1;
16692;202100010870;182 297;B01;1;7;0;2;1;2;1;
16693;202100010871;182 295;A01;1;7;0;1;1;1;1;
16694;202100010873;182 291;B01;1;7;0;2;8;1;1;
16695;202100010873;182 292;A01;1;7;0;2;3;1;1;
16696;202100010875;182 287;A01;2;31;0;2;1;13;1;
16697;202100010875;182 288;B01;2;7;0;2;6;15;1;
16698;202100010876;182 285;A01;3;1;0;2;1;19;5;
16699;202100010876;182 286;B01;3;7;0;2;5;21;1;
16700;202100010878;182 282;A01;1;33;0;2;1;1;1;
16701;202100010878;182 283;B01;1;10;0;2;5;1;1;
16702;202100010879;182 281;A01;1;7;1;0;1;26;1;
16703;202100010880;182 280;A01;1;7;0;2;1;26;1;
16704;202100010881;182 278;A01;2;7;0;2;1;19;1;
16705;202100010881;182 279;B01;2;7;0;2;1;1;1;
16706;202100010882;182 276;A01;1;7;0;2;1;1;1;
16707;202100010882;182 277;B01;1;7;0;2;1;19;1;
16708;202100010883;182 274;A01;3;7;0;2;1;3;1;
16709;202100010883;182 275;B01;3;7;0;2;2;3;1;
16710;202100010884;182 273;A01;1;33;0;0;0;1;1;
16711;202100010885;182 272;A01;3;7;0;1;1;16;1;
16712;202100010886;182 270;A01;2;30;0;2;1;1;1;
16713;202100010886;182 271;B01;2;7;0;2;6;15;1;
16714;202100010887;182 268;B01;3;7;0;2;3;26;2;
16715;202100010887;182 269;A01;2;33;0;2;1;1;1;
16716;202100010888;182 266;A01;0;30;0;9;0;26;1;
16717;202100010888;182 267;Z01;3;7;0;0;0;0;2;
16718;202100010889;182 265;A01;1;7;0;1;1;1;1;
16719;202100010890;182 263;A01;1;30;0;2;1;1;1;
16720;202100010890;182 264;B01;1;10;0;2;4;1;1;
16721;202100010891;182 261;B01;3;33;0;2;1;1;1;
16722;202100010891;182 262;A01;3;38;0;2;1;15;1;1.0
16723;202100010892;182 258;C01;2;7;0;2;4;1;1;
16724;202100010892;182 259;A01;2;7;0;2;2;2;1;
16725;202100010892;182 260;B01;2;7;0;2;4;1;1;
16726;202100010893;182 256;A01;1;50;0;9;7;14;3;
16727;202100010893;182 257;B01;1;50;0;9;1;1;3;
16728;202100010894;182 254;B01;1;33;0;2;1;1;1;
16729;202100010894;182 255;A01;1;7;0;9;8;26;1;
16730;202100010895;182 252;B01;1;7;0;2;4;2;1;
16731;202100010895;182 253;A01;1;7;0;2;1;2;1;
16732;202100010896;182 250;B01;1;15;0;2;3;1;1;
16733;202100010896;182 251;A01;2;10;0;2;3;13;1;
16734;202100010897;182 248;B01;3;7;0;2;1;1;1;
16735;202100010897;182 249;A01;3;7;0;2;8;19;1;
16736;202100010898;182 247;A01;1;7;6;0;1;5;1;
16737;202100010899;182 245;B01;1;1;0;2;1;1;5;
16738;202100010899;182 246;A01;2;7;0;2;1;16;1;
16739;202100010901;182 243;A01;1;30;0;0;3;26;1;
16740;202100010902;182 241;B01;1;1;0;2;4;1;5;
16741;202100010902;182 242;A01;1;7;0;2;1;9;1;
16742;202100010903;182 239;A01;0;7;0;1;1;1;1;
16743;202100010904;182 237;A01;0;7;0;2;8;1;1;
16744;202100010904;182 238;B01;0;7;0;2;1;1;1;
16745;202100010905;182 236;A01;0;7;0;1;1;1;1;
16746;202100010906;182 235;A01;1;7;0;1;1;1;1;
16747;202100010907;182 233;B01;1;7;0;2;5;23;1;
16748;202100010907;182 234;A01;1;1;0;2;1;1;0;
16749;202100010908;182 232;A01;2;7;0;1;0;1;0;
16750;202100010909;182 230;B01;1;7;0;2;5;2;1;
16751;202100010909;182 231;A01;1;33;0;2;1;2;1;
16752;202100010910;182 228;A01;1;7;0;2;8;9;1;
16753;202100010910;182 229;B01;2;1;0;2;1;1;0;
16754;202100010911;182 226;B01;2;2;0;2;3;1;1;
16755;202100010911;182 227;A01;1;7;0;2;1;15;1;
16756;202100010912;182 224;A01;3;7;0;2;2;19;1;
16757;202100010912;182 225;B01;1;33;0;2;1;1;1;
16758;202100010913;182 221;B01;3;7;0;2;1;1;1;
16759;202100010913;182 222;C01;3;7;0;2;4;1;1;
16760;202100010913;182 223;A01;3;7;0;2;1;21;1;
16761;202100010914;182 219;B01;2;7;0;2;1;1;1;
16762;202100010914;182 220;A01;1;50;0;2;7;15;3;
16763;202100010915;182 217;B01;2;7;0;2;3;15;1;
16764;202100010915;182 218;A01;1;7;0;2;2;1;1;
16765;202100010917;182 210;A01;1;7;0;2;3;20;1;
16766;202100010917;182 211;B01;1;34;0;2;1;1;1;
16767;202100010919;182 206;B01;2;37;0;2;1;1;1;1.0
16768;202100010919;182 207;A01;1;7;0;2;1;1;1;
16769;202100010920;182 205;A01;1;33;0;0;3;21;1;
16770;202100010921;182 203;B01;3;7;0;0;3;0;1;
16771;202100010921;182 204;A01;2;37;0;2;2;26;1;2.0
16772;202100010922;182 202;B01;1;33;0;2;7;16;1;
16773;202100010923;182 200;B01;2;1;0;2;4;1;5;
16774;202100010923;182 201;A01;2;7;0;2;1;2;1;
16775;202100010924;182 198;A01;1;7;0;2;3;13;1;
16776;202100010924;182 199;B01;2;7;12;2;3;1;1;
16777;202100010925;182 196;A01;1;7;0;2;1;1;1;
16778;202100010925;182 197;B01;1;7;0;2;4;0;1;
16779;202100010926;182 195;A01;3;2;0;0;8;15;1;
16780;202100010927;182 194;SA01;1;30;12;0;2;1;1;
16781;202100010929;182 192;A01;2;32;0;0;7;3;1;
16782;202100010930;182 191;A01;1;10;0;1;1;1;3;
16783;202100010931;182 190;A01;3;33;14;0;7;13;1;
16784;202100010932;182 188;B01;2;7;0;2;4;7;1;
16785;202100010932;182 189;A01;2;7;0;2;1;7;1;
16786;202100010933;182 186;B01;1;7;0;2;3;1;1;
16787;202100010933;182 187;A01;2;50;0;2;1;15;3;
16788;202100010934;182 184;B01;1;7;0;2;8;1;1;
16789;202100010934;182 185;A01;2;50;0;2;1;1;3;
16790;202100010935;182 182;A01;3;2;0;2;7;17;1;
16791;202100010935;182 183;B01;3;32;0;2;7;1;1;
16792;202100010937;182 176;A01;2;7;0;2;3;13;1;
16793;202100010937;182 177;B01;2;30;0;2;2;17;1;
16794;202100010938;182 174;A01;2;7;0;2;1;13;1;
16795;202100010938;182 175;B01;1;1;0;2;1;1;5;
16796;202100010939;182 172;A01;1;32;0;2;1;17;1;
16797;202100010939;182 173;B01;1;7;0;2;3;15;2;
16798;202100010940;182 170;A01;2;7;0;2;0;15;1;
16799;202100010940;182 171;B01;2;50;0;2;0;21;3;
16800;202100010943;182 165;B01;1;7;0;2;3;1;1;
16801;202100010943;182 166;A01;2;7;0;2;2;1;1;
16802;202100010944;182 163;A01;1;7;0;2;1;0;1;
16803;202100010944;182 164;B01;1;7;0;2;4;0;1;
16804;202100010945;182 161;A01;2;7;0;2;8;15;1;
16805;202100010945;182 162;B01;2;30;0;2;1;17;1;
16806;202100010946;182 159;B01;2;7;9;2;1;2;1;
16807;202100010946;182 160;A01;3;7;9;1;8;15;1;
16808;202100010947;182 157;B01;-1;1;0;2;7;25;5;
16809;202100010947;182 158;A01;3;7;0;2;1;9;1;
16810;202100010949;182 154;B01;1;7;0;2;1;15;1;
16811;202100010949;182 155;A01;1;30;0;2;1;2;0;
16812;202100010950;182 152;B01;1;50;0;2;0;1;3;
16813;202100010950;182 153;A01;1;14;0;2;7;16;1;
16814;202100010951;182 151;A01;1;30;0;0;0;1;1;
16815;202100010952;182 149;B01;2;30;0;2;8;1;1;
16816;202100010952;182 150;A01;1;7;0;2;2;15;1;
16817;202100010953;182 148;A01;3;7;0;1;1;1;1;
16818;202100010954;182 147;A01;1;7;0;1;1;1;1;
16819;202100010955;182 145;A01;1;7;0;2;7;15;1;
16820;202100010955;182 146;B01;2;33;0;2;1;1;1;
16821;202100010956;182 143;B01;2;30;0;2;1;1;1;
16822;202100010956;182 144;A01;2;7;0;2;5;15;1;
16823;202100010957;182 142;A01;2;15;1;0;2;11;1;
16824;202100010958;182 139;B01;1;7;8;2;1;17;1;
16825;202100010958;182 140;A01;1;33;0;2;3;15;1;
16826;202100010959;182 137;A01;2;7;0;0;3;15;1;
16827;202100010959;182 138;B01;1;32;0;0;8;1;1;
16828;202100010960;182 135;A01;3;7;0;2;3;1;1;
16829;202100010960;182 136;B01;3;1;0;2;1;1;5;
16830;202100010961;182 133;B01;1;33;0;2;2;1;1;
16831;202100010961;182 134;A01;2;7;0;2;2;17;1;
16832;202100010962;182 131;A01;1;0;0;0;5;15;0;
16833;202100010962;182 132;B01;2;33;0;2;1;1;6;
16834;202100010963;182 129;A01;1;7;0;2;3;15;1;
16835;202100010963;182 130;B01;2;34;0;2;1;17;1;
16836;202100010964;182 127;A01;2;13;0;9;2;17;1;
16837;202100010964;182 128;B01;2;1;0;0;4;1;5;
16838;202100010966;182 122;B01;1;10;0;2;1;1;1;
16839;202100010966;182 123;A01;2;7;0;2;1;5;1;
16840;202100010967;182 120;B01;1;7;0;2;3;15;1;
16841;202100010967;182 121;A01;1;33;5;2;1;17;1;
16842;202100010968;182 118;A01;2;7;0;2;2;15;1;
16843;202100010968;182 119;B01;1;2;0;2;1;1;1;
16844;202100010969;182 116;B01;1;7;0;2;4;2;1;
16845;202100010969;182 117;A01;1;7;0;2;1;2;1;
16846;202100010970;182 115;A01;2;10;0;1;2;1;1;
16847;202100010971;182 114;A01;1;7;2;0;3;13;1;
16848;202100010972;182 113;A01;2;7;13;0;2;26;1;
16849;202100010973;182 111;B01;1;7;0;2;1;1;1;
16850;202100010973;182 112;A01;2;7;0;2;1;5;1;
16851;202100010974;182 110;A01;1;7;0;5;3;1;1;
16852;202100010975;182 109;A01;2;7;1;1;7;1;1;
16853;202100010976;182 108;A01;3;36;13;0;1;24;1;
16854;202100010977;182 106;B01;1;33;0;2;8;1;1;
16855;202100010977;182 107;A01;2;7;0;2;2;15;1;
16856;202100010978;182 104;B01;1;1;0;2;7;1;5;
16857;202100010978;182 105;A01;1;7;0;9;1;2;1;
16858;202100010979;182 102;A01;2;10;0;9;2;20;1;
16859;202100010979;182 103;B01;2;1;0;2;1;9;5;
16860;202100010980;182 101;A01;2;7;0;1;5;1;1;
16861;202100010981;182 098;A01;1;7;13;0;2;1;1;
16862;202100010982;182 096;A01;1;33;0;2;1;17;1;
16863;202100010982;182 097;B01;1;7;0;2;3;15;2;
16864;202100010983;182 095;A01;1;2;0;0;2;1;1;
16865;202100010985;182 092;A01;2;7;0;2;3;1;1;
16866;202100010985;182 093;B01;3;10;0;2;2;19;1;
16867;202100010986;182 090;B01;1;7;0;2;1;2;1;
16868;202100010986;182 091;A01;1;7;0;0;4;2;1;
16869;202100010987;182 088;A01;2;7;0;2;3;17;1;
16870;202100010987;182 089;B01;1;33;0;2;1;1;1;
16871;202100010988;182 087;A01;3;10;0;0;2;0;0;
16872;202100010989;182 085;C01;0;60;0;1;1;0;-1;
16873;202100010989;182 086;A01;1;7;0;1;3;26;1;
16874;202100010991;182 081;B01;2;7;0;2;1;1;1;
16875;202100010991;182 082;A01;3;7;0;2;3;15;1;
16876;202100010992;182 079;A01;2;7;0;2;1;13;1;
16877;202100010992;182 080;B01;1;99;0;2;3;1;1;
16878;202100010993;182 074;D01;1;10;0;0;7;1;1;
16879;202100010993;182 075;C01;1;7;0;0;8;1;1;
16880;202100010993;182 076;B01;1;7;0;0;5;1;2;
16881;202100010993;182 077;A01;1;7;3;2;3;2;1;