;Num_Acc;id_vehicule;num_veh;senc;catv;obs;obsm;choc;manv;motor;occutc
16882;202100010993;182 078;E01;1;7;0;0;5;1;1;
16883;202100010994;182 073;A01;2;7;3;0;1;21;1;
16884;202100010995;182 072;A01;1;10;17;0;1;1;1;
16885;202100010996;182 070;B01;0;1;0;2;1;9;5;
16886;202100010996;182 071;A01;0;7;0;2;3;0;1;
16887;202100010997;182 069;A01;0;10;0;0;0;0;1;
16888;202100010998;182 067;A01;2;7;0;2;3;0;3;
16889;202100010998;182 068;B01;1;33;0;2;1;0;1;
16890;202100010999;182 065;A01;3;2;0;2;2;1;1;
16891;202100010999;182 066;B01;3;10;0;2;3;9;1;
16892;202100011000;182 062;A01;2;10;0;9;2;2;1;
16893;202100011000;182 063;B01;1;1;0;0;4;2;5;
16894;202100011000;182 064;C01;1;1;0;0;4;2;5;
16895;202100011001;182 060;A01;1;7;4;2;2;1;1;
16896;202100011001;182 061;B01;1;15;0;2;3;1;1;
16897;202100011002;182 059;A01;1;7;2;0;8;1;1;
16898;202100011004;182 056;A01;0;2;8;0;1;1;1;
16899;202100011005;182 055;A01;2;2;12;0;0;1;1;
16900;202100011006;182 053;A01;2;10;0;2;3;17;1;
16901;202100011006;182 054;B01;2;33;0;2;7;17;1;
16902;202100011007;182 052;A01;1;7;0;1;2;16;1;
16903;202100011008;182 051;A01;0;7;0;1;5;4;1;
16904;202100011009;182 049;A01;1;7;0;2;1;1;1;
16905;202100011009;182 050;B01;2;7;0;2;3;1;1;
16906;202100011010;182 047;A01;0;10;0;2;7;15;1;
16907;202100011010;182 048;B01;0;31;0;2;1;1;1;
16908;202100011011;182 046;A01;3;7;1;0;1;1;1;
16909;202100011012;182 045;A01;2;10;0;1;1;21;1;
16910;202100011013;182 044;A01;1;15;3;0;7;0;1;
16911;202100011014;182 043;A01;0;7;8;0;1;1;1;
16912;202100011015;182 042;A01;3;10;0;1;2;1;1;
16913;202100011016;182 041;A01;1;7;3;0;3;1;1;
16914;202100011018;182 036;A01;1;7;0;2;1;1;1;
16915;202100011018;182 037;B01;1;7;0;2;9;1;1;
16916;202100011018;182 038;C01;1;7;0;0;1;1;1;
16917;202100011019;182 034;B01;1;10;0;2;1;2;1;
16918;202100011019;182 035;A01;1;7;0;2;4;1;1;
16919;202100011020;182 027;A01;2;7;0;2;4;2;1;
16920;202100011020;182 028;B01;2;7;0;2;4;2;1;
16921;202100011020;182 029;C01;2;7;0;2;1;2;1;
16922;202100011021;182 024;B01;2;7;0;2;4;11;1;
16923;202100011021;182 025;A01;2;7;0;2;1;1;1;
16924;202100011021;182 026;C01;2;7;3;2;9;1;1;
16925;202100011022;182 022;B01;2;7;0;2;6;1;1;
16926;202100011022;182 023;A01;2;33;0;2;1;3;1;
16927;202100011023;182 019;C01;1;17;0;2;4;2;1;
16928;202100011023;182 020;B01;1;7;0;2;4;2;1;
16929;202100011023;182 021;A01;1;17;0;2;1;2;1;
16930;202100011024;182 017;B01;2;7;0;0;4;11;1;
16931;202100011024;182 018;A01;2;33;0;2;1;1;1;
16932;202100011025;182 015;B01;2;7;0;2;5;1;1;
16933;202100011025;182 016;A01;2;33;0;2;1;1;1;
16934;202100011026;182 014;A01;2;32;0;2;0;1;1;
16935;202100011027;182 012;B01;1;7;0;2;4;2;1;
16936;202100011027;182 013;A01;3;33;0;2;1;2;1;
16937;202100011028;182 011;A01;2;7;4;0;3;21;1;
16938;202100011029;182 008;Z01;2;7;0;2;0;12;0;
16939;202100011029;182 009;B01;2;10;0;2;8;1;1;
16940;202100011029;182 010;A01;2;33;0;2;8;1;1;
16941;202100011030;182 006;A01;2;7;0;2;1;1;1;
16942;202100011030;182 007;B01;2;10;0;2;4;1;1;
16943;202100011031;182 004;A01;1;17;0;2;2;12;1;
16944;202100011031;182 005;B01;1;7;0;2;6;1;1;
16945;202100011032;182 001;A01;1;10;0;2;6;23;1;
16946;202100011032;182 002;B01;1;7;1;0;2;1;1;
16947;202100011032;182 003;C01;1;7;0;2;2;1;1;
16948;202100011033;181 999;B01;1;7;0;2;4;0;1;
16949;202100011033;182 000;A01;1;43;0;2;0;0;1;
16950;202100011034;181 996;A01;2;33;0;2;8;3;1;
16951;202100011034;181 997;B01;2;7;0;2;2;18;1;
16952;202100011034;181 998;C01;2;7;0;2;4;1;1;
16953;202100011035;181 993;Z01;2;13;0;2;1;2;0;
16954;202100011035;181 994;B01;2;31;0;2;7;1;1;
16955;202100011035;181 995;A01;2;7;0;2;4;2;1;
16956;202100011036;181 991;B01;1;17;0;0;6;1;1;
16957;202100011036;181 992;A01;1;10;0;2;1;26;1;
16958;202100011038;181 986;B01;2;33;0;2;2;1;1;
16959;202100011038;181 987;A01;2;7;0;2;6;11;1;
16960;202100011039;181 985;A01;2;33;9;1;1;1;0;
16961;202100011040;181 983;A01;1;1;0;2;6;20;5;
16962;202100011040;181 984;B01;1;7;12;0;0;0;1;
16963;202100011041;181 982;A01;1;7;0;1;3;1;1;
16964;202100011042;181 981;A01;2;1;0;1;1;1;5;
16965;202100011043;181 979;A01;2;7;0;2;1;1;1;
16966;202100011043;181 980;B01;1;30;0;2;4;0;1;
16967;202100011044;181 978;A01;3;7;0;1;3;1;1;
16968;202100011045;181 977;A01;3;50;0;1;2;16;3;
16969;202100011046;181 976;A01;2;1;0;1;1;15;5;
16970;202100011047;181 975;A01;2;7;0;1;2;1;1;
16971;202100011048;181 973;B01;3;10;0;2;3;24;1;
16972;202100011048;181 974;A01;3;7;0;2;3;13;1;
16973;202100011049;181 971;A01;3;50;0;2;3;1;3;
16974;202100011049;181 972;B01;3;7;0;9;3;0;0;
16975;202100011050;181 969;A01;3;7;0;2;3;15;1;
16976;202100011050;181 970;B01;3;30;0;2;7;1;1;
16977;202100011052;181 966;A01;1;7;0;2;1;5;1;
16978;202100011052;181 967;B01;2;7;0;2;1;1;1;
16979;202100011053;181 964;A01;3;7;0;2;3;9;1;
16980;202100011053;181 965;B01;1;7;0;2;1;1;1;
16981;202100011054;181 963;A01;2;7;8;0;1;9;1;
16982;202100011055;181 961;A01;1;33;0;2;7;1;1;
16983;202100011055;181 962;B01;3;7;0;2;1;9;0;
16984;202100011056;181 959;A01;1;30;0;0;0;26;3;
16985;202100011056;181 960;B01;1;7;0;0;0;16;1;
16986;202100011057;181 957;A01;1;7;0;2;7;16;1;
16987;202100011057;181 958;B01;3;80;0;2;8;16;3;
16988;202100011058;181 955;A01;1;30;0;2;1;2;1;
16989;202100011058;181 956;B01;1;7;0;2;4;2;1;
16990;202100011060;181 951;A01;1;7;0;2;2;9;1;
16991;202100011060;181 952;B01;1;7;9;2;3;1;1;
16992;202100011061;181 950;A01;1;7;8;0;8;14;1;
16993;202100011062;181 948;A01;1;7;0;2;1;2;1;
16994;202100011062;181 949;B01;1;7;0;2;4;2;1;
16995;202100011063;181 947;A01;1;7;0;1;2;1;1;
16996;202100011064;181 946;A01;0;7;8;0;3;13;1;
16997;202100011065;181 945;Z01;3;7;0;1;0;0;0;
16998;202100011066;181 943;A01;3;7;0;2;8;11;1;
16999;202100011066;181 944;B01;3;7;0;2;3;1;1;
17000;202100011067;181 941;A01;1;7;0;2;3;13;1;
17001;202100011067;181 942;B01;2;7;0;2;3;1;1;
17002;202100011068;181 939;A01;2;7;0;2;4;23;1;
17003;202100011068;181 940;B01;2;10;14;0;1;1;1;
17004;202100011069;181 938;A01;1;7;1;0;9;5;1;
17005;202100011070;181 936;B01;1;1;0;2;4;1;5;
17006;202100011070;181 937;Z01;2;10;0;2;1;15;1;
17007;202100011071;181 935;A01;1;7;0;1;2;17;1;
17008;202100011072;181 933;B01;2;1;0;4;1;1;5;
17009;202100011072;181 934;A01;1;40;0;2;2;1;3;
17010;202100011073;181 931;A01;2;10;0;2;4;4;1;
17011;202100011073;181 932;B01;2;32;0;2;1;1;1;
17012;202100011074;181 929;B01;1;7;0;2;3;15;1;
17013;202100011074;181 930;A01;2;30;0;2;3;5;1;
17014;202100011075;181 927;A01;2;7;8;2;1;19;1;
17015;202100011075;181 928;B01;1;7;14;2;3;0;1;
17016;202100011077;181 924;B01;1;1;0;2;8;2;5;
17017;202100011077;181 925;A01;1;7;0;2;7;14;0;
17018;202100011078;181 923;A01;1;7;0;1;1;1;1;
17019;202100011079;181 921;B01;3;7;0;2;1;1;2;
17020;202100011079;181 922;A01;3;7;0;2;8;9;1;
17021;202100011080;181 920;A01;1;7;0;1;1;1;1;
17022;202100011081;181 919;A01;2;30;0;0;0;1;1;
17023;202100011082;181 917;B01;3;1;0;2;1;1;5;
17024;202100011082;181 918;A01;1;7;0;2;8;9;1;
17025;202100011083;181 915;B01;2;50;0;2;7;1;3;
17026;202100011083;181 916;A01;2;7;0;2;2;9;1;
17027;202100011084;181 914;A01;1;7;0;1;2;1;2;
17028;202100011085;181 912;A01;1;2;0;2;1;2;1;
17029;202100011085;181 913;B01;1;7;0;9;4;2;1;
17030;202100011086;181 910;A01;1;7;0;2;8;9;1;
17031;202100011086;181 911;B01;1;10;0;2;2;1;1;
17032;202100011087;181 909;A01;3;7;0;1;1;16;1;
17033;202100011088;181 907;B01;1;31;0;2;1;1;0;
17034;202100011088;181 908;A01;2;7;0;2;1;15;1;
17035;202100011089;181 906;A01;-1;31;12;0;1;1;1;
17036;202100011090;181 904;B01;1;1;0;2;1;1;5;
17037;202100011090;181 905;A01;1;7;0;2;6;9;1;
17038;202100011091;181 902;A01;1;7;0;2;1;2;1;
17039;202100011091;181 903;B01;1;7;0;2;4;23;1;
17040;202100011092;181 900;A01;1;7;0;2;0;9;1;
17041;202100011092;181 901;B01;3;1;0;2;7;9;5;
17042;202100011093;181 898;A01;2;7;0;2;3;15;0;
17043;202100011093;181 899;B01;1;31;0;2;1;17;0;
17044;202100011094;181 897;A01;2;10;0;1;0;1;1;
17045;202100011095;181 895;A01;1;7;0;2;1;15;1;
17046;202100011095;181 896;B01;1;1;0;2;1;1;5;
17047;202100011096;181 893;B01;3;7;0;2;6;1;1;
17048;202100011096;181 894;A01;3;7;0;2;2;1;1;
17049;202100011098;181 890;B01;2;50;0;2;1;19;3;
17050;202100011098;181 891;A01;2;7;0;2;3;15;1;
17051;202100011099;181 888;A01;1;7;0;2;3;10;2;
17052;202100011099;181 889;B01;1;7;0;2;2;17;1;
17053;202100011100;181 887;A01;3;10;0;1;2;15;1;
17054;202100011103;181 881;B01;1;7;0;2;3;15;0;
17055;202100011103;181 882;A01;2;32;0;2;2;13;1;
17056;202100011104;181 880;A01;1;7;1;0;2;14;1;
17057;202100011105;181 878;A01;1;7;0;2;4;2;1;
17058;202100011105;181 879;B01;1;7;0;2;1;2;1;
17059;202100011106;181 877;A01;3;1;0;0;0;0;5;
17060;202100011107;181 875;A01;1;30;0;2;1;1;1;
17061;202100011107;181 876;B01;1;10;0;2;4;1;1;
17062;202100011108;181 873;A01;2;7;0;2;6;2;1;
17063;202100011108;181 874;Z01;2;7;0;2;2;2;0;
17064;202100011109;181 872;A01;1;10;0;1;3;15;1;
17065;202100011110;181 870;A01;1;1;0;2;1;1;5;
17066;202100011110;181 871;Z01;2;1;0;2;1;13;5;
17067;202100011111;181 869;A01;1;30;0;1;1;1;3;
17068;202100011112;181 868;A01;1;33;0;1;2;25;1;
17069;202100011113;181 866;B01;1;14;0;2;2;1;1;
17070;202100011113;181 867;A01;1;7;0;2;3;22;1;
17071;202100011114;181 865;A01;1;7;0;1;8;1;2;
17072;202100011115;181 864;A01;1;30;0;1;1;1;1;
17073;202100011116;181 863;Z01;1;10;0;1;4;20;0;
17074;202100011118;181 860;B01;3;34;0;2;1;1;1;
17075;202100011118;181 861;A01;3;7;0;2;7;1;1;
17076;202100011119;181 859;A01;1;43;0;0;0;1;1;
17077;202100011120;181 857;B01;2;50;0;2;3;1;3;
17078;202100011120;181 858;A01;2;7;14;0;3;9;1;
17079;202100011121;181 855;A01;2;7;0;0;0;0;1;
17080;202100011121;181 856;B01;1;7;0;2;7;15;1;
17081;202100011122;181 853;B01;2;7;0;2;6;15;1;
17082;202100011122;181 854;A01;2;33;0;2;2;15;1;
17083;202100011123;181 852;A01;3;7;0;1;1;1;1;
17084;202100011124;181 849;A01;2;7;14;0;1;2;1;
17085;202100011124;181 850;B01;2;7;0;2;4;23;1;
17086;202100011124;181 851;C01;2;7;0;2;4;23;1;
17087;202100011125;181 847;A01;0;7;0;2;3;1;2;
17088;202100011125;181 848;B01;0;10;0;2;9;1;1;
17089;202100011126;181 845;B01;1;34;14;2;2;26;1;
17090;202100011126;181 846;A01;1;7;0;2;2;19;1;
17091;202100011127;181 843;A01;2;7;0;0;3;11;1;
17092;202100011127;181 844;B01;2;33;0;0;2;17;1;
17093;202100011128;181 842;A01;-1;7;0;1;3;1;1;
17094;202100011129;181 841;A01;1;10;0;1;1;15;1;
17095;202100011130;181 839;B01;1;33;0;2;1;1;1;
17096;202100011130;181 840;A01;1;10;0;2;3;16;1;
17097;202100011131;181 837;A01;0;7;0;0;0;21;2;
17098;202100011131;181 838;B01;0;1;0;0;0;0;0;
17099;202100011132;181 835;A01;1;14;0;2;5;15;1;
17100;202100011132;181 836;B01;3;32;0;2;2;1;1;
17101;202100011133;181 833;A01;2;7;0;2;2;16;1;
17102;202100011133;181 834;B01;2;32;0;2;8;1;1;
17103;202100011134;181 831;A01;2;34;0;2;1;16;1;
17104;202100011134;181 832;B01;1;7;0;2;2;1;2;
17105;202100011135;181 829;B01;1;7;0;2;4;9;0;
17106;202100011135;181 830;A01;2;7;0;2;1;2;3;
17107;202100011136;181 827;A01;2;7;0;2;1;13;1;
17108;202100011136;181 828;B01;1;7;0;2;1;1;1;
17109;202100011137;181 826;A01;2;7;0;1;1;1;1;
17110;202100011138;181 824;B01;1;7;0;0;1;1;1;
17111;202100011138;181 825;A01;2;7;0;2;1;13;1;
17112;202100011139;181 821;A01;2;33;0;2;1;5;0;
17113;202100011139;181 822;B01;1;7;0;2;6;1;1;
17114;202100011139;181 823;C01;1;7;0;2;1;1;1;
17115;202100011140;181 819;B01;1;2;0;2;1;1;1;
17116;202100011140;181 820;A01;1;2;0;2;3;15;1;
17117;202100011141;181 818;A01;2;15;3;0;2;1;1;
17118;202100011142;181 817;A01;1;7;3;0;2;1;1;
17119;202100011143;181 815;B01;1;2;0;2;1;2;1;
17120;202100011143;181 816;A01;1;7;0;2;4;0;1;
17121;202100011144;181 813;B01;2;7;15;0;7;1;1;
17122;202100011144;181 814;A01;1;7;6;0;3;5;1;
17123;202100011145;181 809;A01;1;7;11;2;7;6;1;
17124;202100011145;181 810;B01;1;7;6;2;8;2;1;
17125;202100011146;181 808;A01;0;7;13;0;9;1;1;
17126;202100011147;181 806;A01;1;7;0;5;4;26;1;
17127;202100011147;181 807;B01;1;7;0;2;1;1;1;
17128;202100011149;181 801;B01;2;1;0;2;1;0;5;
17129;202100011149;181 802;A01;2;7;0;9;7;1;1;
17130;202100011150;181 800;A01;2;7;0;0;1;1;1;
17131;202100011151;181 799;A01;0;7;0;0;9;1;1;
17132;202100011152;181 798;A01;1;14;3;0;8;1;1;
17133;202100011153;181 796;B01;1;1;0;0;8;16;5;
17134;202100011153;181 797;A01;2;7;0;2;3;15;1;
17135;202100011154;181 794;B01;3;33;0;2;1;1;1;
17136;202100011154;181 795;A01;3;7;0;0;7;15;1;
17137;202100011155;181 793;A01;2;7;13;0;2;1;1;
17138;202100011156;181 792;A01;1;10;6;0;2;0;1;
17139;202100011157;181 790;A01;2;10;0;2;8;19;1;
17140;202100011157;181 791;B01;2;33;0;2;1;1;1;
17141;202100011158;181 788;B01;1;7;0;2;7;1;1;
17142;202100011158;181 789;A01;3;7;0;2;3;9;1;
17143;202100011159;181 784;A01;1;2;0;2;1;17;1;
17144;202100011159;181 785;B01;2;2;0;2;1;1;1;
17145;202100011160;181 782;B01;2;1;0;2;1;1;5;
17146;202100011160;181 783;A01;1;3;0;2;1;15;1;
17147;202100011161;181 781;A01;2;33;0;0;8;17;1;
17148;202100011162;181 779;B01;2;15;0;2;2;13;1;
17149;202100011162;181 780;A01;1;7;0;2;1;5;1;
17150;202100011163;181 777;B01;2;7;13;2;3;1;1;
17151;202100011163;181 778;A01;1;33;0;2;9;1;1;
17152;202100011164;181 775;A01;2;17;0;0;3;16;1;
17153;202100011165;181 773;B01;0;7;0;2;8;15;1;
17154;202100011165;181 774;A01;3;14;0;2;2;1;6;
17155;202100011166;181 771;B01;2;7;0;2;3;23;1;
17156;202100011166;181 772;A01;2;33;0;2;8;1;1;
17157;202100011167;181 769;B01;2;17;0;2;3;1;1;
17158;202100011167;181 770;A01;1;10;0;2;1;13;1;
17159;202100011168;181 767;A01;3;2;0;9;2;13;1;
17160;202100011168;181 768;B01;3;1;0;2;1;1;6;
17161;202100011169;181 765;A01;1;7;0;2;7;2;1;
17162;202100011169;181 766;B01;1;80;0;2;8;2;3;
17163;202100011171;181 761;A01;2;7;0;2;2;1;1;
17164;202100011171;181 762;B01;1;33;0;2;1;16;1;
17165;202100011172;181 759;A01;2;10;0;2;1;1;1;
17166;202100011172;181 760;B01;2;7;0;2;3;1;1;
17167;202100011173;181 757;A01;2;7;0;0;3;15;1;
17168;202100011173;181 758;B01;1;1;0;2;8;1;5;
17169;202100011174;181 755;A01;1;7;0;2;2;2;1;
17170;202100011174;181 756;B01;1;14;0;0;5;2;1;
17171;202100011175;181 753;B01;2;7;3;2;2;13;1;
17172;202100011175;181 754;A01;1;7;3;2;1;1;1;
17173;202100011176;181 752;A01;2;7;0;1;3;2;1;
17174;202100011177;181 751;A01;1;7;6;0;1;1;1;
17175;202100011178;181 750;A01;2;7;14;0;1;1;1;
17176;202100011179;181 749;A01;1;33;0;0;0;16;1;
17177;202100011180;181 744;E01;1;10;0;2;1;2;1;
17178;202100011180;181 745;D01;1;10;0;2;4;2;1;
17179;202100011180;181 746;C01;1;7;0;2;4;1;1;
17180;202100011180;181 747;B01;1;10;0;2;4;2;1;
17181;202100011180;181 748;A01;1;7;0;2;4;1;1;
17182;202100011182;181 742;A01;1;7;4;0;1;2;1;
17183;202100011183;181 741;A01;3;33;0;0;1;1;1;
17184;202100011184;181 738;C01;0;7;0;0;0;1;1;
17185;202100011184;181 739;B01;0;7;0;0;0;1;1;
17186;202100011184;181 740;A01;0;31;0;0;0;3;1;
17187;202100011185;181 736;A01;2;31;0;2;1;3;1;
17188;202100011185;181 737;B01;2;7;0;2;4;1;1;
17189;202100011187;181 733;A01;2;7;0;1;1;16;1;
17190;202100011187;181 734;B01;3;50;0;2;1;26;3;
17191;202100011188;181 731;B01;3;3;0;0;5;1;1;
17192;202100011188;181 732;A01;1;3;0;0;1;1;1;
17193;202100011189;181 730;A01;1;7;2;0;1;13;1;
17194;202100011190;181 728;B01;2;7;0;2;1;9;3;
17195;202100011190;181 729;A01;2;7;0;2;1;13;1;
17196;202100011191;181 727;A01;2;7;14;0;1;26;1;
17197;202100011193;181 723;A01;1;7;9;2;2;1;1;
17198;202100011193;181 724;B01;2;7;0;2;1;1;1;
17199;202100011195;181 718;A01;1;31;1;2;1;17;1;
17200;202100011195;181 719;B01;1;7;0;2;5;15;1;
17201;202100011197;181 716;A01;0;7;1;1;1;20;1;
17202;202100011198;181 714;A01;3;50;0;2;1;1;3;
17203;202100011198;181 715;B01;3;7;0;2;0;1;1;
17204;202100011199;181 713;A01;2;30;0;1;1;1;1;
17205;202100011200;181 712;A01;2;7;0;1;2;15;1;
17206;202100011201;181 711;A01;2;7;1;0;2;14;1;
17207;202100011203;181 707;B01;1;7;0;2;1;1;1;
17208;202100011203;181 708;A01;1;7;0;2;3;1;1;
17209;202100011204;181 706;A01;1;7;0;1;2;1;1;
17210;202100011205;181 704;B01;3;31;0;2;0;1;1;
17211;202100011205;181 705;A01;3;7;0;2;0;15;1;
17212;202100011207;181 700;A01;3;7;0;2;3;15;1;
17213;202100011207;181 701;B01;3;50;0;2;2;1;3;
17214;202100011208;181 698;A01;2;7;0;2;1;1;1;
17215;202100011208;181 699;B01;1;1;0;2;1;13;5;
17216;202100011210;181 694;A01;3;50;0;2;1;19;3;
17217;202100011210;181 695;B01;1;7;0;2;1;1;1;
17218;202100011211;181 692;B01;0;2;0;2;1;1;1;
17219;202100011211;181 693;A01;0;7;0;2;1;1;1;
17220;202100011212;181 691;A01;1;7;0;1;2;1;1;
17221;202100011213;181 689;B01;0;7;0;2;3;1;1;
17222;202100011213;181 690;A01;0;30;0;2;1;19;1;
17223;202100011214;181 686;A01;1;7;0;2;9;18;1;
17224;202100011214;181 687;B01;1;7;0;2;5;2;1;
17225;202100011214;181 688;C01;1;7;0;2;6;0;1;
17226;202100011215;181 684;A01;3;7;0;2;2;9;1;
17227;202100011215;181 685;B01;3;33;0;2;1;1;1;
17228;202100011216;181 682;A01;0;7;0;2;6;19;2;
17229;202100011216;181 683;B01;1;50;0;2;1;1;3;
17230;202100011218;181 679;A01;2;7;12;0;3;20;1;
17231;202100011218;181 680;B01;2;50;0;2;0;1;3;
17232;202100011219;181 678;A01;1;7;8;0;0;0;1;
17233;202100011220;181 677;A01;2;7;0;1;3;1;1;
17234;202100011221;181 675;A01;1;7;0;2;2;26;1;
17235;202100011221;181 676;B01;1;33;0;2;1;15;0;
17236;202100011222;181 674;A01;2;7;13;0;9;1;1;
17237;202100011223;181 672;A01;2;7;0;2;4;9;1;
17238;202100011223;181 673;B01;2;33;0;2;5;9;1;
17239;202100011224;181 670;B01;0;33;0;2;8;1;1;
17240;202100011224;181 671;A01;3;7;0;2;1;23;1;
17241;202100011225;181 666;B01;3;7;0;2;3;1;1;
17242;202100011225;181 667;A01;3;7;0;2;3;1;1;
17243;202100011226;181 664;B01;2;7;0;2;1;1;1;
17244;202100011226;181 665;A01;1;7;0;2;1;15;1;
17245;202100011227;181 663;A01;0;7;6;0;1;10;1;
17246;202100011228;181 661;A01;1;10;0;9;1;9;0;
17247;202100011228;181 662;V01;3;1;0;2;4;19;5;
17248;202100011229;181 659;A01;2;15;0;2;3;1;1;
17249;202100011229;181 660;B01;2;7;0;2;5;12;1;
17250;202100011230;181 658;A01;1;7;4;0;2;14;1;
17251;202100011231;181 657;A01;1;7;0;1;2;16;1;
17252;202100011232;181 655;A01;2;7;0;2;3;13;1;
17253;202100011232;181 656;B01;2;30;0;2;7;5;1;
17254;202100011233;181 653;A01;1;32;0;2;2;1;1;
17255;202100011233;181 654;B01;1;1;0;2;1;1;5;
17256;202100011234;181 651;A01;1;33;0;2;1;5;1;
17257;202100011234;181 652;B01;1;30;0;2;8;5;1;
17258;202100011235;181 649;A01;2;50;0;2;0;16;3;
17259;202100011235;181 650;B01;3;43;0;2;2;1;1;
17260;202100011236;181 647;A01;1;7;0;2;2;2;1;
17261;202100011236;181 648;B01;1;30;0;2;4;23;1;
17262;202100011237;181 646;A01;1;43;0;1;1;16;1;
17263;202100011238;181 644;A01;1;32;0;2;1;1;1;
17264;202100011238;181 645;B01;1;7;0;2;7;15;2;
17265;202100011239;181 642;A01;1;30;0;2;7;18;1;
17266;202100011239;181 643;B01;1;7;0;2;7;16;1;
17267;202100011240;181 640;A01;3;1;0;2;6;1;5;
17268;202100011240;181 641;Z01;3;7;0;2;1;15;0;
17269;202100011241;181 639;Z01;1;10;0;1;1;1;1;
17270;202100011243;181 635;B01;1;1;0;2;1;1;5;
17271;202100011243;181 636;A01;1;7;0;2;3;15;2;
17272;202100011244;181 633;Z01;2;1;0;2;0;13;5;
17273;202100011244;181 634;A01;1;1;0;2;1;1;5;
17274;202100011245;181 632;A01;2;7;0;1;2;1;1;
17275;202100011247;181 629;A01;3;7;0;1;2;16;1;
17276;202100011248;181 627;B01;-1;37;0;2;4;1;1;1.0
17277;202100011248;181 628;A01;-1;37;0;2;1;1;2;1.0
17278;202100011249;181 625;B01;0;30;0;2;1;7;0;
17279;202100011249;181 626;A01;1;30;12;2;4;11;1;
17280;202100011250;181 623;B01;1;2;0;2;1;19;3;
17281;202100011250;181 624;A01;2;7;0;2;3;1;1;
17282;202100011251;181 620;A01;-1;3;0;2;2;12;1;
17283;202100011251;181 621;B01;-1;3;1;2;8;1;1;
17284;202100011251;181 622;C01;-1;3;1;0;6;0;1;
17285;202100011252;181 618;B01;-1;7;12;0;0;16;0;
17286;202100011252;181 619;A01;3;7;12;0;3;14;1;
17287;202100011253;181 616;B01;1;7;0;2;3;0;1;
17288;202100011253;181 617;A01;1;7;0;2;2;26;1;
17289;202100011254;181 615;A01;2;0;0;1;8;1;0;
17290;202100011256;181 611;A01;1;33;0;2;1;2;1;
17291;202100011256;181 612;B01;1;7;0;2;4;23;1;
17292;202100011258;181 608;A01;3;7;0;1;4;20;1;
17293;202100011259;181 607;A01;0;33;8;0;7;1;1;
17294;202100011260;181 606;A01;3;7;13;0;3;1;1;
17295;202100011261;181 605;A01;2;33;4;0;8;0;1;
17296;202100011262;181 604;A01;3;33;0;0;0;2;1;
17297;202100011265;181 600;B01;2;7;0;2;1;1;1;
17298;202100011265;181 601;A01;1;7;0;2;1;1;1;
17299;202100011266;181 599;A01;1;7;13;0;3;21;1;
17300;202100011268;181 596;A01;1;7;0;2;3;1;1;
17301;202100011268;181 597;B01;2;21;0;2;3;13;1;
17302;202100011269;181 594;A01;3;2;0;2;3;1;1;
17303;202100011269;181 595;B01;3;7;0;2;3;1;1;
17304;202100011270;181 589;C01;1;7;0;2;3;1;1;
17305;202100011270;181 590;A01;1;7;0;2;2;21;1;
17306;202100011270;181 591;D01;1;7;0;2;3;1;1;
17307;202100011270;181 592;B01;2;7;0;2;1;1;1;
17308;202100011270;181 593;E01;1;7;0;2;6;15;1;
17309;202100011271;181 588;A01;3;7;0;1;1;15;1;
17310;202100011272;181 586;A01;2;7;0;2;3;1;1;
17311;202100011272;181 587;B01;1;7;0;2;3;1;1;
17312;202100011273;181 583;B01;2;7;0;0;2;1;1;
17313;202100011273;181 584;A01;2;7;0;0;8;19;1;
17314;202100011274;181 582;A01;2;7;14;0;2;2;1;
17315;202100011275;181 581;A01;3;7;0;1;8;1;1;
17316;202100011276;181 580;A01;3;7;0;1;2;20;1;
17317;202100011277;181 579;A01;2;1;0;0;0;1;5;
17318;202100011278;181 577;A01;2;33;0;2;3;2;1;
17319;202100011278;181 578;B01;2;33;0;2;5;2;1;
17320;202100011279;181 575;B01;2;33;0;2;1;1;1;
17321;202100011279;181 576;A01;2;7;0;2;7;19;2;
17322;202100011281;181 571;A01;1;7;0;2;2;2;1;
17323;202100011281;181 572;B01;1;2;0;0;4;2;1;
17324;202100011282;181 569;A01;2;7;0;2;6;15;1;
17325;202100011282;181 570;B01;1;33;0;2;1;1;1;
17326;202100011283;181 568;A01;1;7;0;2;3;1;1;
17327;202100011285;181 564;A01;2;10;0;0;7;1;1;
17328;202100011285;181 565;B01;2;7;0;2;3;16;1;
17329;202100011286;181 563;A01;3;7;0;0;1;26;1;
17330;202100011288;181 559;A01;1;33;7;0;0;6;1;
17331;202100011289;181 557;B01;0;7;0;0;3;1;1;
17332;202100011289;181 558;A01;0;33;0;2;1;1;1;
17333;202100011290;181 554;B01;1;7;2;2;2;1;1;
17334;202100011290;181 555;A01;1;7;13;2;1;19;1;
17335;202100011291;181 552;B01;2;7;0;2;1;1;1;
17336;202100011291;181 553;A01;1;7;0;2;1;17;1;
17337;202100011292;181 551;A01;1;2;0;1;1;3;1;
17338;202100011293;181 550;A01;2;7;17;0;1;14;1;
17339;202100011294;181 549;A01;0;33;8;0;0;1;1;
17340;202100011295;181 547;B01;2;33;0;2;4;1;1;
17341;202100011295;181 548;A01;2;7;0;2;1;1;1;
17342;202100011296;181 545;B01;1;7;0;0;4;1;1;
17343;202100011296;181 546;A01;1;7;0;2;1;1;2;