;Num_Acc;id_vehicule;num_veh;senc;catv;obs;obsm;choc;manv;motor;occutc
17344;202100011297;181 542;A01;2;7;0;0;2;23;1;
17345;202100011297;181 543;B01;2;7;0;2;1;1;1;
17346;202100011298;181 540;A01;0;7;0;2;1;1;1;
17347;202100011298;181 541;B01;3;7;0;0;5;10;1;
17348;202100011299;181 539;A01;0;32;0;0;0;1;1;
17349;202100011300;181 538;A01;0;2;0;0;0;1;1;
17350;202100011301;181 537;A01;3;7;0;1;3;13;1;
17351;202100011302;181 536;A01;2;33;0;1;1;1;1;
17352;202100011303;181 535;A01;2;7;2;0;9;13;1;
17353;202100011304;181 534;A01;1;7;2;0;1;2;1;
17354;202100011305;181 532;A01;1;32;0;2;1;2;1;
17355;202100011305;181 533;B01;1;1;0;2;4;2;5;
17356;202100011306;181 530;A01;1;7;0;2;1;15;1;
17357;202100011306;181 531;B01;2;2;0;2;1;1;1;
17358;202100011307;181 528;A01;3;7;0;2;2;6;1;
17359;202100011307;181 529;B01;3;33;0;2;1;1;1;
17360;202100011308;181 525;C01;2;17;0;2;8;1;1;
17361;202100011308;181 526;B01;2;7;0;2;9;1;1;
17362;202100011308;181 527;A01;2;7;0;2;1;2;1;
17363;202100011309;181 524;A01;1;33;0;0;0;0;1;
17364;202100011310;181 522;A01;1;7;0;2;3;19;1;
17365;202100011310;181 523;B01;1;7;0;2;2;1;1;
17366;202100011311;181 521;A01;2;7;0;1;2;1;1;
17367;202100011312;181 519;A01;1;7;0;2;3;15;1;
17368;202100011312;181 520;B01;2;2;0;2;1;15;1;
17369;202100011314;181 516;A01;2;7;16;0;1;0;1;
17370;202100011315;181 515;A01;0;7;0;1;3;1;0;
17371;202100011316;181 512;B01;3;32;0;0;4;9;1;
17372;202100011316;181 513;A01;3;7;0;2;1;2;1;
17373;202100011317;181 510;A01;1;7;0;0;1;15;1;
17374;202100011317;181 511;B01;1;7;0;2;1;1;1;
17375;202100011318;181 508;B01;0;7;0;2;1;1;1;
17376;202100011318;181 509;A01;0;10;0;2;1;1;1;
17377;202100011319;181 507;A01;2;7;2;0;1;1;1;
17378;202100011320;181 502;D01;2;7;0;2;4;2;1;
17379;202100011320;181 503;E01;2;7;0;2;4;2;1;
17380;202100011320;181 504;A01;2;38;0;2;1;2;1;1.0
17381;202100011320;181 505;B01;2;7;0;2;4;2;3;
17382;202100011320;181 506;C01;2;10;0;2;4;2;1;
17383;202100011321;181 500;B01;2;7;0;2;1;1;1;
17384;202100011321;181 501;A01;2;7;0;0;4;1;1;
17385;202100011322;181 496;C01;2;7;0;2;4;2;1;
17386;202100011322;181 497;B01;2;7;0;2;4;2;1;
17387;202100011322;181 498;A01;2;10;0;2;1;2;1;
17388;202100011322;181 499;D01;2;7;0;2;4;2;1;
17389;202100011323;181 494;B01;2;7;0;2;4;26;1;
17390;202100011323;181 495;A01;2;7;0;2;2;12;1;
17391;202100011324;181 491;A01;1;7;0;2;2;12;1;
17392;202100011324;181 492;B01;1;7;0;0;8;1;1;
17393;202100011324;181 493;C01;1;7;0;2;6;1;1;
17394;202100011325;181 488;B01;2;7;0;2;3;1;1;
17395;202100011325;181 489;C01;2;7;0;2;5;1;1;
17396;202100011325;181 490;A01;2;33;0;2;2;3;1;
17397;202100011326;181 485;C01;2;7;0;2;4;1;1;
17398;202100011326;181 486;B01;2;7;0;2;4;2;1;
17399;202100011326;181 487;A01;2;7;0;2;1;2;1;
17400;202100011327;181 481;A01;1;7;0;2;1;2;1;
17401;202100011327;181 482;B01;1;7;0;2;1;2;1;
17402;202100011327;181 483;C01;1;7;0;2;4;1;1;
17403;202100011327;181 484;D01;1;7;0;2;4;2;1;
17404;202100011328;181 479;B01;2;7;0;2;4;1;1;
17405;202100011328;181 480;A01;2;7;0;2;1;1;1;
17406;202100011329;181 477;B01;1;7;0;2;7;14;1;
17407;202100011329;181 478;A01;1;7;0;2;4;23;1;
17408;202100011331;181 474;A01;1;7;0;0;0;1;1;
17409;202100011332;181 472;B01;1;7;0;2;1;2;1;
17410;202100011332;181 473;A01;1;7;0;2;4;2;1;
17411;202100011333;181 469;A01;1;7;0;2;7;12;1;
17412;202100011333;181 470;B01;1;33;0;2;3;3;1;
17413;202100011333;181 471;C01;1;7;0;2;5;0;1;
17414;202100011334;181 467;A01;1;7;0;0;4;23;1;
17415;202100011334;181 468;B01;1;7;0;0;0;0;1;
17416;202100011335;181 465;A01;2;10;0;2;6;23;1;
17417;202100011335;181 466;B01;2;2;0;2;1;1;1;
17418;202100011336;181 462;C01;1;7;14;0;1;1;1;
17419;202100011336;181 463;A01;1;7;0;9;7;21;1;
17420;202100011336;181 464;B01;1;33;0;2;1;21;1;
17421;202100011337;181 461;A01;1;10;0;0;0;14;1;
17422;202100011338;181 460;A01;3;31;0;1;1;1;1;
17423;202100011339;181 459;A01;3;1;0;1;4;25;6;
17424;202100011340;181 458;A01;0;10;0;1;4;26;1;
17425;202100011341;181 456;B01;3;7;0;1;4;2;1;
17426;202100011341;181 457;A01;3;7;0;2;1;2;1;
17427;202100011342;181 455;A01;3;7;0;1;1;1;1;
17428;202100011343;181 453;B01;2;10;0;2;1;2;1;
17429;202100011343;181 454;A01;1;30;0;2;4;23;1;
17430;202100011346;181 448;B01;1;80;0;2;0;2;3;
17431;202100011346;181 449;A01;0;14;0;2;0;16;1;
17432;202100011347;181 446;A01;1;33;0;2;1;18;0;
17433;202100011347;181 447;B01;1;7;0;2;4;12;0;
17434;202100011348;181 445;A01;2;7;0;2;7;1;1;
17435;202100011349;181 443;A01;1;7;0;2;6;9;1;
17436;202100011349;181 444;B01;1;32;0;2;3;1;1;
17437;202100011350;181 441;B01;1;2;0;2;8;17;1;
17438;202100011350;181 442;A01;1;7;0;2;7;1;1;
17439;202100011351;181 439;A01;1;7;0;2;3;1;1;
17440;202100011351;181 440;B01;1;50;0;2;8;0;3;
17441;202100011352;181 437;B01;2;7;0;2;3;15;1;
17442;202100011352;181 438;A01;2;30;9;2;2;17;1;
17443;202100011353;181 436;A01;1;7;4;0;1;13;1;
17444;202100011354;181 434;B01;2;7;0;2;5;1;1;
17445;202100011354;181 435;A01;1;7;0;2;2;13;1;
17446;202100011355;181 432;B01;2;7;0;2;3;9;1;
17447;202100011355;181 433;A01;2;2;0;2;7;9;1;
17448;202100011356;181 430;B01;1;32;0;2;1;13;1;
17449;202100011356;181 431;A01;2;7;0;2;3;1;1;
17450;202100011357;181 428;A01;2;7;0;2;1;1;1;
17451;202100011357;181 429;B01;2;7;8;2;4;16;1;
17452;202100011358;181 427;A01;1;7;14;0;2;1;1;
17453;202100011359;181 425;B01;1;10;0;2;2;1;1;
17454;202100011359;181 426;A01;1;10;0;2;1;9;1;
17455;202100011360;181 422;A01;1;7;0;2;9;26;1;
17456;202100011360;181 423;B01;2;7;0;2;2;1;1;
17457;202100011360;181 424;C01;2;7;0;9;1;1;1;
17458;202100011361;181 420;B01;2;7;0;2;4;2;1;
17459;202100011361;181 421;A01;2;7;0;2;1;26;1;
17460;202100011362;181 418;B01;1;33;0;2;1;1;1;
17461;202100011362;181 419;A01;1;7;0;2;8;9;1;
17462;202100011363;181 416;B01;1;7;0;2;1;2;1;
17463;202100011363;181 417;A01;2;7;0;2;2;15;1;
17464;202100011364;181 414;A01;2;30;0;2;1;1;1;
17465;202100011364;181 415;B01;3;7;0;2;6;1;1;
17466;202100011365;181 410;B01;2;34;0;2;1;1;1;
17467;202100011365;181 411;A01;1;10;0;2;6;10;1;
17468;202100011366;181 408;A01;1;7;0;2;1;1;1;
17469;202100011366;181 409;B01;1;2;0;2;5;1;1;
17470;202100011367;181 407;A01;1;7;11;0;9;1;1;
17471;202100011368;181 405;B01;1;7;0;2;6;1;1;
17472;202100011368;181 406;A01;1;30;0;2;1;1;1;
17473;202100011369;181 403;B01;2;2;0;2;1;1;1;
17474;202100011369;181 404;A01;3;7;0;2;8;9;1;
17475;202100011370;181 399;A01;2;7;0;2;2;15;1;
17476;202100011370;181 400;B01;1;31;0;2;1;1;1;
17477;202100011371;181 397;A01;2;30;0;2;1;19;1;
17478;202100011371;181 398;B01;2;33;0;2;1;1;1;
17479;202100011372;181 396;A01;3;10;0;1;3;1;1;
17480;202100011373;181 394;B01;1;2;0;2;8;1;1;
17481;202100011373;181 395;A01;2;7;0;2;3;15;1;
17482;202100011374;181 392;A01;3;33;14;2;3;5;1;
17483;202100011374;181 393;B01;3;7;0;2;8;15;1;
17484;202100011375;181 390;A01;2;7;0;2;2;26;0;
17485;202100011375;181 391;B01;1;7;0;2;1;21;1;
17486;202100011376;181 387;A01;2;7;0;2;1;26;1;
17487;202100011376;181 388;B01;2;7;0;2;4;2;1;
17488;202100011376;181 389;C01;2;7;0;2;4;0;1;
17489;202100011377;181 386;A01;1;7;8;2;1;13;1;
17490;202100011378;181 385;A01;1;7;0;1;1;16;1;
17491;202100011379;181 383;B01;1;33;0;2;1;1;1;
17492;202100011379;181 384;A01;1;7;0;9;2;15;1;
17493;202100011380;181 381;B01;3;2;0;2;1;17;1;
17494;202100011380;181 382;A01;3;10;0;2;3;15;1;
17495;202100011381;181 378;A01;1;7;0;2;4;26;1;
17496;202100011381;181 379;B01;1;7;0;2;1;1;1;
17497;202100011381;181 380;C01;1;7;0;2;9;1;1;
17498;202100011382;181 376;A01;1;7;0;9;2;12;1;
17499;202100011382;181 377;B01;1;7;0;2;3;19;1;
17500;202100011383;181 374;B01;2;1;0;2;1;19;5;
17501;202100011383;181 375;A01;2;7;0;2;1;9;1;
17502;202100011384;181 372;A01;0;7;0;2;4;4;1;
17503;202100011384;181 373;B01;3;33;0;2;7;1;1;
17504;202100011385;181 370;A01;2;7;0;2;2;15;1;
17505;202100011385;181 371;B01;1;31;0;0;0;0;1;
17506;202100011386;181 368;A01;2;7;0;2;1;13;1;
17507;202100011386;181 369;B01;1;7;0;2;1;1;1;
17508;202100011387;181 367;A01;1;7;2;0;9;14;1;
17509;202100011388;181 365;A01;0;7;0;2;3;10;1;
17510;202100011388;181 366;B01;2;7;0;2;1;1;1;
17511;202100011389;181 364;A01;1;7;1;9;1;20;1;
17512;202100011390;181 362;B01;2;7;0;9;1;1;1;
17513;202100011390;181 363;A01;1;1;0;2;7;6;5;
17514;202100011391;181 360;B01;3;30;0;2;7;0;1;
17515;202100011391;181 361;A01;3;7;0;2;1;9;1;
17516;202100011392;181 358;B01;2;1;0;2;1;1;5;
17517;202100011392;181 359;A01;1;7;0;9;3;9;1;
17518;202100011393;181 355;A01;1;7;2;0;3;16;2;
17519;202100011394;181 354;Z01;1;99;0;1;0;26;0;
17520;202100011395;181 351;A01;1;7;1;0;2;14;1;
17521;202100011395;181 352;B01;0;7;1;2;5;24;2;
17522;202100011395;181 353;C01;0;7;0;2;4;24;1;
17523;202100011396;181 349;A01;2;7;0;2;3;13;1;
17524;202100011396;181 350;B01;2;7;0;2;3;23;1;
17525;202100011397;181 348;B01;1;30;0;1;3;1;1;
17526;202100011398;181 346;A01;3;7;0;2;2;26;1;
17527;202100011398;181 347;B01;1;34;0;2;1;1;1;
17528;202100011399;181 344;B01;2;7;0;2;7;1;1;
17529;202100011399;181 345;A01;1;7;0;2;3;1;1;
17530;202100011400;181 343;A01;1;7;0;0;0;0;1;
17531;202100011401;181 342;A01;1;7;3;0;1;1;1;
17532;202100011402;181 340;B01;1;7;0;9;2;26;1;
17533;202100011402;181 341;A01;2;10;10;0;1;1;1;
17534;202100011403;181 338;B01;3;7;0;2;4;1;1;
17535;202100011403;181 339;A01;3;7;0;2;1;1;1;
17536;202100011404;181 336;A01;2;7;0;2;1;15;1;
17537;202100011404;181 337;B01;1;2;0;2;1;1;1;
17538;202100011406;181 333;A01;3;31;0;2;1;1;1;
17539;202100011406;181 334;B01;3;7;0;2;6;15;1;
17540;202100011407;181 331;A01;1;7;0;2;1;26;1;
17541;202100011407;181 332;B01;1;7;0;0;4;23;1;
17542;202100011408;181 329;B01;1;7;0;2;6;1;1;
17543;202100011408;181 330;A01;1;33;0;2;2;12;1;
17544;202100011409;181 326;A01;1;32;0;2;4;1;1;
17545;202100011409;181 327;B01;1;7;0;2;4;1;1;
17546;202100011409;181 328;Z01;1;7;0;2;1;1;0;
17547;202100011411;181 322;A01;1;7;0;2;1;2;1;
17548;202100011411;181 323;B01;1;7;0;2;4;23;1;
17549;202100011413;181 319;A01;3;34;12;0;8;13;1;
17550;202100011414;181 318;A01;1;7;0;1;1;5;1;
17551;202100011415;181 317;A01;2;1;0;0;0;1;5;
17552;202100011416;181 315;B01;1;1;0;2;8;19;5;
17553;202100011416;181 316;A01;2;30;0;2;0;1;1;
17554;202100011417;181 313;A01;1;7;0;2;3;9;1;
17555;202100011417;181 314;B01;1;30;0;2;7;1;1;
17556;202100011418;181 312;A01;1;37;0;0;0;16;1;2.0
17557;202100011419;181 310;B01;3;30;0;2;7;1;3;
17558;202100011419;181 311;A01;3;7;0;2;1;15;1;
17559;202100011420;181 309;A01;2;33;1;0;1;21;1;
17560;202100011421;181 307;B01;2;7;0;2;3;1;1;
17561;202100011421;181 308;A01;2;32;0;2;2;14;1;
17562;202100011422;181 305;B01;2;33;0;2;7;1;1;
17563;202100011422;181 306;A01;1;7;0;2;1;15;1;
17564;202100011423;181 303;B01;1;30;0;2;1;1;1;
17565;202100011423;181 304;A01;3;7;0;2;1;16;2;
17566;202100011424;181 302;A01;2;33;0;1;1;1;1;
17567;202100011425;181 300;B01;2;7;0;2;3;15;2;
17568;202100011425;181 301;A01;2;30;0;2;3;1;1;
17569;202100011427;181 297;A01;1;1;0;0;1;1;5;
17570;202100011428;181 295;B01;2;1;0;2;7;1;5;
17571;202100011428;181 296;A01;1;7;0;2;1;1;1;
17572;202100011429;181 293;A01;2;7;0;0;6;15;1;
17573;202100011429;181 294;B01;2;30;0;0;1;1;1;
17574;202100011430;181 291;A01;1;30;0;2;1;18;1;
17575;202100011430;181 292;B01;1;7;0;0;0;0;1;
17576;202100011431;181 290;A01;2;7;8;0;1;1;1;
17577;202100011432;181 288;A01;2;7;0;2;4;23;1;
17578;202100011432;181 289;B01;2;1;0;2;1;1;5;
17579;202100011434;181 285;B01;1;7;0;9;1;1;1;
17580;202100011434;181 286;A01;1;50;0;2;4;1;3;
17581;202100011435;181 283;A01;1;99;1;0;3;12;1;
17582;202100011435;181 284;B01;1;99;0;2;5;23;1;
17583;202100011436;181 281;A01;1;7;7;0;4;23;1;
17584;202100011436;181 282;B01;1;10;0;2;1;2;1;
17585;202100011437;181 279;A01;2;34;12;2;2;18;1;
17586;202100011437;181 280;B01;2;7;0;2;7;11;1;
17587;202100011438;181 277;A01;3;7;0;2;3;15;1;
17588;202100011438;181 278;B01;3;2;14;2;2;2;1;
17589;202100011439;181 275;B01;1;32;0;2;2;1;1;
17590;202100011439;181 276;A01;2;32;0;2;3;9;1;
17591;202100011442;181 270;B01;1;30;0;2;2;1;1;
17592;202100011442;181 271;A01;3;10;0;2;1;9;3;
17593;202100011443;181 267;A01;1;7;2;0;2;13;1;
17594;202100011444;181 263;B01;1;7;0;2;3;1;1;
17595;202100011444;181 264;D01;2;10;0;2;8;2;1;
17596;202100011444;181 265;A01;2;7;0;2;2;15;1;
17597;202100011444;181 266;C01;3;10;0;2;3;23;1;
17598;202100011445;181 262;A01;3;7;15;0;1;14;1;
17599;202100011446;181 260;B01;2;7;0;2;3;15;1;
17600;202100011446;181 261;A01;1;2;0;2;1;1;1;
17601;202100011447;181 258;A01;1;7;0;2;7;26;1;
17602;202100011447;181 259;B01;1;2;0;2;0;1;1;
17603;202100011448;181 257;A01;1;30;12;0;0;0;1;
17604;202100011449;181 255;A01;0;33;0;2;1;5;1;
17605;202100011449;181 256;B01;3;7;0;2;3;0;1;
17606;202100011451;181 251;A01;1;33;2;0;1;0;1;
17607;202100011452;181 248;A01;1;7;0;0;1;0;1;
17608;202100011453;181 246;A01;0;33;0;0;0;1;1;
17609;202100011453;181 247;B01;3;33;0;2;0;2;1;
17610;202100011454;181 244;B01;2;33;0;2;8;1;1;
17611;202100011454;181 245;A01;1;7;0;2;2;19;1;
17612;202100011455;181 243;A01;1;7;15;0;3;13;1;
17613;202100011456;181 241;A01;1;7;0;2;2;15;1;
17614;202100011456;181 242;B01;2;33;0;2;2;1;1;
17615;202100011457;181 240;A01;1;7;13;0;1;1;1;
17616;202100011458;181 238;A01;2;10;0;2;1;13;1;
17617;202100011458;181 239;B01;1;7;0;2;1;1;1;
17618;202100011459;181 237;A01;2;33;13;0;1;0;1;
17619;202100011460;181 235;B01;2;1;0;2;4;1;5;
17620;202100011460;181 236;A01;2;1;0;2;1;1;5;
17621;202100011461;181 234;A01;2;7;17;0;2;1;1;
17622;202100011462;181 233;A01;3;7;2;0;3;1;1;
17623;202100011463;181 232;A01;1;33;0;0;0;26;1;
17624;202100011464;181 231;A01;1;32;16;0;7;1;1;
17625;202100011465;181 228;A01;1;2;0;2;1;14;1;
17626;202100011465;181 229;B01;1;7;0;2;5;26;1;
17627;202100011466;181 226;A01;3;7;0;2;6;19;1;
17628;202100011466;181 227;B01;2;7;7;2;1;1;1;
17629;202100011467;181 225;A01;1;7;0;1;3;1;1;
17630;202100011468;181 224;A01;1;7;13;0;1;1;1;
17631;202100011469;181 223;A01;3;7;0;1;1;1;1;
17632;202100011470;181 222;A01;2;36;6;9;2;1;1;
17633;202100011471;181 221;A01;2;1;0;0;0;1;5;
17634;202100011473;181 219;A01;1;7;5;1;1;1;1;
17635;202100011474;181 215;B01;1;7;0;0;1;1;1;
17636;202100011474;181 216;A01;2;7;0;2;7;19;1;
17637;202100011475;181 214;A01;2;7;0;0;2;15;1;
17638;202100011476;181 212;A01;1;7;0;9;7;2;1;
17639;202100011476;181 213;B01;1;1;0;2;8;2;5;
17640;202100011477;181 210;A01;1;2;0;2;8;13;1;
17641;202100011477;181 211;B01;1;7;0;2;2;17;1;
17642;202100011479;181 208;A01;0;30;15;0;0;0;1;
17643;202100011480;181 206;A01;0;7;0;2;2;1;0;
17644;202100011480;181 207;B01;1;7;0;2;1;1;1;
17645;202100011481;181 204;B01;2;33;0;2;2;17;1;
17646;202100011481;181 205;A01;2;7;0;2;3;15;1;
17647;202100011482;181 203;A01;1;7;0;1;2;21;1;
17648;202100011483;181 202;A01;1;7;15;0;3;1;1;
17649;202100011484;181 201;A01;1;7;0;0;1;1;1;
17650;202100011485;181 199;B01;2;7;0;2;1;13;1;
17651;202100011485;181 200;A01;1;7;0;2;3;1;2;
17652;202100011486;181 197;A01;1;7;0;2;7;15;1;
17653;202100011486;181 198;B01;2;1;0;2;1;1;5;
17654;202100011487;181 195;B01;1;7;0;2;1;1;1;
17655;202100011487;181 196;A01;3;7;0;2;8;19;1;
17656;202100011488;181 194;A01;1;7;6;0;2;1;1;
17657;202100011489;181 191;A01;2;10;0;2;1;15;1;
17658;202100011489;181 192;B01;1;2;0;2;2;1;1;
17659;202100011490;181 189;A01;3;7;0;2;5;11;1;
17660;202100011490;181 190;B01;3;34;0;2;1;1;1;
17661;202100011491;181 187;A01;3;1;0;2;7;1;5;
17662;202100011491;181 188;B01;3;7;0;2;1;1;2;
17663;202100011494;181 181;A01;2;7;8;0;0;14;1;
17664;202100011495;181 177;D01;2;7;0;0;8;1;0;
17665;202100011495;181 178;C01;2;7;0;0;6;1;2;
17666;202100011495;181 179;B01;1;7;0;0;8;2;1;
17667;202100011495;181 180;A01;1;2;0;2;0;17;1;
17668;202100011496;181 175;B01;2;2;0;2;7;1;1;
17669;202100011496;181 176;A01;1;7;0;2;1;15;1;
17670;202100011497;181 173;B01;1;7;0;2;3;1;1;
17671;202100011497;181 174;A01;2;7;6;2;1;15;1;
17672;202100011498;181 170;B01;2;7;0;0;4;1;1;
17673;202100011498;181 171;A01;2;33;0;2;1;2;1;
17674;202100011499;181 168;B01;2;2;0;2;2;1;1;
17675;202100011499;181 169;A01;1;7;0;2;3;26;1;
17676;202100011500;181 165;C01;2;7;0;2;3;1;1;
17677;202100011500;181 166;B01;2;7;0;2;8;1;1;
17678;202100011500;181 167;A01;1;32;0;2;8;13;1;
17679;202100011501;181 164;A01;1;7;0;1;1;1;1;
17680;202100011502;181 162;A01;2;7;0;2;3;15;1;
17681;202100011502;181 163;B01;1;2;0;2;1;15;1;
17682;202100011503;181 161;A01;1;31;7;0;3;1;1;
17683;202100011504;181 160;A01;2;7;0;0;9;14;1;
17684;202100011506;181 154;D01;1;10;0;2;4;1;1;
17685;202100011506;181 155;C01;1;7;0;0;0;0;1;
17686;202100011506;181 156;B01;1;7;0;2;4;1;1;
17687;202100011506;181 157;A01;1;10;0;2;1;1;1;
17688;202100011507;181 153;A01;3;7;4;0;8;1;1;
17689;202100011509;181 150;A01;1;10;1;0;1;1;1;
17690;202100011509;181 151;B01;1;7;0;0;4;1;1;
17691;202100011511;181 146;B01;1;7;0;2;8;1;1;
17692;202100011511;181 147;A01;2;10;0;2;3;5;1;
17693;202100011512;181 144;B01;2;7;0;2;1;11;0;
17694;202100011512;181 145;A01;2;7;0;2;4;1;0;
17695;202100011514;181 139;C01;2;33;4;2;9;1;0;
17696;202100011514;181 140;A01;2;7;0;2;1;1;1;
17697;202100011514;181 141;B01;2;7;4;2;9;1;1;
17698;202100011515;181 135;C01;1;7;0;2;5;1;1;
17699;202100011515;181 136;B01;1;33;0;2;7;3;1;
17700;202100011515;181 137;A01;1;7;0;2;6;11;1;
17701;202100011515;181 138;D01;1;7;0;2;8;1;1;
17702;202100011516;181 133;A01;1;7;0;2;8;11;1;
17703;202100011516;181 134;B01;1;33;0;2;7;1;1;
17704;202100011517;181 130;B01;1;7;0;0;4;2;1;
17705;202100011517;181 131;A01;1;7;0;2;1;1;1;
17706;202100011517;181 132;C01;1;10;0;2;1;2;1;
17707;202100011518;181 129;A01;2;33;0;2;0;3;0;
17708;202100011519;181 127;A01;1;99;0;2;8;23;1;
17709;202100011519;181 128;Z01;1;7;0;2;0;0;0;
17710;202100011520;181 125;B01;2;7;0;2;1;2;1;
17711;202100011520;181 126;A01;2;2;3;2;4;14;1;
17712;202100011521;181 123;A01;2;7;0;2;6;1;2;
17713;202100011521;181 124;B01;2;33;0;2;2;3;1;
17714;202100011522;181 122;A01;1;7;0;0;1;1;1;
17715;202100011523;181 120;B01;1;7;15;2;2;1;1;
17716;202100011523;181 121;A01;1;7;15;1;1;1;1;
17717;202100011524;181 118;B01;1;7;0;2;7;9;1;
17718;202100011524;181 119;A01;1;2;0;2;8;17;1;
17719;202100011525;181 116;B01;1;2;0;0;0;0;1;
17720;202100011525;181 117;A01;1;7;0;2;6;15;1;
17721;202100011526;181 114;A01;1;7;0;2;7;12;1;
17722;202100011526;181 115;B01;1;33;0;2;8;7;1;
17723;202100011527;181 112;B01;1;33;0;2;8;2;1;
17724;202100011527;181 113;A01;1;30;0;2;7;17;1;
17725;202100011528;181 110;B01;3;33;0;2;1;1;0;
17726;202100011528;181 111;A01;3;7;0;2;2;15;1;
17727;202100011529;181 108;A01;1;7;0;2;1;9;1;
17728;202100011529;181 109;B01;2;33;0;2;8;1;1;
17729;202100011530;181 107;A01;1;7;0;1;2;1;1;
17730;202100011531;181 106;A01;1;30;12;0;8;1;1;
17731;202100011532;181 104;B01;2;31;0;2;1;1;1;
17732;202100011532;181 105;A01;2;7;0;2;3;15;1;
17733;202100011533;181 102;A01;2;80;0;2;8;1;3;
17734;202100011533;181 103;B01;2;7;0;9;1;1;1;
17735;202100011535;181 099;B01;1;7;0;2;3;15;1;
17736;202100011535;181 100;A01;1;2;0;2;2;17;1;
17737;202100011536;181 097;A01;-1;7;0;2;1;5;0;
17738;202100011536;181 098;B01;-1;7;0;2;1;1;0;
17739;202100011537;181 095;B01;1;34;0;2;4;1;1;
17740;202100011537;181 096;A01;1;7;0;2;1;1;1;
17741;202100011539;181 091;A01;1;33;0;2;2;21;1;
17742;202100011539;181 092;B01;1;10;0;2;6;2;1;
17743;202100011540;181 090;A01;1;7;15;0;1;1;1;
17744;202100011541;181 088;A01;1;7;0;1;1;26;0;
17745;202100011541;181 089;B01;1;1;0;2;4;1;5;
17746;202100011542;181 087;A01;1;7;0;1;3;17;1;
17747;202100011543;181 085;A01;2;7;8;2;7;1;1;
17748;202100011543;181 086;B01;2;7;0;2;1;1;1;
17749;202100011545;181 080;A01;2;2;0;2;1;17;1;
17750;202100011545;181 081;B01;2;10;0;2;3;15;1;
17751;202100011546;181 079;A01;2;10;0;1;3;15;0;
17752;202100011547;181 078;A01;1;7;0;1;1;1;1;
17753;202100011548;181 076;B01;1;7;0;2;8;1;1;
17754;202100011548;181 077;A01;1;7;0;2;1;19;3;
17755;202100011549;181 074;A01;2;99;0;2;1;1;5;
17756;202100011549;181 075;B01;1;7;0;2;3;1;1;
17757;202100011550;181 072;B01;2;7;0;2;0;0;2;
17758;202100011550;181 073;A01;1;7;0;2;1;15;1;
17759;202100011551;181 070;A01;1;7;0;2;1;2;1;
17760;202100011551;181 071;B01;1;7;0;2;4;2;1;
17761;202100011552;181 069;A01;3;7;0;1;3;15;1;
17762;202100011553;181 068;A01;0;50;0;1;1;1;3;
17763;202100011554;181 067;A01;3;7;0;1;2;1;1;
17764;202100011555;181 066;A01;2;7;0;1;1;1;1;
17765;202100011556;181 064;B01;1;2;0;2;1;1;1;
17766;202100011556;181 065;A01;2;7;0;2;2;15;1;
17767;202100011558;181 062;A01;1;50;8;0;1;14;3;
17768;202100011560;181 059;A01;1;7;0;1;1;1;1;
17769;202100011561;181 058;A01;0;7;0;1;8;1;1;
17770;202100011562;181 055;A01;1;10;0;2;1;1;1;
17771;202100011562;181 056;C01;1;7;0;2;4;15;1;
17772;202100011562;181 057;B01;1;7;0;2;4;1;1;
17773;202100011563;181 053;A01;1;7;0;2;1;1;1;
17774;202100011563;181 054;B01;1;7;0;2;4;1;1;
17775;202100011565;181 050;A01;2;37;0;2;0;21;2;2.0
17776;202100011566;181 048;B01;1;7;0;2;5;23;1;
17777;202100011566;181 049;A01;1;7;0;2;3;1;0;
17778;202100011568;181 044;A01;3;30;1;0;1;21;1;
17779;202100011568;181 045;B01;3;7;0;2;8;26;1;
17780;202100011569;181 043;A01;2;30;0;0;8;1;1;
17781;202100011571;181 040;B01;2;1;0;2;1;1;5;
17782;202100011571;181 041;A01;1;7;0;9;1;15;1;
17783;202100011572;181 039;Z01;3;7;0;1;1;1;0;
17784;202100011573;181 037;A01;3;30;0;2;1;17;1;
17785;202100011573;181 038;B01;3;50;0;2;8;19;3;
17786;202100011574;181 035;Z01;2;2;0;2;0;1;0;
17787;202100011574;181 036;A01;1;7;0;2;3;15;1;
17788;202100011575;181 033;A01;1;1;0;0;0;9;5;
17789;202100011575;181 034;Z01;0;7;0;2;0;0;0;
17790;202100011576;181 031;A01;2;30;0;2;2;15;1;
17791;202100011576;181 032;B01;1;7;0;2;2;1;1;
17792;202100011578;181 029;A01;1;7;0;1;7;1;1;
17793;202100011579;181 027;B01;1;7;0;2;3;1;1;
17794;202100011579;181 028;A01;1;7;0;2;3;13;1;
17795;202100011580;181 026;A01;3;60;14;0;1;1;5;
17796;202100011582;181 021;A01;2;7;0;2;2;1;1;
17797;202100011582;181 022;C01;1;7;0;2;1;1;1;
17798;202100011582;181 023;B01;2;7;0;2;3;16;1;
17799;202100011584;181 019;A01;3;7;2;0;2;13;0;
17800;202100011585;181 018;A01;3;7;13;0;5;1;1;
17801;202100011586;181 016;A01;1;7;0;2;3;26;1;
17802;202100011586;181 017;B01;1;80;0;2;2;26;3;
17803;202100011587;181 014;A01;1;1;0;2;3;26;5;
17804;202100011587;181 015;B01;1;7;0;2;1;26;1;
17805;202100011588;181 012;B01;1;2;0;2;7;17;1;