;Num_Acc;id_vehicule;num_veh;senc;catv;obs;obsm;choc;manv;motor;occutc
17806;202100011588;181 013;A01;1;7;0;2;3;26;1;
17807;202100011589;181 010;B01;1;7;0;2;4;2;1;
17808;202100011589;181 011;A01;1;30;0;2;1;2;1;
17809;202100011591;181 007;B01;2;7;0;2;6;2;2;
17810;202100011591;181 008;A01;2;32;0;2;2;2;1;
17811;202100011592;181 006;A01;1;30;0;0;8;1;1;
17812;202100011593;181 004;B01;1;50;0;2;3;1;3;
17813;202100011593;181 005;A01;1;10;0;2;3;16;1;
17814;202100011595;181 001;A01;3;7;8;0;1;13;1;
17815;202100011596;181 000;A01;1;7;0;1;3;1;1;
17816;202100011598;180 996;B01;2;2;0;2;1;1;1;
17817;202100011598;180 997;A01;1;7;0;2;3;15;1;
17818;202100011599;180 994;B01;2;31;0;2;7;2;1;
17819;202100011599;180 995;A01;2;7;0;2;3;15;1;
17820;202100011600;180 992;B01;0;33;0;2;8;1;1;
17821;202100011600;180 993;A01;3;7;0;2;1;15;1;
17822;202100011602;180 988;B01;2;50;0;2;8;1;3;
17823;202100011602;180 989;A01;1;7;0;9;1;15;1;
17824;202100011603;180 986;B01;1;7;0;2;5;2;6;
17825;202100011603;180 987;A01;1;33;0;2;1;26;1;
17826;202100011604;180 984;A01;1;30;1;0;1;26;1;
17827;202100011604;180 985;B01;1;7;0;2;2;24;1;
17828;202100011605;180 982;A01;3;33;0;2;7;1;1;
17829;202100011605;180 983;B01;3;7;0;2;0;0;1;
17830;202100011606;180 980;B01;3;7;0;2;0;1;1;
17831;202100011606;180 981;A01;3;7;0;2;2;15;1;
17832;202100011607;180 978;A01;1;10;0;2;3;15;1;
17833;202100011607;180 979;B01;1;33;0;2;2;1;1;
17834;202100011608;180 976;B01;1;32;0;2;4;23;1;
17835;202100011608;180 977;A01;1;7;0;2;3;1;1;
17836;202100011609;180 974;B01;3;7;0;2;7;1;1;
17837;202100011609;180 975;A01;3;7;0;2;5;20;1;
17838;202100011610;180 972;A01;1;7;0;0;0;0;0;
17839;202100011610;180 973;B01;3;7;0;0;3;0;0;
17840;202100011611;180 970;B01;0;7;0;2;2;15;1;
17841;202100011611;180 971;A01;2;32;0;2;1;7;1;
17842;202100011612;180 968;A01;0;7;0;2;1;9;1;
17843;202100011612;180 969;B01;0;7;0;2;7;1;1;
17844;202100011613;180 964;B01;2;17;0;2;1;21;1;
17845;202100011613;180 965;A01;1;7;0;2;1;13;1;
17846;202100011614;180 963;A01;1;7;3;0;1;14;1;
17847;202100011615;180 962;A01;3;1;12;0;1;0;5;
17848;202100011617;180 959;A01;1;7;0;0;0;1;1;
17849;202100011618;180 957;A01;2;7;0;2;3;15;1;
17850;202100011618;180 958;B01;1;30;0;2;1;1;1;
17851;202100011619;180 955;A01;2;7;0;2;1;1;1;
17852;202100011619;180 956;B01;3;7;0;2;4;16;1;
17853;202100011620;180 954;A01;2;7;15;0;2;2;1;
17854;202100011621;180 952;A01;1;34;0;2;4;1;1;
17855;202100011621;180 953;Z01;1;7;0;2;1;11;1;
17856;202100011622;180 949;A01;1;7;0;2;1;5;1;
17857;202100011622;180 950;B01;1;7;0;2;1;0;1;
17858;202100011622;180 951;C01;1;7;0;2;1;0;1;
17859;202100011623;180 944;A01;3;15;0;2;1;1;1;
17860;202100011623;180 945;B01;3;7;0;2;4;1;1;
17861;202100011624;180 942;B01;3;10;0;2;0;10;1;
17862;202100011624;180 943;A01;1;33;0;2;0;0;1;
17863;202100011625;180 941;A01;1;7;0;1;0;9;1;
17864;202100011626;180 940;A01;1;7;0;1;1;1;1;
17865;202100011628;180 936;B01;2;1;0;2;8;1;0;
17866;202100011628;180 937;A01;1;7;0;9;3;15;2;
17867;202100011629;180 935;A01;1;7;0;1;2;2;1;
17868;202100011630;180 933;B01;1;10;0;2;5;1;1;
17869;202100011630;180 934;A01;1;43;0;2;3;3;1;
17870;202100011631;180 931;B01;2;7;0;2;4;2;1;
17871;202100011631;180 932;A01;2;10;0;2;1;2;1;
17872;202100011633;180 929;A01;3;30;0;0;3;1;3;
17873;202100011634;180 927;B01;2;33;0;2;3;11;1;
17874;202100011634;180 928;A01;1;7;0;2;2;12;1;
17875;202100011635;180 925;B01;1;1;0;2;1;18;5;
17876;202100011635;180 926;A01;1;7;0;2;7;16;1;
17877;202100011636;180 923;A01;3;7;0;2;3;16;0;
17878;202100011636;180 924;B01;1;32;0;2;4;1;1;
17879;202100011639;180 918;B01;2;7;0;2;2;1;1;
17880;202100011639;180 919;A01;2;7;0;2;2;15;1;
17881;202100011640;180 917;A01;1;50;0;0;0;1;3;
17882;202100011641;180 915;B01;2;1;8;2;6;1;5;
17883;202100011641;180 916;A01;2;37;0;2;7;14;2;1.0
17884;202100011642;180 914;A01;1;10;0;1;3;15;1;
17885;202100011643;180 913;A01;2;33;0;1;7;1;1;
17886;202100011645;180 910;A01;1;1;12;0;7;14;5;
17887;202100011646;180 908;B01;1;2;0;2;4;23;3;
17888;202100011646;180 909;A01;1;7;0;2;1;2;1;
17889;202100011647;180 906;B01;1;7;0;2;3;1;1;
17890;202100011647;180 907;A01;1;7;0;2;0;0;1;
17891;202100011648;180 904;A01;3;50;0;2;1;1;3;
17892;202100011648;180 905;B01;3;7;0;9;3;16;1;
17893;202100011649;180 902;A01;2;32;1;0;3;1;1;
17894;202100011649;180 903;B01;2;1;1;0;3;1;5;
17895;202100011650;180 900;B01;2;31;0;2;2;1;1;
17896;202100011650;180 901;A01;2;7;0;2;3;13;1;
17897;202100011651;180 899;A01;1;7;0;1;1;1;1;
17898;202100011653;180 894;A01;2;7;0;2;0;26;1;
17899;202100011653;180 895;B01;2;7;0;2;0;0;1;
17900;202100011654;180 893;A01;1;7;0;1;2;1;1;
17901;202100011655;180 891;A01;2;14;0;2;4;2;1;
17902;202100011655;180 892;B01;2;7;0;2;4;0;2;
17903;202100011656;180 890;A01;3;13;0;1;3;1;0;
17904;202100011658;180 887;B01;1;33;0;2;7;1;1;
17905;202100011658;180 888;A01;1;7;0;2;1;15;1;
17906;202100011659;180 885;B01;1;7;0;2;4;1;1;
17907;202100011659;180 886;A01;1;7;0;2;4;2;1;
17908;202100011660;180 883;A01;2;33;0;2;1;3;1;
17909;202100011660;180 884;B01;2;7;0;2;3;23;1;
17910;202100011661;180 881;A01;2;7;0;2;6;10;1;
17911;202100011661;180 882;B01;2;32;0;2;1;1;1;
17912;202100011662;180 879;A01;2;7;0;1;1;15;1;
17913;202100011662;180 880;B01;1;7;0;2;1;23;1;
17914;202100011664;180 875;B01;3;14;0;2;1;1;0;
17915;202100011664;180 876;A01;3;7;0;2;1;26;1;
17916;202100011665;180 872;A01;1;7;0;2;1;13;1;
17917;202100011665;180 873;B01;2;10;0;0;3;23;1;
17918;202100011665;180 874;C01;2;7;0;0;1;2;1;
17919;202100011666;180 870;B01;1;43;0;2;1;2;1;
17920;202100011666;180 871;A01;1;7;0;2;3;10;1;
17921;202100011667;180 868;A01;1;7;0;2;2;15;1;
17922;202100011667;180 869;B01;2;2;0;2;7;1;1;
17923;202100011668;180 866;B01;1;43;0;2;1;1;1;
17924;202100011668;180 867;A01;2;10;0;2;7;15;1;
17925;202100011669;180 864;A01;0;7;0;2;3;15;1;
17926;202100011669;180 865;B01;0;50;0;2;1;1;3;
17927;202100011670;180 863;A01;2;7;0;1;2;1;1;
17928;202100011671;180 861;B01;2;7;0;2;4;1;1;
17929;202100011671;180 862;A01;2;7;0;2;1;1;1;
17930;202100011672;180 860;A01;-1;7;0;1;1;19;1;
17931;202100011673;180 858;A01;0;7;0;2;6;20;1;
17932;202100011673;180 859;B01;0;2;0;2;1;1;1;
17933;202100011674;180 857;A01;1;7;0;1;2;26;1;
17934;202100011676;180 854;A01;1;43;0;0;9;17;1;
17935;202100011677;180 853;A01;2;13;0;1;3;1;1;
17936;202100011678;180 851;B01;2;7;0;2;7;25;1;
17937;202100011678;180 852;A01;2;50;0;2;1;25;3;
17938;202100011679;180 850;A01;0;33;0;0;0;1;1;
17939;202100011680;180 848;A01;2;7;0;1;1;2;0;
17940;202100011680;180 849;B01;2;7;0;2;1;2;1;
17941;202100011681;180 847;A01;2;50;0;1;1;1;3;
17942;202100011682;180 846;A01;2;2;0;1;2;21;3;
17943;202100011684;180 842;A01;1;7;0;2;1;1;1;
17944;202100011684;180 843;B01;2;10;0;2;1;1;1;
17945;202100011685;180 839;C01;2;7;0;2;7;1;1;
17946;202100011685;180 840;B01;2;7;0;2;3;21;1;
17947;202100011685;180 841;A01;1;7;0;2;3;5;1;
17948;202100011686;180 838;A01;2;7;6;0;2;14;1;
17949;202100011687;180 837;A01;1;17;0;1;7;14;1;
17950;202100011688;180 835;A01;1;34;0;2;7;1;1;
17951;202100011688;180 836;B01;3;7;0;2;1;19;1;
17952;202100011689;180 834;A01;2;7;0;1;1;16;1;
17953;202100011690;180 832;A01;2;7;0;2;1;1;1;
17954;202100011690;180 833;B01;1;7;0;2;1;13;1;
17955;202100011691;180 831;A01;1;33;13;0;3;17;1;
17956;202100011692;180 830;A01;1;7;1;9;1;1;1;
17957;202100011694;180 827;A01;1;33;0;2;3;17;1;
17958;202100011694;180 828;B01;2;7;0;2;3;1;1;
17959;202100011695;180 826;A01;2;7;16;0;9;1;1;
17960;202100011696;180 825;A01;2;7;0;0;9;1;1;
17961;202100011697;180 823;B01;1;7;0;2;1;13;1;
17962;202100011697;180 824;A01;2;15;4;2;2;1;1;
17963;202100011698;180 822;A01;1;7;0;1;3;1;1;
17964;202100011699;180 821;A01;3;2;14;0;1;1;1;
17965;202100011701;180 818;A01;3;7;8;0;2;1;1;
17966;202100011702;180 816;B01;1;7;0;2;1;13;1;
17967;202100011702;180 817;A01;2;7;0;2;1;1;1;
17968;202100011703;180 815;A01;2;7;6;0;1;1;1;
17969;202100011704;180 813;B01;2;7;0;2;1;1;1;
17970;202100011704;180 814;A01;1;2;0;2;1;5;1;
17971;202100011705;180 811;A01;1;10;0;2;2;10;1;
17972;202100011705;180 812;B01;2;1;0;2;1;1;5;
17973;202100011706;180 809;A01;0;7;0;2;3;15;1;
17974;202100011706;180 810;B01;0;33;0;2;2;17;1;
17975;202100011707;180 807;B01;2;2;0;2;4;15;1;
17976;202100011707;180 808;A01;2;7;0;2;2;17;1;
17977;202100011708;180 805;B01;2;7;0;2;1;1;1;
17978;202100011708;180 806;A01;3;10;0;2;7;19;1;
17979;202100011709;180 800;A01;1;33;0;2;9;13;1;
17980;202100011709;180 801;B01;2;33;8;2;8;1;1;
17981;202100011709;180 802;C01;2;33;0;2;1;1;1;
17982;202100011710;180 799;A01;2;33;0;0;8;1;1;
17983;202100011711;180 796;A01;1;7;0;2;1;15;1;
17984;202100011711;180 797;B01;2;7;0;2;1;1;1;
17985;202100011712;180 794;A01;1;7;0;2;1;15;1;
17986;202100011712;180 795;B01;0;33;0;2;1;1;1;
17987;202100011714;180 792;A01;2;7;7;0;1;16;1;
17988;202100011715;180 788;D01;1;7;0;2;4;13;1;
17989;202100011715;180 789;C01;2;7;0;2;8;1;1;
17990;202100011715;180 790;B01;1;7;0;2;6;23;1;
17991;202100011715;180 791;A01;1;7;0;2;2;1;1;
17992;202100011716;180 787;A01;2;1;0;0;0;1;5;
17993;202100011717;180 785;B01;3;7;0;2;1;1;1;
17994;202100011717;180 786;A01;3;7;0;2;8;16;1;
17995;202100011718;180 782;A01;2;2;0;2;1;1;1;
17996;202100011718;180 783;B01;2;7;0;0;3;23;1;
17997;202100011718;180 784;C01;2;10;0;0;5;15;1;
17998;202100011719;180 780;B01;2;7;0;2;3;1;1;
17999;202100011719;180 781;A01;1;7;0;2;6;5;1;
18000;202100011720;180 778;A01;2;7;0;0;6;15;1;
18001;202100011720;180 779;B01;2;10;0;2;2;17;1;
18002;202100011721;180 776;A01;3;7;13;2;3;13;1;
18003;202100011721;180 777;B01;3;20;0;2;3;1;1;
18004;202100011722;180 775;A01;1;7;11;0;1;1;1;
18005;202100011723;180 774;A01;1;7;15;0;9;13;1;
18006;202100011724;180 773;A01;1;10;0;1;1;16;1;
18007;202100011726;180 769;A01;1;10;0;2;3;15;1;
18008;202100011726;180 770;B01;2;2;0;2;1;1;1;
18009;202100011727;180 767;A01;2;7;0;9;2;1;1;
18010;202100011727;180 768;B01;1;1;0;0;8;1;5;
18011;202100011728;180 766;A01;1;7;6;0;2;1;1;
18012;202100011729;180 765;A01;1;3;0;1;1;11;0;
18013;202100011730;180 763;A01;1;7;0;2;1;5;1;
18014;202100011730;180 764;B01;2;7;0;2;1;1;1;
18015;202100011731;180 761;A01;2;2;0;2;1;1;1;
18016;202100011731;180 762;B01;1;7;0;2;5;15;1;
18017;202100011732;180 760;A01;1;7;4;0;1;0;1;
18018;202100011733;180 758;A01;2;7;0;2;2;12;1;
18019;202100011733;180 759;B01;2;7;0;2;3;1;1;
18020;202100011734;180 755;C01;1;7;0;2;5;1;1;
18021;202100011734;180 756;B01;1;33;0;2;0;0;1;
18022;202100011734;180 757;A01;1;7;0;2;3;11;1;
18023;202100011735;180 752;B01;2;7;0;2;4;0;6;
18024;202100011735;180 753;A01;2;7;0;2;4;2;1;
18025;202100011735;180 754;Z01;2;7;0;2;1;2;0;
18026;202100011736;180 749;A01;1;17;0;9;0;2;1;
18027;202100011736;180 750;B01;1;7;14;2;1;2;1;
18028;202100011736;180 751;C01;1;7;0;2;1;2;1;
18029;202100011737;180 747;B01;1;17;0;2;4;2;1;
18030;202100011737;180 748;A01;1;17;3;2;1;2;1;
18031;202100011738;180 743;D01;2;7;0;2;4;2;1;
18032;202100011738;180 744;C01;2;7;0;2;4;2;1;
18033;202100011738;180 745;B01;2;7;0;2;4;2;1;
18034;202100011738;180 746;A01;2;7;0;2;1;1;1;
18035;202100011739;180 741;A01;2;10;0;2;5;1;1;
18036;202100011739;180 742;B01;2;33;0;2;1;21;1;
18037;202100011740;180 738;A01;2;7;0;2;1;2;1;
18038;202100011740;180 739;B01;2;7;0;2;4;2;1;
18039;202100011740;180 740;C01;2;7;0;2;4;2;1;
18040;202100011742;180 735;A01;1;7;0;2;1;2;1;
18041;202100011742;180 736;B01;1;10;0;2;4;2;1;
18042;202100011744;180 725;C01;1;7;0;2;4;2;1;
18043;202100011744;180 726;B01;1;7;0;2;4;2;1;
18044;202100011744;180 727;A01;1;7;0;2;1;2;1;
18045;202100011745;180 722;C01;2;7;0;2;4;1;1;
18046;202100011745;180 723;B01;2;10;0;2;4;1;0;
18047;202100011745;180 724;A01;2;10;0;2;1;1;1;
18048;202100011746;180 721;A01;2;10;0;1;1;21;1;
18049;202100011748;180 717;B01;2;7;0;2;4;2;1;
18050;202100011748;180 718;A01;2;10;0;2;1;2;1;
18051;202100011749;180 716;A01;-1;32;4;0;2;1;1;
18052;202100011750;180 711;Z01;2;7;0;2;1;1;1;
18053;202100011750;180 712;D01;2;13;0;2;4;1;1;
18054;202100011750;180 713;C01;2;7;0;2;4;1;1;
18055;202100011750;180 714;B01;2;7;0;2;4;1;1;
18056;202100011750;180 715;A01;2;7;0;2;1;1;1;
18057;202100011751;180 709;A01;2;7;0;2;1;1;1;
18058;202100011751;180 710;B01;2;7;4;2;7;13;1;
18059;202100011752;180 708;A01;2;80;0;1;1;0;3;
18060;202100011753;180 707;A01;0;7;0;1;1;1;1;
18061;202100011754;180 706;A01;2;7;0;1;1;0;1;
18062;202100011755;180 705;A01;3;7;0;1;1;16;1;
18063;202100011756;180 701;A01;1;7;0;2;7;19;1;
18064;202100011756;180 702;B01;1;7;0;2;1;1;1;
18065;202100011757;180 699;A01;2;30;0;2;1;1;1;
18066;202100011757;180 700;B01;2;30;0;2;4;23;0;
18067;202100011758;180 696;A01;1;10;0;1;1;26;1;
18068;202100011760;180 691;B01;2;7;0;0;7;2;1;
18069;202100011760;180 692;A01;2;7;0;2;4;23;1;
18070;202100011760;180 693;C01;2;33;0;2;1;2;1;
18071;202100011761;180 690;A01;2;10;0;9;8;1;1;
18072;202100011762;180 688;A01;2;33;0;2;0;0;1;
18073;202100011762;180 689;B01;1;32;0;2;0;0;1;
18074;202100011763;180 686;A01;1;7;0;2;8;13;1;
18075;202100011763;180 687;B01;1;33;0;2;7;1;1;
18076;202100011764;180 685;A01;3;33;0;1;0;26;1;
18077;202100011765;180 682;A01;1;7;0;2;1;26;1;
18078;202100011765;180 683;B01;1;7;0;2;4;26;1;
18079;202100011765;180 684;C01;1;7;0;2;1;26;1;
18080;202100011766;180 681;A01;0;50;0;0;0;25;3;
18081;202100011768;180 675;A01;1;7;0;2;8;11;1;
18082;202100011768;180 676;B01;1;7;0;2;1;1;1;
18083;202100011769;180 674;A01;1;7;0;1;1;1;1;
18084;202100011770;180 672;A01;1;7;0;2;1;1;1;
18085;202100011770;180 673;B01;3;7;0;2;8;1;2;
18086;202100011771;180 669;A01;3;1;0;2;1;21;0;
18087;202100011771;180 670;B01;3;7;0;2;6;1;1;
18088;202100011771;180 671;C01;3;7;0;2;1;1;1;
18089;202100011772;180 667;B01;2;1;0;2;7;25;0;
18090;202100011772;180 668;A01;2;7;0;2;1;1;1;
18091;202100011773;180 666;A01;2;10;0;1;2;1;1;
18092;202100011775;180 663;A01;2;31;0;2;1;13;1;
18093;202100011775;180 664;B01;1;7;0;2;1;1;1;
18094;202100011776;180 661;A01;1;10;2;2;3;9;1;
18095;202100011776;180 662;B01;1;31;2;2;1;1;1;
18096;202100011777;180 659;B01;1;7;0;2;7;15;1;
18097;202100011777;180 660;A01;2;32;0;2;1;8;1;
18098;202100011778;180 658;A01;2;7;9;0;2;14;1;
18099;202100011779;180 657;A01;0;30;0;1;1;13;1;
18100;202100011780;180 654;A01;0;7;0;2;1;1;1;
18101;202100011780;180 655;C01;0;7;0;2;4;1;1;
18102;202100011780;180 656;B01;0;7;0;2;4;1;1;
18103;202100011781;180 653;A01;0;2;0;1;2;1;1;
18104;202100011782;180 651;B01;3;7;0;2;4;2;1;
18105;202100011782;180 652;A01;3;43;0;2;1;2;1;
18106;202100011783;180 650;A01;1;7;0;0;9;26;1;
18107;202100011784;180 648;B01;1;7;0;2;6;2;1;
18108;202100011784;180 649;A01;1;10;0;2;2;2;1;
18109;202100011785;180 647;A01;1;7;12;0;1;1;1;
18110;202100011786;180 645;B01;0;7;0;2;3;15;1;
18111;202100011786;180 646;A01;0;50;0;2;3;5;3;
18112;202100011787;180 643;A01;1;7;0;2;2;15;1;
18113;202100011787;180 644;B01;2;7;0;2;3;1;1;
18114;202100011788;180 642;A01;3;1;0;1;0;25;5;
18115;202100011789;180 641;A01;0;7;0;1;0;0;1;
18116;202100011790;180 639;B01;3;7;0;2;2;0;1;
18117;202100011790;180 640;A01;3;7;0;2;0;0;1;
18118;202100011791;180 638;Z01;2;10;0;1;1;1;1;
18119;202100011792;180 636;B01;2;1;0;2;2;19;5;
18120;202100011792;180 637;A01;1;7;0;2;3;1;1;
18121;202100011793;180 634;A01;2;7;0;2;1;2;1;
18122;202100011793;180 635;B01;2;7;0;2;4;2;1;
18123;202100011794;180 633;A01;1;7;0;1;1;1;1;
18124;202100011795;180 632;A01;1;14;0;1;0;15;1;
18125;202100011796;180 630;B01;1;7;0;2;1;1;0;
18126;202100011796;180 631;A01;2;7;0;2;1;13;0;
18127;202100011797;180 629;A01;1;7;0;0;9;0;1;
18128;202100011798;180 627;A01;1;31;0;2;3;26;1;
18129;202100011798;180 628;B01;1;7;0;2;0;0;1;
18130;202100011799;180 625;B01;1;60;0;2;1;1;5;
18131;202100011799;180 626;A01;2;7;0;9;2;12;1;
18132;202100011800;180 623;B01;2;15;0;2;3;1;1;
18133;202100011800;180 624;A01;1;7;0;2;1;13;1;
18134;202100011801;180 622;A01;0;7;0;1;2;15;1;
18135;202100011802;180 621;A01;2;7;0;1;1;16;1;
18136;202100011803;180 620;Z01;1;7;0;1;7;1;0;
18137;202100011804;180 618;B01;1;60;0;2;3;26;5;
18138;202100011804;180 619;A01;1;7;0;2;2;1;1;
18139;202100011805;180 616;A01;1;7;0;2;3;2;1;
18140;202100011805;180 617;B01;1;1;0;2;4;2;5;
18141;202100011806;180 615;A01;1;30;0;0;7;26;3;
18142;202100011807;180 614;A01;1;1;0;0;1;26;5;
18143;202100011808;180 612;B01;3;40;0;2;1;1;3;
18144;202100011808;180 613;A01;3;1;0;4;2;14;5;
18145;202100011809;180 610;A01;2;7;0;2;2;15;1;
18146;202100011809;180 611;B01;1;33;0;2;1;0;1;
18147;202100011810;180 609;A01;1;7;4;0;1;9;1;
18148;202100011811;180 608;A01;1;10;0;1;1;9;1;
18149;202100011812;180 607;A01;1;33;0;1;1;1;1;
18150;202100011813;180 605;B01;0;1;0;2;4;19;5;
18151;202100011813;180 606;A01;0;30;0;2;1;19;1;
18152;202100011814;180 603;A01;0;7;0;2;1;1;1;
18153;202100011814;180 604;B01;0;31;0;2;1;1;2;
18154;202100011815;180 601;A01;1;7;1;2;3;21;1;
18155;202100011815;180 602;B01;3;1;0;2;3;19;5;
18156;202100011816;180 600;A01;3;7;0;1;3;26;1;
18157;202100011817;180 598;A01;1;7;0;2;3;11;1;
18158;202100011817;180 599;B01;1;30;0;2;3;0;1;
18159;202100011818;180 597;A01;2;1;1;0;1;1;5;
18160;202100011819;180 596;A01;0;10;0;1;2;1;1;
18161;202100011820;180 594;B01;1;7;0;0;4;2;1;
18162;202100011820;180 595;A01;1;7;0;2;1;12;1;
18163;202100011821;180 592;B01;0;1;1;0;1;1;5;
18164;202100011821;180 593;A01;0;7;0;9;3;9;1;
18165;202100011822;180 591;A01;3;7;0;1;2;15;1;
18166;202100011823;180 589;B01;2;7;0;2;5;23;0;
18167;202100011823;180 590;A01;2;7;5;2;3;26;1;
18168;202100011824;180 587;A01;1;7;0;2;5;15;1;
18169;202100011824;180 588;B01;2;2;0;2;3;2;1;
18170;202100011825;180 584;A01;2;30;0;0;0;9;1;
18171;202100011826;180 583;A01;0;7;2;0;2;15;1;
18172;202100011827;180 581;Z01;0;3;0;2;0;0;0;
18173;202100011827;180 582;A01;1;32;0;2;8;1;1;
18174;202100011829;180 577;A01;0;7;0;2;3;9;1;
18175;202100011829;180 578;B01;0;34;0;2;1;1;1;
18176;202100011830;180 576;A01;3;30;0;1;1;1;1;
18177;202100011831;180 575;A01;2;30;1;0;7;14;1;
18178;202100011832;180 573;A01;3;30;0;9;1;1;1;
18179;202100011832;180 574;B01;3;30;0;9;4;1;1;
18180;202100011833;180 571;B01;1;7;0;2;4;1;1;
18181;202100011833;180 572;A01;1;2;0;2;1;2;1;
18182;202100011834;180 569;B01;2;7;0;2;1;1;1;
18183;202100011834;180 570;A01;1;1;0;2;1;1;5;
18184;202100011835;180 566;C01;1;7;0;2;4;2;1;
18185;202100011835;180 567;A01;1;7;1;0;0;0;1;
18186;202100011835;180 568;B01;1;7;1;0;0;0;1;
18187;202100011836;180 564;B01;3;1;0;2;1;25;0;
18188;202100011836;180 565;A01;3;7;0;9;2;26;1;
18189;202100011837;180 563;A01;2;7;9;0;1;0;1;
18190;202100011839;180 556;A01;1;17;0;2;1;1;1;
18191;202100011839;180 557;B01;1;7;0;2;4;11;2;
18192;202100011840;180 555;A01;1;33;0;1;3;1;1;
18193;202100011841;180 553;A01;1;37;0;2;1;1;2;1.0
18194;202100011841;180 554;B01;2;80;0;2;1;5;3;
18195;202100011842;180 552;A01;2;80;0;1;1;8;3;
18196;202100011843;180 549;A01;1;33;0;2;8;17;1;
18197;202100011843;180 550;B01;1;7;0;2;8;13;1;
18198;202100011843;180 551;C01;1;7;0;2;3;24;1;
18199;202100011844;180 547;B01;2;1;0;2;1;1;5;
18200;202100011844;180 548;A01;1;7;0;2;2;16;1;
18201;202100011845;180 546;A01;1;30;0;1;1;7;1;
18202;202100011847;180 543;A01;1;33;0;0;7;9;1;
18203;202100011848;180 542;A01;2;32;14;2;3;21;1;
18204;202100011849;180 541;A01;1;1;0;1;1;1;5;
18205;202100011850;180 540;A01;3;1;0;0;0;1;5;
18206;202100011851;180 539;A01;2;1;0;1;1;21;5;
18207;202100011853;180 536;A01;1;32;0;1;1;17;1;
18208;202100011854;180 534;A01;2;7;0;2;1;5;1;
18209;202100011854;180 535;B01;1;30;0;2;1;1;1;
18210;202100011855;180 533;A01;1;32;0;1;0;1;1;
18211;202100011856;180 531;B01;2;31;0;2;4;1;1;
18212;202100011856;180 532;A01;2;10;0;2;3;2;1;
18213;202100011857;180 529;B01;1;10;0;2;1;1;1;
18214;202100011857;180 530;A01;1;1;0;2;7;1;5;
18215;202100011858;180 527;B01;1;7;0;2;1;1;1;
18216;202100011858;180 528;Z01;2;7;0;2;1;10;1;
18217;202100011859;180 525;A01;3;7;0;2;1;1;1;
18218;202100011859;180 526;B01;3;2;0;2;3;16;3;
18219;202100011860;180 522;B01;3;2;0;2;1;0;1;
18220;202100011860;180 523;A01;1;10;0;2;3;15;1;
18221;202100011861;180 521;A01;3;7;0;1;1;15;1;
18222;202100011862;180 519;B01;2;13;0;2;3;16;1;
18223;202100011862;180 520;A01;1;7;0;2;3;13;1;
18224;202100011863;180 516;Z01;1;10;0;2;0;2;1;
18225;202100011863;180 517;C01;1;10;0;2;4;2;1;
18226;202100011863;180 518;B01;1;7;0;2;4;2;1;
18227;202100011865;180 511;B01;1;34;0;0;0;0;0;
18228;202100011865;180 512;A01;1;7;0;2;3;11;0;
18229;202100011866;180 509;A01;1;2;0;2;1;21;0;
18230;202100011866;180 510;B01;1;3;0;2;3;1;0;
18231;202100011867;180 507;B01;1;7;0;2;4;2;0;
18232;202100011867;180 508;A01;1;33;0;2;1;2;0;
18233;202100011868;180 506;A01;1;32;0;2;7;1;1;
18234;202100011869;180 505;A01;2;30;12;2;8;17;1;
18235;202100011870;180 502;C01;1;7;0;2;3;23;1;
18236;202100011870;180 503;B01;1;10;0;2;8;1;1;
18237;202100011870;180 504;A01;2;10;0;2;1;11;1;
18238;202100011871;180 501;A01;3;7;9;0;1;16;1;
18239;202100011872;180 500;A01;0;31;0;0;2;1;1;
18240;202100011874;180 498;A01;1;7;0;1;6;1;1;
18241;202100011875;180 496;B01;1;7;0;2;1;1;1;
18242;202100011875;180 497;A01;2;7;0;2;2;9;1;
18243;202100011876;180 495;A01;3;7;0;1;4;26;0;
18244;202100011877;180 493;A01;1;7;0;0;3;13;1;
18245;202100011877;180 494;B01;1;7;0;0;8;26;1;
18246;202100011878;180 491;B01;0;60;0;2;3;1;5;
18247;202100011878;180 492;A01;0;7;0;2;1;25;1;
18248;202100011879;180 490;A01;3;99;13;0;8;13;1;
18249;202100011880;180 488;A01;2;7;0;2;3;11;1;
18250;202100011880;180 489;B01;2;33;0;2;7;1;1;
18251;202100011881;180 487;A01;2;10;0;1;2;16;1;
18252;202100011882;180 485;A01;3;7;0;2;3;15;1;
18253;202100011882;180 486;B01;3;32;0;2;2;13;1;
18254;202100011883;180 484;A01;2;7;0;1;2;1;1;
18255;202100011884;180 482;B01;1;7;0;2;1;1;1;
18256;202100011884;180 483;A01;2;7;0;2;1;5;1;
18257;202100011885;180 481;A01;2;7;0;1;1;1;1;
18258;202100011886;180 478;C01;2;50;0;2;8;19;3;
18259;202100011886;180 479;B01;1;7;0;2;1;1;1;
18260;202100011886;180 480;A01;2;7;0;2;3;1;1;
18261;202100011887;180 476;A01;1;7;0;2;1;13;1;
18262;202100011887;180 477;B01;2;7;0;2;1;1;1;
18263;202100011888;180 474;A01;1;7;0;2;1;13;1;
18264;202100011888;180 475;B01;2;7;0;2;1;1;1;
18265;202100011889;180 473;A01;1;7;6;0;8;20;1;
18266;202100011890;180 472;A01;0;7;0;1;6;15;1;
18267;202100011891;180 470;B01;3;2;0;2;1;1;1;