;Num_Acc;id_vehicule;num_veh;senc;catv;obs;obsm;choc;manv;motor;occutc
18268;202100011891;180 471;A01;3;7;0;2;3;1;1;
18269;202100011893;180 467;A01;0;1;0;2;8;1;5;
18270;202100011893;180 468;B01;0;10;0;2;0;1;0;
18271;202100011894;180 465;A01;2;33;0;0;1;2;1;
18272;202100011894;180 466;B01;2;7;0;0;4;15;1;
18273;202100011895;180 463;A01;1;7;0;2;2;0;1;
18274;202100011895;180 464;B01;2;13;0;2;2;0;1;
18275;202100011896;180 462;A01;2;7;0;1;2;1;1;
18276;202100011897;180 460;B01;1;1;0;2;1;1;5;
18277;202100011897;180 461;A01;2;7;0;2;1;1;1;
18278;202100011898;180 458;C01;3;7;0;0;8;9;1;
18279;202100011898;180 459;B01;1;10;0;2;1;1;1;
18280;202100011899;180 456;A01;1;7;0;2;3;0;1;
18281;202100011899;180 457;B01;2;7;0;2;3;0;1;
18282;202100011900;180 454;B01;2;7;0;2;3;19;1;
18283;202100011900;180 455;A01;2;34;0;2;1;17;1;
18284;202100011902;180 450;B01;2;16;0;0;0;0;1;
18285;202100011902;180 451;D01;2;7;1;0;1;21;1;
18286;202100011902;180 452;A01;2;7;0;2;2;17;1;
18287;202100011903;180 448;A01;0;7;0;2;2;26;1;
18288;202100011903;180 449;B01;0;2;0;2;1;1;1;
18289;202100011904;180 447;A01;2;7;2;0;1;13;1;
18290;202100011905;180 445;A01;2;7;0;2;3;13;3;
18291;202100011905;180 446;B01;1;13;0;2;1;21;1;
18292;202100011906;180 443;A01;1;31;0;2;1;1;1;
18293;202100011906;180 444;B01;1;7;0;0;4;23;1;
18294;202100011907;180 441;A01;1;7;0;2;1;1;1;
18295;202100011907;180 442;B01;2;7;0;2;2;15;1;
18296;202100011908;180 437;A01;0;7;0;2;1;15;1;
18297;202100011908;180 438;B01;0;2;0;0;2;1;1;
18298;202100011909;180 436;A01;2;7;2;0;7;1;0;
18299;202100011910;180 435;A01;3;10;0;1;3;13;1;
18300;202100011912;180 432;A01;3;7;2;0;1;0;1;
18301;202100011913;180 431;A01;1;7;13;0;2;13;1;
18302;202100011915;180 428;B01;1;7;0;2;6;15;0;
18303;202100011915;180 429;A01;1;32;0;2;7;17;1;
18304;202100011916;180 427;A01;2;7;0;1;1;1;1;
18305;202100011917;180 425;B01;1;1;0;2;1;15;5;
18306;202100011917;180 426;A01;2;7;0;2;1;6;1;
18307;202100011918;180 424;A01;1;13;2;0;3;1;1;
18308;202100011919;180 421;A01;1;17;0;1;2;1;1;
18309;202100011920;180 419;A01;1;7;0;2;1;13;1;
18310;202100011920;180 420;B01;2;7;0;2;1;1;1;
18311;202100011921;180 417;A01;0;14;0;2;6;26;1;
18312;202100011921;180 418;B01;2;7;0;2;2;1;1;
18313;202100011922;180 415;A01;1;7;0;0;4;2;1;
18314;202100011922;180 416;B01;1;7;0;2;1;2;1;
18315;202100011923;180 411;B01;2;31;0;6;1;1;1;
18316;202100011923;180 412;A01;2;7;0;6;3;1;1;
18317;202100011924;180 409;B01;1;7;0;2;3;17;1;
18318;202100011924;180 410;A01;2;7;0;2;8;1;1;
18319;202100011925;180 408;A01;2;7;0;1;1;1;1;
18320;202100011926;180 407;A01;1;31;0;0;0;0;1;
18321;202100011927;180 405;A01;2;7;7;0;4;16;1;
18322;202100011927;180 406;B01;2;7;0;2;1;1;1;
18323;202100011928;180 403;B01;2;31;0;2;1;17;1;
18324;202100011928;180 404;A01;2;7;0;2;3;15;1;
18325;202100011929;180 401;A01;2;7;0;2;1;15;1;
18326;202100011929;180 402;B01;1;2;0;2;8;0;1;
18327;202100011930;180 399;B01;1;7;13;2;4;2;1;
18328;202100011930;180 400;A01;1;10;0;2;1;2;1;
18329;202100011931;180 397;A01;2;7;0;0;5;1;1;
18330;202100011931;180 398;B01;3;10;0;2;1;9;1;
18331;202100011932;180 396;A01;0;7;9;0;9;1;1;
18332;202100011933;180 395;A01;0;7;0;1;1;0;1;
18333;202100011934;180 394;A01;1;7;0;1;2;1;1;
18334;202100011935;180 393;A01;1;7;0;1;2;1;1;
18335;202100011936;180 390;C01;1;7;0;2;8;1;1;
18336;202100011936;180 391;B01;2;7;0;2;3;9;3;
18337;202100011936;180 392;A01;1;7;0;2;3;17;1;
18338;202100011938;180 386;B01;1;7;0;2;1;0;1;
18339;202100011938;180 387;A01;1;7;0;2;4;24;1;
18340;202100011939;180 385;A01;2;7;4;0;3;1;1;
18341;202100011940;180 383;A01;1;10;0;2;4;2;1;
18342;202100011940;180 384;B01;1;10;0;2;1;2;1;
18343;202100011941;180 382;A01;1;33;14;0;2;1;1;
18344;202100011942;180 379;C01;2;10;0;2;8;1;1;
18345;202100011942;180 380;B01;2;7;0;2;7;1;1;
18346;202100011942;180 381;A01;2;7;0;2;8;2;1;
18347;202100011943;180 375;D01;1;7;0;2;4;2;3;
18348;202100011943;180 376;C01;1;7;0;2;4;2;1;
18349;202100011943;180 377;B01;1;7;0;2;4;2;1;
18350;202100011943;180 378;A01;1;7;0;2;1;2;1;
18351;202100011944;180 373;A01;1;10;0;2;5;12;1;
18352;202100011944;180 374;B01;1;31;0;2;1;3;1;
18353;202100011945;180 371;B01;1;31;0;2;1;3;1;
18354;202100011945;180 372;A01;1;10;0;2;7;12;1;
18355;202100011946;180 369;A01;1;7;4;2;7;1;1;
18356;202100011946;180 370;B01;1;7;0;2;8;11;1;
18357;202100011948;180 365;A01;2;33;0;2;8;3;1;
18358;202100011948;180 366;Z01;2;10;0;2;0;0;1;
18359;202100011949;180 364;A01;2;33;3;0;9;1;1;
18360;202100011950;180 363;A01;2;7;4;0;8;1;1;
18361;202100011951;180 361;B01;2;7;0;2;6;0;1;
18362;202100011951;180 362;A01;2;7;4;2;1;2;1;
18363;202100011952;180 359;A01;2;7;0;2;8;11;1;
18364;202100011952;180 360;B01;2;32;0;2;7;3;1;
18365;202100011953;180 357;A01;1;7;0;2;1;1;1;
18366;202100011953;180 358;B01;1;10;0;2;4;1;1;
18367;202100011954;180 354;A01;1;7;0;2;2;12;1;
18368;202100011954;180 355;B01;1;10;0;2;6;1;1;
18369;202100011954;180 356;C01;1;15;0;2;6;1;1;
18370;202100011955;180 352;B01;2;33;0;2;8;3;1;
18371;202100011955;180 353;A01;2;7;0;2;5;12;3;
18372;202100011956;180 351;A01;2;7;15;0;0;1;1;
18373;202100011957;180 349;B01;3;60;0;2;7;1;5;
18374;202100011957;180 350;A01;3;7;0;9;1;9;1;
18375;202100011958;180 348;A01;2;7;2;0;2;1;1;
18376;202100011959;180 346;B01;1;1;0;2;4;1;5;
18377;202100011959;180 347;Z01;3;7;0;2;1;1;1;
18378;202100011960;180 342;B01;1;7;0;2;4;1;1;
18379;202100011960;180 343;A01;1;7;0;2;1;1;1;
18380;202100011961;180 340;A01;3;33;0;2;1;1;1;
18381;202100011961;180 341;B01;3;7;0;2;2;15;2;
18382;202100011962;180 339;A01;3;7;13;0;0;0;1;
18383;202100011965;180 332;Z01;1;7;0;2;1;2;0;
18384;202100011965;180 333;A01;1;2;0;2;6;2;1;
18385;202100011966;180 330;A01;3;7;0;9;3;15;1;
18386;202100011966;180 331;B01;2;1;0;2;3;1;5;
18387;202100011967;180 328;A01;1;2;0;2;1;1;1;
18388;202100011967;180 329;B01;1;1;0;2;7;19;0;
18389;202100011970;180 323;A01;2;7;0;2;3;15;0;
18390;202100011970;180 324;B01;3;30;0;2;2;5;1;
18391;202100011971;180 321;A01;1;10;0;2;2;1;1;
18392;202100011971;180 322;B01;0;1;0;2;0;0;-1;
18393;202100011972;180 319;B01;2;50;0;2;7;1;3;
18394;202100011972;180 320;A01;1;7;0;2;1;1;2;
18395;202100011973;180 317;B01;2;7;0;2;8;2;1;
18396;202100011973;180 318;A01;2;7;0;2;0;0;1;
18397;202100011974;180 314;C01;3;7;1;2;5;24;1;
18398;202100011974;180 315;B01;1;7;1;2;3;1;1;
18399;202100011974;180 316;A01;1;7;0;2;1;9;1;
18400;202100011975;180 313;A01;3;7;0;1;3;1;0;
18401;202100011976;180 311;B01;3;7;0;2;1;13;1;
18402;202100011976;180 312;A01;3;15;0;2;2;21;1;
18403;202100011977;180 310;A01;1;7;0;1;3;1;1;
18404;202100011978;180 308;B01;3;50;0;2;1;1;3;
18405;202100011978;180 309;A01;3;7;0;2;3;9;1;
18406;202100011979;180 306;A01;1;7;0;2;2;17;1;
18407;202100011979;180 307;B01;1;33;0;2;8;1;1;
18408;202100011980;180 305;A01;2;7;0;1;1;1;1;
18409;202100011981;180 302;A01;2;10;0;2;1;2;1;
18410;202100011981;180 303;B01;2;7;0;2;4;2;1;
18411;202100011981;180 304;C01;2;7;0;0;4;2;1;
18412;202100011982;180 300;A01;1;10;0;2;2;15;1;
18413;202100011982;180 301;B01;2;7;0;2;1;1;1;
18414;202100011983;180 298;B01;1;31;0;2;1;1;1;
18415;202100011983;180 299;A01;1;7;0;2;7;10;1;
18416;202100011984;180 297;A01;1;33;14;0;1;1;1;
18417;202100011985;180 295;A01;2;7;0;2;1;13;1;
18418;202100011985;180 296;B01;2;7;0;2;0;0;1;
18419;202100011986;180 291;D01;2;10;0;2;8;2;1;
18420;202100011986;180 292;C01;2;10;0;2;8;1;1;
18421;202100011986;180 293;B01;2;7;0;2;8;1;1;
18422;202100011986;180 294;A01;2;33;0;2;3;17;1;
18423;202100011987;180 289;B01;2;33;0;2;1;17;1;
18424;202100011987;180 290;A01;2;7;0;2;0;15;1;
18425;202100011988;180 288;A01;1;7;14;0;1;1;1;
18426;202100011989;180 284;D01;2;10;0;2;1;2;1;
18427;202100011989;180 285;C01;2;7;0;2;1;2;1;
18428;202100011989;180 286;B01;2;10;0;2;1;2;1;
18429;202100011989;180 287;A01;2;7;0;2;4;2;1;
18430;202100011990;180 282;B01;2;31;0;2;7;0;1;
18431;202100011990;180 283;A01;0;7;0;2;1;9;1;
18432;202100011991;180 281;A01;1;7;1;0;1;13;1;
18433;202100011992;180 279;A01;2;30;0;2;7;1;1;
18434;202100011992;180 280;B01;2;7;0;2;8;1;1;
18435;202100011993;180 277;A01;2;7;0;2;1;2;1;
18436;202100011993;180 278;B01;2;7;0;2;4;2;1;
18437;202100011994;180 276;A01;2;7;0;1;2;1;1;
18438;202100011995;180 274;B01;2;7;0;2;1;1;1;
18439;202100011995;180 275;A01;1;7;0;2;1;15;1;
18440;202100011996;180 272;A01;2;7;0;9;1;1;1;
18441;202100011996;180 273;B01;1;50;0;2;7;26;3;
18442;202100011997;180 268;D01;2;7;0;2;4;2;2;
18443;202100011997;180 269;C01;2;7;0;2;4;2;1;
18444;202100011997;180 270;B01;2;7;0;2;4;2;1;
18445;202100011997;180 271;A01;2;7;0;2;1;2;1;
18446;202100011998;180 266;B01;2;37;0;2;7;0;1;1.0
18447;202100011998;180 267;A01;1;33;0;2;1;9;1;
18448;202100011999;180 264;B01;2;7;0;2;4;2;1;
18449;202100011999;180 265;A01;2;7;0;2;1;2;1;
18450;202100012000;180 262;A01;3;30;0;2;1;26;1;
18451;202100012000;180 263;B01;3;7;0;2;1;1;1;
18452;202100012001;180 261;A01;2;7;1;0;3;13;1;
18453;202100012002;180 259;B01;1;2;0;2;1;1;3;
18454;202100012002;180 260;A01;1;7;0;2;2;19;1;
18455;202100012003;180 257;B01;3;1;0;2;1;0;5;
18456;202100012003;180 258;A01;3;7;0;2;3;9;1;
18457;202100012004;180 255;B01;1;31;0;2;1;1;1;
18458;202100012004;180 256;A01;1;7;0;2;5;15;1;
18459;202100012005;180 253;A01;1;3;0;2;3;15;1;
18460;202100012005;180 254;B01;2;2;0;2;1;1;1;
18461;202100012006;180 251;B01;3;7;0;2;4;23;1;
18462;202100012006;180 252;A01;3;33;0;2;1;2;1;
18463;202100012007;180 249;A01;2;30;0;2;1;1;1;
18464;202100012007;180 250;B01;2;7;0;2;5;23;1;
18465;202100012008;180 246;B01;1;7;0;2;4;26;1;
18466;202100012008;180 247;A01;1;7;0;2;1;26;1;
18467;202100012008;180 248;C01;1;7;0;2;4;26;1;
18468;202100012009;180 244;B01;1;7;0;2;1;1;1;
18469;202100012009;180 245;A01;1;7;0;2;7;15;1;
18470;202100012010;180 242;A01;2;7;0;2;1;26;1;
18471;202100012010;180 243;B01;2;7;0;0;5;1;1;
18472;202100012011;180 240;B01;0;50;0;9;7;1;3;
18473;202100012011;180 241;A01;0;7;14;0;1;19;0;
18474;202100012012;180 239;A01;1;7;0;1;1;9;1;
18475;202100012013;180 238;A01;3;7;0;1;1;1;1;
18476;202100012015;180 235;B01;1;33;0;2;1;1;1;
18477;202100012015;180 236;A01;1;7;0;2;3;20;1;
18478;202100012016;180 232;A01;2;7;0;1;5;1;1;
18479;202100012017;180 231;A01;1;7;0;1;2;7;1;
18480;202100012018;180 229;B01;1;7;0;2;3;26;1;
18481;202100012018;180 230;A01;1;30;0;2;2;17;1;
18482;202100012019;180 227;A01;2;7;0;2;3;9;1;
18483;202100012019;180 228;B01;3;30;0;2;7;1;1;
18484;202100012020;180 225;A01;1;7;0;2;8;10;1;
18485;202100012020;180 226;B01;1;33;0;2;1;1;1;
18486;202100012021;180 223;B01;1;33;0;2;1;1;1;
18487;202100012021;180 224;A01;2;7;0;2;7;15;1;
18488;202100012023;180 219;A01;1;10;0;2;5;17;1;
18489;202100012023;180 220;B01;1;1;0;2;3;1;5;
18490;202100012024;180 217;A01;3;7;0;2;8;1;1;
18491;202100012024;180 218;B01;3;7;0;2;3;1;1;
18492;202100012025;180 215;B01;3;1;0;2;1;2;5;
18493;202100012025;180 216;A01;3;7;0;2;3;9;1;
18494;202100012026;180 213;B01;1;37;0;2;2;1;1;1.0
18495;202100012026;180 214;A01;2;7;8;2;2;19;1;
18496;202100012029;180 208;A01;3;7;2;0;1;13;1;
18497;202100012030;180 206;A01;3;7;14;2;1;1;1;
18498;202100012030;180 207;B01;3;10;10;2;3;1;1;
18499;202100012031;180 204;B01;1;43;0;2;2;1;1;
18500;202100012031;180 205;A01;1;7;0;2;3;15;1;
18501;202100012032;180 202;A01;1;34;0;2;8;1;1;
18502;202100012032;180 203;Z01;1;7;0;2;1;1;0;
18503;202100012033;180 200;B01;1;7;0;2;1;2;1;
18504;202100012033;180 201;A01;2;7;0;2;1;17;1;
18505;202100012034;180 199;A01;0;7;0;1;3;1;1;
18506;202100012036;180 195;A01;3;7;0;2;3;9;1;
18507;202100012036;180 196;B01;3;7;0;2;2;1;1;
18508;202100012037;180 193;B01;2;30;0;2;2;1;1;
18509;202100012037;180 194;A01;2;7;0;2;1;1;1;
18510;202100012038;180 192;A01;1;7;0;2;1;1;1;
18511;202100012039;180 191;A01;3;10;6;0;1;0;1;
18512;202100012041;180 185;A01;2;7;0;2;1;2;1;
18513;202100012041;180 186;B01;2;7;0;2;4;2;1;
18514;202100012041;180 187;C01;2;7;0;2;4;2;2;
18515;202100012042;180 183;A01;2;7;0;2;6;4;1;
18516;202100012042;180 184;B01;2;30;0;2;1;2;3;
18517;202100012043;180 181;A01;1;14;0;2;7;14;1;
18518;202100012043;180 182;B01;1;1;0;2;3;1;5;
18519;202100012044;180 180;A01;1;30;0;0;0;1;3;
18520;202100012045;180 178;A01;2;10;0;4;8;10;1;
18521;202100012045;180 179;B01;2;40;0;2;2;1;3;
18522;202100012046;180 176;A01;1;50;0;2;3;1;3;
18523;202100012046;180 177;Z01;1;7;0;2;2;17;0;
18524;202100012047;180 175;A01;2;7;8;0;3;9;1;
18525;202100012048;180 173;A01;1;7;0;2;4;4;1;
18526;202100012048;180 174;B01;1;1;0;2;7;9;5;
18527;202100012049;180 172;A01;1;43;0;1;1;1;1;
18528;202100012051;180 170;A01;1;32;0;0;0;18;1;
18529;202100012052;180 168;A01;1;7;0;2;3;16;1;
18530;202100012052;180 169;B01;2;50;0;2;1;1;3;
18531;202100012053;180 166;A01;2;10;0;2;8;22;1;
18532;202100012053;180 167;B01;2;1;0;2;1;1;5;
18533;202100012055;180 162;B01;1;7;0;2;2;1;1;
18534;202100012055;180 163;A01;1;80;0;2;3;1;3;
18535;202100012056;180 160;B01;2;7;0;2;5;23;1;
18536;202100012056;180 161;A01;2;33;1;0;1;26;1;
18537;202100012057;180 158;B01;0;7;0;2;3;1;1;
18538;202100012057;180 159;A01;3;7;0;2;1;19;1;
18539;202100012058;180 156;B01;2;7;0;2;2;1;1;
18540;202100012058;180 157;A01;2;7;0;2;1;15;1;
18541;202100012059;180 154;B01;3;7;0;2;1;2;1;
18542;202100012059;180 155;A01;3;7;0;2;3;9;1;
18543;202100012063;180 150;A01;1;7;0;1;3;16;1;
18544;202100012064;180 148;A01;3;7;0;2;1;1;1;
18545;202100012064;180 149;B01;3;7;0;2;3;15;1;
18546;202100012065;180 147;A01;2;7;0;1;3;1;1;
18547;202100012066;180 144;C01;-1;10;1;2;6;0;1;
18548;202100012066;180 145;B01;-1;7;2;2;1;12;1;
18549;202100012066;180 146;A01;-1;7;16;2;4;1;1;
18550;202100012067;180 142;A01;0;7;1;2;3;1;1;
18551;202100012067;180 143;B01;3;10;0;0;0;0;1;
18552;202100012068;180 140;B01;-1;43;0;2;1;1;1;
18553;202100012068;180 141;A01;-1;10;0;2;4;26;1;
18554;202100012069;180 139;A01;3;10;0;1;3;15;1;
18555;202100012070;180 138;A01;3;50;0;0;0;1;3;
18556;202100012073;180 133;A01;3;30;0;0;0;3;1;
18557;202100012075;180 130;A01;2;13;6;0;3;1;1;
18558;202100012076;180 129;A01;2;7;15;1;1;16;1;
18559;202100012077;180 127;A01;2;50;0;2;1;25;3;
18560;202100012077;180 128;B01;1;1;0;2;1;5;5;
18561;202100012078;180 126;A01;1;1;0;1;1;1;5;
18562;202100012079;180 124;B01;1;31;0;2;1;1;1;
18563;202100012079;180 125;A01;1;10;0;2;5;12;1;
18564;202100012080;180 122;B01;1;20;0;2;1;1;1;
18565;202100012080;180 123;A01;2;32;6;2;1;17;1;
18566;202100012081;180 119;A01;2;7;1;0;1;2;1;
18567;202100012081;180 120;B01;2;10;0;2;4;23;1;
18568;202100012081;180 121;C01;2;7;0;2;4;23;1;
18569;202100012082;180 117;A01;1;7;0;2;6;13;1;
18570;202100012082;180 118;B01;2;37;0;2;1;1;1;5.0
18571;202100012084;180 114;A01;0;7;0;1;1;1;1;
18572;202100012085;180 112;B01;2;15;0;0;4;2;1;
18573;202100012085;180 113;A01;2;7;0;2;1;2;1;
18574;202100012086;180 111;A01;1;7;0;1;1;1;1;
18575;202100012087;180 110;A01;1;31;12;0;1;1;1;
18576;202100012089;180 107;B01;2;33;0;2;1;1;1;
18577;202100012089;180 108;A01;2;7;0;0;7;19;1;
18578;202100012090;180 104;B01;3;7;0;2;2;1;1;
18579;202100012090;180 105;A01;3;35;0;2;3;9;1;
18580;202100012091;180 103;A01;2;7;2;0;3;0;1;
18581;202100012092;180 101;B01;2;21;0;0;4;15;1;
18582;202100012092;180 102;A01;2;2;0;9;1;17;1;
18583;202100012093;180 100;A01;2;7;4;0;9;1;1;
18584;202100012095;180 097;A01;1;7;17;0;1;5;1;
18585;202100012096;180 095;A01;1;10;0;9;2;1;1;
18586;202100012096;180 096;B01;1;1;0;2;4;1;0;
18587;202100012097;180 093;B01;2;7;0;2;1;1;1;
18588;202100012097;180 094;A01;1;7;0;2;8;17;1;
18589;202100012098;180 091;B01;1;31;0;2;1;17;1;
18590;202100012098;180 092;A01;1;10;0;0;6;11;1;
18591;202100012099;180 090;A01;2;3;0;0;9;14;1;
18592;202100012100;180 089;A01;3;7;0;1;2;0;1;
18593;202100012101;180 086;A01;1;7;13;0;2;1;1;
18594;202100012102;180 082;B01;1;33;0;2;1;1;1;
18595;202100012102;180 083;A01;2;7;0;2;2;15;1;
18596;202100012103;180 080;A01;2;7;0;2;1;13;1;
18597;202100012103;180 081;B01;1;7;0;2;1;0;1;
18598;202100012105;180 076;A01;1;7;0;2;1;1;1;
18599;202100012105;180 077;B01;2;7;0;2;2;19;1;
18600;202100012106;180 074;B01;1;10;3;2;3;1;1;
18601;202100012106;180 075;A01;2;17;0;2;6;1;1;
18602;202100012107;180 072;A01;-1;7;0;2;2;25;2;
18603;202100012107;180 073;B01;-1;50;0;2;2;25;3;
18604;202100012108;180 070;B01;1;17;0;2;1;0;1;
18605;202100012108;180 071;A01;2;7;0;2;1;0;1;
18606;202100012110;180 064;A01;1;7;3;2;2;12;1;
18607;202100012110;180 065;C01;1;7;1;0;1;1;1;
18608;202100012110;180 066;D01;1;7;1;0;1;1;1;
18609;202100012110;180 067;E01;1;7;14;0;1;1;1;
18610;202100012110;180 068;B01;1;15;0;2;3;1;1;
18611;202100012111;180 062;A01;1;7;3;2;0;1;1;
18612;202100012111;180 063;B01;1;7;0;2;3;1;1;
18613;202100012112;180 060;A01;2;7;4;0;3;1;1;
18614;202100012112;180 061;B01;2;7;14;0;1;2;1;
18615;202100012113;180 059;A01;2;7;13;0;1;17;1;
18616;202100012114;180 057;B01;2;7;0;2;3;1;3;
18617;202100012114;180 058;A01;1;7;0;2;1;5;1;
18618;202100012115;180 055;A01;1;7;0;2;1;1;1;
18619;202100012115;180 056;B01;2;7;0;2;1;1;1;
18620;202100012116;180 053;B01;0;7;0;0;6;19;1;
18621;202100012116;180 054;A01;0;33;0;2;1;2;1;
18622;202100012117;180 052;A01;2;7;0;1;1;1;1;
18623;202100012119;180 049;A01;1;10;1;1;6;20;1;
18624;202100012120;180 048;A01;0;36;0;0;0;0;1;
18625;202100012121;180 046;A01;1;7;0;2;3;10;1;
18626;202100012121;180 047;B01;1;33;0;2;1;17;1;
18627;202100012122;180 044;A01;2;30;0;2;1;5;1;
18628;202100012122;180 045;B01;1;7;0;2;1;1;1;
18629;202100012123;180 042;B01;1;1;0;2;6;15;5;
18630;202100012123;180 043;A01;1;31;0;2;2;17;1;
18631;202100012124;180 041;A01;1;7;0;1;2;20;1;
18632;202100012125;180 040;A01;1;7;13;0;2;1;1;
18633;202100012126;180 038;B01;3;1;0;0;8;1;5;
18634;202100012126;180 039;A01;3;7;0;2;3;15;1;
18635;202100012127;180 035;C01;1;7;0;0;6;2;1;
18636;202100012127;180 036;B01;1;7;3;2;9;2;1;
18637;202100012127;180 037;A01;1;10;0;0;0;2;1;
18638;202100012128;180 033;A01;2;10;0;9;1;9;1;
18639;202100012128;180 034;B01;1;50;0;2;7;1;3;
18640;202100012130;180 029;A01;1;7;0;2;7;17;1;
18641;202100012130;180 030;B01;1;7;0;2;3;15;1;
18642;202100012131;180 028;A01;2;7;0;1;2;1;1;
18643;202100012132;180 026;A01;3;7;0;0;2;17;1;
18644;202100012132;180 027;B01;3;1;0;2;8;26;5;
18645;202100012133;180 025;A01;1;7;3;0;3;1;1;
18646;202100012134;180 024;B01;2;17;0;1;3;21;1;
18647;202100012136;180 020;A01;0;7;0;0;0;26;1;
18648;202100012136;180 021;B01;0;31;0;0;0;0;1;
18649;202100012137;180 018;A01;1;7;0;2;1;2;1;
18650;202100012137;180 019;B01;1;7;0;0;4;2;1;
18651;202100012138;180 017;A01;1;7;4;0;1;1;1;
18652;202100012139;180 015;A01;2;33;0;2;7;3;1;
18653;202100012139;180 016;B01;2;7;0;2;8;11;1;
18654;202100012140;180 013;B01;1;7;0;2;1;2;1;
18655;202100012140;180 014;A01;1;7;0;2;2;12;1;
18656;202100012141;180 012;A01;2;15;3;0;1;1;1;
18657;202100012142;180 011;A01;2;7;0;1;3;16;1;
18658;202100012143;180 010;A01;0;0;0;1;0;26;0;
18659;202100012144;180 009;A01;1;80;0;1;1;1;3;
18660;202100012145;180 007;A01;3;7;0;2;5;15;1;
18661;202100012145;180 008;B01;3;31;0;2;2;1;1;
18662;202100012146;180 006;A01;2;7;0;1;1;1;1;
18663;202100012147;180 005;A01;1;7;0;1;2;1;1;
18664;202100012149;180 003;A01;1;10;0;1;7;1;1;
18665;202100012151;180 001;A01;1;14;0;1;1;1;1;
18666;202100012152;180 000;A01;2;33;0;1;1;1;1;
18667;202100012153;179 998;A01;3;7;0;2;3;15;1;
18668;202100012153;179 999;B01;3;33;0;2;2;3;1;
18669;202100012154;179 997;A01;2;30;0;1;1;16;1;
18670;202100012156;179 995;A01;1;7;0;1;1;0;1;
18671;202100012157;179 993;A01;2;33;0;2;1;11;1;
18672;202100012157;179 994;B01;2;33;0;2;6;1;1;
18673;202100012158;179 992;A01;1;3;12;1;1;15;1;
18674;202100012160;179 988;B01;3;7;0;2;4;1;1;
18675;202100012160;179 989;A01;3;7;0;2;1;1;1;
18676;202100012161;179 986;A01;3;7;0;2;2;15;1;
18677;202100012161;179 987;B01;3;2;0;2;1;1;1;
18678;202100012162;179 985;A01;2;30;9;0;1;11;1;
18679;202100012163;179 982;B01;1;50;0;2;3;3;3;
18680;202100012163;179 983;C01;1;37;0;2;6;11;2;1.0
18681;202100012163;179 984;A01;1;10;0;2;7;1;1;
18682;202100012164;179 980;B01;1;50;0;2;1;1;3;
18683;202100012164;179 981;A01;2;7;0;2;2;15;1;
18684;202100012165;179 978;A01;2;80;0;2;1;1;3;
18685;202100012165;179 979;B01;1;7;0;2;1;5;1;
18686;202100012166;179 976;B01;2;50;1;0;0;17;3;
18687;202100012166;179 977;A01;2;7;0;2;0;24;0;
18688;202100012167;179 972;A01;3;7;0;2;4;4;0;
18689;202100012167;179 973;B01;-1;10;0;2;7;1;1;
18690;202100012168;179 970;B01;2;7;0;2;2;1;1;
18691;202100012168;179 971;A01;2;33;0;2;8;3;1;
18692;202100012170;179 966;A01;2;7;0;2;3;26;1;
18693;202100012170;179 967;B01;2;7;0;2;1;0;1;
18694;202100012171;179 965;A01;2;10;0;1;1;1;1;
18695;202100012172;179 963;B01;1;2;0;2;1;1;1;
18696;202100012172;179 964;A01;0;7;0;2;7;15;1;
18697;202100012173;179 961;B01;3;7;0;2;7;1;1;
18698;202100012173;179 962;A01;1;80;0;2;1;26;3;
18699;202100012174;179 959;B01;2;7;0;2;1;1;1;
18700;202100012174;179 960;A01;2;7;4;2;1;10;1;
18701;202100012175;179 957;B01;1;33;0;2;2;0;1;
18702;202100012175;179 958;A01;2;7;0;2;2;9;1;
18703;202100012176;179 955;B01;1;2;0;2;1;2;1;
18704;202100012176;179 956;A01;1;7;0;2;4;9;1;
18705;202100012177;179 953;A01;3;7;0;2;3;15;1;
18706;202100012177;179 954;B01;3;7;0;2;8;1;1;
18707;202100012178;179 951;A01;3;7;0;2;2;15;1;
18708;202100012178;179 952;B01;1;31;0;2;1;1;1;
18709;202100012179;179 949;B01;0;7;0;2;1;15;1;
18710;202100012179;179 950;A01;0;50;0;2;1;1;3;
18711;202100012180;179 946;C01;3;10;14;0;1;0;0;
18712;202100012180;179 947;B01;3;10;14;0;4;0;0;
18713;202100012180;179 948;A01;3;10;14;0;4;26;0;
18714;202100012181;179 944;B01;3;7;0;2;2;1;1;
18715;202100012181;179 945;A01;3;7;0;2;6;19;1;
18716;202100012182;179 941;B01;1;7;0;1;3;1;1;
18717;202100012183;179 939;B01;1;7;0;2;3;0;1;
18718;202100012183;179 940;A01;2;30;0;2;1;26;1;
18719;202100012184;179 938;A01;0;7;16;0;1;1;1;
18720;202100012185;179 936;B01;1;7;0;2;3;15;1;
18721;202100012185;179 937;A01;1;33;0;2;2;17;1;
18722;202100012186;179 935;A01;1;7;0;1;2;1;1;
18723;202100012187;179 934;A01;3;7;0;1;2;9;1;
18724;202100012188;179 932;A01;3;7;0;2;1;1;1;
18725;202100012188;179 933;B01;3;1;0;2;7;19;5;
18726;202100012190;179 929;A01;3;7;0;1;1;1;1;
18727;202100012191;179 927;A01;1;7;0;2;3;13;1;
18728;202100012191;179 928;B01;2;1;0;2;1;1;5;