;Num_Acc;id_vehicule;num_veh;senc;catv;obs;obsm;choc;manv;motor;occutc
18729;202100012192;179 925;B01;3;60;0;2;7;19;5;
18730;202100012192;179 926;A01;3;7;0;9;1;15;1;
18731;202100012193;179 923;B01;1;7;8;2;1;24;1;
18732;202100012193;179 924;A01;1;7;1;0;1;1;1;
18733;202100012194;179 921;B01;2;1;0;2;4;1;0;
18734;202100012194;179 922;A01;2;7;0;2;1;16;1;
18735;202100012195;179 919;A01;2;2;0;2;3;19;1;
18736;202100012195;179 920;B01;1;7;0;2;2;2;1;
18737;202100012196;179 917;A01;1;7;14;2;8;26;1;
18738;202100012196;179 918;B01;1;7;0;2;7;15;1;
18739;202100012197;179 913;A01;1;7;0;2;1;2;1;
18740;202100012197;179 914;B01;1;7;0;2;4;2;1;
18741;202100012197;179 915;C01;1;7;0;2;4;1;1;
18742;202100012197;179 916;D01;1;7;0;2;4;1;1;
18743;202100012198;179 911;A01;1;7;0;2;1;0;6;
18744;202100012198;179 912;B01;1;7;0;2;8;0;6;
18745;202100012199;179 909;B01;1;50;0;2;1;1;3;
18746;202100012199;179 910;A01;1;7;0;9;3;15;1;
18747;202100012200;179 908;A01;3;7;0;1;3;15;1;
18748;202100012201;179 906;Z01;1;7;0;2;1;2;0;
18749;202100012201;179 907;B01;1;7;0;2;4;1;1;
18750;202100012202;179 904;B01;0;1;0;0;0;15;5;
18751;202100012202;179 905;A01;0;3;0;2;5;17;1;
18752;202100012203;179 903;A01;1;80;0;0;0;15;3;
18753;202100012204;179 902;A01;1;7;0;1;3;1;1;
18754;202100012205;179 900;B01;2;1;1;2;1;1;5;
18755;202100012205;179 901;A01;1;7;0;2;1;22;1;
18756;202100012206;179 897;A01;2;33;0;2;5;3;1;
18757;202100012206;179 898;B01;2;7;0;0;8;23;1;
18758;202100012206;179 899;C01;2;7;0;0;8;23;1;
18759;202100012207;179 895;A01;3;7;0;2;3;9;1;
18760;202100012207;179 896;B01;-1;7;0;2;2;1;1;
18761;202100012208;179 894;A01;1;3;0;1;2;26;1;
18762;202100012209;179 892;B01;2;33;0;2;5;1;1;
18763;202100012209;179 893;A01;2;7;0;2;2;15;1;
18764;202100012210;179 891;A01;3;7;0;1;1;1;1;
18765;202100012211;179 888;C01;0;1;0;9;1;1;5;
18766;202100012211;179 889;B01;0;1;0;2;1;1;5;
18767;202100012211;179 890;A01;0;7;0;9;3;15;1;
18768;202100012212;179 886;A01;3;30;0;2;2;15;1;
18769;202100012212;179 887;B01;3;7;0;2;3;1;1;
18770;202100012213;179 884;B01;1;10;0;2;6;2;1;
18771;202100012213;179 885;A01;1;7;0;2;2;1;1;
18772;202100012214;179 883;D01;1;7;0;1;1;17;-1;
18773;202100012215;179 882;A01;2;30;0;0;2;2;1;
18774;202100012216;179 881;A01;3;7;15;0;7;1;1;
18775;202100012217;179 880;A01;0;7;0;1;1;9;1;
18776;202100012218;179 879;A01;0;1;12;0;1;1;5;
18777;202100012219;179 877;A01;0;7;0;2;1;13;1;
18778;202100012219;179 878;B01;0;1;0;2;2;1;5;
18779;202100012220;179 876;A01;0;1;0;0;0;1;5;
18780;202100012221;179 874;A01;1;7;0;2;3;15;1;
18781;202100012221;179 875;B01;1;2;0;2;7;1;1;
18782;202100012222;179 873;A01;2;7;0;1;1;1;1;
18783;202100012223;179 871;A01;1;7;0;2;1;13;1;
18784;202100012223;179 872;B01;2;1;0;2;1;1;0;
18785;202100012224;179 869;GB01;3;50;0;2;1;1;3;
18786;202100012224;179 870;A01;3;7;0;2;2;19;1;
18787;202100012225;179 867;A01;3;50;0;2;7;1;3;
18788;202100012225;179 868;B01;2;10;0;2;1;9;1;
18789;202100012226;179 866;A01;1;10;0;1;1;1;1;
18790;202100012227;179 865;A01;0;7;1;0;1;1;1;
18791;202100012228;179 864;Z01;3;7;0;1;2;1;0;
18792;202100012229;179 862;A01;2;1;0;2;1;8;5;
18793;202100012229;179 863;B01;1;3;0;2;3;15;1;
18794;202100012230;179 861;A01;3;7;0;1;3;1;1;
18795;202100012231;179 859;B01;2;33;0;2;1;7;1;
18796;202100012231;179 860;A01;3;7;0;2;3;15;1;
18797;202100012232;179 858;A01;2;7;0;1;7;1;1;
18798;202100012233;179 856;B01;1;7;0;2;3;1;1;
18799;202100012233;179 857;A01;2;7;0;2;2;15;1;
18800;202100012234;179 854;C01;1;7;0;2;1;1;1;
18801;202100012234;179 855;A01;1;7;1;2;2;1;1;
18802;202100012235;179 852;A01;1;7;16;0;4;23;1;
18803;202100012235;179 853;B01;1;7;0;2;1;24;1;
18804;202100012236;179 849;C01;2;7;0;2;3;1;1;
18805;202100012236;179 850;B01;1;10;0;2;4;15;0;
18806;202100012236;179 851;A01;1;10;0;2;1;1;1;
18807;202100012237;179 847;A01;2;50;0;2;3;1;3;
18808;202100012237;179 848;B01;1;7;0;2;1;9;1;
18809;202100012238;179 846;A01;2;7;4;0;1;21;1;
18810;202100012239;179 844;B01;2;10;0;2;7;1;1;
18811;202100012239;179 845;A01;2;14;0;2;3;11;1;
18812;202100012240;179 842;B01;1;10;0;2;5;2;1;
18813;202100012240;179 843;A01;1;32;0;2;3;2;1;
18814;202100012241;179 840;A01;2;31;0;2;1;21;1;
18815;202100012241;179 841;B01;2;7;0;2;6;1;1;
18816;202100012242;179 839;A01;1;1;0;1;6;1;5;
18817;202100012243;179 838;Z01;1;7;0;1;1;1;1;
18818;202100012244;179 836;A01;2;30;0;2;1;1;1;
18819;202100012244;179 837;Z01;1;34;9;2;1;13;0;
18820;202100012245;179 834;B01;1;32;0;2;3;1;1;
18821;202100012245;179 835;A01;2;7;0;2;1;15;1;
18822;202100012246;179 832;B01;2;32;0;2;1;1;1;
18823;202100012246;179 833;A01;1;30;0;2;1;9;1;
18824;202100012247;179 830;A01;1;33;0;2;1;7;0;
18825;202100012247;179 831;B01;1;1;0;2;6;11;5;
18826;202100012248;179 829;A01;1;1;0;1;1;1;5;
18827;202100012249;179 828;A01;1;7;0;1;2;1;1;
18828;202100012250;179 827;A01;1;7;0;1;1;1;1;
18829;202100012251;179 825;A01;1;1;0;2;1;1;5;
18830;202100012251;179 826;B01;1;7;0;2;8;1;1;
18831;202100012253;179 822;A01;3;60;0;0;1;25;5;
18832;202100012254;179 820;B01;2;33;0;2;1;1;1;
18833;202100012254;179 821;A01;0;7;8;2;3;9;1;
18834;202100012255;179 819;A01;2;7;0;1;3;26;1;
18835;202100012256;179 818;A01;1;7;0;1;2;12;1;
18836;202100012258;179 814;A01;1;7;0;2;5;1;1;
18837;202100012258;179 815;B01;1;2;0;2;1;1;1;
18838;202100012259;179 812;B01;1;50;0;2;0;0;3;
18839;202100012259;179 813;A01;1;7;0;2;3;1;1;
18840;202100012260;179 810;B01;3;7;0;0;2;2;1;
18841;202100012260;179 811;A01;3;7;0;0;6;24;1;
18842;202100012261;179 807;A01;3;7;0;2;2;15;1;
18843;202100012261;179 808;B01;3;7;0;2;1;1;1;
18844;202100012261;179 809;C01;3;7;0;2;1;1;1;
18845;202100012262;179 805;P01;2;0;0;2;8;19;0;
18846;202100012262;179 806;A01;2;7;0;1;8;1;0;
18847;202100012263;179 804;A01;1;7;0;1;1;15;1;
18848;202100012264;179 803;A01;1;7;0;1;2;1;1;
18849;202100012266;179 799;B01;1;7;0;2;6;1;1;
18850;202100012266;179 800;A01;1;30;0;2;2;21;1;
18851;202100012267;179 797;B01;2;33;0;2;1;3;1;
18852;202100012267;179 798;A01;3;7;0;2;3;15;1;
18853;202100012268;179 795;B01;1;2;0;2;3;1;1;
18854;202100012268;179 796;A01;1;13;0;2;5;12;1;
18855;202100012269;179 793;A01;-1;30;1;0;0;0;1;
18856;202100012269;179 794;B01;1;1;0;0;0;0;5;
18857;202100012271;179 790;B01;1;50;0;2;1;9;3;
18858;202100012271;179 791;A01;1;7;0;2;1;9;1;
18859;202100012272;179 789;A01;3;10;1;1;1;9;1;
18860;202100012273;179 788;A01;3;33;12;0;0;23;1;
18861;202100012274;179 787;A01;1;30;0;1;1;1;1;
18862;202100012275;179 785;A01;1;7;0;2;2;1;1;
18863;202100012275;179 786;B01;2;34;0;2;1;15;1;
18864;202100012277;179 781;B01;3;1;0;2;3;9;5;
18865;202100012277;179 782;A01;3;32;0;2;2;9;1;
18866;202100012278;179 780;A01;2;7;1;1;6;24;1;
18867;202100012279;179 779;A01;1;30;0;0;0;17;1;
18868;202100012280;179 777;A01;2;7;0;2;3;1;1;
18869;202100012280;179 778;B01;1;1;0;2;1;1;0;
18870;202100012281;179 775;B01;2;37;0;2;4;23;6;1.0
18871;202100012281;179 776;A01;2;43;0;2;2;18;1;
18872;202100012282;179 774;A01;3;7;6;0;1;1;0;
18873;202100012283;179 773;A01;1;7;13;0;1;1;1;
18874;202100012284;179 771;A01;1;7;0;2;3;13;1;
18875;202100012284;179 772;B01;2;7;0;2;3;1;1;
18876;202100012285;179 770;A01;2;10;8;1;1;1;1;
18877;202100012286;179 768;A01;1;1;0;2;3;1;5;
18878;202100012286;179 769;B01;2;2;0;9;2;17;1;
18879;202100012287;179 767;A01;3;33;8;9;6;17;1;
18880;202100012288;179 766;A01;1;7;6;0;1;1;1;
18881;202100012290;179 764;A01;1;2;7;0;1;1;0;
18882;202100012291;179 763;A01;1;7;0;4;1;26;3;
18883;202100012292;179 762;A01;2;2;0;1;1;5;1;
18884;202100012293;179 760;B01;2;33;0;2;8;1;1;
18885;202100012293;179 761;A01;2;7;0;2;2;12;1;
18886;202100012294;179 758;B01;1;7;0;9;3;1;1;
18887;202100012294;179 759;A01;2;1;0;2;1;11;0;
18888;202100012295;179 756;B01;1;7;0;0;5;15;1;
18889;202100012295;179 757;A01;1;33;0;2;1;2;1;
18890;202100012296;179 754;B01;2;7;6;0;6;23;1;
18891;202100012296;179 755;A01;2;7;0;2;2;1;1;
18892;202100012298;179 751;A01;3;7;0;1;3;1;1;
18893;202100012299;179 748;B01;2;7;0;2;1;1;1;
18894;202100012299;179 749;A01;1;7;0;2;1;13;0;
18895;202100012299;179 750;C01;1;3;0;2;8;1;0;
18896;202100012300;179 746;A01;3;7;0;2;3;9;1;
18897;202100012300;179 747;B01;3;33;0;2;1;1;1;
18898;202100012301;179 744;A01;2;10;0;2;1;16;1;
18899;202100012301;179 745;B01;2;7;7;0;7;1;1;
18900;202100012302;179 743;A01;3;7;8;0;3;1;1;
18901;202100012303;179 742;A01;1;33;12;0;1;2;1;
18902;202100012304;179 740;A01;2;2;0;2;2;15;1;
18903;202100012304;179 741;B01;1;7;0;2;3;1;1;
18904;202100012305;179 738;A01;1;7;0;2;2;2;1;
18905;202100012305;179 739;B01;1;2;0;0;4;1;1;
18906;202100012307;179 734;A01;1;7;0;2;3;9;2;
18907;202100012307;179 735;B01;2;1;0;2;4;1;5;
18908;202100012308;179 733;A01;2;7;2;0;3;13;1;
18909;202100012309;179 731;B01;2;33;0;2;1;1;1;
18910;202100012309;179 732;A01;1;7;0;2;2;15;1;
18911;202100012310;179 729;B01;2;1;0;2;1;1;5;
18912;202100012310;179 730;A01;1;7;0;9;2;15;1;
18913;202100012311;179 727;A01;2;7;0;2;7;9;1;
18914;202100012311;179 728;B01;1;15;0;2;1;1;1;
18915;202100012312;179 726;A01;1;7;1;1;2;1;1;
18916;202100012314;179 722;A01;2;2;0;0;0;1;1;
18917;202100012315;179 721;A01;2;7;13;0;2;1;1;
18918;202100012316;179 719;B01;3;33;0;2;7;17;1;
18919;202100012316;179 720;A01;3;7;0;2;3;15;1;
18920;202100012317;179 718;A01;2;7;8;0;1;1;1;
18921;202100012318;179 716;A01;1;1;0;2;2;1;5;
18922;202100012318;179 717;B01;1;7;0;2;3;9;1;
18923;202100012319;179 715;A01;1;7;0;1;3;1;1;
18924;202100012321;179 710;A01;1;7;0;2;2;14;1;
18925;202100012321;179 711;B01;1;7;4;0;9;1;1;
18926;202100012322;179 709;A01;3;2;4;0;1;1;1;
18927;202100012323;179 706;C01;2;15;0;0;4;23;1;
18928;202100012323;179 707;B01;2;7;0;2;4;23;1;
18929;202100012323;179 708;A01;2;10;0;2;1;2;1;
18930;202100012324;179 705;A01;3;10;0;0;0;1;1;
18931;202100012325;179 703;A01;1;7;0;2;1;2;1;
18932;202100012325;179 704;B01;1;15;0;2;4;2;1;
18933;202100012326;179 702;A01;1;7;10;0;1;0;1;
18934;202100012327;179 700;B01;0;33;0;2;1;1;1;
18935;202100012327;179 701;A01;0;7;0;2;8;15;1;
18936;202100012328;179 698;B01;3;7;12;2;1;15;1;
18937;202100012328;179 699;A01;3;7;0;0;6;15;2;
18938;202100012329;179 697;A01;2;1;0;1;1;1;5;
18939;202100012330;179 695;A01;1;7;0;2;3;0;1;
18940;202100012330;179 696;B01;3;30;0;2;1;1;1;
18941;202100012331;179 693;B01;2;33;0;2;1;2;1;
18942;202100012331;179 694;A01;2;10;0;2;2;19;1;
18943;202100012332;179 692;A01;1;7;2;6;3;1;1;
18944;202100012334;179 688;A01;2;33;0;2;2;17;1;
18945;202100012334;179 689;B01;2;21;0;0;8;15;1;
18946;202100012335;179 686;A01;2;10;0;2;2;1;1;
18947;202100012335;179 687;B01;2;1;0;0;4;0;5;
18948;202100012336;179 685;A01;0;7;0;1;1;1;1;
18949;202100012337;179 683;B01;0;32;0;2;3;1;1;
18950;202100012337;179 684;A01;0;7;0;2;1;9;1;
18951;202100012338;179 681;A01;1;32;0;2;7;1;1;
18952;202100012338;179 682;B01;0;7;0;2;1;0;1;
18953;202100012339;179 679;B01;1;50;0;0;8;1;3;
18954;202100012339;179 680;A01;1;7;0;2;7;2;1;
18955;202100012340;179 677;A01;3;7;0;2;1;13;1;
18956;202100012340;179 678;B01;3;10;0;2;1;1;1;
18957;202100012341;179 675;A01;0;7;0;2;3;19;1;
18958;202100012341;179 676;B01;0;7;0;2;1;1;1;
18959;202100012342;179 673;B01;2;7;0;2;1;1;1;
18960;202100012342;179 674;A01;2;7;6;0;8;15;1;
18961;202100012343;179 663;A01;1;7;4;2;5;2;1;
18962;202100012343;179 664;B01;1;7;4;2;1;9;1;
18963;202100012343;179 665;C01;1;7;4;2;4;9;1;
18964;202100012344;179 661;A01;2;7;3;2;4;18;1;
18965;202100012344;179 662;B01;2;7;3;2;1;2;1;
18966;202100012345;179 658;B01;1;7;0;2;4;0;1;
18967;202100012345;179 659;C01;1;10;0;2;1;0;1;
18968;202100012345;179 660;A01;1;10;0;2;4;0;1;
18969;202100012346;179 655;A01;2;7;4;2;4;2;1;
18970;202100012346;179 656;B01;2;7;4;2;4;2;1;
18971;202100012346;179 657;C01;2;7;4;2;1;2;1;
18972;202100012347;179 653;B01;2;10;0;2;8;11;1;
18973;202100012347;179 654;A01;2;33;0;2;7;3;1;
18974;202100012348;179 650;C01;2;43;0;2;4;0;1;
18975;202100012348;179 651;B01;2;10;0;2;1;0;1;
18976;202100012348;179 652;A01;2;10;0;2;7;1;1;
18977;202100012349;179 648;A01;1;7;0;2;1;2;1;
18978;202100012349;179 649;B01;1;7;0;2;4;2;1;
18979;202100012350;179 646;A01;2;7;14;0;1;2;1;
18980;202100012350;179 647;B01;2;17;0;0;0;2;1;
18981;202100012351;179 644;A01;2;7;0;2;1;2;1;
18982;202100012351;179 645;B01;2;33;0;2;4;2;1;
18983;202100012352;179 641;C01;2;7;0;2;4;2;1;
18984;202100012352;179 642;B01;2;7;0;2;4;2;1;
18985;202100012352;179 643;A01;2;7;0;2;1;2;1;
18986;202100012353;179 639;A01;2;33;0;2;2;3;1;
18987;202100012353;179 640;B01;2;7;0;2;8;11;1;
18988;202100012354;179 635;D01;2;7;0;2;4;2;1;
18989;202100012354;179 636;C01;2;7;0;2;1;2;1;
18990;202100012354;179 637;B01;2;7;0;2;4;2;1;
18991;202100012354;179 638;A01;2;33;0;2;1;2;1;
18992;202100012356;179 631;B01;2;10;0;2;0;0;1;
18993;202100012356;179 632;A01;2;33;0;2;5;1;1;
18994;202100012357;179 630;A01;2;33;0;0;8;1;1;
18995;202100012358;179 626;D01;1;7;0;2;5;1;1;
18996;202100012358;179 627;C01;1;7;0;2;4;1;1;
18997;202100012358;179 628;B01;1;7;0;2;3;1;1;
18998;202100012358;179 629;A01;1;7;0;2;1;1;1;
18999;202100012359;179 624;B01;1;7;3;0;4;11;1;
19000;202100012359;179 625;A01;1;7;3;2;1;23;2;
19001;202100012360;179 622;B01;2;7;0;2;4;2;1;
19002;202100012360;179 623;A01;2;10;0;2;1;2;1;
19003;202100012361;179 620;B01;1;7;0;2;4;2;1;
19004;202100012361;179 621;A01;1;7;0;2;1;1;1;
19005;202100012362;179 619;A01;2;7;3;0;1;1;1;
19006;202100012363;179 617;A01;2;33;0;2;1;2;1;
19007;202100012363;179 618;B01;2;7;0;2;4;2;1;
19008;202100012364;179 616;A01;1;33;0;2;8;11;1;
19009;202100012365;179 613;A01;2;10;0;2;1;1;1;
19010;202100012365;179 614;B01;2;10;0;2;4;2;1;
19011;202100012365;179 615;C01;2;10;0;2;4;2;1;
19012;202100012366;179 612;A01;2;7;4;0;3;18;1;
19013;202100012367;179 611;A01;2;7;4;0;8;21;1;
19014;202100012368;179 609;B01;1;34;0;2;0;17;1;
19015;202100012368;179 610;A01;1;10;0;2;6;23;1;
19016;202100012369;179 607;A01;2;10;0;2;1;1;1;
19017;202100012369;179 608;B01;2;32;0;2;8;11;3;
19018;202100012370;179 604;C01;2;7;0;2;4;2;1;
19019;202100012370;179 605;B01;2;7;0;2;9;2;1;
19020;202100012370;179 606;A01;2;7;0;2;1;11;1;
19021;202100012371;179 602;B01;1;10;0;2;6;12;1;
19022;202100012371;179 603;A01;1;33;0;2;1;3;1;
19023;202100012372;179 600;B01;2;7;0;0;0;0;1;
19024;202100012372;179 601;A01;2;15;0;0;6;1;1;
19025;202100012373;179 597;A01;1;7;0;2;4;1;1;
19026;202100012373;179 598;B01;1;10;0;2;1;12;1;
19027;202100012373;179 599;C01;1;15;0;2;1;1;1;
19028;202100012374;179 594;C01;2;7;0;2;5;1;1;
19029;202100012374;179 595;B01;2;10;0;2;3;11;1;
19030;202100012374;179 596;A01;2;31;0;2;2;3;1;
19031;202100012375;179 592;A01;2;33;0;2;3;3;1;
19032;202100012375;179 593;B01;2;7;0;2;2;1;1;
19033;202100012376;179 591;A01;3;99;6;0;1;14;1;
19034;202100012377;179 589;B01;3;7;0;2;5;15;1;
19035;202100012377;179 590;A01;3;33;0;2;2;3;1;
19036;202100012378;179 587;B01;3;32;0;2;1;17;1;
19037;202100012378;179 588;A01;2;7;0;2;1;15;1;
19038;202100012379;179 584;C01;2;10;0;2;2;1;1;
19039;202100012379;179 585;B01;1;2;0;2;1;17;1;
19040;202100012379;179 586;A01;2;7;0;2;1;15;1;
19041;202100012380;179 582;B01;1;7;0;2;3;15;1;
19042;202100012380;179 583;A01;1;7;0;2;2;1;1;
19043;202100012381;179 581;A01;1;7;0;0;3;1;2;
19044;202100012382;179 579;B01;2;1;0;2;2;0;5;
19045;202100012382;179 580;A01;1;30;0;2;2;1;0;
19046;202100012383;179 577;B01;1;1;0;2;1;1;0;
19047;202100012383;179 578;A01;1;7;0;9;3;20;1;
19048;202100012384;179 574;A01;1;7;0;2;1;2;1;
19049;202100012384;179 575;B01;1;7;0;2;4;2;1;
19050;202100012384;179 576;C01;1;7;0;2;4;2;6;
19051;202100012385;179 573;A01;2;7;0;1;1;1;1;
19052;202100012386;179 571;A01;1;33;0;2;9;3;0;
19053;202100012386;179 572;B01;2;7;0;2;1;9;1;
19054;202100012387;179 569;B01;1;50;0;2;4;1;3;
19055;202100012387;179 570;Z01;1;7;0;2;2;1;0;
19056;202100012388;179 567;A01;-1;7;0;2;2;0;1;
19057;202100012388;179 568;B01;-1;1;0;2;0;0;0;
19058;202100012389;179 565;A01;2;7;0;2;1;2;0;
19059;202100012389;179 566;B01;2;7;0;2;4;0;0;
19060;202100012390;179 563;A01;1;7;0;2;1;13;1;
19061;202100012390;179 564;B01;2;7;0;2;1;1;1;
19062;202100012391;179 560;B01;2;7;0;2;3;2;1;
19063;202100012391;179 561;A01;2;7;0;2;1;2;2;
19064;202100012391;179 562;C01;2;7;0;2;3;1;1;
19065;202100012392;179 559;A01;3;30;9;0;1;25;1;
19066;202100012394;179 554;A01;3;30;0;2;1;1;1;
19067;202100012394;179 555;C01;2;7;0;2;3;15;1;
19068;202100012394;179 556;B01;1;33;0;2;2;2;1;
19069;202100012395;179 551;B01;3;7;0;2;4;2;1;
19070;202100012395;179 552;C01;3;7;0;2;1;1;1;
19071;202100012395;179 553;A01;3;33;0;2;1;2;1;
19072;202100012397;179 546;C01;1;7;0;2;4;2;1;
19073;202100012397;179 547;A01;1;7;0;2;1;2;1;
19074;202100012397;179 548;B01;1;7;0;2;1;2;1;
19075;202100012398;179 545;A01;2;7;0;1;2;1;1;
19076;202100012399;179 543;Z01;1;7;0;0;0;0;0;
19077;202100012399;179 544;A01;2;7;8;0;1;21;1;
19078;202100012400;179 541;B01;2;7;0;2;4;23;1;
19079;202100012400;179 542;A01;2;30;0;2;1;2;1;
19080;202100012401;179 540;A01;1;32;3;0;1;16;3;
19081;202100012402;179 538;B01;0;7;0;2;5;0;1;
19082;202100012402;179 539;A01;0;33;0;2;1;9;1;
19083;202100012403;179 535;B01;0;30;0;2;8;0;1;
19084;202100012403;179 536;A01;0;7;0;2;1;1;1;
19085;202100012403;179 537;C01;0;7;0;2;1;1;1;
19086;202100012404;179 533;A01;0;50;0;2;1;25;3;
19087;202100012404;179 534;B01;0;7;0;2;2;16;1;
19088;202100012405;179 532;A01;0;7;0;1;1;15;1;
19089;202100012406;179 530;A01;0;80;0;2;2;25;3;
19090;202100012406;179 531;B01;0;7;0;1;1;15;1;
19091;202100012407;179 527;A01;0;40;0;1;1;1;3;
19092;202100012408;179 525;B01;2;7;0;2;8;0;1;
19093;202100012408;179 526;A01;1;7;0;2;1;0;1;
19094;202100012409;179 523;A01;1;32;0;2;1;1;1;
19095;202100012409;179 524;B01;1;7;0;2;8;0;0;
19096;202100012410;179 522;A01;0;7;15;0;3;26;1;
19097;202100012411;179 521;A01;1;7;0;1;1;1;1;
19098;202100012412;179 518;A01;2;7;0;2;2;9;1;
19099;202100012412;179 519;B01;1;7;0;2;1;1;1;
19100;202100012412;179 520;C01;3;7;0;2;3;23;1;
19101;202100012413;179 516;A01;2;7;0;2;1;13;1;
19102;202100012413;179 517;B01;1;32;0;2;1;1;1;
19103;202100012414;179 515;A01;-1;7;0;5;1;1;1;
19104;202100012415;179 514;A01;3;7;0;1;6;20;3;
19105;202100012416;179 512;A01;1;7;0;2;0;1;1;
19106;202100012416;179 513;B01;2;7;0;2;0;1;1;
19107;202100012417;179 511;A01;3;7;0;1;3;1;1;
19108;202100012419;179 508;A01;1;7;1;2;1;17;1;
19109;202100012419;179 509;B01;1;7;0;2;6;1;1;
19110;202100012421;179 505;A01;2;7;13;0;1;9;1;
19111;202100012422;179 503;B01;2;31;0;2;1;1;1;
19112;202100012422;179 504;A01;1;7;0;2;7;15;1;
19113;202100012423;179 501;A01;0;50;0;2;1;9;3;
19114;202100012423;179 502;B01;1;7;0;2;2;1;1;
19115;202100012424;179 499;A01;1;7;0;2;1;2;1;
19116;202100012424;179 500;B01;1;7;0;2;4;14;1;
19117;202100012425;179 498;A01;2;7;13;0;1;14;1;
19118;202100012426;179 496;A01;2;7;0;2;1;1;1;
19119;202100012426;179 497;B01;2;7;0;2;4;23;1;
19120;202100012428;179 492;B01;2;80;0;2;1;19;3;
19121;202100012428;179 493;A01;1;38;0;2;1;26;1;1.0
19122;202100012429;179 490;A01;3;1;0;2;4;5;5;
19123;202100012429;179 491;B01;3;7;0;2;2;1;1;
19124;202100012430;179 488;B01;1;7;0;2;2;1;1;
19125;202100012430;179 489;A01;1;7;0;2;1;9;1;
19126;202100012431;179 486;B01;1;7;0;2;8;1;1;
19127;202100012431;179 487;A01;2;7;0;2;3;13;1;
19128;202100012433;179 483;B01;3;7;0;2;8;1;1;
19129;202100012433;179 484;A01;3;7;0;2;1;15;1;
19130;202100012434;179 482;A01;3;7;0;1;1;1;1;
19131;202100012435;179 481;A01;3;7;0;1;1;1;1;
19132;202100012436;179 480;A01;1;7;0;1;7;2;0;
19133;202100012437;179 479;A01;1;7;3;0;1;13;1;
19134;202100012438;179 477;A01;2;30;0;0;0;1;1;
19135;202100012438;179 478;B01;2;60;0;0;1;26;5;
19136;202100012439;179 476;A01;1;7;0;1;2;1;1;
19137;202100012441;179 473;A01;2;7;0;1;2;2;1;
19138;202100012443;179 467;A01;1;7;0;2;3;9;1;
19139;202100012443;179 468;B01;1;80;0;2;1;1;3;
19140;202100012444;179 465;A01;2;7;0;2;3;9;0;
19141;202100012444;179 466;B01;1;30;0;2;1;1;1;
19142;202100012445;179 463;A01;3;7;0;2;1;1;1;
19143;202100012445;179 464;B01;3;7;0;2;7;1;1;
19144;202100012446;179 462;A01;3;10;0;1;7;1;1;
19145;202100012447;179 461;A01;2;7;2;0;1;1;1;
19146;202100012449;179 459;A01;0;7;0;1;1;1;1;
19147;202100012450;179 457;A01;1;7;0;2;1;1;1;
19148;202100012450;179 458;B01;3;60;0;2;7;19;5;
19149;202100012451;179 455;B01;1;1;0;2;1;1;0;
19150;202100012451;179 456;A01;1;7;0;9;3;22;1;
19151;202100012452;179 453;A01;1;1;0;2;4;1;5;
19152;202100012452;179 454;Z01;1;7;0;2;2;2;0;
19153;202100012453;179 451;A01;1;7;3;2;7;13;1;
19154;202100012453;179 452;B01;1;7;0;2;1;1;1;
19155;202100012454;179 449;A01;1;7;0;2;2;9;1;
19156;202100012454;179 450;B01;1;1;0;2;7;19;5;
19157;202100012455;179 448;A01;1;7;0;1;1;1;1;
19158;202100012456;179 446;B01;1;1;0;2;0;1;5;
19159;202100012456;179 447;A01;1;10;0;2;8;9;1;
19160;202100012457;179 439;A01;3;7;0;2;1;2;1;
19161;202100012457;179 440;B01;3;10;0;2;4;2;1;
19162;202100012458;179 437;A01;1;33;8;0;9;0;1;
19163;202100012459;179 436;A01;3;7;0;1;6;20;1;
19164;202100012460;179 435;A01;1;7;0;1;1;16;1;
19165;202100012461;179 432;A01;1;33;0;2;0;0;1;
19166;202100012461;179 433;B01;1;7;0;2;4;2;1;
19167;202100012461;179 434;C01;1;7;0;2;6;2;1;
19168;202100012462;179 431;A01;3;33;0;0;8;1;1;
19169;202100012463;179 429;B01;2;32;0;2;8;19;1;
19170;202100012463;179 430;A01;3;7;0;2;1;1;1;
19171;202100012464;179 427;B01;1;33;0;2;3;2;1;
19172;202100012464;179 428;A01;2;7;0;2;3;15;1;
19173;202100012465;179 426;A01;1;7;0;1;2;1;1;
19174;202100012466;179 424;A01;1;2;0;2;1;17;1;
19175;202100012466;179 425;B01;1;7;0;2;8;15;1;
19176;202100012467;179 423;A01;3;1;0;1;0;16;0;
19177;202100012468;179 421;A01;2;7;0;2;1;1;1;
19178;202100012468;179 422;B01;0;7;0;0;8;9;1;
19179;202100012469;179 418;B01;1;7;1;2;2;1;1;
19180;202100012469;179 419;A01;1;7;1;2;3;1;1;
19181;202100012469;179 420;C01;1;7;0;2;4;1;1;
19182;202100012470;179 417;A01;1;7;0;1;1;1;1;
19183;202100012472;179 414;A01;1;7;0;9;1;1;1;
19184;202100012472;179 415;B01;1;1;0;2;7;15;5;
19185;202100012473;179 413;A01;3;43;2;0;0;13;1;
19186;202100012474;179 411;A01;1;34;6;2;2;1;1;
19187;202100012474;179 412;B01;1;7;0;2;0;1;1;
19188;202100012475;179 408;B01;1;33;0;2;1;1;1;
19189;202100012475;179 409;C01;1;7;0;2;1;1;1;
19190;202100012475;179 410;A01;2;7;0;2;1;13;1;
19191;202100012477;179 405;A01;2;1;0;2;8;1;5;