;Num_Acc;id_vehicule;num_veh;senc;catv;obs;obsm;choc;manv;motor;occutc
19192;202100012477;179 406;B01;2;7;0;2;2;16;1;
19193;202100012478;179 403;B01;2;10;0;2;1;23;1;
19194;202100012478;179 404;A01;2;3;0;2;1;2;3;
19195;202100012479;179 401;A01;1;7;0;0;4;23;1;
19196;202100012479;179 402;B01;1;1;0;2;1;2;5;
19197;202100012480;179 398;B01;1;10;0;2;7;1;1;
19198;202100012480;179 399;C01;1;80;0;2;8;1;3;
19199;202100012480;179 400;A01;1;7;0;2;0;22;1;
19200;202100012481;179 397;A01;1;7;0;1;2;4;1;
19201;202100012482;179 395;A01;2;7;0;2;6;15;1;
19202;202100012482;179 396;B01;1;34;0;2;2;17;1;
19203;202100012483;179 393;Z01;1;7;0;2;0;10;0;
19204;202100012483;179 394;B01;1;2;0;2;8;1;3;
19205;202100012484;179 391;A01;1;7;0;2;7;22;2;
19206;202100012484;179 392;B01;1;30;0;2;1;18;1;
19207;202100012485;179 389;B01;3;7;0;2;4;23;1;
19208;202100012485;179 390;A01;3;7;0;2;1;1;1;
19209;202100012486;179 387;B01;1;80;0;2;4;1;3;
19210;202100012486;179 388;A01;1;14;0;2;3;16;6;
19211;202100012487;179 386;A01;3;10;0;1;7;1;1;
19212;202100012488;179 384;B01;2;32;0;2;0;1;1;
19213;202100012488;179 385;A01;2;10;0;2;1;1;1;
19214;202100012489;179 382;A01;3;30;0;2;1;2;1;
19215;202100012489;179 383;B01;3;7;0;2;4;23;1;
19216;202100012490;179 380;B01;1;43;0;2;1;1;1;
19217;202100012490;179 381;A01;2;7;0;2;1;15;1;
19218;202100012491;179 379;A01;1;37;0;1;2;2;1;1.0
19219;202100012494;179 374;B01;2;7;0;2;7;0;1;
19220;202100012494;179 375;A01;1;7;0;2;1;0;1;
19221;202100012495;179 372;B01;1;7;0;2;1;1;1;
19222;202100012495;179 373;A01;2;7;0;2;5;15;1;
19223;202100012497;179 368;A01;0;30;0;2;1;26;1;
19224;202100012497;179 369;B01;0;10;0;2;1;26;1;
19225;202100012498;179 367;A01;0;7;0;1;2;2;3;
19226;202100012499;179 366;A01;-1;7;4;0;1;9;1;
19227;202100012500;179 364;B01;2;7;0;2;0;15;1;
19228;202100012500;179 365;A01;-1;32;0;2;1;1;0;
19229;202100012501;179 362;A01;-1;13;0;2;1;16;0;
19230;202100012501;179 363;B01;-1;33;0;2;8;0;1;
19231;202100012502;179 361;A01;1;7;0;1;4;20;1;
19232;202100012503;179 359;A01;1;7;0;2;0;11;1;
19233;202100012503;179 360;B01;1;10;0;2;0;1;1;
19234;202100012504;179 357;A01;2;7;0;2;2;2;1;
19235;202100012504;179 358;B01;2;34;0;2;6;2;1;
19236;202100012505;179 356;A01;3;34;0;1;1;1;1;
19237;202100012506;179 355;A01;1;34;0;1;1;1;1;
19238;202100012507;179 353;A01;1;7;0;2;8;1;1;
19239;202100012507;179 354;B01;1;33;0;2;0;1;1;
19240;202100012508;179 351;A01;2;32;0;2;6;1;1;
19241;202100012508;179 352;B01;2;14;0;2;2;2;1;
19242;202100012509;179 349;B01;2;7;0;2;3;13;1;
19243;202100012509;179 350;A01;1;21;0;2;3;1;1;
19244;202100012510;179 347;B01;2;1;0;2;1;1;5;
19245;202100012510;179 348;A01;1;1;0;0;4;1;5;
19246;202100012511;179 346;A01;1;7;0;1;3;1;1;
19247;202100012512;179 345;B01;3;80;4;0;8;1;3;
19248;202100012513;179 343;B01;0;2;0;2;2;1;1;
19249;202100012513;179 344;A01;0;7;0;2;3;9;1;
19250;202100012515;179 340;A01;1;7;0;2;1;2;1;
19251;202100012515;179 341;B01;1;7;0;2;4;2;1;
19252;202100012516;179 338;B01;2;7;4;0;4;2;1;
19253;202100012516;179 339;A01;2;7;0;0;3;2;0;
19254;202100012517;179 337;A01;2;7;4;0;3;13;1;
19255;202100012518;179 336;A01;2;7;0;0;0;1;1;
19256;202100012519;179 334;A01;1;7;0;2;8;1;1;
19257;202100012519;179 335;B01;1;7;0;2;1;19;1;
19258;202100012521;179 332;A01;1;7;13;0;2;2;1;
19259;202100012522;179 331;A01;1;7;0;1;1;15;1;
19260;202100012523;179 327;B01;2;7;0;2;3;0;1;
19261;202100012523;179 328;A01;1;7;0;2;3;0;1;
19262;202100012524;179 325;B01;2;21;0;2;2;1;1;
19263;202100012524;179 326;A01;1;10;0;2;2;13;1;
19264;202100012525;179 323;A01;0;7;0;2;1;1;1;
19265;202100012525;179 324;B01;0;15;0;2;1;1;1;
19266;202100012526;179 322;A01;2;7;0;0;0;1;1;
19267;202100012528;179 318;A01;2;33;0;2;1;17;1;
19268;202100012528;179 319;B01;2;10;0;2;8;15;1;
19269;202100012529;179 317;A01;2;7;0;1;2;16;1;
19270;202100012530;179 315;B01;3;7;0;2;1;1;1;
19271;202100012530;179 316;A01;3;36;0;2;5;15;1;
19272;202100012531;179 313;B01;1;7;0;2;8;1;1;
19273;202100012531;179 314;A01;2;7;0;2;1;1;1;
19274;202100012532;179 311;A01;2;31;0;2;1;2;1;
19275;202100012532;179 312;B01;2;10;0;2;4;2;1;
19276;202100012533;179 309;B01;2;14;0;2;1;1;1;
19277;202100012533;179 310;A01;1;7;0;2;7;19;1;
19278;202100012534;179 308;A01;1;7;13;0;2;14;1;
19279;202100012535;179 307;A01;1;7;0;1;6;1;1;
19280;202100012537;179 303;A01;0;7;0;0;3;24;1;
19281;202100012537;179 304;B01;1;33;0;2;1;1;1;
19282;202100012538;179 301;B01;3;7;0;2;3;0;1;
19283;202100012538;179 302;A01;3;7;0;2;3;1;1;
19284;202100012539;179 299;B01;2;1;0;2;7;1;5;
19285;202100012539;179 300;A01;2;7;0;9;1;1;1;
19286;202100012540;179 298;A01;3;33;0;6;0;1;1;
19287;202100012541;179 297;A01;3;7;0;1;3;20;1;
19288;202100012542;179 295;A01;2;33;0;2;7;17;1;
19289;202100012542;179 296;B01;2;21;0;2;3;15;1;
19290;202100012543;179 294;A01;1;7;11;0;1;16;1;
19291;202100012544;179 292;B01;0;33;14;9;0;1;1;
19292;202100012544;179 293;A01;0;7;13;0;2;1;1;
19293;202100012545;179 290;B01;1;10;0;0;4;15;1;
19294;202100012545;179 291;A01;1;7;0;2;1;2;1;
19295;202100012546;179 288;B01;1;34;0;2;7;21;1;
19296;202100012546;179 289;A01;1;7;0;2;3;9;2;
19297;202100012547;179 287;A01;1;7;0;1;2;2;1;
19298;202100012549;179 284;A01;1;15;0;0;7;26;1;
19299;202100012550;179 282;B01;3;33;0;2;1;13;1;
19300;202100012550;179 283;A01;3;7;0;2;3;1;1;
19301;202100012552;179 279;A01;2;33;0;6;1;1;1;
19302;202100012553;179 278;A01;1;2;13;0;7;1;1;
19303;202100012554;179 277;A01;1;7;13;0;2;1;1;
19304;202100012555;179 275;A01;2;33;0;2;1;17;1;
19305;202100012555;179 276;B01;2;14;0;0;3;15;1;
19306;202100012556;179 274;A01;2;7;4;0;3;2;1;
19307;202100012557;179 271;B01;2;10;0;9;2;17;1;
19308;202100012557;179 272;A01;2;15;0;2;6;1;1;
19309;202100012557;179 273;C01;1;7;0;9;1;17;1;
19310;202100012558;179 269;B01;1;7;0;2;1;0;1;
19311;202100012558;179 270;A01;1;15;0;2;5;0;1;
19312;202100012559;179 268;A01;0;7;15;0;0;1;0;
19313;202100012560;179 267;A01;1;7;17;0;1;0;1;
19314;202100012561;179 265;A01;1;7;0;2;3;13;1;
19315;202100012561;179 266;B01;2;7;0;2;3;1;1;
19316;202100012564;179 256;A01;2;2;0;2;7;1;1;
19317;202100012564;179 257;B01;2;7;0;2;3;0;1;
19318;202100012565;179 254;A01;2;7;0;2;8;15;1;
19319;202100012565;179 255;B01;2;33;0;2;9;1;1;
19320;202100012566;179 252;B01;2;7;0;2;1;12;1;
19321;202100012566;179 253;A01;2;7;0;2;3;1;0;
19322;202100012567;179 250;B01;1;7;0;2;1;1;1;
19323;202100012567;179 251;A01;2;7;0;2;1;13;1;
19324;202100012568;179 248;B01;2;31;0;2;1;17;1;
19325;202100012568;179 249;A01;1;7;0;2;6;15;1;
19326;202100012571;179 243;A01;1;2;0;0;9;1;1;
19327;202100012572;179 242;A01;2;7;0;1;2;1;1;
19328;202100012573;179 241;A01;2;7;0;0;9;1;1;
19329;202100012574;179 240;A01;2;33;3;0;8;1;1;
19330;202100012575;179 238;B01;2;1;0;2;3;1;5;
19331;202100012575;179 239;A01;2;7;0;2;7;1;1;
19332;202100012576;179 236;B01;2;7;0;2;2;15;1;
19333;202100012576;179 237;A01;1;7;0;2;1;1;1;
19334;202100012577;179 234;B01;0;30;0;0;8;23;1;
19335;202100012577;179 235;A01;1;33;0;2;1;1;1;
19336;202100012578;179 233;A01;3;31;6;0;1;19;0;
19337;202100012579;179 232;A01;1;7;6;0;4;17;1;
19338;202100012580;179 230;A01;1;7;0;2;1;2;1;
19339;202100012580;179 231;B01;1;7;0;0;4;15;1;
19340;202100012581;179 228;A01;2;7;15;2;3;1;1;
19341;202100012581;179 229;B01;1;7;0;2;2;19;1;
19342;202100012582;179 227;A01;3;1;0;0;0;0;5;
19343;202100012583;179 226;A01;2;7;13;0;2;1;1;
19344;202100012584;179 224;A01;1;2;0;2;0;21;1;
19345;202100012584;179 225;B01;2;7;0;2;3;23;1;
19346;202100012585;179 223;A01;3;3;6;0;1;1;1;
19347;202100012586;179 221;B01;1;7;0;2;2;1;1;
19348;202100012586;179 222;A01;1;10;0;2;3;19;1;
19349;202100012587;179 219;B01;2;7;0;0;4;2;1;
19350;202100012587;179 220;A01;2;7;0;2;1;2;1;
19351;202100012589;179 215;A01;2;7;0;2;1;1;1;
19352;202100012589;179 216;B01;1;7;0;2;5;11;1;
19353;202100012590;179 213;A01;1;7;0;2;1;12;1;
19354;202100012590;179 214;B01;1;15;0;0;4;1;1;
19355;202100012591;179 211;B01;1;37;0;2;2;1;1;1.0
19356;202100012591;179 212;A01;1;7;1;0;6;26;1;
19357;202100012592;179 209;B01;1;10;0;2;1;1;1;
19358;202100012592;179 210;A01;1;10;0;2;4;1;1;
19359;202100012593;179 207;B01;1;10;0;2;7;12;1;
19360;202100012593;179 208;A01;1;33;0;2;3;3;1;
19361;202100012594;179 205;B01;1;7;0;0;3;1;1;
19362;202100012594;179 206;A01;1;7;0;2;5;23;1;
19363;202100012595;179 202;A01;1;7;0;2;1;14;1;
19364;202100012595;179 203;B01;1;7;0;2;4;2;2;
19365;202100012595;179 204;C01;1;7;0;2;7;1;1;
19366;202100012596;179 200;B01;2;33;0;2;7;3;1;
19367;202100012596;179 201;A01;2;7;0;2;3;11;1;
19368;202100012597;179 198;B01;2;7;0;2;6;2;1;
19369;202100012597;179 199;A01;2;14;0;2;2;12;1;
19370;202100012598;179 196;B01;2;7;4;0;9;0;1;
19371;202100012598;179 197;A01;2;7;0;0;-1;18;1;
19372;202100012599;179 193;A01;1;33;0;2;3;3;1;
19373;202100012599;179 194;B01;1;7;0;2;2;2;1;
19374;202100012599;179 195;C01;1;10;0;2;4;2;1;
19375;202100012600;179 192;A01;1;33;14;0;1;1;1;
19376;202100012601;179 191;A01;1;7;13;0;9;21;1;
19377;202100012602;179 188;A01;1;7;0;2;1;2;1;
19378;202100012602;179 189;B01;1;7;0;2;4;2;1;
19379;202100012602;179 190;C01;1;7;0;2;4;2;1;
19380;202100012603;179 187;A01;1;7;4;0;1;2;0;
19381;202100012604;179 184;C01;1;7;1;2;4;0;1;
19382;202100012604;179 185;B01;1;7;1;0;4;23;1;
19383;202100012604;179 186;A01;1;7;1;0;1;2;1;
19384;202100012605;179 181;C01;1;7;0;2;4;2;1;
19385;202100012605;179 182;B01;1;33;0;2;7;3;1;
19386;202100012605;179 183;A01;1;7;0;2;8;11;2;
19387;202100012606;179 179;A01;1;7;0;2;1;2;1;
19388;202100012606;179 180;B01;1;7;0;2;4;2;1;
19389;202100012607;179 177;A01;2;33;0;2;2;1;1;
19390;202100012607;179 178;B01;1;7;0;2;1;1;1;
19391;202100012608;179 175;B01;3;1;0;2;0;1;6;
19392;202100012608;179 176;A01;3;7;0;9;8;15;1;
19393;202100012609;179 173;A01;3;7;0;2;3;1;1;
19394;202100012609;179 174;B01;1;7;0;2;2;0;1;
19395;202100012610;179 171;B01;1;33;0;2;1;1;1;
19396;202100012610;179 172;A01;1;7;0;2;2;1;1;
19397;202100012611;179 170;A01;2;33;8;0;0;17;1;
19398;202100012612;179 167;B01;1;7;0;2;6;1;2;
19399;202100012612;179 168;C01;1;7;0;2;1;1;1;
19400;202100012612;179 169;A01;2;7;0;2;1;17;1;
19401;202100012613;179 166;A01;3;33;14;0;2;1;1;
19402;202100012614;179 164;B01;0;1;0;2;1;1;5;
19403;202100012614;179 165;A01;0;7;0;2;2;13;1;
19404;202100012615;179 163;A01;2;2;0;2;1;2;1;
19405;202100012616;179 162;A01;1;2;12;0;0;26;1;
19406;202100012617;179 160;B01;1;1;0;2;1;2;0;
19407;202100012617;179 161;A01;2;7;0;2;3;1;1;
19408;202100012618;179 158;A01;1;30;1;0;1;1;1;
19409;202100012618;179 159;B01;1;7;0;2;4;23;1;
19410;202100012621;179 151;B01;2;34;0;2;1;2;0;
19411;202100012621;179 152;A01;1;34;0;2;4;2;1;
19412;202100012622;179 149;B01;1;50;9;2;4;1;3;
19413;202100012622;179 150;Z01;1;7;9;2;1;2;0;
19414;202100012623;179 147;A01;1;7;0;2;2;15;1;
19415;202100012623;179 148;B01;2;50;0;2;1;1;3;
19416;202100012624;179 146;A01;1;10;0;1;3;15;1;
19417;202100012625;179 144;B01;1;7;0;2;3;1;1;
19418;202100012625;179 145;A01;1;30;0;2;1;1;1;
19419;202100012626;179 143;A01;2;30;0;1;1;17;0;
19420;202100012628;179 140;A01;3;7;0;1;2;1;1;
19421;202100012629;179 139;A01;2;7;0;1;2;1;1;
19422;202100012630;179 137;B01;1;7;0;2;1;2;1;
19423;202100012630;179 138;A01;1;7;0;2;4;2;1;
19424;202100012631;179 135;A01;3;30;0;2;1;26;1;
19425;202100012631;179 136;B01;3;7;0;2;2;23;1;
19426;202100012632;179 133;B01;1;50;0;2;1;9;3;
19427;202100012632;179 134;A01;1;7;0;2;8;1;1;
19428;202100012634;179 129;B01;3;7;0;2;4;1;1;
19429;202100012634;179 130;A01;1;2;1;0;1;1;0;
19430;202100012635;179 127;B01;1;7;0;2;1;0;1;
19431;202100012635;179 128;A01;1;10;0;2;4;4;1;
19432;202100012636;179 125;B01;1;1;0;2;6;1;5;
19433;202100012636;179 126;A01;1;7;0;2;2;17;1;
19434;202100012637;179 123;B01;1;7;0;2;0;0;0;
19435;202100012637;179 124;A01;2;7;0;2;0;15;0;
19436;202100012638;179 121;B01;1;7;0;2;4;1;1;
19437;202100012638;179 122;A01;1;7;0;2;1;1;1;
19438;202100012639;179 119;B01;0;7;0;0;0;0;0;
19439;202100012639;179 120;A01;3;7;0;2;1;9;1;
19440;202100012641;179 116;A01;1;7;0;2;2;15;1;
19441;202100012641;179 117;B01;2;30;0;2;2;0;1;
19442;202100012642;179 115;A01;1;32;0;1;1;1;1;
19443;202100012644;179 112;A01;3;7;0;2;3;9;1;
19444;202100012644;179 113;B01;3;7;0;2;5;1;1;
19445;202100012645;179 110;B01;1;7;0;2;8;15;0;
19446;202100012645;179 111;A01;1;10;0;2;7;1;1;
19447;202100012647;179 106;B01;1;33;0;2;1;2;1;
19448;202100012647;179 107;A01;1;7;0;2;3;20;1;
19449;202100012648;179 104;A01;1;2;0;2;3;18;3;
19450;202100012648;179 105;B01;1;7;0;2;2;16;1;
19451;202100012649;179 103;A01;2;7;0;1;1;9;0;
19452;202100012650;179 102;A01;1;30;1;2;1;9;1;
19453;202100012651;179 100;B01;1;7;0;2;1;1;0;
19454;202100012651;179 101;A01;1;7;0;2;1;5;1;
19455;202100012652;179 098;A01;1;30;0;2;7;1;1;
19456;202100012652;179 099;B01;1;10;0;2;8;1;1;
19457;202100012653;179 096;A01;1;50;0;2;1;1;3;
19458;202100012653;179 097;B01;1;7;0;2;2;1;1;
19459;202100012656;179 093;A01;1;0;0;1;-1;1;-1;
19460;202100012657;179 091;A01;1;33;0;0;0;26;1;
19461;202100012657;179 092;B01;1;33;0;2;7;2;1;
19462;202100012658;179 090;A01;3;7;0;1;1;1;1;
19463;202100012659;179 088;A01;0;7;0;2;1;17;1;
19464;202100012659;179 089;B01;0;7;0;2;1;1;1;
19465;202100012660;179 087;A01;2;7;4;0;8;13;1;
19466;202100012661;179 086;A01;1;7;0;1;1;1;1;
19467;202100012662;179 084;A01;2;7;1;0;1;26;1;
19468;202100012662;179 085;B01;0;7;0;0;6;0;1;
19469;202100012665;179 078;B01;3;7;0;2;8;1;1;
19470;202100012665;179 079;A01;3;7;0;2;7;1;1;
19471;202100012666;179 076;A01;1;7;0;2;3;1;1;
19472;202100012666;179 077;B01;3;7;0;2;1;23;1;
19473;202100012667;179 074;A01;2;30;0;2;4;2;1;
19474;202100012667;179 075;B01;-1;0;-1;-1;-1;-1;-1;
19475;202100012668;179 072;A01;2;33;0;2;3;15;1;
19476;202100012668;179 073;B01;2;10;0;2;2;1;1;
19477;202100012669;179 070;B01;1;7;0;2;3;1;1;
19478;202100012669;179 071;A01;1;7;0;2;2;1;1;
19479;202100012670;179 068;B01;2;10;0;2;2;12;1;
19480;202100012670;179 069;A01;2;30;0;2;3;3;1;
19481;202100012671;179 066;A01;2;7;0;2;5;4;1;
19482;202100012671;179 067;B01;2;32;0;2;1;23;1;
19483;202100012672;179 064;B01;1;43;0;2;1;1;1;
19484;202100012672;179 065;A01;2;7;0;2;1;15;1;
19485;202100012673;179 062;A01;1;7;0;2;2;12;1;
19486;202100012673;179 063;B01;1;32;0;2;8;2;1;
19487;202100012674;179 060;A01;3;7;0;2;2;1;1;
19488;202100012674;179 061;B01;3;30;0;2;1;1;1;
19489;202100012675;179 059;A01;1;7;1;0;7;15;1;
19490;202100012676;179 058;A01;2;37;0;1;3;1;2;2.0
19491;202100012677;179 056;A01;1;7;0;2;6;10;2;
19492;202100012677;179 057;B01;1;43;0;2;1;17;1;
19493;202100012678;179 054;A01;1;30;0;2;1;1;1;
19494;202100012678;179 055;B01;2;1;0;2;2;5;5;
19495;202100012679;179 053;A01;2;32;0;0;0;1;1;
19496;202100012680;179 052;A01;2;30;0;0;7;7;1;
19497;202100012681;179 049;C01;1;7;0;2;6;1;1;
19498;202100012681;179 050;A01;1;7;0;2;3;22;1;
19499;202100012681;179 051;B01;1;32;0;2;9;1;1;
19500;202100012682;179 047;B01;3;7;0;2;2;1;2;
19501;202100012682;179 048;A01;3;34;0;2;4;1;1;
19502;202100012683;179 045;A01;2;50;0;2;1;1;3;
19503;202100012683;179 046;B01;1;7;0;2;3;1;1;
19504;202100012684;179 043;B01;2;1;0;2;1;1;5;
19505;202100012684;179 044;A01;1;1;0;2;1;17;5;
19506;202100012685;179 041;B01;2;50;0;2;1;1;3;
19507;202100012685;179 042;A01;2;7;0;2;4;9;1;
19508;202100012686;179 039;B01;1;7;0;2;4;1;1;
19509;202100012686;179 040;A01;1;7;0;2;3;21;1;
19510;202100012687;179 037;Z01;1;7;0;0;0;0;0;
19511;202100012687;179 038;A01;1;30;0;2;0;26;1;
19512;202100012688;179 035;B01;-1;33;0;2;4;23;1;
19513;202100012688;179 036;A01;2;33;0;2;1;1;1;
19514;202100012689;179 034;A01;1;7;2;0;1;26;1;
19515;202100012690;179 033;A01;1;7;0;1;3;15;2;
19516;202100012691;179 031;B01;2;7;0;2;7;1;1;
19517;202100012691;179 032;A01;2;33;0;2;8;15;1;
19518;202100012692;179 029;B01;2;3;0;2;4;0;0;
19519;202100012692;179 030;A01;2;37;0;2;1;0;0;1.0
19520;202100012693;179 027;B01;1;32;0;2;1;1;1;
19521;202100012693;179 028;A01;2;7;0;2;3;10;1;
19522;202100012694;179 026;A01;2;7;8;1;4;4;1;
19523;202100012695;179 024;C01;0;7;0;0;3;15;1;
19524;202100012695;179 025;B01;2;7;0;0;2;1;1;
19525;202100012696;179 023;A01;3;7;0;1;2;1;1;
19526;202100012698;179 019;B01;2;7;4;0;0;21;1;
19527;202100012698;179 020;A01;2;7;0;0;0;18;1;
19528;202100012699;179 018;A01;1;1;6;0;7;1;5;
19529;202100012700;179 016;B01;3;7;0;2;3;15;1;
19530;202100012700;179 017;A01;3;33;0;2;7;1;1;
19531;202100012701;179 015;A01;2;33;0;0;8;0;1;
19532;202100012702;179 013;A01;1;7;0;2;7;15;1;
19533;202100012702;179 014;B01;2;2;0;2;2;1;1;
19534;202100012703;179 011;A01;2;10;3;2;1;2;1;
19535;202100012703;179 012;B01;2;7;3;2;4;2;1;
19536;202100012704;179 009;A01;3;7;0;2;2;1;1;
19537;202100012704;179 010;B01;3;50;0;0;4;16;3;
19538;202100012705;179 007;B01;1;7;0;2;1;1;1;
19539;202100012705;179 008;A01;0;10;0;2;2;19;1;
19540;202100012706;179 005;B01;2;34;0;2;1;1;1;
19541;202100012706;179 006;A01;1;7;0;2;3;15;1;
19542;202100012707;179 002;A01;1;33;0;2;1;1;1;
19543;202100012707;179 003;B01;2;10;0;2;5;15;1;
19544;202100012707;179 004;C01;2;7;0;2;6;1;1;
19545;202100012708;179 001;A01;1;7;8;0;2;15;1;
19546;202100012709;178 999;B01;2;7;0;2;1;1;1;
19547;202100012709;179 000;A01;3;7;0;2;8;19;1;
19548;202100012710;178 997;A01;1;7;0;2;2;1;1;
19549;202100012710;178 998;B01;3;2;0;2;1;1;1;
19550;202100012711;178 995;B01;1;7;0;2;3;21;1;
19551;202100012711;178 996;A01;2;7;0;2;3;21;1;
19552;202100012712;178 993;B01;2;7;0;2;5;17;0;
19553;202100012712;178 994;A01;2;2;0;2;3;1;1;
19554;202100012714;178 990;A01;2;33;13;0;3;0;1;
19555;202100012716;178 987;A01;3;36;13;0;2;14;1;
19556;202100012717;178 986;A01;2;7;0;1;2;1;1;
19557;202100012718;178 984;A01;3;10;0;2;2;1;1;
19558;202100012718;178 985;B01;0;2;0;2;1;1;1;
19559;202100012719;178 982;B01;1;7;0;2;1;1;1;
19560;202100012719;178 983;A01;0;7;0;2;1;1;1;
19561;202100012720;178 980;A01;0;7;0;2;3;17;1;
19562;202100012720;178 981;B01;1;7;0;2;3;15;1;
19563;202100012721;178 979;A01;2;7;13;0;1;15;1;
19564;202100012722;178 978;A01;3;2;0;0;0;1;1;
19565;202100012723;178 976;A01;3;7;0;2;7;13;1;
19566;202100012723;178 977;B01;3;7;0;2;1;1;1;
19567;202100012724;178 975;A01;3;7;2;0;1;2;1;
19568;202100012725;178 973;A01;2;7;0;2;1;1;1;
19569;202100012725;178 974;B01;1;7;0;0;3;19;1;
19570;202100012726;178 970;A01;1;7;0;1;2;2;1;
19571;202100012727;178 969;A01;1;2;13;0;1;1;1;
19572;202100012728;178 967;B01;2;15;0;2;6;24;1;
19573;202100012728;178 968;A01;2;10;1;0;1;1;1;
19574;202100012729;178 966;A01;1;7;2;0;1;1;1;
19575;202100012730;178 963;A01;2;7;0;2;3;5;1;
19576;202100012730;178 964;B01;1;33;0;2;1;1;1;
19577;202100012731;178 961;B01;1;7;0;2;1;1;1;
19578;202100012731;178 962;A01;1;7;0;2;4;1;2;
19579;202100012732;178 960;A01;3;33;2;0;1;13;1;
19580;202100012733;178 958;B01;2;21;0;2;3;1;1;
19581;202100012733;178 959;A01;1;7;0;2;3;1;1;
19582;202100012734;178 956;B01;2;33;0;2;1;2;1;
19583;202100012734;178 957;A01;2;7;0;2;8;9;1;
19584;202100012735;178 955;A01;2;7;13;0;9;1;1;
19585;202100012736;178 953;B01;3;1;0;0;0;0;5;
19586;202100012736;178 954;A01;0;7;0;2;0;0;0;
19587;202100012737;178 950;C01;3;7;0;0;0;26;1;
19588;202100012737;178 951;B01;3;1;0;2;1;13;5;
19589;202100012737;178 952;A01;3;7;0;2;1;1;1;
19590;202100012738;178 949;A01;3;33;0;0;0;0;1;
19591;202100012739;178 947;B01;1;7;0;2;3;1;1;
19592;202100012739;178 948;A01;1;10;0;2;1;19;1;
19593;202100012740;178 943;B01;2;7;0;2;8;15;1;
19594;202100012740;178 944;A01;2;34;0;2;1;17;1;
19595;202100012741;178 939;B01;1;10;3;0;1;1;1;
19596;202100012741;178 940;A01;1;7;3;0;4;23;1;
19597;202100012741;178 941;D01;1;7;0;2;1;2;1;
19598;202100012741;178 942;C01;1;7;1;0;4;1;1;
19599;202100012742;178 938;A01;2;14;0;0;9;1;1;
19600;202100012743;178 936;B01;2;14;0;2;3;26;1;
19601;202100012743;178 937;A01;1;7;0;2;3;26;0;
19602;202100012744;178 935;A01;1;7;0;0;4;1;1;
19603;202100012745;178 934;A01;-1;14;0;1;2;16;1;
19604;202100012747;178 932;A01;1;7;0;1;3;1;1;
19605;202100012748;178 930;B01;2;7;0;2;2;1;1;
19606;202100012748;178 931;A01;2;7;0;2;3;1;1;
19607;202100012750;178 928;A01;0;7;13;0;0;14;1;
19608;202100012751;178 927;A01;1;10;2;0;1;13;1;
19609;202100012752;178 926;A01;3;7;6;0;3;6;1;
19610;202100012753;178 924;A01;1;7;0;0;6;1;2;
19611;202100012753;178 925;B01;1;33;0;2;1;1;1;
19612;202100012755;178 920;B01;2;7;0;2;4;2;1;
19613;202100012755;178 921;A01;2;33;0;2;1;2;1;
19614;202100012756;178 918;B01;0;7;0;0;5;2;1;
19615;202100012756;178 919;A01;0;10;0;2;3;2;1;
19616;202100012757;178 916;B01;1;7;0;0;4;2;1;
19617;202100012757;178 917;A01;1;31;0;2;4;3;1;
19618;202100012758;178 913;C01;2;7;0;2;1;1;1;
19619;202100012758;178 914;B01;2;7;0;2;3;1;1;
19620;202100012758;178 915;A01;1;7;0;2;1;5;1;
19621;202100012759;178 911;B01;1;7;0;2;1;2;1;
19622;202100012759;178 912;A01;1;7;0;2;4;2;1;
19623;202100012760;178 910;A01;2;7;0;0;1;14;1;
19624;202100012761;178 909;A01;2;7;17;0;1;0;1;
19625;202100012762;178 908;A01;1;33;0;0;8;15;1;
19626;202100012763;178 907;A01;1;7;0;1;1;1;1;
19627;202100012764;178 905;A01;2;34;0;2;2;17;1;
19628;202100012764;178 906;B01;2;7;0;2;3;15;1;
19629;202100012765;178 903;A01;3;1;0;2;8;9;5;
19630;202100012765;178 904;B01;2;7;0;2;2;1;1;
19631;202100012766;178 902;A01;3;7;17;0;3;0;1;
19632;202100012768;178 899;A01;0;7;0;0;2;1;1;
19633;202100012770;178 895;B01;-1;7;0;2;1;1;1;
19634;202100012770;178 896;A01;-1;7;0;2;8;9;1;
19635;202100012771;178 893;B01;0;33;0;2;0;1;1;
19636;202100012771;178 894;A01;3;7;0;2;3;0;1;
19637;202100012772;178 891;A01;2;7;0;0;3;10;1;
19638;202100012772;178 892;B01;2;33;0;0;1;1;1;
19639;202100012773;178 889;B01;3;1;0;2;1;0;5;
19640;202100012773;178 890;A01;3;7;0;0;2;19;1;
19641;202100012774;178 888;A01;2;7;3;0;8;13;1;
19642;202100012775;178 887;A01;2;7;0;1;1;1;1;
19643;202100012776;178 885;B01;3;7;0;2;2;1;1;
19644;202100012776;178 886;A01;3;7;0;2;8;1;1;
19645;202100012777;178 883;A01;3;33;6;0;6;11;1;
19646;202100012777;178 884;B01;3;33;0;0;2;2;1;
19647;202100012778;178 881;A01;1;2;0;2;1;0;1;
19648;202100012778;178 882;B01;2;7;0;2;1;1;1;
19649;202100012779;178 879;A01;2;7;0;2;2;13;1;
19650;202100012779;178 880;B01;2;33;0;2;4;15;1;
19651;202100012780;178 878;A01;3;32;0;6;6;1;1;
19652;202100012781;178 876;A01;1;7;0;2;3;1;1;
19653;202100012781;178 877;B01;2;7;0;0;3;13;1;