;Num_Acc;id_vehicule;num_veh;senc;catv;obs;obsm;choc;manv;motor;occutc
19654;202100012782;178 874;Z01;1;38;0;2;1;2;0;1.0
19655;202100012782;178 875;A01;1;7;0;2;4;2;1;
19656;202100012783;178 872;A01;1;7;0;2;4;1;1;
19657;202100012783;178 873;B01;0;7;0;2;2;14;0;
19658;202100012784;178 870;A01;2;33;0;2;7;1;1;
19659;202100012784;178 871;B01;2;7;0;2;7;26;1;
19660;202100012786;178 867;A01;2;7;3;0;1;2;1;
19661;202100012788;178 862;C01;1;7;0;2;4;2;1;
19662;202100012788;178 863;B01;1;7;0;2;4;2;1;
19663;202100012788;178 864;A01;1;7;0;2;1;2;1;
19664;202100012789;178 860;B01;1;7;0;2;2;1;1;
19665;202100012789;178 861;A01;1;7;3;2;3;9;1;
19666;202100012790;178 859;A01;2;7;4;0;3;1;1;
19667;202100012792;178 855;C01;1;7;0;2;8;1;1;
19668;202100012792;178 856;B01;1;7;0;2;8;1;1;
19669;202100012792;178 857;A01;1;7;0;2;2;1;1;
19670;202100012793;178 852;A01;1;7;0;2;1;2;1;
19671;202100012793;178 853;B01;1;7;0;2;4;2;1;
19672;202100012793;178 854;C01;1;7;0;2;4;2;1;
19673;202100012794;178 850;Z01;1;10;3;0;4;0;1;
19674;202100012794;178 851;B01;1;7;3;2;1;1;1;
19675;202100012795;178 846;D01;1;7;1;0;1;1;1;
19676;202100012795;178 847;A01;1;7;0;2;6;0;1;
19677;202100012795;178 848;B01;1;7;1;2;2;21;1;
19678;202100012795;178 849;C01;1;7;1;2;1;1;1;
19679;202100012796;178 844;B01;2;7;0;2;4;23;1;
19680;202100012796;178 845;A01;2;7;0;2;1;2;1;
19681;202100012797;178 842;B01;1;7;0;2;4;2;1;
19682;202100012797;178 843;A01;1;7;0;2;1;2;1;
19683;202100012798;178 841;A01;1;33;0;0;7;1;1;
19684;202100012799;178 839;B01;2;7;0;2;6;1;1;
19685;202100012799;178 840;A01;2;7;0;2;2;12;1;
19686;202100012800;178 838;A01;2;7;5;0;1;1;1;
19687;202100012801;178 837;A01;1;33;0;2;4;1;1;
19688;202100012802;178 835;A01;2;7;0;2;5;1;1;
19689;202100012802;178 836;B01;2;7;0;2;6;1;1;
19690;202100012803;178 833;A01;3;7;0;2;3;9;1;
19691;202100012803;178 834;B01;3;37;0;2;2;9;2;1.0
19692;202100012804;178 831;B01;3;1;0;0;0;0;0;
19693;202100012804;178 832;A01;3;30;0;9;8;5;1;
19694;202100012805;178 830;SA01;2;2;0;2;0;0;0;
19695;202100012806;178 829;A01;2;50;0;0;1;15;3;
19696;202100012807;178 828;A01;1;7;0;1;3;1;1;
19697;202100012808;178 826;B01;1;2;1;0;2;1;1;
19698;202100012808;178 827;A01;1;7;0;2;3;22;1;
19699;202100012809;178 824;A01;2;2;0;2;1;2;1;
19700;202100012809;178 825;B01;2;7;0;2;4;2;1;
19701;202100012810;178 822;B01;1;1;0;2;1;9;5;
19702;202100012810;178 823;A01;2;1;0;2;1;1;5;
19703;202100012811;178 820;A01;1;7;0;2;3;15;1;
19704;202100012811;178 821;B01;1;33;0;2;7;17;1;
19705;202100012812;178 819;A01;3;7;3;0;1;5;1;
19706;202100012814;178 816;A01;1;7;2;0;1;14;1;
19707;202100012815;178 814;A01;3;7;0;2;8;1;1;
19708;202100012815;178 815;B01;3;31;0;2;1;17;1;
19709;202100012816;178 813;A01;1;33;0;1;0;17;1;
19710;202100012817;178 811;B01;3;7;0;2;1;15;1;
19711;202100012817;178 812;A01;1;33;0;2;7;26;1;
19712;202100012818;178 809;A01;2;33;0;2;1;2;1;
19713;202100012818;178 810;B01;2;7;0;2;4;2;1;
19714;202100012819;178 807;A01;3;7;0;1;1;16;1;
19715;202100012821;178 804;A01;3;7;0;1;1;1;1;
19716;202100012822;178 802;A01;1;7;0;2;1;15;1;
19717;202100012822;178 803;B01;2;7;0;2;0;0;1;
19718;202100012823;178 800;B01;1;7;0;0;4;23;1;
19719;202100012823;178 801;A01;1;7;1;0;1;2;1;
19720;202100012824;178 796;A01;3;7;8;2;3;9;1;
19721;202100012824;178 797;B01;3;7;0;2;2;1;1;
19722;202100012825;178 795;A01;3;7;0;1;0;9;0;
19723;202100012826;178 794;A01;1;7;1;0;3;14;1;
19724;202100012827;178 792;A01;1;14;0;2;7;26;1;
19725;202100012827;178 793;B01;2;60;0;2;7;25;5;
19726;202100012828;178 791;A01;1;30;12;0;7;14;1;
19727;202100012829;178 790;A01;1;10;0;1;4;23;0;
19728;202100012830;178 789;A01;1;7;0;1;3;2;1;
19729;202100012831;178 788;A01;1;7;0;1;1;1;1;
19730;202100012832;178 786;A01;1;7;0;9;1;1;1;
19731;202100012832;178 787;B01;1;1;0;2;4;1;5;
19732;202100012833;178 784;B01;0;33;0;2;1;0;0;
19733;202100012833;178 785;A01;0;33;0;2;1;0;1;
19734;202100012834;178 782;B01;2;1;0;2;1;9;0;
19735;202100012834;178 783;A01;1;7;0;2;2;9;1;
19736;202100012835;178 780;A01;1;7;0;2;8;1;1;
19737;202100012835;178 781;B01;2;32;0;2;1;1;1;
19738;202100012836;178 778;B01;2;7;0;2;3;15;1;
19739;202100012836;178 779;A01;2;30;0;2;7;17;3;
19740;202100012837;178 777;A01;1;1;1;0;1;1;5;
19741;202100012838;178 775;B01;1;7;0;2;2;15;1;
19742;202100012838;178 776;A01;1;7;0;2;5;19;1;
19743;202100012839;178 774;A01;1;40;0;1;2;1;3;
19744;202100012840;178 772;A01;3;80;0;2;1;1;3;
19745;202100012840;178 773;B01;3;7;0;2;1;15;1;
19746;202100012841;178 771;A01;1;7;0;1;2;15;1;
19747;202100012842;178 769;B01;1;33;0;2;8;1;1;
19748;202100012842;178 770;A01;1;10;3;2;2;1;1;
19749;202100012843;178 767;Z01;1;7;0;2;4;2;1;
19750;202100012843;178 768;A01;1;7;0;2;1;1;1;
19751;202100012844;178 765;B01;1;34;0;2;1;5;1;
19752;202100012844;178 766;A01;2;7;0;2;5;15;1;
19753;202100012845;178 763;B01;1;80;0;2;1;11;3;
19754;202100012845;178 764;A01;1;37;0;9;8;15;6;1.0
19755;202100012846;178 761;B01;1;7;0;0;4;23;1;
19756;202100012846;178 762;A01;1;33;0;2;1;2;1;
19757;202100012847;178 759;A01;1;7;0;2;1;1;1;
19758;202100012847;178 760;B01;1;33;0;2;4;23;1;
19759;202100012848;178 758;A01;2;7;0;1;5;4;1;
19760;202100012849;178 756;A01;1;7;0;2;1;13;1;
19761;202100012849;178 757;B01;2;7;0;2;1;1;1;
19762;202100012850;178 755;A01;3;7;0;1;1;0;1;
19763;202100012851;178 754;A01;2;7;15;0;1;14;1;
19764;202100012852;178 752;A01;1;7;0;2;4;2;1;
19765;202100012852;178 753;B01;1;2;0;2;1;2;1;
19766;202100012853;178 751;A01;1;7;0;1;0;26;1;
19767;202100012855;178 747;B01;1;80;0;2;1;22;3;
19768;202100012855;178 748;A01;3;7;0;9;8;0;1;
19769;202100012856;178 746;A01;1;7;0;1;3;15;1;
19770;202100012857;178 744;B01;0;7;0;0;8;1;1;
19771;202100012857;178 745;A01;0;7;0;2;1;1;1;
19772;202100012858;178 743;Z01;3;7;0;1;1;26;1;
19773;202100012860;178 739;B01;1;1;0;0;0;0;0;
19774;202100012860;178 740;A01;1;7;0;2;2;19;1;
19775;202100012861;178 737;A01;1;32;0;2;3;21;1;
19776;202100012861;178 738;B01;1;7;0;2;5;2;1;
19777;202100012862;178 735;A01;1;7;0;2;7;12;1;
19778;202100012862;178 736;B01;1;31;0;2;8;3;1;
19779;202100012863;178 733;A01;1;31;0;2;1;3;1;
19780;202100012863;178 734;B01;1;10;0;2;6;11;1;
19781;202100012864;178 731;B01;1;7;0;2;4;23;1;
19782;202100012864;178 732;A01;1;7;0;2;1;1;1;
19783;202100012865;178 730;A01;1;7;0;1;5;1;1;
19784;202100012867;178 726;A01;1;50;0;2;1;1;3;
19785;202100012867;178 727;B01;1;7;0;2;2;1;1;
19786;202100012868;178 724;B01;2;33;0;2;1;1;1;
19787;202100012868;178 725;A01;2;7;0;2;3;10;1;
19788;202100012869;178 722;A01;2;7;0;2;1;1;2;
19789;202100012869;178 723;B01;2;7;0;2;4;23;1;
19790;202100012870;178 721;A01;1;7;4;0;1;15;2;
19791;202100012871;178 719;A01;1;10;0;2;2;1;1;
19792;202100012871;178 720;B01;1;32;0;2;3;1;1;
19793;202100012872;178 717;B01;1;80;0;2;1;1;3;
19794;202100012872;178 718;A01;1;7;0;2;8;22;1;
19795;202100012873;178 716;Z01;1;33;0;1;2;1;0;
19796;202100012874;178 714;A01;2;30;0;2;3;1;1;
19797;202100012874;178 715;B01;1;7;0;2;2;15;1;
19798;202100012875;178 712;B01;3;1;0;2;1;1;5;
19799;202100012875;178 713;A01;3;7;0;2;2;16;1;
19800;202100012876;178 710;A01;1;43;0;2;2;3;1;
19801;202100012876;178 711;B01;1;7;0;2;8;15;1;
19802;202100012878;178 707;B01;1;7;0;2;4;24;1;
19803;202100012878;178 708;Z01;1;7;0;2;1;14;1;
19804;202100012879;178 705;A01;2;7;0;2;2;1;1;
19805;202100012879;178 706;B01;2;1;0;2;6;15;5;
19806;202100012880;178 703;A01;1;7;0;2;1;1;1;
19807;202100012880;178 704;B01;1;7;0;2;8;1;1;
19808;202100012881;178 702;A01;1;43;0;0;1;15;1;
19809;202100012882;178 700;A01;1;30;0;2;1;1;3;
19810;202100012882;178 701;B01;1;7;0;2;4;23;1;
19811;202100012883;178 699;A01;2;7;14;0;1;13;1;
19812;202100012884;178 698;A01;1;13;0;1;1;17;1;
19813;202100012885;178 697;A01;2;50;0;1;1;0;3;
19814;202100012886;178 695;A01;2;7;0;2;2;1;1;
19815;202100012886;178 696;B01;2;7;0;2;3;20;1;
19816;202100012887;178 693;A01;3;7;0;2;1;19;1;
19817;202100012887;178 694;B01;3;7;0;2;8;1;1;
19818;202100012888;178 692;A01;0;7;0;1;6;20;1;
19819;202100012889;178 690;B01;1;32;0;2;4;2;1;
19820;202100012889;178 691;A01;1;7;0;2;1;2;1;
19821;202100012890;178 688;B01;3;7;0;2;8;0;1;
19822;202100012890;178 689;A01;-1;14;0;2;1;1;1;
19823;202100012891;178 686;B01;3;50;0;2;1;19;3;
19824;202100012891;178 687;A01;3;10;0;2;8;2;1;
19825;202100012892;178 684;B01;1;7;0;2;4;26;1;
19826;202100012892;178 685;A01;1;7;1;0;1;14;1;
19827;202100012893;178 683;A01;0;7;15;0;0;16;1;
19828;202100012894;178 681;B01;0;7;0;2;3;1;1;
19829;202100012894;178 682;A01;3;30;0;2;7;1;1;
19830;202100012896;178 675;A01;1;7;0;2;1;1;1;
19831;202100012896;178 676;B01;1;7;0;2;4;0;1;
19832;202100012896;178 677;C01;1;7;0;2;4;23;1;
19833;202100012896;178 678;D01;1;7;0;2;1;1;1;
19834;202100012897;178 673;A01;1;7;0;2;1;15;1;
19835;202100012897;178 674;B01;2;33;0;2;3;1;1;
19836;202100012898;178 671;B01;1;1;1;0;0;1;5;
19837;202100012898;178 672;A01;1;10;0;2;0;24;1;
19838;202100012899;178 670;A01;2;32;14;0;1;1;1;
19839;202100012900;178 669;A01;2;30;0;0;0;21;1;
19840;202100012901;178 668;A01;1;7;0;1;1;15;1;
19841;202100012902;178 667;A01;1;37;0;0;0;0;3;2.0
19842;202100012903;178 666;A01;2;7;0;1;8;1;1;
19843;202100012904;178 664;A01;2;7;0;2;6;12;0;
19844;202100012904;178 665;B01;2;2;0;2;2;11;0;
19845;202100012905;178 661;A01;2;15;13;0;8;0;1;
19846;202100012906;178 660;A01;3;7;0;1;2;1;1;
19847;202100012907;178 657;A01;2;7;0;2;1;0;1;
19848;202100012907;178 658;C01;1;7;0;2;1;1;1;
19849;202100012907;178 659;B01;1;7;0;2;8;1;1;
19850;202100012909;178 655;A01;1;7;0;1;6;1;1;
19851;202100012910;178 653;A01;1;7;0;2;1;2;1;
19852;202100012910;178 654;B01;1;15;0;0;4;2;1;
19853;202100012913;178 648;B01;0;10;0;2;1;1;1;
19854;202100012913;178 649;A01;0;7;0;2;1;1;1;
19855;202100012915;178 645;B01;1;32;0;2;1;17;1;
19856;202100012915;178 646;A01;1;7;0;2;1;15;1;
19857;202100012916;178 643;B01;2;7;0;2;5;15;1;
19858;202100012916;178 644;A01;1;33;0;2;1;17;1;
19859;202100012917;178 641;B01;2;1;0;2;6;1;5;
19860;202100012917;178 642;A01;2;7;0;2;2;2;1;
19861;202100012918;178 640;A01;2;7;13;0;9;13;1;
19862;202100012919;178 639;A01;3;2;1;0;2;2;1;
19863;202100012920;178 638;A01;1;2;0;0;8;1;1;
19864;202100012921;178 637;A01;3;7;8;0;2;0;1;
19865;202100012922;178 636;A01;1;33;0;0;8;1;1;
19866;202100012923;178 634;B01;1;33;0;2;1;1;1;
19867;202100012923;178 635;A01;2;7;0;2;3;13;1;
19868;202100012925;178 632;A01;1;33;15;0;2;1;1;
19869;202100012926;178 631;A01;1;7;13;0;1;1;1;
19870;202100012927;178 629;B01;1;7;0;2;3;0;1;
19871;202100012927;178 630;A01;2;2;0;2;1;5;1;
19872;202100012928;178 627;A01;2;7;0;2;2;19;1;
19873;202100012928;178 628;B01;1;7;0;2;1;1;1;
19874;202100012929;178 625;B01;2;10;0;2;1;1;1;
19875;202100012929;178 626;A01;1;7;0;2;1;1;1;
19876;202100012930;178 623;A01;1;33;0;0;0;21;1;
19877;202100012930;178 624;B01;1;33;0;0;0;1;1;
19878;202100012931;178 622;A01;1;33;13;0;1;26;1;
19879;202100012932;178 620;A01;3;7;0;2;3;13;1;
19880;202100012932;178 621;B01;3;7;0;2;6;1;1;
19881;202100012933;178 619;A01;1;33;16;0;0;0;1;
19882;202100012935;178 614;B01;3;15;0;2;2;1;1;
19883;202100012935;178 615;A01;3;2;0;2;2;13;1;
19884;202100012936;178 612;B01;2;2;0;2;2;13;1;
19885;202100012936;178 613;A01;1;7;0;0;7;11;1;
19886;202100012937;178 610;B01;3;30;0;2;4;2;1;
19887;202100012937;178 611;A01;3;7;0;2;2;2;1;
19888;202100012938;178 608;B01;1;2;0;2;1;1;1;
19889;202100012938;178 609;A01;2;7;0;2;2;11;1;
19890;202100012939;178 606;B01;1;7;0;2;5;19;1;
19891;202100012939;178 607;A01;1;7;0;2;1;1;1;
19892;202100012940;178 605;A01;2;7;0;1;2;1;1;
19893;202100012941;178 604;A01;1;7;0;1;3;1;1;
19894;202100012942;178 603;A01;2;7;2;0;7;1;1;
19895;202100012943;178 601;B01;2;7;0;2;1;1;1;
19896;202100012943;178 602;A01;1;7;0;2;4;17;1;
19897;202100012944;178 599;B01;2;10;0;2;4;26;1;
19898;202100012944;178 600;A01;2;7;0;2;1;26;1;
19899;202100012945;178 598;A01;1;7;0;0;1;1;1;
19900;202100012946;178 596;B01;2;2;0;2;4;1;1;
19901;202100012946;178 597;A01;0;7;0;2;0;0;0;
19902;202100012947;178 593;C01;2;7;0;9;1;1;1;
19903;202100012947;178 594;B01;2;7;8;2;5;15;1;
19904;202100012947;178 595;A01;1;33;0;2;1;1;1;
19905;202100012949;178 590;A01;3;1;0;0;0;0;5;
19906;202100012950;178 588;B01;1;7;0;2;1;1;1;
19907;202100012950;178 589;A01;1;7;0;2;1;5;1;
19908;202100012951;178 586;B01;2;7;0;2;1;13;2;
19909;202100012951;178 587;A01;1;7;0;2;1;1;1;
19910;202100012952;178 585;A01;1;7;7;0;1;1;1;
19911;202100012953;178 583;A01;1;7;0;2;2;21;1;
19912;202100012953;178 584;B01;2;7;7;2;1;13;1;
19913;202100012954;178 582;A01;2;7;13;0;1;1;1;
19914;202100012955;178 580;A01;2;7;5;0;1;1;1;
19915;202100012957;178 576;B01;2;7;0;2;1;1;1;
19916;202100012957;178 577;A01;1;7;0;2;1;13;1;
19917;202100012958;178 575;A01;1;7;2;0;8;14;1;
19918;202100012959;178 573;A01;1;7;0;2;1;5;1;
19919;202100012959;178 574;B01;2;2;0;2;1;5;1;
19920;202100012961;178 570;A01;2;7;13;0;3;1;1;
19921;202100012963;178 567;A01;1;7;0;2;1;2;1;
19922;202100012963;178 568;B01;1;7;3;0;4;1;1;
19923;202100012964;178 564;A01;2;10;0;0;4;2;1;
19924;202100012964;178 565;C01;2;7;0;2;1;2;2;
19925;202100012964;178 566;B01;2;7;0;2;1;2;1;
19926;202100012965;178 562;A01;2;10;0;2;1;2;1;
19927;202100012965;178 563;B01;2;15;0;2;4;1;1;
19928;202100012966;178 560;B01;1;33;0;2;7;1;1;
19929;202100012966;178 561;A01;1;7;0;2;3;16;1;
19930;202100012967;178 559;A01;1;7;0;1;2;1;1;
19931;202100012968;178 558;A01;1;7;4;0;9;1;1;
19932;202100012969;178 557;A01;3;34;8;0;1;2;1;
19933;202100012970;178 555;B01;2;7;0;2;2;17;1;
19934;202100012970;178 556;A01;2;7;0;2;3;15;1;
19935;202100012971;178 553;B01;2;7;0;2;1;0;0;
19936;202100012971;178 554;A01;2;1;0;0;0;0;5;
19937;202100012972;178 552;A01;2;1;0;0;1;0;5;
19938;202100012973;178 550;B01;2;7;0;2;5;15;1;
19939;202100012973;178 551;A01;1;2;0;2;1;1;1;
19940;202100012974;178 548;B01;2;2;0;2;1;1;1;
19941;202100012974;178 549;A01;2;7;0;2;2;19;1;
19942;202100012975;178 546;B01;1;33;0;2;2;17;1;
19943;202100012975;178 547;A01;1;7;0;2;3;15;1;
19944;202100012976;178 544;A01;1;7;0;9;5;2;1;
19945;202100012976;178 545;B01;1;1;0;2;3;1;5;
19946;202100012977;178 542;B01;3;10;0;2;3;1;1;
19947;202100012977;178 543;A01;0;7;9;2;1;16;1;
19948;202100012978;178 539;C01;2;10;0;2;2;2;1;
19949;202100012978;178 540;B01;2;7;0;2;6;2;1;
19950;202100012978;178 541;A01;2;7;0;0;5;1;2;
19951;202100012979;178 538;A01;1;7;13;0;9;1;1;
19952;202100012980;178 536;A01;0;7;0;2;2;15;1;
19953;202100012980;178 537;B01;2;33;0;2;8;23;1;
19954;202100012981;178 535;A01;1;33;0;0;9;1;1;
19955;202100012982;178 534;A01;1;7;2;0;9;13;1;
19956;202100012983;178 533;A01;2;7;0;0;0;1;1;
19957;202100012984;178 530;C01;1;7;14;0;1;1;1;
19958;202100012984;178 531;B01;1;7;0;2;2;1;1;
19959;202100012984;178 532;A01;1;7;0;2;6;26;1;
19960;202100012986;178 528;A01;2;33;14;0;1;1;6;
19961;202100012988;178 525;A01;3;2;0;0;8;1;1;
19962;202100012989;178 523;B01;2;7;0;2;3;2;1;
19963;202100012989;178 524;A01;1;7;0;2;1;2;1;
19964;202100012990;178 522;A01;3;80;10;0;1;13;3;
19965;202100012992;178 520;A01;3;7;0;1;1;1;1;
19966;202100012993;178 519;A01;1;10;13;0;3;1;1;
19967;202100012994;178 517;B01;3;1;0;2;1;23;5;
19968;202100012994;178 518;A01;3;7;0;2;0;1;1;
19969;202100012995;178 516;A01;2;33;3;0;8;1;1;
19970;202100012996;178 514;A01;3;2;0;2;1;1;1;
19971;202100012996;178 515;B01;3;7;0;2;3;15;1;
19972;202100012997;178 513;A01;3;7;0;1;4;4;1;
19973;202100012998;178 511;B01;2;7;0;2;3;1;1;
19974;202100012998;178 512;A01;1;7;0;2;3;17;1;
19975;202100013000;178 507;B01;2;2;0;2;1;1;1;
19976;202100013000;178 508;A01;1;31;0;2;1;5;1;
19977;202100013001;178 505;B01;2;10;0;2;2;1;1;
19978;202100013001;178 506;A01;2;7;0;0;4;1;1;
19979;202100013002;178 503;A01;1;2;0;2;6;15;1;
19980;202100013002;178 504;B01;1;7;0;2;1;1;1;
19981;202100013003;178 502;A01;3;7;13;0;8;0;1;
19982;202100013004;178 501;A01;1;33;0;0;0;3;1;
19983;202100013005;178 499;A01;2;33;0;2;8;1;1;
19984;202100013005;178 500;B01;2;10;0;2;2;14;1;
19985;202100013006;178 498;A01;1;7;4;0;1;1;1;
19986;202100013007;178 497;A01;1;7;4;0;2;1;1;
19987;202100013008;178 495;A01;2;7;0;2;3;2;1;
19988;202100013008;178 496;B01;2;7;0;2;5;2;0;
19989;202100013009;178 494;A01;1;7;0;2;8;14;1;
19990;202100013010;178 492;B01;1;7;0;2;3;1;1;
19991;202100013010;178 493;A01;1;7;0;2;3;5;1;
19992;202100013011;178 490;A01;1;15;0;2;1;2;1;
19993;202100013011;178 491;B01;1;7;0;2;4;2;1;
19994;202100013012;178 488;B01;1;7;0;2;4;2;1;
19995;202100013012;178 489;A01;1;7;0;2;1;2;1;
19996;202100013014;178 484;A01;1;7;0;2;1;2;1;
19997;202100013014;178 485;B01;1;7;0;2;4;2;1;
19998;202100013014;178 486;C01;1;7;0;2;1;2;1;
19999;202100013015;178 483;A01;2;7;0;2;9;1;1;
20000;202100013016;178 481;A01;2;7;0;9;8;1;1;
20001;202100013016;178 482;B01;2;34;0;2;0;0;0;
20002;202100013017;178 479;A01;1;7;0;2;7;14;1;
20003;202100013017;178 480;B01;1;7;0;2;6;1;1;
20004;202100013018;178 477;A01;2;7;0;2;6;2;1;
20005;202100013018;178 478;B01;2;7;0;2;2;1;1;
20006;202100013019;178 475;B01;2;33;0;2;3;3;1;
20007;202100013019;178 476;A01;2;7;0;2;2;12;1;
20008;202100013020;178 473;A01;2;10;0;2;1;1;1;
20009;202100013020;178 474;B01;2;7;0;2;4;2;1;
20010;202100013021;178 472;A01;2;7;0;9;1;1;1;
20011;202100013022;178 470;B01;2;10;0;2;4;2;1;
20012;202100013022;178 471;A01;2;7;6;2;1;2;1;
20013;202100013023;178 469;Z01;1;1;0;1;0;0;5;
20014;202100013024;178 468;A01;1;80;0;1;1;1;3;
20015;202100013025;178 466;B01;3;7;0;2;5;1;1;
20016;202100013025;178 467;A01;3;33;0;2;1;19;1;
20017;202100013026;178 465;A01;3;1;4;0;1;1;5;
20018;202100013027;178 464;A01;2;7;2;0;1;6;1;
20019;202100013028;178 462;A01;2;31;0;2;2;18;1;
20020;202100013028;178 463;B01;2;7;0;2;2;16;1;
20021;202100013030;178 458;B01;2;31;0;2;1;17;1;
20022;202100013030;178 459;A01;2;7;0;2;3;15;1;
20023;202100013031;178 456;A01;1;7;0;2;1;15;1;
20024;202100013031;178 457;B01;1;32;0;2;1;1;1;
20025;202100013032;178 455;A01;2;10;0;1;0;4;1;
20026;202100013033;178 453;A01;0;7;0;2;1;2;1;
20027;202100013033;178 454;B01;0;7;0;2;4;1;1;
20028;202100013035;178 450;B01;1;7;0;9;1;1;1;
20029;202100013035;178 451;A01;2;10;0;0;0;9;1;
20030;202100013036;178 447;C01;2;7;0;2;4;0;1;
20031;202100013036;178 448;B01;2;7;0;2;1;2;1;
20032;202100013036;178 449;A01;2;7;0;2;1;2;1;
20033;202100013037;178 445;B01;2;50;0;2;7;1;3;
20034;202100013037;178 446;A01;2;10;0;2;5;16;0;
20035;202100013038;178 443;B01;1;7;0;2;1;1;1;
20036;202100013038;178 444;A01;2;7;0;2;1;13;1;
20037;202100013039;178 442;A01;1;7;0;1;3;19;2;
20038;202100013040;178 440;B01;2;33;0;2;7;17;1;
20039;202100013040;178 441;A01;2;7;0;2;6;15;1;
20040;202100013041;178 435;A01;-1;33;11;0;1;1;1;
20041;202100013042;178 433;B01;3;7;0;2;3;1;1;
20042;202100013042;178 434;A01;3;7;0;2;2;10;1;
20043;202100013043;178 431;A01;3;7;0;2;1;16;1;
20044;202100013043;178 432;B01;3;50;0;2;8;1;3;
20045;202100013044;178 429;A01;3;50;0;2;1;2;3;
20046;202100013044;178 430;B01;3;7;0;2;4;2;1;
20047;202100013045;178 427;B01;1;7;0;2;1;1;1;
20048;202100013045;178 428;A01;3;7;0;2;8;19;1;
20049;202100013046;178 425;A01;1;10;0;2;0;0;1;
20050;202100013046;178 426;B01;2;10;0;2;0;0;1;
20051;202100013047;178 423;A01;3;0;0;2;0;17;6;
20052;202100013047;178 424;B01;3;7;0;2;8;15;0;
20053;202100013049;178 419;B01;2;13;0;2;3;0;6;
20054;202100013049;178 420;A01;1;7;0;2;3;13;1;
20055;202100013050;178 417;A01;1;2;0;2;3;2;3;
20056;202100013050;178 418;B01;1;7;0;9;2;0;1;
20057;202100013051;178 415;B01;1;7;0;2;3;1;1;
20058;202100013051;178 416;A01;2;7;0;2;2;5;1;
20059;202100013053;178 412;A01;3;7;0;1;2;1;1;
20060;202100013054;178 410;B01;1;7;0;2;8;15;1;
20061;202100013054;178 411;A01;1;2;0;2;2;17;0;
20062;202100013055;178 409;B01;1;34;0;2;2;17;1;
20063;202100013056;178 407;B01;2;1;0;2;8;19;5;
20064;202100013056;178 408;A01;2;7;0;2;1;1;3;
20065;202100013058;178 404;A01;2;7;0;1;2;1;1;
20066;202100013059;178 402;B01;1;50;1;2;7;19;3;
20067;202100013059;178 403;A01;1;7;1;2;3;1;1;
20068;202100013060;178 400;B01;3;10;0;2;6;0;1;
20069;202100013060;178 401;A01;3;7;0;2;3;2;1;
20070;202100013061;178 398;A01;0;33;0;2;0;26;1;
20071;202100013061;178 399;B01;0;10;0;2;0;15;1;
20072;202100013062;178 396;A01;3;3;0;2;1;2;1;
20073;202100013062;178 397;B01;3;3;0;2;4;23;1;
20074;202100013063;178 394;B01;3;7;0;2;1;1;1;
20075;202100013063;178 395;A01;3;7;0;2;6;13;1;
20076;202100013065;178 390;B01;3;7;9;2;3;1;1;
20077;202100013065;178 391;A01;3;50;0;2;8;19;3;
20078;202100013066;178 388;A01;1;1;0;2;1;2;5;
20079;202100013066;178 389;B01;1;7;0;2;4;1;1;
20080;202100013067;178 386;A01;3;7;0;2;3;15;1;
20081;202100013067;178 387;B01;2;80;0;2;8;1;3;
20082;202100013068;178 384;A01;2;31;0;2;1;13;1;
20083;202100013068;178 385;B01;2;7;0;2;1;1;1;
20084;202100013069;178 382;Z01;2;7;0;2;7;17;1;
20085;202100013069;178 383;B01;2;1;0;2;8;1;5;
20086;202100013070;178 380;B01;2;7;0;2;4;15;1;
20087;202100013070;178 381;A01;2;1;0;2;1;2;5;
20088;202100013071;178 378;B01;1;7;0;2;7;15;1;
20089;202100013071;178 379;A01;2;7;0;2;1;9;1;
20090;202100013072;178 377;A01;1;7;0;1;1;15;2;
20091;202100013073;178 373;A01;1;1;0;2;2;5;5;
20092;202100013073;178 374;B01;1;7;0;2;2;1;1;
20093;202100013075;178 370;B01;0;33;0;2;2;1;1;
20094;202100013075;178 371;A01;0;7;0;2;3;10;1;
20095;202100013076;178 368;A01;0;7;0;2;0;9;1;
20096;202100013076;178 369;B01;0;1;0;2;0;21;5;
20097;202100013077;178 366;B01;1;7;0;2;3;26;1;
20098;202100013077;178 367;A01;1;2;0;2;6;26;1;
20099;202100013078;178 364;A01;1;10;0;2;1;1;1;
20100;202100013078;178 365;B01;1;7;0;2;4;15;1;
20101;202100013079;178 363;A01;1;50;0;1;7;26;3;
20102;202100013080;178 360;A01;1;7;0;2;8;1;1;
20103;202100013080;178 361;B01;0;1;0;2;1;1;5;
20104;202100013080;178 362;C01;1;1;0;2;1;1;5;
20105;202100013081;178 359;A01;1;7;0;1;1;1;1;
20106;202100013082;178 357;A01;1;7;0;2;2;9;1;
20107;202100013082;178 358;B01;1;1;0;2;8;1;5;
20108;202100013083;178 355;A01;1;7;0;2;7;1;1;
20109;202100013083;178 356;B01;1;1;0;2;8;1;5;
20110;202100013084;178 354;A01;1;50;0;0;0;2;3;
20111;202100013085;178 352;A01;0;7;0;2;5;16;1;
20112;202100013085;178 353;B01;2;50;0;0;0;0;3;
20113;202100013086;178 350;B01;2;32;0;2;1;1;1;
20114;202100013086;178 351;A01;2;7;0;2;3;10;1;
20115;202100013087;178 348;A01;3;3;0;2;1;9;1;