;Num_Acc;id_vehicule;num_veh;senc;catv;obs;obsm;choc;manv;motor;occutc
20116;202100013087;178 349;B01;3;32;0;2;7;1;1;
20117;202100013088;178 346;B01;2;10;0;2;6;15;1;
20118;202100013088;178 347;A01;2;34;6;2;1;17;1;
20119;202100013089;178 344;B01;3;15;0;2;7;1;1;
20120;202100013089;178 345;A01;3;7;0;2;1;9;1;
20121;202100013090;178 343;A01;1;7;3;0;3;13;1;
20122;202100013091;178 341;B01;2;31;0;2;1;0;1;
20123;202100013091;178 342;A01;3;7;0;2;2;15;1;
20124;202100013092;178 340;A01;0;3;0;1;2;19;1;
20125;202100013093;178 337;B01;1;80;0;2;4;2;3;
20126;202100013093;178 338;A01;1;7;0;2;2;17;1;
20127;202100013094;178 335;Z01;1;7;0;2;2;1;1;
20128;202100013094;178 336;B01;2;43;0;2;8;1;1;
20129;202100013095;178 333;B01;1;7;0;2;4;1;1;
20130;202100013095;178 334;A01;1;7;0;2;1;1;1;
20131;202100013096;178 331;B01;2;7;0;2;3;26;1;
20132;202100013096;178 332;A01;1;30;0;2;1;13;1;
20133;202100013097;178 330;A01;2;7;16;0;1;26;1;
20134;202100013098;178 329;A01;2;33;6;0;1;1;1;
20135;202100013101;178 325;A01;1;7;0;1;1;1;1;
20136;202100013102;178 323;B01;2;34;0;2;1;1;1;
20137;202100013102;178 324;A01;1;7;0;2;7;15;1;
20138;202100013103;178 321;A01;1;7;0;9;3;15;1;
20139;202100013103;178 322;B01;2;50;0;2;8;1;3;
20140;202100013104;178 319;B01;1;13;0;2;8;1;1;
20141;202100013104;178 320;A01;1;31;0;2;7;3;1;
20142;202100013105;178 318;A01;1;15;0;1;3;1;1;
20143;202100013106;178 316;A01;2;30;0;2;2;1;1;
20144;202100013106;178 317;B01;2;7;0;2;3;1;1;
20145;202100013107;178 315;A01;2;1;0;1;1;1;5;
20146;202100013108;178 313;B01;2;1;0;2;1;1;5;
20147;202100013108;178 314;A01;1;50;0;2;1;13;3;
20148;202100013109;178 311;A01;2;34;0;2;1;1;1;
20149;202100013109;178 312;B01;2;1;0;2;4;13;5;
20150;202100013110;178 310;A01;2;32;0;1;1;1;1;
20151;202100013111;178 308;B01;2;1;0;2;1;1;5;
20152;202100013111;178 309;A01;1;7;0;2;2;15;1;
20153;202100013112;178 306;B01;1;33;0;2;1;1;1;
20154;202100013112;178 307;A01;1;7;0;2;3;9;1;
20155;202100013113;178 305;A01;3;50;0;0;1;21;3;
20156;202100013114;178 303;A01;1;50;0;2;1;1;3;
20157;202100013114;178 304;Z01;1;7;0;2;7;1;0;
20158;202100013116;178 300;A01;2;7;0;1;3;1;1;
20159;202100013117;178 298;B01;0;7;0;2;8;15;1;
20160;202100013117;178 299;A01;0;10;0;2;1;17;1;
20161;202100013118;178 296;A01;2;32;0;2;1;2;1;
20162;202100013118;178 297;B01;2;7;0;2;3;2;1;
20163;202100013119;178 294;B01;3;7;0;2;1;26;1;
20164;202100013119;178 295;A01;3;2;0;2;0;26;1;
20165;202100013120;178 293;A01;2;7;0;1;1;16;1;
20166;202100013121;178 292;A01;2;7;0;1;1;1;1;
20167;202100013122;178 290;A01;1;7;0;2;2;16;0;
20168;202100013122;178 291;B01;1;1;0;2;1;1;5;
20169;202100013123;178 289;A01;2;7;0;1;2;2;1;
20170;202100013124;178 287;B01;0;1;0;2;4;1;0;
20171;202100013124;178 288;A01;0;7;0;2;2;1;1;
20172;202100013125;178 286;A01;3;33;0;0;1;21;1;
20173;202100013127;178 282;B01;1;7;0;2;3;15;1;
20174;202100013127;178 283;A01;2;7;0;2;1;1;2;
20175;202100013128;178 280;A01;1;30;16;0;2;9;1;
20176;202100013128;178 281;B01;1;7;0;2;8;1;1;
20177;202100013129;178 278;B01;1;7;0;2;1;2;1;
20178;202100013129;178 279;A01;1;7;0;0;4;2;1;
20179;202100013130;178 277;A01;2;34;8;0;1;13;1;
20180;202100013131;178 274;C01;1;7;0;2;7;1;1;
20181;202100013131;178 275;B01;1;33;1;2;2;18;1;
20182;202100013131;178 276;A01;1;7;1;2;8;22;1;
20183;202100013133;178 271;B01;1;31;0;2;1;1;1;
20184;202100013133;178 272;A01;2;10;0;2;2;15;1;
20185;202100013134;178 269;B01;1;7;0;2;0;11;2;
20186;202100013134;178 270;A01;2;50;0;0;1;1;3;
20187;202100013135;178 266;A01;1;7;0;2;1;2;1;
20188;202100013135;178 267;B01;1;7;0;2;4;23;1;
20189;202100013135;178 268;C01;1;7;0;2;4;23;1;
20190;202100013136;178 264;B01;-1;7;0;2;8;1;0;
20191;202100013136;178 265;A01;-1;7;0;2;7;14;1;
20192;202100013137;178 263;A01;2;10;0;1;7;1;1;
20193;202100013138;178 262;A01;-1;7;0;1;1;19;2;
20194;202100013139;178 260;A01;0;10;0;2;3;1;1;
20195;202100013139;178 261;B01;0;50;0;2;1;1;3;
20196;202100013140;178 258;B01;3;10;0;2;2;1;0;
20197;202100013140;178 259;A01;-1;32;0;2;8;16;1;
20198;202100013141;178 256;B01;-1;7;0;2;2;15;1;
20199;202100013141;178 257;A01;-1;34;0;2;1;2;1;
20200;202100013142;178 255;A01;2;30;0;0;7;17;1;
20201;202100013143;178 253;B01;2;7;0;2;1;1;1;
20202;202100013143;178 254;A01;1;30;0;2;8;15;1;
20203;202100013144;178 252;A01;1;7;0;1;1;2;1;
20204;202100013145;178 250;B01;1;33;0;2;1;1;1;
20205;202100013145;178 251;A01;2;7;0;2;3;16;1;
20206;202100013146;178 248;B01;1;1;1;0;1;1;5;
20207;202100013146;178 249;A01;1;7;0;2;8;22;1;
20208;202100013147;178 247;A01;3;30;0;0;0;1;1;
20209;202100013148;178 246;A01;2;7;15;1;1;6;0;
20210;202100013149;178 244;A01;2;10;0;2;7;16;1;
20211;202100013149;178 245;B01;2;33;0;2;8;1;1;
20212;202100013150;178 242;A01;1;7;0;2;3;13;1;
20213;202100013150;178 243;B01;2;15;0;2;3;1;1;
20214;202100013151;178 240;B01;1;10;0;2;3;1;1;
20215;202100013151;178 241;A01;2;7;0;2;3;13;1;
20216;202100013152;178 239;A01;1;2;0;6;1;1;1;
20217;202100013153;178 237;B01;2;7;0;2;1;0;1;
20218;202100013153;178 238;A01;1;7;0;2;1;5;1;
20219;202100013154;178 235;B01;3;31;0;2;1;1;1;
20220;202100013154;178 236;A01;3;7;0;2;3;15;1;
20221;202100013155;178 234;A01;1;7;13;0;3;1;1;
20222;202100013156;178 231;C01;1;1;0;2;9;2;5;
20223;202100013156;178 232;B01;1;1;0;2;9;2;2;
20224;202100013156;178 233;A01;1;7;0;2;2;17;1;
20225;202100013157;178 229;B01;2;7;0;2;2;1;1;
20226;202100013157;178 230;A01;1;2;0;2;7;15;1;
20227;202100013158;178 228;A01;2;7;9;0;1;1;1;
20228;202100013159;178 226;B01;1;7;0;2;7;10;3;
20229;202100013159;178 227;A01;1;7;0;2;1;2;1;
20230;202100013160;178 224;A01;2;7;0;2;3;13;1;
20231;202100013160;178 225;B01;1;7;0;2;1;1;1;
20232;202100013161;178 221;A01;1;7;0;2;1;2;1;
20233;202100013161;178 222;B01;1;7;0;2;4;2;1;
20234;202100013161;178 223;C01;1;80;0;2;4;1;3;
20235;202100013162;178 220;A01;0;33;13;0;7;1;1;
20236;202100013163;178 219;A01;1;7;14;0;1;6;1;
20237;202100013164;178 217;B01;1;7;0;2;3;0;1;
20238;202100013164;178 218;A01;2;33;0;2;3;11;1;
20239;202100013165;178 215;A01;2;7;0;0;1;13;1;
20240;202100013165;178 216;B01;1;7;0;0;1;1;1;
20241;202100013166;178 213;A01;1;10;12;2;2;15;1;
20242;202100013166;178 214;B01;2;7;0;2;1;1;1;
20243;202100013167;178 211;A01;1;7;0;2;1;13;1;
20244;202100013167;178 212;B01;2;7;0;2;1;1;1;
20245;202100013168;178 209;A01;2;1;0;2;2;13;6;
20246;202100013168;178 210;B01;1;7;0;9;3;0;1;
20247;202100013169;178 208;A01;1;33;0;0;0;1;1;
20248;202100013170;178 206;B01;1;1;0;2;7;19;5;
20249;202100013170;178 207;A01;2;10;0;2;1;9;1;
20250;202100013171;178 204;B01;1;10;0;2;1;1;1;
20251;202100013171;178 205;A01;2;7;0;2;8;1;1;
20252;202100013172;178 202;A01;1;7;0;2;2;1;1;
20253;202100013172;178 203;B01;1;10;0;2;6;1;1;
20254;202100013173;178 200;B01;2;15;0;2;3;1;1;
20255;202100013173;178 201;A01;1;7;0;2;3;13;1;
20256;202100013174;178 198;A01;1;10;0;2;7;1;1;
20257;202100013174;178 199;B01;1;7;0;2;1;1;1;
20258;202100013175;178 197;A01;3;7;6;0;9;1;1;
20259;202100013176;178 196;A01;2;1;0;0;0;1;5;
20260;202100013177;178 193;C01;1;7;3;2;1;0;1;
20261;202100013177;178 194;B01;1;7;0;2;1;0;1;
20262;202100013177;178 195;A01;1;7;4;2;1;0;1;
20263;202100013179;178 189;A01;1;7;0;2;3;15;1;
20264;202100013179;178 190;B01;1;7;0;2;2;17;1;
20265;202100013180;178 187;B01;3;7;0;2;1;1;1;
20266;202100013180;178 188;A01;3;32;0;2;1;5;1;
20267;202100013181;178 185;B01;2;7;13;0;0;1;1;
20268;202100013181;178 186;A01;1;7;0;0;0;19;1;
20269;202100013182;178 183;B01;1;1;0;2;7;1;5;
20270;202100013182;178 184;A01;0;7;0;9;3;19;1;
20271;202100013184;178 180;A01;2;7;2;0;1;1;1;
20272;202100013185;178 178;B01;2;7;0;2;3;1;1;
20273;202100013185;178 179;A01;1;7;0;2;3;13;1;
20274;202100013186;178 175;A01;1;7;9;0;2;2;1;
20275;202100013188;178 173;A01;2;31;7;0;1;1;1;
20276;202100013190;178 165;A01;2;7;0;2;1;0;1;
20277;202100013190;178 166;B01;2;7;0;2;0;1;1;
20278;202100013190;178 167;C01;2;7;0;2;6;1;1;
20279;202100013190;178 168;D01;2;7;0;2;0;1;1;
20280;202100013191;178 163;B01;1;7;0;2;4;2;1;
20281;202100013191;178 164;A01;1;7;0;2;1;2;1;
20282;202100013192;178 161;A01;2;7;0;2;1;2;1;
20283;202100013192;178 162;B01;2;7;0;2;4;2;1;
20284;202100013193;178 158;A01;1;7;0;2;1;2;1;
20285;202100013193;178 159;B01;1;7;0;2;4;2;1;
20286;202100013193;178 160;C01;1;7;0;2;4;2;1;
20287;202100013194;178 156;A01;1;7;0;2;1;2;1;
20288;202100013194;178 157;B01;1;7;0;2;4;2;1;
20289;202100013196;178 150;C01;2;7;0;2;2;12;1;
20290;202100013196;178 151;B01;2;33;0;2;4;21;1;
20291;202100013196;178 152;A01;2;33;0;2;1;21;1;
20292;202100013197;178 147;B01;1;7;0;2;3;2;1;
20293;202100013197;178 148;C01;1;7;0;2;5;2;1;
20294;202100013197;178 149;A01;1;7;0;2;1;0;1;
20295;202100013198;178 145;A01;2;33;0;2;2;3;1;
20296;202100013198;178 146;B01;2;7;0;2;6;2;1;
20297;202100013199;178 143;B01;1;15;0;2;4;2;1;
20298;202100013199;178 144;A01;1;7;0;2;1;2;1;
20299;202100013200;178 140;C01;1;7;0;2;4;2;1;
20300;202100013200;178 141;B01;1;10;0;2;4;2;1;
20301;202100013200;178 142;A01;1;10;0;2;1;2;1;
20302;202100013202;178 137;A01;1;7;0;2;1;2;1;
20303;202100013202;178 138;B01;3;7;0;2;4;2;1;
20304;202100013203;178 135;B01;2;10;0;2;3;15;1;
20305;202100013203;178 136;A01;2;33;0;2;1;1;1;
20306;202100013204;178 134;A01;1;2;1;0;1;12;1;
20307;202100013206;178 132;A01;3;7;0;1;3;9;1;
20308;202100013207;178 130;B01;1;37;0;2;1;7;1;1.0
20309;202100013207;178 131;A01;1;7;0;2;1;15;1;
20310;202100013208;178 128;A01;0;10;0;2;3;9;1;
20311;202100013208;178 129;B01;0;7;0;2;2;15;1;
20312;202100013210;178 124;B01;2;1;0;2;1;19;5;
20313;202100013210;178 125;A01;1;7;0;2;2;16;1;
20314;202100013211;178 122;B01;1;7;0;2;3;1;1;
20315;202100013211;178 123;A01;2;7;0;2;1;13;1;
20316;202100013213;178 119;B01;1;33;0;2;8;1;1;
20317;202100013213;178 120;A01;1;7;0;2;7;12;1;
20318;202100013214;178 117;A01;3;7;0;2;4;20;1;
20319;202100013214;178 118;B01;2;30;0;2;1;21;1;
20320;202100013215;178 116;A01;3;10;0;1;7;0;1;
20321;202100013216;178 114;B01;1;13;0;2;3;0;1;
20322;202100013216;178 115;A01;1;30;0;2;1;1;1;
20323;202100013217;178 113;A01;3;7;0;1;2;26;1;
20324;202100013218;178 112;A01;1;7;0;1;1;9;1;
20325;202100013219;178 110;B01;3;10;0;2;3;1;1;
20326;202100013219;178 111;A01;1;32;0;2;1;21;1;
20327;202100013220;178 109;A01;3;30;0;1;2;1;1;
20328;202100013221;178 108;A01;2;7;0;1;3;1;1;
20329;202100013223;178 105;B01;1;7;6;2;2;1;1;
20330;202100013223;178 106;A01;1;7;1;2;3;1;1;
20331;202100013224;178 103;B01;2;7;0;2;3;1;1;
20332;202100013224;178 104;A01;2;7;0;2;1;1;1;
20333;202100013225;178 101;B01;1;2;0;2;8;1;1;
20334;202100013225;178 102;A01;2;7;0;2;1;15;2;
20335;202100013226;178 099;A01;0;7;0;2;3;20;1;
20336;202100013226;178 100;B01;0;7;0;2;2;1;1;
20337;202100013228;178 094;B01;2;33;0;2;0;1;1;
20338;202100013228;178 095;A01;2;7;0;2;7;15;1;
20339;202100013229;178 092;A01;3;7;0;2;3;15;1;
20340;202100013229;178 093;B01;3;30;0;2;3;3;1;
20341;202100013231;178 090;A01;0;7;0;1;1;1;1;
20342;202100013232;178 088;B01;3;1;0;2;8;13;5;
20343;202100013232;178 089;A01;1;15;0;2;2;2;1;
20344;202100013233;178 086;A01;1;7;0;2;2;1;1;
20345;202100013233;178 087;B01;1;1;0;2;8;5;0;
20346;202100013235;178 082;A01;3;50;0;-1;8;25;3;
20347;202100013235;178 083;B01;3;40;0;9;7;1;3;
20348;202100013236;178 081;A01;3;7;0;1;2;1;1;
20349;202100013237;178 079;B01;1;7;0;2;1;1;1;
20350;202100013237;178 080;A01;3;7;1;2;6;19;1;
20351;202100013238;178 078;A01;1;7;0;1;1;17;2;
20352;202100013239;178 076;A01;1;34;0;2;1;17;1;
20353;202100013239;178 077;B01;1;7;0;2;6;15;1;
20354;202100013240;178 074;B01;0;7;0;2;8;16;1;
20355;202100013240;178 075;A01;0;7;0;2;1;2;1;
20356;202100013241;178 072;A01;1;7;0;2;1;15;1;
20357;202100013241;178 073;B01;2;2;0;2;1;1;1;
20358;202100013242;178 070;B01;2;1;0;2;4;1;5;
20359;202100013242;178 071;A01;2;7;0;2;2;9;1;
20360;202100013243;178 069;A01;2;7;0;1;3;1;1;
20361;202100013244;178 068;A01;1;7;1;0;2;1;1;
20362;202100013246;178 064;B01;3;7;0;2;4;23;1;
20363;202100013246;178 065;A01;3;7;0;2;1;1;1;
20364;202100013247;178 063;A01;3;7;9;1;2;14;1;
20365;202100013248;178 061;A01;3;7;0;2;3;16;1;
20366;202100013248;178 062;B01;3;1;0;2;1;5;5;
20367;202100013249;178 059;B01;2;7;0;2;4;1;1;
20368;202100013249;178 060;A01;2;14;0;2;1;1;1;
20369;202100013250;178 057;B01;1;60;0;2;1;19;5;
20370;202100013250;178 058;A01;1;7;0;9;3;1;1;
20371;202100013251;178 055;B01;1;7;0;2;7;1;1;
20372;202100013251;178 056;A01;1;7;0;2;1;1;1;
20373;202100013252;178 053;B01;1;7;0;2;2;1;1;
20374;202100013252;178 054;A01;1;7;0;2;7;15;1;
20375;202100013253;178 051;B01;1;1;0;2;1;1;5;
20376;202100013253;178 052;A01;1;7;0;9;2;15;1;
20377;202100013254;178 049;A01;1;7;0;2;1;1;1;
20378;202100013254;178 050;B01;1;7;0;2;4;1;1;
20379;202100013255;178 047;B01;1;37;0;2;8;1;1;5.0
20380;202100013255;178 048;Z01;1;7;0;9;7;12;1;
20381;202100013256;178 046;A01;1;7;0;1;1;1;1;
20382;202100013257;178 044;A01;1;7;0;2;1;26;1;
20383;202100013257;178 045;B01;1;7;0;2;4;1;1;
20384;202100013258;178 041;A01;1;7;0;2;1;2;1;
20385;202100013258;178 042;B01;1;7;0;2;1;2;1;
20386;202100013258;178 043;C01;1;7;0;2;4;2;1;
20387;202100013259;178 040;A01;1;1;0;0;0;19;5;
20388;202100013260;178 039;A01;1;7;0;1;3;1;1;
20389;202100013261;178 038;A01;1;7;0;1;7;16;1;
20390;202100013262;178 036;A01;2;7;0;2;1;2;1;
20391;202100013262;178 037;B01;2;37;0;2;4;1;1;1.0
20392;202100013263;178 032;A01;1;7;0;2;6;9;1;
20393;202100013263;178 033;B01;1;32;0;2;2;2;1;
20394;202100013264;178 031;A01;1;7;0;1;1;1;1;
20395;202100013266;178 028;B01;2;7;0;2;4;1;1;
20396;202100013266;178 029;A01;2;7;0;2;1;1;1;
20397;202100013267;178 026;B01;2;1;0;2;2;1;5;
20398;202100013267;178 027;A01;2;7;0;2;7;20;1;
20399;202100013268;178 024;A01;2;7;0;2;1;1;1;
20400;202100013268;178 025;B01;2;2;0;2;4;0;1;
20401;202100013269;178 022;A01;2;7;0;2;2;15;1;
20402;202100013269;178 023;B01;1;80;0;2;1;1;3;
20403;202100013270;178 020;A01;1;1;0;2;1;15;5;
20404;202100013270;178 021;B01;1;7;0;9;8;1;1;
20405;202100013271;178 019;A01;2;7;0;1;2;15;1;
20406;202100013272;178 017;B01;1;30;1;0;0;0;1;
20407;202100013272;178 018;A01;1;7;0;2;8;22;1;
20408;202100013273;178 016;A01;2;7;0;1;3;20;1;
20409;202100013274;178 015;A01;1;7;0;1;1;1;1;
20410;202100013275;178 011;A01;0;7;14;0;1;6;1;
20411;202100013275;178 012;B01;0;7;0;0;8;23;1;
20412;202100013275;178 013;C01;0;7;0;0;3;23;1;
20413;202100013275;178 014;D01;0;7;0;0;5;23;1;
20414;202100013276;178 009;A01;1;2;0;2;1;1;1;
20415;202100013276;178 010;B01;1;7;0;2;8;1;1;
20416;202100013277;178 008;A01;1;7;1;0;2;14;1;
20417;202100013278;178 006;B01;0;7;0;0;4;2;1;
20418;202100013278;178 007;A01;0;33;0;2;1;2;1;
20419;202100013279;178 004;A01;1;30;0;2;0;9;1;
20420;202100013279;178 005;B01;2;7;0;2;3;15;1;
20421;202100013280;178 002;A01;2;7;0;2;3;9;1;
20422;202100013280;178 003;B01;2;2;0;2;2;1;1;
20423;202100013281;178 000;A01;1;7;0;2;1;15;1;
20424;202100013281;178 001;B01;1;30;0;2;1;1;1;
20425;202100013282;177 998;B01;1;7;0;2;7;1;1;
20426;202100013282;177 999;A01;1;7;0;2;3;17;1;
20427;202100013283;177 996;B01;0;1;0;2;4;0;5;
20428;202100013283;177 997;A01;0;7;0;2;3;26;1;
20429;202100013284;177 995;A01;3;30;0;0;7;26;1;
20430;202100013285;177 993;A01;3;7;0;2;1;13;1;
20431;202100013285;177 994;B01;3;7;0;2;3;1;1;
20432;202100013286;177 991;B01;1;80;0;2;8;0;3;
20433;202100013286;177 992;A01;1;7;0;2;5;2;1;
20434;202100013287;177 989;B01;2;7;0;2;3;1;1;
20435;202100013287;177 990;A01;1;7;0;2;3;1;1;
20436;202100013288;177 987;B01;1;7;0;2;3;1;1;
20437;202100013288;177 988;A01;1;7;0;2;2;15;1;
20438;202100013289;177 985;B01;2;7;0;2;2;1;1;
20439;202100013289;177 986;A01;2;7;2;0;5;18;1;
20440;202100013290;177 983;A01;1;7;0;2;1;15;1;
20441;202100013290;177 984;B01;1;31;0;2;1;17;1;
20442;202100013291;177 982;A01;2;7;9;0;1;1;1;
20443;202100013292;177 981;A01;2;7;0;1;2;16;2;
20444;202100013293;177 980;A01;0;7;0;1;0;1;1;
20445;202100013294;177 978;B01;0;7;0;2;1;1;1;
20446;202100013294;177 979;A01;0;7;0;2;1;15;1;
20447;202100013295;177 976;B01;3;32;13;2;3;1;1;
20448;202100013295;177 977;A01;3;7;0;2;3;15;1;
20449;202100013296;177 975;A01;3;2;0;1;1;2;1;
20450;202100013297;177 973;B01;1;32;0;2;8;1;1;
20451;202100013297;177 974;A01;1;10;0;2;0;15;1;
20452;202100013298;177 971;B01;1;7;0;2;5;1;3;
20453;202100013298;177 972;A01;1;33;0;1;1;14;1;
20454;202100013299;177 969;B01;2;1;0;2;8;21;5;
20455;202100013299;177 970;A01;1;7;0;2;1;15;1;
20456;202100013300;177 967;A01;1;50;0;2;6;13;3;
20457;202100013300;177 968;B01;2;10;0;9;6;15;1;
20458;202100013301;177 966;A01;1;33;0;1;1;1;1;
20459;202100013303;177 963;A01;2;32;0;2;3;18;1;
20460;202100013303;177 964;B01;2;10;0;2;2;1;1;
20461;202100013305;177 960;A01;1;1;0;2;7;1;5;
20462;202100013305;177 961;B01;1;7;0;2;1;15;1;
20463;202100013306;177 959;A01;2;43;12;0;8;18;1;
20464;202100013307;177 958;A01;1;7;0;1;1;9;1;
20465;202100013308;177 956;B01;1;14;0;2;3;24;1;
20466;202100013308;177 957;A01;1;37;0;2;5;17;1;3.0
20467;202100013309;177 955;A01;2;1;1;0;2;13;5;
20468;202100013310;177 953;B01;1;32;0;2;1;1;1;
20469;202100013310;177 954;A01;1;7;0;2;2;15;1;
20470;202100013311;177 951;A01;2;7;0;2;3;15;1;
20471;202100013311;177 952;B01;1;32;0;2;3;1;1;
20472;202100013312;177 950;Z01;1;30;0;1;2;1;0;
20473;202100013313;177 949;A01;1;31;0;1;1;1;1;
20474;202100013315;177 946;A01;2;32;0;2;5;21;1;
20475;202100013316;177 944;B01;3;1;0;2;8;19;5;
20476;202100013316;177 945;A01;3;32;0;2;1;1;1;
20477;202100013317;177 942;Z01;2;7;0;2;0;14;1;
20478;202100013317;177 943;B01;2;33;0;2;7;2;1;
20479;202100013318;177 940;B01;2;7;0;2;8;1;1;
20480;202100013318;177 941;A01;1;7;0;2;1;1;1;
20481;202100013319;177 939;A01;0;7;1;0;2;1;1;
20482;202100013320;177 937;A01;1;7;0;0;8;11;1;
20483;202100013320;177 938;B01;1;34;0;0;2;1;1;
20484;202100013321;177 935;A01;1;7;0;2;7;14;1;
20485;202100013321;177 936;B01;1;31;0;2;3;2;1;
20486;202100013322;177 933;B01;2;7;0;2;4;1;2;
20487;202100013322;177 934;A01;2;33;1;2;1;1;1;
20488;202100013323;177 932;A01;2;15;0;1;1;26;1;
20489;202100013324;177 931;A01;1;7;0;1;1;11;1;
20490;202100013325;177 929;B01;1;33;0;2;4;2;1;
20491;202100013325;177 930;A01;1;7;0;2;1;2;1;
20492;202100013326;177 926;A01;1;13;1;0;5;23;1;
20493;202100013326;177 927;B01;1;10;1;2;9;24;1;
20494;202100013326;177 928;C01;1;15;1;0;4;24;1;
20495;202100013327;177 925;A01;3;30;0;2;0;26;1;
20496;202100013328;177 923;B01;1;43;0;2;1;13;1;
20497;202100013328;177 924;A01;1;7;0;2;3;16;3;
20498;202100013329;177 921;A01;2;7;0;2;3;15;1;
20499;202100013329;177 922;B01;2;2;0;2;0;0;1;
20500;202100013330;177 920;A01;-1;7;0;1;1;15;1;
20501;202100013331;177 918;B01;-1;1;0;0;0;0;5;
20502;202100013331;177 919;A01;1;7;0;2;1;2;1;
20503;202100013332;177 916;A01;1;7;0;2;2;2;1;
20504;202100013332;177 917;B01;1;7;0;2;1;2;1;
20505;202100013333;177 913;C01;1;7;1;2;5;0;1;
20506;202100013333;177 914;B01;1;7;0;2;3;9;1;
20507;202100013333;177 915;A01;1;7;0;2;2;26;1;
20508;202100013334;177 912;A01;1;7;0;1;1;1;1;
20509;202100013335;177 911;A01;3;7;0;1;1;9;0;
20510;202100013336;177 909;A01;1;31;0;2;3;17;1;
20511;202100013336;177 910;B01;1;10;0;2;3;15;1;
20512;202100013337;177 908;A01;1;7;1;0;3;13;1;
20513;202100013338;177 907;A01;1;7;1;1;1;26;1;
20514;202100013341;177 902;A01;2;7;0;1;3;1;1;
20515;202100013342;177 900;B01;0;33;0;2;8;13;1;
20516;202100013342;177 901;A01;0;7;0;2;8;1;1;
20517;202100013344;177 897;A01;0;7;0;1;2;1;1;
20518;202100013345;177 895;B01;2;2;0;2;4;26;1;
20519;202100013345;177 896;A01;2;7;0;2;3;9;1;
20520;202100013346;177 893;A01;2;10;0;9;2;17;1;
20521;202100013346;177 894;B01;1;2;0;2;1;13;6;
20522;202100013347;177 891;A01;0;7;0;2;1;2;1;
20523;202100013347;177 892;B01;0;7;0;0;4;23;1;
20524;202100013348;177 890;A01;1;33;0;0;0;0;1;
20525;202100013349;177 888;A01;1;31;0;2;1;5;1;
20526;202100013349;177 889;B01;1;10;0;2;3;15;1;
20527;202100013350;177 886;A01;1;7;0;2;1;2;1;
20528;202100013350;177 887;B01;1;15;0;2;6;2;1;
20529;202100013352;177 883;B01;0;37;0;2;3;1;1;1.0
20530;202100013352;177 884;A01;3;7;0;2;1;1;1;
20531;202100013353;177 882;A01;2;2;10;0;7;1;1;
20532;202100013354;177 880;A01;3;7;0;9;3;9;1;
20533;202100013354;177 881;B01;3;1;0;2;7;1;5;
20534;202100013355;177 879;A01;2;7;0;0;1;1;1;
20535;202100013356;177 877;B01;1;1;0;2;1;1;5;
20536;202100013356;177 878;A01;2;7;0;0;8;19;1;
20537;202100013357;177 873;B01;2;7;0;2;4;11;1;
20538;202100013357;177 874;A01;2;13;0;2;1;1;1;
20539;202100013358;177 870;A01;1;7;0;2;4;1;2;
20540;202100013358;177 871;B01;1;7;0;2;4;1;1;
20541;202100013358;177 872;C01;1;7;0;2;1;1;1;
20542;202100013359;177 868;B01;1;7;14;0;1;1;1;
20543;202100013359;177 869;A01;1;7;3;0;1;1;1;
20544;202100013360;177 866;A01;2;7;0;2;7;12;1;
20545;202100013360;177 867;B01;2;33;0;2;1;2;1;
20546;202100013361;177 863;B01;2;7;0;2;4;2;1;
20547;202100013361;177 864;A01;2;33;0;2;1;2;1;
20548;202100013361;177 865;C01;2;7;0;2;3;1;1;
20549;202100013362;177 861;A01;1;7;0;2;1;2;1;
20550;202100013362;177 862;B01;0;7;0;2;4;2;2;
20551;202100013363;177 859;B01;2;33;0;2;1;0;1;
20552;202100013363;177 860;A01;2;10;0;2;6;11;1;
20553;202100013364;177 857;B01;2;33;0;2;4;3;1;
20554;202100013364;177 858;A01;2;34;0;2;1;3;1;
20555;202100013365;177 853;D01;1;10;0;2;4;2;1;
20556;202100013365;177 854;C01;1;7;0;2;4;2;1;
20557;202100013365;177 855;B01;1;7;0;2;4;2;1;
20558;202100013365;177 856;A01;1;7;0;2;1;2;1;
20559;202100013367;177 846;B01;2;33;0;2;1;3;0;
20560;202100013367;177 847;A01;2;7;0;2;3;26;1;
20561;202100013367;177 848;C01;2;7;0;2;5;23;1;
20562;202100013368;177 844;A01;1;7;4;2;2;1;1;
20563;202100013368;177 845;Z01;1;10;0;2;3;11;0;
20564;202100013369;177 842;B01;1;7;0;2;3;11;1;
20565;202100013369;177 843;A01;1;33;0;2;7;3;1;
20566;202100013370;177 839;B01;2;43;0;2;1;1;1;
20567;202100013370;177 840;C01;2;7;0;2;4;1;1;
20568;202100013370;177 841;A01;2;33;0;2;1;9;1;
20569;202100013371;177 836;Z01;2;10;0;2;1;9;1;
20570;202100013371;177 837;B01;2;34;0;2;1;1;1;
20571;202100013371;177 838;C01;2;7;0;2;6;1;1;
20572;202100013372;177 835;A01;1;10;0;0;3;1;1;
20573;202100013373;177 831;A01;2;7;0;2;0;0;1;
20574;202100013373;177 832;B01;2;7;0;2;0;0;1;
20575;202100013373;177 833;C01;2;7;0;2;2;0;1;
20576;202100013373;177 834;Z01;2;7;0;2;0;0;0;
20577;202100013374;177 828;C01;2;7;0;2;4;2;1;