;Num_Acc;id_vehicule;num_veh;senc;catv;obs;obsm;choc;manv;motor;occutc
20578;202100013374;177 829;B01;2;7;0;2;4;2;1;
20579;202100013374;177 830;A01;2;10;0;2;1;2;1;
20580;202100013375;177 826;A01;2;15;0;2;4;1;1;
20581;202100013375;177 827;B01;1;33;0;2;1;1;1;
20582;202100013376;177 824;A01;2;17;0;2;4;2;1;
20583;202100013376;177 825;B01;2;17;0;2;1;2;1;
20584;202100013377;177 822;A01;2;33;0;2;2;0;1;
20585;202100013377;177 823;B01;2;7;0;2;6;1;1;
20586;202100013378;177 817;B01;1;7;0;2;6;1;1;
20587;202100013378;177 818;A01;1;7;0;2;6;1;1;
20588;202100013378;177 819;E01;1;14;0;2;6;1;1;
20589;202100013378;177 820;D01;1;7;0;2;3;1;1;
20590;202100013378;177 821;C01;1;10;0;2;1;11;1;
20591;202100013379;177 815;A01;2;7;0;2;2;16;1;
20592;202100013379;177 816;B01;1;2;0;2;1;17;1;
20593;202100013380;177 814;A01;1;7;0;1;1;1;1;
20594;202100013381;177 812;A01;1;33;0;2;7;3;1;
20595;202100013381;177 813;B01;1;7;0;2;5;1;1;
20596;202100013382;177 810;B01;1;33;0;2;8;3;1;
20597;202100013382;177 811;A01;1;7;0;2;7;12;1;
20598;202100013383;177 808;A01;2;32;0;2;3;3;1;
20599;202100013383;177 809;B01;2;7;0;2;2;12;2;
20600;202100013385;177 804;A01;1;10;0;2;7;1;1;
20601;202100013385;177 805;B01;1;7;0;2;1;1;1;
20602;202100013386;177 802;B01;2;1;0;2;3;18;5;
20603;202100013386;177 803;A01;2;10;0;2;2;22;1;
20604;202100013387;177 801;A01;2;1;0;1;1;1;5;
20605;202100013388;177 800;A01;2;7;0;1;3;2;1;
20606;202100013389;177 798;B01;3;32;0;2;1;17;1;
20607;202100013389;177 799;A01;3;7;0;2;3;10;1;
20608;202100013390;177 796;B01;1;1;0;2;1;1;5;
20609;202100013390;177 797;A01;1;10;0;2;1;20;1;
20610;202100013391;177 795;A01;2;30;0;0;0;21;1;
20611;202100013392;177 793;B01;1;30;0;2;8;1;1;
20612;202100013392;177 794;A01;1;10;0;2;2;13;1;
20613;202100013393;177 791;A01;1;33;0;2;3;2;1;
20614;202100013393;177 792;B01;1;13;0;2;5;2;1;
20615;202100013394;177 788;C01;2;7;0;2;4;23;1;
20616;202100013394;177 789;B01;2;7;0;2;4;23;1;
20617;202100013394;177 790;A01;2;7;14;0;1;2;1;
20618;202100013395;177 787;A01;2;7;0;1;0;1;1;
20619;202100013396;177 786;A01;1;15;0;1;8;15;1;
20620;202100013397;177 784;B01;1;33;0;2;7;1;1;
20621;202100013397;177 785;A01;2;32;0;2;3;13;1;
20622;202100013398;177 783;A01;3;7;0;1;1;1;1;
20623;202100013399;177 781;A01;2;32;0;2;1;9;1;
20624;202100013399;177 782;B01;2;7;0;2;5;1;1;
20625;202100013400;177 779;B01;3;2;0;2;1;16;1;
20626;202100013400;177 780;A01;3;7;0;2;4;15;3;
20627;202100013401;177 778;A01;1;10;0;1;3;1;1;
20628;202100013402;177 776;B01;2;7;0;2;1;19;1;
20629;202100013402;177 777;A01;1;7;6;2;7;1;1;
20630;202100013403;177 773;A01;-1;31;0;2;7;3;1;
20631;202100013403;177 774;B01;-1;10;0;2;6;1;1;
20632;202100013403;177 775;C01;1;99;0;2;8;1;1;
20633;202100013404;177 772;A01;1;7;0;1;1;1;1;
20634;202100013405;177 770;A01;1;2;0;2;1;1;1;
20635;202100013405;177 771;B01;3;1;0;2;1;9;5;
20636;202100013406;177 769;A01;1;10;0;1;2;1;1;
20637;202100013407;177 768;A01;2;32;0;2;1;26;1;
20638;202100013409;177 764;B01;2;10;0;9;3;15;1;
20639;202100013409;177 765;A01;3;33;0;2;3;26;1;
20640;202100013410;177 762;B01;1;1;0;2;8;19;5;
20641;202100013410;177 763;A01;1;7;0;2;2;1;1;
20642;202100013412;177 758;A01;1;10;0;2;5;15;1;
20643;202100013412;177 759;B01;1;33;0;2;1;16;1;
20644;202100013413;177 756;A01;1;10;0;2;1;19;1;
20645;202100013413;177 757;B01;2;7;0;2;2;1;1;
20646;202100013414;177 754;A01;0;1;0;2;1;1;5;
20647;202100013414;177 755;B01;0;7;0;2;2;15;1;
20648;202100013415;177 752;B01;3;15;0;2;3;1;0;
20649;202100013415;177 753;A01;3;7;0;2;7;9;1;
20650;202100013416;177 751;A01;2;1;1;0;1;1;5;
20651;202100013417;177 749;A01;1;37;0;2;5;1;1;1.0
20652;202100013417;177 750;B01;1;99;0;2;1;19;0;
20653;202100013418;177 747;B01;1;7;0;2;6;15;1;
20654;202100013418;177 748;A01;1;31;0;2;2;15;1;
20655;202100013419;177 745;B01;1;1;0;2;1;1;5;
20656;202100013419;177 746;A01;1;7;0;2;3;20;1;
20657;202100013420;177 744;A01;2;50;0;0;0;0;3;
20658;202100013421;177 743;A01;1;7;12;1;2;1;1;
20659;202100013422;177 740;A01;1;7;0;2;1;2;1;
20660;202100013422;177 741;B01;1;7;0;2;4;2;1;
20661;202100013422;177 742;C01;1;7;0;2;4;2;1;
20662;202100013423;177 738;B01;1;10;0;2;1;2;1;
20663;202100013423;177 739;A01;1;7;0;2;6;11;1;
20664;202100013424;177 737;A01;3;10;0;1;3;1;3;
20665;202100013425;177 735;A01;1;33;0;2;1;1;1;
20666;202100013425;177 736;B01;1;2;12;2;6;15;1;
20667;202100013426;177 733;B01;2;32;0;2;1;1;1;
20668;202100013426;177 734;A01;1;7;0;2;2;15;1;
20669;202100013427;177 732;A01;3;7;0;1;2;0;1;
20670;202100013428;177 730;A01;2;2;0;0;1;13;1;
20671;202100013428;177 731;B01;1;7;0;0;3;1;1;
20672;202100013429;177 728;A01;2;15;0;0;7;1;1;
20673;202100013429;177 729;B01;1;7;0;0;3;19;1;
20674;202100013430;177 726;B01;2;1;0;2;1;1;5;
20675;202100013430;177 727;A01;1;1;0;2;1;1;5;
20676;202100013431;177 725;A01;3;7;0;0;0;1;2;
20677;202100013433;177 722;A01;2;7;0;2;1;2;1;
20678;202100013433;177 723;B01;2;7;0;0;4;15;1;
20679;202100013434;177 721;A01;1;7;13;0;1;1;1;
20680;202100013435;177 719;B01;1;15;0;0;4;1;1;
20681;202100013435;177 720;A01;1;10;0;2;1;12;1;
20682;202100013436;177 717;B01;1;7;3;2;2;1;1;
20683;202100013436;177 718;A01;2;7;0;2;3;15;1;
20684;202100013437;177 715;B01;2;33;0;2;1;1;1;
20685;202100013437;177 716;A01;1;10;0;2;2;10;1;
20686;202100013438;177 714;A01;1;31;17;0;0;21;1;
20687;202100013439;177 712;A01;1;33;0;2;1;1;1;
20688;202100013439;177 713;B01;2;7;0;0;3;15;1;
20689;202100013440;177 710;B01;1;7;0;2;1;1;1;
20690;202100013440;177 711;A01;3;7;0;2;5;19;1;
20691;202100013441;177 708;B01;2;33;0;2;1;1;1;
20692;202100013441;177 709;A01;1;7;0;2;2;15;1;
20693;202100013442;177 707;A01;2;2;12;0;2;1;1;
20694;202100013443;177 706;A01;1;7;0;1;1;1;0;
20695;202100013444;177 705;A01;2;7;13;0;1;15;1;
20696;202100013445;177 703;B01;2;32;0;2;2;1;1;
20697;202100013445;177 704;A01;1;7;0;2;1;15;1;
20698;202100013446;177 702;A01;1;7;0;1;3;1;1;
20699;202100013447;177 701;A01;1;31;0;0;0;0;1;
20700;202100013448;177 700;A01;2;31;2;0;1;1;1;
20701;202100013449;177 698;A01;1;7;0;9;8;1;1;
20702;202100013449;177 699;B01;1;32;0;2;1;1;1;
20703;202100013450;177 697;A01;1;36;16;0;2;0;1;
20704;202100013451;177 695;A01;1;7;0;2;2;15;2;
20705;202100013451;177 696;B01;1;7;0;2;7;1;1;
20706;202100013452;177 693;B01;0;20;0;0;1;1;1;
20707;202100013452;177 694;A01;0;1;0;0;4;1;5;
20708;202100013453;177 692;A01;1;33;0;0;1;26;1;
20709;202100013454;177 690;B01;2;10;0;2;2;1;6;
20710;202100013454;177 691;A01;1;7;0;2;5;15;1;
20711;202100013455;177 689;A01;3;7;6;0;1;1;1;
20712;202100013456;177 687;B01;2;7;0;2;2;26;1;
20713;202100013456;177 688;A01;2;2;0;2;1;18;1;
20714;202100013458;177 684;B01;1;7;0;2;3;1;1;
20715;202100013458;177 685;A01;2;15;0;2;3;13;1;
20716;202100013459;177 682;B01;2;15;0;2;4;2;1;
20717;202100013459;177 683;A01;2;10;0;2;1;2;1;
20718;202100013460;177 680;B01;1;7;0;0;4;2;1;
20719;202100013460;177 681;A01;1;10;0;2;1;2;1;
20720;202100013461;177 676;B01;1;7;0;2;6;14;1;
20721;202100013461;177 677;A01;1;2;0;2;5;17;1;
20722;202100013462;177 674;A01;2;33;0;2;1;2;1;
20723;202100013462;177 675;B01;2;7;0;0;4;2;1;
20724;202100013463;177 672;A01;3;7;0;0;4;4;1;
20725;202100013463;177 673;B01;3;2;0;0;1;23;1;
20726;202100013464;177 670;A01;2;33;0;2;1;1;1;
20727;202100013464;177 671;B01;1;7;0;2;5;15;1;
20728;202100013465;177 667;C01;2;7;0;0;4;1;1;
20729;202100013465;177 668;A01;2;7;0;2;1;17;1;
20730;202100013465;177 669;B01;2;7;0;2;4;1;1;
20731;202100013466;177 665;A01;1;7;9;2;3;13;1;
20732;202100013466;177 666;B01;2;2;0;2;1;1;1;
20733;202100013467;177 663;A01;2;7;0;2;3;15;1;
20734;202100013467;177 664;B01;2;30;0;2;1;17;1;
20735;202100013468;177 662;A01;2;2;0;0;0;1;3;
20736;202100013469;177 661;A01;1;33;3;0;1;1;1;
20737;202100013470;177 659;B01;1;7;0;2;2;1;1;
20738;202100013470;177 660;A01;1;3;0;2;8;10;1;
20739;202100013471;177 658;A01;3;3;0;9;1;0;1;
20740;202100013472;177 656;B01;2;2;0;2;1;1;1;
20741;202100013472;177 657;A01;3;7;0;2;2;0;1;
20742;202100013475;177 650;B01;1;1;0;2;1;0;5;
20743;202100013475;177 651;A01;2;7;0;9;2;16;1;
20744;202100013476;177 647;A01;1;10;0;2;2;1;1;
20745;202100013476;177 648;B01;2;1;0;2;8;15;0;
20746;202100013476;177 649;C01;2;1;0;2;8;15;0;
20747;202100013477;177 645;B01;2;7;0;2;1;1;1;
20748;202100013477;177 646;A01;1;7;0;2;1;13;1;
20749;202100013478;177 643;B01;1;7;0;2;1;1;1;
20750;202100013478;177 644;A01;2;7;0;2;1;13;1;
20751;202100013479;177 642;A01;1;7;0;1;2;21;1;
20752;202100013481;177 638;B01;2;7;0;2;6;20;1;
20753;202100013481;177 639;A01;2;10;0;2;2;1;1;
20754;202100013482;177 636;B01;2;80;0;2;7;1;3;
20755;202100013482;177 637;A01;1;7;0;2;1;1;2;
20756;202100013483;177 634;B01;1;50;0;2;1;1;3;
20757;202100013483;177 635;A01;1;7;0;2;3;1;1;
20758;202100013484;177 632;B01;1;1;0;2;1;2;5;
20759;202100013484;177 633;Z01;1;1;0;2;0;10;5;
20760;202100013485;177 630;A01;2;7;0;2;2;15;1;
20761;202100013485;177 631;B01;1;7;0;2;3;15;1;
20762;202100013486;177 628;A01;1;7;0;2;3;1;3;
20763;202100013486;177 629;B01;1;33;0;2;7;17;1;
20764;202100013487;177 627;A01;3;7;0;1;2;1;1;
20765;202100013488;177 625;A01;1;7;0;2;3;15;1;
20766;202100013488;177 626;B01;2;31;0;2;1;1;1;
20767;202100013489;177 623;A01;2;7;0;2;3;15;1;
20768;202100013489;177 624;B01;1;30;0;2;1;1;1;
20769;202100013490;177 622;A01;1;7;0;1;1;1;1;
20770;202100013491;177 620;B01;3;2;0;2;1;12;1;
20771;202100013491;177 621;A01;3;7;0;2;3;9;1;
20772;202100013492;177 619;A01;0;7;0;1;1;1;1;
20773;202100013493;177 617;A01;3;7;0;2;2;9;1;
20774;202100013493;177 618;B01;3;1;0;2;6;2;0;
20775;202100013494;177 613;D01;2;15;0;2;8;1;1;
20776;202100013494;177 614;C01;2;10;0;2;1;17;1;
20777;202100013494;177 615;B01;2;7;0;2;3;17;1;
20778;202100013494;177 616;A01;1;7;0;2;1;1;1;
20779;202100013495;177 610;A01;1;7;0;1;2;16;1;
20780;202100013497;177 605;B01;1;7;0;2;3;1;1;
20781;202100013497;177 606;A01;2;7;0;2;3;26;0;
20782;202100013498;177 603;A01;2;7;0;2;1;15;1;
20783;202100013498;177 604;B01;1;7;0;2;1;1;1;
20784;202100013499;177 601;B01;3;50;0;2;1;19;3;
20785;202100013499;177 602;A01;3;7;0;2;2;15;0;
20786;202100013501;177 597;A01;2;7;0;2;3;9;1;
20787;202100013501;177 598;B01;1;7;0;2;2;1;1;
20788;202100013502;177 595;A01;1;7;0;2;2;9;1;
20789;202100013502;177 596;B01;2;1;0;2;0;25;5;
20790;202100013503;177 592;C01;1;7;0;2;1;2;0;
20791;202100013503;177 593;B01;1;7;0;2;1;1;0;
20792;202100013503;177 594;A01;2;33;0;2;1;17;0;
20793;202100013504;177 590;A01;1;7;0;2;3;15;1;
20794;202100013504;177 591;B01;2;2;0;2;8;1;0;
20795;202100013505;177 588;B01;1;50;0;2;5;1;3;
20796;202100013505;177 589;A01;1;7;0;2;3;9;1;
20797;202100013506;177 586;B01;1;33;0;2;1;1;1;
20798;202100013506;177 587;A01;1;7;0;2;2;15;1;
20799;202100013507;177 584;A01;3;7;0;2;3;15;1;
20800;202100013507;177 585;B01;3;33;0;2;1;1;1;
20801;202100013508;177 581;C01;2;2;0;2;8;1;1;
20802;202100013508;177 582;B01;2;10;0;2;8;1;1;
20803;202100013508;177 583;A01;1;7;0;2;3;13;1;
20804;202100013509;177 580;A01;3;33;0;0;7;1;1;
20805;202100013510;177 578;A01;2;7;0;2;3;10;1;
20806;202100013510;177 579;B01;2;30;0;2;2;17;1;
20807;202100013511;177 577;A01;3;7;0;1;1;1;1;
20808;202100013512;177 575;B01;2;2;0;2;1;1;1;
20809;202100013512;177 576;A01;2;7;0;2;8;20;1;
20810;202100013514;177 572;B01;3;7;0;2;2;20;1;
20811;202100013514;177 573;A01;3;7;0;2;1;18;1;
20812;202100013515;177 570;A01;3;7;0;9;1;26;2;
20813;202100013515;177 571;B01;3;1;0;2;8;1;5;
20814;202100013516;177 568;A01;2;30;0;2;1;9;1;
20815;202100013516;177 569;B01;1;7;0;2;6;19;1;
20816;202100013517;177 566;B01;1;80;0;2;2;25;3;
20817;202100013517;177 567;A01;1;7;0;9;3;16;1;
20818;202100013518;177 564;B01;1;7;0;2;5;1;1;
20819;202100013518;177 565;A01;3;7;0;2;1;1;1;
20820;202100013519;177 562;A01;1;7;1;0;1;1;1;
20821;202100013519;177 563;B01;0;7;1;2;6;-1;1;
20822;202100013520;177 560;B01;1;7;0;2;3;20;1;
20823;202100013520;177 561;A01;1;33;0;2;1;1;1;
20824;202100013521;177 559;A01;2;31;0;0;8;21;1;
20825;202100013522;177 557;B01;2;10;0;2;4;2;1;
20826;202100013522;177 558;A01;2;7;0;2;1;2;1;
20827;202100013523;177 555;A01;1;7;0;2;1;2;1;
20828;202100013523;177 556;B01;1;7;0;2;4;2;1;
20829;202100013524;177 553;B01;1;7;0;2;8;26;1;
20830;202100013524;177 554;A01;1;1;0;2;1;26;5;
20831;202100013525;177 551;A01;2;30;0;2;2;2;1;
20832;202100013525;177 552;B01;2;7;0;2;6;18;1;
20833;202100013526;177 549;B01;1;1;1;0;1;1;5;
20834;202100013526;177 550;A01;1;7;0;2;3;24;1;
20835;202100013527;177 547;A01;1;7;0;2;7;0;0;
20836;202100013527;177 548;B01;1;7;0;2;1;1;0;
20837;202100013528;177 546;A01;3;7;6;0;2;1;1;
20838;202100013529;177 544;B01;1;2;0;2;1;1;1;
20839;202100013529;177 545;A01;2;7;0;2;7;15;1;
20840;202100013530;177 542;A01;2;7;0;2;1;15;1;
20841;202100013530;177 543;B01;1;2;0;2;3;1;1;
20842;202100013531;177 538;A01;2;7;0;2;1;16;1;
20843;202100013531;177 539;B01;1;50;0;2;1;1;3;
20844;202100013532;177 535;C01;2;37;0;2;3;1;1;2.0
20845;202100013532;177 536;B01;2;7;0;2;3;1;1;
20846;202100013532;177 537;A01;1;7;0;2;3;17;1;
20847;202100013533;177 534;A01;2;7;0;1;1;1;1;
20848;202100013534;177 532;A01;1;7;13;2;0;17;1;
20849;202100013534;177 533;B01;1;7;0;2;8;1;2;
20850;202100013535;177 530;A01;2;10;0;2;3;9;1;
20851;202100013535;177 531;B01;2;10;0;2;5;1;1;
20852;202100013536;177 529;A01;1;7;0;1;2;1;1;
20853;202100013537;177 527;A01;2;80;0;2;1;1;3;
20854;202100013537;177 528;B01;3;7;0;2;3;12;1;
20855;202100013538;177 525;B01;1;37;0;2;5;1;1;1.0
20856;202100013538;177 526;A01;1;80;0;2;8;1;3;
20857;202100013539;177 524;A01;2;7;0;1;1;15;2;
20858;202100013541;177 520;A01;1;33;0;2;7;17;1;
20859;202100013541;177 521;B01;2;7;0;9;1;19;1;
20860;202100013542;177 519;A01;0;3;12;0;3;16;1;
20861;202100013544;177 513;A01;3;37;0;1;2;2;2;1.0
20862;202100013545;177 509;B01;1;7;0;2;1;2;1;
20863;202100013545;177 510;A01;1;7;0;2;4;2;1;
20864;202100013546;177 507;A01;2;33;0;2;1;21;1;
20865;202100013546;177 508;B01;1;10;0;2;3;9;3;
20866;202100013547;177 505;A01;3;7;0;2;1;9;3;
20867;202100013547;177 506;B01;3;7;0;2;7;9;1;
20868;202100013548;177 503;A01;1;7;0;2;3;1;1;
20869;202100013548;177 504;B01;3;60;0;2;8;19;5;
20870;202100013550;177 500;A01;2;7;0;1;7;2;1;
20871;202100013551;177 497;X01;3;30;0;9;1;0;0;
20872;202100013551;177 498;C01;3;7;0;2;3;2;1;
20873;202100013551;177 499;B01;3;33;0;2;3;17;1;
20874;202100013553;177 494;A01;2;1;0;0;0;9;5;
20875;202100013554;177 492;B01;1;7;0;2;3;15;2;
20876;202100013554;177 493;A01;1;1;0;2;1;17;5;
20877;202100013555;177 491;B01;2;33;0;0;1;16;1;
20878;202100013556;177 489;A01;2;7;0;2;1;2;1;
20879;202100013556;177 490;B01;1;10;0;2;1;1;1;
20880;202100013557;177 486;C01;2;15;0;2;4;23;1;
20881;202100013557;177 487;B01;2;7;0;2;4;23;1;
20882;202100013557;177 488;A01;2;7;0;2;1;2;1;
20883;202100013558;177 485;A01;1;33;3;0;1;17;1;
20884;202100013559;177 483;B01;2;10;0;2;4;2;1;
20885;202100013559;177 484;A01;2;7;0;2;1;2;1;
20886;202100013560;177 482;A01;1;7;0;1;1;1;1;
20887;202100013561;177 479;C01;1;7;0;2;4;2;1;
20888;202100013561;177 480;B01;1;7;0;2;4;2;1;
20889;202100013561;177 481;A01;1;7;0;2;1;2;1;
20890;202100013562;177 477;A01;1;10;0;2;7;14;1;
20891;202100013562;177 478;B01;1;33;0;2;1;1;1;
20892;202100013563;177 475;A01;2;7;0;2;7;12;1;
20893;202100013563;177 476;B01;2;33;0;2;8;3;1;
20894;202100013564;177 474;A01;2;31;0;0;0;26;1;
20895;202100013565;177 473;A01;1;33;0;0;0;21;1;
20896;202100013566;177 471;A01;2;7;0;2;1;3;1;
20897;202100013566;177 472;B01;2;31;0;2;2;12;0;
20898;202100013567;177 469;B01;1;7;0;2;8;0;1;
20899;202100013567;177 470;A01;1;14;0;2;2;0;1;
20900;202100013568;177 467;A01;1;33;0;2;1;2;1;
20901;202100013568;177 468;B01;1;7;0;2;4;2;1;
20902;202100013569;177 466;A01;1;7;0;2;6;23;1;
20903;202100013570;177 464;B01;0;37;0;2;4;7;1;1.0
20904;202100013570;177 465;A01;0;3;0;2;1;1;1;
20905;202100013572;177 460;B01;0;7;0;2;3;1;1;
20906;202100013572;177 461;A01;0;1;0;2;2;15;0;
20907;202100013573;177 459;A01;2;7;13;0;1;14;1;
20908;202100013574;177 457;B01;1;60;0;2;4;1;5;
20909;202100013574;177 458;A01;3;7;0;9;1;1;1;
20910;202100013575;177 456;A01;1;7;0;1;1;1;1;
20911;202100013576;177 451;B01;3;2;0;2;1;1;1;
20912;202100013576;177 452;A01;3;7;0;2;7;1;1;
20913;202100013578;177 446;B01;3;33;0;2;1;17;1;
20914;202100013578;177 447;A01;3;7;0;2;3;9;1;
20915;202100013579;177 445;A01;3;7;0;1;1;1;1;
20916;202100013581;177 440;B01;1;7;0;2;1;1;1;
20917;202100013581;177 441;A01;2;7;0;2;7;26;1;
20918;202100013582;177 439;A01;3;7;0;1;2;17;1;
20919;202100013583;177 437;A01;3;7;0;2;0;26;0;
20920;202100013583;177 438;B01;3;7;0;2;1;15;1;
20921;202100013584;177 436;A01;1;37;0;1;2;1;1;1.0
20922;202100013585;177 434;A01;1;1;0;2;7;1;5;
20923;202100013585;177 435;B01;2;7;0;2;1;9;1;
20924;202100013586;177 432;A01;1;2;0;2;5;5;1;
20925;202100013586;177 433;B01;2;7;0;2;3;15;1;
20926;202100013587;177 431;A01;3;37;0;1;7;26;3;1.0
20927;202100013588;177 429;A01;0;7;0;2;2;9;1;
20928;202100013588;177 430;B01;3;32;0;2;4;9;1;
20929;202100013589;177 427;B01;3;1;0;2;1;1;5;
20930;202100013589;177 428;A01;3;50;0;2;1;13;3;
20931;202100013590;177 426;A01;1;1;0;1;9;21;5;
20932;202100013591;177 425;A01;2;7;8;0;1;14;1;
20933;202100013592;177 423;A01;1;7;0;2;2;17;1;
20934;202100013592;177 424;B01;1;7;0;2;6;1;1;
20935;202100013593;177 422;A01;3;7;1;0;2;14;2;
20936;202100013596;177 418;A01;1;0;0;1;0;1;-1;
20937;202100013598;177 415;B01;1;7;0;2;3;1;1;
20938;202100013598;177 416;A01;2;7;0;2;3;13;1;
20939;202100013599;177 411;C01;3;7;0;2;1;23;1;
20940;202100013599;177 412;D01;3;10;0;2;3;23;1;
20941;202100013599;177 413;A01;1;7;0;2;1;9;1;
20942;202100013599;177 414;B01;2;2;0;2;3;1;1;
20943;202100013600;177 410;A01;2;2;1;0;2;1;1;
20944;202100013601;177 408;B01;3;7;0;2;4;1;1;
20945;202100013601;177 409;A01;3;7;0;2;1;2;1;
20946;202100013602;177 406;A01;2;2;11;0;0;0;1;
20947;202100013602;177 407;B01;2;7;0;0;0;1;1;
20948;202100013603;177 404;B01;2;7;0;2;1;1;1;
20949;202100013603;177 405;A01;1;7;0;2;1;13;1;
20950;202100013605;177 400;B01;2;13;0;2;3;1;1;
20951;202100013605;177 401;A01;1;7;0;2;3;13;1;
20952;202100013606;177 398;B01;3;1;0;2;3;16;5;
20953;202100013607;177 397;A01;0;7;0;1;2;16;1;
20954;202100013608;177 395;B01;0;7;0;2;3;1;1;
20955;202100013608;177 396;A01;0;7;0;2;2;1;1;
20956;202100013609;177 393;B01;0;7;0;2;1;1;1;
20957;202100013609;177 394;A01;0;7;0;2;6;19;1;
20958;202100013610;177 391;B01;2;7;0;2;4;0;1;
20959;202100013610;177 392;A01;2;7;0;2;1;2;1;
20960;202100013611;177 390;A01;1;7;0;1;2;1;1;
20961;202100013612;177 387;A01;3;1;0;0;0;1;5;
20962;202100013613;177 385;B01;1;7;0;2;4;2;1;
20963;202100013613;177 386;A01;1;7;0;2;1;2;1;
20964;202100013614;177 383;A01;1;32;0;2;1;17;1;
20965;202100013614;177 384;B01;1;7;0;2;6;15;1;
20966;202100013615;177 380;A01;2;7;0;2;1;2;1;
20967;202100013615;177 381;B01;2;7;0;2;4;2;1;
20968;202100013615;177 382;C01;2;7;0;2;4;2;1;
20969;202100013616;177 378;B01;1;10;0;2;2;1;1;
20970;202100013616;177 379;A01;1;7;15;0;1;14;1;
20971;202100013617;177 377;A01;1;7;0;1;2;16;1;
20972;202100013618;177 375;A01;1;37;0;2;5;17;6;1.0
20973;202100013618;177 376;B01;1;1;0;2;3;1;5;
20974;202100013619;177 373;B01;1;1;0;2;4;1;5;
20975;202100013619;177 374;A01;1;10;0;2;1;16;1;
20976;202100013620;177 371;B01;1;33;0;2;4;1;1;
20977;202100013620;177 372;A01;1;33;0;2;1;1;1;
20978;202100013622;177 366;B01;2;7;0;2;4;2;1;
20979;202100013622;177 367;C01;2;7;0;2;4;2;1;
20980;202100013622;177 368;A01;2;7;0;2;1;2;1;
20981;202100013623;177 364;Z01;2;7;0;2;1;1;1;
20982;202100013623;177 365;A01;1;7;0;2;1;1;1;
20983;202100013624;177 362;B01;1;7;0;2;3;15;1;
20984;202100013624;177 363;A01;1;30;0;2;2;17;1;
20985;202100013625;177 360;A01;1;7;0;2;5;9;1;
20986;202100013625;177 361;B01;1;33;0;2;1;1;1;
20987;202100013626;177 358;A01;1;7;0;2;5;16;1;
20988;202100013626;177 359;B01;1;80;0;2;1;1;3;
20989;202100013627;177 356;A01;3;7;0;2;1;2;1;
20990;202100013627;177 357;B01;3;31;0;2;4;2;1;
20991;202100013629;177 354;A01;3;1;1;0;1;1;5;
20992;202100013630;177 352;B01;3;33;0;2;4;2;1;
20993;202100013630;177 353;A01;3;33;0;2;1;2;1;
20994;202100013631;177 350;B01;3;50;0;9;0;2;3;
20995;202100013631;177 351;A01;3;7;0;9;0;2;1;
20996;202100013632;177 348;A01;1;7;0;2;4;2;1;
20997;202100013632;177 349;B01;1;2;0;2;1;2;1;
20998;202100013633;177 347;A01;2;7;0;1;1;1;1;
20999;202100013634;177 345;B01;3;50;0;2;1;1;3;
21000;202100013634;177 346;A01;1;7;0;2;6;1;1;
21001;202100013635;177 343;A01;1;7;0;2;1;23;1;
21002;202100013635;177 344;B01;3;1;0;2;0;0;5;
21003;202100013636;177 342;A01;2;7;0;1;1;13;1;
21004;202100013637;177 340;A01;2;7;0;2;2;0;1;
21005;202100013637;177 341;B01;2;37;0;2;3;1;1;1.0
21006;202100013638;177 338;B01;2;1;0;2;7;1;5;
21007;202100013638;177 339;A01;2;7;0;2;2;15;1;
21008;202100013639;177 336;B01;2;30;0;2;8;1;1;
21009;202100013639;177 337;Z01;2;7;0;2;0;17;0;
21010;202100013640;177 334;A01;1;1;0;2;1;1;5;
21011;202100013640;177 335;B01;1;7;0;9;3;15;1;
21012;202100013641;177 331;A01;1;7;0;9;2;15;1;
21013;202100013641;177 332;B01;1;80;0;2;1;1;3;
21014;202100013642;177 328;C01;2;7;0;2;4;1;2;
21015;202100013642;177 329;B01;2;7;0;2;4;1;1;
21016;202100013642;177 330;A01;2;7;0;2;1;1;1;
21017;202100013643;177 326;A01;1;2;0;2;3;26;1;
21018;202100013643;177 327;B01;1;7;0;2;3;26;1;
21019;202100013644;177 324;B01;1;1;0;2;1;5;0;
21020;202100013644;177 325;A01;2;7;0;2;3;9;1;
21021;202100013646;177 320;B01;1;10;0;2;2;1;1;
21022;202100013646;177 321;A01;1;7;0;2;8;1;1;
21023;202100013647;177 318;A01;1;7;8;2;3;2;1;
21024;202100013647;177 319;B01;2;7;8;2;0;1;1;
21025;202100013648;177 315;A01;3;7;1;0;3;1;3;
21026;202100013649;177 314;A01;2;14;15;0;1;13;1;
21027;202100013650;177 312;A01;1;10;0;2;4;2;1;
21028;202100013650;177 313;B01;1;7;0;2;1;2;1;
21029;202100013651;177 310;B01;3;40;0;2;1;2;3;
21030;202100013651;177 311;A01;3;7;0;4;3;15;1;
21031;202100013652;177 308;A01;2;10;0;2;3;1;1;
21032;202100013652;177 309;B01;2;7;0;2;3;15;1;
21033;202100013653;177 307;A01;3;7;0;1;1;15;1;
21034;202100013654;177 304;C01;0;1;0;2;0;0;0;
21035;202100013654;177 305;A01;3;7;9;9;1;21;1;
21036;202100013654;177 306;B01;0;1;0;2;4;25;0;
21037;202100013655;177 302;A01;1;7;0;9;2;1;3;
21038;202100013655;177 303;B01;3;1;0;9;8;19;0;