;Num_Acc;id_vehicule;num_veh;senc;catv;obs;obsm;choc;manv;motor;occutc
21039;202100013656;177 300;A01;2;7;0;2;1;15;3;
21040;202100013656;177 301;B01;2;1;0;2;1;16;0;
21041;202100013657;177 298;A01;2;7;0;2;1;2;0;
21042;202100013657;177 299;B01;2;7;0;2;4;2;0;
21043;202100013659;177 295;A01;2;7;0;1;2;26;1;
21044;202100013660;177 294;A01;3;17;0;1;1;20;1;
21045;202100013661;177 293;A01;0;7;0;1;1;1;0;
21046;202100013663;177 289;B01;3;7;0;2;7;0;1;
21047;202100013663;177 290;A01;3;30;0;2;7;19;1;
21048;202100013664;177 287;B01;1;7;0;2;1;15;1;
21049;202100013664;177 288;A01;2;2;0;2;1;19;1;
21050;202100013665;177 285;B01;1;50;0;2;7;2;3;
21051;202100013665;177 286;A01;1;7;0;2;1;25;0;
21052;202100013666;177 283;B01;1;7;0;2;1;1;1;
21053;202100013666;177 284;A01;2;7;0;2;7;19;1;
21054;202100013667;177 281;A01;2;2;0;2;1;2;1;
21055;202100013667;177 282;B01;2;7;0;0;4;23;0;
21056;202100013668;177 279;Z01;3;1;0;2;8;26;5;
21057;202100013668;177 280;A01;1;7;0;0;0;0;1;
21058;202100013670;177 274;A01;1;7;0;2;0;0;1;
21059;202100013670;177 275;B01;2;33;0;2;1;1;1;
21060;202100013671;177 272;B01;2;43;0;2;6;0;1;
21061;202100013671;177 273;A01;1;7;0;2;3;15;1;
21062;202100013672;177 270;Z01;2;99;0;2;1;2;0;
21063;202100013672;177 271;A01;2;32;0;2;4;2;1;
21064;202100013673;177 264;D01;2;7;0;2;9;23;1;
21065;202100013673;177 265;F01;2;7;0;2;7;23;1;
21066;202100013673;177 266;E01;2;2;0;2;0;23;1;
21067;202100013673;177 267;C01;2;7;0;1;1;23;1;
21068;202100013673;177 268;B01;1;7;0;2;3;19;1;
21069;202100013673;177 269;A01;1;7;0;2;1;26;1;
21070;202100013674;177 262;B01;3;7;0;2;4;1;1;
21071;202100013674;177 263;A01;3;7;0;2;1;1;1;
21072;202100013675;177 260;A01;1;7;0;2;2;11;1;
21073;202100013675;177 261;B01;1;7;0;2;3;11;1;
21074;202100013676;177 257;A01;3;7;0;2;1;1;1;
21075;202100013676;177 258;B01;3;7;0;2;4;0;1;
21076;202100013676;177 259;C01;3;7;0;2;4;1;1;
21077;202100013677;177 255;A01;3;13;8;0;2;2;1;
21078;202100013677;177 256;B01;3;7;0;9;6;2;2;
21079;202100013678;177 253;A01;2;33;0;2;1;13;1;
21080;202100013678;177 254;B01;1;10;0;2;3;1;1;
21081;202100013679;177 250;B01;2;7;0;2;4;1;1;
21082;202100013679;177 251;A01;2;7;0;2;1;1;1;
21083;202100013679;177 252;C01;2;7;0;2;4;1;1;
21084;202100013681;177 246;A01;1;33;0;2;7;17;1;
21085;202100013681;177 247;B01;1;7;0;2;8;15;1;
21086;202100013682;177 244;Z01;2;30;0;2;0;1;1;
21087;202100013682;177 245;A01;2;50;0;2;8;19;3;
21088;202100013683;177 242;B01;1;30;0;2;1;1;1;
21089;202100013683;177 243;A01;1;7;0;2;3;9;1;
21090;202100013684;177 241;Z01;1;30;0;1;1;8;1;
21091;202100013685;177 240;A01;1;33;0;1;1;1;1;
21092;202100013686;177 238;A01;1;7;0;2;3;15;1;
21093;202100013686;177 239;B01;1;50;0;2;1;17;3;
21094;202100013687;177 236;B01;1;7;0;2;3;10;2;
21095;202100013687;177 237;A01;1;43;0;2;1;17;1;
21096;202100013688;177 234;B01;3;7;0;2;1;1;1;
21097;202100013688;177 235;A01;2;7;0;2;2;1;1;
21098;202100013689;177 232;B01;1;7;0;2;2;1;1;
21099;202100013689;177 233;A01;1;33;0;2;6;15;1;
21100;202100013690;177 230;A01;2;33;0;2;2;9;1;
21101;202100013690;177 231;B01;2;31;0;2;2;3;1;
21102;202100013691;177 228;A01;2;30;0;2;1;1;1;
21103;202100013691;177 229;B01;1;7;0;2;6;1;1;
21104;202100013692;177 227;A01;2;1;0;1;1;1;5;
21105;202100013693;177 225;B01;2;1;0;2;1;16;5;
21106;202100013693;177 226;A01;2;10;0;2;2;1;1;
21107;202100013694;177 223;B01;1;1;0;2;7;1;5;
21108;202100013694;177 224;A01;1;43;0;2;1;1;1;
21109;202100013695;177 222;A01;1;31;1;0;2;1;1;
21110;202100013696;177 220;A01;1;43;0;2;1;8;1;
21111;202100013696;177 221;B01;1;7;0;2;6;15;1;
21112;202100013697;177 219;A01;1;14;0;1;2;16;1;
21113;202100013698;177 217;A01;2;10;0;2;1;13;0;
21114;202100013698;177 218;B01;1;37;0;2;1;1;1;3.0
21115;202100013699;177 216;A01;1;30;0;2;0;16;1;
21116;202100013702;177 211;B01;2;37;1;0;0;0;1;1.0
21117;202100013702;177 212;A01;3;1;15;0;0;0;5;
21118;202100013703;177 209;B01;3;7;0;2;2;2;1;
21119;202100013703;177 210;A01;3;3;7;0;6;2;1;
21120;202100013704;177 207;B01;3;10;0;2;3;9;1;
21121;202100013704;177 208;A01;3;50;0;2;1;1;3;
21122;202100013705;177 205;B01;1;34;0;2;2;1;1;
21123;202100013705;177 206;A01;1;7;0;2;3;16;1;
21124;202100013706;177 203;B01;0;7;0;2;5;15;1;
21125;202100013706;177 204;A01;0;33;0;2;1;1;1;
21126;202100013707;177 201;A01;2;33;0;2;1;1;1;
21127;202100013707;177 202;B01;2;7;0;2;4;1;1;
21128;202100013708;177 200;A01;3;7;0;1;1;26;1;
21129;202100013709;177 199;A01;3;10;9;2;1;14;0;
21130;202100013710;177 197;A01;1;7;14;2;1;19;1;
21131;202100013710;177 198;B01;1;32;14;2;7;19;1;
21132;202100013712;177 193;A01;3;7;0;2;3;9;2;
21133;202100013712;177 194;B01;3;1;0;2;1;2;5;
21134;202100013713;177 191;B01;1;1;0;2;3;26;0;
21135;202100013713;177 192;A01;2;7;0;9;2;1;1;
21136;202100013714;177 190;A01;-1;7;1;0;3;13;1;
21137;202100013715;177 189;A01;1;7;0;1;3;1;1;
21138;202100013716;177 187;Y01;-1;0;0;2;0;0;0;
21139;202100013716;177 188;A01;2;7;0;1;1;2;1;
21140;202100013717;177 185;A01;2;7;0;2;3;1;1;
21141;202100013717;177 186;B01;1;7;0;2;3;1;1;
21142;202100013718;177 184;A01;1;7;0;0;0;1;0;
21143;202100013719;177 183;A01;1;7;0;1;1;1;0;
21144;202100013720;177 181;A01;0;7;0;2;1;15;1;
21145;202100013720;177 182;B01;0;60;0;2;8;25;5;
21146;202100013721;177 180;A01;1;32;9;0;3;13;1;
21147;202100013722;177 178;A01;1;14;0;2;5;15;1;
21148;202100013722;177 179;B01;1;1;0;2;3;0;5;
21149;202100013723;177 176;A01;1;32;4;0;8;21;1;
21150;202100013723;177 177;B01;1;7;0;0;0;26;0;
21151;202100013724;177 174;B01;1;1;1;0;0;1;0;
21152;202100013724;177 175;A01;1;10;0;2;8;22;0;
21153;202100013725;177 171;A01;2;7;0;2;1;2;1;
21154;202100013725;177 172;B01;2;7;0;2;4;23;1;
21155;202100013725;177 173;C01;2;7;0;2;4;2;1;
21156;202100013726;177 170;A01;1;7;0;1;2;1;1;
21157;202100013727;177 168;A01;1;32;0;2;1;1;1;
21158;202100013727;177 169;B01;1;1;0;2;4;15;5;
21159;202100013728;177 166;B01;2;7;0;2;3;15;1;
21160;202100013728;177 167;A01;1;2;0;2;1;1;1;
21161;202100013729;177 165;A01;2;7;13;0;0;1;1;
21162;202100013731;177 162;A01;3;2;1;0;1;1;1;
21163;202100013732;177 160;A01;3;7;0;2;3;9;1;
21164;202100013732;177 161;B01;3;10;0;2;2;1;1;
21165;202100013733;177 159;A01;2;1;0;0;0;5;5;
21166;202100013734;177 157;A01;0;7;0;2;3;17;1;
21167;202100013734;177 158;B01;0;31;0;2;3;1;1;
21168;202100013735;177 156;A01;2;33;5;0;3;1;1;
21169;202100013736;177 155;A01;0;7;6;0;4;4;1;
21170;202100013737;177 153;B01;2;7;0;2;3;10;1;
21171;202100013737;177 154;A01;2;33;0;2;2;17;1;
21172;202100013738;177 152;A01;1;7;0;1;1;26;1;
21173;202100013739;177 151;A01;1;33;3;0;8;1;1;
21174;202100013740;177 149;B01;1;7;0;2;1;1;1;
21175;202100013740;177 150;A01;2;7;0;2;3;15;1;
21176;202100013741;177 147;A01;2;7;0;2;2;17;1;
21177;202100013741;177 148;B01;2;7;0;0;8;15;1;
21178;202100013743;177 143;B01;2;7;0;2;1;1;1;
21179;202100013743;177 144;A01;1;7;0;2;2;15;1;
21180;202100013744;177 141;B01;1;15;0;0;4;1;1;
21181;202100013744;177 142;A01;1;7;3;2;1;1;1;
21182;202100013745;177 139;B01;2;21;0;2;1;1;1;
21183;202100013745;177 140;A01;1;7;0;2;1;13;1;
21184;202100013746;177 137;B01;0;13;0;2;5;1;0;
21185;202100013746;177 138;A01;0;7;0;2;3;19;0;
21186;202100013747;177 135;B01;2;33;0;2;1;1;1;
21187;202100013747;177 136;A01;1;7;0;2;7;15;1;
21188;202100013749;177 132;A01;2;7;0;6;1;1;1;
21189;202100013750;177 130;B01;1;1;0;2;1;1;5;
21190;202100013750;177 131;A01;2;7;0;2;8;9;1;
21191;202100013751;177 129;A01;1;7;13;0;1;1;1;
21192;202100013752;177 128;A01;0;1;0;0;1;0;5;
21193;202100013753;177 126;B01;2;7;0;2;3;0;1;
21194;202100013753;177 127;A01;1;7;0;2;3;0;1;
21195;202100013754;177 125;A01;1;36;0;0;3;1;1;
21196;202100013755;177 123;B01;1;80;0;2;8;13;3;
21197;202100013755;177 124;A01;1;15;0;9;5;17;1;
21198;202100013756;177 121;A01;1;7;0;2;2;15;1;
21199;202100013756;177 122;B01;2;2;0;2;1;1;1;
21200;202100013757;177 119;B01;0;3;0;2;8;15;1;
21201;202100013757;177 120;A01;2;33;0;2;1;17;1;
21202;202100013758;177 118;A01;2;33;0;0;0;1;1;
21203;202100013759;177 116;A01;3;33;0;2;1;1;1;
21204;202100013759;177 117;B01;3;7;0;2;2;1;1;
21205;202100013760;177 114;A01;3;2;0;2;3;1;1;
21206;202100013760;177 115;B01;3;2;0;2;3;1;1;
21207;202100013761;177 112;A01;1;2;0;2;1;26;1;
21208;202100013761;177 113;B01;1;7;0;0;3;23;1;
21209;202100013764;177 107;B01;2;80;0;0;4;2;3;
21210;202100013764;177 108;A01;2;3;0;9;2;2;0;
21211;202100013765;177 105;B01;0;2;0;0;0;0;1;
21212;202100013765;177 106;A01;0;7;0;2;2;15;1;
21213;202100013766;177 103;B01;3;7;0;2;3;1;0;
21214;202100013766;177 104;A01;2;33;0;2;3;1;0;
21215;202100013770;177 097;A01;1;7;2;0;2;0;1;
21216;202100013771;177 095;A01;1;1;0;2;0;10;5;
21217;202100013771;177 096;B01;1;32;0;2;8;21;1;
21218;202100013772;177 090;A01;0;7;0;1;2;1;1;
21219;202100013773;177 088;B01;3;33;0;2;1;0;1;
21220;202100013773;177 089;A01;3;7;0;2;2;15;1;
21221;202100013774;177 086;B01;1;10;4;0;6;2;1;
21222;202100013774;177 087;A01;1;7;0;2;1;1;1;
21223;202100013775;177 085;A01;1;7;0;1;1;1;1;
21224;202100013777;177 083;A01;2;33;12;0;1;1;1;
21225;202100013778;177 081;A01;2;7;0;9;2;2;0;
21226;202100013778;177 082;B01;2;99;0;0;6;2;3;
21227;202100013779;177 079;B01;2;7;0;0;3;1;1;
21228;202100013779;177 080;A01;1;7;0;0;3;1;1;
21229;202100013780;177 077;B01;0;2;0;2;1;1;1;
21230;202100013780;177 078;A01;0;7;0;2;8;9;1;
21231;202100013781;177 075;A01;2;33;0;0;7;15;1;
21232;202100013781;177 076;B01;1;7;0;2;1;1;1;
21233;202100013782;177 073;A01;2;7;0;2;6;1;1;
21234;202100013782;177 074;B01;2;1;0;2;7;1;5;
21235;202100013784;177 068;A01;1;7;0;2;4;2;1;
21236;202100013784;177 069;B01;1;7;0;2;1;2;0;
21237;202100013785;177 065;C01;1;33;0;2;1;1;1;
21238;202100013785;177 066;B01;1;14;0;2;8;1;1;
21239;202100013785;177 067;A01;1;10;0;2;5;1;1;
21240;202100013786;177 063;A01;1;7;0;2;4;2;1;
21241;202100013786;177 064;B01;1;7;0;2;1;2;1;
21242;202100013787;177 061;B01;1;7;0;2;6;1;1;
21243;202100013787;177 062;A01;1;14;0;2;0;12;1;
21244;202100013788;177 059;A01;2;33;0;2;1;18;1;
21245;202100013788;177 060;B01;2;7;0;2;4;1;1;
21246;202100013789;177 056;B01;1;7;0;2;4;2;1;
21247;202100013789;177 057;C01;1;10;0;0;0;0;1;
21248;202100013789;177 058;A01;1;10;0;2;1;2;1;
21249;202100013790;177 055;A01;2;33;3;0;9;2;1;
21250;202100013791;177 049;F01;2;7;0;2;1;2;1;
21251;202100013791;177 050;E01;2;7;0;2;4;2;1;
21252;202100013791;177 051;D01;2;7;0;2;4;2;1;
21253;202100013791;177 052;C01;2;7;0;2;4;2;1;
21254;202100013791;177 053;B01;2;7;0;2;1;2;1;
21255;202100013791;177 054;A01;2;7;0;2;1;2;1;
21256;202100013792;177 047;A01;1;7;0;2;6;15;1;
21257;202100013792;177 048;B01;1;34;0;2;7;2;1;
21258;202100013794;177 043;B01;1;15;0;2;8;1;1;
21259;202100013794;177 044;A01;1;10;0;2;7;14;1;
21260;202100013795;177 040;A01;1;15;0;2;8;2;1;
21261;202100013795;177 041;C01;1;15;0;2;6;2;1;
21262;202100013795;177 042;B01;1;7;0;2;1;0;1;
21263;202100013796;177 038;A01;1;7;4;2;3;11;1;
21264;202100013796;177 039;B01;1;7;4;2;5;1;1;
21265;202100013797;177 036;B01;2;7;0;2;3;11;1;
21266;202100013797;177 037;A01;2;43;0;2;2;3;1;
21267;202100013798;177 034;B01;2;31;0;2;1;11;1;
21268;202100013798;177 035;A01;2;7;0;2;4;1;1;
21269;202100013799;177 032;B01;2;7;3;2;3;1;1;
21270;202100013799;177 033;A01;2;15;3;2;2;12;1;
21271;202100013801;177 027;B01;1;7;0;2;4;1;1;
21272;202100013801;177 028;A01;1;7;0;2;1;2;1;
21273;202100013802;177 025;B01;1;10;0;2;5;1;1;
21274;202100013802;177 026;A01;1;31;0;2;1;1;1;
21275;202100013803;177 023;A01;2;10;0;2;1;14;1;
21276;202100013803;177 024;B01;2;17;0;2;6;2;1;
21277;202100013804;177 022;A01;3;33;1;0;1;14;1;
21278;202100013805;177 020;A01;2;2;0;2;1;1;3;
21279;202100013805;177 021;B01;2;7;0;2;3;1;1;
21280;202100013806;177 018;A01;1;7;0;1;1;1;0;
21281;202100013807;177 016;B01;3;10;0;0;3;23;1;
21282;202100013807;177 017;A01;2;30;0;0;0;1;1;
21283;202100013808;177 014;B01;1;2;0;2;4;1;1;
21284;202100013808;177 015;A01;1;10;0;2;1;9;1;
21285;202100013809;177 012;B01;1;1;0;2;8;1;5;
21286;202100013809;177 013;A01;2;10;0;2;1;15;1;
21287;202100013810;177 010;B01;2;1;0;2;8;19;5;
21288;202100013810;177 011;A01;2;7;0;2;2;1;1;
21289;202100013811;177 009;B01;2;7;0;2;1;9;1;
21290;202100013812;177 005;C01;1;7;0;2;4;2;3;
21291;202100013812;177 006;D01;1;7;0;2;4;2;2;
21292;202100013812;177 007;B01;1;7;0;2;6;2;1;
21293;202100013812;177 008;A01;1;99;0;2;1;2;1;
21294;202100013813;177 003;B01;2;7;0;2;6;2;1;
21295;202100013813;177 004;A01;2;32;0;2;1;13;1;
21296;202100013814;177 001;A01;3;7;0;2;3;15;1;
21297;202100013814;177 002;B01;3;32;0;2;7;1;1;
21298;202100013815;176 999;A01;1;33;0;2;0;21;1;
21299;202100013815;177 000;B01;1;7;0;2;0;15;1;
21300;202100013816;176 997;B01;1;31;0;2;2;26;1;
21301;202100013816;176 998;A01;1;7;0;2;3;1;1;
21302;202100013817;176 995;B01;1;7;0;0;4;2;1;
21303;202100013817;176 996;A01;1;7;0;2;1;1;1;
21304;202100013818;176 994;A01;1;7;3;0;1;26;1;
21305;202100013819;176 992;A01;3;10;0;2;8;13;1;
21306;202100013819;176 993;B01;3;34;0;2;2;1;1;
21307;202100013820;176 990;B01;2;7;0;2;2;16;0;
21308;202100013820;176 991;A01;2;33;0;2;3;18;1;
21309;202100013821;176 988;A01;1;7;0;2;2;1;1;
21310;202100013821;176 989;B01;1;7;0;2;3;1;1;
21311;202100013822;176 987;A01;2;7;1;0;3;1;1;
21312;202100013823;176 986;A01;3;7;8;0;1;16;1;
21313;202100013824;176 984;A01;1;7;0;2;3;15;1;
21314;202100013824;176 985;B01;1;32;0;2;1;17;1;
21315;202100013825;176 982;B01;1;7;0;2;4;2;1;
21316;202100013825;176 983;A01;1;30;0;2;1;2;1;
21317;202100013826;176 980;A01;0;7;0;2;1;1;1;
21318;202100013826;176 981;B01;0;7;0;2;4;1;1;
21319;202100013827;176 979;A01;0;7;0;1;1;20;1;
21320;202100013828;176 977;B01;0;7;0;2;1;1;1;
21321;202100013828;176 978;A01;0;7;0;2;1;18;1;
21322;202100013829;176 973;B01;1;7;0;2;2;1;1;
21323;202100013829;176 974;A01;2;30;0;2;7;15;1;
21324;202100013830;176 969;A01;3;7;0;2;1;2;0;
21325;202100013830;176 970;B01;3;2;0;2;5;1;1;
21326;202100013831;176 968;Z01;3;7;0;1;0;1;0;
21327;202100013832;176 967;Z01;0;7;1;0;7;4;1;
21328;202100013833;176 965;A01;0;10;0;2;1;1;1;
21329;202100013833;176 966;B01;0;1;0;2;7;1;5;
21330;202100013834;176 964;A01;2;7;0;1;1;1;1;
21331;202100013835;176 963;A01;2;7;1;0;0;0;1;
21332;202100013836;176 962;A01;3;10;1;0;0;0;1;
21333;202100013837;176 960;B01;3;7;0;2;6;23;1;
21334;202100013837;176 961;A01;3;1;0;2;1;16;5;
21335;202100013838;176 958;A01;1;31;0;2;4;15;1;
21336;202100013838;176 959;Z01;1;7;0;2;1;2;1;
21337;202100013840;176 954;TB01;1;99;0;2;1;1;0;
21338;202100013840;176 955;A01;1;7;0;2;2;16;1;
21339;202100013841;176 952;B01;3;1;0;2;8;19;5;
21340;202100013841;176 953;A01;3;7;0;9;1;1;1;
21341;202100013842;176 950;B01;3;7;0;9;8;1;1;
21342;202100013842;176 951;A01;3;1;0;2;1;0;5;
21343;202100013843;176 948;A01;2;7;0;2;7;14;1;
21344;202100013843;176 949;B01;2;7;0;2;8;1;1;
21345;202100013844;176 946;B01;1;7;0;2;4;2;1;
21346;202100013844;176 947;A01;1;7;0;2;1;2;1;
21347;202100013845;176 945;A01;2;7;0;1;2;1;1;
21348;202100013846;176 944;A01;1;7;0;2;1;1;1;
21349;202100013847;176 942;A01;1;33;0;2;3;17;1;
21350;202100013847;176 943;B01;1;33;0;2;0;15;1;
21351;202100013849;176 940;A01;1;7;0;9;3;9;1;
21352;202100013850;176 939;A01;2;7;0;1;1;16;0;
21353;202100013851;176 938;A01;3;2;13;0;2;14;1;
21354;202100013852;176 936;B01;1;50;0;2;2;26;3;
21355;202100013852;176 937;A01;1;7;0;2;3;1;1;
21356;202100013853;176 934;A01;1;7;0;2;1;1;1;
21357;202100013853;176 935;B01;1;7;0;2;4;1;1;
21358;202100013854;176 933;A01;1;7;8;0;3;0;1;
21359;202100013855;176 931;B01;1;7;0;2;8;1;2;
21360;202100013855;176 932;A01;1;10;0;2;7;17;1;
21361;202100013856;176 930;A01;3;39;0;1;2;1;3;
21362;202100013857;176 928;B01;1;1;0;2;1;1;5;
21363;202100013857;176 929;A01;2;13;0;2;2;9;1;
21364;202100013858;176 927;A01;1;7;0;1;1;16;1;
21365;202100013859;176 925;B01;3;7;0;2;4;23;1;
21366;202100013859;176 926;A01;3;7;14;0;1;2;1;
21367;202100013860;176 924;A01;1;7;3;0;1;14;1;
21368;202100013861;176 922;A01;2;1;0;2;0;19;5;
21369;202100013861;176 923;B01;2;7;0;2;0;1;1;
21370;202100013862;176 920;B01;3;40;0;2;0;1;3;
21371;202100013862;176 921;A01;3;7;0;4;8;15;1;
21372;202100013863;176 919;A01;3;7;0;1;1;1;1;
21373;202100013864;176 918;A01;2;30;1;0;1;1;1;
21374;202100013865;176 917;A01;2;7;9;0;2;14;1;
21375;202100013868;176 912;A01;1;7;0;2;8;16;1;
21376;202100013868;176 913;B01;1;37;0;2;2;1;1;1.0
21377;202100013870;176 908;B01;1;33;0;2;1;2;1;
21378;202100013870;176 909;A01;1;7;0;2;8;15;1;
21379;202100013871;176 906;A01;3;13;0;1;1;1;1;
21380;202100013872;176 904;A01;3;7;0;2;1;9;2;
21381;202100013872;176 905;B01;3;1;0;2;1;1;5;
21382;202100013873;176 901;B01;2;10;0;2;9;2;0;
21383;202100013873;176 902;A01;2;10;0;2;1;2;1;
21384;202100013873;176 903;C01;2;10;0;2;6;2;0;
21385;202100013874;176 900;A01;2;7;0;1;2;1;1;
21386;202100013875;176 897;A01;0;7;0;2;1;2;1;
21387;202100013875;176 898;B01;0;7;0;2;4;2;1;
21388;202100013875;176 899;C01;0;7;0;2;4;0;1;
21389;202100013876;176 896;A01;2;10;11;0;0;9;1;
21390;202100013878;176 892;A01;3;7;0;2;1;1;1;
21391;202100013878;176 893;Z01;3;7;0;2;7;15;1;
21392;202100013879;176 890;B01;1;7;0;2;1;15;1;
21393;202100013879;176 891;A01;1;32;14;2;2;2;1;
21394;202100013880;176 888;B01;1;7;0;2;8;1;1;
21395;202100013880;176 889;A01;2;10;0;2;3;1;1;
21396;202100013881;176 886;B01;3;2;0;0;7;15;1;
21397;202100013881;176 887;A01;2;7;0;2;3;9;1;
21398;202100013882;176 884;A01;1;7;0;2;3;9;1;
21399;202100013882;176 885;B01;1;7;0;2;6;1;1;
21400;202100013883;176 881;A01;1;10;0;0;0;2;1;
21401;202100013883;176 882;B01;1;2;0;0;8;2;1;
21402;202100013885;176 877;A01;1;7;1;2;2;19;1;
21403;202100013885;176 878;B01;2;31;0;2;3;1;1;
21404;202100013887;176 874;A01;2;34;0;2;7;3;1;
21405;202100013888;176 872;A01;3;32;0;2;5;1;1;
21406;202100013888;176 873;B01;3;7;0;2;5;15;1;
21407;202100013889;176 871;Z01;1;7;0;1;3;1;1;
21408;202100013890;176 869;B01;2;1;0;2;8;21;5;
21409;202100013890;176 870;A01;2;30;0;2;1;1;1;
21410;202100013891;176 867;A01;2;33;0;2;8;1;1;
21411;202100013891;176 868;B01;1;7;0;2;1;15;1;
21412;202100013892;176 866;A01;1;1;12;0;1;1;5;
21413;202100013893;176 865;A01;2;32;0;1;7;1;1;
21414;202100013894;176 864;A01;2;33;0;1;3;1;1;
21415;202100013895;176 862;A01;3;7;0;2;2;15;1;
21416;202100013895;176 863;B01;3;30;0;2;1;1;1;
21417;202100013896;176 861;A01;3;10;0;1;2;15;1;
21418;202100013897;176 860;A01;2;37;0;1;2;1;2;2.0
21419;202100013898;176 858;A01;0;7;0;2;8;15;1;
21420;202100013898;176 859;B01;3;32;0;2;6;1;1;
21421;202100013899;176 857;A01;1;7;4;0;2;1;1;
21422;202100013900;176 855;B01;1;7;0;2;6;1;1;
21423;202100013900;176 856;A01;1;7;1;2;2;20;1;
21424;202100013901;176 854;A01;1;7;0;1;3;1;1;
21425;202100013902;176 852;B01;3;7;0;2;3;19;1;
21426;202100013902;176 853;A01;3;30;0;2;2;19;1;
21427;202100013903;176 850;A01;3;7;0;2;3;1;1;
21428;202100013903;176 851;B01;3;7;0;2;3;1;1;
21429;202100013904;176 849;A01;2;32;0;1;2;0;1;
21430;202100013905;176 847;A01;3;10;0;2;2;10;1;
21431;202100013905;176 848;B01;3;34;0;2;1;1;1;
21432;202100013906;176 845;A01;1;32;0;0;2;2;1;
21433;202100013906;176 846;B01;1;7;0;2;3;15;1;
21434;202100013907;176 843;B01;2;7;0;2;1;15;1;
21435;202100013907;176 844;A01;1;7;9;2;5;5;1;
21436;202100013908;176 841;A01;3;7;0;2;1;15;1;
21437;202100013908;176 842;B01;0;99;0;2;0;0;0;
21438;202100013910;176 838;A01;1;7;0;2;2;1;1;
21439;202100013910;176 839;B01;1;7;0;2;6;23;1;
21440;202100013911;176 837;A01;1;33;12;0;1;1;1;
21441;202100013913;176 833;A01;2;7;0;2;1;0;1;
21442;202100013913;176 834;B01;2;7;0;0;4;0;1;
21443;202100013914;176 831;A01;2;7;0;2;1;15;1;
21444;202100013914;176 832;B01;1;7;0;2;1;1;1;
21445;202100013915;176 830;A01;0;7;0;1;2;19;1;
21446;202100013916;176 827;C01;1;33;0;2;1;1;1;
21447;202100013916;176 828;B01;2;7;0;2;1;1;1;
21448;202100013916;176 829;A01;1;10;0;2;1;1;1;
21449;202100013917;176 826;A01;2;7;0;1;2;1;1;
21450;202100013918;176 825;A01;1;7;0;1;2;1;1;
21451;202100013919;176 823;A01;2;2;0;2;1;1;1;
21452;202100013919;176 824;B01;2;7;0;2;8;19;1;
21453;202100013920;176 821;A01;1;7;0;2;3;13;1;
21454;202100013920;176 822;B01;2;15;0;2;3;1;1;
21455;202100013921;176 819;A01;2;7;0;2;3;15;1;
21456;202100013921;176 820;B01;1;2;0;2;1;1;1;
21457;202100013922;176 817;B01;1;7;0;0;4;2;1;
21458;202100013922;176 818;A01;1;7;0;2;1;2;1;
21459;202100013923;176 813;A01;1;10;0;2;1;1;1;
21460;202100013923;176 814;C01;2;7;0;2;1;1;1;
21461;202100013923;176 815;B01;1;7;0;2;4;15;0;
21462;202100013924;176 811;A01;1;7;0;2;3;1;1;
21463;202100013924;176 812;B01;2;7;0;2;3;1;1;
21464;202100013925;176 810;A01;1;7;6;0;2;14;1;
21465;202100013926;176 809;A01;1;33;0;6;1;1;1;
21466;202100013927;176 808;A01;2;7;2;0;3;14;1;
21467;202100013928;176 806;A01;1;10;6;2;7;17;1;
21468;202100013928;176 807;B01;1;7;0;2;8;15;1;
21469;202100013929;176 804;A01;2;33;0;2;2;1;1;
21470;202100013929;176 805;B01;2;7;0;2;3;19;2;
21471;202100013930;176 802;B01;1;7;0;2;3;1;1;
21472;202100013930;176 803;A01;2;7;0;2;3;15;1;
21473;202100013931;176 798;B01;2;21;0;2;6;16;1;
21474;202100013931;176 799;A01;2;7;0;2;2;17;1;
21475;202100013932;176 797;A01;1;7;0;1;1;16;1;
21476;202100013934;176 794;B01;2;7;0;2;3;13;1;
21477;202100013934;176 795;A01;2;2;0;2;1;13;1;
21478;202100013935;176 792;B01;1;1;0;2;1;1;5;
21479;202100013935;176 793;A01;2;7;0;2;3;9;1;
21480;202100013936;176 791;A01;1;10;0;1;1;1;1;
21481;202100013937;176 790;A01;2;10;13;0;3;1;1;
21482;202100013938;176 789;A01;1;33;0;0;0;0;1;
21483;202100013939;176 787;A01;2;1;0;2;8;2;5;
21484;202100013939;176 788;B01;2;7;0;9;2;2;1;
21485;202100013940;176 783;A01;1;7;0;2;3;0;1;
21486;202100013940;176 784;B01;2;7;0;2;3;0;1;
21487;202100013941;176 781;A01;2;10;0;2;7;10;1;
21488;202100013941;176 782;B01;2;7;0;2;1;1;1;
21489;202100013942;176 779;A01;3;2;0;2;5;19;1;
21490;202100013942;176 780;B01;3;33;0;2;1;1;1;
21491;202100013944;176 776;A01;0;7;0;0;0;0;1;
21492;202100013945;176 775;A01;2;7;2;0;1;26;1;
21493;202100013946;176 774;A01;1;7;2;0;1;1;2;
21494;202100013947;176 772;A01;1;7;0;2;6;15;1;
21495;202100013947;176 773;B01;2;33;0;2;1;1;1;
21496;202100013948;176 770;A01;3;21;0;0;7;19;1;
21497;202100013948;176 771;B01;1;7;0;2;1;1;1;
21498;202100013949;176 767;B01;1;15;1;0;4;23;1;
21499;202100013949;176 768;C01;1;15;0;0;4;23;1;
21500;202100013949;176 769;A01;1;15;1;0;1;2;1;