;Num_Acc;id_vehicule;num_veh;senc;catv;obs;obsm;choc;manv;motor;occutc
21501;202100013950;176 765;A01;2;10;0;2;1;2;1;
21502;202100013950;176 766;B01;2;17;0;0;5;2;1;
21503;202100013951;176 763;B01;0;7;0;2;3;0;1;
21504;202100013951;176 764;A01;0;34;0;2;1;1;1;
21505;202100013952;176 762;A01;1;7;4;0;1;14;1;
21506;202100013953;176 760;A01;2;99;0;2;7;17;1;
21507;202100013953;176 761;B01;2;15;0;2;3;1;1;
21508;202100013954;176 758;B01;0;2;0;2;3;10;1;
21509;202100013954;176 759;A01;0;10;0;2;2;13;0;
21510;202100013955;176 756;A01;3;10;0;2;1;13;1;
21511;202100013955;176 757;B01;3;15;0;2;1;1;1;
21512;202100013956;176 755;A01;3;7;0;0;9;13;1;
21513;202100013957;176 754;A01;0;2;0;0;2;1;1;
21514;202100013958;176 750;A01;1;7;0;2;2;17;1;
21515;202100013958;176 751;B01;1;7;0;2;6;1;1;
21516;202100013959;176 749;A01;0;7;6;0;1;0;1;
21517;202100013960;176 747;B01;2;33;0;2;2;17;1;
21518;202100013960;176 748;A01;2;7;0;0;8;15;1;
21519;202100013961;176 746;A01;-1;7;0;1;1;1;1;
21520;202100013962;176 744;B01;1;7;0;2;2;15;1;
21521;202100013962;176 745;A01;0;2;0;2;9;1;1;
21522;202100013963;176 741;C01;1;10;0;0;4;23;1;
21523;202100013963;176 742;B01;1;33;0;2;4;23;1;
21524;202100013963;176 743;A01;1;7;0;2;2;13;1;
21525;202100013964;176 740;A01;3;7;0;1;1;26;1;
21526;202100013965;176 737;C01;2;7;0;2;1;2;1;
21527;202100013965;176 738;B01;2;7;0;2;8;2;1;
21528;202100013965;176 739;A01;2;14;0;2;7;12;1;
21529;202100013966;176 735;A01;2;10;0;2;3;11;1;
21530;202100013966;176 736;B01;2;31;0;2;8;3;1;
21531;202100013967;176 733;B01;1;7;0;2;4;2;1;
21532;202100013967;176 734;A01;1;7;0;2;1;2;1;
21533;202100013968;176 731;A01;2;10;0;2;2;14;1;
21534;202100013968;176 732;B01;2;7;9;0;6;1;1;
21535;202100013969;176 730;A01;2;33;0;0;2;3;1;
21536;202100013970;176 729;A01;2;7;3;0;1;12;1;
21537;202100013971;176 727;B01;1;7;0;2;4;1;2;
21538;202100013971;176 728;A01;1;7;0;2;1;11;1;
21539;202100013972;176 725;B01;1;7;0;2;6;11;1;
21540;202100013972;176 726;A01;1;33;0;2;7;17;1;
21541;202100013973;176 723;B01;2;7;0;2;4;1;1;
21542;202100013973;176 724;A01;2;0;0;2;1;1;0;
21543;202100013974;176 722;A01;1;33;0;0;7;16;1;
21544;202100013975;176 720;A01;2;7;0;2;1;1;1;
21545;202100013975;176 721;B01;2;7;0;2;4;23;1;
21546;202100013976;176 719;A01;1;7;2;2;1;1;1;
21547;202100013977;176 717;B01;1;7;1;2;5;1;1;
21548;202100013977;176 718;A01;1;7;0;2;1;9;1;
21549;202100013978;176 715;B01;3;7;0;0;1;1;-1;
21550;202100013978;176 716;A01;3;7;0;2;1;1;-1;
21551;202100013979;176 713;B01;1;7;0;2;1;1;1;
21552;202100013979;176 714;A01;2;33;8;2;0;26;1;
21553;202100013980;176 711;B01;2;1;0;2;1;1;5;
21554;202100013980;176 712;A01;1;7;0;2;7;15;1;
21555;202100013981;176 709;A01;2;7;0;2;7;15;1;
21556;202100013981;176 710;B01;1;7;0;2;1;1;1;
21557;202100013982;176 707;B01;1;1;0;2;1;1;5;
21558;202100013982;176 708;A01;1;7;0;2;8;22;1;
21559;202100013983;176 706;A01;2;7;6;0;1;15;1;
21560;202100013984;176 704;A01;2;7;0;2;1;1;1;
21561;202100013984;176 705;B01;1;7;0;2;7;0;1;
21562;202100013985;176 703;A01;1;30;0;0;0;26;0;
21563;202100013986;176 701;A01;2;7;0;2;3;15;1;
21564;202100013986;176 702;B01;1;33;0;2;3;1;1;
21565;202100013987;176 698;C01;2;3;0;2;6;1;1;
21566;202100013987;176 699;A01;2;7;0;2;1;13;1;
21567;202100013987;176 700;B01;1;7;0;2;1;1;1;
21568;202100013989;176 696;A01;1;7;8;0;1;13;1;
21569;202100013990;176 694;B01;3;7;0;2;8;1;1;
21570;202100013990;176 695;A01;3;7;0;2;2;9;1;
21571;202100013991;176 693;Z01;3;3;0;1;0;0;0;
21572;202100013992;176 692;A01;2;7;0;1;2;26;1;
21573;202100013993;176 690;A01;3;7;15;0;3;15;1;
21574;202100013993;176 691;B01;3;34;0;2;1;1;1;
21575;202100013994;176 688;A01;1;7;0;2;3;15;1;
21576;202100013994;176 689;B01;2;33;0;2;8;1;1;
21577;202100013995;176 686;A01;1;10;0;2;5;17;1;
21578;202100013995;176 687;B01;1;80;0;2;1;2;3;
21579;202100013996;176 685;A01;2;7;15;0;2;14;1;
21580;202100013997;176 684;A01;1;7;2;0;3;13;1;
21581;202100013998;176 682;B01;1;30;0;2;8;1;1;
21582;202100013998;176 683;A01;1;7;0;2;8;15;1;
21583;202100013999;176 680;B01;2;7;0;2;1;1;0;
21584;202100013999;176 681;A01;1;7;0;2;1;5;1;
21585;202100014000;176 679;A01;2;7;0;1;0;2;1;
21586;202100014001;176 677;A01;1;7;0;2;1;15;1;
21587;202100014001;176 678;B01;1;31;0;2;3;1;1;
21588;202100014002;176 675;B01;1;7;0;2;2;1;1;
21589;202100014002;176 676;A01;3;31;0;2;1;26;1;
21590;202100014003;176 673;A01;3;7;0;2;8;16;0;
21591;202100014003;176 674;B01;3;1;0;2;2;9;5;
21592;202100014004;176 671;A01;3;7;0;2;3;19;1;
21593;202100014004;176 672;B01;1;1;0;2;1;0;5;
21594;202100014005;176 669;A01;2;7;15;2;1;1;1;
21595;202100014005;176 670;B01;1;7;0;0;0;0;1;
21596;202100014006;176 667;A01;1;33;0;2;1;1;1;
21597;202100014006;176 668;B01;1;30;0;2;4;15;1;
21598;202100014007;176 665;B01;1;31;0;2;4;23;1;
21599;202100014007;176 666;A01;1;7;0;2;1;2;1;
21600;202100014008;176 664;A01;1;7;2;0;1;1;1;
21601;202100014009;176 662;A01;1;7;1;2;1;1;1;
21602;202100014009;176 663;B01;1;7;1;2;2;1;1;
21603;202100014011;176 658;A01;2;7;0;2;1;2;1;
21604;202100014011;176 659;B01;2;33;0;2;4;1;1;
21605;202100014012;176 654;C01;1;7;0;2;3;1;2;
21606;202100014012;176 655;D01;1;10;0;2;8;1;1;
21607;202100014012;176 656;A01;2;7;0;2;1;5;1;
21608;202100014012;176 657;B01;1;7;0;2;1;1;1;
21609;202100014013;176 652;A01;2;7;0;2;2;12;1;
21610;202100014013;176 653;B01;2;1;0;2;1;1;5;
21611;202100014014;176 650;A01;2;50;0;2;1;1;3;
21612;202100014014;176 651;Z01;3;7;0;2;0;1;0;
21613;202100014015;176 648;A01;1;30;0;2;8;17;1;
21614;202100014015;176 649;Z01;0;30;0;2;7;16;0;
21615;202100014016;176 647;A01;1;33;0;1;1;1;1;
21616;202100014017;176 644;A01;2;7;0;2;2;1;1;
21617;202100014017;176 645;B01;2;50;0;2;1;13;3;
21618;202100014017;176 646;C01;2;7;0;2;8;22;1;
21619;202100014018;176 643;A01;1;7;0;1;4;4;2;
21620;202100014019;176 641;B01;2;1;0;2;4;19;5;
21621;202100014019;176 642;A01;2;7;0;2;1;1;1;
21622;202100014020;176 639;B01;1;7;0;2;3;1;1;
21623;202100014020;176 640;A01;1;43;0;2;2;17;1;
21624;202100014021;176 637;B01;1;7;0;2;4;23;1;
21625;202100014021;176 638;A01;1;7;0;2;1;2;1;
21626;202100014022;176 636;A01;2;33;0;0;0;1;1;
21627;202100014023;176 635;A01;2;50;0;0;1;1;3;
21628;202100014024;176 634;A01;1;34;0;1;1;1;1;
21629;202100014025;176 632;A01;2;7;0;2;1;1;1;
21630;202100014025;176 633;B01;1;7;0;2;8;1;1;
21631;202100014026;176 631;A01;1;7;2;0;2;14;1;
21632;202100014027;176 628;C01;2;7;0;2;4;0;1;
21633;202100014027;176 629;B01;2;7;0;2;4;2;1;
21634;202100014027;176 630;A01;2;7;0;2;1;1;1;
21635;202100014028;176 627;A01;1;7;0;1;2;26;1;
21636;202100014029;176 626;A01;-1;7;0;1;1;1;1;
21637;202100014030;176 623;C01;1;7;0;0;4;2;1;
21638;202100014030;176 624;B01;1;7;0;0;4;2;1;
21639;202100014030;176 625;A01;1;7;0;0;1;2;1;
21640;202100014031;176 622;A01;3;7;8;0;2;1;1;
21641;202100014032;176 621;A01;1;7;2;0;1;0;1;
21642;202100014033;176 619;A01;1;7;8;2;8;19;1;
21643;202100014033;176 620;B01;2;7;0;2;1;1;1;
21644;202100014034;176 617;B01;1;7;0;2;2;1;1;
21645;202100014034;176 618;A01;2;33;0;2;3;15;1;
21646;202100014035;176 611;A01;1;7;0;2;2;15;1;
21647;202100014035;176 612;B01;2;7;0;2;1;1;1;
21648;202100014037;176 608;A01;2;2;1;0;1;0;1;
21649;202100014040;176 602;B01;1;43;0;2;7;17;1;
21650;202100014040;176 603;A01;1;7;0;2;3;15;1;
21651;202100014041;176 600;B01;2;7;0;2;3;21;1;
21652;202100014041;176 601;A01;1;7;0;2;3;0;1;
21653;202100014042;176 598;A01;0;7;0;9;0;16;1;
21654;202100014042;176 599;B01;0;1;0;0;0;0;5;
21655;202100014044;176 595;A01;1;7;2;0;1;13;1;
21656;202100014045;176 594;A01;1;33;2;0;1;1;1;
21657;202100014046;176 590;A01;1;10;0;2;3;13;1;
21658;202100014046;176 591;B01;2;7;0;2;8;1;1;
21659;202100014047;176 589;A01;1;7;0;1;1;1;1;
21660;202100014048;176 587;B01;1;7;9;0;4;2;1;
21661;202100014048;176 588;A01;1;7;0;2;1;2;1;
21662;202100014049;176 585;B01;2;31;0;2;2;17;1;
21663;202100014049;176 586;A01;2;7;0;2;8;15;1;
21664;202100014050;176 584;A01;3;1;0;0;0;0;5;
21665;202100014051;176 578;B01;1;7;0;2;1;13;1;
21666;202100014051;176 579;A01;2;33;0;2;1;1;1;
21667;202100014052;176 576;A01;2;7;0;2;3;17;1;
21668;202100014052;176 577;B01;1;33;0;2;1;1;1;
21669;202100014056;176 570;A01;3;7;0;0;2;14;1;
21670;202100014057;176 569;A01;2;31;15;0;1;1;1;
21671;202100014058;176 567;B01;1;10;0;2;1;1;1;
21672;202100014058;176 568;A01;1;7;0;2;7;19;1;
21673;202100014059;176 565;B01;2;7;0;0;4;1;1;
21674;202100014059;176 566;A01;2;2;0;2;1;1;1;
21675;202100014060;176 563;B01;1;15;0;2;4;2;1;
21676;202100014060;176 564;A01;1;10;0;2;1;2;1;
21677;202100014061;176 562;A01;2;15;16;0;7;1;1;
21678;202100014062;176 561;A01;1;7;0;1;2;2;1;
21679;202100014063;176 557;A01;1;10;3;0;3;14;1;
21680;202100014064;176 556;A01;3;50;12;0;0;1;3;
21681;202100014065;176 555;A01;1;10;0;1;1;1;1;
21682;202100014066;176 553;A01;2;10;0;2;2;2;0;
21683;202100014066;176 554;B01;2;17;0;0;0;0;1;
21684;202100014067;176 552;A01;1;7;13;0;1;1;1;
21685;202100014068;176 551;A01;1;32;0;1;1;1;1;
21686;202100014069;176 550;A01;1;7;6;1;1;1;1;
21687;202100014070;176 549;A01;2;1;0;0;0;1;6;
21688;202100014071;176 546;C01;3;1;0;0;0;1;5;
21689;202100014071;176 547;B01;3;1;0;0;8;1;5;
21690;202100014071;176 548;A01;3;7;0;9;7;17;1;
21691;202100014072;176 544;B01;1;10;0;2;2;1;6;
21692;202100014072;176 545;A01;2;7;0;2;7;6;1;
21693;202100014074;176 541;B01;2;7;0;2;3;13;1;
21694;202100014074;176 542;A01;1;7;0;2;3;1;1;
21695;202100014075;176 539;B01;2;7;0;2;1;1;1;
21696;202100014075;176 540;A01;1;7;0;2;2;9;1;
21697;202100014076;176 537;A01;0;7;0;2;1;16;1;
21698;202100014076;176 538;B01;0;7;6;2;8;15;1;
21699;202100014077;176 535;A01;0;10;0;2;1;1;1;
21700;202100014077;176 536;B01;1;10;0;0;4;1;1;
21701;202100014078;176 534;A01;1;14;0;1;7;1;1;
21702;202100014079;176 532;A01;1;7;0;2;2;1;1;
21703;202100014079;176 533;B01;1;3;0;2;8;16;0;
21704;202100014080;176 531;A01;2;7;0;1;2;1;1;
21705;202100014081;176 529;A01;2;33;2;2;1;13;1;
21706;202100014081;176 530;B01;2;33;0;2;1;1;1;
21707;202100014082;176 528;A01;1;7;6;1;1;13;2;
21708;202100014083;176 526;B01;1;7;0;2;1;1;1;
21709;202100014083;176 527;A01;2;7;0;2;1;13;1;
21710;202100014084;176 525;A01;2;7;6;0;1;1;1;
21711;202100014086;176 521;A01;1;3;0;2;1;16;1;
21712;202100014086;176 522;B01;1;1;0;2;4;1;5;
21713;202100014087;176 520;A01;2;33;6;0;4;1;1;
21714;202100014088;176 518;B01;1;7;0;2;3;1;1;
21715;202100014088;176 519;A01;2;7;0;2;2;13;1;
21716;202100014089;176 516;A01;2;7;0;2;7;14;1;
21717;202100014089;176 517;B01;2;33;0;2;8;2;1;
21718;202100014090;176 514;A01;1;7;0;2;1;2;1;
21719;202100014090;176 515;B01;1;7;0;2;4;2;1;
21720;202100014091;176 513;A01;2;7;3;0;1;26;1;
21721;202100014092;176 511;B01;2;7;0;2;4;2;1;
21722;202100014092;176 512;A01;2;7;0;2;1;2;1;
21723;202100014093;176 509;A01;1;33;0;2;1;3;1;
21724;202100014093;176 510;B01;1;7;0;2;6;13;2;
21725;202100014094;176 507;B01;1;7;0;2;4;1;1;
21726;202100014094;176 508;A01;1;33;0;2;1;2;1;
21727;202100014095;176 506;A01;2;10;4;0;1;18;1;
21728;202100014096;176 504;A01;2;7;0;2;1;14;1;
21729;202100014096;176 505;B01;2;7;0;2;4;1;1;
21730;202100014097;176 503;A01;1;7;4;2;3;1;1;
21731;202100014098;176 498;C01;2;7;0;2;4;2;1;
21732;202100014098;176 499;A01;2;7;0;2;1;2;1;
21733;202100014098;176 500;B01;2;7;0;2;1;2;1;
21734;202100014098;176 501;E01;2;7;0;2;4;2;1;
21735;202100014098;176 502;D01;2;7;0;2;4;2;1;
21736;202100014099;176 497;A01;2;33;0;0;0;21;1;
21737;202100014100;176 495;B01;2;7;0;2;6;1;1;
21738;202100014100;176 496;A01;2;7;0;2;2;14;1;
21739;202100014101;176 493;B01;2;7;0;2;4;2;1;
21740;202100014101;176 494;A01;2;10;0;2;1;2;1;
21741;202100014103;176 485;A01;1;7;0;2;1;2;1;
21742;202100014103;176 486;B01;1;7;0;2;1;2;1;
21743;202100014103;176 487;C01;2;7;0;2;4;2;1;
21744;202100014103;176 488;D01;1;7;0;2;4;2;1;
21745;202100014103;176 489;E01;1;10;0;2;2;21;1;
21746;202100014103;176 490;F01;1;10;0;2;0;0;1;
21747;202100014104;176 483;A01;1;7;0;2;4;2;1;
21748;202100014104;176 484;Z01;1;7;0;2;0;0;1;
21749;202100014105;176 481;A01;2;7;0;2;1;1;1;
21750;202100014105;176 482;B01;2;7;0;2;4;2;1;
21751;202100014106;176 479;A01;2;7;0;2;1;2;1;
21752;202100014106;176 480;B01;2;7;0;2;4;2;1;
21753;202100014107;176 475;D01;1;7;0;2;5;1;1;
21754;202100014107;176 476;C01;1;7;0;2;2;1;1;
21755;202100014107;176 477;B01;1;7;0;2;8;21;1;
21756;202100014107;176 478;A01;1;7;3;0;1;26;1;
21757;202100014109;176 470;A01;2;33;0;2;3;12;1;
21758;202100014109;176 471;B01;2;7;0;2;3;11;1;
21759;202100014109;176 472;C01;2;7;0;2;4;1;1;
21760;202100014110;176 467;A01;1;10;0;2;1;1;1;
21761;202100014110;176 468;B01;1;7;0;2;4;2;1;
21762;202100014110;176 469;C01;1;7;0;2;4;2;1;
21763;202100014111;176 465;A01;2;7;0;2;1;12;1;
21764;202100014111;176 466;B01;2;7;0;2;4;1;1;
21765;202100014112;176 463;B01;2;7;0;2;1;1;1;
21766;202100014112;176 464;A01;2;7;0;2;4;1;1;
21767;202100014113;176 460;A01;1;7;0;2;4;2;1;
21768;202100014113;176 461;B01;1;7;0;2;1;2;0;
21769;202100014113;176 462;C01;1;7;0;2;1;2;1;
21770;202100014114;176 456;C01;1;7;0;2;5;23;1;
21771;202100014114;176 457;B01;2;2;0;2;1;5;1;
21772;202100014114;176 458;A01;1;7;0;2;1;1;1;
21773;202100014114;176 459;D01;1;7;0;2;3;1;2;
21774;202100014115;176 453;C01;2;31;0;2;1;3;1;
21775;202100014115;176 454;B01;2;7;0;2;0;12;1;
21776;202100014115;176 455;A01;2;31;0;2;1;3;1;
21777;202100014116;176 451;A01;3;7;0;2;1;15;1;
21778;202100014116;176 452;B01;3;7;0;2;8;1;1;
21779;202100014118;176 449;A01;1;7;0;1;7;17;1;
21780;202100014119;176 448;A01;1;7;0;1;1;1;1;
21781;202100014120;176 447;A01;1;7;1;0;6;16;1;
21782;202100014121;176 445;A01;1;7;0;9;3;15;1;
21783;202100014121;176 446;B01;2;1;0;2;1;0;5;
21784;202100014122;176 444;A01;1;7;13;0;2;1;1;
21785;202100014123;176 442;B01;1;7;0;2;5;21;1;
21786;202100014123;176 443;A01;1;30;0;2;1;1;1;
21787;202100014124;176 440;A01;2;7;0;9;8;1;1;
21788;202100014124;176 441;B01;1;1;0;2;1;19;5;
21789;202100014125;176 438;B01;1;7;0;2;3;13;1;
21790;202100014125;176 439;A01;1;2;0;2;2;2;1;
21791;202100014128;176 433;A01;2;7;0;2;1;15;1;
21792;202100014128;176 434;B01;2;1;0;2;8;19;5;
21793;202100014129;176 431;A01;1;30;0;2;1;1;1;
21794;202100014129;176 432;B01;1;7;0;2;0;0;1;
21795;202100014130;176 430;A01;0;30;12;0;0;0;-1;
21796;202100014132;176 426;B01;1;10;0;2;6;23;1;
21797;202100014132;176 427;A01;1;7;0;2;1;2;1;
21798;202100014133;176 424;B01;2;33;0;2;1;1;1;
21799;202100014133;176 425;A01;2;7;0;2;5;12;1;
21800;202100014135;176 419;B01;1;30;0;2;1;1;1;
21801;202100014135;176 420;A01;1;7;0;2;5;1;1;
21802;202100014136;176 418;A01;3;7;1;1;0;20;1;
21803;202100014137;176 417;A01;1;7;5;0;1;1;1;
21804;202100014138;176 415;A01;0;7;0;2;4;4;1;
21805;202100014138;176 416;B01;2;7;0;2;5;1;1;
21806;202100014139;176 413;A01;1;7;0;2;2;26;1;
21807;202100014139;176 414;B01;1;7;0;2;3;1;1;
21808;202100014140;176 412;B01;1;7;12;1;3;15;1;
21809;202100014141;176 411;A01;3;7;0;1;2;1;1;
21810;202100014142;176 409;A01;1;7;0;2;3;10;1;
21811;202100014142;176 410;B01;1;2;0;2;1;1;1;
21812;202100014143;176 407;A01;2;7;0;9;1;9;1;
21813;202100014143;176 408;B01;1;50;0;2;8;0;3;
21814;202100014144;176 405;A01;1;7;0;2;3;15;1;
21815;202100014144;176 406;B01;1;2;0;2;2;17;1;
21816;202100014145;176 404;A01;1;7;9;1;2;1;2;
21817;202100014146;176 403;A01;3;21;0;1;2;2;1;
21818;202100014148;176 401;A01;1;10;0;1;4;20;1;
21819;202100014149;176 400;A01;2;7;0;1;7;1;1;
21820;202100014150;176 397;A01;3;7;0;2;2;10;1;
21821;202100014150;176 398;B01;3;7;0;2;1;1;1;
21822;202100014150;176 399;C01;3;37;0;2;8;1;1;1.0
21823;202100014151;176 395;A01;1;30;0;2;1;17;1;
21824;202100014151;176 396;B01;1;10;0;2;3;15;1;
21825;202100014152;176 394;A01;1;7;0;1;0;1;1;
21826;202100014153;176 393;A01;1;30;12;0;3;1;1;
21827;202100014154;176 391;B01;1;7;0;2;3;15;1;
21828;202100014154;176 392;A01;1;33;0;2;1;21;1;
21829;202100014155;176 390;A01;3;30;0;5;8;15;1;
21830;202100014156;176 388;A01;2;7;0;2;2;14;1;
21831;202100014156;176 389;B01;2;7;0;0;8;0;1;
21832;202100014157;176 387;A01;1;7;1;0;5;4;1;
21833;202100014158;176 386;A01;3;7;9;0;2;1;1;
21834;202100014159;176 384;B01;3;1;0;2;4;15;5;
21835;202100014159;176 385;A01;3;7;8;2;1;15;1;
21836;202100014160;176 382;B01;1;3;0;2;1;1;2;
21837;202100014160;176 383;A01;1;3;0;2;7;19;1;
21838;202100014161;176 381;A01;2;7;14;1;1;14;1;
21839;202100014162;176 379;B01;2;7;0;2;3;2;1;
21840;202100014162;176 380;A01;1;7;0;2;1;15;1;
21841;202100014163;176 377;B01;3;33;0;2;1;1;1;
21842;202100014163;176 378;A01;3;7;0;2;2;15;1;
21843;202100014164;176 375;B01;1;7;0;2;4;2;1;
21844;202100014164;176 376;A01;1;30;0;2;1;2;1;
21845;202100014165;176 373;B01;2;7;0;2;5;26;1;
21846;202100014165;176 374;A01;2;2;0;2;1;1;1;
21847;202100014166;176 371;B01;0;50;0;2;1;19;3;
21848;202100014166;176 372;A01;3;7;0;2;3;15;1;
21849;202100014167;176 370;A01;1;7;0;2;8;16;1;
21850;202100014168;176 368;A01;1;7;0;2;1;1;0;
21851;202100014168;176 369;B01;1;1;0;2;8;1;5;
21852;202100014169;176 366;B01;1;30;0;2;1;1;1;
21853;202100014169;176 367;A01;1;7;0;2;7;15;1;
21854;202100014170;176 364;B01;1;7;0;2;8;23;1;
21855;202100014170;176 365;A01;1;7;0;2;1;26;1;
21856;202100014171;176 362;B01;3;50;0;2;8;0;3;
21857;202100014171;176 363;A01;3;7;0;2;2;16;1;
21858;202100014172;176 360;A01;3;7;0;2;1;5;1;
21859;202100014172;176 361;B01;3;7;0;2;1;1;1;
21860;202100014174;176 356;A01;0;7;0;2;1;26;1;
21861;202100014175;176 355;A01;2;50;0;0;0;1;3;
21862;202100014176;176 353;B01;2;7;0;2;4;26;1;
21863;202100014176;176 354;A01;2;7;0;2;1;2;1;
21864;202100014177;176 351;A01;1;7;11;2;1;6;1;
21865;202100014177;176 352;B01;2;13;0;2;8;1;1;
21866;202100014178;176 349;A01;0;7;0;2;8;15;1;
21867;202100014178;176 350;B01;1;2;0;2;7;1;1;
21868;202100014179;176 348;A01;2;31;0;0;0;1;1;
21869;202100014180;176 346;A01;1;7;0;2;1;26;1;
21870;202100014180;176 347;B01;2;21;0;2;6;26;1;
21871;202100014181;176 344;B01;2;7;0;2;8;1;1;
21872;202100014181;176 345;A01;1;7;0;2;1;1;1;
21873;202100014182;176 343;A01;1;7;0;1;1;1;1;
21874;202100014183;176 342;A01;1;7;0;1;2;1;1;
21875;202100014184;176 340;B01;1;33;0;2;1;1;1;
21876;202100014184;176 341;A01;1;7;0;2;3;15;1;
21877;202100014186;176 337;A01;1;7;8;4;1;26;1;
21878;202100014188;176 333;B01;1;2;0;2;7;17;1;
21879;202100014188;176 334;A01;1;7;0;0;8;22;1;
21880;202100014189;176 331;A01;1;7;0;2;7;10;1;
21881;202100014189;176 332;B01;3;32;0;2;8;0;1;
21882;202100014190;176 329;B01;1;7;0;2;4;23;2;
21883;202100014190;176 330;A01;1;7;0;2;1;2;1;
21884;202100014191;176 327;A01;1;7;0;2;1;1;1;
21885;202100014191;176 328;B01;1;7;0;2;4;1;1;
21886;202100014192;176 325;B01;1;7;0;2;4;15;1;
21887;202100014192;176 326;A01;1;31;0;2;1;1;1;
21888;202100014193;176 324;A01;1;7;0;1;3;1;1;
21889;202100014194;176 322;A01;1;7;0;2;3;9;1;
21890;202100014194;176 323;B01;3;50;0;2;1;1;3;
21891;202100014195;176 319;C01;2;7;0;2;4;2;1;
21892;202100014195;176 320;B01;2;7;0;2;4;2;1;
21893;202100014195;176 321;A01;2;7;0;2;1;12;1;
21894;202100014196;176 317;B01;2;7;0;2;5;1;1;
21895;202100014196;176 318;A01;2;32;0;2;1;11;1;
21896;202100014198;176 313;A01;1;1;0;2;8;15;5;
21897;202100014198;176 314;B01;1;33;0;2;2;1;1;
21898;202100014199;176 311;B01;2;30;0;2;1;1;1;
21899;202100014199;176 312;A01;1;7;0;2;2;15;1;
21900;202100014200;176 309;B01;1;7;0;2;2;18;1;
21901;202100014200;176 310;A01;1;30;0;2;3;12;1;
21902;202100014201;176 307;Z01;1;10;0;2;1;9;1;
21903;202100014201;176 308;A01;1;34;0;2;7;2;1;
21904;202100014203;176 304;A01;1;10;0;1;4;4;1;
21905;202100014204;176 302;B01;1;1;0;2;1;1;5;
21906;202100014204;176 303;A01;2;7;0;2;2;15;1;
21907;202100014205;176 301;A01;2;30;0;0;7;21;1;
21908;202100014206;176 300;A01;1;7;9;0;4;4;1;
21909;202100014207;176 297;A01;2;30;1;2;2;14;1;
21910;202100014207;176 298;C01;2;7;0;2;4;1;1;
21911;202100014207;176 299;B01;2;7;0;2;8;24;1;
21912;202100014208;176 295;B01;3;33;0;2;1;1;1;
21913;202100014208;176 296;A01;3;7;0;2;6;15;1;
21914;202100014209;176 293;A01;1;7;0;2;3;15;2;
21915;202100014209;176 294;B01;1;32;0;2;2;15;1;
21916;202100014210;176 292;A01;1;31;0;0;8;1;1;
21917;202100014211;176 291;A01;1;30;12;0;1;13;3;
21918;202100014212;176 290;Z01;2;7;0;1;1;15;1;
21919;202100014213;176 288;A01;1;32;0;2;1;1;1;
21920;202100014213;176 289;B01;1;10;0;2;0;16;1;
21921;202100014214;176 286;B01;1;33;0;2;1;1;1;
21922;202100014214;176 287;A01;1;7;0;2;2;1;1;
21923;202100014215;176 284;A01;1;7;0;2;2;15;1;
21924;202100014215;176 285;B01;2;32;0;2;1;2;1;
21925;202100014217;176 281;A01;1;7;0;2;7;17;1;
21926;202100014217;176 282;B01;1;7;0;2;8;1;1;
21927;202100014218;176 279;A01;1;7;0;2;1;0;1;
21928;202100014218;176 280;B01;1;1;0;2;4;15;5;
21929;202100014219;176 277;B01;1;7;0;2;8;1;1;
21930;202100014219;176 278;A01;2;10;0;2;1;5;1;
21931;202100014220;176 275;B01;1;0;0;2;1;0;0;
21932;202100014220;176 276;A01;1;34;0;2;7;1;1;
21933;202100014221;176 273;A01;1;7;0;2;1;17;1;
21934;202100014221;176 274;B01;1;32;0;2;3;1;1;
21935;202100014222;176 271;B01;2;7;0;0;0;9;1;
21936;202100014222;176 272;A01;1;7;0;0;2;9;1;
21937;202100014223;176 270;A01;1;7;0;1;1;1;1;
21938;202100014224;176 268;B01;2;33;0;2;3;2;1;
21939;202100014224;176 269;A01;2;7;0;2;5;9;2;
21940;202100014225;176 263;T01;2;7;0;2;0;1;1;
21941;202100014225;176 264;B01;2;7;0;2;1;1;1;
21942;202100014225;176 265;A01;1;7;0;2;1;13;1;
21943;202100014226;176 261;A01;1;7;1;0;1;1;1;
21944;202100014226;176 262;B01;1;10;14;0;4;2;0;
21945;202100014227;176 259;B01;-1;50;0;2;7;1;3;
21946;202100014227;176 260;A01;-1;7;0;2;3;15;1;
21947;202100014228;176 257;A01;-1;10;0;2;7;19;1;
21948;202100014228;176 258;B01;-1;33;0;2;1;1;1;
21949;202100014229;176 254;C01;-1;7;0;2;8;2;1;
21950;202100014229;176 255;B01;-1;7;0;2;8;14;1;
21951;202100014229;176 256;A01;-1;14;0;2;3;2;1;
21952;202100014230;176 252;A01;1;32;0;2;1;15;1;
21953;202100014230;176 253;B01;2;7;0;2;3;2;1;
21954;202100014231;176 250;B01;2;33;0;2;1;1;0;
21955;202100014231;176 251;A01;1;7;0;2;2;15;1;
21956;202100014232;176 248;B01;1;7;0;2;4;23;1;
21957;202100014232;176 249;A01;1;38;0;2;3;2;1;1.0
21958;202100014233;176 246;A01;3;34;0;2;1;1;0;
21959;202100014233;176 247;B01;3;7;0;2;1;11;0;
21960;202100014234;176 245;A01;1;30;12;0;2;26;3;
21961;202100014236;176 241;B01;1;7;2;0;1;1;1;
21962;202100014236;176 242;A01;1;7;2;0;9;1;1;