;Num_Acc;id_vehicule;num_veh;senc;catv;obs;obsm;choc;manv;motor;occutc
21963;202100014237;176 239;B01;1;1;0;2;1;1;6;
21964;202100014237;176 240;A01;1;7;0;2;3;9;1;
21965;202100014238;176 237;B01;3;7;0;2;2;15;1;
21966;202100014238;176 238;A01;3;33;0;2;1;1;1;
21967;202100014239;176 236;A01;2;7;2;0;1;13;1;
21968;202100014240;176 235;A01;3;32;0;0;0;1;1;
21969;202100014241;176 233;B01;1;33;0;2;1;2;1;
21970;202100014241;176 234;A01;1;33;0;0;8;2;1;
21971;202100014242;176 231;B01;2;2;13;0;4;2;1;
21972;202100014242;176 232;A01;2;10;0;2;2;2;1;
21973;202100014243;176 230;A01;2;7;2;0;1;1;1;
21974;202100014244;176 228;B01;2;2;0;2;1;1;1;
21975;202100014244;176 229;A01;1;7;0;2;3;15;1;
21976;202100014246;176 226;A01;1;31;15;9;0;1;1;
21977;202100014247;176 225;A01;1;2;0;0;0;2;1;
21978;202100014248;176 223;A01;3;7;0;2;3;13;1;
21979;202100014248;176 224;B01;0;20;0;2;3;1;1;
21980;202100014249;176 221;A01;3;7;1;0;2;1;1;
21981;202100014250;176 219;B01;1;7;0;0;8;2;1;
21982;202100014250;176 220;A01;1;34;0;2;1;17;1;
21983;202100014251;176 217;A01;1;33;0;2;1;17;1;
21984;202100014251;176 218;B01;2;7;0;2;3;1;1;
21985;202100014252;176 215;B01;1;33;0;2;1;1;1;
21986;202100014252;176 216;A01;2;33;0;2;1;1;1;
21987;202100014253;176 214;A01;2;7;6;0;3;1;1;
21988;202100014255;176 210;B01;1;7;0;2;4;1;1;
21989;202100014255;176 211;A01;1;33;0;2;1;1;1;
21990;202100014256;176 209;A01;1;7;2;0;1;0;1;
21991;202100014257;176 208;A01;2;33;16;0;7;1;1;
21992;202100014258;176 207;A01;2;7;15;0;2;1;1;
21993;202100014259;176 205;B01;2;33;0;2;1;1;1;
21994;202100014259;176 206;A01;3;7;0;2;3;15;1;
21995;202100014260;176 204;A01;3;33;13;0;1;1;1;
21996;202100014261;176 203;A01;2;7;2;0;8;1;1;
21997;202100014262;176 201;A01;0;7;0;2;1;1;1;
21998;202100014262;176 202;B01;0;7;0;2;7;1;1;
21999;202100014263;176 200;A01;2;7;8;0;1;13;1;
22000;202100014265;176 197;A01;1;7;0;2;2;9;1;
22001;202100014265;176 198;B01;1;2;0;2;1;1;1;
22002;202100014266;176 196;A01;2;7;2;0;3;13;1;
22003;202100014267;176 195;A01;-1;33;0;0;0;1;1;
22004;202100014268;176 194;A01;1;33;0;0;7;13;1;
22005;202100014269;176 193;A01;2;33;0;0;0;0;1;
22006;202100014270;176 191;B01;1;7;0;9;3;15;1;
22007;202100014270;176 192;A01;2;7;0;2;2;16;1;
22008;202100014272;176 189;A01;1;7;3;0;1;12;1;
22009;202100014273;176 186;B01;1;7;0;2;4;1;1;
22010;202100014273;176 187;A01;1;7;0;0;5;23;1;
22011;202100014273;176 188;C01;1;7;0;2;1;1;1;
22012;202100014274;176 185;A01;1;38;0;1;2;1;1;2.0
22013;202100014275;176 183;B01;2;10;0;2;3;1;1;
22014;202100014275;176 184;A01;1;7;0;2;5;13;1;
22015;202100014276;176 182;A01;1;30;17;0;1;0;1;
22016;202100014277;176 180;A01;2;7;0;0;4;2;1;
22017;202100014277;176 181;B01;2;33;0;2;1;2;1;
22018;202100014278;176 178;A01;1;33;0;2;1;1;1;
22019;202100014278;176 179;B01;2;7;0;2;3;1;1;
22020;202100014279;176 176;B01;0;33;0;2;1;1;1;
22021;202100014279;176 177;A01;0;7;0;2;7;15;1;
22022;202100014280;176 174;A01;2;7;0;2;6;15;1;
22023;202100014280;176 175;B01;1;33;0;2;1;1;1;
22024;202100014281;176 171;C01;2;7;13;0;2;21;1;
22025;202100014281;176 172;B01;2;7;0;2;2;1;1;
22026;202100014281;176 173;A01;1;10;0;2;1;5;1;
22027;202100014282;176 170;A01;1;33;0;0;9;0;1;
22028;202100014283;176 168;B01;0;2;0;2;8;14;1;
22029;202100014283;176 169;A01;0;7;0;2;1;9;1;
22030;202100014284;176 167;A01;1;33;11;0;9;1;1;
22031;202100014285;176 165;B01;1;2;0;2;1;2;1;
22032;202100014285;176 166;A01;1;7;0;0;4;2;2;
22033;202100014287;176 162;A01;1;7;0;0;0;15;1;
22034;202100014288;176 160;B01;1;33;0;2;1;1;1;
22035;202100014288;176 161;A01;2;7;0;2;3;1;1;
22036;202100014289;176 159;A01;1;33;0;0;8;23;1;
22037;202100014290;176 158;A01;1;33;13;0;1;1;1;
22038;202100014291;176 156;B01;2;31;0;2;1;1;1;
22039;202100014291;176 157;A01;1;7;0;2;1;2;1;
22040;202100014292;176 155;A01;3;7;13;0;1;14;1;
22041;202100014293;176 152;B01;1;7;0;2;8;1;1;
22042;202100014293;176 153;A01;2;33;0;2;8;5;1;
22043;202100014294;176 151;A01;2;7;7;0;9;1;1;
22044;202100014295;176 149;A01;1;2;12;0;2;2;1;
22045;202100014296;176 147;A01;1;7;0;2;4;2;1;
22046;202100014296;176 148;B01;1;7;0;2;1;2;1;
22047;202100014297;176 146;A01;1;7;9;0;3;16;1;
22048;202100014298;176 145;A01;2;7;13;0;1;14;1;
22049;202100014299;176 143;A01;1;7;0;2;8;11;1;
22050;202100014299;176 144;B01;1;10;0;2;1;1;1;
22051;202100014300;176 141;A01;1;7;4;2;1;0;1;
22052;202100014300;176 142;B01;1;10;0;2;6;0;1;
22053;202100014301;176 139;A01;2;7;0;2;1;1;2;
22054;202100014301;176 140;B01;2;7;0;2;4;2;1;
22055;202100014302;176 137;B01;2;7;0;2;7;12;1;
22056;202100014302;176 138;A01;2;33;0;2;8;3;1;
22057;202100014303;176 135;B01;1;14;0;2;4;2;1;
22058;202100014303;176 136;A01;1;7;0;2;1;2;1;
22059;202100014304;176 133;B01;3;1;0;2;0;26;5;
22060;202100014304;176 134;A01;2;7;0;2;0;26;0;
22061;202100014305;176 132;A01;2;7;0;1;3;1;1;
22062;202100014306;176 131;A01;2;7;0;1;2;0;1;
22063;202100014307;176 130;A01;3;7;0;2;1;1;1;
22064;202100014308;176 129;A01;1;7;0;1;1;15;1;
22065;202100014309;176 127;A01;2;7;0;2;3;15;1;
22066;202100014309;176 128;B01;2;1;0;2;7;1;5;
22067;202100014310;176 124;C01;1;10;0;2;6;1;1;
22068;202100014310;176 125;B01;1;7;0;2;7;1;2;
22069;202100014310;176 126;A01;1;31;0;2;3;3;0;
22070;202100014313;176 119;A01;2;33;0;1;3;17;1;
22071;202100014314;176 117;B01;1;34;0;2;1;1;1;
22072;202100014314;176 118;A01;1;7;0;2;2;15;1;
22073;202100014315;176 115;B01;3;7;0;9;7;1;1;
22074;202100014315;176 116;A01;3;1;0;2;1;0;0;
22075;202100014316;176 113;A01;2;7;0;2;2;16;0;
22076;202100014316;176 114;B01;2;7;0;2;0;0;0;
22077;202100014318;176 109;B01;1;33;4;2;1;18;1;
22078;202100014318;176 110;A01;1;7;0;2;5;12;1;
22079;202100014319;176 107;A01;1;7;0;2;1;1;1;
22080;202100014319;176 108;B01;2;15;0;2;8;1;1;
22081;202100014320;176 105;B01;1;7;3;2;3;0;1;
22082;202100014320;176 106;A01;2;7;3;2;8;26;1;
22083;202100014321;176 103;A01;1;32;0;2;3;1;1;
22084;202100014321;176 104;B01;1;3;0;2;2;16;1;
22085;202100014322;176 102;A01;0;10;0;1;0;0;1;
22086;202100014323;176 100;A01;1;7;0;2;1;2;0;
22087;202100014323;176 101;B01;1;7;0;2;4;2;0;
22088;202100014324;176 099;A01;2;15;0;1;1;16;1;
22089;202100014325;176 098;A01;3;50;0;1;1;25;3;
22090;202100014326;176 096;A01;3;7;0;2;1;26;1;
22091;202100014326;176 097;B01;1;7;0;2;1;26;1;
22092;202100014328;176 093;B01;2;31;0;2;1;1;1;
22093;202100014328;176 094;A01;2;7;0;2;3;15;1;
22094;202100014329;176 091;B01;1;10;0;2;2;0;1;
22095;202100014329;176 092;A01;2;30;0;2;1;5;1;
22096;202100014330;176 089;B01;1;7;0;2;1;2;1;
22097;202100014330;176 090;A01;1;7;0;2;4;23;1;
22098;202100014331;176 088;A01;1;7;0;1;1;19;3;
22099;202100014332;176 087;A01;3;7;0;1;0;1;1;
22100;202100014333;176 085;B01;0;7;0;2;1;1;1;
22101;202100014333;176 086;A01;0;7;0;2;1;5;1;
22102;202100014334;176 083;A01;1;10;0;2;3;10;1;
22103;202100014334;176 084;B01;1;2;0;2;3;2;1;
22104;202100014337;176 079;A01;3;33;6;0;1;26;1;
22105;202100014338;176 077;A01;1;7;0;2;1;2;1;
22106;202100014338;176 078;B01;1;7;0;2;4;2;1;
22107;202100014339;176 076;A01;1;7;0;1;3;1;1;
22108;202100014340;176 074;B01;3;7;0;2;0;14;1;
22109;202100014340;176 075;A01;3;7;0;2;0;0;1;
22110;202100014341;176 073;A01;2;7;8;0;3;13;1;
22111;202100014342;176 071;A01;0;2;0;2;2;1;1;
22112;202100014342;176 072;B01;0;7;0;2;3;15;1;
22113;202100014343;176 069;A01;-1;7;0;2;1;15;1;
22114;202100014343;176 070;B01;-1;31;0;2;1;1;1;
22115;202100014344;176 067;B01;1;31;0;2;8;0;1;
22116;202100014344;176 068;A01;2;7;0;2;8;17;1;
22117;202100014345;176 065;A01;1;7;0;2;2;1;1;
22118;202100014345;176 066;B01;1;1;0;2;8;3;0;
22119;202100014346;176 064;A01;1;7;0;1;1;1;1;
22120;202100014347;176 062;A01;1;33;0;2;1;9;1;
22121;202100014347;176 063;B01;1;7;0;2;3;9;1;
22122;202100014348;176 060;B01;2;1;0;2;1;1;5;
22123;202100014348;176 061;A01;2;7;0;2;7;1;1;
22124;202100014349;176 058;A01;2;7;0;2;4;15;1;
22125;202100014349;176 059;B01;2;33;0;2;1;1;1;
22126;202100014350;176 057;A01;1;7;0;1;1;1;0;
22127;202100014351;176 056;A01;1;32;0;1;1;17;1;
22128;202100014352;176 055;A01;1;7;0;1;7;14;1;
22129;202100014353;176 053;A01;3;7;0;2;3;15;1;
22130;202100014353;176 054;B01;3;30;0;2;1;1;1;
22131;202100014354;176 052;A01;1;33;0;1;1;1;1;
22132;202100014355;176 050;B01;1;7;0;2;3;9;1;
22133;202100014355;176 051;A01;1;10;0;2;8;1;1;
22134;202100014356;176 049;A01;3;7;1;0;3;13;1;
22135;202100014358;176 046;B01;2;50;0;2;8;1;3;
22136;202100014358;176 047;A01;1;7;0;2;1;15;1;
22137;202100014359;176 044;B01;3;1;0;2;8;15;5;
22138;202100014359;176 045;A01;3;7;0;2;3;1;1;
22139;202100014360;176 042;A01;3;7;2;2;1;1;1;
22140;202100014360;176 043;B01;3;33;9;2;2;1;1;
22141;202100014361;176 040;A01;2;50;0;2;1;26;3;
22142;202100014361;176 041;B01;1;7;0;9;1;1;1;
22143;202100014362;176 039;A01;1;7;0;1;1;1;1;
22144;202100014363;176 038;A01;1;3;12;0;1;13;1;
22145;202100014364;176 035;A01;0;7;0;2;3;1;2;
22146;202100014364;176 036;B01;3;7;0;2;3;1;1;
22147;202100014365;176 033;B01;1;50;0;2;4;26;3;
22148;202100014365;176 034;A01;1;7;0;2;1;26;2;
22149;202100014366;176 031;B01;1;30;0;2;1;2;1;
22150;202100014366;176 032;A01;1;7;0;2;6;2;1;
22151;202100014367;176 030;A01;2;7;0;1;3;1;2;
22152;202100014368;176 029;A01;1;7;0;1;1;1;0;
22153;202100014369;176 027;B01;3;7;0;2;4;1;1;
22154;202100014369;176 028;A01;3;7;0;2;1;1;0;
22155;202100014370;176 026;A01;1;1;0;0;1;7;5;
22156;202100014371;176 023;A01;2;10;0;2;1;2;1;
22157;202100014371;176 024;B01;2;7;0;2;4;23;1;
22158;202100014371;176 025;C01;2;7;0;2;4;23;1;
22159;202100014372;176 021;A01;2;7;0;2;2;14;1;
22160;202100014372;176 022;B01;2;7;0;2;3;1;1;
22161;202100014374;176 017;B01;3;1;0;2;4;2;5;
22162;202100014374;176 018;A01;3;1;0;2;1;18;5;
22163;202100014375;176 014;A01;0;1;0;2;1;19;5;
22164;202100014375;176 015;B01;3;32;0;2;2;1;1;
22165;202100014375;176 016;C01;0;32;0;2;7;17;1;
22166;202100014376;176 013;A01;3;7;0;1;1;1;1;
22167;202100014377;176 011;B01;2;2;0;2;0;1;1;
22168;202100014377;176 012;A01;1;7;0;2;2;15;1;
22169;202100014379;176 008;A01;1;10;0;2;7;13;1;
22170;202100014380;176 007;A01;0;7;0;1;1;1;1;
22171;202100014381;176 005;A01;1;2;0;2;1;1;1;
22172;202100014381;176 006;B01;1;7;0;2;1;15;1;
22173;202100014383;176 001;B01;3;7;0;2;1;5;1;
22174;202100014383;176 002;A01;3;7;0;2;3;15;0;
22175;202100014384;176 000;A01;1;10;0;1;4;4;3;
22176;202100014385;175 998;B01;1;33;0;2;1;17;1;
22177;202100014385;175 999;A01;2;3;0;2;3;9;1;
22178;202100014386;175 997;A01;3;7;0;1;1;15;1;
22179;202100014387;175 995;A01;1;1;0;2;1;19;5;
22180;202100014387;175 996;B01;2;7;0;2;1;15;1;
22181;202100014388;175 991;D01;2;2;0;2;1;1;1;
22182;202100014388;175 992;C01;2;2;0;2;1;1;1;
22183;202100014388;175 993;B01;1;10;0;2;7;15;1;
22184;202100014388;175 994;A01;1;30;0;2;7;15;1;
22185;202100014389;175 989;A01;2;7;0;2;1;9;1;
22186;202100014389;175 990;B01;0;2;0;2;7;9;1;
22187;202100014390;175 987;A01;1;7;0;2;1;13;1;
22188;202100014390;175 988;B01;2;7;0;2;1;1;1;
22189;202100014391;175 986;A01;3;7;0;1;1;20;1;
22190;202100014392;175 985;A01;0;7;0;1;4;4;1;
22191;202100014393;175 981;D01;3;7;0;2;4;23;1;
22192;202100014393;175 982;C01;3;7;0;2;6;23;1;
22193;202100014393;175 983;B01;3;33;0;2;1;3;1;
22194;202100014393;175 984;A01;3;31;0;2;1;3;1;
22195;202100014395;175 977;A01;0;32;0;2;0;26;1;
22196;202100014395;175 978;B01;0;7;0;2;0;26;1;
22197;202100014397;175 974;A01;3;7;0;2;3;18;1;
22198;202100014397;175 975;B01;3;7;0;2;7;1;1;
22199;202100014398;175 971;A01;2;10;0;2;1;2;1;
22200;202100014398;175 972;B01;2;7;0;2;4;2;1;
22201;202100014398;175 973;C01;2;7;0;2;4;23;1;
22202;202100014399;175 969;B01;2;33;0;2;4;1;1;
22203;202100014399;175 970;A01;2;7;0;2;3;12;1;
22204;202100014400;175 967;B01;1;32;0;2;2;23;1;
22205;202100014400;175 968;A01;2;33;1;2;3;1;1;
22206;202100014401;175 962;C01;2;7;0;2;3;1;2;
22207;202100014401;175 963;B01;1;10;0;2;6;15;1;
22208;202100014401;175 964;A01;1;7;11;2;3;1;2;
22209;202100014401;175 965;D01;2;10;0;2;1;1;1;
22210;202100014401;175 966;E01;2;7;0;2;5;1;1;
22211;202100014402;175 961;Z01;1;50;0;1;1;1;3;
22212;202100014403;175 960;A01;1;1;14;0;8;17;5;
22213;202100014404;175 958;B01;1;43;0;2;1;2;1;
22214;202100014404;175 959;A01;1;10;0;2;4;4;1;
22215;202100014405;175 950;A01;2;7;0;2;1;1;1;
22216;202100014405;175 951;B01;2;7;0;2;3;1;1;
22217;202100014405;175 952;C01;2;7;0;2;4;1;1;
22218;202100014405;175 953;D01;2;7;0;2;0;1;2;
22219;202100014405;175 954;E01;2;7;0;2;4;1;1;
22220;202100014405;175 955;F01;2;7;0;2;8;1;1;
22221;202100014405;175 956;G01;2;7;0;2;8;24;2;
22222;202100014405;175 957;H01;2;1;0;2;8;1;5;
22223;202100014406;175 948;B01;1;30;0;2;3;1;1;
22224;202100014406;175 949;A01;1;7;0;2;2;1;1;
22225;202100014408;175 944;B01;1;1;0;2;1;1;5;
22226;202100014408;175 945;A01;1;7;0;2;5;16;1;
22227;202100014409;175 942;B01;2;7;0;2;3;1;1;
22228;202100014409;175 943;A01;2;30;0;2;1;17;1;
22229;202100014410;175 940;Z01;1;10;0;2;0;10;1;
22230;202100014410;175 941;A01;1;37;0;2;0;7;2;3.0
22231;202100014411;175 938;A01;1;10;0;2;8;15;1;
22232;202100014411;175 939;B01;2;60;0;2;5;19;5;
22233;202100014412;175 937;A01;1;7;0;1;3;1;2;
22234;202100014413;175 936;A01;1;10;0;1;8;20;1;
22235;202100014414;175 934;B01;2;7;0;2;8;13;3;
22236;202100014414;175 935;A01;2;33;0;2;1;1;1;
22237;202100014415;175 932;B01;1;50;0;2;1;1;3;
22238;202100014415;175 933;A01;1;1;0;2;4;18;5;
22239;202100014418;175 926;A01;2;7;0;0;0;0;0;
22240;202100014418;175 927;B01;2;32;0;0;0;0;1;
22241;202100014419;175 923;C01;1;10;0;0;4;2;1;
22242;202100014419;175 924;B01;1;7;0;0;4;2;1;
22243;202100014419;175 925;A01;1;7;0;0;1;2;1;
22244;202100014420;175 921;A01;2;30;0;2;1;1;1;
22245;202100014420;175 922;B01;1;7;0;2;7;1;1;
22246;202100014421;175 919;B01;3;50;0;2;8;15;3;
22247;202100014421;175 920;A01;3;7;0;9;3;1;1;
22248;202100014422;175 917;B01;1;32;0;2;1;1;1;
22249;202100014422;175 918;A01;1;7;1;2;4;26;1;
22250;202100014423;175 916;A01;2;2;0;1;2;0;1;
22251;202100014424;175 914;B01;3;50;0;2;1;0;3;
22252;202100014424;175 915;A01;3;14;0;9;7;9;1;
22253;202100014425;175 912;A01;1;7;0;2;8;10;1;
22254;202100014425;175 913;B01;1;33;11;2;7;2;1;
22255;202100014426;175 909;C01;1;7;0;2;4;1;1;
22256;202100014426;175 910;A01;1;7;0;2;2;1;2;
22257;202100014426;175 911;B01;1;33;0;2;4;3;1;
22258;202100014427;175 907;A01;3;7;0;2;6;10;0;
22259;202100014427;175 908;B01;3;2;0;2;1;1;0;
22260;202100014428;175 905;B01;2;10;0;2;1;1;1;
22261;202100014428;175 906;A01;3;10;0;2;3;1;1;
22262;202100014429;175 904;A01;3;7;0;1;3;9;1;
22263;202100014430;175 903;A01;1;7;0;1;3;15;1;
22264;202100014432;175 900;A01;1;7;0;1;2;1;1;
22265;202100014433;175 898;A01;-1;3;0;2;2;1;0;
22266;202100014433;175 899;B01;-1;3;0;2;3;0;0;
22267;202100014434;175 896;B01;-1;7;14;0;1;2;1;
22268;202100014434;175 897;A01;-1;7;15;0;4;23;1;
22269;202100014435;175 895;A01;1;33;0;1;3;21;1;
22270;202100014436;175 893;A01;-1;7;0;2;3;11;2;
22271;202100014436;175 894;B01;-1;33;0;2;2;17;1;
22272;202100014438;175 890;A01;1;7;0;1;1;1;1;
22273;202100014439;175 889;A01;3;7;0;1;1;26;0;
22274;202100014440;175 888;A01;1;0;0;0;0;0;0;
22275;202100014441;175 887;A01;2;7;0;1;1;1;1;
22276;202100014442;175 884;A01;2;7;0;2;1;13;1;
22277;202100014442;175 885;B01;1;7;0;2;1;1;1;
22278;202100014442;175 886;C01;1;7;0;2;1;1;1;
22279;202100014443;175 882;A01;1;31;0;2;1;1;3;
22280;202100014443;175 883;B01;1;7;0;2;3;15;1;
22281;202100014444;175 880;B01;1;80;0;2;4;1;3;
22282;202100014444;175 881;A01;1;33;0;2;1;2;1;
22283;202100014445;175 878;B01;1;7;0;2;3;15;1;
22284;202100014445;175 879;A01;2;31;0;2;3;26;1;
22285;202100014447;175 875;A01;2;7;0;1;1;15;1;
22286;202100014448;175 874;A01;0;10;0;1;2;15;1;
22287;202100014449;175 872;B01;1;33;0;2;1;1;1;
22288;202100014449;175 873;A01;1;7;0;2;3;1;1;
22289;202100014450;175 870;A01;1;10;0;2;3;22;1;
22290;202100014450;175 871;B01;1;1;1;0;0;1;5;
22291;202100014451;175 868;B01;0;50;0;2;1;16;3;
22292;202100014451;175 869;A01;0;7;0;2;7;1;1;
22293;202100014452;175 867;A01;1;7;0;1;1;26;0;
22294;202100014453;175 866;A01;2;7;0;1;3;1;1;
22295;202100014454;175 865;A01;1;7;2;0;1;1;1;
22296;202100014455;175 863;B01;2;7;0;2;3;2;1;
22297;202100014455;175 864;A01;2;33;0;2;2;2;1;
22298;202100014456;175 861;B01;1;1;0;2;1;1;5;
22299;202100014456;175 862;A01;2;7;0;2;3;15;1;
22300;202100014457;175 860;A01;0;2;0;1;1;0;1;
22301;202100014458;175 859;A01;1;10;0;1;2;1;1;
22302;202100014459;175 858;A01;0;33;6;0;7;25;1;
22303;202100014460;175 857;A01;2;7;4;0;9;14;1;
22304;202100014461;175 855;B01;1;7;0;2;2;5;1;
22305;202100014461;175 856;A01;2;31;0;2;1;13;1;
22306;202100014462;175 853;B01;2;10;0;2;1;1;1;
22307;202100014462;175 854;A01;1;7;2;0;0;1;1;
22308;202100014463;175 851;B01;1;1;0;2;0;2;5;
22309;202100014463;175 852;A01;2;7;0;2;0;15;1;
22310;202100014464;175 850;A01;1;32;12;0;8;1;1;
22311;202100014465;175 847;B01;1;33;0;2;1;0;1;
22312;202100014465;175 848;A01;2;7;0;2;5;0;1;
22313;202100014466;175 845;B01;1;7;0;2;3;13;1;
22314;202100014466;175 846;A01;2;15;0;2;3;1;1;
22315;202100014467;175 843;B01;1;2;0;2;1;1;1;
22316;202100014467;175 844;A01;2;7;0;0;5;15;1;
22317;202100014468;175 841;B01;2;7;0;2;3;11;1;
22318;202100014468;175 842;A01;2;33;0;2;2;17;1;
22319;202100014469;175 840;A01;2;33;0;0;9;1;1;
22320;202100014470;175 839;A01;1;7;0;0;0;1;1;
22321;202100014471;175 837;B01;1;7;0;2;6;15;1;
22322;202100014471;175 838;A01;1;33;0;2;2;17;1;
22323;202100014472;175 835;B01;1;1;0;2;6;26;6;
22324;202100014472;175 836;A01;1;10;0;2;5;14;1;
22325;202100014474;175 833;A01;2;33;0;6;1;1;1;
22326;202100014475;175 831;B01;1;33;0;2;1;1;1;
22327;202100014475;175 832;A01;3;21;0;0;0;19;1;
22328;202100014476;175 830;A01;2;33;13;0;1;15;1;
22329;202100014477;175 829;A01;2;7;1;0;2;1;1;
22330;202100014479;175 826;A01;0;30;13;0;1;0;1;
22331;202100014481;175 823;A01;1;7;2;0;2;0;1;
22332;202100014483;175 820;B01;1;7;0;2;1;1;1;
22333;202100014483;175 821;A01;2;7;0;2;1;15;1;
22334;202100014484;175 819;A01;1;33;0;6;2;17;1;
22335;202100014485;175 817;A01;2;7;13;2;3;1;1;
22336;202100014485;175 818;B01;1;10;13;2;6;1;1;
22337;202100014486;175 816;A01;0;33;0;0;0;1;1;
22338;202100014487;175 815;A01;1;10;4;0;2;0;1;
22339;202100014488;175 813;A01;2;7;0;2;3;1;1;
22340;202100014488;175 814;B01;1;31;0;2;8;13;1;
22341;202100014489;175 811;A01;1;7;0;2;3;13;1;
22342;202100014489;175 812;B01;2;7;0;2;3;1;1;
22343;202100014490;175 809;B01;2;7;0;2;7;1;1;
22344;202100014490;175 810;A01;1;7;0;2;1;5;1;
22345;202100014491;175 808;A01;0;7;3;0;3;1;1;
22346;202100014492;175 806;A01;3;7;0;2;3;1;1;
22347;202100014492;175 807;B01;3;1;0;2;1;1;5;
22348;202100014493;175 805;A01;2;33;7;0;0;1;1;
22349;202100014494;175 803;B01;1;38;0;2;1;1;1;1.0
22350;202100014494;175 804;A01;2;33;0;2;7;19;1;
22351;202100014495;175 802;A01;1;7;0;1;2;16;1;
22352;202100014496;175 800;B01;1;7;0;0;5;20;1;
22353;202100014496;175 801;A01;1;33;0;2;1;2;1;
22354;202100014497;175 798;B01;1;21;0;2;8;15;1;
22355;202100014497;175 799;A01;1;7;0;2;1;17;1;
22356;202100014498;175 796;A01;1;2;8;2;2;17;1;
22357;202100014498;175 797;B01;1;2;0;2;3;15;1;
22358;202100014499;175 792;A01;1;32;0;2;2;13;1;
22359;202100014499;175 793;B01;1;10;0;0;0;1;1;
22360;202100014499;175 794;C01;1;15;0;0;0;1;1;
22361;202100014499;175 795;D01;2;15;15;0;7;14;1;
22362;202100014500;175 790;A01;1;7;0;1;3;1;1;
22363;202100014501;175 788;B01;1;33;0;2;1;1;1;
22364;202100014501;175 789;A01;2;7;0;2;2;15;1;
22365;202100014503;175 784;A01;3;7;0;2;2;15;1;
22366;202100014503;175 785;B01;0;60;0;2;1;1;5;
22367;202100014504;175 783;A01;3;14;0;1;1;1;1;
22368;202100014505;175 781;B01;1;10;0;2;1;1;1;
22369;202100014505;175 782;A01;1;34;0;0;0;1;1;
22370;202100014506;175 780;A01;0;7;13;0;3;0;1;
22371;202100014507;175 778;A01;1;7;0;2;2;0;1;
22372;202100014507;175 779;B01;2;0;0;2;7;5;0;
22373;202100014508;175 777;A01;1;7;2;0;3;13;1;
22374;202100014509;175 775;B01;2;10;0;2;2;15;1;
22375;202100014509;175 776;A01;1;33;0;2;1;1;1;
22376;202100014510;175 773;B01;1;7;0;2;1;1;1;
22377;202100014510;175 774;A01;2;7;0;2;3;5;1;
22378;202100014511;175 771;B01;1;33;0;2;1;1;1;
22379;202100014511;175 772;A01;3;10;0;2;2;1;1;
22380;202100014512;175 770;A01;2;7;2;0;3;13;1;
22381;202100014513;175 768;A01;3;7;0;2;2;15;1;
22382;202100014513;175 769;B01;3;1;0;2;1;1;5;
22383;202100014514;175 766;A01;3;7;0;0;0;15;1;
22384;202100014514;175 767;B01;3;33;0;0;8;21;1;
22385;202100014515;175 764;A01;2;7;0;2;3;17;1;
22386;202100014515;175 765;B01;1;7;0;2;3;1;1;
22387;202100014516;175 762;B01;1;7;0;2;3;1;2;
22388;202100014516;175 763;A01;2;7;0;2;3;13;1;
22389;202100014517;175 760;A01;1;7;0;2;1;19;1;
22390;202100014517;175 761;B01;1;7;0;0;8;1;1;
22391;202100014518;175 758;A01;2;7;0;2;8;15;1;
22392;202100014518;175 759;B01;2;2;12;2;7;17;1;
22393;202100014519;175 756;B01;3;7;0;2;3;1;1;
22394;202100014519;175 757;A01;3;2;0;2;1;21;1;
22395;202100014520;175 753;B01;2;33;0;2;1;1;1;
22396;202100014520;175 754;A01;1;7;0;2;7;15;1;
22397;202100014520;175 755;C01;1;7;0;2;6;1;1;
22398;202100014521;175 752;A01;0;33;0;1;1;1;1;
22399;202100014522;175 750;B01;1;7;0;2;8;15;1;
22400;202100014522;175 751;A01;1;31;0;2;2;17;1;
22401;202100014523;175 748;C01;1;7;0;1;2;1;1;
22402;202100014523;175 749;B01;1;10;0;2;1;1;1;
22403;202100014524;175 746;B01;1;32;0;2;2;3;1;
22404;202100014524;175 747;A01;1;7;0;2;6;11;1;
22405;202100014525;175 743;C01;2;7;0;2;4;1;1;
22406;202100014525;175 744;B01;2;31;0;2;8;1;1;
22407;202100014525;175 745;A01;2;7;0;2;7;12;1;
22408;202100014526;175 741;A01;2;10;0;2;4;12;1;
22409;202100014526;175 742;B01;2;33;0;2;1;1;1;
22410;202100014527;175 739;B01;1;7;0;2;6;11;1;
22411;202100014527;175 740;A01;1;43;0;2;1;3;1;
22412;202100014528;175 737;B01;1;7;0;2;5;2;1;
22413;202100014528;175 738;A01;1;33;0;2;1;2;1;
22414;202100014529;175 735;B01;1;33;0;2;3;3;1;
22415;202100014529;175 736;A01;1;7;0;2;2;12;1;
22416;202100014530;175 734;A01;1;33;0;0;0;1;1;
22417;202100014531;175 732;A01;2;0;0;2;0;0;0;
22418;202100014531;175 733;B01;2;33;0;2;2;3;1;
22419;202100014532;175 730;A01;2;32;0;2;3;11;1;
22420;202100014532;175 731;B01;2;7;0;2;5;1;1;
22421;202100014533;175 728;B01;1;7;0;2;8;11;1;
22422;202100014533;175 729;A01;1;33;0;2;7;1;1;
22423;202100014534;175 727;A01;1;33;0;2;8;3;1;