;Num_Acc;id_vehicule;num_veh;senc;catv;obs;obsm;choc;manv;motor;occutc
22424;202100014535;175 725;A01;2;31;0;2;1;3;1;
22425;202100014535;175 726;B01;2;7;0;2;4;1;1;
22426;202100014536;175 723;A01;2;7;0;2;1;2;1;
22427;202100014536;175 724;B01;2;7;0;2;4;2;1;
22428;202100014537;175 720;A01;1;7;0;2;1;2;1;
22429;202100014537;175 721;B01;1;7;0;2;4;2;1;
22430;202100014537;175 722;C01;1;7;0;2;4;2;1;
22431;202100014538;175 718;A01;2;33;0;2;1;0;1;
22432;202100014538;175 719;B01;2;7;0;2;4;2;1;
22433;202100014540;175 713;A01;1;7;0;2;5;26;1;
22434;202100014540;175 714;B01;1;7;0;2;1;9;1;
22435;202100014541;175 712;A01;3;7;0;1;1;1;1;
22436;202100014542;175 708;B01;2;7;0;2;1;1;1;
22437;202100014542;175 709;A01;1;33;0;2;0;0;1;
22438;202100014543;175 706;A01;2;7;0;2;1;13;1;
22439;202100014543;175 707;B01;1;7;0;2;3;1;1;
22440;202100014544;175 704;A01;2;7;0;2;8;15;1;
22441;202100014544;175 705;B01;2;31;0;2;2;1;1;
22442;202100014545;175 703;A01;1;10;0;1;7;1;1;
22443;202100014546;175 701;A01;1;7;0;2;1;2;1;
22444;202100014546;175 702;B01;3;7;0;2;4;2;1;
22445;202100014547;175 700;A01;1;34;5;0;1;20;1;
22446;202100014548;175 699;A01;1;7;0;1;1;15;1;
22447;202100014549;175 697;B01;1;7;0;2;4;2;1;
22448;202100014549;175 698;A01;1;7;0;2;4;2;1;
22449;202100014550;175 695;A01;2;15;0;2;7;15;1;
22450;202100014550;175 696;B01;1;33;0;2;1;1;1;
22451;202100014551;175 693;A01;3;7;0;2;4;1;1;
22452;202100014551;175 694;B01;3;31;0;2;1;1;1;
22453;202100014552;175 691;B01;1;7;0;2;2;1;1;
22454;202100014552;175 692;A01;2;1;0;2;1;13;5;
22455;202100014553;175 690;A01;2;33;0;0;0;15;1;
22456;202100014556;175 685;A01;3;7;6;0;0;1;1;
22457;202100014557;175 683;A01;2;7;0;2;2;16;1;
22458;202100014557;175 684;B01;2;7;0;2;8;7;1;
22459;202100014558;175 682;A01;3;14;0;1;5;26;1;
22460;202100014559;175 681;A01;0;7;4;0;1;13;1;
22461;202100014561;175 677;B01;2;10;0;2;6;1;1;
22462;202100014561;175 678;A01;1;7;14;2;3;1;1;
22463;202100014562;175 676;A01;3;7;0;1;1;1;1;
22464;202100014563;175 674;A01;3;33;0;2;7;0;1;
22465;202100014563;175 675;B01;3;7;0;2;1;1;1;
22466;202100014564;175 672;A01;3;7;0;2;6;19;1;
22467;202100014564;175 673;B01;3;2;0;2;1;1;1;
22468;202100014565;175 671;A01;2;10;0;1;4;4;1;
22469;202100014566;175 669;B01;3;2;0;2;7;17;1;
22470;202100014566;175 670;A01;3;7;0;2;1;1;1;
22471;202100014567;175 668;A01;1;7;0;1;3;11;1;
22472;202100014568;175 667;A01;1;30;0;0;0;0;1;
22473;202100014569;175 666;A01;2;7;0;1;2;1;1;
22474;202100014570;175 664;B01;3;33;0;2;3;1;1;
22475;202100014570;175 665;A01;3;7;1;2;2;9;1;
22476;202100014571;175 663;A01;1;7;0;1;1;1;1;
22477;202100014572;175 660;A01;3;1;0;2;1;17;0;
22478;202100014572;175 661;B01;3;10;0;2;8;1;1;
22479;202100014573;175 659;A01;3;10;0;0;0;0;1;
22480;202100014574;175 658;A01;0;7;0;1;3;15;1;
22481;202100014575;175 656;B01;2;30;0;2;1;1;1;
22482;202100014575;175 657;A01;1;7;0;2;2;15;1;
22483;202100014576;175 654;B01;3;99;0;2;1;17;0;
22484;202100014576;175 655;A01;3;10;0;2;6;16;0;
22485;202100014577;175 652;B01;2;32;0;2;8;1;1;
22486;202100014577;175 653;A01;2;7;0;2;2;1;1;
22487;202100014578;175 650;A01;3;7;0;2;1;16;1;
22488;202100014578;175 651;B01;3;1;0;2;2;5;5;
22489;202100014579;175 648;A01;3;50;0;2;1;0;3;
22490;202100014579;175 649;B01;3;7;0;9;1;16;1;
22491;202100014580;175 646;B01;2;7;1;2;3;1;1;
22492;202100014580;175 647;A01;1;7;0;2;2;10;1;
22493;202100014581;175 645;A01;3;1;8;0;1;26;5;
22494;202100014582;175 644;A01;1;7;0;1;1;1;1;
22495;202100014583;175 642;B01;2;1;0;2;0;1;5;
22496;202100014583;175 643;A01;1;10;0;2;3;16;1;
22497;202100014584;175 640;Z01;2;31;0;2;0;0;0;
22498;202100014584;175 641;A01;1;31;0;2;0;5;1;
22499;202100014585;175 638;A01;1;7;0;2;2;2;1;
22500;202100014585;175 639;B01;1;1;0;2;0;2;5;
22501;202100014586;175 637;A01;2;7;0;1;1;16;1;
22502;202100014587;175 636;A01;2;7;0;1;1;1;1;
22503;202100014589;175 633;A01;1;7;0;2;8;19;1;
22504;202100014589;175 634;B01;1;7;0;2;1;1;1;
22505;202100014590;175 632;A01;2;7;1;0;0;1;1;
22506;202100014591;175 631;A01;1;7;0;1;4;20;0;
22507;202100014592;175 629;B01;3;1;0;2;3;13;5;
22508;202100014592;175 630;A01;1;7;0;2;2;15;3;
22509;202100014593;175 628;A01;1;7;0;0;0;14;1;
22510;202100014594;175 626;A01;1;7;0;2;2;19;1;
22511;202100014594;175 627;B01;1;10;0;2;3;1;1;
22512;202100014595;175 624;B01;2;1;0;2;1;1;5;
22513;202100014595;175 625;A01;2;7;0;2;3;9;1;
22514;202100014596;175 623;A01;2;7;0;1;1;17;1;
22515;202100014597;175 622;A01;0;7;0;1;1;16;1;
22516;202100014598;175 621;A01;2;7;0;1;3;9;1;
22517;202100014600;175 617;B01;2;1;0;2;1;2;5;
22518;202100014600;175 618;A01;2;7;0;2;3;9;1;
22519;202100014601;175 616;A01;1;13;0;1;6;4;1;
22520;202100014602;175 615;A01;2;7;0;1;1;1;1;
22521;202100014603;175 613;B01;2;7;0;2;8;15;1;
22522;202100014603;175 614;A01;2;10;0;2;1;18;1;
22523;202100014604;175 611;A01;1;7;0;2;7;1;1;
22524;202100014604;175 612;B01;1;1;0;2;1;1;5;
22525;202100014605;175 607;B01;3;50;0;2;7;25;3;
22526;202100014605;175 608;A01;3;7;0;2;1;1;1;
22527;202100014606;175 606;A01;3;30;11;0;1;7;1;
22528;202100014607;175 604;A01;1;7;3;2;1;1;1;
22529;202100014607;175 605;B01;1;10;0;2;4;2;1;
22530;202100014608;175 602;B01;1;7;0;2;2;1;1;
22531;202100014608;175 603;A01;3;1;0;2;8;1;5;
22532;202100014609;175 600;B01;1;80;0;2;4;15;3;
22533;202100014609;175 601;A01;1;7;0;2;2;17;1;
22534;202100014610;175 599;A01;2;7;0;1;1;1;1;
22535;202100014611;175 597;A01;1;10;0;2;7;15;1;
22536;202100014611;175 598;B01;2;33;0;2;1;1;1;
22537;202100014612;175 595;A01;3;60;0;0;0;26;5;
22538;202100014613;175 593;A01;3;7;0;2;8;26;1;
22539;202100014613;175 594;B01;3;33;0;2;0;0;1;
22540;202100014614;175 592;A01;2;32;0;1;2;2;1;
22541;202100014615;175 590;B01;3;7;0;2;4;1;1;
22542;202100014615;175 591;A01;1;50;0;2;1;2;3;
22543;202100014616;175 589;A01;3;7;0;1;1;0;1;
22544;202100014617;175 587;A01;3;7;0;2;4;2;1;
22545;202100014617;175 588;B01;3;7;15;2;0;0;1;
22546;202100014618;175 585;A01;3;7;0;2;2;2;1;
22547;202100014618;175 586;B01;3;32;0;2;9;1;1;
22548;202100014619;175 583;A01;1;30;1;0;1;13;1;
22549;202100014619;175 584;B01;1;10;0;2;4;26;1;
22550;202100014620;175 581;B01;3;31;0;2;7;1;1;
22551;202100014620;175 582;A01;3;7;0;2;3;26;1;
22552;202100014621;175 579;A01;3;7;0;2;1;15;1;
22553;202100014621;175 580;B01;3;7;0;2;1;1;1;
22554;202100014622;175 575;A01;1;7;1;0;1;17;1;
22555;202100014622;175 576;B01;2;7;0;2;1;1;1;
22556;202100014622;175 577;C01;0;7;1;0;6;23;1;
22557;202100014622;175 578;D01;1;7;1;0;3;23;1;
22558;202100014623;175 573;B01;1;7;0;2;4;2;1;
22559;202100014623;175 574;A01;1;7;0;2;1;2;1;
22560;202100014624;175 572;A01;1;7;0;1;3;19;1;
22561;202100014625;175 570;B01;2;10;0;2;1;1;1;
22562;202100014625;175 571;A01;1;7;0;2;1;13;1;
22563;202100014626;175 568;A01;2;7;0;2;2;15;1;
22564;202100014626;175 569;B01;1;7;0;2;1;1;1;
22565;202100014627;175 567;A01;2;33;0;0;3;3;1;
22566;202100014629;175 565;A01;1;33;14;0;1;14;1;
22567;202100014630;175 563;B01;1;1;0;2;1;1;5;
22568;202100014630;175 564;A01;1;10;0;2;6;22;1;
22569;202100014631;175 561;B01;2;33;0;2;4;2;1;
22570;202100014631;175 562;A01;2;33;0;2;1;2;1;
22571;202100014632;175 560;A01;1;80;0;1;1;5;3;
22572;202100014633;175 558;B01;2;31;0;2;7;1;1;
22573;202100014633;175 559;A01;2;7;0;2;7;15;1;
22574;202100014634;175 556;B01;1;7;0;2;3;15;1;
22575;202100014634;175 557;A01;1;32;0;2;5;17;1;
22576;202100014635;175 554;B01;2;1;0;2;1;1;5;
22577;202100014635;175 555;A01;2;7;0;2;3;22;1;
22578;202100014636;175 552;B01;1;80;0;2;8;19;3;
22579;202100014636;175 553;A01;1;7;0;2;1;7;1;
22580;202100014638;175 548;B01;1;1;0;2;4;1;5;
22581;202100014638;175 549;A01;1;30;0;2;1;17;1;
22582;202100014639;175 546;A01;2;32;0;2;1;17;1;
22583;202100014639;175 547;B01;2;7;0;2;3;15;1;
22584;202100014640;175 544;Z01;1;50;0;2;1;13;3;
22585;202100014640;175 545;A01;2;1;0;2;1;1;5;
22586;202100014641;175 542;A01;2;7;0;2;1;15;1;
22587;202100014641;175 543;B01;1;1;0;2;3;7;5;
22588;202100014642;175 540;B01;2;7;14;2;1;15;1;
22589;202100014642;175 541;A01;1;33;0;2;2;0;1;
22590;202100014643;175 538;B01;3;7;0;2;4;26;1;
22591;202100014643;175 539;A01;2;10;0;2;1;26;1;
22592;202100014644;175 537;A01;1;7;0;1;3;5;1;
22593;202100014645;175 535;B01;2;33;0;2;4;23;1;
22594;202100014645;175 536;A01;2;33;0;2;1;1;1;
22595;202100014646;175 533;A01;1;7;1;0;3;15;1;
22596;202100014646;175 534;B01;1;7;1;0;8;23;1;
22597;202100014647;175 531;B01;1;2;0;2;7;17;1;
22598;202100014647;175 532;A01;1;7;0;2;8;26;1;
22599;202100014648;175 530;A01;2;7;0;1;1;1;1;
22600;202100014649;175 528;B01;2;1;0;2;0;0;6;
22601;202100014649;175 529;A01;2;7;0;2;6;16;0;
22602;202100014650;175 527;A01;-1;32;0;1;1;3;1;
22603;202100014651;175 523;A01;1;7;0;2;1;26;1;
22604;202100014651;175 524;B01;1;7;0;2;4;2;1;
22605;202100014651;175 525;C01;1;7;0;2;4;0;1;
22606;202100014651;175 526;D01;1;10;0;2;4;0;1;
22607;202100014652;175 521;A01;2;7;0;2;3;15;2;
22608;202100014652;175 522;B01;1;80;0;2;1;0;3;
22609;202100014653;175 520;A01;2;7;0;1;3;15;1;
22610;202100014654;175 518;B01;2;20;0;2;2;15;1;
22611;202100014654;175 519;A01;1;7;0;2;3;1;1;
22612;202100014655;175 517;A01;1;7;0;1;7;17;1;
22613;202100014656;175 516;A01;2;7;0;1;3;2;1;
22614;202100014657;175 515;A01;0;7;0;1;3;16;0;
22615;202100014658;175 513;B01;-1;7;0;2;0;16;1;
22616;202100014658;175 514;A01;-1;33;0;2;0;1;1;
22617;202100014660;175 509;A01;3;7;0;2;1;15;1;
22618;202100014660;175 510;B01;3;31;0;2;3;1;1;
22619;202100014661;175 508;A01;3;7;12;0;1;26;1;
22620;202100014662;175 507;A01;0;7;0;1;2;19;0;
22621;202100014663;175 506;A01;1;10;16;1;4;4;1;
22622;202100014664;175 504;A01;2;34;0;2;2;14;1;
22623;202100014664;175 505;B01;2;1;0;2;1;1;5;
22624;202100014665;175 502;B01;1;2;0;2;2;2;1;
22625;202100014665;175 503;A01;1;7;0;2;3;26;1;
22626;202100014666;175 500;B01;1;1;1;0;7;17;5;
22627;202100014666;175 501;A01;1;7;0;2;3;22;1;
22628;202100014667;175 499;A01;3;10;0;1;2;1;1;
22629;202100014668;175 497;B01;1;7;0;2;3;1;1;
22630;202100014668;175 498;A01;2;33;0;2;9;21;1;
22631;202100014669;175 495;B01;1;7;0;2;1;1;1;
22632;202100014669;175 496;A01;2;7;0;2;1;13;1;
22633;202100014670;175 489;A01;1;7;0;2;1;15;2;
22634;202100014670;175 490;B01;2;31;0;2;1;1;1;
22635;202100014671;175 488;A01;3;7;0;1;3;1;1;
22636;202100014672;175 486;A01;1;7;0;2;5;12;1;
22637;202100014672;175 487;B01;1;10;0;2;3;1;1;
22638;202100014673;175 485;A01;0;7;6;0;1;1;1;
22639;202100014674;175 483;B01;3;1;0;2;1;19;6;
22640;202100014674;175 484;A01;3;7;0;2;3;1;1;
22641;202100014675;175 481;B01;2;7;4;2;4;1;1;
22642;202100014675;175 482;A01;2;7;0;2;1;2;1;
22643;202100014676;175 479;A01;2;7;0;2;7;17;1;
22644;202100014676;175 480;B01;2;7;0;2;1;1;1;
22645;202100014677;175 477;A01;2;33;0;2;7;17;1;
22646;202100014677;175 478;B01;2;7;0;2;8;17;1;
22647;202100014678;175 475;B01;0;33;0;2;1;1;1;
22648;202100014678;175 476;A01;3;7;0;2;8;15;1;
22649;202100014681;175 470;B01;2;7;0;2;3;1;1;
22650;202100014681;175 471;A01;1;17;0;2;3;1;1;
22651;202100014682;175 468;A01;2;10;0;9;2;21;1;
22652;202100014682;175 469;B01;2;1;0;2;0;1;5;
22653;202100014683;175 466;A01;2;7;0;1;2;2;1;
22654;202100014684;175 464;B01;2;7;6;0;4;16;1;
22655;202100014684;175 465;A01;2;10;0;2;1;1;1;
22656;202100014685;175 463;A01;2;7;12;1;3;19;0;
22657;202100014686;175 461;A01;2;2;0;2;2;13;1;
22658;202100014686;175 462;B01;2;7;0;2;8;15;1;
22659;202100014687;175 460;A01;1;7;13;0;3;1;1;
22660;202100014689;175 456;A01;1;7;0;2;3;10;1;
22661;202100014689;175 457;B01;1;2;0;2;1;1;1;
22662;202100014690;175 454;B01;2;7;0;2;1;1;1;
22663;202100014690;175 455;A01;1;7;0;2;1;13;1;
22664;202100014691;175 452;B01;1;33;0;2;1;1;1;
22665;202100014691;175 453;A01;0;7;0;2;2;15;1;
22666;202100014692;175 451;A01;2;31;0;6;1;2;1;
22667;202100014693;175 450;A01;2;7;6;0;1;1;1;
22668;202100014694;175 449;A01;3;7;6;0;1;1;1;
22669;202100014695;175 448;A01;2;7;0;2;1;1;1;
22670;202100014696;175 446;B01;0;10;0;2;3;1;1;
22671;202100014696;175 447;A01;0;7;0;2;1;13;1;
22672;202100014697;175 444;A01;3;2;16;0;1;21;1;
22673;202100014697;175 445;B01;3;7;0;0;0;0;1;
22674;202100014698;175 443;A01;1;7;2;0;1;2;1;
22675;202100014699;175 440;A01;1;17;0;2;1;1;1;
22676;202100014699;175 441;B01;2;3;0;2;1;13;1;
22677;202100014700;175 437;B01;2;7;0;2;8;1;1;
22678;202100014700;175 438;C01;2;7;0;2;3;1;1;
22679;202100014700;175 439;A01;1;7;16;2;3;13;1;
22680;202100014701;175 435;B01;2;17;0;2;3;1;1;
22681;202100014701;175 436;A01;1;7;0;2;3;13;1;
22682;202100014702;175 431;B01;1;7;0;2;2;2;1;
22683;202100014702;175 432;A01;1;7;4;2;6;11;1;
22684;202100014703;175 429;A01;1;15;0;0;5;1;0;
22685;202100014703;175 430;B01;1;17;0;2;3;1;1;
22686;202100014704;175 428;A01;1;50;0;0;2;1;3;
22687;202100014705;175 427;A01;1;7;0;1;3;15;6;
22688;202100014706;175 426;A01;2;7;0;1;2;23;1;
22689;202100014707;175 424;A01;1;33;0;2;9;13;1;
22690;202100014707;175 425;B01;2;10;0;2;3;1;1;
22691;202100014708;175 422;B01;1;33;0;2;7;1;1;
22692;202100014708;175 423;A01;1;7;0;2;3;11;1;
22693;202100014709;175 420;B01;2;13;0;2;3;1;1;
22694;202100014709;175 421;A01;1;7;0;2;3;13;1;
22695;202100014710;175 418;A01;1;7;0;2;1;1;1;
22696;202100014710;175 419;B01;1;1;0;2;4;1;5;
22697;202100014711;175 417;A01;2;10;0;1;1;1;1;
22698;202100014712;175 416;A01;2;33;3;0;2;1;1;
22699;202100014713;175 415;A01;3;7;0;0;0;1;1;
22700;202100014714;175 414;A01;1;2;0;0;0;1;1;
22701;202100014715;175 412;B01;3;31;0;2;1;1;1;
22702;202100014715;175 413;A01;3;7;0;2;2;15;1;
22703;202100014716;175 410;A01;1;33;0;2;1;17;1;
22704;202100014716;175 411;B01;1;7;0;2;8;15;1;
22705;202100014717;175 408;A01;1;7;3;2;8;19;1;
22706;202100014717;175 409;B01;1;7;0;2;3;19;1;
22707;202100014718;175 405;A01;1;7;0;2;1;1;1;
22708;202100014718;175 406;B01;1;7;0;2;4;23;1;
22709;202100014718;175 407;C01;1;7;0;2;4;23;1;
22710;202100014719;175 404;A01;2;7;0;0;0;1;1;
22711;202100014720;175 403;A01;2;7;0;0;0;24;1;
22712;202100014721;175 402;A01;1;7;4;0;9;26;1;
22713;202100014722;175 399;A01;1;7;0;2;4;2;1;
22714;202100014722;175 400;B01;1;7;0;2;4;2;1;
22715;202100014722;175 401;C01;1;13;0;2;1;2;1;
22716;202100014723;175 397;A01;2;7;0;2;2;17;1;
22717;202100014723;175 398;B01;2;38;0;2;3;1;1;1.0
22718;202100014724;175 395;B01;1;7;0;2;1;2;3;
22719;202100014724;175 396;A01;1;32;0;2;4;2;1;
22720;202100014725;175 393;B01;1;7;0;2;4;1;1;
22721;202100014725;175 394;A01;1;7;0;2;1;1;1;
22722;202100014727;175 388;C01;2;7;4;2;1;1;1;
22723;202100014727;175 389;A01;2;10;0;2;7;14;1;
22724;202100014727;175 390;B01;2;7;0;2;8;1;1;
22725;202100014728;175 386;B01;1;7;3;0;1;13;1;
22726;202100014728;175 387;A01;1;17;0;2;2;21;1;
22727;202100014729;175 383;A01;1;17;0;2;2;2;1;
22728;202100014729;175 384;B01;1;7;0;2;4;2;1;
22729;202100014729;175 385;C01;1;7;0;2;5;2;1;
22730;202100014730;175 381;A01;1;7;0;2;2;0;1;
22731;202100014730;175 382;B01;1;31;6;0;3;0;1;
22732;202100014732;175 375;B01;1;7;0;2;4;1;1;
22733;202100014732;175 376;A01;1;7;0;2;1;1;1;
22734;202100014733;175 373;B01;2;7;4;2;2;1;1;
22735;202100014733;175 374;A01;2;7;3;2;3;18;1;
22736;202100014734;175 372;A01;1;7;0;0;0;26;1;
22737;202100014735;175 370;B01;2;7;0;2;4;1;1;
22738;202100014735;175 371;A01;2;33;0;2;1;3;1;
22739;202100014736;175 368;B01;2;7;0;2;4;1;1;
22740;202100014736;175 369;A01;2;34;0;2;1;3;1;
22741;202100014737;175 366;B01;2;7;0;2;4;11;1;
22742;202100014737;175 367;A01;2;43;0;2;1;3;1;
22743;202100014738;175 364;B01;1;33;0;2;8;2;1;
22744;202100014738;175 365;A01;1;7;0;2;0;12;1;
22745;202100014739;175 362;A01;2;15;0;0;0;26;1;
22746;202100014739;175 363;B01;2;7;0;0;0;0;1;
22747;202100014740;175 360;A01;2;10;0;2;1;2;1;
22748;202100014740;175 361;B01;2;7;0;2;4;2;1;
22749;202100014741;175 359;A01;1;7;4;0;9;26;1;
22750;202100014742;175 357;B01;1;10;0;2;4;1;1;
22751;202100014742;175 358;A01;1;33;0;2;9;1;1;
22752;202100014743;175 355;B01;2;33;0;2;2;2;1;
22753;202100014743;175 356;A01;2;7;0;2;3;11;1;
22754;202100014744;175 353;A01;2;10;0;2;4;11;1;
22755;202100014744;175 354;B01;2;33;0;2;1;3;1;
22756;202100014745;175 352;A01;2;33;0;2;0;3;0;
22757;202100014746;175 350;A01;2;17;0;2;2;12;1;
22758;202100014746;175 351;B01;2;7;0;2;6;1;1;
22759;202100014747;175 348;A01;2;7;2;2;8;12;1;
22760;202100014747;175 349;B01;2;14;0;2;2;12;1;
22761;202100014748;175 346;A01;1;10;0;2;4;1;1;
22762;202100014748;175 347;B01;1;10;0;2;4;1;1;
22763;202100014749;175 345;A01;0;0;0;1;0;0;-1;
22764;202100014750;175 344;A01;1;7;0;1;3;1;3;
22765;202100014751;175 343;A01;3;7;0;1;0;15;1;
22766;202100014752;175 342;A01;3;7;0;1;4;20;1;
22767;202100014753;175 341;A01;2;7;0;1;3;1;1;
22768;202100014754;175 338;A01;1;33;0;2;1;2;1;
22769;202100014754;175 339;B01;1;33;0;2;4;1;1;
22770;202100014754;175 340;C01;1;7;0;2;6;1;1;
22771;202100014755;175 336;A01;3;10;0;2;3;15;1;
22772;202100014755;175 337;B01;1;30;0;2;1;2;1;
22773;202100014756;175 335;A01;3;32;15;0;1;17;1;
22774;202100014757;175 334;A01;2;30;0;0;1;14;1;
22775;202100014758;175 333;A01;1;2;0;0;0;1;1;
22776;202100014759;175 331;A01;1;7;0;2;2;10;1;
22777;202100014759;175 332;B01;1;37;0;2;2;1;1;1.0
22778;202100014761;175 328;B01;1;30;0;2;4;1;1;
22779;202100014761;175 329;A01;1;7;0;2;3;15;1;
22780;202100014762;175 326;B01;1;2;0;2;3;1;1;
22781;202100014762;175 327;A01;1;7;0;2;7;12;1;
22782;202100014764;175 323;A01;1;7;0;1;1;16;1;
22783;202100014765;175 322;A01;1;7;0;1;3;1;1;
22784;202100014766;175 319;A01;2;1;0;2;7;19;5;
22785;202100014766;175 320;C01;2;7;0;2;2;13;1;
22786;202100014766;175 321;B01;2;7;0;2;2;21;1;
22787;202100014767;175 318;A01;1;7;0;1;1;1;1;
22788;202100014768;175 317;A01;3;7;0;1;1;1;1;
22789;202100014769;175 316;A01;3;7;0;1;8;15;1;
22790;202100014770;175 314;B01;1;1;0;2;7;1;5;
22791;202100014770;175 315;A01;1;7;0;2;8;9;1;
22792;202100014772;175 310;A01;1;7;0;2;1;2;1;
22793;202100014772;175 311;B01;1;1;0;2;4;2;5;
22794;202100014774;175 306;B01;2;2;0;2;1;1;1;
22795;202100014774;175 307;A01;2;7;0;2;4;20;1;
22796;202100014775;175 305;A01;1;7;0;0;0;26;1;
22797;202100014776;175 303;B01;1;33;0;2;1;17;1;
22798;202100014776;175 304;A01;1;7;0;2;8;15;1;
22799;202100014777;175 299;A01;3;7;0;2;4;1;0;
22800;202100014777;175 300;D01;3;7;0;2;1;2;1;
22801;202100014777;175 301;C01;3;7;0;2;4;2;1;
22802;202100014777;175 302;B01;3;7;0;2;4;2;1;
22803;202100014778;175 297;A01;3;7;0;2;1;26;3;
22804;202100014778;175 298;B01;3;7;0;2;3;26;1;
22805;202100014779;175 291;B01;3;7;0;2;1;1;1;
22806;202100014779;175 292;A01;3;3;0;2;1;13;1;
22807;202100014780;175 289;B01;1;7;0;2;3;15;1;
22808;202100014780;175 290;A01;2;33;0;2;1;1;1;
22809;202100014781;175 287;A01;2;7;0;2;1;15;1;
22810;202100014781;175 288;B01;2;7;0;2;1;1;1;
22811;202100014782;175 286;A01;1;7;0;1;3;1;1;
22812;202100014783;175 285;A01;1;7;0;1;1;1;1;
22813;202100014784;175 283;A01;2;7;0;2;1;15;1;
22814;202100014784;175 284;B01;1;2;0;2;1;1;1;
22815;202100014785;175 282;A01;0;7;0;1;1;1;1;
22816;202100014786;175 280;B01;1;7;0;2;4;2;1;
22817;202100014786;175 281;A01;1;7;0;2;1;2;1;
22818;202100014788;175 276;A01;2;7;0;1;3;1;1;
22819;202100014789;175 275;A01;1;7;0;1;1;1;1;
22820;202100014790;175 273;B01;1;2;0;2;7;1;1;
22821;202100014790;175 274;A01;1;7;0;2;1;15;0;
22822;202100014791;175 271;A01;2;7;0;2;1;2;1;
22823;202100014791;175 272;B01;2;7;0;2;4;23;1;
22824;202100014792;175 269;B01;3;7;0;9;1;15;1;
22825;202100014792;175 270;A01;3;1;0;2;1;19;0;
22826;202100014793;175 267;B01;2;7;0;2;2;1;1;
22827;202100014793;175 268;A01;1;7;14;2;1;6;1;
22828;202100014794;175 266;A01;1;10;0;1;3;1;1;
22829;202100014795;175 265;A01;1;10;0;1;1;1;1;
22830;202100014796;175 261;B01;1;7;0;2;3;1;1;
22831;202100014796;175 262;A01;1;1;0;2;1;19;5;
22832;202100014797;175 257;B01;2;7;0;2;4;2;1;
22833;202100014797;175 258;D01;2;7;0;2;4;2;1;
22834;202100014797;175 259;A01;2;10;0;2;1;2;1;
22835;202100014797;175 260;C01;2;7;0;2;4;2;1;
22836;202100014798;175 255;A01;1;31;0;2;8;2;1;
22837;202100014798;175 256;B01;2;7;0;2;2;23;1;
22838;202100014799;175 252;A01;1;7;0;2;1;11;1;
22839;202100014799;175 253;B01;1;7;0;2;1;1;1;
22840;202100014799;175 254;C01;1;7;0;2;4;1;1;
22841;202100014800;175 250;A01;1;30;0;2;7;12;1;
22842;202100014800;175 251;B01;1;37;0;2;6;1;3;1.0
22843;202100014801;175 248;A01;2;1;0;2;1;2;5;
22844;202100014801;175 249;B01;2;50;0;2;1;1;3;
22845;202100014802;175 246;A01;1;7;0;2;1;1;2;
22846;202100014802;175 247;B01;2;1;0;2;1;5;5;
22847;202100014803;175 244;A01;1;7;0;2;1;2;1;
22848;202100014803;175 245;B01;1;7;0;2;4;23;1;
22849;202100014804;175 243;A01;1;34;0;1;1;1;1;
22850;202100014805;175 242;A01;0;99;0;1;2;26;1;
22851;202100014806;175 241;A01;3;7;8;0;2;14;1;
22852;202100014807;175 235;B01;2;7;0;2;1;23;1;
22853;202100014807;175 236;A01;1;7;0;2;1;5;1;
22854;202100014808;175 233;A01;2;7;0;2;7;13;1;
22855;202100014808;175 234;B01;1;7;0;2;1;1;1;
22856;202100014809;175 232;A01;1;7;10;0;3;1;1;
22857;202100014811;175 228;B01;1;7;0;2;4;2;1;
22858;202100014811;175 229;A01;1;7;0;2;1;2;1;
22859;202100014812;175 226;A01;1;7;0;2;2;15;1;
22860;202100014812;175 227;B01;1;1;0;2;1;2;5;
22861;202100014813;175 224;B01;0;7;1;2;0;0;1;
22862;202100014813;175 225;A01;0;13;0;2;2;26;0;
22863;202100014814;175 223;A01;2;7;1;1;3;15;1;
22864;202100014815;175 222;A01;2;14;0;1;3;15;1;
22865;202100014816;175 221;A01;3;10;0;1;5;1;1;
22866;202100014817;175 219;B01;1;2;0;2;1;1;1;
22867;202100014817;175 220;A01;1;7;0;2;3;26;1;
22868;202100014818;175 217;B01;1;7;0;2;2;2;1;
22869;202100014818;175 218;A01;1;2;0;2;3;2;1;
22870;202100014819;175 215;A01;3;32;0;2;8;1;0;
22871;202100014819;175 216;B01;3;7;0;2;1;16;1;
22872;202100014820;175 213;A01;2;7;0;2;1;15;1;
22873;202100014820;175 214;B01;1;7;9;2;3;1;1;
22874;202100014821;175 212;A01;3;33;15;0;2;1;1;
22875;202100014822;175 211;A01;3;32;0;0;0;1;1;
22876;202100014823;175 209;B01;2;7;0;2;4;2;1;
22877;202100014823;175 210;A01;2;30;0;2;1;11;1;
22878;202100014824;175 208;A01;1;7;0;1;1;1;1;
22879;202100014825;175 206;B01;1;7;0;2;3;1;1;
22880;202100014825;175 207;A01;1;34;15;2;1;19;1;
22881;202100014826;175 205;A01;2;33;14;0;1;1;1;
22882;202100014827;175 203;A01;2;2;0;2;1;2;1;
22883;202100014827;175 204;B01;2;2;0;2;1;2;1;
22884;202100014828;175 201;A01;2;43;0;2;8;3;1;
22885;202100014828;175 202;B01;2;7;0;2;7;1;1;