;Num_Acc;id_vehicule;num_veh;senc;catv;obs;obsm;choc;manv;motor;occutc
22886;202100014829;175 199;B01;2;32;0;2;1;1;3;
22887;202100014829;175 200;A01;2;7;8;2;8;15;1;
22888;202100014830;175 198;A01;1;50;0;1;3;1;3;
22889;202100014831;175 196;B01;1;1;0;2;0;19;5;
22890;202100014831;175 197;A01;1;32;0;2;7;7;1;
22891;202100014832;175 195;Z01;1;30;0;1;1;17;0;
22892;202100014833;175 193;A01;2;1;0;2;1;21;5;
22893;202100014833;175 194;Z01;2;7;0;2;3;13;0;
22894;202100014834;175 192;A01;1;30;0;1;0;1;1;
22895;202100014835;175 190;B01;1;2;0;2;3;15;3;
22896;202100014835;175 191;A01;1;7;0;2;2;1;1;
22897;202100014836;175 188;B01;2;60;0;2;0;19;5;
22898;202100014836;175 189;A01;2;30;0;2;1;1;1;
22899;202100014837;175 186;B01;3;43;0;2;1;1;1;
22900;202100014837;175 187;A01;3;7;0;2;8;10;2;
22901;202100014838;175 184;B01;2;31;0;2;1;1;1;
22902;202100014838;175 185;A01;1;10;0;2;6;15;1;
22903;202100014839;175 183;A01;2;14;0;1;2;1;1;
22904;202100014840;175 182;A01;1;7;0;1;1;15;1;
22905;202100014841;175 181;Z01;2;30;0;1;0;1;0;
22906;202100014842;175 180;A01;2;7;0;1;7;16;2;
22907;202100014844;175 176;B01;2;1;0;2;8;1;5;
22908;202100014844;175 177;A01;1;7;0;2;1;15;1;
22909;202100014846;175 172;A01;2;7;0;2;2;15;1;
22910;202100014846;175 173;B01;1;7;0;0;6;1;1;
22911;202100014847;175 169;C01;0;7;0;2;4;2;1;
22912;202100014847;175 170;B01;0;7;0;2;4;2;1;
22913;202100014847;175 171;A01;0;10;0;2;1;2;1;
22914;202100014848;175 167;B01;1;7;0;2;3;24;1;
22915;202100014848;175 168;A01;1;7;1;0;2;2;1;
22916;202100014849;175 166;A01;1;32;0;1;1;1;1;
22917;202100014850;175 165;A01;2;7;0;1;1;19;1;
22918;202100014851;175 164;A01;1;7;0;1;2;1;1;
22919;202100014852;175 163;A01;2;1;14;0;1;26;5;
22920;202100014853;175 162;A01;3;7;0;1;1;1;1;
22921;202100014854;175 159;A01;3;7;0;2;1;2;1;
22922;202100014854;175 160;C01;3;7;0;2;4;2;1;
22923;202100014854;175 161;B01;3;7;0;2;4;2;1;
22924;202100014855;175 157;A01;1;7;0;2;4;2;1;
22925;202100014855;175 158;B01;1;33;0;2;1;2;1;
22926;202100014856;175 155;A01;-1;10;0;0;3;26;0;
22927;202100014856;175 156;B01;-1;34;0;2;1;1;0;
22928;202100014857;175 154;A01;3;10;0;1;1;1;1;
22929;202100014858;175 153;A01;2;34;0;1;7;26;1;
22930;202100014859;175 151;B01;1;1;0;2;3;0;5;
22931;202100014859;175 152;A01;1;7;0;0;2;23;1;
22932;202100014860;175 150;A01;2;30;0;1;8;14;1;
22933;202100014861;175 148;B01;2;7;0;0;3;0;1;
22934;202100014861;175 149;A01;1;30;0;2;3;1;3;
22935;202100014862;175 146;B01;3;7;0;2;4;1;1;
22936;202100014862;175 147;A01;3;7;0;2;4;12;1;
22937;202100014863;175 144;B01;0;7;0;2;5;15;1;
22938;202100014863;175 145;A01;0;7;0;2;1;15;1;
22939;202100014864;175 142;A01;0;7;0;2;1;26;1;
22940;202100014864;175 143;B01;0;7;0;2;4;23;1;
22941;202100014865;175 140;B01;2;2;0;2;2;13;1;
22942;202100014865;175 141;A01;2;7;0;2;3;15;1;
22943;202100014866;175 138;A01;1;7;0;2;8;1;1;
22944;202100014866;175 139;B01;1;7;0;2;1;1;1;
22945;202100014867;175 136;A01;1;30;0;2;1;26;1;
22946;202100014867;175 137;B01;1;33;0;2;4;1;1;
22947;202100014868;175 135;A01;1;30;0;0;0;1;1;
22948;202100014869;175 134;A01;2;32;0;0;0;1;1;
22949;202100014870;175 132;A01;1;7;0;2;5;1;1;
22950;202100014870;175 133;B01;1;1;0;2;1;2;5;
22951;202100014872;175 129;A01;1;33;0;1;1;1;1;
22952;202100014873;175 127;B01;1;7;0;2;4;26;1;
22953;202100014873;175 128;A01;1;37;0;2;1;26;1;3.0
22954;202100014874;175 125;A01;2;10;0;2;3;15;1;
22955;202100014874;175 126;B01;2;33;0;2;2;0;1;
22956;202100014875;175 123;B01;1;15;0;0;6;1;1;
22957;202100014875;175 124;A01;1;7;0;2;1;2;6;
22958;202100014876;175 122;A01;1;7;13;0;3;1;1;
22959;202100014877;175 120;B01;3;1;0;2;8;15;5;
22960;202100014877;175 121;A01;3;33;0;2;7;21;1;
22961;202100014878;175 119;A01;1;7;2;0;8;1;1;
22962;202100014879;175 118;A01;2;7;0;0;0;1;1;
22963;202100014880;175 116;A01;1;2;0;2;8;1;1;
22964;202100014880;175 117;B01;2;7;0;2;6;15;1;
22965;202100014881;175 114;B01;1;7;0;2;3;1;1;
22966;202100014881;175 115;A01;2;7;0;2;3;13;1;
22967;202100014882;175 112;A01;1;7;0;2;2;2;1;
22968;202100014882;175 113;B01;1;1;0;0;4;2;5;
22969;202100014883;175 110;B01;1;7;0;2;1;1;1;
22970;202100014883;175 111;A01;2;7;0;2;1;13;1;
22971;202100014884;175 108;A01;2;10;0;2;3;15;1;
22972;202100014884;175 109;B01;1;33;0;2;1;1;1;
22973;202100014885;175 106;A01;1;7;0;2;1;13;1;
22974;202100014885;175 107;B01;2;7;0;2;1;1;1;
22975;202100014887;175 101;A01;2;10;0;2;1;1;1;
22976;202100014887;175 102;B01;1;7;0;2;1;17;1;
22977;202100014888;175 100;A01;1;7;0;1;2;1;1;
22978;202100014889;175 098;A01;2;7;0;2;2;23;1;
22979;202100014889;175 099;B01;2;7;0;2;6;2;1;
22980;202100014890;175 096;A01;1;2;0;2;1;13;1;
22981;202100014890;175 097;B01;2;10;0;2;3;1;1;
22982;202100014891;175 094;A01;1;7;0;0;7;1;1;
22983;202100014891;175 095;B01;3;50;0;2;1;1;3;
22984;202100014892;175 092;A01;1;2;0;2;1;5;1;
22985;202100014892;175 093;B01;2;10;0;2;3;5;1;
22986;202100014893;175 090;B01;1;7;0;9;3;17;1;
22987;202100014893;175 091;A01;2;1;0;2;3;1;5;
22988;202100014894;175 088;A01;1;7;0;2;1;2;1;
22989;202100014894;175 089;B01;1;21;0;0;4;1;1;
22990;202100014895;175 087;A01;2;7;13;0;1;0;1;
22991;202100014896;175 086;A01;2;7;16;0;0;6;1;
22992;202100014897;175 084;A01;1;10;0;2;3;1;1;
22993;202100014897;175 085;B01;2;7;0;2;3;1;1;
22994;202100014899;175 081;B01;2;33;0;2;1;1;1;
22995;202100014899;175 082;A01;1;7;0;2;3;15;1;
22996;202100014900;175 080;A01;2;7;0;1;3;2;1;
22997;202100014901;175 078;A01;0;7;0;2;2;15;1;
22998;202100014901;175 079;B01;0;7;0;0;5;1;1;
22999;202100014902;175 077;A01;1;33;0;0;0;1;1;
23000;202100014903;175 075;A01;2;7;0;2;1;9;1;
23001;202100014903;175 076;B01;1;50;0;2;1;26;3;
23002;202100014904;175 074;A01;1;7;6;0;2;0;1;
23003;202100014906;175 070;C01;1;7;0;2;1;1;1;
23004;202100014906;175 071;B01;1;7;0;2;1;1;1;
23005;202100014906;175 072;A01;1;7;0;2;2;19;1;
23006;202100014907;175 069;A01;1;7;5;0;1;1;1;
23007;202100014908;175 066;C01;2;7;0;0;4;1;1;
23008;202100014908;175 067;B01;2;7;0;2;4;1;1;
23009;202100014908;175 068;A01;2;7;0;2;1;2;1;
23010;202100014909;175 065;A01;2;7;13;0;9;1;1;
23011;202100014910;175 063;B01;2;7;0;2;8;1;1;
23012;202100014910;175 064;A01;1;7;0;2;8;1;1;
23013;202100014911;175 061;A01;1;7;0;2;3;13;1;
23014;202100014911;175 062;B01;2;7;0;2;3;1;1;
23015;202100014912;175 059;A01;1;7;0;0;7;1;1;
23016;202100014912;175 060;B01;1;1;0;0;8;1;5;
23017;202100014913;175 057;B01;3;7;0;2;3;1;1;
23018;202100014913;175 058;A01;3;2;0;2;1;1;1;
23019;202100014914;175 055;B01;2;1;0;0;6;1;5;
23020;202100014914;175 056;A01;2;7;0;2;2;1;1;
23021;202100014915;175 054;A01;3;2;2;0;0;0;1;
23022;202100014917;175 051;A01;1;7;1;0;1;21;1;
23023;202100014918;175 049;A01;0;7;0;2;3;9;1;
23024;202100014918;175 050;B01;2;2;0;2;9;1;1;
23025;202100014919;175 048;A01;2;7;13;0;1;1;1;
23026;202100014920;175 044;A01;2;7;0;0;9;1;1;
23027;202100014921;175 041;A01;1;10;0;2;1;2;1;
23028;202100014921;175 042;B01;1;7;0;2;4;2;1;
23029;202100014921;175 043;C01;1;10;0;2;4;2;1;
23030;202100014922;175 039;A01;2;7;0;2;1;1;1;
23031;202100014922;175 040;B01;2;14;0;0;4;24;1;
23032;202100014923;175 037;B01;2;10;0;2;2;1;1;
23033;202100014923;175 038;A01;2;10;0;2;2;26;1;
23034;202100014924;175 035;A01;2;7;0;2;5;2;1;
23035;202100014924;175 036;B01;2;33;0;2;1;3;1;
23036;202100014925;175 034;A01;1;7;4;0;1;17;1;
23037;202100014926;175 033;A01;2;7;4;0;1;1;1;
23038;202100014927;175 031;A01;1;7;0;2;2;12;1;
23039;202100014927;175 032;B01;1;33;0;2;3;3;1;
23040;202100014928;175 028;C01;2;7;0;2;4;2;1;
23041;202100014928;175 029;B01;2;10;0;2;4;2;1;
23042;202100014928;175 030;A01;2;7;0;2;1;2;1;
23043;202100014930;175 024;A01;2;7;0;2;4;1;1;
23044;202100014930;175 025;B01;2;7;0;2;1;1;1;
23045;202100014931;175 022;A01;3;7;0;2;4;2;1;
23046;202100014931;175 023;B01;3;7;0;2;1;11;1;
23047;202100014932;175 021;A01;1;7;0;1;1;15;6;
23048;202100014933;175 018;A01;3;7;0;1;2;1;1;
23049;202100014934;175 017;A01;3;7;0;1;1;15;1;
23050;202100014935;175 014;A01;1;7;0;1;2;1;1;
23051;202100014936;175 013;A01;1;7;0;1;2;1;1;
23052;202100014937;175 012;A01;1;33;8;0;0;26;1;
23053;202100014938;175 011;A01;1;10;0;0;2;1;1;
23054;202100014939;175 010;A01;1;50;0;0;1;1;3;
23055;202100014940;175 007;A01;2;10;0;1;1;15;1;
23056;202100014941;174 997;A01;2;7;0;0;0;26;1;
23057;202100014941;174 998;B01;2;32;0;0;0;21;1;
23058;202100014942;174 995;A01;2;33;3;2;8;17;1;
23059;202100014942;174 996;B01;2;21;0;0;6;15;1;
23060;202100014943;174 993;B01;1;7;0;2;4;1;1;
23061;202100014943;174 994;A01;1;7;0;2;1;1;1;
23062;202100014944;174 991;B01;1;30;0;2;5;2;1;
23063;202100014944;174 992;A01;1;7;0;2;2;26;1;
23064;202100014945;174 989;B01;2;33;0;2;1;17;1;
23065;202100014945;174 990;A01;1;7;0;2;1;15;1;
23066;202100014946;174 988;A01;1;7;6;0;1;1;1;
23067;202100014947;174 987;A01;3;7;0;1;1;1;1;
23068;202100014948;174 985;Z01;1;7;0;2;2;13;2;
23069;202100014948;174 986;B01;2;30;0;2;1;1;1;
23070;202100014949;174 984;A01;2;31;0;0;8;14;1;
23071;202100014950;174 982;A01;0;2;0;2;9;19;1;
23072;202100014950;174 983;B01;0;7;0;2;7;1;1;
23073;202100014951;174 980;A01;1;7;0;2;7;9;1;
23074;202100014951;174 981;B01;2;7;0;2;1;1;1;
23075;202100014952;174 979;A01;3;7;9;1;1;1;1;
23076;202100014953;174 978;A01;1;50;0;0;0;11;3;
23077;202100014954;174 976;B01;3;40;0;2;2;1;3;
23078;202100014954;174 977;A01;1;7;0;4;1;1;1;
23079;202100014955;174 974;B01;2;7;0;0;6;1;1;
23080;202100014955;174 975;A01;2;7;0;2;1;1;1;
23081;202100014956;174 973;A01;1;10;0;1;3;2;1;
23082;202100014957;174 971;A01;1;7;0;2;3;1;1;
23083;202100014957;174 972;B01;1;7;0;2;3;1;1;
23084;202100014958;174 969;A01;1;7;0;2;8;11;1;
23085;202100014958;174 970;B01;1;33;0;2;7;1;1;
23086;202100014959;174 966;C01;2;7;0;2;1;1;1;
23087;202100014959;174 967;B01;1;7;0;2;1;1;1;
23088;202100014959;174 968;A01;1;7;0;2;3;9;1;
23089;202100014960;174 964;A01;1;7;0;2;8;11;1;
23090;202100014960;174 965;B01;1;7;0;2;1;1;1;
23091;202100014961;174 961;B01;2;7;0;2;2;1;1;
23092;202100014961;174 962;C01;1;10;0;2;8;23;1;
23093;202100014961;174 963;A01;2;7;0;2;3;9;1;
23094;202100014962;174 959;B01;1;7;0;2;4;23;1;
23095;202100014962;174 960;A01;1;10;0;2;1;1;1;
23096;202100014963;174 958;A01;3;7;8;1;8;2;1;
23097;202100014964;174 956;A01;2;30;0;2;1;18;1;
23098;202100014964;174 957;B01;1;7;0;2;2;15;1;
23099;202100014965;174 955;A01;1;7;1;0;2;1;1;
23100;202100014966;174 953;B01;2;7;0;2;4;2;0;
23101;202100014966;174 954;A01;2;7;0;2;1;2;1;
23102;202100014967;174 952;A01;1;7;0;1;1;1;1;
23103;202100014968;174 950;B01;3;34;0;2;3;1;1;
23104;202100014968;174 951;A01;3;7;0;2;3;1;1;
23105;202100014969;174 948;A01;1;30;0;2;2;17;1;
23106;202100014969;174 949;B01;1;7;0;2;3;1;1;
23107;202100014970;174 945;A01;3;10;0;2;0;2;1;
23108;202100014970;174 946;B01;3;32;0;2;0;2;1;
23109;202100014970;174 947;C01;3;7;0;2;0;2;1;
23110;202100014971;174 943;A01;1;7;0;2;3;11;1;
23111;202100014971;174 944;B01;1;32;0;2;7;1;1;
23112;202100014972;174 942;A01;1;7;0;1;3;1;1;
23113;202100014973;174 940;B01;1;7;0;2;1;1;1;
23114;202100014973;174 941;A01;2;7;0;2;1;13;1;
23115;202100014974;174 938;B01;3;7;0;2;3;26;1;
23116;202100014974;174 939;A01;1;7;0;2;2;1;1;
23117;202100014975;174 935;C01;2;7;0;2;4;2;1;
23118;202100014975;174 936;B01;2;7;0;2;4;2;1;
23119;202100014975;174 937;A01;2;10;0;2;1;2;1;
23120;202100014976;174 934;A01;1;30;0;0;0;21;1;
23121;202100014977;174 933;A01;3;30;0;0;0;9;1;
23122;202100014978;174 932;Z01;1;7;0;1;0;17;0;
23123;202100014979;174 930;B01;1;7;0;2;5;23;1;
23124;202100014979;174 931;A01;1;37;0;2;2;1;1;1.0
23125;202100014980;174 929;A01;1;7;0;1;3;1;1;
23126;202100014981;174 927;A01;2;15;0;2;1;2;1;
23127;202100014981;174 928;B01;2;7;0;2;4;2;1;
23128;202100014982;174 925;A01;3;7;0;2;3;16;1;
23129;202100014982;174 926;B01;3;1;0;2;0;0;5;
23130;202100014983;174 923;B01;2;1;0;2;1;1;5;
23131;202100014983;174 924;A01;2;7;0;2;7;1;1;
23132;202100014984;174 921;A01;2;7;0;2;8;15;1;
23133;202100014984;174 922;B01;2;30;0;2;7;17;1;
23134;202100014985;174 920;A01;1;7;0;1;2;1;1;
23135;202100014986;174 918;B01;1;32;0;2;1;1;1;
23136;202100014986;174 919;A01;2;7;0;2;3;15;1;
23137;202100014987;174 917;A01;2;30;0;0;3;1;1;
23138;202100014988;174 916;A01;0;7;14;0;1;1;1;
23139;202100014989;174 912;C01;0;7;0;2;1;1;1;
23140;202100014989;174 913;B01;0;7;0;2;4;1;1;
23141;202100014989;174 914;A01;0;7;0;2;1;1;1;
23142;202100014989;174 915;D01;0;7;0;2;4;1;1;
23143;202100014990;174 911;A01;0;30;0;1;1;1;1;
23144;202100014991;174 910;A01;3;32;0;0;0;26;3;
23145;202100014992;174 908;B01;2;31;0;2;1;1;1;
23146;202100014992;174 909;A01;1;7;0;2;8;9;1;
23147;202100014993;174 902;B01;3;2;0;0;7;1;1;
23148;202100014993;174 903;A01;3;7;0;2;0;15;1;
23149;202100014994;174 900;A01;3;17;0;2;3;1;1;
23150;202100014994;174 901;B01;3;10;0;2;3;5;1;
23151;202100014995;174 899;A01;0;10;0;1;2;2;1;
23152;202100014996;174 898;A01;2;7;12;1;1;19;1;
23153;202100014997;174 896;B01;2;30;0;2;2;1;1;
23154;202100014997;174 897;A01;1;7;0;2;1;5;1;
23155;202100014998;174 894;B01;2;30;0;2;3;1;1;
23156;202100014998;174 895;A01;1;10;0;2;1;15;1;
23157;202100014999;174 892;B01;3;1;0;2;0;1;5;
23158;202100014999;174 893;A01;3;17;0;2;1;16;1;
23159;202100015000;174 891;A01;0;7;0;1;1;26;1;
23160;202100015001;174 890;A01;1;7;2;0;3;13;1;
23161;202100015002;174 888;B01;1;7;1;0;6;1;1;
23162;202100015002;174 889;A01;1;30;0;2;1;1;1;
23163;202100015003;174 886;B01;3;7;0;2;1;1;0;
23164;202100015003;174 887;A01;3;7;14;2;2;21;1;
23165;202100015004;174 884;B01;1;7;0;2;3;1;1;
23166;202100015004;174 885;A01;2;7;0;2;1;15;1;
23167;202100015005;174 881;C01;1;7;0;2;4;1;1;
23168;202100015005;174 882;B01;1;7;0;2;1;1;1;
23169;202100015005;174 883;A01;1;7;0;2;1;1;1;
23170;202100015007;174 878;A01;1;7;0;1;3;1;1;
23171;202100015008;174 877;A01;1;7;2;0;1;13;1;
23172;202100015009;174 875;A01;1;7;0;2;1;13;1;
23173;202100015009;174 876;B01;2;7;0;2;2;1;1;
23174;202100015010;174 873;B01;2;7;1;2;1;1;1;
23175;202100015010;174 874;A01;1;7;9;2;2;1;1;
23176;202100015011;174 871;A01;1;7;0;2;3;10;1;
23177;202100015011;174 872;B01;2;50;0;2;1;1;3;
23178;202100015013;174 869;A01;2;7;6;0;1;15;1;
23179;202100015014;174 867;B01;0;7;0;2;1;9;1;
23180;202100015014;174 868;A01;2;2;0;2;1;17;1;
23181;202100015015;174 865;B01;3;2;0;2;1;1;1;
23182;202100015015;174 866;A01;3;10;0;2;2;15;1;
23183;202100015018;174 861;A01;3;2;0;0;1;1;3;
23184;202100015019;174 859;B01;1;7;0;2;6;2;1;
23185;202100015019;174 860;A01;1;7;0;2;2;2;1;
23186;202100015020;174 857;A01;3;7;0;2;3;16;1;
23187;202100015020;174 858;B01;3;50;0;2;3;2;3;
23188;202100015021;174 855;B01;3;10;0;2;4;2;1;
23189;202100015021;174 856;A01;2;7;0;2;1;26;1;
23190;202100015022;174 853;A01;1;7;0;2;1;15;1;
23191;202100015022;174 854;B01;2;1;0;2;1;1;0;
23192;202100015023;174 851;A01;3;7;0;2;3;26;1;
23193;202100015023;174 852;B01;3;10;0;2;2;26;1;
23194;202100015024;174 850;A01;3;14;0;1;8;0;1;
23195;202100015025;174 849;A01;1;7;0;0;3;1;1;
23196;202100015026;174 848;A01;3;7;0;1;1;1;1;
23197;202100015027;174 847;A01;1;7;0;1;1;9;1;
23198;202100015028;174 846;A01;1;7;6;0;1;26;1;
23199;202100015029;174 844;A01;1;7;0;2;1;1;1;
23200;202100015029;174 845;B01;1;1;0;2;7;19;5;
23201;202100015030;174 841;A01;1;7;0;2;1;13;1;
23202;202100015030;174 842;B01;2;7;0;2;1;1;1;
23203;202100015030;174 843;C01;2;10;0;2;1;1;1;
23204;202100015031;174 839;B01;3;7;1;2;2;1;1;
23205;202100015031;174 840;A01;3;7;0;2;1;1;1;
23206;202100015032;174 837;A01;2;30;0;2;1;2;1;
23207;202100015032;174 838;B01;2;7;0;2;4;15;1;
23208;202100015033;174 836;A01;2;33;3;0;8;13;1;
23209;202100015034;174 834;B01;2;7;0;2;5;1;1;
23210;202100015034;174 835;A01;1;7;0;2;1;9;3;
23211;202100015035;174 833;A01;1;7;13;0;1;14;1;
23212;202100015036;174 832;A01;1;7;0;1;1;16;1;
23213;202100015037;174 830;A01;1;7;0;2;1;26;1;
23214;202100015037;174 831;B01;1;7;0;2;1;1;1;
23215;202100015038;174 829;A01;1;7;3;0;2;1;1;
23216;202100015039;174 827;B01;0;7;0;0;3;0;1;
23217;202100015039;174 828;A01;1;30;0;2;1;13;1;
23218;202100015040;174 826;A01;1;7;0;1;3;15;1;
23219;202100015041;174 824;B01;3;7;0;2;2;15;1;
23220;202100015041;174 825;A01;3;7;0;2;1;1;1;
23221;202100015042;174 822;A01;0;33;3;2;1;2;1;
23222;202100015042;174 823;B01;0;7;0;2;6;1;1;
23223;202100015043;174 821;A01;2;7;1;0;1;2;1;
23224;202100015044;174 819;B01;1;1;0;2;8;1;5;
23225;202100015044;174 820;A01;1;7;0;2;7;17;1;
23226;202100015045;174 817;A01;1;7;0;2;1;13;1;
23227;202100015045;174 818;B01;1;7;0;2;1;1;1;
23228;202100015046;174 815;A01;2;7;0;2;1;1;1;
23229;202100015046;174 816;B01;2;10;0;2;3;1;1;
23230;202100015047;174 813;A01;1;7;0;2;1;0;1;
23231;202100015047;174 814;B01;1;10;0;2;5;0;1;
23232;202100015048;174 811;A01;2;2;0;2;8;17;1;
23233;202100015048;174 812;B01;1;7;0;2;8;1;1;
23234;202100015049;174 809;Z01;1;7;0;2;8;15;0;
23235;202100015049;174 810;A01;1;32;0;2;7;1;1;
23236;202100015050;174 808;A01;1;7;0;1;1;1;1;
23237;202100015051;174 807;A01;1;7;0;1;1;1;1;
23238;202100015052;174 805;A01;2;30;0;2;4;15;1;
23239;202100015052;174 806;B01;2;7;0;2;2;1;1;
23240;202100015054;174 799;A01;1;10;0;2;1;2;1;
23241;202100015054;174 800;B01;1;7;0;2;4;2;1;
23242;202100015054;174 801;C01;1;7;0;2;4;2;1;
23243;202100015055;174 795;A01;1;7;0;1;2;15;1;
23244;202100015056;174 794;A01;3;1;0;0;2;1;5;
23245;202100015057;174 793;A01;3;7;0;1;2;1;2;
23246;202100015058;174 791;B01;2;7;0;2;4;2;1;
23247;202100015058;174 792;A01;2;7;0;2;1;2;1;
23248;202100015059;174 790;A01;2;7;12;0;2;14;1;
23249;202100015060;174 789;A01;3;7;0;1;3;20;1;
23250;202100015061;174 785;D01;2;7;0;2;4;1;1;
23251;202100015061;174 786;C01;2;7;0;2;1;2;1;
23252;202100015061;174 787;B01;2;7;0;2;1;2;1;
23253;202100015061;174 788;A01;2;7;0;2;1;2;1;
23254;202100015062;174 783;B01;1;34;0;2;5;17;1;
23255;202100015062;174 784;A01;1;30;0;2;2;15;1;
23256;202100015063;174 782;A01;0;7;0;1;1;15;1;
23257;202100015064;174 780;B01;0;1;0;2;1;1;5;
23258;202100015064;174 781;A01;0;7;0;0;0;9;1;
23259;202100015065;174 778;A01;2;7;3;2;3;14;1;
23260;202100015065;174 779;B01;2;7;0;2;6;1;1;
23261;202100015066;174 776;B01;1;1;0;2;1;1;5;
23262;202100015066;174 777;A01;2;7;0;2;1;19;1;
23263;202100015067;174 774;A01;2;10;0;2;2;1;1;
23264;202100015067;174 775;B01;3;1;0;2;8;19;5;
23265;202100015068;174 772;B01;0;32;0;2;8;1;1;
23266;202100015068;174 773;A01;0;7;0;2;2;13;1;
23267;202100015069;174 770;B01;2;7;8;2;6;2;2;
23268;202100015069;174 771;A01;1;7;6;2;1;15;1;
23269;202100015070;174 768;B01;2;33;12;2;6;3;1;
23270;202100015070;174 769;A01;2;7;0;2;3;15;1;
23271;202100015071;174 766;A01;3;7;0;2;0;15;1;
23272;202100015071;174 767;B01;3;33;0;2;7;17;1;
23273;202100015072;174 764;B01;0;7;0;2;8;0;1;
23274;202100015072;174 765;A01;3;7;0;2;1;1;1;
23275;202100015073;174 762;A01;1;7;0;2;3;9;1;
23276;202100015073;174 763;B01;3;50;0;2;7;0;3;
23277;202100015074;174 761;A01;2;7;0;1;3;26;1;
23278;202100015075;174 760;A01;1;7;1;0;1;1;1;
23279;202100015076;174 758;A01;2;7;0;2;1;19;1;
23280;202100015076;174 759;B01;2;7;0;2;8;1;1;
23281;202100015077;174 756;A01;2;14;0;2;1;1;1;
23282;202100015077;174 757;B01;2;10;0;2;4;23;1;
23283;202100015078;174 754;A01;0;7;0;1;1;26;0;
23284;202100015079;174 752;A01;2;2;0;2;1;1;1;
23285;202100015079;174 753;B01;2;7;0;2;8;1;1;
23286;202100015080;174 750;A01;1;50;0;0;0;0;3;
23287;202100015081;174 749;A01;1;7;0;1;1;1;1;
23288;202100015082;174 748;A01;3;7;16;0;9;1;1;
23289;202100015083;174 745;B01;3;7;0;2;4;2;1;
23290;202100015083;174 746;C01;3;7;0;2;4;2;1;
23291;202100015083;174 747;A01;3;10;0;2;1;2;1;
23292;202100015084;174 744;A01;2;30;0;1;1;7;1;
23293;202100015085;174 742;B01;3;33;0;2;8;2;1;
23294;202100015085;174 743;A01;3;34;0;2;2;12;1;
23295;202100015086;174 741;A01;3;7;4;0;1;1;1;
23296;202100015090;174 732;A01;2;7;0;2;3;13;1;
23297;202100015090;174 733;B01;1;2;0;2;3;1;1;
23298;202100015091;174 730;B01;1;1;0;2;1;1;5;
23299;202100015091;174 731;A01;1;7;0;2;7;15;1;
23300;202100015092;174 728;A01;1;7;0;2;1;2;2;
23301;202100015092;174 729;B01;1;1;0;2;1;2;5;
23302;202100015093;174 727;A01;2;7;3;0;1;21;1;
23303;202100015094;174 725;A01;3;10;0;2;1;1;1;
23304;202100015094;174 726;B01;3;7;0;2;3;1;1;
23305;202100015095;174 723;A01;1;1;0;2;3;21;5;
23306;202100015095;174 724;B01;1;10;0;2;3;21;1;
23307;202100015097;174 720;A01;1;7;0;1;1;1;1;
23308;202100015098;174 718;A01;2;7;0;2;1;1;1;
23309;202100015098;174 719;B01;1;37;0;2;3;1;1;1.0
23310;202100015099;174 717;A01;2;7;0;1;2;1;1;
23311;202100015100;174 716;A01;3;7;15;0;2;14;1;
23312;202100015101;174 715;A01;1;43;0;0;0;14;1;
23313;202100015102;174 712;C01;1;10;0;2;6;1;1;
23314;202100015102;174 713;B01;1;7;0;2;7;1;2;
23315;202100015102;174 714;A01;1;33;0;2;3;3;1;
23316;202100015103;174 710;A01;2;33;0;2;8;11;1;
23317;202100015103;174 711;B01;2;7;0;2;4;1;1;
23318;202100015104;174 708;B01;2;10;0;2;6;1;1;
23319;202100015104;174 709;A01;2;7;0;2;5;18;1;
23320;202100015105;174 706;A01;2;7;0;2;1;2;1;
23321;202100015105;174 707;B01;2;10;0;2;4;23;1;
23322;202100015106;174 704;B01;1;32;0;2;3;15;1;
23323;202100015106;174 705;A01;1;10;0;2;2;17;1;
23324;202100015107;174 702;A01;3;7;0;2;1;16;1;
23325;202100015107;174 703;B01;0;80;0;2;8;1;3;
23326;202100015108;174 700;B01;2;7;0;2;2;15;2;
23327;202100015108;174 701;A01;1;2;0;2;1;1;3;
23328;202100015109;174 699;A01;2;7;0;1;2;1;1;
23329;202100015110;174 698;A01;1;30;0;0;0;21;3;
23330;202100015111;174 697;A01;1;34;0;1;8;1;1;
23331;202100015112;174 695;B01;1;1;0;2;7;16;5;
23332;202100015112;174 696;A01;1;1;0;2;7;1;5;
23333;202100015113;174 693;A01;3;7;0;2;3;9;1;
23334;202100015113;174 694;B01;3;32;0;2;1;1;1;
23335;202100015114;174 691;A01;2;7;0;2;8;22;1;
23336;202100015114;174 692;B01;2;1;0;2;2;1;5;
23337;202100015116;174 688;A01;2;30;0;2;1;16;1;
23338;202100015116;174 689;B01;2;7;0;2;3;1;1;
23339;202100015117;174 686;A01;1;31;0;2;7;2;3;
23340;202100015117;174 687;B01;1;32;0;2;7;23;1;
23341;202100015118;174 685;A01;2;30;0;1;3;21;1;
23342;202100015119;174 684;A01;1;1;0;0;0;1;5;
23343;202100015120;174 682;A01;1;32;9;2;1;18;1;
23344;202100015120;174 683;B01;1;7;0;2;5;22;2;
23345;202100015121;174 681;A01;2;7;0;1;3;1;1;
23346;202100015122;174 679;B01;1;50;0;2;2;14;3;
23347;202100015122;174 680;A01;1;7;0;9;8;1;1;