;Num_Acc;id_vehicule;num_veh;senc;catv;obs;obsm;choc;manv;motor;occutc
23348;202100015123;174 677;B01;0;31;0;2;1;2;1;
23349;202100015123;174 678;A01;0;7;0;2;1;15;1;
23350;202100015124;174 676;A01;3;2;1;0;0;1;1;
23351;202100015125;174 674;A01;1;33;0;2;0;1;1;
23352;202100015125;174 675;B01;1;17;0;2;6;1;1;
23353;202100015127;174 670;B01;1;33;0;2;8;2;1;
23354;202100015127;174 671;A01;1;10;0;2;3;13;1;
23355;202100015128;174 668;A01;1;7;0;2;1;0;0;
23356;202100015128;174 669;B01;2;32;0;2;7;3;1;
23357;202100015129;174 666;B01;3;7;0;2;6;2;1;
23358;202100015129;174 667;A01;3;7;0;2;1;2;1;
23359;202100015130;174 665;A01;2;7;0;1;1;1;1;
23360;202100015131;174 663;A01;1;7;0;2;2;12;1;
23361;202100015131;174 664;B01;1;33;0;2;3;2;1;
23362;202100015132;174 662;A01;1;7;0;1;3;15;1;
23363;202100015133;174 660;A01;1;7;0;9;8;15;1;
23364;202100015133;174 661;Y01;1;1;0;2;7;1;5;
23365;202100015134;174 658;A01;0;37;0;2;3;1;1;2.0
23366;202100015134;174 659;B01;0;7;0;2;2;12;1;
23367;202100015135;174 656;B01;3;7;0;0;3;1;1;
23368;202100015135;174 657;A01;1;7;0;0;2;1;1;
23369;202100015136;174 654;B01;1;10;1;0;7;1;1;
23370;202100015136;174 655;A01;1;7;1;2;1;26;1;
23371;202100015137;174 652;B01;1;50;0;2;8;25;3;
23372;202100015137;174 653;A01;1;10;0;9;1;15;1;
23373;202100015138;174 651;A01;1;1;0;0;8;14;5;
23374;202100015139;174 649;B01;2;32;0;2;1;0;1;
23375;202100015139;174 650;A01;2;7;0;2;3;11;1;
23376;202100015140;174 647;A01;2;7;0;2;3;15;1;
23377;202100015140;174 648;B01;1;32;0;2;8;1;1;
23378;202100015142;174 644;A01;1;7;0;2;8;22;1;
23379;202100015142;174 645;B01;1;1;1;0;1;1;5;
23380;202100015144;174 640;B01;2;7;0;2;4;23;1;
23381;202100015144;174 641;A01;2;14;0;2;1;2;1;
23382;202100015146;174 636;B01;1;7;0;2;5;16;1;
23383;202100015146;174 637;A01;1;30;0;2;1;16;1;
23384;202100015147;174 634;B01;1;7;0;2;1;1;1;
23385;202100015147;174 635;A01;2;2;0;2;1;23;1;
23386;202100015148;174 632;B01;1;7;0;2;1;1;1;
23387;202100015148;174 633;A01;2;7;0;2;1;17;1;
23388;202100015149;174 630;B01;3;7;0;2;1;1;1;
23389;202100015149;174 631;A01;2;7;0;0;8;2;1;
23390;202100015150;174 629;A01;2;7;0;0;1;1;1;
23391;202100015152;174 626;A01;2;33;0;0;0;1;1;
23392;202100015153;174 624;B01;3;7;0;2;3;1;1;
23393;202100015153;174 625;A01;3;7;0;2;3;13;1;
23394;202100015154;174 622;A01;1;7;0;2;1;9;1;
23395;202100015154;174 623;B01;1;50;0;0;7;1;3;
23396;202100015155;174 621;A01;1;33;0;0;7;1;1;
23397;202100015156;174 620;A01;3;7;8;0;3;0;1;
23398;202100015157;174 619;A01;2;33;13;0;0;1;1;
23399;202100015158;174 617;B01;2;2;0;2;1;1;1;
23400;202100015158;174 618;A01;1;7;0;2;3;17;1;
23401;202100015159;174 615;B01;1;7;0;2;1;1;1;
23402;202100015159;174 616;A01;1;7;0;2;8;19;1;
23403;202100015160;174 613;B01;1;33;0;9;1;1;1;
23404;202100015160;174 614;A01;2;7;8;0;0;13;1;
23405;202100015161;174 611;B01;1;7;0;2;1;17;1;
23406;202100015161;174 612;A01;1;7;0;2;3;15;1;
23407;202100015162;174 609;B01;2;7;0;0;6;23;1;
23408;202100015162;174 610;A01;2;7;1;9;5;19;1;
23409;202100015163;174 607;A01;1;2;0;2;7;1;1;
23410;202100015163;174 608;B01;0;7;0;2;1;19;1;
23411;202100015164;174 605;B01;2;7;0;2;0;0;0;
23412;202100015164;174 606;A01;2;2;0;0;6;23;1;
23413;202100015166;174 600;B01;2;7;0;2;3;1;1;
23414;202100015166;174 601;C01;2;7;0;2;3;1;1;
23415;202100015166;174 602;A01;1;7;0;2;3;13;1;
23416;202100015167;174 598;B01;2;33;0;2;1;1;1;
23417;202100015167;174 599;A01;2;7;0;2;8;15;1;
23418;202100015168;174 595;C01;0;7;3;0;1;1;1;
23419;202100015168;174 596;B01;0;7;0;0;1;1;1;
23420;202100015168;174 597;A01;0;7;0;0;1;13;2;
23421;202100015169;174 593;B01;2;14;0;2;3;21;1;
23422;202100015169;174 594;A01;1;2;0;2;1;21;1;
23423;202100015171;174 590;A01;2;7;0;1;3;1;1;
23424;202100015172;174 588;B01;2;10;0;2;1;1;1;
23425;202100015172;174 589;A01;1;2;0;2;1;13;1;
23426;202100015173;174 587;A01;3;33;16;0;7;1;1;
23427;202100015174;174 585;B01;1;10;0;2;1;15;1;
23428;202100015174;174 586;A01;2;2;0;2;1;15;1;
23429;202100015176;174 582;A01;0;10;0;1;3;0;1;
23430;202100015177;174 580;B01;0;33;0;2;1;1;1;
23431;202100015177;174 581;A01;0;7;0;2;2;15;1;
23432;202100015178;174 579;A01;0;31;0;1;0;1;1;
23433;202100015179;174 578;A01;1;7;8;0;2;14;1;
23434;202100015180;174 577;A01;2;7;2;0;1;14;1;
23435;202100015181;174 575;B01;1;15;0;0;4;1;1;
23436;202100015181;174 576;A01;1;7;0;2;1;12;2;
23437;202100015182;174 572;A01;1;7;0;2;2;3;1;
23438;202100015182;174 573;C01;1;7;0;5;3;2;1;
23439;202100015182;174 574;B01;2;7;0;2;2;21;1;
23440;202100015183;174 571;A01;1;1;0;0;0;2;5;
23441;202100015184;174 570;A01;1;37;0;1;5;1;1;2.0
23442;202100015185;174 566;A01;1;7;0;2;3;16;0;
23443;202100015185;174 567;B01;1;2;0;2;1;17;1;
23444;202100015186;174 565;A01;0;7;6;0;0;6;1;
23445;202100015187;174 563;A01;1;13;0;2;2;0;1;
23446;202100015187;174 564;B01;1;1;0;0;4;0;5;
23447;202100015188;174 561;A01;2;7;0;2;2;1;1;
23448;202100015188;174 562;B01;1;7;0;2;3;1;1;
23449;202100015189;174 559;A01;3;7;12;0;2;26;1;
23450;202100015189;174 560;B01;3;2;0;0;0;0;1;
23451;202100015190;174 557;A01;2;7;0;0;7;1;2;
23452;202100015190;174 558;B01;3;7;0;0;2;15;1;
23453;202100015192;174 553;B01;1;7;0;2;1;2;1;
23454;202100015192;174 554;A01;1;7;0;2;4;1;1;
23455;202100015193;174 551;B01;2;7;0;2;4;2;1;
23456;202100015193;174 552;A01;2;7;0;2;1;2;1;
23457;202100015194;174 549;B01;1;7;0;2;8;26;1;
23458;202100015194;174 550;Z01;1;7;0;2;1;26;0;
23459;202100015195;174 547;A01;2;7;0;2;4;26;1;
23460;202100015195;174 548;B01;2;0;0;2;0;0;0;
23461;202100015196;174 544;A01;1;7;0;2;5;1;1;
23462;202100015196;174 545;C01;1;7;0;2;4;2;1;
23463;202100015196;174 546;B01;1;43;0;2;1;3;1;
23464;202100015197;174 542;A01;2;7;0;2;1;2;1;
23465;202100015197;174 543;B01;2;7;0;2;4;1;1;
23466;202100015198;174 540;A01;2;33;0;2;1;1;1;
23467;202100015198;174 541;B01;2;7;0;2;4;2;1;
23468;202100015199;174 538;A01;2;33;0;2;1;3;1;
23469;202100015199;174 539;B01;2;7;0;2;8;11;1;
23470;202100015200;174 536;B01;2;7;3;2;3;1;1;
23471;202100015200;174 537;A01;1;7;4;2;3;5;1;
23472;202100015201;174 534;A01;1;7;0;2;6;11;1;
23473;202100015201;174 535;B01;1;34;0;2;7;3;1;
23474;202100015202;174 531;B01;2;10;0;2;1;1;1;
23475;202100015202;174 532;C01;2;10;0;2;4;1;1;
23476;202100015202;174 533;A01;2;7;0;2;4;23;1;
23477;202100015203;174 528;A01;2;7;0;2;1;2;1;
23478;202100015203;174 529;B01;2;7;0;2;4;2;1;
23479;202100015203;174 530;C01;2;7;0;2;4;2;1;
23480;202100015204;174 525;C01;2;7;0;2;4;2;1;
23481;202100015204;174 526;B01;2;7;0;2;4;2;1;
23482;202100015204;174 527;A01;2;13;0;2;1;2;1;
23483;202100015205;174 523;B01;2;33;0;2;3;2;1;
23484;202100015205;174 524;A01;2;7;0;2;5;1;2;
23485;202100015207;174 518;C01;1;7;0;2;1;2;1;
23486;202100015207;174 519;B01;1;7;0;2;1;2;1;
23487;202100015207;174 520;A01;1;7;0;2;4;2;3;
23488;202100015209;174 514;C01;1;15;0;2;1;2;1;
23489;202100015209;174 515;B01;1;7;0;2;4;2;1;
23490;202100015209;174 516;A01;1;7;0;2;1;2;1;
23491;202100015210;174 512;B01;1;7;4;0;2;0;1;
23492;202100015210;174 513;A01;1;10;0;2;1;0;1;
23493;202100015211;174 510;B01;2;7;0;2;4;1;1;
23494;202100015211;174 511;A01;2;31;0;2;1;3;1;
23495;202100015212;174 508;Z01;1;10;0;2;1;0;0;
23496;202100015212;174 509;A01;1;7;0;2;4;21;1;
23497;202100015213;174 507;A01;2;10;0;1;2;1;1;
23498;202100015214;174 506;A01;1;33;3;0;3;1;1;
23499;202100015215;174 503;C01;1;31;0;2;2;3;1;
23500;202100015215;174 504;A01;1;17;0;9;7;1;1;
23501;202100015215;174 505;B01;1;7;0;2;6;1;1;
23502;202100015216;174 501;B01;2;7;0;2;1;1;1;
23503;202100015216;174 502;A01;2;7;0;2;4;26;1;
23504;202100015217;174 499;A01;2;7;0;0;5;9;1;
23505;202100015217;174 500;B01;2;33;0;0;1;17;1;
23506;202100015218;174 498;A01;2;7;4;0;3;1;1;
23507;202100015219;174 496;B01;3;43;0;2;1;1;1;
23508;202100015219;174 497;A01;3;32;0;2;1;1;1;
23509;202100015220;174 495;A01;2;7;1;0;1;14;1;
23510;202100015221;174 493;B01;1;7;0;2;1;15;1;
23511;202100015221;174 494;A01;2;30;0;2;7;17;1;
23512;202100015222;174 492;A01;3;33;1;0;1;1;1;
23513;202100015223;174 490;A01;1;7;2;2;4;5;1;
23514;202100015223;174 491;B01;1;7;0;2;1;5;1;
23515;202100015224;174 488;B01;2;1;0;2;1;17;5;
23516;202100015224;174 489;A01;2;1;0;2;4;13;5;
23517;202100015225;174 486;A01;2;7;0;2;2;10;2;
23518;202100015225;174 487;B01;1;33;0;2;8;1;1;
23519;202100015226;174 485;A01;2;1;0;1;1;1;5;
23520;202100015227;174 484;A01;1;1;0;0;1;16;5;
23521;202100015228;174 482;B01;3;7;0;2;1;1;1;
23522;202100015228;174 483;A01;3;7;0;2;8;1;1;
23523;202100015229;174 480;B01;3;7;0;2;1;23;1;
23524;202100015229;174 481;A01;3;2;0;2;1;17;1;
23525;202100015230;174 479;A01;1;7;0;1;2;1;1;
23526;202100015231;174 478;A01;1;1;0;0;0;1;5;
23527;202100015232;174 476;A01;2;7;0;2;2;1;1;
23528;202100015232;174 477;B01;2;10;0;2;3;1;1;
23529;202100015233;174 475;A01;1;50;8;0;7;16;3;
23530;202100015234;174 473;B01;1;1;0;2;1;1;5;
23531;202100015234;174 474;A01;2;7;0;9;1;15;1;
23532;202100015235;174 472;A01;1;7;0;1;1;1;1;
23533;202100015236;174 470;B01;1;7;0;2;3;1;1;
23534;202100015236;174 471;A01;2;7;1;2;3;13;1;
23535;202100015237;174 468;A01;1;1;0;2;8;19;5;
23536;202100015237;174 469;B01;1;7;0;2;1;15;1;
23537;202100015238;174 466;A01;2;40;0;9;1;26;3;
23538;202100015238;174 467;B01;2;1;0;-1;2;26;5;
23539;202100015239;174 465;A01;1;50;0;1;1;0;3;
23540;202100015240;174 463;B01;1;2;0;2;1;5;1;
23541;202100015240;174 464;A01;1;7;0;2;3;10;1;
23542;202100015241;174 461;A01;3;30;0;2;3;13;1;
23543;202100015241;174 462;B01;3;7;0;2;2;15;1;
23544;202100015242;174 460;A01;2;7;0;1;0;16;1;
23545;202100015243;174 458;A01;2;7;0;2;3;15;1;
23546;202100015243;174 459;B01;1;50;0;2;3;1;3;
23547;202100015244;174 457;A01;1;30;0;1;1;7;1;
23548;202100015245;174 456;A01;1;31;0;0;1;1;1;
23549;202100015246;174 455;A01;3;7;0;1;2;1;0;
23550;202100015247;174 453;A01;2;7;0;2;1;1;1;
23551;202100015247;174 454;B01;1;33;0;2;8;1;1;
23552;202100015248;174 452;A01;3;33;0;1;7;1;1;
23553;202100015249;174 451;A01;1;7;0;1;3;15;1;
23554;202100015250;174 450;A01;1;7;6;0;1;0;1;
23555;202100015251;174 448;A01;1;2;0;2;1;2;1;
23556;202100015251;174 449;B01;1;7;0;0;4;1;1;
23557;202100015252;174 446;B01;1;7;4;0;4;2;1;
23558;202100015252;174 447;A01;1;7;0;0;1;11;1;
23559;202100015253;174 445;A01;2;7;13;0;2;1;1;
23560;202100015254;174 444;A01;1;7;0;1;2;1;0;
23561;202100015255;174 443;A01;1;7;0;1;1;1;1;
23562;202100015257;174 438;A01;1;7;0;0;0;12;0;
23563;202100015257;174 439;B01;1;7;3;2;1;1;1;
23564;202100015257;174 440;C01;1;7;0;2;3;21;1;
23565;202100015258;174 437;A01;2;7;5;0;0;17;1;
23566;202100015259;174 436;A01;2;7;13;0;9;1;1;
23567;202100015260;174 434;A01;1;7;0;2;2;1;1;
23568;202100015260;174 435;B01;2;7;15;2;1;1;1;
23569;202100015261;174 432;A01;2;7;0;0;3;0;1;
23570;202100015262;174 430;B01;2;7;0;2;3;23;1;
23571;202100015262;174 431;A01;2;7;0;2;3;15;1;
23572;202100015263;174 429;A01;2;1;1;0;1;2;5;
23573;202100015264;174 427;B01;1;7;0;2;1;1;1;
23574;202100015264;174 428;A01;2;7;0;2;1;13;1;
23575;202100015265;174 426;A01;0;2;0;0;0;1;1;
23576;202100015266;174 424;A01;0;7;0;2;1;19;1;
23577;202100015266;174 425;B01;0;33;0;2;8;1;1;
23578;202100015267;174 423;A01;1;2;0;0;0;17;1;
23579;202100015268;174 422;A01;1;2;0;0;2;2;0;
23580;202100015269;174 420;A01;2;33;2;0;2;1;1;
23581;202100015270;174 418;A01;1;7;0;2;5;17;1;
23582;202100015270;174 419;B01;1;36;0;2;3;15;1;
23583;202100015271;174 416;B01;2;7;12;2;1;1;1;
23584;202100015271;174 417;A01;1;7;12;2;3;19;1;
23585;202100015272;174 414;A01;2;7;0;2;3;13;1;
23586;202100015272;174 415;B01;1;15;0;2;3;1;1;
23587;202100015273;174 412;A01;2;33;0;2;1;1;1;
23588;202100015273;174 413;B01;2;21;0;0;4;15;1;
23589;202100015274;174 410;A01;1;7;2;0;3;0;0;
23590;202100015275;174 409;A01;3;14;0;0;0;1;0;
23591;202100015276;174 407;A01;1;7;0;2;1;1;1;
23592;202100015276;174 408;B01;1;7;0;2;3;15;1;
23593;202100015277;174 406;A01;1;7;6;0;1;1;1;
23594;202100015278;174 404;B01;0;2;0;2;1;1;1;
23595;202100015278;174 405;A01;0;10;0;9;6;1;1;
23596;202100015279;174 403;A01;3;33;12;0;1;1;1;
23597;202100015280;174 401;B01;1;17;0;2;6;1;1;
23598;202100015280;174 402;A01;1;10;0;2;2;1;1;
23599;202100015283;174 394;C01;1;7;0;2;2;1;1;
23600;202100015283;174 395;A01;1;7;5;2;1;0;1;
23601;202100015283;174 396;B01;1;7;0;2;4;1;1;
23602;202100015283;174 397;D01;1;7;0;2;1;0;1;
23603;202100015284;174 391;C01;1;7;0;2;1;2;1;
23604;202100015284;174 392;B01;2;7;0;2;4;1;1;
23605;202100015284;174 393;A01;2;7;0;0;3;9;1;
23606;202100015285;174 390;A01;1;7;9;0;3;0;1;
23607;202100015286;174 388;A01;2;7;0;2;3;15;2;
23608;202100015286;174 389;B01;1;33;0;2;8;1;1;
23609;202100015288;174 384;A01;1;1;0;0;4;2;5;
23610;202100015288;174 385;B01;1;7;0;9;1;2;1;
23611;202100015289;174 382;B01;1;1;0;2;4;1;5;
23612;202100015289;174 383;A01;1;31;0;2;1;1;1;
23613;202100015290;174 381;A01;1;7;2;0;1;14;1;
23614;202100015291;174 379;A01;2;7;0;2;1;2;1;
23615;202100015291;174 380;B01;2;7;0;0;4;23;1;
23616;202100015292;174 378;A01;1;33;0;6;3;1;1;
23617;202100015293;174 377;A01;1;7;13;0;1;2;1;
23618;202100015294;174 376;A01;1;7;2;0;0;0;1;
23619;202100015295;174 374;A01;1;7;0;0;2;1;1;
23620;202100015295;174 375;B01;2;7;0;0;2;1;1;
23621;202100015297;174 368;B01;2;7;0;2;4;1;1;
23622;202100015297;174 369;C01;2;7;0;2;6;1;1;
23623;202100015297;174 370;A01;2;7;3;2;2;14;1;
23624;202100015298;174 366;B01;2;7;0;2;4;2;1;
23625;202100015298;174 367;A01;2;7;0;2;1;2;1;
23626;202100015301;174 360;A01;1;7;1;0;1;1;2;
23627;202100015301;174 361;B01;1;7;0;0;4;23;1;
23628;202100015302;174 358;A01;2;7;0;2;6;11;1;
23629;202100015302;174 359;B01;2;31;0;2;2;1;0;
23630;202100015303;174 356;B01;2;7;0;2;3;11;1;
23631;202100015303;174 357;A01;2;33;0;2;7;3;1;
23632;202100015304;174 354;B01;2;7;0;2;4;0;1;
23633;202100015304;174 355;A01;2;7;0;2;1;2;1;
23634;202100015305;174 349;A01;2;7;0;2;1;0;1;
23635;202100015305;174 350;B01;2;7;0;2;0;0;1;
23636;202100015305;174 351;C01;2;7;0;2;1;0;1;
23637;202100015305;174 352;D01;2;7;0;2;1;0;1;
23638;202100015305;174 353;E01;2;7;0;2;1;0;1;
23639;202100015306;174 347;A01;1;10;0;2;4;2;1;
23640;202100015306;174 348;B01;1;10;0;2;1;1;1;
23641;202100015307;174 345;A01;1;7;0;2;1;1;1;
23642;202100015307;174 346;B01;1;7;0;2;4;2;1;
23643;202100015308;174 343;B01;2;7;0;2;3;11;1;
23644;202100015308;174 344;A01;2;33;0;2;2;3;1;
23645;202100015309;174 340;C01;1;7;0;2;8;13;1;
23646;202100015309;174 341;A01;1;7;0;2;7;1;1;
23647;202100015309;174 342;B01;1;7;0;2;1;1;2;
23648;202100015310;174 339;A01;2;7;0;0;8;2;1;
23649;202100015311;174 338;A01;1;7;12;0;2;1;1;
23650;202100015312;174 336;A01;3;10;0;2;0;19;0;
23651;202100015312;174 337;B01;3;60;0;2;0;19;5;
23652;202100015313;174 335;A01;3;7;0;1;0;15;1;
23653;202100015314;174 333;B01;1;7;0;2;8;1;1;
23654;202100015314;174 334;A01;2;7;1;2;9;0;1;
23655;202100015315;174 331;B01;1;7;0;2;4;0;1;
23656;202100015315;174 332;A01;1;7;0;2;4;26;1;
23657;202100015316;174 329;A01;2;7;0;2;1;1;1;
23658;202100015316;174 330;B01;2;1;0;2;7;1;5;
23659;202100015317;174 327;B01;1;1;0;2;3;2;5;
23660;202100015317;174 328;A01;1;7;0;9;2;2;1;
23661;202100015318;174 326;A01;1;7;0;0;1;0;1;
23662;202100015319;174 321;A01;2;7;0;2;3;13;1;
23663;202100015319;174 322;B01;2;7;0;2;3;1;1;
23664;202100015320;174 319;B01;2;31;0;2;1;1;1;
23665;202100015320;174 320;A01;1;7;0;2;3;1;1;
23666;202100015321;174 317;B01;1;7;0;2;1;1;1;
23667;202100015321;174 318;A01;2;7;0;2;1;1;1;
23668;202100015322;174 315;B01;1;7;0;2;2;1;2;
23669;202100015322;174 316;A01;1;7;0;2;7;15;1;
23670;202100015323;174 313;B01;2;7;0;2;1;1;1;
23671;202100015323;174 314;A01;3;7;0;2;3;15;1;
23672;202100015324;174 312;A01;0;10;0;1;3;15;0;
23673;202100015325;174 310;A01;1;7;0;2;1;13;1;
23674;202100015325;174 311;B01;1;7;0;2;1;1;1;
23675;202100015326;174 309;A01;3;7;8;0;2;14;1;
23676;202100015327;174 308;A01;1;7;0;1;8;1;1;
23677;202100015328;174 307;A01;2;3;1;0;8;1;1;
23678;202100015330;174 305;A01;1;7;15;2;1;21;1;
23679;202100015331;174 304;A01;1;30;0;0;0;26;1;
23680;202100015333;174 301;A01;1;7;0;0;0;26;1;
23681;202100015334;174 300;A01;2;7;13;0;1;26;1;
23682;202100015335;174 298;A01;2;7;0;2;0;2;1;
23683;202100015335;174 299;B01;2;50;0;2;4;1;3;
23684;202100015336;174 296;B01;1;7;0;2;4;0;1;
23685;202100015336;174 297;A01;1;7;0;2;8;1;1;
23686;202100015337;174 295;A01;2;30;1;0;7;1;1;
23687;202100015338;174 293;A01;3;30;0;2;3;2;1;
23688;202100015338;174 294;B01;3;7;0;2;4;1;1;
23689;202100015339;174 292;A01;1;7;2;0;8;1;1;
23690;202100015340;174 290;A01;1;13;0;2;2;17;1;
23691;202100015340;174 291;B01;1;10;0;2;1;1;1;
23692;202100015341;174 288;B01;2;37;0;2;3;1;1;3.0
23693;202100015341;174 289;A01;2;7;0;2;5;7;1;
23694;202100015343;174 285;A01;3;7;0;2;1;26;1;
23695;202100015343;174 286;B01;3;10;0;2;3;0;1;
23696;202100015345;174 282;A01;1;34;0;1;1;26;1;
23697;202100015346;174 280;A01;3;7;0;2;3;9;1;
23698;202100015346;174 281;B01;3;50;0;2;1;1;3;
23699;202100015347;174 278;B01;2;7;0;2;6;1;2;
23700;202100015347;174 279;A01;2;10;0;2;1;13;1;
23701;202100015349;174 275;A01;1;7;0;2;0;1;1;
23702;202100015349;174 276;B01;1;7;0;2;0;1;1;
23703;202100015350;174 274;A01;3;34;0;1;1;1;1;
23704;202100015351;174 272;B01;3;2;0;2;7;1;1;
23705;202100015351;174 273;A01;3;7;0;2;2;9;1;
23706;202100015352;174 270;B01;2;7;0;2;4;2;1;
23707;202100015352;174 271;A01;2;7;0;2;1;2;1;
23708;202100015354;174 266;A01;2;30;0;2;8;18;1;
23709;202100015354;174 267;B01;2;38;0;2;7;2;1;1.0
23710;202100015356;174 263;Z01;2;7;0;2;4;23;0;
23711;202100015356;174 264;A01;2;1;0;2;1;1;5;
23712;202100015357;174 261;B01;1;33;0;2;1;1;1;
23713;202100015357;174 262;A01;2;33;0;2;7;15;1;
23714;202100015358;174 260;A01;3;38;6;0;1;1;1;4.0
23715;202100015359;174 257;Z01;1;7;1;2;1;2;1;
23716;202100015359;174 258;A01;1;7;0;2;4;2;1;
23717;202100015359;174 259;B01;1;7;0;2;4;2;1;
23718;202100015361;174 254;A01;1;31;0;2;8;2;1;
23719;202100015361;174 255;B01;1;7;0;2;6;2;1;
23720;202100015362;174 251;A01;3;7;0;2;1;2;1;
23721;202100015362;174 252;B01;3;7;0;2;4;23;1;
23722;202100015362;174 253;C01;3;7;0;2;4;23;1;
23723;202100015363;174 249;A01;1;7;0;2;2;15;1;
23724;202100015363;174 250;B01;2;31;0;2;8;0;1;
23725;202100015365;174 244;B01;3;2;0;2;3;2;1;
23726;202100015365;174 245;A01;3;7;9;2;2;26;1;
23727;202100015366;174 240;B01;-1;7;0;2;5;4;1;
23728;202100015366;174 241;A01;2;30;0;2;1;21;1;
23729;202100015367;174 239;A01;0;33;7;0;1;26;1;
23730;202100015368;174 237;A01;1;7;0;2;4;23;0;
23731;202100015368;174 238;B01;1;7;0;2;1;2;0;
23732;202100015369;174 235;B01;1;1;1;0;1;1;0;
23733;202100015369;174 236;A01;1;7;0;2;8;22;1;
23734;202100015370;174 233;A01;3;40;0;2;1;19;0;
23735;202100015370;174 234;B01;3;33;0;-1;1;1;3;
23736;202100015371;174 231;B01;1;7;0;2;4;1;1;
23737;202100015371;174 232;A01;1;31;14;2;1;16;1;
23738;202100015372;174 230;A01;1;7;13;0;0;14;1;
23739;202100015373;174 228;A01;1;33;0;2;2;17;1;
23740;202100015373;174 229;B01;1;7;0;2;8;15;1;
23741;202100015374;174 226;A01;2;7;13;2;2;12;1;
23742;202100015374;174 227;B01;2;14;0;2;3;1;1;
23743;202100015375;174 225;A01;0;33;0;0;1;0;1;
23744;202100015376;174 223;B01;2;2;0;2;1;17;1;
23745;202100015376;174 224;A01;1;7;0;2;3;1;1;
23746;202100015377;174 222;A01;1;7;3;0;7;1;1;
23747;202100015378;174 219;A01;1;2;0;2;1;13;1;
23748;202100015378;174 220;B01;2;7;0;2;1;1;1;
23749;202100015378;174 221;C01;1;7;0;2;1;1;1;
23750;202100015379;174 217;B01;2;7;10;2;4;11;1;
23751;202100015379;174 218;A01;2;10;0;2;1;17;1;
23752;202100015380;174 216;A01;3;2;0;0;0;0;1;
23753;202100015381;174 214;A01;2;7;0;2;1;9;1;
23754;202100015381;174 215;B01;1;33;0;2;7;9;1;
23755;202100015382;174 213;A01;1;7;6;0;3;13;1;
23756;202100015383;174 211;A01;3;10;0;2;2;19;1;
23757;202100015383;174 212;B01;1;50;0;2;1;1;3;
23758;202100015384;174 209;B01;1;33;0;2;1;1;1;
23759;202100015384;174 210;A01;1;7;0;2;8;10;1;
23760;202100015385;174 207;B01;1;7;0;2;1;1;1;
23761;202100015385;174 208;A01;2;7;0;2;1;1;1;
23762;202100015386;174 205;A01;2;7;0;2;1;15;1;
23763;202100015386;174 206;B01;1;43;0;2;1;1;1;
23764;202100015387;174 202;B01;2;7;0;2;6;23;1;
23765;202100015387;174 203;C01;2;7;0;2;4;23;1;
23766;202100015387;174 204;A01;2;7;6;2;2;1;1;
23767;202100015388;174 201;A01;1;7;0;1;2;1;1;
23768;202100015390;174 197;B01;1;1;0;2;4;1;5;
23769;202100015390;174 198;A01;1;7;0;2;2;1;1;
23770;202100015391;174 196;A01;2;7;6;0;1;1;1;
23771;202100015392;174 194;A01;2;7;0;2;7;19;1;
23772;202100015392;174 195;B01;2;7;0;2;1;1;1;
23773;202100015393;174 192;B01;2;10;0;2;1;2;1;
23774;202100015393;174 193;A01;1;7;0;2;1;0;0;
23775;202100015394;174 189;A01;3;30;0;2;8;15;1;
23776;202100015394;174 190;B01;2;7;0;2;1;2;1;
23777;202100015394;174 191;C01;1;7;0;2;1;1;1;
23778;202100015395;174 188;A01;3;1;0;0;0;0;5;
23779;202100015396;174 186;B01;1;7;0;2;1;1;1;
23780;202100015396;174 187;A01;2;7;0;2;4;26;1;
23781;202100015397;174 184;A01;3;2;0;2;1;13;1;
23782;202100015397;174 185;B01;0;1;0;2;3;1;5;
23783;202100015398;174 181;C01;1;7;0;2;1;2;1;
23784;202100015398;174 182;B01;1;7;0;2;1;1;1;
23785;202100015398;174 183;A01;2;7;0;2;7;1;1;
23786;202100015399;174 180;A01;2;7;0;1;1;26;2;
23787;202100015400;174 179;A01;3;20;2;0;8;1;1;
23788;202100015401;174 175;A01;1;7;0;2;1;19;1;
23789;202100015401;174 176;B01;1;10;0;2;8;1;1;
23790;202100015402;174 173;A01;2;7;0;2;7;1;1;
23791;202100015402;174 174;B01;1;10;0;2;1;1;1;
23792;202100015403;174 171;B01;1;7;0;2;1;26;1;
23793;202100015403;174 172;A01;1;7;0;2;2;1;1;
23794;202100015404;174 169;B01;1;7;0;2;2;1;1;
23795;202100015404;174 170;A01;0;7;0;2;3;15;0;
23796;202100015405;174 167;B01;2;2;0;2;1;1;1;
23797;202100015405;174 168;A01;2;7;0;2;6;15;1;
23798;202100015406;174 165;B01;1;7;0;2;2;15;1;
23799;202100015406;174 166;A01;2;33;0;2;1;1;1;
23800;202100015407;174 163;A01;2;10;0;2;7;19;1;
23801;202100015407;174 164;B01;1;33;0;2;3;1;1;
23802;202100015408;174 161;A01;2;7;3;0;0;1;1;
23803;202100015408;174 162;B01;2;7;3;2;3;1;1;
23804;202100015409;174 160;A01;0;32;0;6;1;0;0;
23805;202100015410;174 159;A01;2;7;3;0;2;1;1;
23806;202100015411;174 158;A01;1;10;13;0;3;26;1;
23807;202100015412;174 156;B01;1;7;6;0;1;17;1;
23808;202100015412;174 157;A01;2;33;0;0;1;0;1;
23809;202100015413;174 155;A01;2;7;5;0;1;0;3;