;Num_Acc;id_vehicule;num_veh;senc;catv;obs;obsm;choc;manv;motor;occutc
23810;202100015414;174 153;A01;1;7;0;2;1;9;1;
23811;202100015414;174 154;B01;1;50;0;0;7;1;3;
23812;202100015416;174 150;A01;2;7;0;0;9;1;0;
23813;202100015417;174 148;A01;2;7;0;2;1;1;1;
23814;202100015417;174 149;B01;2;10;0;2;6;19;1;
23815;202100015419;174 144;A01;2;2;0;2;1;1;1;
23816;202100015419;174 145;B01;2;7;0;2;3;9;1;
23817;202100015420;174 143;A01;2;7;0;1;2;1;1;
23818;202100015421;174 141;A01;1;33;0;2;2;13;1;
23819;202100015421;174 142;B01;2;10;0;2;2;26;1;
23820;202100015422;174 139;A01;0;7;8;0;2;1;1;
23821;202100015422;174 140;B01;1;7;1;0;2;1;1;
23822;202100015423;174 138;A01;2;7;7;0;7;13;1;
23823;202100015426;174 134;A01;1;21;2;0;1;1;1;
23824;202100015427;174 132;A01;1;7;0;2;1;13;1;
23825;202100015427;174 133;B01;2;7;0;0;3;1;1;
23826;202100015428;174 128;B01;1;10;0;0;1;1;1;
23827;202100015428;174 129;A01;1;7;0;0;4;1;1;
23828;202100015428;174 130;C01;1;7;0;0;9;1;1;
23829;202100015428;174 131;D01;1;7;0;0;1;1;1;
23830;202100015429;174 127;A01;3;7;0;0;1;21;1;
23831;202100015430;174 126;A01;3;1;0;0;0;17;5;
23832;202100015431;174 124;B01;2;1;0;2;7;1;5;
23833;202100015431;174 125;A01;1;7;0;9;2;15;1;
23834;202100015432;174 123;A01;2;7;0;1;1;1;1;
23835;202100015433;174 122;A01;2;7;4;0;8;1;1;
23836;202100015434;174 121;A01;1;7;4;0;2;0;1;
23837;202100015435;174 119;B01;2;7;0;2;1;2;1;
23838;202100015435;174 120;A01;2;7;0;2;3;1;1;
23839;202100015436;174 117;A01;2;7;0;2;6;23;1;
23840;202100015436;174 118;B01;2;7;0;2;2;13;1;
23841;202100015439;174 111;A01;2;7;0;2;3;26;1;
23842;202100015439;174 112;B01;2;33;0;2;7;1;1;
23843;202100015440;174 109;A01;1;15;0;2;2;0;1;
23844;202100015440;174 110;B01;1;7;0;2;6;0;1;
23845;202100015441;174 105;C01;1;10;3;2;4;2;1;
23846;202100015441;174 106;B01;1;10;0;2;3;11;1;
23847;202100015441;174 107;A01;1;10;0;2;1;1;1;
23848;202100015441;174 108;D01;1;10;3;0;1;2;1;
23849;202100015444;174 100;A01;0;7;0;0;0;26;1;
23850;202100015445;174 098;A01;2;7;0;2;1;26;1;
23851;202100015445;174 099;B01;2;7;0;2;1;1;1;
23852;202100015446;174 096;B01;1;10;0;2;4;0;1;
23853;202100015446;174 097;A01;1;7;0;2;1;21;1;
23854;202100015447;174 094;Z01;1;7;0;2;1;0;1;
23855;202100015447;174 095;B01;1;7;0;2;6;1;1;
23856;202100015448;174 093;A01;1;7;4;0;4;1;1;
23857;202100015449;174 090;A01;1;10;0;2;5;21;1;
23858;202100015449;174 091;B01;1;7;0;2;3;1;1;
23859;202100015449;174 092;C01;1;7;0;2;2;1;1;
23860;202100015450;174 089;A01;1;7;4;0;1;13;1;
23861;202100015451;174 088;A01;1;7;0;9;9;1;1;
23862;202100015452;174 086;B01;1;7;0;2;4;1;1;
23863;202100015452;174 087;A01;1;7;0;2;1;1;1;
23864;202100015453;174 084;B01;1;10;0;2;4;1;0;
23865;202100015453;174 085;A01;1;7;0;2;1;1;1;
23866;202100015454;174 082;Z01;2;7;1;0;1;1;1;
23867;202100015454;174 083;A01;2;7;0;2;4;24;1;
23868;202100015455;174 081;A01;2;7;4;0;1;1;1;
23869;202100015457;174 074;C01;1;7;0;2;6;2;1;
23870;202100015457;174 075;B01;1;7;0;2;7;1;1;
23871;202100015457;174 076;A01;1;33;0;2;3;1;1;
23872;202100015458;174 071;C01;1;10;0;2;7;1;1;
23873;202100015458;174 072;B01;1;7;0;2;3;11;1;
23874;202100015458;174 073;A01;1;33;0;2;2;3;1;
23875;202100015460;174 064;C01;2;7;0;2;1;1;1;
23876;202100015460;174 065;A01;2;7;14;2;1;1;1;
23877;202100015460;174 066;B01;2;7;0;2;4;24;1;
23878;202100015461;174 062;A01;2;33;0;2;1;3;1;
23879;202100015461;174 063;B01;2;7;0;2;7;12;1;
23880;202100015462;174 060;B01;2;7;0;2;2;1;1;
23881;202100015462;174 061;A01;2;7;0;2;1;15;1;
23882;202100015463;174 059;A01;1;7;0;0;9;1;0;
23883;202100015464;174 057;B01;2;7;0;2;4;1;1;
23884;202100015464;174 058;A01;2;7;0;2;1;1;1;
23885;202100015465;174 055;B01;2;7;0;2;1;26;1;
23886;202100015465;174 056;A01;2;7;0;2;4;26;1;
23887;202100015466;174 054;A01;3;7;0;1;1;1;1;
23888;202100015467;174 052;A01;2;7;0;2;4;13;1;
23889;202100015467;174 053;B01;2;30;0;2;1;2;1;
23890;202100015468;174 051;A01;2;30;0;0;1;26;1;
23891;202100015469;174 049;A01;2;7;0;2;4;2;1;
23892;202100015469;174 050;B01;2;7;0;2;4;2;1;
23893;202100015470;174 048;A01;3;7;0;1;3;15;1;
23894;202100015471;174 047;A01;3;1;0;0;0;26;0;
23895;202100015472;174 045;B01;3;1;0;2;7;19;5;
23896;202100015472;174 046;A01;2;30;0;9;1;19;1;
23897;202100015473;174 044;B01;1;2;0;2;1;1;1;
23898;202100015475;174 041;A01;2;7;0;1;3;15;1;
23899;202100015476;174 039;B01;-1;7;0;2;1;2;0;
23900;202100015476;174 040;A01;-1;7;0;2;4;23;1;
23901;202100015477;174 037;B01;2;37;0;2;5;1;1;3.0
23902;202100015477;174 038;A01;2;7;0;2;3;15;1;
23903;202100015478;174 035;B01;3;60;0;2;8;1;5;
23904;202100015478;174 036;A01;2;7;0;2;2;16;1;
23905;202100015479;174 034;A01;1;7;1;0;2;1;3;
23906;202100015480;174 032;A01;2;32;0;2;1;1;1;
23907;202100015480;174 033;B01;2;7;0;2;3;1;1;
23908;202100015481;174 030;A01;2;10;0;2;3;13;1;
23909;202100015481;174 031;B01;2;33;0;2;5;15;1;
23910;202100015482;174 029;A01;3;7;6;0;7;1;1;
23911;202100015484;174 026;A01;1;30;8;2;1;5;1;
23912;202100015484;174 027;B01;2;7;0;2;3;9;1;
23913;202100015485;174 025;A01;1;7;0;1;3;17;1;
23914;202100015486;174 023;B01;1;2;0;2;1;1;1;
23915;202100015486;174 024;A01;2;7;0;2;1;15;1;
23916;202100015487;174 021;B01;2;7;0;2;3;1;1;
23917;202100015487;174 022;A01;2;7;0;2;1;14;1;
23918;202100015488;174 019;A01;1;2;0;2;2;9;1;
23919;202100015488;174 020;B01;1;10;0;2;2;1;1;
23920;202100015490;174 014;A01;1;7;0;2;2;10;1;
23921;202100015490;174 015;B01;2;43;0;2;1;1;1;
23922;202100015492;174 011;A01;2;7;2;0;1;26;1;
23923;202100015493;174 008;C01;1;7;0;2;1;0;1;
23924;202100015493;174 009;B01;1;7;14;2;5;15;1;
23925;202100015493;174 010;A01;1;7;14;2;2;13;1;
23926;202100015494;174 007;A01;2;7;1;0;2;1;1;
23927;202100015495;174 005;B01;2;37;0;2;3;1;1;1.0
23928;202100015495;174 006;A01;2;7;0;2;5;16;1;
23929;202100015497;174 003;A01;1;7;0;1;0;1;1;
23930;202100015498;174 001;B01;3;7;0;2;1;1;1;
23931;202100015498;174 002;A01;3;7;0;2;4;1;1;
23932;202100015499;173 999;B01;2;10;0;2;3;1;1;
23933;202100015499;174 000;A01;1;7;0;2;3;9;2;
23934;202100015500;173 997;A01;1;7;0;2;4;1;1;
23935;202100015500;173 998;B01;2;7;0;2;1;1;1;
23936;202100015501;173 993;A01;3;50;0;2;1;2;3;
23937;202100015501;173 994;B01;3;7;0;9;4;2;1;
23938;202100015502;173 992;A01;1;7;0;1;0;21;1;
23939;202100015503;173 990;B01;2;7;0;2;1;1;1;
23940;202100015503;173 991;A01;1;7;0;2;2;15;1;
23941;202100015504;173 988;B01;1;7;0;2;4;2;1;
23942;202100015504;173 989;A01;1;7;0;2;1;2;1;
23943;202100015505;173 986;A01;1;7;0;9;2;16;1;
23944;202100015505;173 987;B01;1;50;0;2;8;1;3;
23945;202100015506;173 984;B01;2;7;0;2;2;17;1;
23946;202100015506;173 985;Z01;2;7;0;2;3;13;2;
23947;202100015507;173 983;A01;0;7;0;1;1;1;1;
23948;202100015508;173 981;A01;1;33;0;9;1;2;1;
23949;202100015508;173 982;B01;1;1;0;2;4;2;5;
23950;202100015509;173 978;B01;1;7;0;2;1;1;1;
23951;202100015509;173 979;C01;2;10;0;2;3;23;1;
23952;202100015509;173 980;A01;2;7;0;2;8;9;2;
23953;202100015510;173 976;B01;1;7;14;0;4;2;1;
23954;202100015510;173 977;A01;1;7;14;0;1;2;1;
23955;202100015511;173 974;A01;2;7;2;2;7;1;1;
23956;202100015511;173 975;B01;2;7;0;2;8;11;1;
23957;202100015512;173 971;B01;0;7;0;2;4;23;1;
23958;202100015512;173 972;C01;0;7;0;2;4;23;1;
23959;202100015512;173 973;A01;0;7;0;2;1;1;1;
23960;202100015513;173 969;A01;0;7;1;1;1;1;1;
23961;202100015513;173 970;B01;0;7;0;1;8;23;1;
23962;202100015514;173 961;A01;3;7;0;2;1;2;1;
23963;202100015514;173 962;B01;3;3;0;2;4;2;1;
23964;202100015515;173 957;B01;3;7;0;0;4;2;1;
23965;202100015515;173 958;A01;3;31;0;2;1;2;1;
23966;202100015516;173 955;A01;2;7;0;2;2;1;1;
23967;202100015516;173 956;B01;2;33;0;2;3;1;1;
23968;202100015517;173 952;C01;1;3;0;2;1;0;1;
23969;202100015517;173 953;B01;1;3;0;2;9;2;1;
23970;202100015517;173 954;A01;1;3;0;2;4;0;1;
23971;202100015518;173 951;A01;3;33;6;0;1;26;1;
23972;202100015519;173 950;A01;3;33;11;0;0;0;1;
23973;202100015520;173 946;B01;2;33;0;2;1;1;1;
23974;202100015520;173 947;A01;1;10;0;2;1;15;1;
23975;202100015521;173 944;A01;2;7;0;2;4;1;1;
23976;202100015521;173 945;B01;2;33;0;2;1;1;1;
23977;202100015522;173 940;D01;3;7;0;2;8;18;1;
23978;202100015522;173 941;C01;3;7;0;2;4;2;1;
23979;202100015522;173 942;B01;3;7;0;2;4;2;1;
23980;202100015522;173 943;A01;3;7;0;2;1;1;1;
23981;202100015523;173 938;A01;1;7;0;2;1;1;1;
23982;202100015523;173 939;B01;0;50;0;2;7;9;3;
23983;202100015524;173 936;A01;1;7;0;2;1;15;1;
23984;202100015524;173 937;B01;2;33;0;2;8;1;1;
23985;202100015525;173 935;A01;1;10;0;1;3;7;1;
23986;202100015526;173 933;B01;3;7;0;9;5;26;1;
23987;202100015526;173 934;A01;3;1;0;2;5;9;5;
23988;202100015528;173 931;A01;1;7;0;1;1;1;1;
23989;202100015530;173 927;A01;2;10;0;2;3;9;1;
23990;202100015530;173 928;B01;2;33;0;2;7;1;1;
23991;202100015531;173 925;A01;1;10;0;2;6;15;1;
23992;202100015531;173 926;B01;2;31;0;2;1;1;1;
23993;202100015532;173 922;A01;2;7;0;2;1;2;1;
23994;202100015532;173 923;B01;2;7;0;2;4;2;1;
23995;202100015532;173 924;C01;2;7;0;2;4;2;1;
23996;202100015535;173 916;A01;1;33;0;2;1;17;1;
23997;202100015535;173 917;B01;1;7;0;2;6;15;1;
23998;202100015536;173 913;A01;1;7;0;2;1;1;1;
23999;202100015536;173 914;B01;1;7;0;2;4;23;2;
24000;202100015536;173 915;C01;1;7;0;2;4;23;1;
24001;202100015537;173 911;B01;1;7;0;2;3;9;1;
24002;202100015537;173 912;A01;2;33;0;2;8;9;1;
24003;202100015538;173 909;B01;3;7;0;2;6;1;1;
24004;202100015538;173 910;A01;3;33;0;2;7;12;1;
24005;202100015539;173 907;A01;1;32;0;2;2;17;1;
24006;202100015539;173 908;B01;1;7;0;2;3;15;1;
24007;202100015540;173 905;B01;1;7;0;2;5;1;1;
24008;202100015540;173 906;A01;1;30;0;2;1;1;1;
24009;202100015541;173 903;B01;1;10;0;2;6;23;1;
24010;202100015541;173 904;A01;1;2;0;2;1;1;1;
24011;202100015542;173 901;B01;2;7;0;2;8;14;1;
24012;202100015542;173 902;A01;2;33;0;2;2;14;1;
24013;202100015543;173 899;B01;2;30;0;2;1;1;1;
24014;202100015543;173 900;A01;1;7;0;2;2;15;1;
24015;202100015544;173 897;A01;1;7;9;2;1;1;1;
24016;202100015544;173 898;B01;2;7;0;2;7;1;1;
24017;202100015545;173 896;A01;1;7;9;0;1;26;1;
24018;202100015547;173 892;B01;3;50;0;2;7;26;3;
24019;202100015547;173 893;Z01;3;7;0;9;0;0;1;
24020;202100015548;173 891;Z01;3;99;0;1;1;26;5;
24021;202100015549;173 889;A01;2;7;0;2;1;9;1;
24022;202100015549;173 890;B01;2;2;0;2;1;1;1;
24023;202100015550;173 887;B01;1;7;6;9;4;1;1;
24024;202100015550;173 888;A01;1;7;0;2;2;1;1;
24025;202100015551;173 885;A01;2;7;0;2;3;16;1;
24026;202100015551;173 886;B01;1;30;0;2;1;1;1;
24027;202100015552;173 884;A01;1;10;0;1;1;1;1;
24028;202100015553;173 883;A01;1;7;0;1;2;1;1;
24029;202100015554;173 881;A01;2;7;0;2;8;22;1;
24030;202100015554;173 882;B01;2;1;1;0;1;1;5;
24031;202100015555;173 880;A01;1;7;0;1;7;1;1;
24032;202100015556;173 878;A01;1;7;0;2;6;15;1;
24033;202100015556;173 879;B01;1;33;0;2;7;1;1;
24034;202100015557;173 876;A01;1;1;0;2;1;1;5;
24035;202100015557;173 877;B01;1;7;0;9;3;1;1;
24036;202100015559;173 869;B01;1;50;0;2;8;16;3;
24037;202100015559;173 870;A01;1;7;0;2;2;16;1;
24038;202100015560;173 868;A01;1;7;0;0;1;16;1;
24039;202100015561;173 867;A01;1;7;0;0;0;26;1;
24040;202100015562;173 866;A01;1;30;0;0;0;26;3;
24041;202100015563;173 865;A01;1;7;0;1;2;26;1;
24042;202100015564;173 864;A01;1;15;0;1;0;26;1;
24043;202100015565;173 863;A01;1;10;0;1;4;4;1;
24044;202100015566;173 862;A01;1;7;1;0;1;1;1;
24045;202100015567;173 860;B01;1;1;0;2;1;1;5;
24046;202100015567;173 861;A01;2;3;0;2;2;15;1;
24047;202100015568;173 858;A01;0;7;0;2;3;9;1;
24048;202100015568;173 859;B01;0;33;0;0;4;1;1;
24049;202100015569;173 856;A01;3;7;1;0;3;1;6;
24050;202100015569;173 857;B01;3;7;0;2;5;24;6;
24051;202100015570;173 853;C01;1;7;0;2;5;1;1;
24052;202100015570;173 854;B01;1;15;0;2;8;1;1;
24053;202100015570;173 855;A01;1;33;0;2;9;17;1;
24054;202100015571;173 851;B01;1;7;0;2;3;1;1;
24055;202100015571;173 852;A01;2;7;0;2;3;1;1;
24056;202100015572;173 850;A01;3;7;8;0;3;13;1;
24057;202100015573;173 848;A01;3;7;0;2;3;0;1;
24058;202100015573;173 849;B01;0;7;0;2;0;0;1;
24059;202100015574;173 845;C01;1;10;0;2;5;0;1;
24060;202100015574;173 846;B01;1;10;0;2;6;0;1;
24061;202100015574;173 847;A01;1;10;0;2;3;9;1;
24062;202100015575;173 843;A01;3;7;0;2;1;1;1;
24063;202100015575;173 844;B01;3;1;0;2;4;15;5;
24064;202100015576;173 841;B01;2;33;0;2;1;1;0;
24065;202100015576;173 842;A01;1;7;0;2;3;15;0;
24066;202100015577;173 840;A01;3;7;15;0;2;14;1;
24067;202100015578;173 839;A01;1;30;0;0;0;21;1;
24068;202100015579;173 837;B01;2;7;0;2;3;1;1;
24069;202100015579;173 838;A01;1;7;0;2;2;1;1;
24070;202100015580;173 834;B01;2;7;0;2;4;2;1;
24071;202100015580;173 835;C01;2;7;0;2;4;2;1;
24072;202100015580;173 836;A01;2;7;0;2;1;2;1;
24073;202100015581;173 831;A01;1;7;0;2;1;1;1;
24074;202100015581;173 832;B01;1;7;0;2;1;1;1;
24075;202100015581;173 833;C01;1;7;0;2;4;1;1;
24076;202100015582;173 828;A01;3;7;0;2;1;2;1;
24077;202100015582;173 829;B01;3;7;0;2;4;2;1;
24078;202100015582;173 830;C01;3;7;0;2;4;2;1;
24079;202100015583;173 827;A01;0;7;0;1;2;15;1;
24080;202100015584;173 826;A01;1;7;3;0;0;0;1;
24081;202100015585;173 825;A01;3;7;0;1;3;1;1;
24082;202100015586;173 821;B01;1;7;0;0;0;0;1;
24083;202100015586;173 822;A01;2;30;14;0;0;0;1;
24084;202100015587;173 819;B01;1;7;0;9;2;1;1;
24085;202100015587;173 820;A01;1;50;0;2;8;19;3;
24086;202100015588;173 817;B01;2;7;0;2;1;2;1;
24087;202100015588;173 818;A01;2;7;0;2;7;15;1;
24088;202100015589;173 815;B01;2;7;0;2;2;16;1;
24089;202100015589;173 816;A01;2;32;0;2;8;7;1;
24090;202100015591;173 810;B01;0;32;0;2;1;1;1;
24091;202100015591;173 811;A01;3;7;0;2;3;15;1;
24092;202100015593;173 807;A01;1;32;0;0;0;0;1;
24093;202100015594;173 806;A01;1;20;4;0;3;16;1;
24094;202100015595;173 805;A01;2;7;0;1;0;26;1;
24095;202100015596;173 804;A01;2;7;0;1;2;1;1;
24096;202100015597;173 803;A01;1;7;13;0;1;13;1;
24097;202100015599;173 801;A01;2;7;13;0;9;26;1;
24098;202100015600;173 799;A01;1;30;0;2;8;1;1;
24099;202100015600;173 800;B01;2;14;0;2;6;15;1;
24100;202100015601;173 797;B01;1;1;0;2;1;1;0;
24101;202100015601;173 798;A01;1;7;0;2;3;9;1;
24102;202100015603;173 793;B01;0;7;0;2;3;1;1;
24103;202100015603;173 794;A01;0;7;0;2;3;1;1;
24104;202100015604;173 789;B01;3;1;0;2;7;1;5;
24105;202100015604;173 790;A01;3;37;0;2;5;16;1;1.0
24106;202100015605;173 787;A01;1;7;1;2;1;12;1;
24107;202100015605;173 788;B01;0;1;0;2;8;0;5;
24108;202100015606;173 784;C01;-1;1;0;0;4;1;5;
24109;202100015606;173 785;A01;0;7;0;2;1;5;1;
24110;202100015606;173 786;B01;0;7;0;2;3;1;1;
24111;202100015607;173 779;A01;3;30;0;2;7;16;1;
24112;202100015608;173 778;A01;0;7;0;1;2;9;1;
24113;202100015609;173 777;A01;2;7;0;1;1;1;1;
24114;202100015610;173 773;A01;1;30;0;0;7;16;1;
24115;202100015611;173 771;B01;1;7;0;2;3;1;1;
24116;202100015611;173 772;A01;1;7;0;2;1;13;1;
24117;202100015612;173 770;A01;2;7;12;0;1;1;1;
24118;202100015613;173 768;A01;2;7;8;2;5;1;1;
24119;202100015613;173 769;Z01;1;7;0;2;1;1;0;
24120;202100015614;173 767;A01;0;3;8;0;1;1;1;
24121;202100015615;173 765;A01;0;7;0;2;3;15;1;
24122;202100015615;173 766;B01;0;33;0;2;2;3;1;
24123;202100015617;173 761;B01;1;33;0;2;8;1;1;
24124;202100015617;173 762;A01;2;7;0;2;1;15;1;
24125;202100015618;173 759;A01;2;7;0;2;8;15;1;
24126;202100015618;173 760;B01;2;33;0;2;1;1;1;
24127;202100015619;173 756;A01;1;7;0;2;1;1;1;
24128;202100015619;173 757;B01;1;7;0;2;4;21;1;
24129;202100015619;173 758;C01;1;7;0;2;4;0;1;
24130;202100015620;173 754;B01;1;50;0;2;1;1;3;
24131;202100015620;173 755;A01;1;7;0;2;2;15;1;
24132;202100015622;173 750;B01;1;7;0;2;4;1;1;
24133;202100015622;173 751;A01;1;7;0;2;1;1;1;
24134;202100015623;173 746;A01;3;99;3;0;0;14;1;
24135;202100015623;173 747;B01;3;10;4;4;1;1;1;
24136;202100015623;173 748;C01;3;7;0;4;1;1;1;
24137;202100015623;173 749;D01;3;7;0;4;1;1;1;
24138;202100015624;173 744;B01;1;33;0;2;7;2;1;
24139;202100015624;173 745;A01;1;7;0;2;6;15;1;
24140;202100015625;173 742;B01;1;7;0;2;1;1;1;
24141;202100015625;173 743;A01;2;33;0;2;7;15;1;
24142;202100015626;173 741;Z01;3;7;15;0;0;26;0;
24143;202100015627;173 740;A01;2;7;0;1;2;0;0;
24144;202100015629;173 734;B01;1;1;0;2;8;2;5;
24145;202100015629;173 735;A01;1;10;0;9;7;17;1;
24146;202100015630;173 733;A01;2;1;0;1;9;13;0;
24147;202100015631;173 732;A01;2;7;0;1;7;1;1;
24148;202100015632;173 730;A01;3;30;0;2;1;17;1;
24149;202100015632;173 731;B01;3;3;0;2;8;15;1;
24150;202100015633;173 728;Z01;1;7;0;9;0;14;0;
24151;202100015633;173 729;B01;1;1;0;2;7;26;5;
24152;202100015634;173 726;A01;2;7;0;2;2;12;1;
24153;202100015634;173 727;B01;2;10;0;2;6;21;1;
24154;202100015636;173 722;A01;1;10;0;2;4;16;3;
24155;202100015636;173 723;B01;1;2;0;2;2;16;1;
24156;202100015637;173 721;A01;1;7;0;1;3;15;2;
24157;202100015638;173 720;A01;1;32;0;0;0;19;1;
24158;202100015639;173 718;B01;1;7;0;2;6;1;1;
24159;202100015639;173 719;A01;1;30;0;2;1;2;1;
24160;202100015640;173 716;A01;1;30;0;2;7;1;3;
24161;202100015640;173 717;B01;1;7;0;2;1;1;1;
24162;202100015641;173 714;A01;2;33;0;2;6;13;1;
24163;202100015641;173 715;B01;1;7;0;2;6;1;2;
24164;202100015642;173 712;A01;1;7;0;2;6;22;1;
24165;202100015642;173 713;B01;1;32;0;2;1;1;1;
24166;202100015643;173 710;A01;2;7;0;2;8;22;1;
24167;202100015643;173 711;B01;2;2;0;2;1;1;1;
24168;202100015644;173 708;B01;1;7;0;2;0;1;1;
24169;202100015644;173 709;A01;2;30;0;2;0;1;1;
24170;202100015645;173 706;B01;1;7;0;2;1;1;1;
24171;202100015645;173 707;A01;2;30;0;2;1;17;1;
24172;202100015646;173 703;C01;1;7;0;2;4;15;1;
24173;202100015646;173 704;B01;1;31;0;2;4;15;1;
24174;202100015646;173 705;A01;1;7;0;2;1;15;1;
24175;202100015647;173 702;A01;1;1;12;0;1;0;5;
24176;202100015648;173 701;A01;1;7;0;1;7;1;1;
24177;202100015649;173 697;B01;1;2;0;2;1;18;1;
24178;202100015649;173 698;A01;1;7;0;2;2;16;1;
24179;202100015650;173 696;A01;2;7;4;0;1;9;1;
24180;202100015651;173 693;A01;2;7;0;2;2;17;1;
24181;202100015651;173 694;B01;1;1;0;2;8;2;5;
24182;202100015651;173 695;T01;2;7;0;2;0;0;1;
24183;202100015652;173 691;A01;0;7;0;2;3;16;1;
24184;202100015652;173 692;B01;0;30;0;2;7;16;1;
24185;202100015653;173 689;A01;1;10;0;2;0;0;0;
24186;202100015653;173 690;B01;1;7;0;2;0;0;1;
24187;202100015654;173 687;A01;2;7;0;2;2;2;1;
24188;202100015654;173 688;Z01;2;1;0;2;3;2;5;
24189;202100015655;173 685;B01;1;7;0;2;1;1;1;
24190;202100015655;173 686;A01;2;30;0;2;8;1;1;
24191;202100015656;173 683;B01;1;1;0;2;7;9;0;
24192;202100015656;173 684;A01;2;7;0;2;3;9;1;
24193;202100015657;173 681;A01;1;7;0;0;0;0;1;
24194;202100015657;173 682;B01;1;2;0;2;2;17;1;
24195;202100015658;173 679;A01;3;7;0;2;3;17;1;
24196;202100015658;173 680;B01;3;2;0;2;1;1;1;
24197;202100015659;173 678;A01;2;2;1;0;1;1;1;
24198;202100015660;173 676;B01;1;3;0;2;5;16;0;
24199;202100015660;173 677;A01;1;50;0;2;1;1;3;
24200;202100015661;173 674;A01;2;7;6;2;1;1;1;
24201;202100015661;173 675;B01;2;7;0;2;4;1;1;
24202;202100015662;173 672;B01;3;7;9;2;7;1;1;
24203;202100015662;173 673;A01;3;7;9;2;1;1;1;
24204;202100015663;173 670;A01;1;7;0;2;5;12;1;
24205;202100015663;173 671;B01;1;30;0;2;8;1;1;
24206;202100015664;173 668;A01;1;7;0;2;3;21;1;
24207;202100015664;173 669;B01;2;10;0;2;7;21;1;
24208;202100015665;173 666;A01;1;30;0;2;3;1;1;
24209;202100015665;173 667;B01;1;7;0;2;2;1;1;
24210;202100015666;173 665;A01;1;10;0;0;1;1;1;
24211;202100015668;173 661;B01;1;7;0;2;5;1;1;
24212;202100015668;173 662;A01;1;7;0;2;3;19;0;
24213;202100015669;173 659;B01;0;2;0;0;7;26;1;
24214;202100015669;173 660;A01;0;7;0;2;3;9;1;
24215;202100015670;173 658;A01;1;7;16;0;9;17;1;
24216;202100015671;173 656;A01;1;7;0;9;2;17;1;
24217;202100015671;173 657;B01;1;1;0;2;8;2;5;
24218;202100015672;173 655;A01;3;7;0;1;1;20;1;
24219;202100015673;173 653;A01;1;33;0;2;1;13;1;
24220;202100015673;173 654;B01;2;7;0;2;2;1;1;
24221;202100015675;173 648;B01;3;7;0;2;1;13;1;
24222;202100015675;173 649;A01;3;7;0;2;1;1;3;
24223;202100015676;173 647;A01;2;1;13;0;1;26;0;
24224;202100015677;173 646;A01;2;7;13;0;3;0;1;
24225;202100015678;173 645;A01;2;33;3;0;7;1;1;
24226;202100015679;173 643;B01;1;7;0;2;1;1;1;
24227;202100015679;173 644;A01;2;7;0;2;2;15;1;
24228;202100015680;173 642;A01;3;31;8;0;1;20;1;
24229;202100015681;173 641;A01;3;7;0;0;2;1;0;
24230;202100015682;173 639;B01;2;7;0;2;3;1;1;
24231;202100015682;173 640;A01;1;7;0;2;3;13;1;
24232;202100015683;173 638;A01;1;7;2;0;3;14;1;
24233;202100015684;173 636;B01;1;7;0;2;3;19;1;
24234;202100015684;173 637;A01;1;33;0;2;1;17;1;
24235;202100015685;173 630;A01;1;7;2;0;1;1;1;
24236;202100015686;173 629;A01;2;33;3;0;0;13;1;
24237;202100015687;173 627;A01;1;7;0;9;3;1;1;
24238;202100015687;173 628;B01;2;1;0;2;8;19;5;
24239;202100015688;173 626;A01;0;15;13;0;9;1;1;
24240;202100015689;173 625;A01;0;7;0;0;9;1;1;
24241;202100015690;173 624;A01;3;33;13;0;0;0;1;
24242;202100015691;173 622;A01;1;7;0;2;1;1;1;
24243;202100015691;173 623;B01;1;7;0;2;4;1;1;
24244;202100015693;173 616;A01;2;7;0;0;5;15;1;
24245;202100015693;173 617;B01;1;32;0;2;1;1;1;
24246;202100015694;173 614;B01;3;2;0;2;1;1;1;
24247;202100015694;173 615;A01;3;7;0;2;2;15;1;
24248;202100015695;173 612;A01;1;33;8;2;2;1;1;
24249;202100015695;173 613;B01;0;7;0;2;3;19;1;
24250;202100015699;173 608;A01;1;33;2;0;2;1;1;
24251;202100015700;173 607;A01;1;7;15;0;1;0;1;
24252;202100015701;173 606;A01;1;7;0;1;1;2;1;
24253;202100015702;173 605;A01;2;7;2;0;1;1;1;
24254;202100015703;173 604;A01;3;7;6;0;1;1;1;
24255;202100015704;173 601;C01;1;7;0;2;1;23;1;
24256;202100015704;173 602;B01;1;1;0;2;8;19;5;
24257;202100015704;173 603;A01;2;33;0;2;1;17;1;
24258;202100015705;173 599;A01;2;33;0;2;2;1;1;
24259;202100015705;173 600;B01;2;7;0;2;3;15;1;
24260;202100015706;173 597;B01;1;2;0;2;1;1;1;
24261;202100015706;173 598;A01;1;7;0;2;2;19;1;
24262;202100015707;173 593;A01;1;7;0;2;8;1;1;
24263;202100015707;173 594;Z01;1;7;0;0;0;0;0;
24264;202100015708;173 589;B01;2;7;0;2;4;1;1;
24265;202100015708;173 590;C01;2;7;0;2;4;0;1;
24266;202100015708;173 591;D01;2;7;0;2;1;1;1;
24267;202100015708;173 592;A01;2;7;0;0;4;1;1;
24268;202100015709;173 586;A01;1;7;0;2;4;2;3;
24269;202100015709;173 587;B01;1;7;0;2;3;2;1;
24270;202100015709;173 588;C01;1;7;0;1;1;2;1;
24271;202100015710;173 584;B01;2;7;0;2;1;2;1;