;Num_Acc;id_vehicule;num_veh;senc;catv;obs;obsm;choc;manv;motor;occutc
24272;202100015710;173 585;A01;2;7;0;2;4;2;1;
24273;202100015711;173 582;Z01;1;0;0;2;0;26;0;
24274;202100015711;173 583;A01;1;7;0;2;1;26;1;
24275;202100015712;173 581;A01;1;33;3;0;2;14;1;
24276;202100015713;173 579;A01;1;80;0;2;4;2;3;
24277;202100015713;173 580;Z01;1;7;0;2;1;2;1;
24278;202100015714;173 577;B01;1;7;0;2;2;1;1;
24279;202100015714;173 578;A01;1;7;4;2;2;12;1;
24280;202100015716;173 574;B01;1;7;0;2;4;1;1;
24281;202100015716;173 575;A01;1;10;0;2;1;2;1;
24282;202100015717;173 572;A01;1;7;0;2;7;17;1;
24283;202100015717;173 573;B01;1;7;3;2;3;1;1;
24284;202100015718;173 571;A01;2;7;4;2;1;1;1;
24285;202100015719;173 569;A01;1;7;0;2;1;2;1;
24286;202100015719;173 570;B01;1;7;0;2;4;2;2;
24287;202100015721;173 567;A01;2;33;0;0;7;16;1;
24288;202100015722;173 565;A01;1;7;0;2;1;1;1;
24289;202100015722;173 566;B01;1;15;0;2;6;2;1;
24290;202100015723;173 563;A01;-1;7;0;2;1;1;1;
24291;202100015723;173 564;B01;-1;15;0;2;4;1;0;
24292;202100015724;173 562;A01;1;7;14;0;1;26;1;
24293;202100015725;173 557;E01;2;7;0;2;1;21;1;
24294;202100015725;173 558;D01;2;7;0;2;8;1;1;
24295;202100015725;173 559;C01;2;7;0;2;8;1;1;
24296;202100015725;173 560;B01;2;7;0;2;8;1;1;
24297;202100015725;173 561;A01;2;10;4;2;3;1;1;
24298;202100015728;173 551;C01;1;7;0;2;6;1;1;
24299;202100015728;173 552;B01;1;7;0;2;5;1;1;
24300;202100015728;173 553;A01;1;7;3;2;1;2;1;
24301;202100015729;173 550;A01;1;7;0;2;1;1;1;
24302;202100015730;173 547;B01;1;10;0;2;1;1;1;
24303;202100015730;173 548;A01;1;7;0;2;6;2;1;
24304;202100015730;173 549;C01;1;14;0;2;4;2;1;
24305;202100015732;173 544;B01;1;7;0;2;4;2;1;
24306;202100015732;173 545;A01;1;7;0;2;1;2;1;
24307;202100015733;173 542;A01;1;10;6;0;9;0;1;
24308;202100015733;173 543;B01;1;7;0;0;1;1;1;
24309;202100015734;173 541;A01;2;7;4;0;9;2;1;
24310;202100015735;173 538;C01;2;7;0;2;5;2;1;
24311;202100015735;173 539;A01;2;7;15;2;2;15;1;
24312;202100015735;173 540;B01;2;7;0;2;6;2;1;
24313;202100015736;173 536;B01;2;7;4;2;8;9;1;
24314;202100015736;173 537;A01;1;15;0;2;7;1;0;
24315;202100015737;173 534;A01;1;34;1;2;1;18;1;
24316;202100015737;173 535;B01;1;10;0;0;0;22;1;
24317;202100015740;173 530;B01;1;14;0;2;2;16;1;
24318;202100015740;173 531;A01;1;32;0;2;3;18;1;
24319;202100015741;173 529;A01;1;10;0;1;2;1;1;
24320;202100015742;173 527;B01;1;33;0;2;3;1;1;
24321;202100015742;173 528;A01;1;30;0;2;1;1;1;
24322;202100015743;173 526;A01;1;7;0;1;3;7;2;
24323;202100015745;173 524;A01;1;2;12;0;0;14;1;
24324;202100015746;173 522;B01;3;30;0;2;1;1;1;
24325;202100015746;173 523;A01;3;1;0;2;8;1;5;
24326;202100015747;173 520;B01;3;32;0;2;7;1;1;
24327;202100015747;173 521;A01;3;15;0;2;2;15;1;
24328;202100015748;173 519;A01;1;7;0;1;3;1;2;
24329;202100015749;173 518;A01;1;1;2;1;4;25;5;
24330;202100015750;173 516;A01;2;33;0;2;1;2;1;
24331;202100015750;173 517;B01;2;10;0;2;0;2;3;
24332;202100015751;173 515;A01;0;37;0;1;2;7;2;1.0
24333;202100015752;173 513;B01;1;7;0;2;4;23;1;
24334;202100015752;173 514;A01;1;10;0;2;1;2;1;
24335;202100015753;173 511;A01;1;32;0;2;2;16;1;
24336;202100015753;173 512;B01;1;80;0;2;8;1;3;
24337;202100015754;173 509;A01;2;7;0;0;3;23;1;
24338;202100015754;173 510;B01;2;7;1;0;2;26;2;
24339;202100015755;173 507;B01;2;32;0;2;1;17;1;
24340;202100015755;173 508;A01;2;10;0;2;8;15;1;
24341;202100015756;173 505;A01;1;7;0;2;5;15;1;
24342;202100015756;173 506;B01;2;30;0;2;1;2;1;
24343;202100015757;173 503;B01;2;2;0;2;1;1;1;
24344;202100015757;173 504;A01;2;7;0;2;3;26;1;
24345;202100015758;173 501;A01;2;34;0;2;1;16;1;
24346;202100015758;173 502;B01;2;1;0;2;1;15;5;
24347;202100015759;173 500;A01;1;7;1;0;2;1;1;
24348;202100015760;173 499;A01;1;33;0;1;1;1;1;
24349;202100015761;173 497;A01;2;7;0;2;5;15;2;
24350;202100015761;173 498;B01;2;34;0;2;1;1;3;
24351;202100015762;173 495;A01;3;7;0;2;1;9;1;
24352;202100015762;173 496;B01;1;2;0;2;1;26;1;
24353;202100015763;173 493;B01;1;50;0;2;8;1;3;
24354;202100015763;173 494;A01;1;10;0;2;7;17;0;
24355;202100015764;173 490;C01;1;7;0;2;0;0;1;
24356;202100015764;173 491;B01;1;7;0;2;9;1;1;
24357;202100015764;173 492;A01;1;7;0;2;1;9;1;
24358;202100015766;173 486;A01;-1;7;0;2;1;2;1;
24359;202100015766;173 487;B01;3;7;0;2;4;23;1;
24360;202100015767;173 484;B01;2;7;0;2;1;1;1;
24361;202100015767;173 485;A01;1;7;0;2;1;11;1;
24362;202100015768;173 483;A01;1;7;0;1;2;1;1;
24363;202100015769;173 481;A01;3;7;0;9;3;9;1;
24364;202100015769;173 482;B01;3;1;0;2;1;1;0;
24365;202100015770;173 479;B01;0;7;0;2;1;0;1;
24366;202100015770;173 480;A01;1;7;0;2;0;0;1;
24367;202100015771;173 477;A01;1;7;0;2;1;26;1;
24368;202100015771;173 478;B01;1;32;0;2;7;1;1;
24369;202100015773;173 475;A01;2;7;0;1;1;15;0;
24370;202100015774;173 473;A01;2;7;0;2;2;16;1;
24371;202100015774;173 474;B01;2;80;0;2;8;1;3;
24372;202100015775;173 471;A01;0;1;0;2;8;13;5;
24373;202100015775;173 472;B01;1;10;0;2;0;0;1;
24374;202100015776;173 469;B01;0;32;1;2;0;0;0;
24375;202100015776;173 470;A01;0;20;0;2;0;13;0;
24376;202100015777;173 468;A01;2;7;0;1;1;1;1;
24377;202100015778;173 466;B01;0;7;0;2;8;1;1;
24378;202100015778;173 467;A01;0;7;0;2;1;1;1;
24379;202100015779;173 464;B01;1;33;0;2;1;2;1;
24380;202100015779;173 465;A01;2;7;0;2;1;15;3;
24381;202100015780;173 462;A01;1;7;0;2;3;15;1;
24382;202100015780;173 463;B01;2;32;0;2;8;0;1;
24383;202100015781;173 461;A01;2;7;0;1;4;4;1;
24384;202100015782;173 460;Z01;2;7;0;1;3;1;0;
24385;202100015783;173 459;A01;1;10;0;1;1;15;1;
24386;202100015784;173 457;A01;1;7;0;2;5;16;1;
24387;202100015784;173 458;B01;1;1;0;2;1;18;5;
24388;202100015785;173 455;A01;1;7;0;2;2;15;1;
24389;202100015785;173 456;B01;2;7;0;2;1;1;1;
24390;202100015786;173 453;B01;0;7;0;2;3;1;1;
24391;202100015786;173 454;A01;3;7;0;2;3;1;1;
24392;202100015787;173 451;B01;1;7;0;2;1;1;1;
24393;202100015787;173 452;A01;1;13;0;0;5;1;1;
24394;202100015788;173 450;A01;1;33;2;0;1;0;1;
24395;202100015789;173 447;C01;2;7;0;2;6;1;1;
24396;202100015789;173 448;B01;2;7;0;0;3;23;1;
24397;202100015789;173 449;A01;1;33;1;2;0;0;1;
24398;202100015790;173 445;A01;1;33;0;2;1;13;1;
24399;202100015790;173 446;B01;2;7;0;2;8;15;1;
24400;202100015791;173 444;A01;2;2;13;0;3;0;1;
24401;202100015792;173 442;B01;2;10;0;2;3;1;1;
24402;202100015792;173 443;A01;2;7;0;2;5;12;1;
24403;202100015793;173 440;A01;1;7;0;2;1;1;1;
24404;202100015793;173 441;B01;1;7;1;0;6;15;1;
24405;202100015794;173 438;A01;3;1;0;2;4;2;5;
24406;202100015794;173 439;B01;3;7;0;9;2;17;1;
24407;202100015796;173 433;B01;1;32;0;2;3;15;1;
24408;202100015796;173 434;A01;1;7;0;2;5;1;1;
24409;202100015797;173 431;A01;1;7;3;2;3;1;1;
24410;202100015797;173 432;B01;2;7;3;2;3;1;1;
24411;202100015798;173 429;B01;2;17;0;2;1;1;1;
24412;202100015798;173 430;A01;1;7;0;2;1;13;1;
24413;202100015799;173 427;A01;2;7;0;0;4;2;1;
24414;202100015799;173 428;B01;2;33;0;0;1;2;1;
24415;202100015800;173 425;B01;1;7;0;2;1;2;1;
24416;202100015800;173 426;A01;2;7;0;2;3;9;1;
24417;202100015801;173 424;A01;1;7;2;0;2;1;1;
24418;202100015802;173 423;A01;3;33;0;9;1;1;1;
24419;202100015803;173 422;A01;1;2;8;0;8;5;1;
24420;202100015804;173 421;A01;2;33;2;0;0;1;1;
24421;202100015805;173 420;A01;2;7;16;0;5;1;1;
24422;202100015806;173 418;A01;1;30;0;2;7;15;1;
24423;202100015806;173 419;B01;2;7;0;2;1;1;1;
24424;202100015807;173 417;A01;3;7;7;0;0;0;1;
24425;202100015808;173 416;A01;2;7;13;0;1;1;1;
24426;202100015809;173 415;A01;2;7;13;0;1;1;1;
24427;202100015810;173 413;A01;1;7;0;2;1;13;1;
24428;202100015810;173 414;B01;2;7;0;2;1;1;1;
24429;202100015811;173 412;A01;1;7;13;0;3;0;1;
24430;202100015812;173 411;A01;3;7;0;0;3;1;1;
24431;202100015813;173 409;A01;2;32;0;2;1;2;1;
24432;202100015813;173 410;B01;2;7;0;2;4;15;1;
24433;202100015814;173 407;B01;1;7;0;0;4;23;1;
24434;202100015814;173 408;A01;2;10;0;2;1;1;0;
24435;202100015815;173 405;A01;1;7;1;0;8;1;1;
24436;202100015815;173 406;B01;1;7;1;0;7;24;1;
24437;202100015816;173 403;B01;1;33;0;2;1;1;1;
24438;202100015816;173 404;A01;2;7;0;2;5;15;1;
24439;202100015817;173 402;A01;1;33;0;0;8;1;1;
24440;202100015818;173 400;B01;1;10;0;2;3;1;1;
24441;202100015818;173 401;A01;2;7;0;2;3;5;0;
24442;202100015819;173 397;A01;1;7;16;0;1;0;1;
24443;202100015820;173 396;A01;1;7;0;1;2;1;1;
24444;202100015821;173 393;A01;1;7;3;0;9;1;1;
24445;202100015822;173 391;B01;2;1;0;2;1;0;5;
24446;202100015822;173 392;A01;1;7;0;2;2;16;2;
24447;202100015823;173 389;A01;2;32;0;2;2;17;1;
24448;202100015823;173 390;B01;2;7;0;0;3;15;1;
24449;202100015824;173 388;A01;2;32;0;0;7;1;1;
24450;202100015825;173 386;A01;2;33;0;0;3;1;1;
24451;202100015825;173 387;B01;2;7;0;0;5;17;1;
24452;202100015826;173 385;A01;2;7;3;0;2;1;1;
24453;202100015827;173 382;C01;2;7;0;2;4;1;1;
24454;202100015827;173 383;B01;2;7;0;2;3;11;0;
24455;202100015827;173 384;A01;2;33;0;2;5;1;1;
24456;202100015829;173 379;A01;2;7;0;0;3;1;1;
24457;202100015829;173 380;B01;2;7;0;2;3;13;1;
24458;202100015830;173 377;A01;1;33;0;2;1;13;1;
24459;202100015830;173 378;B01;2;14;0;2;3;1;1;
24460;202100015831;173 376;A01;3;33;0;0;8;1;1;
24461;202100015833;173 372;B01;3;7;0;2;3;14;1;
24462;202100015833;173 373;A01;3;31;0;2;1;5;1;
24463;202100015834;173 370;A01;3;10;0;2;3;1;1;
24464;202100015834;173 371;B01;3;80;0;2;1;13;3;
24465;202100015835;173 368;B01;0;1;0;2;1;1;5;
24466;202100015835;173 369;A01;2;7;0;9;3;15;2;
24467;202100015836;173 367;A01;1;7;0;1;3;15;1;
24468;202100015837;173 365;B01;1;43;0;2;1;21;1;
24469;202100015837;173 366;A01;1;7;0;0;6;22;1;
24470;202100015838;173 364;A01;1;7;0;1;2;1;1;
24471;202100015839;173 363;A01;1;7;0;1;2;16;1;
24472;202100015840;173 361;A01;0;7;0;0;6;1;1;
24473;202100015840;173 362;B01;0;7;0;2;2;1;1;
24474;202100015842;173 357;A01;2;10;0;2;2;14;1;
24475;202100015842;173 358;B01;2;33;0;2;3;7;1;
24476;202100015842;173 359;C01;2;7;0;2;1;1;1;
24477;202100015844;173 353;B01;2;7;0;2;5;2;1;
24478;202100015844;173 354;A01;2;7;0;2;3;2;1;
24479;202100015845;173 351;B01;1;10;0;2;5;2;1;
24480;202100015845;173 352;A01;1;33;0;2;1;3;1;
24481;202100015846;173 350;A01;2;33;4;0;8;2;1;
24482;202100015847;173 348;A01;2;33;0;2;4;2;1;
24483;202100015847;173 349;B01;2;10;0;2;1;2;1;
24484;202100015849;173 344;B01;2;7;0;2;4;1;1;
24485;202100015849;173 345;A01;2;7;0;2;1;2;1;
24486;202100015850;173 342;B01;1;7;0;2;4;2;1;
24487;202100015850;173 343;A01;1;7;0;2;1;2;1;
24488;202100015851;173 339;A01;1;7;0;2;4;1;1;
24489;202100015851;173 340;C01;1;7;0;2;1;1;1;
24490;202100015851;173 341;B01;1;7;0;2;4;1;1;
24491;202100015852;173 337;B01;1;7;0;2;8;2;1;
24492;202100015852;173 338;A01;1;33;0;2;1;3;1;
24493;202100015853;173 335;B01;2;33;0;2;8;1;1;
24494;202100015853;173 336;A01;2;7;0;2;7;12;1;
24495;202100015854;173 334;A01;3;7;0;1;3;1;1;
24496;202100015855;173 333;A01;3;7;0;1;1;24;1;
24497;202100015856;173 332;A01;1;7;1;0;1;14;1;
24498;202100015857;173 330;B01;1;32;0;2;1;1;1;
24499;202100015857;173 331;A01;2;7;0;2;7;15;1;
24500;202100015858;173 329;A01;1;7;0;1;1;1;1;
24501;202100015859;173 328;A01;1;2;0;0;0;1;1;
24502;202100015860;173 327;A01;1;7;0;1;7;13;1;
24503;202100015861;173 325;B01;1;7;0;2;6;2;1;
24504;202100015861;173 326;A01;1;7;0;2;2;2;1;
24505;202100015862;173 323;A01;2;50;0;0;7;26;3;
24506;202100015862;173 324;B01;2;7;0;2;0;0;0;
24507;202100015863;173 321;A01;1;50;0;2;1;25;3;
24508;202100015863;173 322;B01;3;7;0;2;3;26;1;
24509;202100015864;173 319;B01;1;50;0;2;1;1;3;
24510;202100015864;173 320;A01;3;7;0;2;1;9;1;
24511;202100015865;173 317;A01;3;7;0;2;1;15;1;
24512;202100015865;173 318;B01;2;80;0;2;2;19;3;
24513;202100015866;173 316;A01;2;7;13;0;1;26;1;
24514;202100015867;173 314;B01;2;7;0;2;5;16;1;
24515;202100015867;173 315;A01;2;32;0;2;1;2;1;
24516;202100015868;173 311;A01;1;7;0;2;7;18;1;
24517;202100015868;173 312;B01;1;7;0;2;8;1;1;
24518;202100015868;173 313;C01;2;7;0;2;4;1;1;
24519;202100015869;173 310;A01;1;7;0;2;2;2;1;
24520;202100015870;173 309;A01;0;7;1;1;1;1;0;
24521;202100015871;173 308;A01;3;7;5;0;2;14;2;
24522;202100015872;173 306;A01;3;10;0;2;3;5;1;
24523;202100015872;173 307;B01;3;7;0;2;2;1;1;
24524;202100015874;173 303;B01;1;10;0;2;1;1;1;
24525;202100015874;173 304;A01;1;7;0;2;4;23;1;
24526;202100015875;173 300;A01;2;32;0;2;0;1;1;
24527;202100015875;173 301;B01;2;7;0;0;4;1;1;
24528;202100015875;173 302;C01;1;10;0;0;3;1;1;
24529;202100015876;173 299;A01;3;7;1;0;1;1;1;
24530;202100015877;173 297;A01;3;1;0;2;7;19;5;
24531;202100015877;173 298;B01;1;7;0;2;0;0;1;
24532;202100015878;173 296;A01;1;13;0;1;2;26;1;
24533;202100015879;173 294;B01;1;34;0;2;1;2;1;
24534;202100015879;173 295;A01;1;7;0;2;5;15;2;
24535;202100015880;173 291;C01;2;7;0;2;6;2;0;
24536;202100015880;173 292;A01;2;7;0;2;3;17;0;
24537;202100015880;173 293;B01;1;7;0;2;3;1;0;
24538;202100015881;173 289;B01;2;7;0;2;4;2;1;
24539;202100015881;173 290;A01;2;7;0;2;1;2;1;
24540;202100015882;173 287;B01;3;7;0;2;2;0;1;
24541;202100015882;173 288;A01;3;7;2;2;8;26;1;
24542;202100015883;173 285;B01;1;7;0;2;2;13;1;
24543;202100015883;173 286;A01;1;7;0;2;3;17;1;
24544;202100015884;173 282;A01;2;32;14;0;3;1;1;
24545;202100015885;173 280;B01;0;7;0;0;1;16;1;
24546;202100015885;173 281;A01;0;32;0;2;3;16;1;
24547;202100015886;173 273;A01;1;7;0;1;1;1;1;
24548;202100015888;173 269;B01;3;7;0;2;3;15;1;
24549;202100015888;173 270;A01;3;2;0;2;1;1;1;
24550;202100015889;173 267;B01;3;7;0;2;4;2;1;
24551;202100015889;173 268;A01;3;7;0;2;1;2;1;
24552;202100015890;173 266;A01;3;30;0;0;0;1;1;
24553;202100015892;173 263;A01;1;21;0;1;7;26;1;
24554;202100015893;173 262;A01;2;32;2;0;1;26;1;
24555;202100015894;173 260;A01;2;7;0;2;3;9;1;
24556;202100015894;173 261;B01;2;1;0;2;5;1;5;
24557;202100015895;173 258;B01;1;50;0;2;1;2;3;
24558;202100015895;173 259;A01;1;7;0;2;3;2;1;
24559;202100015896;173 256;A01;1;7;0;2;1;13;1;
24560;202100015896;173 257;B01;2;7;0;2;1;1;1;
24561;202100015897;173 255;A01;1;7;12;1;5;17;1;
24562;202100015898;173 252;A01;3;7;0;2;1;2;1;
24563;202100015898;173 253;B01;3;7;0;2;4;2;1;
24564;202100015898;173 254;C01;3;7;0;2;4;2;1;
24565;202100015899;173 251;A01;1;1;12;0;1;1;5;
24566;202100015900;173 250;A01;1;30;12;0;2;21;1;
24567;202100015901;173 248;A01;2;7;0;2;1;2;1;
24568;202100015901;173 249;B01;2;7;0;2;4;1;1;
24569;202100015902;173 247;A01;1;7;1;0;3;13;1;
24570;202100015903;173 246;A01;1;7;9;0;1;1;1;
24571;202100015904;173 244;A01;1;7;0;2;1;1;1;
24572;202100015904;173 245;B01;1;7;0;2;3;1;1;
24573;202100015905;173 242;B01;1;7;0;2;1;1;1;
24574;202100015905;173 243;A01;1;7;0;2;3;15;1;
24575;202100015906;173 240;A01;2;33;0;2;1;1;1;
24576;202100015906;173 241;B01;2;7;0;0;4;12;1;
24577;202100015907;173 238;A01;1;1;0;2;1;26;5;
24578;202100015907;173 239;B01;1;7;0;2;4;2;1;
24579;202100015908;173 234;C01;1;7;0;2;4;2;1;
24580;202100015908;173 235;D01;1;7;0;2;4;2;1;
24581;202100015908;173 236;B01;1;2;0;2;4;2;1;
24582;202100015908;173 237;A01;1;10;0;2;1;2;1;
24583;202100015909;173 232;B01;2;7;0;2;3;13;1;
24584;202100015909;173 233;A01;1;7;0;2;3;21;1;
24585;202100015910;173 228;A01;2;7;0;2;1;2;1;
24586;202100015910;173 229;B01;2;7;0;2;4;1;1;
24587;202100015911;173 226;A01;3;7;0;2;1;9;3;
24588;202100015911;173 227;B01;3;32;0;2;7;1;1;
24589;202100015912;173 224;B01;2;7;0;2;2;15;1;
24590;202100015912;173 225;A01;1;1;0;2;1;19;5;
24591;202100015913;173 222;A01;1;33;0;2;1;13;1;
24592;202100015913;173 223;B01;2;1;0;2;1;1;5;
24593;202100015914;173 220;A01;3;31;0;2;7;17;1;
24594;202100015914;173 221;B01;3;7;0;2;3;15;1;
24595;202100015915;173 218;A01;1;1;0;2;1;5;5;
24596;202100015915;173 219;B01;1;7;0;2;1;16;1;
24597;202100015916;173 217;A01;2;7;0;1;1;1;1;
24598;202100015917;173 216;A01;1;7;8;0;1;26;1;
24599;202100015918;173 214;A01;1;7;0;2;2;14;1;
24600;202100015918;173 215;B01;1;2;0;2;6;0;1;
24601;202100015919;173 213;A01;1;7;6;0;1;0;1;
24602;202100015920;173 211;A01;0;7;0;2;7;18;1;
24603;202100015920;173 212;B01;0;7;0;2;3;0;1;
24604;202100015921;173 208;A01;1;7;0;0;0;0;1;
24605;202100015921;173 209;B01;1;7;0;0;0;0;1;
24606;202100015921;173 210;C01;1;7;0;0;0;0;0;
24607;202100015922;173 205;C01;1;7;0;2;1;1;1;
24608;202100015922;173 206;B01;1;7;0;2;8;1;1;
24609;202100015922;173 207;A01;2;33;0;2;1;17;1;
24610;202100015923;173 203;A01;1;7;0;2;1;1;1;
24611;202100015923;173 204;B01;1;7;0;2;7;19;1;
24612;202100015924;173 201;B01;3;80;0;2;7;19;3;
24613;202100015924;173 202;A01;3;7;0;1;1;1;1;
24614;202100015925;173 199;A01;3;16;0;2;2;14;1;
24615;202100015925;173 200;B01;3;7;0;2;8;1;1;
24616;202100015927;173 194;A01;3;43;0;2;1;2;1;
24617;202100015927;173 195;B01;3;7;0;2;4;2;1;
24618;202100015927;173 196;C01;3;7;1;2;0;0;1;
24619;202100015928;173 192;B01;1;2;0;2;1;1;1;
24620;202100015928;173 193;A01;2;7;0;2;2;15;1;
24621;202100015929;173 190;B01;3;1;0;2;0;0;0;
24622;202100015929;173 191;A01;3;1;0;2;7;9;0;
24623;202100015930;173 189;A01;1;7;0;1;1;15;1;
24624;202100015931;173 187;A01;3;7;0;2;1;15;1;
24625;202100015931;173 188;B01;0;60;0;2;1;1;5;
24626;202100015932;173 186;A01;2;7;0;1;1;1;1;
24627;202100015933;173 184;B01;1;2;0;2;7;17;1;
24628;202100015933;173 185;A01;1;7;0;2;3;15;2;
24629;202100015934;173 181;A01;3;33;0;2;1;17;1;
24630;202100015934;173 182;B01;3;7;0;2;3;11;1;
24631;202100015934;173 183;C01;3;10;0;2;0;0;1;
24632;202100015935;173 180;A01;3;7;0;1;2;1;1;
24633;202100015937;173 177;A01;1;7;0;1;1;1;1;
24634;202100015939;173 173;A01;3;7;0;9;1;15;1;
24635;202100015939;173 174;B01;3;50;0;9;1;2;3;
24636;202100015941;173 169;B01;2;7;0;2;5;2;1;
24637;202100015941;173 170;A01;2;33;0;2;1;2;1;
24638;202100015942;173 167;B01;2;1;1;0;8;1;5;
24639;202100015942;173 168;A01;2;7;0;2;7;22;1;
24640;202100015943;173 165;B01;3;7;0;2;6;2;1;
24641;202100015943;173 166;A01;3;43;0;2;2;2;1;
24642;202100015944;173 163;B01;2;33;0;0;4;23;1;
24643;202100015944;173 164;A01;2;7;0;2;3;2;1;
24644;202100015945;173 162;A01;1;7;0;1;3;1;1;
24645;202100015946;173 161;A01;1;50;0;1;7;1;3;
24646;202100015948;173 158;B01;2;7;0;2;4;23;1;
24647;202100015948;173 159;A01;2;10;0;2;1;2;1;
24648;202100015949;173 157;Z01;2;50;0;1;7;1;3;
24649;202100015951;173 155;A01;1;37;0;1;8;13;2;1.0
24650;202100015952;173 153;A01;2;30;0;2;1;17;1;
24651;202100015952;173 154;B01;1;7;0;2;1;9;1;
24652;202100015953;173 151;A01;2;34;0;2;2;1;1;
24653;202100015953;173 152;B01;2;50;0;2;1;1;3;
24654;202100015954;173 150;A01;1;7;0;1;3;1;2;
24655;202100015955;173 148;A01;2;33;0;2;1;2;1;
24656;202100015955;173 149;B01;2;32;0;2;4;23;1;
24657;202100015956;173 147;A01;2;10;0;1;4;4;1;
24658;202100015957;173 145;B01;3;30;0;2;7;1;1;
24659;202100015957;173 146;A01;3;7;0;2;8;15;1;
24660;202100015958;173 143;B01;2;33;0;2;9;1;1;
24661;202100015958;173 144;A01;1;7;0;2;2;1;1;
24662;202100015959;173 141;A01;3;10;0;2;3;9;1;
24663;202100015959;173 142;B01;3;99;0;2;1;9;3;
24664;202100015960;173 139;A01;1;7;0;0;0;0;0;
24665;202100015960;173 140;B01;2;1;0;2;8;14;5;
24666;202100015961;173 138;A01;1;10;0;1;3;1;1;
24667;202100015962;173 137;A01;3;7;0;1;2;1;1;
24668;202100015963;173 136;A01;1;99;0;1;5;1;6;
24669;202100015964;173 134;B01;2;43;0;2;2;1;1;
24670;202100015964;173 135;A01;2;7;0;2;3;15;1;
24671;202100015965;173 133;A01;1;7;0;1;0;1;1;
24672;202100015966;173 131;B01;3;2;0;2;2;17;0;
24673;202100015966;173 132;A01;3;10;0;2;8;15;0;
24674;202100015967;173 129;B01;2;33;0;2;5;1;1;
24675;202100015967;173 130;A01;1;7;0;2;1;16;1;
24676;202100015968;173 127;A01;1;7;0;2;3;10;1;
24677;202100015968;173 128;B01;1;33;0;2;2;1;1;
24678;202100015969;173 125;A01;1;7;0;2;2;14;1;
24679;202100015969;173 126;B01;1;30;0;2;8;0;1;
24680;202100015970;173 123;A01;3;7;0;2;8;10;2;
24681;202100015970;173 124;B01;1;33;0;2;2;1;0;
24682;202100015971;173 119;B01;2;1;0;2;4;1;5;
24683;202100015971;173 120;A01;2;7;0;2;1;2;2;
24684;202100015972;173 117;A01;2;2;0;1;0;15;1;
24685;202100015972;173 118;B01;2;60;0;2;-1;25;5;
24686;202100015973;173 116;A01;1;10;0;1;1;15;1;
24687;202100015974;173 114;B01;2;1;0;2;1;1;5;
24688;202100015974;173 115;A01;2;7;0;2;8;24;1;
24689;202100015975;173 112;B01;2;21;0;2;8;26;1;
24690;202100015975;173 113;A01;1;10;0;2;3;19;1;
24691;202100015976;173 110;A01;0;7;0;2;3;15;1;
24692;202100015976;173 111;B01;3;2;0;2;1;1;1;
24693;202100015977;173 108;B01;1;7;0;2;1;9;1;
24694;202100015977;173 109;A01;1;7;0;0;4;1;1;
24695;202100015978;173 106;B01;1;14;0;2;3;2;1;
24696;202100015978;173 107;A01;2;7;3;0;1;2;1;
24697;202100015979;173 104;B01;1;7;0;2;1;1;1;
24698;202100015979;173 105;A01;2;7;0;2;1;1;1;
24699;202100015980;173 102;B01;2;10;0;2;1;1;1;
24700;202100015980;173 103;A01;1;7;10;2;1;1;1;
24701;202100015981;173 101;A01;2;7;16;0;1;0;1;
24702;202100015982;173 100;A01;1;7;2;0;3;1;1;
24703;202100015983;173 098;A01;2;7;0;9;3;9;1;
24704;202100015983;173 099;B01;1;1;0;2;2;1;6;
24705;202100015984;173 096;A01;2;7;0;0;2;2;1;
24706;202100015984;173 097;B01;2;1;12;2;4;2;5;
24707;202100015985;173 095;A01;2;7;2;0;3;13;1;
24708;202100015986;173 093;A01;2;7;0;2;2;17;1;
24709;202100015986;173 094;B01;2;2;0;2;6;15;1;
24710;202100015987;173 091;A01;1;7;0;2;1;13;2;
24711;202100015987;173 092;B01;2;7;0;2;1;21;1;
24712;202100015988;173 089;A01;1;10;0;2;3;1;1;
24713;202100015988;173 090;B01;2;7;0;2;3;13;1;
24714;202100015989;173 086;B01;1;33;0;2;1;1;1;
24715;202100015989;173 087;C01;2;7;0;2;3;1;1;
24716;202100015989;173 088;A01;2;7;0;2;7;17;1;
24717;202100015990;173 085;A01;2;10;6;0;1;1;1;
24718;202100015991;173 083;A01;2;7;0;2;1;13;1;
24719;202100015991;173 084;B01;1;7;0;2;1;1;1;
24720;202100015992;173 082;A01;2;7;2;0;1;1;1;
24721;202100015993;173 081;A01;1;33;0;0;9;13;1;
24722;202100015994;173 079;B01;2;15;0;2;8;1;1;
24723;202100015994;173 080;A01;1;33;0;2;3;5;1;
24724;202100015995;173 077;A01;1;33;5;2;0;3;1;
24725;202100015995;173 078;B01;1;7;0;2;2;1;1;
24726;202100015996;173 075;A01;0;7;0;2;8;9;1;
24727;202100015996;173 076;B01;0;7;0;2;1;1;1;
24728;202100015997;173 073;B01;2;7;0;2;5;15;1;
24729;202100015997;173 074;A01;2;10;0;2;2;1;1;
24730;202100015998;173 071;A01;1;7;0;0;1;1;1;
24731;202100015998;173 072;B01;2;7;0;0;1;1;1;
24732;202100015999;173 069;B01;2;33;0;2;1;1;1;
24733;202100015999;173 070;A01;0;10;0;2;6;19;1;
24734;202100016000;173 067;A01;1;7;0;2;1;2;1;