;Num_Acc;id_vehicule;num_veh;senc;catv;obs;obsm;choc;manv;motor;occutc
24735;202100016000;173 068;B01;1;15;0;0;4;2;1;
24736;202100016002;173 064;B01;1;2;7;2;7;1;1;
24737;202100016002;173 065;A01;1;7;0;2;1;19;1;
24738;202100016003;173 063;A01;2;7;13;0;1;14;1;
24739;202100016004;173 061;B01;3;7;0;2;5;1;1;
24740;202100016004;173 062;A01;1;7;0;2;1;1;1;
24741;202100016005;173 059;A01;1;7;0;2;2;15;1;
24742;202100016005;173 060;B01;2;13;0;2;1;1;0;
24743;202100016007;173 052;A01;2;2;0;2;1;1;1;
24744;202100016007;173 053;B01;1;7;0;2;1;1;1;
24745;202100016008;173 049;B01;1;7;0;2;1;1;1;
24746;202100016008;173 050;A01;2;7;0;2;2;15;1;
24747;202100016009;173 046;B01;2;7;0;2;2;15;1;
24748;202100016009;173 047;A01;2;7;0;2;1;1;1;
24749;202100016011;173 042;B01;0;7;0;2;4;2;1;
24750;202100016011;173 043;A01;0;10;0;2;1;2;1;
24751;202100016012;173 041;A01;2;10;16;0;3;1;1;
24752;202100016013;173 039;B01;0;1;0;2;3;1;5;
24753;202100016013;173 040;A01;0;7;0;2;1;1;1;
24754;202100016014;173 037;B01;1;7;0;2;1;1;1;
24755;202100016014;173 038;A01;2;7;0;2;1;5;2;
24756;202100016015;173 035;A01;2;10;0;2;3;1;0;
24757;202100016015;173 036;B01;2;33;13;0;2;1;1;
24758;202100016016;173 034;A01;1;7;13;0;1;16;1;
24759;202100016017;173 033;A01;1;33;5;0;3;13;1;
24760;202100016018;173 031;A01;2;7;0;2;4;2;1;
24761;202100016018;173 032;B01;2;7;0;2;1;2;1;
24762;202100016019;173 030;A01;1;7;12;0;2;1;1;
24763;202100016020;173 028;B01;2;7;0;0;5;12;1;
24764;202100016020;173 029;A01;2;10;0;2;3;1;1;
24765;202100016023;173 018;B01;2;33;0;2;1;15;1;
24766;202100016023;173 019;A01;1;7;0;2;7;15;1;
24767;202100016024;173 016;B01;3;33;0;2;1;1;1;
24768;202100016024;173 017;A01;3;99;0;2;3;26;1;
24769;202100016025;173 014;A01;2;7;0;9;2;1;1;
24770;202100016025;173 015;B01;2;1;0;0;4;0;5;
24771;202100016026;173 013;A01;1;31;0;0;0;0;1;
24772;202100016027;173 011;B01;1;7;0;0;3;1;1;
24773;202100016027;173 012;A01;2;7;0;0;3;13;1;
24774;202100016028;173 009;A01;1;2;12;0;0;12;1;
24775;202100016028;173 010;B01;1;7;0;2;3;9;1;
24776;202100016029;173 008;A01;1;7;17;0;3;13;1;
24777;202100016030;173 006;A01;2;7;0;2;8;10;1;
24778;202100016030;173 007;B01;2;17;0;2;2;1;1;
24779;202100016031;173 004;B01;0;7;0;2;3;17;1;
24780;202100016031;173 005;A01;0;33;0;2;7;17;1;
24781;202100016032;173 003;A01;1;7;13;0;9;1;1;
24782;202100016033;173 001;A01;1;7;0;2;4;26;2;
24783;202100016033;173 002;B01;1;10;0;2;2;2;1;
24784;202100016035;172 998;A01;1;10;0;2;4;2;1;
24785;202100016035;172 999;Z01;1;7;0;2;1;2;0;
24786;202100016036;172 992;A01;1;7;0;2;6;1;1;
24787;202100016036;172 993;B01;1;7;0;2;1;1;1;
24788;202100016036;172 994;C01;1;10;0;2;1;1;1;
24789;202100016037;172 990;B01;2;7;0;2;7;12;1;
24790;202100016037;172 991;A01;2;32;0;2;8;3;1;
24791;202100016038;172 988;A01;2;10;1;0;2;14;1;
24792;202100016038;172 989;B01;2;14;0;2;6;23;1;
24793;202100016039;172 986;A01;1;17;0;2;2;12;1;
24794;202100016039;172 987;B01;1;7;0;2;3;1;1;
24795;202100016040;172 984;A01;1;33;0;2;1;3;1;
24796;202100016040;172 985;B01;1;7;0;2;2;2;1;
24797;202100016041;172 982;B01;2;33;0;2;8;3;1;
24798;202100016041;172 983;A01;1;7;0;2;2;1;1;
24799;202100016042;172 980;B01;1;31;0;2;1;3;1;
24800;202100016042;172 981;A01;1;7;0;2;5;12;1;
24801;202100016043;172 977;C01;1;7;0;2;8;2;1;
24802;202100016043;172 978;B01;1;33;0;2;1;3;1;
24803;202100016043;172 979;A01;1;7;0;2;5;12;0;
24804;202100016044;172 974;C01;1;7;0;2;5;1;1;
24805;202100016044;172 975;B01;1;33;0;2;7;3;1;
24806;202100016044;172 976;A01;1;7;0;2;3;11;1;
24807;202100016045;172 971;C01;2;33;0;2;1;3;1;
24808;202100016045;172 972;A01;2;33;0;2;8;3;1;
24809;202100016045;172 973;B01;2;7;0;2;5;1;1;
24810;202100016046;172 969;A01;2;7;0;2;1;1;1;
24811;202100016046;172 970;B01;2;7;0;2;4;1;1;
24812;202100016048;172 965;B01;2;7;0;2;2;12;1;
24813;202100016048;172 966;A01;2;33;0;2;3;3;1;
24814;202100016049;172 964;A01;2;7;3;0;8;13;1;
24815;202100016050;172 962;B01;2;33;0;2;3;3;1;
24816;202100016050;172 963;A01;2;7;0;2;2;12;1;
24817;202100016051;172 960;A01;2;10;0;2;1;1;1;
24818;202100016051;172 961;B01;2;7;0;2;4;1;1;
24819;202100016052;172 955;B01;2;7;0;2;3;11;1;
24820;202100016052;172 956;E01;2;7;0;2;6;1;1;
24821;202100016052;172 957;D01;2;7;0;2;8;1;1;
24822;202100016052;172 958;C01;2;10;0;2;5;1;1;
24823;202100016052;172 959;A01;2;33;0;2;1;1;1;
24824;202100016053;172 952;A01;2;7;0;2;1;1;1;
24825;202100016053;172 953;B01;2;10;0;2;4;1;1;
24826;202100016053;172 954;C01;2;10;0;2;4;1;1;
24827;202100016054;172 951;A01;1;7;4;0;4;26;1;
24828;202100016056;172 948;B01;2;7;2;2;5;12;1;
24829;202100016056;172 949;A01;2;7;2;2;3;1;1;
24830;202100016058;172 945;A01;3;15;0;0;0;16;1;
24831;202100016059;172 944;A01;1;7;0;1;3;15;1;
24832;202100016060;172 943;A01;1;7;0;1;2;1;1;
24833;202100016061;172 942;A01;0;7;0;1;8;1;1;
24834;202100016062;172 940;A01;1;7;0;2;1;9;1;
24835;202100016062;172 941;B01;2;2;0;2;8;1;1;
24836;202100016063;172 939;A01;0;33;11;0;1;14;1;
24837;202100016064;172 937;B01;1;7;0;0;6;2;1;
24838;202100016064;172 938;A01;1;7;0;2;2;1;1;
24839;202100016066;172 933;A01;3;10;0;2;1;1;1;
24840;202100016066;172 934;B01;3;7;0;2;4;1;1;
24841;202100016067;172 931;A01;1;7;0;2;5;15;1;
24842;202100016067;172 932;B01;2;2;0;2;1;1;1;
24843;202100016069;172 927;B01;1;7;0;2;4;23;1;
24844;202100016069;172 928;A01;1;7;0;2;1;1;1;
24845;202100016070;172 925;A01;-1;30;-1;-1;-1;-1;-1;
24846;202100016070;172 926;B01;2;7;0;2;3;1;1;
24847;202100016072;172 922;B01;0;1;0;1;0;0;-1;
24848;202100016073;172 920;B01;1;7;0;9;2;1;1;
24849;202100016073;172 921;A01;2;1;0;2;1;15;0;
24850;202100016074;172 916;B01;1;7;0;2;5;2;1;
24851;202100016074;172 917;C01;1;7;0;2;4;2;1;
24852;202100016074;172 918;D01;1;7;0;2;4;2;1;
24853;202100016074;172 919;A01;1;7;0;2;1;2;1;
24854;202100016075;172 914;B01;3;7;0;2;8;9;1;
24855;202100016075;172 915;A01;2;7;0;2;1;1;1;
24856;202100016076;172 910;D01;3;7;0;2;1;1;1;
24857;202100016076;172 911;C01;3;7;0;2;1;1;1;
24858;202100016076;172 912;B01;3;10;0;2;1;1;1;
24859;202100016076;172 913;A01;3;7;0;2;4;1;1;
24860;202100016077;172 908;A01;1;2;0;2;1;1;3;
24861;202100016077;172 909;B01;1;7;0;2;0;0;1;
24862;202100016078;172 906;B01;1;7;14;2;6;0;2;
24863;202100016078;172 907;A01;1;1;0;2;1;16;5;
24864;202100016079;172 904;A01;1;33;0;2;1;2;1;
24865;202100016079;172 905;B01;1;7;0;2;5;2;1;
24866;202100016080;172 901;A01;0;7;0;2;2;9;0;
24867;202100016080;172 902;B01;0;33;0;2;1;1;0;
24868;202100016080;172 903;D01;0;7;0;2;3;0;0;
24869;202100016081;172 898;A01;2;7;0;1;1;1;1;
24870;202100016082;172 896;B01;1;7;0;2;4;2;1;
24871;202100016082;172 897;A01;1;7;0;2;1;2;1;
24872;202100016084;172 894;A01;3;7;0;1;1;1;1;
24873;202100016085;172 893;A01;3;37;8;0;2;15;0;4.0
24874;202100016086;172 891;A01;2;7;0;2;3;0;1;
24875;202100016086;172 892;B01;1;7;0;2;6;0;1;
24876;202100016087;172 890;A01;2;7;0;1;3;1;2;
24877;202100016088;172 888;B01;2;31;0;2;1;17;1;
24878;202100016088;172 889;A01;2;7;0;2;3;15;1;
24879;202100016089;172 886;B01;0;7;0;2;1;1;1;
24880;202100016089;172 887;A01;0;10;0;2;7;1;1;
24881;202100016090;172 884;B01;1;34;0;2;8;1;1;
24882;202100016090;172 885;A01;1;7;0;2;1;1;1;
24883;202100016091;172 882;A01;2;10;0;2;0;0;1;
24884;202100016091;172 883;B01;2;7;0;2;4;23;1;
24885;202100016092;172 881;A01;0;7;0;5;9;26;1;
24886;202100016093;172 879;D01;1;7;0;2;0;17;0;
24887;202100016093;172 880;A01;1;50;0;2;3;1;3;
24888;202100016094;172 878;A01;2;7;0;1;1;26;1;
24889;202100016095;172 876;B01;3;7;0;2;4;2;1;
24890;202100016095;172 877;A01;3;7;0;2;1;2;1;
24891;202100016096;172 871;D01;2;7;0;9;1;1;0;
24892;202100016096;172 872;C01;2;10;0;2;8;1;0;
24893;202100016096;172 873;B01;2;14;0;2;6;1;0;
24894;202100016096;172 874;A01;2;10;0;2;1;21;1;
24895;202100016096;172 875;E01;2;7;0;2;8;1;0;
24896;202100016097;172 865;B01;3;7;0;2;8;0;1;
24897;202100016097;172 866;A01;1;30;0;2;1;14;1;
24898;202100016098;172 864;A01;1;31;0;0;1;1;1;
24899;202100016099;172 863;A01;2;7;0;1;3;1;1;
24900;202100016100;172 861;B01;2;7;0;2;3;1;1;
24901;202100016100;172 862;A01;1;7;7;2;1;15;1;
24902;202100016101;172 860;A01;1;7;0;1;8;2;1;
24903;202100016102;172 858;A01;1;1;0;9;3;13;5;
24904;202100016102;172 859;B01;2;1;0;9;3;0;5;
24905;202100016103;172 856;B01;1;7;0;2;5;2;1;
24906;202100016103;172 857;A01;1;32;0;2;1;2;1;
24907;202100016104;172 855;A01;2;7;0;1;1;1;1;
24908;202100016105;172 854;A01;0;7;0;1;4;4;1;
24909;202100016106;172 853;A01;0;7;0;1;1;1;1;
24910;202100016107;172 851;B01;0;2;0;2;8;1;1;
24911;202100016107;172 852;A01;0;7;0;2;2;1;1;
24912;202100016108;172 850;A01;0;7;0;1;3;1;1;
24913;202100016109;172 848;B01;0;7;0;2;3;16;1;
24914;202100016109;172 849;A01;0;10;0;2;5;1;3;
24915;202100016110;172 847;A01;1;7;1;0;2;26;1;
24916;202100016111;172 845;B01;1;50;0;2;0;1;3;
24917;202100016111;172 846;A01;3;7;0;9;2;19;1;
24918;202100016112;172 844;A01;3;10;0;1;7;0;1;
24919;202100016113;172 842;B01;2;34;0;2;1;1;1;
24920;202100016113;172 843;A01;1;7;0;2;2;15;1;
24921;202100016114;172 841;A01;0;50;0;0;0;26;3;
24922;202100016115;172 840;A01;1;7;0;1;5;17;1;
24923;202100016116;172 836;B01;2;7;0;2;1;1;1;
24924;202100016116;172 837;A01;1;7;0;2;1;13;1;
24925;202100016117;172 834;B01;1;7;0;2;4;2;1;
24926;202100016117;172 835;A01;1;1;0;2;1;2;5;
24927;202100016118;172 830;A01;1;7;0;2;1;9;1;
24928;202100016118;172 831;B01;1;2;0;2;7;1;1;
24929;202100016119;172 829;A01;0;7;1;0;1;1;1;
24930;202100016121;172 825;A01;3;7;0;2;7;1;1;
24931;202100016121;172 826;B01;3;50;0;2;1;1;3;
24932;202100016122;172 823;A01;1;1;0;2;3;9;5;
24933;202100016122;172 824;B01;1;14;0;2;5;1;1;
24934;202100016123;172 822;A01;1;7;0;1;2;16;1;
24935;202100016124;172 820;B01;1;7;0;2;4;2;1;
24936;202100016124;172 821;A01;1;7;0;2;1;2;1;
24937;202100016125;172 818;B01;2;7;0;2;1;9;1;
24938;202100016125;172 819;A01;1;30;0;2;1;26;1;
24939;202100016126;172 817;A01;2;7;0;1;1;1;1;
24940;202100016127;172 815;A01;1;31;0;2;8;18;1;
24941;202100016127;172 816;B01;1;7;0;2;2;16;1;
24942;202100016128;172 813;B01;3;7;0;2;1;1;3;
24943;202100016128;172 814;A01;3;7;0;2;0;20;1;
24944;202100016129;172 811;B01;2;1;0;2;7;19;5;
24945;202100016129;172 812;A01;1;7;0;2;7;1;1;
24946;202100016130;172 809;A01;1;7;0;2;1;1;1;
24947;202100016130;172 810;B01;2;1;0;2;3;9;5;
24948;202100016131;172 807;A01;1;7;0;2;3;9;1;
24949;202100016131;172 808;B01;1;1;0;2;1;1;5;
24950;202100016133;172 802;B01;2;7;0;2;8;15;1;
24951;202100016133;172 803;A01;2;50;0;2;1;17;3;
24952;202100016134;172 800;B01;1;7;0;2;4;1;2;
24953;202100016134;172 801;A01;1;7;0;2;1;1;1;
24954;202100016135;172 799;A01;1;7;0;1;3;1;1;
24955;202100016136;172 798;A01;3;7;0;1;1;16;1;
24956;202100016137;172 796;B01;2;31;0;2;1;1;1;
24957;202100016137;172 797;A01;2;7;0;2;3;15;1;
24958;202100016138;172 794;A01;1;7;0;2;2;16;1;
24959;202100016138;172 795;B01;1;1;0;2;8;1;5;
24960;202100016139;172 792;A01;2;7;0;0;4;15;1;
24961;202100016139;172 793;B01;2;30;0;2;1;2;1;
24962;202100016140;172 791;A01;1;7;0;1;3;1;1;
24963;202100016141;172 790;A01;0;7;0;1;0;1;-1;
24964;202100016143;172 786;A01;1;99;0;9;2;19;1;
24965;202100016143;172 787;B01;2;1;0;2;1;19;5;
24966;202100016144;172 784;B01;3;7;1;2;3;15;1;
24967;202100016144;172 785;A01;3;10;0;2;1;14;1;
24968;202100016145;172 782;A01;1;7;0;2;7;1;1;
24969;202100016145;172 783;B01;1;7;0;2;1;1;1;
24970;202100016146;172 780;A01;3;7;0;2;1;1;1;
24971;202100016146;172 781;B01;3;7;0;2;6;15;1;
24972;202100016147;172 779;A01;3;7;0;1;3;9;1;
24973;202100016148;172 776;A01;1;7;0;2;8;1;1;
24974;202100016148;172 777;B01;1;7;0;2;7;1;1;
24975;202100016150;172 772;A01;1;17;0;4;2;23;1;
24976;202100016150;172 773;B01;1;39;0;9;8;1;1;
24977;202100016151;172 770;B01;1;7;0;2;1;1;1;
24978;202100016151;172 771;A01;2;7;0;2;7;15;1;
24979;202100016152;172 768;B01;3;41;0;2;0;21;3;
24980;202100016152;172 769;A01;3;7;0;2;0;1;1;
24981;202100016153;172 766;B01;0;2;0;2;3;15;1;
24982;202100016153;172 767;A01;0;7;0;2;2;1;1;
24983;202100016154;172 764;B01;0;7;0;2;5;1;1;
24984;202100016154;172 765;A01;0;2;0;2;3;11;1;
24985;202100016155;172 763;A01;1;7;0;1;1;1;1;
24986;202100016156;172 761;B01;1;7;0;2;7;26;1;
24987;202100016156;172 762;A01;1;50;0;2;1;26;3;
24988;202100016157;172 759;B01;1;7;0;2;4;26;1;
24989;202100016157;172 760;A01;1;7;0;2;1;26;1;
24990;202100016158;172 758;A01;2;0;0;1;0;1;1;
24991;202100016159;172 756;B01;2;7;0;2;2;1;1;
24992;202100016159;172 757;A01;3;30;0;2;8;26;1;
24993;202100016160;172 754;A01;2;7;0;9;1;2;1;
24994;202100016160;172 755;B01;2;1;0;0;0;0;0;
24995;202100016161;172 753;A01;1;7;0;1;1;1;1;
24996;202100016162;172 751;B01;0;7;0;2;2;15;1;
24997;202100016162;172 752;A01;0;34;0;2;1;1;1;
24998;202100016164;172 748;B01;0;1;0;0;0;1;5;
24999;202100016164;172 749;A01;0;7;0;2;1;26;1;
25000;202100016165;172 746;A01;1;7;0;2;8;10;1;
25001;202100016165;172 747;B01;1;31;0;2;1;1;1;
25002;202100016166;172 744;A01;1;10;0;2;5;18;1;
25003;202100016166;172 745;B01;1;7;0;2;1;1;1;
25004;202100016167;172 742;B01;1;1;0;0;8;1;5;
25005;202100016167;172 743;A01;1;7;0;9;1;1;1;
25006;202100016168;172 741;A01;2;14;9;0;1;26;1;
25007;202100016169;172 738;A01;2;7;0;2;1;2;1;
25008;202100016169;172 739;B01;2;7;0;2;4;2;1;
25009;202100016169;172 740;C01;2;7;0;2;4;2;1;
25010;202100016170;172 737;A01;1;7;0;1;1;2;1;
25011;202100016171;172 735;A01;3;30;0;2;1;17;1;
25012;202100016171;172 736;B01;3;7;0;2;3;0;3;
25013;202100016172;172 733;B01;3;31;0;2;1;2;1;
25014;202100016172;172 734;A01;3;7;0;2;7;15;1;
25015;202100016173;172 731;A01;3;7;0;2;1;16;1;
25016;202100016173;172 732;B01;3;1;0;2;2;15;5;
25017;202100016174;172 729;B01;2;1;0;0;4;1;5;
25018;202100016174;172 730;A01;2;7;0;9;3;12;1;
25019;202100016175;172 728;A01;1;7;0;1;1;1;1;
25020;202100016176;172 725;A01;2;7;0;0;4;1;1;
25021;202100016176;172 726;B01;2;7;14;2;1;1;1;
25022;202100016176;172 727;C01;2;7;14;2;1;1;1;
25023;202100016177;172 723;B01;1;60;0;1;2;19;5;
25024;202100016177;172 724;A01;1;0;0;1;5;0;0;
25025;202100016178;172 721;A01;1;50;0;2;5;1;3;
25026;202100016178;172 722;B01;1;7;0;2;5;1;1;
25027;202100016179;172 719;A01;2;7;0;2;2;9;1;
25028;202100016179;172 720;B01;1;32;0;2;1;1;1;
25029;202100016180;172 716;A01;1;7;0;1;2;1;1;
25030;202100016181;172 714;A01;0;7;0;2;8;15;1;
25031;202100016181;172 715;B01;3;32;0;2;8;1;1;
25032;202100016182;172 712;A01;2;7;0;2;7;16;1;
25033;202100016182;172 713;B01;2;33;1;2;1;1;1;
25034;202100016183;172 710;B01;3;50;0;2;8;2;3;
25035;202100016183;172 711;A01;3;7;0;2;1;2;1;
25036;202100016185;172 707;A01;2;31;2;0;1;1;1;
25037;202100016186;172 706;A01;1;7;0;1;3;1;1;
25038;202100016187;172 704;A01;1;7;0;2;0;16;1;
25039;202100016187;172 705;B01;1;1;0;2;8;1;0;
25040;202100016190;172 698;B01;2;34;0;2;3;1;1;
25041;202100016190;172 699;A01;1;10;0;2;3;15;1;
25042;202100016191;172 696;B01;2;7;0;2;2;1;1;
25043;202100016191;172 697;A01;1;33;0;2;7;15;1;
25044;202100016192;172 694;A01;1;7;0;2;5;6;1;
25045;202100016192;172 695;B01;2;34;0;2;1;1;1;
25046;202100016193;172 693;A01;1;43;14;0;0;26;1;
25047;202100016194;172 692;A01;0;1;0;0;0;26;5;
25048;202100016195;172 691;A01;3;7;0;1;1;26;1;
25049;202100016196;172 690;A01;1;7;4;0;1;13;1;
25050;202100016197;172 688;A01;1;7;0;2;1;1;1;
25051;202100016197;172 689;B01;1;10;0;2;4;1;1;
25052;202100016198;172 687;A01;3;7;0;1;2;1;1;
25053;202100016199;172 684;B01;2;7;0;2;4;2;1;
25054;202100016199;172 685;C01;2;7;0;2;4;1;2;
25055;202100016199;172 686;A01;2;7;0;2;1;26;1;
25056;202100016200;172 682;B01;1;7;0;2;3;9;1;
25057;202100016200;172 683;IA01;1;33;0;2;1;17;1;
25058;202100016201;172 678;B01;2;7;0;2;4;2;1;
25059;202100016201;172 679;A01;2;7;0;2;1;1;1;
25060;202100016202;172 676;B01;1;7;0;2;4;23;1;
25061;202100016202;172 677;A01;1;7;0;2;1;1;1;
25062;202100016203;172 675;A01;2;7;0;1;2;16;1;
25063;202100016204;172 673;B01;1;7;0;2;4;20;1;
25064;202100016204;172 674;A01;1;2;0;2;1;1;1;
25065;202100016206;172 669;A01;0;10;0;2;2;15;1;
25066;202100016206;172 670;B01;0;2;0;2;3;1;1;
25067;202100016207;172 668;A01;0;7;0;1;1;2;1;
25068;202100016208;172 665;A01;2;7;0;2;1;2;1;
25069;202100016208;172 666;C01;2;7;0;2;4;2;1;
25070;202100016208;172 667;B01;2;10;0;2;4;2;1;
25071;202100016209;172 664;A01;3;7;0;1;3;0;1;
25072;202100016210;172 662;A01;1;1;0;2;1;2;5;
25073;202100016210;172 663;B01;1;10;0;2;1;1;1;
25074;202100016211;172 660;B01;2;33;0;2;1;1;1;
25075;202100016211;172 661;A01;1;7;0;2;8;15;1;
25076;202100016212;172 655;A01;3;7;0;2;2;20;1;
25077;202100016212;172 656;C01;3;10;0;2;1;26;1;
25078;202100016212;172 657;B01;3;33;0;2;7;26;1;
25079;202100016213;172 654;A01;2;7;1;0;3;11;1;
25080;202100016215;172 651;A01;1;7;9;0;1;13;1;
25081;202100016216;172 649;B01;3;7;0;2;3;9;1;
25082;202100016216;172 650;A01;2;7;0;2;1;26;1;
25083;202100016217;172 648;A01;3;7;1;1;6;4;1;
25084;202100016218;172 647;A01;0;7;0;1;1;26;1;
25085;202100016219;172 645;Z01;0;7;0;1;2;17;1;
25086;202100016219;172 646;A01;0;10;0;0;8;9;1;
25087;202100016220;172 643;A01;0;7;0;2;8;15;1;
25088;202100016220;172 644;B01;2;33;0;2;1;0;1;
25089;202100016221;172 641;B01;1;7;0;2;2;15;1;
25090;202100016221;172 642;A01;1;7;0;2;2;17;1;
25091;202100016222;172 639;B01;0;10;0;2;3;1;1;
25092;202100016222;172 640;A01;0;1;0;2;3;19;5;
25093;202100016223;172 637;B01;2;7;0;2;8;19;1;
25094;202100016223;172 638;A01;1;32;0;2;1;1;1;
25095;202100016224;172 635;B01;3;2;0;2;5;1;1;
25096;202100016224;172 636;A01;3;7;0;2;3;15;1;
25097;202100016225;172 633;A01;3;7;0;2;1;15;1;
25098;202100016225;172 634;B01;3;30;0;2;1;1;1;
25099;202100016226;172 631;A01;3;7;0;2;2;1;1;
25100;202100016226;172 632;B01;3;1;0;2;5;1;5;
25101;202100016227;172 629;B01;2;7;0;2;4;9;1;
25102;202100016227;172 630;A01;2;7;0;2;1;1;1;
25103;202100016228;172 628;A01;2;1;0;0;1;1;5;
25104;202100016229;172 627;A01;1;7;0;1;3;1;1;
25105;202100016230;172 625;B01;2;7;0;2;6;15;1;
25106;202100016230;172 626;A01;2;14;0;2;2;17;1;
25107;202100016231;172 624;A01;1;30;0;0;0;0;1;
25108;202100016232;172 622;A01;3;7;0;9;2;16;1;
25109;202100016232;172 623;B01;3;1;0;2;1;1;5;
25110;202100016233;172 619;C01;1;7;0;2;1;23;1;
25111;202100016233;172 620;A01;2;7;0;2;4;15;1;
25112;202100016233;172 621;B01;1;7;0;2;1;1;1;
25113;202100016234;172 617;B01;2;32;0;2;8;1;1;
25114;202100016234;172 618;A01;2;7;0;2;7;16;1;
25115;202100016235;172 612;C01;1;43;0;2;7;2;1;
25116;202100016235;172 613;D01;1;43;0;2;1;2;1;
25117;202100016235;172 614;B01;1;7;0;2;6;11;1;
25118;202100016235;172 615;A01;1;33;0;2;2;11;1;
25119;202100016235;172 616;E01;1;7;0;2;8;2;2;
25120;202100016236;172 610;B01;1;7;0;2;7;1;1;
25121;202100016236;172 611;A01;1;33;0;2;8;11;1;
25122;202100016237;172 608;B01;1;30;0;2;1;2;1;
25123;202100016237;172 609;A01;1;33;0;2;5;2;1;
25124;202100016238;172 607;A01;2;33;0;1;1;1;1;
25125;202100016239;172 605;B01;2;1;0;2;1;1;5;
25126;202100016239;172 606;A01;2;10;0;2;2;16;1;
25127;202100016240;172 604;A01;2;43;0;1;8;1;1;
25128;202100016241;172 601;A01;1;30;0;2;7;18;3;
25129;202100016241;172 602;B01;1;37;0;2;0;16;1;1.0
25130;202100016241;172 603;C01;1;7;0;2;0;1;1;
25131;202100016242;172 600;A01;1;1;0;1;1;1;5;
25132;202100016243;172 598;B01;1;1;0;2;2;1;5;
25133;202100016243;172 599;A01;1;7;0;2;3;22;1;
25134;202100016245;172 594;B01;2;1;0;2;1;1;5;
25135;202100016245;172 595;A01;3;50;0;2;8;19;3;
25136;202100016246;172 592;Z01;3;7;0;2;0;1;0;
25137;202100016246;172 593;A01;1;1;0;2;7;1;5;
25138;202100016247;172 590;Z01;2;10;0;2;6;22;0;
25139;202100016247;172 591;A01;1;1;0;2;1;1;5;
25140;202100016248;172 588;A01;1;7;0;2;3;1;1;
25141;202100016248;172 589;B01;2;50;0;2;1;1;3;
25142;202100016249;172 586;A01;2;37;0;2;5;12;3;1.0
25143;202100016249;172 587;B01;2;7;0;2;8;7;1;
25144;202100016250;172 584;B01;1;7;0;2;6;2;1;
25145;202100016250;172 585;A01;1;30;0;2;1;2;1;
25146;202100016252;172 580;B01;3;80;0;2;8;1;3;
25147;202100016252;172 581;A01;2;10;0;2;2;1;1;
25148;202100016253;172 578;A01;2;7;0;2;1;1;1;
25149;202100016253;172 579;B01;2;30;0;2;1;5;1;
25150;202100016254;172 576;A01;1;7;0;2;2;9;1;
25151;202100016254;172 577;B01;1;1;0;2;1;1;5;
25152;202100016255;172 575;A01;2;7;9;0;1;15;1;
25153;202100016256;172 574;A01;3;7;0;1;4;26;1;
25154;202100016257;172 573;B01;2;32;0;1;1;1;1;
25155;202100016258;172 572;A01;2;7;0;1;1;16;1;
25156;202100016259;172 570;B01;2;7;0;2;6;1;0;
25157;202100016259;172 571;A01;2;50;0;2;3;15;3;
25158;202100016260;172 568;A01;2;7;0;2;3;1;1;
25159;202100016260;172 569;B01;2;50;0;2;3;1;3;
25160;202100016261;172 566;A01;3;30;12;2;1;26;1;
25161;202100016261;172 567;B01;3;2;12;2;1;26;1;
25162;202100016262;172 565;A01;1;7;8;0;1;14;1;
25163;202100016263;172 562;C01;3;7;0;2;3;2;1;
25164;202100016263;172 563;A01;3;10;0;2;1;26;1;
25165;202100016263;172 564;B01;3;34;0;2;4;2;1;
25166;202100016264;172 561;A01;2;30;0;0;3;21;1;
25167;202100016265;172 559;B01;3;7;0;2;3;17;1;
25168;202100016265;172 560;A01;3;7;0;2;4;10;1;
25169;202100016266;172 558;A01;3;10;0;1;1;16;1;
25170;202100016267;172 557;A01;2;7;0;1;5;16;1;
25171;202100016268;172 555;A01;3;30;0;2;1;20;1;
25172;202100016268;172 556;Z01;3;1;0;2;0;0;0;
25173;202100016269;172 554;A01;2;7;4;0;5;1;1;
25174;202100016270;172 552;A01;3;32;0;2;1;1;1;
25175;202100016270;172 553;B01;3;1;0;2;8;11;5;
25176;202100016271;172 550;DA01;1;1;0;2;2;14;5;
25177;202100016271;172 551;B01;3;32;0;2;1;1;1;
25178;202100016272;172 548;B01;1;7;0;2;3;15;1;
25179;202100016272;172 549;A01;2;32;0;2;1;1;1;
25180;202100016273;172 547;A01;1;7;0;1;7;1;1;
25181;202100016274;172 545;A01;1;7;0;2;1;1;1;
25182;202100016274;172 546;B01;1;13;0;2;2;11;1;
25183;202100016275;172 543;A01;1;80;12;0;1;16;3;
25184;202100016275;172 544;B01;1;7;0;0;0;15;0;
25185;202100016277;172 540;A01;2;33;13;0;3;13;1;
25186;202100016278;172 538;A01;1;7;0;2;3;13;1;
25187;202100016278;172 539;B01;2;7;0;2;3;1;1;
25188;202100016279;172 536;A01;2;7;0;2;3;19;1;
25189;202100016279;172 537;B01;2;7;0;2;2;1;1;
25190;202100016280;172 534;B01;2;7;0;2;2;1;1;
25191;202100016280;172 535;A01;3;21;0;2;1;26;1;
25192;202100016281;172 532;A01;3;7;0;2;3;13;2;
25193;202100016281;172 533;B01;3;7;0;2;1;1;1;
25194;202100016282;172 530;B01;2;7;0;2;1;5;1;
25195;202100016282;172 531;A01;1;7;0;2;1;1;1;