;Num_Acc;id_vehicule;num_veh;senc;catv;obs;obsm;choc;manv;motor;occutc
25196;202100016283;172 528;B01;2;7;0;2;7;1;1;
25197;202100016283;172 529;A01;2;7;0;2;1;19;1;
25198;202100016284;172 527;A01;1;7;15;0;1;1;1;
25199;202100016285;172 523;A01;2;10;0;2;1;1;1;
25200;202100016285;172 524;B01;2;7;0;2;4;23;1;
25201;202100016285;172 525;C01;1;7;0;2;3;1;1;
25202;202100016285;172 526;D01;1;7;0;0;3;23;1;
25203;202100016286;172 522;A01;0;16;16;0;2;1;0;
25204;202100016287;172 520;B01;2;7;0;2;3;1;1;
25205;202100016287;172 521;A01;1;7;0;2;3;13;1;
25206;202100016288;172 518;B01;1;1;0;2;1;15;5;
25207;202100016288;172 519;A01;3;7;0;2;2;15;1;
25208;202100016289;172 517;A01;3;7;0;1;4;4;1;
25209;202100016290;172 515;A01;1;10;0;2;2;19;1;
25210;202100016290;172 516;B01;1;7;13;2;2;1;1;
25211;202100016291;172 513;A01;2;2;0;2;3;1;1;
25212;202100016291;172 514;B01;1;7;0;0;3;2;1;
25213;202100016292;172 512;A01;3;2;0;0;9;1;1;
25214;202100016293;172 511;A01;0;34;12;0;1;0;1;
25215;202100016294;172 509;B01;0;7;0;0;7;1;1;
25216;202100016294;172 510;A01;3;1;0;2;1;19;5;
25217;202100016295;172 507;A01;3;7;0;2;1;19;1;
25218;202100016295;172 508;B01;1;2;0;2;1;1;1;
25219;202100016296;172 504;A01;1;33;0;0;1;1;1;
25220;202100016296;172 505;B01;1;33;0;0;5;23;1;
25221;202100016296;172 506;C01;1;33;0;0;4;23;1;
25222;202100016297;172 502;A01;2;7;0;0;5;1;1;
25223;202100016297;172 503;B01;1;7;0;2;1;1;1;
25224;202100016298;172 500;A01;0;15;0;2;8;26;1;
25225;202100016298;172 501;B01;0;33;0;2;2;1;1;
25226;202100016299;172 499;A01;3;10;0;1;4;20;1;
25227;202100016301;172 496;B01;1;33;0;2;1;13;1;
25228;202100016301;172 497;A01;2;7;0;2;1;1;1;
25229;202100016302;172 495;A01;2;7;2;0;1;1;1;
25230;202100016303;172 493;A01;1;7;0;2;2;0;1;
25231;202100016303;172 494;B01;1;7;0;0;6;1;1;
25232;202100016304;172 492;A01;2;14;3;0;3;2;1;
25233;202100016305;172 491;A01;2;7;2;0;3;14;1;
25234;202100016306;172 489;B01;1;7;0;2;3;1;1;
25235;202100016306;172 490;A01;2;7;0;2;3;13;1;
25236;202100016307;172 488;A01;2;10;13;0;1;13;1;
25237;202100016308;172 486;A01;1;34;0;2;1;3;1;
25238;202100016308;172 487;B01;2;7;0;0;8;15;1;
25239;202100016309;172 485;A01;1;33;6;0;8;0;1;
25240;202100016310;172 483;A01;1;7;0;2;3;1;1;
25241;202100016310;172 484;B01;2;30;0;2;1;13;1;
25242;202100016311;172 480;A01;2;1;5;0;1;2;5;
25243;202100016312;172 478;B01;1;15;1;0;1;1;1;
25244;202100016312;172 479;A01;1;7;0;0;4;23;1;
25245;202100016313;172 476;A01;2;7;0;2;6;15;1;
25246;202100016313;172 477;B01;2;33;0;2;2;1;1;
25247;202100016314;172 474;A01;2;7;0;2;2;17;1;
25248;202100016314;172 475;B01;2;7;0;0;8;15;1;
25249;202100016315;172 473;A01;1;2;0;0;7;1;1;
25250;202100016316;172 472;A01;1;7;0;1;2;1;1;
25251;202100016317;172 471;A01;1;33;13;0;2;1;1;
25252;202100016318;172 470;A01;2;33;0;0;7;1;1;
25253;202100016319;172 468;B01;1;7;0;0;8;15;1;
25254;202100016319;172 469;A01;1;33;0;2;1;17;1;
25255;202100016320;172 466;A01;3;33;0;2;1;1;1;
25256;202100016320;172 467;B01;3;7;0;2;1;15;1;
25257;202100016321;172 465;A01;1;33;13;0;1;1;1;
25258;202100016322;172 464;A01;0;7;0;1;2;1;1;
25259;202100016323;172 462;B01;1;10;0;2;3;1;1;
25260;202100016323;172 463;A01;2;10;0;2;3;13;1;
25261;202100016324;172 461;A01;2;31;5;0;2;14;1;
25262;202100016325;172 459;A01;2;33;0;2;1;17;1;
25263;202100016325;172 460;B01;2;7;0;0;6;15;1;
25264;202100016326;172 458;A01;1;33;4;0;7;1;1;
25265;202100016327;172 454;B01;2;7;0;2;3;19;1;
25266;202100016327;172 455;A01;1;7;0;2;3;1;1;
25267;202100016328;172 453;A01;1;14;13;0;3;1;1;
25268;202100016329;172 451;A01;1;7;0;2;7;19;1;
25269;202100016329;172 452;B01;2;17;0;2;1;1;1;
25270;202100016330;172 449;A01;2;33;0;0;0;1;1;
25271;202100016331;172 447;A01;2;10;0;2;1;1;1;
25272;202100016331;172 448;B01;2;2;0;2;4;1;1;
25273;202100016332;172 446;A01;3;7;0;0;9;0;1;
25274;202100016333;172 444;A01;2;7;0;9;1;9;1;
25275;202100016333;172 445;B01;2;1;0;2;5;1;5;
25276;202100016334;172 442;A01;2;7;0;2;1;26;1;
25277;202100016334;172 443;B01;2;7;1;0;1;1;1;
25278;202100016335;172 440;A01;2;7;0;2;4;2;1;
25279;202100016335;172 441;B01;2;7;0;2;1;2;1;
25280;202100016336;172 438;B01;1;7;0;2;4;2;1;
25281;202100016336;172 439;A01;1;7;0;2;1;2;1;
25282;202100016337;172 435;A01;1;15;0;2;1;2;1;
25283;202100016337;172 436;B01;1;7;0;2;4;2;1;
25284;202100016337;172 437;C01;1;7;0;2;4;2;1;
25285;202100016338;172 431;A01;1;7;0;2;4;1;1;
25286;202100016338;172 432;B01;1;7;0;2;4;1;1;
25287;202100016338;172 433;C01;1;7;0;2;4;1;1;
25288;202100016338;172 434;D01;1;7;0;2;1;1;1;
25289;202100016340;172 427;B01;1;7;0;2;4;24;1;
25290;202100016340;172 428;A01;2;15;1;0;2;1;1;
25291;202100016341;172 425;A01;1;10;0;2;5;12;1;
25292;202100016341;172 426;B01;1;33;0;2;1;3;1;
25293;202100016342;172 423;B01;1;33;0;2;1;1;1;
25294;202100016342;172 424;A01;1;7;0;2;5;12;1;
25295;202100016343;172 420;A01;2;16;0;2;1;1;1;
25296;202100016343;172 421;B01;2;15;0;2;4;1;1;
25297;202100016343;172 422;C01;2;15;0;0;4;1;1;
25298;202100016344;172 418;Z01;0;10;0;2;0;0;0;
25299;202100016345;172 417;A01;2;43;0;1;0;26;1;
25300;202100016346;172 416;A01;1;7;0;1;2;1;1;
25301;202100016347;172 414;A01;1;1;0;2;1;2;5;
25302;202100016347;172 415;B01;1;10;0;2;4;11;1;
25303;202100016348;172 412;A01;2;30;0;2;3;1;1;
25304;202100016348;172 413;B01;2;32;0;2;5;1;1;
25305;202100016350;172 408;B01;1;7;0;2;3;16;2;
25306;202100016350;172 409;A01;2;50;0;2;1;1;3;
25307;202100016351;172 406;B01;1;30;0;2;7;1;3;
25308;202100016351;172 407;A01;1;7;0;2;6;15;1;
25309;202100016352;172 404;Z01;1;7;0;2;4;4;0;
25310;202100016352;172 405;A01;1;1;0;2;1;9;5;
25311;202100016353;172 402;B01;2;7;0;2;6;23;1;
25312;202100016353;172 403;A01;2;30;0;2;1;2;1;
25313;202100016354;172 400;A01;2;10;0;2;2;22;1;
25314;202100016354;172 401;B01;2;50;0;2;3;1;3;
25315;202100016355;172 399;A01;1;30;0;1;2;18;3;
25316;202100016356;172 397;A01;2;7;0;2;7;16;2;
25317;202100016356;172 398;B01;0;50;0;2;7;19;3;
25318;202100016357;172 396;A01;3;1;6;0;8;13;5;
25319;202100016358;172 394;B01;2;7;0;2;4;2;1;
25320;202100016358;172 395;A01;2;30;0;2;1;2;1;
25321;202100016359;172 392;A01;1;10;0;2;8;1;3;
25322;202100016359;172 393;B01;1;1;0;2;4;19;5;
25323;202100016360;172 390;A01;1;1;0;2;8;14;5;
25324;202100016360;172 391;B01;1;7;0;2;8;23;1;
25325;202100016361;172 388;B01;2;80;0;2;4;2;3;
25326;202100016361;172 389;A01;2;1;0;2;7;2;5;
25327;202100016362;172 386;B01;1;1;0;2;1;1;5;
25328;202100016362;172 387;A01;1;10;0;2;8;22;1;
25329;202100016363;172 384;A01;1;34;0;2;1;17;1;
25330;202100016363;172 385;B01;2;7;0;2;8;15;1;
25331;202100016364;172 382;A01;2;7;0;2;2;9;1;
25332;202100016364;172 383;B01;2;34;0;2;1;1;1;
25333;202100016365;172 381;A01;1;1;8;0;1;1;5;
25334;202100016366;172 379;B01;3;7;0;2;6;1;1;
25335;202100016366;172 380;A01;3;7;0;2;2;1;1;
25336;202100016367;172 377;B01;1;10;0;2;4;23;1;
25337;202100016367;172 378;A01;1;7;0;2;1;1;1;
25338;202100016368;172 376;A01;1;37;6;0;1;16;1;4.0
25339;202100016369;172 374;B01;1;7;0;2;1;15;1;
25340;202100016369;172 375;A01;1;32;0;2;3;1;1;
25341;202100016370;172 372;B01;1;7;0;9;4;23;1;
25342;202100016370;172 373;A01;1;7;0;2;1;2;1;
25343;202100016371;172 370;A01;1;37;0;2;3;0;1;1.0
25344;202100016371;172 371;B01;1;7;0;2;3;26;1;
25345;202100016372;172 368;A01;2;7;0;0;1;2;1;
25346;202100016372;172 369;B01;2;7;0;0;4;2;1;
25347;202100016373;172 366;A01;3;7;0;2;7;15;1;
25348;202100016373;172 367;B01;1;43;0;2;1;1;1;
25349;202100016374;172 364;A01;0;7;0;2;2;1;1;
25350;202100016374;172 365;B01;3;30;0;2;1;0;1;
25351;202100016375;172 363;A01;1;7;0;1;1;15;3;
25352;202100016376;172 361;A01;1;7;0;2;3;10;1;
25353;202100016376;172 362;B01;1;32;0;2;2;1;1;
25354;202100016377;172 359;A01;2;13;0;2;3;15;1;
25355;202100016377;172 360;B01;1;34;0;2;3;1;0;
25356;202100016378;172 357;A01;1;7;0;2;8;15;1;
25357;202100016378;172 358;B01;1;33;0;2;1;1;1;
25358;202100016379;172 356;A01;1;1;1;1;2;1;5;
25359;202100016380;172 354;A01;1;7;0;2;2;16;1;
25360;202100016380;172 355;B01;1;32;0;2;3;1;1;
25361;202100016381;172 352;A01;1;7;0;2;2;15;1;
25362;202100016381;172 353;B01;1;32;0;2;1;1;1;
25363;202100016382;172 350;A01;1;10;0;2;3;13;1;
25364;202100016382;172 351;B01;2;7;0;2;3;1;1;
25365;202100016383;172 348;A01;1;7;0;2;1;1;1;
25366;202100016383;172 349;B01;1;33;0;2;4;23;1;
25367;202100016384;172 346;A01;1;10;0;2;5;15;1;
25368;202100016384;172 347;B01;2;34;0;2;0;0;1;
25369;202100016385;172 344;B01;1;7;0;2;1;9;1;
25370;202100016385;172 345;A01;1;32;0;2;2;17;1;
25371;202100016386;172 343;A01;1;50;12;0;1;14;3;
25372;202100016387;172 341;A01;1;30;0;2;1;2;1;
25373;202100016387;172 342;B01;1;7;0;2;6;1;1;
25374;202100016388;172 339;A01;2;32;15;2;3;18;1;
25375;202100016388;172 340;B01;2;7;0;2;2;16;1;
25376;202100016389;172 337;Y01;3;1;0;2;1;19;5;
25377;202100016389;172 338;A01;1;14;0;2;6;15;1;
25378;202100016390;172 335;B01;2;7;0;2;8;17;1;
25379;202100016390;172 336;A01;2;32;0;2;2;17;1;
25380;202100016391;172 334;A01;0;1;0;0;0;1;5;
25381;202100016392;172 332;A01;2;2;0;2;8;1;1;
25382;202100016392;172 333;C01;0;10;0;2;3;15;6;
25383;202100016393;172 330;B01;2;7;0;2;3;11;1;
25384;202100016393;172 331;A01;2;7;0;2;9;1;1;
25385;202100016394;172 328;B01;0;7;0;0;1;2;1;
25386;202100016394;172 329;A01;0;7;0;0;4;2;1;
25387;202100016395;172 327;A01;2;31;0;1;3;17;1;
25388;202100016396;172 325;B01;1;7;0;2;2;12;1;
25389;202100016396;172 326;A01;1;7;0;2;3;18;1;
25390;202100016397;172 324;A01;2;7;0;1;3;19;1;
25391;202100016398;172 323;A01;1;31;0;6;1;19;1;
25392;202100016399;172 322;A01;3;33;0;0;0;1;1;
25393;202100016400;172 321;A01;2;10;2;0;2;2;1;
25394;202100016402;172 318;A01;2;30;0;0;9;1;1;
25395;202100016403;172 317;A01;0;7;13;0;1;1;1;
25396;202100016404;172 316;A01;2;7;6;0;1;14;1;
25397;202100016405;172 315;A01;1;33;0;0;0;1;1;
25398;202100016406;172 311;A01;3;3;0;2;8;1;3;
25399;202100016406;172 312;B01;3;34;0;2;3;1;1;
25400;202100016406;172 313;C01;3;32;0;2;8;1;1;
25401;202100016406;172 314;D01;3;10;0;2;3;1;1;
25402;202100016408;172 308;A01;3;7;6;0;2;1;1;
25403;202100016410;172 304;A01;1;2;0;2;1;16;1;
25404;202100016410;172 305;B01;1;7;0;2;7;1;1;
25405;202100016411;172 303;A01;1;7;2;0;7;13;1;
25406;202100016412;172 300;C01;2;7;4;2;7;2;1;
25407;202100016412;172 301;B01;2;38;0;2;6;23;1;1.0
25408;202100016412;172 302;A01;2;7;0;2;2;21;1;
25409;202100016413;172 297;C01;1;10;0;2;3;1;1;
25410;202100016413;172 298;A01;1;33;0;2;1;17;1;
25411;202100016413;172 299;B01;2;7;0;2;3;1;1;
25412;202100016414;172 296;A01;1;20;0;0;2;1;1;
25413;202100016415;172 295;A01;1;38;0;0;1;1;1;28.0
25414;202100016417;172 293;A01;1;80;0;1;1;1;3;
25415;202100016418;172 291;A01;3;21;0;9;3;26;1;
25416;202100016418;172 292;B01;1;1;0;2;0;11;6;
25417;202100016419;172 290;A01;3;33;0;0;0;1;1;
25418;202100016420;172 288;B01;1;33;0;2;1;1;1;
25419;202100016420;172 289;A01;2;7;0;2;3;13;1;
25420;202100016421;172 286;A01;2;7;0;2;1;1;1;
25421;202100016421;172 287;B01;2;1;0;2;4;9;5;
25422;202100016422;172 285;A01;1;7;0;1;0;1;1;
25423;202100016423;172 282;C01;1;10;0;2;1;2;1;
25424;202100016423;172 283;B01;1;7;0;2;4;2;1;
25425;202100016423;172 284;A01;1;7;0;2;4;1;1;
25426;202100016424;172 278;D01;2;10;0;2;1;2;1;
25427;202100016424;172 279;C01;2;7;0;2;4;2;1;
25428;202100016424;172 280;B01;2;7;0;2;4;2;1;
25429;202100016424;172 281;A01;2;7;0;2;4;2;1;
25430;202100016425;172 276;B01;1;10;0;2;4;2;1;
25431;202100016425;172 277;A01;1;7;0;2;1;2;1;
25432;202100016427;172 272;A01;2;43;0;2;7;3;1;
25433;202100016427;172 273;B01;2;7;0;2;8;1;3;
25434;202100016427;172 274;C01;2;10;0;2;8;12;1;
25435;202100016428;172 270;B01;2;33;0;2;7;12;1;
25436;202100016428;172 271;A01;2;33;0;2;1;3;1;
25437;202100016429;172 268;B01;2;7;0;2;4;0;1;
25438;202100016429;172 269;A01;2;7;0;2;1;26;1;
25439;202100016430;172 266;A01;1;7;0;2;1;1;0;
25440;202100016430;172 267;B01;1;10;0;2;4;1;0;
25441;202100016431;172 264;Z01;1;7;0;2;4;26;1;
25442;202100016431;172 265;A01;1;7;0;2;1;12;1;
25443;202100016432;172 262;B01;2;33;0;2;4;3;3;
25444;202100016432;172 263;A01;2;33;0;2;1;3;1;
25445;202100016433;172 260;B01;2;10;0;2;4;1;1;
25446;202100016433;172 261;A01;2;7;0;2;1;1;1;
25447;202100016434;172 258;A01;1;32;0;2;1;2;1;
25448;202100016434;172 259;B01;1;3;0;2;4;12;1;
25449;202100016435;172 256;A01;2;7;0;2;6;2;1;
25450;202100016435;172 257;B01;2;17;0;2;2;14;1;
25451;202100016436;172 250;F01;2;7;0;2;8;9;1;
25452;202100016436;172 251;D01;2;10;0;2;9;2;1;
25453;202100016436;172 252;E01;2;10;0;2;9;2;1;
25454;202100016436;172 253;A01;2;14;0;2;1;1;1;
25455;202100016436;172 254;B01;2;7;0;2;9;2;1;
25456;202100016436;172 255;C01;2;7;0;2;9;2;1;
25457;202100016437;172 249;A01;2;7;0;1;1;0;1;
25458;202100016438;172 247;A01;1;7;0;2;3;1;1;
25459;202100016438;172 248;B01;2;10;0;2;8;0;1;
25460;202100016439;172 245;B01;2;2;0;2;4;1;0;
25461;202100016439;172 246;A01;2;10;0;2;4;1;1;
25462;202100016441;172 239;C01;1;7;0;2;4;1;1;
25463;202100016441;172 240;B01;1;7;0;2;4;1;1;
25464;202100016441;172 241;A01;1;7;0;2;1;1;1;
25465;202100016442;172 238;A01;1;7;0;1;2;1;1;
25466;202100016443;172 237;A01;1;7;0;1;2;13;1;
25467;202100016444;172 235;A01;1;14;1;0;2;1;1;
25468;202100016444;172 236;B01;1;10;0;2;6;24;1;
25469;202100016445;172 234;A01;3;7;0;1;1;2;1;
25470;202100016446;172 232;A01;1;7;0;2;1;1;1;
25471;202100016446;172 233;B01;1;7;0;0;4;1;1;
25472;202100016447;172 229;A01;2;7;0;2;1;2;1;
25473;202100016447;172 230;B01;2;7;0;2;4;2;1;
25474;202100016447;172 231;C01;2;7;0;2;4;2;1;
25475;202100016448;172 228;A01;1;7;0;1;1;15;1;
25476;202100016449;172 226;A01;2;7;4;0;3;13;1;
25477;202100016449;172 227;B01;2;7;14;0;2;2;1;
25478;202100016450;172 225;A01;2;7;2;0;1;1;1;
25479;202100016451;172 223;B01;2;7;0;2;1;1;1;
25480;202100016451;172 224;A01;2;7;0;2;1;9;1;
25481;202100016453;172 219;A01;0;7;0;1;4;4;2;
25482;202100016454;172 216;C01;1;7;0;2;4;2;1;
25483;202100016454;172 217;A01;1;7;0;2;1;2;1;
25484;202100016454;172 218;B01;1;7;0;2;4;1;1;
25485;202100016456;172 212;A01;2;7;0;0;2;2;1;
25486;202100016456;172 213;B01;2;1;0;2;8;19;5;
25487;202100016457;172 210;B01;3;1;0;2;8;0;5;
25488;202100016457;172 211;A01;3;7;0;9;1;16;0;
25489;202100016458;172 208;B01;3;7;0;2;1;20;1;
25490;202100016458;172 209;A01;3;7;0;2;1;3;1;
25491;202100016459;172 207;B01;3;32;0;2;7;1;1;
25492;202100016460;172 205;B01;0;7;0;0;4;2;1;
25493;202100016460;172 206;A01;0;7;0;2;1;2;1;
25494;202100016464;172 198;A01;2;33;0;2;1;17;1;
25495;202100016464;172 199;B01;2;7;0;2;1;15;1;
25496;202100016465;172 196;A01;2;7;0;2;1;19;1;
25497;202100016465;172 197;B01;1;7;0;2;8;1;1;
25498;202100016466;172 194;A01;1;30;0;2;1;1;1;
25499;202100016466;172 195;B01;2;7;0;2;3;15;1;
25500;202100016467;172 192;A01;1;1;0;2;5;2;5;
25501;202100016467;172 193;B01;1;50;0;2;1;2;3;
25502;202100016468;172 190;A01;1;10;0;2;2;9;3;
25503;202100016468;172 191;B01;2;1;0;2;1;25;5;
25504;202100016469;172 187;A01;1;10;0;2;1;1;1;
25505;202100016469;172 188;C01;1;10;0;2;4;1;1;
25506;202100016469;172 189;B01;1;7;0;2;4;1;1;
25507;202100016470;172 186;A01;1;2;0;2;1;2;1;
25508;202100016471;172 185;A01;1;99;8;0;2;13;1;
25509;202100016472;172 183;B01;3;7;0;2;4;2;1;
25510;202100016472;172 184;A01;3;7;0;2;1;2;0;
25511;202100016473;172 182;A01;2;7;0;1;1;1;1;
25512;202100016474;172 180;B01;3;7;0;2;8;19;1;
25513;202100016474;172 181;A01;3;80;0;2;1;19;3;
25514;202100016475;172 178;A01;1;60;0;2;7;1;5;
25515;202100016475;172 179;B01;2;7;0;2;1;9;1;
25516;202100016476;172 176;B01;3;33;0;2;1;1;1;
25517;202100016476;172 177;A01;3;7;0;2;8;9;1;
25518;202100016478;172 173;A01;2;7;0;1;1;1;1;
25519;202100016479;172 169;C01;2;7;0;2;4;2;1;
25520;202100016479;172 170;A01;2;7;0;2;1;2;1;
25521;202100016479;172 171;B01;2;7;0;0;4;2;1;
25522;202100016479;172 172;D01;2;10;0;0;4;2;1;
25523;202100016480;172 167;A01;1;7;0;2;8;19;1;
25524;202100016480;172 168;B01;2;31;0;2;1;1;1;
25525;202100016481;172 166;A01;1;7;0;1;1;26;1;
25526;202100016482;172 164;B01;1;3;0;2;0;0;1;
25527;202100016482;172 165;A01;1;3;0;2;1;26;3;
25528;202100016483;172 163;A01;3;7;2;0;1;13;1;
25529;202100016484;172 162;A01;2;30;12;0;1;13;1;
25530;202100016485;172 160;B01;2;7;0;2;4;1;2;
25531;202100016485;172 161;A01;2;7;0;2;1;2;1;
25532;202100016486;172 158;B01;1;33;0;2;1;1;1;
25533;202100016486;172 159;A01;2;7;0;2;3;15;1;
25534;202100016487;172 156;B01;1;7;0;2;6;1;1;
25535;202100016487;172 157;A01;1;7;0;2;1;1;1;
25536;202100016488;172 154;A01;1;10;0;2;3;9;1;
25537;202100016488;172 155;B01;1;7;0;2;2;21;1;
25538;202100016489;172 153;A01;3;7;15;0;2;1;1;
25539;202100016490;172 151;B01;1;1;0;2;2;2;5;
25540;202100016490;172 152;A01;1;7;0;2;2;14;1;
25541;202100016491;172 150;A01;1;7;0;1;3;9;1;
25542;202100016492;172 148;B01;2;50;0;2;1;1;3;
25543;202100016492;172 149;A01;1;99;0;2;3;9;0;
25544;202100016493;172 146;B01;3;30;0;9;1;26;1;
25545;202100016493;172 147;A01;3;30;0;9;0;26;1;
25546;202100016494;172 144;A01;1;7;0;2;2;26;2;
25547;202100016494;172 145;B01;3;1;0;2;7;26;5;
25548;202100016495;172 142;A01;1;7;0;2;3;26;1;
25549;202100016495;172 143;B01;1;7;0;2;2;26;1;
25550;202100016496;172 140;B01;1;7;0;2;1;26;1;
25551;202100016496;172 141;A01;1;7;0;2;1;26;1;
25552;202100016497;172 138;B01;1;7;0;2;0;0;1;
25553;202100016497;172 139;A01;1;1;0;2;5;19;5;
25554;202100016498;172 137;A01;1;33;11;0;1;26;1;
25555;202100016499;172 136;A01;1;7;0;1;1;1;1;
25556;202100016500;172 135;A01;2;7;1;0;1;1;1;
25557;202100016501;172 134;A01;1;30;0;0;8;0;1;
25558;202100016502;172 133;A01;1;1;0;1;1;1;5;
25559;202100016503;172 130;B01;1;7;0;2;4;1;1;
25560;202100016503;172 131;A01;1;2;0;2;1;0;1;
25561;202100016503;172 132;C01;1;1;0;2;1;19;5;
25562;202100016504;172 128;B01;1;7;0;2;1;23;1;
25563;202100016504;172 129;A01;1;7;9;2;1;1;1;
25564;202100016505;172 126;A01;1;7;0;2;1;15;1;
25565;202100016505;172 127;B01;2;1;0;2;3;1;5;
25566;202100016506;172 124;A01;3;7;0;2;3;9;1;
25567;202100016506;172 125;B01;3;3;0;2;7;1;1;
25568;202100016507;172 122;B01;3;7;0;2;0;1;1;
25569;202100016507;172 123;A01;3;7;0;2;1;15;1;
25570;202100016508;172 120;B01;2;7;0;2;8;24;1;
25571;202100016508;172 121;A01;2;7;1;0;5;20;1;
25572;202100016509;172 117;B01;3;7;0;2;1;1;1;
25573;202100016509;172 118;A01;3;7;0;2;1;0;1;
25574;202100016509;172 119;C01;3;7;0;2;1;1;1;
25575;202100016510;172 115;A01;3;80;16;2;7;19;3;
25576;202100016510;172 116;B01;3;33;0;9;1;1;1;
25577;202100016511;172 113;A01;0;7;0;2;2;1;1;
25578;202100016511;172 114;Z01;0;43;0;2;1;3;1;
25579;202100016512;172 111;A01;1;7;0;2;3;0;1;
25580;202100016512;172 112;B01;1;7;0;2;5;1;1;
25581;202100016513;172 109;A01;1;2;0;2;3;15;1;
25582;202100016513;172 110;B01;1;7;0;2;3;1;1;
25583;202100016514;172 108;A01;3;7;8;0;1;1;0;
25584;202100016515;172 106;B01;1;7;0;2;6;2;1;
25585;202100016515;172 107;A01;1;30;0;2;1;2;1;
25586;202100016517;172 102;A01;2;50;0;2;1;1;3;
25587;202100016517;172 103;B01;2;7;0;2;6;19;1;
25588;202100016518;172 101;A01;1;7;1;0;2;1;1;
25589;202100016519;172 099;B01;3;7;0;2;3;15;1;
25590;202100016519;172 100;A01;3;50;0;2;1;17;3;
25591;202100016520;172 098;A01;3;32;0;1;1;21;1;
25592;202100016521;172 097;A01;1;7;0;1;1;26;0;
25593;202100016522;172 096;A01;1;7;0;1;3;1;0;
25594;202100016523;172 094;B01;3;7;0;0;0;0;1;
25595;202100016523;172 095;A01;3;7;1;0;1;1;1;
25596;202100016524;172 093;A01;2;7;0;1;1;15;1;
25597;202100016525;172 092;A01;1;7;0;1;1;1;1;
25598;202100016526;172 091;A01;2;7;0;1;2;1;1;
25599;202100016528;172 086;B01;3;1;0;9;1;1;6;
25600;202100016528;172 087;A01;3;7;0;2;1;19;1;
25601;202100016529;172 080;F01;2;7;0;2;0;0;1;
25602;202100016529;172 081;E01;2;7;0;2;4;0;1;
25603;202100016529;172 082;D01;2;7;0;2;4;2;1;
25604;202100016529;172 083;C01;2;7;0;2;4;2;1;
25605;202100016529;172 084;B01;2;7;0;2;7;2;1;
25606;202100016529;172 085;A01;2;7;0;2;7;1;2;
25607;202100016530;172 079;A01;1;7;1;1;1;13;1;
25608;202100016531;172 077;A01;2;7;0;2;1;1;1;
25609;202100016531;172 078;B01;2;7;0;2;8;1;1;
25610;202100016532;172 076;A01;2;33;0;1;1;1;1;
25611;202100016533;172 074;A01;2;50;0;2;1;5;3;
25612;202100016533;172 075;B01;1;7;0;2;8;16;1;
25613;202100016534;172 072;A01;2;30;0;2;2;1;1;
25614;202100016534;172 073;B01;1;7;0;2;3;1;1;
25615;202100016535;172 071;A01;1;33;0;1;1;17;1;
25616;202100016536;172 070;A01;1;33;0;1;3;1;1;
25617;202100016537;172 068;B01;2;7;0;2;2;1;1;
25618;202100016537;172 069;A01;2;33;0;2;6;18;1;
25619;202100016538;172 066;A01;1;7;0;2;3;15;2;
25620;202100016538;172 067;B01;2;1;0;2;1;1;5;
25621;202100016539;172 065;A01;3;7;0;1;0;20;3;
25622;202100016540;172 063;B01;1;1;0;2;1;1;5;
25623;202100016540;172 064;A01;2;7;0;2;3;15;1;
25624;202100016541;172 061;A01;2;10;0;2;7;16;3;
25625;202100016541;172 062;B01;2;80;0;2;1;1;3;
25626;202100016542;172 060;A01;2;7;8;0;3;13;1;
25627;202100016543;172 058;A01;1;2;0;2;1;1;1;
25628;202100016543;172 059;B01;1;7;0;2;5;1;1;
25629;202100016544;172 056;A01;1;7;0;2;7;15;1;
25630;202100016544;172 057;B01;2;30;0;2;1;1;1;
25631;202100016545;172 055;A01;1;30;0;1;6;1;1;
25632;202100016546;172 053;A01;3;60;0;2;3;1;5;
25633;202100016546;172 054;B01;3;10;0;2;8;1;1;
25634;202100016547;172 052;A01;1;7;0;1;7;1;1;
25635;202100016548;172 050;B01;2;7;0;2;3;2;1;
25636;202100016548;172 051;A01;1;7;0;2;2;9;1;
25637;202100016549;172 048;B01;1;7;0;2;8;1;1;
25638;202100016549;172 049;A01;1;7;0;2;1;1;1;
25639;202100016550;172 046;B01;1;7;0;2;7;15;1;
25640;202100016550;172 047;A01;2;7;0;2;1;1;1;
25641;202100016551;172 044;A01;2;7;0;2;1;16;0;
25642;202100016551;172 045;B01;3;32;0;2;7;1;1;
25643;202100016552;172 042;B01;2;32;0;2;0;0;1;
25644;202100016552;172 043;A01;3;7;0;2;2;15;1;
25645;202100016553;172 041;A01;1;1;0;1;1;1;5;
25646;202100016554;172 040;A01;1;7;0;1;2;1;1;
25647;202100016555;172 039;A01;1;7;0;1;3;1;1;
25648;202100016556;172 038;A01;2;3;0;1;3;2;1;
25649;202100016557;172 036;A01;2;1;0;2;1;1;5;
25650;202100016557;172 037;B01;1;7;0;2;3;1;1;
25651;202100016558;172 034;B01;2;50;0;2;0;0;3;
25652;202100016558;172 035;A01;2;7;0;2;8;24;1;
25653;202100016559;172 032;A01;1;30;0;2;8;13;1;
25654;202100016559;172 033;B01;1;7;0;2;7;1;1;
25655;202100016560;172 030;B01;1;13;0;2;2;1;4;
25656;202100016560;172 031;A01;1;33;0;2;1;21;1;
25657;202100016561;172 029;A01;1;1;0;1;1;1;5;