;Num_Acc;id_vehicule;num_veh;senc;catv;obs;obsm;choc;manv;motor;occutc
25658;202100016562;172 027;B01;0;60;0;2;7;19;5;
25659;202100016562;172 028;A01;1;7;0;2;3;1;1;
25660;202100016563;172 026;A01;3;7;9;1;0;26;1;
25661;202100016564;172 022;C01;2;10;0;2;3;1;1;
25662;202100016564;172 023;B01;2;15;0;2;3;1;1;
25663;202100016564;172 024;D01;2;15;0;2;1;1;1;
25664;202100016564;172 025;A01;1;15;0;2;3;1;1;
25665;202100016566;172 019;A01;1;7;0;0;4;2;1;
25666;202100016566;172 020;B01;1;7;0;2;1;2;1;
25667;202100016567;172 018;A01;1;33;0;6;1;1;1;
25668;202100016568;172 016;B01;2;38;0;2;3;1;1;1.0
25669;202100016568;172 017;A01;1;7;0;2;3;1;1;
25670;202100016569;172 014;B01;2;7;9;0;2;0;1;
25671;202100016569;172 015;A01;2;7;0;2;3;0;1;
25672;202100016570;172 013;A01;1;7;0;0;9;1;1;
25673;202100016571;172 011;B01;1;10;0;2;3;13;1;
25674;202100016571;172 012;A01;2;7;0;2;3;1;1;
25675;202100016572;172 010;A01;2;1;0;0;0;1;5;
25676;202100016573;172 008;A01;0;7;0;2;1;1;1;
25677;202100016573;172 009;B01;0;7;0;2;3;19;1;
25678;202100016574;172 007;A01;1;7;0;1;7;1;1;
25679;202100016575;172 003;B01;1;7;0;2;3;13;1;
25680;202100016575;172 004;A01;2;7;0;2;1;1;1;
25681;202100016576;172 002;A01;1;7;0;1;2;1;1;
25682;202100016577;172 001;A01;1;2;0;0;7;1;1;
25683;202100016578;171 999;A01;2;7;0;2;2;19;1;
25684;202100016578;172 000;B01;1;7;0;2;3;1;1;
25685;202100016579;171 997;B01;3;33;0;2;1;17;1;
25686;202100016579;171 998;A01;3;7;0;2;8;15;1;
25687;202100016580;171 995;B01;3;1;0;2;1;1;5;
25688;202100016580;171 996;A01;3;10;0;2;2;16;1;
25689;202100016581;171 993;B01;2;7;3;2;3;1;1;
25690;202100016581;171 994;A01;1;7;3;2;3;13;1;
25691;202100016582;171 992;A01;1;7;6;0;1;1;1;
25692;202100016583;171 990;B01;1;7;0;2;1;1;1;
25693;202100016583;171 991;A01;2;7;0;2;7;6;1;
25694;202100016585;171 985;A01;2;7;0;2;1;1;1;
25695;202100016585;171 986;B01;3;7;0;2;7;19;1;
25696;202100016586;171 984;A01;0;2;9;9;0;2;0;
25697;202100016587;171 983;A01;2;33;12;0;7;1;1;
25698;202100016588;171 980;C01;1;7;0;0;4;15;1;
25699;202100016588;171 981;B01;1;33;0;2;4;23;1;
25700;202100016588;171 982;A01;1;33;0;2;1;1;1;
25701;202100016590;171 978;A01;3;10;0;1;4;4;1;
25702;202100016591;171 977;A01;1;2;13;0;2;1;1;
25703;202100016592;171 976;A01;1;7;3;0;3;1;1;
25704;202100016593;171 975;A01;1;7;0;1;1;1;1;
25705;202100016595;171 972;B01;3;34;0;2;1;1;1;
25706;202100016595;171 973;A01;3;34;0;2;6;1;1;
25707;202100016596;171 969;A01;0;7;0;1;1;1;1;
25708;202100016597;171 967;A01;1;7;0;2;1;5;1;
25709;202100016597;171 968;B01;2;7;0;2;1;1;1;
25710;202100016598;171 965;A01;2;7;0;2;1;1;1;
25711;202100016598;171 966;B01;1;32;0;2;1;1;1;
25712;202100016599;171 963;A01;2;33;0;2;1;2;1;
25713;202100016599;171 964;B01;2;7;0;0;6;2;1;
25714;202100016601;171 960;A01;2;2;0;1;3;5;1;
25715;202100016602;171 957;A01;1;10;0;2;1;2;1;
25716;202100016602;171 958;B01;1;7;0;2;4;2;1;
25717;202100016602;171 959;C01;1;7;0;2;4;2;1;
25718;202100016603;171 955;B01;1;17;0;2;4;2;1;
25719;202100016603;171 956;A01;1;10;0;2;1;2;1;
25720;202100016604;171 954;A01;2;7;4;0;1;1;1;
25721;202100016605;171 953;A01;1;7;0;0;7;0;1;
25722;202100016606;171 951;A01;1;7;0;2;1;14;1;
25723;202100016606;171 952;B01;1;14;0;2;2;1;1;
25724;202100016607;171 950;A01;2;7;0;2;0;1;1;
25725;202100016608;171 949;A01;2;7;13;0;0;12;1;
25726;202100016609;171 948;A01;1;7;4;0;0;11;1;
25727;202100016610;171 947;A01;2;7;0;2;4;2;1;
25728;202100016611;171 946;A01;2;7;4;0;1;1;1;
25729;202100016612;171 945;A01;2;7;0;2;1;0;1;
25730;202100016613;171 944;A01;1;42;0;2;7;1;1;
25731;202100016614;171 938;F01;1;7;0;2;0;0;1;
25732;202100016614;171 939;E01;1;7;0;2;4;1;2;
25733;202100016614;171 940;D01;1;7;0;2;4;1;1;
25734;202100016614;171 941;C01;1;7;0;2;4;1;1;
25735;202100016614;171 942;B01;1;7;0;2;4;1;1;
25736;202100016614;171 943;A01;1;7;0;2;1;1;1;
25737;202100016615;171 936;A01;2;31;0;2;8;3;1;
25738;202100016615;171 937;B01;2;7;0;2;7;12;1;
25739;202100016616;171 934;A01;2;10;0;2;1;2;1;
25740;202100016616;171 935;B01;2;16;0;0;4;1;1;
25741;202100016617;171 933;A01;3;7;0;1;2;26;0;
25742;202100016619;171 928;A01;0;7;0;1;1;26;1;
25743;202100016620;171 926;B01;3;1;0;2;1;2;5;
25744;202100016620;171 927;A01;3;7;0;2;3;22;1;
25745;202100016622;171 923;A01;2;33;6;0;9;1;1;
25746;202100016623;171 921;B01;1;7;0;2;6;1;2;
25747;202100016623;171 922;A01;1;7;0;2;2;14;1;
25748;202100016624;171 919;B01;2;7;0;2;7;15;1;
25749;202100016624;171 920;A01;1;7;0;2;5;19;2;
25750;202100016625;171 917;B01;1;32;0;2;1;1;1;
25751;202100016625;171 918;A01;1;7;0;2;7;10;1;
25752;202100016626;171 915;B01;2;7;0;2;1;1;1;
25753;202100016626;171 916;A01;1;7;0;2;5;1;1;
25754;202100016627;171 913;B01;2;31;0;2;0;0;0;
25755;202100016627;171 914;A01;2;7;0;2;7;19;1;
25756;202100016628;171 910;A01;1;7;0;2;6;1;1;
25757;202100016628;171 911;C01;2;7;0;2;3;11;1;
25758;202100016628;171 912;B01;1;32;0;2;1;2;1;
25759;202100016629;171 909;A01;3;7;0;1;6;4;1;
25760;202100016630;171 907;B01;3;60;0;2;1;16;5;
25761;202100016630;171 908;A01;3;7;0;2;1;15;3;
25762;202100016631;171 905;B01;1;43;0;2;1;1;1;
25763;202100016631;171 906;A01;2;10;0;2;2;15;1;
25764;202100016632;171 903;A01;1;7;0;2;2;15;1;
25765;202100016632;171 904;B01;1;32;0;2;1;26;1;
25766;202100016633;171 901;A01;1;7;15;0;2;1;1;
25767;202100016634;171 899;A01;3;7;0;2;1;1;1;
25768;202100016634;171 900;B01;3;7;0;2;4;0;1;
25769;202100016635;171 897;A01;1;7;0;2;3;13;1;
25770;202100016635;171 898;B01;1;7;0;2;1;1;1;
25771;202100016636;171 895;B01;1;1;0;2;2;19;0;
25772;202100016636;171 896;A01;3;7;0;2;3;21;1;
25773;202100016637;171 893;B01;3;33;0;2;7;1;1;
25774;202100016637;171 894;A01;3;7;0;2;2;15;1;
25775;202100016638;171 891;A01;3;7;0;2;4;9;1;
25776;202100016638;171 892;B01;3;7;0;2;2;2;1;
25777;202100016639;171 889;A01;1;33;16;0;7;1;1;
25778;202100016640;171 887;A01;2;7;0;2;8;15;1;
25779;202100016640;171 888;B01;2;33;0;2;1;17;1;
25780;202100016641;171 886;A01;1;7;2;0;1;1;1;
25781;202100016642;171 884;A01;2;7;0;2;3;9;1;
25782;202100016642;171 885;B01;1;1;0;2;1;9;5;
25783;202100016643;171 882;A01;2;80;0;2;1;15;3;
25784;202100016643;171 883;B01;2;7;0;2;1;15;0;
25785;202100016644;171 880;B01;0;2;0;0;0;0;0;
25786;202100016644;171 881;A01;3;7;0;9;0;16;1;
25787;202100016645;171 878;B01;3;7;0;2;2;0;1;
25788;202100016645;171 879;A01;3;7;0;2;2;15;1;
25789;202100016646;171 876;B01;1;7;0;2;1;26;1;
25790;202100016646;171 877;A01;1;7;0;2;1;26;1;
25791;202100016648;171 873;B01;1;7;14;0;5;2;1;
25792;202100016648;171 874;A01;2;7;0;2;1;1;1;
25793;202100016649;171 872;A01;1;7;0;1;2;1;1;
25794;202100016650;171 869;Z01;1;7;0;2;7;17;1;
25795;202100016650;171 870;B01;1;7;0;2;8;0;1;
25796;202100016650;171 871;A01;1;7;0;2;8;12;1;
25797;202100016651;171 865;D01;3;7;0;2;4;23;2;
25798;202100016651;171 866;B01;3;7;0;2;4;23;1;
25799;202100016651;171 867;C01;3;7;0;2;4;23;1;
25800;202100016651;171 868;A01;1;7;1;2;1;1;1;
25801;202100016652;171 864;A01;1;7;3;0;1;13;2;
25802;202100016653;171 863;A01;1;30;0;0;7;26;1;
25803;202100016655;171 859;A01;3;7;0;2;5;9;1;
25804;202100016655;171 860;B01;3;33;0;2;8;0;1;
25805;202100016656;171 857;A01;3;1;0;2;4;26;6;
25806;202100016656;171 858;B01;3;7;0;2;3;9;1;
25807;202100016657;171 855;A01;0;7;0;2;1;15;1;
25808;202100016657;171 856;B01;0;32;0;2;3;1;1;
25809;202100016658;171 851;C01;3;7;0;2;0;0;1;
25810;202100016658;171 852;D01;3;7;0;2;0;0;1;
25811;202100016658;171 853;A01;2;7;1;2;1;13;1;
25812;202100016658;171 854;B01;1;7;0;2;1;1;1;
25813;202100016659;171 850;A01;2;33;1;0;7;1;1;
25814;202100016660;171 848;A01;0;7;0;2;1;0;0;
25815;202100016660;171 849;B01;0;32;0;2;1;0;1;
25816;202100016661;171 847;A01;1;30;0;1;0;26;1;
25817;202100016662;171 845;A01;3;2;0;2;1;1;1;
25818;202100016662;171 846;B01;3;7;0;2;5;1;1;
25819;202100016664;171 842;B01;1;7;0;2;1;1;1;
25820;202100016664;171 843;A01;1;7;0;2;3;10;2;
25821;202100016665;171 839;C01;3;7;1;0;8;0;1;
25822;202100016665;171 840;A01;1;7;1;0;1;9;1;
25823;202100016665;171 841;B01;2;13;0;2;1;1;1;
25824;202100016666;171 838;A01;3;7;0;1;3;1;1;
25825;202100016667;171 836;B01;2;33;0;2;1;2;1;
25826;202100016667;171 837;A01;2;10;0;2;6;15;1;
25827;202100016668;171 832;D01;1;7;0;2;7;2;1;
25828;202100016668;171 833;C01;1;7;0;2;5;2;1;
25829;202100016668;171 834;A01;1;34;0;2;8;21;1;
25830;202100016668;171 835;B01;1;7;0;2;2;12;1;
25831;202100016669;171 831;A01;1;31;14;0;8;13;1;
25832;202100016670;171 830;A01;2;7;0;1;2;1;1;
25833;202100016671;171 828;A01;1;7;0;2;6;10;1;
25834;202100016671;171 829;B01;1;7;0;2;2;1;1;
25835;202100016672;171 826;B01;1;7;0;2;5;2;1;
25836;202100016672;171 827;A01;1;30;0;2;1;2;1;
25837;202100016673;171 824;A01;2;30;0;2;1;1;1;
25838;202100016673;171 825;Z01;1;7;0;2;0;1;0;
25839;202100016674;171 822;B01;1;7;0;2;4;23;1;
25840;202100016674;171 823;A01;1;7;0;2;1;2;1;
25841;202100016675;171 821;A01;1;32;0;0;0;1;1;
25842;202100016676;171 820;A01;1;1;0;1;2;1;5;
25843;202100016677;171 819;A01;1;7;0;1;3;1;1;
25844;202100016678;171 816;Z01;1;7;0;2;0;10;1;
25845;202100016678;171 817;B01;2;7;0;2;6;2;1;
25846;202100016678;171 818;A01;2;30;0;2;1;2;1;
25847;202100016679;171 815;A01;1;30;12;0;3;13;1;
25848;202100016680;171 813;Z01;1;7;0;2;2;15;1;
25849;202100016680;171 814;A01;1;50;0;2;0;1;3;
25850;202100016681;171 812;A01;1;7;0;1;1;1;2;
25851;202100016682;171 811;A01;1;7;0;1;1;13;1;
25852;202100016683;171 808;A01;2;7;0;2;1;2;1;
25853;202100016683;171 809;B01;2;7;0;2;4;1;1;
25854;202100016683;171 810;C01;2;7;0;2;4;1;1;
25855;202100016684;171 806;B01;3;7;0;2;7;2;0;
25856;202100016684;171 807;A01;3;30;0;2;8;1;1;
25857;202100016685;171 805;A01;1;32;0;0;0;18;1;
25858;202100016686;171 802;C01;2;7;0;2;4;23;1;
25859;202100016686;171 803;B01;2;7;0;2;4;2;1;
25860;202100016686;171 804;A01;2;7;0;2;1;2;1;
25861;202100016687;171 800;B01;2;7;0;2;1;1;1;
25862;202100016687;171 801;A01;3;33;1;2;7;19;1;
25863;202100016688;171 798;B01;0;7;0;2;8;17;1;
25864;202100016688;171 799;A01;0;31;0;2;1;17;1;
25865;202100016689;171 796;B01;0;2;0;2;1;5;1;
25866;202100016689;171 797;A01;0;7;0;2;1;1;1;
25867;202100016690;171 795;A01;1;7;0;1;1;1;1;
25868;202100016691;171 794;A01;1;7;0;0;9;9;1;
25869;202100016692;171 791;A01;3;7;2;0;2;14;1;
25870;202100016693;171 789;A01;2;32;0;2;1;1;1;
25871;202100016693;171 790;B01;2;7;0;2;3;9;1;
25872;202100016694;171 784;A01;2;7;0;2;1;2;1;
25873;202100016694;171 785;B01;2;7;0;0;9;23;1;
25874;202100016694;171 786;D01;2;7;0;2;6;23;1;
25875;202100016694;171 787;E01;2;7;0;2;6;23;1;
25876;202100016694;171 788;C01;2;7;0;2;4;23;2;
25877;202100016695;171 782;A01;2;7;0;2;1;2;1;
25878;202100016695;171 783;B01;2;7;0;2;6;17;1;
25879;202100016696;171 780;B01;2;7;0;2;2;1;1;
25880;202100016696;171 781;A01;1;7;0;2;2;9;1;
25881;202100016697;171 779;A01;2;33;0;0;0;1;1;
25882;202100016698;171 778;A01;2;15;3;0;3;13;1;
25883;202100016699;171 777;A01;1;33;0;0;0;17;1;
25884;202100016700;171 775;A01;1;1;0;2;7;15;5;
25885;202100016700;171 776;B01;1;7;0;9;3;9;1;
25886;202100016701;171 772;C01;1;33;0;2;8;1;1;
25887;202100016701;171 773;A01;1;7;0;2;1;19;1;
25888;202100016701;171 774;B01;1;33;0;2;8;1;1;
25889;202100016702;171 771;A01;1;7;9;1;2;1;1;
25890;202100016703;171 768;A01;2;7;0;2;1;1;1;
25891;202100016703;171 769;B01;1;7;0;2;1;17;1;
25892;202100016703;171 770;C01;1;7;0;9;8;1;1;
25893;202100016704;171 764;A01;2;33;0;2;1;13;1;
25894;202100016704;171 765;C01;2;33;0;2;0;1;1;
25895;202100016704;171 766;D01;1;7;0;2;1;1;1;
25896;202100016704;171 767;B01;1;7;0;2;3;1;1;
25897;202100016705;171 761;B01;3;7;0;2;8;1;1;
25898;202100016705;171 762;A01;3;7;0;2;1;1;1;
25899;202100016706;171 759;B01;1;7;0;2;1;2;1;
25900;202100016706;171 760;A01;1;7;0;0;4;1;1;
25901;202100016707;171 757;B01;2;7;0;2;1;1;1;
25902;202100016707;171 758;A01;2;7;8;2;8;19;1;
25903;202100016708;171 755;A01;1;7;0;2;1;1;1;
25904;202100016708;171 756;B01;2;7;0;0;4;15;1;
25905;202100016709;171 752;B01;2;30;0;2;3;1;1;
25906;202100016709;171 753;A01;1;7;0;2;1;15;1;
25907;202100016709;171 754;C01;2;7;0;2;1;23;1;
25908;202100016710;171 751;A01;1;7;13;0;3;1;1;
25909;202100016711;171 749;B01;2;33;0;2;1;17;0;
25910;202100016711;171 750;A01;2;7;0;2;6;15;1;
25911;202100016712;171 748;A01;1;7;13;0;9;14;1;
25912;202100016713;171 747;A01;0;33;13;0;2;1;1;
25913;202100016714;171 746;A01;2;7;0;1;1;1;0;
25914;202100016715;171 745;A01;2;7;0;1;1;1;3;
25915;202100016716;171 743;A01;2;32;0;2;1;13;1;
25916;202100016716;171 744;B01;1;10;0;2;1;1;1;
25917;202100016717;171 741;A01;2;7;0;2;3;1;1;
25918;202100016717;171 742;B01;1;7;0;2;3;1;1;
25919;202100016718;171 740;A01;1;7;2;0;1;14;1;
25920;202100016720;171 737;A01;1;7;2;0;1;17;1;
25921;202100016721;171 736;A01;2;33;10;0;8;17;1;
25922;202100016723;171 732;A01;1;7;0;2;2;2;3;
25923;202100016723;171 733;B01;2;1;0;0;3;2;5;
25924;202100016724;171 731;A01;1;7;2;0;1;1;1;
25925;202100016725;171 729;A01;1;1;0;2;1;1;5;
25926;202100016725;171 730;B01;2;7;0;2;3;1;1;
25927;202100016726;171 727;A01;1;2;0;2;1;1;1;
25928;202100016726;171 728;B01;2;7;0;2;1;1;1;
25929;202100016727;171 725;B01;2;7;0;2;5;1;1;
25930;202100016727;171 726;A01;2;31;0;2;1;1;1;
25931;202100016728;171 723;A01;2;10;0;2;1;26;1;
25932;202100016728;171 724;B01;2;15;0;0;6;1;1;
25933;202100016731;171 718;A01;3;7;0;2;2;15;1;
25934;202100016731;171 719;B01;2;7;0;2;8;1;1;
25935;202100016733;171 707;B01;2;7;0;2;4;1;1;
25936;202100016733;171 708;C01;2;7;0;2;8;21;1;
25937;202100016733;171 709;D01;2;7;0;0;2;21;1;
25938;202100016733;171 710;E01;2;7;14;0;8;1;1;
25939;202100016733;171 711;A01;2;7;0;2;1;1;1;
25940;202100016735;171 705;A01;2;2;9;0;1;1;1;
25941;202100016736;171 702;A01;2;7;0;2;3;1;1;
25942;202100016736;171 703;B01;2;7;0;2;6;1;1;
25943;202100016736;171 704;C01;2;7;0;2;3;1;1;
25944;202100016737;171 701;A01;1;7;16;0;0;0;1;
25945;202100016738;171 699;B01;2;7;0;2;3;1;1;
25946;202100016738;171 700;A01;1;7;0;2;3;1;1;
25947;202100016739;171 698;A01;3;7;0;1;6;4;0;
25948;202100016740;171 697;A01;1;7;2;0;3;1;1;
25949;202100016742;171 695;A01;1;33;0;1;1;0;1;
25950;202100016743;171 693;A01;2;7;0;9;1;19;1;
25951;202100016743;171 694;B01;1;1;0;2;7;1;5;
25952;202100016744;171 692;A01;1;7;2;0;1;1;1;
25953;202100016745;171 690;A01;0;7;0;2;7;14;1;
25954;202100016745;171 691;B01;0;31;0;2;1;19;1;
25955;202100016746;171 689;A01;1;7;0;0;0;1;1;
25956;202100016747;171 687;B01;2;1;0;2;8;26;5;
25957;202100016747;171 688;A01;2;10;0;9;7;16;4;
25958;202100016748;171 686;A01;0;7;0;1;2;2;0;
25959;202100016749;171 685;A01;2;50;0;0;0;1;3;
25960;202100016750;171 683;A01;1;7;0;2;1;15;1;
25961;202100016750;171 684;B01;2;7;0;2;1;1;1;
25962;202100016751;171 681;A01;3;7;0;2;1;1;1;
25963;202100016751;171 682;B01;3;7;0;2;1;1;1;
25964;202100016752;171 680;A01;1;7;3;0;3;1;1;
25965;202100016753;171 679;A01;2;7;6;0;2;14;1;
25966;202100016754;171 677;A01;2;31;0;2;4;1;1;
25967;202100016754;171 678;Z01;2;7;0;2;1;2;0;
25968;202100016755;171 676;A01;1;7;6;0;2;14;1;
25969;202100016756;171 674;A01;2;7;0;2;5;1;1;
25970;202100016756;171 675;Z01;2;7;0;2;1;0;0;
25971;202100016757;171 671;C01;1;7;0;2;1;2;2;
25972;202100016757;171 672;B01;1;7;0;2;4;23;1;
25973;202100016757;171 673;A01;1;7;0;2;4;23;1;
25974;202100016758;171 669;A01;1;7;0;2;1;2;1;
25975;202100016758;171 670;B01;1;7;0;2;4;2;1;
25976;202100016759;171 666;A01;2;7;0;2;8;11;0;
25977;202100016759;171 667;B01;2;43;0;2;1;3;0;
25978;202100016759;171 668;C01;2;7;0;2;7;1;0;
25979;202100016760;171 664;B01;2;10;0;2;4;2;0;
25980;202100016760;171 665;A01;2;7;0;2;1;2;1;
25981;202100016761;171 660;A01;1;7;0;2;1;2;0;
25982;202100016761;171 661;B01;1;7;0;2;4;2;1;
25983;202100016761;171 662;C01;1;7;0;2;4;2;0;
25984;202100016761;171 663;D01;1;7;0;2;4;2;1;
25985;202100016762;171 658;B01;1;31;0;2;2;3;1;
25986;202100016762;171 659;A01;0;7;0;0;0;0;0;
25987;202100016763;171 656;A01;1;7;1;0;2;14;1;
25988;202100016763;171 657;B01;1;7;0;2;6;23;1;
25989;202100016764;171 654;A01;1;7;0;2;4;18;0;
25990;202100016764;171 655;B01;1;7;0;2;1;2;2;
25991;202100016765;171 650;A01;1;7;0;2;9;2;1;
25992;202100016765;171 651;B01;1;7;0;2;4;2;1;
25993;202100016765;171 652;C01;1;7;0;2;4;2;1;
25994;202100016765;171 653;D01;1;7;0;2;4;2;1;
25995;202100016766;171 648;A01;1;7;0;2;1;1;1;
25996;202100016766;171 649;B01;1;7;0;2;4;2;1;
25997;202100016767;171 646;B01;1;7;0;2;3;11;1;
25998;202100016767;171 647;A01;1;43;0;2;7;3;1;
25999;202100016768;171 643;A01;2;7;0;2;3;26;1;
26000;202100016768;171 644;B01;2;7;0;2;3;26;1;
26001;202100016768;171 645;C01;2;7;0;2;1;26;1;
26002;202100016769;171 641;A01;1;7;0;2;7;12;1;
26003;202100016769;171 642;B01;1;33;0;2;3;1;0;
26004;202100016770;171 638;A01;1;7;0;2;1;13;1;
26005;202100016770;171 639;B01;2;7;0;2;1;1;1;
26006;202100016770;171 640;C01;2;7;0;0;0;0;1;
26007;202100016771;171 636;B01;1;2;1;2;8;18;1;
26008;202100016771;171 637;A01;1;10;1;2;7;12;1;
26009;202100016772;171 634;B01;2;7;12;0;4;0;1;
26010;202100016772;171 635;A01;2;32;0;2;1;1;1;
26011;202100016773;171 632;A01;1;7;0;2;4;2;1;
26012;202100016773;171 633;B01;1;31;0;2;1;1;1;
26013;202100016774;171 630;A01;1;7;0;2;2;12;1;
26014;202100016774;171 631;B01;1;7;0;2;3;11;1;
26015;202100016775;171 628;A01;3;14;0;2;8;15;1;
26016;202100016775;171 629;B01;3;2;0;2;5;16;1;
26017;202100016776;171 626;A01;2;7;0;2;3;1;1;
26018;202100016776;171 627;B01;1;13;0;2;3;1;1;
26019;202100016777;171 624;A01;1;7;0;2;7;15;1;
26020;202100016777;171 625;B01;1;7;0;2;1;1;1;
26021;202100016778;171 623;A01;3;7;15;0;1;0;1;
26022;202100016779;171 621;B01;2;1;0;9;1;5;5;
26023;202100016779;171 622;A01;1;7;0;9;2;16;1;
26024;202100016780;171 619;B01;2;2;0;0;7;15;1;
26025;202100016780;171 620;A01;1;7;0;2;1;15;1;
26026;202100016781;171 616;C01;1;1;0;2;4;1;5;
26027;202100016781;171 617;B01;1;7;0;0;2;19;1;
26028;202100016781;171 618;A01;1;7;0;2;8;18;1;
26029;202100016782;171 614;B01;1;50;12;2;1;5;3;
26030;202100016782;171 615;A01;2;7;12;2;1;1;1;
26031;202100016783;171 612;B01;2;7;0;0;4;1;1;
26032;202100016783;171 613;A01;2;7;0;2;3;2;1;
26033;202100016784;171 611;A01;1;7;8;0;1;9;1;
26034;202100016785;171 610;A01;1;0;0;1;1;1;0;
26035;202100016786;171 609;A01;0;7;0;1;8;17;1;
26036;202100016787;171 607;B01;1;33;0;2;1;1;1;
26037;202100016787;171 608;A01;1;7;0;2;2;1;1;
26038;202100016788;171 606;A01;1;33;2;0;1;26;1;
26039;202100016789;171 604;B01;2;33;0;2;7;1;1;
26040;202100016789;171 605;A01;2;7;0;2;3;15;1;
26041;202100016790;171 602;B01;1;7;0;2;6;1;1;
26042;202100016790;171 603;A01;1;10;0;2;2;21;1;
26043;202100016791;171 601;A01;3;7;0;1;1;1;1;
26044;202100016792;171 599;B01;2;7;0;2;5;1;1;
26045;202100016792;171 600;A01;1;34;0;2;1;1;1;
26046;202100016793;171 597;B01;1;2;0;2;2;17;1;
26047;202100016793;171 598;A01;1;7;0;2;6;13;1;
26048;202100016794;171 596;B01;1;7;0;1;2;17;1;
26049;202100016795;171 594;B01;1;7;0;2;5;1;1;
26050;202100016795;171 595;A01;1;32;0;2;3;1;1;
26051;202100016796;171 593;A01;1;33;6;0;8;13;1;
26052;202100016797;171 591;A01;2;7;0;2;1;2;1;
26053;202100016797;171 592;B01;2;7;0;2;4;1;1;
26054;202100016799;171 587;B01;2;7;0;2;8;1;1;
26055;202100016799;171 588;A01;3;7;0;2;1;19;1;
26056;202100016800;171 585;B01;2;7;0;2;1;1;1;
26057;202100016800;171 586;A01;1;33;0;2;1;13;1;
26058;202100016802;171 581;A01;1;7;0;2;1;2;1;
26059;202100016802;171 582;B01;1;1;0;2;4;26;5;
26060;202100016803;171 580;A01;2;33;0;0;0;26;1;
26061;202100016804;171 579;A01;3;7;15;1;2;14;1;
26062;202100016805;171 578;A01;1;7;0;1;8;16;1;
26063;202100016806;171 577;A01;3;43;0;0;9;1;1;
26064;202100016807;171 576;A01;1;7;0;1;3;1;2;
26065;202100016808;171 575;A01;3;7;0;1;1;9;1;
26066;202100016809;171 573;B01;3;7;0;2;6;1;1;
26067;202100016809;171 574;A01;2;10;0;2;1;19;1;
26068;202100016810;171 571;A01;3;33;0;2;8;1;1;
26069;202100016810;171 572;B01;3;7;0;2;7;1;0;
26070;202100016811;171 569;B01;1;7;0;2;4;1;2;
26071;202100016811;171 570;A01;1;7;0;2;1;1;1;
26072;202100016812;171 567;A01;2;7;0;2;1;9;1;
26073;202100016812;171 568;B01;2;33;0;2;7;1;1;
26074;202100016813;171 565;B01;3;1;0;2;8;19;5;
26075;202100016813;171 566;A01;3;7;0;2;1;1;1;
26076;202100016814;171 563;B01;2;7;0;2;2;15;1;
26077;202100016814;171 564;A01;2;33;0;2;2;19;1;
26078;202100016815;171 561;A01;3;1;0;2;1;26;5;
26079;202100016815;171 562;B01;3;3;1;2;3;0;0;
26080;202100016816;171 560;A01;1;7;0;1;1;1;1;
26081;202100016817;171 558;B01;1;7;0;2;8;16;1;
26082;202100016817;171 559;A01;1;7;0;2;1;1;1;
26083;202100016818;171 557;A01;2;34;11;0;1;1;1;
26084;202100016819;171 556;A01;1;7;1;2;6;26;1;
26085;202100016820;171 554;B01;0;7;0;2;1;1;1;
26086;202100016820;171 555;A01;0;7;0;2;5;1;1;
26087;202100016821;171 553;A01;1;7;0;1;1;1;1;
26088;202100016822;171 552;A01;1;7;0;1;3;1;1;
26089;202100016825;171 546;A01;1;7;0;2;1;2;1;
26090;202100016825;171 547;B01;1;7;0;2;1;2;1;
26091;202100016825;171 548;C01;1;7;0;2;4;2;1;
26092;202100016826;171 545;A01;1;7;2;0;0;14;1;
26093;202100016827;171 544;A01;2;33;0;0;7;16;1;
26094;202100016829;171 541;A01;3;10;0;2;3;1;1;
26095;202100016829;171 542;B01;3;2;0;2;1;1;1;
26096;202100016830;171 534;B01;1;7;0;2;8;13;1;
26097;202100016830;171 535;A01;1;32;0;2;7;17;1;
26098;202100016831;171 533;A01;1;7;0;1;0;0;1;
26099;202100016832;171 532;A01;1;7;0;1;3;26;1;
26100;202100016833;171 530;B01;1;7;0;2;5;1;1;
26101;202100016833;171 531;A01;1;30;0;2;7;12;1;
26102;202100016834;171 528;A01;1;7;0;2;3;15;1;
26103;202100016834;171 529;Y01;1;1;0;2;3;1;5;
26104;202100016835;171 527;A01;3;7;0;1;4;26;1;
26105;202100016836;171 525;B01;1;34;0;2;7;17;1;
26106;202100016836;171 526;A01;2;7;0;2;8;15;1;
26107;202100016837;171 523;A01;3;7;0;2;1;1;1;
26108;202100016837;171 524;B01;3;7;0;2;8;1;1;
26109;202100016838;171 522;A01;3;7;0;1;2;1;1;
26110;202100016839;171 521;A01;1;7;1;1;1;16;1;
26111;202100016840;171 520;A01;1;7;0;1;3;26;1;
26112;202100016842;171 517;A01;1;14;0;1;1;1;1;
26113;202100016843;171 511;A01;1;7;0;1;2;16;1;
26114;202100016844;171 510;A01;0;7;0;0;0;0;1;
26115;202100016845;171 509;A01;0;7;2;0;1;13;1;
26116;202100016846;171 507;Z01;0;7;0;0;0;0;0;
26117;202100016846;171 508;A01;0;7;0;2;7;1;1;
26118;202100016847;171 505;B01;0;15;0;2;3;15;1;
26119;202100016847;171 506;A01;0;31;0;2;1;17;1;
26120;202100016848;171 503;B01;1;7;0;2;2;9;1;