;Num_Acc;id_vehicule;num_veh;senc;catv;obs;obsm;choc;manv;motor;occutc
26121;202100016848;171 504;A01;1;7;0;2;3;1;1;
26122;202100016849;171 502;A01;3;33;0;0;8;0;1;
26123;202100016850;171 500;A01;0;7;0;2;1;1;1;
26124;202100016850;171 501;B01;0;7;0;2;4;2;1;
26125;202100016851;171 499;A01;1;7;1;0;1;5;2;
26126;202100016853;171 494;C01;1;7;0;2;4;2;1;
26127;202100016853;171 495;Z01;1;7;0;2;1;2;0;
26128;202100016853;171 496;B01;1;7;0;2;4;2;1;
26129;202100016855;171 491;A01;1;2;0;0;7;15;1;
26130;202100016856;171 488;A01;1;7;0;2;1;1;1;
26131;202100016856;171 489;B01;1;7;0;2;0;0;1;
26132;202100016856;171 490;C01;1;7;0;2;0;0;1;
26133;202100016857;171 487;A01;1;7;0;1;1;9;1;
26134;202100016858;171 486;A01;1;7;0;1;1;9;1;
26135;202100016859;171 484;B01;2;33;0;2;1;1;1;
26136;202100016859;171 485;A01;2;7;0;2;4;16;1;
26137;202100016860;171 482;A01;1;33;0;2;1;1;1;
26138;202100016860;171 483;B01;2;7;0;2;3;9;1;
26139;202100016861;171 481;A01;2;7;0;1;3;16;1;
26140;202100016862;171 479;A01;1;10;0;2;7;16;1;
26141;202100016862;171 480;B01;1;2;0;2;8;1;1;
26142;202100016864;171 475;B01;1;1;0;2;8;13;5;
26143;202100016864;171 476;A01;1;7;0;9;1;26;1;
26144;202100016865;171 474;A01;2;7;0;1;1;26;1;
26145;202100016866;171 472;A01;1;7;0;2;2;1;1;
26146;202100016866;171 473;B01;2;1;0;2;1;19;5;
26147;202100016867;171 471;A01;1;33;0;1;1;1;1;
26148;202100016868;171 470;A01;1;7;8;0;2;14;1;
26149;202100016869;171 468;A01;1;7;0;2;3;1;1;
26150;202100016869;171 469;B01;2;7;0;2;1;15;1;
26151;202100016870;171 467;A01;1;7;14;0;1;1;1;
26152;202100016871;171 465;A01;1;7;0;2;3;1;1;
26153;202100016871;171 466;B01;2;33;0;2;1;1;1;
26154;202100016872;171 463;A01;1;7;0;2;2;15;1;
26155;202100016872;171 464;B01;2;31;0;2;1;1;1;
26156;202100016873;171 461;Z01;1;7;0;2;8;15;0;
26157;202100016873;171 462;B01;1;32;0;2;7;1;1;
26158;202100016874;171 460;A01;1;7;0;1;1;1;1;
26159;202100016876;171 457;A01;1;7;0;2;7;14;1;
26160;202100016876;171 458;B01;1;1;0;2;0;18;0;
26161;202100016877;171 456;A01;1;7;0;1;1;1;1;
26162;202100016878;171 454;B01;1;1;0;2;3;1;5;
26163;202100016878;171 455;A01;1;7;0;2;7;15;1;
26164;202100016879;171 452;A01;2;10;0;2;1;2;1;
26165;202100016879;171 453;B01;2;7;0;2;4;23;1;
26166;202100016880;171 449;A01;1;30;0;2;1;17;1;
26167;202100016880;171 450;B01;1;7;0;2;6;2;1;
26168;202100016881;171 447;B01;2;7;0;2;3;16;1;
26169;202100016881;171 448;A01;2;34;0;2;5;16;1;
26170;202100016883;171 444;A01;1;7;8;0;2;1;1;
26171;202100016884;171 443;A01;3;33;16;0;8;1;1;
26172;202100016885;171 441;A01;1;7;1;0;2;1;1;
26173;202100016885;171 442;B01;1;7;12;0;6;26;1;
26174;202100016886;171 439;B01;1;31;0;2;4;9;1;
26175;202100016886;171 440;A01;1;7;0;2;1;9;1;
26176;202100016887;171 437;B01;2;80;1;2;3;2;3;
26177;202100016887;171 438;A01;1;7;0;2;3;22;1;
26178;202100016888;171 435;B01;3;80;1;9;3;26;3;
26179;202100016888;171 436;A01;3;7;1;9;3;26;1;
26180;202100016889;171 434;A01;0;30;0;1;1;0;1;
26181;202100016890;171 432;A01;1;7;0;2;1;9;0;
26182;202100016890;171 433;B01;1;2;0;2;7;1;1;
26183;202100016891;171 428;C01;3;7;0;2;4;0;1;
26184;202100016891;171 429;B01;3;7;0;2;4;1;1;
26185;202100016891;171 430;A01;3;10;0;2;1;2;1;
26186;202100016892;171 427;A01;1;33;0;1;1;1;1;
26187;202100016893;171 426;A01;1;7;0;1;2;1;1;
26188;202100016894;171 425;A01;1;7;1;0;1;26;1;
26189;202100016895;171 423;A01;2;7;0;2;2;2;1;
26190;202100016895;171 424;B01;2;7;0;2;4;2;1;
26191;202100016896;171 422;A01;1;7;0;1;1;1;1;
26192;202100016897;171 420;A01;3;7;0;0;0;0;1;
26193;202100016897;171 421;B01;1;33;0;2;1;1;1;
26194;202100016900;171 413;B01;0;50;0;2;2;1;3;
26195;202100016900;171 414;A01;0;7;0;2;3;9;1;
26196;202100016902;171 409;A01;2;7;0;2;1;15;1;
26197;202100016902;171 410;B01;2;2;0;2;8;1;1;
26198;202100016903;171 408;A01;1;7;0;0;0;26;1;
26199;202100016904;171 406;A01;1;1;0;2;8;26;5;
26200;202100016904;171 407;B01;1;1;0;2;1;26;5;
26201;202100016906;171 402;B01;1;30;0;2;1;26;1;
26202;202100016906;171 403;A01;1;7;0;2;3;26;1;
26203;202100016909;171 396;A01;1;1;0;2;0;26;5;
26204;202100016909;171 397;B01;1;7;0;2;0;26;3;
26205;202100016910;171 394;B01;1;1;0;2;3;15;5;
26206;202100016910;171 395;A01;1;7;0;2;2;1;1;
26207;202100016911;171 392;B01;3;7;0;2;4;2;1;
26208;202100016911;171 393;A01;3;7;0;0;0;0;1;
26209;202100016912;171 390;A01;1;50;0;2;8;1;3;
26210;202100016912;171 391;B01;1;10;0;2;3;15;1;
26211;202100016913;171 388;A01;2;7;0;2;8;15;1;
26212;202100016913;171 389;B01;2;10;0;2;1;1;1;
26213;202100016914;171 386;B01;2;1;0;2;1;1;5;
26214;202100016914;171 387;A01;1;7;0;2;1;15;1;
26215;202100016915;171 384;A01;0;10;0;9;3;1;1;
26216;202100016915;171 385;B01;0;1;0;2;0;19;5;
26217;202100016916;171 383;A01;1;7;8;0;1;9;1;
26218;202100016917;171 381;A01;1;50;0;2;1;19;3;
26219;202100016917;171 382;B01;2;7;0;2;2;16;1;
26220;202100016919;171 378;A01;0;14;0;1;1;1;1;
26221;202100016920;171 376;B01;1;7;0;2;1;1;1;
26222;202100016920;171 377;A01;1;7;0;2;3;9;1;
26223;202100016921;171 374;A01;1;7;0;2;3;15;1;
26224;202100016921;171 375;B01;1;2;0;2;7;1;1;
26225;202100016922;171 372;Z01;1;7;0;2;1;26;1;
26226;202100016922;171 373;B01;1;60;0;2;4;0;5;
26227;202100016923;171 370;A01;1;7;0;2;1;1;1;
26228;202100016923;171 371;B01;1;7;14;2;4;1;1;
26229;202100016924;171 368;A01;3;7;0;2;3;19;1;
26230;202100016924;171 369;B01;1;7;0;2;2;1;1;
26231;202100016925;171 367;A01;1;7;4;0;8;1;1;
26232;202100016928;171 363;A01;3;7;0;2;1;1;1;
26233;202100016928;171 364;B01;3;1;0;2;7;1;5;
26234;202100016929;171 361;B01;3;7;0;2;6;19;1;
26235;202100016929;171 362;A01;3;50;0;2;1;19;3;
26236;202100016930;171 360;Z01;2;1;0;1;1;7;5;
26237;202100016932;171 357;A01;1;7;0;0;9;14;1;
26238;202100016934;171 353;A01;1;7;0;2;1;2;1;
26239;202100016934;171 354;B01;1;7;0;2;4;1;2;
26240;202100016935;171 351;A01;3;7;0;2;1;1;1;
26241;202100016935;171 352;B01;3;30;0;2;1;1;1;
26242;202100016936;171 350;A01;3;31;12;0;1;26;1;
26243;202100016937;171 348;A01;2;7;0;2;5;15;1;
26244;202100016937;171 349;B01;1;33;0;2;1;1;1;
26245;202100016938;171 346;A01;3;1;0;2;0;1;5;
26246;202100016938;171 347;B01;3;7;0;2;3;15;1;
26247;202100016939;171 344;Z01;1;7;0;2;0;15;1;
26248;202100016939;171 345;A01;2;7;0;2;3;1;1;
26249;202100016940;171 342;B01;2;7;0;2;1;2;1;
26250;202100016940;171 343;A01;1;7;0;2;2;15;1;
26251;202100016941;171 340;B01;1;60;0;2;7;0;5;
26252;202100016941;171 341;A01;2;7;0;2;1;1;1;
26253;202100016943;171 337;A01;2;2;5;0;0;0;1;
26254;202100016944;171 336;A01;2;2;13;0;0;0;1;
26255;202100016945;171 334;B01;2;10;0;2;4;1;1;
26256;202100016945;171 335;A01;1;7;0;2;1;1;1;
26257;202100016946;171 333;Z01;0;7;0;1;1;0;0;
26258;202100016947;171 331;A01;1;33;0;2;3;18;1;
26259;202100016947;171 332;B01;1;7;0;2;2;16;1;
26260;202100016949;171 327;A01;0;10;1;0;3;15;0;
26261;202100016950;171 326;A01;1;32;0;0;0;26;1;
26262;202100016951;171 324;A01;3;7;0;2;3;15;1;
26263;202100016951;171 325;B01;3;33;0;2;3;1;1;
26264;202100016952;171 323;A01;3;7;1;0;1;14;1;
26265;202100016953;171 322;A01;2;7;15;0;2;14;1;
26266;202100016954;171 321;A01;0;7;0;2;1;1;0;
26267;202100016955;171 319;B01;1;40;0;2;1;1;3;
26268;202100016955;171 320;A01;1;7;0;4;3;15;1;
26269;202100016956;171 317;B01;2;80;0;2;8;1;3;
26270;202100016956;171 318;A01;0;10;0;2;7;1;1;
26271;202100016957;171 314;A01;1;7;0;1;1;14;1;
26272;202100016958;171 312;B01;3;7;0;2;1;24;1;
26273;202100016958;171 313;A01;3;7;1;0;1;5;1;
26274;202100016959;171 310;A01;0;7;0;2;1;1;1;
26275;202100016959;171 311;B01;0;7;0;2;4;1;1;
26276;202100016960;171 307;B01;0;7;0;2;4;1;1;
26277;202100016960;171 308;C01;0;7;0;2;4;1;1;
26278;202100016960;171 309;A01;0;7;0;2;1;1;1;
26279;202100016961;171 306;A01;0;14;0;0;2;14;1;
26280;202100016962;171 304;B01;3;7;0;2;1;26;1;
26281;202100016962;171 305;A01;3;1;0;2;8;26;5;
26282;202100016963;171 303;A01;1;10;0;1;1;1;1;
26283;202100016964;171 301;A01;2;7;0;2;2;22;1;
26284;202100016964;171 302;B01;2;1;1;0;1;26;5;
26285;202100016965;171 299;B01;1;1;0;2;8;26;5;
26286;202100016965;171 300;A01;1;7;0;9;8;26;3;
26287;202100016967;171 293;A01;3;30;0;2;1;1;1;
26288;202100016967;171 294;B01;3;7;0;2;7;0;1;
26289;202100016969;171 289;A01;1;7;0;2;3;13;1;
26290;202100016969;171 290;B01;1;33;0;2;7;3;1;
26291;202100016970;171 287;A01;1;10;0;2;2;17;1;
26292;202100016970;171 288;B01;1;7;0;2;3;11;1;
26293;202100016971;171 284;A01;1;7;0;2;0;0;1;
26294;202100016971;171 285;B01;1;7;0;2;9;1;1;
26295;202100016971;171 286;C01;1;7;0;2;4;1;1;
26296;202100016972;171 282;B01;3;1;0;2;1;5;5;
26297;202100016972;171 283;A01;3;7;0;2;3;16;1;
26298;202100016973;171 281;A01;1;7;0;0;0;26;1;
26299;202100016974;171 279;A01;3;7;0;2;8;15;1;
26300;202100016974;171 280;B01;2;37;0;2;1;1;1;1.0
26301;202100016975;171 278;A01;2;7;0;1;3;26;1;
26302;202100016976;171 276;B01;1;33;2;2;1;11;1;
26303;202100016976;171 277;A01;1;7;0;2;8;15;1;
26304;202100016977;171 274;B01;1;7;0;2;1;1;1;
26305;202100016977;171 275;A01;2;7;0;2;1;15;1;
26306;202100016978;171 272;B01;1;34;0;2;7;17;1;
26307;202100016978;171 273;Z01;1;7;0;2;3;15;1;
26308;202100016979;171 270;A01;1;7;0;2;3;16;1;
26309;202100016979;171 271;B01;1;34;0;2;2;1;1;
26310;202100016980;171 268;B01;1;7;0;2;7;19;1;
26311;202100016980;171 269;Z01;2;7;0;2;1;1;0;
26312;202100016981;171 266;A01;2;7;0;2;2;19;1;
26313;202100016981;171 267;B01;1;7;0;2;2;15;1;
26314;202100016982;171 264;A01;2;7;0;2;9;17;1;
26315;202100016982;171 265;B01;1;7;0;2;1;1;1;
26316;202100016983;171 262;Z01;1;7;0;2;1;15;1;
26317;202100016983;171 263;B01;1;31;0;2;4;15;0;
26318;202100016984;171 261;A01;2;10;0;1;8;9;1;
26319;202100016985;171 259;A01;1;43;0;2;1;2;1;
26320;202100016985;171 260;Y01;1;30;0;2;3;15;1;
26321;202100016986;171 257;A01;1;7;0;2;2;19;1;
26322;202100016986;171 258;B01;1;34;0;2;1;1;1;
26323;202100016987;171 256;Z01;1;7;0;1;0;0;1;
26324;202100016988;171 254;A01;1;7;0;2;0;13;1;
26325;202100016988;171 255;B01;1;33;0;2;8;2;1;
26326;202100016989;171 253;A01;3;7;0;1;1;15;1;
26327;202100016990;171 251;A01;3;7;0;2;1;1;1;
26328;202100016990;171 252;B01;3;10;0;2;4;1;1;
26329;202100016991;171 249;A01;1;2;0;2;1;26;1;
26330;202100016991;171 250;B01;1;7;0;0;4;1;1;
26331;202100016992;171 247;B01;3;37;0;2;2;1;1;2.0
26332;202100016992;171 248;A01;1;7;0;2;4;4;1;
26333;202100016994;171 244;B01;3;7;0;2;4;2;1;
26334;202100016994;171 245;A01;3;33;0;2;1;0;1;
26335;202100016995;171 242;A01;1;30;0;2;7;18;1;
26336;202100016995;171 243;B01;1;7;0;2;7;14;1;
26337;202100016996;171 241;A01;2;30;0;0;1;1;1;
26338;202100016997;171 239;B01;1;2;0;2;1;3;1;
26339;202100016997;171 240;A01;1;7;0;2;1;1;1;
26340;202100016999;171 236;A01;2;30;12;0;1;14;1;
26341;202100017000;171 234;A01;1;7;0;2;1;2;1;
26342;202100017000;171 235;B01;1;7;0;2;4;1;1;
26343;202100017001;171 232;A01;1;43;0;2;3;13;1;
26344;202100017001;171 233;B01;1;7;0;2;5;1;1;
26345;202100017002;171 230;A01;2;7;0;2;7;12;1;
26346;202100017002;171 231;B01;2;31;0;2;8;3;1;
26347;202100017004;171 226;A01;2;7;0;2;1;2;1;
26348;202100017004;171 227;B01;2;10;0;2;4;2;1;
26349;202100017005;171 224;B01;1;10;0;2;6;1;1;
26350;202100017005;171 225;A01;1;33;0;2;1;12;1;
26351;202100017006;171 222;A01;2;32;0;2;2;11;1;
26352;202100017006;171 223;B01;2;10;0;2;5;1;1;
26353;202100017007;171 219;A01;1;7;0;2;1;2;1;
26354;202100017007;171 220;B01;1;7;0;2;4;2;1;
26355;202100017007;171 221;C01;1;7;0;2;6;2;1;
26356;202100017010;171 212;B01;1;32;0;2;6;3;1;
26357;202100017010;171 213;C01;1;10;0;2;8;1;1;
26358;202100017010;171 214;D01;1;10;0;2;5;1;1;
26359;202100017010;171 215;A01;1;7;0;2;2;12;1;
26360;202100017012;171 207;C01;1;7;0;2;6;1;1;
26361;202100017012;171 208;B01;1;7;0;2;6;1;1;
26362;202100017012;171 209;A01;1;7;0;2;2;11;1;
26363;202100017013;171 205;B01;2;7;0;2;8;1;1;
26364;202100017013;171 206;A01;2;7;0;2;2;14;1;
26365;202100017014;171 203;B01;2;7;0;2;4;1;1;
26366;202100017014;171 204;A01;2;33;0;2;0;16;1;
26367;202100017015;171 202;A01;1;32;0;0;0;1;1;
26368;202100017016;171 199;A01;2;31;0;2;1;15;1;
26369;202100017016;171 200;B01;1;1;0;2;1;1;5;
26370;202100017017;171 198;A01;1;7;11;1;0;13;1;
26371;202100017018;171 197;A01;3;30;12;0;7;14;1;
26372;202100017019;171 196;Z01;2;7;7;0;1;13;2;
26373;202100017020;171 195;A01;2;1;0;0;1;1;5;
26374;202100017021;171 193;B01;1;33;0;2;1;1;1;
26375;202100017021;171 194;A01;1;1;0;2;6;1;5;
26376;202100017022;171 191;A01;1;33;0;2;0;9;1;
26377;202100017022;171 192;B01;1;32;0;2;7;17;1;
26378;202100017023;171 189;A01;2;33;0;2;3;2;1;
26379;202100017023;171 190;B01;2;7;0;2;5;23;1;
26380;202100017024;171 188;A01;1;7;1;0;2;14;1;
26381;202100017025;171 186;B01;2;32;0;2;8;1;1;
26382;202100017025;171 187;A01;1;7;0;2;2;15;1;
26383;202100017026;171 184;A01;2;50;0;2;1;1;3;
26384;202100017026;171 185;B01;2;7;0;2;5;16;1;
26385;202100017027;171 182;Z01;2;10;0;2;8;13;1;
26386;202100017027;171 183;A01;2;32;0;2;7;1;1;
26387;202100017028;171 180;A01;2;10;0;2;2;16;1;
26388;202100017028;171 181;B01;2;50;0;2;3;1;3;
26389;202100017029;171 179;A01;2;10;0;1;3;15;1;
26390;202100017030;171 178;A01;0;7;0;1;4;4;1;
26391;202100017031;171 176;B01;2;43;0;2;5;17;1;
26392;202100017031;171 177;A01;2;7;0;2;3;15;1;
26393;202100017032;171 174;B01;1;30;0;2;1;17;1;
26394;202100017032;171 175;A01;1;7;0;2;3;15;1;
26395;202100017033;171 172;B01;3;33;0;2;1;1;1;
26396;202100017033;171 173;A01;3;7;0;2;7;1;1;
26397;202100017034;171 171;A01;2;7;0;1;1;9;1;
26398;202100017035;171 170;A01;1;7;0;1;1;1;1;
26399;202100017036;171 169;A01;2;7;0;1;2;1;1;
26400;202100017037;171 168;A01;1;34;0;0;0;21;1;
26401;202100017038;171 166;A01;1;1;0;1;1;1;5;
26402;202100017039;171 165;A01;1;33;0;0;0;17;1;
26403;202100017040;171 164;A01;1;7;0;1;2;1;1;
26404;202100017041;171 163;A01;3;33;12;0;1;13;1;
26405;202100017043;171 160;A01;1;7;0;2;4;12;2;
26406;202100017043;171 161;B01;1;34;0;2;1;1;1;
26407;202100017045;171 157;B01;1;50;0;2;8;1;3;
26408;202100017045;171 158;A01;1;7;0;2;5;16;1;
26409;202100017046;171 155;A01;1;33;0;2;5;13;1;
26410;202100017046;171 156;B01;1;7;0;2;3;23;1;
26411;202100017047;171 153;A01;2;1;0;2;1;13;5;
26412;202100017047;171 154;B01;1;50;0;2;1;1;3;
26413;202100017048;171 152;A01;2;50;0;1;1;1;3;
26414;202100017050;171 148;A01;1;7;0;2;6;9;2;
26415;202100017050;171 149;B01;2;30;0;2;2;1;1;
26416;202100017051;171 146;A01;1;7;0;2;3;22;1;
26417;202100017051;171 147;B01;1;80;0;2;1;1;3;
26418;202100017052;171 145;Z01;2;30;0;1;3;17;3;
26419;202100017053;171 143;A01;2;30;0;2;1;1;1;
26420;202100017053;171 144;B01;2;7;0;2;2;1;1;
26421;202100017054;171 142;A01;2;7;0;1;7;1;1;
26422;202100017055;171 140;Z01;1;2;0;2;1;8;3;
26423;202100017055;171 141;A01;2;50;0;2;1;15;3;
26424;202100017056;171 138;Z01;2;1;0;2;5;19;5;
26425;202100017056;171 139;A01;2;30;0;2;1;1;1;
26426;202100017057;171 136;A01;1;7;0;2;2;16;1;
26427;202100017057;171 137;B01;1;50;0;2;1;1;3;
26428;202100017058;171 134;A01;1;7;0;2;3;15;1;
26429;202100017058;171 135;B01;2;1;0;2;1;5;5;
26430;202100017059;171 132;B01;3;1;0;2;1;1;5;
26431;202100017059;171 133;A01;1;7;0;2;1;5;2;
26432;202100017060;171 130;A01;1;10;0;2;3;22;1;
26433;202100017060;171 131;B01;1;1;0;2;1;1;5;
26434;202100017062;171 126;Z01;2;7;0;2;1;2;3;
26435;202100017062;171 127;B01;2;7;0;2;4;23;2;
26436;202100017062;171 128;A01;2;7;0;2;4;23;1;
26437;202100017063;171 124;B01;1;32;0;2;2;1;1;
26438;202100017063;171 125;A01;1;7;0;2;3;9;1;
26439;202100017064;171 122;A01;1;30;0;2;5;17;3;
26440;202100017064;171 123;Z01;1;7;0;2;0;15;0;
26441;202100017065;171 121;A01;2;10;0;1;4;4;1;
26442;202100017066;171 119;B01;2;30;0;2;2;1;1;
26443;202100017066;171 120;A01;2;7;0;2;3;9;1;
26444;202100017067;171 118;A01;2;1;0;1;1;1;5;
26445;202100017068;171 117;A01;1;10;0;1;1;15;1;
26446;202100017069;171 115;A01;2;10;0;2;8;22;1;
26447;202100017069;171 116;B01;2;1;0;2;1;1;5;
26448;202100017070;171 113;B01;1;30;0;2;3;1;3;
26449;202100017070;171 114;A01;1;7;0;2;2;12;1;
26450;202100017073;171 109;B01;2;7;0;2;7;16;1;
26451;202100017073;171 110;A01;2;31;0;2;1;1;1;
26452;202100017074;171 107;A01;1;7;0;2;1;10;1;
26453;202100017074;171 108;B01;2;43;0;2;6;1;1;
26454;202100017076;171 104;A01;1;1;0;2;7;9;5;
26455;202100017076;171 105;B01;2;80;0;2;7;1;3;
26456;202100017077;171 102;A01;2;1;0;2;0;1;5;
26457;202100017077;171 103;Z01;2;7;0;2;0;14;0;
26458;202100017079;171 099;A01;1;10;0;1;3;15;1;
26459;202100017080;171 098;A01;2;32;1;2;1;13;1;
26460;202100017082;171 096;A01;1;1;0;1;1;1;5;
26461;202100017083;171 094;B01;1;7;0;2;1;1;1;
26462;202100017083;171 095;A01;1;7;0;9;4;23;1;
26463;202100017084;171 092;A01;2;7;0;2;3;20;1;
26464;202100017084;171 093;B01;2;7;0;0;2;1;1;
26465;202100017085;171 090;B01;1;33;0;2;0;0;0;
26466;202100017085;171 091;A01;2;10;0;2;0;0;0;
26467;202100017086;171 088;A01;1;7;0;2;1;1;1;
26468;202100017086;171 089;Y01;3;60;0;2;1;19;5;
26469;202100017087;171 086;A01;2;7;0;2;6;26;0;
26470;202100017087;171 087;B01;2;32;0;2;1;26;1;
26471;202100017088;171 084;A01;2;10;0;2;6;10;1;
26472;202100017088;171 085;B01;2;33;0;2;6;1;1;
26473;202100017089;171 083;A01;2;10;0;1;2;17;1;
26474;202100017090;171 081;A01;1;10;0;2;7;15;1;
26475;202100017090;171 082;B01;2;43;0;2;1;1;1;
26476;202100017091;171 079;A01;2;10;0;2;1;2;1;
26477;202100017091;171 080;B01;2;43;0;2;8;2;1;
26478;202100017092;171 077;B01;1;7;0;2;3;15;1;
26479;202100017092;171 078;A01;1;32;0;2;2;17;1;
26480;202100017094;171 074;A01;2;7;12;-1;2;1;1;
26481;202100017095;171 072;A01;2;30;0;2;1;1;1;
26482;202100017095;171 073;B01;1;7;0;2;3;15;1;
26483;202100017096;171 070;A01;1;7;0;2;2;17;1;
26484;202100017096;171 071;B01;1;33;0;2;8;15;1;
26485;202100017097;171 069;A01;3;13;0;1;7;2;1;
26486;202100017098;171 067;B01;2;37;0;2;1;2;6;1.0
26487;202100017098;171 068;A01;2;33;14;2;1;17;1;
26488;202100017099;171 066;A01;1;7;12;0;3;19;1;
26489;202100017100;171 064;B01;2;30;0;2;1;1;1;
26490;202100017100;171 065;A01;1;7;0;2;1;15;1;
26491;202100017101;171 062;B01;1;7;0;2;8;1;0;
26492;202100017101;171 063;A01;3;7;0;2;1;1;0;
26493;202100017102;171 060;B01;3;7;0;2;1;2;1;
26494;202100017102;171 061;A01;3;7;0;2;7;15;1;
26495;202100017103;171 058;A01;2;10;0;2;3;2;0;
26496;202100017103;171 059;B01;2;1;0;2;4;2;5;
26497;202100017104;171 057;A01;3;10;0;1;4;26;1;
26498;202100017105;171 055;B01;3;2;0;2;7;2;1;
26499;202100017105;171 056;A01;2;7;0;2;6;15;1;
26500;202100017106;171 053;B01;2;7;8;2;1;15;1;
26501;202100017106;171 054;A01;1;31;0;2;8;1;1;
26502;202100017107;171 051;A01;1;7;0;2;7;1;1;
26503;202100017107;171 052;B01;1;1;0;2;1;13;5;
26504;202100017109;171 048;B01;2;7;0;2;0;2;1;
26505;202100017109;171 049;A01;2;7;0;2;1;2;1;
26506;202100017110;171 047;A01;1;7;0;1;2;1;1;
26507;202100017111;171 045;B01;2;34;0;2;7;1;1;
26508;202100017111;171 046;A01;2;7;0;2;3;13;1;
26509;202100017112;171 043;A01;1;7;0;2;3;15;1;
26510;202100017112;171 044;B01;2;1;0;2;8;0;5;
26511;202100017113;171 041;B01;0;7;0;2;1;1;1;
26512;202100017113;171 042;A01;3;7;0;2;8;15;1;
26513;202100017114;171 040;A01;0;7;0;1;2;26;1;
26514;202100017116;171 038;A01;1;13;0;9;3;16;1;
26515;202100017117;171 036;B01;3;7;0;2;1;15;1;
26516;202100017117;171 037;A01;3;33;8;0;3;1;1;
26517;202100017118;171 034;A01;1;7;0;2;1;9;1;
26518;202100017118;171 035;B01;2;7;0;2;8;1;1;
26519;202100017119;171 033;A01;1;7;0;1;1;1;1;
26520;202100017121;171 031;A01;2;7;0;1;3;1;1;
26521;202100017122;171 029;B01;2;33;0;2;1;1;0;
26522;202100017122;171 030;A01;2;7;0;2;0;0;1;
26523;202100017123;171 028;A01;1;7;0;1;1;15;1;
26524;202100017124;171 027;A01;1;32;3;0;2;1;1;
26525;202100017126;171 024;A01;0;7;0;1;1;1;1;
26526;202100017127;171 022;B01;1;80;0;2;7;1;3;
26527;202100017127;171 023;A01;1;13;3;0;7;26;1;
26528;202100017128;171 020;B01;3;33;0;2;8;1;1;
26529;202100017128;171 021;A01;3;10;0;2;0;0;0;
26530;202100017129;171 018;B01;1;30;0;2;1;1;1;
26531;202100017129;171 019;A01;1;7;0;2;3;1;1;
26532;202100017130;171 016;B01;1;2;0;0;0;0;0;
26533;202100017130;171 017;A01;0;7;0;0;1;15;1;
26534;202100017131;171 014;A01;1;7;1;2;2;17;1;
26535;202100017131;171 015;B01;2;7;0;2;2;1;1;
26536;202100017132;171 012;A01;1;7;0;2;3;9;1;
26537;202100017132;171 013;B01;1;32;0;2;1;17;1;
26538;202100017133;171 010;A01;1;7;12;0;1;14;1;
26539;202100017133;171 011;B01;1;31;12;0;8;2;1;
26540;202100017136;171 006;A01;3;34;0;2;3;26;0;
26541;202100017136;171 007;B01;1;7;0;2;2;15;2;
26542;202100017137;171 005;A01;0;7;0;1;0;9;0;
26543;202100017138;171 003;B01;3;1;0;2;4;11;0;
26544;202100017138;171 004;A01;3;32;0;2;1;1;1;
26545;202100017139;171 001;B01;3;33;0;2;3;3;1;
26546;202100017139;171 002;A01;3;10;0;2;5;1;1;
26547;202100017140;171 000;A01;1;7;0;1;0;9;0;
26548;202100017141;170 998;B01;1;2;0;0;0;0;1;
26549;202100017141;170 999;A01;1;7;0;2;2;14;1;
26550;202100017142;170 996;B01;1;7;0;2;3;15;1;
26551;202100017142;170 997;A01;1;7;0;2;2;15;1;
26552;202100017143;170 994;B01;1;1;0;9;7;26;5;
26553;202100017143;170 995;A01;2;1;0;9;1;26;5;
26554;202100017144;170 992;A01;1;30;0;2;2;9;1;
26555;202100017144;170 993;B01;1;7;0;2;2;9;1;
26556;202100017145;170 990;A01;1;7;0;2;3;9;1;
26557;202100017145;170 991;B01;1;2;0;2;1;1;1;
26558;202100017146;170 989;A01;1;7;0;1;1;26;1;
26559;202100017147;170 988;A01;2;43;0;1;3;1;1;
26560;202100017148;170 987;A01;3;10;0;1;4;4;1;
26561;202100017149;170 985;A01;1;30;0;2;1;1;1;
26562;202100017149;170 986;B01;1;99;0;2;3;15;0;
26563;202100017150;170 984;A01;1;37;1;1;2;26;6;1.0
26564;202100017151;170 982;A01;2;33;0;2;1;17;1;
26565;202100017151;170 983;B01;2;7;0;2;4;15;1;
26566;202100017152;170 981;A01;2;33;8;0;0;1;1;
26567;202100017153;170 980;A01;2;21;0;0;8;1;1;
26568;202100017154;170 979;A01;1;3;13;0;2;1;1;
26569;202100017155;170 977;A01;2;2;0;2;1;13;1;
26570;202100017155;170 978;B01;1;10;0;2;2;1;1;
26571;202100017157;170 975;A01;1;31;14;0;1;1;1;
26572;202100017158;170 971;A01;1;33;0;2;1;13;1;
26573;202100017158;170 972;B01;2;7;0;9;8;1;1;
26574;202100017159;170 969;A01;1;7;1;0;1;14;1;
26575;202100017159;170 970;B01;1;13;1;2;4;24;1;
26576;202100017160;170 968;A01;2;33;13;0;1;13;1;
26577;202100017162;170 964;A01;1;7;0;2;1;2;1;
26578;202100017162;170 965;B01;1;2;0;2;4;23;1;
26579;202100017163;170 960;A01;2;7;0;0;7;15;1;
26580;202100017163;170 961;B01;2;34;0;2;8;1;1;
26581;202100017164;170 958;B01;1;1;0;2;8;1;5;