;Num_Acc;id_vehicule;num_veh;senc;catv;obs;obsm;choc;manv;motor;occutc
26582;202100017164;170 959;A01;1;7;0;2;7;21;1;
26583;202100017165;170 957;A01;2;7;3;0;2;1;1;
26584;202100017166;170 955;A01;1;7;0;2;3;15;1;
26585;202100017166;170 956;B01;2;10;0;2;3;1;1;
26586;202100017167;170 953;A01;1;33;0;2;3;1;1;
26587;202100017167;170 954;B01;2;7;0;2;3;17;1;
26588;202100017168;170 944;A01;2;7;0;2;2;17;1;
26589;202100017168;170 945;B01;1;1;0;2;1;1;5;
26590;202100017168;170 946;C01;1;1;0;0;0;1;5;
26591;202100017168;170 947;D01;1;1;0;0;0;1;5;
26592;202100017168;170 948;E01;1;1;0;2;1;1;5;
26593;202100017168;170 949;F01;1;1;0;0;0;1;5;
26594;202100017168;170 950;G01;1;1;0;0;0;1;5;
26595;202100017168;170 951;H01;1;1;0;0;0;1;5;
26596;202100017168;170 952;I01;2;7;0;0;0;1;1;
26597;202100017169;170 943;A01;2;7;3;0;7;1;1;
26598;202100017170;170 942;A01;3;33;0;0;2;1;1;
26599;202100017171;170 941;A01;1;2;8;0;1;1;1;
26600;202100017173;170 937;A01;2;0;0;0;0;2;0;
26601;202100017174;170 935;B01;1;7;0;2;8;15;1;
26602;202100017174;170 936;A01;1;33;0;2;7;17;1;
26603;202100017175;170 933;B01;3;7;0;2;2;15;1;
26604;202100017175;170 934;A01;1;34;0;2;1;1;1;
26605;202100017176;170 932;A01;2;2;0;0;3;2;1;
26606;202100017178;170 929;A01;1;7;0;2;1;13;1;
26607;202100017178;170 930;B01;2;2;0;2;1;1;1;
26608;202100017179;170 927;A01;1;7;0;2;3;1;1;
26609;202100017179;170 928;B01;1;7;0;0;6;9;1;
26610;202100017180;170 925;A01;3;2;14;2;8;1;1;
26611;202100017181;170 924;A01;3;7;0;1;2;1;1;
26612;202100017182;170 922;A01;0;7;0;9;3;9;0;
26613;202100017182;170 923;B01;0;2;0;2;2;1;1;
26614;202100017183;170 920;B01;2;7;0;2;6;1;1;
26615;202100017183;170 921;A01;1;33;0;2;8;13;1;
26616;202100017185;170 917;A01;3;21;0;0;7;1;1;
26617;202100017186;170 913;D01;2;7;0;2;8;1;3;
26618;202100017186;170 914;C01;2;7;0;2;1;1;1;
26619;202100017186;170 915;B01;1;7;0;2;3;1;1;
26620;202100017186;170 916;A01;2;7;0;2;3;17;1;
26621;202100017187;170 911;A01;1;7;0;2;8;15;0;
26622;202100017187;170 912;B01;1;33;0;2;9;17;1;
26623;202100017188;170 910;A01;2;7;4;0;2;0;1;
26624;202100017189;170 908;B01;2;7;0;2;1;1;1;
26625;202100017189;170 909;A01;1;7;0;2;1;1;1;
26626;202100017190;170 907;A01;1;7;8;0;2;14;1;
26627;202100017191;170 905;A01;3;7;0;2;6;19;1;
26628;202100017191;170 906;B01;3;2;0;2;1;1;1;
26629;202100017192;170 903;B01;2;1;0;2;8;1;5;
26630;202100017192;170 904;A01;1;7;0;9;1;1;1;
26631;202100017193;170 902;A01;2;10;0;1;3;1;1;
26632;202100017194;170 900;B01;2;7;0;2;3;1;1;
26633;202100017194;170 901;A01;1;7;0;2;3;1;1;
26634;202100017195;170 899;A01;1;10;0;6;2;1;1;
26635;202100017197;170 896;A01;3;7;2;0;1;1;1;
26636;202100017198;170 895;A01;1;7;6;0;1;1;1;
26637;202100017199;170 891;B01;1;7;0;2;3;1;1;
26638;202100017199;170 892;A01;2;7;0;2;3;17;1;
26639;202100017200;170 890;A01;2;7;13;0;1;13;1;
26640;202100017201;170 889;A01;1;7;13;0;1;13;1;
26641;202100017203;170 886;B01;1;99;0;0;4;2;5;
26642;202100017203;170 887;A01;0;7;0;9;2;2;1;
26643;202100017204;170 885;A01;2;10;0;1;1;1;1;
26644;202100017205;170 884;A01;1;7;6;0;1;1;1;
26645;202100017207;170 881;B01;2;7;0;2;8;15;1;
26646;202100017207;170 882;A01;1;7;0;2;3;1;1;
26647;202100017208;170 880;A01;1;2;0;0;0;1;1;
26648;202100017209;170 879;A01;3;7;0;1;6;1;1;
26649;202100017210;170 878;A01;3;7;2;0;1;13;1;
26650;202100017211;170 877;A01;2;7;2;0;2;13;1;
26651;202100017212;170 876;A01;1;33;9;0;3;14;1;
26652;202100017213;170 874;B01;2;7;0;2;3;1;1;
26653;202100017213;170 875;A01;1;7;0;2;3;13;1;
26654;202100017214;170 873;A01;1;7;0;1;3;1;1;
26655;202100017215;170 872;A01;3;7;2;0;3;14;1;
26656;202100017217;170 870;A01;3;7;13;0;2;14;1;
26657;202100017218;170 869;A01;1;33;0;0;9;2;1;
26658;202100017219;170 868;A01;1;7;0;1;1;1;1;
26659;202100017220;170 867;A01;0;2;0;0;7;1;1;
26660;202100017221;170 866;A01;2;7;0;1;2;1;1;
26661;202100017222;170 864;B01;1;2;0;2;1;1;1;
26662;202100017222;170 865;A01;2;10;0;2;2;1;1;
26663;202100017223;170 862;A01;2;7;0;2;6;15;1;
26664;202100017223;170 863;B01;1;2;0;2;1;9;1;
26665;202100017224;170 858;B01;3;80;0;2;3;1;3;
26666;202100017224;170 859;A01;3;7;0;2;3;1;1;
26667;202100017225;170 856;A01;3;2;0;2;1;1;1;
26668;202100017225;170 857;B01;3;10;0;2;7;15;1;
26669;202100017226;170 854;B01;1;80;0;2;2;1;3;
26670;202100017226;170 855;E01;1;7;0;2;3;9;1;
26671;202100017227;170 852;A01;1;1;0;2;7;1;5;
26672;202100017227;170 853;B01;2;7;0;2;1;1;1;
26673;202100017228;170 851;A01;1;7;7;0;0;1;1;
26674;202100017229;170 849;A01;1;7;0;2;1;15;1;
26675;202100017229;170 850;B01;2;2;0;2;8;2;1;
26676;202100017230;170 847;A01;3;7;12;0;3;15;1;
26677;202100017230;170 848;B01;2;7;8;0;2;1;1;
26678;202100017231;170 846;A01;1;30;0;6;2;1;1;
26679;202100017232;170 844;B01;0;7;0;2;3;9;0;
26680;202100017232;170 845;A01;1;33;0;2;2;17;1;
26681;202100017233;170 842;B01;2;7;0;2;1;1;1;
26682;202100017233;170 843;A01;1;7;0;2;0;13;1;
26683;202100017234;170 841;A01;1;31;0;0;1;13;1;
26684;202100017235;170 838;B01;2;7;8;2;2;5;1;
26685;202100017235;170 839;A01;1;7;0;2;1;1;1;
26686;202100017236;170 836;A01;3;21;0;2;7;15;1;
26687;202100017236;170 837;B01;2;7;0;2;1;1;1;
26688;202100017237;170 835;A01;0;80;0;0;0;0;3;
26689;202100017238;170 834;A01;2;7;13;0;9;1;1;
26690;202100017239;170 832;A01;1;7;0;0;3;1;1;
26691;202100017239;170 833;B01;3;21;0;0;3;19;0;
26692;202100017240;170 831;A01;2;31;8;0;2;1;1;
26693;202100017241;170 829;B01;2;21;0;2;6;1;1;
26694;202100017241;170 830;A01;1;33;0;2;0;13;1;
26695;202100017242;170 827;B01;3;80;0;2;1;1;3;
26696;202100017242;170 828;A01;3;10;0;2;3;9;1;
26697;202100017243;170 826;A01;2;7;16;0;0;0;1;
26698;202100017244;170 824;A01;1;7;0;0;6;19;1;
26699;202100017244;170 825;B01;1;7;0;2;1;1;1;
26700;202100017245;170 823;A01;0;3;0;1;0;26;3;
26701;202100017246;170 822;A01;2;31;0;5;1;1;1;
26702;202100017247;170 821;A01;3;1;0;0;0;0;0;
26703;202100017248;170 820;A01;2;33;13;0;1;1;1;
26704;202100017249;170 819;A01;1;7;2;0;1;1;2;
26705;202100017250;170 818;A01;1;7;5;0;2;21;1;
26706;202100017251;170 817;A01;0;2;0;6;1;1;1;
26707;202100017252;170 815;A01;1;10;0;2;1;1;1;
26708;202100017252;170 816;B01;3;7;0;2;8;9;1;
26709;202100017253;170 810;A01;3;7;0;4;7;1;1;
26710;202100017253;170 811;B01;3;39;0;2;1;1;3;
26711;202100017254;170 808;B01;2;7;0;2;1;1;0;
26712;202100017254;170 809;A01;2;7;0;0;8;19;0;
26713;202100017255;170 806;A01;2;10;0;2;2;2;1;
26714;202100017255;170 807;B01;2;33;0;0;4;2;1;
26715;202100017256;170 805;A01;1;33;0;0;7;1;1;
26716;202100017257;170 802;C01;1;1;0;9;1;2;0;
26717;202100017257;170 803;B01;1;1;0;2;8;2;0;
26718;202100017257;170 804;A01;1;99;0;9;5;2;0;
26719;202100017258;170 801;A01;2;7;13;0;3;1;1;
26720;202100017259;170 799;B01;2;7;7;2;3;1;1;
26721;202100017259;170 800;A01;1;7;0;2;3;19;1;
26722;202100017260;170 798;A01;2;7;0;0;0;1;1;
26723;202100017261;170 796;A01;1;0;0;2;0;2;0;
26724;202100017261;170 797;B01;1;1;0;2;4;1;5;
26725;202100017262;170 794;A01;1;7;0;2;1;0;1;
26726;202100017262;170 795;B01;2;7;0;2;3;1;1;
26727;202100017263;170 793;A01;1;33;3;0;1;17;1;
26728;202100017264;170 792;A01;1;31;2;0;3;1;1;
26729;202100017265;170 791;A01;2;7;2;0;1;1;1;
26730;202100017266;170 790;A01;2;7;0;1;1;0;1;
26731;202100017267;170 788;B01;3;7;0;2;8;1;1;
26732;202100017267;170 789;A01;3;10;0;2;2;9;1;
26733;202100017268;170 786;B01;2;10;9;2;3;14;1;
26734;202100017268;170 787;A01;1;7;0;2;3;17;1;
26735;202100017269;170 785;A01;2;7;13;0;1;1;1;
26736;202100017270;170 784;A01;1;7;0;0;0;5;1;
26737;202100017271;170 783;A01;1;7;0;0;9;1;1;
26738;202100017273;170 779;B01;1;33;0;2;1;1;1;
26739;202100017273;170 780;A01;2;7;0;2;5;15;1;
26740;202100017274;170 777;A01;2;33;0;2;1;13;1;
26741;202100017274;170 778;B01;1;33;0;2;3;13;1;
26742;202100017275;170 776;A01;1;7;13;0;1;14;1;
26743;202100017276;170 774;A01;1;2;0;2;2;1;1;
26744;202100017276;170 775;B01;2;7;0;2;3;0;1;
26745;202100017277;170 770;A01;1;7;0;2;2;1;1;
26746;202100017277;170 771;B01;1;7;0;2;6;1;1;
26747;202100017278;170 769;B01;0;7;0;9;0;0;0;
26748;202100017279;170 766;C01;2;7;0;0;3;2;1;
26749;202100017279;170 767;B01;2;7;0;2;2;1;1;
26750;202100017279;170 768;A01;1;7;0;2;2;1;1;
26751;202100017280;170 764;A01;2;7;0;2;1;2;1;
26752;202100017280;170 765;B01;2;7;3;2;4;2;1;
26753;202100017281;170 762;B01;2;33;4;0;3;2;1;
26754;202100017281;170 763;A01;2;33;4;0;0;2;1;
26755;202100017282;170 760;B01;2;37;0;2;3;5;1;1.0
26756;202100017282;170 761;A01;1;7;0;2;3;5;1;
26757;202100017284;170 756;A01;2;7;0;2;1;2;1;
26758;202100017284;170 757;B01;2;7;0;2;4;2;1;
26759;202100017284;170 758;C01;2;7;0;2;4;2;1;
26760;202100017285;170 754;A01;2;7;0;2;1;13;0;
26761;202100017285;170 755;B01;1;15;0;2;1;1;1;
26762;202100017286;170 752;A01;2;14;0;2;7;19;1;
26763;202100017286;170 753;B01;2;33;0;2;1;1;1;
26764;202100017287;170 751;A01;2;7;13;0;8;17;1;
26765;202100017288;170 750;A01;0;7;6;1;1;15;1;
26766;202100017291;170 743;B01;3;7;0;2;6;1;1;
26767;202100017291;170 744;A01;3;30;0;2;1;13;1;
26768;202100017292;170 741;B01;0;7;0;2;2;1;1;
26769;202100017292;170 742;A01;0;2;0;2;1;13;1;
26770;202100017293;170 739;A01;1;7;0;2;2;13;1;
26771;202100017293;170 740;B01;1;2;0;2;1;1;1;
26772;202100017294;170 737;B01;2;32;0;2;3;23;1;
26773;202100017294;170 738;A01;2;7;0;2;2;14;1;
26774;202100017296;170 734;A01;1;7;8;0;9;1;0;
26775;202100017298;170 731;A01;1;43;0;2;4;1;1;
26776;202100017298;170 732;B01;1;7;3;2;1;0;1;
26777;202100017299;170 729;A01;3;7;0;2;3;5;1;
26778;202100017299;170 730;B01;3;7;0;2;3;1;1;
26779;202100017300;170 727;A01;1;7;0;2;3;13;1;
26780;202100017300;170 728;B01;2;7;0;2;3;1;1;
26781;202100017302;170 723;B01;1;10;0;2;3;1;1;
26782;202100017302;170 724;A01;2;2;0;2;1;1;1;
26783;202100017303;170 722;A01;1;7;15;0;1;14;1;
26784;202100017304;170 721;A01;2;33;10;0;1;1;1;
26785;202100017305;170 719;A01;2;33;0;2;0;0;1;
26786;202100017305;170 720;B01;0;99;0;2;0;19;0;
26787;202100017306;170 718;A01;2;33;2;0;3;1;1;
26788;202100017307;170 716;A01;1;7;0;2;2;17;1;
26789;202100017307;170 717;B01;2;7;0;2;2;1;1;
26790;202100017308;170 713;C01;1;7;0;2;1;1;1;
26791;202100017308;170 714;B01;1;14;0;2;8;1;1;
26792;202100017308;170 715;A01;2;7;0;2;1;1;1;
26793;202100017309;170 711;B01;1;7;0;2;1;1;1;
26794;202100017309;170 712;A01;2;7;0;2;7;15;1;
26795;202100017310;170 709;A01;1;7;0;2;8;19;1;
26796;202100017310;170 710;B01;1;7;0;2;1;1;1;
26797;202100017311;170 708;A01;1;7;3;0;1;14;1;
26798;202100017312;170 704;A01;1;7;0;2;3;13;1;
26799;202100017312;170 705;B01;2;7;0;2;0;0;1;
26800;202100017312;170 706;C01;2;7;0;2;1;0;1;
26801;202100017312;170 707;D01;1;7;1;0;8;0;1;
26802;202100017313;170 703;A01;2;33;0;0;8;1;1;
26803;202100017314;170 702;A01;2;31;12;0;0;1;1;
26804;202100017315;170 700;B01;2;7;0;0;6;17;1;
26805;202100017315;170 701;A01;2;33;2;2;1;17;1;
26806;202100017316;170 699;A01;1;7;0;1;2;2;1;
26807;202100017317;170 698;A01;1;7;2;0;1;1;1;
26808;202100017318;170 697;A01;0;7;0;1;1;26;0;
26809;202100017319;170 693;B01;1;1;0;2;7;1;5;
26810;202100017319;170 694;A01;2;7;0;9;2;15;1;
26811;202100017320;170 692;A01;3;2;0;0;0;26;1;
26812;202100017321;170 690;B01;0;7;0;2;2;1;1;
26813;202100017321;170 691;A01;3;7;0;2;3;1;1;
26814;202100017322;170 688;B01;1;7;0;0;8;1;1;
26815;202100017322;170 689;A01;1;7;0;2;1;19;1;
26816;202100017325;170 680;A01;3;7;0;9;3;1;1;
26817;202100017325;170 681;B01;3;1;0;2;1;19;5;
26818;202100017326;170 679;A01;2;7;13;0;1;17;1;
26819;202100017327;170 678;A01;2;7;0;1;2;1;1;
26820;202100017328;170 676;B01;1;7;0;2;1;17;1;
26821;202100017328;170 677;A01;2;33;0;2;1;1;1;
26822;202100017329;170 674;A01;1;7;13;0;3;0;1;
26823;202100017329;170 675;B01;1;10;13;0;5;0;0;
26824;202100017330;170 672;B01;2;15;0;2;1;1;1;
26825;202100017330;170 673;A01;2;10;0;0;4;15;1;
26826;202100017331;170 671;B01;1;7;0;0;2;1;1;
26827;202100017332;170 670;A01;1;7;6;0;1;1;1;
26828;202100017334;170 668;A01;0;7;0;1;2;1;1;
26829;202100017335;170 666;B01;2;7;0;2;3;13;1;
26830;202100017335;170 667;A01;2;7;0;2;6;13;1;
26831;202100017336;170 664;B01;3;7;0;2;6;2;1;
26832;202100017336;170 665;A01;3;2;0;2;1;9;1;
26833;202100017338;170 658;A01;2;33;0;2;3;13;1;
26834;202100017338;170 659;B01;1;7;0;2;0;1;1;
26835;202100017339;170 654;A01;1;7;0;2;5;26;1;
26836;202100017339;170 655;B01;1;33;0;2;1;1;1;
26837;202100017340;170 652;A01;1;2;0;2;7;17;1;
26838;202100017340;170 653;B01;1;7;0;2;3;15;2;
26839;202100017341;170 650;B01;0;1;0;2;1;16;5;
26840;202100017341;170 651;A01;3;7;0;9;2;1;1;
26841;202100017342;170 649;A01;1;7;4;0;6;1;1;
26842;202100017345;170 643;B01;1;7;0;2;1;14;1;
26843;202100017345;170 644;A01;1;10;0;2;6;26;1;
26844;202100017346;170 642;A01;1;7;7;0;1;1;1;
26845;202100017347;170 638;D01;2;7;0;2;1;1;2;
26846;202100017347;170 639;A01;2;15;1;2;1;1;1;
26847;202100017347;170 640;B01;2;7;0;2;4;23;1;
26848;202100017347;170 641;C01;2;7;0;2;5;17;1;
26849;202100017348;170 636;B01;2;7;0;2;4;1;1;
26850;202100017348;170 637;Z01;2;7;0;2;0;0;0;
26851;202100017349;170 634;A01;1;33;0;2;1;3;1;
26852;202100017349;170 635;B01;1;7;0;2;5;1;1;
26853;202100017350;170 632;B01;2;7;0;2;4;2;1;
26854;202100017350;170 633;A01;2;7;0;2;1;2;1;
26855;202100017351;170 630;A01;2;32;4;0;0;13;1;
26856;202100017351;170 631;B01;2;7;0;9;3;1;1;
26857;202100017352;170 628;Z01;2;7;0;2;1;26;1;
26858;202100017352;170 629;A01;2;33;0;2;8;15;1;
26859;202100017353;170 626;A01;1;13;0;2;5;12;1;
26860;202100017353;170 627;B01;1;10;4;2;6;1;1;
26861;202100017355;170 621;B01;1;17;0;2;4;2;1;
26862;202100017355;170 622;A01;1;10;0;2;1;2;1;
26863;202100017356;170 618;C01;1;7;0;2;1;2;1;
26864;202100017356;170 619;B01;1;99;0;2;1;2;1;
26865;202100017356;170 620;A01;1;99;0;2;4;2;1;
26866;202100017358;170 614;A01;1;7;3;0;1;13;1;
26867;202100017358;170 615;B01;2;7;14;0;0;1;1;
26868;202100017359;170 612;B01;1;7;0;2;1;2;1;
26869;202100017359;170 613;A01;1;7;3;2;4;1;1;
26870;202100017361;170 606;B01;2;33;0;2;3;3;1;
26871;202100017361;170 607;A01;2;7;0;2;5;12;1;
26872;202100017362;170 604;A01;1;15;0;2;2;14;1;
26873;202100017362;170 605;B01;1;7;0;2;8;1;1;
26874;202100017363;170 602;A01;1;7;0;2;7;12;1;
26875;202100017363;170 603;B01;1;33;0;2;6;1;1;
26876;202100017364;170 600;A01;1;33;0;2;3;3;1;
26877;202100017364;170 601;B01;1;7;0;2;7;12;1;
26878;202100017365;170 598;A01;1;7;0;2;7;12;1;
26879;202100017365;170 599;B01;1;33;0;2;8;1;1;
26880;202100017366;170 596;B01;2;43;0;2;8;3;1;
26881;202100017366;170 597;A01;2;7;0;2;7;12;1;
26882;202100017367;170 595;A01;2;33;0;0;0;3;1;
26883;202100017368;170 593;B01;2;7;0;2;4;2;1;
26884;202100017368;170 594;A01;2;7;0;2;1;2;1;
26885;202100017370;170 590;A01;2;7;6;0;1;21;1;
26886;202100017371;170 588;B01;1;7;0;2;3;1;1;
26887;202100017371;170 589;A01;1;33;0;2;5;9;1;
26888;202100017372;170 587;A01;1;33;3;0;3;1;1;
26889;202100017374;170 583;B01;1;32;0;2;2;3;1;
26890;202100017374;170 584;A01;1;7;0;2;3;11;1;
26891;202100017375;170 581;B01;2;7;0;2;4;12;2;
26892;202100017375;170 582;A01;2;33;0;2;1;3;1;
26893;202100017376;170 579;A01;2;7;0;2;0;18;1;
26894;202100017376;170 580;B01;2;7;0;2;2;1;1;
26895;202100017377;170 576;A01;1;33;0;0;2;0;1;
26896;202100017377;170 577;B01;1;7;0;2;0;13;1;
26897;202100017377;170 578;C01;1;7;0;2;0;14;1;
26898;202100017378;170 574;A01;1;7;0;2;6;2;0;
26899;202100017378;170 575;B01;1;31;0;2;1;2;1;
26900;202100017379;170 571;C01;1;7;0;2;4;2;1;
26901;202100017379;170 572;B01;1;7;0;2;4;2;1;
26902;202100017379;170 573;A01;1;7;0;2;1;2;1;
26903;202100017380;170 569;A01;2;33;0;2;1;2;1;
26904;202100017380;170 570;B01;2;10;0;2;5;23;1;
26905;202100017381;170 568;A01;1;7;4;0;3;1;1;
26906;202100017382;170 566;A01;1;7;0;2;2;12;1;
26907;202100017382;170 567;B01;1;33;0;2;1;3;1;
26908;202100017384;170 561;C01;2;10;0;2;4;1;1;
26909;202100017384;170 562;B01;2;7;0;2;7;12;1;
26910;202100017384;170 563;A01;2;33;0;2;1;3;1;
26911;202100017385;170 559;A01;2;31;0;2;1;26;1;
26912;202100017385;170 560;B01;2;7;0;2;5;26;1;
26913;202100017386;170 557;A01;1;33;0;2;1;3;1;
26914;202100017386;170 558;B01;1;7;0;2;8;11;1;
26915;202100017387;170 555;A01;1;10;0;2;1;1;1;
26916;202100017387;170 556;B01;1;10;0;2;4;2;1;
26917;202100017388;170 554;A01;1;33;0;2;1;12;1;
26918;202100017389;170 551;A01;1;7;0;2;5;1;1;
26919;202100017389;170 552;B01;1;7;0;2;1;1;1;
26920;202100017389;170 553;C01;1;33;0;2;1;14;1;
26921;202100017390;170 549;A01;2;7;0;2;4;1;1;
26922;202100017390;170 550;B01;2;7;0;2;4;1;1;
26923;202100017391;170 547;B01;2;7;0;2;4;2;1;
26924;202100017391;170 548;A01;2;33;0;2;1;2;1;
26925;202100017392;170 545;A01;2;7;0;2;4;26;1;
26926;202100017392;170 546;B01;1;7;0;2;1;2;1;
26927;202100017393;170 544;A01;2;7;16;0;1;12;1;
26928;202100017394;170 542;B01;2;33;0;2;1;3;1;
26929;202100017394;170 543;A01;2;7;0;0;7;12;1;
26930;202100017395;170 541;A01;2;32;16;0;8;15;1;
26931;202100017396;170 537;A01;2;17;0;2;1;2;1;
26932;202100017396;170 538;B01;2;7;0;2;4;23;1;
26933;202100017397;170 535;A01;1;7;0;2;3;11;1;
26934;202100017397;170 536;B01;1;33;0;2;1;1;1;
26935;202100017398;170 533;B01;2;33;0;2;7;1;1;
26936;202100017398;170 534;A01;2;7;0;2;8;11;1;
26937;202100017399;170 531;B01;2;7;0;2;3;1;1;
26938;202100017399;170 532;A01;2;7;0;2;2;14;1;
26939;202100017401;170 524;A01;1;50;9;0;0;0;3;
26940;202100017402;170 522;B01;3;30;15;2;7;1;1;
26941;202100017402;170 523;A01;3;7;15;2;1;19;1;
26942;202100017403;170 520;B01;2;32;0;2;7;26;1;
26943;202100017403;170 521;A01;2;7;0;2;5;4;1;
26944;202100017404;170 517;A01;1;7;0;2;4;26;1;
26945;202100017404;170 518;B01;1;7;0;2;4;2;1;
26946;202100017404;170 519;C01;1;7;0;2;1;2;1;
26947;202100017405;170 515;B01;3;7;0;9;1;0;1;
26948;202100017405;170 516;A01;3;1;0;2;8;19;5;
26949;202100017406;170 514;A01;3;7;1;0;2;2;1;
26950;202100017407;170 513;A01;0;30;0;1;1;1;1;
26951;202100017408;170 512;B01;0;33;1;9;1;0;1;
26952;202100017409;170 509;B01;2;10;0;2;2;15;1;
26953;202100017409;170 510;C01;2;7;0;2;4;1;1;
26954;202100017409;170 511;A01;2;7;0;2;1;1;1;
26955;202100017410;170 507;B01;1;32;0;2;3;13;0;
26956;202100017410;170 508;A01;2;10;0;2;3;13;1;
26957;202100017411;170 505;A01;1;10;0;2;2;15;1;
26958;202100017411;170 506;B01;1;7;0;2;6;1;1;
26959;202100017413;170 502;A01;1;7;0;9;0;26;1;
26960;202100017413;170 503;B01;2;1;0;2;0;0;0;
26961;202100017414;170 501;A01;1;7;0;1;4;9;0;
26962;202100017415;170 498;A01;1;7;0;2;2;21;1;
26963;202100017415;170 499;B01;2;7;0;2;7;19;1;
26964;202100017415;170 500;C01;2;7;0;2;3;2;0;
26965;202100017416;170 496;B01;3;7;0;2;2;1;1;
26966;202100017416;170 497;A01;3;31;0;2;1;1;1;
26967;202100017417;170 495;Z01;1;7;0;1;0;1;0;
26968;202100017418;170 493;A01;3;7;0;2;1;9;1;
26969;202100017418;170 494;B01;2;33;0;2;5;1;1;
26970;202100017419;170 491;B01;0;21;0;2;4;1;1;
26971;202100017419;170 492;A01;0;10;0;2;1;1;1;
26972;202100017420;170 489;B01;3;37;0;2;7;1;1;1.0
26973;202100017420;170 490;A01;3;7;0;2;1;19;1;
26974;202100017421;170 487;A01;2;7;0;2;8;11;0;
26975;202100017421;170 488;B01;2;7;0;2;2;1;0;
26976;202100017422;170 483;B01;1;7;0;2;4;0;0;
26977;202100017422;170 484;A01;1;10;0;2;1;2;1;
26978;202100017423;170 481;B01;0;2;0;0;0;0;1;
26979;202100017423;170 482;A01;0;7;0;2;1;1;1;
26980;202100017424;170 480;A01;0;7;0;1;2;3;1;
26981;202100017425;170 479;A01;0;7;1;0;3;13;1;
26982;202100017426;170 477;A01;0;7;0;2;1;15;1;
26983;202100017426;170 478;B01;0;32;0;2;1;1;1;
26984;202100017427;170 475;B01;2;7;0;2;1;1;1;
26985;202100017427;170 476;A01;1;7;0;2;1;15;1;
26986;202100017428;170 473;A01;2;7;0;2;3;19;1;
26987;202100017428;170 474;B01;2;10;0;2;1;1;1;
26988;202100017429;170 471;A01;1;7;0;2;3;15;1;
26989;202100017429;170 472;B01;2;30;0;2;1;1;1;
26990;202100017431;170 467;A01;3;7;0;2;1;15;1;
26991;202100017431;170 468;B01;3;10;0;2;7;1;1;
26992;202100017432;170 465;B01;2;34;1;0;3;0;1;
26993;202100017432;170 466;A01;3;7;1;0;1;19;0;
26994;202100017433;170 463;B01;1;7;0;2;1;1;1;
26995;202100017433;170 464;A01;1;7;0;2;1;15;1;
26996;202100017434;170 461;B01;1;30;0;2;1;1;1;
26997;202100017434;170 462;A01;1;7;0;2;4;23;1;
26998;202100017435;170 460;Z01;3;7;0;1;4;4;0;
26999;202100017436;170 458;A01;1;7;0;9;1;0;1;
27000;202100017436;170 459;B01;1;1;14;0;7;1;5;
27001;202100017437;170 456;B01;3;7;0;2;4;1;1;
27002;202100017437;170 457;A01;2;2;0;2;1;9;1;
27003;202100017438;170 454;B01;3;10;0;2;2;15;1;
27004;202100017438;170 455;A01;2;7;0;9;7;1;1;
27005;202100017439;170 452;A01;1;7;0;2;8;22;1;
27006;202100017439;170 453;B01;1;1;1;0;2;1;5;
27007;202100017440;170 451;A01;3;33;0;0;7;1;1;
27008;202100017441;170 450;A01;1;7;3;0;3;1;1;
27009;202100017442;170 448;B01;1;7;0;2;6;2;1;
27010;202100017442;170 449;A01;1;7;14;2;1;21;1;
27011;202100017443;170 446;A01;2;7;0;2;3;15;1;
27012;202100017443;170 447;B01;2;33;0;2;1;1;1;
27013;202100017444;170 444;B01;2;7;0;2;2;15;1;
27014;202100017444;170 445;A01;2;33;0;2;1;21;1;
27015;202100017445;170 442;B01;3;7;0;2;6;1;1;
27016;202100017445;170 443;A01;3;33;0;2;1;1;1;
27017;202100017446;170 440;A01;1;7;0;2;1;1;1;
27018;202100017446;170 441;B01;2;31;0;2;7;15;1;
27019;202100017447;170 438;A01;1;17;0;2;6;1;1;
27020;202100017447;170 439;B01;1;7;0;2;8;15;1;
27021;202100017450;170 434;A01;3;14;9;0;0;1;1;
27022;202100017451;170 432;B01;0;7;0;2;1;1;1;
27023;202100017451;170 433;A01;0;33;0;2;1;17;1;
27024;202100017452;170 431;A01;1;7;1;0;2;14;1;
27025;202100017453;170 429;A01;3;7;0;2;3;9;1;
27026;202100017453;170 430;B01;3;32;0;2;4;1;1;
27027;202100017454;170 427;A01;1;7;0;2;3;19;1;
27028;202100017454;170 428;B01;1;50;0;2;1;1;3;
27029;202100017455;170 425;A01;2;7;0;2;3;1;1;
27030;202100017455;170 426;B01;1;3;0;2;3;1;1;
27031;202100017456;170 423;A01;3;7;0;2;1;15;1;
27032;202100017456;170 424;B01;3;1;0;2;8;1;5;
27033;202100017457;170 421;A01;2;33;0;2;7;1;1;
27034;202100017457;170 422;B01;1;7;0;2;1;1;1;
27035;202100017458;170 420;A01;1;50;0;1;0;26;3;
27036;202100017459;170 418;B01;1;7;0;2;8;1;1;
27037;202100017459;170 419;A01;2;7;0;2;1;1;1;
27038;202100017460;170 417;A01;1;7;0;1;1;1;1;
27039;202100017461;170 416;A01;3;7;2;0;3;1;1;
27040;202100017462;170 412;D01;3;7;0;2;4;1;1;
27041;202100017462;170 413;C01;3;7;0;2;4;1;1;
27042;202100017462;170 414;A01;3;7;0;2;1;1;1;
27043;202100017462;170 415;B01;3;7;0;2;4;1;2;