;Num_Acc;id_vehicule;num_veh;senc;catv;obs;obsm;choc;manv;motor;occutc
27044;202100017463;170 410;B01;2;7;0;2;2;15;1;
27045;202100017463;170 411;A01;1;33;0;2;1;8;1;
27046;202100017464;170 408;A01;1;7;0;2;3;9;1;
27047;202100017464;170 409;B01;2;1;0;2;1;1;5;
27048;202100017465;170 406;A01;2;30;0;2;1;18;1;
27049;202100017465;170 407;B01;2;31;0;2;7;16;1;
27050;202100017466;170 404;B01;0;50;0;2;0;1;3;
27051;202100017466;170 405;A01;2;7;0;2;1;1;1;
27052;202100017467;170 402;A01;1;7;0;2;6;19;1;
27053;202100017467;170 403;B01;2;33;0;2;1;1;1;
27054;202100017468;170 401;A01;2;7;1;1;3;2;1;
27055;202100017469;170 398;A01;3;7;0;2;1;13;1;
27056;202100017469;170 399;B01;3;7;0;2;8;1;1;
27057;202100017469;170 400;C01;3;7;0;2;8;1;1;
27058;202100017470;170 397;A01;1;7;0;1;8;1;1;
27059;202100017471;170 395;B01;1;7;0;2;3;1;1;
27060;202100017471;170 396;A01;2;33;0;2;0;1;1;
27061;202100017472;170 391;B01;1;33;0;2;1;1;1;
27062;202100017472;170 392;A01;2;7;0;2;3;10;1;
27063;202100017473;170 388;A01;1;7;0;2;1;17;1;
27064;202100017473;170 389;B01;1;7;0;2;8;2;1;
27065;202100017473;170 390;C01;1;7;0;2;8;2;1;
27066;202100017474;170 386;B01;0;34;0;2;1;1;1;
27067;202100017474;170 387;A01;3;7;0;2;1;15;1;
27068;202100017475;170 384;B01;1;33;0;2;2;1;1;
27069;202100017475;170 385;Z01;1;7;0;2;1;15;1;
27070;202100017476;170 383;A01;2;7;0;1;1;1;1;
27071;202100017477;170 382;A01;3;10;0;2;1;26;1;
27072;202100017478;170 380;A01;1;7;8;2;1;1;1;
27073;202100017478;170 381;B01;1;7;1;2;2;1;1;
27074;202100017479;170 379;A01;2;7;14;0;3;2;1;
27075;202100017480;170 377;Z01;1;7;0;2;1;1;0;
27076;202100017480;170 378;B01;1;50;0;2;2;1;3;
27077;202100017481;170 376;A01;0;7;0;1;1;18;0;
27078;202100017482;170 374;A01;2;7;0;2;7;19;1;
27079;202100017482;170 375;B01;2;33;0;2;3;1;1;
27080;202100017484;170 371;A01;2;33;0;2;8;3;1;
27081;202100017484;170 372;B01;2;7;0;2;7;1;1;
27082;202100017485;170 369;B01;1;33;0;2;7;3;1;
27083;202100017485;170 370;A01;1;7;0;2;8;13;1;
27084;202100017486;170 367;B01;2;7;0;2;5;2;1;
27085;202100017486;170 368;A01;2;31;0;2;1;12;1;
27086;202100017487;170 365;B01;1;32;0;2;1;7;1;
27087;202100017487;170 366;A01;1;10;0;2;2;14;1;
27088;202100017488;170 364;A01;2;7;0;1;1;16;1;
27089;202100017489;170 362;B01;2;1;0;2;1;1;5;
27090;202100017489;170 363;A01;1;10;0;2;7;1;1;
27091;202100017490;170 361;A01;2;30;0;1;1;18;1;
27092;202100017491;170 359;A01;2;32;0;2;1;2;1;
27093;202100017491;170 360;B01;2;10;0;2;4;23;1;
27094;202100017492;170 357;B01;1;33;0;2;2;1;1;
27095;202100017492;170 358;A01;1;7;0;2;3;9;1;
27096;202100017494;170 353;B01;1;50;0;2;7;15;3;
27097;202100017494;170 354;A01;2;30;0;2;1;8;1;
27098;202100017495;170 351;A01;1;80;0;2;3;9;3;
27099;202100017495;170 352;B01;1;33;0;2;1;1;1;
27100;202100017496;170 350;Z01;2;30;0;1;0;1;0;
27101;202100017497;170 349;A01;1;80;0;1;7;1;3;
27102;202100017498;170 347;A01;1;14;0;2;1;1;1;
27103;202100017498;170 348;B01;1;7;0;2;8;1;1;
27104;202100017500;170 344;A01;2;7;0;2;1;2;1;
27105;202100017500;170 345;B01;2;7;0;1;4;23;1;
27106;202100017501;170 342;A01;1;10;0;2;2;15;1;
27107;202100017501;170 343;B01;2;1;0;2;8;1;5;
27108;202100017502;170 340;A01;1;33;0;2;1;12;1;
27109;202100017502;170 341;B01;1;43;0;2;4;1;1;
27110;202100017503;170 338;B01;2;1;0;2;4;1;5;
27111;202100017503;170 339;A01;1;30;0;2;1;5;1;
27112;202100017504;170 336;A01;1;34;0;2;2;17;1;
27113;202100017504;170 337;B01;1;33;0;2;3;15;1;
27114;202100017505;170 334;A01;1;33;0;2;1;1;1;
27115;202100017505;170 335;B01;1;3;0;2;3;15;3;
27116;202100017506;170 332;B01;2;33;0;2;8;1;1;
27117;202100017506;170 333;A01;1;7;0;2;1;15;1;
27118;202100017507;170 328;A01;1;1;0;2;1;1;5;
27119;202100017507;170 329;B01;1;1;0;2;1;1;5;
27120;202100017508;170 326;B01;2;7;0;2;4;2;1;
27121;202100017508;170 327;A01;2;7;0;2;1;2;1;
27122;202100017509;170 325;A01;2;7;0;1;1;15;0;
27123;202100017510;170 323;B01;0;7;0;2;1;9;2;
27124;202100017510;170 324;A01;0;7;0;2;3;19;2;
27125;202100017511;170 321;B01;1;33;0;2;3;2;1;
27126;202100017511;170 322;A01;1;7;0;2;2;2;1;
27127;202100017512;170 319;A01;2;33;0;2;1;17;1;
27128;202100017512;170 320;B01;2;7;0;2;6;15;1;
27129;202100017513;170 317;A01;3;7;0;2;0;16;1;
27130;202100017513;170 318;B01;3;7;0;2;0;1;1;
27131;202100017514;170 315;B01;2;7;0;2;6;1;1;
27132;202100017514;170 316;A01;2;7;0;2;1;9;1;
27133;202100017515;170 314;A01;2;7;0;1;1;26;2;
27134;202100017517;170 310;B01;0;3;0;0;2;15;1;
27135;202100017517;170 311;A01;-1;2;0;2;1;1;1;
27136;202100017518;170 308;B01;3;7;8;2;1;1;1;
27137;202100017518;170 309;A01;3;7;8;2;2;15;1;
27138;202100017519;170 306;B01;2;99;1;2;0;0;1;
27139;202100017519;170 307;A01;2;10;0;2;7;2;1;
27140;202100017520;170 304;B01;2;33;0;2;1;1;1;
27141;202100017520;170 305;A01;1;7;0;2;1;15;1;
27142;202100017521;170 302;A01;1;50;0;2;1;19;3;
27143;202100017521;170 303;B01;2;7;0;2;6;16;1;
27144;202100017523;170 299;A01;3;7;0;2;2;6;1;
27145;202100017523;170 300;B01;3;31;0;2;1;1;1;
27146;202100017525;170 295;B01;1;1;0;2;4;1;0;
27147;202100017525;170 296;A01;1;7;0;2;1;2;1;
27148;202100017526;170 293;A01;3;7;0;2;1;16;1;
27149;202100017526;170 294;B01;3;30;0;2;7;1;1;
27150;202100017527;170 292;A01;3;10;0;0;6;4;1;
27151;202100017528;170 289;A01;0;7;0;0;4;2;1;
27152;202100017528;170 290;B01;0;7;0;0;4;2;1;
27153;202100017528;170 291;C01;0;7;0;2;1;2;1;
27154;202100017529;170 287;A01;1;7;0;2;3;13;1;
27155;202100017529;170 288;B01;2;7;0;2;3;1;1;
27156;202100017530;170 285;B01;2;15;0;2;6;1;1;
27157;202100017530;170 286;A01;2;10;0;2;2;17;1;
27158;202100017531;170 284;A01;2;7;3;1;3;1;1;
27159;202100017532;170 282;B01;1;60;0;2;4;1;5;
27160;202100017532;170 283;A01;1;7;0;2;3;9;1;
27161;202100017533;170 281;A01;2;7;0;1;1;1;1;
27162;202100017534;170 278;A01;1;7;4;0;0;0;1;
27163;202100017534;170 279;B01;1;15;0;2;2;1;1;
27164;202100017534;170 280;C01;1;15;0;2;2;1;1;
27165;202100017535;170 276;B01;0;80;0;0;0;0;3;
27166;202100017535;170 277;A01;0;7;0;2;2;0;1;
27167;202100017536;170 275;A01;2;7;0;1;2;1;1;
27168;202100017537;170 274;A01;0;7;0;1;1;19;1;
27169;202100017538;170 272;A01;1;7;0;2;1;9;1;
27170;202100017538;170 273;B01;2;31;0;2;1;17;0;
27171;202100017539;170 271;A01;0;7;6;0;1;1;1;
27172;202100017540;170 270;A01;1;7;8;0;1;1;1;
27173;202100017541;170 268;A01;1;7;0;2;2;11;1;
27174;202100017541;170 269;B01;1;15;0;0;6;1;1;
27175;202100017542;170 267;A01;2;7;6;0;2;1;1;
27176;202100017543;170 266;A01;1;2;0;0;1;1;1;
27177;202100017544;170 265;A01;3;2;1;0;2;1;1;
27178;202100017545;170 263;B01;1;33;0;2;1;21;1;
27179;202100017545;170 264;A01;2;14;0;2;1;15;1;
27180;202100017546;170 261;B01;2;33;0;2;1;1;1;
27181;202100017546;170 262;A01;1;10;0;2;2;15;1;
27182;202100017548;170 257;A01;2;33;13;0;1;1;1;
27183;202100017549;170 256;A01;0;7;0;1;1;9;1;
27184;202100017550;170 254;A01;2;7;0;2;1;5;1;
27185;202100017550;170 255;B01;1;7;0;2;3;1;1;
27186;202100017551;170 252;A01;1;7;0;2;7;13;1;
27187;202100017551;170 253;B01;2;7;0;2;1;1;1;
27188;202100017553;170 250;A01;2;33;0;0;0;1;1;
27189;202100017554;170 248;A01;2;33;0;2;0;1;1;
27190;202100017554;170 249;B01;2;7;0;2;3;1;1;
27191;202100017555;170 247;A01;3;7;0;1;2;1;1;
27192;202100017556;170 245;A01;2;7;0;2;3;15;1;
27193;202100017556;170 246;B01;2;43;0;2;2;17;1;
27194;202100017557;170 244;A01;2;33;13;0;2;1;1;
27195;202100017558;170 242;A01;2;7;0;2;3;17;1;
27196;202100017558;170 243;B01;1;2;0;2;1;1;1;
27197;202100017559;170 239;C01;2;99;0;2;0;1;1;
27198;202100017559;170 240;B01;2;10;0;0;6;2;1;
27199;202100017559;170 241;A01;2;33;0;2;1;2;1;
27200;202100017560;170 238;A01;2;33;3;0;1;13;1;
27201;202100017561;170 237;A01;0;2;8;0;3;21;1;
27202;202100017562;170 236;A01;2;7;0;1;3;1;1;
27203;202100017563;170 233;C01;1;15;0;0;8;23;1;
27204;202100017563;170 234;B01;2;17;0;2;1;1;1;
27205;202100017563;170 235;A01;1;7;1;2;7;19;1;
27206;202100017564;170 229;C01;1;10;0;0;3;1;1;
27207;202100017564;170 230;B01;2;7;0;2;5;15;1;
27208;202100017564;170 231;A01;2;13;0;2;3;1;1;
27209;202100017565;170 227;B01;2;2;0;2;1;1;1;
27210;202100017565;170 228;A01;1;7;0;2;3;9;1;
27211;202100017566;170 225;A01;2;34;0;2;3;17;1;
27212;202100017566;170 226;B01;2;7;0;0;4;15;1;
27213;202100017568;170 220;A01;2;7;0;2;2;1;1;
27214;202100017568;170 221;B01;2;7;0;2;3;1;1;
27215;202100017569;170 219;A01;3;1;0;0;0;26;5;
27216;202100017570;170 217;A01;1;7;0;2;2;15;1;
27217;202100017570;170 218;B01;2;1;0;2;1;1;5;
27218;202100017571;170 216;A01;3;32;13;0;1;26;1;
27219;202100017572;170 214;A01;1;33;0;2;1;1;1;
27220;202100017572;170 215;B01;1;7;0;2;4;15;1;
27221;202100017573;170 212;A01;1;7;0;2;3;26;1;
27222;202100017573;170 213;B01;2;7;0;2;1;26;1;
27223;202100017574;170 210;B01;1;2;0;2;1;1;1;
27224;202100017574;170 211;A01;1;7;0;2;5;15;1;
27225;202100017575;170 208;A01;1;31;0;2;2;17;1;
27226;202100017575;170 209;B01;1;7;0;2;3;15;1;
27227;202100017576;170 206;B01;2;10;0;0;6;15;3;
27228;202100017576;170 207;A01;2;33;0;2;1;17;1;
27229;202100017577;170 204;A01;1;7;0;2;2;15;1;
27230;202100017577;170 205;B01;1;33;0;2;1;1;1;
27231;202100017578;170 203;A01;1;1;0;0;1;1;5;
27232;202100017579;170 201;B01;3;50;0;2;7;19;3;
27233;202100017579;170 202;A01;2;7;0;2;2;16;1;
27234;202100017580;170 200;A01;2;7;2;0;2;1;1;
27235;202100017581;170 198;A01;3;7;0;2;3;15;1;
27236;202100017581;170 199;B01;1;33;0;2;1;1;1;
27237;202100017582;170 196;A01;1;7;0;2;1;13;1;
27238;202100017582;170 197;B01;2;7;0;2;1;1;1;
27239;202100017583;170 194;A01;3;1;0;0;6;9;5;
27240;202100017583;170 195;B01;3;7;0;0;1;1;1;
27241;202100017584;170 193;A01;1;16;12;0;8;2;1;
27242;202100017586;170 189;A01;2;7;0;2;5;1;2;
27243;202100017586;170 190;B01;2;33;0;2;3;1;1;
27244;202100017587;170 187;A01;2;7;0;2;1;2;1;
27245;202100017587;170 188;Z01;2;7;0;2;4;1;1;
27246;202100017588;170 184;A01;1;7;0;2;0;14;2;
27247;202100017588;170 185;C01;1;10;0;2;3;2;1;
27248;202100017588;170 186;B01;1;32;0;2;2;2;1;
27249;202100017589;170 183;A01;2;33;0;0;8;3;1;
27250;202100017591;170 178;B01;1;7;0;2;2;1;1;
27251;202100017591;170 179;A01;1;7;0;2;9;1;1;
27252;202100017592;170 177;A01;1;30;0;0;0;26;1;
27253;202100017593;170 174;A01;2;33;0;0;0;3;1;
27254;202100017593;170 175;B01;2;7;0;0;0;11;1;
27255;202100017593;170 176;C01;2;7;0;0;0;2;1;
27256;202100017594;170 172;A01;2;7;0;0;0;26;1;
27257;202100017594;170 173;B01;2;33;0;0;0;0;1;
27258;202100017595;170 168;A01;1;10;0;2;1;1;1;
27259;202100017595;170 169;D01;1;7;0;2;4;2;1;
27260;202100017595;170 170;C01;1;7;0;2;4;2;1;
27261;202100017595;170 171;B01;1;7;0;2;4;1;1;
27262;202100017596;170 167;A01;1;43;-1;-1;1;1;1;
27263;202100017597;170 165;B01;1;7;0;2;7;12;1;
27264;202100017597;170 166;A01;1;33;0;2;8;3;1;
27265;202100017598;170 164;A01;2;7;0;1;1;17;1;
27266;202100017599;170 163;A01;1;30;0;1;1;17;1;
27267;202100017600;170 161;B01;2;1;0;2;0;2;5;
27268;202100017600;170 162;A01;2;10;0;2;7;2;1;
27269;202100017601;170 160;A01;0;33;0;0;0;1;0;
27270;202100017602;170 158;A01;0;7;0;2;3;15;0;
27271;202100017602;170 159;B01;0;31;0;2;1;23;0;
27272;202100017603;170 156;B01;1;10;0;2;3;1;1;
27273;202100017603;170 157;A01;1;30;0;2;7;17;1;
27274;202100017604;170 154;B01;1;7;1;2;4;24;1;
27275;202100017604;170 155;A01;1;7;1;2;1;23;1;
27276;202100017605;170 152;A01;1;7;0;2;1;17;1;
27277;202100017605;170 153;B01;1;10;0;2;4;2;1;
27278;202100017606;170 150;A01;3;10;0;2;5;19;1;
27279;202100017606;170 151;B01;3;7;0;2;1;1;1;
27280;202100017607;170 147;A01;1;33;0;2;3;3;1;
27281;202100017607;170 148;B01;1;7;0;2;3;11;1;
27282;202100017607;170 149;C01;1;7;0;2;2;1;1;
27283;202100017608;170 146;A01;1;30;0;0;1;1;1;
27284;202100017609;170 144;A01;2;30;0;2;1;2;1;
27285;202100017609;170 145;B01;2;10;0;2;6;1;1;
27286;202100017611;170 140;B01;2;50;0;2;1;1;3;
27287;202100017611;170 141;A01;1;7;0;2;3;16;1;
27288;202100017612;170 136;B01;1;32;0;2;8;1;1;
27289;202100017612;170 137;A01;1;10;0;2;1;15;1;
27290;202100017612;170 138;D01;1;50;0;2;8;1;3;
27291;202100017612;170 139;C01;3;7;0;2;3;1;1;
27292;202100017613;170 135;A01;2;7;0;1;3;15;1;
27293;202100017614;170 134;A01;2;31;1;0;0;21;1;
27294;202100017615;170 132;B01;3;10;0;2;6;0;1;
27295;202100017615;170 133;A01;3;7;0;2;6;13;1;
27296;202100017616;170 130;B01;1;32;0;2;2;1;0;
27297;202100017616;170 131;A01;2;7;0;2;3;15;1;
27298;202100017617;170 128;B01;1;33;0;2;1;26;1;
27299;202100017617;170 129;A01;1;7;0;2;5;26;1;
27300;202100017618;170 127;A01;2;7;0;1;1;1;1;
27301;202100017619;170 125;B01;1;7;0;2;3;15;1;
27302;202100017619;170 126;A01;1;7;1;2;2;17;1;
27303;202100017620;170 124;A01;1;33;8;0;1;0;1;
27304;202100017621;170 122;B01;1;32;0;2;0;0;1;
27305;202100017621;170 123;A01;1;30;0;2;0;0;3;
27306;202100017623;170 119;Z01;3;7;0;1;0;0;0;
27307;202100017624;170 117;A01;2;7;0;2;3;16;1;
27308;202100017624;170 118;B01;1;2;0;2;1;15;1;
27309;202100017625;170 115;B01;2;40;0;2;1;1;3;
27310;202100017625;170 116;A01;1;7;8;4;5;1;1;
27311;202100017626;170 113;A01;1;7;0;2;3;9;0;
27312;202100017626;170 114;B01;2;7;0;2;8;1;1;
27313;202100017627;170 111;A01;1;1;0;4;7;19;5;
27314;202100017627;170 112;B01;2;40;0;2;1;1;3;
27315;202100017628;170 109;B01;3;2;0;2;1;1;1;
27316;202100017628;170 110;A01;3;7;0;2;6;15;1;
27317;202100017629;170 108;A01;1;30;0;1;1;1;1;
27318;202100017630;170 106;B01;1;50;0;2;1;25;3;
27319;202100017630;170 107;A01;3;7;0;2;2;26;1;
27320;202100017631;170 104;A01;3;7;0;2;1;13;1;
27321;202100017631;170 105;B01;3;7;0;2;1;1;1;
27322;202100017632;170 102;B01;3;1;0;0;7;19;5;
27323;202100017632;170 103;A01;2;7;0;2;2;16;1;
27324;202100017633;170 100;B01;2;60;0;2;0;19;5;
27325;202100017633;170 101;A01;1;7;0;2;2;9;1;
27326;202100017634;170 098;B01;0;7;0;0;0;0;1;
27327;202100017634;170 099;A01;3;21;0;2;7;26;1;
27328;202100017635;170 097;A01;2;33;8;0;1;17;1;
27329;202100017636;170 096;A01;1;7;0;1;2;1;1;
27330;202100017637;170 095;A01;1;7;6;0;3;13;1;
27331;202100017638;170 091;A01;3;7;0;2;4;2;1;
27332;202100017638;170 092;B01;3;7;0;2;1;2;1;
27333;202100017638;170 093;C01;3;7;0;2;4;2;1;
27334;202100017638;170 094;D01;3;7;0;2;1;2;1;
27335;202100017639;170 089;B01;1;7;0;2;1;1;1;
27336;202100017639;170 090;A01;1;7;0;2;8;1;1;
27337;202100017640;170 087;A01;1;7;6;2;1;1;1;
27338;202100017640;170 088;B01;2;7;0;2;2;1;1;
27339;202100017641;170 085;B01;1;1;0;2;8;0;5;
27340;202100017641;170 086;A01;1;7;0;2;5;26;1;
27341;202100017643;170 081;B01;1;7;0;2;1;1;1;
27342;202100017643;170 082;A01;2;7;0;2;7;15;1;
27343;202100017644;170 080;A01;1;7;0;1;1;1;1;
27344;202100017645;170 079;Z01;2;7;0;1;1;9;1;
27345;202100017646;170 077;A01;1;7;0;2;2;15;1;
27346;202100017646;170 078;B01;0;43;0;0;0;0;1;
27347;202100017647;170 076;A01;3;7;0;1;3;1;1;
27348;202100017648;170 075;A01;1;7;4;0;3;26;1;
27349;202100017649;170 073;B01;0;7;8;2;5;1;1;
27350;202100017649;170 074;A01;0;7;0;2;1;1;1;
27351;202100017650;170 071;B01;1;7;0;2;7;0;1;
27352;202100017650;170 072;A01;2;7;8;2;3;26;1;
27353;202100017651;170 069;B01;3;7;0;2;1;0;1;
27354;202100017651;170 070;A01;3;7;0;2;1;13;1;
27355;202100017652;170 067;B01;2;7;0;2;8;1;1;
27356;202100017652;170 068;A01;2;7;0;2;1;1;1;
27357;202100017654;170 063;A01;1;7;0;2;6;9;1;
27358;202100017654;170 064;B01;1;2;0;0;0;1;1;
27359;202100017655;170 061;A01;1;2;0;2;2;17;1;
27360;202100017655;170 062;B01;1;7;0;2;3;15;1;
27361;202100017656;170 060;A01;1;30;0;0;8;1;1;
27362;202100017657;170 058;B01;3;7;0;2;8;1;1;
27363;202100017657;170 059;A01;3;7;0;2;1;19;1;
27364;202100017658;170 056;B01;1;7;0;2;1;0;1;
27365;202100017658;170 057;A01;2;10;0;2;3;15;1;
27366;202100017659;170 055;A01;1;30;0;5;8;1;1;
27367;202100017660;170 054;A01;3;2;0;1;1;18;1;
27368;202100017661;170 053;A01;3;32;5;0;1;14;1;
27369;202100017662;170 052;A01;3;7;0;1;1;1;1;
27370;202100017663;170 050;A01;2;7;0;2;3;15;1;
27371;202100017663;170 051;B01;2;33;0;2;2;1;1;
27372;202100017664;170 049;A01;2;7;0;1;3;0;6;
27373;202100017665;170 047;B01;1;37;0;2;2;1;1;1.0
27374;202100017665;170 048;A01;2;10;0;2;3;1;1;
27375;202100017666;170 045;B01;1;1;0;2;4;1;5;
27376;202100017666;170 046;A01;1;7;0;2;1;1;1;
27377;202100017667;170 044;A01;0;50;12;9;1;1;3;
27378;202100017668;170 042;A01;1;10;16;0;2;21;1;
27379;202100017668;170 043;B01;3;7;1;0;2;24;1;
27380;202100017669;170 038;B01;3;7;0;2;4;1;1;
27381;202100017669;170 039;A01;3;7;0;2;1;1;1;
27382;202100017669;170 040;C01;3;7;0;2;4;1;1;
27383;202100017669;170 041;D01;3;33;0;2;1;1;1;
27384;202100017670;170 036;A01;2;33;0;2;2;2;1;
27385;202100017670;170 037;B01;2;10;0;2;6;23;1;
27386;202100017672;170 032;B01;1;1;0;2;2;1;5;
27387;202100017672;170 033;A01;1;10;0;2;3;22;1;
27388;202100017673;170 030;A01;1;43;0;2;1;16;1;
27389;202100017673;170 031;B01;1;1;0;2;8;1;5;
27390;202100017674;170 028;B01;1;33;0;2;4;23;1;
27391;202100017674;170 029;A01;1;7;0;2;2;2;1;
27392;202100017675;170 026;B01;2;33;0;2;3;1;1;
27393;202100017675;170 027;A01;2;1;0;2;3;12;5;
27394;202100017676;170 024;A01;2;10;0;2;2;16;3;
27395;202100017676;170 025;B01;1;1;0;2;1;1;5;
27396;202100017678;170 022;A01;2;30;0;0;0;1;1;
27397;202100017679;170 020;B01;2;43;0;2;3;1;1;
27398;202100017679;170 021;A01;2;10;0;2;1;10;1;
27399;202100017680;170 019;A01;2;33;14;0;3;13;1;
27400;202100017681;170 018;A01;3;50;0;1;1;16;3;
27401;202100017682;170 016;B01;1;80;0;2;8;1;3;
27402;202100017682;170 017;A01;1;1;0;2;1;9;5;
27403;202100017683;170 014;A01;1;7;0;9;8;0;1;
27404;202100017683;170 015;B01;1;1;1;0;1;1;5;
27405;202100017684;170 012;B01;0;33;0;2;1;26;1;
27406;202100017684;170 013;A01;0;10;0;2;1;15;1;
27407;202100017685;170 009;B01;3;7;0;2;4;15;1;
27408;202100017685;170 010;C01;2;7;0;2;8;26;0;
27409;202100017685;170 011;A01;2;36;0;2;0;11;1;
27410;202100017686;170 007;A01;1;31;0;2;1;9;1;
27411;202100017686;170 008;B01;1;7;0;2;5;1;1;
27412;202100017687;170 005;A01;1;32;15;2;2;25;1;
27413;202100017687;170 006;B01;1;7;0;2;3;5;1;
27414;202100017688;170 003;A01;2;7;0;2;2;12;2;
27415;202100017688;170 004;B01;2;33;0;2;8;3;1;
27416;202100017689;170 002;A01;1;0;0;1;1;1;0;
27417;202100017690;170 000;B01;3;7;0;2;2;15;1;
27418;202100017690;170 001;A01;3;33;0;2;1;2;1;
27419;202100017691;169 997;A01;2;7;0;2;1;9;1;
27420;202100017691;169 998;B01;2;7;0;2;4;23;1;
27421;202100017691;169 999;C01;2;7;0;2;4;0;1;
27422;202100017692;169 996;A01;1;7;0;1;3;1;1;
27423;202100017693;169 994;B01;2;2;0;2;1;12;1;
27424;202100017693;169 995;A01;2;7;0;2;5;12;1;
27425;202100017694;169 992;A01;1;7;0;2;2;1;1;
27426;202100017694;169 993;B01;3;32;0;2;1;1;1;
27427;202100017695;169 991;A01;3;10;0;1;4;26;1;
27428;202100017696;169 990;A01;2;7;0;1;3;1;2;
27429;202100017697;169 988;B01;3;7;0;2;1;0;1;
27430;202100017697;169 989;A01;3;10;0;2;7;15;1;
27431;202100017698;169 986;A01;2;30;0;2;1;1;1;
27432;202100017698;169 987;B01;1;7;0;2;1;15;1;
27433;202100017699;169 985;A01;1;7;0;1;3;2;1;
27434;202100017701;169 982;A01;0;7;0;1;2;1;1;
27435;202100017702;169 981;A01;1;30;0;0;1;1;1;
27436;202100017703;169 979;B01;3;10;0;2;8;13;1;
27437;202100017703;169 980;A01;3;32;0;2;2;1;1;
27438;202100017704;169 976;A01;2;7;0;2;1;2;1;
27439;202100017704;169 977;B01;2;32;0;2;4;2;1;
27440;202100017704;169 978;C01;2;7;0;2;6;2;1;
27441;202100017705;169 973;A01;1;7;0;2;5;26;1;
27442;202100017705;169 974;B01;1;7;0;2;4;26;1;
27443;202100017705;169 975;C01;1;7;0;2;1;26;1;
27444;202100017706;169 971;A01;2;1;0;1;2;15;5;
27445;202100017706;169 972;B01;2;60;0;2;1;25;5;
27446;202100017707;169 970;A01;3;30;0;0;0;0;1;
27447;202100017708;169 968;A01;3;2;0;2;1;1;1;
27448;202100017708;169 969;B01;0;10;0;2;3;1;1;
27449;202100017709;169 967;A01;1;7;2;0;1;1;1;
27450;202100017710;169 965;B01;2;33;0;2;1;26;1;
27451;202100017710;169 966;A01;1;7;0;2;8;9;1;
27452;202100017711;169 964;A01;2;7;8;0;2;1;1;
27453;202100017712;169 963;A01;2;7;7;0;1;1;1;
27454;202100017713;169 962;A01;0;7;6;0;1;0;1;
27455;202100017715;169 959;A01;1;7;13;0;9;1;1;
27456;202100017716;169 958;A01;2;33;0;6;1;1;1;
27457;202100017717;169 957;A01;1;7;8;0;1;14;1;
27458;202100017718;169 956;A01;2;7;2;0;1;1;1;
27459;202100017719;169 954;A01;3;2;0;2;1;17;1;
27460;202100017719;169 955;B01;3;7;0;2;3;1;1;
27461;202100017720;169 952;B01;1;7;0;2;2;1;1;
27462;202100017720;169 953;A01;2;7;0;2;1;5;1;
27463;202100017721;169 950;B01;2;33;0;2;7;1;1;
27464;202100017721;169 951;A01;1;7;0;2;3;9;1;
27465;202100017722;169 948;B01;1;1;0;2;8;13;5;
27466;202100017722;169 949;A01;1;7;0;2;3;17;1;
27467;202100017723;169 947;A01;1;33;0;0;2;1;1;
27468;202100017724;169 946;A01;1;33;3;0;7;16;1;
27469;202100017725;169 944;B01;0;13;0;2;3;1;1;
27470;202100017725;169 945;A01;0;3;0;2;3;13;1;
27471;202100017726;169 941;C01;2;7;0;0;4;2;1;
27472;202100017726;169 942;B01;2;7;0;2;4;2;1;
27473;202100017726;169 943;A01;2;7;0;2;1;12;1;
27474;202100017727;169 939;B01;1;31;0;2;8;1;1;
27475;202100017727;169 940;A01;2;7;0;2;3;15;1;
27476;202100017728;169 937;B01;1;33;0;2;3;1;1;
27477;202100017728;169 938;A01;2;7;0;2;3;15;1;
27478;202100017729;169 935;A01;1;33;0;2;1;0;1;
27479;202100017729;169 936;B01;2;7;0;2;1;1;1;
27480;202100017730;169 934;A01;1;50;0;0;0;1;3;
27481;202100017731;169 933;A01;3;33;2;0;1;1;1;
27482;202100017732;169 931;B01;0;2;0;2;5;1;1;
27483;202100017732;169 932;A01;0;7;0;2;2;1;1;
27484;202100017733;169 928;B01;1;15;0;0;5;15;1;
27485;202100017733;169 929;A01;2;7;0;2;1;1;1;
27486;202100017734;169 926;A01;1;7;0;2;1;1;1;
27487;202100017734;169 927;B01;1;1;0;2;8;1;5;
27488;202100017735;169 923;A01;1;33;0;2;1;1;1;
27489;202100017735;169 924;C01;1;7;0;2;6;23;1;
27490;202100017735;169 925;B01;1;7;12;2;2;19;1;
27491;202100017736;169 921;A01;1;7;0;2;3;1;1;
27492;202100017736;169 922;B01;2;7;0;2;3;21;1;
27493;202100017737;169 919;B01;2;13;0;2;2;1;1;
27494;202100017737;169 920;A01;1;7;6;2;7;1;1;
27495;202100017738;169 918;A01;2;33;0;0;9;1;1;
27496;202100017739;169 916;B01;1;33;0;2;2;1;1;
27497;202100017739;169 917;A01;1;7;0;2;6;11;1;
27498;202100017740;169 914;A01;2;7;0;2;3;1;1;
27499;202100017740;169 915;B01;1;38;0;2;3;1;1;17.0
27500;202100017741;169 912;B01;2;17;0;0;2;0;1;
27501;202100017741;169 913;A01;2;17;1;9;3;13;1;
27502;202100017742;169 910;B01;2;7;0;2;6;1;1;
27503;202100017742;169 911;A01;2;7;0;2;2;5;1;
27504;202100017743;169 908;B01;2;33;0;2;1;1;1;