;Num_Acc;id_vehicule;num_veh;senc;catv;obs;obsm;choc;manv;motor;occutc
27505;202100017743;169 909;A01;1;7;0;2;2;15;1;
27506;202100017744;169 906;A01;1;10;1;0;2;14;1;
27507;202100017744;169 907;B01;1;15;0;0;6;24;1;
27508;202100017745;169 904;B01;2;10;0;2;1;1;1;
27509;202100017745;169 905;A01;1;7;0;2;1;1;1;
27510;202100017746;169 901;A01;2;33;0;2;0;21;1;
27511;202100017746;169 902;B01;2;7;0;2;3;26;1;
27512;202100017746;169 903;C01;1;7;0;2;6;23;1;
27513;202100017747;169 900;A01;2;10;0;1;4;20;1;
27514;202100017748;169 898;B01;2;7;0;2;3;5;1;
27515;202100017748;169 899;A01;1;7;0;2;3;23;1;
27516;202100017749;169 897;A01;3;7;0;1;2;26;1;
27517;202100017750;169 895;A01;2;33;0;0;0;3;1;
27518;202100017750;169 896;B01;1;7;0;2;1;1;1;
27519;202100017751;169 894;A01;2;7;0;1;3;1;1;
27520;202100017752;169 892;A01;2;7;0;0;3;1;1;
27521;202100017752;169 893;B01;1;7;0;0;3;13;1;
27522;202100017753;169 890;B01;1;31;0;2;1;1;1;
27523;202100017753;169 891;A01;2;7;0;0;5;1;1;
27524;202100017754;169 888;B01;3;1;0;2;3;1;5;
27525;202100017754;169 889;A01;3;7;0;9;2;19;1;
27526;202100017756;169 884;A01;3;7;0;9;8;15;1;
27527;202100017756;169 885;B01;2;1;0;2;1;1;5;
27528;202100017757;169 881;C01;1;1;0;2;4;2;5;
27529;202100017757;169 882;B01;1;1;0;2;4;2;5;
27530;202100017757;169 883;A01;1;10;0;2;2;2;1;
27531;202100017758;169 880;A01;1;33;7;0;0;17;1;
27532;202100017759;169 879;A01;2;7;2;0;1;14;3;
27533;202100017760;169 878;A01;0;7;13;0;1;0;1;
27534;202100017761;169 876;A01;1;7;0;2;1;2;1;
27535;202100017761;169 877;B01;1;15;0;0;4;2;1;
27536;202100017762;169 871;D01;1;7;0;2;4;2;1;
27537;202100017762;169 872;E01;1;7;0;2;4;2;1;
27538;202100017762;169 873;C01;1;7;0;2;4;2;1;
27539;202100017762;169 874;B01;1;7;0;2;4;2;1;
27540;202100017762;169 875;A01;1;7;0;2;1;2;1;
27541;202100017763;169 869;B01;2;34;0;0;0;0;1;
27542;202100017763;169 870;A01;2;7;0;2;6;2;1;
27543;202100017764;169 866;A01;2;7;0;2;4;1;1;
27544;202100017764;169 867;B01;2;7;0;2;4;1;1;
27545;202100017764;169 868;Z01;2;7;0;2;1;0;0;
27546;202100017765;169 864;Z01;1;7;0;2;1;0;1;
27547;202100017765;169 865;A01;1;7;0;2;4;2;1;
27548;202100017766;169 861;A01;2;7;0;2;4;1;1;
27549;202100017766;169 862;B01;2;7;0;2;4;1;1;
27550;202100017766;169 863;C01;2;7;0;2;1;1;1;
27551;202100017767;169 859;A01;1;7;0;2;6;11;1;
27552;202100017767;169 860;B01;1;43;0;2;2;0;1;
27553;202100017768;169 855;D01;2;17;0;2;4;2;1;
27554;202100017768;169 856;C01;2;7;0;2;4;2;1;
27555;202100017768;169 857;A01;2;17;0;2;1;2;1;
27556;202100017768;169 858;B01;2;17;0;2;1;2;1;
27557;202100017769;169 853;B01;2;33;0;2;3;3;1;
27558;202100017769;169 854;A01;2;7;0;2;2;12;1;
27559;202100017770;169 852;A01;1;33;4;0;1;2;1;
27560;202100017771;169 851;A01;2;7;3;2;8;0;1;
27561;202100017772;169 848;A01;1;33;14;2;1;3;1;
27562;202100017772;169 849;B01;1;7;0;2;1;2;1;
27563;202100017772;169 850;C01;1;10;0;2;5;23;1;
27564;202100017773;169 846;A01;2;33;0;2;3;3;1;
27565;202100017773;169 847;B01;2;7;0;2;5;11;1;
27566;202100017774;169 845;A01;2;34;0;0;8;21;1;
27567;202100017775;169 843;B01;1;10;0;2;8;11;1;
27568;202100017775;169 844;A01;1;33;0;2;7;3;1;
27569;202100017777;169 839;B01;2;7;0;0;4;1;1;
27570;202100017777;169 840;A01;2;33;0;2;2;3;1;
27571;202100017778;169 837;B01;1;7;0;2;6;9;1;
27572;202100017778;169 838;A01;1;33;0;2;7;9;1;
27573;202100017779;169 835;A01;2;31;0;2;4;3;1;
27574;202100017779;169 836;B01;1;7;0;2;4;1;1;
27575;202100017780;169 833;A01;2;7;0;2;9;1;1;
27576;202100017780;169 834;B01;2;7;0;2;1;0;1;
27577;202100017781;169 830;B01;1;7;0;2;6;1;1;
27578;202100017781;169 831;C01;1;7;14;2;1;21;1;
27579;202100017781;169 832;A01;1;32;0;2;1;9;1;
27580;202100017782;169 828;A01;0;10;-1;1;4;0;1;
27581;202100017782;169 829;B01;0;14;0;0;-1;0;1;
27582;202100017783;169 827;A01;3;7;12;1;1;13;1;
27583;202100017784;169 826;A01;1;33;0;0;1;16;1;
27584;202100017785;169 825;A01;1;10;0;1;1;26;1;
27585;202100017786;169 824;A01;2;7;0;0;3;16;1;
27586;202100017787;169 822;B01;2;7;0;0;3;1;1;
27587;202100017787;169 823;A01;1;33;0;2;1;13;1;
27588;202100017789;169 818;A01;3;7;0;2;2;1;1;
27589;202100017789;169 819;B01;3;2;0;0;4;1;1;
27590;202100017790;169 816;A01;1;7;0;2;8;15;1;
27591;202100017790;169 817;B01;1;31;0;2;7;2;1;
27592;202100017791;169 815;A01;2;7;0;1;3;7;1;
27593;202100017792;169 813;B01;1;50;0;2;8;1;3;
27594;202100017792;169 814;A01;1;3;0;2;2;16;1;
27595;202100017793;169 811;B01;3;7;0;2;7;15;1;
27596;202100017793;169 812;A01;3;7;0;2;1;26;0;
27597;202100017794;169 810;A01;1;33;4;0;4;26;1;
27598;202100017795;169 809;A01;1;10;0;9;2;16;1;
27599;202100017796;169 808;A01;3;7;0;1;1;1;1;
27600;202100017797;169 807;A01;2;7;0;9;4;14;1;
27601;202100017798;169 806;A01;3;99;0;0;1;26;5;
27602;202100017800;169 801;A01;1;7;0;2;3;0;0;
27603;202100017800;169 802;B01;2;7;0;2;5;15;1;
27604;202100017801;169 800;A01;3;7;0;1;2;9;2;
27605;202100017802;169 798;B01;0;7;0;2;1;26;1;
27606;202100017802;169 799;A01;0;7;9;2;3;9;1;
27607;202100017803;169 797;A01;1;7;0;1;1;15;1;
27608;202100017804;169 796;A01;2;10;0;1;3;26;1;
27609;202100017805;169 794;B01;0;7;0;2;4;1;1;
27610;202100017805;169 795;A01;0;10;0;2;1;1;1;
27611;202100017806;169 792;A01;0;33;0;2;1;1;1;
27612;202100017806;169 793;B01;0;7;0;2;8;1;1;
27613;202100017807;169 790;B01;0;1;0;2;1;1;5;
27614;202100017807;169 791;A01;0;7;0;2;8;0;1;
27615;202100017808;169 788;B01;0;7;0;2;4;1;1;
27616;202100017808;169 789;A01;0;30;0;2;1;1;1;
27617;202100017810;169 785;A01;3;7;1;0;2;1;1;
27618;202100017811;169 783;B01;0;1;0;2;1;1;5;
27619;202100017811;169 784;A01;0;7;0;2;7;16;1;
27620;202100017812;169 780;A01;0;7;0;2;1;1;1;
27621;202100017812;169 781;B01;0;7;0;2;4;1;1;
27622;202100017812;169 782;C01;0;7;0;2;4;1;1;
27623;202100017813;169 779;A01;1;7;0;1;2;1;1;
27624;202100017815;169 774;A01;3;7;0;1;1;1;2;
27625;202100017816;169 773;A01;2;7;1;0;1;1;1;
27626;202100017817;169 772;A01;0;7;12;0;1;1;1;
27627;202100017818;169 771;A01;0;50;12;0;1;1;3;
27628;202100017820;169 767;B01;2;7;0;2;7;15;1;
27629;202100017820;169 768;A01;1;7;0;2;1;1;1;
27630;202100017822;169 763;A01;3;7;8;4;1;1;1;
27631;202100017822;169 764;B01;3;40;8;2;2;1;3;
27632;202100017823;169 761;B01;1;10;0;2;1;2;1;
27633;202100017823;169 762;A01;1;7;0;2;4;2;2;
27634;202100017824;169 759;B01;1;1;0;2;7;1;5;
27635;202100017824;169 760;A01;1;7;0;2;3;9;1;
27636;202100017825;169 757;B01;2;7;0;2;4;23;1;
27637;202100017825;169 758;A01;2;7;0;2;1;2;1;
27638;202100017826;169 755;A01;1;7;0;2;2;15;1;
27639;202100017826;169 756;B01;2;1;0;2;7;1;5;
27640;202100017827;169 754;A01;1;10;1;0;1;26;1;
27641;202100017828;169 752;B01;1;7;0;2;1;15;1;
27642;202100017828;169 753;A01;1;31;0;2;1;15;1;
27643;202100017829;169 750;A01;2;7;0;2;8;15;2;
27644;202100017829;169 751;B01;1;7;0;2;7;1;1;
27645;202100017830;169 749;A01;1;7;10;0;4;26;1;
27646;202100017831;169 747;A01;1;7;0;2;1;2;2;
27647;202100017831;169 748;B01;1;7;0;2;4;2;1;
27648;202100017832;169 742;D01;0;7;0;2;4;23;1;
27649;202100017832;169 743;E01;0;7;0;2;4;23;1;
27650;202100017832;169 744;B01;0;7;0;2;4;23;1;
27651;202100017832;169 745;C01;0;7;0;2;4;23;1;
27652;202100017832;169 746;A01;0;7;0;2;1;2;1;
27653;202100017834;169 739;A01;3;10;0;2;8;22;1;
27654;202100017834;169 740;B01;3;1;0;2;1;1;5;
27655;202100017835;169 737;A01;2;7;0;2;3;26;1;
27656;202100017835;169 738;B01;1;30;0;2;3;1;1;
27657;202100017836;169 736;A01;2;7;13;0;1;1;1;
27658;202100017837;169 735;A01;2;7;13;0;1;14;1;
27659;202100017838;169 733;A01;2;7;0;2;3;13;1;
27660;202100017838;169 734;B01;1;7;3;2;3;1;1;
27661;202100017839;169 731;B01;3;30;0;2;7;16;1;
27662;202100017839;169 732;A01;3;7;0;2;1;1;1;
27663;202100017840;169 730;A01;2;7;13;0;2;1;1;
27664;202100017841;169 728;B01;0;7;0;2;4;1;1;
27665;202100017841;169 729;A01;0;2;0;2;1;2;1;
27666;202100017842;169 727;A01;0;7;1;0;2;14;1;
27667;202100017844;169 723;A01;1;7;0;2;6;1;1;
27668;202100017844;169 724;B01;1;2;0;9;6;1;3;
27669;202100017845;169 721;A01;2;7;0;2;1;2;1;
27670;202100017845;169 722;B01;2;7;0;2;4;1;1;
27671;202100017846;169 720;A01;1;7;0;1;1;1;1;
27672;202100017847;169 718;B01;0;7;0;2;4;26;1;
27673;202100017847;169 719;A01;3;2;0;2;1;1;1;
27674;202100017848;169 716;B01;2;7;0;2;1;1;1;
27675;202100017848;169 717;A01;1;7;0;2;1;13;1;
27676;202100017849;169 714;B01;2;7;0;2;4;1;1;
27677;202100017849;169 715;A01;2;7;0;2;3;10;1;
27678;202100017850;169 712;A01;1;1;0;2;4;19;5;
27679;202100017850;169 713;B01;1;7;0;2;8;1;1;
27680;202100017851;169 710;B01;1;10;0;2;4;1;1;
27681;202100017851;169 711;A01;1;31;0;2;1;1;1;
27682;202100017852;169 708;A01;2;7;0;2;7;10;1;
27683;202100017852;169 709;B01;1;34;0;2;1;1;1;
27684;202100017853;169 706;B01;1;7;0;2;4;1;1;
27685;202100017853;169 707;A01;1;7;0;2;1;2;1;
27686;202100017854;169 705;A01;3;30;1;0;0;26;0;
27687;202100017855;169 703;B01;1;7;0;2;4;2;1;
27688;202100017855;169 704;A01;1;7;0;2;1;2;1;
27689;202100017856;169 701;A01;1;7;0;2;1;2;1;
27690;202100017856;169 702;B01;2;7;0;2;8;15;0;
27691;202100017858;169 697;B01;1;30;0;2;1;1;1;
27692;202100017858;169 698;A01;1;7;0;2;3;9;1;
27693;202100017859;169 696;A01;1;7;0;1;3;1;1;
27694;202100017860;169 695;A01;3;7;8;0;1;26;3;
27695;202100017861;169 694;A01;2;7;15;0;3;13;1;
27696;202100017862;169 692;A01;1;7;0;2;1;15;1;
27697;202100017862;169 693;B01;3;2;0;2;1;1;1;
27698;202100017863;169 690;A01;3;7;0;2;1;9;1;
27699;202100017863;169 691;B01;3;7;0;2;7;1;1;
27700;202100017864;169 688;B01;3;7;0;2;3;21;1;
27701;202100017864;169 689;A01;3;7;0;2;2;9;1;
27702;202100017865;169 686;B01;3;2;0;2;1;16;1;
27703;202100017865;169 687;A01;3;7;0;2;2;15;1;
27704;202100017866;169 684;B01;0;7;0;2;1;1;1;
27705;202100017866;169 685;A01;0;7;0;2;6;1;1;
27706;202100017867;169 682;A01;2;30;0;2;1;5;1;
27707;202100017867;169 683;B01;1;30;0;2;1;1;1;
27708;202100017870;169 678;A01;2;99;8;0;2;26;0;
27709;202100017871;169 677;A01;2;33;9;1;1;9;1;
27710;202100017872;169 675;A01;2;31;0;2;1;3;1;
27711;202100017872;169 676;B01;1;7;0;2;8;15;1;
27712;202100017873;169 674;A01;1;7;0;1;2;26;1;
27713;202100017874;169 673;Z01;1;34;0;1;1;1;0;
27714;202100017875;169 671;B01;2;43;0;2;0;18;1;
27715;202100017875;169 672;A01;2;7;0;2;2;16;1;
27716;202100017876;169 670;A01;1;7;12;0;2;9;1;
27717;202100017877;169 668;B01;1;7;0;2;1;15;1;
27718;202100017877;169 669;A01;2;50;0;2;1;1;3;
27719;202100017878;169 667;A01;2;1;0;1;1;1;5;
27720;202100017879;169 665;A01;3;7;0;2;2;1;1;
27721;202100017879;169 666;B01;2;33;0;2;3;1;1;
27722;202100017880;169 663;B01;2;32;0;2;7;1;1;
27723;202100017880;169 664;A01;2;14;0;2;1;1;1;
27724;202100017881;169 661;B01;1;33;0;2;8;1;1;
27725;202100017881;169 662;A01;2;7;0;0;2;15;5;
27726;202100017882;169 659;B01;2;37;0;2;1;1;1;2.0
27727;202100017882;169 660;A01;1;7;0;2;2;1;1;
27728;202100017884;169 655;A01;0;7;0;2;6;24;1;
27729;202100017884;169 656;B01;1;10;1;2;2;14;3;
27730;202100017885;169 653;A01;2;7;0;2;1;2;1;
27731;202100017885;169 654;B01;2;7;0;0;4;1;1;
27732;202100017886;169 651;B01;2;30;0;2;1;1;1;
27733;202100017886;169 652;A01;1;7;0;2;3;15;1;
27734;202100017887;169 649;B01;2;7;0;2;1;15;1;
27735;202100017887;169 650;A01;1;10;0;2;1;1;1;
27736;202100017888;169 647;B01;1;7;0;2;6;2;1;
27737;202100017888;169 648;A01;1;7;0;2;2;2;1;
27738;202100017889;169 645;B01;-1;32;0;2;1;26;1;
27739;202100017889;169 646;A01;0;99;0;0;0;0;-1;
27740;202100017890;169 644;A01;2;7;0;1;7;19;0;
27741;202100017892;169 641;A01;0;7;0;1;1;26;0;
27742;202100017892;169 642;Y01;0;60;0;2;0;0;5;
27743;202100017893;169 639;B01;1;7;0;2;2;1;1;
27744;202100017893;169 640;A01;1;7;0;2;8;9;1;
27745;202100017894;169 637;A01;0;33;0;2;1;1;1;
27746;202100017894;169 638;B01;0;7;0;2;2;9;1;
27747;202100017895;169 634;A01;1;2;1;2;1;1;1;
27748;202100017895;169 635;B01;1;1;0;2;3;15;5;
27749;202100017895;169 636;C01;1;7;0;2;6;24;2;
27750;202100017896;169 632;A01;2;7;0;2;1;1;1;
27751;202100017896;169 633;B01;2;7;0;2;4;23;1;
27752;202100017898;169 628;A01;1;30;0;2;2;1;1;
27753;202100017898;169 629;B01;2;10;0;2;2;15;1;
27754;202100017899;169 626;A01;1;7;14;2;0;0;0;
27755;202100017899;169 627;B01;1;2;0;2;1;0;1;
27756;202100017901;169 621;B01;1;7;0;2;4;1;1;
27757;202100017901;169 622;A01;1;14;0;2;1;2;1;
27758;202100017902;169 620;A01;1;7;0;1;8;1;1;
27759;202100017903;169 619;A01;1;31;0;1;1;1;1;
27760;202100017904;169 616;A01;2;7;0;2;1;2;1;
27761;202100017904;169 617;B01;2;7;0;2;4;1;1;
27762;202100017904;169 618;C01;2;7;0;2;4;1;1;
27763;202100017905;169 615;A01;1;7;0;1;2;1;1;
27764;202100017906;169 613;A01;3;7;0;1;1;15;1;
27765;202100017907;169 612;A01;1;7;3;0;8;13;1;
27766;202100017908;169 611;A01;1;7;2;0;0;1;1;
27767;202100017909;169 609;A01;1;2;0;2;7;1;1;
27768;202100017909;169 610;B01;2;7;0;2;3;1;1;
27769;202100017910;169 608;A01;1;7;0;0;0;1;1;
27770;202100017911;169 607;A01;0;7;0;1;4;20;1;
27771;202100017912;169 605;A01;0;7;0;2;3;0;1;
27772;202100017912;169 606;B01;3;7;0;2;1;17;1;
27773;202100017913;169 603;A01;2;7;0;2;1;13;1;
27774;202100017913;169 604;B01;1;7;0;2;1;1;1;
27775;202100017914;169 602;A01;1;7;2;0;3;13;1;
27776;202100017915;169 599;C01;2;7;0;2;8;1;1;
27777;202100017915;169 600;B01;2;7;0;2;4;2;1;
27778;202100017915;169 601;A01;2;7;0;2;1;2;1;
27779;202100017916;169 597;B01;2;10;0;2;1;2;1;
27780;202100017916;169 598;A01;2;7;4;2;0;1;1;
27781;202100017917;169 595;A01;2;7;0;0;3;15;1;
27782;202100017917;169 596;B01;1;33;0;2;1;17;1;
27783;202100017918;169 592;A01;2;7;0;2;5;21;1;
27784;202100017918;169 593;C01;1;14;0;2;1;1;1;
27785;202100017918;169 594;B01;2;7;0;0;6;23;1;
27786;202100017921;169 585;A01;3;2;13;0;0;1;1;
27787;202100017922;169 584;A01;2;7;15;1;3;1;1;
27788;202100017923;169 583;A01;2;14;0;1;3;16;0;
27789;202100017924;169 582;A01;1;7;0;0;3;1;1;
27790;202100017925;169 581;A01;3;7;0;0;0;1;1;
27791;202100017926;169 580;A01;3;7;0;1;1;16;1;
27792;202100017927;169 579;A01;1;7;0;1;3;9;1;
27793;202100017928;169 578;A01;1;33;13;0;1;1;1;
27794;202100017929;169 576;B01;3;7;0;0;8;9;1;
27795;202100017929;169 577;A01;3;7;0;2;1;1;1;
27796;202100017930;169 574;B01;1;7;3;0;1;1;1;
27797;202100017930;169 575;A01;1;7;0;2;1;1;1;
27798;202100017931;169 572;B01;2;7;0;2;3;1;1;
27799;202100017931;169 573;A01;1;10;0;2;1;6;1;
27800;202100017932;169 570;B01;1;7;0;2;1;15;1;
27801;202100017932;169 571;A01;2;7;0;2;1;1;1;
27802;202100017933;169 569;A01;2;10;13;0;1;1;1;
27803;202100017934;169 567;B01;2;7;0;2;2;1;1;
27804;202100017934;169 568;A01;1;13;0;2;1;13;1;
27805;202100017935;169 565;B01;2;2;0;2;1;1;1;
27806;202100017935;169 566;A01;1;7;0;2;1;15;1;
27807;202100017937;169 562;A01;3;7;0;1;1;16;1;
27808;202100017938;169 561;A01;2;7;16;0;9;13;1;
27809;202100017939;169 559;A01;2;1;0;2;1;19;5;
27810;202100017939;169 560;B01;1;7;0;2;2;1;1;
27811;202100017940;169 557;B01;3;99;0;0;7;1;1;
27812;202100017940;169 558;A01;3;1;0;2;1;1;5;
27813;202100017941;169 555;B01;2;99;0;2;3;10;1;
27814;202100017941;169 556;A01;2;7;0;2;2;1;1;
27815;202100017942;169 554;A01;2;7;13;0;1;1;1;
27816;202100017943;169 552;B01;2;7;0;2;2;15;1;
27817;202100017943;169 553;A01;1;50;0;2;8;1;3;
27818;202100017944;169 551;A01;1;7;2;0;7;13;1;
27819;202100017945;169 550;A01;1;7;2;0;1;1;1;
27820;202100017946;169 548;A01;2;7;0;2;3;2;1;
27821;202100017946;169 549;B01;2;2;0;0;4;2;1;
27822;202100017947;169 547;A01;1;7;0;1;1;1;1;
27823;202100017948;169 546;A01;0;1;0;0;0;0;5;
27824;202100017949;169 544;B01;1;7;0;2;4;2;1;
27825;202100017949;169 545;A01;1;7;0;2;1;2;1;
27826;202100017950;169 543;A01;1;31;3;0;3;17;1;
27827;202100017951;169 539;D01;2;7;0;2;1;2;1;
27828;202100017951;169 540;C01;2;7;0;2;1;2;1;
27829;202100017951;169 541;B01;2;7;0;2;4;2;1;
27830;202100017951;169 542;A01;2;7;0;0;4;26;1;
27831;202100017952;169 537;A01;2;7;0;2;6;15;1;
27832;202100017952;169 538;B01;2;33;0;2;1;2;1;
27833;202100017954;169 533;B01;0;7;0;2;3;0;1;
27834;202100017954;169 534;A01;0;31;0;2;1;3;1;
27835;202100017955;169 532;A01;3;21;0;0;0;13;1;
27836;202100017956;169 531;A01;1;33;12;0;7;9;1;
27837;202100017957;169 530;A01;2;7;0;1;1;0;1;
27838;202100017958;169 527;A01;2;7;0;2;8;13;1;
27839;202100017958;169 528;B01;2;33;0;2;7;1;1;
27840;202100017958;169 529;C01;2;7;0;2;4;1;1;
27841;202100017959;169 526;A01;1;10;0;5;1;1;1;
27842;202100017960;169 524;A01;1;33;0;2;1;26;1;
27843;202100017960;169 525;B01;1;7;0;2;4;2;1;
27844;202100017962;169 520;A01;1;32;16;0;8;26;1;
27845;202100017963;169 518;B01;1;33;0;2;4;2;1;
27846;202100017963;169 519;A01;1;7;0;2;1;2;1;
27847;202100017964;169 515;A01;1;7;0;2;1;0;1;
27848;202100017964;169 516;B01;1;7;0;2;4;0;1;
27849;202100017964;169 517;C01;1;7;0;2;4;0;1;
27850;202100017965;169 513;B01;1;7;0;2;4;2;1;
27851;202100017965;169 514;A01;1;15;0;2;2;2;1;
27852;202100017966;169 511;A01;1;7;0;2;6;13;1;
27853;202100017966;169 512;B01;1;33;0;2;2;1;1;
27854;202100017967;169 510;A01;2;7;5;0;1;3;1;
27855;202100017968;169 506;D01;1;16;0;2;0;0;1;
27856;202100017968;169 507;C01;1;10;0;2;6;2;1;
27857;202100017968;169 508;B01;1;7;0;2;4;2;1;
27858;202100017968;169 509;A01;1;7;0;2;2;2;1;
27859;202100017969;169 505;A01;1;7;6;0;7;2;1;
27860;202100017970;169 503;A01;2;34;0;2;7;1;1;
27861;202100017970;169 504;B01;2;7;0;2;3;1;1;
27862;202100017971;169 501;B01;1;10;0;0;2;0;1;
27863;202100017971;169 502;A01;1;33;0;0;3;26;1;
27864;202100017972;169 500;A01;2;32;0;0;0;1;1;
27865;202100017973;169 499;A01;2;7;4;0;1;1;1;
27866;202100017974;169 496;B01;2;15;0;2;9;1;1;
27867;202100017974;169 497;A01;2;14;0;2;1;1;1;
27868;202100017974;169 498;C01;2;15;0;2;4;1;1;
27869;202100017975;169 494;B01;1;7;0;2;4;2;1;
27870;202100017975;169 495;A01;1;7;0;2;1;2;1;
27871;202100017977;169 491;A01;2;7;0;1;1;1;1;
27872;202100017978;169 490;A01;2;30;0;0;8;1;1;
27873;202100017979;169 489;A01;1;7;0;1;1;1;1;
27874;202100017980;169 486;A01;1;31;0;9;8;15;1;
27875;202100017981;169 484;B01;1;2;0;2;7;1;1;
27876;202100017981;169 485;A01;1;7;0;2;7;16;1;
27877;202100017982;169 482;B01;2;7;0;2;2;1;1;
27878;202100017982;169 483;A01;2;30;0;2;8;1;1;
27879;202100017983;169 480;B01;0;50;0;2;7;19;3;
27880;202100017983;169 481;A01;1;7;0;2;3;19;0;
27881;202100017984;169 479;A01;3;7;6;2;1;5;1;
27882;202100017985;169 477;B01;2;7;0;2;3;1;2;
27883;202100017985;169 478;A01;2;2;0;2;7;9;1;
27884;202100017986;169 475;A01;1;7;0;2;1;0;1;
27885;202100017986;169 476;B01;3;7;0;2;4;1;3;
27886;202100017988;169 473;A01;2;7;0;1;2;9;1;
27887;202100017989;169 472;A01;1;32;0;1;1;2;1;
27888;202100017990;169 470;A01;2;7;0;2;1;1;1;
27889;202100017990;169 471;B01;1;7;0;2;4;1;1;
27890;202100017991;169 468;A01;1;7;0;2;2;15;0;
27891;202100017991;169 469;B01;2;7;0;2;1;1;1;
27892;202100017992;169 467;A01;1;7;2;0;1;16;1;
27893;202100017993;169 465;A01;1;1;0;2;1;1;5;
27894;202100017993;169 466;B01;1;7;0;0;5;1;1;
27895;202100017994;169 464;A01;2;7;6;0;1;2;1;
27896;202100017995;169 462;A01;1;2;0;2;1;13;1;
27897;202100017995;169 463;B01;0;7;0;2;6;1;1;
27898;202100017996;169 461;A01;1;7;0;1;2;15;1;
27899;202100017997;169 459;B01;2;7;0;2;2;1;1;
27900;202100017997;169 460;A01;2;7;0;2;8;20;1;
27901;202100017998;169 457;A01;1;7;0;2;1;26;1;
27902;202100017998;169 458;B01;1;7;0;2;1;0;1;
27903;202100017999;169 456;A01;1;1;0;1;1;1;5;
27904;202100018000;169 454;B01;2;7;0;2;7;15;3;
27905;202100018000;169 455;A01;1;7;0;2;1;19;1;
27906;202100018001;169 453;A01;2;7;0;1;2;1;1;
27907;202100018002;169 451;A01;2;10;0;2;1;12;1;
27908;202100018002;169 452;B01;2;10;2;2;6;1;1;
27909;202100018003;169 449;A01;1;7;9;2;2;16;1;
27910;202100018004;169 448;A01;3;7;0;2;1;1;1;
27911;202100018005;169 447;A01;1;7;8;0;3;1;1;
27912;202100018006;169 445;A01;3;31;0;2;2;2;1;
27913;202100018006;169 446;B01;3;7;0;2;3;15;1;
27914;202100018007;169 444;A01;3;7;12;0;7;2;1;
27915;202100018008;169 442;A01;1;33;0;0;4;9;1;
27916;202100018008;169 443;B01;1;7;0;2;2;2;1;
27917;202100018009;169 441;A01;1;7;2;0;8;1;1;
27918;202100018010;169 440;A01;3;7;7;0;1;15;1;
27919;202100018011;169 437;C01;2;7;0;2;4;1;1;
27920;202100018011;169 438;A01;2;7;0;2;1;2;1;
27921;202100018011;169 439;B01;2;34;0;2;4;2;1;
27922;202100018012;169 433;D01;1;7;0;2;4;2;1;
27923;202100018012;169 434;C01;1;7;0;2;5;2;1;
27924;202100018012;169 435;B01;1;7;0;2;5;2;1;
27925;202100018012;169 436;A01;1;7;0;2;3;11;1;
27926;202100018013;169 431;B01;1;32;0;2;3;3;1;
27927;202100018013;169 432;A01;1;7;0;2;2;12;1;
27928;202100018014;169 428;A01;2;33;0;2;4;3;1;
27929;202100018014;169 429;B01;2;7;0;2;8;1;1;
27930;202100018014;169 430;Z01;2;7;0;2;2;12;1;
27931;202100018015;169 425;C01;1;7;0;2;4;2;2;
27932;202100018015;169 426;B01;1;7;0;2;4;2;1;
27933;202100018015;169 427;A01;1;7;0;2;1;2;1;
27934;202100018018;169 418;A01;2;7;1;2;2;1;1;
27935;202100018018;169 419;B01;2;7;0;2;3;1;1;
27936;202100018019;169 416;A01;2;7;0;2;1;2;1;
27937;202100018019;169 417;B01;2;7;0;2;4;23;2;
27938;202100018020;169 415;A01;3;7;0;1;1;1;1;
27939;202100018021;169 414;A01;1;7;2;0;3;14;1;
27940;202100018022;169 412;B01;2;32;0;2;6;18;1;
27941;202100018022;169 413;A01;2;50;0;2;1;19;3;
27942;202100018023;169 411;A01;1;30;0;0;0;1;3;
27943;202100018024;169 410;A01;2;10;0;1;3;1;1;
27944;202100018025;169 407;C01;1;7;0;2;4;2;1;
27945;202100018025;169 408;B01;1;7;0;2;4;2;1;
27946;202100018025;169 409;A01;1;7;0;2;1;2;2;
27947;202100018026;169 404;A01;1;7;0;2;4;23;1;
27948;202100018026;169 405;B01;1;7;0;2;1;23;1;
27949;202100018026;169 406;C01;1;7;0;2;1;2;1;
27950;202100018027;169 402;B01;1;7;0;2;3;16;1;
27951;202100018027;169 403;A01;2;7;0;2;2;1;1;
27952;202100018028;169 401;A01;1;1;0;1;1;1;5;
27953;202100018029;169 400;Z01;1;7;0;1;4;4;1;
27954;202100018031;169 396;B01;1;7;0;0;6;2;1;
27955;202100018031;169 397;A01;1;30;0;2;1;2;1;
27956;202100018032;169 394;B01;1;7;1;2;8;1;2;
27957;202100018032;169 395;A01;1;10;0;2;1;1;1;
27958;202100018033;169 392;A01;1;7;0;2;2;19;0;
27959;202100018033;169 393;B01;1;7;0;2;3;15;1;
27960;202100018034;169 390;B01;3;7;0;2;5;1;1;
27961;202100018034;169 391;A01;3;7;0;2;3;1;1;
27962;202100018036;169 387;A01;2;7;0;2;1;17;1;
27963;202100018036;169 388;B01;1;7;0;2;1;1;1;
27964;202100018037;169 385;A01;3;2;0;2;3;1;1;
27965;202100018037;169 386;B01;3;21;0;2;3;1;1;
27966;202100018039;169 381;A01;1;7;0;2;1;1;1;
27967;202100018039;169 382;B01;1;7;0;2;4;11;1;