;Num_Acc;id_vehicule;num_veh;senc;catv;obs;obsm;choc;manv;motor;occutc
27968;202100018039;169 383;C01;1;15;0;2;6;9;1;
27969;202100018040;169 379;A01;2;7;0;2;3;15;2;
27970;202100018040;169 380;B01;1;2;2;2;3;1;1;
27971;202100018041;169 378;A01;2;7;16;0;1;1;1;
27972;202100018042;169 377;A01;2;7;0;1;1;15;1;
27973;202100018045;169 373;A01;2;7;2;0;3;1;1;
27974;202100018046;169 372;A01;1;7;16;0;0;17;1;
27975;202100018047;169 370;B01;3;7;0;2;1;1;1;
27976;202100018047;169 371;A01;3;10;0;2;8;9;1;
27977;202100018048;169 369;A01;1;7;15;0;1;1;1;
27978;202100018049;169 366;C01;2;7;0;2;3;1;1;
27979;202100018049;169 367;A01;1;7;0;2;1;13;1;
27980;202100018049;169 368;B01;2;7;0;2;3;1;1;
27981;202100018050;169 365;A01;2;7;0;1;2;15;1;
27982;202100018051;169 364;A01;2;14;13;0;7;14;1;
27983;202100018052;169 363;A01;1;3;6;0;1;1;1;
27984;202100018053;169 361;B01;2;7;0;2;8;15;1;
27985;202100018053;169 362;A01;2;33;0;2;1;17;1;
27986;202100018054;169 360;A01;1;7;3;0;7;1;1;
27987;202100018055;169 358;A01;1;7;0;2;3;16;1;
27988;202100018055;169 359;B01;1;2;0;2;2;9;1;
27989;202100018056;169 357;A01;3;7;0;1;1;13;1;
27990;202100018057;169 356;A01;1;33;0;1;1;0;1;
27991;202100018058;169 354;B01;1;33;0;2;1;1;1;
27992;202100018058;169 355;A01;2;7;0;2;1;1;1;
27993;202100018059;169 353;A01;3;7;0;0;2;14;1;
27994;202100018060;169 351;B01;1;7;0;2;1;1;1;
27995;202100018060;169 352;A01;2;7;0;2;1;0;1;
27996;202100018061;169 349;A01;2;7;0;2;2;13;1;
27997;202100018061;169 350;B01;1;7;0;2;2;1;1;
27998;202100018062;169 347;B01;1;33;0;2;1;5;1;
27999;202100018062;169 348;A01;2;7;0;2;3;1;0;
28000;202100018064;169 343;A01;1;10;0;2;2;2;1;
28001;202100018064;169 344;B01;1;17;0;0;6;2;6;
28002;202100018065;169 342;A01;2;7;13;0;4;13;1;
28003;202100018066;169 340;B01;1;7;0;2;1;2;1;
28004;202100018066;169 341;A01;1;7;0;2;4;1;1;
28005;202100018067;169 338;B01;1;32;0;2;3;17;1;
28006;202100018067;169 339;A01;2;7;0;2;2;1;1;
28007;202100018068;169 337;A01;1;7;16;0;1;1;1;
28008;202100018069;169 336;A01;2;7;2;0;1;1;1;
28009;202100018070;169 335;A01;1;33;2;0;9;1;1;
28010;202100018071;169 333;B01;1;33;0;2;7;21;1;
28011;202100018071;169 334;A01;2;7;0;2;7;26;0;
28012;202100018072;169 332;A01;3;36;0;0;0;0;1;
28013;202100018074;169 327;B01;0;2;0;2;1;0;1;
28014;202100018074;169 328;A01;0;7;0;2;3;0;1;
28015;202100018075;169 325;A01;3;7;0;2;3;9;1;
28016;202100018075;169 326;B01;3;1;0;2;2;12;5;
28017;202100018076;169 323;B01;2;33;0;2;1;1;1;
28018;202100018076;169 324;A01;1;7;0;2;2;1;1;
28019;202100018077;169 322;A01;1;10;0;0;0;0;1;
28020;202100018078;169 317;B01;2;14;0;2;1;1;1;
28021;202100018078;169 318;A01;1;7;0;2;1;13;1;
28022;202100018079;169 314;A01;2;33;13;0;8;14;1;
28023;202100018080;169 312;B01;2;33;0;2;5;17;1;
28024;202100018080;169 313;A01;2;7;0;2;3;13;1;
28025;202100018082;169 308;B01;2;7;0;2;2;1;1;
28026;202100018082;169 309;A01;3;7;0;2;1;1;2;
28027;202100018083;169 307;A01;2;7;0;0;1;1;1;
28028;202100018085;169 305;A01;2;43;4;0;8;1;1;
28029;202100018086;169 303;B01;1;10;0;2;8;1;1;
28030;202100018086;169 304;A01;1;7;0;2;8;1;1;
28031;202100018087;169 299;D01;1;7;0;2;1;2;1;
28032;202100018087;169 300;C01;1;7;0;2;4;2;1;
28033;202100018087;169 301;B01;1;7;0;2;4;2;1;
28034;202100018087;169 302;A01;1;7;0;2;4;2;1;
28035;202100018088;169 298;A01;2;33;6;0;0;2;1;
28036;202100018089;169 297;A01;1;33;0;0;9;1;1;
28037;202100018091;169 292;C01;2;7;0;2;8;1;1;
28038;202100018091;169 293;B01;2;7;0;2;5;1;1;
28039;202100018091;169 294;A01;2;33;0;2;1;3;0;
28040;202100018092;169 288;D01;1;10;0;2;4;2;1;
28041;202100018092;169 289;C01;1;7;0;2;4;2;1;
28042;202100018092;169 290;B01;1;7;0;2;4;2;1;
28043;202100018092;169 291;A01;1;7;0;2;1;2;1;
28044;202100018093;169 286;A01;1;7;0;2;5;12;1;
28045;202100018093;169 287;B01;1;43;0;2;1;3;1;
28046;202100018094;169 280;C01;1;7;0;2;4;2;1;
28047;202100018094;169 281;B01;1;7;0;2;4;2;1;
28048;202100018094;169 282;A01;1;7;0;2;4;1;2;
28049;202100018094;169 283;F01;1;7;0;2;1;1;1;
28050;202100018094;169 284;E01;1;7;0;2;4;2;1;
28051;202100018094;169 285;D01;1;7;0;2;4;2;1;
28052;202100018095;169 276;A01;1;10;0;2;1;1;1;
28053;202100018095;169 277;B01;1;7;0;2;9;1;1;
28054;202100018095;169 278;C01;1;7;0;2;9;1;1;
28055;202100018095;169 279;D01;2;7;0;2;4;1;0;
28056;202100018096;169 275;A01;2;34;0;2;7;2;0;
28057;202100018097;169 274;A01;1;7;4;0;1;14;1;
28058;202100018098;169 272;B01;2;33;0;2;8;3;1;
28059;202100018098;169 273;A01;2;10;0;2;7;12;1;
28060;202100018099;169 267;B01;2;7;0;2;7;12;1;
28061;202100018099;169 268;A01;2;33;0;2;1;3;1;
28062;202100018100;169 264;C01;2;7;0;2;4;1;2;
28063;202100018100;169 265;B01;2;33;0;2;3;3;0;
28064;202100018100;169 266;A01;2;7;0;2;2;12;1;
28065;202100018101;169 262;A01;2;33;0;2;1;3;1;
28066;202100018101;169 263;B01;2;10;0;2;8;11;1;
28067;202100018102;169 261;A01;1;7;0;1;1;0;1;
28068;202100018103;169 258;C01;2;10;0;2;1;2;1;
28069;202100018103;169 259;B01;2;10;0;2;1;2;1;
28070;202100018103;169 260;A01;2;7;0;2;4;2;1;
28071;202100018104;169 257;A01;3;7;0;1;1;1;1;
28072;202100018105;169 255;B01;3;7;0;2;1;1;1;
28073;202100018105;169 256;A01;3;7;0;2;1;12;1;
28074;202100018106;169 254;A01;2;7;14;1;2;1;1;
28075;202100018107;169 251;C01;2;7;0;2;0;0;1;
28076;202100018107;169 252;B01;2;7;0;2;4;2;1;
28077;202100018107;169 253;A01;2;10;0;2;1;2;1;
28078;202100018108;169 250;A01;1;7;13;0;1;13;1;
28079;202100018109;169 247;A01;1;2;0;2;1;1;1;
28080;202100018109;169 248;C01;3;7;1;2;5;1;1;
28081;202100018109;169 249;Z01;2;7;0;2;3;1;1;
28082;202100018110;169 245;A01;2;7;12;2;1;15;2;
28083;202100018110;169 246;B01;0;1;12;2;1;8;0;
28084;202100018111;169 243;A01;2;31;0;2;8;18;1;
28085;202100018111;169 244;B01;2;10;0;2;7;16;1;
28086;202100018112;169 241;A01;0;7;0;2;1;0;1;
28087;202100018112;169 242;B01;2;7;0;2;4;1;1;
28088;202100018113;169 239;B01;2;7;0;2;7;1;1;
28089;202100018113;169 240;A01;2;7;0;2;1;18;1;
28090;202100018114;169 237;B01;2;7;0;2;8;15;1;
28091;202100018114;169 238;A01;1;31;0;2;1;16;1;
28092;202100018115;169 235;A01;1;32;0;2;8;15;1;
28093;202100018115;169 236;B01;2;7;0;2;1;1;0;
28094;202100018116;169 234;A01;2;7;0;2;8;2;1;
28095;202100018117;169 232;A01;1;7;0;0;3;15;1;
28096;202100018117;169 233;B01;1;33;0;2;3;17;1;
28097;202100018118;169 230;B01;3;1;0;2;7;19;5;
28098;202100018118;169 231;A01;3;10;0;2;1;1;1;
28099;202100018119;169 229;A01;1;1;0;1;4;2;5;
28100;202100018120;169 227;B01;3;33;0;2;8;1;1;
28101;202100018120;169 228;A01;3;7;0;2;7;16;1;
28102;202100018122;169 224;A01;3;7;1;1;3;1;1;
28103;202100018124;169 219;B01;0;37;0;2;8;15;2;1.0
28104;202100018124;169 220;A01;1;33;0;2;1;1;1;
28105;202100018125;169 216;A01;3;7;0;1;2;14;1;
28106;202100018126;169 215;A01;3;7;1;0;1;2;1;
28107;202100018127;169 214;A01;1;7;0;1;2;1;1;
28108;202100018129;169 211;B01;1;7;0;2;2;1;1;
28109;202100018129;169 212;A01;1;10;0;2;3;20;1;
28110;202100018130;169 210;A01;1;30;0;0;7;16;1;
28111;202100018132;169 206;A01;2;1;1;0;4;26;5;
28112;202100018132;169 207;B01;1;7;1;0;5;0;1;
28113;202100018133;169 205;A01;2;7;0;1;1;15;1;
28114;202100018136;169 199;B01;3;80;0;2;7;19;3;
28115;202100018136;169 200;A01;1;7;0;2;1;16;1;
28116;202100018137;169 197;A01;2;10;0;2;3;24;1;
28117;202100018137;169 198;B01;2;50;0;2;1;2;3;
28118;202100018140;169 190;A01;1;7;0;2;2;1;1;
28119;202100018140;169 191;B01;2;7;0;2;5;19;1;
28120;202100018140;169 192;C01;2;7;0;2;1;1;1;
28121;202100018141;169 188;A01;3;7;0;2;2;1;1;
28122;202100018141;169 189;B01;3;7;0;2;2;1;1;
28123;202100018142;169 185;A01;1;7;0;2;7;1;1;
28124;202100018142;169 186;B01;0;7;0;0;0;0;1;
28125;202100018142;169 187;C01;1;7;0;2;1;1;1;
28126;202100018143;169 183;A01;1;10;3;2;1;2;1;
28127;202100018143;169 184;B01;1;7;3;2;4;1;1;
28128;202100018145;169 177;D01;3;7;0;2;4;9;1;
28129;202100018145;169 178;C01;3;7;0;2;7;9;1;
28130;202100018145;169 179;B01;3;7;0;2;8;9;1;
28131;202100018145;169 180;A01;3;7;2;2;7;26;1;
28132;202100018146;169 176;A01;1;7;0;1;1;16;1;
28133;202100018147;169 175;Z01;1;7;0;1;1;26;0;
28134;202100018148;169 174;A01;2;7;9;0;1;13;1;
28135;202100018149;169 173;A01;3;7;13;0;3;13;2;
28136;202100018150;169 170;A01;3;7;0;1;1;2;1;
28137;202100018151;169 168;B01;1;33;0;2;2;13;1;
28138;202100018151;169 169;A01;1;7;0;2;3;11;1;
28139;202100018152;169 166;A01;0;7;0;2;1;1;1;
28140;202100018152;169 167;B01;0;2;0;2;1;5;1;
28141;202100018154;169 162;B01;3;2;0;0;0;15;1;
28142;202100018154;169 163;A01;1;7;0;2;0;9;1;
28143;202100018155;169 160;B01;3;33;0;2;8;0;1;
28144;202100018155;169 161;A01;3;7;0;2;2;10;1;
28145;202100018156;169 159;A01;1;7;13;0;9;0;1;
28146;202100018157;169 155;A01;3;7;0;2;1;9;1;
28147;202100018157;169 156;B01;1;7;0;2;1;1;1;
28148;202100018158;169 153;A01;2;32;1;2;6;17;1;
28149;202100018158;169 154;B01;1;30;1;2;3;1;1;
28150;202100018159;169 151;A01;1;7;0;2;2;1;1;
28151;202100018159;169 152;B01;3;2;0;2;1;19;1;
28152;202100018160;169 149;B01;2;7;0;2;3;15;1;
28153;202100018160;169 150;A01;2;34;0;2;3;17;1;
28154;202100018162;169 146;A01;0;7;0;1;3;1;1;
28155;202100018163;169 144;A01;0;7;0;2;5;15;1;
28156;202100018163;169 145;B01;0;7;0;2;2;1;1;
28157;202100018164;169 143;A01;1;7;0;1;3;1;1;
28158;202100018166;169 140;A01;0;32;8;0;1;1;1;
28159;202100018167;169 136;B01;2;7;0;2;4;23;1;
28160;202100018167;169 137;C01;2;7;0;2;4;23;1;
28161;202100018167;169 138;D01;2;7;0;2;4;23;1;
28162;202100018167;169 139;A01;2;7;0;2;1;2;1;
28163;202100018168;169 134;A01;1;7;0;2;5;5;1;
28164;202100018168;169 135;B01;1;33;0;2;1;7;1;
28165;202100018169;169 132;A01;2;30;0;2;2;2;1;
28166;202100018169;169 133;Z01;2;7;0;2;2;2;0;
28167;202100018170;169 131;A01;2;1;1;1;1;1;5;
28168;202100018173;169 126;B01;2;7;0;2;2;16;2;
28169;202100018173;169 127;A01;2;30;0;2;2;7;1;
28170;202100018174;169 124;B01;1;30;0;2;3;15;1;
28171;202100018174;169 125;A01;1;1;0;2;3;1;5;
28172;202100018175;169 123;A01;1;10;6;0;0;1;1;
28173;202100018176;169 121;A01;1;7;0;2;7;15;1;
28174;202100018176;169 122;B01;2;50;0;2;1;16;3;
28175;202100018177;169 119;B01;2;7;0;2;2;10;1;
28176;202100018177;169 120;A01;1;33;0;2;1;1;1;
28177;202100018179;169 116;A01;2;7;0;1;1;16;1;
28178;202100018180;169 115;A01;2;7;0;1;7;1;1;
28179;202100018181;169 113;B01;1;1;0;2;2;1;5;
28180;202100018181;169 114;A01;1;7;0;2;2;16;2;
28181;202100018182;169 110;A01;1;7;0;2;3;2;1;
28182;202100018182;169 111;B01;1;7;0;2;4;2;1;
28183;202100018182;169 112;C01;1;7;0;2;4;2;1;
28184;202100018183;169 108;A01;1;7;0;2;7;1;1;
28185;202100018183;169 109;B01;1;10;0;2;1;1;1;
28186;202100018184;169 107;A01;0;30;0;1;1;1;1;
28187;202100018185;169 105;B01;2;7;0;2;5;16;1;
28188;202100018185;169 106;A01;2;34;0;2;1;18;1;
28189;202100018186;169 103;A01;2;7;0;9;1;1;3;
28190;202100018186;169 104;B01;2;50;0;2;1;1;3;
28191;202100018187;169 100;C01;3;7;0;2;5;2;1;
28192;202100018187;169 101;B01;3;7;0;2;4;2;1;
28193;202100018187;169 102;A01;3;7;0;2;3;1;2;
28194;202100018188;169 098;A01;2;7;4;2;1;0;1;
28195;202100018188;169 099;B01;1;7;0;2;1;1;1;
28196;202100018189;169 096;B01;1;33;0;0;1;1;1;
28197;202100018189;169 097;A01;2;10;0;0;3;15;1;
28198;202100018190;169 094;B01;2;1;0;2;1;1;5;
28199;202100018190;169 095;A01;1;7;0;9;3;17;1;
28200;202100018191;169 092;B01;1;1;0;2;1;1;5;
28201;202100018191;169 093;A01;1;7;0;9;7;15;1;
28202;202100018192;169 091;A01;2;7;4;0;1;1;1;
28203;202100018193;169 089;A01;3;7;12;0;6;2;1;
28204;202100018193;169 090;Z01;3;0;0;2;0;0;0;
28205;202100018194;169 088;A01;0;7;8;2;1;21;1;
28206;202100018195;169 087;A01;3;7;4;0;1;1;1;
28207;202100018196;169 085;A01;2;7;0;9;3;15;1;
28208;202100018196;169 086;B01;1;50;0;2;8;1;3;
28209;202100018197;169 083;B01;2;7;0;2;1;9;1;
28210;202100018197;169 084;A01;1;30;0;2;2;1;1;
28211;202100018200;169 077;B01;2;7;0;2;1;1;1;
28212;202100018200;169 078;A01;2;7;0;2;4;1;1;
28213;202100018201;169 075;A01;2;7;0;2;6;1;1;
28214;202100018201;169 076;B01;2;7;0;2;2;0;1;
28215;202100018205;169 067;A01;1;7;16;0;1;19;1;
28216;202100018206;169 065;B01;1;10;0;2;4;1;1;
28217;202100018206;169 066;A01;1;10;0;2;1;1;1;
28218;202100018207;169 063;B01;2;33;0;2;7;1;1;
28219;202100018207;169 064;A01;2;3;0;2;3;11;1;
28220;202100018208;169 061;B01;1;32;0;2;1;3;1;
28221;202100018208;169 062;A01;1;7;0;2;6;11;1;
28222;202100018209;169 060;A01;1;7;4;0;9;14;1;
28223;202100018210;169 058;A01;1;7;0;2;1;0;1;
28224;202100018211;169 056;B01;2;7;0;2;7;14;1;
28225;202100018211;169 057;A01;2;33;0;2;3;1;1;
28226;202100018212;169 054;A01;2;33;0;2;2;1;1;
28227;202100018212;169 055;B01;2;7;0;2;8;2;1;
28228;202100018213;169 048;F01;1;33;0;2;1;21;1;
28229;202100018213;169 049;E01;1;33;0;2;1;21;1;
28230;202100018213;169 050;D01;1;33;0;2;1;21;1;
28231;202100018213;169 051;C01;1;31;0;2;1;21;1;
28232;202100018213;169 052;B01;1;33;0;2;1;21;1;
28233;202100018213;169 053;A01;1;33;0;2;1;21;1;
28234;202100018214;169 046;B01;1;33;0;2;3;3;1;
28235;202100018214;169 047;A01;1;10;0;2;7;12;1;
28236;202100018215;169 045;A01;1;7;0;1;3;1;1;
28237;202100018216;169 042;C01;1;15;0;9;1;1;1;
28238;202100018216;169 043;B01;1;2;0;0;4;0;1;
28239;202100018216;169 044;A01;1;7;0;2;1;1;1;
28240;202100018217;169 040;A01;2;7;0;2;1;15;1;
28241;202100018217;169 041;B01;1;30;0;2;1;1;1;
28242;202100018218;169 039;A01;2;7;3;0;9;14;1;
28243;202100018219;169 037;A01;2;7;0;2;3;9;1;
28244;202100018219;169 038;B01;1;7;16;2;1;1;0;
28245;202100018220;169 036;A01;1;7;0;1;1;1;1;
28246;202100018221;169 034;B01;2;33;0;2;1;1;1;
28247;202100018221;169 035;A01;1;7;0;0;7;15;1;
28248;202100018222;169 032;B01;1;7;3;0;1;26;1;
28249;202100018222;169 033;A01;1;7;3;0;4;16;1;
28250;202100018223;169 030;B01;2;7;0;2;7;1;1;
28251;202100018223;169 031;A01;1;2;0;2;1;23;1;
28252;202100018225;169 028;A01;3;7;0;1;3;15;1;
28253;202100018226;169 026;A01;1;2;0;2;5;2;1;
28254;202100018226;169 027;B01;1;2;0;2;3;2;1;
28255;202100018227;169 024;A01;2;7;0;2;1;15;1;
28256;202100018227;169 025;B01;1;7;8;2;2;1;1;
28257;202100018228;169 023;A01;1;7;2;0;8;1;1;
28258;202100018229;169 021;B01;2;7;0;0;4;2;1;
28259;202100018229;169 022;A01;2;7;0;2;1;2;1;
28260;202100018230;169 018;D01;2;7;0;2;1;1;1;
28261;202100018230;169 019;C01;2;7;0;2;3;1;1;
28262;202100018230;169 020;A01;1;34;0;2;3;17;1;
28263;202100018231;169 017;A01;2;7;16;0;9;1;1;
28264;202100018232;169 016;A01;2;7;3;0;3;1;1;
28265;202100018233;169 015;A01;1;2;0;0;0;0;1;
28266;202100018235;169 012;A01;1;7;13;0;2;1;1;
28267;202100018236;169 011;A01;2;7;1;0;1;0;1;
28268;202100018237;169 008;C01;2;1;0;2;1;2;5;
28269;202100018237;169 009;B01;2;1;0;2;1;2;5;
28270;202100018237;169 010;A01;2;1;0;2;4;1;5;
28271;202100018238;169 006;A01;1;7;0;2;1;16;1;
28272;202100018238;169 007;B01;1;7;0;0;7;1;1;
28273;202100018239;169 005;A01;1;33;9;0;9;0;1;
28274;202100018240;169 004;A01;0;2;0;0;0;1;1;
28275;202100018241;169 003;A01;3;7;0;0;2;1;1;
28276;202100018242;169 002;A01;1;7;2;0;2;1;1;
28277;202100018243;169 001;A01;2;7;2;0;2;1;1;
28278;202100018244;169 000;A01;1;7;13;0;2;21;1;
28279;202100018246;168 998;A01;2;1;12;0;1;1;5;
28280;202100018248;168 996;A01;2;7;3;0;8;1;1;
28281;202100018249;168 994;B01;1;2;0;2;1;1;1;
28282;202100018249;168 995;A01;3;7;0;2;2;9;1;
28283;202100018250;168 992;B01;1;33;0;2;8;21;1;
28284;202100018250;168 993;A01;2;7;0;2;3;13;1;
28285;202100018252;168 990;A01;1;7;2;0;9;14;1;
28286;202100018253;168 988;A01;1;7;3;2;1;13;1;
28287;202100018253;168 989;B01;2;99;0;2;1;1;1;
28288;202100018254;168 987;A01;1;7;0;0;1;14;0;
28289;202100018256;168 985;A01;1;33;0;0;3;1;1;
28290;202100018257;168 983;A01;2;7;0;2;3;13;1;
28291;202100018257;168 984;B01;1;7;0;2;3;1;1;
28292;202100018258;168 982;A01;2;17;0;0;8;1;1;
28293;202100018259;168 980;A01;3;7;0;9;3;26;1;
28294;202100018259;168 981;B01;2;1;0;2;1;1;5;
28295;202100018260;168 978;B01;2;7;0;2;1;1;1;
28296;202100018260;168 979;A01;1;15;0;0;2;19;0;
28297;202100018261;168 976;B01;2;7;0;2;4;2;1;
28298;202100018261;168 977;A01;2;7;0;2;1;2;2;
28299;202100018262;168 975;A01;2;10;8;0;2;14;1;
28300;202100018264;168 971;A01;2;7;0;2;0;13;1;
28301;202100018264;168 972;B01;1;10;0;2;2;1;1;
28302;202100018265;168 970;A01;1;34;0;0;7;1;1;
28303;202100018266;168 968;A01;1;7;0;0;5;20;1;
28304;202100018266;168 969;B01;1;2;0;2;1;18;1;
28305;202100018268;168 964;A01;1;7;0;2;1;13;1;
28306;202100018268;168 965;B01;2;7;0;2;1;1;1;
28307;202100018269;168 963;A01;2;7;0;1;2;1;1;
28308;202100018270;168 962;A01;0;36;0;0;0;1;1;
28309;202100018271;168 961;A01;1;33;0;0;0;1;1;
28310;202100018272;168 960;A01;0;7;2;0;7;1;1;
28311;202100018274;168 957;B01;2;33;0;2;1;1;1;
28312;202100018274;168 958;A01;1;3;0;2;1;15;1;
28313;202100018275;168 956;A01;1;1;0;1;1;1;5;
28314;202100018276;168 954;B01;2;10;0;0;1;1;1;
28315;202100018276;168 955;A01;1;7;0;0;1;13;1;
28316;202100018277;168 952;A01;2;7;0;2;8;9;1;
28317;202100018277;168 953;B01;0;33;0;2;7;1;1;
28318;202100018278;168 951;A01;1;7;2;0;3;1;1;
28319;202100018279;168 949;A01;1;7;0;0;0;17;0;
28320;202100018279;168 950;B01;2;7;1;0;3;1;1;
28321;202100018280;168 948;A01;1;7;4;0;3;13;1;
28322;202100018281;168 946;A01;1;7;0;2;6;10;1;
28323;202100018281;168 947;B01;1;30;0;2;1;1;1;
28324;202100018283;168 941;B01;3;32;0;2;3;2;1;
28325;202100018283;168 942;A01;3;7;0;2;7;2;1;
28326;202100018284;168 940;B01;1;7;0;1;2;26;1;
28327;202100018285;168 939;A01;0;30;0;1;1;1;1;
28328;202100018286;168 937;A01;3;43;0;2;1;1;1;
28329;202100018286;168 938;B01;3;7;0;2;8;15;1;
28330;202100018287;168 936;A01;3;7;2;0;1;13;1;
28331;202100018288;168 935;A01;0;7;0;1;0;20;1;
28332;202100018289;168 933;B01;1;99;0;2;4;0;1;
28333;202100018289;168 934;A01;1;7;0;2;1;26;1;
28334;202100018290;168 931;B01;1;1;0;2;8;21;5;
28335;202100018290;168 932;Z01;1;10;0;2;0;0;1;
28336;202100018291;168 929;B01;1;7;0;2;6;11;2;
28337;202100018291;168 930;A01;1;7;0;2;2;1;1;
28338;202100018292;168 927;A01;3;7;0;2;7;15;1;
28339;202100018292;168 928;B01;3;33;0;2;1;1;1;
28340;202100018293;168 925;B01;1;2;0;2;1;1;1;
28341;202100018293;168 926;A01;1;7;0;2;7;15;1;
28342;202100018294;168 923;A01;1;2;0;2;7;3;1;
28343;202100018294;168 924;B01;1;7;0;2;3;15;1;
28344;202100018295;168 921;B01;1;33;0;2;1;1;1;
28345;202100018295;168 922;A01;1;7;0;2;2;26;1;
28346;202100018296;168 919;B01;3;1;0;9;2;0;0;
28347;202100018296;168 920;A01;3;60;0;9;8;13;5;
28348;202100018297;168 917;B01;2;1;0;2;8;1;0;
28349;202100018297;168 918;A01;1;7;0;9;1;15;1;
28350;202100018299;168 913;A01;2;7;0;4;3;15;1;
28351;202100018299;168 914;B01;1;40;0;2;2;1;3;
28352;202100018300;168 911;B01;0;7;0;2;1;19;1;
28353;202100018300;168 912;A01;0;7;0;2;5;19;1;
28354;202100018301;168 909;B01;1;30;0;2;1;2;1;
28355;202100018301;168 910;A01;1;10;0;2;4;2;1;
28356;202100018302;168 908;A01;2;7;0;1;2;16;1;
28357;202100018303;168 906;A01;1;7;0;2;5;15;1;
28358;202100018303;168 907;B01;2;33;0;2;1;1;1;
28359;202100018304;168 904;A01;1;7;0;2;3;13;1;
28360;202100018304;168 905;B01;2;7;0;2;3;1;1;
28361;202100018305;168 902;A01;1;7;0;2;2;15;1;
28362;202100018305;168 903;B01;0;43;0;2;3;1;1;
28363;202100018306;168 900;B01;1;2;0;2;3;19;1;
28364;202100018306;168 901;A01;1;7;0;2;7;17;1;
28365;202100018307;168 898;A01;2;10;0;2;1;2;1;
28366;202100018307;168 899;B01;2;7;0;1;4;2;1;
28367;202100018308;168 896;A01;1;7;0;2;3;1;0;
28368;202100018308;168 897;B01;2;33;0;2;1;1;1;
28369;202100018309;168 894;B01;2;7;0;2;4;2;1;
28370;202100018309;168 895;A01;2;2;0;2;1;2;1;
28371;202100018311;168 891;A01;1;2;0;2;1;1;1;
28372;202100018311;168 892;B01;2;7;0;2;1;15;1;
28373;202100018312;168 890;A01;3;34;12;0;1;1;1;
28374;202100018313;168 889;A01;1;7;0;1;3;1;1;
28375;202100018314;168 888;A01;2;34;0;1;1;17;1;
28376;202100018315;168 886;B01;2;32;0;2;1;5;1;
28377;202100018315;168 887;A01;1;7;0;2;3;1;1;
28378;202100018316;168 884;B01;0;7;0;2;0;0;1;
28379;202100018316;168 885;A01;0;33;0;2;1;13;1;
28380;202100018317;168 883;A01;1;1;9;0;1;1;5;
28381;202100018318;168 880;A01;1;7;0;1;6;26;1;
28382;202100018319;168 877;C01;1;7;0;2;4;1;1;
28383;202100018319;168 878;B01;1;7;0;2;4;1;1;
28384;202100018319;168 879;A01;1;7;0;2;1;1;1;
28385;202100018320;168 876;A01;2;7;2;1;2;15;1;
28386;202100018321;168 875;A01;1;10;6;1;4;26;1;
28387;202100018322;168 874;A01;1;7;0;1;2;1;1;
28388;202100018323;168 872;B01;1;1;0;2;7;12;5;
28389;202100018323;168 873;A01;1;1;0;2;8;18;5;
28390;202100018324;168 871;A01;1;7;8;0;1;13;1;
28391;202100018325;168 869;Z01;1;7;0;2;2;17;1;
28392;202100018325;168 870;A01;1;1;8;2;3;1;5;
28393;202100018326;168 866;C01;1;7;0;2;4;2;1;
28394;202100018326;168 867;B01;1;7;0;2;6;2;1;
28395;202100018326;168 868;A01;1;7;0;2;2;13;1;
28396;202100018327;168 865;A01;1;7;12;0;1;9;1;
28397;202100018328;168 863;A01;3;32;0;2;1;1;1;
28398;202100018328;168 864;B01;3;7;0;2;3;15;1;
28399;202100018329;168 861;A01;2;7;0;2;1;9;1;
28400;202100018329;168 862;B01;2;50;0;2;7;1;3;
28401;202100018330;168 860;A01;1;7;0;0;4;4;1;
28402;202100018331;168 858;B01;1;7;0;0;0;0;1;
28403;202100018331;168 859;A01;1;10;0;2;2;15;1;
28404;202100018332;168 857;A01;3;7;15;0;1;0;1;
28405;202100018333;168 855;B01;2;30;1;2;1;21;3;
28406;202100018333;168 856;A01;1;7;0;2;1;21;1;
28407;202100018334;168 853;A01;1;7;0;2;1;16;1;
28408;202100018334;168 854;B01;2;7;0;2;1;23;1;
28409;202100018335;168 851;A01;3;7;0;0;0;0;1;
28410;202100018335;168 852;B01;3;7;0;0;0;0;1;
28411;202100018336;168 849;M01;2;33;0;2;1;1;1;
28412;202100018336;168 850;A01;1;7;0;2;2;10;1;
28413;202100018337;168 848;A01;1;10;0;1;1;1;1;
28414;202100018338;168 847;A01;2;7;0;1;1;1;1;
28415;202100018339;168 845;B01;2;10;0;2;4;1;1;
28416;202100018339;168 846;A01;2;7;0;2;1;2;1;
28417;202100018340;168 843;A01;1;1;0;2;1;25;5;
28418;202100018340;168 844;B01;2;1;0;2;8;25;5;
28419;202100018341;168 841;B01;2;1;0;2;2;5;5;
28420;202100018341;168 842;A01;1;7;0;2;3;1;1;
28421;202100018342;168 839;B01;1;1;0;2;7;19;5;
28422;202100018342;168 840;A01;2;7;0;2;1;1;1;
28423;202100018343;168 837;A01;1;7;0;2;1;1;1;
28424;202100018343;168 838;B01;1;7;0;2;1;1;1;
28425;202100018344;168 834;A01;1;7;0;2;1;2;1;
28426;202100018344;168 835;B01;1;7;0;9;4;2;1;
28427;202100018344;168 836;C01;1;2;0;2;4;23;1;
28428;202100018345;168 833;A01;1;7;1;0;1;1;2;
28429;202100018346;168 832;A01;1;37;2;0;1;1;1;6.0