;Num_Acc;id_vehicule;num_veh;senc;catv;obs;obsm;choc;manv;motor;occutc
28430;202100018347;168 830;A01;1;7;0;2;7;15;1;
28431;202100018347;168 831;B01;2;7;0;2;1;2;1;
28432;202100018348;168 828;A01;0;7;0;2;1;15;1;
28433;202100018348;168 829;B01;0;30;0;2;1;1;1;
28434;202100018349;168 827;A01;1;50;0;1;2;26;3;
28435;202100018350;168 826;A01;1;7;0;1;3;26;1;
28436;202100018351;168 824;B01;1;31;0;2;9;26;1;
28437;202100018351;168 825;A01;1;10;0;2;1;26;1;
28438;202100018352;168 821;C01;1;21;0;2;4;1;1;
28439;202100018352;168 822;B01;1;7;0;2;1;1;1;
28440;202100018352;168 823;A01;1;7;14;0;1;1;1;
28441;202100018353;168 819;A01;0;1;0;2;0;11;5;
28442;202100018353;168 820;B01;0;10;0;2;0;1;1;
28443;202100018354;168 817;A01;0;1;0;2;4;26;5;
28444;202100018354;168 818;B01;0;7;0;2;1;16;1;
28445;202100018355;168 815;A01;3;1;0;1;1;2;0;
28446;202100018356;168 814;A01;2;1;12;0;7;1;5;
28447;202100018357;168 812;B01;1;7;0;2;3;5;1;
28448;202100018357;168 813;A01;2;1;0;2;1;8;5;
28449;202100018358;168 811;A01;3;30;12;0;7;1;1;
28450;202100018359;168 809;A01;0;99;0;2;1;1;1;
28451;202100018359;168 810;B01;1;7;0;2;4;1;1;
28452;202100018360;168 808;Y01;0;0;0;2;0;0;-1;
28453;202100018362;168 805;B01;0;7;0;2;2;10;1;
28454;202100018362;168 806;A01;0;7;0;2;1;1;1;
28455;202100018363;168 803;B01;1;10;0;2;4;2;1;
28456;202100018363;168 804;A01;1;2;0;2;1;2;1;
28457;202100018364;168 801;Z01;1;0;0;2;0;2;0;
28458;202100018364;168 802;B01;1;7;0;2;4;23;1;
28459;202100018365;168 799;B01;1;7;0;2;4;1;1;
28460;202100018365;168 800;A01;1;7;0;2;1;2;1;
28461;202100018366;168 798;A01;0;2;6;0;1;1;1;
28462;202100018368;168 795;A01;1;7;0;2;3;15;1;
28463;202100018368;168 796;B01;1;1;0;2;4;12;0;
28464;202100018369;168 793;A01;1;7;0;9;5;16;1;
28465;202100018369;168 794;B01;1;1;0;2;1;1;5;
28466;202100018370;168 790;A01;0;1;0;2;1;1;5;
28467;202100018370;168 791;B01;0;7;0;2;0;0;-1;
28468;202100018371;168 788;B01;3;7;0;2;2;0;1;
28469;202100018371;168 789;A01;1;7;0;2;3;19;1;
28470;202100018373;168 784;A01;2;7;0;2;1;13;1;
28471;202100018373;168 785;B01;1;10;0;2;1;1;1;
28472;202100018374;168 782;B01;2;50;0;2;1;5;3;
28473;202100018374;168 783;A01;2;7;0;2;7;15;1;
28474;202100018375;168 780;A01;1;33;0;2;1;2;1;
28475;202100018375;168 781;B01;1;7;0;2;4;2;1;
28476;202100018376;168 779;A01;1;7;0;1;3;19;1;
28477;202100018377;168 777;B01;1;50;0;2;1;2;3;
28478;202100018377;168 778;A01;1;7;0;2;2;9;1;
28479;202100018378;168 773;B01;0;7;1;0;8;22;1;
28480;202100018378;168 774;A01;1;1;1;0;1;26;5;
28481;202100018379;168 771;A01;3;33;0;2;3;16;1;
28482;202100018379;168 772;B01;3;7;0;2;6;11;1;
28483;202100018380;168 769;B01;0;30;0;2;1;1;1;
28484;202100018380;168 770;A01;0;7;0;2;2;15;1;
28485;202100018381;168 768;A01;1;7;0;1;1;1;1;
28486;202100018382;168 766;A01;1;7;0;2;2;1;1;
28487;202100018382;168 767;B01;1;7;0;0;4;1;1;
28488;202100018383;168 764;B01;1;7;0;2;4;2;1;
28489;202100018383;168 765;A01;1;7;0;2;1;2;1;
28490;202100018384;168 762;B01;1;7;0;2;1;1;1;
28491;202100018384;168 763;A01;1;7;0;2;8;1;1;
28492;202100018385;168 760;A01;2;7;0;2;1;15;1;
28493;202100018385;168 761;B01;1;2;0;2;1;1;1;
28494;202100018386;168 758;A01;2;7;0;1;1;2;1;
28495;202100018386;168 759;B01;1;7;0;1;8;2;0;
28496;202100018387;168 756;B01;0;33;0;2;1;1;1;
28497;202100018387;168 757;A01;0;7;0;2;3;19;2;
28498;202100018388;168 754;B01;0;7;0;2;1;15;1;
28499;202100018388;168 755;A01;2;30;0;2;7;17;1;
28500;202100018389;168 753;A01;1;7;0;1;1;1;2;
28501;202100018390;168 751;B01;2;7;0;2;4;15;1;
28502;202100018390;168 752;A01;2;10;0;2;1;1;1;
28503;202100018391;168 750;A01;1;7;2;0;1;1;1;
28504;202100018392;168 747;A01;1;32;0;2;1;3;1;
28505;202100018392;168 748;B01;1;7;0;2;6;1;2;
28506;202100018392;168 749;C01;1;7;0;2;7;14;1;
28507;202100018393;168 746;A01;2;43;0;0;8;1;1;
28508;202100018394;168 745;A01;1;33;0;0;7;1;1;
28509;202100018395;168 744;A01;1;7;0;1;4;4;1;
28510;202100018397;168 740;A01;2;33;0;2;1;1;1;
28511;202100018397;168 741;B01;1;1;0;2;1;5;5;
28512;202100018398;168 739;A01;2;32;0;1;1;5;1;
28513;202100018399;168 737;A01;2;7;0;2;3;13;1;
28514;202100018399;168 738;B01;1;1;0;0;5;1;5;
28515;202100018400;168 735;A01;2;1;0;2;1;25;5;
28516;202100018400;168 736;Z01;1;2;0;2;0;25;0;
28517;202100018401;168 733;A01;1;32;0;2;1;17;1;
28518;202100018401;168 734;B01;1;7;0;2;6;1;1;
28519;202100018402;168 732;A01;1;32;0;1;0;17;1;
28520;202100018403;168 730;A01;1;7;0;2;8;11;1;
28521;202100018403;168 731;B01;1;34;0;2;7;1;1;
28522;202100018404;168 728;A01;2;1;0;2;7;5;5;
28523;202100018404;168 729;B01;1;33;0;2;2;1;1;
28524;202100018405;168 726;B01;3;7;0;2;6;11;1;
28525;202100018405;168 727;A01;3;7;0;2;2;1;1;
28526;202100018406;168 724;B01;1;13;0;2;4;2;6;
28527;202100018406;168 725;A01;1;50;0;2;1;2;3;
28528;202100018407;168 722;A01;2;7;0;2;2;1;1;
28529;202100018407;168 723;B01;1;2;0;2;3;16;1;
28530;202100018408;168 720;B01;2;2;0;2;2;1;1;
28531;202100018408;168 721;A01;1;1;0;2;1;1;5;
28532;202100018409;168 718;Z01;2;10;0;2;4;2;1;
28533;202100018409;168 719;A01;2;50;0;2;1;2;3;
28534;202100018410;168 717;A01;1;7;11;0;1;26;1;
28535;202100018411;168 715;B01;1;7;0;2;2;19;1;
28536;202100018411;168 716;A01;2;7;0;2;1;19;1;
28537;202100018412;168 713;B01;1;2;0;2;1;26;1;
28538;202100018412;168 714;A01;2;7;0;2;1;9;1;
28539;202100018413;168 712;A01;1;34;0;1;1;1;1;
28540;202100018414;168 711;A01;2;7;4;0;3;1;1;
28541;202100018415;168 709;B01;1;7;0;2;4;23;1;
28542;202100018415;168 710;A01;1;7;0;2;1;2;3;
28543;202100018416;168 707;A01;2;43;0;2;0;0;1;
28544;202100018416;168 708;Z01;2;7;0;0;0;0;1;
28545;202100018417;168 706;Z01;1;2;0;1;4;25;1;
28546;202100018418;168 704;A01;1;10;0;2;2;26;1;
28547;202100018418;168 705;B01;1;33;0;2;4;23;1;
28548;202100018419;168 703;A01;2;7;0;1;2;16;1;
28549;202100018420;168 702;A01;1;3;0;1;3;15;0;
28550;202100018421;168 700;A01;2;10;0;0;0;22;0;
28551;202100018421;168 701;B01;2;50;1;2;0;21;3;
28552;202100018422;168 698;Z01;1;7;0;2;0;0;0;
28553;202100018422;168 699;B01;1;7;9;0;1;21;1;
28554;202100018424;168 695;B01;-1;30;0;2;1;1;1;
28555;202100018424;168 696;A01;3;7;0;2;3;26;1;
28556;202100018425;168 693;B01;1;37;0;2;3;1;1;2.0
28557;202100018425;168 694;A01;1;7;0;2;5;14;1;
28558;202100018426;168 690;C01;1;7;0;2;3;1;1;
28559;202100018426;168 691;B01;1;7;0;2;3;1;1;
28560;202100018426;168 692;A01;2;7;0;2;3;1;1;
28561;202100018427;168 688;B01;2;50;0;0;0;0;3;
28562;202100018427;168 689;A01;1;50;0;0;0;0;3;
28563;202100018428;168 686;B01;3;20;0;2;4;0;0;
28564;202100018428;168 687;A01;3;20;0;2;0;0;0;
28565;202100018429;168 684;A01;0;7;0;2;1;15;1;
28566;202100018429;168 685;B01;0;50;0;2;8;1;3;
28567;202100018431;168 681;A01;1;34;0;2;1;18;0;
28568;202100018431;168 682;B01;1;10;0;2;3;0;1;
28569;202100018434;168 676;A01;0;7;0;2;3;1;2;
28570;202100018434;168 677;B01;0;60;0;2;0;19;5;
28571;202100018435;168 674;B01;2;60;0;2;0;19;5;
28572;202100018435;168 675;A01;0;7;0;2;2;1;1;
28573;202100018436;168 672;A01;3;33;0;2;2;9;1;
28574;202100018436;168 673;B01;2;7;0;2;8;4;3;
28575;202100018437;168 671;A01;1;7;8;0;1;14;1;
28576;202100018439;168 667;A01;1;7;0;2;1;2;1;
28577;202100018439;168 668;B01;1;7;0;0;4;23;1;
28578;202100018440;168 666;A01;3;7;0;1;4;20;1;
28579;202100018441;168 664;B01;2;30;0;2;7;19;1;
28580;202100018441;168 665;A01;2;7;0;2;3;26;1;
28581;202100018443;168 660;A01;2;7;0;2;1;15;1;
28582;202100018443;168 661;B01;2;32;0;2;1;16;1;
28583;202100018444;168 659;A01;2;7;0;1;1;1;1;
28584;202100018446;168 657;A01;3;7;4;0;8;1;1;
28585;202100018447;168 655;A01;2;7;2;2;2;1;1;
28586;202100018447;168 656;B01;2;7;13;2;3;1;1;
28587;202100018448;168 654;A01;3;50;0;0;0;1;3;
28588;202100018449;168 652;A01;1;7;13;0;3;1;1;
28589;202100018450;168 651;A01;2;7;8;0;3;1;0;
28590;202100018451;168 650;A01;1;33;0;0;0;1;1;
28591;202100018452;168 649;A01;0;7;0;1;1;1;1;
28592;202100018453;168 645;A01;2;7;0;2;3;1;1;
28593;202100018453;168 646;B01;1;7;0;2;3;1;1;
28594;202100018454;168 643;B01;2;1;0;2;8;2;5;
28595;202100018454;168 644;A01;2;15;0;9;2;16;1;
28596;202100018455;168 641;A01;1;2;0;2;1;0;1;
28597;202100018455;168 642;B01;1;7;0;2;3;0;1;
28598;202100018456;168 640;A01;2;1;0;0;0;0;5;
28599;202100018457;168 639;A01;1;7;0;1;7;16;1;
28600;202100018458;168 638;A01;1;7;2;0;1;1;1;
28601;202100018459;168 636;B01;2;1;0;0;4;2;5;
28602;202100018459;168 637;A01;2;7;0;9;1;1;1;
28603;202100018461;168 629;A01;2;7;0;2;6;12;1;
28604;202100018461;168 630;B01;2;7;0;2;1;1;1;
28605;202100018461;168 631;C01;2;7;0;2;1;1;1;
28606;202100018461;168 632;D01;2;33;0;2;1;1;1;
28607;202100018461;168 633;E01;2;10;0;2;6;1;1;
28608;202100018462;168 627;A01;1;7;0;9;2;2;1;
28609;202100018462;168 628;B01;1;1;0;0;3;2;5;
28610;202100018463;168 625;A01;2;7;0;2;1;15;1;
28611;202100018463;168 626;B01;1;33;0;2;1;1;1;
28612;202100018464;168 624;A01;1;33;1;0;1;1;1;
28613;202100018465;168 623;A01;1;7;15;0;2;1;1;
28614;202100018466;168 622;A01;0;7;8;0;9;1;1;
28615;202100018468;168 619;A01;2;7;0;0;8;19;1;
28616;202100018468;168 620;B01;1;43;0;2;1;1;1;
28617;202100018469;168 618;A01;1;7;15;9;1;14;1;
28618;202100018470;168 616;B01;0;7;0;2;8;1;1;
28619;202100018470;168 617;A01;0;7;2;2;1;1;1;
28620;202100018471;168 614;B01;1;7;0;2;1;1;1;
28621;202100018471;168 615;A01;2;10;0;2;3;13;1;
28622;202100018472;168 612;B01;1;7;0;2;3;1;1;
28623;202100018472;168 613;A01;2;7;0;2;3;13;1;
28624;202100018473;168 610;B01;0;7;0;2;1;1;1;
28625;202100018473;168 611;A01;0;7;0;2;2;16;3;
28626;202100018477;168 603;A01;2;33;0;2;1;2;1;
28627;202100018477;168 604;B01;2;7;0;2;5;2;1;
28628;202100018478;168 601;B01;3;2;0;2;1;9;1;
28629;202100018478;168 602;A01;1;7;6;2;2;1;1;
28630;202100018479;168 599;A01;2;7;0;2;1;2;1;
28631;202100018479;168 600;B01;2;17;0;2;4;2;6;
28632;202100018480;168 598;A01;2;33;15;0;1;16;1;
28633;202100018481;168 596;B01;2;15;0;0;2;1;1;
28634;202100018481;168 597;A01;2;7;0;0;6;4;1;
28635;202100018482;168 594;A01;1;7;0;2;1;2;1;
28636;202100018482;168 595;B01;1;7;0;0;4;2;1;
28637;202100018483;168 593;A01;2;10;0;0;9;1;1;
28638;202100018484;168 592;A01;1;7;13;0;2;17;1;
28639;202100018485;168 591;A01;2;7;2;0;1;13;1;
28640;202100018488;168 585;A01;1;7;2;0;3;1;1;
28641;202100018489;168 584;A01;2;7;0;1;2;1;1;
28642;202100018490;168 583;A01;2;7;2;0;1;1;1;
28643;202100018491;168 581;B01;2;10;0;2;3;1;1;
28644;202100018491;168 582;A01;1;7;0;2;1;13;1;
28645;202100018492;168 579;B01;1;30;0;2;7;1;1;
28646;202100018492;168 580;A01;2;7;0;9;1;15;1;
28647;202100018493;168 576;C01;2;7;0;2;1;1;1;
28648;202100018493;168 577;B01;2;7;0;2;6;1;1;
28649;202100018493;168 578;A01;1;7;0;2;1;5;1;
28650;202100018494;168 574;B01;3;1;0;2;1;1;5;
28651;202100018494;168 575;A01;3;7;0;0;8;19;1;
28652;202100018495;168 573;A01;1;7;0;1;3;1;1;
28653;202100018496;168 571;A01;2;7;0;2;1;1;1;
28654;202100018496;168 572;B01;2;21;0;2;4;1;1;
28655;202100018497;168 570;A01;1;10;13;0;9;1;1;
28656;202100018498;168 568;B01;3;33;0;2;1;9;1;
28657;202100018498;168 569;A01;2;7;0;2;7;1;1;
28658;202100018499;168 567;A01;2;7;0;0;2;11;1;
28659;202100018500;168 565;B01;1;7;0;2;5;15;1;
28660;202100018500;168 566;A01;1;33;0;2;1;18;1;
28661;202100018501;168 564;A01;2;2;13;0;7;14;1;
28662;202100018503;168 561;A01;0;7;0;2;8;19;1;
28663;202100018503;168 562;B01;1;7;0;2;1;1;1;
28664;202100018504;168 557;B01;3;7;0;2;3;1;1;
28665;202100018504;168 558;A01;3;21;0;2;3;13;1;
28666;202100018505;168 556;A01;2;7;0;1;2;1;1;
28667;202100018506;168 554;B01;2;33;0;2;3;1;1;
28668;202100018506;168 555;A01;1;7;0;2;3;15;1;
28669;202100018507;168 552;A01;1;30;0;2;1;17;1;
28670;202100018507;168 553;B01;1;7;0;2;8;15;1;
28671;202100018508;168 549;C01;2;7;0;2;1;1;1;
28672;202100018508;168 550;B01;2;7;0;2;1;2;1;
28673;202100018508;168 551;A01;2;7;0;2;4;2;1;
28674;202100018509;168 546;A01;2;7;0;2;1;1;1;
28675;202100018509;168 547;B01;2;7;0;2;4;1;1;
28676;202100018509;168 548;C01;2;10;0;2;4;1;1;
28677;202100018510;168 545;A01;1;33;13;0;1;1;1;
28678;202100018511;168 543;A01;2;7;0;2;8;11;1;
28679;202100018511;168 544;B01;2;33;0;2;2;3;1;
28680;202100018512;168 542;A01;1;33;16;0;7;2;1;
28681;202100018513;168 541;A01;1;33;4;0;9;2;1;
28682;202100018514;168 539;A01;1;7;0;2;5;1;1;
28683;202100018514;168 540;B01;1;33;0;2;1;0;1;
28684;202100018515;168 537;A01;1;17;0;2;1;2;1;
28685;202100018515;168 538;B01;1;7;0;2;4;2;1;
28686;202100018516;168 535;B01;1;7;0;2;4;2;1;
28687;202100018516;168 536;A01;1;10;0;2;1;2;1;
28688;202100018517;168 534;A01;0;7;0;1;7;9;1;
28689;202100018518;168 531;A01;3;7;0;2;3;17;1;
28690;202100018518;168 532;B01;1;7;0;2;3;1;1;
28691;202100018518;168 533;C01;1;10;0;2;0;0;1;
28692;202100018519;168 530;A01;1;7;0;1;1;9;1;
28693;202100018520;168 528;A01;2;7;0;2;2;1;1;
28694;202100018520;168 529;B01;2;7;0;0;6;20;1;
28695;202100018522;168 524;B01;1;7;0;2;4;23;1;
28696;202100018522;168 525;A01;1;32;0;2;1;26;1;
28697;202100018523;168 522;B01;3;1;0;2;8;19;6;
28698;202100018523;168 523;A01;3;7;0;2;1;19;1;
28699;202100018524;168 521;A01;1;7;0;1;7;17;1;
28700;202100018525;168 519;A01;2;7;0;9;1;15;1;
28701;202100018525;168 520;B01;1;1;0;2;8;1;5;
28702;202100018526;168 518;A01;0;7;0;1;2;1;1;
28703;202100018527;168 515;A01;3;13;0;2;3;26;1;
28704;202100018527;168 516;B01;3;13;0;2;3;0;1;
28705;202100018528;168 514;A01;1;7;0;1;2;1;1;
28706;202100018529;168 513;A01;1;7;6;5;1;21;1;
28707;202100018530;168 511;A01;1;99;0;2;6;13;0;
28708;202100018530;168 512;B01;1;31;0;2;2;1;0;
28709;202100018532;168 507;M01;1;43;12;0;3;0;1;
28710;202100018532;168 508;A01;1;7;12;0;2;12;1;
28711;202100018533;168 506;A01;1;20;0;1;2;9;1;
28712;202100018534;168 504;A01;2;7;0;2;1;18;2;
28713;202100018534;168 505;B01;1;7;0;2;7;15;1;
28714;202100018535;168 502;B01;2;3;0;2;3;10;1;
28715;202100018535;168 503;A01;1;7;0;2;2;17;1;
28716;202100018536;168 500;A01;1;7;0;2;2;1;1;
28717;202100018536;168 501;B01;1;1;0;2;7;1;5;
28718;202100018537;168 498;B01;1;2;0;2;4;15;1;
28719;202100018537;168 499;A01;2;17;0;2;1;1;1;
28720;202100018539;168 495;B01;0;33;0;2;8;1;1;
28721;202100018539;168 496;A01;0;7;0;2;0;1;1;
28722;202100018540;168 493;A01;3;30;0;2;8;2;1;
28723;202100018540;168 494;B01;3;7;0;2;5;1;1;
28724;202100018541;168 492;A01;2;7;0;1;7;9;1;
28725;202100018543;168 488;A01;1;7;13;2;3;13;1;
28726;202100018543;168 489;B01;2;7;13;2;3;1;1;
28727;202100018544;168 486;A01;2;7;0;2;1;26;1;
28728;202100018544;168 487;B01;1;7;0;2;1;26;1;
28729;202100018546;168 484;A01;2;40;0;1;0;26;3;
28730;202100018547;168 481;C01;3;7;0;2;2;26;1;
28731;202100018547;168 482;B01;3;7;0;2;7;16;1;
28732;202100018547;168 483;A01;3;7;0;2;7;13;1;
28733;202100018548;168 479;B01;2;1;0;2;6;1;5;
28734;202100018548;168 480;A01;1;37;0;2;3;15;1;1.0
28735;202100018549;168 478;A01;1;7;0;2;1;16;1;
28736;202100018550;168 476;A01;1;33;0;2;5;16;1;
28737;202100018550;168 477;B01;1;7;0;2;3;1;1;
28738;202100018551;168 474;B01;1;7;0;2;3;1;1;
28739;202100018551;168 475;A01;2;7;0;2;3;13;1;
28740;202100018552;168 472;B01;3;7;0;2;3;1;1;
28741;202100018552;168 473;A01;3;1;0;2;1;19;5;
28742;202100018553;168 470;A01;3;7;0;2;1;2;1;
28743;202100018553;168 471;B01;3;2;0;2;4;2;1;
28744;202100018554;168 468;B01;2;7;1;2;1;1;1;
28745;202100018554;168 469;A01;1;3;1;2;7;1;1;
28746;202100018555;168 466;B01;2;7;0;2;4;15;1;
28747;202100018555;168 467;A01;2;7;0;2;1;17;1;
28748;202100018556;168 464;A01;1;30;0;2;3;21;1;
28749;202100018556;168 465;Z01;2;7;0;9;0;0;0;
28750;202100018557;168 463;A01;1;7;0;1;1;15;1;
28751;202100018558;168 462;A01;1;7;0;1;1;1;1;
28752;202100018559;168 460;B01;1;7;0;2;1;1;1;
28753;202100018559;168 461;A01;1;10;0;2;8;1;1;
28754;202100018560;168 457;C01;2;7;0;2;4;1;1;
28755;202100018560;168 458;B01;2;7;0;2;4;1;1;
28756;202100018560;168 459;A01;2;7;0;2;1;1;1;
28757;202100018561;168 456;A01;1;7;13;0;2;15;1;
28758;202100018562;168 455;A01;1;7;0;1;0;26;1;
28759;202100018563;168 453;B01;1;7;0;1;4;1;1;
28760;202100018563;168 454;A01;1;33;0;2;1;1;1;
28761;202100018564;168 451;B01;1;50;0;2;7;0;3;
28762;202100018564;168 452;A01;1;7;0;9;1;1;1;
28763;202100018565;168 449;B01;1;31;0;2;8;1;1;
28764;202100018565;168 450;A01;2;7;0;2;2;1;1;
28765;202100018566;168 447;Z01;1;7;0;2;8;13;1;
28766;202100018566;168 448;B01;2;33;0;2;8;1;1;
28767;202100018567;168 446;A01;2;1;0;0;8;1;5;
28768;202100018568;168 445;A01;1;7;0;1;3;0;1;
28769;202100018569;168 443;B01;1;7;0;2;4;15;1;
28770;202100018569;168 444;A01;1;10;2;2;1;1;1;
28771;202100018570;168 441;A01;3;7;0;2;2;15;1;
28772;202100018570;168 442;B01;3;7;0;2;8;1;1;
28773;202100018571;168 439;A01;2;1;0;2;1;1;5;
28774;202100018571;168 440;Z01;1;7;0;0;0;5;1;
28775;202100018572;168 438;A01;3;7;13;0;3;13;1;
28776;202100018573;168 436;A01;1;7;0;2;3;26;1;
28777;202100018573;168 437;B01;1;7;0;2;7;26;1;
28778;202100018575;168 432;A01;2;30;0;2;1;1;1;
28779;202100018575;168 433;B01;1;7;0;2;1;1;1;
28780;202100018576;168 430;A01;2;7;0;2;5;2;1;
28781;202100018576;168 431;B01;2;1;0;2;8;2;5;
28782;202100018578;168 425;A01;1;7;0;2;3;15;1;
28783;202100018578;168 426;B01;1;33;0;2;8;1;1;
28784;202100018579;168 423;B01;3;32;0;2;1;1;1;
28785;202100018579;168 424;A01;3;7;0;2;6;26;1;
28786;202100018580;168 422;A01;1;37;0;1;2;1;1;1.0
28787;202100018581;168 420;A01;0;10;0;2;0;0;0;
28788;202100018581;168 421;B01;3;2;0;2;0;1;1;
28789;202100018582;168 418;A01;1;7;0;2;1;9;1;
28790;202100018582;168 419;B01;1;1;0;2;8;1;0;
28791;202100018583;168 417;A01;3;1;0;0;0;1;5;
28792;202100018584;168 416;A01;0;1;12;0;1;9;5;
28793;202100018585;168 414;B01;0;7;0;2;0;0;1;
28794;202100018585;168 415;A01;0;7;1;0;1;1;1;
28795;202100018586;168 412;A01;0;7;0;2;8;13;1;
28796;202100018586;168 413;B01;0;7;0;2;7;1;1;
28797;202100018587;168 410;A01;-1;7;0;2;1;0;0;
28798;202100018587;168 411;B01;-1;7;0;2;4;0;1;
28799;202100018588;168 408;B01;0;7;0;2;3;15;1;
28800;202100018588;168 409;A01;1;33;0;2;3;17;1;
28801;202100018591;168 404;A01;0;7;0;2;2;15;1;
28802;202100018591;168 405;B01;1;1;0;2;1;1;5;
28803;202100018592;168 402;B01;0;33;0;2;1;1;1;
28804;202100018592;168 403;A01;0;10;0;2;2;15;1;
28805;202100018593;168 401;A01;2;7;9;0;3;13;1;
28806;202100018594;168 398;A01;1;7;0;2;1;1;1;
28807;202100018594;168 399;B01;1;7;0;2;4;1;1;
28808;202100018594;168 400;C01;1;7;0;2;1;1;1;
28809;202100018595;168 396;B01;0;7;0;2;8;1;1;
28810;202100018595;168 397;A01;0;7;0;2;1;1;1;
28811;202100018596;168 394;A01;2;7;0;2;1;13;1;
28812;202100018596;168 395;B01;1;7;0;2;1;1;1;
28813;202100018597;168 392;A01;1;33;0;2;3;1;1;
28814;202100018597;168 393;B01;1;33;0;2;5;14;1;
28815;202100018599;168 390;A01;1;7;12;0;1;1;1;
28816;202100018600;168 387;B01;2;33;7;2;1;1;1;
28817;202100018600;168 388;A01;1;33;0;2;2;15;1;
28818;202100018601;168 386;A01;2;10;0;1;3;1;1;
28819;202100018602;168 384;B01;1;7;0;2;3;15;1;
28820;202100018602;168 385;A01;1;34;0;2;7;17;1;
28821;202100018603;168 383;A01;1;7;0;1;7;1;1;
28822;202100018604;168 382;A01;1;1;0;0;0;1;5;
28823;202100018605;168 381;A01;1;30;0;1;1;1;1;
28824;202100018607;168 376;B01;1;1;0;2;1;1;5;
28825;202100018607;168 377;A01;1;10;0;2;2;16;1;
28826;202100018608;168 373;A01;1;30;0;2;0;1;1;
28827;202100018608;168 374;B01;1;7;0;2;4;2;1;
28828;202100018608;168 375;C01;1;1;0;2;1;2;5;
28829;202100018609;168 371;A01;1;7;0;2;7;15;1;
28830;202100018609;168 372;B01;2;33;0;2;1;1;1;
28831;202100018611;168 368;A01;1;33;0;1;1;1;1;
28832;202100018612;168 367;Z01;1;50;0;1;1;1;3;
28833;202100018613;168 365;A01;2;30;0;2;1;2;1;
28834;202100018613;168 366;B01;2;7;0;2;4;23;1;
28835;202100018614;168 364;A01;1;43;0;1;3;1;1;
28836;202100018615;168 363;A01;2;50;0;0;1;7;3;
28837;202100018616;168 361;A01;1;1;0;2;0;1;5;
28838;202100018616;168 362;B01;2;1;0;2;0;13;5;
28839;202100018617;168 359;B01;1;80;0;0;0;0;3;
28840;202100018617;168 360;A01;1;7;0;2;3;24;1;
28841;202100018618;168 358;A01;2;7;0;1;2;15;1;
28842;202100018619;168 356;A01;1;7;14;9;5;15;1;
28843;202100018619;168 357;B01;3;1;14;2;1;1;5;
28844;202100018620;168 354;A01;0;37;0;2;1;1;1;1.0
28845;202100018620;168 355;B01;0;7;0;2;1;9;1;
28846;202100018621;168 352;A01;2;7;0;2;5;23;1;
28847;202100018621;168 353;B01;1;33;0;2;5;2;1;
28848;202100018622;168 350;A01;3;7;0;2;7;1;1;
28849;202100018622;168 351;B01;3;1;0;2;8;13;5;
28850;202100018623;168 349;A01;2;7;15;0;1;1;1;
28851;202100018624;168 347;B01;1;33;0;0;0;0;0;
28852;202100018624;168 348;A01;1;30;0;2;4;11;1;
28853;202100018625;168 345;A01;3;2;0;2;7;17;1;
28854;202100018625;168 346;B01;3;7;0;2;0;15;0;
28855;202100018626;168 342;A01;0;7;0;2;6;2;2;
28856;202100018626;168 343;B01;0;7;0;2;3;17;1;
28857;202100018626;168 344;C01;3;7;0;2;3;1;1;
28858;202100018627;168 340;A01;2;7;0;2;3;15;1;
28859;202100018627;168 341;B01;2;34;0;2;2;1;1;
28860;202100018628;168 338;A01;2;30;0;2;8;18;1;
28861;202100018628;168 339;B01;2;17;0;2;2;1;1;
28862;202100018629;168 336;A01;1;30;0;2;1;1;1;
28863;202100018629;168 337;B01;2;10;0;2;3;15;1;
28864;202100018630;168 334;B01;1;7;0;2;6;10;1;
28865;202100018630;168 335;A01;1;7;0;2;3;1;1;
28866;202100018631;168 333;A01;2;30;0;1;3;1;1;
28867;202100018632;168 331;A01;3;1;0;2;2;13;5;
28868;202100018632;168 332;B01;3;2;0;9;2;1;1;
28869;202100018633;168 330;A01;1;32;16;0;1;1;1;
28870;202100018634;168 329;A01;3;16;13;0;0;0;0;
28871;202100018635;168 328;A01;3;7;13;0;2;1;1;
28872;202100018636;168 327;A01;2;7;0;1;3;1;1;
28873;202100018637;168 326;A01;0;7;2;0;1;17;1;
28874;202100018638;168 324;B01;1;2;0;2;1;1;1;
28875;202100018638;168 325;A01;3;7;0;2;3;9;1;
28876;202100018640;168 319;A01;1;33;0;0;0;14;1;
28877;202100018641;168 317;A01;1;7;0;9;1;2;1;
28878;202100018641;168 318;B01;1;1;0;0;4;2;5;
28879;202100018642;168 316;A01;1;33;8;0;7;1;1;
28880;202100018643;168 315;A01;1;7;0;0;0;13;1;
28881;202100018644;168 314;A01;3;7;0;0;0;1;1;
28882;202100018645;168 312;B01;1;7;0;2;4;16;1;
28883;202100018645;168 313;A01;1;1;0;2;1;2;5;
28884;202100018646;168 309;B01;1;1;0;2;8;13;5;
28885;202100018646;168 310;A01;1;7;0;9;1;1;1;
28886;202100018647;168 307;A01;1;7;0;2;6;1;1;
28887;202100018647;168 308;B01;1;7;0;2;2;1;1;
28888;202100018648;168 305;B01;3;7;0;0;0;19;1;
28889;202100018648;168 306;A01;1;33;0;0;0;1;1;
28890;202100018649;168 304;A01;1;2;1;0;1;1;1;
28891;202100018650;168 303;A01;1;7;2;0;1;1;1;