;Num_Acc;id_vehicule;num_veh;senc;catv;obs;obsm;choc;manv;motor;occutc
28892;202100018651;168 302;A01;1;2;6;0;1;1;1;
28893;202100018652;168 301;A01;2;7;13;0;1;1;1;
28894;202100018653;168 296;B01;2;7;0;2;8;13;1;
28895;202100018653;168 297;A01;1;7;0;2;7;1;1;
28896;202100018654;168 295;A01;1;7;0;0;0;1;1;
28897;202100018656;168 292;B01;1;99;0;2;1;0;3;
28898;202100018656;168 293;A01;2;2;0;2;0;0;1;
28899;202100018657;168 291;A01;3;7;2;0;0;14;1;
28900;202100018659;168 287;A01;1;7;0;2;3;15;1;
28901;202100018659;168 288;B01;2;7;0;2;3;1;1;
28902;202100018660;168 285;B01;2;2;0;2;1;1;1;
28903;202100018660;168 286;A01;1;7;0;2;2;15;1;
28904;202100018661;168 283;A01;2;7;0;2;4;23;1;
28905;202100018661;168 284;B01;2;15;0;2;1;1;1;
28906;202100018662;168 280;C01;1;7;0;2;1;21;1;
28907;202100018662;168 281;B01;1;10;3;2;6;24;1;
28908;202100018662;168 282;A01;1;14;1;0;1;1;1;
28909;202100018663;168 279;A01;3;50;0;0;0;0;3;
28910;202100018664;168 278;A01;2;7;15;0;1;14;1;
28911;202100018665;168 275;B01;2;7;0;2;7;1;1;
28912;202100018665;168 276;C01;2;15;0;2;1;1;1;
28913;202100018665;168 277;A01;2;7;0;2;8;13;1;
28914;202100018666;168 273;A01;2;33;0;2;8;17;1;
28915;202100018666;168 274;B01;1;33;0;2;8;1;1;
28916;202100018668;168 269;B01;3;7;0;2;1;1;1;
28917;202100018668;168 270;A01;3;7;0;2;2;5;1;
28918;202100018669;168 268;A01;2;7;13;0;2;1;1;
28919;202100018670;168 267;A01;2;7;0;1;1;1;1;
28920;202100018671;168 266;A01;2;7;8;0;1;0;1;
28921;202100018672;168 264;A01;1;7;0;2;6;15;1;
28922;202100018672;168 265;B01;1;2;0;2;1;17;1;
28923;202100018673;168 263;A01;1;2;0;1;1;17;1;
28924;202100018674;168 261;B01;2;32;0;2;1;6;1;
28925;202100018674;168 262;A01;1;34;0;2;1;6;1;
28926;202100018675;168 259;A01;2;7;0;2;8;10;1;
28927;202100018675;168 260;B01;2;33;0;2;1;11;1;
28928;202100018676;168 258;A01;1;33;6;0;8;17;1;
28929;202100018677;168 256;B01;1;7;13;0;8;1;1;
28930;202100018677;168 257;A01;1;7;0;2;1;19;1;
28931;202100018678;168 255;A01;2;7;0;1;2;21;1;
28932;202100018679;168 254;A01;1;7;0;0;2;1;1;
28933;202100018680;168 252;A01;2;7;0;2;1;2;1;
28934;202100018680;168 253;B01;1;7;0;2;8;9;0;
28935;202100018681;168 250;B01;1;1;0;9;4;26;6;
28936;202100018681;168 251;A01;1;1;0;2;1;2;6;
28937;202100018682;168 248;A01;2;7;7;2;3;19;1;
28938;202100018682;168 249;B01;1;7;7;2;1;1;1;
28939;202100018683;168 246;B01;2;7;0;2;2;15;1;
28940;202100018683;168 247;A01;1;2;0;2;8;1;1;
28941;202100018684;168 245;A01;1;7;2;0;1;1;1;
28942;202100018685;168 243;B01;1;1;0;2;8;19;5;
28943;202100018685;168 244;A01;1;7;0;2;3;16;1;
28944;202100018686;168 242;A01;3;7;16;9;0;26;1;
28945;202100018687;168 241;A01;3;21;2;0;2;1;1;
28946;202100018688;168 239;B01;1;17;0;2;1;1;1;
28947;202100018688;168 240;A01;2;7;0;2;1;17;1;
28948;202100018689;168 237;B01;1;7;0;0;1;1;1;
28949;202100018689;168 238;A01;1;10;0;2;7;19;1;
28950;202100018690;168 236;B01;1;7;0;1;1;1;1;
28951;202100018691;168 234;B01;3;7;0;2;8;15;1;
28952;202100018691;168 235;A01;3;15;0;2;1;1;1;
28953;202100018692;168 233;A01;1;7;4;0;3;1;1;
28954;202100018693;168 231;A01;2;7;0;0;5;1;1;
28955;202100018693;168 232;B01;0;7;0;2;3;2;1;
28956;202100018694;168 228;C01;1;7;0;2;1;2;1;
28957;202100018694;168 229;B01;1;7;0;2;4;2;1;
28958;202100018694;168 230;A01;1;10;0;2;4;2;1;
28959;202100018695;168 227;A01;2;7;13;0;0;1;1;
28960;202100018696;168 225;B01;1;33;0;2;1;12;1;
28961;202100018696;168 226;A01;1;7;0;2;5;1;1;
28962;202100018697;168 223;B01;2;7;0;2;2;1;1;
28963;202100018697;168 224;Z01;1;14;0;2;6;19;0;
28964;202100018698;168 221;A01;1;7;0;2;6;1;2;
28965;202100018698;168 222;B01;1;43;0;2;1;2;1;
28966;202100018699;168 218;C01;2;7;0;2;4;2;1;
28967;202100018699;168 219;A01;1;7;0;2;0;0;1;
28968;202100018699;168 220;B01;2;7;0;2;4;0;0;
28969;202100018701;168 213;A01;2;17;0;2;3;13;1;
28970;202100018701;168 214;B01;2;7;0;2;5;1;1;
28971;202100018701;168 215;C01;2;7;0;2;6;1;1;
28972;202100018702;168 211;B01;2;7;0;2;6;2;1;
28973;202100018702;168 212;A01;2;43;0;2;2;3;1;
28974;202100018703;168 209;B01;1;7;0;2;4;2;1;
28975;202100018703;168 210;A01;1;10;0;2;1;2;1;
28976;202100018704;168 207;B01;1;34;0;2;5;1;1;
28977;202100018704;168 208;A01;1;7;0;2;3;13;1;
28978;202100018705;168 206;A01;1;7;4;0;1;2;1;
28979;202100018707;168 202;B01;2;33;0;2;1;1;0;
28980;202100018707;168 203;A01;2;10;0;2;5;12;0;
28981;202100018708;168 200;B01;1;31;0;2;7;0;1;
28982;202100018708;168 201;A01;2;33;0;2;8;0;1;
28983;202100018709;168 198;B01;2;31;0;2;1;3;1;
28984;202100018709;168 199;A01;2;7;0;2;5;1;1;
28985;202100018710;168 195;A01;2;10;0;2;5;1;1;
28986;202100018710;168 196;B01;2;7;0;2;4;2;1;
28987;202100018710;168 197;C01;2;7;0;2;1;2;1;
28988;202100018711;168 193;A01;2;7;0;2;4;1;1;
28989;202100018711;168 194;B01;2;7;0;2;1;1;1;
28990;202100018712;168 191;A01;2;7;0;2;7;23;1;
28991;202100018712;168 192;B01;2;7;1;2;3;11;1;
28992;202100018713;168 189;A01;2;7;0;2;1;1;1;
28993;202100018713;168 190;B01;2;7;0;2;4;1;1;
28994;202100018714;168 187;A01;2;7;0;2;5;11;1;
28995;202100018714;168 188;B01;2;32;0;2;1;1;1;
28996;202100018715;168 186;A01;1;7;3;0;0;0;0;
28997;202100018716;168 183;C01;2;15;0;2;1;0;0;
28998;202100018716;168 184;B01;2;17;0;2;4;0;0;
28999;202100018716;168 185;A01;2;7;0;2;4;0;1;
29000;202100018718;168 179;A01;3;7;0;2;3;1;1;
29001;202100018718;168 180;B01;3;1;0;2;8;19;5;
29002;202100018720;168 177;A01;3;7;0;1;1;1;1;
29003;202100018721;168 174;A01;3;33;0;2;9;17;1;
29004;202100018721;168 175;Z01;3;7;0;2;0;0;0;
29005;202100018721;168 176;B01;3;7;0;2;6;1;1;
29006;202100018722;168 172;A01;1;10;1;2;1;0;1;
29007;202100018722;168 173;B01;1;10;1;2;4;24;1;
29008;202100018723;168 171;A01;3;7;0;1;1;1;1;
29009;202100018724;168 169;A01;3;30;0;2;1;11;1;
29010;202100018724;168 170;B01;3;7;0;2;8;10;1;
29011;202100018725;168 168;A01;1;7;0;1;1;1;1;
29012;202100018726;168 166;A01;3;7;0;2;7;1;1;
29013;202100018726;168 167;B01;3;10;0;2;1;1;1;
29014;202100018727;168 165;A01;1;30;0;1;1;1;1;
29015;202100018728;168 163;B01;1;32;0;2;6;1;1;
29016;202100018728;168 164;A01;1;10;0;2;7;14;1;
29017;202100018729;168 161;A01;0;1;0;2;3;26;5;
29018;202100018729;168 162;B01;3;37;0;9;0;0;1;4.0
29019;202100018730;168 159;B01;1;37;0;2;3;1;0;3.0
29020;202100018730;168 160;A01;2;7;0;2;3;13;3;
29021;202100018731;168 157;A01;1;7;0;2;2;16;1;
29022;202100018731;168 158;B01;1;99;0;2;1;1;3;
29023;202100018732;168 155;A01;1;15;0;2;2;16;1;
29024;202100018732;168 156;B01;1;80;0;2;8;0;3;
29025;202100018733;168 153;A01;1;7;0;2;2;19;1;
29026;202100018733;168 154;B01;1;32;0;2;1;21;1;
29027;202100018735;168 150;A01;1;7;1;0;2;13;1;
29028;202100018736;168 148;B01;1;1;0;2;8;1;0;
29029;202100018736;168 149;A01;1;7;0;2;2;16;1;
29030;202100018737;168 147;A01;3;7;0;1;1;26;3;
29031;202100018738;168 145;A01;2;1;0;2;3;19;5;
29032;202100018738;168 146;B01;1;7;0;0;0;0;1;
29033;202100018739;168 143;A01;1;33;0;2;2;16;1;
29034;202100018739;168 144;B01;1;7;0;2;3;1;1;
29035;202100018742;168 139;Z01;0;50;0;1;1;1;3;
29036;202100018743;168 138;A01;2;7;7;0;2;14;1;
29037;202100018744;168 136;A01;-1;7;0;2;2;14;1;
29038;202100018744;168 137;B01;-1;7;0;2;6;1;1;
29039;202100018745;168 134;B01;3;1;0;2;8;1;5;
29040;202100018745;168 135;A01;3;7;0;2;2;16;1;
29041;202100018746;168 133;A01;1;33;0;0;7;1;1;
29042;202100018747;168 131;B01;1;7;0;2;3;15;1;
29043;202100018747;168 132;A01;1;7;0;2;2;1;1;
29044;202100018749;168 127;A01;1;7;0;9;3;9;2;
29045;202100018749;168 128;B01;2;1;0;2;7;1;5;
29046;202100018750;168 126;A01;1;7;8;0;1;13;1;
29047;202100018751;168 124;B01;3;7;0;2;1;1;1;
29048;202100018751;168 125;A01;3;1;0;2;1;26;0;
29049;202100018752;168 122;A01;1;7;0;2;2;16;1;
29050;202100018752;168 123;B01;1;50;0;2;3;18;3;
29051;202100018753;168 121;A01;1;30;14;0;1;1;1;
29052;202100018755;168 117;B01;2;7;0;2;1;1;1;
29053;202100018755;168 118;A01;1;10;0;2;1;13;1;
29054;202100018756;168 115;A01;3;2;0;0;0;1;0;
29055;202100018756;168 116;B01;0;7;0;2;3;0;0;
29056;202100018757;168 113;A01;1;33;0;2;1;1;1;
29057;202100018757;168 114;B01;1;7;0;2;4;23;1;
29058;202100018758;168 111;B01;1;2;0;2;1;13;1;
29059;202100018758;168 112;A01;2;7;0;2;1;1;1;
29060;202100018759;168 109;A01;3;7;0;2;3;9;1;
29061;202100018759;168 110;B01;3;80;0;2;7;1;3;
29062;202100018760;168 107;A01;1;7;0;2;3;26;1;
29063;202100018760;168 108;B01;1;33;0;2;1;26;1;
29064;202100018761;168 105;B01;3;1;0;2;8;1;0;
29065;202100018761;168 106;A01;1;7;0;2;3;15;1;
29066;202100018763;168 102;A01;1;32;0;0;0;0;1;
29067;202100018764;168 100;A01;3;7;0;0;0;0;1;
29068;202100018764;168 101;B01;3;1;0;2;7;19;5;
29069;202100018765;168 098;A01;3;7;0;2;1;1;1;
29070;202100018765;168 099;B01;3;7;0;2;5;1;1;
29071;202100018767;168 096;A01;2;1;0;1;1;14;5;
29072;202100018768;168 094;A01;0;7;0;2;1;2;1;
29073;202100018768;168 095;B01;0;7;0;2;4;2;1;
29074;202100018769;168 092;B01;1;15;0;2;6;1;1;
29075;202100018769;168 093;A01;1;34;0;2;1;1;1;
29076;202100018770;168 090;B01;1;7;0;2;4;23;1;
29077;202100018770;168 091;A01;1;7;0;2;1;2;1;
29078;202100018771;168 087;B01;2;33;0;2;7;1;1;
29079;202100018771;168 088;A01;3;7;0;2;3;9;1;
29080;202100018772;168 086;A01;1;7;1;2;1;1;1;
29081;202100018773;168 084;A01;2;32;0;2;1;18;1;
29082;202100018773;168 085;B01;2;7;0;2;5;23;1;
29083;202100018774;168 083;A01;2;33;14;0;8;1;1;
29084;202100018775;168 081;A01;1;7;0;2;3;15;1;
29085;202100018775;168 082;B01;1;32;0;2;1;1;1;
29086;202100018776;168 079;A01;1;7;0;2;2;26;1;
29087;202100018776;168 080;B01;1;1;0;2;2;26;0;
29088;202100018777;168 077;A01;3;7;0;0;3;1;1;
29089;202100018778;168 074;A01;1;7;2;0;9;14;1;
29090;202100018779;168 073;A01;2;7;2;0;1;21;1;
29091;202100018780;168 071;A01;2;7;0;2;3;9;1;
29092;202100018780;168 072;B01;1;1;0;2;1;1;5;
29093;202100018781;168 069;A01;3;31;0;2;6;13;1;
29094;202100018781;168 070;B01;3;7;0;2;6;1;1;
29095;202100018782;168 068;A01;2;7;0;1;1;2;1;
29096;202100018783;168 067;A01;2;7;11;0;1;1;1;
29097;202100018784;168 065;B01;1;7;0;2;7;1;1;
29098;202100018784;168 066;A01;1;7;0;2;1;9;1;
29099;202100018785;168 064;A01;0;37;0;1;1;9;1;1.0
29100;202100018786;168 062;B01;3;7;0;2;7;1;1;
29101;202100018786;168 063;A01;3;30;0;2;1;19;1;
29102;202100018787;168 059;B01;1;7;14;2;3;1;1;
29103;202100018787;168 060;C01;1;7;14;2;1;2;1;
29104;202100018787;168 061;A01;2;7;14;2;1;13;1;
29105;202100018788;168 058;A01;3;7;0;9;2;16;1;
29106;202100018789;168 056;B01;1;7;0;2;1;1;1;
29107;202100018789;168 057;A01;2;7;0;2;1;1;1;
29108;202100018790;168 054;B01;2;2;0;2;1;1;1;
29109;202100018790;168 055;A01;1;7;0;2;3;15;1;
29110;202100018791;168 052;A01;2;7;0;2;5;12;1;
29111;202100018791;168 053;B01;2;33;0;2;8;3;1;
29112;202100018792;168 050;B01;1;7;0;2;6;2;1;
29113;202100018792;168 051;A01;1;34;0;2;1;2;1;
29114;202100018793;168 049;A01;1;33;0;1;8;1;1;
29115;202100018794;168 047;A01;1;10;0;2;1;1;1;
29116;202100018794;168 048;B01;1;32;0;2;8;1;1;
29117;202100018795;168 045;A01;2;7;0;2;7;16;1;
29118;202100018795;168 046;B01;2;43;0;2;3;18;1;
29119;202100018796;168 044;A01;0;7;0;1;1;15;1;
29120;202100018797;168 043;A01;1;50;0;1;1;1;3;
29121;202100018798;168 042;A01;1;7;0;1;1;1;1;
29122;202100018799;168 041;A01;2;7;0;1;7;1;1;
29123;202100018800;168 040;A01;2;7;0;1;1;1;1;
29124;202100018801;168 037;B01;1;7;0;2;1;1;1;
29125;202100018801;168 038;A01;2;30;0;2;1;13;1;
29126;202100018802;168 035;A01;2;30;0;2;6;7;1;
29127;202100018802;168 036;Z01;2;7;0;2;3;16;1;
29128;202100018803;168 034;A01;2;30;0;0;0;7;3;
29129;202100018806;168 028;B01;1;7;0;2;4;2;1;
29130;202100018806;168 029;A01;1;32;0;2;1;2;1;
29131;202100018807;168 026;B01;2;7;0;2;2;15;1;
29132;202100018807;168 027;A01;1;43;0;2;2;1;1;
29133;202100018808;168 024;A01;2;7;0;2;3;20;1;
29134;202100018808;168 025;B01;2;33;0;2;8;15;1;
29135;202100018810;168 020;B01;2;7;0;2;4;23;1;
29136;202100018810;168 021;A01;2;1;0;2;1;1;5;
29137;202100018811;168 019;A01;2;32;0;0;7;2;1;
29138;202100018814;168 014;B01;3;30;0;2;1;1;0;
29139;202100018814;168 015;A01;3;7;0;2;4;1;1;
29140;202100018815;168 012;A01;1;7;0;2;7;16;0;
29141;202100018815;168 013;B01;1;34;0;2;1;7;1;
29142;202100018816;168 010;A01;1;7;0;2;5;16;1;
29143;202100018816;168 011;B01;1;2;0;2;1;1;1;
29144;202100018817;168 008;B01;2;2;0;2;1;1;1;
29145;202100018817;168 009;A01;2;43;0;2;7;1;1;
29146;202100018818;168 007;A01;1;7;8;0;9;1;1;
29147;202100018821;168 002;A01;1;7;4;0;1;26;1;
29148;202100018823;167 999;A01;2;32;0;1;1;17;1;
29149;202100018825;167 995;B01;1;31;0;2;3;7;1;
29150;202100018825;167 996;Z01;1;7;0;2;5;16;1;
29151;202100018826;167 993;B01;3;30;0;2;3;1;1;
29152;202100018826;167 994;A01;3;7;0;2;5;1;1;
29153;202100018828;167 991;A01;1;30;0;1;1;1;1;
29154;202100018829;167 990;B01;1;1;1;0;1;1;5;
29155;202100018830;167 988;A01;1;10;0;2;1;2;1;
29156;202100018830;167 989;B01;1;7;0;2;4;1;1;
29157;202100018831;167 986;A01;1;3;0;2;1;13;1;
29158;202100018831;167 987;B01;2;7;0;2;3;1;2;
29159;202100018833;167 982;A01;1;7;0;2;1;1;1;
29160;202100018833;167 983;B01;1;7;0;0;6;1;1;
29161;202100018835;167 979;A01;0;7;0;9;8;1;1;
29162;202100018835;167 980;B01;0;80;0;2;8;5;3;
29163;202100018836;167 977;B01;1;21;0;2;2;1;1;
29164;202100018836;167 978;A01;2;7;0;0;1;1;1;
29165;202100018837;167 976;A01;1;21;0;0;0;15;1;
29166;202100018838;167 974;A01;1;33;8;2;0;1;1;
29167;202100018838;167 975;B01;1;7;0;2;2;15;1;
29168;202100018839;167 970;B01;2;7;0;2;1;2;1;
29169;202100018839;167 971;A01;3;10;15;2;7;9;1;
29170;202100018840;167 969;A01;1;1;0;5;1;1;5;
29171;202100018841;167 968;A01;2;10;0;0;0;21;1;
29172;202100018842;167 966;B01;1;13;0;2;1;21;1;
29173;202100018842;167 967;A01;2;7;0;2;1;13;1;
29174;202100018843;167 964;B01;0;1;0;2;1;1;5;
29175;202100018843;167 965;A01;0;7;0;9;3;15;1;
29176;202100018844;167 962;B01;0;1;0;2;1;15;5;
29177;202100018844;167 963;A01;0;10;0;9;3;1;1;
29178;202100018845;167 960;A01;3;7;0;2;3;9;1;
29179;202100018845;167 961;B01;3;33;0;2;1;1;1;
29180;202100018846;167 957;A01;1;7;0;2;1;5;1;
29181;202100018846;167 958;B01;2;10;0;2;1;2;1;
29182;202100018846;167 959;C01;1;7;0;2;1;2;1;
29183;202100018847;167 955;B01;3;7;0;2;2;1;1;
29184;202100018847;167 956;A01;1;7;0;2;3;16;1;
29185;202100018848;167 953;B01;1;13;0;2;1;1;1;
29186;202100018848;167 954;A01;2;7;3;2;1;5;1;
29187;202100018849;167 952;A01;2;33;0;0;0;1;1;
29188;202100018850;167 950;B01;2;33;0;2;1;1;1;
29189;202100018850;167 951;A01;1;7;0;2;3;15;2;
29190;202100018851;167 949;A01;1;7;0;1;2;1;0;
29191;202100018852;167 948;A01;2;7;13;0;2;14;1;
29192;202100018853;167 947;A01;0;7;16;0;9;1;1;
29193;202100018854;167 945;A01;1;7;0;0;5;15;1;
29194;202100018854;167 946;B01;1;33;0;2;3;21;1;
29195;202100018855;167 944;A01;2;7;4;0;8;1;1;
29196;202100018857;167 942;A01;2;33;8;0;1;1;1;
29197;202100018858;167 940;B01;0;17;0;2;1;1;1;
29198;202100018858;167 941;A01;0;7;0;2;2;19;1;
29199;202100018859;167 938;B01;1;7;0;2;1;1;1;
29200;202100018859;167 939;A01;1;7;0;0;8;9;1;
29201;202100018860;167 936;B01;1;7;0;2;3;21;1;
29202;202100018860;167 937;A01;2;7;0;2;3;17;1;
29203;202100018861;167 935;A01;2;17;0;0;8;1;1;
29204;202100018862;167 933;A01;1;7;0;2;8;20;1;
29205;202100018862;167 934;B01;1;1;0;2;7;17;5;
29206;202100018863;167 931;B01;1;7;0;2;4;2;2;
29207;202100018863;167 932;A01;1;10;0;2;1;2;1;
29208;202100018864;167 929;A01;1;31;0;2;3;15;1;
29209;202100018864;167 930;B01;1;7;0;2;2;1;1;
29210;202100018865;167 927;A01;2;33;0;2;1;1;1;
29211;202100018865;167 928;B01;1;38;0;2;5;15;1;1.0
29212;202100018867;167 923;A01;1;15;0;0;4;2;1;
29213;202100018867;167 924;B01;1;7;0;2;1;2;1;
29214;202100018868;167 921;A01;1;7;0;2;1;2;1;
29215;202100018868;167 922;B01;1;7;0;2;4;2;1;
29216;202100018869;167 919;B01;1;33;0;2;1;1;1;
29217;202100018869;167 920;A01;2;7;0;2;2;15;1;
29218;202100018870;167 918;A01;3;36;0;0;0;14;1;
29219;202100018871;167 916;B01;1;1;13;0;0;2;5;
29220;202100018871;167 917;A01;1;7;0;0;0;2;1;
29221;202100018872;167 915;A01;2;2;1;0;2;2;1;
29222;202100018873;167 913;A01;1;7;0;2;7;1;1;
29223;202100018873;167 914;B01;2;10;0;2;3;15;1;
29224;202100018874;167 911;A01;0;50;0;2;1;5;3;
29225;202100018874;167 912;B01;0;7;0;9;1;1;1;
29226;202100018875;167 910;A01;2;7;2;0;0;0;1;
29227;202100018876;167 908;A01;1;7;0;2;3;1;0;
29228;202100018876;167 909;B01;2;1;0;2;2;1;5;
29229;202100018877;167 907;A01;0;2;0;0;0;0;1;
29230;202100018880;167 902;B01;2;1;0;2;1;1;5;
29231;202100018880;167 903;A01;2;7;0;2;2;15;1;
29232;202100018881;167 900;A01;2;7;0;2;7;14;1;
29233;202100018881;167 901;B01;2;7;0;2;8;1;1;
29234;202100018882;167 895;C01;2;7;0;2;4;1;1;
29235;202100018882;167 896;D01;2;7;0;2;4;1;1;
29236;202100018882;167 897;E01;2;7;0;2;1;1;1;
29237;202100018882;167 898;B01;2;7;0;2;4;1;1;
29238;202100018882;167 899;A01;2;7;0;2;4;1;1;
29239;202100018883;167 893;B01;2;7;0;2;1;2;1;
29240;202100018883;167 894;A01;2;7;0;2;4;1;2;
29241;202100018884;167 891;A01;2;7;3;2;4;12;1;
29242;202100018884;167 892;B01;2;33;3;2;1;3;1;
29243;202100018885;167 889;B01;1;33;0;2;2;3;1;
29244;202100018885;167 890;A01;1;7;0;2;7;12;1;
29245;202100018886;167 887;A01;1;43;0;2;8;3;1;
29246;202100018886;167 888;B01;1;7;0;2;2;14;1;
29247;202100018887;167 886;A01;1;17;0;1;1;2;1;
29248;202100018888;167 885;A01;2;17;0;1;1;2;1;
29249;202100018889;167 883;B01;2;15;0;2;7;1;1;
29250;202100018889;167 884;A01;2;10;0;2;1;13;1;
29251;202100018890;167 880;B01;2;10;0;2;5;2;1;
29252;202100018890;167 881;C01;2;7;0;2;6;2;1;
29253;202100018890;167 882;A01;2;7;0;2;3;2;1;
29254;202100018891;167 878;B01;1;10;0;2;4;2;1;
29255;202100018891;167 879;A01;1;43;0;2;1;2;1;
29256;202100018892;167 877;A01;1;50;0;0;7;1;3;
29257;202100018893;167 874;A01;1;7;0;2;0;0;1;
29258;202100018893;167 875;B01;1;7;0;2;4;2;1;
29259;202100018893;167 876;C01;1;7;0;2;4;0;1;
29260;202100018897;167 867;A01;1;7;2;0;3;13;1;
29261;202100018898;167 866;A01;3;7;0;1;1;1;1;
29262;202100018899;167 865;A01;1;7;0;1;2;26;1;
29263;202100018900;167 864;A01;0;7;0;1;3;2;1;
29264;202100018901;167 863;A01;1;7;0;1;7;1;1;
29265;202100018902;167 862;A01;2;7;0;1;1;1;1;
29266;202100018903;167 854;B01;3;7;0;2;1;1;1;
29267;202100018903;167 855;A01;3;1;0;2;7;1;5;
29268;202100018905;167 851;A01;1;7;0;1;1;1;1;
29269;202100018906;167 850;A01;3;7;0;1;2;15;1;
29270;202100018908;167 846;B01;2;7;0;2;6;0;1;
29271;202100018908;167 847;A01;1;33;1;0;1;0;1;
29272;202100018909;167 843;C01;2;10;0;2;3;2;1;
29273;202100018909;167 844;A01;2;7;0;1;6;1;1;
29274;202100018909;167 845;B01;2;7;0;2;2;2;1;
29275;202100018911;167 841;A01;1;33;0;0;0;1;1;
29276;202100018913;167 838;A01;3;33;0;2;1;1;1;
29277;202100018913;167 839;B01;3;7;0;2;8;1;1;
29278;202100018914;167 836;B01;3;7;0;0;6;1;1;
29279;202100018914;167 837;A01;3;7;0;2;3;18;1;
29280;202100018915;167 834;A01;1;7;0;9;8;26;1;
29281;202100018915;167 835;B01;1;50;0;2;1;9;3;
29282;202100018916;167 832;A01;2;2;0;2;1;0;1;
29283;202100018916;167 833;B01;2;7;0;2;3;0;1;
29284;202100018917;167 831;A01;3;30;13;0;0;14;1;
29285;202100018918;167 829;A01;1;7;0;2;2;17;1;
29286;202100018918;167 830;B01;1;7;0;2;3;15;1;
29287;202100018919;167 827;A01;1;33;0;2;1;2;1;
29288;202100018919;167 828;B01;1;33;0;2;4;2;1;
29289;202100018920;167 823;A01;0;7;0;2;1;9;1;
29290;202100018920;167 824;B01;0;33;0;2;2;1;1;
29291;202100018921;167 821;B01;1;32;0;2;1;1;1;
29292;202100018921;167 822;A01;1;7;0;2;7;20;1;
29293;202100018922;167 820;A01;1;7;1;0;7;14;1;
29294;202100018923;167 818;B01;0;31;0;2;1;1;1;
29295;202100018923;167 819;A01;0;7;0;2;2;20;1;
29296;202100018924;167 817;A01;1;7;0;1;4;20;1;
29297;202100018925;167 815;B01;1;50;0;2;7;1;3;
29298;202100018925;167 816;A01;2;7;0;2;1;19;1;
29299;202100018926;167 814;A01;2;7;0;1;1;1;1;
29300;202100018927;167 812;A01;1;7;0;2;3;1;1;
29301;202100018927;167 813;B01;1;1;0;2;7;19;5;
29302;202100018928;167 810;A01;1;7;0;2;1;1;1;
29303;202100018928;167 811;B01;2;1;0;2;2;1;5;
29304;202100018929;167 808;A01;1;1;0;2;1;1;5;
29305;202100018929;167 809;B01;2;7;0;2;2;26;3;
29306;202100018930;167 806;B01;2;1;0;2;0;19;5;
29307;202100018930;167 807;A01;1;31;0;2;1;13;1;
29308;202100018931;167 804;B01;2;31;0;2;1;15;1;
29309;202100018931;167 805;A01;1;1;0;2;1;1;5;
29310;202100018932;167 802;A01;1;7;0;2;7;1;1;
29311;202100018932;167 803;B01;2;7;0;2;1;1;1;
29312;202100018933;167 800;A01;2;33;0;2;1;1;1;
29313;202100018933;167 801;B01;2;33;0;2;0;15;1;
29314;202100018934;167 799;A01;3;7;0;1;1;1;1;
29315;202100018935;167 798;A01;1;7;0;1;1;1;1;
29316;202100018936;167 796;B01;1;2;0;2;1;1;1;
29317;202100018936;167 797;A01;2;7;0;2;5;15;1;
29318;202100018937;167 794;B01;2;1;0;2;4;2;5;
29319;202100018937;167 795;A01;1;7;0;2;1;15;1;
29320;202100018938;167 792;A01;1;14;0;2;1;9;1;
29321;202100018938;167 793;B01;1;1;0;2;8;18;5;
29322;202100018939;167 790;A01;2;7;0;2;1;2;1;
29323;202100018939;167 791;B01;1;1;0;2;8;19;5;
29324;202100018940;167 789;A01;1;7;0;1;1;16;1;
29325;202100018941;167 787;B01;2;7;0;2;1;19;1;
29326;202100018941;167 788;A01;2;7;0;2;7;1;1;
29327;202100018942;167 785;A01;1;7;0;2;1;15;1;
29328;202100018942;167 786;B01;1;1;0;2;1;9;5;
29329;202100018943;167 784;A01;1;7;0;1;3;21;1;
29330;202100018944;167 782;B01;3;7;0;2;3;1;1;
29331;202100018944;167 783;A01;3;30;0;2;1;19;1;
29332;202100018945;167 780;B01;1;1;8;2;3;1;5;
29333;202100018945;167 781;A01;2;10;0;2;3;9;1;
29334;202100018946;167 777;A01;1;7;1;0;1;14;1;
29335;202100018947;167 775;B01;1;2;0;2;8;1;1;
29336;202100018947;167 776;A01;1;7;0;9;2;15;1;
29337;202100018948;167 774;A01;1;7;6;0;1;7;1;
29338;202100018949;167 773;A01;1;7;0;1;2;2;1;
29339;202100018950;167 771;B01;1;80;0;0;0;26;3;
29340;202100018950;167 772;A01;1;7;0;0;0;26;1;
29341;202100018951;167 769;B01;1;31;0;2;1;1;1;
29342;202100018951;167 770;A01;1;7;0;2;5;15;1;
29343;202100018952;167 766;C01;2;32;0;2;3;1;1;
29344;202100018952;167 767;A01;2;7;0;2;3;15;1;
29345;202100018952;167 768;B01;2;7;0;9;3;1;1;
29346;202100018953;167 765;A01;3;33;4;0;3;13;1;
29347;202100018955;167 761;B01;3;1;0;2;1;1;5;
29348;202100018955;167 762;A01;0;7;0;2;7;15;1;
29349;202100018956;167 758;A01;3;7;0;9;1;1;1;
29350;202100018956;167 759;C01;3;7;0;2;7;23;1;
29351;202100018956;167 760;B01;3;1;0;2;4;2;5;
29352;202100018958;167 754;A01;3;7;0;2;2;24;1;
29353;202100018958;167 755;B01;3;7;1;2;3;16;1;