;Num_Acc;id_vehicule;num_veh;senc;catv;obs;obsm;choc;manv;motor;occutc
29354;202100018959;167 752;B01;2;7;0;2;3;1;1;
29355;202100018959;167 753;A01;1;7;0;2;3;13;1;
29356;202100018960;167 750;B01;0;7;0;2;1;15;1;
29357;202100018960;167 751;A01;0;1;0;2;3;1;5;
29358;202100018961;167 747;A01;3;7;0;2;1;1;1;
29359;202100018961;167 748;C01;3;10;0;2;4;1;1;
29360;202100018961;167 749;B01;3;7;0;2;4;1;1;
29361;202100018962;167 745;B01;2;7;0;2;3;15;1;
29362;202100018962;167 746;A01;2;30;0;2;2;17;1;
29363;202100018963;167 743;A01;1;10;0;2;1;1;1;
29364;202100018963;167 744;B01;1;50;0;2;7;19;3;
29365;202100018964;167 741;A01;1;33;0;2;1;13;0;
29366;202100018964;167 742;B01;2;7;0;0;0;1;1;
29367;202100018965;167 738;A01;1;7;0;0;1;1;0;
29368;202100018965;167 739;B01;1;7;0;0;4;23;1;
29369;202100018965;167 740;C01;1;7;0;0;4;23;0;
29370;202100018966;167 736;A01;2;7;0;2;4;23;1;
29371;202100018966;167 737;B01;3;10;0;2;1;2;1;
29372;202100018967;167 734;B01;1;7;0;2;1;3;1;
29373;202100018967;167 735;A01;1;7;0;2;4;11;1;
29374;202100018968;167 733;A01;0;30;0;0;1;13;1;
29375;202100018969;167 731;B01;1;7;0;2;7;1;1;
29376;202100018969;167 732;A01;2;7;0;2;1;15;1;
29377;202100018970;167 729;B01;1;7;0;2;2;1;1;
29378;202100018970;167 730;A01;3;10;0;2;1;19;1;
29379;202100018971;167 724;C01;3;33;0;2;0;17;1;
29380;202100018971;167 725;B01;3;33;0;2;1;2;1;
29381;202100018971;167 726;A01;3;33;0;2;4;14;1;
29382;202100018973;167 720;A01;3;7;0;2;3;16;1;
29383;202100018973;167 721;B01;3;2;0;2;7;0;1;
29384;202100018974;167 718;B01;1;31;0;2;1;1;1;
29385;202100018974;167 719;A01;1;7;0;2;6;10;1;
29386;202100018975;167 716;A01;1;10;0;2;6;10;1;
29387;202100018975;167 717;B01;2;33;0;2;1;1;1;
29388;202100018976;167 714;A01;2;7;0;2;1;1;1;
29389;202100018976;167 715;B01;1;33;0;2;3;1;0;
29390;202100018978;167 711;A01;3;33;12;0;2;1;1;
29391;202100018979;167 709;A01;1;7;0;2;0;0;1;
29392;202100018979;167 710;B01;1;1;0;2;0;0;5;
29393;202100018980;167 707;A01;1;30;0;2;1;1;1;
29394;202100018980;167 708;B01;1;7;0;2;7;1;1;
29395;202100018981;167 704;B01;1;7;0;2;7;1;1;
29396;202100018981;167 705;C01;1;7;0;2;7;1;1;
29397;202100018981;167 706;A01;1;7;0;2;8;13;1;
29398;202100018983;167 700;A01;2;1;0;1;8;1;5;
29399;202100018984;167 698;A01;1;30;0;2;1;13;1;
29400;202100018984;167 699;B01;2;10;0;2;3;1;1;
29401;202100018985;167 696;A01;2;7;0;2;3;13;1;
29402;202100018985;167 697;B01;2;34;0;2;5;1;1;
29403;202100018986;167 694;A01;1;7;0;2;7;15;1;
29404;202100018986;167 695;B01;2;1;0;2;1;1;5;
29405;202100018987;167 693;A01;2;7;0;1;2;1;1;
29406;202100018988;167 691;B01;1;30;0;2;4;2;3;
29407;202100018988;167 692;A01;1;30;0;2;2;2;3;
29408;202100018989;167 690;Z01;3;50;0;1;1;1;3;
29409;202100018990;167 688;A01;1;7;0;2;1;10;1;
29410;202100018990;167 689;B01;1;34;0;2;2;1;1;
29411;202100018991;167 686;B01;1;33;0;2;1;1;1;
29412;202100018991;167 687;A01;1;7;0;2;2;1;1;
29413;202100018992;167 684;A01;1;10;0;2;8;15;1;
29414;202100018992;167 685;B01;1;80;0;2;2;1;3;
29415;202100018993;167 682;B01;1;10;0;2;6;2;1;
29416;202100018993;167 683;A01;1;33;0;2;1;2;1;
29417;202100018994;167 681;A01;2;7;0;1;1;1;1;
29418;202100018995;167 680;A01;2;7;0;1;2;1;1;
29419;202100018996;167 678;A01;1;10;0;2;0;16;1;
29420;202100018996;167 679;B01;1;1;0;2;0;1;5;
29421;202100018997;167 677;A01;1;7;0;1;2;1;1;
29422;202100018998;167 675;B01;2;1;0;2;1;16;5;
29423;202100018998;167 676;A01;1;1;0;2;1;1;5;
29424;202100018999;167 673;B01;2;30;0;2;1;1;1;
29425;202100018999;167 674;A01;1;7;0;2;2;1;1;
29426;202100019000;167 672;A01;2;7;0;1;1;1;2;
29427;202100019001;167 671;Z01;2;34;0;1;1;1;0;
29428;202100019002;167 670;A01;2;30;0;1;1;17;3;
29429;202100019003;167 668;A01;1;7;0;2;1;15;1;
29430;202100019003;167 669;B01;2;1;0;2;7;1;5;
29431;202100019004;167 666;B01;1;50;0;2;7;1;3;
29432;202100019004;167 667;A01;1;7;0;2;3;1;1;
29433;202100019005;167 664;B01;1;10;0;2;8;1;1;
29434;202100019005;167 665;A01;2;1;0;2;8;13;5;
29435;202100019006;167 663;A01;1;50;0;0;7;14;3;
29436;202100019007;167 661;B01;2;7;0;2;5;15;1;
29437;202100019007;167 662;A01;1;33;0;2;1;1;1;
29438;202100019008;167 659;B01;1;10;0;2;3;15;1;
29439;202100019008;167 660;A01;1;32;0;2;7;17;1;
29440;202100019009;167 658;Z01;0;1;0;1;1;1;5;
29441;202100019010;167 657;Z01;2;7;0;1;1;1;0;
29442;202100019011;167 656;A01;1;1;14;0;7;13;5;
29443;202100019012;167 654;B01;1;1;0;2;1;1;5;
29444;202100019012;167 655;A01;2;1;0;2;1;15;5;
29445;202100019014;167 650;B01;2;7;0;2;4;2;1;
29446;202100019014;167 651;A01;2;15;0;2;1;2;0;
29447;202100019015;167 648;A01;2;7;0;2;2;15;1;
29448;202100019015;167 649;B01;1;33;0;2;1;1;1;
29449;202100019016;167 647;A01;3;7;0;1;1;1;1;
29450;202100019017;167 645;B01;1;1;1;0;2;0;0;
29451;202100019017;167 646;A01;1;10;0;2;3;24;1;
29452;202100019018;167 644;A01;2;7;0;1;1;1;1;
29453;202100019019;167 643;A01;0;7;0;1;2;2;1;
29454;202100019020;167 642;A01;1;32;8;0;1;1;1;
29455;202100019021;167 638;B01;1;13;0;2;0;0;1;
29456;202100019021;167 639;A01;1;7;0;2;3;15;1;
29457;202100019022;167 636;A01;1;7;0;2;3;26;1;
29458;202100019022;167 637;B01;2;10;0;2;2;26;1;
29459;202100019023;167 634;B01;3;1;0;2;2;25;5;
29460;202100019023;167 635;A01;3;7;0;2;3;9;1;
29461;202100019024;167 632;B01;3;40;0;2;1;1;3;
29462;202100019024;167 633;A01;3;7;0;4;3;15;1;
29463;202100019027;167 627;B01;3;7;0;0;0;0;0;
29464;202100019027;167 628;A01;3;33;0;2;1;0;0;
29465;202100019030;167 621;A01;1;7;0;2;1;2;1;
29466;202100019030;167 622;B01;1;31;0;2;4;1;1;
29467;202100019031;167 620;A01;1;32;0;1;1;3;1;
29468;202100019032;167 618;Z01;2;3;0;2;7;2;0;
29469;202100019032;167 619;B01;2;1;0;2;8;2;5;
29470;202100019033;167 617;A01;3;2;0;1;1;1;1;
29471;202100019035;167 613;A01;1;7;0;2;1;9;1;
29472;202100019035;167 614;B01;1;33;0;2;2;1;1;
29473;202100019036;167 611;B01;0;1;0;2;0;19;6;
29474;202100019036;167 612;A01;1;7;0;2;1;15;3;
29475;202100019037;167 608;C01;2;7;0;0;3;1;1;
29476;202100019037;167 609;B01;2;10;0;0;3;1;1;
29477;202100019037;167 610;A01;1;7;0;0;1;13;1;
29478;202100019038;167 607;A01;3;2;0;0;7;1;1;
29479;202100019039;167 606;A01;3;7;2;0;2;0;1;
29480;202100019040;167 604;A01;1;7;0;2;3;18;1;
29481;202100019040;167 605;B01;1;1;0;2;4;14;5;
29482;202100019041;167 602;A01;1;33;0;2;1;13;1;
29483;202100019041;167 603;B01;2;7;0;2;2;13;1;
29484;202100019042;167 600;A01;1;7;0;2;3;1;1;
29485;202100019042;167 601;B01;2;7;0;2;1;1;1;
29486;202100019043;167 598;A01;2;10;0;2;2;1;1;
29487;202100019043;167 599;B01;3;7;0;2;6;9;1;
29488;202100019044;167 596;A01;1;7;0;1;1;1;1;
29489;202100019045;167 595;A01;1;1;0;0;9;0;5;
29490;202100019046;167 594;A01;2;2;6;0;2;1;1;
29491;202100019047;167 593;A01;1;33;0;0;9;1;1;
29492;202100019048;167 591;B01;0;7;0;2;8;1;1;
29493;202100019048;167 592;A01;0;31;0;2;8;19;1;
29494;202100019049;167 590;A01;2;33;0;0;1;1;1;
29495;202100019050;167 588;A01;1;7;0;0;3;9;1;
29496;202100019050;167 589;B01;2;2;0;0;1;17;1;
29497;202100019051;167 587;A01;1;10;16;0;9;0;1;
29498;202100019052;167 585;B01;2;15;0;2;4;0;1;
29499;202100019052;167 586;A01;2;10;1;0;1;3;1;
29500;202100019053;167 583;A01;2;33;0;2;1;13;1;
29501;202100019053;167 584;B01;1;7;0;2;1;26;1;
29502;202100019054;167 582;A01;1;10;6;0;1;1;1;
29503;202100019055;167 580;A01;2;7;2;0;1;1;1;
29504;202100019056;167 579;A01;0;33;3;0;2;1;1;
29505;202100019057;167 577;B01;2;31;0;2;1;13;1;
29506;202100019057;167 578;A01;1;7;0;2;3;1;1;
29507;202100019058;167 575;B01;1;7;0;2;1;2;1;
29508;202100019058;167 576;A01;1;7;0;0;4;1;1;
29509;202100019059;167 573;B01;3;7;0;2;3;1;1;
29510;202100019059;167 574;A01;3;1;0;2;2;1;5;
29511;202100019060;167 570;A01;1;21;16;0;9;1;1;
29512;202100019061;167 568;B01;1;7;3;2;1;1;1;
29513;202100019061;167 569;A01;1;7;0;2;1;13;1;
29514;202100019062;167 567;A01;3;10;2;0;3;1;1;
29515;202100019063;167 565;A01;1;7;0;2;3;15;1;
29516;202100019063;167 566;B01;1;7;13;2;8;17;1;
29517;202100019064;167 564;A01;1;1;0;1;1;1;5;
29518;202100019065;167 563;A01;1;7;0;1;4;20;1;
29519;202100019066;167 561;A01;2;7;0;2;1;2;1;
29520;202100019066;167 562;B01;2;7;0;0;4;15;1;
29521;202100019067;167 560;A01;1;33;3;0;0;17;1;
29522;202100019068;167 558;B01;2;7;0;2;2;1;1;
29523;202100019068;167 559;A01;2;7;0;0;6;21;1;
29524;202100019069;167 556;A01;1;7;0;0;7;10;1;
29525;202100019069;167 557;B01;1;33;0;2;1;2;1;
29526;202100019070;167 554;B01;1;31;0;2;7;17;1;
29527;202100019070;167 555;A01;1;7;0;2;3;10;1;
29528;202100019071;167 552;A01;0;10;0;0;5;23;1;
29529;202100019071;167 553;B01;3;1;0;2;1;1;5;
29530;202100019072;167 551;A01;2;7;13;0;0;0;1;
29531;202100019073;167 550;A01;1;7;3;0;3;14;1;
29532;202100019074;167 548;B01;1;7;0;2;1;1;1;
29533;202100019074;167 549;A01;2;15;0;2;7;15;1;
29534;202100019075;167 547;A01;1;10;16;0;9;1;1;
29535;202100019076;167 545;B01;1;33;0;2;1;17;1;
29536;202100019076;167 546;A01;2;7;0;2;8;15;1;
29537;202100019077;167 543;B01;0;7;0;2;3;1;1;
29538;202100019077;167 544;A01;3;31;0;2;1;1;1;
29539;202100019078;167 542;A01;2;7;13;0;0;14;1;
29540;202100019079;167 540;B01;2;7;9;0;3;1;1;
29541;202100019079;167 541;A01;2;7;0;0;1;26;1;
29542;202100019080;167 538;B01;1;7;0;2;7;15;1;
29543;202100019080;167 539;A01;1;31;0;2;1;1;1;
29544;202100019081;167 535;A01;2;33;0;2;5;3;1;
29545;202100019081;167 536;B01;2;7;0;0;6;1;2;
29546;202100019081;167 537;C01;1;10;0;2;6;1;1;
29547;202100019082;167 533;A01;2;7;0;2;3;10;1;
29548;202100019082;167 534;B01;2;7;0;2;1;1;1;
29549;202100019083;167 532;A01;3;7;6;0;2;15;1;
29550;202100019084;167 530;B01;3;7;0;2;3;1;1;
29551;202100019084;167 531;A01;3;2;0;2;1;19;1;
29552;202100019085;167 528;A01;0;7;0;2;1;13;1;
29553;202100019085;167 529;B01;0;7;0;2;1;1;1;
29554;202100019086;167 527;A01;0;7;2;0;1;1;1;
29555;202100019087;167 525;B01;0;7;7;2;2;1;1;
29556;202100019087;167 526;A01;3;7;0;2;5;4;1;
29557;202100019089;167 522;A01;2;7;6;0;2;1;1;
29558;202100019090;167 520;A01;1;7;0;2;2;15;1;
29559;202100019090;167 521;B01;2;1;0;2;1;1;5;
29560;202100019091;167 518;B01;1;2;0;2;1;1;1;
29561;202100019091;167 519;A01;2;7;0;2;5;15;1;
29562;202100019092;167 516;A01;2;7;7;0;7;19;1;
29563;202100019092;167 517;B01;2;7;0;2;1;1;1;
29564;202100019093;167 513;A01;1;7;0;2;2;17;1;
29565;202100019093;167 514;B01;2;10;0;2;6;1;1;
29566;202100019093;167 515;C01;1;1;0;2;8;2;5;
29567;202100019094;167 510;A01;2;7;3;2;1;1;1;
29568;202100019094;167 511;B01;1;7;0;2;8;1;1;
29569;202100019094;167 512;C01;1;17;0;2;3;1;1;
29570;202100019095;167 505;A01;1;7;0;0;6;1;1;
29571;202100019095;167 506;B01;1;7;0;0;3;1;1;
29572;202100019095;167 507;C01;1;10;0;0;8;1;1;
29573;202100019095;167 508;D01;2;7;0;0;1;1;1;
29574;202100019097;167 501;B01;1;10;0;2;1;1;1;
29575;202100019097;167 502;A01;1;7;0;0;4;1;1;
29576;202100019098;167 498;A01;1;7;0;2;4;2;2;
29577;202100019098;167 499;B01;1;7;0;2;4;2;1;
29578;202100019098;167 500;C01;1;7;0;2;1;2;1;
29579;202100019099;167 496;A01;2;7;0;2;6;1;1;
29580;202100019099;167 497;B01;2;7;0;2;2;1;1;
29581;202100019100;167 494;A01;1;7;0;2;6;1;1;
29582;202100019100;167 495;B01;1;7;0;2;9;1;1;
29583;202100019101;167 492;A01;2;7;0;2;4;1;1;
29584;202100019101;167 493;B01;2;10;0;2;1;1;1;
29585;202100019102;167 488;A01;1;7;0;2;4;1;1;
29586;202100019102;167 489;B01;1;7;0;2;4;1;1;
29587;202100019102;167 490;C01;1;7;0;2;4;1;1;
29588;202100019102;167 491;D01;1;7;0;2;1;1;1;
29589;202100019103;167 486;Z01;1;10;0;2;0;0;0;
29590;202100019103;167 487;A01;2;32;0;2;8;1;1;
29591;202100019104;167 481;A01;2;7;0;2;1;2;1;
29592;202100019104;167 482;B01;2;7;0;2;4;1;1;
29593;202100019104;167 483;C01;2;43;0;2;4;1;1;
29594;202100019104;167 484;E01;2;7;0;2;4;2;1;
29595;202100019104;167 485;D01;2;7;0;2;4;2;1;
29596;202100019105;167 479;B01;2;7;0;2;4;1;1;
29597;202100019105;167 480;Z01;2;7;0;2;0;0;0;
29598;202100019106;167 477;B01;1;33;0;2;1;1;1;
29599;202100019106;167 478;A01;1;10;0;0;8;13;0;
29600;202100019108;167 474;A01;2;10;4;0;1;14;1;
29601;202100019110;167 471;A01;2;33;0;2;1;1;1;
29602;202100019110;167 472;B01;2;7;0;2;4;1;0;
29603;202100019111;167 463;H01;1;7;0;2;4;2;1;
29604;202100019111;167 464;G01;2;17;0;2;4;2;1;
29605;202100019111;167 465;F01;2;7;0;2;4;2;1;
29606;202100019111;167 466;E01;2;7;0;2;4;2;1;
29607;202100019111;167 467;D01;2;7;0;2;4;2;1;
29608;202100019111;167 468;C01;2;7;0;2;4;2;1;
29609;202100019111;167 469;B01;2;7;0;2;4;2;1;
29610;202100019111;167 470;A01;2;7;0;2;1;2;1;
29611;202100019112;167 462;A01;1;7;0;0;9;1;1;
29612;202100019113;167 460;B01;1;7;0;2;4;2;1;
29613;202100019113;167 461;A01;1;7;0;2;1;2;1;
29614;202100019114;167 458;B01;2;7;3;2;8;3;1;
29615;202100019114;167 459;A01;2;7;0;2;2;12;1;
29616;202100019115;167 457;A01;2;33;0;0;7;0;1;
29617;202100019116;167 456;A01;1;7;4;0;0;0;1;
29618;202100019117;167 454;A01;2;32;0;2;7;1;1;
29619;202100019117;167 455;B01;2;7;0;2;8;11;1;
29620;202100019118;167 451;A01;1;33;0;2;4;11;1;
29621;202100019118;167 452;C01;1;7;0;2;0;1;1;
29622;202100019118;167 453;B01;1;33;0;2;1;1;1;
29623;202100019119;167 449;A01;1;7;0;2;3;11;1;
29624;202100019119;167 450;B01;1;33;0;2;1;1;1;
29625;202100019120;167 448;A01;2;33;4;2;7;21;1;
29626;202100019122;167 444;A01;1;7;4;0;3;21;1;
29627;202100019123;167 442;A01;1;33;0;2;1;1;1;
29628;202100019123;167 443;B01;1;7;0;2;4;1;2;
29629;202100019124;167 441;A01;2;7;4;0;1;26;1;
29630;202100019125;167 439;B01;2;10;0;2;4;23;1;
29631;202100019125;167 440;A01;2;33;0;2;1;9;1;
29632;202100019126;167 435;A01;2;33;0;2;1;3;1;
29633;202100019126;167 436;B01;2;7;0;2;3;11;1;
29634;202100019126;167 437;C01;2;7;0;2;5;1;1;
29635;202100019126;167 438;D01;2;14;0;2;8;1;1;
29636;202100019128;167 433;A01;1;7;0;1;1;26;1;
29637;202100019129;167 432;A01;0;1;0;1;1;1;5;
29638;202100019130;167 431;A01;1;7;1;0;9;5;1;
29639;202100019131;167 430;A01;2;7;0;1;4;4;1;
29640;202100019132;167 429;A01;2;30;0;1;1;17;1;
29641;202100019133;167 427;B01;1;7;0;2;0;0;1;
29642;202100019133;167 428;A01;2;7;0;2;3;15;1;
29643;202100019134;167 425;B01;1;50;0;2;1;1;3;
29644;202100019134;167 426;A01;2;7;0;2;1;13;1;
29645;202100019135;167 424;A01;1;7;1;0;2;2;1;
29646;202100019136;167 422;A01;3;7;1;0;8;26;1;
29647;202100019136;167 423;B01;3;7;0;2;5;24;1;
29648;202100019137;167 420;A01;1;7;0;2;3;15;1;
29649;202100019137;167 421;B01;1;2;0;2;8;1;1;
29650;202100019138;167 419;A01;3;10;0;1;2;1;1;
29651;202100019139;167 417;B01;3;7;0;2;8;15;1;
29652;202100019139;167 418;A01;3;31;0;2;2;1;1;
29653;202100019140;167 415;A01;0;7;0;2;4;26;1;
29654;202100019140;167 416;B01;3;7;0;2;2;1;1;
29655;202100019141;167 414;A01;2;10;0;1;8;1;1;
29656;202100019142;167 412;A01;1;34;0;2;3;17;1;
29657;202100019142;167 413;B01;1;7;0;2;3;0;1;
29658;202100019143;167 411;A01;1;30;0;0;8;1;1;
29659;202100019144;167 409;B01;1;7;0;2;1;1;1;
29660;202100019144;167 410;A01;1;7;0;2;8;19;1;
29661;202100019145;167 406;A01;0;7;0;2;3;15;1;
29662;202100019145;167 407;B01;0;7;0;2;1;1;1;
29663;202100019145;167 408;C01;0;7;0;2;0;23;1;
29664;202100019146;167 405;A01;2;10;0;1;3;15;1;
29665;202100019147;167 403;B01;2;32;0;2;8;1;1;
29666;202100019147;167 404;A01;1;7;0;2;3;15;1;
29667;202100019148;167 401;A01;0;33;0;2;1;15;1;
29668;202100019148;167 402;B01;0;7;0;2;3;1;1;
29669;202100019149;167 399;A01;3;7;0;9;3;1;1;
29670;202100019149;167 400;B01;3;50;0;2;1;1;3;
29671;202100019150;167 397;A01;1;7;0;2;1;15;1;
29672;202100019150;167 398;B01;2;2;0;2;1;3;1;
29673;202100019151;167 396;A01;0;30;0;1;4;1;0;
29674;202100019153;167 393;A01;1;7;0;2;3;15;1;
29675;202100019153;167 394;B01;2;33;0;2;1;2;1;
29676;202100019154;167 391;A01;1;7;0;2;1;9;1;
29677;202100019154;167 392;B01;2;7;0;2;7;1;1;
29678;202100019156;167 387;A01;2;10;0;2;2;0;1;
29679;202100019156;167 388;B01;1;30;0;2;1;0;1;
29680;202100019157;167 386;A01;1;10;0;1;1;1;1;
29681;202100019158;167 384;B01;1;7;0;2;8;15;1;
29682;202100019158;167 385;A01;1;30;0;2;3;17;1;
29683;202100019159;167 381;A01;1;7;0;2;1;1;1;
29684;202100019159;167 382;C01;1;7;0;2;3;1;1;
29685;202100019159;167 383;B01;2;7;0;2;5;1;1;
29686;202100019160;167 379;B01;1;10;0;2;3;1;1;
29687;202100019160;167 380;A01;2;7;0;2;3;15;1;
29688;202100019161;167 377;B01;1;7;0;2;3;15;1;
29689;202100019161;167 378;A01;2;33;0;2;1;17;1;
29690;202100019162;167 376;A01;3;21;4;0;1;1;1;
29691;202100019163;167 374;B01;2;33;0;2;1;1;1;
29692;202100019163;167 375;A01;1;7;0;2;2;15;1;
29693;202100019164;167 372;B01;2;7;0;2;1;1;1;
29694;202100019164;167 373;A01;2;7;0;2;7;9;1;
29695;202100019166;167 369;A01;-1;7;0;2;2;19;1;
29696;202100019166;167 370;B01;-1;7;0;2;1;1;1;
29697;202100019168;167 366;A01;1;7;0;1;1;1;1;
29698;202100019169;167 365;A01;1;7;0;1;3;19;0;
29699;202100019170;167 364;A01;1;7;6;0;1;1;1;
29700;202100019171;167 362;B01;1;30;0;2;1;17;1;
29701;202100019171;167 363;A01;2;99;9;2;6;11;1;
29702;202100019172;167 360;B01;1;10;0;2;4;26;1;
29703;202100019172;167 361;A01;1;7;0;2;1;26;1;
29704;202100019173;167 359;A01;3;7;1;0;8;16;1;
29705;202100019174;167 358;A01;1;7;8;0;1;14;1;
29706;202100019175;167 357;A01;3;7;1;0;2;1;1;
29707;202100019176;167 355;A01;1;40;0;2;1;1;3;
29708;202100019176;167 356;B01;3;50;0;4;3;26;3;
29709;202100019177;167 354;A01;2;31;0;1;1;1;0;
29710;202100019179;167 350;B01;2;33;0;2;1;1;1;
29711;202100019179;167 351;A01;1;7;0;2;7;15;1;
29712;202100019180;167 348;A01;1;33;0;2;1;2;1;
29713;202100019180;167 349;B01;1;7;0;2;4;2;1;
29714;202100019183;167 338;A01;2;7;0;2;8;16;1;
29715;202100019183;167 339;B01;2;7;0;2;1;1;1;
29716;202100019184;167 336;A01;3;7;0;0;0;0;1;
29717;202100019184;167 337;B01;3;30;0;0;0;0;0;
29718;202100019185;167 335;A01;3;7;0;1;7;1;1;
29719;202100019186;167 334;A01;0;7;13;0;9;2;1;
29720;202100019187;167 332;B01;1;1;0;2;0;1;5;
29721;202100019187;167 333;A01;2;1;0;2;0;1;5;
29722;202100019188;167 329;A01;3;34;0;2;1;17;1;
29723;202100019188;167 330;B01;3;7;0;2;6;0;1;
29724;202100019189;167 328;A01;1;7;10;0;1;1;1;
29725;202100019190;167 326;A01;2;33;2;2;1;21;1;
29726;202100019190;167 327;B01;2;7;1;0;3;11;1;
29727;202100019192;167 323;A01;1;7;0;1;6;26;1;
29728;202100019193;167 321;B01;2;7;0;2;2;1;1;
29729;202100019193;167 322;A01;2;7;0;2;1;9;1;
29730;202100019194;167 318;C01;1;10;0;2;1;2;1;
29731;202100019194;167 319;B01;1;10;0;2;4;2;1;
29732;202100019194;167 320;A01;1;10;0;2;4;2;1;
29733;202100019195;167 315;A01;1;7;0;2;3;13;1;
29734;202100019195;167 316;B01;1;7;0;2;6;17;1;
29735;202100019195;167 317;C01;2;7;0;2;3;1;1;
29736;202100019196;167 313;A01;3;7;0;2;1;19;1;
29737;202100019196;167 314;B01;3;1;0;2;8;19;5;
29738;202100019197;167 311;B01;1;10;0;2;4;2;1;
29739;202100019197;167 312;A01;1;10;0;2;1;2;1;
29740;202100019198;167 309;B01;2;7;0;2;6;23;2;
29741;202100019198;167 310;A01;2;7;0;2;2;14;1;
29742;202100019199;167 307;A01;0;3;0;2;8;9;1;
29743;202100019199;167 308;B01;1;32;0;2;1;1;1;
29744;202100019200;167 305;A01;1;13;0;2;2;16;1;
29745;202100019200;167 306;B01;1;1;0;2;1;1;5;
29746;202100019201;167 304;A01;2;32;0;1;2;1;1;
29747;202100019202;167 303;A01;2;50;0;0;1;5;3;
29748;202100019203;167 301;A01;3;30;0;2;5;1;1;
29749;202100019203;167 302;B01;3;1;0;2;1;19;5;
29750;202100019204;167 300;A01;2;33;8;0;1;1;1;
29751;202100019205;167 299;A01;1;43;1;0;2;14;1;
29752;202100019206;167 297;B01;1;50;0;2;8;7;3;
29753;202100019206;167 298;A01;1;7;0;2;2;17;1;
29754;202100019207;167 296;A01;2;1;0;1;8;1;5;
29755;202100019208;167 294;B01;1;7;0;2;3;15;1;
29756;202100019208;167 295;A01;1;32;0;2;2;17;1;
29757;202100019209;167 292;Z01;2;1;0;2;1;13;5;
29758;202100019209;167 293;A01;1;50;0;2;8;1;3;
29759;202100019210;167 290;A01;2;7;0;2;1;2;1;
29760;202100019210;167 291;B01;2;7;0;2;4;2;1;
29761;202100019211;167 288;A01;3;7;0;2;3;13;1;
29762;202100019211;167 289;B01;3;7;0;2;7;1;1;
29763;202100019212;167 287;A01;1;7;0;5;9;21;1;
29764;202100019214;167 284;A01;0;7;8;0;1;2;1;
29765;202100019215;167 283;A01;2;7;0;1;2;16;1;
29766;202100019216;167 281;B01;1;7;0;2;1;1;1;
29767;202100019216;167 282;A01;2;7;0;2;5;19;1;
29768;202100019217;167 279;A01;2;10;0;9;3;15;1;
29769;202100019217;167 280;B01;2;1;0;2;1;0;5;
29770;202100019218;167 277;B01;3;50;12;2;1;13;3;
29771;202100019218;167 278;A01;3;3;12;2;1;0;0;
29772;202100019219;167 275;B01;1;7;0;2;8;1;1;
29773;202100019219;167 276;A01;1;7;0;2;1;15;1;
29774;202100019220;167 274;A01;1;7;0;1;3;1;2;
29775;202100019221;167 272;A01;1;10;0;2;3;19;1;
29776;202100019221;167 273;B01;2;2;0;2;1;17;1;
29777;202100019222;167 270;B01;1;1;0;2;1;1;5;
29778;202100019222;167 271;A01;0;7;0;2;3;1;1;
29779;202100019223;167 269;A01;2;15;0;1;3;15;1;
29780;202100019224;167 267;A01;3;13;0;0;5;26;0;
29781;202100019224;167 268;B01;3;99;0;0;0;0;0;
29782;202100019226;167 263;B01;2;7;0;2;3;15;1;
29783;202100019226;167 264;A01;2;33;0;2;3;1;1;
29784;202100019227;167 262;A01;1;31;8;0;1;14;1;
29785;202100019228;167 260;A01;0;33;0;2;1;3;1;
29786;202100019228;167 261;B01;0;32;0;2;8;15;1;
29787;202100019229;167 259;A01;1;31;0;0;7;21;1;
29788;202100019230;167 257;B01;1;50;0;2;1;19;3;
29789;202100019230;167 258;A01;2;30;0;2;3;1;1;
29790;202100019231;167 256;A01;2;37;0;1;0;26;1;1.0
29791;202100019232;167 255;Z01;1;50;0;1;1;1;3;
29792;202100019234;167 251;A01;1;33;0;2;1;9;1;
29793;202100019234;167 252;B01;1;7;0;2;4;23;1;
29794;202100019235;167 249;A01;3;7;0;2;8;15;1;
29795;202100019235;167 250;B01;3;50;0;2;8;5;3;
29796;202100019236;167 247;A01;1;32;0;2;3;9;1;
29797;202100019236;167 248;B01;2;37;0;2;3;13;4;1.0
29798;202100019237;167 243;C01;1;7;0;2;1;2;2;
29799;202100019237;167 244;B01;1;7;0;2;1;2;2;
29800;202100019237;167 245;A01;1;10;0;2;1;2;1;
29801;202100019237;167 246;D01;1;7;0;2;4;1;1;
29802;202100019238;167 241;B01;1;1;9;2;7;19;5;
29803;202100019238;167 242;A01;2;7;9;2;1;1;1;
29804;202100019240;167 237;A01;1;13;0;2;1;1;1;
29805;202100019240;167 238;B01;2;1;0;2;1;13;5;
29806;202100019241;167 235;B01;2;15;0;2;4;2;1;
29807;202100019241;167 236;A01;2;7;0;2;1;1;1;
29808;202100019242;167 233;A01;2;1;0;2;1;5;5;
29809;202100019242;167 234;B01;1;10;0;9;1;11;1;
29810;202100019243;167 231;A01;1;7;0;2;1;5;1;
29811;202100019243;167 232;B01;2;7;0;2;1;1;1;
29812;202100019244;167 230;A01;2;33;2;0;1;13;1;
29813;202100019245;167 229;A01;2;7;13;0;1;17;1;
29814;202100019246;167 227;A01;1;7;0;2;1;5;1;
29815;202100019246;167 228;B01;2;7;0;2;2;1;1;