;Num_Acc;id_vehicule;num_veh;senc;catv;obs;obsm;choc;manv;motor;occutc
29816;202100019247;167 225;B01;1;7;0;2;1;1;1;
29817;202100019247;167 226;A01;2;7;0;2;2;15;1;
29818;202100019248;167 224;A01;1;33;0;0;0;15;1;
29819;202100019251;167 219;A01;2;7;0;2;3;1;1;
29820;202100019251;167 220;B01;1;33;0;2;3;1;1;
29821;202100019252;167 217;B01;2;7;0;0;1;1;1;
29822;202100019252;167 218;A01;1;7;0;0;2;15;1;
29823;202100019253;167 215;B01;0;2;0;2;6;15;1;
29824;202100019253;167 216;A01;0;7;0;2;2;17;1;
29825;202100019254;167 214;A01;2;7;13;0;2;1;1;
29826;202100019255;167 213;A01;0;7;10;0;0;0;1;
29827;202100019256;167 211;B01;3;7;0;2;3;1;1;
29828;202100019256;167 212;A01;3;7;0;2;3;1;1;
29829;202100019257;167 209;B01;1;7;0;2;1;1;1;
29830;202100019257;167 210;A01;1;7;0;2;1;15;1;
29831;202100019258;167 207;A01;2;33;0;2;3;13;1;
29832;202100019258;167 208;B01;1;7;0;2;8;1;1;
29833;202100019260;167 205;A01;3;7;0;1;3;26;1;
29834;202100019261;167 204;A01;1;7;8;0;1;0;1;
29835;202100019262;167 203;A01;1;7;13;0;7;1;1;
29836;202100019263;167 201;A01;1;7;0;0;3;19;1;
29837;202100019263;167 202;B01;1;33;0;2;1;1;1;
29838;202100019264;167 199;A01;1;33;5;2;7;17;1;
29839;202100019264;167 200;B01;1;10;0;2;8;1;1;
29840;202100019265;167 197;A01;1;7;0;2;1;23;1;
29841;202100019265;167 198;B01;2;7;9;2;1;26;1;
29842;202100019266;167 195;A01;3;7;0;2;1;2;1;
29843;202100019266;167 196;B01;3;2;0;2;4;2;1;
29844;202100019267;167 193;A01;2;7;0;2;1;5;1;
29845;202100019267;167 194;B01;1;7;0;2;1;1;1;
29846;202100019268;167 192;A01;2;7;2;0;0;1;1;
29847;202100019269;167 191;A01;2;7;0;1;3;1;1;
29848;202100019270;167 190;A01;1;7;2;0;1;1;1;
29849;202100019271;167 188;B01;2;33;0;2;1;1;1;
29850;202100019271;167 189;A01;1;7;0;2;1;17;1;
29851;202100019272;167 187;A01;3;7;13;0;3;1;1;
29852;202100019274;167 184;A01;2;1;0;2;0;0;6;
29853;202100019274;167 185;B01;1;7;0;9;2;1;1;
29854;202100019277;167 177;A01;2;7;0;0;2;0;1;
29855;202100019278;167 175;A01;2;7;0;2;1;1;1;
29856;202100019278;167 176;B01;2;7;0;0;4;1;1;
29857;202100019279;167 174;A01;1;7;2;0;1;1;1;
29858;202100019280;167 172;A01;2;10;0;2;1;1;1;
29859;202100019280;167 173;B01;1;31;0;2;4;2;1;
29860;202100019281;167 170;A01;1;7;0;0;8;0;1;
29861;202100019281;167 171;B01;0;33;0;2;1;5;1;
29862;202100019282;167 168;A01;1;2;0;2;1;17;1;
29863;202100019282;167 169;B01;2;7;0;0;6;15;1;
29864;202100019283;167 166;B01;1;7;0;2;1;1;1;
29865;202100019283;167 167;A01;2;33;4;2;0;1;1;
29866;202100019284;167 165;A01;0;7;0;1;2;1;1;
29867;202100019285;167 163;B01;1;10;0;2;2;0;1;
29868;202100019285;167 164;A01;1;33;3;0;4;0;1;
29869;202100019286;167 162;A01;1;7;13;0;1;1;1;
29870;202100019287;167 160;A01;1;33;0;2;2;17;1;
29871;202100019287;167 161;B01;1;7;0;0;3;1;1;
29872;202100019288;167 159;A01;1;7;13;0;1;16;1;
29873;202100019289;167 157;A01;2;2;0;2;1;2;1;
29874;202100019289;167 158;B01;2;7;0;2;4;2;1;
29875;202100019291;167 154;A01;1;7;0;2;1;5;1;
29876;202100019291;167 155;B01;2;17;0;2;1;1;1;
29877;202100019292;167 153;A01;1;7;2;0;1;13;1;
29878;202100019293;167 150;A01;2;7;0;0;1;1;1;
29879;202100019294;167 147;A01;1;7;3;0;9;14;1;
29880;202100019295;167 145;B01;1;7;0;2;3;15;1;
29881;202100019295;167 146;A01;2;7;0;2;1;0;1;
29882;202100019296;167 142;C01;2;7;0;2;1;1;1;
29883;202100019296;167 143;B01;2;7;0;2;4;1;1;
29884;202100019296;167 144;A01;2;7;0;2;1;2;1;
29885;202100019297;167 141;A01;2;17;13;0;9;26;1;
29886;202100019298;167 139;A01;2;7;0;2;1;2;1;
29887;202100019298;167 140;B01;2;7;0;2;4;2;1;
29888;202100019299;167 137;A01;1;7;0;2;1;2;1;
29889;202100019299;167 138;B01;1;7;0;2;4;2;1;
29890;202100019300;167 135;B01;2;7;0;2;4;2;1;
29891;202100019300;167 136;A01;2;7;0;2;1;2;1;
29892;202100019301;167 134;A01;2;7;0;2;9;2;1;
29893;202100019302;167 131;C01;2;7;0;2;4;23;1;
29894;202100019302;167 132;B01;2;7;0;2;6;23;1;
29895;202100019302;167 133;A01;2;7;0;2;1;9;1;
29896;202100019303;167 128;C01;1;7;0;2;1;2;1;
29897;202100019303;167 129;B01;1;7;0;2;5;1;1;
29898;202100019303;167 130;A01;1;7;0;2;8;11;1;
29899;202100019304;167 125;A01;2;7;0;2;1;2;1;
29900;202100019304;167 126;B01;2;10;0;2;4;2;1;
29901;202100019304;167 127;C01;2;7;0;2;4;2;1;
29902;202100019305;167 123;B01;2;33;0;2;8;1;1;
29903;202100019305;167 124;A01;2;10;0;2;5;12;1;
29904;202100019307;167 118;A01;1;10;0;2;1;2;1;
29905;202100019307;167 119;B01;1;10;0;2;4;2;1;
29906;202100019307;167 120;C01;1;7;0;2;4;2;1;
29907;202100019308;167 115;B01;2;7;0;2;4;0;2;
29908;202100019308;167 116;C01;2;7;0;2;4;0;1;
29909;202100019308;167 117;A01;2;20;0;2;1;26;1;
29910;202100019309;167 111;A01;1;7;0;2;1;1;0;
29911;202100019309;167 112;B01;1;7;0;2;4;1;0;
29912;202100019309;167 113;C01;1;7;0;2;4;1;0;
29913;202100019309;167 114;D01;1;7;0;2;4;1;0;
29914;202100019310;167 110;A01;1;7;3;0;8;1;1;
29915;202100019311;167 108;A01;2;10;0;2;1;2;1;
29916;202100019311;167 109;B01;2;7;0;2;4;2;1;
29917;202100019312;167 107;A01;1;7;0;1;7;26;1;
29918;202100019313;167 104;B01;1;3;0;2;1;1;1;
29919;202100019313;167 105;A01;0;10;0;2;2;15;1;
29920;202100019314;167 102;B01;2;30;0;2;1;21;1;
29921;202100019314;167 103;A01;1;14;0;2;1;1;1;
29922;202100019315;167 101;A01;1;33;6;0;1;16;1;
29923;202100019317;167 097;B01;1;1;0;2;1;26;0;
29924;202100019317;167 098;C01;1;10;0;2;0;22;1;
29925;202100019318;167 095;A01;1;7;0;2;2;5;1;
29926;202100019318;167 096;B01;1;7;0;2;2;2;1;
29927;202100019319;167 093;A01;2;50;0;2;7;5;3;
29928;202100019319;167 094;B01;2;7;0;2;1;1;2;
29929;202100019320;167 091;B01;2;33;0;2;1;1;1;
29930;202100019320;167 092;A01;1;10;0;2;2;15;3;
29931;202100019321;167 090;A01;1;7;15;0;3;13;1;
29932;202100019322;167 088;B01;1;31;0;2;1;1;1;
29933;202100019322;167 089;A01;1;7;0;9;1;20;1;
29934;202100019323;167 087;A01;3;7;0;1;2;9;1;
29935;202100019324;167 084;B01;1;1;0;1;2;0;0;
29936;202100019324;167 085;C01;1;7;0;2;3;0;1;
29937;202100019324;167 086;A01;1;7;0;1;2;0;1;
29938;202100019325;167 082;B01;3;7;1;0;6;20;1;
29939;202100019325;167 083;A01;3;7;0;2;1;2;1;
29940;202100019326;167 080;B01;1;7;0;2;8;1;1;
29941;202100019326;167 081;A01;1;7;15;2;1;19;2;
29942;202100019327;167 078;A01;2;7;0;2;2;15;1;
29943;202100019327;167 079;B01;1;7;0;2;3;1;1;
29944;202100019328;167 076;A01;1;7;0;2;8;5;1;
29945;202100019328;167 077;B01;2;33;0;2;9;0;1;
29946;202100019329;167 075;A01;2;7;0;1;1;2;-1;
29947;202100019330;167 074;A01;1;7;0;1;1;1;1;
29948;202100019331;167 072;A01;3;7;0;2;2;19;1;
29949;202100019331;167 073;B01;3;7;0;2;3;0;1;
29950;202100019332;167 070;B01;1;7;0;2;1;15;1;
29951;202100019332;167 071;A01;1;30;0;2;1;1;1;
29952;202100019333;167 069;A01;1;7;0;1;7;26;1;
29953;202100019334;167 067;A01;2;7;0;2;7;26;1;
29954;202100019334;167 068;B01;3;7;0;2;3;9;1;
29955;202100019335;167 065;B01;2;7;9;0;6;2;1;
29956;202100019335;167 066;A01;2;1;0;2;1;2;5;
29957;202100019336;167 063;B01;2;2;0;2;1;1;1;
29958;202100019336;167 064;A01;1;7;0;2;1;19;1;
29959;202100019337;167 061;B01;1;7;0;2;1;1;1;
29960;202100019337;167 062;A01;2;7;0;2;5;9;1;
29961;202100019338;167 060;A01;1;1;0;0;0;26;5;
29962;202100019339;167 059;A01;1;7;0;0;0;26;1;
29963;202100019340;167 058;A01;2;7;14;0;1;1;1;
29964;202100019341;167 056;B01;1;7;0;2;4;2;1;
29965;202100019341;167 057;A01;1;7;0;2;1;2;1;
29966;202100019342;167 055;A01;1;7;1;0;8;1;1;
29967;202100019343;167 054;A01;1;7;13;0;9;6;1;
29968;202100019345;167 052;A01;3;30;11;0;1;19;1;
29969;202100019346;167 050;B01;0;7;0;2;1;1;1;
29970;202100019346;167 051;A01;0;7;0;2;7;1;1;
29971;202100019347;167 049;A01;2;7;1;0;1;1;1;
29972;202100019348;167 047;A01;1;33;0;2;2;1;1;
29973;202100019348;167 048;B01;2;7;0;2;3;1;1;
29974;202100019350;167 043;B01;1;7;0;2;1;9;1;
29975;202100019350;167 044;A01;1;7;0;2;9;19;1;
29976;202100019351;167 041;A01;2;32;0;2;1;2;1;
29977;202100019351;167 042;B01;2;7;14;0;6;26;1;
29978;202100019352;167 038;C01;2;7;0;2;4;23;1;
29979;202100019352;167 039;B01;2;3;0;2;4;2;1;
29980;202100019352;167 040;A01;2;10;0;2;1;2;1;
29981;202100019353;167 036;A01;1;7;0;2;6;11;1;
29982;202100019353;167 037;B01;1;32;0;2;1;1;1;
29983;202100019354;167 034;A01;1;7;0;2;3;1;1;
29984;202100019354;167 035;B01;2;7;0;2;0;1;1;
29985;202100019355;167 032;A01;0;7;0;2;1;9;1;
29986;202100019355;167 033;B01;0;7;0;2;0;1;0;
29987;202100019356;167 030;A01;1;7;0;2;3;15;1;
29988;202100019356;167 031;B01;2;7;0;2;6;2;1;
29989;202100019357;167 028;A01;1;7;0;2;2;5;1;
29990;202100019357;167 029;B01;2;7;0;2;1;1;1;
29991;202100019358;167 026;B01;1;33;0;2;1;1;1;
29992;202100019358;167 027;A01;2;7;0;2;8;26;1;
29993;202100019359;167 025;A01;1;7;8;0;3;1;1;
29994;202100019361;167 021;B01;0;7;0;2;1;1;1;
29995;202100019361;167 022;A01;3;7;0;2;7;15;1;
29996;202100019362;167 019;A01;3;7;0;2;3;9;1;
29997;202100019362;167 020;B01;3;1;0;2;7;26;0;
29998;202100019363;167 017;A01;3;7;0;2;1;9;1;
29999;202100019363;167 018;B01;0;1;0;2;1;1;5;
30000;202100019366;167 012;A01;1;7;0;2;6;24;1;
30001;202100019366;167 013;Z01;1;30;0;2;0;15;0;
30002;202100019367;167 011;A01;2;1;0;1;1;1;5;
30003;202100019368;167 010;A01;2;7;0;1;3;1;2;
30004;202100019369;167 008;B01;2;30;0;2;4;23;1;
30005;202100019369;167 009;A01;2;32;0;2;1;2;1;
30006;202100019370;167 007;A01;2;7;0;1;2;1;1;
30007;202100019371;167 005;B01;1;7;0;2;4;2;1;
30008;202100019371;167 006;A01;1;33;0;2;1;2;1;
30009;202100019372;167 003;A01;1;7;0;2;1;14;3;
30010;202100019372;167 004;B01;1;7;0;2;6;24;2;
30011;202100019373;167 002;A01;3;80;12;0;1;14;3;
30012;202100019374;167 000;B01;1;7;0;2;3;15;1;
30013;202100019374;167 001;A01;1;32;0;2;7;17;3;
30014;202100019375;166 999;A01;3;1;12;0;7;14;5;
30015;202100019376;166 997;A01;2;32;0;0;2;21;1;
30016;202100019377;166 995;A01;2;7;0;2;8;22;1;
30017;202100019377;166 996;B01;2;1;1;2;7;1;5;
30018;202100019378;166 993;B01;2;31;0;2;8;16;1;
30019;202100019378;166 994;A01;2;7;0;2;1;1;1;
30020;202100019379;166 991;A01;1;30;0;2;7;21;1;
30021;202100019379;166 992;B01;2;7;0;2;1;23;1;
30022;202100019380;166 989;B01;1;7;0;2;1;1;1;
30023;202100019380;166 990;A01;0;7;0;2;7;1;1;
30024;202100019381;166 987;A01;2;7;0;2;1;2;1;
30025;202100019381;166 988;B01;2;7;0;2;4;2;1;
30026;202100019382;166 986;A01;1;50;0;1;4;25;3;
30027;202100019383;166 984;B01;2;99;0;2;1;2;0;
30028;202100019383;166 985;A01;2;7;0;2;4;2;1;
30029;202100019384;166 982;A01;2;33;0;2;1;26;1;
30030;202100019384;166 983;B01;2;10;0;0;7;1;1;
30031;202100019385;166 981;A01;1;7;4;0;1;13;0;
30032;202100019386;166 979;B01;1;7;0;2;5;2;0;
30033;202100019386;166 980;A01;1;32;0;2;3;2;1;
30034;202100019387;166 977;B01;2;33;0;2;8;1;1;
30035;202100019387;166 978;A01;1;7;0;2;3;15;1;
30036;202100019388;166 975;B01;1;33;0;2;3;1;1;
30037;202100019388;166 976;A01;2;33;0;2;1;5;1;
30038;202100019389;166 973;B01;1;37;0;0;6;23;1;1.0
30039;202100019389;166 974;A01;1;7;0;0;1;2;1;
30040;202100019391;166 966;B01;0;2;0;2;7;1;1;
30041;202100019391;166 967;A01;0;7;0;2;1;16;1;
30042;202100019392;166 965;A01;1;7;13;0;3;14;1;
30043;202100019394;166 961;A01;1;7;0;2;1;1;1;
30044;202100019394;166 962;B01;2;7;0;2;2;1;1;
30045;202100019395;166 960;A01;3;7;0;1;3;1;1;
30046;202100019396;166 959;A01;2;7;2;0;1;13;1;
30047;202100019397;166 957;B01;3;31;0;0;1;15;1;
30048;202100019397;166 958;A01;1;7;7;2;3;1;1;
30049;202100019398;166 956;A01;1;33;13;0;1;2;1;
30050;202100019399;166 954;A01;3;33;0;2;1;1;1;
30051;202100019399;166 955;B01;3;7;0;2;1;15;1;
30052;202100019400;166 952;B01;0;1;0;9;3;21;5;
30053;202100019400;166 953;A01;0;37;0;9;8;1;1;1.0
30054;202100019402;166 949;A01;1;7;3;0;0;14;1;
30055;202100019404;166 946;A01;1;7;2;0;3;13;1;
30056;202100019405;166 945;A01;1;33;16;0;0;1;1;
30057;202100019406;166 944;A01;2;33;0;0;0;17;1;
30058;202100019409;166 938;C01;2;7;0;2;1;1;1;
30059;202100019409;166 939;A01;2;7;0;2;7;19;1;
30060;202100019409;166 940;B01;2;7;0;0;8;23;1;
30061;202100019410;166 937;A01;2;50;13;0;0;13;3;
30062;202100019411;166 934;C01;1;7;0;2;3;17;2;
30063;202100019411;166 935;B01;2;15;0;2;3;21;1;
30064;202100019411;166 936;A01;2;7;0;0;0;9;1;
30065;202100019412;166 932;B01;2;7;0;0;6;19;1;
30066;202100019412;166 933;A01;1;33;0;2;1;1;1;
30067;202100019413;166 931;A01;2;7;2;0;1;1;1;
30068;202100019414;166 930;A01;2;33;14;0;7;1;1;
30069;202100019415;166 929;A01;1;33;0;0;0;1;1;
30070;202100019416;166 927;A01;2;7;2;2;9;13;1;
30071;202100019416;166 928;B01;1;7;0;2;3;1;1;
30072;202100019418;166 923;A01;1;33;8;0;2;1;1;
30073;202100019419;166 922;A01;2;7;2;0;1;1;1;
30074;202100019420;166 920;A01;2;7;0;2;2;2;1;
30075;202100019420;166 921;B01;2;1;0;2;4;2;5;
30076;202100019422;166 917;A01;1;2;8;0;2;1;3;
30077;202100019423;166 915;B01;2;2;0;2;1;1;1;
30078;202100019423;166 916;A01;1;10;0;2;3;17;1;
30079;202100019424;166 913;B01;2;7;0;2;5;1;1;
30080;202100019424;166 914;A01;2;7;0;2;3;9;1;
30081;202100019425;166 912;A01;1;33;0;0;2;1;1;
30082;202100019426;166 911;A01;2;33;0;0;0;1;1;
30083;202100019427;166 909;A01;2;7;0;2;3;13;1;
30084;202100019427;166 910;B01;1;10;0;2;3;1;1;
30085;202100019429;166 906;A01;3;7;6;0;1;14;1;
30086;202100019430;166 905;A01;2;2;0;0;7;15;1;
30087;202100019431;166 904;A01;2;33;0;0;8;1;1;
30088;202100019432;166 903;A01;2;31;0;6;1;1;1;
30089;202100019433;166 901;A01;2;7;0;2;7;19;1;
30090;202100019433;166 902;B01;1;2;0;2;8;1;1;
30091;202100019434;166 899;A01;2;7;0;2;1;1;1;
30092;202100019434;166 900;B01;2;7;0;2;1;16;1;
30093;202100019435;166 896;A01;1;7;0;2;1;13;1;
30094;202100019435;166 897;C01;2;7;0;2;3;1;1;
30095;202100019435;166 898;B01;2;7;0;2;3;1;1;
30096;202100019436;166 894;B01;2;1;0;2;1;1;5;
30097;202100019436;166 895;A01;1;7;0;2;2;15;1;
30098;202100019437;166 892;A01;1;7;0;2;3;13;1;
30099;202100019437;166 893;B01;2;7;0;2;3;0;1;
30100;202100019438;166 891;A01;2;7;0;1;3;1;1;
30101;202100019440;166 888;A01;1;10;0;2;2;1;1;
30102;202100019440;166 889;B01;2;7;8;2;1;15;1;
30103;202100019441;166 886;B01;2;7;0;2;4;2;1;
30104;202100019441;166 887;A01;2;7;0;2;1;2;1;
30105;202100019442;166 885;A01;2;31;14;0;1;21;1;
30106;202100019443;166 883;B01;2;7;0;2;4;2;1;
30107;202100019443;166 884;A01;1;7;0;2;1;2;1;
30108;202100019444;166 882;A01;1;33;0;0;0;21;1;
30109;202100019446;166 878;B01;1;33;0;2;1;3;1;
30110;202100019446;166 879;A01;1;7;0;2;6;12;1;
30111;202100019447;166 875;A01;2;7;0;2;1;2;1;
30112;202100019447;166 876;B01;2;7;0;2;4;2;1;
30113;202100019447;166 877;C01;2;7;0;2;4;2;2;
30114;202100019448;166 873;Z01;2;0;0;2;4;0;0;
30115;202100019448;166 874;A01;2;33;0;2;1;1;1;
30116;202100019449;166 871;A01;2;7;0;2;1;2;1;
30117;202100019449;166 872;B01;2;32;0;2;4;2;1;
30118;202100019450;166 869;B01;0;7;14;2;1;1;1;
30119;202100019450;166 870;A01;0;7;0;2;4;1;1;
30120;202100019451;166 868;A01;1;7;6;9;1;15;1;
30121;202100019452;166 866;A01;1;1;0;2;1;19;5;
30122;202100019452;166 867;B01;2;32;0;2;8;1;1;
30123;202100019453;166 864;A01;3;2;0;0;1;1;-1;
30124;202100019453;166 865;B01;3;7;0;0;1;1;-1;
30125;202100019454;166 863;A01;0;31;6;0;0;0;1;
30126;202100019455;166 862;A01;0;33;0;0;0;1;1;
30127;202100019456;166 861;A01;1;7;0;1;1;1;1;
30128;202100019457;166 860;A01;3;30;0;0;7;1;1;
30129;202100019458;166 858;A01;3;10;0;2;1;17;1;
30130;202100019458;166 859;B01;3;15;0;0;4;15;1;
30131;202100019459;166 856;A01;1;7;0;2;1;21;1;
30132;202100019459;166 857;B01;2;2;0;2;1;5;1;
30133;202100019460;166 853;A01;1;7;0;1;1;0;1;
30134;202100019461;166 852;A01;1;7;0;1;1;15;1;
30135;202100019462;166 851;A01;0;7;0;1;2;1;1;
30136;202100019463;166 849;A01;2;7;0;2;7;19;1;
30137;202100019463;166 850;B01;2;32;0;2;1;19;1;
30138;202100019464;166 848;A01;1;7;0;1;1;19;0;
30139;202100019465;166 847;A01;1;7;0;1;1;21;1;
30140;202100019466;166 843;A01;3;7;0;2;1;15;1;
30141;202100019466;166 844;B01;3;7;0;2;1;1;1;
30142;202100019467;166 841;A01;2;7;0;2;3;9;1;
30143;202100019467;166 842;B01;2;43;0;2;1;3;1;
30144;202100019468;166 839;A01;3;1;0;2;1;5;5;
30145;202100019468;166 840;B01;3;7;0;2;3;1;1;
30146;202100019469;166 836;A01;3;7;0;0;0;0;0;
30147;202100019469;166 837;B01;0;50;0;0;0;0;3;
30148;202100019470;166 834;B01;3;7;0;2;5;16;1;
30149;202100019470;166 835;A01;2;7;0;2;2;9;1;
30150;202100019471;166 832;A01;2;7;0;2;1;1;1;
30151;202100019471;166 833;B01;0;7;0;2;8;16;1;
30152;202100019472;166 830;B01;2;2;0;2;1;1;1;
30153;202100019472;166 831;A01;2;7;0;2;2;15;1;
30154;202100019473;166 828;B01;1;7;0;2;3;1;1;
30155;202100019473;166 829;A01;1;32;0;2;1;6;1;
30156;202100019474;166 826;B01;1;7;0;2;4;23;2;
30157;202100019474;166 827;A01;1;7;0;2;1;1;1;
30158;202100019475;166 824;A01;3;7;0;2;1;17;1;
30159;202100019475;166 825;B01;3;7;0;0;6;15;1;
30160;202100019477;166 819;A01;3;31;0;2;8;1;1;
30161;202100019477;166 820;B01;3;7;0;2;3;15;1;
30162;202100019477;166 821;C01;3;7;0;2;1;23;1;
30163;202100019478;166 817;A01;2;7;0;2;1;9;1;
30164;202100019478;166 818;B01;1;7;0;2;1;21;1;
30165;202100019479;166 816;A01;1;34;12;0;8;13;1;
30166;202100019480;166 815;A01;3;7;9;0;3;16;1;
30167;202100019481;166 814;A01;2;7;0;1;1;1;1;
30168;202100019484;166 809;A01;2;7;0;2;1;15;1;
30169;202100019484;166 810;B01;1;32;0;2;1;1;1;
30170;202100019485;166 807;A01;2;30;0;0;0;0;1;
30171;202100019485;166 808;B01;0;0;0;2;0;0;-1;
30172;202100019486;166 805;A01;0;50;0;2;1;1;3;
30173;202100019486;166 806;B01;0;7;0;0;4;26;1;
30174;202100019487;166 803;B01;1;7;0;2;4;26;1;
30175;202100019487;166 804;A01;1;7;0;2;2;26;3;
30176;202100019488;166 801;A01;1;7;0;2;5;2;1;
30177;202100019488;166 802;B01;1;1;0;2;2;2;5;
30178;202100019489;166 799;A01;1;7;0;2;8;26;1;
30179;202100019489;166 800;B01;1;2;0;2;3;0;1;
30180;202100019490;166 795;B01;0;7;0;2;3;9;1;
30181;202100019490;166 796;A01;0;7;0;2;1;26;1;
30182;202100019491;166 793;B01;1;43;0;2;1;1;1;
30183;202100019491;166 794;A01;1;10;0;2;3;15;1;
30184;202100019492;166 791;A01;1;7;0;2;1;1;1;
30185;202100019492;166 792;B01;1;7;0;2;4;1;1;
30186;202100019493;166 788;A01;1;7;0;2;2;1;1;
30187;202100019493;166 789;C01;1;7;0;2;3;15;1;
30188;202100019493;166 790;B01;1;7;0;2;2;15;1;
30189;202100019494;166 786;B01;1;7;0;2;7;0;1;
30190;202100019494;166 787;A01;1;30;0;2;1;12;1;
30191;202100019495;166 784;B01;3;7;0;2;4;23;1;
30192;202100019495;166 785;A01;3;7;0;2;1;2;1;
30193;202100019496;166 782;B01;2;7;0;2;7;1;1;
30194;202100019496;166 783;A01;1;30;0;2;1;1;1;
30195;202100019497;166 780;B01;1;30;0;2;1;1;1;
30196;202100019497;166 781;A01;2;7;0;2;8;15;1;
30197;202100019498;166 778;B01;2;7;0;2;1;1;1;
30198;202100019498;166 779;A01;1;7;0;2;1;13;1;
30199;202100019499;166 777;A01;2;30;0;2;8;19;0;
30200;202100019500;166 775;A01;2;33;0;2;1;13;1;
30201;202100019500;166 776;B01;1;7;0;2;1;23;1;
30202;202100019501;166 773;B01;2;33;0;2;1;1;1;
30203;202100019501;166 774;A01;2;7;0;2;2;1;1;
30204;202100019503;166 770;A01;1;7;0;1;1;1;1;
30205;202100019504;166 768;A01;3;1;0;2;7;19;6;
30206;202100019504;166 769;B01;3;7;0;2;2;0;1;
30207;202100019505;166 767;A01;0;33;3;0;2;1;1;
30208;202100019506;166 765;A01;1;7;0;2;1;1;1;
30209;202100019506;166 766;B01;1;7;0;2;8;10;1;
30210;202100019507;166 761;B01;1;7;0;2;4;2;1;
30211;202100019507;166 762;C01;1;7;0;2;4;2;1;
30212;202100019507;166 763;D01;1;7;0;2;4;2;1;
30213;202100019507;166 764;A01;1;7;0;2;1;2;1;
30214;202100019508;166 759;B01;1;33;0;2;7;1;1;
30215;202100019508;166 760;A01;1;7;0;2;8;11;1;
30216;202100019509;166 757;B01;3;10;0;2;1;24;1;
30217;202100019509;166 758;A01;1;32;0;2;1;1;1;
30218;202100019511;166 754;Z01;1;7;0;2;1;10;1;
30219;202100019511;166 755;A01;1;30;0;2;7;1;1;
30220;202100019512;166 752;A01;1;1;0;2;8;9;5;
30221;202100019512;166 753;B01;1;31;0;2;1;1;1;
30222;202100019514;166 749;A01;1;10;0;1;2;1;1;
30223;202100019515;166 748;A01;3;1;0;1;1;1;5;
30224;202100019516;166 747;A01;3;7;11;0;2;13;1;
30225;202100019517;166 746;Z01;1;30;0;1;1;1;3;
30226;202100019518;166 744;B01;2;7;0;2;5;2;1;
30227;202100019518;166 745;A01;2;32;0;2;1;2;1;
30228;202100019520;166 741;A01;0;32;0;1;5;26;1;
30229;202100019521;166 739;B01;3;7;0;2;3;1;1;
30230;202100019521;166 740;A01;3;7;0;2;2;15;1;
30231;202100019522;166 737;A01;0;33;0;2;1;17;0;
30232;202100019522;166 738;B01;0;50;0;2;1;17;3;
30233;202100019523;166 735;B01;1;7;0;0;1;1;1;
30234;202100019523;166 736;A01;2;7;0;0;1;15;1;
30235;202100019525;166 729;T01;2;7;0;0;0;23;1;
30236;202100019525;166 730;C01;2;99;0;2;1;26;1;
30237;202100019525;166 731;B01;2;7;0;2;1;26;1;
30238;202100019525;166 732;A01;2;7;0;2;4;26;1;
30239;202100019526;166 728;A01;1;10;0;1;2;26;1;
30240;202100019527;166 727;A01;1;32;0;1;8;17;0;
30241;202100019528;166 725;B01;2;1;0;2;1;1;5;
30242;202100019528;166 726;A01;3;1;0;2;8;19;5;
30243;202100019529;166 723;B01;1;7;0;2;4;1;1;
30244;202100019529;166 724;A01;1;7;0;2;1;2;1;
30245;202100019530;166 721;A01;2;7;0;2;7;10;1;
30246;202100019530;166 722;B01;1;43;0;2;1;1;1;
30247;202100019531;166 719;A01;3;7;0;2;1;16;1;
30248;202100019531;166 720;B01;1;7;0;2;3;1;1;
30249;202100019532;166 718;A01;3;2;0;0;2;1;1;
30250;202100019533;166 717;A01;1;2;0;0;0;10;1;
30251;202100019534;166 715;A01;2;7;0;2;1;1;1;
30252;202100019534;166 716;B01;2;7;0;2;4;1;1;
30253;202100019536;166 711;A01;3;31;0;9;1;1;1;
30254;202100019536;166 712;B01;3;1;0;2;7;1;5;
30255;202100019537;166 710;A01;1;33;0;0;1;0;1;
30256;202100019538;166 708;A01;1;7;0;2;1;1;1;
30257;202100019538;166 709;B01;1;7;0;2;4;2;1;
30258;202100019539;166 706;A01;2;7;0;2;7;17;1;
30259;202100019539;166 707;B01;2;1;0;2;8;2;5;
30260;202100019540;166 704;A01;1;10;0;2;2;21;1;
30261;202100019540;166 705;B01;1;17;0;2;6;2;1;
30262;202100019541;166 702;A01;2;33;0;2;1;17;1;
30263;202100019541;166 703;B01;2;7;0;2;6;15;1;
30264;202100019542;166 700;B01;3;1;0;2;8;1;5;
30265;202100019542;166 701;A01;0;7;0;9;1;15;1;
30266;202100019543;166 699;A01;2;7;3;0;3;0;1;
30267;202100019544;166 698;A01;1;7;2;0;1;0;1;
30268;202100019546;166 694;B01;1;33;0;2;1;1;0;
30269;202100019546;166 695;A01;2;7;0;2;3;10;0;
30270;202100019547;166 692;A01;1;7;0;0;1;2;0;
30271;202100019547;166 693;B01;1;7;0;0;4;2;1;
30272;202100019548;166 691;A01;1;7;0;0;0;1;1;
30273;202100019549;166 690;A01;2;7;8;0;0;1;1;
30274;202100019550;166 688;A01;1;33;0;2;1;1;1;
30275;202100019550;166 689;B01;1;7;0;0;6;15;1;
30276;202100019551;166 685;A01;1;7;0;2;6;5;1;
30277;202100019551;166 686;B01;2;7;0;2;8;1;1;