;Num_Acc;id_vehicule;num_veh;senc;catv;obs;obsm;choc;manv;motor;occutc
30278;202100019551;166 687;C01;0;7;0;2;1;1;1;
30279;202100019552;166 683;B01;1;7;0;2;5;1;1;
30280;202100019552;166 684;A01;2;33;0;2;1;1;1;
30281;202100019553;166 682;A01;1;7;2;0;1;1;1;
30282;202100019554;166 680;A01;2;7;0;2;3;15;1;
30283;202100019554;166 681;B01;2;33;0;2;1;1;1;
30284;202100019555;166 678;A01;3;2;0;2;1;17;1;
30285;202100019555;166 679;B01;3;1;0;2;4;1;5;
30286;202100019556;166 674;A01;3;30;0;2;1;13;1;
30287;202100019556;166 675;B01;3;7;0;2;3;1;1;
30288;202100019557;166 673;A01;1;1;0;0;0;0;5;
30289;202100019558;166 672;A01;1;7;13;0;9;13;1;
30290;202100019559;166 670;A01;1;7;0;2;7;5;1;
30291;202100019559;166 671;B01;2;7;0;2;1;1;1;
30292;202100019560;166 669;A01;2;7;3;0;3;1;1;
30293;202100019561;166 667;A01;2;7;0;2;2;13;1;
30294;202100019561;166 668;B01;1;2;0;2;1;1;1;
30295;202100019562;166 665;A01;1;7;0;2;0;2;0;
30296;202100019562;166 666;B01;1;1;0;0;6;1;5;
30297;202100019563;166 662;C01;1;21;0;0;4;24;1;
30298;202100019563;166 663;A01;2;7;0;2;2;19;1;
30299;202100019563;166 664;B01;1;7;0;2;3;1;1;
30300;202100019564;166 660;A01;2;7;0;2;7;5;1;
30301;202100019564;166 661;B01;1;7;0;2;1;1;1;
30302;202100019565;166 658;B01;3;10;0;2;3;1;1;
30303;202100019565;166 659;A01;3;7;0;2;1;1;1;
30304;202100019566;166 656;A01;1;7;6;0;1;1;1;
30305;202100019567;166 655;A01;1;7;13;0;3;0;1;
30306;202100019568;166 653;B01;1;7;0;2;3;1;1;
30307;202100019568;166 654;A01;2;7;0;2;3;13;1;
30308;202100019569;166 651;A01;1;2;0;2;1;1;1;
30309;202100019569;166 652;B01;3;1;0;0;5;19;5;
30310;202100019570;166 649;B01;2;33;0;2;1;1;1;
30311;202100019570;166 650;A01;1;7;0;2;2;15;1;
30312;202100019571;166 648;A01;3;33;0;0;1;1;1;
30313;202100019572;166 647;A01;2;21;13;0;1;0;1;
30314;202100019573;166 645;B01;1;7;0;2;3;15;1;
30315;202100019573;166 646;A01;2;7;0;2;3;1;1;
30316;202100019574;166 644;A01;2;7;14;0;1;1;1;
30317;202100019575;166 642;B01;1;1;0;2;1;0;5;
30318;202100019575;166 643;A01;2;7;0;2;3;0;1;
30319;202100019576;166 641;A01;2;7;13;0;2;1;1;
30320;202100019577;166 640;A01;3;36;0;0;8;10;1;
30321;202100019578;166 639;A01;2;7;11;0;1;1;1;
30322;202100019579;166 637;A01;3;7;0;2;1;1;0;
30323;202100019579;166 638;B01;0;50;0;2;1;1;3;
30324;202100019580;166 636;A01;1;33;0;0;0;1;1;
30325;202100019582;166 631;A01;1;7;0;2;1;2;1;
30326;202100019582;166 632;B01;1;7;0;0;4;1;1;
30327;202100019582;166 633;C01;1;10;0;0;4;1;1;
30328;202100019583;166 628;B01;1;7;0;2;1;1;1;
30329;202100019583;166 629;A01;2;7;0;2;1;13;1;
30330;202100019585;166 623;A01;1;34;0;2;1;1;1;
30331;202100019585;166 624;B01;2;7;0;2;1;1;1;
30332;202100019586;166 622;A01;3;7;2;0;1;14;1;
30333;202100019587;166 620;B01;2;33;0;2;3;1;1;
30334;202100019587;166 621;A01;1;33;0;2;3;5;1;
30335;202100019588;166 617;C01;1;2;0;2;1;2;1;
30336;202100019588;166 618;A01;1;2;0;0;6;15;1;
30337;202100019588;166 619;B01;1;2;0;0;6;15;1;
30338;202100019589;166 615;B01;1;7;0;0;4;2;1;
30339;202100019589;166 616;A01;1;7;0;2;8;0;1;
30340;202100019590;166 614;A01;2;7;13;0;2;1;1;
30341;202100019591;166 613;A01;1;7;2;0;1;13;1;
30342;202100019592;166 611;B01;1;7;0;2;8;15;1;
30343;202100019592;166 612;A01;2;33;0;2;1;1;1;
30344;202100019593;166 610;A01;1;2;2;0;2;1;1;
30345;202100019594;166 608;B01;1;7;0;2;1;1;1;
30346;202100019594;166 609;A01;2;7;0;2;2;15;1;
30347;202100019595;166 607;A01;3;1;13;0;1;1;5;
30348;202100019596;166 606;A01;1;7;4;0;9;1;1;
30349;202100019597;166 604;A01;1;33;0;2;1;1;1;
30350;202100019597;166 605;B01;2;7;0;2;1;1;1;
30351;202100019599;166 602;A01;2;21;0;0;0;0;1;
30352;202100019600;166 600;A01;2;15;0;0;3;15;1;
30353;202100019600;166 601;B01;1;7;0;2;1;1;1;
30354;202100019601;166 598;A01;1;7;0;2;1;2;1;
30355;202100019601;166 599;B01;1;7;3;0;3;2;1;
30356;202100019602;166 596;B01;1;7;3;2;3;1;1;
30357;202100019602;166 597;A01;1;17;0;2;2;12;1;
30358;202100019603;166 594;B01;2;33;0;2;4;2;1;
30359;202100019603;166 595;A01;2;7;0;2;1;2;1;
30360;202100019604;166 592;B01;1;7;0;2;4;2;1;
30361;202100019604;166 593;A01;2;7;0;2;1;2;1;
30362;202100019605;166 590;A01;2;7;0;2;9;18;1;
30363;202100019605;166 591;B01;2;7;0;2;4;13;1;
30364;202100019606;166 588;A01;1;33;0;2;8;3;1;
30365;202100019606;166 589;Z01;1;7;0;2;0;0;0;
30366;202100019607;166 587;A01;1;3;0;1;1;15;1;
30367;202100019608;166 586;A01;0;7;0;1;1;26;0;
30368;202100019610;166 584;A01;3;7;15;1;1;1;1;
30369;202100019611;166 583;A01;3;7;0;1;0;1;-1;
30370;202100019612;166 581;A01;0;7;0;2;3;15;1;
30371;202100019612;166 582;B01;0;2;0;0;0;0;1;
30372;202100019613;166 580;A01;1;2;0;0;0;13;1;
30373;202100019614;166 579;B01;3;1;0;1;1;0;0;
30374;202100019615;166 577;B01;1;2;0;2;1;1;1;
30375;202100019615;166 578;A01;1;7;0;2;2;15;1;
30376;202100019616;166 575;B01;2;2;0;2;1;1;1;
30377;202100019616;166 576;A01;1;7;0;2;2;15;1;
30378;202100019617;166 573;B01;2;7;0;2;4;1;1;
30379;202100019617;166 574;A01;2;7;0;2;1;1;1;
30380;202100019618;166 571;B01;1;7;0;2;1;1;0;
30381;202100019618;166 572;A01;2;7;8;2;5;1;1;
30382;202100019620;166 568;A01;3;7;12;2;6;1;1;
30383;202100019621;166 566;A01;2;33;0;2;1;1;1;
30384;202100019621;166 567;B01;1;7;0;2;8;1;1;
30385;202100019622;166 564;A01;2;10;0;2;8;11;1;
30386;202100019622;166 565;B01;2;30;0;2;1;1;1;
30387;202100019623;166 563;A01;3;7;0;1;1;2;1;
30388;202100019624;166 561;B01;2;33;0;2;1;1;1;
30389;202100019624;166 562;A01;1;10;0;2;2;15;1;
30390;202100019625;166 560;A01;1;7;4;0;1;26;1;
30391;202100019626;166 558;B01;1;10;0;2;1;1;1;
30392;202100019626;166 559;A01;1;10;3;2;4;2;1;
30393;202100019627;166 556;A01;1;7;0;2;5;14;1;
30394;202100019627;166 557;B01;1;7;0;2;8;1;1;
30395;202100019629;166 552;B01;1;1;0;2;8;1;0;
30396;202100019629;166 553;A01;2;7;0;2;1;15;1;
30397;202100019630;166 551;A01;1;2;0;0;7;1;3;
30398;202100019631;166 549;B01;1;99;0;2;1;1;1;
30399;202100019631;166 550;A01;1;7;0;2;1;13;1;
30400;202100019632;166 547;B01;2;2;0;2;1;1;1;
30401;202100019632;166 548;Z01;2;7;0;2;1;17;1;
30402;202100019633;166 546;A01;2;30;0;1;1;21;1;
30403;202100019634;166 545;A01;1;80;0;1;1;26;3;
30404;202100019635;166 544;A01;0;7;0;1;1;1;1;
30405;202100019636;166 543;A01;0;7;0;1;4;10;0;
30406;202100019637;166 542;A01;0;1;0;1;1;1;5;
30407;202100019638;166 540;A01;0;7;0;2;3;1;1;
30408;202100019638;166 541;B01;0;7;1;2;3;1;1;
30409;202100019639;166 538;A01;0;50;0;2;3;19;3;
30410;202100019639;166 539;B01;0;7;0;9;2;16;1;
30411;202100019640;166 537;A01;1;7;0;1;3;15;1;
30412;202100019641;166 536;A01;2;33;0;1;1;1;1;
30413;202100019642;166 535;A01;2;7;0;1;1;21;1;
30414;202100019643;166 533;A01;3;7;0;2;3;15;1;
30415;202100019643;166 534;B01;3;7;0;2;3;1;1;
30416;202100019644;166 531;A01;3;17;0;2;2;0;1;
30417;202100019644;166 532;B01;2;7;0;2;8;1;1;
30418;202100019645;166 529;A01;2;7;13;2;1;17;1;
30419;202100019645;166 530;B01;1;7;0;2;2;15;1;
30420;202100019646;166 527;A01;2;14;0;2;7;10;1;
30421;202100019646;166 528;B01;1;14;0;2;1;1;1;
30422;202100019647;166 525;A01;0;7;0;0;0;0;1;
30423;202100019647;166 526;B01;1;2;0;0;0;0;1;
30424;202100019648;166 524;A01;1;30;3;0;8;1;1;
30425;202100019650;166 521;A01;0;1;0;0;7;1;5;
30426;202100019651;166 518;A01;2;7;0;2;2;1;1;
30427;202100019651;166 519;B01;3;50;0;2;1;9;3;
30428;202100019652;166 516;A01;1;7;0;2;3;20;1;
30429;202100019652;166 517;B01;2;7;0;2;2;1;1;
30430;202100019653;166 514;B01;2;34;0;2;7;16;1;
30431;202100019653;166 515;A01;1;7;0;2;1;2;1;
30432;202100019654;166 512;B01;1;10;0;2;3;1;1;
30433;202100019654;166 513;A01;2;7;1;2;6;13;1;
30434;202100019655;166 510;A01;0;50;0;2;1;19;3;
30435;202100019655;166 511;B01;0;7;0;2;7;1;1;
30436;202100019656;166 509;A01;1;7;0;1;1;1;0;
30437;202100019657;166 507;A01;1;7;0;2;1;5;1;
30438;202100019657;166 508;B01;2;7;0;2;1;17;1;
30439;202100019658;166 505;B01;2;32;0;2;1;17;1;
30440;202100019658;166 506;A01;2;7;0;2;8;10;1;
30441;202100019659;166 504;A01;3;30;0;2;1;21;1;
30442;202100019660;166 503;A01;2;7;0;1;1;1;1;
30443;202100019661;166 502;A01;2;7;0;1;1;1;1;
30444;202100019662;166 501;A01;2;7;8;0;1;1;1;
30445;202100019663;166 499;A01;3;7;0;0;2;20;1;
30446;202100019663;166 500;B01;3;1;0;0;1;1;5;
30447;202100019664;166 498;A01;3;10;0;9;3;1;1;
30448;202100019665;166 497;A01;2;7;0;1;2;1;1;
30449;202100019666;166 495;A01;1;7;0;2;1;15;1;
30450;202100019666;166 496;B01;1;7;0;2;1;1;1;
30451;202100019667;166 494;A01;1;3;9;0;1;1;1;
30452;202100019668;166 493;A01;1;7;0;1;1;1;1;
30453;202100019669;166 491;B01;2;7;0;2;0;15;1;
30454;202100019669;166 492;A01;2;30;0;2;2;2;3;
30455;202100019670;166 489;A01;1;7;0;2;2;12;1;
30456;202100019670;166 490;B01;1;50;0;2;3;1;3;
30457;202100019671;166 487;A01;1;7;0;2;8;11;1;
30458;202100019671;166 488;B01;1;31;0;2;2;1;1;
30459;202100019672;166 485;A01;2;1;14;2;2;19;5;
30460;202100019672;166 486;B01;2;10;0;2;1;1;0;
30461;202100019674;166 480;B01;3;7;0;2;7;1;1;
30462;202100019674;166 481;A01;3;80;0;2;1;15;3;
30463;202100019675;166 479;A01;1;7;1;0;1;13;1;
30464;202100019677;166 475;A01;3;7;0;2;3;9;2;
30465;202100019677;166 476;B01;3;33;0;2;5;1;1;
30466;202100019678;166 473;A01;3;2;0;2;1;2;1;
30467;202100019678;166 474;B01;3;7;0;2;4;2;1;
30468;202100019679;166 471;B01;1;33;0;2;6;1;1;
30469;202100019679;166 472;A01;1;7;0;2;0;12;1;
30470;202100019680;166 469;B01;3;7;0;2;3;1;1;
30471;202100019680;166 470;A01;3;33;0;2;3;15;1;
30472;202100019681;166 468;A01;3;33;3;0;2;1;1;
30473;202100019683;166 463;A01;3;33;0;2;1;1;1;
30474;202100019683;166 464;B01;3;7;0;2;8;15;1;
30475;202100019684;166 461;A01;1;32;0;2;1;17;1;
30476;202100019684;166 462;B01;2;7;0;2;3;1;1;
30477;202100019685;166 459;A01;1;7;0;2;1;1;1;
30478;202100019685;166 460;B01;1;7;0;2;4;1;1;
30479;202100019687;166 454;C01;0;10;1;2;6;23;1;
30480;202100019687;166 455;B01;1;7;0;2;3;1;1;
30481;202100019687;166 456;A01;3;7;0;2;2;9;1;
30482;202100019688;166 452;A01;1;7;0;2;2;1;1;
30483;202100019688;166 453;B01;0;1;0;2;8;19;5;
30484;202100019689;166 451;A01;2;7;8;0;1;13;1;
30485;202100019690;166 449;B01;1;7;0;2;3;1;1;
30486;202100019690;166 450;A01;1;7;0;2;1;19;1;
30487;202100019691;166 448;A01;2;33;8;0;1;1;1;
30488;202100019692;166 446;B01;2;7;0;2;1;0;1;
30489;202100019692;166 447;A01;2;7;0;2;4;2;1;
30490;202100019693;166 445;A01;0;2;0;0;8;2;1;
30491;202100019694;166 443;B01;2;37;0;2;2;1;1;1.0
30492;202100019694;166 444;A01;1;50;0;2;8;1;3;
30493;202100019695;166 441;A01;3;10;0;2;1;15;1;
30494;202100019695;166 442;B01;3;2;0;2;1;1;1;
30495;202100019696;166 439;B01;0;10;0;2;2;1;1;
30496;202100019696;166 440;A01;0;2;0;2;7;13;1;
30497;202100019697;166 438;A01;2;7;8;0;1;15;1;
30498;202100019698;166 437;A01;1;3;0;1;1;15;1;
30499;202100019699;166 433;A01;2;7;0;2;1;0;1;
30500;202100019699;166 434;B01;2;7;0;2;0;0;1;
30501;202100019699;166 435;C01;2;7;0;2;0;0;1;
30502;202100019699;166 436;D01;2;7;0;2;4;0;1;
30503;202100019700;166 432;A01;3;33;0;0;8;1;1;
30504;202100019701;166 430;B01;1;7;0;2;6;2;1;
30505;202100019701;166 431;A01;1;30;0;2;1;2;1;
30506;202100019702;166 428;A01;3;7;0;0;5;0;1;
30507;202100019702;166 429;B01;1;7;0;2;1;2;0;
30508;202100019703;166 426;A01;1;50;0;2;8;26;3;
30509;202100019703;166 427;Z01;2;7;0;2;1;13;0;
30510;202100019704;166 423;B01;0;7;0;2;2;15;6;
30511;202100019704;166 424;C01;0;7;0;2;1;0;1;
30512;202100019704;166 425;A01;0;7;0;2;1;10;6;
30513;202100019705;166 421;A01;3;7;0;9;3;9;1;
30514;202100019705;166 422;B01;3;60;0;2;1;9;5;
30515;202100019706;166 419;A01;3;7;0;2;7;15;1;
30516;202100019706;166 420;B01;3;2;0;2;3;19;1;
30517;202100019707;166 417;A01;2;33;0;2;1;2;1;
30518;202100019707;166 418;B01;2;7;0;2;4;15;1;
30519;202100019708;166 415;B01;2;7;0;2;4;2;1;
30520;202100019708;166 416;A01;2;2;0;2;1;2;1;
30521;202100019709;166 413;A01;1;7;0;2;3;15;1;
30522;202100019709;166 414;B01;1;33;0;2;7;17;1;
30523;202100019710;166 410;C01;1;7;0;2;1;2;1;
30524;202100019710;166 411;A01;1;7;0;2;3;26;1;
30525;202100019710;166 412;B01;1;7;0;2;3;5;1;
30526;202100019712;166 407;B01;1;10;0;2;1;1;1;
30527;202100019712;166 408;A01;1;7;0;2;7;1;1;
30528;202100019713;166 405;B01;1;7;0;2;1;1;1;
30529;202100019713;166 406;A01;2;31;0;2;1;5;1;
30530;202100019714;166 402;A01;1;10;0;1;4;4;3;
30531;202100019715;166 400;B01;3;1;0;2;3;1;5;
30532;202100019715;166 401;A01;3;7;0;9;3;9;1;
30533;202100019716;166 398;A01;2;7;0;2;1;15;1;
30534;202100019716;166 399;B01;1;2;0;2;1;1;1;
30535;202100019718;166 394;A01;1;1;0;2;6;1;5;
30536;202100019718;166 395;B01;1;33;0;2;2;15;1;
30537;202100019719;166 392;B01;2;30;0;2;1;1;1;
30538;202100019719;166 393;A01;2;7;0;2;8;9;1;
30539;202100019720;166 391;A01;2;32;0;1;2;17;1;
30540;202100019721;166 390;A01;2;7;0;1;2;1;1;
30541;202100019722;166 388;B01;1;10;0;2;0;10;1;
30542;202100019722;166 389;A01;1;32;0;2;2;17;1;
30543;202100019723;166 386;B01;1;33;0;2;1;1;1;
30544;202100019723;166 387;A01;2;7;0;2;2;15;1;
30545;202100019724;166 384;B01;2;50;0;2;7;1;3;
30546;202100019724;166 385;A01;2;7;0;2;8;22;3;
30547;202100019725;166 382;A01;2;10;0;2;2;16;1;
30548;202100019725;166 383;B01;2;1;0;2;1;1;5;
30549;202100019726;166 381;A01;1;80;0;1;1;1;3;
30550;202100019727;166 380;Z01;2;50;0;1;1;25;3;
30551;202100019728;166 379;A01;3;30;0;0;0;1;1;
30552;202100019729;166 378;A01;1;50;0;1;1;1;3;
30553;202100019730;166 377;A01;2;32;0;1;1;1;1;
30554;202100019731;166 375;A01;1;30;0;2;3;2;1;
30555;202100019731;166 376;Z01;1;7;0;2;0;2;0;
30556;202100019732;166 374;Z01;1;1;0;1;7;1;5;
30557;202100019733;166 372;A01;0;7;0;2;2;1;1;
30558;202100019733;166 373;B01;0;60;0;2;1;19;5;
30559;202100019734;166 371;A01;0;7;0;1;2;1;1;
30560;202100019735;166 369;A01;3;7;0;2;2;1;2;
30561;202100019735;166 370;B01;3;32;0;2;1;1;1;
30562;202100019736;166 368;A01;1;1;0;1;1;1;5;
30563;202100019737;166 366;A01;1;14;0;2;1;2;1;
30564;202100019737;166 367;B01;1;7;0;2;4;2;2;
30565;202100019738;166 364;B01;2;7;0;2;1;16;0;
30566;202100019738;166 365;A01;2;34;0;2;7;2;1;
30567;202100019739;166 362;A01;1;7;0;9;2;15;1;
30568;202100019739;166 363;B01;2;1;0;2;8;1;5;
30569;202100019740;166 359;C01;2;7;0;2;4;2;1;
30570;202100019740;166 360;B01;2;7;0;2;4;2;1;
30571;202100019740;166 361;A01;2;10;0;2;1;2;1;
30572;202100019741;166 357;A01;1;7;0;2;3;19;1;
30573;202100019741;166 358;B01;2;1;0;2;1;19;5;
30574;202100019742;166 356;A01;1;10;0;0;2;1;1;
30575;202100019743;166 355;A01;1;34;0;0;0;2;1;
30576;202100019745;166 351;A01;3;7;0;2;3;11;1;
30577;202100019745;166 352;B01;3;33;0;2;1;2;1;
30578;202100019746;166 347;A01;2;7;0;2;1;1;1;
30579;202100019746;166 348;B01;2;2;0;2;1;9;1;
30580;202100019747;166 345;B01;0;7;0;2;1;1;1;
30581;202100019747;166 346;A01;0;50;0;2;1;1;3;
30582;202100019748;166 343;A01;2;7;0;2;3;13;0;
30583;202100019748;166 344;B01;1;7;0;2;1;0;0;
30584;202100019749;166 341;A01;3;30;0;2;7;1;1;
30585;202100019749;166 342;B01;1;7;0;2;3;1;0;
30586;202100019750;166 340;A01;1;7;14;0;1;19;0;
30587;202100019751;166 338;A01;2;7;0;2;2;9;2;
30588;202100019751;166 339;B01;1;32;0;2;3;1;1;
30589;202100019752;166 336;A01;1;7;0;2;3;9;2;
30590;202100019752;166 337;B01;1;43;0;2;1;1;1;
30591;202100019753;166 334;A01;3;7;0;2;0;0;1;
30592;202100019753;166 335;B01;3;1;1;0;0;0;0;
30593;202100019754;166 333;A01;2;7;9;1;3;9;0;
30594;202100019755;166 331;B01;2;32;0;2;8;1;1;
30595;202100019755;166 332;A01;2;7;0;2;7;12;1;
30596;202100019756;166 330;A01;1;14;0;0;9;4;1;
30597;202100019757;166 328;A01;3;7;0;2;2;0;1;
30598;202100019757;166 329;B01;0;33;0;0;1;0;1;
30599;202100019758;166 326;B01;1;7;0;2;1;2;1;
30600;202100019758;166 327;A01;1;7;4;0;1;23;1;
30601;202100019759;166 325;A01;1;7;6;0;3;1;1;
30602;202100019760;166 323;B01;1;1;0;0;8;2;6;
30603;202100019760;166 324;A01;1;7;0;9;7;2;2;
30604;202100019761;166 322;A01;1;2;11;0;1;1;1;
30605;202100019762;166 321;A01;3;7;5;0;1;1;1;
30606;202100019763;166 320;A01;2;10;6;0;1;1;1;
30607;202100019764;166 319;A01;2;7;13;0;3;1;1;
30608;202100019765;166 317;A01;2;7;0;2;2;15;1;
30609;202100019765;166 318;B01;1;2;0;2;1;1;1;
30610;202100019766;166 315;A01;2;7;0;2;3;1;1;
30611;202100019766;166 316;B01;1;7;0;2;3;1;1;
30612;202100019768;166 312;A01;1;10;0;2;7;17;1;
30613;202100019768;166 313;B01;1;1;0;2;4;2;5;
30614;202100019769;166 310;B01;1;1;0;9;3;13;5;
30615;202100019769;166 311;A01;2;7;0;2;3;1;1;
30616;202100019770;166 308;A01;1;31;0;2;8;1;1;
30617;202100019770;166 309;B01;2;7;0;2;8;1;1;
30618;202100019771;166 306;B01;1;31;0;2;1;1;1;
30619;202100019771;166 307;A01;2;7;0;2;1;13;1;
30620;202100019772;166 305;A01;1;7;2;0;7;1;1;
30621;202100019773;166 304;A01;1;7;8;0;1;2;1;
30622;202100019774;166 300;B01;1;7;0;2;3;16;1;
30623;202100019774;166 301;A01;2;7;0;2;2;1;1;
30624;202100019775;166 299;A01;1;33;0;0;0;1;1;
30625;202100019776;166 298;A01;1;7;16;0;1;1;1;
30626;202100019778;166 294;B01;1;7;0;2;1;1;1;
30627;202100019778;166 295;A01;1;7;0;2;1;5;1;
30628;202100019779;166 292;B01;2;7;0;2;1;13;1;
30629;202100019779;166 293;A01;1;7;0;2;1;1;1;
30630;202100019780;166 290;A01;2;13;6;0;1;1;1;
30631;202100019781;166 289;A01;2;7;6;0;2;1;1;
30632;202100019782;166 286;C01;2;31;0;2;1;13;1;
30633;202100019782;166 287;B01;2;33;0;2;1;13;1;
30634;202100019782;166 288;A01;1;7;0;2;1;1;1;
30635;202100019783;166 284;B01;1;7;0;2;3;1;1;
30636;202100019783;166 285;A01;2;7;0;2;3;17;1;
30637;202100019784;166 283;A01;1;33;13;0;8;1;1;
30638;202100019785;166 282;A01;1;7;0;6;1;21;1;
30639;202100019786;166 281;A01;2;7;0;0;9;21;1;
30640;202100019788;166 277;A01;3;7;6;0;1;0;1;
30641;202100019790;166 274;A01;1;7;3;0;9;14;1;
30642;202100019791;166 273;A01;2;33;0;0;1;16;1;
30643;202100019792;166 270;A01;2;31;0;2;3;13;1;
30644;202100019792;166 271;B01;1;7;0;2;8;1;1;
30645;202100019792;166 272;C01;1;7;0;2;3;1;1;
30646;202100019793;166 269;A01;3;33;12;9;6;1;0;
30647;202100019794;166 268;A01;1;33;12;0;0;0;1;
30648;202100019795;166 267;A01;1;7;12;0;1;2;1;
30649;202100019796;166 265;A01;2;7;0;2;3;1;1;
30650;202100019796;166 266;B01;1;10;0;2;3;1;1;
30651;202100019797;166 263;B01;3;80;0;2;7;1;3;
30652;202100019797;166 264;A01;0;7;0;2;3;15;1;
30653;202100019798;166 262;A01;1;7;2;0;1;1;1;
30654;202100019799;166 259;B01;1;7;0;2;3;23;1;
30655;202100019799;166 260;C01;2;33;0;2;1;0;1;
30656;202100019799;166 261;A01;2;7;0;2;7;15;1;
30657;202100019800;166 257;B01;2;7;0;2;2;1;1;
30658;202100019800;166 258;A01;1;33;0;2;8;19;1;
30659;202100019801;166 255;A01;1;1;0;0;0;1;5;
30660;202100019801;166 256;B01;1;33;0;9;1;1;1;
30661;202100019802;166 253;B01;0;7;7;2;1;1;1;
30662;202100019802;166 254;A01;0;7;0;2;1;19;1;
30663;202100019803;166 251;B01;2;7;3;2;1;1;1;
30664;202100019803;166 252;A01;1;7;3;2;7;13;1;
30665;202100019804;166 249;B01;1;34;0;2;8;1;1;
30666;202100019804;166 250;Z01;1;7;0;2;7;12;1;
30667;202100019806;166 245;B01;1;7;0;2;4;2;2;
30668;202100019806;166 246;C01;1;7;0;2;1;1;1;
30669;202100019806;166 247;A01;1;10;0;2;4;1;1;
30670;202100019807;166 243;A01;1;10;0;2;1;2;1;
30671;202100019807;166 244;B01;1;7;0;2;4;2;1;
30672;202100019808;166 241;A01;2;7;0;2;6;11;1;
30673;202100019808;166 242;B01;2;33;0;2;2;17;1;
30674;202100019809;166 239;B01;2;32;5;2;9;1;1;
30675;202100019809;166 240;A01;2;10;0;2;7;14;1;
30676;202100019810;166 236;A01;2;7;0;2;1;2;1;
30677;202100019810;166 237;B01;2;7;0;2;4;2;1;
30678;202100019810;166 238;C01;2;7;0;2;4;2;1;
30679;202100019811;166 234;A01;2;7;0;2;4;2;1;
30680;202100019811;166 235;B01;2;15;0;2;4;0;1;
30681;202100019812;166 231;A01;1;10;0;2;1;1;1;
30682;202100019812;166 232;B01;1;7;0;2;4;2;1;
30683;202100019812;166 233;C01;1;10;0;2;4;2;1;
30684;202100019814;166 228;A01;2;34;0;5;7;21;1;
30685;202100019815;166 226;A01;1;31;0;2;1;3;1;
30686;202100019815;166 227;B01;1;10;0;2;6;11;1;
30687;202100019816;166 224;B01;2;7;0;2;4;2;1;
30688;202100019816;166 225;A01;2;7;0;2;1;2;1;
30689;202100019817;166 221;A01;1;33;0;2;7;3;1;
30690;202100019817;166 222;B01;1;10;0;2;8;11;1;
30691;202100019817;166 223;C01;1;7;0;0;4;1;1;
30692;202100019818;166 220;A01;1;33;0;0;1;1;1;
30693;202100019819;166 218;B01;1;34;0;2;4;0;0;
30694;202100019819;166 219;A01;1;7;0;2;2;0;0;
30695;202100019820;166 217;A01;1;33;3;0;0;1;1;
30696;202100019821;166 214;B01;2;7;0;2;4;1;1;
30697;202100019821;166 215;A01;2;10;0;2;1;1;0;
30698;202100019821;166 216;C01;2;7;0;2;4;1;1;
30699;202100019822;166 212;A01;2;33;0;2;8;3;1;
30700;202100019822;166 213;B01;2;7;0;2;8;1;1;
30701;202100019823;166 205;B01;2;7;0;2;4;2;1;
30702;202100019823;166 206;G01;2;7;0;2;6;2;2;
30703;202100019823;166 207;F01;2;7;0;2;5;2;1;
30704;202100019823;166 208;E01;2;7;0;2;3;2;1;
30705;202100019823;166 209;A01;2;7;0;2;1;2;1;
30706;202100019823;166 210;D01;2;7;0;2;4;2;1;
30707;202100019823;166 211;C01;2;7;0;2;4;2;1;
30708;202100019824;166 203;A01;2;10;0;2;4;14;1;
30709;202100019824;166 204;B01;2;31;0;2;1;3;1;
30710;202100019825;166 199;C01;1;10;0;2;4;2;1;
30711;202100019825;166 200;D01;1;7;0;2;4;2;1;
30712;202100019825;166 201;A01;1;7;0;2;3;2;1;
30713;202100019825;166 202;B01;1;7;0;2;5;2;1;
30714;202100019826;166 198;Z01;2;30;0;1;0;1;0;
30715;202100019827;166 194;A01;1;7;0;2;3;15;1;
30716;202100019827;166 195;B01;2;1;0;2;8;1;5;
30717;202100019828;166 192;B01;2;7;0;2;4;0;1;
30718;202100019828;166 193;A01;2;1;0;2;1;0;5;
30719;202100019830;166 189;B01;3;30;0;2;1;16;1;
30720;202100019830;166 190;A01;3;7;0;2;1;15;1;
30721;202100019831;166 187;A01;1;1;1;2;7;26;5;
30722;202100019831;166 188;B01;1;7;1;2;3;14;1;
30723;202100019832;166 185;A01;1;7;0;2;1;1;1;
30724;202100019832;166 186;B01;1;2;0;2;8;15;1;
30725;202100019834;166 181;A01;1;50;0;2;3;12;3;
30726;202100019834;166 182;B01;1;7;0;9;3;1;1;
30727;202100019835;166 179;A01;2;7;0;2;1;5;1;
30728;202100019835;166 180;B01;1;7;0;2;1;1;1;
30729;202100019836;166 177;B01;2;40;0;2;1;19;3;
30730;202100019836;166 178;A01;2;7;8;4;3;1;1;
30731;202100019837;166 175;B01;1;34;0;2;2;17;1;
30732;202100019837;166 176;A01;1;7;0;2;3;15;1;
30733;202100019838;166 174;Z01;1;7;0;1;1;0;0;
30734;202100019839;166 173;A01;2;7;1;0;1;0;1;
30735;202100019840;166 172;Z01;3;7;0;1;2;1;0;
30736;202100019841;166 169;B01;2;7;0;0;4;2;1;
30737;202100019841;166 170;A01;2;7;0;2;1;9;1;
30738;202100019841;166 171;C01;2;38;0;0;0;0;1;1.0
30739;202100019843;166 167;A01;2;2;8;0;1;1;1;
30740;202100019845;166 165;A01;2;7;0;1;1;21;1;