;Num_Acc;id_vehicule;num_veh;senc;catv;obs;obsm;choc;manv;motor;occutc
30741;202100019846;166 163;B01;1;33;0;2;1;1;1;
30742;202100019846;166 164;A01;1;7;0;2;8;9;1;
30743;202100019847;166 161;B01;1;7;0;2;1;23;1;
30744;202100019847;166 162;A01;1;10;0;1;1;2;1;
30745;202100019848;166 159;A01;2;30;0;2;0;18;1;
30746;202100019848;166 160;B01;2;10;0;2;2;20;1;
30747;202100019849;166 157;A01;1;7;0;2;1;2;1;
30748;202100019849;166 158;B01;1;2;0;2;4;2;1;
30749;202100019851;166 154;A01;3;7;2;0;1;8;1;
30750;202100019852;166 152;B01;1;33;0;2;4;1;1;
30751;202100019852;166 153;A01;1;7;0;2;2;15;1;
30752;202100019853;166 150;A01;3;7;0;2;1;15;0;
30753;202100019853;166 151;B01;3;33;0;2;1;21;6;
30754;202100019854;166 149;A01;1;7;0;1;2;1;1;
30755;202100019855;166 147;B01;1;1;0;2;1;13;6;
30756;202100019855;166 148;A01;1;10;1;9;2;16;1;
30757;202100019856;166 146;A01;3;10;0;1;1;1;1;
30758;202100019857;166 145;A01;1;7;0;1;7;1;1;
30759;202100019858;166 144;A01;1;50;0;0;1;1;3;
30760;202100019859;166 143;A01;0;10;0;1;3;18;1;
30761;202100019860;166 141;A01;1;7;0;2;3;1;1;
30762;202100019860;166 142;B01;2;7;0;2;1;1;1;
30763;202100019861;166 139;B01;2;7;0;2;4;1;2;
30764;202100019861;166 140;A01;2;2;0;2;1;1;1;
30765;202100019862;166 137;B01;2;2;0;2;1;1;1;
30766;202100019862;166 138;A01;1;7;0;2;7;15;1;
30767;202100019863;166 136;A01;2;7;0;1;1;16;1;
30768;202100019864;166 134;B01;1;7;0;2;1;1;1;
30769;202100019864;166 135;A01;2;7;0;2;7;9;1;
30770;202100019865;166 132;A01;1;3;0;2;3;2;3;
30771;202100019865;166 133;B01;1;7;0;2;4;15;1;
30772;202100019866;166 131;A01;1;7;0;0;9;26;1;
30773;202100019867;166 129;B01;0;1;0;2;7;1;5;
30774;202100019867;166 130;A01;0;7;0;2;2;26;1;
30775;202100019868;166 128;A01;0;2;6;0;0;26;1;
30776;202100019869;166 126;A01;3;7;0;2;3;9;1;
30777;202100019869;166 127;B01;3;2;0;2;7;16;1;
30778;202100019870;166 123;B01;2;7;0;2;4;1;1;
30779;202100019870;166 124;C01;2;7;0;2;4;1;1;
30780;202100019870;166 125;A01;2;7;0;2;1;1;1;
30781;202100019871;166 121;B01;2;10;0;9;1;1;1;
30782;202100019871;166 122;A01;1;1;0;2;1;1;5;
30783;202100019872;166 119;B01;2;32;0;2;1;1;1;
30784;202100019872;166 120;A01;1;7;0;2;7;10;1;
30785;202100019873;166 117;A01;3;7;0;2;6;15;1;
30786;202100019873;166 118;B01;3;32;0;2;1;2;1;
30787;202100019874;166 115;A01;2;2;0;2;1;26;3;
30788;202100019874;166 116;B01;1;7;0;2;0;0;1;
30789;202100019875;166 113;B01;2;7;0;2;3;1;1;
30790;202100019875;166 114;A01;1;1;0;2;3;1;5;
30791;202100019876;166 112;A01;1;10;0;1;2;16;1;
30792;202100019877;166 111;A01;0;7;0;1;1;26;1;
30793;202100019878;166 109;A01;2;1;0;2;1;19;5;
30794;202100019878;166 110;B01;2;10;0;2;1;1;1;
30795;202100019879;166 106;B01;1;33;0;2;3;1;1;
30796;202100019879;166 107;A01;2;7;0;2;3;15;2;
30797;202100019880;166 098;B01;2;33;1;2;2;1;1;
30798;202100019880;166 099;A01;1;7;1;0;1;9;1;
30799;202100019881;166 096;A01;0;7;0;1;1;1;1;
30800;202100019882;166 094;A01;0;30;0;2;1;13;1;
30801;202100019882;166 095;B01;0;7;0;2;1;1;1;
30802;202100019883;166 093;A01;1;7;0;1;1;1;1;
30803;202100019884;166 089;B01;3;1;0;2;0;13;0;
30804;202100019884;166 090;A01;2;7;0;9;1;26;1;
30805;202100019886;166 085;B01;3;7;0;0;4;23;1;
30806;202100019886;166 086;A01;3;31;0;2;1;2;1;
30807;202100019887;166 083;B01;0;32;0;0;0;0;1;
30808;202100019887;166 084;A01;0;3;0;0;0;0;1;
30809;202100019888;166 081;A01;1;7;0;2;2;15;1;
30810;202100019888;166 082;B01;1;32;0;2;2;0;1;
30811;202100019889;166 079;Z01;3;33;0;2;1;13;1;
30812;202100019889;166 080;B01;3;7;0;2;3;1;1;
30813;202100019890;166 078;A01;1;7;0;1;1;1;1;
30814;202100019891;166 077;A01;1;3;8;1;2;26;0;
30815;202100019893;166 073;A01;3;7;0;2;1;2;1;
30816;202100019893;166 074;B01;1;7;0;2;4;2;1;
30817;202100019894;166 072;A01;2;30;8;1;1;12;1;
30818;202100019895;166 070;B01;1;33;0;2;1;2;1;
30819;202100019895;166 071;A01;1;7;16;0;3;10;1;
30820;202100019896;166 068;B01;1;10;0;0;5;1;1;
30821;202100019896;166 069;A01;1;33;0;2;3;21;1;
30822;202100019897;166 067;A01;1;7;3;0;1;14;1;
30823;202100019898;166 065;B01;2;80;0;2;7;1;3;
30824;202100019898;166 066;A01;2;10;0;2;8;22;1;
30825;202100019899;166 063;A01;1;1;0;2;4;2;5;
30826;202100019899;166 064;Z01;1;7;0;2;2;2;1;
30827;202100019900;166 059;A01;1;7;0;2;1;1;2;
30828;202100019900;166 060;B01;1;7;0;2;4;1;1;
30829;202100019900;166 061;C01;1;7;0;2;5;1;1;
30830;202100019900;166 062;D01;1;7;0;2;5;24;1;
30831;202100019901;166 057;B01;1;7;0;2;7;1;1;
30832;202100019901;166 058;A01;0;7;0;2;2;5;1;
30833;202100019902;166 056;A01;1;80;12;0;2;12;3;
30834;202100019903;166 054;B01;2;1;0;2;0;1;5;
30835;202100019903;166 055;A01;2;13;0;2;0;13;1;
30836;202100019904;166 053;A01;1;30;0;0;0;21;3;
30837;202100019906;166 048;A01;1;10;0;2;4;12;1;
30838;202100019906;166 049;B01;1;33;0;2;1;1;1;
30839;202100019907;166 046;A01;1;7;0;2;1;1;1;
30840;202100019907;166 047;[01;1;7;0;2;6;11;0;
30841;202100019908;166 044;A01;1;10;0;2;3;11;1;
30842;202100019908;166 045;B01;1;32;0;2;2;1;1;
30843;202100019909;166 043;A01;2;32;0;0;0;1;1;
30844;202100019910;166 041;B01;1;80;8;2;7;17;3;
30845;202100019910;166 042;A01;1;80;8;2;8;13;3;
30846;202100019911;166 040;A01;2;32;0;1;7;21;1;
30847;202100019912;166 038;B01;1;7;0;2;4;1;1;
30848;202100019912;166 039;A01;1;7;0;2;1;2;1;
30849;202100019914;166 034;B01;2;80;0;2;5;1;3;
30850;202100019914;166 035;A01;2;7;0;2;3;1;1;
30851;202100019915;166 033;A01;1;7;0;1;7;1;1;
30852;202100019916;166 032;A01;1;37;0;1;1;1;1;1.0
30853;202100019918;166 029;A01;3;7;0;1;1;1;1;
30854;202100019919;166 028;A01;2;32;0;0;3;26;1;
30855;202100019920;166 026;B01;1;34;0;2;2;17;1;
30856;202100019920;166 027;Z01;3;7;0;0;0;0;0;
30857;202100019921;166 023;A01;3;7;0;2;3;9;1;
30858;202100019921;166 024;B01;3;32;0;2;1;17;1;
30859;202100019921;166 025;C01;3;7;0;2;1;5;1;
30860;202100019922;166 021;A01;3;7;0;2;7;1;1;
30861;202100019922;166 022;B01;3;7;0;2;3;1;1;
30862;202100019923;166 019;A01;3;7;0;2;3;19;1;
30863;202100019923;166 020;B01;3;7;0;2;8;15;1;
30864;202100019924;166 018;A01;3;7;0;1;2;1;1;
30865;202100019925;166 015;C01;2;7;0;2;8;0;1;
30866;202100019925;166 016;B01;2;7;8;2;7;0;2;
30867;202100019925;166 017;A01;2;7;0;2;8;11;1;
30868;202100019926;166 014;A01;2;7;1;1;1;1;0;
30869;202100019927;166 012;B01;0;31;0;2;1;1;1;
30870;202100019927;166 013;A01;0;7;0;2;2;15;1;
30871;202100019928;166 010;B01;3;30;0;2;3;9;0;
30872;202100019928;166 011;A01;3;7;0;2;0;9;0;
30873;202100019929;166 009;A01;1;1;0;1;2;1;5;
30874;202100019930;166 007;A01;1;33;0;2;2;17;1;
30875;202100019930;166 008;B01;1;7;0;2;3;15;1;
30876;202100019931;166 005;B01;1;7;0;2;2;1;1;
30877;202100019931;166 006;A01;1;10;0;2;2;9;1;
30878;202100019932;166 004;A01;1;32;0;0;8;26;1;
30879;202100019933;166 003;A01;2;30;0;1;1;1;1;
30880;202100019934;166 001;B01;2;7;0;2;3;9;1;
30881;202100019934;166 002;A01;2;30;1;2;2;17;1;
30882;202100019936;165 997;A01;0;7;8;2;3;0;1;
30883;202100019936;165 998;B01;0;7;8;2;1;0;1;
30884;202100019937;165 995;A01;0;7;0;2;3;13;1;
30885;202100019937;165 996;B01;0;7;0;2;3;1;1;
30886;202100019938;165 993;B01;1;7;0;2;3;1;1;
30887;202100019938;165 994;A01;2;7;0;2;1;13;1;
30888;202100019939;165 991;B01;2;10;0;2;1;1;1;
30889;202100019939;165 992;A01;3;7;0;2;8;15;1;
30890;202100019940;165 989;A01;1;7;0;2;1;1;1;
30891;202100019940;165 990;B01;2;7;0;2;1;13;1;
30892;202100019941;165 987;A01;1;10;0;9;3;13;1;
30893;202100019941;165 988;B01;1;1;0;2;1;1;5;
30894;202100019942;165 986;A01;1;7;2;0;1;1;1;
30895;202100019943;165 984;A01;0;7;0;2;8;1;1;
30896;202100019943;165 985;B01;3;7;0;2;1;0;1;
30897;202100019944;165 982;A01;1;7;0;2;3;1;1;
30898;202100019944;165 983;B01;2;7;0;2;2;15;1;
30899;202100019945;165 981;A01;2;7;4;0;1;2;1;
30900;202100019946;165 979;A01;1;14;0;2;1;1;1;
30901;202100019946;165 980;B01;1;7;0;2;4;1;1;
30902;202100019947;165 978;A01;2;7;0;1;2;1;1;
30903;202100019948;165 977;A01;3;33;13;0;1;1;1;
30904;202100019949;165 976;A01;1;33;13;0;1;14;1;
30905;202100019950;165 974;B01;3;1;0;2;1;0;5;
30906;202100019950;165 975;A01;3;7;0;2;1;1;1;
30907;202100019951;165 972;A01;1;33;0;2;1;1;1;
30908;202100019951;165 973;B01;3;7;0;2;3;15;1;
30909;202100019952;165 970;A01;0;7;0;2;2;1;1;
30910;202100019952;165 971;B01;0;7;0;2;3;1;1;
30911;202100019953;165 969;A01;1;7;2;0;1;1;1;
30912;202100019954;165 966;C01;2;7;0;2;1;1;1;
30913;202100019954;165 967;B01;2;7;0;2;3;1;1;
30914;202100019954;165 968;A01;1;10;0;2;3;5;1;
30915;202100019956;165 964;A01;1;33;3;0;0;1;1;
30916;202100019957;165 961;B01;1;7;0;2;1;1;1;
30917;202100019957;165 962;A01;2;7;0;2;1;13;1;
30918;202100019957;165 963;C01;1;7;0;2;1;2;2;
30919;202100019958;165 960;A01;1;7;6;0;1;0;1;
30920;202100019959;165 959;A01;2;2;0;0;7;1;1;
30921;202100019960;165 955;C01;2;7;0;2;1;1;1;
30922;202100019960;165 956;B01;2;7;0;2;3;1;1;
30923;202100019960;165 957;A01;1;7;0;2;1;13;1;
30924;202100019961;165 953;B01;1;7;0;2;8;1;1;
30925;202100019961;165 954;A01;1;2;0;2;7;15;1;
30926;202100019962;165 951;A01;3;31;0;2;3;1;1;
30927;202100019962;165 952;B01;0;7;0;2;3;1;3;
30928;202100019963;165 950;A01;2;33;13;0;1;11;1;
30929;202100019964;165 949;A01;2;1;9;0;1;1;5;
30930;202100019965;165 947;A01;2;7;2;2;8;13;1;
30931;202100019965;165 948;B01;1;33;0;2;1;1;1;
30932;202100019966;165 946;A01;3;21;0;0;9;1;1;
30933;202100019967;165 944;A01;2;7;0;2;1;1;1;
30934;202100019967;165 945;B01;2;7;0;2;1;13;1;
30935;202100019968;165 943;A01;1;10;2;0;2;14;1;
30936;202100019969;165 941;A01;1;7;0;2;3;13;1;
30937;202100019969;165 942;B01;2;7;0;2;3;1;0;
30938;202100019970;165 939;B01;2;7;0;2;1;1;1;
30939;202100019970;165 940;A01;1;7;0;2;1;13;1;
30940;202100019971;165 937;B01;2;31;0;0;3;21;1;
30941;202100019971;165 938;A01;3;7;0;0;0;15;1;
30942;202100019972;165 935;A01;2;7;0;2;2;1;1;
30943;202100019972;165 936;B01;1;7;0;2;2;15;1;
30944;202100019973;165 931;A01;2;7;0;2;1;17;1;
30945;202100019973;165 932;B01;1;7;0;2;2;1;1;
30946;202100019974;165 929;B01;3;2;0;2;7;1;1;
30947;202100019974;165 930;A01;3;7;0;2;2;9;2;
30948;202100019975;165 927;A01;2;17;0;2;2;12;1;
30949;202100019975;165 928;B01;2;7;0;0;8;1;1;
30950;202100019976;165 926;A01;1;7;0;1;3;1;2;
30951;202100019977;165 925;A01;1;2;13;0;2;0;1;
30952;202100019978;165 923;B01;1;7;0;0;0;15;0;
30953;202100019978;165 924;A01;2;36;3;0;2;1;1;
30954;202100019979;165 918;C01;1;7;0;0;0;23;0;
30955;202100019979;165 919;B01;1;7;0;2;1;23;0;
30956;202100019979;165 920;E01;1;7;0;0;0;23;0;
30957;202100019979;165 921;D01;1;7;1;2;1;1;0;
30958;202100019979;165 922;A01;1;7;0;0;4;23;0;
30959;202100019980;165 916;B01;1;10;0;0;6;24;1;
30960;202100019980;165 917;A01;1;17;0;2;5;21;1;
30961;202100019981;165 915;A01;1;17;3;0;7;14;1;
30962;202100019983;165 912;A01;2;7;0;2;2;5;1;
30963;202100019983;165 913;B01;1;33;0;2;1;1;1;
30964;202100019984;165 910;B01;2;7;0;2;1;2;1;
30965;202100019984;165 911;A01;2;10;0;2;4;2;1;
30966;202100019985;165 908;A01;1;7;0;0;0;15;1;
30967;202100019985;165 909;B01;1;2;8;0;1;1;1;
30968;202100019986;165 907;A01;1;33;3;0;8;1;1;
30969;202100019987;165 906;A01;1;10;0;0;7;26;1;
30970;202100019988;165 904;B01;1;31;0;2;0;1;1;
30971;202100019988;165 905;A01;1;7;0;2;1;12;1;
30972;202100019989;165 902;B01;3;10;7;2;1;1;1;
30973;202100019989;165 903;A01;3;7;0;2;8;9;1;
30974;202100019990;165 900;B01;2;7;4;2;4;2;1;
30975;202100019990;165 901;A01;2;7;0;2;1;2;1;
30976;202100019991;165 898;A01;2;2;0;0;1;1;1;
30977;202100019992;165 896;B01;3;10;0;2;2;15;1;
30978;202100019992;165 897;A01;1;7;0;2;1;1;1;
30979;202100019993;165 895;A01;1;10;0;1;2;1;1;
30980;202100019994;165 893;A01;3;7;0;1;4;4;1;
30981;202100019995;165 892;A01;2;33;11;9;1;1;1;
30982;202100019996;165 889;B01;2;33;0;2;4;23;1;
30983;202100019996;165 890;A01;2;7;0;0;6;1;1;
30984;202100019996;165 891;C01;2;31;0;2;9;17;1;
30985;202100019997;165 888;A01;1;31;0;0;0;0;1;
30986;202100020000;165 884;A01;2;43;0;2;1;17;1;
30987;202100020000;165 885;B01;2;7;0;9;6;15;1;
30988;202100020001;165 882;B01;3;30;0;0;1;15;1;
30989;202100020001;165 883;A01;0;7;0;0;2;17;1;
30990;202100020002;165 881;A01;1;7;13;0;3;1;1;
30991;202100020003;165 879;A01;1;7;0;2;1;1;1;
30992;202100020003;165 880;B01;1;7;0;2;2;26;1;
30993;202100020004;165 877;B01;0;21;0;2;1;1;1;
30994;202100020004;165 878;A01;0;7;0;2;4;1;1;
30995;202100020005;165 876;A01;2;7;0;1;3;1;1;
30996;202100020006;165 875;A01;2;33;0;0;8;3;1;
30997;202100020007;165 871;D01;0;10;0;2;1;2;3;
30998;202100020007;165 872;A01;1;10;0;2;4;2;1;
30999;202100020007;165 873;B01;1;7;0;2;4;2;1;
31000;202100020007;165 874;C01;1;7;0;2;4;2;1;
31001;202100020008;165 866;C01;2;7;0;2;1;1;1;
31002;202100020008;165 867;D01;2;7;0;2;1;1;1;
31003;202100020008;165 868;E01;2;7;0;2;1;1;1;
31004;202100020008;165 869;A01;2;7;0;2;4;1;1;
31005;202100020008;165 870;B01;2;7;0;2;1;1;1;
31006;202100020009;165 864;A01;1;10;13;2;9;18;1;
31007;202100020009;165 865;B01;1;7;0;2;4;1;1;
31008;202100020010;165 862;A01;1;7;0;2;1;2;1;
31009;202100020010;165 863;B01;1;7;0;2;4;2;1;
31010;202100020011;165 859;A01;1;7;0;2;1;2;1;
31011;202100020011;165 860;C01;1;7;0;2;4;2;1;
31012;202100020011;165 861;B01;1;10;0;2;4;2;1;
31013;202100020012;165 856;A01;2;7;0;2;7;1;1;
31014;202100020012;165 857;B01;2;34;0;2;8;3;1;
31015;202100020012;165 858;C01;2;7;0;2;4;1;1;
31016;202100020013;165 854;A01;2;10;0;2;8;11;1;
31017;202100020013;165 855;B01;2;33;0;2;2;3;1;
31018;202100020014;165 852;A01;2;7;0;2;1;2;1;
31019;202100020014;165 853;B01;2;7;0;2;1;2;1;
31020;202100020015;165 850;B01;2;33;0;2;8;3;1;
31021;202100020015;165 851;A01;2;7;0;2;7;12;1;
31022;202100020016;165 848;B01;2;7;0;2;4;2;1;
31023;202100020016;165 849;A01;2;15;0;2;1;23;1;
31024;202100020017;165 847;A01;1;7;4;0;1;1;1;
31025;202100020018;165 846;A01;1;33;16;0;0;2;1;
31026;202100020019;165 843;A01;1;7;0;2;1;12;1;
31027;202100020019;165 844;B01;1;7;0;2;4;0;1;
31028;202100020019;165 845;C01;1;7;0;2;4;2;1;
31029;202100020020;165 840;C01;1;7;0;2;5;2;1;
31030;202100020020;165 841;B01;1;7;0;2;4;2;1;
31031;202100020020;165 842;A01;1;7;0;2;1;1;1;
31032;202100020021;165 838;A01;1;10;0;2;4;2;1;
31033;202100020021;165 839;B01;1;7;4;2;4;2;1;
31034;202100020022;165 836;A01;2;7;0;2;4;1;1;
31035;202100020022;165 837;Z01;2;7;0;2;1;1;1;
31036;202100020023;165 834;A01;2;17;0;2;1;1;1;
31037;202100020023;165 835;B01;2;14;0;2;4;1;1;
31038;202100020024;165 831;C01;2;7;0;2;4;2;1;
31039;202100020024;165 832;A01;2;7;0;2;1;1;1;
31040;202100020024;165 833;B01;2;7;0;2;4;2;1;
31041;202100020025;165 830;A01;2;33;13;0;7;1;1;
31042;202100020026;165 828;B01;1;7;0;2;6;1;1;
31043;202100020026;165 829;A01;1;7;0;2;2;14;1;
31044;202100020027;165 826;B01;1;10;0;2;7;12;1;
31045;202100020027;165 827;A01;1;7;0;2;8;0;1;
31046;202100020028;165 824;A01;2;7;0;2;3;19;1;
31047;202100020028;165 825;B01;2;33;0;2;1;1;1;
31048;202100020029;165 823;A01;1;7;0;1;1;1;1;
31049;202100020030;165 822;A01;3;7;0;1;2;1;1;
31050;202100020031;165 821;A01;2;7;0;1;1;1;1;
31051;202100020032;165 820;Z01;2;30;0;1;0;1;1;
31052;202100020033;165 818;A01;1;7;0;1;8;1;1;
31053;202100020034;165 816;B01;2;7;0;2;1;5;1;
31054;202100020034;165 817;A01;1;7;0;2;1;5;1;
31055;202100020035;165 814;A01;2;7;0;2;2;1;1;
31056;202100020035;165 815;B01;1;7;0;2;1;16;1;
31057;202100020036;165 813;A01;1;30;0;0;0;0;1;
31058;202100020037;165 812;A01;3;30;0;1;1;17;1;
31059;202100020038;165 810;A01;3;7;15;0;1;15;1;
31060;202100020038;165 811;B01;3;31;15;0;7;15;1;
31061;202100020039;165 808;B01;3;31;0;2;1;1;1;
31062;202100020039;165 809;A01;3;10;0;2;8;1;1;
31063;202100020040;165 806;A01;1;32;0;2;1;7;1;
31064;202100020040;165 807;B01;1;7;0;2;2;16;1;
31065;202100020041;165 804;A01;2;10;0;9;5;26;1;
31066;202100020041;165 805;B01;2;50;0;2;1;2;3;
31067;202100020042;165 802;B01;2;50;0;2;1;17;3;
31068;202100020042;165 803;A01;2;1;0;2;8;15;5;
31069;202100020043;165 801;A01;2;7;0;1;1;15;1;
31070;202100020044;165 799;A01;1;7;0;9;1;1;1;
31071;202100020044;165 800;B01;3;99;0;2;0;19;5;
31072;202100020045;165 797;Z01;1;60;0;2;0;0;5;
31073;202100020045;165 798;B01;2;80;0;2;8;1;3;
31074;202100020046;165 795;B01;3;10;0;2;4;1;1;
31075;202100020046;165 796;A01;3;10;0;2;1;2;1;
31076;202100020047;165 793;A01;1;7;0;2;3;2;1;
31077;202100020047;165 794;B01;1;7;0;2;5;2;1;
31078;202100020048;165 791;B01;1;7;0;2;8;20;1;
31079;202100020048;165 792;A01;1;2;0;2;3;17;1;
31080;202100020049;165 789;B01;2;7;0;0;4;2;1;
31081;202100020049;165 790;A01;2;10;0;2;1;2;1;
31082;202100020050;165 787;B01;2;7;0;2;6;0;1;
31083;202100020050;165 788;A01;2;1;1;0;3;5;5;
31084;202100020051;165 785;A01;3;7;0;2;1;1;1;
31085;202100020051;165 786;B01;3;7;0;2;5;2;1;
31086;202100020053;165 782;B01;3;2;0;2;2;17;1;
31087;202100020053;165 783;A01;3;10;0;2;3;15;1;
31088;202100020054;165 779;A01;1;7;0;2;5;15;1;
31089;202100020054;165 780;B01;2;33;0;2;7;1;1;
31090;202100020054;165 781;C01;2;7;0;2;5;2;1;
31091;202100020055;165 778;A01;1;7;0;1;1;15;1;
31092;202100020056;165 776;B01;2;7;0;2;0;0;1;
31093;202100020056;165 777;A01;2;7;0;2;1;1;1;
31094;202100020057;165 774;A01;0;10;0;2;1;19;1;
31095;202100020057;165 775;B01;0;10;0;2;1;1;1;
31096;202100020058;165 770;A01;1;33;14;2;8;17;1;
31097;202100020058;165 771;B01;1;30;15;2;2;1;1;
31098;202100020059;165 769;A01;1;30;0;0;0;26;1;
31099;202100020060;165 767;A01;2;33;0;2;1;16;1;
31100;202100020060;165 768;B01;1;7;0;2;8;1;2;
31101;202100020061;165 765;Z01;1;7;1;2;0;0;0;
31102;202100020061;165 766;B01;2;33;1;2;1;1;1;
31103;202100020062;165 763;B01;2;1;0;2;6;2;0;
31104;202100020062;165 764;A01;2;7;0;2;2;17;1;
31105;202100020063;165 761;B01;2;7;0;2;3;15;1;
31106;202100020063;165 762;A01;2;30;0;2;1;17;1;
31107;202100020064;165 760;A01;2;10;0;1;2;16;1;
31108;202100020065;165 758;A01;1;7;0;2;3;15;0;
31109;202100020065;165 759;B01;1;31;0;2;3;1;0;
31110;202100020066;165 757;A01;2;7;2;0;1;14;1;
31111;202100020067;165 755;B01;3;33;9;2;1;1;1;
31112;202100020067;165 756;A01;3;7;9;2;6;1;1;
31113;202100020068;165 754;A01;1;7;1;1;0;15;1;
31114;202100020069;165 752;B01;2;33;0;2;2;1;1;
31115;202100020069;165 753;A01;2;7;0;2;8;9;1;
31116;202100020070;165 751;A01;2;7;0;1;3;1;1;
31117;202100020071;165 749;B01;1;1;0;2;1;1;0;
31118;202100020071;165 750;A01;1;7;0;2;2;15;1;
31119;202100020072;165 748;A01;3;34;0;1;1;11;1;
31120;202100020073;165 746;B01;0;31;0;2;8;15;1;
31121;202100020073;165 747;A01;0;7;0;2;3;15;1;
31122;202100020074;165 744;B01;1;7;0;2;3;26;1;
31123;202100020074;165 745;A01;1;10;0;2;2;16;1;
31124;202100020075;165 742;A01;2;7;0;2;1;15;1;
31125;202100020075;165 743;B01;1;33;0;2;1;1;1;
31126;202100020076;165 739;A01;3;50;0;0;0;26;3;
31127;202100020077;165 738;A01;1;7;0;1;1;1;1;
31128;202100020078;165 736;B01;1;7;0;2;5;1;1;
31129;202100020078;165 737;A01;1;7;0;2;1;1;1;
31130;202100020079;165 733;C01;1;37;0;2;6;23;1;1.0
31131;202100020079;165 734;B01;1;7;0;2;4;23;1;
31132;202100020079;165 735;A01;1;7;0;2;1;1;1;
31133;202100020080;165 730;A01;3;17;0;2;1;2;1;
31134;202100020080;165 731;C01;3;7;0;2;4;23;1;
31135;202100020080;165 732;B01;3;7;0;2;4;23;1;
31136;202100020081;165 729;A01;1;7;0;1;3;15;1;
31137;202100020082;165 726;A01;0;7;3;0;1;1;1;
31138;202100020083;165 724;A01;3;7;0;2;2;1;1;
31139;202100020083;165 725;B01;3;1;0;2;1;19;5;
31140;202100020084;165 722;A01;1;7;0;2;1;15;1;
31141;202100020084;165 723;B01;2;7;0;2;1;1;1;
31142;202100020086;165 718;B01;1;17;0;2;1;1;1;
31143;202100020086;165 719;A01;1;7;0;2;1;0;1;
31144;202100020088;165 715;A01;3;7;0;2;1;1;1;
31145;202100020088;165 716;B01;3;7;0;0;5;13;1;
31146;202100020089;165 714;A01;0;7;9;0;2;1;1;
31147;202100020091;165 712;A01;3;7;0;1;2;1;1;
31148;202100020092;165 710;A01;3;7;0;2;7;15;1;
31149;202100020092;165 711;B01;3;50;0;0;1;0;3;
31150;202100020093;165 709;A01;1;7;0;1;4;26;1;
31151;202100020094;165 708;A01;2;7;2;0;7;14;1;
31152;202100020095;165 706;A01;2;31;0;2;3;12;1;
31153;202100020095;165 707;B01;2;7;0;2;5;2;1;
31154;202100020096;165 703;A01;3;32;0;2;2;13;1;
31155;202100020096;165 704;B01;1;7;0;2;6;2;2;
31156;202100020096;165 705;C01;3;32;0;2;1;3;1;
31157;202100020098;165 699;A01;2;30;0;2;4;23;3;
31158;202100020098;165 700;B01;2;10;0;2;1;1;1;
31159;202100020099;165 697;A01;2;32;0;2;1;2;1;
31160;202100020099;165 698;B01;2;7;0;2;6;2;2;
31161;202100020100;165 695;A01;1;7;0;2;1;1;1;
31162;202100020100;165 696;B01;2;1;0;2;1;13;5;
31163;202100020101;165 694;Z01;1;7;0;1;0;1;0;
31164;202100020102;165 692;A01;3;13;0;2;0;14;1;
31165;202100020102;165 693;B01;3;30;0;2;0;1;3;
31166;202100020103;165 690;A01;0;33;0;2;1;16;1;
31167;202100020103;165 691;B01;3;80;0;2;2;1;3;
31168;202100020104;165 689;A01;0;1;0;1;2;5;5;
31169;202100020105;165 687;A01;2;1;0;2;3;1;5;
31170;202100020105;165 688;B01;2;7;0;2;0;1;2;
31171;202100020107;165 683;B01;1;7;0;0;5;9;1;
31172;202100020107;165 684;A01;1;33;0;2;3;9;1;
31173;202100020108;165 681;Z01;1;30;0;2;0;1;0;
31174;202100020108;165 682;A01;1;1;0;2;8;1;5;
31175;202100020109;165 680;Z01;2;30;0;1;0;1;0;
31176;202100020110;165 678;B01;2;80;0;2;1;1;3;
31177;202100020110;165 679;A01;2;7;0;2;3;22;1;
31178;202100020113;165 673;A01;2;80;12;0;7;14;3;
31179;202100020114;165 671;B01;1;7;0;2;2;16;1;
31180;202100020114;165 672;A01;1;30;0;2;1;18;1;
31181;202100020115;165 670;A01;1;7;0;1;1;1;1;
31182;202100020116;165 669;A01;2;32;1;0;2;21;1;
31183;202100020117;165 665;A01;1;7;0;0;8;22;1;
31184;202100020117;165 666;B01;1;1;1;0;3;17;5;
31185;202100020118;165 664;A01;3;10;0;1;0;0;1;
31186;202100020120;165 661;A01;3;7;0;1;1;1;1;
31187;202100020121;165 660;A01;3;2;0;0;0;1;1;
31188;202100020122;165 658;B01;1;7;0;2;4;2;1;
31189;202100020122;165 659;A01;1;7;0;2;1;1;1;
31190;202100020123;165 656;B01;3;50;0;2;1;19;3;
31191;202100020123;165 657;A01;2;7;0;2;3;1;1;
31192;202100020124;165 654;B01;1;7;0;2;1;1;1;
31193;202100020124;165 655;A01;3;1;0;2;8;19;5;
31194;202100020125;165 652;A01;1;10;0;9;5;1;1;
31195;202100020125;165 653;B01;1;7;0;2;1;1;3;
31196;202100020126;165 650;B01;2;30;0;2;1;3;0;
31197;202100020126;165 651;A01;1;7;0;2;3;23;0;
31198;202100020127;165 648;A01;2;7;1;0;1;17;0;
31199;202100020127;165 649;B01;1;2;0;2;1;0;0;
31200;202100020128;165 646;A01;0;33;0;2;1;1;1;
31201;202100020128;165 647;B01;0;33;0;2;4;2;1;