;Num_Acc;id_vehicule;num_veh;senc;catv;obs;obsm;choc;manv;motor;occutc
31202;202100020130;165 642;B01;1;7;0;2;2;15;1;
31203;202100020130;165 643;A01;1;32;0;2;1;18;1;
31204;202100020131;165 640;A01;3;33;0;2;0;17;1;
31205;202100020131;165 641;B01;3;7;0;2;1;9;1;
31206;202100020132;165 638;A01;1;7;0;2;1;16;1;
31207;202100020132;165 639;B01;3;1;0;2;8;19;5;
31208;202100020134;165 635;A01;1;1;0;2;7;19;5;
31209;202100020134;165 636;B01;1;2;0;2;1;1;1;
31210;202100020135;165 633;A01;1;33;0;2;1;26;1;
31211;202100020135;165 634;B01;1;32;0;2;4;0;1;
31212;202100020136;165 632;A01;1;7;0;1;8;15;1;
31213;202100020137;165 631;A01;2;7;0;1;2;1;1;
31214;202100020138;165 629;A01;3;7;0;2;3;15;1;
31215;202100020138;165 630;B01;2;7;0;2;1;1;1;
31216;202100020139;165 627;B01;2;7;0;2;1;1;1;
31217;202100020139;165 628;A01;2;7;0;2;1;11;1;
31218;202100020140;165 626;A01;1;7;8;0;3;1;1;
31219;202100020141;165 625;A01;1;10;2;0;1;0;1;
31220;202100020142;165 623;A01;2;7;0;2;3;13;1;
31221;202100020142;165 624;B01;1;7;0;2;1;1;1;
31222;202100020143;165 622;A01;2;7;0;0;9;9;1;
31223;202100020144;165 621;A01;1;7;0;0;1;1;1;
31224;202100020145;165 619;B01;1;7;0;2;1;1;1;
31225;202100020145;165 620;A01;2;7;0;2;3;15;1;
31226;202100020146;165 618;A01;1;7;13;0;1;1;1;
31227;202100020147;165 617;A01;3;33;0;0;9;1;1;
31228;202100020148;165 615;B01;2;7;0;2;3;1;1;
31229;202100020148;165 616;A01;1;7;0;2;3;13;1;
31230;202100020149;165 614;A01;1;7;0;1;1;1;1;
31231;202100020150;165 612;B01;0;7;0;0;1;1;1;
31232;202100020150;165 613;A01;0;7;0;0;3;15;1;
31233;202100020153;165 608;A01;1;7;0;1;7;1;1;
31234;202100020154;165 607;A01;3;7;0;1;1;1;1;
31235;202100020155;165 605;A01;2;33;0;2;1;13;1;
31236;202100020155;165 606;B01;2;7;0;2;8;15;1;
31237;202100020156;165 604;A01;1;7;0;1;8;1;1;
31238;202100020157;165 602;B01;1;33;0;2;3;1;1;
31239;202100020157;165 603;A01;1;7;0;2;1;1;1;
31240;202100020158;165 601;A01;3;7;2;0;8;1;1;
31241;202100020160;165 598;A01;2;2;7;0;1;0;1;
31242;202100020161;165 597;A01;2;43;0;0;0;1;1;
31243;202100020162;165 595;A01;3;7;0;2;3;15;1;
31244;202100020162;165 596;B01;1;33;0;2;1;1;1;
31245;202100020164;165 592;A01;2;33;0;0;4;0;1;
31246;202100020164;165 593;B01;2;7;0;2;4;0;1;
31247;202100020165;165 589;C01;2;38;0;2;1;1;1;2.0
31248;202100020165;165 590;B01;2;15;0;2;6;1;0;
31249;202100020165;165 591;A01;1;17;3;2;6;26;1;
31250;202100020166;165 587;B01;1;30;0;2;2;21;1;
31251;202100020166;165 588;A01;3;38;0;2;3;16;1;1.0
31252;202100020167;165 586;A01;1;15;0;0;2;14;1;
31253;202100020168;165 585;A01;1;7;3;0;2;1;1;
31254;202100020169;165 583;B01;2;10;3;2;4;2;1;
31255;202100020169;165 584;A01;2;7;0;2;1;2;1;
31256;202100020170;165 580;C01;1;15;0;2;7;2;1;
31257;202100020170;165 581;B01;1;7;3;2;6;24;1;
31258;202100020170;165 582;A01;1;7;1;2;2;18;1;
31259;202100020171;165 579;A01;1;17;16;0;7;1;1;
31260;202100020172;165 578;A01;1;33;3;0;1;1;1;
31261;202100020173;165 576;A01;2;7;0;2;3;1;1;
31262;202100020173;165 577;B01;1;30;0;2;1;5;1;
31263;202100020174;165 574;B01;1;7;0;2;3;15;1;
31264;202100020174;165 575;A01;1;7;8;2;6;1;1;
31265;202100020175;165 572;B01;1;2;0;2;8;19;1;
31266;202100020175;165 573;A01;1;7;0;2;8;1;1;
31267;202100020176;165 571;A01;2;7;8;1;1;15;1;
31268;202100020177;165 569;B01;3;7;0;0;5;2;1;
31269;202100020177;165 570;A01;3;31;0;2;1;2;1;
31270;202100020178;165 567;B01;2;80;0;2;7;1;3;
31271;202100020178;165 568;A01;0;7;0;9;2;16;1;
31272;202100020179;165 565;A01;3;7;0;2;3;9;1;
31273;202100020179;165 566;B01;3;1;0;2;7;2;5;
31274;202100020180;165 563;A01;3;7;0;2;3;1;1;
31275;202100020180;165 564;B01;3;31;15;2;3;1;1;
31276;202100020181;165 562;A01;2;15;3;0;7;1;1;
31277;202100020182;165 560;A01;2;7;0;9;4;4;1;
31278;202100020182;165 561;B01;1;1;0;2;8;25;0;
31279;202100020183;165 559;A01;2;7;2;0;1;14;1;
31280;202100020184;165 558;A01;3;31;12;0;2;1;1;
31281;202100020185;165 557;A01;3;32;0;0;2;1;1;
31282;202100020186;165 555;A01;1;7;0;2;1;9;1;
31283;202100020186;165 556;B01;2;50;0;2;7;1;3;
31284;202100020187;165 554;A01;1;33;8;0;8;0;1;
31285;202100020188;165 553;A01;1;7;0;1;2;2;1;
31286;202100020189;165 552;A01;2;33;13;0;1;1;1;
31287;202100020190;165 550;A01;1;7;0;2;3;1;1;
31288;202100020190;165 551;B01;2;7;0;2;3;1;1;
31289;202100020192;165 546;B01;2;7;0;2;3;13;1;
31290;202100020192;165 547;A01;2;10;0;2;5;14;1;
31291;202100020193;165 544;A01;2;7;0;2;8;11;1;
31292;202100020193;165 545;B01;2;33;0;2;8;3;1;
31293;202100020194;165 542;B01;2;7;0;2;4;2;1;
31294;202100020194;165 543;A01;2;7;0;2;1;2;1;
31295;202100020195;165 540;A01;2;33;0;2;1;3;1;
31296;202100020195;165 541;B01;2;7;0;2;4;2;1;
31297;202100020196;165 539;A01;2;33;0;0;0;0;1;
31298;202100020197;165 535;B01;1;17;0;2;4;2;1;
31299;202100020197;165 536;D01;1;7;0;2;4;2;1;
31300;202100020197;165 537;C01;1;7;0;2;4;2;1;
31301;202100020197;165 538;A01;1;17;0;2;1;2;1;
31302;202100020198;165 533;A01;2;7;0;2;8;11;1;
31303;202100020198;165 534;B01;2;32;0;2;7;1;1;
31304;202100020199;165 530;A01;1;7;0;2;1;2;1;
31305;202100020199;165 531;B01;1;7;0;2;4;2;1;
31306;202100020199;165 532;C01;1;10;0;2;4;2;1;
31307;202100020200;165 528;A01;2;7;0;2;3;11;1;
31308;202100020200;165 529;B01;2;33;0;2;7;3;1;
31309;202100020201;165 525;A01;1;7;0;2;1;17;1;
31310;202100020201;165 526;B01;1;17;0;0;0;0;1;
31311;202100020201;165 527;C01;1;7;0;2;8;1;1;
31312;202100020202;165 523;B01;2;33;0;2;3;3;0;
31313;202100020202;165 524;A01;2;7;0;2;5;12;1;
31314;202100020203;165 521;B01;2;33;0;2;7;1;1;
31315;202100020203;165 522;A01;2;7;0;2;8;11;1;
31316;202100020204;165 519;Z01;1;7;0;0;0;0;0;
31317;202100020204;165 520;B01;1;2;0;2;4;1;1;
31318;202100020205;165 517;A01;2;7;0;2;8;11;1;
31319;202100020205;165 518;B01;2;34;0;2;1;3;1;
31320;202100020206;165 513;C01;2;7;0;2;4;2;1;
31321;202100020206;165 514;B01;2;7;0;2;4;2;1;
31322;202100020206;165 515;A01;2;7;0;2;1;2;1;
31323;202100020206;165 516;D01;2;33;0;2;4;2;1;
31324;202100020207;165 510;C01;2;7;0;2;1;2;1;
31325;202100020207;165 511;B01;2;7;0;2;7;2;1;
31326;202100020207;165 512;A01;2;7;0;2;1;1;1;
31327;202100020208;165 508;Z01;2;7;0;2;1;2;1;
31328;202100020208;165 509;A01;2;7;0;2;4;2;1;
31329;202100020211;165 505;A01;1;7;0;1;7;1;1;
31330;202100020212;165 504;A01;2;7;1;0;3;13;1;
31331;202100020213;165 503;A01;2;7;0;1;1;1;1;
31332;202100020214;165 502;Z01;1;34;0;1;1;1;0;
31333;202100020215;165 501;A01;1;7;0;1;2;16;1;
31334;202100020216;165 500;A01;1;7;0;1;1;26;1;
31335;202100020217;165 498;B01;1;7;0;2;1;0;1;
31336;202100020217;165 499;A01;2;7;0;2;1;0;1;
31337;202100020218;165 496;A01;2;10;0;2;8;13;1;
31338;202100020218;165 497;B01;2;33;0;2;2;17;1;
31339;202100020219;165 492;A01;1;7;0;2;7;15;1;
31340;202100020219;165 493;B01;1;33;0;2;7;1;1;
31341;202100020220;165 491;A01;3;7;1;1;3;1;1;
31342;202100020222;165 489;A01;2;7;0;1;1;26;1;
31343;202100020224;165 485;A01;1;30;0;2;8;9;1;
31344;202100020224;165 486;B01;1;33;0;2;7;15;1;
31345;202100020225;165 483;A01;3;30;0;2;1;5;1;
31346;202100020225;165 484;B01;3;7;0;2;2;1;1;
31347;202100020226;165 481;A01;2;7;0;2;2;1;1;
31348;202100020226;165 482;B01;2;7;0;2;3;1;1;
31349;202100020227;165 479;A01;2;60;0;2;1;16;5;
31350;202100020227;165 480;B01;1;7;0;9;1;15;1;
31351;202100020228;165 477;A01;2;7;0;2;2;19;1;
31352;202100020228;165 478;B01;1;99;0;2;8;1;3;
31353;202100020229;165 475;A01;2;7;0;1;2;1;1;
31354;202100020229;165 476;B01;2;1;0;2;0;19;5;
31355;202100020230;165 473;B01;1;33;0;2;1;17;0;
31356;202100020230;165 474;A01;1;10;0;2;6;9;1;
31357;202100020231;165 471;B01;2;10;0;2;3;0;1;
31358;202100020231;165 472;A01;2;7;4;2;1;11;1;
31359;202100020232;165 470;A01;1;10;0;1;2;1;1;
31360;202100020233;165 469;A01;2;7;0;1;2;1;1;
31361;202100020235;165 466;A01;2;7;0;1;2;1;1;
31362;202100020236;165 465;A01;2;7;0;1;3;1;1;
31363;202100020237;165 464;A01;2;7;15;0;1;16;1;
31364;202100020238;165 463;A01;1;7;8;0;1;14;1;
31365;202100020239;165 461;B01;1;2;0;2;2;1;1;
31366;202100020239;165 462;A01;1;7;0;2;3;13;1;
31367;202100020241;165 457;A01;1;2;0;2;1;1;1;
31368;202100020241;165 458;B01;2;10;0;2;2;15;1;
31369;202100020242;165 456;A01;0;7;0;1;0;1;0;
31370;202100020243;165 454;B01;0;33;0;2;1;1;1;
31371;202100020243;165 455;A01;0;7;0;2;8;10;1;
31372;202100020244;165 453;A01;0;1;0;1;1;1;5;
31373;202100020245;165 451;A01;0;7;0;2;1;16;1;
31374;202100020245;165 452;B01;0;33;0;2;1;15;1;
31375;202100020248;165 446;B01;3;1;0;2;4;0;0;
31376;202100020248;165 447;A01;3;15;0;2;2;14;1;
31377;202100020249;165 442;B01;1;1;0;2;8;11;5;
31378;202100020249;165 443;A01;1;10;0;9;7;1;1;
31379;202100020250;165 439;C01;0;1;0;2;1;1;5;
31380;202100020250;165 440;B01;0;1;0;2;1;1;5;
31381;202100020250;165 441;A01;0;7;0;9;3;16;1;
31382;202100020251;165 437;A01;3;7;0;2;1;1;1;
31383;202100020251;165 438;B01;3;10;0;2;1;1;1;
31384;202100020252;165 435;A01;3;10;0;4;1;1;1;
31385;202100020252;165 436;B01;3;40;0;2;1;1;3;
31386;202100020253;165 433;B01;0;7;0;2;4;23;1;
31387;202100020253;165 434;A01;0;7;0;2;1;2;1;
31388;202100020254;165 431;A01;1;7;0;2;3;1;1;
31389;202100020254;165 432;B01;2;7;0;2;3;15;1;
31390;202100020255;165 429;A01;2;7;3;0;6;15;1;
31391;202100020255;165 430;B01;2;2;0;2;1;26;1;
31392;202100020256;165 427;B01;1;7;0;2;3;1;0;
31393;202100020256;165 428;A01;3;7;0;2;1;9;1;
31394;202100020257;165 426;A01;2;7;0;1;2;16;1;
31395;202100020258;165 424;A01;1;7;0;2;8;13;1;
31396;202100020258;165 425;B01;1;50;0;2;2;1;3;
31397;202100020259;165 422;A01;1;7;0;2;1;2;1;
31398;202100020259;165 423;B01;1;31;0;2;4;2;1;
31399;202100020260;165 420;A01;3;7;0;9;3;26;1;
31400;202100020260;165 421;B01;3;50;0;2;1;19;3;
31401;202100020261;165 418;A01;1;7;0;2;3;15;3;
31402;202100020261;165 419;B01;1;10;0;2;2;1;1;
31403;202100020262;165 416;A01;-1;7;0;2;6;1;1;
31404;202100020262;165 417;B01;2;7;0;2;1;1;1;
31405;202100020263;165 415;A01;2;7;0;1;1;1;1;
31406;202100020264;165 413;B01;3;10;0;2;1;1;3;
31407;202100020264;165 414;A01;3;7;0;2;7;15;1;
31408;202100020265;165 411;B01;1;7;0;2;6;1;1;
31409;202100020265;165 412;A01;1;33;0;2;1;21;1;
31410;202100020266;165 409;B01;0;30;0;2;7;16;1;
31411;202100020266;165 410;A01;0;30;0;2;1;19;1;
31412;202100020268;165 406;A01;1;30;0;1;7;26;1;
31413;202100020269;165 404;A01;2;7;0;2;8;1;1;
31414;202100020269;165 405;B01;0;7;0;2;1;9;1;
31415;202100020270;165 402;B01;2;7;0;2;3;16;1;
31416;202100020270;165 403;A01;1;7;0;2;7;15;1;
31417;202100020271;165 400;A01;1;7;0;2;2;9;1;
31418;202100020271;165 401;B01;1;7;0;2;1;1;1;
31419;202100020273;165 397;A01;2;7;0;1;1;19;1;
31420;202100020274;165 396;A01;1;7;0;2;1;1;1;
31421;202100020275;165 395;A01;1;30;0;0;0;1;1;
31422;202100020277;165 391;A01;1;33;0;2;1;1;1;
31423;202100020277;165 392;B01;1;37;0;9;7;1;1;3.0
31424;202100020278;165 389;A01;1;7;0;2;1;2;1;
31425;202100020278;165 390;B01;1;7;0;2;4;2;1;
31426;202100020279;165 387;A01;0;1;0;2;7;19;5;
31427;202100020279;165 388;B01;0;7;0;2;3;2;1;
31428;202100020280;165 385;B01;0;7;0;2;3;1;1;
31429;202100020280;165 386;A01;0;7;0;2;2;19;1;
31430;202100020281;165 383;A01;1;7;0;2;3;9;1;
31431;202100020281;165 384;B01;1;1;0;2;7;1;5;
31432;202100020282;165 381;A01;1;7;0;2;2;15;1;
31433;202100020282;165 382;B01;1;7;0;2;1;1;1;
31434;202100020283;165 379;A01;1;7;0;2;2;16;1;
31435;202100020283;165 380;B01;1;2;0;2;1;26;1;
31436;202100020284;165 378;A01;2;7;0;1;2;1;1;
31437;202100020285;165 376;A01;3;7;0;2;1;16;1;
31438;202100020285;165 377;B01;3;1;0;2;8;1;5;
31439;202100020286;165 374;B01;3;7;0;2;2;1;1;
31440;202100020286;165 375;A01;3;7;0;2;1;9;1;
31441;202100020287;165 372;B01;3;33;0;2;4;9;1;
31442;202100020287;165 373;A01;3;10;0;2;1;9;1;
31443;202100020288;165 369;A01;2;7;0;2;1;1;3;
31444;202100020288;165 370;B01;2;7;0;2;4;23;1;
31445;202100020288;165 371;C01;2;7;0;2;4;23;1;
31446;202100020289;165 368;A01;1;7;0;1;1;16;1;
31447;202100020290;165 366;B01;1;33;0;2;1;1;1;
31448;202100020290;165 367;A01;2;7;0;2;7;15;1;
31449;202100020291;165 364;B01;2;1;0;2;0;1;5;
31450;202100020291;165 365;A01;2;10;0;2;0;16;1;
31451;202100020292;165 363;Z01;1;0;0;1;1;9;1;
31452;202100020294;165 360;A01;1;13;0;1;1;16;1;
31453;202100020295;165 359;A01;3;7;0;1;1;13;1;
31454;202100020296;165 358;A01;1;7;0;1;3;1;1;
31455;202100020297;165 356;A01;3;30;0;2;1;1;1;
31456;202100020297;165 357;B01;3;7;0;2;2;15;1;
31457;202100020298;165 354;B01;1;7;0;2;1;1;1;
31458;202100020298;165 355;A01;1;7;0;0;4;1;1;
31459;202100020299;165 352;A01;1;10;0;2;4;2;1;
31460;202100020299;165 353;B01;1;7;0;2;1;2;1;
31461;202100020300;165 349;A01;1;7;0;2;4;1;1;
31462;202100020300;165 350;B01;1;7;0;2;1;1;1;
31463;202100020300;165 351;C01;1;7;0;2;1;1;1;
31464;202100020301;165 348;A01;0;10;0;2;1;1;1;
31465;202100020302;165 347;A01;3;1;9;0;1;1;5;
31466;202100020303;165 345;B01;3;7;0;2;1;1;1;
31467;202100020303;165 346;A01;3;7;0;2;4;4;1;
31468;202100020304;165 344;A01;2;7;8;1;3;15;1;
31469;202100020305;165 341;C01;1;10;0;2;1;1;1;
31470;202100020305;165 342;B01;1;7;0;2;4;1;1;
31471;202100020305;165 343;A01;1;7;0;2;4;1;1;
31472;202100020306;165 340;A01;1;33;3;0;1;13;1;
31473;202100020307;165 338;B01;2;50;0;2;0;1;3;
31474;202100020307;165 339;Z01;2;7;0;2;0;9;0;
31475;202100020308;165 336;B01;3;1;0;2;1;2;5;
31476;202100020308;165 337;A01;3;7;0;2;2;15;1;
31477;202100020309;165 334;B01;3;32;0;2;1;21;1;
31478;202100020309;165 335;A01;3;7;0;2;1;5;1;
31479;202100020310;165 333;A01;1;7;1;0;2;1;1;
31480;202100020311;165 331;B01;3;7;0;2;4;1;1;
31481;202100020311;165 332;Z01;3;10;0;2;1;1;0;
31482;202100020312;165 330;A01;1;7;0;1;3;1;1;
31483;202100020313;165 328;B01;1;14;0;2;1;2;0;
31484;202100020313;165 329;A01;1;7;0;2;4;23;6;
31485;202100020314;165 327;A01;3;10;0;1;1;1;1;
31486;202100020315;165 325;B01;1;37;0;2;8;1;1;1.0
31487;202100020315;165 326;A01;2;32;0;2;1;1;1;
31488;202100020316;165 323;A01;3;30;0;2;1;1;1;
31489;202100020316;165 324;B01;-1;7;-1;-1;-1;-1;-1;
31490;202100020317;165 321;A01;1;7;0;2;1;1;0;
31491;202100020317;165 322;B01;1;7;0;2;8;1;1;
31492;202100020318;165 319;A01;1;2;0;2;1;1;1;
31493;202100020318;165 320;B01;2;10;0;2;3;1;1;
31494;202100020319;165 317;A01;1;10;0;2;2;26;1;
31495;202100020319;165 318;B01;1;7;0;2;5;2;1;
31496;202100020320;165 315;B01;2;1;0;2;2;2;5;
31497;202100020320;165 316;A01;1;7;0;2;1;15;1;
31498;202100020321;165 313;A01;2;50;0;2;1;25;3;
31499;202100020321;165 314;B01;3;7;0;2;0;0;1;
31500;202100020322;165 311;A01;1;30;0;2;2;1;1;
31501;202100020322;165 312;B01;1;7;0;2;5;23;1;
31502;202100020323;165 309;B01;3;50;0;2;8;19;3;
31503;202100020323;165 310;A01;3;7;0;2;1;1;1;
31504;202100020324;165 307;B01;2;10;0;2;5;16;3;
31505;202100020324;165 308;A01;2;30;0;2;1;18;3;
31506;202100020325;165 305;A01;3;7;0;2;3;1;1;
31507;202100020325;165 306;B01;3;7;0;2;1;1;1;
31508;202100020326;165 303;B01;2;50;0;2;8;1;3;
31509;202100020326;165 304;A01;1;7;0;2;5;1;2;
31510;202100020327;165 301;A01;1;7;0;2;2;12;2;
31511;202100020327;165 302;B01;1;1;0;2;3;1;5;
31512;202100020328;165 299;A01;1;1;0;2;7;1;5;
31513;202100020328;165 300;B01;1;7;0;2;3;1;1;
31514;202100020329;165 297;A01;2;7;0;2;2;16;2;
31515;202100020329;165 298;B01;1;50;0;2;1;1;3;
31516;202100020330;165 296;A01;2;1;0;1;1;25;5;
31517;202100020332;165 292;A01;1;7;0;2;3;1;1;
31518;202100020332;165 293;B01;1;30;0;2;1;1;1;
31519;202100020333;165 290;B01;1;7;0;2;5;23;1;
31520;202100020333;165 291;A01;1;30;0;2;1;1;1;
31521;202100020334;165 288;A01;2;33;0;2;7;17;1;
31522;202100020334;165 289;B01;2;10;0;2;3;15;1;
31523;202100020336;165 286;A01;2;10;0;1;2;1;6;
31524;202100020337;165 283;A01;2;7;0;9;1;2;1;
31525;202100020337;165 284;B01;2;7;0;9;4;1;1;
31526;202100020337;165 285;C01;2;7;0;9;4;1;1;
31527;202100020338;165 281;A01;2;10;0;2;3;22;1;
31528;202100020338;165 282;B01;2;50;1;0;1;1;3;
31529;202100020339;165 279;A01;2;30;0;2;3;2;1;
31530;202100020339;165 280;B01;2;7;0;2;2;2;1;
31531;202100020341;165 275;A01;2;7;0;2;1;19;1;
31532;202100020341;165 276;B01;1;7;0;2;1;0;1;
31533;202100020342;165 273;B01;2;34;0;2;1;17;1;
31534;202100020342;165 274;A01;2;1;0;2;8;19;5;
31535;202100020343;165 271;B01;2;2;0;2;1;0;1;
31536;202100020343;165 272;A01;2;7;0;2;1;0;1;
31537;202100020344;165 268;A01;2;7;0;2;1;1;1;
31538;202100020344;165 269;B01;2;7;0;2;4;1;1;
31539;202100020344;165 270;C01;2;7;0;2;4;1;1;
31540;202100020345;165 266;A01;1;7;0;2;6;2;1;
31541;202100020345;165 267;B01;1;31;0;2;1;2;1;
31542;202100020346;165 264;B01;1;10;0;2;2;1;1;
31543;202100020346;165 265;A01;2;7;0;2;2;1;1;
31544;202100020349;165 258;A01;3;7;0;2;2;15;1;
31545;202100020349;165 259;B01;0;7;0;2;3;1;1;
31546;202100020350;165 256;A01;3;7;0;2;1;1;1;
31547;202100020350;165 257;B01;3;7;0;2;2;1;1;
31548;202100020351;165 255;A01;2;30;14;0;1;2;1;
31549;202100020352;165 254;A01;0;7;0;1;1;16;1;
31550;202100020353;165 252;B01;2;7;0;2;1;13;1;
31551;202100020353;165 253;A01;1;7;0;2;1;13;1;
31552;202100020354;165 250;B01;1;7;0;2;2;1;1;
31553;202100020354;165 251;A01;1;1;0;2;2;1;5;
31554;202100020355;165 249;A01;1;1;12;0;0;21;5;
31555;202100020356;165 248;A01;2;33;0;1;1;1;1;
31556;202100020357;165 246;B01;1;7;0;2;8;1;1;
31557;202100020357;165 247;A01;1;7;0;2;1;15;1;
31558;202100020358;165 245;A01;3;7;0;1;0;15;0;
31559;202100020359;165 243;A01;3;1;0;2;0;0;0;
31560;202100020359;165 244;B01;1;32;0;2;0;0;1;
31561;202100020360;165 242;A01;3;7;0;1;3;20;1;
31562;202100020361;165 241;A01;2;7;0;1;2;1;2;
31563;202100020362;165 239;B01;1;1;9;2;2;2;5;
31564;202100020362;165 240;A01;1;7;15;2;0;16;0;
31565;202100020363;165 238;A01;1;2;0;0;2;1;1;
31566;202100020364;165 237;A01;1;33;0;0;8;1;1;
31567;202100020365;165 235;B01;3;10;0;2;3;15;1;
31568;202100020365;165 236;A01;3;33;0;2;1;17;1;
31569;202100020366;165 233;A01;2;7;0;2;1;2;1;
31570;202100020366;165 234;B01;2;7;0;0;4;2;1;
31571;202100020367;165 231;B01;2;31;0;2;1;18;3;
31572;202100020367;165 232;A01;1;7;0;0;7;15;2;
31573;202100020368;165 230;A01;2;33;0;0;0;0;1;
31574;202100020370;165 226;A01;2;33;15;2;2;1;1;
31575;202100020370;165 227;B01;1;7;0;2;2;1;1;
31576;202100020371;165 225;A01;0;7;0;1;3;1;1;
31577;202100020372;165 223;A01;2;10;1;0;1;1;1;
31578;202100020372;165 224;B01;2;7;14;2;4;23;1;
31579;202100020373;165 221;A01;1;7;0;2;3;1;1;
31580;202100020373;165 222;B01;2;33;0;2;3;1;1;
31581;202100020374;165 218;B01;1;7;0;0;6;1;1;
31582;202100020374;165 219;C01;2;15;0;9;8;1;1;
31583;202100020374;165 220;A01;1;2;0;2;1;1;1;
31584;202100020375;165 217;A01;2;7;3;0;1;1;1;
31585;202100020376;165 216;A01;1;2;0;0;0;1;1;
31586;202100020377;165 215;A01;2;7;8;0;1;14;1;
31587;202100020378;165 214;A01;2;31;0;0;6;16;1;
31588;202100020379;165 212;B01;2;7;0;0;5;23;1;
31589;202100020379;165 213;A01;2;3;0;2;3;2;1;
31590;202100020380;165 211;A01;2;7;13;0;8;13;1;
31591;202100020381;165 208;A01;1;7;1;2;1;5;1;
31592;202100020381;165 209;B01;2;13;0;2;3;0;1;
31593;202100020382;165 206;A01;2;7;0;2;7;19;1;
31594;202100020382;165 207;B01;1;7;0;2;1;1;1;
31595;202100020384;165 202;B01;2;80;0;2;1;1;3;
31596;202100020384;165 203;A01;1;7;0;2;2;13;1;
31597;202100020385;165 200;A01;1;1;0;2;4;2;5;
31598;202100020385;165 201;B01;1;7;0;9;2;0;1;
31599;202100020387;165 197;A01;1;7;0;1;2;16;1;
31600;202100020388;165 196;A01;1;7;6;0;0;13;1;
31601;202100020389;165 194;B01;1;1;0;2;1;1;5;
31602;202100020389;165 195;A01;1;7;0;2;5;4;1;
31603;202100020391;165 189;B01;2;7;0;0;6;15;1;
31604;202100020391;165 190;A01;2;2;0;2;1;17;1;
31605;202100020392;165 187;A01;1;10;0;2;1;19;1;
31606;202100020392;165 188;B01;1;7;0;2;8;1;1;
31607;202100020393;165 185;B01;3;7;0;2;1;0;1;
31608;202100020393;165 186;A01;3;33;0;2;1;1;1;
31609;202100020394;165 182;A01;0;7;0;2;7;15;1;
31610;202100020394;165 183;B01;0;7;0;2;1;1;1;
31611;202100020394;165 184;C01;0;17;0;0;3;23;1;
31612;202100020395;165 180;B01;2;7;0;2;6;2;1;
31613;202100020395;165 181;A01;2;33;0;2;2;2;1;
31614;202100020396;165 177;C01;1;99;0;0;1;1;1;
31615;202100020396;165 178;B01;1;15;0;0;3;1;1;
31616;202100020396;165 179;A01;2;7;0;2;1;0;1;
31617;202100020397;165 175;B01;1;7;0;2;1;1;1;
31618;202100020397;165 176;A01;1;7;0;2;3;1;1;
31619;202100020398;165 173;B01;3;31;0;2;1;1;1;
31620;202100020398;165 174;A01;3;7;0;2;2;9;1;
31621;202100020399;165 172;A01;3;7;0;1;3;1;1;
31622;202100020400;165 171;A01;2;7;0;1;2;16;1;
31623;202100020401;165 170;A01;2;7;5;0;1;15;1;
31624;202100020402;165 169;A01;2;7;13;0;9;1;1;
31625;202100020403;165 166;C01;2;7;0;2;6;1;1;
31626;202100020403;165 167;B01;2;7;0;2;3;1;1;
31627;202100020403;165 168;A01;2;34;3;0;1;1;1;
31628;202100020404;165 164;A01;1;14;0;2;3;1;1;
31629;202100020404;165 165;B01;3;7;0;2;8;15;1;
31630;202100020405;165 163;A01;2;7;4;0;3;0;1;
31631;202100020406;165 162;A01;2;38;0;1;2;23;1;0.0
31632;202100020407;165 159;A01;2;7;0;2;3;0;1;
31633;202100020407;165 160;B01;1;7;0;2;3;0;1;
31634;202100020407;165 161;C01;1;15;0;2;3;0;1;
31635;202100020408;165 158;A01;1;7;6;0;1;13;1;
31636;202100020409;165 157;A01;1;7;15;0;1;1;1;
31637;202100020410;165 155;A01;2;7;0;2;3;1;1;
31638;202100020410;165 156;B01;1;33;0;2;1;1;1;
31639;202100020411;165 154;A01;3;10;0;1;0;1;1;
31640;202100020413;165 151;B01;2;31;0;2;1;1;1;
31641;202100020413;165 152;A01;1;7;0;2;3;15;1;
31642;202100020414;165 149;A01;2;7;0;0;5;15;6;
31643;202100020414;165 150;B01;2;32;0;2;1;2;1;
31644;202100020415;165 148;A01;2;33;0;0;0;17;1;
31645;202100020416;165 147;A01;1;7;6;9;7;14;1;
31646;202100020417;165 145;A01;2;7;0;2;1;1;1;
31647;202100020417;165 146;B01;1;7;0;0;1;1;1;
31648;202100020418;165 144;A01;3;21;13;0;2;1;1;
31649;202100020419;165 143;A01;2;7;0;1;3;1;1;
31650;202100020420;165 141;B01;1;7;0;2;3;9;1;
31651;202100020420;165 142;A01;1;33;0;2;1;9;1;
31652;202100020421;165 139;B01;2;7;0;2;3;15;1;
31653;202100020421;165 140;A01;2;7;0;2;2;13;1;
31654;202100020422;165 136;A01;1;7;0;2;8;17;1;
31655;202100020422;165 137;B01;2;7;0;2;8;1;1;
31656;202100020422;165 138;C01;2;7;0;2;2;1;1;
31657;202100020423;165 135;A01;1;2;0;0;0;0;1;
31658;202100020424;165 134;A01;3;7;0;1;3;1;1;
31659;202100020425;165 132;A01;1;2;0;2;1;1;1;
31660;202100020425;165 133;B01;1;10;0;2;5;19;1;
31661;202100020426;165 130;A01;3;10;0;2;3;13;1;
31662;202100020426;165 131;B01;3;7;0;2;3;1;1;
31663;202100020427;165 129;A01;1;2;7;0;1;1;1;