;Num_Acc;id_vehicule;num_veh;senc;catv;obs;obsm;choc;manv;motor;occutc
31664;202100020428;165 125;D01;1;7;0;2;4;2;1;
31665;202100020428;165 126;C01;1;7;0;2;4;2;1;
31666;202100020428;165 127;B01;1;7;0;2;4;2;1;
31667;202100020428;165 128;A01;1;7;0;2;1;1;1;
31668;202100020429;165 123;A01;1;43;0;2;8;13;1;
31669;202100020429;165 124;B01;1;7;0;2;2;2;1;
31670;202100020430;165 121;A01;2;15;0;2;2;12;1;
31671;202100020430;165 122;B01;2;7;0;2;6;1;1;
31672;202100020431;165 118;C01;2;7;0;0;6;23;1;
31673;202100020431;165 119;B01;2;7;0;0;0;23;1;
31674;202100020431;165 120;A01;2;7;0;2;1;9;1;
31675;202100020433;165 115;A01;2;7;0;0;1;1;1;
31676;202100020434;165 113;A01;2;33;0;2;8;3;1;
31677;202100020434;165 114;B01;2;10;0;2;5;14;1;
31678;202100020435;165 111;A01;2;7;0;2;1;2;1;
31679;202100020435;165 112;B01;2;7;0;2;4;2;1;
31680;202100020436;165 109;B01;2;7;0;2;4;2;1;
31681;202100020436;165 110;A01;2;7;0;2;1;1;1;
31682;202100020437;165 107;A01;2;10;0;2;1;2;1;
31683;202100020437;165 108;B01;2;7;0;2;4;2;1;
31684;202100020438;165 106;A01;1;7;3;0;3;2;1;
31685;202100020439;165 103;A01;3;7;3;2;0;9;1;
31686;202100020439;165 104;B01;3;7;0;2;1;9;1;
31687;202100020439;165 105;C01;3;7;0;2;1;9;1;
31688;202100020440;165 101;B01;2;15;0;2;2;1;1;
31689;202100020440;165 102;A01;2;7;0;2;8;9;1;
31690;202100020441;165 094;A01;1;7;0;2;4;1;1;
31691;202100020441;165 095;B01;1;7;0;2;4;2;1;
31692;202100020441;165 096;C01;1;7;0;2;4;1;1;
31693;202100020441;165 097;D01;1;7;0;2;4;2;1;
31694;202100020441;165 098;E01;1;7;0;2;4;2;1;
31695;202100020441;165 099;F01;1;7;0;2;4;1;1;
31696;202100020441;165 100;G01;1;10;0;2;1;2;1;
31697;202100020442;165 092;A01;1;7;0;2;4;1;1;
31698;202100020442;165 093;B01;1;7;0;2;1;1;1;
31699;202100020443;165 090;Z01;2;7;0;2;6;12;0;
31700;202100020443;165 091;A01;2;43;0;2;1;1;1;
31701;202100020444;165 088;A01;1;7;0;2;1;17;1;
31702;202100020444;165 089;B01;1;2;0;2;8;15;1;
31703;202100020445;165 087;A01;1;7;0;1;4;20;1;
31704;202100020447;165 083;B01;2;7;0;2;3;1;1;
31705;202100020447;165 084;A01;1;7;0;2;8;15;1;
31706;202100020448;165 082;A01;1;33;6;0;9;1;1;
31707;202100020449;165 081;A01;3;30;15;0;1;15;1;
31708;202100020450;165 079;A01;1;34;0;2;3;15;1;
31709;202100020450;165 080;B01;1;7;8;2;3;15;1;
31710;202100020451;165 077;A01;1;30;0;2;1;1;3;
31711;202100020451;165 078;B01;1;7;0;2;4;23;1;
31712;202100020452;165 075;A01;2;10;0;2;2;1;1;
31713;202100020452;165 076;B01;3;7;0;2;8;1;2;
31714;202100020454;165 072;A01;2;7;0;1;1;1;1;
31715;202100020455;165 071;Z01;2;7;0;1;8;1;1;
31716;202100020456;165 069;A01;1;50;0;2;1;25;3;
31717;202100020456;165 070;B01;1;7;0;2;7;9;1;
31718;202100020457;165 067;B01;2;7;0;2;2;16;1;
31719;202100020457;165 068;A01;1;7;0;2;1;1;1;
31720;202100020458;165 066;A01;1;7;0;1;2;1;1;
31721;202100020459;165 065;A01;0;7;8;0;3;14;1;
31722;202100020460;165 063;A01;3;7;0;2;2;15;1;
31723;202100020460;165 064;B01;3;30;0;2;1;8;1;
31724;202100020461;165 061;A01;2;30;0;2;1;19;1;
31725;202100020461;165 062;B01;2;7;0;2;6;1;1;
31726;202100020462;165 059;A01;1;7;0;2;3;15;1;
31727;202100020462;165 060;B01;1;7;0;2;1;1;1;
31728;202100020463;165 057;B01;3;7;0;2;1;1;1;
31729;202100020463;165 058;A01;3;7;9;2;1;15;1;
31730;202100020464;165 056;A01;3;7;1;0;1;15;1;
31731;202100020466;165 051;B01;3;2;0;0;4;23;1;
31732;202100020466;165 052;C01;0;1;0;0;0;23;0;
31733;202100020466;165 053;A01;0;7;0;2;1;26;0;
31734;202100020467;165 049;B01;3;99;0;2;3;15;1;
31735;202100020467;165 050;A01;1;7;0;2;1;1;1;
31736;202100020468;165 047;A01;0;7;1;2;3;13;1;
31737;202100020468;165 048;B01;0;33;0;2;2;17;1;
31738;202100020469;165 045;A01;1;99;0;2;0;16;1;
31739;202100020469;165 046;B01;1;99;0;2;0;0;1;
31740;202100020470;165 043;A01;3;1;0;2;8;15;5;
31741;202100020470;165 044;Z01;2;7;0;2;8;9;0;
31742;202100020471;165 042;A01;0;7;0;1;1;9;1;
31743;202100020472;165 041;A01;2;7;0;1;3;1;1;
31744;202100020473;165 040;A01;3;7;0;1;3;1;2;
31745;202100020474;165 038;B01;1;33;0;2;8;1;1;
31746;202100020474;165 039;A01;1;7;0;2;2;14;1;
31747;202100020476;165 035;A01;3;10;0;9;1;1;1;
31748;202100020476;165 036;B01;3;60;0;2;7;19;5;
31749;202100020477;165 032;C01;1;7;0;2;4;1;1;
31750;202100020477;165 033;B01;1;7;0;2;4;1;1;
31751;202100020477;165 034;A01;1;10;0;2;1;1;1;
31752;202100020478;165 030;B01;2;7;0;2;3;21;2;
31753;202100020478;165 031;A01;1;7;0;2;1;13;1;
31754;202100020479;165 029;A01;3;7;0;1;1;1;1;
31755;202100020480;165 028;A01;1;1;12;0;0;17;5;
31756;202100020481;165 026;B01;1;33;0;2;4;2;1;
31757;202100020481;165 027;A01;1;7;0;2;3;2;1;
31758;202100020482;165 025;A01;1;10;0;1;2;16;1;
31759;202100020484;165 021;A01;1;30;0;2;7;16;1;
31760;202100020484;165 022;B01;1;10;0;2;2;15;1;
31761;202100020485;165 019;B01;2;7;0;2;4;2;0;
31762;202100020485;165 020;A01;2;7;0;2;1;2;1;
31763;202100020486;165 018;A01;1;7;0;1;2;2;1;
31764;202100020488;165 015;A01;1;7;0;1;2;1;1;
31765;202100020490;165 011;B01;2;7;0;2;8;15;1;
31766;202100020490;165 012;A01;2;34;1;0;7;2;1;
31767;202100020491;165 009;A01;2;37;0;2;7;0;6;1.0
31768;202100020491;165 010;B01;2;7;0;2;1;16;1;
31769;202100020492;165 006;A01;1;7;0;2;1;2;1;
31770;202100020492;165 007;B01;1;7;0;2;1;1;1;
31771;202100020492;165 008;C01;1;7;0;2;4;1;1;
31772;202100020493;165 005;A01;2;7;0;1;2;1;1;
31773;202100020494;165 003;B01;2;7;13;2;3;1;1;
31774;202100020494;165 004;A01;1;7;17;2;3;13;2;
31775;202100020495;165 001;A01;2;14;0;2;2;1;1;
31776;202100020495;165 002;B01;2;7;0;2;4;1;1;
31777;202100020496;164 999;A01;0;30;2;0;1;15;1;
31778;202100020497;164 997;B01;0;31;0;2;7;1;1;
31779;202100020497;164 998;A01;0;10;0;2;1;9;1;
31780;202100020498;164 996;A01;2;7;9;0;1;0;1;
31781;202100020499;164 994;B01;1;7;0;2;2;1;1;
31782;202100020499;164 995;A01;3;30;0;2;1;9;1;
31783;202100020500;164 993;A01;3;7;0;1;1;1;1;
31784;202100020501;164 990;C01;1;7;0;2;4;2;1;
31785;202100020501;164 991;B01;1;7;0;2;4;2;1;
31786;202100020501;164 992;A01;1;7;0;2;1;2;1;
31787;202100020502;164 987;B01;3;7;0;4;7;1;1;
31788;202100020502;164 988;C01;3;7;0;4;2;15;1;
31789;202100020502;164 989;A01;1;40;0;2;1;1;0;
31790;202100020503;164 985;A01;1;7;0;2;1;1;1;
31791;202100020503;164 986;B01;2;7;0;2;1;15;1;
31792;202100020504;164 983;Z01;1;7;0;2;1;16;1;
31793;202100020504;164 984;B01;1;50;0;2;1;1;3;
31794;202100020505;164 982;A01;1;7;0;1;1;1;1;
31795;202100020506;164 981;A01;2;7;0;1;1;1;1;
31796;202100020507;164 978;C01;1;10;0;2;6;2;1;
31797;202100020507;164 979;A01;1;7;14;2;1;2;1;
31798;202100020507;164 980;B01;1;7;0;2;1;2;1;
31799;202100020508;164 975;C01;1;7;0;2;4;2;2;
31800;202100020508;164 976;B01;1;7;0;2;4;2;1;
31801;202100020508;164 977;A01;1;7;0;2;1;26;1;
31802;202100020509;164 973;B01;1;7;0;2;2;16;1;
31803;202100020509;164 974;A01;1;1;0;2;8;2;5;
31804;202100020510;164 972;A01;3;7;1;0;3;26;2;
31805;202100020511;164 970;B01;1;7;0;2;6;1;1;
31806;202100020511;164 971;A01;2;7;0;2;3;13;1;
31807;202100020512;164 968;A01;1;7;0;2;1;0;1;
31808;202100020512;164 969;B01;1;7;0;2;9;1;1;
31809;202100020513;164 967;A01;2;7;0;1;1;2;1;
31810;202100020514;164 966;A01;3;7;0;1;2;1;1;
31811;202100020515;164 964;B01;3;7;0;2;3;1;1;
31812;202100020515;164 965;A01;3;30;0;2;1;1;1;
31813;202100020516;164 962;B01;3;1;0;2;7;9;5;
31814;202100020516;164 963;A01;3;7;0;2;1;9;1;
31815;202100020517;164 960;A01;0;7;0;2;3;15;1;
31816;202100020517;164 961;B01;0;7;0;1;1;1;1;
31817;202100020518;164 958;B01;0;2;0;2;1;1;1;
31818;202100020518;164 959;A01;0;7;0;2;5;15;1;
31819;202100020519;164 957;A01;3;1;13;0;1;14;5;
31820;202100020520;164 955;B01;1;7;0;2;1;1;1;
31821;202100020520;164 956;A01;1;7;0;2;3;15;1;
31822;202100020521;164 954;A01;1;7;0;1;1;26;1;
31823;202100020523;164 952;A01;1;1;0;0;0;1;5;
31824;202100020524;164 951;A01;1;1;0;0;0;1;5;
31825;202100020525;164 949;B01;1;10;0;2;6;23;1;
31826;202100020525;164 950;A01;1;13;0;2;2;11;1;
31827;202100020526;164 948;A01;2;7;0;1;3;1;1;
31828;202100020527;164 946;B01;1;31;0;2;3;26;1;
31829;202100020527;164 947;A01;1;99;0;2;2;16;1;
31830;202100020528;164 944;B01;1;99;0;2;1;1;5;
31831;202100020528;164 945;A01;2;10;0;2;5;20;1;
31832;202100020529;164 942;A01;1;1;0;4;3;26;5;
31833;202100020529;164 943;B01;1;39;0;2;2;2;3;
31834;202100020530;164 940;B01;3;7;0;2;4;1;1;
31835;202100020530;164 941;A01;3;7;0;2;1;1;1;
31836;202100020531;164 939;A01;3;7;0;1;1;1;1;
31837;202100020533;164 936;B01;3;50;0;2;7;19;3;
31838;202100020533;164 937;A01;3;7;0;2;1;16;1;
31839;202100020536;164 930;A01;0;7;1;0;2;1;1;
31840;202100020536;164 931;B01;0;10;0;2;6;1;3;
31841;202100020537;164 928;Z01;1;7;0;2;1;1;0;
31842;202100020537;164 929;B01;1;7;0;2;4;1;0;
31843;202100020538;164 926;A01;2;7;0;2;2;1;1;
31844;202100020538;164 927;B01;3;1;0;2;1;9;0;
31845;202100020539;164 924;B01;2;2;0;2;1;18;1;
31846;202100020539;164 925;A01;1;7;0;2;2;15;1;
31847;202100020540;164 923;A01;1;7;0;1;2;26;1;
31848;202100020542;164 919;B01;2;7;0;2;1;1;1;
31849;202100020542;164 920;A01;1;7;0;2;1;13;1;
31850;202100020543;164 916;C01;2;7;0;2;5;1;1;
31851;202100020543;164 917;B01;1;37;0;2;3;2;1;8.0
31852;202100020543;164 918;A01;2;7;0;2;1;5;1;
31853;202100020544;164 913;A01;0;7;0;2;1;9;1;
31854;202100020544;164 914;C01;0;7;0;2;3;1;1;
31855;202100020544;164 915;B01;0;33;0;2;7;9;1;
31856;202100020545;164 911;A01;1;7;0;2;3;9;1;
31857;202100020545;164 912;B01;1;80;0;2;7;15;3;
31858;202100020546;164 908;A01;1;33;1;0;1;21;1;
31859;202100020547;164 906;A01;2;7;0;2;1;26;1;
31860;202100020547;164 907;B01;2;2;0;2;1;1;1;
31861;202100020548;164 904;A01;1;50;0;2;8;13;3;
31862;202100020548;164 905;B01;1;7;0;9;7;2;1;
31863;202100020549;164 901;C01;1;7;0;2;1;2;1;
31864;202100020549;164 902;B01;1;7;0;2;4;2;1;
31865;202100020549;164 903;A01;1;7;0;2;4;2;1;
31866;202100020550;164 899;A01;0;7;0;2;3;0;1;
31867;202100020550;164 900;B01;0;1;0;2;4;0;6;
31868;202100020551;164 896;C01;2;7;0;9;0;1;1;
31869;202100020551;164 897;B01;1;10;0;2;1;1;1;
31870;202100020551;164 898;A01;1;10;0;2;1;17;1;
31871;202100020552;164 894;B01;1;7;0;2;4;2;2;
31872;202100020552;164 895;A01;1;31;0;2;1;2;1;
31873;202100020553;164 893;A01;2;7;0;1;1;1;2;
31874;202100020554;164 891;B01;1;34;0;2;1;1;1;
31875;202100020554;164 892;A01;1;37;0;2;7;1;1;1.0
31876;202100020555;164 889;B01;1;7;0;2;1;1;2;
31877;202100020555;164 890;A01;2;10;0;2;3;13;1;
31878;202100020556;164 885;A01;2;32;0;2;2;1;1;
31879;202100020556;164 886;B01;1;80;0;2;1;16;3;
31880;202100020558;164 882;A01;1;43;0;2;5;23;1;
31881;202100020558;164 883;B01;1;7;0;2;3;2;1;
31882;202100020559;164 880;A01;1;32;0;2;3;7;1;
31883;202100020559;164 881;B01;1;7;0;2;2;16;1;
31884;202100020561;164 876;B01;3;7;0;2;8;1;1;
31885;202100020561;164 877;A01;3;33;0;2;1;1;1;
31886;202100020562;164 875;A01;2;1;14;0;1;1;5;
31887;202100020563;164 873;A01;1;7;0;2;3;1;2;
31888;202100020563;164 874;B01;3;1;0;2;7;19;5;
31889;202100020564;164 872;A01;1;30;12;0;0;14;3;
31890;202100020565;164 871;A01;1;33;0;1;1;17;1;
31891;202100020568;164 867;A01;0;7;0;1;2;15;1;
31892;202100020569;164 865;A01;3;7;0;2;3;10;2;
31893;202100020569;164 866;B01;3;33;0;2;2;21;1;
31894;202100020570;164 863;A01;2;7;0;2;1;11;1;
31895;202100020570;164 864;B01;2;33;0;2;5;1;1;
31896;202100020571;164 861;B01;1;32;0;2;2;17;1;
31897;202100020571;164 862;A01;1;7;0;2;3;13;1;
31898;202100020572;164 860;A01;1;30;0;0;0;1;1;
31899;202100020573;164 859;Z01;1;50;0;1;7;1;3;
31900;202100020574;164 857;B01;0;7;0;2;3;6;1;
31901;202100020574;164 858;A01;0;34;0;2;1;1;0;
31902;202100020575;164 855;A01;1;7;0;2;1;2;1;
31903;202100020575;164 856;B01;1;7;0;2;4;23;1;
31904;202100020576;164 853;A01;2;7;0;2;2;1;2;
31905;202100020576;164 854;B01;1;33;0;2;1;1;1;
31906;202100020577;164 851;A01;1;1;0;2;4;2;5;
31907;202100020577;164 852;B01;1;37;1;0;4;2;1;1.0
31908;202100020578;164 849;A01;1;7;0;2;1;2;1;
31909;202100020578;164 850;B01;1;10;0;2;4;2;1;
31910;202100020579;164 847;P01;3;60;0;2;0;0;5;
31911;202100020579;164 848;A01;2;7;0;2;2;1;2;
31912;202100020580;164 845;A01;1;43;0;2;1;13;1;
31913;202100020580;164 846;B01;1;7;0;2;1;1;1;
31914;202100020581;164 843;A01;2;32;0;2;1;26;1;
31915;202100020581;164 844;B01;2;7;0;0;6;2;2;
31916;202100020582;164 841;B01;1;2;0;2;8;1;1;
31917;202100020582;164 842;A01;2;7;0;2;7;15;1;
31918;202100020583;164 840;A01;1;7;0;1;3;19;1;
31919;202100020584;164 838;B01;3;7;0;0;0;0;0;
31920;202100020584;164 839;A01;3;30;0;2;1;26;0;
31921;202100020585;164 836;B01;2;7;0;2;5;13;1;
31922;202100020585;164 837;A01;1;10;0;2;1;1;1;
31923;202100020586;164 834;A01;0;10;0;9;2;26;0;
31924;202100020586;164 835;B01;0;50;0;0;1;15;3;
31925;202100020587;164 832;A01;0;7;0;2;2;2;1;
31926;202100020587;164 833;B01;0;7;0;2;3;2;1;
31927;202100020588;164 830;A01;2;99;0;2;1;26;0;
31928;202100020588;164 831;B01;2;99;0;9;5;0;1;
31929;202100020589;164 828;A01;-1;7;0;2;7;16;1;
31930;202100020589;164 829;B01;-1;32;0;2;8;1;1;
31931;202100020590;164 826;A01;3;1;0;2;1;1;5;
31932;202100020590;164 827;B01;3;1;0;2;1;1;5;
31933;202100020591;164 824;A01;1;7;0;0;0;15;1;
31934;202100020591;164 825;B01;1;7;8;0;1;1;1;
31935;202100020592;164 822;B01;1;34;0;2;7;1;1;
31936;202100020592;164 823;A01;1;7;0;2;1;1;1;
31937;202100020593;164 820;B01;1;7;0;2;3;9;1;
31938;202100020593;164 821;A01;2;31;0;2;2;17;1;
31939;202100020594;164 818;A01;2;7;0;2;4;1;1;
31940;202100020594;164 819;B01;2;13;0;2;1;2;1;
31941;202100020595;164 816;A01;2;7;0;2;4;1;1;
31942;202100020595;164 817;B01;2;7;0;2;1;2;1;
31943;202100020596;164 815;A01;1;7;0;1;1;1;1;
31944;202100020598;164 810;A01;2;7;0;2;4;1;1;
31945;202100020598;164 811;B01;2;7;0;2;1;1;1;
31946;202100020599;164 809;A01;2;7;1;1;2;14;1;
31947;202100020601;164 806;B01;2;7;0;2;1;1;1;
31948;202100020601;164 807;A01;1;7;0;2;1;13;1;
31949;202100020602;164 804;B01;1;7;0;2;1;1;1;
31950;202100020602;164 805;A01;2;7;0;2;1;3;1;
31951;202100020603;164 801;A01;1;7;0;1;4;1;1;
31952;202100020603;164 802;C01;2;7;0;2;3;1;1;
31953;202100020603;164 803;B01;1;10;0;2;1;2;1;
31954;202100020605;164 795;A01;1;7;0;0;9;1;1;
31955;202100020606;164 792;A01;2;7;0;2;2;1;1;
31956;202100020606;164 793;B01;2;1;0;2;4;1;5;
31957;202100020606;164 794;C01;2;1;0;2;4;1;5;
31958;202100020607;164 790;B01;1;33;0;2;1;17;1;
31959;202100020607;164 791;A01;2;7;0;2;8;10;1;
31960;202100020608;164 789;A01;0;33;0;0;1;1;1;
31961;202100020609;164 788;A01;3;36;8;0;3;1;1;
31962;202100020610;164 786;B01;1;15;0;2;6;15;1;
31963;202100020610;164 787;A01;2;7;0;2;3;17;1;
31964;202100020612;164 782;B01;3;7;0;2;3;1;1;
31965;202100020612;164 783;A01;3;21;0;2;8;1;1;
31966;202100020613;164 778;C01;2;7;0;0;8;23;1;
31967;202100020613;164 779;B01;2;7;0;0;4;23;1;
31968;202100020613;164 780;A01;2;7;1;0;1;14;1;
31969;202100020613;164 781;D01;2;7;0;0;8;23;2;
31970;202100020614;164 776;B01;2;1;0;2;1;15;5;
31971;202100020614;164 777;A01;1;7;0;2;2;1;1;
31972;202100020616;164 774;A01;2;7;2;0;3;0;1;
31973;202100020617;164 773;A01;1;7;6;0;8;13;1;
31974;202100020618;164 772;A01;2;2;0;0;0;1;1;
31975;202100020620;164 770;A01;1;7;0;9;8;15;1;
31976;202100020621;164 768;A01;2;1;0;2;4;1;5;
31977;202100020621;164 769;B01;2;7;0;2;2;1;1;
31978;202100020622;164 766;B01;2;1;0;0;4;13;5;
31979;202100020622;164 767;A01;2;7;0;9;1;1;1;
31980;202100020623;164 763;C01;1;32;0;2;1;1;1;
31981;202100020623;164 764;B01;2;7;0;2;4;15;1;
31982;202100020623;164 765;A01;2;3;0;2;1;2;1;
31983;202100020624;164 760;C01;1;7;2;2;1;1;1;
31984;202100020624;164 761;A01;2;7;2;2;3;1;1;
31985;202100020624;164 762;B01;2;7;0;2;1;17;1;
31986;202100020625;164 757;C01;1;31;0;2;1;1;1;
31987;202100020625;164 758;B01;1;33;0;2;1;1;1;
31988;202100020625;164 759;A01;2;33;0;2;1;17;1;
31989;202100020627;164 755;A01;1;7;8;0;2;21;1;
31990;202100020628;164 753;B01;0;7;0;2;3;1;1;
31991;202100020628;164 754;A01;0;33;0;2;8;13;1;
31992;202100020629;164 751;B01;1;10;0;9;3;1;1;
31993;202100020629;164 752;A01;2;33;0;2;1;13;1;
31994;202100020630;164 749;B01;2;21;0;0;4;1;1;
31995;202100020630;164 750;A01;2;7;0;2;1;14;1;
31996;202100020631;164 748;A01;1;7;2;0;1;0;1;
31997;202100020632;164 746;B01;2;7;0;2;3;1;1;
31998;202100020632;164 747;A01;1;2;0;2;1;13;1;
31999;202100020634;164 742;B01;0;7;0;2;1;26;1;
32000;202100020634;164 743;A01;0;7;6;2;2;15;1;
32001;202100020635;164 739;B01;2;10;0;0;8;1;1;
32002;202100020635;164 740;A01;1;7;0;0;3;2;1;
32003;202100020635;164 741;C01;2;7;0;0;8;1;1;
32004;202100020636;164 738;A01;1;7;2;0;1;1;1;
32005;202100020637;164 737;A01;3;2;0;0;9;26;1;
32006;202100020638;164 736;A01;3;7;13;0;1;1;1;
32007;202100020639;164 734;B01;1;7;0;2;1;1;1;
32008;202100020639;164 735;A01;2;7;0;2;7;19;1;
32009;202100020640;164 733;A01;1;33;0;0;7;1;1;
32010;202100020641;164 731;A01;2;7;0;2;8;13;0;
32011;202100020641;164 732;B01;1;33;0;2;8;0;1;
32012;202100020642;164 730;A01;0;7;6;0;1;0;1;
32013;202100020643;164 729;A01;1;31;12;0;1;6;1;
32014;202100020644;164 728;A01;1;2;3;0;1;13;1;
32015;202100020646;164 724;A01;1;17;0;2;3;13;1;
32016;202100020646;164 725;B01;2;17;0;2;3;1;1;
32017;202100020647;164 722;A01;1;7;0;2;3;15;1;
32018;202100020647;164 723;B01;1;7;0;2;1;1;1;
32019;202100020648;164 720;B01;1;31;0;2;1;21;1;
32020;202100020648;164 721;A01;2;7;0;2;7;15;1;
32021;202100020649;164 717;C01;0;15;0;2;3;23;1;
32022;202100020649;164 718;B01;2;10;0;2;4;23;1;
32023;202100020649;164 719;A01;2;10;0;2;1;1;1;
32024;202100020650;164 715;A01;2;0;0;0;0;19;0;
32025;202100020650;164 716;B01;1;1;0;0;9;1;5;
32026;202100020651;164 713;B01;1;3;0;0;4;2;1;
32027;202100020651;164 714;A01;1;7;0;2;1;2;1;
32028;202100020652;164 712;A01;2;7;0;1;3;1;1;
32029;202100020653;164 711;A01;1;33;13;0;9;1;1;
32030;202100020654;164 710;A01;2;7;0;0;0;1;1;
32031;202100020655;164 708;B01;3;7;0;2;8;13;1;
32032;202100020655;164 709;A01;3;1;0;2;1;1;5;
32033;202100020657;164 705;A01;2;2;5;0;2;1;1;
32034;202100020658;164 703;A01;2;10;0;2;3;1;1;
32035;202100020658;164 704;B01;1;1;0;2;0;13;0;
32036;202100020659;164 701;B01;3;7;0;2;2;2;1;
32037;202100020659;164 702;A01;3;7;0;2;3;1;1;
32038;202100020660;164 700;A01;2;7;0;1;1;1;1;
32039;202100020661;164 698;A01;1;10;0;0;6;2;1;
32040;202100020661;164 699;B01;1;2;7;2;2;2;1;
32041;202100020662;164 697;A01;2;33;13;0;1;26;1;
32042;202100020663;164 695;A01;1;7;0;2;5;12;1;
32043;202100020663;164 696;B01;1;33;0;2;1;3;1;
32044;202100020664;164 694;A01;3;7;7;0;1;9;1;
32045;202100020665;164 692;B01;1;7;0;2;6;11;1;
32046;202100020665;164 693;A01;1;33;0;2;1;1;1;
32047;202100020666;164 690;B01;1;7;0;2;4;1;1;
32048;202100020666;164 691;A01;1;10;0;2;2;1;1;
32049;202100020667;164 688;B01;1;7;0;2;8;11;1;
32050;202100020667;164 689;A01;1;33;0;2;7;3;6;
32051;202100020668;164 687;A01;1;10;0;1;7;1;1;
32052;202100020669;164 686;A01;1;7;0;1;4;1;1;
32053;202100020671;164 683;A01;1;31;2;0;1;14;1;
32054;202100020672;164 682;A01;3;50;0;0;1;0;3;
32055;202100020673;164 681;A01;2;33;15;0;8;1;1;
32056;202100020674;164 679;A01;2;33;0;2;1;2;1;
32057;202100020674;164 680;B01;2;7;14;0;3;2;1;
32058;202100020675;164 677;A01;2;33;0;2;1;2;1;
32059;202100020675;164 678;B01;2;7;0;2;5;2;1;
32060;202100020677;164 673;A01;2;33;0;2;4;2;1;
32061;202100020677;164 674;B01;2;1;0;2;2;2;5;
32062;202100020678;164 672;Z01;3;10;0;1;1;5;0;
32063;202100020679;164 670;A01;3;7;0;2;3;9;1;
32064;202100020679;164 671;B01;1;33;0;2;1;1;1;
32065;202100020680;164 668;B01;1;1;1;2;1;1;5;
32066;202100020680;164 669;A01;2;7;1;2;7;24;1;
32067;202100020681;164 667;A01;0;33;0;0;9;26;0;
32068;202100020683;164 659;B01;3;7;0;2;2;1;1;
32069;202100020683;164 660;A01;3;1;0;2;0;1;0;
32070;202100020684;164 658;A01;2;33;0;1;1;2;1;
32071;202100020685;164 657;A01;2;7;0;1;2;1;1;
32072;202100020686;164 654;B01;3;7;0;2;5;2;1;
32073;202100020686;164 655;A01;3;7;0;2;1;2;1;
32074;202100020686;164 656;C01;3;7;0;2;4;2;1;
32075;202100020687;164 652;A01;3;7;0;2;1;1;1;
32076;202100020687;164 653;B01;3;1;0;2;8;1;5;
32077;202100020688;164 651;A01;1;30;15;0;2;26;1;
32078;202100020689;164 649;A01;2;7;6;1;1;19;1;
32079;202100020689;164 650;Z01;2;7;0;2;8;10;1;
32080;202100020690;164 646;A01;2;99;0;2;1;26;3;
32081;202100020690;164 647;B01;1;7;0;9;6;1;1;
32082;202100020691;164 645;A01;1;3;6;0;1;26;1;
32083;202100020692;164 642;A01;1;43;15;0;1;14;1;
32084;202100020693;164 640;A01;2;7;0;2;1;5;1;
32085;202100020693;164 641;B01;1;32;0;2;1;1;1;
32086;202100020694;164 639;A01;2;33;12;0;7;1;1;
32087;202100020695;164 636;A01;1;7;0;2;4;1;1;
32088;202100020695;164 637;B01;1;7;0;2;4;1;1;
32089;202100020695;164 638;C01;1;7;0;2;1;1;1;
32090;202100020696;164 635;A01;3;7;12;0;1;26;1;
32091;202100020697;164 634;A01;1;7;0;1;6;1;1;
32092;202100020698;164 632;CA01;3;7;0;1;2;19;0;
32093;202100020698;164 633;B01;3;50;0;2;1;19;0;
32094;202100020699;164 630;B01;2;2;0;2;0;1;1;
32095;202100020699;164 631;A01;1;7;0;9;0;13;1;
32096;202100020700;164 627;C01;1;10;0;2;8;1;0;
32097;202100020700;164 628;A01;2;7;0;2;3;13;2;
32098;202100020700;164 629;B01;1;33;0;2;1;1;1;
32099;202100020702;164 624;A01;0;7;0;2;4;2;1;
32100;202100020702;164 625;B01;0;7;0;2;1;2;1;
32101;202100020703;164 622;B01;2;33;0;2;2;1;1;
32102;202100020703;164 623;A01;2;35;0;2;3;10;1;
32103;202100020704;164 620;A01;1;7;0;2;1;0;1;
32104;202100020704;164 621;B01;3;7;0;2;3;0;1;
32105;202100020705;164 618;A01;0;10;0;2;2;26;0;
32106;202100020705;164 619;B01;3;7;0;2;1;0;6;
32107;202100020706;164 617;A01;3;7;0;1;1;15;1;
32108;202100020707;164 616;A01;1;33;6;0;1;1;1;
32109;202100020708;164 615;A01;3;99;0;1;2;26;1;
32110;202100020709;164 613;B01;2;1;0;2;1;15;5;
32111;202100020709;164 614;A01;1;7;0;2;1;1;1;
32112;202100020710;164 611;A01;1;7;0;2;0;9;1;
32113;202100020710;164 612;B01;1;32;0;2;1;1;1;
32114;202100020711;164 609;A01;2;30;0;2;1;2;1;
32115;202100020711;164 610;B01;2;7;0;2;4;23;1;
32116;202100020712;164 606;A01;1;30;0;2;8;2;1;
32117;202100020712;164 607;Z01;1;7;0;2;0;9;0;
32118;202100020712;164 608;B01;1;7;0;2;6;2;1;
32119;202100020713;164 604;A01;2;30;0;2;2;17;1;
32120;202100020713;164 605;B01;2;7;0;2;3;15;1;
32121;202100020715;164 601;A01;0;7;11;0;3;14;1;
32122;202100020716;164 599;A01;1;7;0;2;2;1;2;
32123;202100020716;164 600;B01;1;7;0;2;0;1;1;
32124;202100020717;164 597;A01;1;7;0;2;7;14;1;
32125;202100020717;164 598;B01;1;7;0;2;8;24;1;