;Num_Acc;id_vehicule;num_veh;senc;catv;obs;obsm;choc;manv;motor;occutc
32126;202100020718;164 595;B01;1;32;0;2;2;17;1;
32127;202100020718;164 596;A01;1;7;0;2;3;15;1;
32128;202100020719;164 594;A01;1;7;0;1;2;1;1;
32129;202100020720;164 592;B01;1;30;0;2;4;1;1;
32130;202100020720;164 593;A01;1;7;0;2;1;2;0;
32131;202100020721;164 590;A01;1;7;0;2;7;1;1;
32132;202100020721;164 591;B01;1;30;0;2;1;1;3;
32133;202100020722;164 587;C01;1;1;0;2;1;7;5;
32134;202100020722;164 588;B01;1;1;0;2;0;7;5;
32135;202100020722;164 589;A01;1;7;0;2;1;10;1;
32136;202100020723;164 585;B01;1;50;0;2;3;1;3;
32137;202100020723;164 586;A01;1;7;0;2;5;22;1;
32138;202100020724;164 583;B01;1;7;0;2;8;1;1;
32139;202100020724;164 584;A01;2;31;0;2;1;1;1;
32140;202100020725;164 581;B01;2;31;0;2;3;1;1;
32141;202100020725;164 582;A01;1;7;0;2;2;15;2;
32142;202100020726;164 579;A01;1;7;0;2;1;0;1;
32143;202100020726;164 580;B01;3;1;0;2;8;0;5;
32144;202100020727;164 577;A01;1;30;0;2;1;2;1;
32145;202100020727;164 578;B01;1;7;0;2;5;2;1;
32146;202100020728;164 575;B01;0;10;0;2;2;2;1;
32147;202100020728;164 576;A01;0;7;1;0;2;26;1;
32148;202100020729;164 574;A01;1;7;0;1;1;1;1;
32149;202100020730;164 572;B01;1;7;8;2;2;1;1;
32150;202100020730;164 573;A01;2;7;0;2;2;15;1;
32151;202100020731;164 571;A01;3;7;13;0;3;2;1;
32152;202100020732;164 570;A01;3;2;1;0;1;1;1;
32153;202100020733;164 569;A01;2;33;15;0;1;6;1;
32154;202100020734;164 568;A01;0;7;2;0;8;1;1;
32155;202100020735;164 567;A01;1;7;8;0;0;1;1;
32156;202100020736;164 565;B01;0;10;1;2;3;1;1;
32157;202100020736;164 566;A01;0;10;1;2;2;1;1;
32158;202100020737;164 564;A01;3;10;0;1;4;4;1;
32159;202100020738;164 561;C01;1;1;0;2;8;1;5;
32160;202100020738;164 562;B01;2;7;0;2;3;1;1;
32161;202100020738;164 563;A01;1;10;0;2;3;17;1;
32162;202100020739;164 560;A01;1;33;13;0;1;1;1;
32163;202100020740;164 559;A01;2;7;0;1;1;1;1;
32164;202100020741;164 557;B01;2;21;0;2;6;15;1;
32165;202100020741;164 558;A01;2;33;0;2;1;17;1;
32166;202100020742;164 555;A01;1;7;0;2;3;10;1;
32167;202100020742;164 556;B01;1;33;0;2;2;1;1;
32168;202100020743;164 552;B01;1;10;0;2;6;1;1;
32169;202100020743;164 553;A01;1;7;0;2;2;1;1;
32170;202100020743;164 554;C01;1;7;0;2;4;1;1;
32171;202100020744;164 551;A01;2;2;7;0;3;1;1;
32172;202100020745;164 549;B01;2;1;0;2;3;2;6;
32173;202100020745;164 550;A01;2;7;0;9;2;21;1;
32174;202100020746;164 548;A01;0;33;0;0;0;1;1;
32175;202100020747;164 546;B01;2;7;0;0;6;1;1;
32176;202100020747;164 547;A01;2;7;7;2;1;14;1;
32177;202100020748;164 544;B01;1;7;0;2;2;13;1;
32178;202100020748;164 545;A01;1;2;0;2;1;15;1;
32179;202100020749;164 543;A01;1;7;2;0;2;17;1;
32180;202100020750;164 542;A01;1;7;2;0;1;1;1;
32181;202100020751;164 541;A01;0;7;0;1;2;2;1;
32182;202100020753;164 537;A01;2;7;0;2;1;13;1;
32183;202100020753;164 538;B01;1;10;0;2;2;21;1;
32184;202100020755;164 535;A01;2;33;13;0;8;1;1;
32185;202100020756;164 533;B01;1;80;0;2;4;2;3;
32186;202100020756;164 534;A01;1;7;0;2;0;2;1;
32187;202100020757;164 531;A01;1;7;0;2;1;1;1;
32188;202100020757;164 532;B01;1;2;0;2;4;1;1;
32189;202100020758;164 529;B01;3;33;0;2;8;1;1;
32190;202100020758;164 530;A01;3;10;0;2;1;16;1;
32191;202100020759;164 528;A01;2;33;0;0;0;1;1;
32192;202100020760;164 527;A01;2;33;0;0;7;1;1;
32193;202100020761;164 525;A01;2;15;0;0;0;2;1;
32194;202100020761;164 526;B01;2;1;12;0;0;2;5;
32195;202100020762;164 524;A01;1;7;2;0;9;0;1;
32196;202100020763;164 523;A01;2;2;12;0;0;21;1;
32197;202100020764;164 522;A01;3;7;6;0;8;2;1;
32198;202100020765;164 521;A01;1;2;2;0;1;1;1;
32199;202100020766;164 520;A01;2;33;3;0;3;1;1;
32200;202100020767;164 518;A01;2;1;0;2;1;13;5;
32201;202100020767;164 519;B01;1;7;0;2;2;1;1;
32202;202100020768;164 516;B01;2;2;0;2;1;1;1;
32203;202100020768;164 517;A01;1;7;0;2;2;15;1;
32204;202100020769;164 515;A01;1;7;9;0;1;11;1;
32205;202100020770;164 514;A01;2;7;2;0;3;13;1;
32206;202100020772;164 510;B01;1;7;0;2;2;2;1;
32207;202100020772;164 511;A01;1;7;0;2;6;16;1;
32208;202100020773;164 508;B01;1;33;0;2;1;1;1;
32209;202100020773;164 509;A01;2;7;0;2;1;15;1;
32210;202100020774;164 506;B01;1;7;0;2;2;1;1;
32211;202100020774;164 507;A01;3;21;0;2;5;26;1;
32212;202100020775;164 505;A01;1;10;2;0;2;1;1;
32213;202100020776;164 504;A01;2;1;0;0;0;1;5;
32214;202100020777;164 503;A01;2;7;2;0;1;1;1;
32215;202100020778;164 502;A01;1;7;8;0;1;15;1;
32216;202100020779;164 501;A01;0;36;0;0;9;1;1;
32217;202100020780;164 500;A01;3;7;0;0;1;1;1;
32218;202100020781;164 499;A01;1;33;13;0;1;1;1;
32219;202100020782;164 498;A01;1;33;16;0;0;1;1;
32220;202100020783;164 496;A01;2;7;0;2;5;12;1;
32221;202100020783;164 497;B01;2;7;0;2;3;1;1;
32222;202100020785;164 492;A01;2;7;0;2;3;2;1;
32223;202100020785;164 493;B01;2;7;0;0;5;2;1;
32224;202100020786;164 490;B01;2;1;0;2;1;1;5;
32225;202100020786;164 491;A01;1;7;0;2;2;20;1;
32226;202100020787;164 489;A01;2;2;0;0;7;0;1;
32227;202100020788;164 487;B01;1;33;0;2;1;1;1;
32228;202100020788;164 488;A01;2;7;8;2;3;17;1;
32229;202100020789;164 485;B01;2;10;0;2;3;1;1;
32230;202100020789;164 486;A01;1;7;0;2;3;13;1;
32231;202100020790;164 484;A01;2;33;13;0;3;1;0;
32232;202100020791;164 483;A01;2;33;2;0;1;1;1;
32233;202100020792;164 480;C01;2;1;0;9;1;1;5;
32234;202100020792;164 481;B01;1;1;0;2;1;1;5;
32235;202100020792;164 482;A01;1;7;0;9;7;15;1;
32236;202100020793;164 479;A01;1;7;14;0;1;0;1;
32237;202100020794;164 478;A01;2;33;0;0;7;1;1;
32238;202100020795;164 476;B01;3;80;0;0;9;1;3;
32239;202100020795;164 477;A01;3;80;0;0;9;1;3;
32240;202100020796;164 474;A01;3;7;0;9;3;1;1;
32241;202100020796;164 475;B01;3;80;0;2;3;13;3;
32242;202100020797;164 473;A01;3;7;1;0;2;1;1;
32243;202100020798;164 472;A01;3;33;0;0;7;1;1;
32244;202100020799;164 470;A01;2;7;0;2;7;15;1;
32245;202100020799;164 471;B01;1;33;0;2;1;1;1;
32246;202100020800;164 468;A01;1;7;0;2;2;2;1;
32247;202100020800;164 469;B01;1;80;0;0;4;1;3;
32248;202100020802;164 465;A01;2;7;3;0;3;21;1;
32249;202100020803;164 463;A01;2;7;0;2;4;2;1;
32250;202100020803;164 464;B01;2;7;0;2;1;2;1;
32251;202100020805;164 459;A01;2;7;4;0;2;14;1;
32252;202100020807;164 454;A01;1;7;0;2;2;2;1;
32253;202100020807;164 455;B01;1;7;0;2;6;11;1;
32254;202100020808;164 452;A01;2;7;0;2;8;11;1;
32255;202100020808;164 453;B01;2;32;0;2;7;1;1;
32256;202100020809;164 448;A01;2;10;0;2;1;2;1;
32257;202100020809;164 449;B01;2;7;0;2;4;2;2;
32258;202100020809;164 450;C01;2;7;0;2;4;2;1;
32259;202100020809;164 451;D01;2;7;0;2;4;2;1;
32260;202100020810;164 446;A01;1;7;0;2;2;2;1;
32261;202100020810;164 447;B01;1;7;0;2;6;2;1;
32262;202100020811;164 444;A01;1;7;3;2;3;14;1;
32263;202100020811;164 445;B01;1;7;0;2;5;1;1;
32264;202100020812;164 443;A01;2;7;4;0;1;9;1;
32265;202100020813;164 442;A01;2;33;0;0;9;3;1;
32266;202100020814;164 440;A01;2;7;0;2;1;2;1;
32267;202100020814;164 441;B01;2;7;0;2;4;2;1;
32268;202100020816;164 436;B01;2;7;0;2;7;12;1;
32269;202100020816;164 437;A01;2;33;0;2;1;3;1;
32270;202100020817;164 433;C01;2;7;0;2;6;2;1;
32271;202100020817;164 434;B01;2;7;0;2;0;1;1;
32272;202100020817;164 435;A01;2;7;0;2;1;1;1;
32273;202100020818;164 431;B01;2;7;0;2;6;1;1;
32274;202100020818;164 432;A01;2;7;4;2;1;14;1;
32275;202100020819;164 430;A01;2;7;0;2;9;1;1;
32276;202100020820;164 429;A01;1;7;4;0;2;1;1;
32277;202100020821;164 427;B01;2;7;4;2;1;16;1;
32278;202100020821;164 428;A01;2;7;4;2;5;16;1;
32279;202100020822;164 425;Z01;1;99;0;2;6;3;1;
32280;202100020822;164 426;A01;1;7;0;2;2;2;1;
32281;202100020823;164 423;B01;1;7;0;2;8;11;1;
32282;202100020823;164 424;A01;1;7;0;2;7;1;1;
32283;202100020824;164 421;A01;2;32;8;2;7;1;1;
32284;202100020824;164 422;B01;1;7;0;2;2;17;1;
32285;202100020825;164 420;A01;1;7;0;0;3;26;1;
32286;202100020826;164 419;A01;1;33;4;0;1;1;1;
32287;202100020827;164 417;B01;1;32;0;2;1;1;1;
32288;202100020827;164 418;A01;2;32;0;2;1;17;1;
32289;202100020828;164 415;A01;1;7;0;9;1;14;1;
32290;202100020828;164 416;B01;1;1;0;2;1;15;5;
32291;202100020829;164 413;B01;2;33;0;2;1;1;1;
32292;202100020829;164 414;A01;1;7;0;2;8;15;1;
32293;202100020830;164 410;C01;3;50;0;2;7;19;3;
32294;202100020830;164 411;B01;3;50;0;2;7;19;3;
32295;202100020830;164 412;A01;1;99;0;2;1;26;6;
32296;202100020831;164 409;A01;-1;10;0;1;3;15;1;
32297;202100020832;164 408;A01;3;7;0;1;7;9;1;
32298;202100020833;164 406;A01;1;7;0;2;3;9;1;
32299;202100020833;164 407;B01;1;10;0;2;2;1;1;
32300;202100020834;164 404;A01;1;7;0;2;1;2;1;
32301;202100020834;164 405;B01;1;7;0;0;4;2;1;
32302;202100020835;164 402;A01;1;3;0;2;1;13;1;
32303;202100020835;164 403;B01;2;7;0;2;1;1;1;
32304;202100020837;164 396;B01;2;2;0;2;2;2;1;
32305;202100020837;164 397;A01;3;7;0;2;8;9;1;
32306;202100020838;164 394;A01;1;7;0;2;3;23;1;
32307;202100020838;164 395;B01;1;2;0;2;1;18;1;
32308;202100020839;164 393;A01;2;32;0;0;7;21;1;
32309;202100020840;164 391;B01;2;7;0;2;2;16;1;
32310;202100020840;164 392;A01;2;2;0;2;8;18;1;
32311;202100020841;164 389;B01;1;7;0;2;1;0;1;
32312;202100020841;164 390;A01;1;7;0;2;0;5;1;
32313;202100020842;164 388;A01;2;30;2;0;1;1;1;
32314;202100020843;164 387;A01;1;7;0;1;1;26;1;
32315;202100020844;164 386;A01;1;7;0;1;0;15;-1;
32316;202100020845;164 384;B01;2;33;0;2;7;1;1;
32317;202100020845;164 385;A01;1;7;0;2;1;1;1;
32318;202100020846;164 383;A01;1;1;12;0;1;1;5;
32319;202100020847;164 381;A01;1;1;0;2;3;15;5;
32320;202100020847;164 382;B01;1;30;0;2;2;26;1;
32321;202100020848;164 380;A01;0;7;8;0;0;1;1;
32322;202100020849;164 379;A01;0;37;0;1;1;0;1;1.0
32323;202100020850;164 378;A01;0;37;0;1;2;16;1;1.0
32324;202100020851;164 376;B01;1;33;0;2;5;1;1;
32325;202100020851;164 377;A01;1;7;0;2;2;9;1;
32326;202100020852;164 374;A01;0;7;0;2;1;15;1;
32327;202100020852;164 375;B01;0;7;0;2;3;1;1;
32328;202100020853;164 373;A01;1;7;0;1;3;1;1;
32329;202100020854;164 371;A01;3;7;0;9;3;2;1;
32330;202100020854;164 372;B01;3;50;0;2;1;1;3;
32331;202100020855;164 369;B01;3;7;0;2;3;1;1;
32332;202100020855;164 370;A01;2;50;0;2;1;1;3;
32333;202100020856;164 367;A01;2;7;0;2;1;15;1;
32334;202100020856;164 368;B01;3;7;0;2;3;26;1;
32335;202100020857;164 365;A01;2;32;0;2;8;1;1;
32336;202100020857;164 366;B01;2;7;0;2;7;16;1;
32337;202100020858;164 363;A01;2;7;0;2;1;1;1;
32338;202100020858;164 364;B01;2;7;0;2;4;15;1;
32339;202100020859;164 362;A01;1;7;0;1;2;9;1;
32340;202100020860;164 360;A01;3;7;0;2;9;15;1;
32341;202100020860;164 361;B01;3;7;0;2;1;1;1;
32342;202100020861;164 357;A01;3;7;0;2;1;2;1;
32343;202100020861;164 358;B01;3;7;0;2;3;2;1;
32344;202100020861;164 359;C01;3;7;0;2;4;26;1;
32345;202100020862;164 355;A01;0;7;0;2;2;15;1;
32346;202100020862;164 356;B01;0;33;0;2;1;1;1;
32347;202100020863;164 354;A01;2;7;6;0;1;0;1;
32348;202100020864;164 353;A01;1;1;0;1;1;1;5;
32349;202100020865;164 352;A01;3;7;0;1;7;16;1;
32350;202100020866;164 350;B01;1;33;0;2;1;1;1;
32351;202100020866;164 351;A01;1;7;0;2;3;15;1;
32352;202100020867;164 347;A01;1;7;0;2;1;2;2;
32353;202100020867;164 348;B01;1;7;0;2;6;1;1;
32354;202100020867;164 349;C01;1;7;0;0;4;1;1;
32355;202100020868;164 345;A01;0;7;0;2;1;1;1;
32356;202100020868;164 346;B01;0;7;0;2;4;1;1;
32357;202100020870;164 342;A01;1;7;0;2;1;2;2;
32358;202100020870;164 343;B01;1;7;0;2;4;2;1;
32359;202100020871;164 340;A01;2;7;0;2;5;4;1;
32360;202100020871;164 341;B01;2;1;0;2;5;1;5;
32361;202100020872;164 338;B01;2;7;0;2;4;23;1;
32362;202100020872;164 339;A01;2;2;0;2;1;2;1;
32363;202100020873;164 337;Z01;3;1;0;1;0;0;5;
32364;202100020876;164 334;A01;1;30;0;0;1;1;1;
32365;202100020877;164 332;A01;2;32;0;2;1;1;1;
32366;202100020877;164 333;B01;3;1;0;0;0;0;0;
32367;202100020879;164 328;A01;1;7;0;2;3;11;1;
32368;202100020879;164 329;B01;1;7;0;2;5;1;1;
32369;202100020880;164 326;B01;2;10;0;2;5;1;1;
32370;202100020880;164 327;A01;2;31;0;2;3;3;1;
32371;202100020881;164 324;A01;3;7;0;2;7;1;1;
32372;202100020881;164 325;B01;3;7;0;2;1;1;1;
32373;202100020882;164 322;Z01;2;7;0;2;3;10;0;
32374;202100020882;164 323;A01;1;30;0;2;3;1;1;
32375;202100020883;164 320;B01;1;80;0;2;1;18;3;
32376;202100020883;164 321;A01;1;7;0;2;3;22;1;
32377;202100020884;164 319;A01;1;1;0;0;0;1;5;
32378;202100020885;164 317;A01;2;10;0;2;7;14;1;
32379;202100020885;164 318;B01;2;50;0;2;3;1;3;
32380;202100020886;164 316;A01;2;7;0;1;2;1;2;
32381;202100020887;164 314;B01;1;33;0;2;3;18;1;
32382;202100020887;164 315;A01;1;7;0;2;2;16;1;
32383;202100020888;164 312;B01;1;33;0;2;8;1;1;
32384;202100020888;164 313;A01;1;7;0;2;1;9;1;
32385;202100020889;164 310;B01;2;14;0;2;4;23;1;
32386;202100020889;164 311;A01;2;30;1;0;1;1;1;
32387;202100020891;164 307;B01;0;7;0;2;8;2;1;
32388;202100020891;164 308;A01;0;7;0;2;2;2;1;
32389;202100020892;164 304;B01;2;33;0;2;4;26;1;
32390;202100020892;164 305;C01;2;10;0;2;4;20;1;
32391;202100020892;164 306;A01;2;7;0;2;1;2;2;
32392;202100020893;164 302;A01;1;34;0;2;8;1;1;
32393;202100020893;164 303;B01;1;7;0;2;7;16;1;
32394;202100020894;164 300;A01;1;30;0;2;1;26;1;
32395;202100020894;164 301;B01;1;50;0;2;2;0;3;
32396;202100020895;164 299;A01;1;7;1;0;2;14;2;
32397;202100020896;164 298;A01;1;7;0;1;2;16;1;
32398;202100020897;164 296;B01;2;7;0;2;4;1;1;
32399;202100020897;164 297;A01;2;30;0;2;1;2;1;
32400;202100020898;164 294;A01;1;31;0;2;1;1;1;
32401;202100020898;164 295;B01;1;30;0;2;4;15;1;
32402;202100020899;164 293;A01;2;7;0;0;0;0;1;
32403;202100020900;164 291;B01;2;33;0;2;1;2;1;
32404;202100020900;164 292;A01;1;7;0;2;5;2;1;
32405;202100020901;164 290;A01;1;30;15;0;1;0;1;
32406;202100020902;164 287;C01;2;7;1;2;1;2;1;
32407;202100020902;164 288;B01;2;7;4;0;7;23;1;
32408;202100020902;164 289;A01;2;7;3;2;6;1;1;
32409;202100020903;164 285;A01;2;33;0;2;1;17;1;
32410;202100020903;164 286;B01;2;7;0;2;3;15;1;
32411;202100020904;164 284;A01;1;35;0;0;8;9;1;
32412;202100020905;164 282;A01;2;7;0;2;3;13;1;
32413;202100020905;164 283;B01;1;7;0;2;8;1;2;
32414;202100020906;164 281;A01;2;7;13;0;1;1;1;
32415;202100020907;164 279;A01;3;37;0;2;1;2;1;2.0
32416;202100020907;164 280;B01;3;7;0;2;4;15;1;
32417;202100020908;164 278;A01;1;2;0;0;9;14;1;
32418;202100020909;164 276;B01;1;7;0;2;3;13;1;
32419;202100020909;164 277;A01;2;7;0;2;1;1;1;
32420;202100020910;164 275;A01;0;2;0;0;2;16;1;
32421;202100020911;164 274;A01;1;33;15;0;1;0;1;
32422;202100020912;164 273;A01;2;2;0;0;0;15;1;
32423;202100020913;164 271;A01;0;7;0;2;3;0;1;
32424;202100020913;164 272;B01;1;7;0;2;2;1;1;
32425;202100020915;164 268;A01;1;7;0;2;3;19;1;
32426;202100020915;164 269;B01;1;31;0;2;1;1;1;
32427;202100020916;164 266;A01;2;33;0;2;1;1;1;
32428;202100020916;164 267;B01;2;33;0;2;4;1;1;
32429;202100020917;164 265;A01;3;7;2;0;0;1;1;
32430;202100020918;164 264;A01;3;7;0;1;2;16;1;
32431;202100020919;164 263;A01;2;33;15;0;7;14;1;
32432;202100020920;164 260;B01;1;2;0;0;4;1;1;
32433;202100020920;164 261;A01;1;7;0;2;2;2;1;
32434;202100020920;164 262;C01;1;2;0;0;4;1;1;
32435;202100020921;164 259;A01;1;7;2;0;1;0;1;
32436;202100020922;164 258;A01;2;2;0;0;0;1;1;
32437;202100020923;164 256;A01;0;7;0;2;1;1;1;
32438;202100020923;164 257;B01;0;1;0;2;1;1;5;
32439;202100020924;164 254;B01;2;7;0;2;6;19;1;
32440;202100020924;164 255;A01;1;7;0;2;1;1;1;
32441;202100020925;164 252;A01;1;33;0;2;3;1;1;
32442;202100020925;164 253;B01;2;7;0;2;3;1;1;
32443;202100020926;164 251;A01;1;7;2;0;3;1;1;
32444;202100020927;164 249;A01;2;7;0;0;6;17;1;
32445;202100020927;164 250;B01;2;7;0;2;2;17;1;
32446;202100020928;164 247;B01;2;7;0;2;3;1;0;
32447;202100020928;164 248;A01;1;7;0;2;3;13;0;
32448;202100020929;164 246;A01;1;7;15;0;3;0;0;
32449;202100020930;164 245;A01;2;33;13;0;1;13;1;
32450;202100020931;164 243;B01;3;7;0;2;2;1;1;
32451;202100020931;164 244;A01;3;2;0;2;5;15;1;
32452;202100020932;164 242;A01;1;2;0;0;8;14;1;
32453;202100020934;164 240;A01;2;33;2;0;3;1;1;
32454;202100020935;164 239;A01;1;7;0;0;9;13;0;
32455;202100020936;164 237;B01;1;30;0;2;1;1;1;
32456;202100020936;164 238;A01;2;10;0;2;7;15;1;
32457;202100020937;164 236;A01;3;21;0;1;2;1;1;
32458;202100020938;164 235;A01;0;7;0;1;1;0;1;
32459;202100020939;164 233;B01;3;7;0;2;2;16;1;
32460;202100020939;164 234;A01;3;33;0;2;3;1;1;
32461;202100020940;164 231;A01;1;43;12;2;2;26;1;
32462;202100020940;164 232;B01;1;31;0;2;5;23;1;
32463;202100020941;164 230;A01;2;7;7;0;1;1;1;
32464;202100020942;164 228;B01;3;1;0;2;0;1;6;
32465;202100020942;164 229;A01;3;7;0;9;3;1;1;
32466;202100020943;164 227;A01;1;33;0;0;8;1;1;
32467;202100020944;164 226;A01;1;7;12;0;9;26;1;
32468;202100020945;164 223;B01;2;7;3;0;4;2;1;
32469;202100020945;164 224;A01;2;7;3;2;1;2;1;
32470;202100020945;164 225;C01;1;7;0;0;1;1;1;
32471;202100020946;164 221;B01;2;7;4;0;7;0;1;
32472;202100020946;164 222;A01;2;7;4;0;9;1;1;
32473;202100020948;164 217;B01;1;7;3;0;4;2;1;
32474;202100020948;164 218;A01;1;7;3;2;1;2;1;
32475;202100020949;164 216;A01;3;10;0;0;9;13;1;
32476;202100020952;164 211;A01;2;7;13;0;1;2;1;
32477;202100020953;164 210;A01;3;7;13;0;1;1;1;
32478;202100020954;164 208;B01;1;7;0;2;1;1;1;
32479;202100020954;164 209;A01;1;7;0;2;1;13;1;
32480;202100020955;164 207;A01;0;7;0;1;2;0;1;
32481;202100020956;164 205;B01;1;33;0;0;1;1;1;
32482;202100020956;164 206;A01;2;33;0;2;1;1;1;
32483;202100020957;164 204;A01;1;33;0;0;0;1;1;
32484;202100020958;164 203;A01;1;31;6;0;1;26;1;
32485;202100020959;164 202;A01;2;1;13;0;0;1;5;
32486;202100020960;164 200;B01;2;33;0;2;1;1;1;
32487;202100020960;164 201;A01;1;7;0;2;3;1;1;
32488;202100020961;164 199;A01;1;7;11;0;1;1;1;
32489;202100020962;164 197;A01;2;7;0;2;2;15;1;
32490;202100020962;164 198;B01;1;33;0;2;1;1;1;
32491;202100020964;164 194;A01;1;7;0;2;8;15;1;
32492;202100020964;164 195;B01;1;33;0;2;1;2;1;
32493;202100020965;164 192;A01;2;33;0;2;1;17;1;
32494;202100020965;164 193;B01;2;34;0;2;1;9;1;
32495;202100020966;164 190;A01;2;7;0;2;2;17;1;
32496;202100020966;164 191;B01;2;30;0;2;3;15;3;
32497;202100020967;164 188;A01;0;7;0;2;8;19;1;
32498;202100020967;164 189;B01;2;7;0;2;1;1;1;
32499;202100020968;164 187;A01;1;7;0;1;3;1;1;
32500;202100020969;164 186;A01;1;7;0;1;1;1;1;
32501;202100020970;164 185;A01;1;7;0;1;0;13;1;
32502;202100020971;164 183;B01;2;33;0;2;2;1;1;
32503;202100020971;164 184;A01;3;7;0;2;2;26;1;
32504;202100020972;164 182;A01;2;7;9;0;1;2;1;
32505;202100020973;164 180;A01;1;10;0;2;1;2;1;
32506;202100020973;164 181;B01;0;7;0;2;4;2;1;
32507;202100020974;164 177;C01;2;7;0;2;3;2;1;
32508;202100020974;164 178;B01;2;7;0;2;1;2;1;
32509;202100020974;164 179;A01;2;7;0;2;4;21;1;
32510;202100020975;164 174;A01;1;7;0;2;4;1;1;
32511;202100020975;164 175;B01;1;7;0;2;4;2;1;
32512;202100020975;164 176;C01;1;7;0;2;1;2;1;
32513;202100020977;164 171;B01;2;7;0;2;4;2;1;
32514;202100020977;164 172;A01;2;7;0;2;3;2;1;
32515;202100020978;164 169;A01;2;7;0;2;2;13;1;
32516;202100020978;164 170;B01;2;7;0;2;5;10;1;
32517;202100020979;164 168;A01;2;7;4;0;3;2;1;
32518;202100020980;164 167;A01;1;33;0;0;4;2;1;
32519;202100020981;164 164;C01;1;7;0;2;4;2;1;
32520;202100020981;164 165;B01;1;7;0;2;4;2;1;
32521;202100020981;164 166;A01;1;7;0;2;1;2;1;
32522;202100020982;164 159;C01;2;7;0;2;4;1;2;
32523;202100020982;164 160;E01;2;7;0;2;4;1;1;
32524;202100020982;164 161;D01;2;7;0;2;4;1;1;
32525;202100020982;164 162;B01;2;7;0;2;4;1;1;
32526;202100020982;164 163;A01;2;7;0;2;1;1;1;
32527;202100020983;164 158;A01;1;7;14;0;2;26;1;
32528;202100020984;164 156;B01;2;7;0;2;4;1;1;
32529;202100020984;164 157;A01;2;7;0;2;1;2;1;
32530;202100020985;164 154;B01;2;7;0;2;4;2;1;
32531;202100020985;164 155;A01;2;10;0;2;1;1;1;
32532;202100020986;164 152;B01;2;33;0;2;3;3;1;
32533;202100020986;164 153;A01;2;7;0;2;7;12;1;
32534;202100020987;164 151;A01;2;7;0;1;1;1;0;
32535;202100020988;164 149;A01;3;7;0;2;2;19;1;
32536;202100020988;164 150;B01;3;7;0;2;1;1;1;
32537;202100020989;164 146;A01;2;7;0;1;1;1;1;
32538;202100020990;164 145;A01;3;7;0;1;2;26;1;
32539;202100020991;164 143;B01;0;33;0;2;6;15;1;
32540;202100020991;164 144;A01;0;2;0;2;7;1;1;
32541;202100020992;164 142;A01;2;7;0;1;2;1;1;
32542;202100020993;164 140;A01;3;7;0;2;1;15;1;
32543;202100020993;164 141;B01;0;1;0;2;1;16;6;
32544;202100020994;164 137;B01;1;43;0;2;7;1;1;
32545;202100020994;164 138;C01;1;7;0;2;8;1;1;
32546;202100020994;164 139;A01;1;7;0;2;8;11;1;
32547;202100020995;164 135;B01;0;2;0;2;0;0;0;
32548;202100020995;164 136;A01;0;7;0;2;1;1;1;
32549;202100020996;164 133;B01;2;7;0;2;8;1;1;
32550;202100020996;164 134;A01;1;7;0;2;1;1;1;
32551;202100020997;164 131;B01;3;7;0;2;4;2;1;
32552;202100020997;164 132;A01;3;30;0;2;1;2;1;
32553;202100020998;164 129;B01;2;32;0;2;8;1;1;
32554;202100020998;164 130;A01;1;7;0;2;1;15;1;
32555;202100020999;164 127;B01;0;50;0;2;1;1;3;
32556;202100020999;164 128;DA01;1;1;0;2;1;1;5;
32557;202100021000;164 126;A01;0;1;9;1;0;1;5;
32558;202100021001;164 124;B01;3;7;0;2;7;16;1;
32559;202100021001;164 125;A01;3;7;0;2;8;2;1;
32560;202100021002;164 122;A01;1;2;0;2;1;17;1;
32561;202100021002;164 123;B01;1;7;0;2;6;20;1;
32562;202100021003;164 121;A01;2;7;0;1;1;1;1;
32563;202100021005;164 117;A01;2;7;0;1;8;24;1;
32564;202100021005;164 118;B01;2;1;1;0;1;1;5;
32565;202100021006;164 115;A01;3;7;0;9;8;9;1;
32566;202100021006;164 116;B01;0;1;0;2;1;0;5;
32567;202100021007;164 113;A01;3;7;0;2;1;26;1;
32568;202100021007;164 114;B01;3;7;0;2;3;26;1;
32569;202100021008;164 111;A01;1;7;0;2;7;10;1;
32570;202100021008;164 112;B01;1;7;0;2;3;1;1;
32571;202100021009;164 108;A01;2;10;14;0;2;14;1;
32572;202100021009;164 109;B01;2;14;0;2;8;23;0;
32573;202100021009;164 110;C01;2;7;5;2;7;23;2;
32574;202100021010;164 106;B01;1;32;0;2;1;1;0;
32575;202100021010;164 107;A01;1;7;0;2;7;15;0;
32576;202100021011;164 104;A01;0;7;0;2;1;1;1;
32577;202100021011;164 105;B01;0;1;0;2;4;1;5;
32578;202100021012;164 103;A01;2;7;9;2;2;14;1;
32579;202100021013;164 102;A01;1;7;0;1;3;1;1;
32580;202100021014;164 100;A01;2;7;0;2;1;13;1;
32581;202100021014;164 101;B01;1;30;0;2;1;1;1;
32582;202100021015;164 097;B01;-1;33;0;0;0;2;1;
32583;202100021015;164 098;A01;-1;33;0;9;0;2;1;
32584;202100021016;164 096;A01;1;33;1;5;1;1;1;
32585;202100021018;164 093;A01;3;7;0;2;1;1;1;
32586;202100021018;164 094;B01;3;1;0;2;1;1;5;
32587;202100021019;164 091;A01;3;7;0;2;0;1;1;