;Num_Acc;id_vehicule;num_veh;senc;catv;obs;obsm;choc;manv;motor;occutc
32588;202100021019;164 092;B01;3;1;0;2;0;1;5;
32589;202100021020;164 090;A01;3;7;0;1;1;1;1;
32590;202100021021;164 088;A01;2;10;0;2;8;16;1;
32591;202100021021;164 089;B01;1;7;0;2;2;1;1;
32592;202100021022;164 086;A01;1;7;0;2;1;15;1;
32593;202100021022;164 087;B01;2;7;0;2;1;1;1;
32594;202100021023;164 084;A01;1;7;0;2;3;9;1;
32595;202100021023;164 085;B01;1;7;0;2;2;1;1;
32596;202100021024;164 081;C01;2;7;0;2;4;2;1;
32597;202100021024;164 082;B01;2;7;0;2;6;1;1;
32598;202100021024;164 083;A01;2;7;0;2;2;17;1;
32599;202100021025;164 079;B01;1;3;0;2;2;15;1;
32600;202100021025;164 080;A01;2;30;0;2;1;18;1;
32601;202100021026;164 077;A01;1;7;0;2;6;22;1;
32602;202100021026;164 078;B01;1;1;1;0;1;1;5;
32603;202100021027;164 076;A01;1;7;14;0;1;1;1;
32604;202100021028;164 075;A01;3;2;0;0;0;1;1;
32605;202100021030;164 071;B01;1;7;0;2;4;1;1;
32606;202100021030;164 072;A01;1;7;0;2;1;1;0;
32607;202100021031;164 069;A01;3;7;0;2;2;9;2;
32608;202100021031;164 070;B01;3;7;0;2;3;9;1;
32609;202100021034;164 063;B01;2;1;0;2;1;1;5;
32610;202100021034;164 064;A01;1;7;0;2;5;15;1;
32611;202100021035;164 061;B01;1;7;0;2;6;1;1;
32612;202100021035;164 062;A01;1;33;0;2;2;2;1;
32613;202100021036;164 059;B01;2;7;0;2;3;1;1;
32614;202100021036;164 060;A01;1;7;0;2;1;15;1;
32615;202100021037;164 057;A01;2;7;0;2;1;15;1;
32616;202100021037;164 058;B01;1;33;0;2;2;1;1;
32617;202100021038;164 055;A01;1;1;0;2;1;2;5;
32618;202100021038;164 056;B01;1;7;0;2;4;1;1;
32619;202100021039;164 053;B01;3;7;0;2;1;1;1;
32620;202100021039;164 054;A01;0;7;0;2;1;21;1;
32621;202100021040;164 050;A01;3;7;1;1;2;1;0;
32622;202100021040;164 051;B01;3;7;0;2;8;24;1;
32623;202100021040;164 052;D01;3;7;0;2;4;24;1;
32624;202100021041;164 048;B01;1;37;0;9;7;26;1;1.0
32625;202100021041;164 049;A01;1;50;0;9;1;5;3;
32626;202100021042;164 047;A01;1;7;0;1;1;26;1;
32627;202100021043;164 046;A01;1;10;0;1;1;26;1;
32628;202100021045;164 042;B01;1;7;0;2;1;26;1;
32629;202100021045;164 043;A01;1;7;0;2;3;26;1;
32630;202100021046;164 040;B01;1;1;9;0;4;1;5;
32631;202100021046;164 041;A01;1;7;9;2;2;2;1;
32632;202100021047;164 038;B01;0;2;0;0;0;1;1;
32633;202100021047;164 039;A01;0;7;0;2;1;9;1;
32634;202100021048;164 035;B01;1;7;0;2;1;2;1;
32635;202100021048;164 036;C01;1;7;0;2;1;1;1;
32636;202100021048;164 037;A01;1;7;0;2;2;2;1;
32637;202100021049;164 033;A01;1;7;0;2;5;1;1;
32638;202100021049;164 034;B01;1;1;0;2;1;9;5;
32639;202100021050;164 031;A01;1;7;0;2;1;1;1;
32640;202100021050;164 032;B01;2;7;0;2;3;1;1;
32641;202100021051;164 030;A01;2;7;14;0;1;1;1;
32642;202100021052;164 028;B01;3;7;0;2;2;9;2;
32643;202100021052;164 029;A01;3;1;0;2;1;25;5;
32644;202100021053;164 026;A01;1;31;0;2;1;2;1;
32645;202100021053;164 027;B01;1;7;0;2;4;1;1;
32646;202100021054;164 024;B01;1;7;0;2;2;1;1;
32647;202100021054;164 025;A01;2;30;0;2;1;1;1;
32648;202100021055;164 022;B01;2;1;0;2;1;1;5;
32649;202100021055;164 023;A01;1;1;0;2;1;1;5;
32650;202100021057;164 019;A01;1;50;8;0;1;25;3;
32651;202100021058;164 018;A01;2;7;6;0;7;14;1;
32652;202100021059;164 016;B01;1;99;0;2;3;1;0;
32653;202100021059;164 017;A01;2;7;0;2;3;13;1;
32654;202100021060;164 014;A01;0;7;0;2;8;10;1;
32655;202100021060;164 015;B01;0;33;0;2;0;1;1;
32656;202100021061;164 013;A01;2;7;13;0;2;1;1;
32657;202100021062;164 011;A01;1;7;0;2;7;12;1;
32658;202100021062;164 012;B01;1;14;0;2;0;1;1;
32659;202100021063;164 009;C01;3;7;1;0;0;0;1;
32660;202100021063;164 010;A01;3;7;1;2;0;0;1;
32661;202100021064;164 007;B01;0;1;0;-1;-1;1;-1;
32662;202100021064;164 008;A01;0;7;0;2;7;1;1;
32663;202100021065;164 005;A01;1;7;0;2;3;1;1;
32664;202100021065;164 006;B01;1;33;0;2;4;23;1;
32665;202100021069;163 997;B01;1;33;0;2;1;1;0;
32666;202100021069;163 998;A01;1;7;0;2;2;9;1;
32667;202100021070;163 996;A01;1;7;0;1;0;1;1;
32668;202100021071;163 994;A01;1;7;0;2;1;15;1;
32669;202100021071;163 995;B01;1;7;0;2;3;1;1;
32670;202100021072;163 992;B01;3;7;0;2;0;16;1;
32671;202100021072;163 993;A01;3;80;0;2;4;16;3;
32672;202100021073;163 990;B01;1;13;0;2;5;20;1;
32673;202100021073;163 991;A01;1;30;0;2;1;1;1;
32674;202100021074;163 987;A01;2;7;0;2;1;15;1;
32675;202100021074;163 988;B01;1;32;0;2;1;1;1;
32676;202100021074;163 989;C01;1;32;0;2;1;1;1;
32677;202100021075;163 986;A01;3;7;8;0;1;1;1;
32678;202100021076;163 984;B01;1;33;0;2;8;1;1;
32679;202100021076;163 985;A01;2;7;0;2;2;19;1;
32680;202100021077;163 982;A01;1;7;0;2;0;2;1;
32681;202100021077;163 983;B01;1;7;0;2;0;2;1;
32682;202100021078;163 980;B01;2;7;0;2;8;1;1;
32683;202100021078;163 981;A01;1;7;15;2;1;1;3;
32684;202100021079;163 978;B01;3;7;0;2;8;11;1;
32685;202100021079;163 979;A01;3;30;0;2;1;11;1;
32686;202100021080;163 976;A01;3;7;0;2;6;15;1;
32687;202100021080;163 977;B01;3;33;0;2;1;2;1;
32688;202100021081;163 974;B01;1;33;0;2;4;23;1;
32689;202100021081;163 975;A01;1;32;0;2;1;2;1;
32690;202100021082;163 972;B01;1;10;0;2;0;9;1;
32691;202100021082;163 973;A01;1;32;0;2;7;1;1;
32692;202100021083;163 970;A01;1;7;0;2;7;16;1;
32693;202100021083;163 971;B01;1;30;0;2;1;7;1;
32694;202100021084;163 968;B01;1;33;0;2;8;1;1;
32695;202100021084;163 969;A01;2;7;0;2;1;15;1;
32696;202100021085;163 966;B01;1;7;0;2;4;23;2;
32697;202100021085;163 967;A01;1;1;0;2;1;2;5;
32698;202100021086;163 964;B01;2;7;0;2;8;15;1;
32699;202100021086;163 965;A01;2;30;0;2;2;17;1;
32700;202100021087;163 962;B01;1;1;0;2;2;1;5;
32701;202100021087;163 963;A01;1;7;0;2;3;22;1;
32702;202100021089;163 958;B01;3;3;0;2;3;15;3;
32703;202100021089;163 959;A01;3;33;0;2;1;1;1;
32704;202100021090;163 956;B01;1;1;0;2;1;1;5;
32705;202100021090;163 957;A01;2;10;0;2;1;16;1;
32706;202100021091;163 955;A01;3;1;0;1;1;16;5;
32707;202100021092;163 953;Z01;1;7;0;2;8;22;0;
32708;202100021092;163 954;A01;1;1;0;2;7;1;5;
32709;202100021093;163 951;B01;2;32;0;2;1;17;1;
32710;202100021093;163 952;A01;2;50;0;2;8;15;3;
32711;202100021094;163 950;A01;2;32;0;1;1;16;1;
32712;202100021095;163 948;A01;1;1;0;2;5;1;5;
32713;202100021095;163 949;B01;2;7;0;2;2;7;2;
32714;202100021096;163 947;A01;1;1;0;1;1;7;5;
32715;202100021097;163 946;A01;1;7;0;1;3;1;1;
32716;202100021098;163 944;B01;2;80;0;2;1;1;3;
32717;202100021098;163 945;A01;2;7;0;2;7;22;2;
32718;202100021099;163 941;C01;2;31;0;2;8;2;1;
32719;202100021099;163 942;A01;1;7;0;2;2;10;1;
32720;202100021099;163 943;B01;2;10;0;2;8;2;1;
32721;202100021100;163 939;A01;1;7;0;2;0;15;1;
32722;202100021100;163 940;B01;1;1;0;2;0;1;5;
32723;202100021101;163 938;A01;1;7;0;1;8;15;1;
32724;202100021102;163 936;B01;1;1;0;2;8;1;5;
32725;202100021102;163 937;A01;1;7;0;9;1;1;1;
32726;202100021103;163 934;B01;2;50;0;2;1;1;3;
32727;202100021103;163 935;A01;2;7;0;2;2;16;1;
32728;202100021104;163 932;A01;2;7;0;9;2;1;1;
32729;202100021104;163 933;B01;1;60;0;2;1;1;5;
32730;202100021105;163 931;A01;1;10;0;1;1;1;0;
32731;202100021107;163 928;B01;1;50;0;2;1;2;3;
32732;202100021107;163 929;A01;1;37;0;2;2;1;1;1.0
32733;202100021108;163 926;A01;3;7;1;2;1;1;1;
32734;202100021108;163 927;B01;3;30;1;2;1;5;0;
32735;202100021109;163 924;A01;3;7;0;2;2;0;1;
32736;202100021109;163 925;B01;3;33;0;2;1;0;1;
32737;202100021110;163 923;A01;1;40;0;1;2;1;3;
32738;202100021111;163 921;B01;1;7;0;2;8;1;1;
32739;202100021111;163 922;A01;2;10;0;2;8;15;1;
32740;202100021112;163 919;B01;1;33;0;2;7;2;1;
32741;202100021112;163 920;A01;0;7;0;2;1;0;0;
32742;202100021113;163 916;A01;1;7;0;2;4;2;1;
32743;202100021113;163 917;B01;1;10;0;2;1;2;0;
32744;202100021113;163 918;C01;1;7;0;2;1;2;1;
32745;202100021114;163 914;B01;1;31;0;2;8;1;1;
32746;202100021114;163 915;A01;1;10;0;2;2;9;1;
32747;202100021115;163 912;B01;2;7;0;2;7;15;1;
32748;202100021115;163 913;A01;1;32;0;2;1;1;1;
32749;202100021116;163 910;B01;3;50;0;2;1;19;3;
32750;202100021116;163 911;A01;3;7;0;2;8;1;1;
32751;202100021117;163 909;A01;2;32;0;1;1;1;1;
32752;202100021119;163 906;A01;2;37;1;0;2;1;3;1.0
32753;202100021120;163 905;A01;1;7;8;0;1;1;1;
32754;202100021121;163 903;A01;1;1;0;2;1;1;5;
32755;202100021121;163 904;Z01;1;7;0;2;5;26;1;
32756;202100021122;163 901;A01;1;7;0;2;1;1;1;
32757;202100021122;163 902;B01;1;7;0;2;4;0;1;
32758;202100021123;163 900;A01;3;7;0;1;2;9;1;
32759;202100021124;163 898;B01;1;7;0;2;3;1;1;
32760;202100021124;163 899;A01;1;7;0;2;5;12;1;
32761;202100021125;163 897;A01;1;10;16;0;9;1;1;
32762;202100021126;163 895;B01;2;33;0;2;8;15;1;
32763;202100021126;163 896;A01;1;7;0;2;7;19;1;
32764;202100021128;163 890;B01;1;7;0;2;1;1;1;
32765;202100021128;163 891;A01;1;7;0;2;3;15;1;
32766;202100021129;163 888;B01;1;7;0;2;2;1;1;
32767;202100021129;163 889;A01;3;1;0;2;8;19;5;
32768;202100021130;163 887;A01;1;10;15;0;1;14;1;
32769;202100021131;163 886;A01;2;7;0;0;2;1;1;
32770;202100021132;163 884;B01;3;7;0;2;1;1;1;
32771;202100021132;163 885;A01;3;7;0;2;1;15;1;
32772;202100021133;163 882;B01;1;20;0;0;4;1;1;
32773;202100021133;163 883;A01;1;7;0;2;1;1;1;
32774;202100021134;163 880;A01;3;7;0;2;6;1;1;
32775;202100021134;163 881;B01;3;37;0;2;3;1;6;3.0
32776;202100021135;163 878;A01;1;33;0;2;1;0;1;
32777;202100021135;163 879;B01;2;7;0;2;1;1;2;
32778;202100021138;163 874;A01;1;10;13;2;2;13;1;
32779;202100021138;163 875;B01;2;7;13;2;1;1;1;
32780;202100021139;163 873;A01;1;30;3;0;0;1;1;
32781;202100021140;163 871;A01;2;33;0;2;7;17;1;
32782;202100021140;163 872;B01;2;21;0;2;8;15;1;
32783;202100021141;163 869;B01;1;33;0;2;3;1;1;
32784;202100021141;163 870;A01;3;7;0;2;1;19;1;
32785;202100021142;163 868;A01;2;31;0;0;0;1;1;
32786;202100021143;163 867;A01;1;7;2;0;2;1;1;
32787;202100021144;163 866;A01;0;7;0;0;0;0;1;
32788;202100021145;163 864;A01;2;7;0;2;1;5;1;
32789;202100021145;163 865;B01;1;7;0;2;1;1;1;
32790;202100021146;163 863;A01;2;7;3;0;1;1;1;
32791;202100021147;163 861;B01;2;7;0;2;1;1;1;
32792;202100021147;163 862;A01;1;33;0;2;1;1;1;
32793;202100021148;163 859;B01;2;21;0;2;3;1;1;
32794;202100021148;163 860;A01;1;33;0;2;4;1;1;
32795;202100021149;163 857;B01;1;7;0;2;1;1;1;
32796;202100021149;163 858;A01;2;7;9;2;8;1;1;
32797;202100021151;163 853;C01;1;33;0;2;4;1;1;
32798;202100021151;163 854;B01;1;34;0;2;8;15;1;
32799;202100021151;163 855;A01;1;33;0;2;1;17;1;
32800;202100021152;163 852;A01;2;7;0;1;3;1;1;
32801;202100021153;163 850;A01;1;7;0;2;1;13;1;
32802;202100021153;163 851;B01;2;10;0;2;2;1;1;
32803;202100021154;163 848;B01;0;7;0;2;7;15;1;
32804;202100021154;163 849;A01;0;2;0;2;1;1;1;
32805;202100021155;163 847;A01;3;7;13;0;3;1;1;
32806;202100021156;163 846;A01;3;3;6;0;1;25;1;
32807;202100021157;163 844;A01;1;33;1;0;7;13;1;
32808;202100021157;163 845;B01;1;17;0;0;4;24;0;
32809;202100021158;163 842;B01;2;33;0;2;1;2;1;
32810;202100021158;163 843;A01;2;7;0;0;6;2;1;
32811;202100021159;163 840;B01;3;7;0;0;5;16;1;
32812;202100021159;163 841;A01;3;2;0;2;1;1;1;
32813;202100021160;163 839;A01;3;2;2;0;1;14;1;
32814;202100021161;163 837;A01;1;7;3;2;2;1;1;
32815;202100021161;163 838;B01;1;14;0;0;6;1;1;
32816;202100021163;163 833;A01;2;7;4;0;5;0;0;
32817;202100021163;163 834;B01;2;7;4;2;3;2;1;
32818;202100021164;163 831;A01;2;7;3;0;4;2;1;
32819;202100021164;163 832;B01;2;15;0;2;1;2;1;
32820;202100021165;163 829;B01;2;7;0;2;1;1;1;
32821;202100021165;163 830;A01;1;7;0;2;1;1;1;
32822;202100021166;163 827;A01;3;7;0;2;3;1;1;
32823;202100021166;163 828;B01;3;30;0;2;1;5;0;
32824;202100021167;163 826;A01;1;7;8;0;8;15;1;
32825;202100021168;163 825;A01;3;2;0;0;0;1;1;
32826;202100021169;163 823;B01;1;2;0;2;1;2;1;
32827;202100021169;163 824;A01;1;7;0;2;5;23;1;
32828;202100021170;163 822;A01;2;7;2;0;1;21;1;
32829;202100021171;163 821;A01;1;33;13;0;9;2;1;
32830;202100021172;163 820;A01;2;32;3;0;8;1;1;
32831;202100021173;163 817;C01;3;7;0;2;7;23;1;
32832;202100021173;163 818;B01;1;10;0;2;7;19;1;
32833;202100021173;163 819;A01;1;7;0;2;1;19;1;
32834;202100021174;163 815;A01;1;7;0;2;8;9;1;
32835;202100021174;163 816;B01;1;33;0;2;1;1;1;
32836;202100021175;163 812;A01;1;7;7;2;5;15;1;
32837;202100021175;163 813;C01;1;7;0;2;8;1;1;
32838;202100021175;163 814;B01;1;7;0;2;3;1;2;
32839;202100021176;163 810;A01;2;7;0;2;1;0;1;
32840;202100021176;163 811;B01;2;15;0;2;4;1;1;
32841;202100021177;163 809;A01;2;33;4;0;1;1;1;
32842;202100021178;163 808;A01;1;7;6;0;1;15;1;
32843;202100021179;163 806;A01;1;2;0;2;1;11;1;
32844;202100021179;163 807;B01;1;7;0;2;5;11;1;
32845;202100021180;163 804;A01;0;10;0;2;2;0;1;
32846;202100021180;163 805;B01;0;7;0;0;3;0;1;
32847;202100021181;163 802;A01;2;43;13;0;9;17;1;
32848;202100021181;163 803;B01;2;10;0;0;-1;2;1;
32849;202100021182;163 801;A01;0;7;2;0;7;1;1;
32850;202100021183;163 800;A01;1;80;10;0;3;16;3;
32851;202100021184;163 798;B01;3;7;0;2;2;1;3;
32852;202100021184;163 799;A01;3;10;0;2;2;3;1;
32853;202100021185;163 796;A01;1;7;0;0;3;15;1;
32854;202100021185;163 797;B01;1;2;0;2;1;17;1;
32855;202100021186;163 794;B01;3;7;0;0;3;15;1;
32856;202100021186;163 795;A01;3;7;15;0;1;1;1;
32857;202100021187;163 792;A01;2;7;0;0;8;19;1;
32858;202100021187;163 793;B01;2;32;0;2;1;1;1;
32859;202100021188;163 791;A01;0;31;8;0;7;14;1;
32860;202100021189;163 789;A01;1;33;0;2;1;2;1;
32861;202100021189;163 790;B01;1;7;0;2;4;2;1;
32862;202100021190;163 787;A01;1;33;0;2;1;2;1;
32863;202100021190;163 788;B01;1;10;0;0;6;2;1;
32864;202100021191;163 782;E01;1;7;0;2;1;2;1;
32865;202100021191;163 783;D01;1;7;0;2;1;0;1;
32866;202100021191;163 784;C01;1;7;0;2;1;2;1;
32867;202100021191;163 785;A01;1;7;0;2;4;1;1;
32868;202100021191;163 786;B01;1;7;0;2;1;2;1;
32869;202100021192;163 780;A01;2;7;0;2;4;1;1;
32870;202100021192;163 781;B01;2;13;0;2;1;2;1;
32871;202100021193;163 778;B01;1;7;0;2;8;1;1;
32872;202100021193;163 779;A01;1;7;0;2;2;12;1;
32873;202100021194;163 776;A01;1;7;0;2;1;18;1;
32874;202100021194;163 777;B01;1;31;0;2;4;1;1;
32875;202100021195;163 774;A01;1;33;0;2;1;3;1;
32876;202100021195;163 775;B01;1;7;0;2;4;12;1;
32877;202100021198;163 767;A01;2;7;0;2;1;1;1;
32878;202100021198;163 768;B01;2;7;0;2;4;1;1;
32879;202100021199;163 765;A01;2;7;0;2;1;2;1;
32880;202100021199;163 766;B01;2;7;0;2;4;2;1;
32881;202100021200;163 764;A01;1;7;0;0;1;14;1;
32882;202100021201;163 762;A01;1;33;0;2;1;21;1;
32883;202100021201;163 763;B01;1;7;0;2;4;2;1;
32884;202100021202;163 760;B01;2;7;0;2;6;2;3;
32885;202100021202;163 761;A01;2;7;0;2;2;2;1;
32886;202100021203;163 759;A01;1;7;4;0;2;13;1;
32887;202100021204;163 757;B01;1;7;0;2;4;2;1;
32888;202100021204;163 758;A01;1;7;0;2;1;2;1;
32889;202100021205;163 754;C01;2;7;0;9;7;2;3;
32890;202100021205;163 755;B01;2;43;0;9;1;2;1;
32891;202100021205;163 756;A01;2;10;0;9;0;26;1;
32892;202100021206;163 753;A01;1;7;4;0;3;1;1;
32893;202100021207;163 751;B01;2;7;0;2;5;1;1;
32894;202100021207;163 752;A01;2;7;0;2;2;1;1;
32895;202100021208;163 750;A01;3;7;0;1;1;2;2;
32896;202100021209;163 748;B01;0;1;1;0;1;1;0;
32897;202100021209;163 749;A01;0;7;0;2;8;22;1;
32898;202100021210;163 747;A01;3;7;0;1;1;1;1;
32899;202100021211;163 745;A01;2;13;0;2;1;15;1;
32900;202100021211;163 746;B01;1;7;0;0;3;1;1;
32901;202100021212;163 744;A01;1;7;0;1;1;1;1;
32902;202100021213;163 743;A01;3;7;0;1;8;15;1;
32903;202100021214;163 739;B01;1;7;0;2;3;1;1;
32904;202100021214;163 740;A01;2;33;0;2;3;1;1;
32905;202100021215;163 738;A01;1;7;13;0;3;1;1;
32906;202100021216;163 737;A01;0;10;0;1;1;1;1;
32907;202100021217;163 735;B01;1;7;0;2;1;1;1;
32908;202100021217;163 736;A01;1;2;0;2;7;9;0;
32909;202100021218;163 733;A01;1;32;0;2;3;9;1;
32910;202100021218;163 734;B01;2;50;0;2;1;1;3;
32911;202100021219;163 731;A01;2;7;0;2;4;9;1;
32912;202100021219;163 732;B01;2;10;0;2;1;9;1;
32913;202100021220;163 729;B01;0;7;0;2;2;15;1;
32914;202100021220;163 730;A01;0;33;0;2;1;1;1;
32915;202100021224;163 723;A01;1;2;0;0;0;1;1;
32916;202100021225;163 720;A01;1;7;0;2;1;1;1;
32917;202100021225;163 721;C01;1;7;0;2;4;23;1;
32918;202100021225;163 722;B01;1;7;0;2;4;1;1;
32919;202100021227;163 718;A01;2;7;12;0;9;1;1;
32920;202100021228;163 716;A01;1;7;0;2;4;23;1;
32921;202100021228;163 717;Z01;1;7;0;0;1;2;1;
32922;202100021229;163 714;B01;2;7;0;2;4;2;2;
32923;202100021229;163 715;A01;1;7;0;2;1;2;1;
32924;202100021230;163 709;A01;0;15;0;1;7;4;1;
32925;202100021231;163 707;B01;3;33;0;2;1;1;1;
32926;202100021231;163 708;A01;3;7;0;2;1;1;1;
32927;202100021232;163 704;C01;1;7;0;2;0;0;0;
32928;202100021232;163 705;B01;2;10;0;2;3;1;0;
32929;202100021232;163 706;A01;2;7;0;2;3;17;1;
32930;202100021233;163 702;A01;1;7;0;2;1;26;1;
32931;202100021233;163 703;B01;1;7;0;2;4;2;1;
32932;202100021234;163 700;A01;0;7;0;2;3;16;1;
32933;202100021234;163 701;B01;0;7;0;2;2;1;1;
32934;202100021235;163 699;A01;1;10;0;2;2;16;1;
32935;202100021236;163 698;A01;3;30;16;0;8;2;1;
32936;202100021237;163 696;A01;1;2;0;2;1;17;1;
32937;202100021237;163 697;B01;1;7;0;2;6;1;1;
32938;202100021238;163 695;A01;1;40;0;0;0;26;1;
32939;202100021239;163 693;B01;1;10;0;2;1;19;1;
32940;202100021239;163 694;A01;1;30;0;2;1;26;1;
32941;202100021240;163 691;B01;1;1;0;2;6;2;5;
32942;202100021240;163 692;A01;2;7;0;2;2;2;1;
32943;202100021241;163 689;A01;3;10;0;9;1;9;1;
32944;202100021241;163 690;B01;3;1;0;2;3;19;5;
32945;202100021242;163 687;B01;2;1;0;2;1;1;5;
32946;202100021242;163 688;A01;2;7;0;2;1;16;1;
32947;202100021243;163 685;A01;1;7;8;2;7;1;1;
32948;202100021243;163 686;B01;1;7;0;2;1;1;1;
32949;202100021244;163 684;A01;1;7;0;1;7;1;1;
32950;202100021245;163 683;A01;1;1;0;0;0;1;5;
32951;202100021246;163 681;A01;2;30;0;2;3;17;1;
32952;202100021246;163 682;B01;1;7;0;2;8;23;1;
32953;202100021247;163 679;B01;2;7;0;2;8;1;1;
32954;202100021247;163 680;A01;1;7;0;2;1;1;1;
32955;202100021248;163 678;A01;1;7;12;0;2;0;1;
32956;202100021249;163 676;B01;3;1;0;2;1;1;5;
32957;202100021249;163 677;A01;3;7;0;9;8;1;1;
32958;202100021250;163 675;A01;0;7;0;1;2;1;1;
32959;202100021251;163 673;B01;0;50;0;2;0;0;3;
32960;202100021251;163 674;A01;0;15;0;0;0;0;1;
32961;202100021252;163 671;A01;1;2;0;2;2;14;1;
32962;202100021252;163 672;FB01;1;7;0;2;3;1;1;
32963;202100021253;163 669;A01;1;7;0;2;3;2;1;
32964;202100021253;163 670;B01;1;33;0;2;4;2;1;
32965;202100021254;163 667;B01;2;7;0;2;3;15;1;
32966;202100021254;163 668;A01;2;7;8;2;2;17;1;
32967;202100021255;163 665;A01;1;7;0;2;6;26;1;
32968;202100021255;163 666;B01;1;32;0;2;1;1;1;
32969;202100021256;163 663;Z01;1;7;0;2;1;17;1;
32970;202100021256;163 664;A01;1;7;0;2;4;1;1;
32971;202100021257;163 662;A01;1;7;14;0;2;15;1;
32972;202100021258;163 660;A01;1;7;0;2;3;15;1;
32973;202100021258;163 661;B01;1;2;0;2;1;1;1;
32974;202100021259;163 658;A01;1;2;0;2;8;8;3;
32975;202100021259;163 659;B01;2;37;0;2;3;1;1;1.0
32976;202100021260;163 657;A01;1;7;0;1;7;1;1;
32977;202100021261;163 655;B01;1;1;0;2;2;9;5;
32978;202100021261;163 656;A01;2;7;0;2;3;9;0;
32979;202100021263;163 650;A01;0;33;0;2;4;23;1;
32980;202100021263;163 651;B01;0;7;0;2;1;1;1;
32981;202100021264;163 648;B01;1;7;0;2;2;15;1;
32982;202100021264;163 649;A01;1;33;0;2;2;1;1;
32983;202100021265;163 646;A01;1;7;0;2;2;13;1;
32984;202100021265;163 647;B01;2;2;0;2;2;1;1;
32985;202100021266;163 644;A01;3;7;0;2;3;15;2;
32986;202100021266;163 645;B01;3;2;0;2;1;1;1;
32987;202100021267;163 642;A01;3;7;0;2;1;0;1;
32988;202100021267;163 643;B01;3;33;0;2;1;2;1;
32989;202100021268;163 640;A01;2;7;0;2;1;2;1;
32990;202100021268;163 641;B01;2;7;0;2;4;2;1;
32991;202100021269;163 637;A01;1;7;0;1;2;1;1;
32992;202100021270;163 636;A01;2;37;0;1;1;1;1;1.0
32993;202100021271;163 635;A01;1;7;8;0;1;1;1;
32994;202100021272;163 632;A01;1;33;0;2;1;17;0;
32995;202100021272;163 633;B01;2;7;0;2;1;1;1;
32996;202100021272;163 634;C01;0;7;0;2;8;1;1;
32997;202100021273;163 630;A01;1;7;0;2;3;1;1;
32998;202100021273;163 631;B01;1;32;0;0;0;0;0;
32999;202100021274;163 627;A01;2;7;0;1;3;15;1;
33000;202100021275;163 626;A01;1;7;14;0;2;14;1;
33001;202100021276;163 624;B01;3;7;0;2;3;1;1;
33002;202100021276;163 625;A01;3;7;0;2;1;9;0;
33003;202100021277;163 622;A01;2;1;0;2;8;19;5;
33004;202100021277;163 623;B01;2;7;0;2;1;1;1;
33005;202100021279;163 619;A01;3;7;0;1;2;1;1;
33006;202100021280;163 617;B01;1;1;0;2;1;1;5;
33007;202100021280;163 618;A01;2;1;0;2;1;1;5;
33008;202100021281;163 615;A01;3;13;0;9;1;26;1;
33009;202100021281;163 616;B01;3;31;14;0;4;23;1;
33010;202100021282;163 613;A01;1;7;0;2;1;2;1;
33011;202100021282;163 614;B01;1;7;0;2;4;2;1;
33012;202100021283;163 610;C01;2;7;0;2;4;2;1;
33013;202100021283;163 611;B01;2;7;0;2;4;2;1;
33014;202100021283;163 612;A01;2;7;0;2;1;2;1;
33015;202100021284;163 608;B01;1;32;0;2;8;11;1;
33016;202100021284;163 609;A01;1;7;0;2;2;5;1;
33017;202100021285;163 607;A01;3;34;14;0;8;13;1;
33018;202100021286;163 606;A01;1;50;0;1;3;1;3;
33019;202100021287;163 605;A01;1;10;0;1;2;1;1;
33020;202100021289;163 601;A01;1;7;0;2;3;15;1;
33021;202100021289;163 602;B01;1;33;0;2;7;1;1;
33022;202100021290;163 599;B01;1;32;0;2;2;5;1;
33023;202100021290;163 600;A01;1;7;0;2;8;15;2;
33024;202100021291;163 597;A01;1;34;0;2;1;2;3;
33025;202100021291;163 598;Z01;1;7;0;2;5;16;0;
33026;202100021292;163 595;A01;2;7;0;2;3;22;1;
33027;202100021292;163 596;B01;2;80;0;2;1;7;3;
33028;202100021294;163 591;B01;1;7;0;2;1;1;1;
33029;202100021294;163 592;A01;2;30;0;2;1;17;1;
33030;202100021295;163 589;B01;2;1;0;2;6;1;5;
33031;202100021295;163 590;A01;1;7;0;2;3;15;1;
33032;202100021296;163 587;B01;2;7;0;2;3;16;2;
33033;202100021296;163 588;A01;3;50;0;2;1;7;3;
33034;202100021297;163 585;B01;1;7;0;2;8;9;1;
33035;202100021297;163 586;A01;1;50;0;2;8;25;3;
33036;202100021298;163 583;B01;2;31;0;2;1;1;1;
33037;202100021298;163 584;A01;1;1;0;2;7;15;5;
33038;202100021299;163 581;A01;1;7;0;2;8;22;2;
33039;202100021299;163 582;B01;1;1;0;2;1;17;5;
33040;202100021300;163 580;A01;1;30;0;1;2;1;1;
33041;202100021301;163 579;A01;3;80;0;0;0;1;3;
33042;202100021302;163 577;B01;2;50;0;2;0;0;3;
33043;202100021302;163 578;A01;2;7;0;2;7;1;1;
33044;202100021303;163 576;A01;1;7;0;1;1;1;2;
33045;202100021304;163 574;B01;2;60;0;2;1;1;5;
33046;202100021304;163 575;A01;2;7;0;9;2;16;1;
33047;202100021305;163 570;A01;2;14;0;2;2;1;1;
33048;202100021305;163 571;B01;1;7;0;2;8;2;1;
33049;202100021306;163 568;A01;2;10;0;2;1;19;1;