;Num_Acc;id_vehicule;num_veh;senc;catv;obs;obsm;choc;manv;motor;occutc
33050;202100021306;163 569;B01;1;10;0;2;8;2;1;
33051;202100021307;163 566;A01;0;34;0;2;1;26;1;
33052;202100021307;163 567;B01;0;7;0;2;1;26;0;
33053;202100021308;163 564;B01;3;7;0;2;6;1;1;
33054;202100021308;163 565;A01;3;10;0;2;2;15;1;
33055;202100021309;163 562;B01;1;7;0;2;4;1;1;
33056;202100021309;163 563;A01;1;7;0;2;3;1;1;
33057;202100021310;163 560;A01;1;50;0;0;1;26;3;
33058;202100021310;163 561;B01;2;41;0;0;0;0;0;
33059;202100021311;163 558;B01;1;7;0;2;1;2;1;
33060;202100021311;163 559;A01;2;3;0;2;1;2;1;
33061;202100021312;163 557;A01;1;10;0;1;3;26;1;
33062;202100021313;163 556;A01;3;7;0;1;1;1;1;
33063;202100021315;163 552;B01;3;50;0;2;3;0;3;
33064;202100021315;163 553;A01;3;10;0;2;6;16;0;
33065;202100021317;163 549;B01;1;7;0;2;3;15;0;
33066;202100021317;163 550;A01;1;32;0;2;7;1;1;
33067;202100021318;163 547;B01;3;30;0;2;2;1;1;
33068;202100021318;163 548;A01;3;7;0;2;3;15;0;
33069;202100021319;163 546;A01;2;7;0;1;7;1;1;
33070;202100021320;163 544;B01;1;1;0;2;8;1;0;
33071;202100021320;163 545;A01;1;7;0;2;7;14;1;
33072;202100021321;163 542;B01;2;7;0;2;4;23;1;
33073;202100021321;163 543;A01;2;2;0;2;1;2;1;
33074;202100021322;163 540;B01;2;10;0;2;3;1;1;
33075;202100021322;163 541;A01;1;2;0;2;1;17;1;
33076;202100021323;163 538;A01;3;33;0;2;1;1;1;
33077;202100021323;163 539;B01;0;7;0;2;8;19;1;
33078;202100021324;163 536;A01;1;7;0;2;7;1;1;
33079;202100021324;163 537;B01;1;33;0;2;1;1;1;
33080;202100021325;163 534;B01;2;15;0;0;3;2;1;
33081;202100021325;163 535;A01;1;7;0;0;3;5;1;
33082;202100021326;163 532;A01;3;31;12;0;0;1;1;
33083;202100021327;163 531;A01;1;7;13;0;2;1;1;
33084;202100021329;163 528;B01;2;33;0;2;1;17;1;
33085;202100021329;163 529;A01;2;7;0;2;3;15;1;
33086;202100021330;163 526;A01;0;7;0;2;1;19;1;
33087;202100021330;163 527;B01;2;10;0;2;2;1;1;
33088;202100021331;163 524;A01;2;1;0;2;1;19;5;
33089;202100021331;163 525;B01;2;7;0;9;2;1;1;
33090;202100021332;163 522;B01;1;7;0;2;3;1;1;
33091;202100021332;163 523;A01;1;7;0;0;2;15;1;
33092;202100021333;163 520;A01;2;7;3;2;1;17;1;
33093;202100021333;163 521;B01;2;7;0;0;4;1;1;
33094;202100021334;163 518;A01;2;15;0;2;7;15;1;
33095;202100021334;163 519;B01;2;33;0;2;1;1;1;
33096;202100021335;163 517;A01;1;33;17;0;8;1;1;
33097;202100021336;163 515;A01;1;7;0;2;7;17;1;
33098;202100021336;163 516;B01;1;33;0;2;3;1;1;
33099;202100021337;163 513;A01;1;7;0;2;3;19;1;
33100;202100021337;163 514;B01;2;7;0;0;1;1;1;
33101;202100021338;163 511;A01;2;7;0;0;8;11;1;
33102;202100021338;163 512;B01;2;10;2;2;2;13;1;
33103;202100021339;163 509;A01;1;7;0;2;6;19;1;
33104;202100021339;163 510;B01;2;7;0;2;3;1;1;
33105;202100021341;163 505;B01;2;2;0;2;1;1;1;
33106;202100021341;163 506;A01;1;7;0;2;5;6;1;
33107;202100021342;163 503;A01;3;50;0;2;6;1;3;
33108;202100021342;163 504;B01;3;7;0;2;2;1;1;
33109;202100021343;163 502;A01;2;7;13;0;0;1;1;
33110;202100021344;163 501;A01;2;33;16;0;0;1;1;
33111;202100021346;163 497;B01;3;7;0;2;3;15;1;
33112;202100021346;163 498;A01;3;1;0;2;1;1;5;
33113;202100021347;163 495;A01;2;2;0;0;6;9;1;
33114;202100021347;163 496;B01;2;7;0;0;2;1;1;
33115;202100021348;163 493;B01;1;33;0;2;1;17;1;
33116;202100021348;163 494;A01;1;7;0;2;6;10;1;
33117;202100021349;163 492;A01;2;7;7;0;1;0;1;
33118;202100021350;163 490;B01;2;10;0;9;2;1;1;
33119;202100021350;163 491;A01;2;1;0;0;4;1;5;
33120;202100021351;163 488;B01;3;7;0;0;4;23;1;
33121;202100021351;163 489;A01;3;2;0;2;1;2;1;
33122;202100021352;163 487;A01;1;33;0;0;0;1;1;
33123;202100021353;163 485;A01;1;7;2;0;1;14;1;
33124;202100021354;163 483;A01;1;7;0;2;3;1;1;
33125;202100021354;163 484;B01;3;21;0;2;2;1;1;
33126;202100021355;163 482;A01;2;7;0;6;7;21;1;
33127;202100021356;163 480;B01;1;99;0;0;4;2;6;
33128;202100021356;163 481;A01;1;7;0;5;1;2;1;
33129;202100021357;163 479;A01;1;10;0;1;5;2;0;
33130;202100021358;163 476;A01;3;7;0;2;1;9;1;
33131;202100021359;163 474;B01;3;7;0;2;1;15;1;
33132;202100021359;163 475;A01;2;7;0;2;1;1;1;
33133;202100021360;163 471;C01;3;7;0;2;4;23;1;
33134;202100021360;163 472;B01;3;7;0;2;4;23;1;
33135;202100021360;163 473;A01;3;7;14;0;1;1;1;
33136;202100021361;163 469;A01;2;33;0;2;1;1;1;
33137;202100021361;163 470;B01;1;7;0;2;2;1;1;
33138;202100021362;163 467;B01;2;7;3;2;3;1;1;
33139;202100021362;163 468;A01;1;7;3;2;1;13;1;
33140;202100021363;163 466;A01;2;7;6;0;1;14;1;
33141;202100021364;163 464;B01;3;1;0;2;0;1;5;
33142;202100021364;163 465;A01;3;7;0;2;3;9;1;
33143;202100021365;163 462;B01;1;2;0;2;1;1;1;
33144;202100021365;163 463;A01;2;10;0;2;3;15;1;
33145;202100021366;163 460;A01;1;7;0;0;2;2;1;
33146;202100021366;163 461;B01;1;1;0;2;3;1;5;
33147;202100021368;163 456;B01;2;7;0;2;3;1;1;
33148;202100021368;163 457;A01;1;33;0;2;1;13;1;
33149;202100021369;163 451;A01;2;10;0;2;3;1;1;
33150;202100021369;163 452;B01;1;7;0;2;3;13;1;
33151;202100021370;163 449;A01;1;2;0;2;3;23;1;
33152;202100021370;163 450;B01;1;7;0;2;3;15;0;
33153;202100021372;163 447;A01;1;7;11;0;9;1;1;
33154;202100021373;163 444;C01;1;7;0;2;3;1;1;
33155;202100021373;163 445;B01;2;7;0;2;1;1;1;
33156;202100021373;163 446;A01;0;2;0;2;8;9;1;
33157;202100021374;163 442;B01;1;2;0;2;1;2;3;
33158;202100021374;163 443;A01;1;7;0;9;6;2;1;
33159;202100021375;163 440;A01;0;32;0;2;1;2;1;
33160;202100021375;163 441;B01;0;7;0;0;6;15;1;
33161;202100021377;163 434;B01;3;10;0;0;0;25;1;
33162;202100021377;163 435;A01;3;33;7;0;0;21;1;
33163;202100021378;163 431;A01;1;7;0;9;2;2;1;
33164;202100021378;163 432;B01;1;1;0;2;4;2;5;
33165;202100021378;163 433;C01;1;1;0;0;0;2;5;
33166;202100021379;163 430;A01;1;7;0;1;2;1;1;
33167;202100021380;163 428;A01;2;30;0;2;8;10;1;
33168;202100021380;163 429;B01;2;15;0;2;1;1;1;
33169;202100021382;163 426;A01;2;7;13;0;2;1;1;
33170;202100021383;163 424;B01;3;2;0;2;7;5;1;
33171;202100021383;163 425;A01;3;7;0;2;1;15;1;
33172;202100021385;163 420;B01;1;7;0;2;2;1;1;
33173;202100021385;163 421;A01;1;7;7;2;7;19;1;
33174;202100021386;163 418;B01;2;1;0;0;3;1;5;
33175;202100021386;163 419;A01;1;7;0;9;3;1;1;
33176;202100021387;163 416;A01;0;7;0;2;3;1;1;
33177;202100021387;163 417;B01;0;33;0;2;1;1;1;
33178;202100021388;163 414;B01;0;7;0;0;5;2;1;
33179;202100021388;163 415;A01;0;10;0;2;3;2;1;
33180;202100021389;163 412;A01;3;7;0;2;2;15;1;
33181;202100021389;163 413;B01;3;33;0;2;1;1;1;
33182;202100021390;163 410;B01;1;7;0;2;4;1;1;
33183;202100021390;163 411;A01;1;7;0;2;1;2;1;
33184;202100021391;163 409;A01;1;7;0;1;1;1;1;
33185;202100021392;163 408;A01;2;33;0;0;8;26;1;
33186;202100021393;163 407;A01;2;7;0;0;9;1;1;
33187;202100021394;163 405;A01;2;7;3;0;1;2;1;
33188;202100021394;163 406;B01;2;15;0;2;7;2;0;
33189;202100021395;163 404;A01;2;7;4;0;6;1;1;
33190;202100021396;163 402;A01;2;32;0;2;2;3;1;
33191;202100021396;163 403;B01;2;7;0;2;8;11;1;
33192;202100021397;163 400;A01;1;33;0;2;1;1;1;
33193;202100021397;163 401;B01;1;7;0;2;4;2;1;
33194;202100021398;163 398;A01;1;33;0;2;1;3;1;
33195;202100021398;163 399;B01;1;7;0;2;6;1;1;
33196;202100021400;163 395;A01;2;33;0;2;1;3;1;
33197;202100021400;163 396;B01;2;7;0;2;7;14;1;
33198;202100021401;163 393;A01;1;7;0;2;1;1;1;
33199;202100021401;163 394;B01;1;7;0;2;4;2;1;
33200;202100021402;163 392;A01;1;10;14;0;1;2;1;
33201;202100021403;163 389;A01;1;7;0;2;4;0;1;
33202;202100021403;163 390;B01;1;7;0;2;4;0;1;
33203;202100021403;163 391;C01;1;10;0;2;1;0;1;
33204;202100021404;163 387;B01;1;7;0;2;5;2;1;
33205;202100021404;163 388;A01;1;33;0;2;3;3;1;
33206;202100021405;163 385;B01;1;33;0;2;1;26;1;
33207;202100021405;163 386;A01;1;21;0;0;6;26;1;
33208;202100021406;163 384;A01;0;10;1;1;1;16;3;
33209;202100021407;163 383;A01;2;7;0;1;2;1;1;
33210;202100021408;163 382;A01;1;32;0;1;1;1;1;
33211;202100021409;163 381;A01;1;7;0;1;1;1;1;
33212;202100021410;163 380;A01;0;7;14;1;1;1;1;
33213;202100021411;163 379;A01;1;13;0;1;4;26;1;
33214;202100021412;163 377;B01;1;7;0;2;8;0;1;
33215;202100021412;163 378;A01;1;7;0;2;7;1;1;
33216;202100021413;163 375;A01;1;10;1;2;7;1;1;
33217;202100021413;163 376;B01;1;1;0;2;1;9;0;
33218;202100021414;163 373;A01;1;7;0;2;2;9;1;
33219;202100021414;163 374;B01;2;7;0;2;3;1;1;
33220;202100021415;163 372;A01;1;7;0;1;4;20;2;
33221;202100021416;163 371;A01;1;50;0;1;1;1;3;
33222;202100021417;163 369;A01;1;34;0;2;7;9;1;
33223;202100021417;163 370;B01;1;7;0;2;3;1;1;
33224;202100021418;163 368;A01;3;7;8;0;2;1;1;
33225;202100021419;163 367;A01;2;7;0;1;3;16;1;
33226;202100021420;163 365;B01;3;7;1;0;4;2;0;
33227;202100021420;163 366;A01;3;32;0;2;1;26;1;
33228;202100021421;163 363;B01;1;50;0;2;1;1;3;
33229;202100021421;163 364;A01;1;7;0;2;7;16;1;
33230;202100021422;163 361;B01;1;7;0;2;8;15;1;
33231;202100021422;163 362;A01;1;80;0;2;1;1;3;
33232;202100021423;163 360;A01;1;7;4;0;1;0;1;
33233;202100021424;163 358;B01;1;10;0;2;1;2;0;
33234;202100021424;163 359;A01;1;10;0;2;4;2;0;
33235;202100021425;163 356;A01;1;7;0;2;1;13;1;
33236;202100021425;163 357;B01;2;7;0;2;1;1;1;
33237;202100021426;163 353;B01;2;10;0;2;4;23;1;
33238;202100021426;163 354;C01;2;7;0;2;4;23;1;
33239;202100021426;163 355;A01;2;7;0;2;1;1;1;
33240;202100021427;163 351;B01;1;33;0;2;1;1;1;
33241;202100021427;163 352;A01;1;7;0;2;3;15;1;
33242;202100021428;163 349;B01;3;33;0;2;2;1;1;
33243;202100021428;163 350;A01;3;7;0;2;1;26;1;
33244;202100021429;163 347;A01;1;7;0;2;5;0;1;
33245;202100021429;163 348;B01;2;2;0;2;1;1;1;
33246;202100021430;163 346;A01;1;7;0;1;1;15;1;
33247;202100021431;163 336;B01;3;10;0;2;4;2;1;
33248;202100021431;163 337;A01;3;1;0;2;1;2;5;
33249;202100021432;163 335;A01;3;7;15;0;1;1;1;
33250;202100021433;163 333;A01;1;7;0;2;1;16;0;
33251;202100021433;163 334;V01;1;1;0;2;8;1;5;
33252;202100021434;163 332;A01;3;7;0;1;1;1;1;
33253;202100021435;163 331;Z01;1;1;0;1;1;25;5;
33254;202100021436;163 329;Z01;2;7;0;2;1;1;1;
33255;202100021436;163 330;A01;1;50;0;2;8;19;3;
33256;202100021437;163 325;B01;2;7;0;2;4;15;2;
33257;202100021437;163 326;A01;2;7;0;2;1;1;1;
33258;202100021437;163 327;D01;1;7;0;2;1;1;1;
33259;202100021437;163 328;C01;1;7;0;2;1;1;1;
33260;202100021438;163 323;B01;1;80;0;2;8;1;3;
33261;202100021438;163 324;A01;1;7;0;2;2;1;1;
33262;202100021439;163 321;B01;1;33;0;2;8;1;1;
33263;202100021439;163 322;A01;2;7;0;2;3;15;1;
33264;202100021440;163 319;A01;3;33;0;2;1;9;1;
33265;202100021440;163 320;B01;3;1;0;2;8;1;5;
33266;202100021441;163 318;A01;1;30;0;1;1;17;1;
33267;202100021442;163 317;A01;1;30;1;0;1;2;1;
33268;202100021443;163 316;BA01;2;1;0;1;1;26;5;
33269;202100021445;163 312;A01;1;7;1;2;3;9;1;
33270;202100021445;163 313;B01;2;2;0;2;2;0;1;
33271;202100021447;163 309;B01;1;1;0;2;4;15;5;
33272;202100021447;163 310;A01;1;7;0;2;1;17;1;
33273;202100021448;163 306;C01;2;7;0;2;4;1;1;
33274;202100021448;163 307;B01;2;7;0;2;4;2;1;
33275;202100021448;163 308;A01;2;7;0;2;1;2;1;
33276;202100021449;163 305;A01;2;7;0;6;1;1;1;
33277;202100021450;163 303;B01;1;34;0;2;7;1;1;
33278;202100021450;163 304;A01;2;7;0;2;1;9;1;
33279;202100021451;163 302;A01;0;7;0;1;2;1;1;
33280;202100021452;163 300;A01;2;7;0;2;1;1;1;
33281;202100021452;163 301;B01;2;3;0;2;4;1;1;
33282;202100021453;163 298;B01;2;50;0;2;3;10;3;
33283;202100021453;163 299;A01;2;7;0;2;2;1;1;
33284;202100021454;163 296;B01;0;1;0;0;0;0;5;
33285;202100021454;163 297;A01;0;7;0;2;8;26;1;
33286;202100021455;163 294;A01;1;7;0;2;7;15;1;
33287;202100021455;163 295;B01;2;33;0;2;1;1;1;
33288;202100021456;163 292;B01;3;7;0;2;1;1;1;
33289;202100021456;163 293;A01;3;7;6;2;7;1;1;
33290;202100021457;163 290;B01;3;1;0;2;0;2;5;
33291;202100021457;163 291;A01;3;7;0;2;0;0;1;
33292;202100021458;163 287;A01;2;7;0;2;1;18;1;
33293;202100021458;163 288;B01;2;7;0;2;4;1;1;
33294;202100021458;163 289;C01;2;7;0;2;4;1;1;
33295;202100021459;163 285;A01;3;7;0;2;1;1;1;
33296;202100021459;163 286;B01;0;1;0;2;8;1;6;
33297;202100021460;163 283;B01;0;32;0;0;0;0;1;
33298;202100021460;163 284;A01;1;7;0;2;1;15;1;
33299;202100021461;163 281;B01;0;80;0;2;0;0;3;
33300;202100021461;163 282;A01;0;7;0;2;0;9;1;
33301;202100021462;163 277;B01;2;30;0;2;7;1;1;
33302;202100021462;163 278;A01;1;7;0;2;7;20;1;
33303;202100021463;163 275;B01;3;7;0;2;3;9;1;
33304;202100021463;163 276;A01;3;1;0;2;0;0;5;
33305;202100021464;163 274;A01;1;7;0;1;2;1;1;
33306;202100021465;163 273;A01;2;43;0;1;2;1;1;
33307;202100021466;163 271;A01;1;33;0;2;1;1;1;
33308;202100021466;163 272;B01;2;7;0;0;7;15;1;
33309;202100021468;163 268;A01;0;14;0;2;1;11;1;
33310;202100021468;163 269;B01;0;37;0;2;6;20;1;3.0
33311;202100021469;163 266;A01;1;7;0;2;3;0;1;
33312;202100021469;163 267;B01;1;2;0;2;1;0;1;
33313;202100021470;163 264;B01;3;37;0;2;2;1;1;1.0
33314;202100021470;163 265;A01;3;7;0;2;9;9;1;
33315;202100021471;163 262;A01;1;7;0;2;0;9;1;
33316;202100021471;163 263;B01;1;1;0;2;0;1;5;
33317;202100021472;163 260;B01;1;7;0;2;2;1;1;
33318;202100021472;163 261;A01;2;7;0;2;8;10;1;
33319;202100021473;163 258;B01;1;1;0;2;8;1;5;
33320;202100021473;163 259;A01;1;7;0;2;2;15;1;
33321;202100021474;163 256;A01;1;7;1;0;0;4;1;
33322;202100021474;163 257;B01;0;7;1;0;7;24;1;
33323;202100021475;163 254;B01;1;33;0;2;2;1;1;
33324;202100021475;163 255;A01;2;10;0;2;3;15;1;
33325;202100021476;163 252;A01;1;10;0;2;2;10;3;
33326;202100021476;163 253;B01;2;33;0;2;8;1;1;
33327;202100021477;163 250;B01;1;10;0;2;5;15;3;
33328;202100021477;163 251;A01;2;1;0;2;1;1;5;
33329;202100021478;163 248;A01;2;30;0;2;1;1;1;
33330;202100021478;163 249;Z01;1;7;0;2;7;15;0;
33331;202100021479;163 246;A01;2;1;0;2;8;17;5;
33332;202100021479;163 247;B01;1;80;0;2;8;1;3;
33333;202100021480;163 245;A01;1;10;0;1;3;1;0;
33334;202100021481;163 244;A01;1;1;0;0;1;1;5;
33335;202100021484;163 238;A01;2;30;0;2;3;19;3;
33336;202100021484;163 239;B01;1;33;1;2;3;1;1;
33337;202100021485;163 236;A01;1;7;0;2;2;1;1;
33338;202100021485;163 237;B01;1;30;0;2;1;1;1;
33339;202100021486;163 234;B01;2;80;0;2;2;1;3;
33340;202100021486;163 235;A01;2;7;0;2;3;9;1;
33341;202100021487;163 232;A01;1;30;0;2;1;1;1;
33342;202100021487;163 233;B01;1;14;0;2;3;16;6;
33343;202100021488;163 230;B01;2;50;0;2;3;1;3;
33344;202100021488;163 231;A01;1;7;0;2;2;15;1;
33345;202100021489;163 227;C01;1;7;0;0;0;0;2;
33346;202100021489;163 228;B01;1;7;0;2;1;26;1;
33347;202100021489;163 229;A01;2;7;0;2;2;15;2;
33348;202100021490;163 225;B01;2;31;0;2;1;1;1;
33349;202100021490;163 226;A01;1;7;0;2;7;13;1;
33350;202100021491;163 222;A01;2;10;1;0;1;1;1;
33351;202100021491;163 223;B01;2;7;1;0;4;23;1;
33352;202100021491;163 224;C01;2;7;1;0;4;23;1;
33353;202100021493;163 217;A01;0;7;0;2;1;26;1;
33354;202100021493;163 218;B01;0;7;0;2;4;2;1;
33355;202100021493;163 219;C01;0;10;0;2;1;2;1;
33356;202100021494;163 215;B01;3;32;0;2;4;1;1;
33357;202100021494;163 216;A01;3;3;0;2;1;13;1;
33358;202100021495;163 213;A01;2;7;0;2;3;23;0;
33359;202100021495;163 214;B01;2;1;1;2;1;2;0;
33360;202100021497;163 209;A01;1;7;0;2;2;16;1;
33361;202100021497;163 210;B01;1;32;12;2;8;18;1;
33362;202100021498;163 207;A01;0;33;0;2;0;15;1;
33363;202100021498;163 208;B01;0;34;0;2;0;1;1;
33364;202100021499;163 205;A01;3;7;0;2;6;26;1;
33365;202100021499;163 206;B01;3;2;0;2;1;26;1;
33366;202100021500;163 203;B01;1;13;0;2;3;1;1;
33367;202100021500;163 204;A01;1;7;0;2;2;17;1;
33368;202100021501;163 202;A01;1;33;1;0;2;14;1;
33369;202100021502;163 201;A01;0;1;0;1;1;9;5;
33370;202100021503;163 200;A01;1;80;0;1;0;1;3;
33371;202100021504;163 199;A01;1;80;1;0;7;26;3;
33372;202100021505;163 198;A01;2;32;1;0;1;13;1;
33373;202100021506;163 197;A01;2;33;0;0;2;2;1;
33374;202100021507;163 195;B01;1;1;0;2;4;1;5;
33375;202100021507;163 196;A01;1;7;0;2;2;17;1;
33376;202100021508;163 194;A01;1;2;9;0;1;26;1;
33377;202100021509;163 193;A01;1;7;2;0;1;1;1;
33378;202100021510;163 191;B01;0;7;0;2;1;1;1;
33379;202100021510;163 192;A01;0;33;0;2;1;5;1;
33380;202100021511;163 190;A01;1;7;2;0;1;0;1;
33381;202100021513;163 186;A01;2;7;2;0;1;14;1;
33382;202100021514;163 184;B01;1;10;0;2;3;1;1;
33383;202100021514;163 185;A01;2;10;0;2;3;5;1;
33384;202100021515;163 182;B01;1;10;0;0;8;1;1;
33385;202100021515;163 183;A01;2;2;0;2;1;9;1;
33386;202100021516;163 180;B01;3;10;0;2;3;1;1;
33387;202100021516;163 181;A01;3;7;0;2;7;1;1;
33388;202100021517;163 178;B01;2;80;0;2;7;1;3;
33389;202100021517;163 179;A01;2;7;0;9;3;9;1;
33390;202100021518;163 176;A01;2;33;0;2;2;17;1;
33391;202100021518;163 177;B01;1;7;0;2;2;19;2;
33392;202100021519;163 174;B01;2;33;0;2;1;1;1;
33393;202100021519;163 175;A01;1;10;0;2;1;1;1;
33394;202100021521;163 172;A01;2;32;0;0;1;14;1;
33395;202100021522;163 170;B01;2;1;0;2;1;1;5;
33396;202100021522;163 171;A01;1;7;0;0;2;15;1;
33397;202100021523;163 169;A01;1;7;2;0;1;1;3;
33398;202100021524;163 167;B01;1;7;0;2;2;1;1;
33399;202100021524;163 168;A01;0;1;0;2;2;19;5;
33400;202100021525;163 166;A01;2;33;16;0;9;1;1;
33401;202100021527;163 163;B01;1;21;0;0;6;15;1;
33402;202100021527;163 164;A01;1;33;0;0;7;21;1;
33403;202100021528;163 161;A01;1;2;0;2;1;17;1;
33404;202100021528;163 162;B01;1;7;0;2;3;11;1;
33405;202100021529;163 160;A01;2;7;16;0;0;1;1;
33406;202100021530;163 159;A01;1;7;0;1;1;23;1;
33407;202100021531;163 156;C01;2;10;0;2;6;1;1;
33408;202100021531;163 157;B01;1;7;0;2;3;1;1;
33409;202100021531;163 158;A01;2;31;0;2;0;17;1;
33410;202100021533;163 152;A01;2;7;13;2;6;17;1;
33411;202100021533;163 153;B01;2;15;0;2;2;17;1;
33412;202100021534;163 151;A01;2;7;13;0;1;1;1;
33413;202100021535;163 148;A01;1;7;0;2;3;13;1;
33414;202100021535;163 149;B01;2;15;0;2;3;1;1;
33415;202100021535;163 150;C01;2;7;0;2;1;1;1;
33416;202100021536;163 147;A01;1;7;6;0;1;15;1;
33417;202100021537;163 144;C01;2;17;0;2;6;1;1;
33418;202100021537;163 145;B01;2;17;0;2;2;1;1;
33419;202100021537;163 146;A01;1;7;0;2;1;5;1;
33420;202100021541;163 135;B01;1;7;0;2;3;1;1;
33421;202100021541;163 136;A01;1;7;0;2;5;23;1;
33422;202100021542;163 133;A01;1;7;0;2;8;1;1;
33423;202100021542;163 134;B01;2;15;0;0;6;1;1;
33424;202100021543;163 131;A01;2;7;0;2;7;15;1;
33425;202100021543;163 132;B01;2;2;0;2;1;15;1;
33426;202100021545;163 128;A01;1;7;0;2;1;13;1;
33427;202100021545;163 129;B01;2;7;0;2;1;1;1;
33428;202100021546;163 127;A01;2;33;0;9;1;1;1;
33429;202100021547;163 123;B01;0;7;0;0;2;26;1;
33430;202100021547;163 124;A01;0;32;0;2;1;25;1;
33431;202100021548;163 122;A01;0;7;0;1;7;0;1;
33432;202100021549;163 121;A01;2;7;13;0;9;14;1;
33433;202100021550;163 118;A01;1;31;0;0;3;1;1;
33434;202100021551;163 115;A01;1;31;0;0;7;1;1;
33435;202100021552;163 113;B01;1;2;0;2;1;5;1;
33436;202100021552;163 114;A01;2;7;0;2;1;1;1;
33437;202100021553;163 112;A01;1;15;7;0;1;26;1;
33438;202100021554;163 110;A01;2;33;0;2;8;1;1;
33439;202100021554;163 111;B01;2;7;0;2;7;12;1;
33440;202100021555;163 108;A01;2;15;0;2;1;2;1;
33441;202100021555;163 109;B01;2;10;0;2;4;2;1;
33442;202100021556;163 105;B01;2;10;0;2;4;2;1;
33443;202100021556;163 106;C01;2;7;0;2;4;2;1;
33444;202100021556;163 107;A01;2;7;0;2;1;2;1;
33445;202100021557;163 104;C01;1;17;0;0;0;1;1;
33446;202100021558;163 102;A01;2;33;0;2;1;3;1;
33447;202100021558;163 103;B01;2;7;0;2;4;11;1;
33448;202100021559;163 101;A01;2;33;0;0;5;1;1;
33449;202100021560;163 099;A01;1;7;0;2;8;1;1;
33450;202100021560;163 100;Z01;1;13;0;2;7;9;0;
33451;202100021561;163 097;A01;2;7;0;2;1;2;1;
33452;202100021561;163 098;B01;2;10;0;2;5;2;1;
33453;202100021562;163 095;A01;1;15;1;2;4;24;1;
33454;202100021562;163 096;B01;1;33;1;0;1;2;1;
33455;202100021563;163 093;B01;1;10;4;2;5;1;1;
33456;202100021563;163 094;A01;1;32;4;2;1;3;1;
33457;202100021564;163 090;A01;1;7;0;2;4;23;1;
33458;202100021564;163 091;B01;1;7;0;2;0;0;1;
33459;202100021564;163 092;C01;1;7;0;2;0;26;1;
33460;202100021565;163 088;B01;2;31;0;2;0;2;1;
33461;202100021565;163 089;A01;2;7;0;2;5;2;1;
33462;202100021566;163 086;B01;1;7;0;2;4;2;1;
33463;202100021566;163 087;A01;1;33;0;2;1;2;1;
33464;202100021567;163 084;B01;2;7;0;2;1;2;1;
33465;202100021567;163 085;A01;2;7;0;2;4;2;0;
33466;202100021568;163 082;A01;1;10;0;2;3;1;1;
33467;202100021568;163 083;B01;1;13;0;2;2;14;1;
33468;202100021572;163 075;B01;1;7;0;2;3;1;1;
33469;202100021572;163 076;A01;2;1;4;2;1;1;5;
33470;202100021573;163 073;A01;2;7;0;2;2;9;1;
33471;202100021573;163 074;B01;1;1;0;2;1;15;5;
33472;202100021574;163 072;A01;3;7;1;0;2;20;1;
33473;202100021575;163 067;B01;1;7;0;2;3;16;1;
33474;202100021575;163 068;A01;2;7;8;2;1;19;1;
33475;202100021576;163 065;A01;1;7;0;2;7;12;1;
33476;202100021576;163 066;B01;1;34;0;2;1;2;1;
33477;202100021579;163 060;A01;1;7;0;2;2;16;1;
33478;202100021579;163 061;B01;2;50;0;2;1;1;3;
33479;202100021580;163 058;B01;1;33;0;2;7;1;1;
33480;202100021580;163 059;A01;2;7;0;2;1;1;1;
33481;202100021581;163 057;A01;1;7;9;0;2;21;1;
33482;202100021583;163 053;A01;1;21;0;0;8;0;1;
33483;202100021585;163 049;A01;1;38;0;2;2;19;1;1.0
33484;202100021585;163 050;B01;2;31;0;2;3;1;1;
33485;202100021586;163 047;B01;1;7;0;2;1;1;1;
33486;202100021586;163 048;AA01;2;7;0;2;5;15;1;
33487;202100021587;163 045;A01;3;33;0;2;1;1;1;
33488;202100021587;163 046;B01;3;7;0;2;3;10;1;
33489;202100021589;163 042;A01;2;10;1;0;2;1;1;
33490;202100021590;163 040;A01;1;10;0;9;3;15;1;
33491;202100021590;163 041;B01;2;1;0;2;1;1;5;
33492;202100021591;163 038;B01;2;7;0;2;6;13;1;
33493;202100021591;163 039;A01;2;33;0;2;1;13;1;
33494;202100021592;163 036;B01;3;7;0;9;3;1;2;
33495;202100021592;163 037;A01;3;50;0;2;3;5;3;
33496;202100021593;163 034;B01;0;7;0;2;1;1;1;
33497;202100021593;163 035;A01;0;7;0;2;1;13;1;
33498;202100021594;163 033;A01;0;7;1;0;1;1;1;
33499;202100021595;163 030;B01;1;7;0;2;4;23;1;
33500;202100021595;163 031;A01;1;1;0;2;1;2;5;
33501;202100021596;163 028;B01;3;1;0;2;1;1;0;
33502;202100021596;163 029;A01;3;7;0;9;2;15;1;
33503;202100021597;163 026;B01;3;7;0;2;6;1;1;
33504;202100021597;163 027;A01;3;7;1;2;2;13;1;
33505;202100021598;163 024;A01;1;7;0;2;1;2;1;
33506;202100021598;163 025;B01;1;7;0;2;4;2;1;
33507;202100021600;163 020;A01;0;7;0;2;8;15;1;
33508;202100021600;163 021;B01;1;50;0;2;1;1;3;
33509;202100021601;163 018;B01;2;7;4;2;1;17;1;
33510;202100021601;163 019;A01;1;7;0;2;1;5;1;
33511;202100021602;163 016;B01;2;7;0;2;5;2;1;