;Num_Acc;id_vehicule;num_veh;senc;catv;obs;obsm;choc;manv;motor;occutc
33512;202100021602;163 017;A01;2;2;1;2;1;2;1;
33513;202100021603;163 014;B01;2;33;0;2;1;17;1;
33514;202100021603;163 015;A01;2;7;0;2;6;15;1;
33515;202100021604;163 013;A01;2;7;0;1;1;1;1;
33516;202100021605;163 012;A01;1;7;1;0;9;1;1;
33517;202100021606;163 010;A01;2;7;0;2;5;15;1;
33518;202100021606;163 011;B01;1;33;0;2;1;2;1;
33519;202100021607;163 009;A01;3;7;0;1;4;26;3;
33520;202100021608;163 008;A01;1;43;0;0;0;1;1;
33521;202100021610;163 005;B01;2;1;0;2;4;1;5;
33522;202100021610;163 006;A01;2;7;0;2;1;2;1;
33523;202100021611;163 003;B01;2;17;0;2;1;17;1;
33524;202100021611;163 004;A01;2;7;0;2;4;9;1;
33525;202100021612;163 001;A01;2;10;0;2;1;15;1;
33526;202100021612;163 002;B01;1;1;0;2;7;1;5;
33527;202100021614;162 998;B01;1;7;0;2;4;2;1;
33528;202100021614;162 999;A01;1;10;0;2;1;2;1;
33529;202100021615;162 996;B01;3;7;0;2;3;1;1;
33530;202100021615;162 997;A01;3;7;0;2;1;13;1;
33531;202100021616;162 994;B01;1;33;0;2;1;2;1;
33532;202100021616;162 995;A01;1;7;0;2;3;15;1;
33533;202100021617;162 992;B01;1;7;0;2;1;1;1;
33534;202100021617;162 993;A01;1;50;0;2;7;19;3;
33535;202100021618;162 990;A01;3;7;0;2;1;1;1;
33536;202100021618;162 991;B01;3;7;0;2;7;1;1;
33537;202100021621;162 983;A01;2;7;0;2;2;16;1;
33538;202100021621;162 984;B01;2;50;0;2;1;1;3;
33539;202100021622;162 981;B01;2;1;0;2;8;15;5;
33540;202100021622;162 982;A01;2;7;0;2;2;17;1;
33541;202100021623;162 979;A01;2;32;0;2;1;15;1;
33542;202100021623;162 980;B01;1;7;0;2;3;1;1;
33543;202100021624;162 977;A01;1;7;6;1;1;19;3;
33544;202100021624;162 978;B01;1;7;0;0;6;2;1;
33545;202100021625;162 973;D01;1;7;0;2;4;2;1;
33546;202100021625;162 974;C01;1;7;0;2;4;2;1;
33547;202100021625;162 975;B01;1;7;0;2;4;2;1;
33548;202100021625;162 976;A01;1;10;0;2;1;2;1;
33549;202100021626;162 972;A01;0;7;-1;-1;-1;1;-1;
33550;202100021627;162 969;B01;1;7;0;2;4;2;1;
33551;202100021627;162 970;A01;1;7;0;2;1;2;1;
33552;202100021628;162 965;A01;1;10;0;2;1;2;1;
33553;202100021628;162 966;B01;1;7;3;2;4;2;1;
33554;202100021628;162 967;C01;1;7;0;2;4;2;1;
33555;202100021628;162 968;D01;1;7;0;2;4;0;1;
33556;202100021629;162 963;B01;1;33;0;2;1;1;1;
33557;202100021629;162 964;A01;1;7;0;2;1;9;1;
33558;202100021631;162 960;A01;1;7;1;0;1;0;1;
33559;202100021631;162 961;B01;1;7;12;0;6;0;1;
33560;202100021632;162 958;B01;2;32;0;0;1;2;1;
33561;202100021632;162 959;A01;2;7;0;0;3;10;1;
33562;202100021633;162 957;A01;0;32;0;1;1;1;1;
33563;202100021634;162 955;Z01;1;7;0;2;7;1;1;
33564;202100021634;162 956;B01;1;1;0;2;8;0;0;
33565;202100021635;162 953;A01;2;33;0;2;1;1;1;
33566;202100021635;162 954;B01;1;7;0;2;5;15;1;
33567;202100021636;162 951;A01;2;7;0;2;2;15;1;
33568;202100021636;162 952;B01;0;2;0;2;1;1;1;
33569;202100021637;162 949;B01;3;1;0;2;8;19;0;
33570;202100021637;162 950;A01;3;7;0;2;1;17;1;
33571;202100021638;162 948;A01;0;7;0;1;4;20;2;
33572;202100021639;162 947;A01;2;7;0;1;2;1;1;
33573;202100021641;162 945;A01;0;7;0;1;3;1;1;
33574;202100021643;162 941;A01;2;33;0;2;1;3;-1;
33575;202100021643;162 942;B01;2;7;12;2;3;15;1;
33576;202100021644;162 939;B01;2;7;0;2;5;2;1;
33577;202100021644;162 940;A01;2;31;0;2;3;2;1;
33578;202100021645;162 938;A01;1;7;0;1;1;1;1;
33579;202100021646;162 936;A01;1;7;0;2;3;1;1;
33580;202100021646;162 937;Z01;2;30;0;2;1;1;1;
33581;202100021647;162 935;A01;2;30;14;0;1;17;1;
33582;202100021648;162 933;A01;2;7;0;2;4;23;1;
33583;202100021648;162 934;B01;2;7;0;2;1;1;1;
33584;202100021649;162 932;A01;1;32;0;1;1;1;1;
33585;202100021650;162 930;B01;2;30;0;2;8;1;1;
33586;202100021650;162 931;A01;2;10;0;2;1;1;1;
33587;202100021651;162 929;A01;1;50;0;0;0;1;3;
33588;202100021653;162 925;A01;0;50;0;2;1;1;3;
33589;202100021653;162 926;B01;2;7;0;2;2;1;1;
33590;202100021654;162 923;Z01;2;7;0;2;1;14;0;
33591;202100021654;162 924;A01;2;31;0;2;4;16;1;
33592;202100021655;162 922;A01;2;50;0;1;7;25;3;
33593;202100021656;162 921;A01;2;7;0;1;3;15;1;
33594;202100021657;162 919;B01;2;32;0;2;2;1;1;
33595;202100021657;162 920;A01;2;10;0;2;3;10;1;
33596;202100021658;162 918;A01;0;30;0;0;1;1;1;
33597;202100021659;162 916;B01;2;7;0;2;4;2;1;
33598;202100021659;162 917;A01;2;7;0;2;0;0;1;
33599;202100021660;162 914;B01;1;33;0;2;1;1;1;
33600;202100021660;162 915;A01;1;10;0;2;2;15;1;
33601;202100021661;162 912;B01;1;32;0;2;4;23;1;
33602;202100021661;162 913;A01;1;7;0;2;1;2;1;
33603;202100021662;162 910;A01;0;7;0;2;1;26;1;
33604;202100021662;162 911;B01;0;7;0;2;4;26;1;
33605;202100021663;162 908;A01;0;99;0;2;3;9;1;
33606;202100021663;162 909;B01;0;2;0;2;1;26;1;
33607;202100021664;162 907;A01;2;50;15;0;1;25;3;
33608;202100021665;162 906;A01;1;7;0;1;1;15;1;
33609;202100021666;162 904;A01;2;7;0;2;1;21;1;
33610;202100021666;162 905;B01;3;7;0;2;8;9;1;
33611;202100021667;162 902;B01;2;7;0;2;1;15;1;
33612;202100021667;162 903;A01;1;7;2;2;6;1;1;
33613;202100021669;162 899;A01;1;7;1;2;3;13;1;
33614;202100021669;162 900;B01;2;37;0;2;3;1;2;1.0
33615;202100021671;162 895;A01;1;7;0;2;0;0;1;
33616;202100021671;162 896;B01;1;1;0;2;1;1;5;
33617;202100021672;162 894;A01;1;7;0;1;3;15;1;
33618;202100021673;162 892;A01;2;7;0;2;7;17;1;
33619;202100021673;162 893;B01;2;2;0;2;8;15;1;
33620;202100021674;162 890;B01;2;33;0;2;1;1;1;
33621;202100021674;162 891;A01;2;7;0;2;3;19;1;
33622;202100021675;162 888;A01;3;7;0;2;3;26;1;
33623;202100021675;162 889;B01;3;7;0;2;2;1;1;
33624;202100021677;162 886;A01;3;32;0;1;0;26;1;
33625;202100021679;162 883;A01;1;7;7;0;1;1;1;
33626;202100021680;162 881;B01;2;7;4;2;3;1;1;
33627;202100021680;162 882;A01;1;7;0;2;1;1;1;
33628;202100021681;162 879;A01;1;7;0;2;1;2;1;
33629;202100021681;162 880;B01;1;15;0;0;4;2;1;
33630;202100021682;162 877;A01;1;7;0;2;1;0;1;
33631;202100021682;162 878;B01;1;33;0;2;5;9;1;
33632;202100021683;162 875;B01;1;10;0;0;8;15;1;
33633;202100021683;162 876;A01;1;33;0;2;1;17;1;
33634;202100021684;162 872;A01;1;7;0;2;6;13;1;
33635;202100021684;162 873;B01;1;33;0;2;3;21;1;
33636;202100021684;162 874;C01;2;7;0;2;1;26;2;
33637;202100021685;162 871;A01;3;1;0;0;0;0;5;
33638;202100021686;162 870;A01;1;7;3;0;8;1;1;
33639;202100021687;162 869;A01;0;33;4;0;1;1;1;
33640;202100021688;162 868;A01;2;7;3;0;9;14;1;
33641;202100021689;162 866;B01;2;7;0;2;3;16;0;
33642;202100021689;162 867;A01;1;7;0;2;2;1;1;
33643;202100021690;162 864;B01;1;33;0;2;1;1;1;
33644;202100021690;162 865;A01;2;7;0;2;3;13;1;
33645;202100021691;162 862;A01;3;7;0;2;1;1;1;
33646;202100021691;162 863;B01;3;7;0;2;3;13;1;
33647;202100021692;162 861;A01;3;33;16;0;1;1;1;
33648;202100021693;162 859;B01;2;7;0;2;8;1;1;
33649;202100021693;162 860;A01;1;33;0;2;3;13;1;
33650;202100021694;162 857;A01;1;7;0;2;1;5;1;
33651;202100021694;162 858;B01;2;7;0;2;1;1;1;
33652;202100021695;162 855;B01;2;15;0;0;7;15;1;
33653;202100021695;162 856;A01;1;2;0;2;1;1;1;
33654;202100021696;162 854;A01;2;10;2;0;1;1;1;
33655;202100021697;162 853;A01;2;33;0;0;8;1;1;
33656;202100021698;162 851;B01;2;7;0;2;2;17;1;
33657;202100021698;162 852;A01;2;7;0;0;6;1;1;
33658;202100021699;162 850;A01;1;7;13;0;1;0;1;
33659;202100021700;162 848;B01;2;33;0;2;1;1;1;
33660;202100021700;162 849;A01;0;7;0;2;8;9;1;
33661;202100021701;162 847;A01;1;21;3;0;8;2;1;
33662;202100021703;162 845;A01;2;32;12;0;1;17;1;
33663;202100021704;162 843;A01;2;7;13;0;1;14;2;
33664;202100021706;162 840;B01;2;7;0;2;1;1;1;
33665;202100021706;162 841;A01;1;7;0;2;1;3;1;
33666;202100021707;162 838;B01;2;7;0;2;1;1;1;
33667;202100021707;162 839;A01;1;7;0;2;3;13;1;
33668;202100021708;162 836;A01;3;2;0;0;8;16;1;
33669;202100021708;162 837;B01;3;7;0;2;2;1;1;
33670;202100021709;162 834;A01;2;7;0;2;7;19;1;
33671;202100021709;162 835;B01;1;7;0;2;1;15;1;
33672;202100021710;162 832;B01;1;33;0;2;1;1;1;
33673;202100021710;162 833;A01;1;7;0;0;2;15;1;
33674;202100021711;162 831;A01;2;33;15;0;1;1;1;
33675;202100021712;162 830;A01;1;33;16;0;7;16;1;
33676;202100021713;162 825;E01;1;33;0;2;1;1;1;
33677;202100021713;162 826;A01;2;10;5;2;3;13;1;
33678;202100021713;162 827;B01;1;33;3;2;3;1;1;
33679;202100021713;162 828;C01;1;33;0;2;1;1;1;
33680;202100021713;162 829;D01;1;33;0;2;2;1;1;
33681;202100021714;162 823;B01;1;7;0;9;3;1;2;
33682;202100021714;162 824;A01;2;17;6;0;3;6;1;
33683;202100021715;162 822;A01;1;2;6;0;7;1;1;
33684;202100021716;162 820;A01;1;7;0;2;3;17;2;
33685;202100021716;162 821;B01;2;31;0;2;1;1;1;
33686;202100021717;162 818;B01;2;17;0;0;4;2;1;
33687;202100021717;162 819;A01;2;10;0;2;1;2;1;
33688;202100021718;162 817;A01;0;7;0;1;3;15;1;
33689;202100021719;162 815;B01;1;7;0;2;2;15;1;
33690;202100021719;162 816;A01;2;33;0;0;7;21;1;
33691;202100021720;162 813;B01;2;33;0;2;1;1;1;
33692;202100021720;162 814;A01;2;7;0;9;8;15;1;
33693;202100021721;162 812;A01;2;33;9;0;1;0;1;
33694;202100021722;162 811;A01;1;33;6;0;1;1;1;
33695;202100021723;162 810;A01;2;33;14;0;1;2;1;
33696;202100021724;162 808;B01;3;80;0;2;1;19;3;
33697;202100021724;162 809;A01;3;7;0;9;2;19;1;
33698;202100021725;162 805;C01;1;7;0;2;3;1;1;
33699;202100021725;162 806;B01;2;7;0;2;4;15;1;
33700;202100021725;162 807;A01;2;10;0;2;1;1;1;
33701;202100021726;162 803;A01;2;10;0;0;8;15;1;
33702;202100021726;162 804;B01;2;33;1;2;7;17;1;
33703;202100021727;162 801;A01;1;7;0;0;5;1;1;
33704;202100021727;162 802;B01;1;33;0;2;1;1;1;
33705;202100021728;162 799;A01;2;7;0;2;3;1;1;
33706;202100021728;162 800;B01;1;7;13;2;2;1;1;
33707;202100021729;162 796;A01;1;10;0;2;3;13;1;
33708;202100021729;162 797;C01;2;33;0;2;1;1;1;
33709;202100021729;162 798;B01;2;33;0;2;1;1;1;
33710;202100021730;162 795;A01;0;7;2;0;3;0;1;
33711;202100021732;162 791;B01;0;33;0;2;3;0;1;
33712;202100021732;162 792;A01;1;7;0;2;4;2;1;
33713;202100021733;162 789;A01;1;7;0;2;6;1;1;
33714;202100021733;162 790;B01;1;7;0;2;2;12;1;
33715;202100021734;162 788;A01;1;32;0;9;7;2;1;
33716;202100021735;162 785;C01;2;43;0;2;2;1;1;
33717;202100021735;162 786;A01;2;7;0;2;6;1;1;
33718;202100021735;162 787;B01;2;7;0;2;6;1;1;
33719;202100021736;162 782;Z01;1;10;0;2;1;2;1;
33720;202100021736;162 783;B01;1;7;0;2;4;2;1;
33721;202100021736;162 784;A01;1;7;0;2;3;26;1;
33722;202100021737;162 779;A01;2;7;3;2;1;2;1;
33723;202100021737;162 780;B01;2;7;3;2;4;1;1;
33724;202100021737;162 781;C01;2;17;0;2;8;1;1;
33725;202100021738;162 777;A01;2;14;0;2;3;13;1;
33726;202100021738;162 778;B01;2;7;0;2;2;1;1;
33727;202100021739;162 774;A01;1;14;0;2;3;2;1;
33728;202100021739;162 775;B01;1;7;0;2;1;2;1;
33729;202100021739;162 776;C01;1;15;1;2;4;2;1;
33730;202100021740;162 772;A01;2;33;0;2;1;3;1;
33731;202100021740;162 773;B01;2;7;0;2;4;1;1;
33732;202100021741;162 770;B01;2;7;0;2;5;1;1;
33733;202100021741;162 771;A01;2;33;0;2;5;3;1;
33734;202100021742;162 768;A01;2;7;0;2;1;1;1;
33735;202100021742;162 769;B01;2;7;0;2;4;2;1;
33736;202100021745;162 761;B01;1;7;0;2;8;1;1;
33737;202100021745;162 762;A01;1;31;0;2;1;3;1;
33738;202100021746;162 760;A01;2;7;0;0;1;12;1;
33739;202100021747;162 758;B01;1;7;0;2;4;0;1;
33740;202100021747;162 759;A01;1;7;0;2;1;0;1;
33741;202100021748;162 756;A01;1;31;0;2;1;3;1;
33742;202100021748;162 757;B01;1;7;0;2;5;1;1;
33743;202100021749;162 755;A01;2;33;0;1;0;1;1;
33744;202100021750;162 754;A01;2;7;0;1;1;1;1;
33745;202100021751;162 753;A01;1;7;0;1;1;1;1;
33746;202100021753;162 745;A01;1;30;0;2;1;1;1;
33747;202100021753;162 746;B01;1;7;0;2;5;1;0;
33748;202100021754;162 743;B01;1;7;0;2;4;2;1;
33749;202100021754;162 744;A01;1;7;0;0;1;2;1;
33750;202100021756;162 739;A01;2;1;0;2;1;1;5;
33751;202100021756;162 740;B01;2;7;1;0;4;23;1;
33752;202100021757;162 736;C01;1;7;0;2;1;1;1;
33753;202100021757;162 737;B01;1;7;0;2;1;2;1;
33754;202100021757;162 738;A01;1;10;0;2;1;2;1;
33755;202100021758;162 734;C01;1;17;0;0;8;1;0;
33756;202100021758;162 735;A01;1;7;0;0;3;13;1;
33757;202100021759;162 732;A01;2;3;0;2;1;2;1;
33758;202100021759;162 733;B01;2;7;0;2;4;1;1;
33759;202100021760;162 730;A01;2;7;0;2;1;13;1;
33760;202100021760;162 731;B01;1;7;0;2;1;1;1;
33761;202100021761;162 729;A01;1;7;0;1;1;1;1;
33762;202100021762;162 727;A01;1;30;0;2;1;2;1;
33763;202100021762;162 728;B01;3;7;16;0;2;2;1;
33764;202100021763;162 725;A01;2;7;0;2;1;1;1;
33765;202100021763;162 726;B01;2;7;0;9;4;1;1;
33766;202100021764;162 723;B01;2;33;0;2;1;3;1;
33767;202100021764;162 724;GA01;1;7;0;2;2;15;1;
33768;202100021765;162 721;A01;-1;7;0;2;3;16;1;
33769;202100021765;162 722;B01;2;7;0;2;3;26;1;
33770;202100021766;162 720;A01;1;7;0;1;3;1;1;
33771;202100021768;162 717;A01;2;7;9;0;8;1;1;
33772;202100021769;162 715;B01;1;10;0;2;8;15;1;
33773;202100021769;162 716;A01;1;2;0;2;7;17;1;
33774;202100021770;162 714;A01;1;7;0;1;1;1;1;
33775;202100021771;162 712;A01;1;30;0;2;1;1;1;
33776;202100021771;162 713;B01;3;7;0;2;3;1;1;
33777;202100021772;162 709;A01;2;7;0;9;2;15;1;
33778;202100021772;162 710;T01;2;7;0;2;0;23;1;
33779;202100021772;162 711;B01;1;1;0;2;1;1;5;
33780;202100021773;162 707;A01;2;13;0;2;1;17;1;
33781;202100021773;162 708;B01;2;50;0;2;4;15;3;
33782;202100021774;162 702;E01;2;7;0;2;4;1;1;
33783;202100021774;162 703;D01;2;7;0;2;4;2;1;
33784;202100021774;162 704;C01;2;7;0;2;4;2;1;
33785;202100021774;162 705;B01;2;7;0;2;4;2;1;
33786;202100021774;162 706;A01;2;10;0;2;1;2;1;
33787;202100021775;162 701;A01;2;7;6;0;2;14;1;
33788;202100021777;162 698;B01;2;7;0;2;8;15;1;
33789;202100021777;162 699;A01;2;7;0;2;1;5;1;
33790;202100021778;162 696;A01;1;7;0;2;7;1;1;
33791;202100021778;162 697;B01;1;60;0;2;8;1;5;
33792;202100021779;162 694;B01;0;7;0;2;3;1;1;
33793;202100021779;162 695;A01;0;7;1;2;1;1;1;
33794;202100021780;162 692;A01;2;7;0;2;7;9;1;
33795;202100021780;162 693;B01;2;17;0;2;3;9;1;
33796;202100021781;162 691;A01;2;33;0;0;7;1;1;
33797;202100021782;162 690;A01;1;50;0;0;1;26;3;
33798;202100021783;162 689;A01;1;10;0;1;1;19;1;
33799;202100021784;162 687;A01;2;7;0;2;4;23;1;
33800;202100021784;162 688;B01;2;7;0;2;1;2;0;
33801;202100021785;162 685;A01;3;7;0;2;6;19;1;
33802;202100021785;162 686;B01;1;10;0;2;1;1;1;
33803;202100021786;162 683;A01;3;7;0;2;7;9;1;
33804;202100021786;162 684;B01;3;31;0;2;1;1;1;
33805;202100021787;162 681;A01;2;7;0;2;1;1;1;
33806;202100021787;162 682;B01;2;7;0;2;4;1;1;
33807;202100021788;162 679;B01;2;10;1;0;2;1;1;
33808;202100021788;162 680;A01;2;7;0;2;8;22;1;
33809;202100021789;162 677;B01;0;7;0;2;4;1;0;
33810;202100021789;162 678;A01;0;31;0;2;1;1;1;
33811;202100021790;162 675;B01;1;31;0;2;1;17;1;
33812;202100021790;162 676;A01;2;7;0;2;8;15;1;
33813;202100021791;162 674;A01;1;33;6;0;0;26;0;
33814;202100021792;162 673;A01;0;7;4;0;1;1;1;
33815;202100021793;162 672;A01;3;7;0;1;4;26;1;
33816;202100021794;162 670;A01;3;7;0;2;1;1;1;
33817;202100021794;162 671;B01;3;10;0;2;8;1;1;
33818;202100021795;162 667;A01;3;7;0;2;2;2;1;
33819;202100021795;162 668;B01;3;7;0;2;6;2;1;
33820;202100021795;162 669;C01;3;7;0;2;4;2;1;
33821;202100021796;162 664;A01;1;10;0;2;1;2;1;
33822;202100021796;162 665;B01;1;10;0;2;1;2;1;
33823;202100021796;162 666;C01;1;10;0;2;1;2;1;
33824;202100021797;162 662;B01;1;60;0;2;1;19;5;
33825;202100021797;162 663;A01;1;7;0;2;3;1;1;
33826;202100021798;162 658;A01;1;7;0;2;1;12;2;
33827;202100021798;162 659;B01;1;7;0;2;4;1;1;
33828;202100021798;162 660;C01;1;7;0;2;4;1;1;
33829;202100021798;162 661;D01;1;7;0;2;4;1;1;
33830;202100021799;162 656;A01;2;7;0;2;4;2;1;
33831;202100021799;162 657;Z01;2;10;0;2;1;2;0;
33832;202100021800;162 653;C01;2;30;0;2;4;1;1;
33833;202100021800;162 654;B01;1;7;0;2;2;15;1;
33834;202100021800;162 655;A01;2;7;0;2;3;1;1;
33835;202100021801;162 651;B01;2;1;0;2;1;1;5;
33836;202100021801;162 652;A01;2;7;0;2;8;22;1;
33837;202100021802;162 649;A01;0;10;0;2;1;1;1;
33838;202100021802;162 650;B01;0;7;0;2;4;1;1;
33839;202100021803;162 648;A01;0;7;0;1;3;15;2;
33840;202100021804;162 646;B01;1;50;0;2;8;1;3;
33841;202100021804;162 647;A01;2;7;0;2;8;16;1;
33842;202100021805;162 644;B01;3;34;0;2;7;17;1;
33843;202100021805;162 645;A01;3;7;0;2;0;1;1;
33844;202100021806;162 643;A01;2;7;1;0;3;14;1;
33845;202100021807;162 641;Z01;1;50;0;2;1;13;3;
33846;202100021807;162 642;A01;2;50;0;2;1;1;3;
33847;202100021808;162 639;B01;1;7;0;2;5;1;1;
33848;202100021808;162 640;A01;1;7;0;2;3;13;1;
33849;202100021809;162 637;A01;1;7;0;2;8;5;1;
33850;202100021809;162 638;B01;1;7;0;2;1;1;1;
33851;202100021810;162 635;B01;2;7;0;2;3;1;1;
33852;202100021810;162 636;A01;1;50;0;2;2;1;3;
33853;202100021811;162 634;Z01;1;37;0;1;7;1;0;1.0
33854;202100021812;162 633;A01;1;7;1;1;2;17;1;
33855;202100021813;162 631;B01;0;32;0;2;7;26;1;
33856;202100021813;162 632;A01;0;7;14;2;7;5;1;
33857;202100021814;162 630;A01;3;1;8;0;1;1;0;
33858;202100021816;162 627;A01;2;33;1;0;1;1;1;
33859;202100021817;162 626;A01;1;7;12;0;1;16;1;
33860;202100021818;162 624;A01;0;7;0;2;1;9;1;
33861;202100021818;162 625;B01;0;7;0;2;3;19;1;
33862;202100021820;162 621;B01;1;7;0;0;8;15;1;
33863;202100021820;162 622;A01;1;50;0;2;1;1;3;
33864;202100021821;162 619;A01;2;7;1;0;2;9;1;
33865;202100021821;162 620;B01;1;31;0;2;7;1;1;
33866;202100021822;162 617;B01;1;33;1;0;7;2;1;
33867;202100021822;162 618;A01;1;7;16;0;3;26;1;
33868;202100021823;162 616;Y01;1;1;0;0;1;1;5;
33869;202100021824;162 614;B01;2;7;0;2;5;15;1;
33870;202100021824;162 615;A01;1;34;0;2;1;1;1;
33871;202100021825;162 613;A01;3;30;0;0;8;26;1;
33872;202100021826;162 612;A01;1;7;0;1;1;1;1;
33873;202100021828;162 608;Z01;2;7;9;2;0;11;1;
33874;202100021828;162 609;B01;1;2;0;2;0;21;1;
33875;202100021829;162 607;A01;2;80;0;0;3;0;3;
33876;202100021830;162 605;B01;2;7;0;2;2;17;1;
33877;202100021830;162 606;A01;2;7;16;2;6;1;1;
33878;202100021831;162 604;A01;3;7;13;0;1;1;1;
33879;202100021832;162 603;A01;1;7;4;0;1;0;1;
33880;202100021833;162 601;B01;2;7;0;2;7;17;1;
33881;202100021833;162 602;A01;2;7;0;2;8;13;1;
33882;202100021834;162 599;A01;1;2;0;2;1;18;1;
33883;202100021834;162 600;B01;1;7;0;2;2;16;1;
33884;202100021835;162 597;B01;2;2;0;2;1;1;1;
33885;202100021835;162 598;A01;2;7;0;0;3;15;1;
33886;202100021836;162 595;A01;2;7;0;2;8;15;1;
33887;202100021836;162 596;B01;1;30;0;2;8;0;1;
33888;202100021837;162 593;B01;0;33;0;2;1;1;1;
33889;202100021837;162 594;A01;0;7;0;2;2;19;2;
33890;202100021838;162 591;B01;2;7;3;2;1;2;1;
33891;202100021838;162 592;A01;2;7;3;0;4;12;1;
33892;202100021839;162 590;A01;1;2;0;6;2;2;1;
33893;202100021840;162 589;A01;2;7;13;0;2;0;1;
33894;202100021841;162 587;B01;0;7;0;2;2;19;1;
33895;202100021841;162 588;A01;2;33;0;2;1;1;1;
33896;202100021842;162 586;A01;1;7;8;0;6;1;1;
33897;202100021843;162 584;A01;2;10;0;2;2;15;1;
33898;202100021843;162 585;B01;1;99;0;0;8;1;5;
33899;202100021844;162 583;A01;1;7;13;0;2;14;1;
33900;202100021845;162 581;A01;1;7;0;2;1;13;1;
33901;202100021845;162 582;B01;2;7;0;2;1;1;1;
33902;202100021846;162 579;A01;1;33;0;2;2;17;1;
33903;202100021846;162 580;B01;1;7;0;0;3;15;1;
33904;202100021847;162 578;A01;3;33;0;0;2;1;1;
33905;202100021848;162 576;B01;3;7;0;2;3;1;1;
33906;202100021848;162 577;A01;3;33;0;2;3;1;1;
33907;202100021849;162 574;B01;0;7;0;2;1;1;1;
33908;202100021849;162 575;A01;0;7;0;2;7;15;1;
33909;202100021850;162 573;A01;2;7;2;0;8;13;1;
33910;202100021851;162 571;B01;1;33;0;2;6;15;1;
33911;202100021851;162 572;A01;1;7;0;2;2;2;1;
33912;202100021852;162 570;A01;2;33;13;0;0;1;1;
33913;202100021853;162 568;B01;1;33;0;2;1;1;1;
33914;202100021853;162 569;A01;2;7;0;2;1;15;1;
33915;202100021854;162 567;A01;2;7;13;0;1;13;1;
33916;202100021855;162 566;A01;1;7;13;0;1;1;1;
33917;202100021856;162 565;A01;3;10;0;1;5;0;0;
33918;202100021857;162 564;A01;1;33;9;0;9;2;1;
33919;202100021859;162 560;B01;1;7;0;2;1;1;1;
33920;202100021859;162 561;A01;2;7;0;2;7;13;1;
33921;202100021860;162 559;A01;2;33;0;0;0;1;1;
33922;202100021861;162 557;A01;2;7;3;2;3;5;2;
33923;202100021861;162 558;B01;1;15;0;2;3;21;1;
33924;202100021862;162 556;A01;3;7;0;1;4;20;1;
33925;202100021863;162 554;A01;3;36;0;2;3;1;1;
33926;202100021863;162 555;B01;3;21;0;2;1;1;1;
33927;202100021864;162 552;B01;2;10;0;0;4;11;1;
33928;202100021864;162 553;A01;2;33;0;2;1;2;1;
33929;202100021865;162 551;A01;1;7;15;0;1;0;1;
33930;202100021866;162 549;B01;1;7;0;2;2;17;1;
33931;202100021866;162 550;A01;1;1;0;2;1;15;5;
33932;202100021867;162 546;A01;3;7;0;2;8;9;1;
33933;202100021867;162 547;B01;2;33;0;2;1;1;1;
33934;202100021869;162 542;A01;0;7;0;2;1;19;1;
33935;202100021869;162 543;B01;2;7;0;2;8;1;1;
33936;202100021870;162 540;A01;2;7;0;2;3;9;1;
33937;202100021870;162 541;B01;2;33;0;2;5;1;1;
33938;202100021871;162 539;A01;1;7;6;0;1;1;2;
33939;202100021872;162 538;A01;2;7;0;0;1;1;1;
33940;202100021873;162 533;B01;2;7;0;0;6;15;1;
33941;202100021873;162 534;C01;1;7;0;0;2;1;1;
33942;202100021873;162 535;A01;2;33;0;2;1;13;1;
33943;202100021874;162 531;A01;1;7;0;2;3;13;1;
33944;202100021874;162 532;B01;2;7;0;2;3;1;1;
33945;202100021875;162 530;A01;2;7;13;0;2;2;1;
33946;202100021877;162 526;A01;3;7;0;0;1;15;1;
33947;202100021877;162 527;B01;3;33;0;2;1;1;1;
33948;202100021879;162 523;A01;2;7;13;0;1;1;1;
33949;202100021880;162 522;A01;2;7;0;1;2;1;1;
33950;202100021881;162 521;A01;1;7;0;1;2;1;1;
33951;202100021882;162 519;B01;1;32;0;2;1;26;1;
33952;202100021882;162 520;A01;1;7;0;2;7;15;2;
33953;202100021883;162 518;A01;2;2;12;0;8;11;1;
33954;202100021884;162 517;A01;2;7;13;0;1;19;1;
33955;202100021885;162 516;A01;2;33;0;5;1;1;1;
33956;202100021886;162 513;B01;1;7;0;2;7;15;1;
33957;202100021886;162 514;A01;2;7;0;2;1;10;2;
33958;202100021887;162 510;B01;1;7;0;2;1;0;1;
33959;202100021887;162 511;A01;1;33;0;2;7;2;1;
33960;202100021888;162 508;B01;1;7;0;2;3;1;1;
33961;202100021888;162 509;A01;2;7;0;2;3;0;1;
33962;202100021889;162 506;A01;2;80;0;2;1;13;3;
33963;202100021889;162 507;B01;1;99;0;9;6;1;3;
33964;202100021890;162 505;A01;1;31;12;0;7;1;1;
33965;202100021891;162 503;B01;1;7;0;2;8;1;1;
33966;202100021891;162 504;A01;2;7;3;2;0;14;1;
33967;202100021892;162 500;A01;1;7;0;2;4;2;1;
33968;202100021892;162 501;B01;1;7;0;2;4;2;1;
33969;202100021892;162 502;C01;1;7;0;2;1;2;1;
33970;202100021893;162 497;A01;2;7;0;-1;4;0;1;
33971;202100021893;162 498;C01;2;7;0;2;4;0;1;
33972;202100021893;162 499;B01;2;10;0;2;4;0;1;