;Num_Acc;id_vehicule;num_veh;senc;catv;obs;obsm;choc;manv;motor;occutc
33973;202100021894;162 496;A01;1;7;2;0;9;14;1;
33974;202100021896;162 492;A01;2;15;0;2;1;2;1;
33975;202100021896;162 493;B01;2;15;0;2;4;2;1;
33976;202100021897;162 489;C01;2;7;0;2;4;2;1;
33977;202100021897;162 490;B01;2;7;0;2;4;2;1;
33978;202100021897;162 491;A01;2;7;0;2;1;2;1;
33979;202100021898;162 486;A01;2;7;0;2;1;5;1;
33980;202100021898;162 487;B01;1;7;0;2;2;1;1;
33981;202100021898;162 488;C01;1;7;0;2;0;1;1;
33982;202100021899;162 485;A01;2;7;0;1;1;1;1;
33983;202100021900;162 483;B01;2;33;0;2;1;21;1;
33984;202100021900;162 484;A01;2;7;0;2;6;1;1;
33985;202100021901;162 481;B01;2;7;0;2;4;0;0;
33986;202100021901;162 482;A01;2;7;0;2;2;2;1;
33987;202100021902;162 478;A01;2;7;0;2;1;1;1;
33988;202100021902;162 479;B01;2;43;0;2;4;3;1;
33989;202100021902;162 480;C01;2;7;0;2;3;1;1;
33990;202100021903;162 476;A01;2;33;0;2;1;3;1;
33991;202100021903;162 477;B01;2;7;0;2;4;2;1;
33992;202100021905;162 472;B01;1;7;0;2;4;2;2;
33993;202100021905;162 473;A01;1;7;0;2;1;2;1;
33994;202100021906;162 471;A01;1;7;13;0;9;0;1;
33995;202100021907;162 469;A01;1;7;0;2;2;12;1;
33996;202100021907;162 470;B01;2;7;0;2;8;1;1;
33997;202100021908;162 468;A01;2;7;16;2;1;3;1;
33998;202100021909;162 466;B01;2;1;0;2;0;1;5;
33999;202100021909;162 467;A01;2;15;0;2;7;17;1;
34000;202100021910;162 465;A01;1;31;1;0;1;26;0;
34001;202100021911;162 463;B01;3;34;1;2;7;1;1;
34002;202100021911;162 464;A01;3;7;1;2;2;15;1;
34003;202100021912;162 461;B01;1;7;0;2;2;1;1;
34004;202100021912;162 462;A01;2;30;0;2;1;5;1;
34005;202100021913;162 459;A01;1;7;0;2;2;12;1;
34006;202100021913;162 460;B01;1;7;0;2;9;1;1;
34007;202100021915;162 456;B01;2;30;0;2;1;3;1;
34008;202100021915;162 457;A01;2;7;0;2;6;1;1;
34009;202100021916;162 455;A01;3;7;6;0;1;26;1;
34010;202100021917;162 454;A01;2;7;0;1;1;26;1;
34011;202100021918;162 447;B01;2;7;0;2;1;1;1;
34012;202100021918;162 448;A01;3;7;0;2;3;15;1;
34013;202100021919;162 445;B01;2;2;0;2;8;2;1;
34014;202100021919;162 446;A01;2;10;0;2;3;5;1;
34015;202100021920;162 443;B01;3;50;0;2;1;1;3;
34016;202100021920;162 444;A01;3;37;0;2;3;15;1;1.0
34017;202100021921;162 441;A01;1;10;0;2;1;17;1;
34018;202100021921;162 442;B01;1;1;0;2;4;1;5;
34019;202100021923;162 438;A01;2;7;0;2;1;11;1;
34020;202100021923;162 439;B01;1;1;0;2;1;15;5;
34021;202100021924;162 436;A01;1;7;0;2;3;15;2;
34022;202100021924;162 437;B01;2;7;0;2;3;19;1;
34023;202100021925;162 434;B01;3;1;0;2;1;0;5;
34024;202100021925;162 435;A01;3;7;0;2;1;15;1;
34025;202100021926;162 432;A01;2;30;0;9;1;1;1;
34026;202100021926;162 433;B01;1;1;0;2;1;14;5;
34027;202100021927;162 430;B01;3;32;0;2;1;1;1;
34028;202100021927;162 431;A01;3;7;0;2;8;15;1;
34029;202100021928;162 427;A01;3;7;0;2;1;2;1;
34030;202100021928;162 428;B01;3;7;0;2;1;2;1;
34031;202100021928;162 429;C01;3;7;0;2;5;1;1;
34032;202100021930;162 424;A01;2;2;0;0;8;1;1;
34033;202100021931;162 423;A01;1;7;1;0;1;2;1;
34034;202100021933;162 421;A01;1;7;13;0;2;1;1;
34035;202100021934;162 420;A01;3;7;2;0;1;1;1;
34036;202100021935;162 416;B01;1;1;0;2;1;1;5;
34037;202100021935;162 417;A01;1;7;0;2;8;1;1;
34038;202100021936;162 415;A01;1;7;13;0;0;0;1;
34039;202100021937;162 413;A01;1;7;0;2;3;13;1;
34040;202100021937;162 414;B01;2;7;0;2;6;1;1;
34041;202100021939;162 410;A01;1;31;0;2;8;9;6;
34042;202100021939;162 411;B01;1;7;0;2;7;0;6;
34043;202100021940;162 408;A01;1;7;0;2;1;13;1;
34044;202100021940;162 409;B01;2;7;0;2;1;1;1;
34045;202100021941;162 406;B01;2;2;0;2;7;0;1;
34046;202100021941;162 407;A01;2;7;0;2;8;9;1;
34047;202100021942;162 404;B01;2;7;0;2;2;1;1;
34048;202100021942;162 405;A01;2;7;0;2;8;10;1;
34049;202100021943;162 402;A01;3;7;0;2;1;15;1;
34050;202100021943;162 403;B01;3;31;0;2;0;0;1;
34051;202100021944;162 400;B01;3;7;0;0;3;0;1;
34052;202100021944;162 401;A01;3;7;0;0;3;11;1;
34053;202100021945;162 397;C01;1;7;0;2;4;2;2;
34054;202100021945;162 398;B01;1;7;0;2;4;2;1;
34055;202100021945;162 399;A01;1;7;4;2;1;13;6;
34056;202100021947;162 394;A01;1;30;11;0;6;13;1;
34057;202100021948;162 393;A01;2;32;1;1;1;5;1;
34058;202100021949;162 391;B01;2;43;0;2;7;1;1;
34059;202100021949;162 392;A01;2;30;0;2;2;1;1;
34060;202100021950;162 389;A01;1;30;0;2;1;13;3;
34061;202100021950;162 390;B01;2;7;0;2;1;1;1;
34062;202100021951;162 388;A01;2;32;0;1;1;1;1;
34063;202100021952;162 387;A01;2;50;0;1;1;1;3;
34064;202100021953;162 386;A01;2;7;0;1;5;20;1;
34065;202100021954;162 384;A01;2;30;0;2;4;11;3;
34066;202100021954;162 385;Z01;2;7;0;2;2;1;0;
34067;202100021955;162 383;A01;1;50;14;0;3;11;3;
34068;202100021956;162 382;A01;1;30;8;0;1;9;1;
34069;202100021957;162 380;A01;1;7;0;2;1;2;1;
34070;202100021957;162 381;B01;1;7;0;2;4;1;1;
34071;202100021958;162 378;B01;1;7;15;2;3;16;1;
34072;202100021958;162 379;A01;1;7;0;2;2;2;1;
34073;202100021959;162 376;B01;1;32;0;2;4;1;1;
34074;202100021959;162 377;A01;1;7;0;2;1;13;1;
34075;202100021960;162 375;A01;3;10;0;1;4;26;1;
34076;202100021961;162 373;A01;1;7;0;2;2;15;1;
34077;202100021961;162 374;B01;1;2;0;2;3;1;1;
34078;202100021962;162 371;B01;3;7;4;0;4;11;1;
34079;202100021962;162 372;A01;0;7;4;2;1;13;1;
34080;202100021963;162 370;A01;1;7;1;0;3;13;2;
34081;202100021965;162 366;B01;1;7;0;2;3;1;1;
34082;202100021965;162 367;A01;2;7;0;2;3;13;1;
34083;202100021966;162 365;A01;2;7;2;0;9;14;1;
34084;202100021967;162 363;A01;1;33;0;2;8;1;1;
34085;202100021967;162 364;B01;1;10;0;2;4;17;1;
34086;202100021968;162 362;A01;3;7;13;0;9;14;1;
34087;202100021969;162 360;B01;1;10;0;2;1;1;1;
34088;202100021969;162 361;A01;2;7;0;2;3;5;1;
34089;202100021970;162 358;B01;2;1;0;2;1;1;5;
34090;202100021970;162 359;A01;2;7;0;9;8;15;1;
34091;202100021971;162 356;A01;2;2;0;2;3;15;1;
34092;202100021971;162 357;B01;2;7;0;2;2;17;1;
34093;202100021972;162 353;C01;1;7;0;9;1;1;1;
34094;202100021972;162 354;B01;2;7;0;2;3;2;1;
34095;202100021972;162 355;A01;2;7;0;2;7;19;1;
34096;202100021973;162 351;B01;2;7;0;2;3;1;1;
34097;202100021973;162 352;A01;1;33;0;2;3;14;1;
34098;202100021974;162 349;A01;2;7;0;2;2;15;1;
34099;202100021974;162 350;B01;1;2;0;2;1;1;1;
34100;202100021976;162 347;A01;1;10;2;0;1;6;1;
34101;202100021977;162 346;A01;1;7;13;0;2;0;1;
34102;202100021978;162 345;A01;1;33;12;0;3;15;1;
34103;202100021979;162 344;A01;1;36;0;0;0;1;1;
34104;202100021980;162 343;A01;0;1;0;0;0;1;5;
34105;202100021981;162 341;A01;0;2;0;2;1;5;1;
34106;202100021981;162 342;B01;0;7;0;2;3;1;1;
34107;202100021982;162 338;B01;1;33;0;2;1;17;1;
34108;202100021982;162 339;C01;1;33;0;2;1;17;1;
34109;202100021982;162 340;A01;1;7;0;2;3;19;2;
34110;202100021983;162 336;A01;1;7;0;2;2;1;1;
34111;202100021983;162 337;B01;1;30;0;0;4;2;1;
34112;202100021984;162 334;C01;2;99;0;2;8;1;1;
34113;202100021984;162 335;A01;1;7;0;2;8;13;1;
34114;202100021985;162 333;A01;2;33;13;0;0;1;1;
34115;202100021986;162 331;A01;1;3;0;9;1;9;1;
34116;202100021986;162 332;B01;1;80;0;2;7;1;3;
34117;202100021987;162 330;A01;3;7;16;0;0;14;1;
34118;202100021988;162 329;A01;2;7;0;1;1;0;1;
34119;202100021989;162 328;A01;1;31;13;0;0;21;1;
34120;202100021990;162 327;A01;1;3;13;0;9;0;1;
34121;202100021992;162 325;A01;3;2;2;0;0;1;1;
34122;202100021993;162 322;A01;2;7;16;0;1;1;1;
34123;202100021995;162 318;B01;2;15;0;2;2;1;1;
34124;202100021995;162 319;A01;1;7;0;2;2;13;1;
34125;202100021996;162 317;A01;2;33;0;0;2;1;1;
34126;202100021997;162 316;A01;1;1;0;0;0;0;5;
34127;202100021998;162 314;A01;3;7;0;9;2;11;1;
34128;202100021998;162 315;B01;0;80;0;2;7;19;3;
34129;202100021999;162 312;A01;1;7;0;2;1;1;1;
34130;202100021999;162 313;B01;1;10;0;0;4;26;1;
34131;202100022000;162 310;A01;0;7;0;2;3;15;1;
34132;202100022000;162 311;B01;0;15;0;2;3;1;1;
34133;202100022001;162 308;A01;1;7;0;2;7;15;1;
34134;202100022001;162 309;B01;2;33;0;2;1;1;1;
34135;202100022002;162 306;B01;2;1;0;0;4;1;5;
34136;202100022002;162 307;A01;2;0;0;9;2;0;0;
34137;202100022003;162 304;B01;3;2;0;2;1;0;1;
34138;202100022003;162 305;A01;3;7;0;2;3;0;1;
34139;202100022004;162 303;A01;1;2;0;0;0;0;1;
34140;202100022005;162 301;B01;1;33;0;2;1;1;1;
34141;202100022005;162 302;A01;2;7;0;0;5;15;1;
34142;202100022006;162 299;B01;1;7;0;2;3;1;1;
34143;202100022006;162 300;A01;2;7;0;2;3;17;1;
34144;202100022007;162 296;A01;1;7;0;2;8;19;1;
34145;202100022007;162 297;C01;2;10;0;2;3;1;1;
34146;202100022007;162 298;B01;1;7;0;2;1;1;1;
34147;202100022008;162 295;A01;2;15;7;0;7;14;1;
34148;202100022009;162 294;A01;1;7;4;0;3;13;1;
34149;202100022010;162 293;A01;2;33;6;0;1;13;1;
34150;202100022011;162 291;B01;3;1;0;2;1;1;5;
34151;202100022011;162 292;A01;3;7;0;2;1;15;1;
34152;202100022014;162 281;A01;2;33;0;2;1;17;1;
34153;202100022014;162 282;B01;1;7;0;2;6;15;1;
34154;202100022015;162 279;A01;2;7;0;9;2;13;1;
34155;202100022015;162 280;B01;1;1;0;2;1;14;5;
34156;202100022016;162 278;A01;1;33;4;0;2;1;1;
34157;202100022017;162 276;B01;2;33;0;2;1;21;1;
34158;202100022017;162 277;A01;1;10;0;0;5;15;1;
34159;202100022018;162 274;B01;1;7;0;0;4;1;1;
34160;202100022018;162 275;A01;1;7;0;2;1;1;1;
34161;202100022019;162 272;B01;1;2;0;2;4;1;1;
34162;202100022019;162 273;A01;2;7;0;2;4;11;1;
34163;202100022021;162 269;A01;2;7;0;0;1;0;1;
34164;202100022022;162 267;A01;1;31;0;2;1;17;1;
34165;202100022022;162 268;B01;2;7;0;2;3;1;1;
34166;202100022024;162 261;A01;1;7;0;2;1;1;1;
34167;202100022024;162 262;B01;1;7;6;2;2;15;1;
34168;202100022025;162 259;B01;1;1;0;2;4;1;5;
34169;202100022025;162 260;A01;1;7;0;2;1;2;3;
34170;202100022026;162 258;A01;2;7;13;0;2;1;1;
34171;202100022027;162 257;A01;1;33;0;0;0;21;1;
34172;202100022028;162 256;A01;1;33;7;0;2;17;1;
34173;202100022029;162 254;B01;1;7;0;2;3;21;1;
34174;202100022029;162 255;A01;2;7;0;2;3;13;1;
34175;202100022030;162 252;B01;1;7;0;2;1;2;1;
34176;202100022030;162 253;A01;1;7;0;0;4;2;1;
34177;202100022031;162 250;A01;2;7;0;2;1;2;1;
34178;202100022031;162 251;B01;2;7;0;0;4;2;1;
34179;202100022032;162 249;A01;1;7;3;0;2;0;1;
34180;202100022033;162 247;A01;2;7;0;2;8;11;1;
34181;202100022033;162 248;B01;2;33;0;2;7;3;1;
34182;202100022034;162 245;A01;1;10;4;2;3;1;1;
34183;202100022034;162 246;B01;1;7;0;2;8;0;1;
34184;202100022035;162 243;A01;1;7;0;2;4;1;1;
34185;202100022035;162 244;B01;1;7;0;2;1;1;1;
34186;202100022036;162 240;B01;2;7;0;2;8;1;1;
34187;202100022036;162 241;C01;2;7;0;2;4;1;1;
34188;202100022036;162 242;A01;2;7;0;2;1;1;1;
34189;202100022037;162 238;A01;2;7;4;2;1;2;1;
34190;202100022037;162 239;B01;2;7;4;2;4;2;2;
34191;202100022038;162 236;A01;2;7;3;2;1;2;1;
34192;202100022038;162 237;B01;2;7;3;2;6;11;1;
34193;202100022039;162 234;A01;1;7;0;2;1;2;1;
34194;202100022039;162 235;B01;1;7;0;2;4;2;1;
34195;202100022041;162 231;A01;1;7;3;0;3;13;1;
34196;202100022042;162 230;B01;2;7;0;1;1;1;1;
34197;202100022043;162 228;B01;2;7;0;2;4;0;1;
34198;202100022043;162 229;A01;2;7;0;2;2;14;1;
34199;202100022044;162 226;A01;1;7;0;2;2;13;1;
34200;202100022044;162 227;B01;2;7;0;2;6;1;1;
34201;202100022045;162 224;A01;1;7;6;2;3;14;1;
34202;202100022045;162 225;B01;1;7;6;2;6;1;1;
34203;202100022046;162 221;B01;2;7;0;2;2;1;1;
34204;202100022046;162 222;C01;2;7;0;2;1;1;1;
34205;202100022046;162 223;A01;2;7;4;2;6;11;1;
34206;202100022048;162 218;A01;1;7;0;1;3;10;1;
34207;202100022049;162 217;A01;2;7;0;1;1;1;1;
34208;202100022050;162 215;B01;1;32;0;2;0;0;1;
34209;202100022050;162 216;A01;2;10;0;2;5;15;1;
34210;202100022051;162 213;B01;3;30;0;2;1;26;1;
34211;202100022051;162 214;A01;2;7;0;2;3;9;1;
34212;202100022054;162 208;B01;3;30;0;2;1;1;1;
34213;202100022054;162 209;A01;3;30;0;2;1;13;1;
34214;202100022055;162 206;A01;3;7;0;2;1;0;1;
34215;202100022055;162 207;B01;2;7;0;2;2;0;1;
34216;202100022056;162 204;A01;1;10;0;2;1;21;1;
34217;202100022056;162 205;B01;1;7;0;2;4;26;1;
34218;202100022057;162 201;C01;1;14;0;2;6;1;1;
34219;202100022057;162 202;B01;1;10;0;2;3;1;1;
34220;202100022057;162 203;A01;1;7;0;2;1;14;1;
34221;202100022058;162 199;B01;2;2;0;2;1;1;1;
34222;202100022058;162 200;A01;1;7;0;2;1;15;1;
34223;202100022059;162 197;A01;1;7;0;2;2;15;1;
34224;202100022059;162 198;VB01;2;32;0;2;7;0;1;
34225;202100022060;162 195;B01;2;33;0;2;3;1;1;
34226;202100022060;162 196;A01;2;7;0;2;1;15;1;
34227;202100022061;162 193;B01;1;7;1;0;0;0;1;
34228;202100022061;162 194;A01;1;7;1;0;3;0;1;
34229;202100022062;162 191;B01;3;43;0;2;5;2;1;
34230;202100022062;162 192;A01;3;7;0;2;3;4;1;
34231;202100022063;162 189;A01;3;7;1;2;3;15;1;
34232;202100022063;162 190;B01;3;2;0;2;1;1;1;
34233;202100022064;162 188;A01;2;7;0;1;3;1;1;
34234;202100022066;162 185;A01;2;7;0;2;1;5;1;
34235;202100022066;162 186;B01;2;7;0;2;1;1;1;
34236;202100022067;162 183;B01;2;7;0;2;1;26;2;
34237;202100022067;162 184;A01;2;2;0;2;1;16;1;
34238;202100022068;162 181;A01;3;7;0;2;3;13;1;
34239;202100022068;162 182;B01;3;7;0;2;3;1;1;
34240;202100022069;162 179;B01;3;33;0;2;0;1;1;
34241;202100022069;162 180;A01;3;7;0;9;1;15;1;
34242;202100022070;162 177;B01;1;7;0;2;3;15;1;
34243;202100022070;162 178;A01;2;30;0;2;2;17;1;
34244;202100022071;162 175;A01;3;7;0;9;3;1;1;
34245;202100022071;162 176;B01;3;1;0;2;2;19;0;
34246;202100022072;162 174;A01;3;7;0;1;3;1;1;
34247;202100022073;162 172;A01;2;7;0;2;2;1;1;
34248;202100022073;162 173;B01;1;7;0;2;3;26;1;
34249;202100022074;162 171;A01;1;7;0;1;1;1;1;
34250;202100022075;162 169;B01;3;7;0;2;4;2;1;
34251;202100022075;162 170;A01;3;7;0;2;1;2;1;
34252;202100022076;162 165;A01;1;7;0;2;1;2;1;
34253;202100022076;162 166;B01;1;7;0;2;1;2;1;
34254;202100022076;162 167;C01;1;7;0;2;4;2;1;
34255;202100022076;162 168;D01;1;7;0;2;4;0;1;
34256;202100022077;162 163;B01;1;1;0;2;7;1;0;
34257;202100022077;162 164;A01;3;7;0;2;3;9;1;
34258;202100022078;162 161;B01;3;7;0;2;4;23;1;
34259;202100022078;162 162;A01;3;7;0;2;1;1;1;
34260;202100022079;162 159;B01;1;7;0;2;4;1;1;
34261;202100022079;162 160;A01;1;7;0;2;2;17;1;
34262;202100022080;162 157;A01;2;7;0;2;2;1;1;
34263;202100022080;162 158;B01;1;32;0;2;1;1;1;
34264;202100022081;162 154;A01;1;7;0;2;3;13;1;
34265;202100022081;162 155;B01;1;99;0;2;8;19;3;
34266;202100022081;162 156;C01;1;7;0;0;0;0;1;
34267;202100022082;162 152;A01;3;7;0;2;1;1;1;
34268;202100022082;162 153;B01;3;32;0;2;2;1;1;
34269;202100022083;162 150;A01;1;31;0;2;1;1;1;
34270;202100022083;162 151;B01;2;7;0;2;3;1;1;
34271;202100022084;162 148;A01;1;7;0;2;1;1;1;
34272;202100022084;162 149;B01;1;7;0;2;4;20;1;
34273;202100022085;162 147;A01;1;7;0;1;1;15;1;
34274;202100022086;162 146;A01;0;99;0;2;8;26;0;
34275;202100022087;162 144;B01;1;1;1;2;1;1;5;
34276;202100022087;162 145;A01;2;7;0;2;8;20;1;
34277;202100022089;162 141;A01;1;10;0;2;7;15;1;
34278;202100022089;162 142;B01;3;2;0;2;1;12;1;
34279;202100022090;162 140;A01;2;33;9;0;2;14;1;
34280;202100022091;162 138;B01;3;7;0;2;3;1;1;
34281;202100022091;162 139;A01;3;7;0;2;3;1;1;
34282;202100022092;162 134;D01;3;7;0;0;4;0;1;
34283;202100022092;162 135;C01;0;7;0;2;4;0;1;
34284;202100022092;162 136;B01;1;7;0;2;4;0;1;
34285;202100022092;162 137;A01;1;10;0;2;1;0;1;
34286;202100022093;162 132;A01;3;7;0;2;3;16;1;
34287;202100022093;162 133;B01;0;1;0;0;0;0;0;
34288;202100022094;162 130;A01;2;30;0;2;1;17;1;
34289;202100022094;162 131;B01;2;7;0;2;3;1;1;
34290;202100022095;162 129;A01;0;7;0;1;2;0;3;
34291;202100022096;162 127;A01;1;34;0;0;1;5;1;
34292;202100022096;162 128;B01;1;7;0;0;7;1;1;
34293;202100022097;162 126;A01;1;7;8;0;1;13;1;
34294;202100022098;162 125;A01;3;7;0;1;3;1;1;
34295;202100022099;162 122;A01;2;7;0;2;1;1;1;
34296;202100022099;162 123;B01;2;7;0;2;4;23;1;
34297;202100022099;162 124;C01;2;7;0;2;4;23;1;
34298;202100022100;162 120;B01;1;10;0;2;1;1;1;
34299;202100022100;162 121;A01;1;7;14;0;4;2;1;
34300;202100022101;162 118;B01;3;33;0;2;1;1;1;
34301;202100022101;162 119;A01;3;7;0;9;3;15;1;
34302;202100022102;162 116;A01;1;7;0;2;3;9;1;
34303;202100022102;162 117;B01;1;32;0;2;1;17;1;
34304;202100022103;162 115;A01;2;32;3;0;1;14;1;
34305;202100022104;162 113;B01;1;7;0;2;6;12;1;
34306;202100022104;162 114;A01;1;33;0;2;1;3;1;
34307;202100022105;162 111;B01;1;7;0;2;5;12;1;
34308;202100022105;162 112;A01;1;33;0;2;1;3;1;
34309;202100022106;162 109;B01;0;1;0;2;0;1;5;
34310;202100022106;162 110;A01;1;7;0;2;1;16;1;
34311;202100022107;162 108;A01;3;30;1;0;1;1;1;
34312;202100022108;162 107;Z01;2;7;2;0;1;13;1;
34313;202100022109;162 106;A01;1;33;0;1;1;1;1;
34314;202100022110;162 104;B01;1;30;0;2;2;17;1;
34315;202100022110;162 105;A01;1;7;0;2;3;15;1;
34316;202100022112;162 101;Z01;1;7;0;2;0;14;0;
34317;202100022112;162 102;A01;1;30;0;2;3;1;1;
34318;202100022113;162 100;A01;2;50;0;1;1;1;3;
34319;202100022114;162 098;A01;1;7;0;2;3;15;2;
34320;202100022114;162 099;B01;2;32;0;2;8;1;1;
34321;202100022115;162 097;A01;1;7;1;0;2;14;1;
34322;202100022116;162 095;A01;1;7;0;2;2;15;1;
34323;202100022116;162 096;B01;2;30;0;2;3;16;1;
34324;202100022117;162 094;A01;1;50;0;0;0;1;3;
34325;202100022118;162 092;Z01;1;7;0;2;8;22;0;
34326;202100022118;162 093;A01;1;50;0;2;1;1;3;
34327;202100022119;162 091;A01;2;30;0;0;7;0;1;
34328;202100022120;162 089;A01;3;7;0;2;1;1;1;
34329;202100022120;162 090;B01;3;7;0;2;4;23;2;
34330;202100022122;162 086;B01;1;7;0;2;1;9;1;
34331;202100022122;162 087;A01;1;7;0;0;4;9;1;
34332;202100022123;162 085;A01;1;10;0;1;8;1;1;
34333;202100022124;162 084;A01;1;30;0;1;0;0;0;
34334;202100022125;162 082;B01;2;99;0;2;1;26;0;
34335;202100022125;162 083;A01;2;30;0;2;4;23;0;
34336;202100022126;162 081;A01;1;7;0;1;5;20;0;
34337;202100022127;162 079;A01;1;2;0;2;3;18;1;
34338;202100022127;162 080;B01;1;7;0;2;7;1;1;
34339;202100022128;162 078;A01;2;1;0;0;6;1;6;
34340;202100022129;162 076;B01;1;34;0;2;0;1;1;
34341;202100022129;162 077;A01;1;7;0;2;0;1;0;
34342;202100022130;162 074;A01;1;7;0;0;0;1;1;
34343;202100022130;162 075;B01;2;30;0;0;0;1;3;
34344;202100022132;162 071;A01;3;31;8;0;1;13;1;
34345;202100022133;162 069;A01;2;7;0;2;3;15;1;
34346;202100022133;162 070;B01;2;33;0;2;1;1;1;
34347;202100022134;162 068;A01;1;7;2;0;2;1;1;
34348;202100022135;162 067;A01;1;7;2;0;2;13;1;
34349;202100022136;162 066;A01;2;7;3;0;2;14;1;
34350;202100022137;162 065;A01;1;33;13;0;2;1;1;
34351;202100022138;162 064;A01;1;7;2;0;9;1;1;
34352;202100022139;162 063;A01;2;43;7;0;1;0;1;
34353;202100022140;162 062;A01;1;21;0;1;5;14;1;
34354;202100022141;162 060;A01;3;7;14;2;1;16;1;
34355;202100022141;162 061;B01;3;7;0;0;8;23;1;
34356;202100022142;162 058;A01;2;7;0;2;2;12;1;
34357;202100022142;162 059;B01;2;17;0;0;6;1;6;
34358;202100022143;162 056;B01;2;33;0;0;1;1;1;
34359;202100022143;162 057;A01;1;7;0;0;2;19;1;
34360;202100022144;162 054;A01;1;7;0;2;6;19;1;
34361;202100022144;162 055;B01;1;2;0;2;1;1;1;
34362;202100022145;162 052;B01;1;32;0;2;1;1;1;
34363;202100022145;162 053;A01;2;7;0;2;3;13;1;
34364;202100022146;162 050;A01;1;7;0;2;6;19;1;
34365;202100022146;162 051;B01;2;7;0;2;3;15;1;
34366;202100022147;162 049;A01;3;2;0;0;8;1;1;
34367;202100022148;162 048;A01;3;7;13;0;3;1;1;
34368;202100022149;162 046;A01;3;7;0;0;3;1;1;
34369;202100022149;162 047;B01;3;7;0;0;2;1;1;
34370;202100022150;162 045;A01;2;10;16;0;9;1;1;
34371;202100022151;162 044;A01;3;99;13;0;9;10;1;
34372;202100022152;162 043;A01;1;7;0;5;0;1;1;
34373;202100022153;162 042;A01;1;2;0;0;1;0;1;
34374;202100022154;162 041;A01;3;2;0;0;8;1;1;
34375;202100022155;162 040;A01;0;7;2;0;1;14;1;
34376;202100022156;162 038;A01;1;7;0;2;2;13;0;
34377;202100022156;162 039;B01;1;1;0;2;8;1;5;
34378;202100022157;162 037;A01;3;7;13;0;2;1;1;
34379;202100022158;162 035;B01;1;7;0;0;4;15;1;
34380;202100022158;162 036;A01;1;7;0;2;1;17;1;
34381;202100022159;162 033;A01;1;7;0;2;8;9;1;
34382;202100022159;162 034;B01;2;7;0;2;2;1;1;
34383;202100022160;162 032;A01;3;7;0;1;2;1;1;
34384;202100022161;162 030;B01;2;7;0;2;2;1;1;
34385;202100022161;162 031;A01;1;33;0;6;1;0;1;
34386;202100022162;162 028;B01;1;7;0;2;3;15;1;
34387;202100022162;162 029;A01;3;7;0;2;1;1;1;
34388;202100022163;162 027;A01;3;7;0;1;1;1;1;
34389;202100022164;162 026;A01;2;36;6;0;1;0;1;
34390;202100022165;162 024;A01;3;7;0;9;2;1;1;
34391;202100022165;162 025;B01;3;1;0;2;1;15;5;
34392;202100022166;162 023;A01;2;7;0;0;3;1;1;
34393;202100022167;162 022;A01;3;7;15;0;7;1;1;
34394;202100022168;162 020;B01;2;7;0;2;1;1;1;
34395;202100022168;162 021;A01;1;7;0;2;7;1;1;
34396;202100022170;162 017;A01;3;33;0;2;1;17;1;
34397;202100022170;162 018;B01;3;7;0;2;8;19;1;
34398;202100022171;162 015;B01;1;31;0;0;8;15;1;
34399;202100022171;162 016;A01;1;7;0;2;2;17;1;
34400;202100022172;162 013;B01;2;33;15;2;1;1;1;
34401;202100022172;162 014;A01;2;7;0;2;3;10;1;
34402;202100022173;162 011;A01;3;32;0;2;1;17;1;
34403;202100022173;162 012;B01;3;7;0;2;3;15;1;
34404;202100022174;162 009;B01;0;7;0;2;1;1;1;
34405;202100022174;162 010;A01;0;7;0;2;1;1;1;
34406;202100022175;162 007;A01;1;2;0;2;1;17;1;
34407;202100022175;162 008;B01;1;7;0;0;8;15;1;
34408;202100022176;162 005;B01;2;33;0;2;1;1;1;
34409;202100022176;162 006;A01;3;10;0;2;5;19;1;
34410;202100022177;162 004;A01;1;7;0;0;1;13;1;
34411;202100022178;162 001;A01;2;7;7;0;7;14;1;
34412;202100022179;161 996;A01;1;10;16;0;9;13;1;
34413;202100022180;161 995;A01;1;7;0;1;1;1;1;
34414;202100022181;161 994;A01;1;2;6;0;0;0;1;
34415;202100022182;161 990;D01;1;33;0;2;1;21;1;
34416;202100022182;161 991;C01;1;7;0;2;3;21;1;
34417;202100022182;161 992;B01;1;7;0;2;1;21;1;
34418;202100022182;161 993;A01;2;7;0;2;1;13;1;
34419;202100022183;161 989;A01;1;7;6;0;1;21;1;
34420;202100022185;161 987;A01;0;33;0;0;0;1;0;
34421;202100022186;161 986;A01;3;33;6;0;9;0;1;
34422;202100022187;161 985;A01;1;33;3;0;3;2;1;
34423;202100022188;161 983;B01;2;7;0;0;4;1;1;
34424;202100022188;161 984;A01;2;33;0;2;1;2;1;
34425;202100022189;161 982;A01;1;7;6;0;3;1;1;
34426;202100022190;161 980;A01;1;33;0;2;1;5;1;
34427;202100022190;161 981;B01;2;7;0;2;2;1;1;
34428;202100022192;161 977;A01;1;7;2;0;7;14;1;
34429;202100022193;161 976;A01;1;7;2;0;0;1;1;
34430;202100022194;161 974;A01;3;2;0;2;1;1;1;
34431;202100022194;161 975;B01;3;2;0;0;1;17;1;
34432;202100022195;161 972;A01;3;7;0;0;1;1;1;
34433;202100022195;161 973;B01;3;1;7;0;8;1;6;
34434;202100022196;161 971;A01;0;7;13;0;1;1;1;