;Num_Acc;id_vehicule;num_veh;senc;catv;obs;obsm;choc;manv;motor;occutc
34435;202100022198;161 967;A01;2;7;16;0;3;21;1;
34436;202100022199;161 966;A01;3;7;0;1;8;1;1;
34437;202100022200;161 965;A01;1;7;6;0;8;1;1;
34438;202100022201;161 963;B01;1;7;0;2;1;2;1;
34439;202100022201;161 964;A01;1;7;0;2;4;1;1;
34440;202100022202;161 961;A01;1;7;0;2;2;1;1;
34441;202100022202;161 962;B01;1;17;0;2;6;1;1;
34442;202100022203;161 959;B01;2;7;3;2;7;1;1;
34443;202100022203;161 960;A01;2;10;3;2;1;17;1;
34444;202100022204;161 958;A01;1;7;13;0;1;0;1;
34445;202100022205;161 953;B01;2;7;0;2;4;1;1;
34446;202100022205;161 954;C01;2;7;0;2;4;1;1;
34447;202100022205;161 955;D01;2;7;0;2;7;1;1;
34448;202100022205;161 956;E01;2;7;0;2;6;1;1;
34449;202100022205;161 957;A01;2;7;0;2;1;1;1;
34450;202100022207;161 950;A01;1;10;0;2;1;1;1;
34451;202100022207;161 951;B01;1;10;0;2;4;2;1;
34452;202100022208;161 948;B01;2;7;0;2;4;26;1;
34453;202100022208;161 949;A01;2;7;0;2;4;2;1;
34454;202100022210;161 946;A01;0;7;0;1;4;26;1;
34455;202100022211;161 945;A01;1;7;0;1;2;1;1;
34456;202100022212;161 942;C01;2;7;14;2;4;23;1;
34457;202100022212;161 943;A01;2;7;0;2;5;1;1;
34458;202100022212;161 944;B01;2;7;0;2;1;1;1;
34459;202100022213;161 940;A01;2;7;0;2;8;15;2;
34460;202100022213;161 941;B01;2;37;0;2;2;1;1;2.0
34461;202100022214;161 939;A01;3;32;0;2;3;1;1;
34462;202100022215;161 938;A01;2;10;13;0;7;1;1;
34463;202100022216;161 936;B01;3;7;0;2;1;1;1;
34464;202100022216;161 937;A01;3;7;0;2;1;13;1;
34465;202100022218;161 930;A01;1;7;12;2;8;1;1;
34466;202100022218;161 931;B01;2;3;0;2;3;13;1;
34467;202100022220;161 926;A01;2;7;6;1;1;21;1;
34468;202100022220;161 927;B01;1;7;0;2;1;10;1;
34469;202100022221;161 924;A01;1;7;0;2;0;0;2;
34470;202100022221;161 925;Z01;2;16;0;2;0;0;1;
34471;202100022222;161 923;A01;2;36;6;0;1;26;1;
34472;202100022223;161 921;A01;2;7;0;2;5;15;1;
34473;202100022223;161 922;B01;2;33;0;2;1;1;1;
34474;202100022224;161 919;B01;2;7;0;2;6;2;1;
34475;202100022224;161 920;A01;2;33;0;2;1;2;1;
34476;202100022226;161 915;B01;2;33;0;2;1;1;1;
34477;202100022226;161 916;A01;1;7;0;2;1;15;1;
34478;202100022227;161 914;A01;3;7;15;0;1;1;1;
34479;202100022228;161 913;A01;3;2;8;0;0;10;1;
34480;202100022229;161 911;B01;2;2;0;2;1;0;1;
34481;202100022229;161 912;A01;2;7;0;2;8;0;0;
34482;202100022230;161 909;B01;2;7;2;2;0;1;1;
34483;202100022230;161 910;A01;3;7;0;2;1;26;1;
34484;202100022231;161 907;A01;3;37;0;4;2;1;1;2.0
34485;202100022231;161 908;B01;0;40;0;2;8;1;0;
34486;202100022232;161 905;B01;1;7;0;2;1;1;1;
34487;202100022232;161 906;A01;1;7;0;2;1;15;1;
34488;202100022233;161 903;A01;1;7;0;2;3;15;3;
34489;202100022233;161 904;B01;2;1;0;2;0;1;5;
34490;202100022234;161 901;A01;1;7;0;2;3;9;1;
34491;202100022234;161 902;B01;1;33;0;2;7;1;1;
34492;202100022235;161 899;B01;2;2;0;2;8;2;1;
34493;202100022235;161 900;A01;2;7;0;2;1;2;1;
34494;202100022236;161 894;A01;1;13;0;2;1;2;1;
34495;202100022236;161 895;B01;1;7;0;2;4;1;1;
34496;202100022236;161 896;C01;1;7;0;2;4;1;1;
34497;202100022236;161 897;D01;1;7;0;2;4;1;1;
34498;202100022236;161 898;E01;1;10;0;2;4;1;1;
34499;202100022237;161 892;B01;1;7;0;2;4;2;1;
34500;202100022237;161 893;A01;1;7;0;2;1;2;1;
34501;202100022238;161 891;A01;2;30;0;0;1;1;1;
34502;202100022239;161 890;A01;1;33;14;0;1;13;1;
34503;202100022241;161 886;B01;2;7;0;2;1;1;1;
34504;202100022241;161 887;A01;1;7;1;2;1;19;1;
34505;202100022242;161 884;Z01;3;7;0;2;0;16;0;
34506;202100022242;161 885;A01;3;1;0;2;6;2;5;
34507;202100022243;161 882;A01;3;7;14;0;1;26;1;
34508;202100022243;161 883;B01;3;7;0;2;1;23;1;
34509;202100022244;161 881;A01;2;99;12;0;0;2;3;
34510;202100022245;161 880;A01;3;7;0;1;2;15;1;
34511;202100022247;161 877;A01;1;7;0;2;7;15;1;
34512;202100022247;161 878;B01;2;33;0;2;1;1;1;
34513;202100022248;161 875;A01;3;7;0;2;3;1;1;
34514;202100022248;161 876;B01;1;7;0;2;5;1;1;
34515;202100022249;161 872;B01;1;7;0;2;2;1;1;
34516;202100022249;161 873;C01;1;7;0;2;5;1;1;
34517;202100022249;161 874;A01;1;7;0;2;3;1;1;
34518;202100022250;161 870;A01;3;7;0;4;7;17;1;
34519;202100022250;161 871;B01;3;40;0;2;8;1;1;
34520;202100022251;161 868;A01;1;7;0;9;2;16;1;
34521;202100022251;161 869;B01;1;1;0;2;8;1;5;
34522;202100022252;161 866;B01;1;33;0;2;1;1;1;
34523;202100022252;161 867;A01;1;7;0;2;6;20;1;
34524;202100022253;161 864;A01;2;1;0;2;7;19;5;
34525;202100022253;161 865;B01;2;7;0;2;1;16;2;
34526;202100022254;161 862;A01;0;7;0;2;2;1;1;
34527;202100022254;161 863;B01;0;7;0;2;6;1;1;
34528;202100022255;161 860;A01;3;7;0;2;5;17;1;
34529;202100022255;161 861;B01;3;1;0;2;1;1;5;
34530;202100022256;161 858;B01;1;2;0;2;8;26;3;
34531;202100022256;161 859;A01;1;7;0;2;2;15;1;
34532;202100022257;161 856;B01;1;33;0;2;1;26;1;
34533;202100022257;161 857;A01;1;7;0;2;3;26;1;
34534;202100022258;161 854;B01;1;7;0;2;4;26;1;
34535;202100022258;161 855;A01;1;7;0;2;1;26;1;
34536;202100022260;161 850;A01;3;7;0;2;1;2;1;
34537;202100022260;161 851;B01;3;7;0;2;0;23;1;
34538;202100022261;161 848;B01;1;7;0;2;3;1;1;
34539;202100022261;161 849;A01;2;7;0;2;1;1;1;
34540;202100022262;161 847;A01;2;7;0;1;2;15;1;
34541;202100022265;161 841;B01;1;7;0;2;6;15;1;
34542;202100022265;161 842;A01;2;7;0;2;2;8;1;
34543;202100022266;161 838;B01;1;7;0;2;6;23;1;
34544;202100022266;161 839;A01;1;7;0;2;1;1;1;
34545;202100022266;161 840;C01;1;7;7;2;1;23;1;
34546;202100022267;161 836;A01;2;7;0;2;1;15;1;
34547;202100022267;161 837;B01;1;2;0;2;1;9;3;
34548;202100022269;161 832;A01;3;33;0;2;2;1;1;
34549;202100022269;161 833;B01;3;7;0;2;3;11;1;
34550;202100022270;161 830;A01;0;7;0;2;1;1;1;
34551;202100022270;161 831;B01;0;1;0;2;8;1;5;
34552;202100022271;161 828;B01;1;7;0;0;4;23;1;
34553;202100022271;161 829;A01;1;7;0;2;2;1;1;
34554;202100022272;161 826;A01;1;7;0;2;2;1;1;
34555;202100022272;161 827;B01;3;7;0;2;3;1;1;
34556;202100022273;161 824;B01;1;33;0;2;3;0;1;
34557;202100022273;161 825;A01;2;7;0;2;1;1;1;
34558;202100022274;161 821;C01;2;7;0;2;8;0;1;
34559;202100022274;161 822;B01;2;7;0;2;1;0;1;
34560;202100022274;161 823;A01;1;7;0;2;1;13;1;
34561;202100022275;161 820;A01;3;7;0;1;8;1;1;
34562;202100022276;161 817;A01;1;10;0;2;1;17;1;
34563;202100022276;161 818;B01;2;10;0;2;3;1;1;
34564;202100022276;161 819;C01;1;7;0;2;1;2;1;
34565;202100022278;161 812;A01;1;7;0;2;3;26;1;
34566;202100022278;161 813;B01;2;10;0;2;3;15;1;
34567;202100022278;161 814;C01;1;7;0;2;3;11;1;
34568;202100022280;161 808;B01;2;7;0;1;3;1;1;
34569;202100022280;161 809;A01;1;7;0;1;1;1;1;
34570;202100022281;161 806;B01;2;7;0;2;1;1;1;
34571;202100022281;161 807;A01;2;7;0;2;1;13;1;
34572;202100022282;161 804;B01;3;7;0;2;0;0;1;
34573;202100022282;161 805;A01;3;33;0;2;0;0;1;
34574;202100022283;161 802;A01;0;10;0;2;3;1;1;
34575;202100022283;161 803;B01;0;7;0;2;3;5;1;
34576;202100022284;161 800;B01;0;7;0;2;3;0;1;
34577;202100022284;161 801;A01;0;32;0;2;0;0;1;
34578;202100022285;161 798;B01;3;41;0;2;8;1;3;
34579;202100022285;161 799;A01;3;7;0;2;7;17;0;
34580;202100022286;161 796;A01;1;7;0;2;8;15;1;
34581;202100022286;161 797;B01;1;33;0;2;1;1;1;
34582;202100022288;161 794;A01;3;33;0;1;1;1;1;
34583;202100022289;161 792;B01;3;32;0;2;1;2;1;
34584;202100022289;161 793;A01;3;7;14;2;8;9;1;
34585;202100022290;161 790;B01;3;7;0;2;4;1;1;
34586;202100022290;161 791;A01;3;7;0;2;1;1;1;
34587;202100022291;161 788;A01;2;30;0;2;1;2;1;
34588;202100022291;161 789;B01;2;7;0;2;5;23;1;
34589;202100022292;161 786;A01;2;10;0;2;2;12;1;
34590;202100022292;161 787;B01;2;7;3;2;6;7;2;
34591;202100022293;161 784;A01;1;7;0;2;3;16;1;
34592;202100022293;161 785;C01;0;50;0;2;8;1;3;
34593;202100022294;161 782;A01;1;7;0;2;3;20;1;
34594;202100022294;161 783;Z01;1;30;0;0;1;1;1;
34595;202100022295;161 781;A01;2;7;0;1;1;1;2;
34596;202100022296;161 780;A01;2;10;0;1;6;20;1;
34597;202100022297;161 777;A01;0;30;0;2;3;2;1;
34598;202100022297;161 778;Y01;0;10;0;0;5;23;1;
34599;202100022298;161 775;B01;2;33;0;2;1;1;1;
34600;202100022298;161 776;A01;2;7;0;2;3;10;1;
34601;202100022299;161 773;B01;1;1;0;2;1;1;5;
34602;202100022299;161 774;A01;1;7;0;2;7;22;1;
34603;202100022300;161 772;A01;1;7;0;1;1;1;1;
34604;202100022302;161 770;A01;1;50;8;0;1;25;3;
34605;202100022303;161 768;A01;1;1;0;9;8;1;5;
34606;202100022303;161 769;Z01;2;1;0;2;8;5;5;
34607;202100022304;161 766;B01;2;14;0;2;1;2;1;
34608;202100022304;161 767;A01;2;7;0;2;4;23;2;
34609;202100022305;161 764;B01;2;34;0;2;3;1;1;
34610;202100022305;161 765;A01;1;7;0;2;2;10;2;
34611;202100022306;161 762;B01;1;7;0;2;3;1;1;
34612;202100022306;161 763;A01;3;1;0;2;1;15;0;
34613;202100022307;161 761;A01;1;50;0;0;0;25;3;
34614;202100022308;161 759;B01;2;33;0;2;4;1;1;
34615;202100022308;161 760;A01;2;7;0;2;1;1;1;
34616;202100022309;161 758;A01;1;7;0;1;8;1;1;
34617;202100022310;161 756;B01;0;7;0;2;8;15;1;
34618;202100022310;161 757;A01;1;99;0;2;1;1;1;
34619;202100022311;161 754;A01;1;7;0;2;2;1;1;
34620;202100022311;161 755;B01;1;30;0;2;8;15;1;
34621;202100022312;161 752;A01;1;7;0;2;1;15;1;
34622;202100022312;161 753;B01;2;33;0;2;1;1;1;
34623;202100022313;161 751;A01;1;20;0;0;0;19;1;
34624;202100022314;161 749;B01;1;37;0;2;3;1;1;4.0
34625;202100022314;161 750;A01;2;7;0;2;1;13;2;
34626;202100022315;161 747;B01;1;1;0;2;8;15;5;
34627;202100022315;161 748;A01;1;34;0;2;1;26;1;
34628;202100022316;161 745;A01;3;33;0;2;1;3;1;
34629;202100022316;161 746;B01;3;7;0;2;4;1;1;
34630;202100022318;161 742;A01;1;7;8;0;1;13;1;
34631;202100022319;161 740;A01;0;7;0;2;8;22;1;
34632;202100022319;161 741;B01;0;2;1;0;0;1;1;
34633;202100022320;161 738;B01;1;33;0;2;7;1;1;
34634;202100022320;161 739;A01;2;7;0;2;5;15;1;
34635;202100022321;161 736;A01;1;7;0;2;1;17;1;
34636;202100022321;161 737;B01;1;1;0;2;8;13;5;
34637;202100022322;161 735;A01;1;7;13;0;3;16;1;
34638;202100022325;161 729;B01;2;33;8;2;3;1;1;
34639;202100022325;161 730;A01;1;7;0;2;3;15;1;
34640;202100022326;161 727;A01;1;7;5;9;2;26;1;
34641;202100022327;161 726;A01;2;7;13;0;7;13;1;
34642;202100022328;161 725;A01;1;33;13;0;0;15;1;
34643;202100022329;161 724;A01;0;7;0;0;1;13;1;
34644;202100022330;161 722;B01;2;1;0;2;8;1;5;
34645;202100022330;161 723;A01;2;7;0;2;7;2;3;
34646;202100022331;161 719;C01;1;7;0;2;8;1;1;
34647;202100022331;161 720;B01;1;7;5;2;3;0;1;
34648;202100022331;161 721;A01;2;7;0;2;3;0;1;
34649;202100022332;161 718;A01;1;10;0;1;2;1;1;
34650;202100022333;161 717;A01;2;7;13;0;3;1;1;
34651;202100022334;161 715;A01;2;7;0;9;1;9;2;
34652;202100022334;161 716;B01;2;1;0;0;7;2;5;
34653;202100022335;161 714;A01;2;7;2;0;2;1;1;
34654;202100022336;161 713;A01;2;7;2;0;9;14;1;
34655;202100022337;161 711;B01;1;7;0;2;3;13;1;
34656;202100022337;161 712;A01;2;7;0;2;1;2;1;
34657;202100022338;161 710;A01;2;2;8;0;1;1;1;
34658;202100022339;161 709;A01;1;33;2;0;0;1;1;
34659;202100022341;161 707;A01;1;7;0;0;0;1;1;
34660;202100022342;161 705;A01;1;7;0;2;1;1;1;
34661;202100022342;161 706;B01;1;7;0;2;1;0;1;
34662;202100022343;161 704;A01;2;7;6;0;0;0;1;
34663;202100022344;161 703;A01;2;33;12;0;1;1;1;
34664;202100022345;161 702;A01;2;7;3;0;8;26;1;
34665;202100022346;161 701;A01;3;34;0;0;0;1;1;
34666;202100022348;161 698;A01;1;7;14;0;3;1;1;
34667;202100022349;161 696;A01;2;10;0;2;1;19;1;
34668;202100022349;161 697;B01;2;33;0;0;7;1;1;
34669;202100022350;161 694;A01;2;7;0;2;1;17;1;
34670;202100022350;161 695;B01;1;1;0;2;1;1;5;
34671;202100022352;161 692;A01;2;33;13;0;1;1;1;
34672;202100022353;161 691;A01;2;32;7;0;1;2;1;
34673;202100022354;161 690;A01;3;7;0;0;0;1;0;
34674;202100022355;161 688;A01;1;7;0;2;1;1;1;
34675;202100022355;161 689;B01;2;7;0;2;1;13;1;
34676;202100022356;161 683;A01;1;17;0;2;2;17;1;
34677;202100022356;161 684;B01;1;17;0;2;6;1;1;
34678;202100022356;161 685;C01;2;7;0;2;8;1;1;
34679;202100022356;161 686;D01;1;7;0;2;2;1;1;
34680;202100022356;161 687;E01;2;7;0;0;0;1;1;
34681;202100022357;161 682;A01;1;7;13;0;1;1;1;
34682;202100022358;161 681;A01;0;7;0;1;1;1;0;
34683;202100022359;161 680;A01;3;7;15;0;1;0;1;
34684;202100022360;161 679;A01;1;33;0;0;7;1;1;
34685;202100022361;161 678;A01;1;21;0;0;0;1;1;
34686;202100022362;161 676;A01;3;7;0;2;1;15;1;
34687;202100022362;161 677;B01;1;33;10;2;7;21;1;
34688;202100022363;161 674;B01;3;2;0;2;1;13;1;
34689;202100022363;161 675;A01;3;7;0;0;5;1;1;
34690;202100022364;161 671;B01;2;7;0;2;2;1;2;
34691;202100022364;161 672;C01;2;7;0;2;8;1;1;
34692;202100022364;161 673;A01;1;7;0;2;1;13;1;
34693;202100022365;161 670;A01;1;7;2;0;7;0;1;
34694;202100022366;161 668;B01;2;33;0;0;8;1;1;
34695;202100022366;161 669;A01;2;7;0;2;5;14;1;
34696;202100022367;161 667;A01;1;33;4;0;3;1;1;
34697;202100022368;161 665;B01;1;38;0;2;3;1;1;3.0
34698;202100022368;161 666;A01;2;7;0;2;3;13;1;
34699;202100022369;161 664;A01;1;7;8;0;1;13;1;
34700;202100022370;161 663;A01;2;33;0;1;1;1;1;
34701;202100022371;161 660;C01;2;1;0;0;4;2;5;
34702;202100022371;161 661;A01;2;10;0;0;2;1;1;
34703;202100022371;161 662;B01;2;1;0;0;4;2;5;
34704;202100022372;161 658;B01;1;32;0;2;1;18;1;
34705;202100022372;161 659;A01;1;7;0;2;2;16;1;
34706;202100022373;161 656;B01;1;7;0;2;1;0;0;
34707;202100022373;161 657;A01;1;2;0;2;0;0;0;
34708;202100022374;161 654;A01;1;7;0;0;4;23;1;
34709;202100022374;161 655;B01;1;7;14;2;1;1;1;
34710;202100022375;161 653;A01;1;33;0;0;7;1;1;
34711;202100022376;161 651;B01;2;7;0;2;1;2;1;
34712;202100022376;161 652;A01;0;7;0;2;8;2;1;
34713;202100022377;161 650;A01;2;33;16;0;0;1;1;
34714;202100022378;161 649;A01;3;33;13;0;1;0;1;
34715;202100022379;161 647;B01;1;7;0;2;1;1;1;
34716;202100022379;161 648;A01;2;2;0;2;1;17;1;
34717;202100022380;161 645;B01;2;33;0;2;1;1;1;
34718;202100022380;161 646;A01;3;7;0;2;8;19;1;
34719;202100022381;161 643;B01;1;7;0;0;2;1;1;
34720;202100022381;161 644;A01;1;2;0;2;1;19;1;
34721;202100022382;161 641;A01;1;32;0;2;1;2;1;
34722;202100022382;161 642;B01;1;7;0;0;4;2;1;
34723;202100022383;161 639;B01;2;33;0;2;1;1;1;
34724;202100022383;161 640;A01;1;7;0;2;2;15;1;
34725;202100022384;161 637;B01;1;7;0;0;3;1;1;
34726;202100022384;161 638;A01;2;7;0;0;1;11;1;
34727;202100022386;161 635;A01;1;7;13;0;9;1;1;
34728;202100022387;161 634;A01;1;7;3;0;7;1;1;
34729;202100022388;161 633;A01;1;7;0;1;2;16;1;
34730;202100022389;161 631;B01;1;7;0;2;4;0;1;
34731;202100022389;161 632;A01;1;7;0;2;1;2;1;
34732;202100022390;161 630;A01;3;7;14;0;9;26;1;
34733;202100022391;161 628;A01;2;7;0;2;1;2;1;
34734;202100022391;161 629;B01;2;7;0;2;4;2;1;
34735;202100022392;161 626;A01;2;7;0;2;1;26;1;
34736;202100022392;161 627;B01;2;7;0;2;4;26;1;
34737;202100022393;161 625;A01;2;33;3;0;0;1;1;
34738;202100022394;161 622;A01;1;13;0;2;1;1;1;
34739;202100022394;161 623;B01;1;7;0;2;7;1;1;
34740;202100022394;161 624;C01;1;14;0;2;4;1;1;
34741;202100022395;161 619;C01;1;7;0;2;7;1;1;
34742;202100022395;161 620;B01;1;7;0;2;1;3;1;
34743;202100022395;161 621;A01;1;31;0;2;1;3;1;
34744;202100022396;161 617;A01;1;10;0;2;1;1;1;
34745;202100022396;161 618;B01;1;10;0;2;4;1;1;
34746;202100022397;161 613;B01;2;7;0;2;3;15;1;
34747;202100022397;161 614;A01;2;1;0;2;2;17;5;
34748;202100022398;161 611;A01;1;7;0;2;3;1;1;
34749;202100022398;161 612;B01;1;30;0;2;1;17;1;
34750;202100022399;161 609;B01;1;7;0;2;3;0;1;
34751;202100022399;161 610;A01;2;30;0;2;-1;19;0;
34752;202100022400;161 607;A01;2;7;0;2;3;15;1;
34753;202100022400;161 608;B01;2;33;0;2;1;1;1;
34754;202100022401;161 605;A01;1;10;0;2;2;16;1;
34755;202100022401;161 606;B01;1;33;0;2;3;1;1;
34756;202100022402;161 601;B01;1;7;1;2;4;0;1;
34757;202100022402;161 602;A01;1;7;1;2;1;14;1;
34758;202100022403;161 599;A01;2;7;0;2;3;11;1;
34759;202100022403;161 600;B01;2;7;0;2;5;23;1;
34760;202100022404;161 597;A01;3;7;0;2;3;15;1;
34761;202100022404;161 598;B01;3;33;0;2;9;1;1;
34762;202100022406;161 594;A01;3;7;14;0;3;14;1;
34763;202100022407;161 592;A01;1;30;1;0;1;1;1;
34764;202100022407;161 593;B01;1;7;0;2;4;23;1;
34765;202100022408;161 590;B01;3;33;0;2;1;1;1;
34766;202100022408;161 591;A01;3;7;0;2;3;19;1;
34767;202100022409;161 587;A01;2;7;0;1;1;15;1;
34768;202100022410;161 586;A01;0;30;8;0;0;1;1;
34769;202100022411;161 583;B01;0;7;0;2;8;1;1;
34770;202100022411;161 584;C01;0;7;0;2;8;1;1;
34771;202100022411;161 585;A01;0;7;0;2;1;1;1;
34772;202100022412;161 579;B01;2;7;0;2;4;1;1;
34773;202100022412;161 580;A01;2;7;0;2;1;2;0;
34774;202100022413;161 577;A01;0;7;0;2;2;15;1;
34775;202100022413;161 578;B01;0;33;0;2;1;1;1;
34776;202100022414;161 575;B01;0;7;0;2;8;0;1;
34777;202100022414;161 576;A01;0;7;0;2;1;1;1;
34778;202100022415;161 573;B01;1;7;0;2;3;0;1;
34779;202100022415;161 574;A01;0;10;0;2;4;1;1;
34780;202100022416;161 570;A01;1;10;0;2;2;26;1;
34781;202100022416;161 571;B01;2;1;0;2;0;1;5;
34782;202100022417;161 568;A01;1;7;0;2;4;23;1;
34783;202100022417;161 569;B01;1;7;0;2;1;2;1;
34784;202100022418;161 566;B01;2;7;0;2;2;16;1;
34785;202100022418;161 567;A01;1;50;0;2;1;25;3;
34786;202100022419;161 564;B01;2;7;14;2;7;16;1;
34787;202100022419;161 565;A01;2;7;1;2;1;1;1;
34788;202100022420;161 562;B01;2;1;0;2;7;1;5;
34789;202100022420;161 563;A01;1;7;0;2;1;15;1;
34790;202100022421;161 561;A01;2;10;15;0;1;14;1;
34791;202100022422;161 560;A01;1;31;0;0;0;26;1;
34792;202100022423;161 558;B01;1;7;0;2;8;15;1;
34793;202100022423;161 559;A01;1;30;0;2;1;17;1;
34794;202100022424;161 555;C01;2;7;0;2;4;23;1;
34795;202100022424;161 556;B01;2;7;0;2;4;23;1;
34796;202100022424;161 557;A01;2;7;0;2;1;1;1;
34797;202100022425;161 553;A01;2;60;0;2;1;1;5;
34798;202100022425;161 554;B01;3;7;0;2;1;19;1;
34799;202100022426;161 551;B01;1;33;0;2;1;1;1;
34800;202100022426;161 552;A01;1;7;0;2;3;19;1;
34801;202100022427;161 549;B01;1;31;0;2;1;2;1;
34802;202100022427;161 550;A01;1;7;0;2;4;23;1;
34803;202100022428;161 548;A01;1;7;0;1;1;16;1;
34804;202100022429;161 547;A01;1;33;0;5;1;1;1;
34805;202100022430;161 545;A01;1;7;0;2;3;1;1;
34806;202100022430;161 546;B01;2;7;0;2;3;19;1;
34807;202100022431;161 543;B01;1;30;0;2;3;1;1;
34808;202100022431;161 544;A01;1;7;0;2;2;16;1;
34809;202100022433;161 539;B01;3;7;0;9;2;9;1;
34810;202100022433;161 540;A01;3;50;0;2;1;5;3;
34811;202100022434;161 538;A01;1;7;0;1;2;26;1;
34812;202100022435;161 537;A01;1;2;0;0;7;26;1;
34813;202100022436;161 536;A01;2;7;0;1;5;26;1;
34814;202100022437;161 533;C01;2;7;0;2;4;2;1;
34815;202100022437;161 534;B01;2;7;0;2;4;2;1;
34816;202100022437;161 535;A01;2;7;0;2;1;2;1;
34817;202100022438;161 530;C01;2;7;0;2;4;2;1;
34818;202100022438;161 531;B01;2;7;0;2;4;2;1;
34819;202100022438;161 532;A01;2;15;0;2;1;2;1;
34820;202100022439;161 528;Z01;1;7;0;2;2;0;1;
34821;202100022439;161 529;B01;1;1;0;2;4;1;5;
34822;202100022440;161 527;A01;3;7;2;0;8;13;1;
34823;202100022441;161 524;A01;1;7;0;2;8;24;1;
34824;202100022441;161 525;B01;1;1;1;0;1;1;5;
34825;202100022442;161 522;A01;1;7;0;2;1;2;1;
34826;202100022442;161 523;B01;1;7;0;2;4;1;1;
34827;202100022443;161 520;A01;0;7;0;2;5;16;1;
34828;202100022443;161 521;B01;3;7;4;2;1;12;1;
34829;202100022444;161 518;Z01;0;7;0;0;0;0;0;
34830;202100022444;161 519;B01;2;31;0;2;2;0;0;
34831;202100022445;161 516;B01;1;30;0;2;1;1;1;
34832;202100022445;161 517;Z01;2;7;0;2;0;15;1;
34833;202100022446;161 514;B01;2;7;0;2;1;1;1;
34834;202100022446;161 515;A01;1;33;0;2;1;1;1;
34835;202100022447;161 513;A01;3;38;6;0;1;1;1;1.0
34836;202100022448;161 511;B01;2;32;0;2;8;1;3;
34837;202100022448;161 512;A01;2;7;0;2;4;15;1;
34838;202100022449;161 510;A01;1;33;0;1;1;1;1;
34839;202100022450;161 509;A01;1;7;3;0;0;16;1;
34840;202100022451;161 507;Z01;3;7;0;2;1;26;1;
34841;202100022451;161 508;A01;3;1;0;2;0;0;5;
34842;202100022452;161 505;B01;1;33;0;0;0;0;0;
34843;202100022452;161 506;A01;1;99;0;2;3;26;1;
34844;202100022453;161 503;B01;1;43;0;2;1;1;1;
34845;202100022453;161 504;A01;1;7;0;2;5;15;1;
34846;202100022454;161 502;AA01;2;7;9;0;7;14;1;
34847;202100022455;161 500;B01;3;50;0;2;1;1;3;
34848;202100022455;161 501;A01;3;7;0;2;5;16;1;
34849;202100022456;161 496;A01;2;30;0;0;0;1;1;
34850;202100022457;161 494;Z01;2;7;0;2;0;11;1;
34851;202100022457;161 495;B01;2;31;0;2;2;2;1;
34852;202100022458;161 492;B01;0;7;0;0;0;0;1;
34853;202100022458;161 493;A01;1;32;0;1;1;21;1;
34854;202100022459;161 490;A01;3;7;0;9;1;9;1;
34855;202100022459;161 491;B01;2;1;0;0;0;0;5;
34856;202100022460;161 488;A01;3;7;0;2;1;19;1;
34857;202100022460;161 489;B01;1;10;0;2;5;19;1;
34858;202100022461;161 486;B01;3;37;0;2;7;19;1;1.0
34859;202100022461;161 487;A01;2;32;0;2;1;1;1;
34860;202100022462;161 485;A01;1;10;0;1;1;1;1;
34861;202100022464;161 480;B01;1;7;0;2;4;2;1;
34862;202100022464;161 481;A01;1;7;0;2;1;2;1;
34863;202100022465;161 478;B01;2;33;2;2;1;17;1;
34864;202100022465;161 479;A01;2;1;0;2;8;15;6;
34865;202100022466;161 476;B01;2;7;0;2;8;26;1;
34866;202100022466;161 477;A01;2;7;0;2;7;26;1;
34867;202100022467;161 474;B01;2;7;0;2;5;12;1;
34868;202100022467;161 475;A01;2;43;0;2;1;3;1;
34869;202100022468;161 472;A01;1;7;0;2;2;12;1;
34870;202100022468;161 473;B01;1;31;5;2;6;1;1;
34871;202100022469;161 469;A01;2;10;0;2;3;2;1;
34872;202100022469;161 470;C01;2;32;0;2;1;2;1;
34873;202100022469;161 471;B01;2;7;0;2;5;2;1;
34874;202100022470;161 467;B01;2;7;0;2;4;2;1;
34875;202100022470;161 468;A01;2;7;0;2;1;2;1;
34876;202100022471;161 465;B01;2;31;0;2;5;1;1;
34877;202100022471;161 466;A01;1;43;0;2;1;1;1;
34878;202100022472;161 464;A01;1;50;14;0;1;13;3;
34879;202100022473;161 463;A01;2;1;0;1;3;1;5;
34880;202100022475;161 460;A01;1;30;0;0;8;26;1;
34881;202100022476;161 458;B01;1;1;0;2;1;1;5;
34882;202100022476;161 459;A01;1;15;0;2;7;16;1;
34883;202100022477;161 456;A01;1;7;0;2;2;11;1;
34884;202100022477;161 457;B01;2;10;0;2;1;1;1;
34885;202100022478;161 453;C01;2;7;0;2;0;1;1;
34886;202100022478;161 454;B01;2;7;0;2;1;1;1;
34887;202100022478;161 455;A01;1;30;0;2;8;3;1;
34888;202100022479;161 452;A01;3;7;8;0;1;0;1;
34889;202100022480;161 450;A01;1;2;0;2;4;2;3;
34890;202100022480;161 451;Z01;1;10;0;2;1;2;1;
34891;202100022481;161 448;A01;1;7;1;0;0;0;0;
34892;202100022481;161 449;B01;1;1;1;0;0;0;0;
34893;202100022483;161 444;A01;2;33;0;2;1;15;1;
34894;202100022483;161 445;B01;0;7;0;2;3;15;1;
34895;202100022484;161 441;A01;3;10;1;0;1;1;1;
34896;202100022485;161 439;A01;1;7;0;2;1;15;1;