;Num_Acc;id_vehicule;num_veh;senc;catv;obs;obsm;choc;manv;motor;occutc
34897;202100022485;161 440;B01;1;30;0;2;1;1;1;
34898;202100022486;161 437;B01;2;1;0;2;8;1;5;
34899;202100022486;161 438;A01;2;10;0;2;2;17;1;
34900;202100022488;161 432;A01;2;7;8;2;1;17;1;
34901;202100022488;161 433;B01;2;3;0;2;3;15;1;
34902;202100022489;161 431;A01;3;31;8;0;7;1;1;
34903;202100022490;161 429;A01;1;7;5;2;6;1;1;
34904;202100022490;161 430;B01;1;7;0;2;2;1;1;
34905;202100022491;161 428;A01;1;7;4;0;1;1;1;
34906;202100022492;161 426;B01;1;33;0;2;1;17;1;
34907;202100022492;161 427;A01;1;7;0;2;6;15;1;
34908;202100022493;161 425;A01;1;7;5;0;1;14;1;
34909;202100022494;161 423;A01;2;7;0;2;7;15;1;
34910;202100022494;161 424;B01;1;33;0;2;1;1;1;
34911;202100022495;161 421;B01;1;7;0;0;6;26;1;
34912;202100022495;161 422;A01;1;7;0;2;2;13;1;
34913;202100022496;161 419;A01;2;7;0;2;3;15;1;
34914;202100022496;161 420;B01;2;33;0;2;2;17;1;
34915;202100022497;161 416;C01;1;7;0;9;2;26;1;
34916;202100022497;161 417;B01;1;1;0;2;3;1;5;
34917;202100022497;161 418;A01;1;7;0;2;2;15;1;
34918;202100022498;161 414;B01;1;7;0;2;3;15;1;
34919;202100022498;161 415;A01;1;33;0;2;1;17;1;
34920;202100022499;161 413;A01;1;7;13;0;1;1;1;
34921;202100022500;161 411;B01;3;2;0;2;1;1;1;
34922;202100022500;161 412;A01;3;7;0;2;3;1;1;
34923;202100022501;161 410;A01;2;7;2;0;3;0;1;
34924;202100022502;161 407;C01;1;7;4;0;2;1;1;
34925;202100022502;161 408;B01;2;7;0;2;3;1;1;
34926;202100022502;161 409;A01;1;33;0;2;1;17;1;
34927;202100022503;161 405;B01;0;7;0;2;3;15;1;
34928;202100022503;161 406;A01;1;33;0;2;1;1;1;
34929;202100022504;161 404;A01;1;33;0;0;0;1;1;
34930;202100022505;161 403;A01;3;7;0;1;1;15;1;
34931;202100022507;161 399;A01;1;7;9;0;9;1;1;
34932;202100022508;161 396;A01;1;7;0;2;8;9;1;
34933;202100022508;161 397;B01;2;15;0;2;1;1;1;
34934;202100022509;161 394;A01;2;7;0;2;3;1;1;
34935;202100022509;161 395;B01;1;33;0;2;1;13;1;
34936;202100022510;161 392;A01;3;2;0;2;1;13;1;
34937;202100022510;161 393;B01;3;7;0;2;2;1;1;
34938;202100022511;161 390;B01;2;33;0;2;2;1;1;
34939;202100022511;161 391;A01;1;10;0;2;1;9;1;
34940;202100022512;161 389;A01;2;2;12;0;0;14;1;
34941;202100022513;161 388;A01;3;36;12;0;1;1;1;
34942;202100022514;161 387;A01;2;2;8;0;7;0;1;
34943;202100022515;161 385;A01;1;33;0;0;8;1;1;
34944;202100022515;161 386;B01;2;7;0;2;1;1;1;
34945;202100022516;161 383;B01;0;7;0;2;4;2;1;
34946;202100022516;161 384;A01;0;7;0;2;1;2;1;
34947;202100022517;161 381;A01;1;1;0;0;4;2;5;
34948;202100022517;161 382;B01;1;1;0;2;1;2;5;
34949;202100022519;161 377;B01;2;33;0;2;1;1;1;
34950;202100022519;161 378;A01;1;7;0;2;7;15;1;
34951;202100022520;161 375;A01;2;7;0;1;2;1;1;
34952;202100022520;161 376;B01;1;80;0;2;1;24;3;
34953;202100022521;161 374;A01;3;3;6;0;1;0;1;
34954;202100022522;161 372;B01;1;7;0;2;7;19;1;
34955;202100022522;161 373;A01;2;33;0;2;1;1;1;
34956;202100022523;161 370;B01;1;7;0;2;1;26;1;
34957;202100022523;161 371;A01;2;7;0;0;2;1;1;
34958;202100022524;161 368;B01;2;1;0;2;3;1;5;
34959;202100022524;161 369;A01;2;13;0;2;5;17;0;
34960;202100022525;161 367;A01;2;33;13;0;1;1;1;
34961;202100022526;161 366;A01;1;30;13;0;7;1;1;
34962;202100022527;161 364;A01;3;14;0;2;3;1;1;
34963;202100022527;161 365;B01;3;1;0;2;8;15;5;
34964;202100022528;161 361;C01;2;1;0;2;1;1;5;
34965;202100022528;161 362;B01;2;50;0;2;1;1;3;
34966;202100022528;161 363;A01;1;2;0;2;1;1;1;
34967;202100022529;161 359;A01;1;2;0;2;7;15;1;
34968;202100022529;161 360;B01;2;7;0;2;2;1;1;
34969;202100022530;161 358;A01;0;33;0;6;1;1;1;
34970;202100022531;161 356;B01;2;33;0;2;1;1;1;
34971;202100022531;161 357;A01;1;7;0;2;2;15;1;
34972;202100022532;161 354;A01;2;1;0;2;3;13;5;
34973;202100022532;161 355;B01;1;99;0;2;6;1;1;
34974;202100022533;161 353;A01;1;10;8;0;1;14;1;
34975;202100022534;161 352;A01;1;7;15;0;1;2;1;
34976;202100022535;161 350;B01;3;10;0;2;2;1;1;
34977;202100022535;161 351;A01;3;1;0;2;1;19;5;
34978;202100022536;161 346;B01;1;33;0;2;1;1;1;
34979;202100022536;161 347;A01;1;7;0;0;4;9;1;
34980;202100022537;161 345;A01;1;33;13;0;1;1;1;
34981;202100022538;161 343;B01;1;7;0;2;1;1;1;
34982;202100022538;161 344;A01;2;7;0;2;1;13;1;
34983;202100022540;161 338;B01;2;7;0;2;1;2;1;
34984;202100022540;161 339;A01;2;7;0;0;4;2;1;
34985;202100022540;161 340;C01;2;7;0;2;1;2;1;
34986;202100022540;161 341;D01;2;7;0;2;1;2;1;
34987;202100022541;161 336;B01;3;7;0;2;2;12;1;
34988;202100022541;161 337;A01;3;33;0;2;6;11;1;
34989;202100022542;161 335;A01;1;7;4;9;1;6;1;
34990;202100022543;161 333;A01;3;7;0;2;2;1;1;
34991;202100022543;161 334;B01;3;10;0;2;5;15;1;
34992;202100022544;161 332;A01;2;7;0;1;3;1;1;
34993;202100022545;161 330;B01;0;7;0;2;3;15;1;
34994;202100022545;161 331;A01;1;7;0;2;1;16;1;
34995;202100022546;161 329;A01;0;2;0;0;8;0;1;
34996;202100022547;161 325;D01;2;7;0;2;1;1;1;
34997;202100022547;161 326;C01;1;1;0;2;1;5;5;
34998;202100022547;161 327;A01;1;1;0;2;1;13;5;
34999;202100022547;161 328;B01;1;1;0;2;1;13;5;
35000;202100022548;161 323;B01;2;1;0;2;1;9;5;
35001;202100022548;161 324;A01;1;7;0;9;8;9;1;
35002;202100022549;161 321;B01;0;7;0;2;3;19;6;
35003;202100022549;161 322;A01;0;7;0;9;2;21;6;
35004;202100022550;161 319;A01;1;7;0;2;3;15;1;
35005;202100022550;161 320;B01;1;7;0;2;2;1;1;
35006;202100022551;161 317;B01;2;33;0;2;2;17;1;
35007;202100022551;161 318;A01;2;7;0;0;6;15;1;
35008;202100022553;161 314;A01;0;7;6;0;1;0;1;
35009;202100022554;161 313;A01;2;7;0;1;8;1;1;
35010;202100022555;161 311;B01;2;7;0;2;3;0;1;
35011;202100022555;161 312;A01;1;33;0;2;1;5;1;
35012;202100022556;161 310;A01;3;1;0;0;0;0;5;
35013;202100022557;161 309;A01;1;7;2;0;1;1;1;
35014;202100022558;161 306;A01;1;7;0;2;2;1;1;
35015;202100022558;161 307;B01;1;33;0;2;1;19;1;
35016;202100022559;161 304;A01;2;7;0;2;2;15;1;
35017;202100022559;161 305;B01;1;1;0;2;0;2;5;
35018;202100022560;161 302;B01;2;33;0;2;3;1;1;
35019;202100022560;161 303;A01;1;10;0;2;3;15;1;
35020;202100022561;161 301;A01;1;33;0;0;7;1;1;
35021;202100022562;161 299;B01;1;7;0;0;2;1;1;
35022;202100022562;161 300;A01;2;7;0;2;2;19;1;
35023;202100022563;161 296;B01;2;7;0;2;1;1;1;
35024;202100022563;161 297;C01;2;10;0;2;8;21;1;
35025;202100022563;161 298;A01;1;10;0;2;1;13;1;
35026;202100022565;161 289;D01;2;7;14;0;0;1;1;
35027;202100022565;161 290;E01;2;7;14;0;1;1;1;
35028;202100022565;161 291;C01;2;7;0;2;1;1;1;
35029;202100022565;161 292;B01;2;7;0;2;1;1;1;
35030;202100022565;161 293;A01;2;30;0;2;9;0;1;
35031;202100022566;161 287;A01;2;7;0;2;6;11;1;
35032;202100022566;161 288;B01;2;33;0;0;5;1;1;
35033;202100022567;161 285;A01;1;10;0;2;1;2;1;
35034;202100022567;161 286;B01;1;10;0;2;4;2;1;
35035;202100022568;161 283;A01;2;7;0;2;1;1;1;
35036;202100022568;161 284;B01;2;10;0;2;5;1;1;
35037;202100022569;161 281;A01;2;7;0;2;7;12;0;
35038;202100022569;161 282;B01;2;7;0;2;1;3;0;
35039;202100022570;161 278;C01;2;7;0;0;4;2;1;
35040;202100022570;161 279;B01;2;7;0;2;1;2;2;
35041;202100022570;161 280;A01;2;7;0;2;1;2;1;
35042;202100022571;161 276;A01;1;33;0;2;2;12;1;
35043;202100022571;161 277;B01;1;7;0;2;6;1;1;
35044;202100022572;161 271;D01;1;14;0;2;1;0;1;
35045;202100022572;161 272;C01;1;14;0;2;1;0;1;
35046;202100022572;161 273;A01;1;7;1;0;3;9;1;
35047;202100022572;161 274;B01;1;99;0;2;4;0;1;
35048;202100022572;161 275;Z01;1;20;0;2;0;0;0;
35049;202100022573;161 270;A01;2;7;4;0;1;1;1;
35050;202100022575;161 266;A01;2;14;0;2;2;12;1;
35051;202100022575;161 267;B01;2;7;0;2;8;1;1;
35052;202100022576;161 265;A01;2;33;3;0;8;1;1;
35053;202100022578;161 259;B01;1;7;0;2;6;1;1;
35054;202100022578;161 260;A01;1;17;0;2;2;12;1;
35055;202100022579;161 257;B01;1;7;0;2;4;2;1;
35056;202100022579;161 258;A01;1;7;0;2;1;2;1;
35057;202100022580;161 255;A01;1;33;0;2;8;3;1;
35058;202100022580;161 256;B01;1;7;0;2;7;12;1;
35059;202100022581;161 254;A01;2;7;0;0;0;1;-1;
35060;202100022582;161 253;A01;1;7;4;0;1;17;1;
35061;202100022583;161 252;A01;1;33;0;2;1;20;1;
35062;202100022584;161 250;B01;3;7;0;2;0;0;1;
35063;202100022584;161 251;A01;1;33;0;2;2;1;1;
35064;202100022586;161 246;A01;1;7;0;2;7;13;1;
35065;202100022586;161 247;B01;1;7;0;2;3;0;0;
35066;202100022587;161 244;A01;2;7;0;2;1;15;1;
35067;202100022587;161 245;B01;1;2;0;2;1;1;1;
35068;202100022588;161 240;D01;3;7;1;2;4;0;1;
35069;202100022588;161 241;A01;1;7;0;2;1;18;1;
35070;202100022588;161 242;B01;1;7;0;2;3;9;1;
35071;202100022588;161 243;C01;3;7;1;2;4;0;1;
35072;202100022589;161 238;A01;2;7;0;2;2;2;1;
35073;202100022589;161 239;B01;1;50;0;2;0;11;3;
35074;202100022590;161 237;A01;2;50;0;1;1;1;3;
35075;202100022591;161 235;A01;0;7;0;2;1;1;1;
35076;202100022591;161 236;B01;0;10;0;2;7;0;1;
35077;202100022592;161 232;C01;1;80;0;2;7;23;3;
35078;202100022592;161 233;B01;2;7;0;2;4;1;2;
35079;202100022592;161 234;A01;1;10;0;2;3;1;1;
35080;202100022593;161 230;B01;1;7;0;2;2;3;1;
35081;202100022593;161 231;A01;1;33;0;2;6;1;1;
35082;202100022594;161 228;B01;0;7;0;2;0;0;1;
35083;202100022594;161 229;A01;0;7;0;2;1;0;1;
35084;202100022595;161 225;C01;1;7;0;2;1;1;1;
35085;202100022595;161 226;A01;1;7;0;2;6;1;1;
35086;202100022595;161 227;B01;1;7;0;2;1;21;1;
35087;202100022596;161 223;B01;2;33;0;2;1;0;0;
35088;202100022596;161 224;A01;1;7;0;2;5;15;1;
35089;202100022597;161 221;B01;2;7;0;2;1;1;1;
35090;202100022597;161 222;A01;2;7;0;2;3;1;1;
35091;202100022598;161 220;A01;2;10;0;1;5;4;1;
35092;202100022599;161 218;A01;1;7;0;2;3;9;1;
35093;202100022599;161 219;B01;1;33;0;2;1;1;1;
35094;202100022600;161 217;A01;1;7;0;1;1;15;1;
35095;202100022601;161 215;D01;1;7;0;2;1;5;0;
35096;202100022601;161 216;A01;1;30;0;2;1;1;1;
35097;202100022602;161 213;B01;2;0;0;2;8;13;0;
35098;202100022602;161 214;A01;1;30;0;2;8;1;1;
35099;202100022603;161 211;B01;1;7;0;2;6;15;1;
35100;202100022603;161 212;A01;1;33;0;2;1;5;1;
35101;202100022604;161 209;B01;0;7;0;2;3;1;1;
35102;202100022604;161 210;A01;3;7;0;2;3;13;1;
35103;202100022605;161 207;B01;0;1;0;2;2;1;0;
35104;202100022605;161 208;A01;0;7;0;0;0;0;0;
35105;202100022606;161 205;B01;2;7;0;2;4;1;1;
35106;202100022606;161 206;A01;2;10;0;2;1;2;1;
35107;202100022607;161 204;A01;1;0;0;1;1;9;0;
35108;202100022610;161 200;A01;1;7;0;1;1;1;1;
35109;202100022611;161 198;A01;2;1;0;2;7;1;5;
35110;202100022611;161 199;B01;2;10;0;2;1;9;1;
35111;202100022613;161 195;A01;2;32;0;0;8;1;1;
35112;202100022614;161 192;C01;3;7;0;2;0;21;1;
35113;202100022614;161 193;B01;3;7;0;2;1;21;1;
35114;202100022614;161 194;A01;3;7;8;2;1;13;1;
35115;202100022615;161 191;A01;1;33;0;0;1;19;1;
35116;202100022616;161 189;B01;2;7;0;2;1;1;1;
35117;202100022616;161 190;A01;0;7;0;2;1;1;1;
35118;202100022617;161 187;A01;2;7;0;2;1;1;1;
35119;202100022617;161 188;B01;2;2;0;2;4;1;1;
35120;202100022619;161 183;A01;3;7;0;2;3;5;1;
35121;202100022619;161 184;B01;3;7;0;2;3;5;1;
35122;202100022620;161 181;B01;1;7;0;2;4;2;0;
35123;202100022620;161 182;A01;1;7;0;2;1;2;1;
35124;202100022621;161 179;A01;1;10;0;2;1;1;1;
35125;202100022621;161 180;B01;1;7;0;2;6;1;1;
35126;202100022622;161 178;A01;1;10;0;1;1;15;1;
35127;202100022623;161 176;B01;1;33;0;2;4;2;1;
35128;202100022623;161 177;A01;1;7;0;2;2;2;1;
35129;202100022624;161 175;A01;1;50;0;9;1;26;3;
35130;202100022625;161 173;B01;1;7;0;2;4;1;1;
35131;202100022625;161 174;A01;1;7;0;2;1;2;1;
35132;202100022626;161 171;A01;0;7;0;2;7;26;1;
35133;202100022626;161 172;B01;0;7;0;2;7;0;2;
35134;202100022627;161 169;B01;3;3;0;2;1;13;1;
35135;202100022627;161 170;A01;3;7;0;2;1;1;1;
35136;202100022628;161 168;A01;1;31;13;0;1;1;1;
35137;202100022629;161 167;Z01;3;34;0;1;1;1;1;
35138;202100022630;161 166;A01;3;1;0;0;8;15;5;
35139;202100022631;161 165;A01;3;10;0;1;4;4;1;
35140;202100022632;161 163;A01;2;7;0;2;5;15;1;
35141;202100022632;161 164;B01;1;2;0;2;1;1;1;
35142;202100022634;161 159;B01;1;33;0;2;3;1;1;
35143;202100022634;161 160;A01;1;7;0;2;2;15;1;
35144;202100022635;161 157;A01;2;7;7;2;1;1;1;
35145;202100022635;161 158;B01;1;7;0;2;7;15;1;
35146;202100022636;161 156;A01;1;7;2;0;1;1;1;
35147;202100022637;161 154;B01;2;7;0;2;2;1;1;
35148;202100022637;161 155;A01;2;20;0;2;3;1;1;
35149;202100022638;161 152;A01;2;30;0;2;1;1;1;
35150;202100022638;161 153;B01;2;7;0;2;7;1;1;
35151;202100022639;161 151;A01;3;33;0;1;0;1;1;
35152;202100022641;161 149;A01;1;7;6;0;1;1;1;
35153;202100022642;161 147;B01;3;7;0;2;2;1;1;
35154;202100022642;161 148;A01;3;10;0;2;7;17;1;
35155;202100022643;161 145;Z01;0;7;9;2;1;11;1;
35156;202100022643;161 146;A01;0;7;0;2;5;23;1;
35157;202100022644;161 143;B01;1;7;0;2;5;26;1;
35158;202100022644;161 144;A01;1;7;0;2;1;9;1;
35159;202100022645;161 141;Z01;2;7;0;2;3;1;1;
35160;202100022645;161 142;A01;1;10;0;2;6;15;1;
35161;202100022646;161 139;B01;1;7;0;2;1;1;1;
35162;202100022646;161 140;A01;2;7;0;2;4;16;1;
35163;202100022647;161 138;A01;0;7;13;0;2;0;1;
35164;202100022648;161 137;A01;3;7;0;1;1;1;2;
35165;202100022649;161 135;B01;1;7;0;9;1;26;1;
35166;202100022649;161 136;A01;3;1;0;2;7;19;5;
35167;202100022650;161 134;A01;1;7;3;0;1;1;1;
35168;202100022651;161 132;A01;1;7;0;2;4;20;1;
35169;202100022651;161 133;B01;1;2;0;2;1;1;1;
35170;202100022652;161 129;C01;3;7;0;2;2;23;1;
35171;202100022652;161 130;B01;3;7;0;2;6;23;1;
35172;202100022652;161 131;A01;3;30;14;0;1;26;1;
35173;202100022653;161 126;A01;1;7;0;2;1;2;1;
35174;202100022653;161 127;B01;1;7;0;2;4;2;1;
35175;202100022653;161 128;C01;1;7;0;2;4;2;1;
35176;202100022654;161 124;B01;1;7;0;2;1;1;1;
35177;202100022654;161 125;A01;1;7;0;2;8;1;1;
35178;202100022655;161 123;A01;2;7;1;0;3;14;1;
35179;202100022656;161 121;A01;1;7;0;2;2;15;2;
35180;202100022656;161 122;B01;1;33;0;2;0;1;1;
35181;202100022657;161 120;A01;1;10;7;0;1;14;1;
35182;202100022658;161 118;B01;3;10;0;0;3;16;1;
35183;202100022658;161 119;A01;3;50;0;2;1;9;3;
35184;202100022659;161 116;A01;1;50;0;2;1;5;3;
35185;202100022659;161 117;B01;1;1;0;2;1;1;5;
35186;202100022660;161 114;B01;2;13;0;2;0;23;6;
35187;202100022660;161 115;A01;2;7;0;2;2;1;1;
35188;202100022661;161 113;A01;2;30;0;0;0;21;1;
35189;202100022662;161 111;B01;2;37;0;2;3;1;2;5.0
35190;202100022662;161 112;A01;2;7;0;2;5;15;1;
35191;202100022663;161 110;Z01;2;1;0;1;1;25;5;
35192;202100022664;161 108;A01;3;7;0;2;1;2;1;
35193;202100022664;161 109;B01;3;7;0;2;0;23;1;
35194;202100022665;161 106;A01;1;10;0;2;3;9;1;
35195;202100022665;161 107;B01;1;33;0;2;2;1;1;
35196;202100022667;161 102;A01;2;32;0;0;0;9;1;
35197;202100022668;161 100;A01;1;38;0;2;1;1;0;1.0
35198;202100022668;161 101;B01;1;38;0;2;1;5;1;1.0
35199;202100022669;161 098;A01;1;7;0;2;2;16;1;
35200;202100022669;161 099;B01;1;33;0;0;3;16;1;
35201;202100022670;161 096;B01;2;32;0;2;1;1;1;
35202;202100022670;161 097;A01;3;7;0;2;1;9;1;
35203;202100022671;161 094;A01;2;7;0;2;3;20;1;
35204;202100022671;161 095;B01;2;31;0;2;1;1;1;
35205;202100022672;161 092;A01;2;7;0;2;1;9;1;
35206;202100022672;161 093;B01;2;37;0;2;7;2;1;1.0
35207;202100022673;161 091;A01;1;10;0;1;0;0;0;
35208;202100022674;161 089;A01;1;3;1;0;2;1;1;
35209;202100022674;161 090;B01;0;3;0;2;6;24;1;
35210;202100022675;161 087;A01;3;7;0;2;3;16;1;
35211;202100022675;161 088;B01;3;7;0;2;2;1;1;
35212;202100022676;161 085;A01;3;7;0;2;2;12;1;
35213;202100022676;161 086;B01;3;7;0;2;3;0;1;
35214;202100022677;161 083;B01;2;50;0;2;8;1;3;
35215;202100022677;161 084;A01;2;37;0;2;2;1;0;1.0
35216;202100022678;161 079;A01;1;10;0;2;0;2;1;
35217;202100022678;161 080;B01;1;7;0;9;1;2;1;
35218;202100022678;161 081;C01;1;33;0;9;8;2;1;
35219;202100022678;161 082;D01;1;33;0;2;1;2;1;
35220;202100022679;161 077;A01;1;10;0;2;2;2;1;
35221;202100022679;161 078;B01;1;7;0;2;4;2;1;
35222;202100022680;161 073;A01;2;7;0;2;1;1;1;
35223;202100022680;161 074;B01;2;7;0;2;4;1;1;
35224;202100022680;161 075;C01;2;7;0;2;4;1;1;
35225;202100022680;161 076;D01;2;7;0;2;4;1;1;
35226;202100022681;161 071;A01;2;15;0;2;7;14;1;
35227;202100022681;161 072;B01;2;10;3;2;6;1;1;
35228;202100022682;161 070;A01;1;7;0;0;2;1;1;
35229;202100022683;161 067;C01;2;7;0;2;7;1;1;
35230;202100022683;161 068;B01;2;7;0;2;9;1;1;
35231;202100022683;161 069;A01;2;17;0;2;2;12;1;
35232;202100022684;161 065;B01;2;7;0;2;7;12;1;
35233;202100022684;161 066;A01;2;34;0;2;8;9;1;
35234;202100022685;161 064;A01;1;34;0;1;1;1;1;
35235;202100022686;161 062;A01;3;32;0;1;1;2;1;
35236;202100022686;161 063;Y01;3;60;0;2;0;19;0;
35237;202100022687;161 059;B01;2;7;0;2;4;2;1;
35238;202100022687;161 060;A01;2;7;0;2;1;2;1;
35239;202100022687;161 061;C01;2;10;0;2;4;2;1;
35240;202100022688;161 057;A01;3;7;0;2;1;26;1;
35241;202100022688;161 058;B01;3;7;0;2;4;15;1;
35242;202100022689;161 055;B01;1;1;0;2;8;0;5;
35243;202100022689;161 056;A01;1;7;0;2;3;15;1;
35244;202100022690;161 053;A01;1;10;0;2;1;19;0;
35245;202100022690;161 054;B01;2;10;0;2;3;15;0;
35246;202100022691;161 052;A01;2;7;0;0;1;1;1;
35247;202100022692;161 048;A01;3;7;0;2;1;5;0;
35248;202100022692;161 049;B01;3;10;0;2;1;0;0;
35249;202100022692;161 050;C01;3;33;3;2;1;5;0;
35250;202100022692;161 051;D01;3;33;4;2;1;5;0;
35251;202100022693;161 047;A01;2;32;0;0;8;1;1;
35252;202100022694;161 046;A01;2;1;12;0;1;1;5;
35253;202100022695;161 042;D01;1;7;0;2;2;1;1;
35254;202100022695;161 043;C01;1;7;0;2;8;1;1;
35255;202100022695;161 044;B01;1;2;0;2;1;3;1;
35256;202100022695;161 045;A01;1;7;0;2;1;1;1;
35257;202100022696;161 036;B01;1;7;0;2;0;2;1;
35258;202100022696;161 037;A01;1;7;0;2;1;2;1;
35259;202100022697;161 034;A01;3;14;0;2;4;4;1;
35260;202100022697;161 035;B01;3;2;0;2;9;1;1;
35261;202100022698;161 033;A01;3;7;0;1;1;1;1;
35262;202100022699;161 031;B01;1;33;0;2;3;26;1;
35263;202100022699;161 032;A01;2;33;0;1;1;13;1;
35264;202100022700;161 029;A01;2;7;0;2;1;1;1;
35265;202100022700;161 030;B01;1;7;0;2;1;2;1;
35266;202100022701;161 022;A01;0;7;0;2;1;1;1;
35267;202100022701;161 023;B01;0;1;0;2;8;1;5;
35268;202100022702;161 019;B01;2;7;0;2;3;1;1;
35269;202100022702;161 020;C01;2;7;0;2;1;1;1;
35270;202100022702;161 021;A01;1;7;0;2;1;13;1;
35271;202100022703;161 018;A01;2;7;0;1;1;15;1;
35272;202100022704;161 016;A01;0;7;0;2;2;1;1;
35273;202100022704;161 017;B01;0;50;0;2;1;15;3;
35274;202100022705;161 014;B01;1;7;0;2;6;9;1;
35275;202100022705;161 015;A01;1;30;0;2;1;26;3;
35276;202100022706;161 012;A01;3;1;0;2;1;19;5;
35277;202100022706;161 013;B01;1;7;0;2;1;1;1;
35278;202100022707;161 010;A01;3;10;0;2;7;16;1;
35279;202100022707;161 011;B01;3;34;0;2;8;16;1;
35280;202100022708;161 008;A01;2;3;0;2;1;19;1;
35281;202100022708;161 009;B01;2;7;0;2;1;19;1;
35282;202100022709;161 006;A01;3;7;0;2;1;1;1;
35283;202100022709;161 007;B01;3;1;0;2;7;19;5;
35284;202100022710;161 004;B01;2;50;0;2;8;1;3;
35285;202100022710;161 005;A01;1;7;0;2;3;15;1;
35286;202100022711;161 003;A01;1;7;1;0;1;26;1;
35287;202100022712;161 001;B01;2;1;0;2;7;1;5;
35288;202100022712;161 002;A01;2;7;0;2;8;22;1;
35289;202100022713;161 000;A01;1;7;4;0;3;1;1;
35290;202100022714;160 998;B01;1;7;0;2;6;2;1;
35291;202100022714;160 999;A01;1;7;0;2;2;17;1;
35292;202100022715;160 996;B01;1;7;0;2;4;1;1;
35293;202100022715;160 997;A01;1;7;0;2;1;2;2;
35294;202100022716;160 994;A01;1;33;0;2;1;16;1;
35295;202100022716;160 995;B01;1;7;0;2;3;16;3;
35296;202100022717;160 992;A01;1;10;0;2;1;2;1;
35297;202100022717;160 993;B01;1;7;0;2;6;1;1;
35298;202100022719;160 989;B01;3;1;0;2;7;19;0;
35299;202100022719;160 990;A01;1;7;0;2;1;1;1;
35300;202100022720;160 988;A01;3;7;0;1;1;9;1;
35301;202100022721;160 986;A01;1;2;0;2;1;13;1;
35302;202100022721;160 987;B01;1;7;0;2;3;1;1;
35303;202100022722;160 984;B01;1;1;0;2;1;1;5;
35304;202100022722;160 985;A01;2;30;0;2;1;1;1;
35305;202100022723;160 982;A01;2;60;0;2;1;1;5;
35306;202100022723;160 983;B01;1;7;0;0;7;0;1;
35307;202100022724;160 981;A01;1;7;0;1;1;26;1;
35308;202100022725;160 979;A01;1;33;0;2;2;17;1;
35309;202100022725;160 980;B01;1;7;0;2;3;15;1;
35310;202100022726;160 977;A01;1;33;0;2;3;1;1;
35311;202100022726;160 978;B01;2;7;0;2;3;15;1;
35312;202100022727;160 975;B01;1;7;0;2;6;1;2;
35313;202100022727;160 976;A01;1;7;0;2;3;1;1;
35314;202100022728;160 973;B01;3;33;0;2;9;1;1;
35315;202100022728;160 974;A01;3;7;0;2;6;15;1;
35316;202100022729;160 972;A01;1;7;0;1;0;15;0;
35317;202100022730;160 970;A01;3;1;0;2;4;25;5;
35318;202100022730;160 971;B01;3;7;0;2;1;1;1;
35319;202100022731;160 968;B01;1;2;0;2;0;0;1;
35320;202100022731;160 969;A01;1;7;0;2;6;16;1;
35321;202100022732;160 967;A01;0;40;0;1;2;1;3;
35322;202100022733;160 965;A01;3;32;0;2;1;13;1;
35323;202100022733;160 966;B01;3;7;0;2;0;0;1;
35324;202100022734;160 963;B01;2;7;0;2;3;1;1;
35325;202100022734;160 964;A01;1;7;0;2;3;13;1;
35326;202100022735;160 961;A01;2;7;0;2;3;13;1;
35327;202100022735;160 962;B01;1;7;0;2;3;1;1;
35328;202100022737;160 957;A01;3;30;0;2;8;15;1;
35329;202100022737;160 958;B01;3;30;0;2;1;13;1;
35330;202100022738;160 955;A01;3;7;0;2;3;16;1;
35331;202100022738;160 956;B01;3;7;0;2;4;0;0;
35332;202100022739;160 953;A01;1;7;0;2;1;26;1;
35333;202100022739;160 954;B01;2;7;0;2;2;26;1;
35334;202100022740;160 952;A01;1;7;13;0;1;19;1;
35335;202100022741;160 949;A01;2;31;0;2;1;2;1;
35336;202100022741;160 950;B01;2;7;0;2;5;23;1;
35337;202100022741;160 951;C01;2;7;0;2;6;23;1;
35338;202100022742;160 948;A01;1;7;6;0;2;14;0;
35339;202100022743;160 947;A01;2;32;0;0;0;3;3;
35340;202100022744;160 946;Z01;2;7;4;0;2;14;1;
35341;202100022745;160 944;A01;3;7;0;2;3;1;1;
35342;202100022745;160 945;B01;3;30;0;2;7;1;1;
35343;202100022747;160 940;Z01;2;7;0;2;0;18;0;
35344;202100022747;160 941;A01;2;30;0;2;0;1;1;
35345;202100022748;160 938;Z01;1;30;0;2;3;15;0;
35346;202100022748;160 939;A01;2;30;0;0;8;1;1;
35347;202100022749;160 936;B01;1;1;0;2;1;1;5;
35348;202100022749;160 937;A01;1;10;0;2;6;4;3;
35349;202100022750;160 934;A01;2;7;0;2;3;22;1;
35350;202100022750;160 935;B01;2;50;0;2;1;1;3;
35351;202100022751;160 932;A01;2;10;0;2;3;13;1;
35352;202100022751;160 933;B01;2;1;0;2;2;17;5;
35353;202100022752;160 930;A01;2;31;0;2;4;2;1;
35354;202100022752;160 931;B01;2;33;0;2;4;15;1;
35355;202100022753;160 928;B01;1;32;0;2;2;1;1;
35356;202100022753;160 929;A01;1;7;0;2;3;11;0;
35357;202100022754;160 927;A01;3;99;0;0;0;1;3;