;Num_Acc;id_vehicule;num_veh;senc;catv;obs;obsm;choc;manv;motor;occutc
35358;202100022755;160 926;A01;2;7;0;1;2;1;1;
35359;202100022756;160 924;A01;0;10;0;2;1;0;1;
35360;202100022756;160 925;B01;0;7;0;2;1;0;1;
35361;202100022757;160 923;A01;1;7;0;1;1;19;1;
35362;202100022759;160 919;A01;2;7;0;2;3;2;2;
35363;202100022759;160 920;B01;1;30;0;2;6;1;1;
35364;202100022760;160 917;B01;2;1;0;2;1;2;5;
35365;202100022760;160 918;A01;2;7;0;2;5;20;1;
35366;202100022761;160 915;A01;2;7;0;9;2;16;1;
35367;202100022761;160 916;B01;2;50;0;2;0;0;3;
35368;202100022762;160 913;A01;2;3;0;2;3;20;6;
35369;202100022762;160 914;B01;2;2;0;2;1;17;0;
35370;202100022763;160 909;D01;2;33;0;2;1;1;1;
35371;202100022763;160 910;C01;2;7;0;2;1;1;1;
35372;202100022763;160 911;B01;2;7;0;2;4;1;1;
35373;202100022763;160 912;A01;2;7;0;2;4;1;1;
35374;202100022764;160 907;A01;1;7;0;2;6;2;1;
35375;202100022764;160 908;B01;1;7;0;2;2;2;1;
35376;202100022766;160 904;A01;1;7;4;0;1;1;1;
35377;202100022766;160 905;B01;1;10;0;2;2;23;1;
35378;202100022768;160 900;B01;2;7;3;0;5;0;1;
35379;202100022768;160 901;Z01;2;7;0;2;1;1;1;
35380;202100022768;160 902;C01;1;7;3;0;3;1;1;
35381;202100022769;160 899;A01;1;7;2;0;1;26;1;
35382;202100022770;160 898;A01;1;33;4;2;1;9;1;
35383;202100022771;160 896;A01;1;7;0;2;7;12;1;
35384;202100022771;160 897;B01;1;31;0;2;6;11;1;
35385;202100022772;160 894;B01;1;7;0;2;4;1;1;
35386;202100022772;160 895;A01;1;7;0;2;1;9;1;
35387;202100022773;160 892;A01;1;7;0;2;4;1;1;
35388;202100022773;160 893;B01;1;10;0;2;1;1;1;
35389;202100022774;160 890;A01;2;7;0;2;3;2;1;
35390;202100022774;160 891;B01;0;7;0;2;5;2;2;
35391;202100022775;160 889;A01;2;7;3;0;3;1;1;
35392;202100022776;160 888;A01;1;33;0;0;7;15;1;
35393;202100022778;160 885;X01;2;7;0;2;1;12;0;
35394;202100022778;160 886;A01;2;43;0;2;3;9;1;
35395;202100022779;160 883;B01;3;30;0;2;1;21;1;
35396;202100022779;160 884;A01;3;32;0;2;8;17;1;
35397;202100022780;160 882;A01;1;7;0;0;1;14;1;
35398;202100022782;160 878;A01;0;7;0;2;1;1;1;
35399;202100022782;160 879;B01;1;2;0;2;4;1;1;
35400;202100022783;160 876;A01;1;7;0;2;1;26;0;
35401;202100022783;160 877;B01;1;2;0;2;0;0;1;
35402;202100022784;160 874;A01;1;7;0;2;2;1;1;
35403;202100022784;160 875;B01;2;32;0;2;1;13;1;
35404;202100022785;160 873;A01;1;7;0;1;5;20;1;
35405;202100022786;160 872;A01;0;30;8;0;1;1;1;
35406;202100022787;160 871;A01;2;17;2;0;2;14;1;
35407;202100022788;160 870;A01;0;41;0;0;0;26;1;
35408;202100022789;160 869;A01;1;7;3;0;2;9;1;
35409;202100022790;160 867;A01;2;7;0;2;8;10;1;
35410;202100022790;160 868;B01;3;33;0;2;2;17;1;
35411;202100022791;160 865;B01;1;7;0;2;6;15;1;
35412;202100022791;160 866;A01;1;32;0;2;2;17;1;
35413;202100022792;160 863;B01;1;33;0;2;1;1;1;
35414;202100022792;160 864;A01;1;7;0;2;6;10;1;
35415;202100022793;160 861;A01;0;1;0;2;1;1;5;
35416;202100022793;160 862;B01;0;7;0;2;5;26;2;
35417;202100022794;160 860;A01;2;10;0;1;4;4;1;
35418;202100022795;160 859;A01;1;7;0;1;3;1;1;
35419;202100022796;160 857;B01;2;7;0;2;1;1;1;
35420;202100022796;160 858;A01;1;7;0;2;0;15;1;
35421;202100022797;160 855;Z01;1;7;0;2;0;20;1;
35422;202100022797;160 856;B01;1;30;0;2;0;1;1;
35423;202100022798;160 853;B01;2;1;0;2;5;19;5;
35424;202100022798;160 854;A01;1;30;0;2;1;18;1;
35425;202100022799;160 851;B01;1;10;6;2;6;1;1;
35426;202100022799;160 852;A01;2;7;6;2;3;19;1;
35427;202100022800;160 849;B01;2;2;0;2;1;19;1;
35428;202100022800;160 850;A01;2;7;0;2;2;15;1;
35429;202100022802;160 846;B01;1;30;0;2;1;1;1;
35430;202100022802;160 847;A01;1;7;0;2;2;1;1;
35431;202100022803;160 845;A01;1;7;2;0;1;14;1;
35432;202100022804;160 843;B01;2;7;0;2;1;1;1;
35433;202100022804;160 844;A01;1;7;0;2;1;13;1;
35434;202100022805;160 842;A01;2;7;12;0;0;13;1;
35435;202100022806;160 841;A01;1;33;0;0;1;26;1;
35436;202100022807;160 839;A01;3;30;0;2;1;18;1;
35437;202100022807;160 840;B01;3;7;0;0;7;16;1;
35438;202100022808;160 837;A01;1;7;1;2;1;26;1;
35439;202100022808;160 838;B01;0;30;0;0;0;0;3;
35440;202100022809;160 836;A01;3;33;0;0;0;1;1;
35441;202100022810;160 834;A01;1;7;0;2;7;15;1;
35442;202100022810;160 835;B01;2;2;0;2;1;1;1;
35443;202100022811;160 832;A01;3;7;0;2;8;26;1;
35444;202100022811;160 833;B01;3;33;0;2;7;1;1;
35445;202100022812;160 831;A01;1;7;0;1;1;26;1;
35446;202100022813;160 830;A01;0;7;13;0;1;0;1;
35447;202100022814;160 828;B01;1;32;0;2;1;1;1;
35448;202100022814;160 829;A01;1;7;0;2;5;10;1;
35449;202100022815;160 826;A01;2;7;0;2;2;15;1;
35450;202100022815;160 827;B01;1;33;0;2;3;1;1;
35451;202100022816;160 824;A01;2;7;0;2;1;1;1;
35452;202100022816;160 825;B01;1;10;0;2;3;1;1;
35453;202100022817;160 823;A01;1;32;0;1;1;1;1;
35454;202100022818;160 821;B01;3;50;0;2;0;0;3;
35455;202100022818;160 822;A01;3;7;0;2;1;26;1;
35456;202100022819;160 819;B01;2;7;0;9;8;1;1;
35457;202100022819;160 820;A01;1;50;0;2;3;13;3;
35458;202100022820;160 817;A01;1;30;0;2;4;1;1;
35459;202100022820;160 818;Z01;1;7;0;2;1;14;0;
35460;202100022821;160 816;A01;1;7;4;0;1;14;1;
35461;202100022822;160 815;A01;1;7;4;0;1;12;1;
35462;202100022823;160 814;Z01;2;1;0;1;1;1;5;
35463;202100022824;160 812;B01;1;7;0;2;5;2;1;
35464;202100022824;160 813;A01;1;33;0;2;1;2;1;
35465;202100022825;160 811;A01;2;7;14;0;1;13;1;
35466;202100022826;160 809;A01;1;2;0;2;2;19;1;
35467;202100022826;160 810;B01;1;7;0;2;3;15;1;
35468;202100022827;160 808;A01;3;7;9;0;1;21;1;
35469;202100022829;160 804;B01;1;7;1;0;0;0;0;
35470;202100022829;160 805;A01;0;7;1;2;4;24;1;
35471;202100022831;160 801;A01;2;30;2;0;0;21;3;
35472;202100022832;160 799;B01;0;30;0;2;1;1;1;
35473;202100022832;160 800;A01;1;7;0;2;1;1;1;
35474;202100022833;160 798;A01;1;14;0;1;4;20;1;
35475;202100022834;160 797;A01;3;2;0;0;7;1;1;
35476;202100022835;160 794;A01;3;33;1;2;3;1;1;
35477;202100022835;160 795;B01;3;7;0;2;3;15;1;
35478;202100022835;160 796;C01;0;7;0;9;3;23;1;
35479;202100022837;160 790;B01;2;7;0;2;1;1;1;
35480;202100022837;160 791;A01;2;7;13;2;2;14;1;
35481;202100022838;160 788;A01;1;7;0;2;3;1;1;
35482;202100022838;160 789;B01;2;7;0;2;3;1;1;
35483;202100022839;160 787;A01;2;15;0;1;2;26;1;
35484;202100022840;160 786;A01;2;33;5;0;8;1;1;
35485;202100022841;160 784;B01;1;7;0;2;3;1;1;
35486;202100022841;160 785;A01;2;7;0;2;5;16;1;
35487;202100022842;160 783;A01;0;33;3;0;8;0;1;
35488;202100022843;160 782;A01;1;7;13;0;1;1;1;
35489;202100022845;160 780;A01;1;33;2;0;1;13;1;
35490;202100022846;160 779;A01;1;36;0;6;2;1;1;
35491;202100022847;160 778;A01;1;7;6;0;3;13;1;
35492;202100022848;160 777;A01;2;7;2;0;3;17;1;
35493;202100022849;160 775;A01;1;33;0;2;3;13;1;
35494;202100022849;160 776;B01;2;7;0;9;3;13;1;
35495;202100022851;160 769;A01;2;7;0;2;2;1;1;
35496;202100022851;160 770;B01;2;1;0;0;4;1;5;
35497;202100022852;160 767;B01;1;7;0;2;4;23;1;
35498;202100022852;160 768;A01;1;3;0;2;1;2;1;
35499;202100022853;160 766;A01;1;33;0;0;8;1;1;
35500;202100022855;160 763;A01;1;7;2;0;2;1;2;
35501;202100022856;160 761;A01;1;33;0;2;1;1;1;
35502;202100022856;160 762;B01;2;99;0;2;3;19;1;
35503;202100022857;160 760;A01;1;1;6;0;1;2;5;
35504;202100022858;160 758;A01;1;14;0;2;3;21;1;
35505;202100022858;160 759;B01;2;14;0;2;3;13;1;
35506;202100022859;160 756;A01;1;7;0;0;3;15;1;
35507;202100022859;160 757;B01;1;33;0;2;1;17;1;
35508;202100022861;160 753;A01;1;14;6;0;1;13;1;
35509;202100022862;160 751;A01;2;15;3;2;2;13;1;
35510;202100022862;160 752;B01;2;7;0;2;7;2;1;
35511;202100022863;160 750;A01;3;7;0;1;2;26;1;
35512;202100022864;160 749;A01;1;7;0;1;2;21;1;
35513;202100022865;160 748;A01;3;0;0;1;0;0;0;
35514;202100022866;160 746;A01;1;1;0;2;6;1;5;
35515;202100022866;160 747;B01;2;7;0;9;1;15;1;
35516;202100022867;160 744;A01;2;33;0;2;1;17;1;
35517;202100022867;160 745;B01;2;7;0;2;8;15;1;
35518;202100022868;160 742;A01;1;10;0;2;3;5;1;
35519;202100022868;160 743;B01;2;14;0;2;3;1;0;
35520;202100022869;160 741;A01;2;10;8;0;3;14;1;
35521;202100022870;160 739;B01;1;7;0;2;6;1;1;
35522;202100022870;160 740;A01;1;7;0;2;2;1;1;
35523;202100022871;160 735;B01;1;2;0;2;8;1;1;
35524;202100022871;160 736;A01;2;7;0;2;3;15;1;
35525;202100022872;160 734;A01;1;31;0;0;7;1;1;
35526;202100022873;160 731;A01;3;7;6;0;1;17;1;
35527;202100022874;160 729;A01;2;1;0;2;1;0;5;
35528;202100022874;160 730;B01;1;13;0;9;3;13;1;
35529;202100022875;160 728;A01;3;7;2;0;3;1;1;
35530;202100022876;160 726;B01;1;15;0;2;1;1;1;
35531;202100022876;160 727;A01;2;7;0;2;1;13;1;
35532;202100022877;160 725;A01;1;10;0;1;1;1;1;
35533;202100022878;160 724;A01;3;7;0;0;9;1;1;
35534;202100022879;160 722;B01;3;7;0;2;3;1;1;
35535;202100022879;160 723;A01;3;1;0;2;3;5;5;
35536;202100022880;160 721;A01;3;2;0;0;7;0;1;
35537;202100022881;160 720;A01;2;7;0;2;8;1;1;
35538;202100022882;160 718;B01;2;32;0;2;1;12;1;
35539;202100022882;160 719;A01;2;7;0;2;6;1;1;
35540;202100022883;160 716;B01;2;99;0;2;0;1;1;
35541;202100022883;160 717;A01;2;10;0;2;8;1;1;
35542;202100022884;160 715;A01;1;7;13;5;1;1;1;
35543;202100022885;160 714;A01;2;34;0;0;0;1;1;
35544;202100022886;160 712;B01;1;7;0;2;4;2;1;
35545;202100022886;160 713;A01;1;7;0;2;1;2;1;
35546;202100022887;160 710;B01;2;7;0;2;2;1;1;
35547;202100022887;160 711;A01;2;7;4;2;3;1;1;
35548;202100022888;160 708;B01;1;7;0;2;3;1;1;
35549;202100022888;160 709;A01;1;14;0;2;2;14;1;
35550;202100022889;160 706;A01;1;43;0;2;8;3;1;
35551;202100022889;160 707;B01;2;7;0;2;7;1;1;
35552;202100022892;160 700;B01;3;1;0;2;8;1;5;
35553;202100022892;160 701;A01;3;7;0;2;1;15;1;
35554;202100022893;160 699;A01;1;7;0;1;3;1;1;
35555;202100022894;160 697;B01;1;7;0;2;8;24;1;
35556;202100022894;160 698;A01;2;7;1;0;1;1;3;
35557;202100022895;160 696;Z01;2;0;0;1;1;25;0;
35558;202100022897;160 694;A01;1;7;2;0;1;1;1;
35559;202100022898;160 692;B01;2;7;0;2;3;1;1;
35560;202100022898;160 693;A01;1;7;0;2;2;1;1;
35561;202100022899;160 691;A01;1;7;8;9;1;26;1;
35562;202100022900;160 690;A01;1;7;0;1;3;1;1;
35563;202100022901;160 688;B01;1;7;0;2;5;1;1;
35564;202100022901;160 689;A01;1;33;0;2;1;1;1;
35565;202100022902;160 686;B01;3;1;0;2;7;1;5;
35566;202100022902;160 687;A01;3;7;0;2;3;1;1;
35567;202100022903;160 684;A01;1;7;0;2;6;15;1;
35568;202100022903;160 685;B01;1;2;0;2;1;2;1;
35569;202100022904;160 683;Z01;1;99;0;9;7;17;0;
35570;202100022905;160 680;A01;0;7;9;0;1;1;1;
35571;202100022906;160 678;B01;1;7;0;2;6;15;1;
35572;202100022906;160 679;A01;1;2;0;2;1;17;1;
35573;202100022907;160 676;B01;2;33;0;2;1;1;1;
35574;202100022907;160 677;A01;1;7;0;2;2;9;1;
35575;202100022908;160 674;A01;1;10;0;9;4;1;1;
35576;202100022908;160 675;B01;2;1;0;2;1;1;0;
35577;202100022909;160 671;A01;2;7;0;2;3;13;0;
35578;202100022909;160 672;B01;1;1;0;2;1;1;5;
35579;202100022909;160 673;C01;1;1;0;2;1;1;5;
35580;202100022910;160 669;B01;1;80;0;2;1;1;3;
35581;202100022910;160 670;A01;2;7;0;2;3;15;1;
35582;202100022911;160 667;A01;1;31;0;2;8;18;1;
35583;202100022911;160 668;B01;1;7;0;2;2;1;1;
35584;202100022912;160 665;A01;2;30;0;2;1;18;1;
35585;202100022912;160 666;B01;2;7;0;2;2;16;1;
35586;202100022913;160 664;B01;3;7;0;1;2;26;1;
35587;202100022915;160 661;A01;1;1;0;2;0;2;2;
35588;202100022915;160 662;B01;1;1;0;2;0;1;5;
35589;202100022916;160 660;A01;3;7;0;1;1;1;1;
35590;202100022917;160 659;A01;1;31;0;1;2;26;1;
35591;202100022918;160 657;A01;2;7;1;0;5;26;1;
35592;202100022918;160 658;B01;1;7;0;2;2;0;1;
35593;202100022919;160 655;A01;2;7;0;2;0;13;1;
35594;202100022919;160 656;B01;1;31;0;2;8;1;1;
35595;202100022920;160 654;A01;3;33;0;1;1;17;1;
35596;202100022921;160 653;A01;3;10;0;1;4;26;1;
35597;202100022923;160 647;B01;2;32;0;2;1;1;1;
35598;202100022923;160 648;A01;1;7;0;2;2;15;2;
35599;202100022924;160 646;A01;0;7;0;1;8;1;1;
35600;202100022925;160 645;A01;2;7;0;1;2;4;1;
35601;202100022926;160 643;Z01;3;32;0;2;1;5;1;
35602;202100022926;160 644;A01;1;7;0;2;8;1;1;
35603;202100022927;160 641;A01;2;7;0;2;2;15;1;
35604;202100022927;160 642;B01;1;7;0;2;3;9;1;
35605;202100022928;160 639;A01;2;7;0;2;2;11;2;
35606;202100022928;160 640;B01;2;1;0;2;1;1;5;
35607;202100022929;160 637;A01;2;7;0;0;5;10;0;
35608;202100022929;160 638;B01;1;33;0;2;1;1;0;
35609;202100022930;160 635;A01;3;7;0;2;3;19;1;
35610;202100022930;160 636;B01;3;7;0;2;3;15;1;
35611;202100022931;160 634;A01;3;10;0;0;8;26;1;
35612;202100022932;160 632;B01;3;30;0;2;4;1;1;
35613;202100022932;160 633;A01;3;30;0;2;2;0;1;
35614;202100022933;160 630;A01;2;30;9;2;1;1;1;
35615;202100022933;160 631;B01;2;7;0;2;1;16;1;
35616;202100022934;160 628;A01;1;7;0;1;1;25;1;
35617;202100022935;160 626;A01;1;10;13;2;3;13;1;
35618;202100022935;160 627;B01;2;7;0;2;8;1;1;
35619;202100022936;160 624;B01;2;1;0;0;4;0;5;
35620;202100022936;160 625;A01;2;10;0;9;1;2;1;
35621;202100022937;160 622;A01;2;33;13;2;3;1;1;
35622;202100022937;160 623;B01;1;7;0;2;3;0;0;
35623;202100022938;160 620;A01;2;7;0;2;1;19;1;
35624;202100022938;160 621;B01;2;31;0;2;8;1;1;
35625;202100022939;160 618;B01;3;7;0;2;1;1;2;
35626;202100022939;160 619;A01;3;7;0;2;1;13;1;
35627;202100022940;160 616;A01;3;33;0;2;1;1;1;
35628;202100022940;160 617;B01;3;7;0;0;7;26;1;
35629;202100022942;160 613;A01;1;33;0;0;0;1;1;
35630;202100022943;160 612;A01;2;33;0;0;8;1;1;
35631;202100022944;160 611;A01;1;7;0;0;1;1;1;
35632;202100022945;160 609;A01;3;33;12;2;0;1;1;
35633;202100022945;160 610;B01;3;7;0;2;3;13;1;
35634;202100022946;160 607;B01;1;7;0;0;0;0;1;
35635;202100022946;160 608;A01;2;31;0;9;0;1;1;
35636;202100022947;160 606;A01;2;2;3;0;0;0;1;
35637;202100022949;160 603;A01;2;33;0;2;2;1;1;
35638;202100022949;160 604;B01;2;7;0;2;8;19;1;
35639;202100022950;160 601;B01;2;31;0;2;8;11;1;
35640;202100022950;160 602;A01;1;7;0;2;1;1;1;
35641;202100022952;160 596;A01;0;30;16;0;0;0;1;
35642;202100022953;160 595;A01;2;7;2;0;2;1;1;
35643;202100022954;160 593;B01;1;7;0;2;3;13;1;
35644;202100022954;160 594;A01;1;37;0;2;2;1;1;1.0
35645;202100022956;160 589;B01;2;10;0;2;1;13;1;
35646;202100022956;160 590;A01;1;7;0;2;1;5;1;
35647;202100022957;160 588;A01;2;1;0;9;1;1;5;
35648;202100022958;160 587;A01;1;7;13;0;1;13;1;
35649;202100022959;160 586;A01;2;7;13;0;0;0;1;
35650;202100022960;160 584;A01;1;1;0;2;7;17;5;
35651;202100022960;160 585;B01;1;7;0;2;3;2;1;
35652;202100022961;160 583;A01;1;33;8;0;0;1;1;
35653;202100022962;160 581;A01;1;7;0;2;1;2;1;
35654;202100022962;160 582;B01;1;7;0;0;4;1;1;
35655;202100022963;160 579;A01;0;7;0;2;3;2;1;
35656;202100022963;160 580;B01;0;80;0;2;4;2;3;
35657;202100022964;160 578;A01;3;7;14;0;1;1;1;
35658;202100022965;160 576;B01;2;33;0;2;1;17;1;
35659;202100022965;160 577;A01;2;21;0;2;3;15;1;
35660;202100022966;160 575;A01;1;7;13;0;1;14;1;
35661;202100022968;160 572;A01;3;36;0;0;7;15;1;
35662;202100022971;160 567;B01;2;99;0;2;3;1;1;
35663;202100022971;160 568;A01;1;7;0;2;3;13;1;
35664;202100022972;160 565;B01;1;39;0;4;2;1;3;
35665;202100022972;160 566;A01;1;7;13;4;0;0;1;
35666;202100022973;160 564;A01;2;7;16;0;0;1;1;
35667;202100022974;160 563;A01;3;7;0;1;1;1;1;
35668;202100022975;160 561;A01;2;7;15;2;7;1;1;
35669;202100022975;160 562;B01;2;7;15;0;8;1;1;
35670;202100022976;160 559;A01;1;15;0;2;6;1;1;
35671;202100022976;160 560;B01;1;10;0;2;1;2;1;
35672;202100022977;160 558;A01;2;7;4;0;1;2;1;
35673;202100022978;160 556;B01;1;34;0;2;1;1;1;
35674;202100022978;160 557;A01;1;7;0;2;2;9;1;
35675;202100022979;160 552;D01;1;7;0;9;1;1;1;
35676;202100022979;160 553;C01;1;7;0;2;1;1;1;
35677;202100022979;160 554;B01;1;7;0;2;3;17;1;
35678;202100022979;160 555;A01;1;15;6;2;3;1;6;
35679;202100022980;160 550;A01;1;7;0;2;3;13;1;
35680;202100022980;160 551;B01;1;7;0;2;6;1;1;
35681;202100022981;160 549;A01;1;7;0;1;3;1;1;
35682;202100022982;160 547;A01;2;7;0;2;3;19;1;
35683;202100022982;160 548;B01;1;33;0;2;1;1;1;
35684;202100022983;160 545;A01;2;7;0;2;2;13;1;
35685;202100022983;160 546;B01;1;7;0;2;1;1;1;
35686;202100022984;160 543;B01;-1;39;0;2;2;1;3;
35687;202100022984;160 544;A01;2;7;0;4;3;1;1;
35688;202100022985;160 542;A01;2;7;7;0;6;0;1;
35689;202100022986;160 541;A01;2;7;0;1;0;1;1;
35690;202100022987;160 539;A01;1;7;2;0;6;1;1;
35691;202100022987;160 540;B01;1;15;0;2;2;17;0;
35692;202100022988;160 537;B01;1;1;0;0;4;1;5;
35693;202100022988;160 538;A01;1;1;0;2;1;2;5;
35694;202100022989;160 535;A01;1;33;12;2;7;1;1;
35695;202100022989;160 536;B01;3;7;0;2;3;9;1;
35696;202100022990;160 534;A01;2;7;0;1;2;14;1;
35697;202100022992;160 531;B01;1;7;0;2;6;23;1;
35698;202100022992;160 532;A01;2;43;6;0;3;0;1;
35699;202100022993;160 529;B01;2;7;4;2;5;17;1;
35700;202100022993;160 530;A01;2;10;0;2;1;3;1;
35701;202100022994;160 528;A01;1;7;0;0;1;12;1;
35702;202100022995;160 526;B01;1;2;0;2;2;12;1;
35703;202100022995;160 527;A01;1;99;0;2;6;1;1;
35704;202100022996;160 524;A01;2;7;0;2;5;12;1;
35705;202100022996;160 525;B01;2;7;0;2;3;1;1;
35706;202100022997;160 523;A01;1;7;3;2;1;1;2;
35707;202100022998;160 520;C01;1;7;1;0;1;1;1;
35708;202100022998;160 521;B01;1;33;0;2;4;1;1;
35709;202100022998;160 522;A01;1;7;0;2;1;1;1;
35710;202100022999;160 517;A01;1;7;0;2;1;9;1;
35711;202100022999;160 518;B01;1;7;0;2;7;1;1;
35712;202100023000;160 515;B01;2;1;0;2;0;1;5;
35713;202100023000;160 516;A01;2;7;0;2;7;22;1;
35714;202100023001;160 513;A01;3;50;0;2;1;9;3;
35715;202100023001;160 514;B01;3;7;0;2;3;9;1;
35716;202100023002;160 511;B01;2;33;0;2;1;1;1;
35717;202100023002;160 512;A01;1;13;0;2;6;9;1;
35718;202100023003;160 509;A01;1;7;0;2;8;19;1;
35719;202100023003;160 510;B01;1;7;0;2;1;1;1;
35720;202100023004;160 507;A01;2;7;0;2;5;15;1;
35721;202100023004;160 508;B01;1;80;0;2;0;1;5;
35722;202100023005;160 505;A01;1;7;0;2;1;21;1;
35723;202100023005;160 506;B01;2;7;0;2;1;13;1;
35724;202100023007;160 501;A01;2;30;0;2;1;21;1;
35725;202100023007;160 502;B01;2;7;0;2;6;0;1;
35726;202100023008;160 499;C01;2;7;0;2;-1;2;-1;
35727;202100023008;160 500;A01;2;30;15;2;8;16;1;
35728;202100023009;160 498;A01;1;10;0;1;1;1;1;
35729;202100023010;160 496;B01;2;10;0;2;8;1;1;
35730;202100023010;160 497;A01;1;7;0;2;1;15;1;
35731;202100023011;160 494;A01;1;7;0;0;0;12;1;
35732;202100023011;160 495;B01;1;33;0;2;7;18;1;
35733;202100023012;160 492;B01;2;7;0;2;6;1;1;
35734;202100023012;160 493;A01;2;7;4;2;2;17;1;
35735;202100023013;160 490;A01;2;31;14;0;1;3;1;
35736;202100023013;160 491;B01;2;7;0;2;6;23;1;
35737;202100023014;160 489;A01;2;7;0;1;2;1;1;
35738;202100023015;160 488;A01;0;37;0;1;8;15;1;1.0
35739;202100023016;160 487;A01;1;7;0;0;1;0;1;
35740;202100023017;160 486;A01;1;7;0;0;2;1;1;
35741;202100023018;160 484;A01;1;7;0;2;1;1;1;
35742;202100023018;160 485;B01;2;7;0;2;0;0;1;
35743;202100023019;160 482;B01;2;10;0;2;7;15;1;
35744;202100023019;160 483;A01;1;80;0;0;1;1;3;
35745;202100023020;160 480;B01;2;30;0;2;1;1;1;
35746;202100023020;160 481;A01;1;7;0;2;3;15;1;
35747;202100023021;160 479;A01;1;30;12;0;1;26;1;
35748;202100023022;160 477;A01;2;7;0;2;7;20;2;
35749;202100023022;160 478;B01;2;2;0;2;1;18;3;
35750;202100023023;160 475;B01;1;7;0;2;1;1;1;
35751;202100023023;160 476;A01;2;7;0;2;3;1;1;
35752;202100023024;160 473;B01;2;7;0;2;6;0;1;
35753;202100023024;160 474;A01;2;7;0;2;2;0;1;
35754;202100023026;160 470;A01;1;7;0;2;1;9;1;
35755;202100023026;160 471;B01;1;7;0;2;7;9;1;
35756;202100023027;160 467;C01;1;7;0;2;4;2;1;
35757;202100023027;160 468;A01;2;7;0;2;1;2;1;
35758;202100023027;160 469;B01;1;7;0;2;4;2;1;
35759;202100023028;160 465;A01;1;7;0;2;8;9;1;
35760;202100023028;160 466;B01;2;33;0;2;1;1;1;
35761;202100023029;160 463;B01;1;1;0;2;1;1;5;
35762;202100023029;160 464;A01;1;7;0;2;3;15;1;
35763;202100023030;160 461;A01;1;2;0;2;0;1;1;
35764;202100023030;160 462;B01;2;7;0;2;0;15;1;
35765;202100023031;160 459;B01;1;7;0;2;1;1;6;
35766;202100023031;160 460;Z01;1;7;0;2;1;17;0;
35767;202100023032;160 457;A01;1;7;1;0;1;26;1;
35768;202100023032;160 458;B01;2;7;0;0;4;23;1;
35769;202100023033;160 455;B01;2;1;0;2;1;13;5;
35770;202100023033;160 456;A01;1;7;0;9;1;1;1;
35771;202100023034;160 453;A01;0;7;0;2;1;9;1;
35772;202100023034;160 454;B01;0;7;0;2;2;1;1;
35773;202100023035;160 452;A01;0;7;14;0;1;1;1;
35774;202100023036;160 451;A01;0;7;0;1;3;15;1;
35775;202100023037;160 449;B01;0;50;0;2;1;19;3;
35776;202100023037;160 450;A01;1;7;0;2;2;1;1;
35777;202100023038;160 444;A01;0;33;12;0;1;16;1;
35778;202100023040;160 438;B01;0;50;0;2;1;1;3;
35779;202100023040;160 439;A01;0;10;0;2;8;1;0;
35780;202100023041;160 436;A01;2;7;0;1;3;1;1;
35781;202100023042;160 434;B01;3;1;0;2;1;2;5;
35782;202100023042;160 435;A01;1;10;0;0;8;1;1;
35783;202100023043;160 431;B01;1;7;0;2;4;1;1;
35784;202100023043;160 432;C01;1;7;0;2;4;1;1;
35785;202100023043;160 433;A01;1;10;0;2;1;1;1;
35786;202100023044;160 430;A01;1;30;14;0;1;13;1;
35787;202100023045;160 428;A01;1;7;0;2;5;15;1;
35788;202100023045;160 429;B01;2;50;0;2;1;8;3;
35789;202100023046;160 426;Z01;1;7;0;2;1;1;0;
35790;202100023046;160 427;A01;1;50;0;2;1;19;3;
35791;202100023047;160 424;B01;1;7;0;2;5;2;1;
35792;202100023047;160 425;A01;1;7;0;2;2;2;1;
35793;202100023048;160 422;A01;2;7;0;2;3;15;0;
35794;202100023048;160 423;B01;2;2;0;2;1;2;0;
35795;202100023049;160 420;B01;2;7;0;2;5;15;1;
35796;202100023049;160 421;A01;1;1;0;2;1;1;5;
35797;202100023050;160 418;A01;1;7;0;2;1;2;1;
35798;202100023050;160 419;B01;1;7;0;2;4;23;1;
35799;202100023051;160 416;B01;1;7;0;0;7;1;1;
35800;202100023051;160 417;A01;2;7;0;0;1;19;1;
35801;202100023052;160 414;A01;2;7;0;2;0;21;1;
35802;202100023052;160 415;B01;1;1;0;2;4;0;5;
35803;202100023053;160 412;A01;2;33;0;2;9;1;1;
35804;202100023053;160 413;B01;1;7;0;2;8;1;1;
35805;202100023054;160 410;A01;0;50;0;2;2;1;2;
35806;202100023054;160 411;B01;0;7;0;2;2;1;1;
35807;202100023055;160 408;A01;3;7;0;2;1;1;1;
35808;202100023055;160 409;B01;3;7;0;2;8;9;1;
35809;202100023056;160 407;A01;1;30;0;0;7;1;1;
35810;202100023057;160 406;A01;1;1;12;0;2;14;5;
35811;202100023058;160 404;A01;1;1;0;2;1;13;5;
35812;202100023058;160 405;B01;2;7;0;2;6;1;1;
35813;202100023059;160 401;C01;1;7;0;2;4;0;1;
35814;202100023059;160 402;A01;1;7;0;2;1;2;1;
35815;202100023059;160 403;B01;1;7;0;2;4;2;1;
35816;202100023060;160 399;B01;1;50;0;2;3;1;3;
35817;202100023060;160 400;A01;1;30;0;2;1;12;1;
35818;202100023061;160 398;A01;0;7;0;1;3;1;1;
35819;202100023062;160 397;A01;1;10;0;1;8;1;1;