;Num_Acc;id_vehicule;num_veh;senc;catv;obs;obsm;choc;manv;motor;occutc
35820;202100023063;160 394;C01;1;7;0;2;8;0;1;
35821;202100023063;160 395;B01;3;7;0;2;7;1;1;
35822;202100023063;160 396;A01;1;7;0;2;1;1;1;
35823;202100023064;160 393;A01;2;7;1;0;2;1;1;
35824;202100023065;160 391;A01;1;7;0;2;1;1;1;
35825;202100023065;160 392;B01;3;7;0;2;6;15;1;
35826;202100023066;160 389;A01;1;7;0;2;2;15;1;
35827;202100023066;160 390;B01;2;33;0;2;1;1;1;
35828;202100023067;160 387;A01;1;7;6;2;2;1;1;
35829;202100023067;160 388;B01;1;7;6;2;1;1;1;
35830;202100023068;160 386;A01;1;7;0;1;3;1;1;
35831;202100023069;160 385;A01;1;33;13;0;0;1;1;
35832;202100023070;160 381;A01;2;7;14;0;1;1;0;
35833;202100023072;160 378;A01;1;99;0;1;3;15;0;
35834;202100023073;160 377;A01;3;7;14;0;1;9;1;
35835;202100023074;160 375;B01;3;10;0;2;5;0;1;
35836;202100023074;160 376;A01;3;31;0;2;2;18;1;
35837;202100023075;160 372;A01;1;2;16;0;8;1;1;
35838;202100023076;160 370;B01;1;7;0;0;8;10;-1;
35839;202100023076;160 371;A01;1;33;0;2;1;26;1;
35840;202100023077;160 367;A01;0;10;12;2;1;2;1;
35841;202100023077;160 368;B01;3;7;0;2;4;2;1;
35842;202100023077;160 369;C01;1;7;0;2;1;23;1;
35843;202100023078;160 364;C01;2;7;0;2;3;23;3;
35844;202100023078;160 365;B01;1;7;0;2;1;1;1;
35845;202100023078;160 366;A01;2;7;0;2;9;13;1;
35846;202100023079;160 362;A01;3;1;0;2;8;19;0;
35847;202100023079;160 363;B01;3;7;0;2;1;0;1;
35848;202100023080;160 360;A01;0;7;0;2;1;1;1;
35849;202100023080;160 361;B01;0;7;0;2;4;1;1;
35850;202100023081;160 359;A01;0;7;0;1;1;26;0;
35851;202100023082;160 357;A01;0;30;0;2;0;19;0;
35852;202100023082;160 358;B01;0;31;0;2;0;1;1;
35853;202100023083;160 353;A01;0;7;0;2;1;0;1;
35854;202100023083;160 354;B01;0;7;0;2;1;0;3;
35855;202100023084;160 351;A01;0;30;0;2;0;9;1;
35856;202100023084;160 352;B01;1;7;0;2;2;1;1;
35857;202100023085;160 349;B01;1;14;0;2;1;1;1;
35858;202100023085;160 350;A01;1;7;0;2;8;0;1;
35859;202100023086;160 346;B01;1;7;0;2;1;2;1;
35860;202100023086;160 347;A01;1;10;0;2;1;2;3;
35861;202100023086;160 348;C01;0;7;0;2;4;2;1;
35862;202100023087;160 344;A01;1;33;0;2;2;1;1;
35863;202100023087;160 345;B01;1;7;0;2;8;15;1;
35864;202100023088;160 343;B01;0;32;1;0;2;1;1;
35865;202100023089;160 341;B01;1;7;0;2;4;1;1;
35866;202100023089;160 342;A01;1;7;0;2;1;2;1;
35867;202100023090;160 340;A01;0;33;0;0;7;1;1;
35868;202100023092;160 337;B01;0;1;0;0;0;0;0;
35869;202100023093;160 335;A01;2;7;0;2;2;2;0;
35870;202100023093;160 336;B01;2;31;0;2;4;23;1;
35871;202100023094;160 334;A01;2;33;0;0;9;26;1;
35872;202100023095;160 332;B01;2;7;0;2;5;1;1;
35873;202100023095;160 333;A01;2;7;0;2;1;1;1;
35874;202100023096;160 331;A01;3;7;16;0;9;1;1;
35875;202100023098;160 328;A01;1;7;12;0;1;16;1;
35876;202100023099;160 326;A01;2;10;16;0;6;15;1;
35877;202100023099;160 327;B01;2;32;0;2;1;2;1;
35878;202100023100;160 324;B01;2;7;0;2;6;1;1;
35879;202100023100;160 325;A01;1;33;0;2;1;1;1;
35880;202100023101;160 320;B01;3;10;0;2;3;15;1;
35881;202100023101;160 321;A01;3;7;0;2;1;17;1;
35882;202100023102;160 318;B01;2;7;0;2;1;1;1;
35883;202100023102;160 319;A01;1;7;0;2;1;21;3;
35884;202100023103;160 316;A01;0;7;0;1;0;1;1;
35885;202100023104;160 313;A01;2;33;0;2;2;2;1;
35886;202100023104;160 314;B01;2;7;0;2;6;2;1;
35887;202100023105;160 312;A01;3;7;6;1;1;1;0;
35888;202100023106;160 311;A01;3;50;0;0;9;1;3;
35889;202100023107;160 309;A01;1;7;0;2;1;3;1;
35890;202100023107;160 310;B01;1;1;0;2;4;1;5;
35891;202100023108;160 307;B01;0;7;0;2;7;1;1;
35892;202100023108;160 308;A01;0;7;0;2;1;1;1;
35893;202100023109;160 304;C01;2;7;0;2;3;1;1;
35894;202100023109;160 305;B01;1;7;0;2;3;1;2;
35895;202100023109;160 306;A01;2;33;0;2;1;17;1;
35896;202100023110;160 302;B01;1;7;0;2;1;19;1;
35897;202100023110;160 303;A01;1;7;0;2;6;19;1;
35898;202100023111;160 300;A01;2;7;0;2;1;15;1;
35899;202100023111;160 301;B01;2;33;0;2;1;1;1;
35900;202100023112;160 298;A01;1;21;0;2;5;1;6;
35901;202100023112;160 299;B01;1;21;0;2;3;1;1;
35902;202100023113;160 296;A01;2;7;0;2;3;15;1;
35903;202100023113;160 297;B01;2;33;0;2;2;1;1;
35904;202100023114;160 294;B01;1;33;0;2;1;26;1;
35905;202100023114;160 295;A01;1;7;0;2;4;15;1;
35906;202100023116;160 292;A01;2;7;12;1;2;1;1;
35907;202100023117;160 290;B01;1;7;0;2;3;1;1;
35908;202100023117;160 291;A01;1;30;0;2;7;16;1;
35909;202100023118;160 289;A01;1;7;9;0;1;1;1;
35910;202100023119;160 288;B01;1;7;0;1;1;1;1;
35911;202100023121;160 285;A01;1;7;0;2;2;15;1;
35912;202100023121;160 286;B01;2;1;0;2;1;0;5;
35913;202100023122;160 283;B01;0;7;0;2;3;1;1;
35914;202100023122;160 284;A01;0;7;0;2;2;14;1;
35915;202100023123;160 282;A01;1;30;0;0;8;1;1;
35916;202100023124;160 280;A01;2;10;0;2;1;2;1;
35917;202100023124;160 281;B01;2;7;0;2;4;23;1;
35918;202100023125;160 278;A01;1;33;0;2;1;24;1;
35919;202100023125;160 279;B01;1;7;0;9;4;1;1;
35920;202100023126;160 277;A01;1;7;0;1;3;1;1;
35921;202100023127;160 275;B01;1;7;0;2;7;1;1;
35922;202100023127;160 276;A01;2;7;0;2;1;19;1;
35923;202100023128;160 273;B01;1;14;1;0;5;23;1;
35924;202100023128;160 274;A01;3;30;1;0;1;2;1;
35925;202100023129;160 271;A01;3;30;0;2;2;5;1;
35926;202100023129;160 272;B01;3;7;0;2;3;1;1;
35927;202100023130;160 270;Z01;3;7;0;1;1;1;0;
35928;202100023131;160 268;A01;1;7;0;2;0;1;1;
35929;202100023131;160 269;B01;2;30;0;2;2;15;1;
35930;202100023132;160 267;A01;1;30;0;0;8;15;3;
35931;202100023133;160 266;A01;1;43;0;1;7;17;1;
35932;202100023134;160 264;B01;1;7;0;2;3;9;1;
35933;202100023134;160 265;A01;1;30;0;2;7;17;1;
35934;202100023135;160 262;A01;2;33;0;2;3;1;1;
35935;202100023135;160 263;B01;2;7;0;2;0;1;2;
35936;202100023136;160 261;A01;1;50;0;0;0;1;3;
35937;202100023137;160 259;A01;1;50;0;2;1;19;3;
35938;202100023137;160 260;B01;1;7;0;2;2;1;1;
35939;202100023138;160 257;A01;1;7;0;2;5;22;2;
35940;202100023138;160 258;B01;1;50;0;2;5;18;3;
35941;202100023139;160 255;A01;1;7;0;2;5;9;0;
35942;202100023139;160 256;B01;1;2;0;2;5;0;1;
35943;202100023140;160 253;B01;2;7;0;2;0;0;1;
35944;202100023140;160 254;A01;2;7;0;2;1;2;1;
35945;202100023141;160 251;A01;1;7;0;2;1;15;1;
35946;202100023141;160 252;B01;2;7;0;2;8;1;1;
35947;202100023142;160 249;B01;1;50;0;2;1;1;3;
35948;202100023142;160 250;A01;2;7;0;2;5;15;1;
35949;202100023143;160 247;B01;1;33;0;2;1;1;1;
35950;202100023143;160 248;A01;1;7;0;2;4;1;1;
35951;202100023144;160 245;B01;2;7;0;2;2;0;1;
35952;202100023144;160 246;A01;1;7;0;2;1;0;1;
35953;202100023145;160 244;A01;1;1;0;1;1;1;5;
35954;202100023146;160 243;A01;2;7;8;0;2;14;1;
35955;202100023147;160 242;A01;3;7;0;2;1;1;1;
35956;202100023148;160 241;A01;3;7;0;1;2;16;1;
35957;202100023149;160 239;B01;1;2;0;2;4;15;1;
35958;202100023149;160 240;A01;1;7;0;2;1;2;1;
35959;202100023150;160 238;A01;2;10;0;1;1;1;1;
35960;202100023151;160 236;B01;3;10;0;2;2;26;0;
35961;202100023151;160 237;A01;0;50;0;2;3;25;3;
35962;202100023152;160 235;A01;1;7;11;0;1;1;1;
35963;202100023153;160 233;A01;2;7;6;2;2;19;1;
35964;202100023153;160 234;B01;2;7;0;2;3;21;1;
35965;202100023154;160 231;A01;2;33;0;2;1;13;1;
35966;202100023154;160 232;B01;1;7;0;2;1;1;1;
35967;202100023155;160 229;B01;3;7;0;0;2;0;1;
35968;202100023155;160 230;A01;0;7;0;0;2;1;1;
35969;202100023157;160 226;A01;2;7;0;2;1;2;1;
35970;202100023157;160 227;B01;2;7;0;0;4;2;1;
35971;202100023159;160 222;A01;1;1;14;0;0;1;5;
35972;202100023160;160 217;D01;2;1;0;2;1;1;5;
35973;202100023160;160 218;C01;2;1;0;2;1;1;5;
35974;202100023160;160 219;E01;2;1;0;2;1;1;5;
35975;202100023160;160 220;B01;2;1;0;2;1;1;5;
35976;202100023160;160 221;A01;1;7;0;2;8;13;0;
35977;202100023161;160 216;A01;1;1;0;0;1;0;5;
35978;202100023163;160 213;A01;3;2;0;0;0;1;1;
35979;202100023164;160 211;A01;1;7;0;2;8;10;1;
35980;202100023164;160 212;B01;1;33;0;2;1;17;1;
35981;202100023165;160 209;A01;1;7;0;2;3;15;1;
35982;202100023165;160 210;B01;2;7;0;2;3;1;1;
35983;202100023166;160 207;A01;1;2;0;2;1;16;1;
35984;202100023166;160 208;B01;2;7;0;2;3;1;1;
35985;202100023167;160 206;A01;1;7;6;0;3;16;1;
35986;202100023168;160 205;A01;1;7;0;0;1;1;1;
35987;202100023170;160 202;B01;2;7;0;2;2;21;1;
35988;202100023170;160 203;A01;1;7;0;2;2;17;1;
35989;202100023171;160 199;B01;2;7;12;2;7;1;2;
35990;202100023171;160 200;A01;0;7;0;2;1;26;1;
35991;202100023172;160 198;A01;3;7;8;0;2;1;1;
35992;202100023173;160 196;A01;3;7;0;2;8;19;1;
35993;202100023173;160 197;B01;1;31;0;2;1;1;1;
35994;202100023174;160 194;A01;1;7;0;2;2;2;1;
35995;202100023174;160 195;B01;1;7;0;2;6;2;1;
35996;202100023175;160 191;A01;1;7;0;2;1;5;1;
35997;202100023175;160 192;B01;2;7;0;2;1;1;1;
35998;202100023175;160 193;C01;2;7;0;2;8;1;1;
35999;202100023176;160 189;A01;2;7;0;9;2;26;1;
36000;202100023176;160 190;B01;2;1;0;2;3;15;5;
36001;202100023177;160 188;A01;2;33;8;0;0;1;1;
36002;202100023178;160 186;A01;1;7;0;2;7;16;1;
36003;202100023178;160 187;B01;1;32;0;2;3;21;1;
36004;202100023179;160 185;A01;1;33;14;0;0;1;1;
36005;202100023180;160 183;B01;2;34;0;2;1;1;1;
36006;202100023180;160 184;A01;1;7;0;2;8;15;1;
36007;202100023181;160 181;B01;2;7;0;2;3;13;2;
36008;202100023181;160 182;A01;1;7;0;2;3;1;1;
36009;202100023182;160 180;A01;2;7;13;0;1;1;1;
36010;202100023183;160 178;B01;2;7;0;2;2;5;1;
36011;202100023183;160 179;A01;1;7;0;2;2;5;1;
36012;202100023184;160 176;B01;1;33;0;2;1;1;1;
36013;202100023184;160 177;A01;3;7;0;2;3;15;1;
36014;202100023185;160 175;A01;2;7;17;0;2;14;1;
36015;202100023186;160 173;A01;1;33;0;2;1;1;1;
36016;202100023186;160 174;B01;2;7;0;2;2;1;1;
36017;202100023187;160 171;B01;0;2;0;2;1;1;1;
36018;202100023187;160 172;A01;0;7;0;2;2;15;1;
36019;202100023188;160 169;B01;1;7;13;2;3;21;1;
36020;202100023188;160 170;A01;2;7;0;2;1;13;1;
36021;202100023189;160 167;A01;1;33;0;2;1;17;1;
36022;202100023189;160 168;B01;1;7;0;2;6;15;1;
36023;202100023191;160 163;A01;1;31;0;2;1;17;1;
36024;202100023191;160 164;B01;1;7;0;2;1;1;1;
36025;202100023192;160 162;A01;2;7;2;0;0;0;1;
36026;202100023193;160 161;A01;3;7;2;0;2;1;1;
36027;202100023194;160 160;A01;2;7;4;0;2;1;1;
36028;202100023195;160 158;B01;2;7;0;2;3;15;1;
36029;202100023195;160 159;A01;2;33;0;2;1;17;1;
36030;202100023196;160 157;A01;1;7;2;0;1;0;1;
36031;202100023197;160 155;B01;1;7;0;2;3;1;1;
36032;202100023197;160 156;A01;2;20;0;2;1;13;1;
36033;202100023198;160 153;B01;3;10;0;2;2;2;1;
36034;202100023198;160 154;A01;3;2;0;2;7;17;1;
36035;202100023199;160 151;A01;1;33;0;2;2;17;1;
36036;202100023199;160 152;B01;1;7;0;2;3;15;1;
36037;202100023201;160 148;A01;1;7;0;2;3;15;1;
36038;202100023201;160 149;B01;2;33;0;2;1;1;1;
36039;202100023202;160 147;A01;3;36;0;0;0;26;1;
36040;202100023203;160 145;B01;2;7;0;2;3;1;1;
36041;202100023203;160 146;A01;1;31;0;2;1;5;1;
36042;202100023204;160 144;A01;0;7;0;1;6;4;1;
36043;202100023205;160 141;B01;2;32;0;2;7;1;1;
36044;202100023205;160 142;A01;0;7;0;2;1;19;1;
36045;202100023206;160 140;A01;1;7;1;0;1;1;1;
36046;202100023207;160 139;A01;2;33;0;0;1;1;1;
36047;202100023208;160 137;B01;1;7;0;2;8;15;1;
36048;202100023208;160 138;A01;1;2;0;2;1;17;1;
36049;202100023210;160 133;B01;2;31;0;2;1;13;1;
36050;202100023210;160 134;A01;1;7;0;2;1;1;1;
36051;202100023211;160 131;B01;2;7;13;2;3;1;1;
36052;202100023211;160 132;A01;3;7;13;2;2;19;1;
36053;202100023212;160 129;B01;2;15;0;2;3;1;1;
36054;202100023212;160 130;A01;1;7;0;2;2;0;1;
36055;202100023213;160 128;A01;1;7;3;0;2;1;1;
36056;202100023214;160 126;B01;1;7;0;2;3;11;1;
36057;202100023214;160 127;A01;1;33;0;2;1;1;1;
36058;202100023215;160 123;A01;3;2;0;0;0;1;3;
36059;202100023217;160 119;C01;2;7;0;2;3;1;1;
36060;202100023217;160 120;B01;2;7;0;2;3;1;1;
36061;202100023217;160 121;A01;1;7;0;2;3;1;1;
36062;202100023218;160 117;A01;1;33;0;2;1;1;1;
36063;202100023218;160 118;B01;2;7;0;2;3;9;1;
36064;202100023219;160 115;A01;1;7;0;2;2;13;1;
36065;202100023219;160 116;B01;2;7;0;2;3;1;1;
36066;202100023220;160 113;B01;1;7;0;2;2;1;1;
36067;202100023220;160 114;A01;2;33;10;2;1;13;1;
36068;202100023221;160 111;B01;2;7;0;2;1;1;1;
36069;202100023221;160 112;A01;1;7;0;2;1;13;1;
36070;202100023222;160 109;A01;2;30;0;2;3;13;1;
36071;202100023222;160 110;B01;1;7;0;2;8;1;1;
36072;202100023223;160 106;C01;1;7;0;2;6;1;1;
36073;202100023223;160 107;B01;1;7;0;2;8;1;1;
36074;202100023223;160 108;A01;2;7;0;2;3;13;1;
36075;202100023224;160 105;A01;3;31;12;0;0;25;1;
36076;202100023225;160 103;A01;2;7;0;2;3;13;1;
36077;202100023225;160 104;B01;1;7;0;2;3;1;1;
36078;202100023226;160 102;A01;1;33;13;0;1;1;1;
36079;202100023227;160 100;C01;2;7;0;2;1;1;1;
36080;202100023227;160 101;A01;2;7;0;2;3;10;1;
36081;202100023228;160 097;B01;1;7;0;0;4;2;1;
36082;202100023228;160 098;A01;1;7;0;2;1;2;0;
36083;202100023230;160 094;B01;2;34;0;2;1;0;1;
36084;202100023230;160 095;A01;2;7;0;2;3;11;1;
36085;202100023231;160 089;A01;1;15;0;0;1;2;-1;
36086;202100023231;160 090;B01;-1;7;-1;-1;-1;-1;-1;
36087;202100023231;160 091;C01;-1;7;-1;-1;-1;-1;-1;
36088;202100023232;160 088;A01;1;10;0;0;7;2;1;
36089;202100023233;160 087;A01;1;33;16;0;7;1;1;
36090;202100023235;160 083;B01;2;10;0;2;3;1;1;
36091;202100023235;160 084;A01;2;7;4;0;2;12;1;
36092;202100023236;160 082;A01;1;7;14;0;1;1;1;
36093;202100023237;160 081;A01;2;7;0;5;1;1;1;
36094;202100023238;160 078;C01;2;7;0;9;1;1;1;
36095;202100023238;160 079;B01;2;33;0;9;1;1;1;
36096;202100023238;160 080;A01;2;15;0;9;6;1;1;
36097;202100023239;160 077;A01;0;7;0;1;2;16;1;
36098;202100023240;160 076;A01;2;7;0;1;1;1;1;
36099;202100023241;160 075;A01;1;1;0;1;1;1;5;
36100;202100023242;160 073;A01;1;1;0;2;7;1;5;
36101;202100023242;160 074;B01;1;7;0;2;8;15;1;
36102;202100023243;160 071;B01;1;33;0;2;6;1;1;
36103;202100023243;160 072;A01;2;7;0;2;1;19;1;
36104;202100023244;160 069;B01;1;7;0;2;2;15;1;
36105;202100023244;160 070;A01;2;32;0;2;1;21;1;
36106;202100023245;160 067;B01;2;33;0;2;7;2;1;
36107;202100023245;160 068;A01;2;10;0;2;1;16;1;
36108;202100023246;160 065;A01;1;7;0;2;0;16;1;
36109;202100023246;160 066;B01;1;50;0;2;0;16;3;
36110;202100023247;160 063;A01;1;7;0;9;1;19;1;
36111;202100023247;160 064;B01;1;2;0;2;8;1;0;
36112;202100023249;160 058;A01;2;7;0;2;1;15;1;
36113;202100023249;160 059;B01;1;2;0;2;1;1;0;
36114;202100023250;160 055;A01;1;7;0;2;1;26;1;
36115;202100023250;160 056;C01;1;7;0;2;4;26;1;
36116;202100023250;160 057;B01;1;7;0;2;4;26;1;
36117;202100023251;160 053;B01;1;1;0;2;8;19;5;
36118;202100023251;160 054;A01;1;7;0;2;0;1;0;
36119;202100023252;160 051;B01;2;7;0;2;8;1;1;
36120;202100023252;160 052;A01;1;7;0;2;2;15;1;
36121;202100023253;160 049;A01;1;80;0;2;8;1;3;
36122;202100023253;160 050;B01;3;7;0;2;1;1;1;
36123;202100023254;160 047;B01;1;33;0;2;1;1;1;
36124;202100023254;160 048;A01;1;7;0;2;8;1;1;
36125;202100023255;160 045;B01;3;7;0;2;6;15;1;
36126;202100023255;160 046;A01;3;31;0;2;9;1;1;
36127;202100023256;160 044;A01;3;7;0;1;7;1;1;
36128;202100023257;160 043;A01;2;10;0;1;4;4;6;
36129;202100023258;160 042;A01;0;7;0;1;0;1;1;
36130;202100023259;160 041;A01;2;7;0;1;1;1;1;
36131;202100023260;160 039;B01;3;2;0;2;0;0;0;
36132;202100023260;160 040;A01;3;7;0;2;0;0;0;
36133;202100023261;160 037;B01;1;80;0;2;8;13;3;
36134;202100023261;160 038;A01;0;7;0;9;7;17;1;
36135;202100023262;160 035;A01;1;30;0;2;1;26;1;
36136;202100023262;160 036;B01;1;7;0;2;6;2;1;
36137;202100023263;160 033;B01;1;1;0;2;4;1;0;
36138;202100023263;160 034;A01;1;10;0;2;3;1;3;
36139;202100023264;160 031;B01;2;50;0;2;1;1;3;
36140;202100023264;160 032;A01;1;7;0;2;7;1;1;
36141;202100023265;160 030;A01;1;34;8;0;2;17;1;
36142;202100023266;160 028;A01;1;7;0;2;3;13;1;
36143;202100023266;160 029;B01;2;7;0;2;3;1;1;
36144;202100023267;160 026;A01;1;3;0;2;1;15;1;
36145;202100023267;160 027;B01;2;43;0;2;3;1;1;
36146;202100023268;160 025;A01;1;7;0;1;5;17;1;
36147;202100023269;160 023;B01;2;7;0;2;3;2;1;
36148;202100023269;160 024;A01;2;33;0;2;2;17;1;
36149;202100023270;160 022;A01;1;1;0;0;7;1;5;
36150;202100023271;160 020;A01;1;7;0;2;1;15;1;
36151;202100023271;160 021;B01;1;80;0;2;1;19;3;
36152;202100023272;160 018;B01;3;7;0;2;0;0;1;
36153;202100023272;160 019;A01;3;3;0;2;2;0;6;
36154;202100023274;160 014;B01;1;30;0;2;4;1;1;
36155;202100023274;160 015;A01;1;7;0;9;1;1;1;
36156;202100023275;160 012;B01;3;7;0;2;2;1;1;
36157;202100023275;160 013;A01;3;10;0;2;2;13;1;
36158;202100023276;160 010;A01;1;7;0;9;3;1;1;
36159;202100023276;160 011;B01;1;1;0;2;4;15;0;
36160;202100023277;160 008;B01;1;1;0;2;2;2;5;
36161;202100023277;160 009;A01;1;14;0;2;3;26;1;
36162;202100023279;160 005;B01;3;1;0;2;1;15;5;
36163;202100023279;160 006;A01;0;7;0;2;3;15;1;
36164;202100023280;160 004;A01;0;7;0;1;1;26;1;
36165;202100023281;160 002;B01;1;30;0;2;4;13;1;
36166;202100023281;160 003;A01;1;7;0;2;1;17;1;
36167;202100023282;160 001;A01;1;33;12;0;1;17;1;
36168;202100023283;159 999;A01;2;7;0;2;2;15;1;
36169;202100023283;160 000;B01;1;1;0;2;3;2;0;
36170;202100023284;159 998;A01;1;50;0;0;1;1;3;
36171;202100023285;159 996;A01;1;7;0;2;6;10;1;
36172;202100023285;159 997;B01;1;32;0;2;1;1;1;
36173;202100023286;159 994;B01;3;33;0;2;4;1;1;
36174;202100023286;159 995;Z01;3;7;0;2;1;1;1;
36175;202100023287;159 992;A01;1;7;0;2;2;1;1;
36176;202100023287;159 993;B01;2;30;0;2;1;15;1;
36177;202100023288;159 990;B01;1;80;0;2;8;1;3;
36178;202100023288;159 991;A01;1;7;0;2;7;17;1;
36179;202100023289;159 988;A01;0;80;0;2;1;1;3;
36180;202100023289;159 989;B01;3;7;0;2;8;1;1;
36181;202100023290;159 986;A01;1;7;0;2;1;1;1;
36182;202100023290;159 987;B01;1;10;0;2;4;1;1;
36183;202100023292;159 980;B01;3;2;0;2;1;1;1;
36184;202100023292;159 981;SA01;3;7;0;2;1;9;1;
36185;202100023293;159 978;B01;3;31;0;2;3;0;1;
36186;202100023293;159 979;A01;3;7;0;2;3;15;1;
36187;202100023294;159 977;A01;3;30;0;0;2;15;1;
36188;202100023295;159 976;A01;1;2;12;0;0;9;1;
36189;202100023296;159 975;A01;3;7;0;1;1;1;1;
36190;202100023297;159 973;A01;3;7;0;2;2;2;1;
36191;202100023297;159 974;B01;3;1;0;2;4;13;5;
36192;202100023299;159 969;A01;1;2;0;2;1;2;1;
36193;202100023299;159 970;B01;2;7;0;2;1;11;1;
36194;202100023301;159 966;A01;0;7;0;2;3;15;1;
36195;202100023301;159 967;B01;0;33;1;2;1;1;1;
36196;202100023302;159 964;A01;3;7;0;2;3;1;1;
36197;202100023302;159 965;Z01;3;7;0;2;3;17;1;
36198;202100023303;159 962;Z01;3;7;0;2;2;1;1;
36199;202100023303;159 963;A01;3;7;0;2;3;1;6;
36200;202100023304;159 960;A01;1;1;0;2;7;26;5;
36201;202100023304;159 961;B01;2;7;0;2;3;15;1;
36202;202100023305;159 958;A01;3;7;0;2;2;15;1;
36203;202100023305;159 959;B01;0;30;0;2;1;1;1;
36204;202100023306;159 956;A01;1;7;0;2;3;1;1;
36205;202100023306;159 957;B01;2;7;0;2;3;1;1;
36206;202100023308;159 952;B01;1;31;0;2;1;3;0;
36207;202100023308;159 953;A01;2;7;0;2;2;10;1;
36208;202100023309;159 950;B01;3;99;0;2;1;1;0;
36209;202100023309;159 951;A01;3;1;0;2;1;16;5;
36210;202100023310;159 949;A01;3;50;0;1;1;1;3;
36211;202100023312;159 945;B01;1;80;0;2;0;1;3;
36212;202100023312;159 946;A01;1;7;0;2;3;15;1;
36213;202100023314;159 940;A01;2;7;0;2;7;14;1;
36214;202100023314;159 941;B01;2;7;0;2;8;24;1;
36215;202100023315;159 939;A01;2;30;12;0;1;14;1;
36216;202100023316;159 937;B01;1;30;0;2;6;13;1;
36217;202100023316;159 938;A01;1;7;0;2;2;1;2;
36218;202100023317;159 935;B01;2;1;0;2;3;15;5;
36219;202100023317;159 936;A01;2;30;0;2;1;2;1;
36220;202100023318;159 934;A01;1;10;12;1;7;14;1;
36221;202100023319;159 932;A01;2;7;0;2;1;15;1;
36222;202100023319;159 933;B01;1;7;0;2;3;1;1;
36223;202100023320;159 930;A01;1;31;0;2;1;1;1;
36224;202100023320;159 931;B01;1;7;0;2;8;10;1;
36225;202100023321;159 929;A01;1;7;12;0;2;0;1;
36226;202100023322;159 927;A01;1;7;0;2;1;2;1;
36227;202100023322;159 928;B01;1;7;0;2;6;23;1;
36228;202100023323;159 925;B01;1;7;0;2;2;1;1;
36229;202100023323;159 926;A01;1;30;0;2;1;1;1;
36230;202100023325;159 919;D01;0;7;0;2;4;23;1;
36231;202100023325;159 920;A01;0;7;0;2;1;1;1;
36232;202100023325;159 921;B01;0;7;0;2;1;23;1;
36233;202100023325;159 922;C01;0;7;0;2;1;23;1;
36234;202100023326;159 918;A01;2;7;0;1;7;1;1;
36235;202100023327;159 916;A01;1;7;0;2;3;17;1;
36236;202100023327;159 917;B01;3;7;0;2;3;1;1;
36237;202100023328;159 914;B01;3;1;0;2;8;0;5;
36238;202100023328;159 915;A01;0;34;0;2;2;0;5;
36239;202100023329;159 912;B01;2;7;0;2;2;1;1;
36240;202100023329;159 913;A01;1;2;9;2;1;10;1;
36241;202100023330;159 907;A01;1;7;0;2;3;13;1;
36242;202100023330;159 908;B01;2;14;0;2;3;1;1;
36243;202100023331;159 905;A01;1;7;0;0;4;0;1;
36244;202100023331;159 906;B01;1;7;1;0;1;0;1;
36245;202100023332;159 904;A01;2;7;2;0;0;1;1;
36246;202100023333;159 902;A01;3;7;0;2;2;20;1;
36247;202100023333;159 903;B01;3;50;0;2;8;1;3;
36248;202100023334;159 901;A01;0;7;0;1;3;1;1;
36249;202100023335;159 900;A01;2;7;2;0;1;1;1;
36250;202100023336;159 898;B01;2;7;0;0;5;1;1;
36251;202100023336;159 899;A01;2;7;8;2;1;14;1;
36252;202100023337;159 896;B01;3;7;0;2;3;1;1;
36253;202100023337;159 897;A01;3;7;0;2;2;13;1;
36254;202100023338;159 895;A01;1;7;1;0;1;1;1;
36255;202100023339;159 893;B01;2;7;0;2;1;1;1;
36256;202100023339;159 894;A01;2;7;0;2;1;13;1;
36257;202100023340;159 890;C01;1;7;0;2;3;19;1;
36258;202100023340;159 891;A01;2;7;0;2;2;19;1;
36259;202100023340;159 892;B01;2;7;0;2;3;1;1;
36260;202100023341;159 888;B01;1;7;0;2;1;1;1;
36261;202100023341;159 889;A01;2;7;0;2;1;1;1;
36262;202100023342;159 887;A01;2;7;0;0;3;21;1;
36263;202100023343;159 886;A01;1;31;0;0;0;0;1;
36264;202100023344;159 885;A01;1;7;13;0;0;1;1;
36265;202100023345;159 884;A01;0;33;0;0;0;0;0;
36266;202100023346;159 882;A01;2;33;0;2;1;1;1;
36267;202100023346;159 883;B01;1;7;0;0;1;1;1;
36268;202100023347;159 881;A01;2;31;0;0;0;1;1;
36269;202100023348;159 879;B01;0;1;0;0;7;1;5;
36270;202100023348;159 880;A01;0;7;0;0;1;1;1;
36271;202100023350;159 875;A01;1;7;0;0;9;1;1;
36272;202100023351;159 873;A01;2;7;0;2;3;13;1;
36273;202100023351;159 874;B01;1;33;0;2;1;1;1;
36274;202100023352;159 872;A01;1;7;2;0;3;0;1;
36275;202100023353;159 870;A01;0;7;0;2;1;5;1;
36276;202100023353;159 871;B01;0;7;0;2;1;1;1;
36277;202100023354;159 868;B01;2;7;0;0;5;23;1;
36278;202100023354;159 869;A01;2;33;0;2;1;2;1;
36279;202100023355;159 867;A01;1;7;2;0;7;1;1;
36280;202100023356;159 866;A01;2;2;0;0;0;0;1;
36281;202100023357;159 864;B01;2;33;0;2;1;1;1;