;Num_Acc;id_vehicule;num_veh;senc;catv;obs;obsm;choc;manv;motor;occutc
36282;202100023357;159 865;A01;3;7;0;2;7;15;1;
36283;202100023358;159 863;A01;1;31;12;0;1;1;1;
36284;202100023359;159 862;A01;0;10;2;0;3;1;1;
36285;202100023360;159 860;B01;3;7;0;2;3;1;1;
36286;202100023360;159 861;A01;3;7;0;2;3;16;1;
36287;202100023361;159 858;B01;1;1;0;0;4;2;5;
36288;202100023361;159 859;A01;1;7;0;9;2;2;1;
36289;202100023362;159 857;A01;3;33;0;0;1;1;1;
36290;202100023363;159 856;A01;2;7;0;1;2;1;1;
36291;202100023364;159 854;A01;1;7;0;9;1;1;1;
36292;202100023364;159 855;B01;2;1;0;2;8;5;5;
36293;202100023365;159 853;A01;1;7;2;0;1;1;1;
36294;202100023366;159 851;A01;2;7;0;0;4;2;1;
36295;202100023366;159 852;B01;2;7;0;0;1;2;1;
36296;202100023367;159 849;A01;3;31;0;0;8;1;1;
36297;202100023367;159 850;B01;3;7;0;0;-1;1;-1;
36298;202100023368;159 848;A01;2;7;0;1;3;1;1;
36299;202100023369;159 846;B01;3;2;0;2;1;1;1;
36300;202100023369;159 847;A01;3;7;0;2;1;1;1;
36301;202100023370;159 845;A01;3;31;6;0;1;0;1;
36302;202100023372;159 842;B01;2;7;0;2;1;1;1;
36303;202100023372;159 843;A01;2;7;0;2;1;9;1;
36304;202100023373;159 840;A01;1;10;0;2;3;15;1;
36305;202100023373;159 841;B01;2;32;0;2;1;1;1;
36306;202100023374;159 839;A01;1;33;3;0;7;1;1;
36307;202100023375;159 837;A01;2;7;0;2;1;1;1;
36308;202100023375;159 838;B01;2;7;0;0;4;21;1;
36309;202100023376;159 835;B01;1;7;0;2;1;1;1;
36310;202100023376;159 836;A01;2;7;0;2;8;19;1;
36311;202100023377;159 833;A01;1;33;0;2;3;1;1;
36312;202100023377;159 834;B01;2;10;0;2;2;19;1;
36313;202100023378;159 832;A01;2;33;0;0;0;1;1;
36314;202100023379;159 828;D01;3;1;0;2;1;2;5;
36315;202100023379;159 829;C01;3;1;0;2;1;2;5;
36316;202100023379;159 830;B01;3;1;0;2;1;2;5;
36317;202100023379;159 831;A01;3;1;0;0;4;15;5;
36318;202100023380;159 826;B01;1;33;0;2;1;1;1;
36319;202100023380;159 827;A01;3;7;0;2;8;15;1;
36320;202100023381;159 824;B01;2;7;0;2;1;1;1;
36321;202100023381;159 825;A01;1;7;0;2;8;19;1;
36322;202100023382;159 822;B01;1;10;0;2;1;13;1;
36323;202100023382;159 823;A01;2;7;0;2;1;1;1;
36324;202100023383;159 821;A01;1;33;12;0;8;0;1;
36325;202100023384;159 820;A01;2;7;16;0;0;1;1;
36326;202100023385;159 818;B01;2;7;0;2;3;1;1;
36327;202100023385;159 819;A01;1;7;0;2;2;15;1;
36328;202100023386;159 816;A01;2;1;0;2;1;5;5;
36329;202100023386;159 817;B01;1;7;0;2;3;21;1;
36330;202100023387;159 814;B01;2;7;0;2;4;2;1;
36331;202100023387;159 815;A01;2;7;0;2;1;2;1;
36332;202100023388;159 812;B01;2;7;0;2;4;1;1;
36333;202100023388;159 813;A01;2;7;0;2;1;1;1;
36334;202100023389;159 810;A01;2;34;0;2;8;11;1;
36335;202100023389;159 811;B01;2;33;0;2;8;3;1;
36336;202100023390;159 809;A01;1;7;3;0;1;13;1;
36337;202100023391;159 807;B01;1;7;0;2;1;1;1;
36338;202100023391;159 808;A01;1;10;0;2;4;2;1;
36339;202100023393;159 802;B01;1;33;0;2;4;1;1;
36340;202100023393;159 803;A01;1;7;0;2;2;12;1;
36341;202100023394;159 801;A01;2;7;4;0;1;26;1;
36342;202100023395;159 798;C01;1;10;0;2;4;1;1;
36343;202100023395;159 799;A01;1;33;0;2;2;3;1;
36344;202100023395;159 800;B01;1;7;0;2;5;12;1;
36345;202100023396;159 797;A01;2;33;0;9;8;1;1;
36346;202100023398;159 794;B01;2;30;1;0;0;0;1;
36347;202100023398;159 795;A01;2;15;0;2;5;24;1;
36348;202100023399;159 792;A01;1;17;0;2;4;4;1;
36349;202100023399;159 793;B01;1;7;0;2;1;2;1;
36350;202100023400;159 789;A01;2;30;1;0;2;2;1;
36351;202100023400;159 790;B01;2;32;1;0;2;2;0;
36352;202100023400;159 791;C01;1;7;1;2;2;20;1;
36353;202100023401;159 787;Z01;1;7;0;2;2;1;1;
36354;202100023401;159 788;B01;2;2;0;0;0;0;6;
36355;202100023402;159 785;Z01;0;10;0;2;2;0;0;
36356;202100023402;159 786;B01;3;2;0;2;8;26;1;
36357;202100023403;159 783;B01;3;2;0;2;1;1;1;
36358;202100023403;159 784;A01;1;7;0;2;2;12;1;
36359;202100023405;159 779;A01;2;7;0;2;3;15;1;
36360;202100023405;159 780;B01;1;7;6;2;1;1;1;
36361;202100023407;159 776;A01;3;10;0;2;2;15;1;
36362;202100023407;159 777;B01;3;10;0;2;1;1;1;
36363;202100023408;159 775;A01;2;33;0;0;0;15;1;
36364;202100023409;159 773;B01;0;7;0;2;2;1;1;
36365;202100023409;159 774;A01;0;7;0;2;0;9;0;
36366;202100023410;159 772;A01;2;7;0;1;7;16;1;
36367;202100023411;159 771;A01;1;7;0;1;1;20;1;
36368;202100023412;159 770;A01;0;34;0;0;0;0;1;
36369;202100023414;159 768;A01;1;7;8;0;2;14;1;
36370;202100023415;159 766;B01;1;7;0;2;8;1;1;
36371;202100023415;159 767;A01;2;1;0;2;1;19;5;
36372;202100023416;159 764;B01;3;2;0;2;1;1;1;
36373;202100023416;159 765;A01;3;7;0;2;3;15;1;
36374;202100023417;159 762;B01;2;2;0;2;3;2;1;
36375;202100023417;159 763;A01;2;7;0;2;2;16;1;
36376;202100023418;159 761;A01;1;7;0;1;2;1;1;
36377;202100023419;159 760;A01;1;2;0;0;1;26;1;
36378;202100023420;159 758;B01;0;50;0;2;1;19;3;
36379;202100023420;159 759;A01;2;7;0;2;2;1;1;
36380;202100023421;159 756;B01;2;7;0;2;1;1;1;
36381;202100023421;159 757;A01;1;7;0;2;1;1;0;
36382;202100023422;159 754;B01;2;7;0;2;8;1;1;
36383;202100023422;159 755;A01;1;7;0;2;8;13;1;
36384;202100023423;159 752;B01;1;7;0;9;4;23;1;
36385;202100023423;159 753;A01;1;2;0;2;1;26;1;
36386;202100023424;159 750;B01;1;33;0;2;2;1;1;
36387;202100023424;159 751;A01;3;7;0;2;3;15;1;
36388;202100023425;159 748;B01;2;2;0;2;1;1;1;
36389;202100023425;159 749;A01;1;7;0;2;2;15;1;
36390;202100023426;159 747;Z01;2;10;0;1;1;2;1;
36391;202100023427;159 746;A01;3;7;12;0;1;13;1;
36392;202100023428;159 744;B01;1;7;0;2;2;16;1;
36393;202100023428;159 745;A01;2;1;0;2;1;5;5;
36394;202100023429;159 742;B01;1;50;0;2;1;1;3;
36395;202100023429;159 743;A01;1;7;0;2;6;15;1;
36396;202100023430;159 741;A01;2;7;4;0;0;2;1;
36397;202100023432;159 737;A01;2;33;0;2;1;2;1;
36398;202100023432;159 738;B01;2;7;0;2;4;2;1;
36399;202100023433;159 735;B01;2;10;0;2;4;16;1;
36400;202100023433;159 736;A01;2;34;0;2;1;1;1;
36401;202100023434;159 733;A01;1;7;0;2;3;9;1;
36402;202100023434;159 734;B01;3;1;0;2;7;1;5;
36403;202100023435;159 732;A01;1;7;0;0;9;1;1;
36404;202100023437;159 727;B01;1;32;0;2;5;15;1;
36405;202100023437;159 728;A01;1;7;0;2;3;9;1;
36406;202100023439;159 724;B01;2;1;0;2;7;15;5;
36407;202100023439;159 725;A01;2;7;0;2;7;16;2;
36408;202100023440;159 722;A01;1;30;0;2;1;1;1;
36409;202100023440;159 723;B01;2;7;0;2;2;1;1;
36410;202100023441;159 720;B01;2;7;0;2;4;23;1;
36411;202100023441;159 721;A01;2;7;1;0;1;2;1;
36412;202100023442;159 718;B01;0;7;0;2;0;0;0;
36413;202100023442;159 719;A01;0;7;0;2;0;17;1;
36414;202100023443;159 717;A01;3;10;0;1;3;15;1;
36415;202100023444;159 715;A01;0;7;0;2;2;1;1;
36416;202100023444;159 716;B01;3;33;0;2;1;1;1;
36417;202100023445;159 714;A01;3;7;0;1;1;1;1;
36418;202100023446;159 713;A01;2;32;0;1;1;1;1;
36419;202100023447;159 711;Z01;2;7;0;2;0;0;0;
36420;202100023447;159 712;B01;1;2;0;2;1;0;0;
36421;202100023448;159 710;A01;1;3;0;1;1;1;0;
36422;202100023449;159 708;A01;2;7;0;2;1;2;1;
36423;202100023449;159 709;B01;1;7;0;2;4;2;1;
36424;202100023450;159 707;A01;1;10;0;1;8;15;1;
36425;202100023451;159 705;A01;1;14;0;2;2;16;1;
36426;202100023451;159 706;B01;1;80;0;2;8;1;3;
36427;202100023452;159 703;A01;1;1;0;2;0;15;5;
36428;202100023452;159 704;B01;1;30;0;2;1;1;3;
36429;202100023453;159 702;A01;2;37;0;1;2;1;1;3.0
36430;202100023454;159 700;B01;1;7;0;2;2;23;1;
36431;202100023454;159 701;A01;1;30;0;2;3;13;1;
36432;202100023455;159 698;B01;2;32;1;2;9;1;1;
36433;202100023455;159 699;A01;1;7;0;2;0;10;1;
36434;202100023456;159 696;A01;2;7;0;2;2;16;2;
36435;202100023456;159 697;B01;2;33;0;2;3;18;1;
36436;202100023457;159 695;A01;2;33;0;0;1;1;1;
36437;202100023458;159 694;A01;1;7;0;1;3;1;1;
36438;202100023459;159 691;Z01;1;30;0;2;1;7;0;
36439;202100023459;159 692;A01;1;30;0;2;4;7;1;
36440;202100023459;159 693;B01;1;32;0;2;4;7;1;
36441;202100023460;159 689;B01;2;1;0;2;0;13;5;
36442;202100023460;159 690;A01;1;1;0;2;1;1;5;
36443;202100023461;159 688;A01;0;32;14;0;1;1;1;
36444;202100023462;159 686;B01;2;33;0;2;1;1;1;
36445;202100023462;159 687;A01;2;7;0;2;6;15;1;
36446;202100023463;159 684;B01;2;7;0;2;7;1;1;
36447;202100023463;159 685;A01;1;2;0;2;1;2;1;
36448;202100023464;159 682;A01;3;7;9;0;0;0;1;
36449;202100023464;159 683;Z01;3;10;9;2;1;26;1;
36450;202100023466;159 678;B01;-1;7;0;2;2;0;1;
36451;202100023466;159 679;A01;-1;7;0;2;4;0;1;
36452;202100023467;159 676;B01;0;7;0;2;3;1;1;
36453;202100023467;159 677;A01;0;2;0;2;2;2;1;
36454;202100023468;159 674;A01;2;13;0;0;0;9;0;
36455;202100023468;159 675;B01;2;31;0;1;0;17;0;
36456;202100023469;159 672;A01;3;7;0;2;2;15;1;
36457;202100023469;159 673;B01;3;33;0;2;7;0;1;
36458;202100023470;159 670;B01;2;10;0;2;7;1;1;
36459;202100023470;159 671;A01;1;30;0;2;1;1;1;
36460;202100023471;159 669;A01;2;30;0;0;7;21;1;
36461;202100023472;159 668;A01;1;14;0;1;8;16;1;
36462;202100023473;159 667;A01;2;7;0;1;2;1;3;
36463;202100023474;159 666;A01;1;33;0;0;3;1;1;
36464;202100023475;159 664;A01;1;1;0;2;1;1;5;
36465;202100023475;159 665;B01;2;10;0;2;2;1;1;
36466;202100023476;159 663;A01;2;33;0;1;3;1;1;
36467;202100023477;159 660;C01;2;33;0;0;4;2;1;
36468;202100023477;159 661;B01;2;33;0;0;4;2;1;
36469;202100023477;159 662;A01;2;7;0;2;1;2;1;
36470;202100023478;159 658;B01;2;13;0;2;1;1;1;
36471;202100023478;159 659;A01;1;7;0;2;1;1;1;
36472;202100023479;159 656;A01;0;31;0;0;5;1;1;
36473;202100023479;159 657;B01;0;10;0;2;2;15;2;
36474;202100023480;159 655;A01;2;33;13;0;1;13;1;
36475;202100023481;159 654;A01;2;1;0;0;0;2;6;
36476;202100023482;159 652;B01;1;7;13;2;3;1;1;
36477;202100023482;159 653;A01;2;33;0;2;1;13;1;
36478;202100023484;159 650;A01;2;7;0;1;1;1;1;
36479;202100023485;159 648;B01;1;7;0;2;3;9;1;
36480;202100023485;159 649;A01;2;7;13;2;2;1;1;
36481;202100023486;159 647;A01;1;10;0;1;1;1;1;
36482;202100023487;159 645;B01;1;10;0;2;3;1;1;
36483;202100023487;159 646;A01;2;33;0;2;1;17;1;
36484;202100023488;159 643;A01;1;33;0;2;1;1;1;
36485;202100023488;159 644;B01;2;7;0;2;5;15;1;
36486;202100023489;159 642;A01;2;7;0;1;3;1;1;
36487;202100023490;159 641;A01;2;33;0;1;1;17;1;
36488;202100023491;159 640;A01;1;7;16;0;2;13;1;
36489;202100023492;159 638;B01;1;13;0;2;8;1;1;
36490;202100023492;159 639;A01;1;36;0;2;2;17;1;
36491;202100023493;159 636;A01;3;1;0;2;8;15;5;
36492;202100023493;159 637;B01;1;7;0;2;1;1;1;
36493;202100023494;159 634;B01;1;7;0;2;3;13;1;
36494;202100023494;159 635;A01;2;7;0;2;3;1;1;
36495;202100023495;159 632;A01;2;30;0;2;7;1;1;
36496;202100023495;159 633;B01;2;7;0;2;1;15;1;
36497;202100023496;159 631;A01;1;33;3;0;1;13;1;
36498;202100023497;159 630;A01;1;2;0;0;0;1;1;
36499;202100023498;159 628;B01;1;7;0;2;4;2;1;
36500;202100023498;159 629;A01;1;30;0;2;1;2;1;
36501;202100023499;159 627;A01;1;33;3;0;8;0;1;
36502;202100023500;159 625;A01;2;7;0;2;2;1;1;
36503;202100023500;159 626;B01;1;1;0;2;7;15;5;
36504;202100023501;159 624;A01;2;7;13;0;9;1;1;
36505;202100023502;159 623;A01;2;33;13;0;0;1;1;
36506;202100023503;159 620;C01;2;7;0;2;1;2;1;
36507;202100023503;159 621;B01;2;7;3;2;1;1;1;
36508;202100023503;159 622;A01;1;33;0;6;1;21;1;
36509;202100023504;159 618;B01;1;33;0;2;1;2;1;
36510;202100023504;159 619;A01;1;7;0;0;5;15;1;
36511;202100023505;159 617;A01;0;7;8;0;1;15;1;
36512;202100023506;159 615;B01;0;33;0;0;2;0;1;
36513;202100023506;159 616;A01;0;33;0;0;6;0;1;
36514;202100023507;159 613;B01;1;7;0;2;2;1;1;
36515;202100023507;159 614;A01;1;7;0;2;1;1;1;
36516;202100023508;159 612;A01;3;43;13;0;1;1;1;
36517;202100023509;159 611;A01;2;33;0;6;1;1;1;
36518;202100023510;159 610;A01;1;7;3;0;1;14;1;
36519;202100023511;159 609;A01;1;7;6;0;1;1;1;
36520;202100023512;159 607;B01;3;31;0;0;1;1;1;
36521;202100023512;159 608;A01;3;7;0;0;7;10;1;
36522;202100023513;159 606;A01;1;33;0;0;8;21;1;
36523;202100023514;159 604;A01;2;10;0;2;2;2;1;
36524;202100023514;159 605;B01;2;1;0;2;6;2;5;
36525;202100023515;159 603;A01;1;7;13;0;3;1;1;
36526;202100023517;159 599;A01;1;33;0;2;1;17;1;
36527;202100023517;159 600;B01;1;7;0;0;3;15;1;
36528;202100023520;159 593;B01;1;7;0;0;5;15;1;
36529;202100023520;159 594;A01;1;7;0;2;3;2;1;
36530;202100023521;159 591;B01;2;31;0;2;1;0;1;
36531;202100023521;159 592;A01;1;7;0;2;3;15;1;
36532;202100023522;159 590;A01;0;99;6;0;1;13;1;
36533;202100023523;159 588;A01;1;7;3;2;8;1;1;
36534;202100023523;159 589;B01;1;15;0;0;6;1;1;
36535;202100023524;159 586;B01;3;30;0;2;1;13;1;
36536;202100023524;159 587;A01;3;7;0;2;2;5;1;
36537;202100023525;159 585;A01;3;10;16;0;9;14;1;
36538;202100023526;159 584;A01;3;10;0;1;2;0;1;
36539;202100023527;159 583;A01;3;7;6;0;3;1;1;
36540;202100023528;159 582;B01;1;99;0;1;0;0;0;
36541;202100023529;159 580;A01;3;7;0;2;3;26;1;
36542;202100023529;159 581;B01;3;33;0;2;1;19;1;
36543;202100023530;159 579;A01;2;33;0;2;0;0;1;
36544;202100023531;159 577;A01;3;7;0;1;1;1;1;
36545;202100023532;159 576;A01;1;7;2;0;2;6;1;
36546;202100023533;159 574;B01;1;15;0;2;1;1;1;
36547;202100023533;159 575;A01;1;7;0;2;7;19;1;
36548;202100023534;159 572;B01;2;43;0;2;2;1;1;
36549;202100023534;159 573;A01;2;7;0;2;3;16;1;
36550;202100023535;159 570;A01;2;7;0;2;3;5;1;
36551;202100023535;159 571;B01;1;33;0;2;1;1;1;
36552;202100023536;159 569;A01;2;33;3;0;0;17;1;
36553;202100023537;159 566;A01;1;7;0;2;1;13;1;
36554;202100023537;159 567;B01;2;7;0;2;3;1;1;
36555;202100023537;159 568;C01;2;33;0;2;1;1;1;
36556;202100023538;159 564;A01;0;7;0;2;1;17;1;
36557;202100023538;159 565;B01;0;7;0;2;1;1;1;
36558;202100023541;159 559;A01;3;10;0;1;2;1;1;
36559;202100023542;159 558;A01;3;7;5;0;3;0;1;
36560;202100023543;159 557;A01;2;7;12;0;3;1;1;
36561;202100023544;159 555;A01;1;7;0;2;1;13;1;
36562;202100023544;159 556;B01;2;7;0;2;1;1;1;
36563;202100023545;159 553;B01;3;2;0;2;2;1;1;
36564;202100023545;159 554;A01;3;7;0;2;3;19;1;
36565;202100023546;159 551;B01;3;7;0;2;3;13;1;
36566;202100023546;159 552;A01;3;7;0;2;3;1;1;
36567;202100023547;159 549;A01;2;7;0;0;8;15;2;
36568;202100023547;159 550;B01;2;7;0;2;2;17;1;
36569;202100023548;159 547;B01;2;15;0;0;6;15;1;
36570;202100023548;159 548;A01;2;33;0;2;1;17;1;
36571;202100023549;159 546;A01;1;7;4;0;2;0;1;
36572;202100023550;159 544;A01;1;7;0;2;6;9;1;
36573;202100023550;159 545;B01;1;7;0;2;2;1;1;
36574;202100023551;159 543;A01;1;33;16;0;0;1;1;
36575;202100023552;159 542;A01;2;33;12;0;0;0;1;
36576;202100023553;159 540;A01;1;7;0;2;1;2;1;
36577;202100023553;159 541;B01;1;7;0;2;4;2;1;
36578;202100023555;159 536;B01;1;7;0;2;4;1;1;
36579;202100023555;159 537;A01;1;7;0;2;1;1;1;
36580;202100023556;159 534;B01;1;17;0;2;2;2;1;
36581;202100023556;159 535;A01;1;7;0;2;4;1;1;
36582;202100023557;159 531;A01;1;33;0;2;1;1;1;
36583;202100023557;159 532;B01;1;7;0;2;3;23;1;
36584;202100023558;159 529;B01;1;50;0;2;1;15;3;
36585;202100023558;159 530;A01;2;7;0;2;3;9;1;
36586;202100023559;159 527;B01;1;43;0;0;4;0;1;
36587;202100023559;159 528;A01;1;7;0;0;3;26;1;
36588;202100023560;159 526;A01;2;14;0;1;8;1;1;
36589;202100023561;159 524;B01;1;7;0;2;4;23;1;
36590;202100023561;159 525;A01;1;2;0;2;1;0;1;
36591;202100023562;159 522;B01;2;7;0;2;8;2;1;
36592;202100023562;159 523;A01;2;33;0;2;8;2;1;
36593;202100023563;159 520;B01;2;7;0;2;6;15;1;
36594;202100023563;159 521;A01;2;7;0;2;1;17;1;
36595;202100023565;159 516;A01;2;7;0;2;1;1;1;
36596;202100023565;159 517;B01;2;7;0;2;4;23;1;
36597;202100023566;159 514;B01;1;7;0;2;3;15;1;
36598;202100023566;159 515;A01;1;7;0;2;2;17;1;
36599;202100023567;159 512;B01;3;2;0;2;8;1;1;
36600;202100023567;159 513;A01;3;1;0;2;7;15;5;
36601;202100023568;159 511;A01;3;30;0;0;7;26;1;
36602;202100023569;159 510;A01;1;31;0;2;4;23;1;
36603;202100023570;159 504;F01;0;7;0;2;8;1;1;
36604;202100023570;159 505;E01;1;10;0;2;0;1;1;
36605;202100023570;159 506;D01;1;7;0;2;0;1;1;
36606;202100023570;159 507;C01;1;7;0;2;7;1;1;
36607;202100023570;159 508;B01;1;7;0;2;1;1;1;
36608;202100023570;159 509;A01;2;7;0;2;3;5;1;
36609;202100023571;159 503;A01;1;7;15;0;2;26;1;
36610;202100023572;159 502;A01;0;7;1;0;9;0;1;
36611;202100023574;159 500;A01;3;99;1;0;1;26;1;
36612;202100023575;159 497;B01;1;7;0;2;4;1;1;
36613;202100023575;159 498;C01;1;3;0;2;4;1;1;
36614;202100023575;159 499;A01;1;7;0;2;1;1;1;
36615;202100023576;159 496;A01;3;30;0;0;8;1;1;
36616;202100023577;159 494;B01;1;33;0;2;1;1;1;
36617;202100023577;159 495;A01;2;7;0;2;6;15;1;
36618;202100023578;159 492;A01;2;7;0;2;2;2;1;
36619;202100023578;159 493;B01;2;7;0;2;6;2;2;
36620;202100023579;159 490;A01;3;7;0;2;7;1;1;
36621;202100023579;159 491;B01;3;7;0;2;1;1;1;
36622;202100023580;159 488;A01;1;7;0;2;1;2;1;
36623;202100023580;159 489;B01;1;7;0;2;4;2;1;
36624;202100023581;159 486;B01;3;33;0;2;8;1;1;
36625;202100023581;159 487;A01;3;7;0;2;3;26;1;
36626;202100023582;159 485;A01;0;34;1;0;1;2;1;
36627;202100023583;159 483;B01;1;7;0;2;6;6;1;
36628;202100023583;159 484;A01;1;33;0;2;1;1;1;
36629;202100023584;159 481;B01;2;7;1;2;3;9;1;
36630;202100023584;159 482;A01;2;33;0;2;1;3;1;
36631;202100023585;159 479;A01;1;3;0;2;1;1;1;
36632;202100023585;159 480;B01;2;7;0;2;7;15;3;
36633;202100023586;159 477;B01;1;7;0;2;3;1;1;
36634;202100023586;159 478;A01;3;1;0;2;1;19;5;
36635;202100023587;159 475;A01;1;7;0;2;1;16;1;
36636;202100023587;159 476;B01;2;14;0;2;2;1;1;
36637;202100023588;159 474;A01;3;99;0;0;7;15;5;
36638;202100023589;159 473;A01;2;10;13;0;0;0;0;
36639;202100023590;159 472;A01;2;7;9;0;8;13;1;
36640;202100023591;159 470;A01;3;7;0;2;3;26;1;
36641;202100023591;159 471;B01;2;1;0;2;1;1;0;
36642;202100023592;159 468;A01;1;7;0;2;2;1;1;
36643;202100023592;159 469;B01;1;33;0;2;5;10;1;
36644;202100023595;159 463;A01;2;7;6;0;1;21;1;
36645;202100023596;159 458;B01;2;7;0;2;1;1;1;
36646;202100023596;159 459;A01;2;7;0;2;1;1;1;
36647;202100023596;159 460;C01;1;7;0;2;1;1;1;
36648;202100023596;159 461;D01;2;7;0;2;1;1;1;
36649;202100023597;159 457;Z01;3;7;0;1;7;1;0;
36650;202100023598;159 455;A01;3;7;0;2;1;1;1;
36651;202100023598;159 456;B01;3;7;8;2;7;1;2;
36652;202100023599;159 451;B01;2;99;0;2;1;5;3;
36653;202100023599;159 452;A01;1;7;0;9;2;12;1;
36654;202100023600;159 450;A01;1;30;0;0;0;1;3;
36655;202100023601;159 449;A01;1;7;0;2;3;1;1;
36656;202100023602;159 447;A01;1;7;0;2;1;1;1;
36657;202100023602;159 448;B01;1;7;0;2;4;23;1;
36658;202100023604;159 443;B01;3;7;0;2;6;24;1;
36659;202100023604;159 444;A01;2;7;1;0;2;14;1;
36660;202100023605;159 441;A01;2;7;0;2;0;0;0;
36661;202100023605;159 442;B01;2;37;0;2;3;1;1;2.0
36662;202100023606;159 440;A01;1;7;0;1;3;1;1;
36663;202100023607;159 438;B01;3;7;0;2;4;1;1;
36664;202100023607;159 439;A01;3;1;0;2;1;1;5;
36665;202100023608;159 436;A01;3;7;1;0;1;14;1;
36666;202100023608;159 437;B01;0;7;0;0;6;24;1;
36667;202100023609;159 434;B01;3;1;0;2;8;19;5;
36668;202100023609;159 435;A01;3;7;0;2;1;1;1;
36669;202100023610;159 432;A01;2;7;0;2;2;1;1;
36670;202100023610;159 433;B01;2;33;0;2;8;1;1;
36671;202100023612;159 419;B01;1;1;0;2;0;1;5;
36672;202100023612;159 420;A01;1;10;0;2;2;16;1;
36673;202100023613;159 417;A01;1;1;0;2;2;9;5;
36674;202100023613;159 418;B01;1;1;0;2;1;1;5;
36675;202100023614;159 415;B01;1;1;0;2;7;1;5;
36676;202100023614;159 416;A01;1;7;0;2;8;22;1;
36677;202100023616;159 412;A01;2;30;0;1;7;1;1;
36678;202100023617;159 410;A01;2;7;0;2;2;15;1;
36679;202100023617;159 411;B01;1;32;0;2;1;1;1;
36680;202100023618;159 408;B01;1;7;0;2;0;0;1;
36681;202100023618;159 409;A01;1;7;0;2;1;1;1;
36682;202100023619;159 407;A01;2;7;1;0;2;14;1;
36683;202100023620;159 405;A01;2;7;0;2;2;26;1;
36684;202100023620;159 406;B01;2;1;0;2;3;26;5;
36685;202100023622;159 401;A01;3;7;0;2;3;1;1;
36686;202100023622;159 402;B01;3;33;0;2;4;1;1;
36687;202100023623;159 399;A01;1;7;0;2;3;9;1;
36688;202100023623;159 400;B01;1;32;0;2;1;1;1;
36689;202100023625;159 393;A01;2;7;0;2;3;15;1;
36690;202100023625;159 394;B01;2;14;0;2;3;1;1;
36691;202100023626;159 392;A01;3;7;0;1;1;2;1;
36692;202100023627;159 390;B01;1;7;0;2;1;16;1;
36693;202100023627;159 391;A01;1;1;0;2;7;19;5;
36694;202100023629;159 386;A01;1;7;0;2;1;5;1;
36695;202100023629;159 387;B01;2;15;0;2;1;1;1;
36696;202100023631;159 380;A01;2;7;8;0;1;0;1;
36697;202100023632;159 379;A01;1;36;0;0;7;0;1;
36698;202100023633;159 378;A01;1;7;0;0;3;2;1;
36699;202100023634;159 376;A01;1;1;0;2;0;5;5;
36700;202100023634;159 377;B01;2;14;0;2;1;1;1;
36701;202100023635;159 375;A01;0;36;2;0;1;14;1;
36702;202100023636;159 374;A01;3;7;2;9;1;0;1;
36703;202100023637;159 373;A01;2;33;0;0;3;21;1;
36704;202100023638;159 371;A01;3;1;0;2;1;1;0;
36705;202100023638;159 372;B01;3;21;0;2;1;1;1;
36706;202100023639;159 369;B01;1;15;0;2;3;1;1;
36707;202100023639;159 370;A01;2;33;0;2;3;17;1;
36708;202100023640;159 367;B01;2;7;0;0;6;1;1;
36709;202100023640;159 368;A01;1;7;8;2;3;1;1;
36710;202100023641;159 366;A01;1;7;0;0;9;1;1;
36711;202100023642;159 364;A01;2;31;0;2;7;3;1;
36712;202100023642;159 365;B01;2;7;0;2;8;15;1;
36713;202100023643;159 362;A01;1;7;0;0;1;1;1;
36714;202100023643;159 363;B01;2;7;0;0;1;11;1;
36715;202100023644;159 360;A01;0;7;0;2;8;19;1;
36716;202100023644;159 361;B01;0;7;0;2;1;1;1;
36717;202100023645;159 358;A01;1;7;0;2;3;13;1;
36718;202100023645;159 359;B01;2;33;0;2;8;1;1;
36719;202100023646;159 357;A01;1;33;12;0;1;2;1;
36720;202100023647;159 356;A01;2;7;0;1;1;1;1;
36721;202100023648;159 353;C01;2;7;0;2;1;2;1;
36722;202100023648;159 354;B01;2;2;0;0;1;1;1;
36723;202100023648;159 355;A01;1;7;0;2;1;15;1;
36724;202100023649;159 351;B01;1;33;0;2;8;1;1;
36725;202100023649;159 352;A01;2;7;0;2;3;13;1;
36726;202100023650;159 349;A01;1;7;0;2;2;13;1;
36727;202100023650;159 350;B01;2;15;0;2;1;1;1;
36728;202100023651;159 348;A01;1;10;1;1;1;2;1;
36729;202100023652;159 346;B01;2;7;0;2;4;1;1;
36730;202100023652;159 347;A01;2;13;0;2;1;2;0;
36731;202100023653;159 344;B01;2;33;0;2;1;1;1;
36732;202100023653;159 345;A01;1;14;0;0;7;26;1;
36733;202100023655;159 341;B01;3;7;0;2;6;15;1;
36734;202100023655;159 342;A01;3;33;0;2;1;1;1;
36735;202100023656;159 340;A01;2;7;14;0;1;1;1;
36736;202100023657;159 338;B01;1;7;0;2;3;1;1;
36737;202100023657;159 339;A01;2;2;0;2;1;13;1;
36738;202100023658;159 337;A01;2;10;0;1;3;1;1;
36739;202100023659;159 336;A01;2;7;0;1;1;1;1;
36740;202100023660;159 335;A01;2;60;0;0;0;1;5;
36741;202100023661;159 333;B01;2;2;0;2;1;1;1;
36742;202100023661;159 334;A01;2;7;0;2;8;15;3;