;Num_Acc;id_vehicule;num_veh;senc;catv;obs;obsm;choc;manv;motor;occutc
36743;202100023662;159 331;A01;3;7;0;2;4;4;1;
36744;202100023662;159 332;B01;3;50;0;2;1;1;3;
36745;202100023663;159 329;B01;1;2;0;2;1;17;1;
36746;202100023663;159 330;A01;1;99;0;0;8;15;1;
36747;202100023664;159 326;A01;1;7;0;2;2;17;1;
36748;202100023664;159 327;B01;1;7;0;2;8;11;1;
36749;202100023664;159 328;C01;1;7;0;2;6;1;1;
36750;202100023665;159 324;A01;1;7;0;2;3;1;1;
36751;202100023665;159 325;B01;2;7;0;2;3;1;1;
36752;202100023666;159 321;B01;1;7;0;2;2;3;1;
36753;202100023666;159 322;A01;1;7;3;2;6;1;1;
36754;202100023666;159 323;C01;1;7;0;9;1;1;1;
36755;202100023667;159 320;A01;2;7;6;0;1;1;1;
36756;202100023668;159 318;A01;2;7;0;2;0;0;1;
36757;202100023668;159 319;B01;2;7;0;2;4;2;1;
36758;202100023669;159 316;B01;2;10;0;2;4;2;1;
36759;202100023669;159 317;A01;2;7;0;2;1;2;1;
36760;202100023670;159 313;B01;1;7;0;0;0;0;1;
36761;202100023670;159 314;C01;1;32;0;2;1;2;1;
36762;202100023670;159 315;A01;1;7;0;2;1;2;1;
36763;202100023671;159 312;A01;2;10;4;0;6;21;1;
36764;202100023672;159 304;A01;1;7;1;0;4;23;1;
36765;202100023672;159 305;B01;1;7;1;0;9;2;1;
36766;202100023672;159 306;C01;1;7;14;2;9;1;1;
36767;202100023672;159 307;D01;1;32;14;2;9;2;1;
36768;202100023673;159 302;B01;3;32;0;2;1;1;1;
36769;202100023673;159 303;A01;3;7;0;2;1;1;1;
36770;202100023674;159 300;B01;1;2;0;2;7;1;1;
36771;202100023674;159 301;A01;1;10;0;2;1;1;1;
36772;202100023675;159 299;A01;1;7;0;1;1;2;1;
36773;202100023676;159 297;A01;2;7;2;2;1;21;1;
36774;202100023676;159 298;B01;2;7;0;2;4;1;1;
36775;202100023677;159 296;A01;3;33;0;0;7;1;1;
36776;202100023678;159 294;A01;1;7;0;2;3;0;1;
36777;202100023678;159 295;B01;1;7;0;2;1;0;1;
36778;202100023679;159 293;A01;2;33;0;2;0;1;1;
36779;202100023680;159 292;A01;1;7;8;0;1;1;1;
36780;202100023681;159 290;A01;3;7;0;2;7;16;1;
36781;202100023681;159 291;B01;3;80;0;2;1;2;3;
36782;202100023682;159 289;A01;3;7;0;1;2;1;1;
36783;202100023684;159 286;A01;2;7;0;2;1;15;1;
36784;202100023684;159 287;B01;1;30;0;2;0;1;1;
36785;202100023685;159 284;B01;1;7;0;2;2;0;1;
36786;202100023685;159 285;A01;1;7;0;2;1;1;3;
36787;202100023686;159 282;B01;3;7;0;2;4;2;1;
36788;202100023686;159 283;A01;3;30;0;2;1;2;1;
36789;202100023687;159 279;C01;0;7;0;2;4;23;1;
36790;202100023687;159 280;B01;0;7;0;2;4;23;1;
36791;202100023687;159 281;A01;0;7;0;2;1;2;1;
36792;202100023689;159 273;A01;3;10;0;1;1;1;1;
36793;202100023690;159 270;C01;3;7;0;2;6;1;1;
36794;202100023690;159 271;B01;3;36;0;2;2;1;1;
36795;202100023690;159 272;A01;3;1;0;2;8;9;5;
36796;202100023691;159 269;A01;2;7;2;0;2;14;1;
36797;202100023692;159 267;B01;1;1;0;2;7;16;5;
36798;202100023692;159 268;A01;1;7;0;2;3;9;1;
36799;202100023693;159 265;A01;2;80;0;2;3;11;3;
36800;202100023693;159 266;Z01;2;7;0;2;2;13;0;
36801;202100023694;159 263;A01;1;33;0;2;3;18;1;
36802;202100023694;159 264;B01;1;7;0;2;2;16;1;
36803;202100023695;159 261;B01;2;7;0;2;4;2;1;
36804;202100023695;159 262;A01;2;7;0;2;1;2;1;
36805;202100023696;159 260;A01;2;7;1;0;2;14;1;
36806;202100023697;159 258;A01;2;10;0;2;1;15;1;
36807;202100023697;159 259;B01;1;30;0;2;1;1;1;
36808;202100023698;159 257;Z01;2;0;0;1;0;0;0;
36809;202100023699;159 255;A01;2;7;0;2;1;9;1;
36810;202100023699;159 256;B01;2;80;0;2;7;1;3;
36811;202100023700;159 253;B01;3;1;0;2;3;9;5;
36812;202100023700;159 254;A01;3;7;0;9;3;26;1;
36813;202100023701;159 251;A01;3;7;0;9;1;1;1;
36814;202100023701;159 252;B01;3;1;0;2;0;0;5;
36815;202100023702;159 249;B01;2;7;0;2;3;15;1;
36816;202100023702;159 250;A01;2;2;0;2;7;1;1;
36817;202100023703;159 247;A01;2;2;0;2;0;2;3;
36818;202100023703;159 248;B01;2;2;0;2;0;2;3;
36819;202100023704;159 245;B01;3;7;0;9;2;1;1;
36820;202100023704;159 246;A01;3;1;0;2;1;1;5;
36821;202100023706;159 241;A01;1;2;0;2;1;1;1;
36822;202100023706;159 242;B01;1;7;0;9;8;15;1;
36823;202100023708;159 237;A01;2;7;0;2;8;26;1;
36824;202100023708;159 238;B01;1;7;0;2;2;1;1;
36825;202100023709;159 236;A01;1;7;0;1;1;1;1;
36826;202100023710;159 235;A01;3;2;0;0;1;9;1;
36827;202100023711;159 233;A01;3;7;0;2;1;2;1;
36828;202100023711;159 234;B01;3;7;0;2;4;2;1;
36829;202100023712;159 231;B01;2;7;0;2;4;23;1;
36830;202100023712;159 232;A01;2;7;14;0;1;1;1;
36831;202100023713;159 230;A01;2;7;2;0;6;1;1;
36832;202100023714;159 228;B01;2;1;0;2;1;7;5;
36833;202100023714;159 229;A01;2;7;0;2;3;22;1;
36834;202100023716;159 225;A01;2;30;0;0;0;1;1;
36835;202100023717;159 223;A01;1;10;0;2;2;0;1;
36836;202100023717;159 224;B01;2;33;0;2;7;0;1;
36837;202100023718;159 221;B01;3;1;1;0;1;1;5;
36838;202100023718;159 222;A01;3;7;0;2;8;24;1;
36839;202100023719;159 219;A01;1;7;0;2;2;1;1;
36840;202100023719;159 220;B01;3;7;0;2;3;15;1;
36841;202100023721;159 215;A01;2;7;0;2;3;20;1;
36842;202100023721;159 216;B01;2;1;0;2;1;1;5;
36843;202100023722;159 213;B01;1;7;0;0;4;23;1;
36844;202100023722;159 214;A01;1;10;0;2;1;1;1;
36845;202100023723;159 212;A01;3;7;1;0;1;20;1;
36846;202100023724;159 210;B01;1;7;0;2;1;1;1;
36847;202100023724;159 211;A01;1;7;0;2;3;13;1;
36848;202100023725;159 208;A01;1;7;0;2;2;1;1;
36849;202100023725;159 209;B01;1;1;0;2;8;19;5;
36850;202100023726;159 207;Z01;3;7;0;1;0;0;1;
36851;202100023727;159 205;B01;0;31;12;2;0;21;1;
36852;202100023727;159 206;A01;0;7;0;2;0;9;1;
36853;202100023728;159 203;B01;1;10;0;2;6;13;1;
36854;202100023728;159 204;A01;2;32;0;2;1;1;1;
36855;202100023729;159 202;A01;0;43;11;0;8;26;1;
36856;202100023730;159 201;A01;3;7;0;1;1;26;1;
36857;202100023731;159 199;A01;1;7;0;2;3;15;1;
36858;202100023731;159 200;B01;2;7;0;2;1;1;1;
36859;202100023732;159 198;A01;3;33;0;0;8;15;1;
36860;202100023735;159 192;B01;2;7;0;2;2;1;1;
36861;202100023735;159 193;A01;2;10;0;2;6;11;1;
36862;202100023736;159 191;A01;1;7;4;0;2;14;1;
36863;202100023737;159 190;A01;0;32;11;0;1;13;1;
36864;202100023738;159 187;A01;2;10;0;2;1;2;1;
36865;202100023738;159 188;B01;2;10;0;2;4;2;1;
36866;202100023738;159 189;C01;2;10;0;2;4;2;1;
36867;202100023739;159 185;B01;1;34;0;2;2;1;1;
36868;202100023739;159 186;A01;1;7;0;2;8;22;1;
36869;202100023740;159 183;B01;1;7;0;2;3;1;1;
36870;202100023740;159 184;A01;1;7;0;2;1;1;1;
36871;202100023741;159 180;A01;1;7;0;2;6;2;1;
36872;202100023741;159 181;B01;1;7;0;2;4;23;1;
36873;202100023741;159 182;Z01;1;7;0;2;1;2;0;
36874;202100023742;159 178;A01;1;7;0;2;1;13;2;
36875;202100023742;159 179;B01;2;7;0;2;1;1;2;
36876;202100023743;159 176;B01;2;33;0;2;1;1;1;
36877;202100023743;159 177;A01;2;7;0;2;5;1;3;
36878;202100023744;159 175;A01;0;50;12;0;0;13;3;
36879;202100023745;159 173;A01;2;33;0;2;7;1;1;
36880;202100023745;159 174;B01;2;10;0;2;1;1;1;
36881;202100023747;159 170;A01;3;7;4;0;1;1;1;
36882;202100023748;159 168;B01;2;7;0;2;6;1;1;
36883;202100023748;159 169;A01;1;7;0;2;3;15;1;
36884;202100023749;159 166;A01;2;7;1;2;1;9;1;
36885;202100023749;159 167;B01;2;7;1;2;8;20;1;
36886;202100023750;159 164;A01;1;7;0;9;7;24;1;
36887;202100023750;159 165;B01;1;99;1;0;0;0;0;
36888;202100023751;159 162;B01;2;10;0;2;2;16;1;
36889;202100023751;159 163;A01;2;37;0;2;3;2;1;2.0
36890;202100023752;159 160;A01;3;50;0;2;7;1;3;
36891;202100023752;159 161;B01;3;3;0;2;1;1;1;
36892;202100023753;159 158;B01;3;7;0;0;6;2;1;
36893;202100023753;159 159;A01;3;7;9;2;0;17;1;
36894;202100023754;159 157;A01;3;7;0;1;0;26;1;
36895;202100023755;159 155;A01;3;50;0;2;7;19;3;
36896;202100023755;159 156;B01;2;7;0;2;3;1;1;
36897;202100023756;159 153;B01;3;7;0;2;2;1;1;
36898;202100023756;159 154;A01;3;10;14;2;6;13;1;
36899;202100023757;159 152;A01;2;1;0;0;0;1;5;
36900;202100023758;159 150;A01;1;7;0;2;3;2;1;
36901;202100023758;159 151;B01;2;7;0;2;3;2;1;
36902;202100023759;159 149;A01;1;7;16;0;1;1;1;
36903;202100023760;159 146;A01;1;7;0;2;3;17;2;
36904;202100023760;159 147;B01;2;1;0;2;1;1;5;
36905;202100023760;159 148;C01;2;1;0;2;1;1;5;
36906;202100023761;159 144;B01;1;7;0;2;3;9;1;
36907;202100023761;159 145;A01;1;1;0;2;7;1;5;
36908;202100023762;159 143;A01;2;14;0;0;8;13;1;
36909;202100023763;159 141;B01;2;7;0;2;3;1;1;
36910;202100023763;159 142;A01;1;7;0;2;3;13;1;
36911;202100023765;159 138;A01;1;7;17;0;1;1;1;
36912;202100023766;159 136;A01;1;7;0;0;6;15;1;
36913;202100023766;159 137;B01;1;33;0;2;1;13;1;
36914;202100023767;159 133;C01;3;7;0;2;5;1;1;
36915;202100023767;159 134;B01;3;7;0;2;2;13;1;
36916;202100023767;159 135;A01;3;7;0;2;6;1;1;
36917;202100023768;159 132;A01;1;33;6;0;8;1;1;
36918;202100023769;159 131;A01;2;33;13;0;1;14;1;
36919;202100023770;159 128;A01;1;1;0;0;2;16;5;
36920;202100023771;159 127;A01;0;7;8;0;1;6;1;
36921;202100023772;159 125;A01;1;7;0;2;2;2;1;
36922;202100023772;159 126;B01;1;1;0;2;4;2;5;
36923;202100023773;159 123;B01;2;2;0;2;1;15;1;
36924;202100023773;159 124;A01;2;2;0;0;8;10;1;
36925;202100023774;159 122;A01;2;10;2;0;8;1;1;
36926;202100023775;159 121;A01;3;2;0;0;8;1;1;
36927;202100023776;159 120;A01;2;33;0;0;0;1;0;
36928;202100023777;159 118;B01;1;7;0;2;2;1;1;
36929;202100023777;159 119;A01;0;1;0;0;9;9;5;
36930;202100023778;159 117;A01;3;99;12;0;0;0;3;
36931;202100023779;159 116;A01;2;7;13;0;1;1;1;
36932;202100023780;159 115;A01;1;7;13;0;0;1;1;
36933;202100023781;159 114;A01;2;2;0;0;8;2;1;
36934;202100023782;159 112;A01;1;7;15;2;5;15;1;
36935;202100023782;159 113;B01;2;7;0;2;8;1;1;
36936;202100023783;159 110;A01;1;10;0;2;3;1;1;
36937;202100023783;159 111;B01;2;10;0;2;3;1;1;
36938;202100023784;159 109;A01;2;7;0;1;1;1;1;
36939;202100023785;159 107;B01;2;17;0;0;0;26;1;
36940;202100023785;159 108;A01;2;1;6;0;3;2;5;
36941;202100023786;159 105;A01;3;7;0;2;1;1;1;
36942;202100023786;159 106;B01;3;50;0;2;8;19;3;
36943;202100023787;159 103;B01;2;7;0;2;1;1;1;
36944;202100023787;159 104;A01;1;10;0;2;1;13;1;
36945;202100023788;159 102;A01;2;7;2;0;3;0;1;
36946;202100023789;159 101;A01;2;14;13;0;7;1;1;
36947;202100023790;159 100;A01;1;7;7;0;2;1;1;
36948;202100023792;159 096;A01;1;38;0;0;0;1;1;1.0
36949;202100023792;159 097;B01;1;1;0;0;0;17;5;
36950;202100023793;159 092;A01;2;21;0;0;4;2;1;
36951;202100023793;159 093;C01;2;7;0;2;1;2;1;
36952;202100023794;159 090;A01;1;33;9;2;3;2;1;
36953;202100023794;159 091;B01;1;15;0;2;2;16;1;
36954;202100023795;159 088;B01;0;33;0;2;1;0;1;
36955;202100023795;159 089;A01;0;7;0;2;5;0;1;
36956;202100023796;159 086;A01;1;33;0;2;1;16;1;
36957;202100023796;159 087;B01;2;7;0;2;1;15;1;
36958;202100023797;159 083;C01;2;1;0;2;8;19;0;
36959;202100023797;159 084;B01;1;7;0;2;1;1;1;
36960;202100023797;159 085;A01;1;7;0;9;4;23;1;
36961;202100023799;159 080;B01;2;10;0;0;4;1;1;
36962;202100023799;159 081;A01;2;10;0;2;1;0;1;
36963;202100023800;159 078;A01;2;7;0;2;1;13;1;
36964;202100023800;159 079;B01;1;15;0;2;1;1;1;
36965;202100023801;159 076;B01;0;33;0;2;1;1;1;
36966;202100023801;159 077;A01;0;7;0;2;1;15;1;
36967;202100023802;159 073;A01;2;7;0;2;0;0;0;
36968;202100023802;159 074;B01;2;7;3;0;5;1;1;
36969;202100023802;159 075;C01;2;7;0;0;6;1;1;
36970;202100023803;159 072;A01;2;7;4;0;3;0;1;
36971;202100023804;159 071;A01;1;2;0;0;1;0;1;
36972;202100023805;159 069;A01;3;7;0;2;2;15;1;
36973;202100023805;159 070;B01;3;33;0;2;1;1;1;
36974;202100023806;159 068;A01;3;14;0;0;0;1;1;
36975;202100023807;159 067;A01;3;2;0;0;0;1;1;
36976;202100023809;159 063;B01;2;7;0;0;4;26;1;
36977;202100023809;159 064;A01;2;7;0;2;1;2;1;
36978;202100023810;159 061;B01;3;1;0;2;1;0;5;
36979;202100023810;159 062;A01;3;7;0;9;2;1;1;
36980;202100023812;159 058;B01;2;2;8;2;1;17;1;
36981;202100023812;159 059;A01;2;10;0;2;3;15;1;
36982;202100023813;159 056;A01;2;7;0;2;5;15;1;
36983;202100023813;159 057;B01;1;33;0;2;1;1;1;
36984;202100023814;159 055;A01;2;7;0;1;3;1;1;
36985;202100023815;159 054;A01;2;33;0;0;0;1;1;
36986;202100023816;159 053;A01;3;7;2;0;7;1;1;
36987;202100023817;159 052;A01;1;7;6;0;3;1;1;
36988;202100023818;159 051;A01;3;2;0;0;0;15;1;
36989;202100023819;159 049;A01;2;7;0;2;1;1;1;
36990;202100023819;159 050;B01;2;1;0;0;4;1;5;
36991;202100023820;159 048;A01;0;33;0;0;2;2;1;
36992;202100023821;159 046;B01;3;1;0;2;8;26;5;
36993;202100023821;159 047;A01;3;10;0;2;7;17;1;
36994;202100023822;159 044;B01;1;7;0;2;1;1;1;
36995;202100023822;159 045;A01;1;7;0;2;4;1;1;
36996;202100023823;159 042;A01;1;7;0;2;4;1;1;
36997;202100023823;159 043;B01;1;7;0;2;1;1;1;
36998;202100023824;159 041;A01;1;7;4;0;2;1;1;
36999;202100023825;159 040;A01;1;7;4;0;9;14;1;
37000;202100023826;159 038;A01;2;7;0;2;4;2;1;
37001;202100023826;159 039;B01;2;7;0;2;1;2;1;
37002;202100023827;159 037;A01;1;33;0;0;8;0;1;
37003;202100023828;159 035;B01;1;10;0;2;4;1;1;
37004;202100023828;159 036;A01;2;7;0;2;1;2;1;
37005;202100023829;159 034;A01;2;7;15;0;1;14;1;
37006;202100023830;159 032;A01;1;33;0;2;8;11;1;
37007;202100023830;159 033;B01;1;7;0;2;2;0;1;
37008;202100023832;159 028;A01;2;43;0;2;1;2;1;
37009;202100023832;159 029;B01;2;30;0;2;4;2;1;
37010;202100023833;159 026;B01;1;7;4;2;3;1;1;
37011;202100023833;159 027;A01;1;13;0;2;2;12;1;
37012;202100023834;159 024;A01;1;7;0;2;9;1;1;
37013;202100023834;159 025;B01;1;17;0;2;6;12;1;
37014;202100023835;159 023;A01;2;33;4;0;1;26;1;
37015;202100023836;159 020;C01;2;7;0;2;4;1;1;
37016;202100023836;159 021;B01;2;7;0;2;4;1;1;
37017;202100023836;159 022;A01;2;10;0;2;1;1;1;
37018;202100023837;159 019;A01;1;7;0;0;9;2;1;
37019;202100023838;159 018;A01;2;50;1;1;7;3;3;
37020;202100023839;159 014;Z01;2;7;0;2;1;26;0;
37021;202100023839;159 015;B01;2;7;0;2;4;1;1;
37022;202100023840;159 013;A01;0;7;1;1;1;1;1;
37023;202100023841;159 011;B01;1;33;0;2;4;1;1;
37024;202100023841;159 012;A01;1;7;0;2;1;1;1;
37025;202100023842;159 009;B01;3;7;0;2;4;23;1;
37026;202100023842;159 010;A01;3;30;0;2;1;23;1;
37027;202100023843;159 007;A01;1;7;0;2;3;1;1;
37028;202100023843;159 008;B01;1;2;0;2;8;1;1;
37029;202100023844;159 006;A01;1;33;0;0;7;9;1;
37030;202100023845;159 004;B01;1;7;0;2;2;16;1;
37031;202100023845;159 005;A01;1;2;12;2;3;18;1;
37032;202100023846;159 002;A01;1;7;0;2;2;16;3;
37033;202100023846;159 003;B01;1;1;0;2;3;1;5;
37034;202100023847;159 000;A01;3;7;0;2;0;0;0;
37035;202100023847;159 001;B01;3;50;0;2;3;0;3;
37036;202100023848;158 998;B01;1;50;0;2;0;19;3;
37037;202100023848;158 999;A01;2;7;0;2;2;15;1;
37038;202100023850;158 995;A01;3;32;1;0;1;13;3;
37039;202100023851;158 993;A01;3;7;1;0;2;14;1;
37040;202100023851;158 994;B01;3;10;1;0;4;0;1;
37041;202100023852;158 991;B01;1;7;0;2;1;1;1;
37042;202100023852;158 992;A01;3;7;0;2;8;1;1;
37043;202100023853;158 990;A01;3;7;0;1;1;1;1;
37044;202100023854;158 989;A01;3;30;8;0;7;21;1;
37045;202100023855;158 987;A01;2;10;0;2;2;5;1;
37046;202100023855;158 988;B01;2;7;0;2;1;1;1;
37047;202100023856;158 986;A01;2;7;0;1;3;1;2;
37048;202100023858;158 981;A01;3;7;0;2;1;1;1;
37049;202100023858;158 982;B01;3;7;0;2;8;1;1;
37050;202100023858;158 983;C01;3;7;0;2;8;1;1;
37051;202100023859;158 979;Z01;3;7;0;2;1;15;0;
37052;202100023859;158 980;B01;3;7;0;2;1;1;1;
37053;202100023860;158 977;B01;3;7;0;2;3;19;1;
37054;202100023860;158 978;A01;1;10;0;2;1;1;1;
37055;202100023861;158 975;C01;2;7;0;2;-1;17;-1;
37056;202100023861;158 976;A01;1;7;9;0;1;14;1;
37057;202100023862;158 973;B01;1;31;0;2;7;1;1;
37058;202100023862;158 974;A01;2;7;0;2;1;15;1;
37059;202100023863;158 971;B01;0;7;0;2;8;1;1;
37060;202100023863;158 972;A01;0;7;0;2;1;1;1;
37061;202100023864;158 970;A01;2;7;0;1;3;15;1;
37062;202100023865;158 966;B01;2;7;0;2;1;1;1;
37063;202100023865;158 967;C01;2;7;0;2;1;1;1;
37064;202100023865;158 968;D01;1;7;0;2;4;1;1;
37065;202100023865;158 969;A01;1;7;16;2;1;13;1;
37066;202100023866;158 965;A01;1;30;0;0;0;1;3;
37067;202100023868;158 961;B01;2;1;0;2;0;1;5;
37068;202100023868;158 962;A01;3;7;0;2;3;15;1;
37069;202100023869;158 959;B01;3;50;0;2;1;25;3;
37070;202100023869;158 960;A01;3;7;0;2;2;9;1;
37071;202100023870;158 958;Z01;1;30;0;1;1;25;1;
37072;202100023871;158 957;A01;1;30;1;0;3;13;1;
37073;202100023872;158 956;A01;1;31;8;0;3;14;1;
37074;202100023873;158 954;A01;1;7;0;2;2;22;1;
37075;202100023873;158 955;B01;1;1;0;2;1;1;5;
37076;202100023874;158 953;A01;1;7;2;0;1;13;1;
37077;202100023875;158 952;A01;2;7;0;1;2;1;1;
37078;202100023876;158 950;A01;2;10;0;2;3;13;1;
37079;202100023876;158 951;B01;2;33;0;2;8;1;1;
37080;202100023877;158 948;A01;1;10;0;2;1;16;1;
37081;202100023877;158 949;B01;2;1;0;2;7;1;5;
37082;202100023878;158 947;A01;2;7;2;0;7;1;1;
37083;202100023879;158 946;A01;3;7;6;0;1;1;1;
37084;202100023880;158 945;Z01;3;99;0;1;2;26;0;
37085;202100023881;158 943;Z01;2;7;0;0;0;11;1;
37086;202100023881;158 944;A01;1;30;0;0;0;21;1;
37087;202100023882;158 942;A01;2;7;0;1;1;1;1;
37088;202100023883;158 941;A01;1;7;0;1;4;4;1;
37089;202100023884;158 939;B01;1;7;0;0;4;2;1;
37090;202100023884;158 940;A01;1;7;0;2;1;2;1;
37091;202100023885;158 938;A01;1;30;0;0;8;26;1;
37092;202100023886;158 937;A01;2;7;2;0;1;1;1;
37093;202100023887;158 935;B01;1;7;0;2;6;2;1;
37094;202100023887;158 936;A01;1;1;0;2;1;2;5;
37095;202100023888;158 934;A01;2;7;0;0;9;1;1;
37096;202100023889;158 932;B01;2;7;0;2;3;15;1;
37097;202100023889;158 933;A01;1;7;0;2;1;1;1;
37098;202100023890;158 930;B01;1;7;0;2;3;1;1;
37099;202100023890;158 931;A01;0;80;0;2;3;19;3;
37100;202100023891;158 928;A01;0;2;0;2;8;19;1;
37101;202100023891;158 929;B01;0;10;0;2;3;1;1;
37102;202100023892;158 926;B01;3;50;0;2;3;19;3;
37103;202100023892;158 927;A01;1;10;0;9;1;1;1;
37104;202100023893;158 925;Z01;2;7;0;1;8;1;0;
37105;202100023894;158 923;B01;3;7;0;2;8;26;1;
37106;202100023894;158 924;A01;3;7;0;2;1;0;1;
37107;202100023895;158 921;B01;0;7;0;2;3;1;1;
37108;202100023895;158 922;A01;3;7;0;2;3;13;1;
37109;202100023896;158 919;B01;2;7;0;2;1;1;1;
37110;202100023896;158 920;A01;1;7;0;2;1;5;1;
37111;202100023897;158 918;A01;3;30;0;0;0;26;0;
37112;202100023898;158 917;A01;1;7;13;0;2;14;1;
37113;202100023899;158 915;B01;3;7;0;2;5;20;0;
37114;202100023899;158 916;A01;1;7;1;0;8;24;1;
37115;202100023900;158 913;Z01;2;7;0;2;1;1;1;
37116;202100023900;158 914;B01;2;33;0;2;7;16;1;
37117;202100023901;158 911;B01;1;80;0;2;4;19;3;
37118;202100023901;158 912;A01;1;7;0;2;3;9;1;
37119;202100023902;158 910;A01;3;7;0;1;4;4;3;
37120;202100023903;158 908;B01;1;7;0;2;2;2;1;
37121;202100023903;158 909;A01;1;7;0;2;1;16;1;
37122;202100023904;158 906;B01;3;7;0;2;1;1;0;
37123;202100023904;158 907;A01;3;7;0;2;3;26;1;
37124;202100023905;158 904;B01;1;33;0;2;0;17;1;
37125;202100023905;158 905;A01;1;7;0;2;1;15;1;
37126;202100023906;158 902;B01;1;7;0;2;3;1;1;
37127;202100023906;158 903;A01;2;7;0;2;3;13;1;
37128;202100023907;158 900;A01;1;7;0;2;1;2;1;
37129;202100023907;158 901;B01;1;7;0;2;4;2;1;
37130;202100023908;158 898;A01;2;7;0;2;3;13;1;
37131;202100023908;158 899;B01;2;33;0;2;5;3;1;
37132;202100023909;158 896;A01;1;7;0;2;6;1;1;
37133;202100023909;158 897;B01;1;7;0;2;3;1;1;
37134;202100023910;158 895;A01;1;7;1;0;1;13;1;
37135;202100023911;158 893;B01;1;33;0;2;3;1;1;
37136;202100023911;158 894;A01;2;50;0;2;3;13;3;
37137;202100023912;158 891;B01;2;30;0;2;3;1;1;
37138;202100023912;158 892;A01;2;10;0;2;7;16;1;
37139;202100023913;158 889;B01;1;30;0;2;3;18;1;
37140;202100023913;158 890;A01;1;7;0;2;1;16;1;
37141;202100023914;158 888;A01;1;7;8;0;2;1;1;
37142;202100023915;158 886;A01;1;7;0;2;5;26;6;
37143;202100023915;158 887;B01;1;2;0;2;1;1;1;
37144;202100023916;158 884;B01;2;41;0;2;7;25;3;
37145;202100023916;158 885;A01;1;7;0;2;1;20;3;
37146;202100023917;158 882;A01;2;30;0;2;1;16;1;
37147;202100023917;158 883;B01;2;7;0;2;5;1;1;
37148;202100023918;158 880;B01;3;7;0;2;2;9;1;
37149;202100023918;158 881;A01;3;7;0;2;7;1;1;
37150;202100023919;158 878;Z01;2;7;0;2;1;1;0;
37151;202100023919;158 879;A01;1;99;0;2;1;5;6;
37152;202100023920;158 877;A01;1;7;0;1;2;19;1;
37153;202100023922;158 874;B01;3;7;0;2;0;23;1;
37154;202100023922;158 875;A01;3;30;0;2;1;23;1;
37155;202100023923;158 872;A01;1;7;0;2;2;16;1;
37156;202100023923;158 873;SB01;1;30;0;2;1;0;1;
37157;202100023924;158 870;B01;0;30;0;2;1;17;1;
37158;202100023924;158 871;A01;0;7;0;2;3;15;1;
37159;202100023925;158 866;A01;2;7;0;2;7;21;1;
37160;202100023925;158 867;B01;2;2;0;2;4;1;1;
37161;202100023927;158 863;A01;1;50;0;1;1;1;3;
37162;202100023928;158 861;B01;1;7;0;2;3;0;1;
37163;202100023928;158 862;A01;2;7;0;2;3;13;1;
37164;202100023929;158 859;A01;1;7;0;0;4;2;1;
37165;202100023929;158 860;B01;1;33;0;2;1;2;1;
37166;202100023930;158 857;A01;1;15;0;2;3;1;1;
37167;202100023930;158 858;B01;2;7;0;0;3;0;1;
37168;202100023931;158 855;B01;3;14;0;2;3;1;1;
37169;202100023931;158 856;A01;3;7;4;2;2;1;1;
37170;202100023933;158 852;A01;1;7;13;0;1;2;1;
37171;202100023934;158 850;A01;1;33;0;2;1;13;1;
37172;202100023934;158 851;B01;2;14;0;2;3;1;1;
37173;202100023935;158 848;B01;2;2;8;0;1;1;1;
37174;202100023935;158 849;A01;3;7;0;0;0;15;1;
37175;202100023936;158 847;A01;1;7;2;0;0;1;1;
37176;202100023937;158 846;A01;1;7;6;0;1;1;1;
37177;202100023938;158 843;A01;2;7;0;2;1;13;1;
37178;202100023938;158 844;B01;1;7;0;2;3;1;1;
37179;202100023938;158 845;C01;1;7;0;2;8;1;1;
37180;202100023939;158 842;A01;2;43;13;0;2;1;1;
37181;202100023940;158 839;A01;2;10;0;2;3;13;1;
37182;202100023940;158 840;C01;1;15;0;2;1;1;1;
37183;202100023940;158 841;B01;1;10;0;2;3;1;1;
37184;202100023941;158 838;A01;2;10;13;0;1;1;1;
37185;202100023943;158 835;A01;1;33;0;0;1;9;1;
37186;202100023944;158 833;B01;0;7;0;9;6;1;1;
37187;202100023944;158 834;A01;0;1;0;2;3;13;5;
37188;202100023945;158 832;A01;1;7;0;0;9;1;1;
37189;202100023946;158 830;B01;3;7;0;2;1;1;1;
37190;202100023946;158 831;A01;3;7;0;2;1;5;1;
37191;202100023947;158 828;B01;3;1;0;2;7;17;5;
37192;202100023947;158 829;A01;3;1;0;2;8;13;5;
37193;202100023948;158 826;B01;1;7;0;2;1;1;1;
37194;202100023948;158 827;A01;2;7;0;2;2;17;1;
37195;202100023949;158 824;A01;2;1;12;0;0;1;5;
37196;202100023949;158 825;B01;2;38;0;0;0;17;0;1.0
37197;202100023950;158 822;C01;2;10;0;9;4;1;1;
37198;202100023950;158 823;A01;1;1;6;2;1;0;5;
37199;202100023951;158 820;A01;0;2;0;2;1;5;1;
37200;202100023951;158 821;B01;0;7;0;2;3;1;1;
37201;202100023952;158 818;A01;2;7;0;2;3;10;1;
37202;202100023952;158 819;B01;2;33;0;2;1;1;1;
37203;202100023953;158 816;B01;3;7;0;2;3;19;2;
37204;202100023953;158 817;A01;2;7;0;2;1;1;1;