;Num_Acc;id_vehicule;num_veh;senc;catv;obs;obsm;choc;manv;motor;occutc
37205;202100023954;158 815;A01;2;32;10;0;3;17;1;
37206;202100023955;158 814;A01;2;7;0;0;2;1;1;
37207;202100023956;158 813;A01;2;7;6;0;2;1;1;
37208;202100023958;158 809;B01;2;7;0;2;8;15;1;
37209;202100023958;158 810;A01;2;7;0;2;1;1;1;
37210;202100023959;158 807;B01;1;2;0;2;8;24;1;
37211;202100023959;158 808;A01;1;10;1;0;1;1;1;
37212;202100023960;158 806;A01;1;7;0;0;0;14;1;
37213;202100023961;158 805;A01;1;10;3;0;2;0;1;
37214;202100023962;158 804;A01;3;7;14;9;0;1;1;
37215;202100023963;158 799;C01;2;7;3;0;2;1;1;
37216;202100023963;158 800;B01;2;7;3;2;6;1;1;
37217;202100023963;158 801;A01;2;7;3;2;2;17;1;
37218;202100023964;158 798;A01;2;7;0;1;3;0;1;
37219;202100023966;158 796;A01;3;7;0;1;3;15;1;
37220;202100023967;158 795;A01;0;7;0;1;2;21;1;
37221;202100023968;158 793;A01;1;7;0;2;3;13;1;
37222;202100023968;158 794;B01;2;33;0;2;1;21;1;
37223;202100023969;158 792;A01;2;7;0;1;7;1;1;
37224;202100023970;158 791;A01;3;7;6;0;2;1;1;
37225;202100023971;158 790;A01;2;34;0;0;0;0;1;
37226;202100023972;158 788;B01;2;33;13;2;9;0;1;
37227;202100023972;158 789;A01;1;13;0;9;6;17;1;
37228;202100023973;158 786;B01;1;7;0;2;8;2;1;
37229;202100023973;158 787;A01;1;1;0;2;7;1;5;
37230;202100023974;158 783;C01;1;7;0;2;1;1;1;
37231;202100023974;158 784;B01;2;7;0;2;4;23;1;
37232;202100023974;158 785;A01;2;7;0;0;4;23;1;
37233;202100023976;158 779;B01;1;7;0;0;4;1;1;
37234;202100023976;158 780;A01;1;7;0;2;1;9;1;
37235;202100023977;158 777;A01;2;10;0;2;1;2;1;
37236;202100023977;158 778;B01;2;30;0;2;4;2;1;
37237;202100023978;158 774;C01;2;7;0;2;4;1;1;
37238;202100023978;158 775;B01;2;7;0;2;4;2;1;
37239;202100023978;158 776;A01;2;10;0;2;1;1;1;
37240;202100023979;158 772;B01;1;7;0;2;4;1;1;
37241;202100023979;158 773;A01;1;7;0;2;1;1;1;
37242;202100023980;158 769;C01;2;7;0;2;4;1;1;
37243;202100023980;158 770;B01;2;7;0;2;4;1;1;
37244;202100023980;158 771;A01;2;7;0;2;1;11;1;
37245;202100023981;158 768;A01;1;33;0;0;0;1;1;
37246;202100023982;158 767;A01;2;7;3;2;1;1;1;
37247;202100023983;158 766;A01;0;7;0;1;1;2;1;
37248;202100023984;158 764;B01;1;7;0;2;3;1;1;
37249;202100023984;158 765;A01;1;30;0;2;1;17;1;
37250;202100023985;158 762;Z01;1;7;0;9;0;0;0;
37251;202100023985;158 763;A01;1;2;0;2;4;1;1;
37252;202100023986;158 760;B01;3;2;0;2;3;1;1;
37253;202100023986;158 761;A01;3;10;0;2;3;1;1;
37254;202100023987;158 759;A01;2;7;0;1;1;15;1;
37255;202100023988;158 758;A01;2;7;0;0;2;14;1;
37256;202100023989;158 757;A01;1;31;0;0;3;2;1;
37257;202100023990;158 756;A01;1;7;3;0;1;13;1;
37258;202100023991;158 755;A01;3;30;0;0;0;1;3;
37259;202100023992;158 753;B01;1;33;12;2;3;1;1;
37260;202100023992;158 754;A01;1;7;0;2;5;13;1;
37261;202100023993;158 751;B01;3;7;0;2;3;15;1;
37262;202100023993;158 752;A01;3;7;0;2;2;12;1;
37263;202100023994;158 749;B01;2;10;0;2;6;1;1;
37264;202100023994;158 750;A01;2;30;0;2;1;12;1;
37265;202100023995;158 748;A01;1;37;0;1;3;1;1;1.0
37266;202100023996;158 746;B01;1;32;0;2;1;1;1;
37267;202100023996;158 747;A01;3;7;0;2;2;15;1;
37268;202100023997;158 744;A01;1;7;0;2;2;15;1;
37269;202100023997;158 745;B01;2;2;0;2;1;1;1;
37270;202100023998;158 742;A01;1;7;0;2;1;1;1;
37271;202100023998;158 743;B01;1;1;0;2;4;13;5;
37272;202100023999;158 741;A01;1;33;0;1;1;21;1;
37273;202100024000;158 739;B01;2;1;0;2;1;16;5;
37274;202100024000;158 740;A01;1;7;0;2;2;15;1;
37275;202100024001;158 738;A01;3;7;0;1;2;19;1;
37276;202100024002;158 736;A01;2;10;0;2;8;26;1;
37277;202100024002;158 737;B01;1;33;0;2;8;0;1;
37278;202100024003;158 734;C01;3;7;0;2;3;9;1;
37279;202100024003;158 735;B01;3;1;0;2;1;26;5;
37280;202100024004;158 732;B01;1;7;0;2;2;1;1;
37281;202100024004;158 733;A01;1;3;0;2;3;16;1;
37282;202100024006;158 729;B01;1;7;0;2;3;1;0;
37283;202100024006;158 730;A01;1;80;0;2;1;19;3;
37284;202100024008;158 727;A01;2;3;15;0;1;15;1;
37285;202100024009;158 725;B01;2;7;1;2;2;9;1;
37286;202100024009;158 726;A01;1;2;0;2;7;1;1;
37287;202100024010;158 724;A01;1;7;0;1;7;1;1;
37288;202100024011;158 723;A01;3;30;0;0;1;16;1;
37289;202100024012;158 721;A01;2;7;0;2;1;1;1;
37290;202100024012;158 722;B01;2;7;0;2;5;23;1;
37291;202100024013;158 719;A01;0;30;0;2;1;1;1;
37292;202100024013;158 720;B01;0;7;0;2;4;23;1;
37293;202100024014;158 718;A01;3;7;8;0;2;1;1;
37294;202100024015;158 717;A01;1;7;0;1;1;1;1;
37295;202100024016;158 716;A01;1;7;15;0;1;1;1;
37296;202100024017;158 715;A01;1;7;2;0;3;14;1;
37297;202100024018;158 714;A01;3;32;0;0;0;19;1;
37298;202100024019;158 712;B01;3;7;0;2;8;1;2;
37299;202100024019;158 713;A01;3;7;0;2;1;15;1;
37300;202100024020;158 711;A01;1;43;9;0;1;26;1;
37301;202100024021;158 709;A01;1;7;0;9;7;1;1;
37302;202100024021;158 710;B01;1;1;0;2;6;1;5;
37303;202100024023;158 705;A01;1;7;11;0;3;13;1;
37304;202100024024;158 703;A01;2;7;0;2;3;15;1;
37305;202100024024;158 704;B01;1;1;0;2;1;1;5;
37306;202100024026;158 700;A01;1;7;0;1;2;15;1;
37307;202100024027;158 699;A01;1;7;0;1;2;16;1;
37308;202100024028;158 697;A01;1;7;6;2;5;1;1;
37309;202100024028;158 698;B01;1;7;0;2;1;1;2;
37310;202100024029;158 695;A01;1;7;0;2;1;1;1;
37311;202100024029;158 696;B01;1;7;0;2;5;1;1;
37312;202100024031;158 690;A01;2;7;0;2;5;15;0;
37313;202100024031;158 691;B01;1;30;0;2;1;1;0;
37314;202100024032;158 688;A01;2;1;0;2;1;1;5;
37315;202100024032;158 689;B01;1;7;0;2;7;1;1;
37316;202100024033;158 687;A01;1;7;0;1;0;1;1;
37317;202100024034;158 683;A01;2;7;0;2;1;15;1;
37318;202100024034;158 684;B01;2;1;0;2;8;19;5;
37319;202100024035;158 682;B01;1;1;1;0;1;1;5;
37320;202100024036;158 680;B01;2;7;0;2;2;15;1;
37321;202100024036;158 681;A01;1;32;0;2;1;1;0;
37322;202100024037;158 678;B01;1;50;0;2;7;5;3;
37323;202100024037;158 679;A01;1;7;0;2;1;1;1;
37324;202100024038;158 677;A01;0;43;8;0;1;0;1;
37325;202100024039;158 676;A01;2;1;0;0;0;1;0;
37326;202100024040;158 674;A01;2;32;0;9;1;1;1;
37327;202100024040;158 675;B01;2;7;0;0;0;1;1;
37328;202100024042;158 670;A01;1;7;0;2;3;0;1;
37329;202100024042;158 671;B01;1;1;0;2;1;0;5;
37330;202100024043;158 668;B01;1;7;0;2;1;1;1;
37331;202100024043;158 669;A01;2;2;0;2;1;5;1;
37332;202100024044;158 666;A01;2;7;0;2;2;1;1;
37333;202100024044;158 667;B01;2;1;0;2;4;1;5;
37334;202100024045;158 664;A01;2;31;0;0;2;17;1;
37335;202100024045;158 665;B01;2;21;0;2;8;15;1;
37336;202100024046;158 663;A01;1;7;8;0;1;1;1;
37337;202100024047;158 661;A01;2;10;0;9;4;26;1;
37338;202100024047;158 662;B01;2;2;0;2;1;23;1;
37339;202100024048;158 659;B01;3;7;0;2;6;15;1;
37340;202100024048;158 660;A01;1;33;0;2;1;1;1;
37341;202100024049;158 658;A01;1;7;17;0;3;13;1;
37342;202100024051;158 655;A01;0;33;0;6;1;1;1;
37343;202100024053;158 652;A01;2;7;16;0;0;13;1;
37344;202100024054;158 651;A01;2;1;0;5;2;1;5;
37345;202100024055;158 650;A01;3;31;0;2;1;1;1;
37346;202100024057;158 647;A01;1;21;13;0;0;1;1;
37347;202100024058;158 645;B01;2;7;0;0;6;1;1;
37348;202100024058;158 646;A01;2;7;3;2;2;14;1;
37349;202100024059;158 644;A01;2;15;0;0;9;1;1;
37350;202100024060;158 642;A01;1;7;0;2;1;1;1;
37351;202100024060;158 643;B01;2;7;0;2;8;19;1;
37352;202100024061;158 641;A01;1;50;0;0;0;1;3;
37353;202100024062;158 639;B01;1;33;0;2;8;1;1;
37354;202100024062;158 640;A01;1;7;0;2;2;19;1;
37355;202100024063;158 637;B01;2;7;0;2;6;15;1;
37356;202100024063;158 638;A01;2;7;0;2;1;17;1;
37357;202100024064;158 635;A01;2;33;2;0;3;1;1;
37358;202100024065;158 634;A01;3;2;0;0;0;21;1;
37359;202100024066;158 632;A01;3;7;0;2;6;10;1;
37360;202100024066;158 633;B01;3;33;0;2;1;1;1;
37361;202100024067;158 631;A01;3;7;2;0;1;1;1;
37362;202100024068;158 630;A01;1;7;0;0;9;1;1;
37363;202100024070;158 628;A01;3;2;14;0;1;1;1;
37364;202100024071;158 627;A01;1;33;13;0;1;13;1;
37365;202100024072;158 626;A01;2;7;0;0;9;0;1;
37366;202100024073;158 625;A01;1;33;13;0;0;1;1;
37367;202100024074;158 624;A01;1;10;4;0;1;16;6;
37368;202100024075;158 621;A01;1;7;0;2;4;23;1;
37369;202100024075;158 622;B01;1;15;0;2;1;2;1;
37370;202100024075;158 623;C01;1;10;0;2;1;26;1;
37371;202100024076;158 620;A01;1;7;4;0;3;0;1;
37372;202100024077;158 618;B01;1;2;0;2;3;18;1;
37373;202100024077;158 619;A01;1;7;0;2;2;16;1;
37374;202100024078;158 617;A01;2;7;0;0;8;1;1;
37375;202100024079;158 615;B01;1;31;0;2;8;13;1;
37376;202100024079;158 616;A01;1;7;0;9;2;11;1;
37377;202100024080;158 613;A01;2;2;0;2;3;19;1;
37378;202100024080;158 614;B01;1;7;0;2;2;1;1;
37379;202100024081;158 612;A01;3;7;0;1;2;2;1;
37380;202100024083;158 609;A01;1;7;0;2;3;1;1;
37381;202100024083;158 610;B01;2;7;0;2;6;1;1;
37382;202100024084;158 607;B01;1;7;0;0;6;15;1;
37383;202100024084;158 608;A01;1;32;6;2;2;17;1;
37384;202100024085;158 606;A01;1;33;0;0;0;1;1;
37385;202100024086;158 605;A01;1;33;0;0;3;15;1;
37386;202100024087;158 604;A01;3;7;0;1;2;20;1;
37387;202100024088;158 602;A01;2;7;0;2;2;1;1;
37388;202100024088;158 603;B01;3;1;0;2;0;26;5;
37389;202100024089;158 600;B01;2;7;0;2;2;1;1;
37390;202100024089;158 601;A01;1;2;0;2;1;1;1;
37391;202100024090;158 598;A01;1;1;0;2;1;2;5;
37392;202100024090;158 599;B01;1;7;0;2;4;1;1;
37393;202100024091;158 597;A01;1;33;8;0;1;1;1;
37394;202100024092;158 595;C01;0;33;0;2;3;0;1;
37395;202100024092;158 596;A01;1;7;0;2;1;1;1;
37396;202100024093;158 594;A01;2;7;0;0;1;1;1;
37397;202100024094;158 592;B01;2;33;0;2;1;1;1;
37398;202100024094;158 593;A01;2;7;0;2;3;15;1;
37399;202100024095;158 590;A01;3;7;0;2;1;5;1;
37400;202100024095;158 591;B01;3;7;0;2;1;2;1;
37401;202100024096;158 589;A01;2;7;0;1;1;0;1;
37402;202100024097;158 587;A01;1;7;0;2;6;1;1;
37403;202100024097;158 588;B01;1;33;0;2;5;17;1;
37404;202100024098;158 586;A01;1;7;4;0;0;1;-1;
37405;202100024100;158 582;B01;2;7;0;2;4;12;1;
37406;202100024100;158 583;A01;2;15;0;2;2;1;1;
37407;202100024101;158 579;A01;1;7;0;2;4;23;1;
37408;202100024101;158 580;B01;1;7;0;2;4;23;2;
37409;202100024101;158 581;C01;2;10;0;2;1;2;1;
37410;202100024102;158 576;C01;2;33;0;2;1;2;1;
37411;202100024102;158 577;B01;2;7;0;2;3;2;1;
37412;202100024102;158 578;A01;2;7;4;2;1;2;1;
37413;202100024103;158 572;D01;1;7;0;2;4;1;2;
37414;202100024103;158 573;C01;1;7;0;2;4;1;1;
37415;202100024103;158 574;B01;1;7;0;2;4;1;1;
37416;202100024103;158 575;A01;1;7;0;2;1;1;1;
37417;202100024104;158 571;A01;2;7;0;0;9;26;1;
37418;202100024105;158 570;A01;1;33;3;0;7;3;1;
37419;202100024106;158 568;A01;1;33;4;2;1;1;1;
37420;202100024106;158 569;B01;1;7;0;2;6;0;1;
37421;202100024107;158 567;A01;1;10;0;1;3;1;1;
37422;202100024108;158 566;A01;1;7;0;1;3;15;1;
37423;202100024109;158 564;B01;3;7;0;2;5;0;1;
37424;202100024109;158 565;A01;3;7;12;2;3;17;1;
37425;202100024111;158 561;A01;0;99;0;2;1;1;0;
37426;202100024111;158 562;B01;0;7;0;0;4;23;0;
37427;202100024112;158 559;B01;2;7;8;2;1;1;1;
37428;202100024112;158 560;A01;1;7;8;2;5;1;1;
37429;202100024113;158 557;B01;1;2;0;2;0;3;1;
37430;202100024113;158 558;A01;1;7;0;2;0;9;1;
37431;202100024114;158 556;A01;1;7;0;1;1;1;1;
37432;202100024115;158 555;A01;2;99;0;0;0;26;3;
37433;202100024117;158 552;A01;2;7;0;0;0;0;1;
37434;202100024118;158 550;B01;2;7;9;2;1;1;1;
37435;202100024118;158 551;A01;2;7;9;2;3;19;1;
37436;202100024120;158 547;A01;3;30;11;0;3;13;1;
37437;202100024121;158 545;A01;0;7;0;2;1;15;1;
37438;202100024121;158 546;B01;0;2;0;2;3;1;1;
37439;202100024122;158 543;B01;0;7;0;2;3;1;1;
37440;202100024122;158 544;A01;0;7;0;2;8;1;1;
37441;202100024123;158 541;A01;1;10;0;2;2;10;1;
37442;202100024123;158 542;B01;2;2;0;2;1;1;1;
37443;202100024124;158 538;B01;0;7;0;2;0;0;1;
37444;202100024124;158 539;A01;0;7;0;2;0;0;1;
37445;202100024124;158 540;C01;0;7;0;2;0;0;1;
37446;202100024125;158 536;B01;2;7;0;2;1;1;0;
37447;202100024125;158 537;A01;2;7;0;2;8;10;0;
37448;202100024126;158 534;A01;2;33;0;2;1;21;1;
37449;202100024126;158 535;B01;2;7;0;2;3;15;1;
37450;202100024127;158 532;A01;3;80;0;2;4;19;3;
37451;202100024127;158 533;B01;3;7;0;2;0;19;1;
37452;202100024128;158 530;B01;1;7;0;2;6;1;1;
37453;202100024128;158 531;A01;1;33;0;2;7;21;1;
37454;202100024129;158 528;A01;0;7;0;2;1;26;1;
37455;202100024129;158 529;B01;0;1;0;0;0;0;2;
37456;202100024130;158 526;A01;2;7;0;2;1;2;1;
37457;202100024130;158 527;B01;1;7;4;2;4;1;1;
37458;202100024131;158 525;A01;2;7;14;0;9;21;1;
37459;202100024132;158 523;A01;1;7;0;2;1;1;1;
37460;202100024132;158 524;B01;1;7;0;2;4;1;1;
37461;202100024133;158 521;A01;2;7;0;2;3;13;1;
37462;202100024133;158 522;B01;1;7;0;0;0;0;1;
37463;202100024134;158 519;B01;2;33;0;2;1;1;1;
37464;202100024134;158 520;A01;1;7;0;2;1;15;2;
37465;202100024135;158 518;A01;1;7;2;0;5;2;1;
37466;202100024136;158 516;B01;3;7;0;2;0;0;1;
37467;202100024136;158 517;A01;3;7;0;2;1;26;1;
37468;202100024137;158 514;A01;1;10;1;0;2;1;1;
37469;202100024137;158 515;B01;1;7;0;2;4;23;1;
37470;202100024138;158 513;A01;1;7;14;0;3;1;1;
37471;202100024139;158 511;B01;1;7;0;2;4;23;1;
37472;202100024139;158 512;Z01;1;7;14;0;1;1;1;
37473;202100024140;158 509;A01;1;7;0;2;8;15;1;
37474;202100024140;158 510;B01;1;30;0;2;1;17;1;
37475;202100024141;158 507;A01;2;7;0;2;3;13;1;
37476;202100024141;158 508;B01;1;7;0;2;3;1;1;
37477;202100024142;158 505;A01;1;7;0;2;1;9;1;
37478;202100024142;158 506;B01;2;7;0;2;1;1;1;
37479;202100024143;158 503;A01;2;50;0;2;1;1;3;
37480;202100024143;158 504;B01;2;7;0;2;3;1;1;
37481;202100024144;158 502;A01;2;31;6;0;1;2;1;
37482;202100024145;158 499;A01;1;10;0;2;1;2;1;
37483;202100024145;158 500;B01;1;7;0;2;4;23;1;
37484;202100024145;158 501;C01;1;7;0;2;4;23;1;
37485;202100024146;158 497;A01;2;50;0;2;1;1;3;
37486;202100024146;158 498;B01;1;7;0;2;7;1;1;
37487;202100024147;158 496;Z01;2;7;0;1;3;13;1;
37488;202100024148;158 495;A01;1;7;0;1;2;1;1;
37489;202100024149;158 493;A01;2;7;0;2;4;2;1;
37490;202100024149;158 494;B01;2;30;0;2;6;2;1;
37491;202100024150;158 491;A01;2;1;0;2;2;1;5;
37492;202100024150;158 492;Z01;1;7;0;2;3;1;0;
37493;202100024151;158 489;A01;2;7;0;2;3;1;1;
37494;202100024151;158 490;B01;1;33;0;2;2;1;1;
37495;202100024152;158 487;B01;1;37;0;2;3;9;0;8.0
37496;202100024152;158 488;A01;1;10;0;2;2;1;1;
37497;202100024153;158 485;A01;2;7;0;2;3;15;1;
37498;202100024153;158 486;B01;1;7;0;2;3;15;1;
37499;202100024154;158 484;A01;1;1;0;0;1;16;5;
37500;202100024155;158 482;B01;1;30;0;0;2;17;1;
37501;202100024155;158 483;A01;1;7;0;2;3;15;1;
37502;202100024156;158 481;A01;3;33;0;0;0;13;1;
37503;202100024157;158 480;A01;1;7;0;0;1;14;1;
37504;202100024158;158 479;A01;1;2;12;0;0;1;1;
37505;202100024159;158 478;A01;2;33;8;0;8;21;1;
37506;202100024160;158 476;B01;2;33;6;0;2;13;1;
37507;202100024160;158 477;A01;2;7;0;0;3;15;1;
37508;202100024162;158 472;A01;2;33;0;2;1;13;1;
37509;202100024162;158 473;B01;1;7;0;2;3;1;1;
37510;202100024164;158 469;A01;1;7;0;2;3;0;1;
37511;202100024164;158 470;B01;1;7;0;2;3;15;1;
37512;202100024165;158 465;B01;1;7;0;2;3;1;1;
37513;202100024165;158 466;A01;3;7;0;2;3;9;1;
37514;202100024166;158 462;C01;2;7;0;0;9;1;1;
37515;202100024166;158 463;B01;2;17;0;0;8;1;1;
37516;202100024166;158 464;A01;1;7;0;2;1;13;1;
37517;202100024167;158 461;A01;0;2;6;0;1;1;1;
37518;202100024168;158 460;A01;2;2;6;0;1;13;1;
37519;202100024169;158 459;A01;2;7;2;0;1;14;1;
37520;202100024170;158 458;A01;2;7;17;0;2;1;1;
37521;202100024171;158 456;B01;2;7;0;2;3;1;1;
37522;202100024171;158 457;A01;1;7;0;2;3;13;1;
37523;202100024172;158 455;A01;2;7;6;0;3;1;1;
37524;202100024173;158 453;A01;0;7;0;0;0;1;1;
37525;202100024173;158 454;B01;0;7;0;0;0;1;1;
37526;202100024174;158 451;B01;1;7;0;2;3;1;2;
37527;202100024174;158 452;A01;2;7;0;2;3;5;1;
37528;202100024175;158 450;A01;1;30;0;0;0;0;1;
37529;202100024176;158 449;A01;2;33;0;0;7;1;0;
37530;202100024177;158 447;B01;3;1;0;2;1;1;5;
37531;202100024177;158 448;A01;3;7;0;2;3;15;1;
37532;202100024178;158 445;B01;1;36;0;2;2;19;1;
37533;202100024178;158 446;A01;1;7;0;2;3;1;1;
37534;202100024179;158 444;A01;1;2;5;0;7;1;1;
37535;202100024180;158 443;A01;2;33;0;6;1;0;1;
37536;202100024181;158 442;A01;2;7;2;0;1;15;1;
37537;202100024182;158 440;B01;3;7;0;2;3;1;1;
37538;202100024182;158 441;A01;3;7;0;2;2;1;1;
37539;202100024183;158 439;A01;1;7;0;1;4;4;1;
37540;202100024184;158 437;B01;1;7;0;0;8;15;1;
37541;202100024184;158 438;A01;1;33;0;2;0;1;1;
37542;202100024185;158 436;A01;3;7;0;1;1;2;1;
37543;202100024187;158 432;A01;3;7;1;0;2;1;1;
37544;202100024188;158 431;A01;3;7;8;0;8;1;1;
37545;202100024189;158 430;A01;2;10;6;0;2;1;1;
37546;202100024190;158 428;B01;2;7;0;2;3;1;1;
37547;202100024190;158 429;A01;2;33;0;2;1;1;1;
37548;202100024191;158 427;A01;1;33;2;0;7;1;1;
37549;202100024192;158 426;A01;2;33;0;6;1;1;1;
37550;202100024193;158 424;B01;0;33;0;2;1;1;1;
37551;202100024193;158 425;A01;3;7;0;2;8;9;1;
37552;202100024194;158 423;A01;2;7;4;0;1;9;1;
37553;202100024195;158 422;A01;1;7;4;0;8;2;1;
37554;202100024196;158 421;A01;2;33;0;5;1;1;1;
37555;202100024197;158 419;A01;1;7;0;2;1;12;1;
37556;202100024197;158 420;B01;1;7;3;0;6;1;1;
37557;202100024198;158 418;A01;1;7;0;9;1;2;1;
37558;202100024199;158 416;A01;0;10;0;2;1;5;1;
37559;202100024199;158 417;B01;0;7;0;2;1;1;1;
37560;202100024201;158 413;B01;0;1;7;2;8;19;5;
37561;202100024201;158 414;A01;0;7;0;9;2;1;1;
37562;202100024202;158 412;A01;3;31;14;0;1;2;1;
37563;202100024203;158 411;A01;3;7;15;0;9;1;1;
37564;202100024204;158 409;A01;1;7;0;2;0;17;1;
37565;202100024204;158 410;B01;1;7;2;0;6;1;1;
37566;202100024205;158 408;A01;2;7;2;0;1;1;1;
37567;202100024206;158 406;A01;1;34;0;2;1;2;1;
37568;202100024206;158 407;B01;1;7;0;2;4;15;2;
37569;202100024207;158 404;B01;1;7;0;2;3;1;1;
37570;202100024207;158 405;A01;1;33;0;2;2;9;1;
37571;202100024208;158 403;A01;2;7;13;0;1;1;1;
37572;202100024209;158 401;A01;1;10;0;2;7;15;1;
37573;202100024209;158 402;B01;2;33;0;2;1;1;1;
37574;202100024210;158 400;A01;2;33;7;0;3;1;1;
37575;202100024211;158 398;A01;2;7;0;9;1;13;1;
37576;202100024211;158 399;B01;1;1;0;2;1;1;5;
37577;202100024212;158 395;A01;3;7;0;2;1;13;1;
37578;202100024212;158 396;B01;3;7;0;2;3;1;1;
37579;202100024212;158 397;C01;3;7;0;2;1;1;1;
37580;202100024213;158 394;A01;2;7;10;0;2;1;1;
37581;202100024214;158 391;B01;2;7;0;0;3;1;1;
37582;202100024214;158 392;A01;1;7;0;2;2;1;1;
37583;202100024214;158 393;C01;2;7;0;2;3;1;2;
37584;202100024215;158 390;A01;3;7;2;0;3;14;1;
37585;202100024217;158 386;B01;2;7;0;2;7;1;1;
37586;202100024217;158 387;A01;2;1;0;2;1;1;5;
37587;202100024218;158 384;B01;2;7;0;2;3;1;1;
37588;202100024218;158 385;A01;1;7;0;2;1;13;3;
37589;202100024219;158 382;A01;2;10;0;2;1;1;1;
37590;202100024219;158 383;B01;2;33;0;0;4;1;1;
37591;202100024220;158 379;A01;2;7;0;2;4;1;1;
37592;202100024220;158 380;B01;2;7;0;2;4;1;1;
37593;202100024220;158 381;C01;2;7;0;2;1;1;1;
37594;202100024221;158 378;A01;1;33;0;0;0;1;1;
37595;202100024222;158 373;A01;1;7;0;2;1;26;0;
37596;202100024222;158 374;B01;1;7;0;2;4;0;1;
37597;202100024222;158 375;C01;1;7;0;2;4;0;1;
37598;202100024222;158 376;D01;1;7;0;2;4;0;1;
37599;202100024222;158 377;E01;1;33;0;2;1;0;1;
37600;202100024223;158 372;A01;2;7;3;0;1;12;1;
37601;202100024224;158 370;A01;2;7;0;2;8;3;1;
37602;202100024224;158 371;B01;2;33;0;2;7;1;1;
37603;202100024225;158 369;A01;1;7;4;2;7;14;1;
37604;202100024226;158 368;A01;3;7;0;1;1;0;1;
37605;202100024227;158 365;C01;1;7;0;2;4;23;1;
37606;202100024227;158 366;B01;1;7;0;2;4;23;1;
37607;202100024227;158 367;A01;3;7;0;2;3;2;1;
37608;202100024228;158 363;B01;1;7;0;2;6;1;1;
37609;202100024228;158 364;A01;1;7;0;2;2;14;1;
37610;202100024229;158 361;A01;2;7;0;2;1;9;1;
37611;202100024229;158 362;B01;1;2;0;2;7;0;1;
37612;202100024230;158 359;A01;3;30;0;2;6;1;1;
37613;202100024230;158 360;B01;3;7;0;2;8;1;3;
37614;202100024231;158 357;B01;1;7;0;2;4;23;1;
37615;202100024231;158 358;A01;1;7;0;2;1;1;1;
37616;202100024232;158 355;A01;1;7;0;2;1;2;1;
37617;202100024232;158 356;B01;1;7;0;2;4;2;1;
37618;202100024233;158 353;B01;1;30;0;2;1;1;1;
37619;202100024233;158 354;A01;1;7;0;2;4;9;1;
37620;202100024234;158 351;B01;2;2;0;2;1;1;6;
37621;202100024234;158 352;A01;1;7;0;2;3;15;1;
37622;202100024236;158 348;A01;0;7;0;0;9;0;1;
37623;202100024237;158 346;A01;2;7;0;2;3;15;1;
37624;202100024237;158 347;B01;1;32;0;2;1;1;1;
37625;202100024238;158 343;A01;1;1;0;0;0;26;5;
37626;202100024239;158 341;A01;3;7;0;2;8;19;1;
37627;202100024239;158 342;B01;3;7;0;2;1;19;1;
37628;202100024240;158 340;A01;2;7;9;0;1;6;1;
37629;202100024241;158 338;A01;1;30;0;2;7;1;0;
37630;202100024241;158 339;B01;1;7;0;2;8;11;1;
37631;202100024242;158 336;A01;0;7;0;2;1;1;1;
37632;202100024242;158 337;B01;0;7;0;2;8;1;1;
37633;202100024243;158 335;A01;2;1;0;0;8;1;5;
37634;202100024244;158 332;C01;1;7;0;2;4;1;1;
37635;202100024244;158 333;B01;1;7;0;2;6;1;1;
37636;202100024244;158 334;A01;1;3;0;2;2;1;1;
37637;202100024245;158 330;A01;1;7;0;2;3;15;1;
37638;202100024245;158 331;B01;2;31;0;2;2;12;1;
37639;202100024246;158 328;A01;1;2;0;2;1;13;1;
37640;202100024246;158 329;B01;2;7;0;2;3;23;1;
37641;202100024247;158 326;B01;2;7;0;0;0;0;1;
37642;202100024247;158 327;A01;1;33;9;2;3;17;1;
37643;202100024248;158 325;A01;0;7;12;0;9;15;1;
37644;202100024250;158 321;A01;2;7;0;1;1;1;0;
37645;202100024251;158 319;A01;3;37;0;1;2;26;0;1.0
37646;202100024252;158 318;A01;1;7;0;1;1;1;1;
37647;202100024253;158 316;A01;3;7;0;2;3;1;1;
37648;202100024253;158 317;B01;3;7;0;2;5;15;1;
37649;202100024254;158 314;A01;1;7;0;2;3;20;1;
37650;202100024254;158 315;B01;1;33;0;2;7;1;1;
37651;202100024255;158 313;A01;2;32;0;0;7;26;1;
37652;202100024256;158 311;B01;2;50;0;2;0;1;3;
37653;202100024256;158 312;A01;1;7;0;2;2;15;1;
37654;202100024257;158 309;A01;1;31;0;2;8;1;1;
37655;202100024257;158 310;B01;1;1;0;2;0;11;5;
37656;202100024258;158 307;B01;1;32;0;2;4;1;1;
37657;202100024258;158 308;A01;1;7;0;2;1;1;1;
37658;202100024259;158 304;B01;2;10;0;2;3;1;1;
37659;202100024259;158 305;C01;2;7;0;2;1;1;1;
37660;202100024259;158 306;A01;1;7;0;2;1;1;1;
37661;202100024260;158 303;A01;3;7;0;1;7;1;1;
37662;202100024261;158 301;B01;1;7;0;2;6;1;1;
37663;202100024261;158 302;A01;1;30;0;2;1;1;1;
37664;202100024262;158 300;A01;1;30;0;0;0;26;1;
37665;202100024263;158 298;B01;3;7;0;2;8;15;1;
37666;202100024263;158 299;A01;3;30;0;2;3;17;1;
37667;202100024264;158 296;A01;2;7;0;2;1;19;1;