;Num_Acc;id_vehicule;num_veh;senc;catv;obs;obsm;choc;manv;motor;occutc
37668;202100024264;158 297;B01;3;2;0;2;7;1;1;
37669;202100024265;158 294;B01;3;1;0;2;1;18;5;
37670;202100024265;158 295;A01;3;21;0;2;6;23;1;
37671;202100024266;158 293;A01;1;7;0;1;1;15;1;
37672;202100024267;158 291;B01;1;7;0;2;2;1;1;
37673;202100024267;158 292;A01;1;7;0;2;3;1;1;
37674;202100024269;158 288;A01;3;7;0;2;1;1;1;
37675;202100024269;158 289;B01;1;7;0;2;4;1;1;
37676;202100024270;158 287;A01;0;7;0;1;1;15;1;
37677;202100024272;158 283;B01;1;50;0;0;0;0;3;
37678;202100024272;158 284;A01;0;7;0;2;1;15;1;
37679;202100024274;158 280;B01;0;7;0;0;0;0;1;
37680;202100024274;158 281;A01;0;10;0;2;1;26;1;
37681;202100024275;158 279;A01;1;7;0;1;3;1;1;
37682;202100024276;158 278;A01;2;80;0;0;0;1;3;
37683;202100024277;158 276;B01;1;50;0;2;8;2;3;
37684;202100024277;158 277;A01;2;7;0;2;1;15;1;
37685;202100024278;158 274;B01;1;32;0;2;0;1;1;
37686;202100024278;158 275;A01;1;7;0;2;0;1;1;
37687;202100024279;158 272;A01;2;1;0;2;1;1;5;
37688;202100024279;158 273;B01;3;10;0;2;3;15;1;
37689;202100024280;158 270;A01;3;33;0;2;0;1;1;
37690;202100024280;158 271;B01;3;15;0;2;0;1;1;
37691;202100024281;158 268;B01;1;80;0;2;1;1;3;
37692;202100024281;158 269;A01;1;7;0;2;3;1;1;
37693;202100024282;158 266;A01;1;7;0;2;2;10;1;
37694;202100024282;158 267;B01;1;33;0;2;0;1;1;
37695;202100024283;158 265;A01;0;7;1;0;0;1;1;
37696;202100024284;158 263;A01;1;7;0;2;3;15;1;
37697;202100024284;158 264;B01;1;7;7;2;2;1;1;
37698;202100024285;158 262;A01;1;7;3;0;1;1;1;
37699;202100024286;158 260;B01;1;7;0;2;1;13;1;
37700;202100024286;158 261;A01;2;7;0;2;1;15;1;
37701;202100024288;158 256;Z01;3;1;0;2;8;19;5;
37702;202100024288;158 257;A01;3;7;0;9;3;0;1;
37703;202100024289;158 254;A01;3;7;0;2;1;16;2;
37704;202100024289;158 255;B01;3;1;0;2;3;1;5;
37705;202100024290;158 252;A01;1;7;3;0;1;14;1;
37706;202100024291;158 250;B01;3;7;0;2;7;15;1;
37707;202100024291;158 251;A01;3;7;0;2;1;9;1;
37708;202100024292;158 248;B01;0;7;0;2;8;1;1;
37709;202100024292;158 249;A01;0;7;0;2;1;26;1;
37710;202100024294;158 245;B01;2;7;0;2;2;5;1;
37711;202100024294;158 246;A01;1;7;0;2;3;15;1;
37712;202100024295;158 243;B01;1;7;0;2;3;1;1;
37713;202100024295;158 244;A01;2;7;0;2;1;5;1;
37714;202100024296;158 242;A01;2;7;2;0;1;1;1;
37715;202100024297;158 240;A01;3;7;0;2;1;16;1;
37716;202100024297;158 241;B01;3;1;0;2;7;25;0;
37717;202100024298;158 239;A01;3;7;0;1;3;1;1;
37718;202100024299;158 238;A01;2;31;16;1;1;15;1;
37719;202100024300;158 234;B01;1;7;0;2;3;1;1;
37720;202100024300;158 235;C01;2;7;0;2;3;1;1;
37721;202100024300;158 236;D01;2;7;0;2;1;1;1;
37722;202100024300;158 237;A01;1;7;0;2;1;17;1;
37723;202100024301;158 233;A01;3;7;4;0;1;2;1;
37724;202100024302;158 230;C01;3;7;0;2;4;0;1;
37725;202100024302;158 231;B01;3;7;0;2;4;0;1;
37726;202100024302;158 232;A01;3;7;0;2;1;26;1;
37727;202100024303;158 228;B01;1;33;0;2;1;1;1;
37728;202100024303;158 229;A01;1;7;0;2;7;15;1;
37729;202100024304;158 226;A01;2;7;0;2;3;15;1;
37730;202100024304;158 227;B01;3;10;0;2;3;1;1;
37731;202100024305;158 224;A01;2;7;0;2;6;11;1;
37732;202100024305;158 225;B01;2;33;0;2;2;1;1;
37733;202100024306;158 219;E01;2;7;0;2;1;2;1;
37734;202100024306;158 220;D01;2;7;0;2;1;2;2;
37735;202100024306;158 221;C01;2;7;0;2;2;2;1;
37736;202100024306;158 222;A01;1;14;0;2;3;11;1;
37737;202100024306;158 223;B01;2;7;0;2;5;1;1;
37738;202100024307;158 217;A01;1;33;0;2;1;18;1;
37739;202100024307;158 218;B01;1;7;0;2;2;20;1;
37740;202100024308;158 216;A01;3;31;4;0;0;14;1;
37741;202100024309;158 215;A01;1;1;1;0;1;1;5;
37742;202100024310;158 213;B01;1;33;0;2;1;1;1;
37743;202100024310;158 214;A01;1;7;0;2;0;1;1;
37744;202100024311;158 211;B01;1;33;0;2;1;1;1;
37745;202100024311;158 212;A01;3;7;0;2;7;15;1;
37746;202100024312;158 210;A01;1;7;0;1;1;1;2;
37747;202100024313;158 208;A01;1;30;0;2;1;13;1;
37748;202100024313;158 209;B01;2;7;0;2;3;1;1;
37749;202100024314;158 206;A01;1;7;0;2;4;2;1;
37750;202100024314;158 207;B01;1;7;0;2;1;2;1;
37751;202100024315;158 205;A01;2;32;0;0;7;1;1;
37752;202100024316;158 203;A01;2;7;0;2;7;22;1;
37753;202100024316;158 204;B01;2;50;0;2;1;18;3;
37754;202100024317;158 201;B01;1;10;0;2;4;1;1;
37755;202100024317;158 202;A01;3;33;0;2;1;2;1;
37756;202100024318;158 200;A01;1;1;0;1;1;1;5;
37757;202100024319;158 199;A01;3;30;0;0;8;16;1;
37758;202100024320;158 197;Z01;1;7;0;2;7;1;1;
37759;202100024320;158 198;A01;1;50;0;2;8;1;3;
37760;202100024321;158 196;A01;2;10;1;0;2;1;1;
37761;202100024322;158 194;A01;1;7;0;2;1;1;1;
37762;202100024322;158 195;B01;2;43;0;2;4;24;1;
37763;202100024323;158 193;A01;2;7;8;0;1;1;0;
37764;202100024324;158 191;B01;0;7;0;2;3;1;1;
37765;202100024324;158 192;A01;0;7;0;2;5;9;1;
37766;202100024325;158 189;A01;3;7;12;2;5;1;1;
37767;202100024325;158 190;B01;3;7;0;2;3;1;1;
37768;202100024327;158 185;B01;3;7;14;0;1;1;1;
37769;202100024327;158 186;A01;0;7;0;1;1;9;1;
37770;202100024328;158 184;Y01;0;1;4;0;1;1;5;
37771;202100024329;158 182;A01;2;50;0;2;7;5;3;
37772;202100024329;158 183;B01;1;7;0;2;3;16;1;
37773;202100024330;158 180;B01;1;7;0;2;2;2;1;
37774;202100024330;158 181;A01;2;30;0;2;3;0;1;
37775;202100024331;158 179;A01;3;30;0;0;0;1;1;
37776;202100024332;158 178;A01;2;7;4;0;3;1;1;
37777;202100024333;158 176;B01;1;7;0;2;8;1;1;
37778;202100024333;158 177;A01;2;33;0;2;1;1;1;
37779;202100024334;158 173;A01;2;33;0;2;0;2;1;
37780;202100024334;158 174;B01;1;7;0;2;3;1;1;
37781;202100024334;158 175;C01;1;7;0;2;6;1;1;
37782;202100024335;158 171;B01;2;7;0;2;2;0;1;
37783;202100024335;158 172;A01;1;7;0;2;1;0;1;
37784;202100024336;158 170;A01;2;2;0;0;7;1;1;
37785;202100024338;158 168;A01;3;7;0;1;2;20;1;
37786;202100024339;158 166;B01;2;7;0;2;3;1;1;
37787;202100024339;158 167;A01;2;33;0;2;1;1;1;
37788;202100024340;158 165;A01;2;7;0;0;1;1;1;
37789;202100024341;158 164;A01;2;33;15;1;0;26;1;
37790;202100024342;158 163;A01;1;7;15;0;1;1;1;
37791;202100024343;158 162;A01;1;7;4;0;3;1;1;
37792;202100024345;158 160;A01;3;33;0;0;8;1;1;
37793;202100024346;158 159;A01;3;16;0;0;3;1;1;
37794;202100024347;158 158;A01;2;33;7;0;1;14;1;
37795;202100024348;158 156;A01;2;43;0;0;4;0;1;
37796;202100024348;158 157;B01;2;7;0;2;1;2;1;
37797;202100024350;158 153;A01;1;7;8;5;3;13;1;
37798;202100024351;158 151;A01;1;7;0;9;2;1;1;
37799;202100024351;158 152;B01;2;60;0;2;2;19;5;
37800;202100024352;158 150;A01;1;7;8;0;3;19;1;
37801;202100024353;158 149;A01;1;7;2;0;3;1;1;
37802;202100024354;158 147;A01;1;7;0;2;1;0;1;
37803;202100024354;158 148;B01;2;7;0;2;1;1;1;
37804;202100024355;158 146;A01;2;31;0;0;0;14;1;
37805;202100024356;158 144;A01;1;7;0;2;2;1;1;
37806;202100024356;158 145;B01;3;99;0;2;3;1;5;
37807;202100024357;158 142;B01;1;7;0;2;3;13;1;
37808;202100024357;158 143;A01;2;7;0;2;3;1;1;
37809;202100024358;158 140;A01;2;7;0;2;1;9;1;
37810;202100024358;158 141;B01;2;7;0;2;7;15;1;
37811;202100024359;158 138;A01;2;7;0;0;3;18;1;
37812;202100024359;158 139;B01;2;1;0;0;2;15;5;
37813;202100024360;158 136;B01;2;7;0;2;3;13;1;
37814;202100024360;158 137;A01;1;7;0;2;3;1;1;
37815;202100024361;158 135;A01;1;31;7;0;7;14;1;
37816;202100024362;158 133;B01;2;7;0;2;3;1;2;
37817;202100024362;158 134;A01;1;7;0;2;1;13;1;
37818;202100024363;158 131;A01;1;7;0;0;9;13;1;
37819;202100024363;158 132;B01;1;7;0;0;0;1;1;
37820;202100024364;158 129;A01;1;7;5;2;3;1;1;
37821;202100024364;158 130;B01;1;7;0;2;2;1;1;
37822;202100024365;158 127;A01;3;1;0;2;8;1;5;
37823;202100024365;158 128;B01;3;7;0;9;3;13;1;
37824;202100024366;158 126;A01;0;7;0;1;3;15;2;
37825;202100024367;158 125;A01;3;7;0;1;1;1;1;
37826;202100024368;158 122;A01;2;10;13;0;2;14;1;
37827;202100024369;158 121;A01;3;1;0;0;0;0;5;
37828;202100024370;158 120;A01;1;7;3;0;7;1;1;
37829;202100024371;158 119;A01;1;33;0;0;7;16;1;
37830;202100024372;158 117;A01;1;7;0;2;1;15;1;
37831;202100024372;158 118;B01;2;33;0;2;1;1;1;
37832;202100024374;158 114;B01;2;10;0;2;8;1;1;
37833;202100024374;158 115;A01;1;7;3;2;3;13;1;
37834;202100024375;158 112;B01;2;7;0;2;1;1;1;
37835;202100024375;158 113;A01;3;7;0;2;7;19;1;
37836;202100024376;158 110;A01;1;7;0;0;5;2;1;
37837;202100024376;158 111;B01;1;33;0;2;1;2;1;
37838;202100024377;158 109;A01;2;2;12;0;0;0;1;
37839;202100024379;158 106;A01;2;7;0;0;1;14;1;
37840;202100024380;158 104;A01;1;7;0;2;2;13;1;
37841;202100024380;158 105;B01;3;30;0;2;1;15;1;
37842;202100024381;158 102;B01;1;7;0;2;4;1;1;
37843;202100024381;158 103;A01;1;7;0;2;1;1;3;
37844;202100024382;158 101;A01;3;2;6;0;0;1;1;
37845;202100024383;158 100;A01;1;7;13;0;2;1;1;
37846;202100024384;158 099;A01;1;2;0;0;7;1;1;
37847;202100024385;158 095;C01;2;7;8;2;3;1;1;
37848;202100024385;158 096;B01;1;2;0;2;1;1;1;
37849;202100024385;158 097;A01;2;7;0;2;3;17;1;
37850;202100024386;158 093;A01;1;80;0;2;1;9;3;
37851;202100024386;158 094;B01;2;10;0;2;7;1;1;
37852;202100024387;158 091;A01;1;21;0;2;1;15;1;
37853;202100024387;158 092;B01;2;30;0;2;8;1;1;
37854;202100024388;158 089;B01;3;7;0;2;1;1;1;
37855;202100024388;158 090;A01;3;7;0;2;1;1;1;
37856;202100024389;158 088;A01;2;7;6;0;1;13;1;
37857;202100024390;158 087;A01;1;43;11;0;0;1;1;
37858;202100024391;158 085;B01;1;21;0;2;3;15;1;
37859;202100024391;158 086;A01;1;7;0;2;2;17;1;
37860;202100024392;158 084;A01;1;33;14;0;1;1;1;
37861;202100024393;158 082;A01;2;7;0;2;7;2;1;
37862;202100024393;158 083;B01;2;33;0;2;8;2;1;
37863;202100024394;158 081;A01;1;7;13;0;1;1;1;
37864;202100024395;158 080;A01;1;33;0;0;9;26;1;
37865;202100024396;158 079;A01;2;33;3;0;1;1;1;
37866;202100024397;158 077;B01;1;33;0;2;7;17;1;
37867;202100024397;158 078;A01;1;33;0;2;8;15;1;
37868;202100024398;158 074;B01;3;1;0;2;1;1;5;
37869;202100024398;158 075;A01;3;7;0;9;2;1;1;
37870;202100024399;158 072;A01;1;7;0;2;3;13;1;
37871;202100024399;158 073;B01;2;7;0;2;6;1;1;
37872;202100024400;158 069;B01;2;7;0;2;1;1;1;
37873;202100024400;158 070;A01;1;7;0;2;1;11;1;
37874;202100024401;158 067;A01;2;7;0;2;2;9;1;
37875;202100024401;158 068;B01;2;1;0;2;8;15;5;
37876;202100024402;158 066;A01;1;33;13;0;1;16;1;
37877;202100024403;158 064;A01;3;10;0;2;1;9;1;
37878;202100024403;158 065;B01;2;1;0;2;7;1;5;
37879;202100024405;158 060;A01;1;3;0;2;1;1;1;
37880;202100024405;158 061;B01;1;7;0;2;7;1;1;
37881;202100024407;158 056;B01;2;21;0;0;6;6;1;
37882;202100024407;158 057;A01;1;33;0;2;1;1;1;
37883;202100024408;158 055;A01;2;15;3;0;2;1;1;
37884;202100024409;158 053;A01;3;7;0;0;7;16;1;
37885;202100024409;158 054;B01;3;21;0;2;1;0;0;
37886;202100024411;158 051;A01;2;33;0;0;0;1;1;
37887;202100024412;158 049;B01;1;7;0;2;1;1;1;
37888;202100024412;158 050;A01;2;2;0;2;1;1;1;
37889;202100024413;158 046;B01;1;7;0;2;6;1;1;
37890;202100024413;158 047;C01;1;7;0;2;1;1;1;
37891;202100024413;158 048;A01;2;7;0;2;3;13;1;
37892;202100024415;158 042;A01;1;7;13;0;3;1;1;
37893;202100024416;158 040;B01;1;33;0;2;1;1;1;
37894;202100024416;158 041;A01;2;7;0;2;3;15;1;
37895;202100024418;158 035;A01;2;2;7;0;1;0;1;
37896;202100024419;158 034;A01;1;33;11;0;1;1;1;
37897;202100024420;158 033;A01;1;2;6;0;2;1;1;
37898;202100024421;158 031;A01;1;7;0;2;3;19;1;
37899;202100024421;158 032;B01;2;7;0;2;2;1;1;
37900;202100024422;158 029;A01;1;7;6;0;4;1;1;
37901;202100024422;158 030;B01;1;7;0;9;1;1;1;
37902;202100024423;158 026;A01;2;7;0;2;2;1;1;
37903;202100024423;158 027;B01;2;1;0;0;4;1;5;
37904;202100024424;158 025;A01;1;33;0;0;9;1;1;
37905;202100024425;158 023;A01;1;7;0;2;7;15;1;
37906;202100024425;158 024;B01;2;33;0;2;1;1;1;
37907;202100024426;158 021;A01;2;10;0;2;1;2;1;
37908;202100024426;158 022;B01;2;15;0;0;4;2;1;
37909;202100024428;158 017;B01;1;7;0;2;2;1;1;
37910;202100024428;158 018;A01;3;7;0;2;3;9;1;
37911;202100024429;158 015;B01;1;7;15;2;1;1;1;
37912;202100024429;158 016;A01;2;7;0;2;1;15;1;
37913;202100024431;158 011;A01;2;33;0;2;1;2;6;
37914;202100024431;158 012;B01;2;10;0;2;6;1;6;
37915;202100024433;158 007;A01;1;7;0;2;1;1;1;
37916;202100024433;158 008;B01;1;7;0;2;4;1;1;
37917;202100024434;158 004;B01;0;7;0;2;8;15;1;
37918;202100024434;158 005;A01;0;33;6;2;1;26;1;
37919;202100024435;158 002;B01;1;15;0;2;6;1;1;
37920;202100024435;158 003;A01;1;10;3;2;2;17;1;
37921;202100024437;157 999;A01;2;7;0;2;3;15;0;
37922;202100024437;158 000;B01;1;2;0;2;1;17;0;
37923;202100024438;157 998;A01;1;7;2;0;1;1;1;
37924;202100024442;157 992;A01;1;2;9;0;7;1;1;
37925;202100024443;157 990;A01;2;33;0;2;1;2;1;
37926;202100024443;157 991;B01;2;7;0;0;4;2;1;
37927;202100024444;157 986;D01;1;10;0;2;1;2;1;
37928;202100024444;157 987;C01;1;7;0;0;4;2;0;
37929;202100024444;157 988;B01;1;7;0;2;1;2;0;
37930;202100024444;157 989;A01;1;7;0;0;4;1;1;
37931;202100024445;157 982;A01;3;7;0;2;8;15;1;
37932;202100024445;157 983;B01;1;32;0;2;1;1;1;
37933;202100024446;157 980;A01;1;7;0;0;4;0;1;
37934;202100024446;157 981;B01;1;33;0;2;1;2;1;
37935;202100024447;157 977;C01;2;7;0;2;1;1;1;
37936;202100024447;157 978;B01;1;7;0;2;1;17;1;
37937;202100024447;157 979;A01;1;7;0;0;3;1;1;
37938;202100024449;157 975;A01;1;7;13;0;1;1;1;
37939;202100024450;157 973;B01;2;7;0;2;3;1;1;
37940;202100024450;157 974;A01;1;7;1;2;6;1;1;
37941;202100024451;157 972;A01;1;33;14;0;8;1;1;
37942;202100024452;157 969;A01;3;10;0;2;7;15;1;
37943;202100024452;157 970;B01;2;33;0;2;1;1;1;
37944;202100024453;157 966;C01;2;7;0;0;6;1;1;
37945;202100024453;157 967;B01;2;7;0;2;1;1;1;
37946;202100024453;157 968;A01;0;7;0;2;1;17;1;
37947;202100024454;157 965;A01;1;1;0;0;0;1;5;
37948;202100024455;157 963;B01;3;7;0;2;3;15;1;
37949;202100024455;157 964;A01;1;1;0;2;2;1;5;
37950;202100024457;157 959;B01;0;50;0;0;1;0;3;
37951;202100024457;157 960;A01;0;7;0;0;3;26;1;
37952;202100024458;157 957;A01;1;7;0;2;1;13;1;
37953;202100024458;157 958;B01;2;7;0;2;1;1;1;
37954;202100024459;157 956;A01;0;7;15;0;9;26;1;
37955;202100024460;157 954;B01;1;33;0;2;6;1;1;
37956;202100024460;157 955;A01;2;33;0;2;2;1;1;
37957;202100024462;157 948;A01;1;7;0;2;4;15;1;
37958;202100024462;157 949;B01;1;7;0;2;1;2;1;
37959;202100024463;157 944;A01;1;7;0;2;3;13;1;
37960;202100024463;157 945;B01;2;7;0;2;3;1;1;
37961;202100024464;157 942;B01;2;1;0;2;8;13;5;
37962;202100024464;157 943;A01;2;7;0;0;7;17;1;
37963;202100024465;157 939;A01;2;7;0;2;1;5;1;
37964;202100024465;157 940;B01;1;7;0;2;1;17;1;
37965;202100024465;157 941;C01;1;7;0;0;1;26;1;
37966;202100024466;157 937;B01;1;33;0;2;8;1;1;
37967;202100024466;157 938;A01;2;7;0;2;3;15;1;
37968;202100024468;157 935;A01;0;7;0;0;2;1;1;
37969;202100024469;157 934;A01;3;80;0;0;1;1;3;
37970;202100024471;157 931;A01;1;7;0;2;2;15;1;
37971;202100024471;157 932;B01;2;33;0;2;1;1;1;
37972;202100024472;157 928;A01;3;33;0;0;7;1;1;
37973;202100024473;157 925;B01;2;7;0;0;4;23;1;
37974;202100024473;157 926;A01;2;7;0;0;4;23;1;
37975;202100024473;157 927;C01;2;10;0;2;1;2;1;
37976;202100024474;157 924;A01;0;7;1;0;2;1;1;
37977;202100024475;157 919;D01;1;10;0;2;4;1;1;
37978;202100024475;157 920;C01;1;7;0;2;4;1;1;
37979;202100024475;157 921;B01;1;7;0;2;4;1;1;
37980;202100024475;157 922;A01;1;7;0;2;6;1;1;
37981;202100024475;157 923;E01;1;37;0;2;1;1;1;1.0
37982;202100024476;157 917;B01;2;7;0;2;4;1;1;
37983;202100024476;157 918;A01;2;7;0;2;1;2;1;
37984;202100024477;157 915;B01;2;7;0;2;4;0;1;
37985;202100024477;157 916;A01;2;7;0;2;1;21;1;
37986;202100024478;157 913;A01;2;7;0;2;0;9;1;
37987;202100024478;157 914;B01;2;17;0;2;2;1;1;
37988;202100024479;157 910;A01;1;33;0;2;1;1;1;
37989;202100024479;157 911;C01;1;33;0;2;0;1;1;
37990;202100024479;157 912;B01;1;33;0;2;0;1;1;
37991;202100024480;157 908;A01;2;7;0;2;0;0;1;
37992;202100024480;157 909;B01;2;17;0;2;4;1;1;
37993;202100024481;157 906;A01;1;7;1;2;1;2;1;
37994;202100024481;157 907;B01;1;17;1;2;0;0;1;
37995;202100024482;157 903;Z01;1;7;0;2;1;1;1;
37996;202100024482;157 904;C01;-1;99;0;2;4;0;1;
37997;202100024482;157 905;B01;1;7;7;0;6;26;1;
37998;202100024483;157 901;A01;1;7;0;2;4;26;1;
37999;202100024483;157 902;Z01;1;7;1;2;1;2;1;
38000;202100024484;157 899;A01;1;17;0;2;7;12;1;
38001;202100024484;157 900;B01;1;7;0;2;0;1;1;
38002;202100024485;157 897;B01;1;7;0;2;8;0;1;
38003;202100024485;157 898;A01;1;7;0;2;9;1;1;
38004;202100024486;157 896;A01;1;7;0;0;0;2;1;
38005;202100024487;157 894;A01;3;7;0;2;3;19;1;
38006;202100024487;157 895;B01;3;99;0;2;1;1;0;
38007;202100024488;157 892;A01;1;33;0;2;1;1;1;
38008;202100024488;157 893;B01;1;10;0;0;4;1;1;
38009;202100024489;157 890;B01;1;7;0;2;4;23;1;
38010;202100024489;157 891;A01;1;30;0;2;1;17;1;
38011;202100024490;157 888;B01;3;7;0;2;6;15;1;
38012;202100024490;157 889;A01;3;30;0;2;1;1;0;
38013;202100024491;157 887;A01;1;31;6;0;1;26;1;
38014;202100024492;157 886;A01;0;0;0;1;4;20;0;
38015;202100024493;157 884;A01;0;7;15;0;0;15;1;
38016;202100024493;157 885;B01;1;7;0;2;0;0;1;
38017;202100024494;157 882;A01;3;30;0;2;7;1;3;
38018;202100024494;157 883;B01;3;7;0;2;1;1;1;
38019;202100024495;157 880;B01;1;1;0;2;7;0;5;
38020;202100024495;157 881;A01;1;7;0;2;1;9;1;
38021;202100024496;157 876;D01;1;7;1;0;1;26;1;
38022;202100024496;157 877;C01;1;10;1;0;4;1;1;
38023;202100024496;157 878;B01;1;10;1;0;1;0;1;
38024;202100024496;157 879;A01;1;7;0;2;1;26;0;
38025;202100024497;157 874;A01;2;31;0;2;1;26;1;
38026;202100024497;157 875;B01;1;10;0;2;5;15;1;
38027;202100024498;157 873;A01;1;7;15;1;2;25;1;
38028;202100024499;157 871;A01;2;7;0;2;3;13;1;
38029;202100024499;157 872;B01;1;7;0;2;8;26;1;
38030;202100024500;157 869;A01;2;34;0;2;7;17;1;
38031;202100024500;157 870;B01;2;7;0;2;7;11;1;
38032;202100024501;157 865;A01;0;2;0;2;1;1;1;
38033;202100024501;157 866;B01;0;7;0;2;4;1;1;
38034;202100024502;157 863;B01;3;7;0;2;6;1;1;
38035;202100024502;157 864;A01;3;7;0;2;7;14;1;
38036;202100024503;157 860;A01;1;33;0;2;1;2;1;
38037;202100024503;157 861;B01;1;10;0;2;4;2;1;
38038;202100024505;157 857;B01;2;30;0;2;1;0;1;
38039;202100024505;157 858;A01;1;7;0;2;2;0;1;
38040;202100024506;157 855;B01;0;7;0;2;2;1;1;
38041;202100024506;157 856;A01;0;1;0;2;1;5;5;
38042;202100024507;157 853;A01;1;33;0;2;1;7;1;
38043;202100024507;157 854;B01;1;10;0;2;4;15;1;
38044;202100024508;157 851;B01;1;33;0;2;7;1;1;
38045;202100024508;157 852;A01;2;7;0;2;2;15;1;
38046;202100024509;157 850;A01;2;2;0;-1;0;21;1;
38047;202100024510;157 848;B01;1;7;0;2;7;1;1;
38048;202100024510;157 849;Z01;2;7;0;2;1;17;1;
38049;202100024511;157 846;B01;1;33;0;2;3;1;0;
38050;202100024511;157 847;A01;2;21;0;2;1;19;0;
38051;202100024512;157 844;A01;1;7;0;2;8;17;1;
38052;202100024512;157 845;B01;1;32;0;2;0;0;1;
38053;202100024513;157 842;A01;1;7;0;2;2;15;1;
38054;202100024513;157 843;B01;1;7;0;2;3;1;1;
38055;202100024514;157 840;B01;1;2;0;2;1;1;1;
38056;202100024514;157 841;A01;1;7;0;2;1;15;1;
38057;202100024515;157 839;Z01;1;0;0;1;2;26;0;
38058;202100024516;157 837;A01;1;10;0;2;1;13;1;
38059;202100024516;157 838;B01;2;7;0;2;1;1;1;
38060;202100024518;157 833;B01;1;7;0;2;1;1;1;
38061;202100024518;157 834;A01;1;7;0;2;8;10;1;
38062;202100024519;157 831;B01;1;50;0;2;4;2;3;
38063;202100024519;157 832;A01;1;7;0;9;3;2;1;
38064;202100024520;157 830;A01;0;33;0;0;0;1;1;
38065;202100024521;157 828;B01;3;7;0;2;5;16;1;
38066;202100024521;157 829;A01;3;30;0;2;1;1;6;
38067;202100024523;157 823;A01;3;33;0;2;1;1;1;
38068;202100024523;157 824;B01;3;3;0;2;5;16;1;
38069;202100024524;157 821;B01;3;40;0;2;3;1;3;
38070;202100024524;157 822;A01;3;7;0;4;2;1;1;
38071;202100024525;157 820;A01;-1;7;0;1;4;20;1;
38072;202100024526;157 819;A01;2;7;0;1;1;1;1;
38073;202100024527;157 817;A01;2;7;14;0;1;19;1;
38074;202100024528;157 816;A01;1;7;0;1;2;1;1;
38075;202100024529;157 815;A01;2;33;0;0;1;1;1;
38076;202100024530;157 813;A01;1;7;0;2;3;26;1;
38077;202100024530;157 814;B01;2;50;0;2;1;21;3;
38078;202100024531;157 812;A01;1;32;7;0;1;1;1;
38079;202100024532;157 810;B01;2;33;0;2;1;1;1;
38080;202100024532;157 811;A01;1;7;0;2;1;15;1;
38081;202100024533;157 808;B01;3;7;0;2;7;1;1;
38082;202100024533;157 809;A01;3;7;0;2;1;26;1;
38083;202100024534;157 806;A01;2;7;0;2;1;2;1;
38084;202100024534;157 807;B01;2;33;0;2;4;2;1;
38085;202100024535;157 804;B01;2;99;0;2;7;1;5;
38086;202100024535;157 805;A01;1;7;0;2;1;15;1;
38087;202100024536;157 802;B01;1;33;0;2;1;1;1;
38088;202100024536;157 803;A01;1;7;0;2;3;15;1;
38089;202100024537;157 801;A01;1;33;14;0;1;26;1;
38090;202100024538;157 800;A01;2;32;14;0;1;1;1;
38091;202100024539;157 798;B01;2;2;0;2;7;21;1;
38092;202100024539;157 799;A01;1;10;0;2;1;13;1;
38093;202100024540;157 796;B01;1;33;0;2;1;1;1;
38094;202100024540;157 797;A01;2;7;0;2;2;15;1;
38095;202100024542;157 792;A01;1;37;0;1;1;20;1;1.0
38096;202100024543;157 790;B01;2;10;0;2;5;2;1;
38097;202100024543;157 791;A01;2;7;0;2;1;2;1;
38098;202100024544;157 789;A01;1;2;0;0;7;1;1;
38099;202100024545;157 787;A01;2;60;0;2;3;19;5;
38100;202100024545;157 788;B01;2;7;0;2;3;1;1;
38101;202100024546;157 785;B01;2;7;0;2;5;12;1;
38102;202100024546;157 786;A01;2;31;0;2;3;3;1;
38103;202100024547;157 783;A01;2;14;0;2;1;1;1;
38104;202100024547;157 784;B01;2;7;0;2;8;1;1;
38105;202100024548;157 781;B01;2;7;0;2;8;1;1;
38106;202100024548;157 782;A01;2;43;0;2;2;3;1;
38107;202100024549;157 779;B01;2;10;0;2;5;2;1;
38108;202100024549;157 780;A01;2;33;0;2;3;2;1;
38109;202100024550;157 777;A01;1;32;0;2;2;2;1;
38110;202100024550;157 778;B01;1;7;0;2;6;2;1;
38111;202100024551;157 775;Z01;1;7;0;2;3;11;0;
38112;202100024551;157 776;A01;1;7;0;2;2;1;1;
38113;202100024552;157 773;B01;3;1;0;2;1;2;5;
38114;202100024552;157 774;A01;3;1;0;2;4;2;5;
38115;202100024553;157 771;A01;1;50;0;2;1;13;3;
38116;202100024553;157 772;B01;1;1;0;2;1;1;5;
38117;202100024554;157 769;A01;1;33;0;2;1;2;1;
38118;202100024554;157 770;B01;1;33;0;2;4;23;1;
38119;202100024555;157 767;A01;3;50;0;2;7;19;3;
38120;202100024555;157 768;Z01;1;7;0;2;4;4;0;
38121;202100024556;157 765;A01;1;7;0;2;2;12;1;
38122;202100024556;157 766;B01;2;7;0;2;6;1;1;
38123;202100024557;157 764;A01;1;13;0;1;7;2;0;
38124;202100024558;157 762;B01;2;7;0;2;3;23;1;
38125;202100024558;157 763;A01;2;30;0;2;1;1;1;
38126;202100024559;157 760;B01;1;7;0;2;3;1;1;
38127;202100024559;157 761;Z01;1;7;9;2;5;6;1;
38128;202100024560;157 759;A01;3;33;0;0;0;2;1;