;Num_Acc;id_vehicule;num_veh;senc;catv;obs;obsm;choc;manv;motor;occutc
38129;202100024561;157 757;B01;0;1;0;2;1;19;0;
38130;202100024561;157 758;A01;3;10;0;9;0;0;1;
38131;202100024562;157 755;B01;1;3;0;2;1;0;1;
38132;202100024562;157 756;A01;1;10;0;2;4;10;1;
38133;202100024563;157 753;A01;1;33;0;2;1;1;0;
38134;202100024563;157 754;B01;1;10;0;2;3;15;0;
38135;202100024566;157 748;A01;2;10;0;0;2;0;1;
38136;202100024566;157 749;B01;2;7;0;0;1;1;1;
38137;202100024567;157 747;A01;3;7;0;1;4;26;1;
38138;202100024568;157 745;A01;3;7;1;0;3;23;1;
38139;202100024568;157 746;B01;3;1;1;2;2;0;0;
38140;202100024569;157 744;A01;1;30;0;1;1;0;1;
38141;202100024571;157 740;B01;1;1;0;2;8;15;5;
38142;202100024571;157 741;A01;1;10;0;2;1;16;1;
38143;202100024572;157 738;B01;3;7;0;2;1;1;1;
38144;202100024572;157 739;A01;3;7;0;2;1;10;1;
38145;202100024573;157 736;A01;1;7;0;2;2;1;1;
38146;202100024573;157 737;Z01;1;7;0;2;1;0;0;
38147;202100024574;157 733;A01;1;10;0;2;4;23;1;
38148;202100024574;157 734;B01;1;7;0;2;4;23;1;
38149;202100024574;157 735;C01;1;7;0;2;1;2;1;
38150;202100024575;157 730;C01;1;7;0;2;1;2;1;
38151;202100024575;157 731;B01;1;7;0;2;4;2;1;
38152;202100024575;157 732;A01;1;7;0;2;4;1;1;
38153;202100024576;157 728;B01;1;15;0;2;3;1;1;
38154;202100024576;157 729;A01;1;7;0;2;0;11;1;
38155;202100024577;157 727;A01;1;7;4;0;9;2;1;
38156;202100024578;157 725;B01;2;33;0;2;7;3;1;
38157;202100024578;157 726;A01;2;7;0;2;3;11;1;
38158;202100024579;157 723;B01;2;7;0;0;0;0;1;
38159;202100024579;157 724;A01;2;7;0;0;0;26;1;
38160;202100024580;157 721;B01;2;10;0;2;5;1;1;
38161;202100024580;157 722;A01;1;31;0;2;1;2;1;
38162;202100024581;157 720;A01;1;7;0;9;1;21;1;
38163;202100024582;157 718;B01;1;7;0;2;2;12;1;
38164;202100024582;157 719;A01;1;33;0;2;8;1;1;
38165;202100024583;157 716;B01;2;7;0;2;1;16;1;
38166;202100024583;157 717;A01;1;7;0;2;9;13;1;
38167;202100024585;157 713;B01;2;7;0;2;4;2;1;
38168;202100024585;157 714;A01;2;2;0;2;1;2;1;
38169;202100024586;157 711;Z01;2;32;0;2;1;5;0;
38170;202100024586;157 712;A01;1;2;0;2;1;1;1;
38171;202100024587;157 709;B01;1;34;0;2;1;1;1;
38172;202100024587;157 710;C01;1;1;0;2;1;9;-1;
38173;202100024588;157 707;A01;1;7;0;2;1;1;1;
38174;202100024588;157 708;B01;1;31;0;2;4;1;1;
38175;202100024589;157 705;A01;1;7;0;2;1;1;1;
38176;202100024589;157 706;B01;1;30;0;2;7;19;1;
38177;202100024590;157 703;B01;3;7;0;2;0;1;1;
38178;202100024590;157 704;A01;1;7;0;2;1;1;1;
38179;202100024591;157 702;A01;2;60;0;0;1;1;5;
38180;202100024592;157 701;A01;1;80;0;0;8;1;3;
38181;202100024593;157 699;A01;1;7;0;2;1;9;1;
38182;202100024593;157 700;B01;1;10;0;2;2;9;1;
38183;202100024594;157 697;A01;3;7;0;1;1;16;1;
38184;202100024595;157 693;A01;3;50;0;2;1;0;3;
38185;202100024595;157 694;B01;3;7;0;2;0;0;1;
38186;202100024596;157 691;A01;2;7;0;2;4;26;1;
38187;202100024596;157 692;Z01;2;15;0;2;1;26;0;
38188;202100024597;157 688;A01;2;31;0;2;2;15;1;
38189;202100024597;157 689;B01;2;7;0;2;1;2;1;
38190;202100024597;157 690;C01;2;7;0;2;3;23;1;
38191;202100024599;157 686;A01;1;1;0;1;1;17;5;
38192;202100024600;157 684;A01;3;10;0;2;1;15;1;
38193;202100024600;157 685;B01;3;50;0;2;1;1;3;
38194;202100024601;157 682;B01;0;7;0;2;1;1;1;
38195;202100024601;157 683;A01;1;7;0;2;8;1;1;
38196;202100024602;157 680;B01;1;1;0;2;7;1;5;
38197;202100024602;157 681;A01;1;7;0;9;3;15;1;
38198;202100024603;157 678;A01;3;50;0;2;1;26;3;
38199;202100024603;157 679;B01;3;7;0;2;2;9;1;
38200;202100024604;157 676;B01;2;7;12;2;8;1;1;
38201;202100024604;157 677;A01;2;7;0;2;2;9;1;
38202;202100024605;157 675;A01;3;33;3;0;0;16;1;
38203;202100024606;157 673;A01;0;7;0;2;1;10;1;
38204;202100024606;157 674;B01;0;7;0;2;1;21;1;
38205;202100024607;157 671;B01;1;7;0;2;2;1;1;
38206;202100024607;157 672;A01;2;7;0;2;2;26;1;
38207;202100024608;157 669;A01;2;7;0;2;3;15;1;
38208;202100024608;157 670;B01;1;1;0;2;7;0;0;
38209;202100024609;157 668;A01;0;32;0;1;1;17;1;
38210;202100024610;157 667;A01;1;7;0;1;4;20;1;
38211;202100024611;157 666;A01;1;7;1;0;2;1;1;
38212;202100024612;157 665;A01;3;7;0;1;2;1;1;
38213;202100024613;157 663;B01;2;7;0;2;8;15;1;
38214;202100024613;157 664;A01;1;7;0;2;1;19;1;
38215;202100024615;157 659;A01;1;7;0;2;0;17;1;
38216;202100024616;157 658;A01;3;7;8;0;1;16;1;
38217;202100024617;157 656;B01;3;10;0;2;4;1;0;
38218;202100024617;157 657;A01;3;10;0;2;1;2;1;
38219;202100024618;157 655;A01;3;2;12;0;1;18;1;
38220;202100024619;157 652;B01;2;50;0;2;8;2;3;
38221;202100024619;157 653;Z01;2;7;0;2;1;17;0;
38222;202100024620;157 650;B01;2;7;0;2;6;15;1;
38223;202100024620;157 651;A01;2;32;0;2;2;1;1;
38224;202100024621;157 648;A01;3;7;0;2;3;15;1;
38225;202100024621;157 649;B01;3;31;0;2;1;1;1;
38226;202100024622;157 646;B01;1;7;0;2;3;1;1;
38227;202100024622;157 647;A01;2;7;0;2;2;15;1;
38228;202100024623;157 645;A01;1;1;0;0;0;13;5;
38229;202100024624;157 644;A01;2;7;0;1;1;1;1;
38230;202100024626;157 639;A01;2;2;0;2;3;18;1;
38231;202100024626;157 640;B01;2;7;0;2;2;23;1;
38232;202100024627;157 637;A01;2;30;0;2;1;15;1;
38233;202100024627;157 638;B01;1;7;0;2;1;1;1;
38234;202100024628;157 635;A01;2;7;0;2;5;15;1;
38235;202100024628;157 636;B01;1;1;0;2;1;1;5;
38236;202100024629;157 633;A01;1;7;0;2;0;16;1;
38237;202100024629;157 634;B01;3;50;0;2;0;1;3;
38238;202100024630;157 631;B01;1;1;0;2;8;13;5;
38239;202100024630;157 632;A01;1;37;0;2;2;17;3;1.0
38240;202100024631;157 630;A01;1;7;0;1;0;1;1;
38241;202100024632;157 628;B01;2;7;8;2;6;1;1;
38242;202100024632;157 629;A01;2;7;12;2;3;13;1;
38243;202100024633;157 626;A01;2;7;0;2;1;1;2;
38244;202100024633;157 627;B01;1;34;0;2;1;1;1;
38245;202100024634;157 625;A01;1;7;0;1;0;1;1;
38246;202100024635;157 624;A01;1;7;0;1;1;15;1;
38247;202100024636;157 623;A01;1;7;10;0;2;21;1;
38248;202100024638;157 620;A01;3;7;2;0;1;14;1;
38249;202100024639;157 619;A01;3;7;8;0;1;26;1;
38250;202100024640;157 617;B01;3;7;0;2;3;1;1;
38251;202100024640;157 618;A01;3;30;0;2;5;17;1;
38252;202100024641;157 616;A01;2;7;0;1;2;1;1;
38253;202100024642;157 614;B01;2;37;0;2;1;1;1;1.0
38254;202100024642;157 615;A01;2;7;0;2;7;1;1;
38255;202100024643;157 612;A01;0;50;0;2;1;26;3;
38256;202100024643;157 613;B01;0;60;0;2;0;0;5;
38257;202100024644;157 610;A01;2;30;0;2;1;9;1;
38258;202100024644;157 611;B01;2;7;0;2;3;15;1;
38259;202100024645;157 608;B01;1;31;0;2;2;17;1;
38260;202100024645;157 609;A01;1;7;0;2;3;15;1;
38261;202100024646;157 604;C01;2;7;0;2;8;1;1;
38262;202100024646;157 605;A01;2;10;0;2;1;17;1;
38263;202100024646;157 606;D01;1;10;0;2;8;1;1;
38264;202100024646;157 607;B01;1;10;0;2;1;1;1;
38265;202100024647;157 602;A01;1;14;0;2;2;16;0;
38266;202100024647;157 603;B01;1;1;0;2;1;1;0;
38267;202100024648;157 599;B01;1;33;0;2;1;1;1;
38268;202100024648;157 600;A01;1;7;0;2;4;2;2;
38269;202100024649;157 597;A01;1;2;0;2;1;19;1;
38270;202100024649;157 598;B01;1;14;0;2;3;1;1;
38271;202100024650;157 595;A01;2;7;0;2;7;15;1;
38272;202100024650;157 596;B01;1;33;0;2;1;1;1;
38273;202100024651;157 593;B01;0;33;0;0;2;17;1;
38274;202100024651;157 594;A01;3;7;0;2;6;13;1;
38275;202100024652;157 591;A01;1;33;1;0;1;25;1;
38276;202100024652;157 592;B01;2;7;0;0;5;24;1;
38277;202100024653;157 589;A01;1;33;3;2;1;1;1;
38278;202100024653;157 590;B01;2;10;0;9;1;1;1;
38279;202100024656;157 583;C01;2;7;3;2;3;1;1;
38280;202100024656;157 584;B01;2;7;0;2;3;1;1;
38281;202100024656;157 585;A01;2;7;3;0;1;1;1;
38282;202100024657;157 580;C01;1;17;0;2;3;1;1;
38283;202100024657;157 581;B01;1;7;0;2;3;3;1;
38284;202100024657;157 582;A01;2;7;0;2;3;1;1;
38285;202100024658;157 578;A01;1;7;0;0;6;23;1;
38286;202100024658;157 579;B01;1;1;1;0;1;1;5;
38287;202100024660;157 575;A01;2;2;0;2;7;17;1;
38288;202100024660;157 576;B01;2;20;0;2;3;10;1;
38289;202100024661;157 573;A01;2;33;0;2;2;2;1;
38290;202100024661;157 574;B01;2;7;0;2;6;2;1;
38291;202100024663;157 567;A01;1;36;12;0;3;1;1;
38292;202100024664;157 565;A01;1;7;0;2;7;15;1;
38293;202100024664;157 566;B01;2;7;0;2;3;1;1;
38294;202100024665;157 563;A01;1;7;0;0;1;1;1;
38295;202100024665;157 564;B01;2;7;0;0;8;15;1;
38296;202100024666;157 561;B01;2;1;0;2;1;0;5;
38297;202100024666;157 562;A01;1;7;0;9;1;16;1;
38298;202100024667;157 558;A01;3;7;0;1;4;4;1;
38299;202100024669;157 554;B01;0;7;0;2;3;1;1;
38300;202100024669;157 555;A01;0;7;0;2;3;1;1;
38301;202100024670;157 552;A01;2;7;0;2;3;15;1;
38302;202100024670;157 553;B01;1;7;0;2;1;1;1;
38303;202100024671;157 550;A01;1;33;0;2;1;13;1;
38304;202100024671;157 551;B01;1;7;0;2;8;10;3;
38305;202100024672;157 549;A01;1;7;6;0;7;0;1;
38306;202100024673;157 547;A01;1;10;0;2;2;15;1;
38307;202100024673;157 548;B01;3;7;0;2;3;1;1;
38308;202100024674;157 540;E01;1;10;0;2;4;2;1;
38309;202100024674;157 541;C01;1;7;0;2;4;2;1;
38310;202100024674;157 542;A01;1;13;0;2;1;2;1;
38311;202100024674;157 543;G01;1;7;0;2;4;2;1;
38312;202100024674;157 544;F01;1;7;0;2;4;2;1;
38313;202100024674;157 545;D01;1;7;0;2;4;2;1;
38314;202100024674;157 546;B01;1;7;0;2;4;2;1;
38315;202100024675;157 538;A01;2;7;3;0;1;2;1;
38316;202100024675;157 539;B01;2;7;14;1;1;2;1;
38317;202100024676;157 536;B01;3;7;0;2;2;1;1;
38318;202100024676;157 537;A01;3;7;0;0;8;19;1;
38319;202100024677;157 535;A01;0;7;0;0;9;1;1;
38320;202100024678;157 534;A01;0;7;8;0;7;13;1;
38321;202100024679;157 533;A01;2;7;0;0;9;1;1;
38322;202100024680;157 530;B01;1;17;0;2;2;1;1;
38323;202100024680;157 531;A01;2;7;0;2;2;13;1;
38324;202100024681;157 528;A01;3;2;0;2;2;17;1;
38325;202100024681;157 529;B01;3;2;0;2;3;1;1;
38326;202100024682;157 527;A01;1;7;13;0;0;14;1;
38327;202100024683;157 525;B01;2;2;0;2;2;17;1;
38328;202100024683;157 526;A01;2;10;0;2;6;15;1;
38329;202100024684;157 523;B01;2;7;0;0;5;1;1;
38330;202100024684;157 524;A01;2;2;0;0;1;1;1;
38331;202100024685;157 520;A01;1;1;12;0;4;2;5;
38332;202100024685;157 521;B01;1;1;12;0;4;2;5;
38333;202100024685;157 522;C01;1;7;0;2;2;17;1;
38334;202100024687;157 516;A01;2;7;0;2;3;13;1;
38335;202100024687;157 517;B01;1;33;12;2;1;1;1;
38336;202100024688;157 514;B01;2;7;0;2;1;1;1;
38337;202100024688;157 515;A01;1;7;0;2;1;13;1;
38338;202100024689;157 513;A01;2;33;13;0;8;1;1;
38339;202100024690;157 512;A01;1;3;2;0;1;1;1;
38340;202100024691;157 510;A01;1;2;0;9;0;2;1;
38341;202100024691;157 511;B01;1;2;0;9;0;1;1;
38342;202100024692;157 509;A01;1;33;1;0;1;0;1;
38343;202100024693;157 507;A01;2;7;6;2;8;15;1;
38344;202100024693;157 508;B01;2;33;0;2;1;17;1;
38345;202100024694;157 505;B01;3;1;0;2;1;1;5;
38346;202100024694;157 506;A01;1;7;0;2;2;1;1;
38347;202100024695;157 503;B01;0;13;0;2;0;0;0;
38348;202100024695;157 504;A01;0;7;4;2;0;2;1;
38349;202100024696;157 501;Z01;1;7;0;0;0;0;0;
38350;202100024696;157 502;A01;1;7;0;2;4;26;1;
38351;202100024697;157 500;A01;2;7;3;0;2;1;1;
38352;202100024698;157 496;A01;2;7;0;2;1;2;1;
38353;202100024698;157 497;B01;2;10;0;2;4;2;1;
38354;202100024698;157 498;C01;2;7;0;2;4;2;1;
38355;202100024698;157 499;D01;2;10;0;2;2;2;1;
38356;202100024699;157 493;A01;2;7;0;0;0;26;1;
38357;202100024699;157 494;B01;1;7;0;0;0;0;1;
38358;202100024699;157 495;C01;1;7;0;0;0;0;1;
38359;202100024700;157 491;A01;1;7;0;2;1;1;1;
38360;202100024700;157 492;B01;1;7;0;2;4;2;1;
38361;202100024701;157 489;A01;1;7;0;2;1;2;1;
38362;202100024701;157 490;B01;1;13;0;0;6;1;1;
38363;202100024702;157 488;A01;2;33;0;2;0;17;1;
38364;202100024703;157 487;A01;3;7;0;1;1;16;-1;
38365;202100024704;157 486;A01;3;32;0;1;1;21;1;
38366;202100024705;157 485;A01;3;7;0;1;5;4;1;
38367;202100024706;157 483;A01;0;7;0;1;1;1;0;
38368;202100024707;157 481;A01;1;31;0;2;5;11;1;
38369;202100024707;157 482;B01;1;7;8;2;8;15;1;
38370;202100024708;157 478;A01;2;7;1;2;8;10;1;
38371;202100024708;157 479;B01;2;7;0;2;2;17;1;
38372;202100024708;157 480;C01;2;7;0;2;4;23;1;
38373;202100024709;157 477;A01;1;7;0;0;1;26;1;
38374;202100024710;157 475;A01;3;33;0;2;1;17;1;
38375;202100024710;157 476;B01;3;7;0;2;3;15;1;
38376;202100024711;157 473;B01;0;1;0;2;1;15;5;
38377;202100024711;157 474;Z01;3;7;0;2;1;15;1;
38378;202100024712;157 472;A01;3;30;0;0;3;26;1;
38379;202100024713;157 470;A01;2;32;0;2;1;19;1;
38380;202100024713;157 471;B01;1;7;0;2;3;1;1;
38381;202100024714;157 469;A01;2;7;0;1;2;1;1;
38382;202100024715;157 468;A01;2;7;0;1;1;1;1;
38383;202100024717;157 464;A01;3;7;0;2;6;11;1;
38384;202100024717;157 465;B01;3;7;0;2;2;1;1;
38385;202100024718;157 463;A01;1;7;4;0;3;5;1;
38386;202100024719;157 461;B01;1;7;0;2;1;23;1;
38387;202100024719;157 462;A01;3;7;0;2;1;26;1;
38388;202100024720;157 459;B01;1;7;0;2;4;2;1;
38389;202100024720;157 460;A01;1;43;0;2;1;2;1;
38390;202100024721;157 458;Z01;2;7;0;1;1;1;1;
38391;202100024722;157 456;B01;1;7;0;2;1;1;1;
38392;202100024722;157 457;A01;1;7;0;2;1;15;1;
38393;202100024723;157 454;B01;1;7;0;2;3;15;0;
38394;202100024723;157 455;A01;2;33;0;2;1;3;1;
38395;202100024724;157 450;A01;3;7;0;2;2;16;1;
38396;202100024724;157 451;B01;1;50;0;2;1;1;3;
38397;202100024725;157 448;A01;1;7;0;2;3;10;1;
38398;202100024725;157 449;B01;2;30;0;2;1;1;3;
38399;202100024726;157 446;B01;2;7;0;2;3;1;1;
38400;202100024726;157 447;A01;1;50;0;2;2;19;3;
38401;202100024727;157 443;C01;1;30;0;2;4;1;1;
38402;202100024727;157 444;B01;1;33;0;2;4;1;1;
38403;202100024727;157 445;A01;1;7;0;2;1;1;1;
38404;202100024728;157 442;A01;1;7;0;1;3;15;1;
38405;202100024729;157 440;B01;1;1;0;2;7;26;6;
38406;202100024729;157 441;A01;2;7;0;2;1;9;1;
38407;202100024730;157 438;A01;2;30;0;2;1;17;1;
38408;202100024730;157 439;B01;1;7;0;2;1;15;1;
38409;202100024731;157 437;A01;1;33;16;0;7;1;1;
38410;202100024732;157 436;A01;3;7;0;1;4;4;1;
38411;202100024733;157 434;B01;1;7;0;2;1;1;1;
38412;202100024733;157 435;A01;2;7;0;2;3;16;1;
38413;202100024734;157 432;A01;1;10;0;2;3;9;0;
38414;202100024734;157 433;B01;1;7;0;2;2;1;1;
38415;202100024735;157 430;Z01;2;7;0;9;7;2;0;
38416;202100024735;157 431;B01;2;50;0;2;8;2;3;
38417;202100024736;157 429;A01;3;3;0;0;8;15;3;
38418;202100024737;157 428;A01;1;7;1;0;1;26;1;
38419;202100024738;157 427;A01;1;36;8;0;7;26;1;
38420;202100024739;157 425;B01;2;7;0;2;0;0;1;
38421;202100024739;157 426;A01;2;33;0;2;1;2;1;
38422;202100024740;157 423;A01;1;1;0;2;2;26;5;
38423;202100024740;157 424;B01;1;7;0;2;3;26;1;
38424;202100024741;157 421;B01;1;60;0;2;8;26;5;
38425;202100024741;157 422;A01;1;7;0;9;2;26;1;
38426;202100024743;157 418;A01;2;15;0;1;2;1;1;
38427;202100024744;157 417;A01;1;7;13;0;8;21;1;
38428;202100024745;157 415;B01;2;37;0;9;2;1;0;1.0
38429;202100024745;157 416;A01;1;30;0;2;2;15;0;
38430;202100024748;157 411;B01;1;33;0;2;1;1;1;
38431;202100024748;157 412;A01;2;7;0;2;5;9;1;
38432;202100024749;157 409;B01;2;7;0;2;7;1;1;
38433;202100024749;157 410;A01;1;7;0;2;1;19;1;
38434;202100024750;157 407;B01;1;32;0;2;9;1;1;
38435;202100024750;157 408;A01;2;7;0;2;5;15;1;
38436;202100024751;157 405;A01;3;7;14;0;1;1;1;
38437;202100024751;157 406;B01;0;7;0;2;4;23;0;
38438;202100024752;157 404;A01;0;1;12;0;0;12;5;
38439;202100024754;157 401;A01;1;7;0;2;6;10;1;
38440;202100024754;157 402;B01;1;33;0;2;1;2;1;
38441;202100024755;157 399;B01;2;7;0;2;1;1;1;
38442;202100024755;157 400;A01;1;7;0;2;1;5;1;
38443;202100024757;157 395;B01;1;10;8;2;1;1;1;
38444;202100024757;157 396;A01;1;7;8;2;1;1;1;
38445;202100024758;157 394;A01;2;7;2;0;3;0;1;
38446;202100024759;157 392;A01;3;1;0;2;0;26;5;
38447;202100024759;157 393;B01;3;0;0;2;3;13;0;
38448;202100024760;157 391;A01;2;7;0;0;2;14;1;
38449;202100024761;157 389;A01;1;7;0;2;1;15;1;
38450;202100024761;157 390;B01;2;34;0;2;1;1;1;
38451;202100024762;157 387;A01;2;32;0;2;3;13;1;
38452;202100024762;157 388;B01;2;33;0;2;2;1;1;
38453;202100024763;157 386;Z01;1;7;0;1;4;20;1;
38454;202100024764;157 385;Z01;1;7;0;1;2;1;0;
38455;202100024765;157 383;A01;2;2;0;2;4;2;1;
38456;202100024765;157 384;Z01;2;7;0;2;1;2;0;
38457;202100024766;157 381;A01;2;7;0;2;3;15;1;
38458;202100024766;157 382;B01;2;30;0;2;2;1;1;
38459;202100024767;157 380;A01;1;7;1;0;3;13;1;
38460;202100024768;157 379;A01;2;7;0;1;2;1;1;
38461;202100024769;157 377;A01;2;34;0;2;7;2;1;
38462;202100024769;157 378;B01;2;37;0;2;6;23;2;1.0
38463;202100024771;157 373;B01;1;7;0;2;2;1;1;
38464;202100024771;157 374;A01;1;7;0;2;2;10;1;
38465;202100024772;157 371;A01;1;1;0;2;7;14;5;
38466;202100024772;157 372;B01;2;50;0;2;7;1;3;
38467;202100024773;157 369;B01;2;60;0;2;7;0;5;
38468;202100024773;157 370;A01;2;7;0;0;1;26;2;
38469;202100024774;157 367;B01;1;7;0;2;3;9;1;
38470;202100024774;157 368;A01;1;50;0;2;1;2;3;
38471;202100024775;157 365;A01;1;7;0;2;7;16;1;
38472;202100024775;157 366;B01;1;30;0;2;8;2;1;
38473;202100024776;157 364;A01;1;7;0;1;2;1;1;
38474;202100024777;157 361;B01;3;33;1;2;1;2;0;
38475;202100024777;157 362;A01;3;7;1;0;3;20;1;
38476;202100024778;157 360;A01;3;7;0;1;2;1;1;
38477;202100024779;157 358;A01;3;7;0;2;1;1;1;
38478;202100024779;157 359;B01;3;7;0;2;7;15;1;
38479;202100024780;157 356;B01;3;10;0;0;4;4;1;
38480;202100024780;157 357;A01;3;33;0;2;1;2;1;
38481;202100024781;157 355;A01;1;30;0;1;2;25;1;
38482;202100024782;157 353;A01;1;2;0;2;1;1;1;
38483;202100024782;157 354;B01;2;7;0;2;5;1;1;
38484;202100024783;157 351;A01;1;37;0;2;1;1;1;3.0
38485;202100024783;157 352;B01;2;50;0;2;8;19;3;
38486;202100024784;157 347;A01;1;7;0;2;3;1;1;
38487;202100024784;157 348;B01;2;7;0;2;3;13;1;
38488;202100024785;157 346;A01;1;7;6;0;1;14;1;
38489;202100024786;157 345;A01;1;7;16;0;9;1;1;
38490;202100024787;157 343;A01;1;7;0;2;3;19;1;
38491;202100024787;157 344;B01;1;7;0;2;1;1;1;
38492;202100024788;157 340;A01;1;7;0;2;8;1;2;
38493;202100024788;157 341;C01;2;7;0;2;1;1;1;
38494;202100024788;157 342;B01;1;10;0;2;1;1;1;
38495;202100024789;157 338;B01;1;7;15;0;1;21;2;
38496;202100024789;157 339;A01;1;10;0;0;0;26;1;
38497;202100024790;157 337;A01;1;7;2;0;1;0;1;
38498;202100024792;157 335;A01;1;7;5;0;3;13;1;
38499;202100024793;157 334;A01;3;32;8;0;0;17;1;
38500;202100024794;157 332;A01;1;7;0;2;3;15;1;
38501;202100024794;157 333;B01;2;1;0;2;8;1;5;
38502;202100024795;157 331;A01;1;33;0;0;8;1;1;
38503;202100024796;157 330;A01;1;43;2;0;1;0;1;
38504;202100024797;157 328;A01;2;7;0;2;2;19;1;
38505;202100024797;157 329;B01;1;2;0;2;1;1;1;
38506;202100024798;157 327;A01;3;2;0;0;7;1;1;
38507;202100024799;157 326;A01;1;7;2;0;6;0;1;
38508;202100024800;157 325;A01;3;15;1;1;3;23;1;
38509;202100024801;157 321;B01;2;10;0;2;8;1;1;
38510;202100024801;157 322;A01;1;31;0;2;1;13;1;
38511;202100024802;157 320;A01;2;2;12;0;2;21;1;
38512;202100024803;157 319;A01;1;10;13;0;2;1;1;
38513;202100024804;157 317;B01;2;1;0;2;8;2;5;
38514;202100024804;157 318;A01;2;21;0;2;5;2;1;
38515;202100024806;157 315;A01;3;36;0;0;3;13;1;
38516;202100024807;157 313;A01;2;21;0;2;3;15;1;
38517;202100024807;157 314;B01;2;32;0;2;1;17;1;
38518;202100024808;157 312;A01;1;7;13;0;3;1;1;
38519;202100024810;157 307;B01;2;17;0;2;8;1;1;
38520;202100024810;157 308;A01;0;33;0;2;1;1;1;
38521;202100024811;157 305;A01;1;7;0;2;3;15;1;
38522;202100024811;157 306;B01;1;1;13;2;1;17;5;
38523;202100024812;157 304;A01;3;10;13;0;8;13;1;
38524;202100024813;157 303;A01;1;30;0;2;1;0;1;
38525;202100024815;157 299;B01;2;7;0;2;2;15;1;
38526;202100024815;157 300;A01;2;2;0;2;1;3;1;
38527;202100024816;157 298;A01;2;7;2;0;8;1;1;
38528;202100024817;157 296;A01;3;7;0;2;1;2;1;
38529;202100024817;157 297;B01;3;10;0;0;4;15;1;
38530;202100024818;157 295;A01;2;1;0;0;1;1;5;
38531;202100024819;157 293;A01;1;7;0;2;2;11;1;
38532;202100024819;157 294;B01;1;21;0;2;2;12;1;
38533;202100024821;157 290;A01;3;33;10;0;1;26;1;
38534;202100024822;157 288;B01;1;1;0;2;1;1;5;
38535;202100024822;157 289;A01;1;7;0;0;7;16;1;
38536;202100024823;157 284;A01;0;7;0;2;1;17;1;
38537;202100024823;157 285;D01;3;7;0;2;3;1;1;
38538;202100024823;157 286;C01;3;10;0;2;1;2;1;
38539;202100024823;157 287;B01;3;7;3;2;1;1;1;
38540;202100024824;157 283;A01;3;7;2;0;1;21;1;
38541;202100024825;157 282;A01;1;7;0;1;3;1;1;
38542;202100024826;157 281;A01;1;80;0;0;0;11;3;
38543;202100024827;157 279;B01;3;2;0;2;7;9;1;
38544;202100024827;157 280;A01;1;14;0;2;1;1;1;
38545;202100024828;157 274;Z01;1;10;0;2;1;2;1;
38546;202100024828;157 275;A01;1;7;0;2;4;2;1;
38547;202100024829;157 271;Z01;2;7;0;0;0;0;0;
38548;202100024829;157 272;B01;2;7;3;2;4;2;1;
38549;202100024829;157 273;A01;2;7;3;2;4;2;1;
38550;202100024830;157 269;A01;1;7;0;2;2;17;1;
38551;202100024830;157 270;B01;2;7;0;2;6;1;1;
38552;202100024831;157 267;B01;1;10;0;2;6;2;1;
38553;202100024831;157 268;A01;1;10;0;2;3;2;1;
38554;202100024832;157 265;B01;1;43;0;2;3;1;1;
38555;202100024832;157 266;A01;1;7;0;2;2;12;1;
38556;202100024834;157 262;A01;2;7;0;2;9;2;1;
38557;202100024835;157 261;A01;2;10;0;0;1;1;1;
38558;202100024836;157 260;A01;1;10;4;0;1;1;1;
38559;202100024837;157 258;A01;2;7;0;2;1;2;1;
38560;202100024837;157 259;B01;2;10;0;2;4;2;1;
38561;202100024838;157 257;A01;1;7;4;0;1;1;1;
38562;202100024840;157 255;A01;2;43;3;0;1;2;1;
38563;202100024841;157 254;A01;2;7;4;0;6;1;1;
38564;202100024842;157 252;A01;1;10;4;0;5;2;1;
38565;202100024842;157 253;Z01;1;7;4;2;3;1;1;
38566;202100024843;157 250;A01;2;7;0;2;4;1;1;
38567;202100024843;157 251;B01;2;43;0;2;1;12;1;
38568;202100024844;157 247;A01;1;7;0;2;1;26;1;
38569;202100024844;157 248;B01;1;7;0;2;2;1;1;
38570;202100024844;157 249;C01;1;7;14;0;5;1;1;
38571;202100024845;157 246;A01;1;30;0;1;1;3;1;
38572;202100024846;157 245;A01;1;1;0;1;1;1;5;
38573;202100024847;157 244;A01;3;3;0;0;1;0;1;
38574;202100024848;157 242;A01;1;7;0;2;3;20;1;
38575;202100024848;157 243;AB01;2;30;0;2;1;21;1;
38576;202100024849;157 240;B01;3;1;0;2;8;0;0;
38577;202100024849;157 241;A01;3;7;0;9;1;1;1;
38578;202100024850;157 238;B01;3;33;0;2;0;15;1;
38579;202100024850;157 239;A01;3;7;0;2;8;15;6;
38580;202100024851;157 237;A01;1;7;0;1;2;1;1;
38581;202100024852;157 235;A01;1;7;0;2;1;13;1;
38582;202100024852;157 236;B01;2;7;0;2;3;1;1;
38583;202100024853;157 233;A01;1;7;0;2;6;15;1;
38584;202100024853;157 234;B01;1;33;0;2;1;17;1;
38585;202100024854;157 231;A01;1;7;0;2;1;1;1;
38586;202100024854;157 232;B01;1;10;0;2;7;1;1;
38587;202100024855;157 228;C01;3;7;0;2;4;23;1;
38588;202100024855;157 229;B01;3;7;0;2;4;23;1;
38589;202100024855;157 230;A01;3;10;0;2;1;2;1;