;Num_Acc;id_vehicule;num_veh;senc;catv;obs;obsm;choc;manv;motor;occutc
38590;202100024856;157 227;A01;1;7;8;0;1;1;1;
38591;202100024857;157 225;B01;0;31;0;2;1;1;1;
38592;202100024857;157 226;A01;0;7;0;2;1;13;1;
38593;202100024858;157 224;A01;3;7;0;1;8;19;1;
38594;202100024859;157 222;B01;1;33;0;2;1;20;1;
38595;202100024859;157 223;A01;2;14;0;2;4;4;1;
38596;202100024860;157 220;B01;3;31;0;2;9;1;1;
38597;202100024860;157 221;A01;3;7;0;2;3;5;1;
38598;202100024861;157 218;A01;0;7;0;2;0;1;0;
38599;202100024861;157 219;B01;0;7;0;2;1;1;1;
38600;202100024862;157 216;A01;2;7;0;2;5;13;1;
38601;202100024862;157 217;B01;2;7;0;2;3;1;1;
38602;202100024863;157 214;B01;3;7;0;2;4;15;1;
38603;202100024863;157 215;A01;3;7;0;2;1;2;1;
38604;202100024864;157 213;A01;1;7;2;0;0;14;1;
38605;202100024866;157 210;A01;1;7;0;1;2;1;1;
38606;202100024867;157 209;Z01;1;7;0;1;1;1;1;
38607;202100024868;157 207;A01;1;7;0;2;1;2;1;
38608;202100024868;157 208;B01;1;7;0;2;4;2;1;
38609;202100024869;157 206;A01;2;30;0;2;5;1;1;
38610;202100024870;157 205;A01;2;33;0;0;3;0;1;
38611;202100024872;157 201;A01;2;3;6;2;5;15;1;
38612;202100024872;157 202;B01;1;3;0;2;3;1;1;
38613;202100024873;157 199;B01;3;7;0;2;1;0;1;
38614;202100024873;157 200;A01;1;7;0;0;0;0;1;
38615;202100024874;157 198;A01;1;7;1;0;1;14;1;
38616;202100024876;157 195;A01;1;7;0;2;7;17;1;
38617;202100024876;157 196;B01;1;1;0;2;8;1;0;
38618;202100024877;157 193;A01;1;7;0;2;1;2;1;
38619;202100024877;157 194;B01;1;7;0;2;4;2;1;
38620;202100024878;157 191;A01;1;7;0;0;2;17;1;
38621;202100024878;157 192;B01;1;7;0;2;6;1;1;
38622;202100024879;157 189;A01;1;7;0;2;3;26;2;
38623;202100024879;157 190;B01;2;1;0;2;8;25;5;
38624;202100024880;157 187;A01;0;33;0;2;1;15;1;
38625;202100024880;157 188;B01;1;7;0;2;7;1;1;
38626;202100024882;157 183;A01;-1;1;0;2;7;19;5;
38627;202100024882;157 184;B01;1;7;0;2;3;16;1;
38628;202100024883;157 179;A01;1;13;0;2;1;1;1;
38629;202100024883;157 180;C01;1;7;0;2;1;1;1;
38630;202100024883;157 181;B01;1;7;0;2;1;1;0;
38631;202100024883;157 182;D01;1;7;0;2;4;1;1;
38632;202100024884;157 177;B01;1;33;0;2;1;0;1;
38633;202100024884;157 178;A01;3;7;0;2;3;15;1;
38634;202100024885;157 175;A01;1;21;0;2;7;26;1;
38635;202100024885;157 176;B01;2;33;0;2;1;1;1;
38636;202100024886;157 174;A01;1;7;0;0;9;26;1;
38637;202100024887;157 171;A01;1;7;0;2;4;2;1;
38638;202100024887;157 172;B01;1;7;0;2;4;2;1;
38639;202100024887;157 173;C01;1;10;0;2;1;2;1;
38640;202100024888;157 169;A01;2;7;0;2;0;13;1;
38641;202100024888;157 170;B01;0;7;0;2;8;1;1;
38642;202100024889;157 167;A01;3;7;0;2;0;0;0;
38643;202100024889;157 168;B01;3;1;0;2;0;0;0;
38644;202100024890;157 166;A01;3;7;0;1;1;16;1;
38645;202100024891;157 165;A01;3;30;0;0;0;26;1;
38646;202100024892;157 164;A01;1;10;0;1;2;1;1;
38647;202100024893;157 163;A01;2;1;0;1;1;1;5;
38648;202100024894;157 162;A01;2;7;0;1;4;20;2;
38649;202100024895;157 160;A01;1;10;0;2;1;1;1;
38650;202100024895;157 161;B01;1;7;0;2;4;23;1;
38651;202100024896;157 156;A01;2;33;0;2;6;1;1;
38652;202100024896;157 157;B01;2;14;0;2;6;1;1;
38653;202100024896;157 158;C01;2;7;0;2;0;1;1;
38654;202100024896;157 159;Z01;2;7;0;2;2;1;1;
38655;202100024897;157 154;A01;1;7;0;2;1;15;1;
38656;202100024897;157 155;B01;1;1;0;2;0;19;5;
38657;202100024898;157 153;A01;3;1;0;1;1;1;5;
38658;202100024899;157 152;A01;1;1;0;0;0;1;5;
38659;202100024900;157 151;A01;2;50;0;1;1;21;3;
38660;202100024902;157 148;A01;1;7;15;2;2;26;1;
38661;202100024903;157 146;B01;3;7;0;2;4;4;1;
38662;202100024903;157 147;A01;3;7;0;2;1;2;1;
38663;202100024904;157 145;Z01;3;0;0;1;4;26;0;
38664;202100024905;157 142;C01;3;14;0;2;2;1;1;
38665;202100024905;157 143;B01;3;7;0;2;5;1;1;
38666;202100024905;157 144;Z01;1;7;0;2;3;1;1;
38667;202100024906;157 140;B01;3;7;0;2;8;19;1;
38668;202100024906;157 141;A01;3;7;0;2;1;19;1;
38669;202100024907;157 138;B01;2;43;0;2;2;1;1;
38670;202100024907;157 139;A01;2;7;0;2;3;26;1;
38671;202100024908;157 136;B01;1;32;0;0;0;0;1;
38672;202100024908;157 137;A01;1;7;1;2;3;17;1;
38673;202100024909;157 134;B01;1;32;0;2;8;18;1;
38674;202100024909;157 135;A01;1;7;0;2;7;12;1;
38675;202100024910;157 133;B01;1;32;14;2;8;26;1;
38676;202100024911;157 132;A01;1;7;0;1;1;17;1;
38677;202100024912;157 130;A01;1;7;0;2;1;9;1;
38678;202100024912;157 131;B01;1;7;0;2;4;26;1;
38679;202100024913;157 128;A01;3;10;0;2;3;24;1;
38680;202100024913;157 129;B01;3;99;1;2;1;0;0;
38681;202100024914;157 126;A01;1;7;0;2;2;16;1;
38682;202100024914;157 127;B01;1;50;0;2;1;1;3;
38683;202100024915;157 124;B01;1;7;0;2;8;15;1;
38684;202100024915;157 125;A01;1;7;0;2;1;1;1;
38685;202100024916;157 123;A01;2;7;0;1;1;1;1;
38686;202100024917;157 121;A01;2;32;0;2;3;16;1;
38687;202100024917;157 122;B01;2;34;0;2;1;1;1;
38688;202100024920;157 116;A01;1;7;13;0;2;1;1;
38689;202100024921;157 115;A01;1;10;0;0;1;0;1;
38690;202100024923;157 112;A01;3;7;0;1;3;1;1;
38691;202100024924;157 110;A01;2;1;0;0;0;1;5;
38692;202100024924;157 111;B01;2;1;0;0;0;1;5;
38693;202100024925;157 108;B01;0;7;0;0;3;1;1;
38694;202100024925;157 109;A01;0;7;9;0;3;1;1;
38695;202100024926;157 107;A01;1;33;0;6;1;0;1;
38696;202100024928;157 102;C01;2;7;0;2;5;21;1;
38697;202100024928;157 103;B01;1;7;0;2;6;21;1;
38698;202100024928;157 104;A01;2;7;0;2;3;13;1;
38699;202100024929;157 100;B01;1;7;0;2;1;1;1;
38700;202100024929;157 101;A01;2;7;0;2;8;9;1;
38701;202100024930;157 099;A01;1;7;6;0;9;1;1;
38702;202100024931;157 096;A01;1;7;0;2;7;1;1;
38703;202100024931;157 097;B01;3;1;0;2;1;15;5;
38704;202100024933;157 094;A01;2;31;0;0;0;0;1;
38705;202100024935;157 090;A01;1;7;0;2;7;19;1;
38706;202100024935;157 091;B01;2;7;0;0;8;0;0;
38707;202100024936;157 088;B01;2;2;13;2;7;1;1;
38708;202100024936;157 089;A01;1;7;0;2;2;15;1;
38709;202100024937;157 086;B01;0;7;0;2;1;1;1;
38710;202100024937;157 087;A01;0;33;0;2;1;13;1;
38711;202100024938;157 085;A01;1;2;13;0;9;1;1;
38712;202100024940;157 082;A01;1;1;0;0;0;1;5;
38713;202100024941;157 081;A01;0;80;0;0;0;0;3;
38714;202100024942;157 079;B01;3;1;0;2;1;15;5;
38715;202100024942;157 080;A01;3;7;0;9;5;16;1;
38716;202100024944;157 074;B01;1;2;0;2;1;17;1;
38717;202100024944;157 075;A01;1;7;0;2;6;15;1;
38718;202100024945;157 072;A01;1;33;0;2;1;17;1;
38719;202100024945;157 073;B01;1;7;0;2;8;15;1;
38720;202100024946;157 070;B01;1;7;0;2;6;13;1;
38721;202100024946;157 071;A01;2;7;0;2;3;1;1;
38722;202100024947;157 068;A01;1;7;0;2;1;14;1;
38723;202100024947;157 069;B01;3;7;0;2;8;23;1;
38724;202100024948;157 066;B01;1;7;0;0;4;2;1;
38725;202100024948;157 067;A01;1;33;0;2;1;2;1;
38726;202100024949;157 065;A01;1;7;0;1;2;1;1;
38727;202100024951;157 063;A01;2;7;13;0;1;0;1;
38728;202100024952;157 062;A01;1;7;13;0;9;14;1;
38729;202100024953;157 061;A01;2;1;0;0;0;16;5;
38730;202100024954;157 059;A01;1;10;0;2;1;2;1;
38731;202100024954;157 060;B01;1;20;0;0;4;2;1;
38732;202100024955;157 058;A01;0;36;0;0;0;1;1;
38733;202100024956;157 054;A01;2;7;0;2;1;1;1;
38734;202100024956;157 055;B01;2;7;0;2;6;23;1;
38735;202100024956;157 056;C01;2;7;0;0;5;23;1;
38736;202100024956;157 057;D01;1;7;0;2;9;1;1;
38737;202100024957;157 052;A01;1;7;0;0;2;15;1;
38738;202100024957;157 053;B01;2;1;0;2;1;1;5;
38739;202100024958;157 050;B01;2;33;13;0;1;1;1;
38740;202100024958;157 051;A01;2;33;13;0;1;1;1;
38741;202100024959;157 048;A01;3;10;0;2;3;13;1;
38742;202100024959;157 049;B01;3;7;0;2;3;1;1;
38743;202100024961;157 044;B01;2;7;0;0;4;15;1;
38744;202100024961;157 045;A01;1;33;0;2;1;1;1;
38745;202100024962;157 042;B01;2;10;0;2;3;1;1;
38746;202100024962;157 043;A01;1;7;0;2;3;1;1;
38747;202100024963;157 040;A01;1;15;0;9;6;1;1;
38748;202100024963;157 041;B01;1;1;0;2;0;25;5;
38749;202100024964;157 038;A01;2;7;0;2;3;1;1;
38750;202100024964;157 039;B01;2;34;0;2;1;1;1;
38751;202100024965;157 036;B01;2;1;0;0;4;1;5;
38752;202100024965;157 037;A01;1;7;0;2;1;1;1;
38753;202100024966;157 035;A01;0;7;10;0;1;9;1;
38754;202100024967;157 033;B01;2;7;0;2;3;1;1;
38755;202100024967;157 034;A01;1;7;0;2;1;13;1;
38756;202100024968;157 031;B01;2;33;0;0;4;1;1;
38757;202100024968;157 032;A01;2;7;0;2;1;2;1;
38758;202100024969;157 029;B01;1;7;0;2;3;15;1;
38759;202100024969;157 030;A01;1;33;0;2;5;17;1;
38760;202100024970;157 027;B01;2;15;0;0;4;2;1;
38761;202100024970;157 028;A01;2;7;0;2;1;2;1;
38762;202100024972;157 025;A01;3;2;0;0;0;1;1;
38763;202100024973;157 023;A01;1;7;0;2;4;0;1;
38764;202100024973;157 024;B01;1;7;0;2;1;0;1;
38765;202100024974;157 021;A01;1;14;0;2;2;2;1;
38766;202100024974;157 022;B01;1;7;0;2;6;1;2;
38767;202100024975;157 018;C01;2;7;0;2;4;2;1;
38768;202100024975;157 019;A01;2;7;0;2;1;1;1;
38769;202100024975;157 020;B01;2;7;3;2;9;2;1;
38770;202100024976;157 015;A01;2;7;0;2;1;2;1;
38771;202100024976;157 016;B01;2;7;0;2;4;2;1;
38772;202100024976;157 017;C01;2;7;0;2;4;2;1;
38773;202100024977;157 013;B01;1;33;0;2;8;3;1;
38774;202100024977;157 014;A01;1;7;0;2;7;11;1;
38775;202100024978;157 012;A01;2;43;0;0;0;1;1;
38776;202100024979;157 011;Z01;2;0;0;1;0;19;0;
38777;202100024981;157 007;A01;1;33;16;0;9;1;1;
38778;202100024982;157 004;B01;2;33;0;2;1;1;1;
38779;202100024982;157 005;C01;2;10;0;2;1;1;1;
38780;202100024982;157 006;A01;2;7;0;0;6;1;1;
38781;202100024983;157 001;B01;1;7;0;2;4;1;1;
38782;202100024983;157 002;A01;1;10;0;2;1;1;1;
38783;202100024983;157 003;C01;1;7;0;2;4;1;1;
38784;202100024984;157 000;A01;1;7;3;0;1;9;1;
38785;202100024985;156 998;A01;3;2;0;2;1;1;1;
38786;202100024985;156 999;B01;2;7;0;2;8;1;1;
38787;202100024986;156 997;A01;3;37;0;1;2;16;1;1.0
38788;202100024987;156 996;A01;0;2;13;0;7;1;1;
38789;202100024988;156 994;B01;3;7;0;2;4;23;1;
38790;202100024988;156 995;A01;3;7;0;2;1;1;1;
38791;202100024989;156 992;A01;2;7;8;2;8;7;1;
38792;202100024989;156 993;B01;2;7;0;2;1;1;1;
38793;202100024990;156 991;A01;2;7;1;1;3;1;1;
38794;202100024991;156 984;A01;1;7;1;0;1;14;1;
38795;202100024992;156 982;B01;1;7;0;2;3;9;1;
38796;202100024992;156 983;A01;1;10;0;2;3;9;1;
38797;202100024994;156 978;A01;1;7;0;2;1;19;1;
38798;202100024994;156 979;B01;1;37;0;2;2;19;6;1.0
38799;202100024995;156 976;B01;2;7;0;2;1;1;1;
38800;202100024995;156 977;A01;2;7;11;2;8;21;1;
38801;202100024996;156 974;A01;1;34;2;2;1;21;1;
38802;202100024996;156 975;B01;1;7;0;2;5;1;1;
38803;202100024997;156 972;B01;2;7;0;2;4;2;1;
38804;202100024997;156 973;A01;2;2;0;2;1;2;1;
38805;202100024998;156 970;B01;3;32;0;2;8;2;1;
38806;202100024998;156 971;A01;3;10;0;2;1;1;1;
38807;202100024999;156 967;A01;2;7;0;2;1;17;0;
38808;202100024999;156 968;B01;2;7;0;2;9;17;1;
38809;202100024999;156 969;C01;2;7;0;2;8;1;1;
38810;202100025000;156 965;A01;1;7;0;2;6;9;1;
38811;202100025000;156 966;B01;1;7;0;2;1;1;1;
38812;202100025001;156 964;A01;3;7;0;1;1;1;1;
38813;202100025002;156 962;B01;3;34;0;2;1;0;1;
38814;202100025002;156 963;A01;0;7;0;2;1;15;1;
38815;202100025003;156 961;Z01;3;99;1;0;1;0;1;
38816;202100025004;156 959;B01;1;37;0;2;1;1;1;3.0
38817;202100025004;156 960;A01;2;7;0;2;1;15;1;
38818;202100025005;156 957;A01;2;7;0;2;1;13;1;
38819;202100025005;156 958;B01;1;1;0;2;1;1;0;
38820;202100025006;156 953;B01;2;7;0;2;1;2;2;
38821;202100025006;156 954;C01;2;10;0;2;1;2;1;
38822;202100025006;156 955;D01;2;7;0;2;4;2;1;
38823;202100025006;156 956;A01;2;7;0;2;1;2;1;
38824;202100025007;156 952;A01;2;20;0;2;1;26;1;
38825;202100025008;156 949;A01;1;10;0;2;2;17;1;
38826;202100025008;156 950;B01;1;7;3;2;6;2;1;
38827;202100025008;156 951;C01;1;7;4;2;2;2;1;
38828;202100025009;156 947;B01;3;33;0;2;1;13;1;
38829;202100025009;156 948;A01;3;34;0;2;3;13;1;
38830;202100025010;156 945;B01;3;43;0;2;1;1;1;
38831;202100025010;156 946;Z01;3;7;0;2;2;15;0;
38832;202100025011;156 943;B01;1;7;0;2;6;20;1;
38833;202100025011;156 944;Z01;1;13;0;2;2;2;1;
38834;202100025013;156 940;A01;2;1;0;1;1;17;5;
38835;202100025014;156 939;A01;2;7;4;0;3;13;1;
38836;202100025015;156 937;A01;1;7;0;2;2;16;3;
38837;202100025015;156 938;B01;1;1;0;2;1;7;5;
38838;202100025016;156 936;Z01;1;7;0;1;4;4;0;
38839;202100025017;156 934;B01;2;1;0;2;0;1;5;
38840;202100025017;156 935;A01;2;50;0;2;2;5;3;
38841;202100025018;156 933;A01;1;7;1;1;1;20;1;
38842;202100025019;156 931;A01;1;31;0;2;8;1;1;
38843;202100025019;156 932;B01;1;7;0;2;0;9;1;
38844;202100025020;156 929;B01;1;7;0;2;2;23;1;
38845;202100025020;156 930;A01;1;30;0;2;8;14;1;
38846;202100025021;156 927;A01;2;7;0;2;1;15;1;
38847;202100025021;156 928;B01;1;32;0;2;3;1;1;
38848;202100025023;156 925;A01;3;14;0;1;4;4;1;
38849;202100025024;156 924;A01;1;7;0;1;5;26;1;
38850;202100025025;156 922;A01;2;7;0;1;1;1;1;
38851;202100025025;156 923;B01;1;7;0;2;3;23;1;
38852;202100025026;156 918;A01;3;1;0;2;1;19;5;
38853;202100025026;156 919;B01;1;17;0;2;7;1;1;
38854;202100025027;156 916;A01;2;7;0;2;1;2;1;
38855;202100025027;156 917;B01;2;7;0;2;4;2;1;
38856;202100025028;156 915;A01;3;7;17;0;2;14;1;
38857;202100025029;156 914;A01;1;15;14;0;3;13;6;
38858;202100025030;156 913;A01;2;7;13;0;1;1;1;
38859;202100025031;156 911;A01;1;10;0;2;3;19;1;
38860;202100025031;156 912;B01;2;7;0;2;2;1;1;
38861;202100025032;156 909;A01;1;10;0;2;4;23;1;
38862;202100025032;156 910;B01;1;7;1;0;1;1;1;
38863;202100025033;156 907;A01;2;31;0;0;2;1;1;
38864;202100025033;156 908;B01;2;14;0;2;6;1;1;
38865;202100025034;156 906;A01;2;7;0;1;2;1;1;
38866;202100025035;156 905;A01;2;7;4;9;2;1;1;
38867;202100025036;156 903;B01;1;7;0;2;3;1;1;
38868;202100025036;156 904;A01;3;60;0;2;1;19;5;
38869;202100025037;156 901;B01;1;1;0;2;1;1;5;
38870;202100025037;156 902;A01;2;7;0;2;3;1;1;
38871;202100025038;156 899;B01;1;30;0;2;7;1;1;
38872;202100025038;156 900;A01;3;7;0;2;4;4;1;
38873;202100025039;156 897;A01;1;33;0;2;1;1;1;
38874;202100025039;156 898;B01;1;33;0;0;4;16;1;
38875;202100025040;156 896;A01;1;7;2;0;1;14;1;
38876;202100025041;156 894;A01;2;10;0;2;1;15;1;
38877;202100025041;156 895;B01;1;7;8;2;3;9;1;
38878;202100025042;156 892;A01;1;31;0;2;1;13;1;
38879;202100025042;156 893;B01;2;33;0;2;1;1;1;
38880;202100025043;156 891;A01;1;33;0;0;1;1;1;
38881;202100025044;156 890;A01;1;31;3;0;1;1;1;
38882;202100025046;156 886;B01;2;1;0;2;1;1;5;
38883;202100025046;156 887;A01;1;10;0;0;7;1;1;
38884;202100025047;156 884;A01;2;31;0;2;1;13;1;
38885;202100025047;156 885;B01;1;7;0;2;3;1;1;
38886;202100025049;156 881;A01;1;7;0;0;7;15;1;
38887;202100025049;156 882;B01;2;33;0;2;2;1;1;
38888;202100025050;156 880;A01;1;33;3;0;0;1;1;
38889;202100025052;156 877;A01;1;33;0;2;1;16;1;
38890;202100025052;156 878;B01;1;7;0;2;3;1;1;
38891;202100025053;156 876;A01;3;7;2;0;1;13;1;
38892;202100025054;156 875;A01;1;1;0;5;2;0;5;
38893;202100025055;156 872;C01;1;1;0;2;0;1;0;
38894;202100025055;156 873;B01;1;1;0;2;8;1;0;
38895;202100025055;156 874;A01;1;21;0;2;5;17;1;
38896;202100025056;156 870;A01;2;3;0;2;2;1;1;
38897;202100025056;156 871;B01;1;7;0;2;2;1;1;
38898;202100025057;156 869;A01;1;36;2;0;1;13;1;
38899;202100025058;156 868;A01;2;7;0;1;1;1;1;
38900;202100025059;156 862;A01;3;7;0;2;3;19;1;
38901;202100025059;156 863;B01;3;1;0;0;3;1;5;
38902;202100025060;156 860;B01;2;7;0;2;1;2;1;
38903;202100025060;156 861;A01;2;7;3;0;4;1;1;
38904;202100025061;156 858;B01;1;7;0;2;3;13;1;
38905;202100025061;156 859;A01;2;2;0;2;0;13;1;
38906;202100025062;156 856;A01;2;7;0;0;2;17;1;
38907;202100025062;156 857;B01;2;10;0;0;6;1;1;
38908;202100025063;156 854;B01;3;7;0;2;3;13;0;
38909;202100025063;156 855;A01;3;7;0;2;3;1;1;
38910;202100025064;156 852;B01;1;15;0;2;5;2;1;
38911;202100025064;156 853;A01;1;7;0;2;1;2;1;
38912;202100025065;156 850;B01;1;7;0;2;1;1;1;
38913;202100025065;156 851;A01;2;7;0;2;1;1;1;
38914;202100025066;156 849;A01;1;7;0;1;1;12;1;
38915;202100025067;156 848;A01;1;7;17;0;2;14;1;
38916;202100025068;156 846;B01;2;7;0;0;3;1;1;
38917;202100025068;156 847;A01;1;7;0;0;3;13;1;
38918;202100025069;156 844;A01;1;7;6;0;1;21;1;
38919;202100025069;156 845;B01;2;7;0;0;0;13;1;
38920;202100025070;156 842;B01;0;2;0;2;8;9;1;
38921;202100025070;156 843;A01;2;7;0;2;1;1;1;
38922;202100025071;156 840;B01;2;7;0;2;7;15;1;
38923;202100025071;156 841;A01;1;31;0;2;1;2;1;
38924;202100025072;156 839;A01;1;7;13;0;1;0;1;
38925;202100025073;156 837;B01;1;7;0;2;6;1;1;
38926;202100025073;156 838;A01;2;7;0;2;3;13;2;
38927;202100025074;156 835;B01;1;33;0;2;1;21;1;
38928;202100025074;156 836;A01;2;33;0;2;1;17;1;
38929;202100025075;156 833;A01;1;33;0;2;1;13;1;
38930;202100025075;156 834;B01;2;7;0;2;1;1;1;
38931;202100025076;156 832;A01;0;31;0;0;8;15;1;
38932;202100025077;156 829;B01;1;7;0;2;4;2;1;
38933;202100025077;156 830;C01;1;7;0;0;4;2;1;
38934;202100025077;156 831;A01;1;7;0;2;1;2;1;
38935;202100025078;156 828;A01;2;7;0;0;0;13;1;
38936;202100025079;156 826;B01;1;33;0;2;1;1;1;
38937;202100025079;156 827;A01;1;7;0;2;3;19;1;
38938;202100025080;156 825;A01;1;2;4;0;1;1;1;
38939;202100025081;156 823;A01;0;7;0;2;6;10;0;
38940;202100025081;156 824;B01;0;31;0;2;1;2;1;
38941;202100025082;156 821;B01;0;7;0;2;7;1;1;
38942;202100025082;156 822;A01;0;2;0;2;1;16;1;
38943;202100025083;156 819;A01;3;1;0;2;5;1;5;
38944;202100025083;156 820;B01;0;7;0;9;7;1;1;
38945;202100025084;156 818;A01;2;33;0;0;7;0;1;
38946;202100025085;156 817;A01;1;7;4;0;2;2;1;
38947;202100025086;156 816;A01;1;7;4;0;7;15;1;
38948;202100025087;156 814;B01;1;7;0;2;1;2;1;
38949;202100025087;156 815;A01;1;7;0;2;4;1;1;
38950;202100025088;156 812;B01;1;7;0;2;9;1;1;
38951;202100025088;156 813;A01;1;7;0;2;9;1;1;
38952;202100025089;156 810;B01;2;7;0;0;6;1;1;
38953;202100025089;156 811;A01;2;10;0;2;2;1;1;
38954;202100025091;156 805;C01;2;7;0;2;2;1;1;
38955;202100025091;156 806;B01;2;15;0;2;2;0;1;
38956;202100025091;156 807;A01;2;7;0;2;6;0;1;
38957;202100025092;156 802;A01;2;7;0;2;1;1;1;
38958;202100025092;156 803;B01;2;7;0;2;4;2;1;
38959;202100025092;156 804;C01;2;7;0;2;6;2;1;
38960;202100025093;156 800;B01;2;7;0;2;8;1;1;
38961;202100025093;156 801;A01;2;7;0;2;1;1;1;
38962;202100025094;156 799;A01;1;7;3;6;3;21;1;
38963;202100025095;156 798;A01;2;7;4;0;1;14;1;
38964;202100025096;156 796;B01;1;7;0;2;1;2;1;
38965;202100025096;156 797;A01;1;7;0;2;4;23;1;
38966;202100025097;156 794;B01;1;7;3;2;4;2;1;
38967;202100025097;156 795;A01;1;10;3;2;1;2;1;
38968;202100025098;156 792;B01;1;7;0;2;1;2;1;
38969;202100025098;156 793;A01;1;7;0;2;4;23;1;
38970;202100025099;156 789;C01;1;7;0;2;4;23;1;
38971;202100025099;156 790;B01;1;7;0;2;4;23;1;
38972;202100025099;156 791;A01;1;7;0;2;1;2;1;
38973;202100025100;156 787;A01;2;30;0;2;1;17;1;
38974;202100025100;156 788;B01;1;30;0;2;1;17;1;
38975;202100025101;156 786;A01;2;34;12;0;1;1;1;
38976;202100025103;156 783;A01;3;7;0;1;0;16;1;
38977;202100025104;156 781;YA01;1;7;0;2;4;23;1;
38978;202100025104;156 782;B01;1;30;0;2;1;2;1;
38979;202100025105;156 779;B01;1;7;0;2;4;23;1;
38980;202100025105;156 780;A01;1;7;0;2;1;2;1;
38981;202100025107;156 774;C01;2;7;1;9;2;24;1;
38982;202100025107;156 775;B01;1;7;1;2;4;24;1;
38983;202100025107;156 776;A01;1;7;15;2;3;13;1;
38984;202100025108;156 773;A01;2;7;1;0;1;14;1;
38985;202100025109;156 769;C01;1;7;0;2;6;2;1;
38986;202100025109;156 770;B01;1;7;0;2;8;10;2;
38987;202100025109;156 771;A01;1;7;0;2;1;17;1;
38988;202100025110;156 768;A01;2;2;0;0;0;26;1;
38989;202100025111;156 766;B01;1;7;0;1;1;1;1;
38990;202100025112;156 765;A01;1;7;0;0;1;14;1;
38991;202100025113;156 764;A01;2;32;0;0;8;5;1;
38992;202100025115;156 761;B01;2;7;0;2;3;1;1;
38993;202100025115;156 762;A01;1;7;0;2;3;1;1;
38994;202100025116;156 759;B01;1;7;0;2;6;1;1;
38995;202100025116;156 760;A01;2;7;0;2;1;1;1;
38996;202100025117;156 757;B01;2;7;0;2;4;2;1;
38997;202100025117;156 758;A01;2;30;0;2;1;2;1;
38998;202100025118;156 755;B01;2;7;0;2;1;24;1;
38999;202100025118;156 756;A01;2;7;1;0;1;1;1;
39000;202100025119;156 753;A01;1;3;0;2;1;26;1;
39001;202100025119;156 754;B01;1;30;0;2;7;0;1;
39002;202100025120;156 752;A01;1;2;0;0;7;13;3;
39003;202100025121;156 750;A01;2;7;0;2;1;17;1;
39004;202100025121;156 751;B01;2;7;6;2;1;15;1;
39005;202100025123;156 747;B01;1;2;0;2;2;1;1;
39006;202100025123;156 748;A01;1;7;0;2;2;9;1;
39007;202100025124;156 746;A01;1;50;12;0;1;0;3;
39008;202100025125;156 744;B01;3;7;0;2;4;24;1;
39009;202100025125;156 745;A01;3;7;1;0;1;1;1;
39010;202100025126;156 743;A01;3;1;1;0;1;16;5;
39011;202100025127;156 741;A01;3;7;0;2;6;2;2;
39012;202100025127;156 742;B01;3;7;0;2;2;2;1;
39013;202100025128;156 739;B01;3;7;15;2;5;0;1;
39014;202100025128;156 740;A01;2;7;0;0;1;0;1;
39015;202100025129;156 738;A01;1;33;0;0;8;1;1;
39016;202100025130;156 736;A01;1;7;0;2;2;7;1;
39017;202100025130;156 737;B01;1;7;0;2;7;16;1;
39018;202100025131;156 734;B01;1;7;0;2;4;1;1;
39019;202100025131;156 735;A01;1;7;0;2;1;1;1;
39020;202100025132;156 733;A01;0;7;0;1;0;26;0;
39021;202100025134;156 730;A01;1;37;0;2;1;26;1;3.0
39022;202100025134;156 731;B01;1;7;0;2;4;2;1;
39023;202100025135;156 728;B01;1;33;0;2;3;2;1;
39024;202100025135;156 729;A01;2;7;0;2;3;15;0;
39025;202100025136;156 726;B01;2;33;0;2;8;1;1;
39026;202100025136;156 727;A01;1;7;0;2;1;15;1;
39027;202100025138;156 722;A01;3;33;0;2;8;15;1;
39028;202100025138;156 723;B01;2;7;0;2;1;1;1;
39029;202100025139;156 720;B01;2;2;0;2;1;0;1;
39030;202100025139;156 721;A01;3;7;0;2;1;0;1;
39031;202100025141;156 716;B01;2;1;0;2;7;1;5;
39032;202100025141;156 717;A01;0;30;0;2;1;1;1;
39033;202100025142;156 714;A01;2;7;0;2;8;15;0;
39034;202100025142;156 715;B01;2;30;0;2;2;17;3;
39035;202100025143;156 713;A01;1;1;0;1;1;1;5;
39036;202100025145;156 710;A01;0;7;0;2;2;1;1;
39037;202100025145;156 711;Z01;0;7;0;2;3;1;1;
39038;202100025146;156 708;B01;1;30;0;2;1;1;1;
39039;202100025146;156 709;A01;1;7;0;2;7;15;1;
39040;202100025147;156 706;B01;1;34;0;2;1;1;1;
39041;202100025147;156 707;A01;3;50;0;2;2;19;3;
39042;202100025149;156 702;A01;3;7;0;2;1;1;1;
39043;202100025149;156 703;B01;3;7;0;2;4;23;1;
39044;202100025151;156 698;A01;2;10;0;2;1;9;1;
39045;202100025151;156 699;B01;2;33;0;2;5;1;1;
39046;202100025152;156 696;A01;1;7;0;2;1;1;2;
39047;202100025152;156 697;B01;1;7;0;2;3;1;1;
39048;202100025153;156 694;B01;1;10;0;1;1;23;1;
39049;202100025153;156 695;A01;1;7;0;2;1;1;1;
39050;202100025154;156 692;B01;3;1;0;2;3;1;0;
39051;202100025154;156 693;A01;3;1;0;2;5;14;0;