;Num_Acc;id_vehicule;num_veh;senc;catv;obs;obsm;choc;manv;motor;occutc
39052;202100025155;156 690;A01;1;7;0;2;3;9;1;
39053;202100025155;156 691;B01;2;34;0;2;1;9;1;
39054;202100025156;156 688;A01;3;32;1;2;1;1;1;
39055;202100025156;156 689;B01;3;7;1;2;8;15;1;
39056;202100025157;156 686;A01;0;7;4;2;2;18;1;
39057;202100025157;156 687;B01;0;7;0;2;5;0;1;
39058;202100025158;156 684;B01;1;30;0;2;1;17;1;
39059;202100025158;156 685;A01;1;7;0;2;1;15;1;
39060;202100025159;156 683;A01;1;10;2;0;1;13;1;
39061;202100025160;156 681;A01;1;7;0;0;8;1;1;
39062;202100025160;156 682;B01;3;7;0;2;1;19;1;
39063;202100025161;156 679;A01;3;7;0;2;1;19;1;
39064;202100025161;156 680;B01;1;10;0;2;3;1;1;
39065;202100025162;156 677;B01;0;7;0;1;1;2;1;
39066;202100025162;156 678;A01;0;7;0;1;8;23;1;
39067;202100025163;156 676;A01;3;7;0;1;1;1;1;
39068;202100025164;156 675;A01;2;7;13;0;2;14;1;
39069;202100025165;156 673;A01;1;7;0;0;5;13;1;
39070;202100025165;156 674;B01;2;31;0;0;1;1;1;
39071;202100025166;156 671;A01;1;33;0;2;8;1;1;
39072;202100025166;156 672;B01;2;1;0;2;8;1;5;
39073;202100025167;156 669;A01;1;7;0;2;3;15;1;
39074;202100025167;156 670;B01;2;33;0;2;1;17;1;
39075;202100025168;156 668;A01;2;7;13;0;9;17;1;
39076;202100025170;156 664;A01;1;37;15;0;1;14;1;1.0
39077;202100025171;156 663;A01;3;31;13;0;2;1;1;
39078;202100025172;156 661;B01;2;7;0;2;8;1;1;
39079;202100025172;156 662;A01;1;33;0;2;8;13;1;
39080;202100025173;156 660;A01;2;2;8;0;2;0;1;
39081;202100025174;156 659;A01;3;7;0;0;3;1;1;
39082;202100025175;156 657;A01;3;99;0;2;8;19;1;
39083;202100025175;156 658;B01;1;7;0;2;1;1;1;
39084;202100025176;156 656;A01;1;33;13;0;1;1;1;
39085;202100025177;156 655;A01;1;2;14;0;9;14;1;
39086;202100025179;156 651;B01;1;7;0;2;3;1;1;
39087;202100025179;156 652;A01;2;7;0;2;2;13;1;
39088;202100025181;156 648;A01;1;31;0;0;0;1;1;
39089;202100025182;156 647;A01;1;7;0;1;2;21;1;
39090;202100025183;156 646;A01;1;7;3;0;3;0;1;
39091;202100025184;156 645;A01;2;2;8;0;1;1;1;
39092;202100025185;156 643;B01;1;1;0;2;1;1;5;
39093;202100025185;156 644;A01;2;7;0;2;2;1;1;
39094;202100025186;156 642;A01;2;33;0;0;7;13;1;
39095;202100025187;156 640;A01;1;7;0;2;2;17;1;
39096;202100025187;156 641;B01;1;7;0;2;6;2;1;
39097;202100025188;156 637;A01;3;7;0;2;3;1;1;
39098;202100025188;156 638;C01;3;1;0;0;0;1;5;
39099;202100025188;156 639;B01;3;1;0;2;1;17;5;
39100;202100025189;156 635;B01;2;2;0;2;1;5;1;
39101;202100025189;156 636;A01;1;7;0;2;3;1;1;
39102;202100025190;156 634;A01;1;7;2;0;2;1;1;
39103;202100025191;156 633;A01;2;33;13;0;0;0;1;
39104;202100025192;156 632;A01;2;7;0;0;0;1;1;
39105;202100025193;156 630;B01;3;7;0;2;3;1;1;
39106;202100025193;156 631;A01;1;33;0;2;8;1;1;
39107;202100025194;156 628;B01;1;7;0;2;8;19;1;
39108;202100025194;156 629;A01;2;7;0;2;1;1;1;
39109;202100025195;156 627;A01;1;2;0;0;0;1;1;
39110;202100025196;156 625;A01;2;7;0;9;2;9;1;
39111;202100025196;156 626;B01;2;1;0;2;1;1;5;
39112;202100025197;156 623;B01;0;1;0;2;4;1;5;
39113;202100025197;156 624;A01;0;7;0;9;1;1;1;
39114;202100025198;156 621;A01;1;7;13;2;2;13;1;
39115;202100025198;156 622;B01;2;7;0;2;2;1;1;
39116;202100025199;156 620;A01;2;7;13;0;1;14;1;
39117;202100025200;156 619;A01;1;33;13;0;1;13;1;
39118;202100025202;156 616;A01;1;7;0;0;1;14;1;
39119;202100025203;156 614;B01;3;7;0;2;3;1;1;
39120;202100025203;156 615;A01;3;7;0;2;3;13;1;
39121;202100025204;156 611;C01;2;7;0;2;1;2;1;
39122;202100025204;156 612;B01;2;7;0;9;2;2;1;
39123;202100025204;156 613;A01;2;1;0;2;4;2;5;
39124;202100025205;156 610;A01;3;33;16;0;0;1;1;
39125;202100025206;156 607;C01;1;7;0;2;1;1;1;
39126;202100025206;156 608;B01;2;7;0;2;1;1;1;
39127;202100025206;156 609;A01;1;2;0;2;8;16;1;
39128;202100025207;156 605;A01;3;2;13;0;7;1;1;
39129;202100025207;156 606;B01;3;7;0;0;1;1;1;
39130;202100025208;156 604;A01;1;10;13;0;3;0;1;
39131;202100025209;156 603;A01;2;7;3;0;9;14;1;
39132;202100025210;156 602;A01;1;33;12;0;0;1;1;
39133;202100025212;156 596;A01;2;7;3;0;9;0;1;
39134;202100025212;156 597;B01;2;7;14;0;1;0;1;
39135;202100025212;156 598;C01;2;7;14;0;1;0;1;
39136;202100025212;156 599;D01;2;7;14;0;9;0;1;
39137;202100025213;156 594;B01;1;7;0;2;6;2;1;
39138;202100025213;156 595;A01;1;7;0;2;2;2;1;
39139;202100025214;156 593;A01;2;7;4;0;3;1;1;
39140;202100025215;156 592;A01;1;7;2;0;1;1;1;
39141;202100025216;156 591;A01;2;7;6;0;3;1;1;
39142;202100025217;156 588;A01;1;32;15;0;2;1;1;
39143;202100025219;156 584;B01;0;60;0;2;4;23;5;
39144;202100025219;156 585;A01;0;7;0;2;4;4;1;
39145;202100025220;156 582;A01;2;1;12;2;4;1;5;
39146;202100025220;156 583;B01;2;7;0;2;2;0;1;
39147;202100025221;156 581;A01;3;7;2;0;1;0;0;
39148;202100025222;156 579;A01;1;7;0;0;5;15;1;
39149;202100025222;156 580;B01;1;7;13;2;1;17;1;
39150;202100025223;156 577;A01;3;10;0;2;3;15;1;
39151;202100025223;156 578;B01;3;31;0;2;1;1;1;
39152;202100025224;156 573;A01;1;7;0;2;3;11;1;
39153;202100025224;156 574;Z01;1;7;3;2;7;17;1;
39154;202100025225;156 572;A01;2;7;3;0;9;1;1;
39155;202100025226;156 569;A01;2;33;0;2;7;1;1;
39156;202100025226;156 570;B01;2;7;0;2;7;1;1;
39157;202100025226;156 571;Z01;2;7;0;2;0;11;0;
39158;202100025227;156 567;B01;2;7;0;2;3;2;1;
39159;202100025227;156 568;A01;2;7;0;2;6;1;1;
39160;202100025228;156 566;A01;2;33;3;0;1;13;1;
39161;202100025229;156 564;B01;1;7;0;2;1;2;1;
39162;202100025229;156 565;A01;1;7;14;2;4;1;1;
39163;202100025230;156 563;A01;1;7;4;0;9;13;1;
39164;202100025231;156 560;A01;2;7;0;2;1;11;1;
39165;202100025231;156 561;B01;2;7;0;2;4;23;1;
39166;202100025231;156 562;C01;2;7;0;2;4;23;1;
39167;202100025232;156 556;B01;2;17;0;2;4;2;1;
39168;202100025232;156 557;A01;2;7;0;2;1;1;1;
39169;202100025233;156 555;A01;1;7;0;0;9;1;1;
39170;202100025234;156 553;B01;2;7;0;2;8;1;1;
39171;202100025234;156 554;A01;2;7;0;2;8;13;1;
39172;202100025235;156 551;A01;1;7;0;2;1;2;1;
39173;202100025235;156 552;B01;1;7;0;2;4;2;2;
39174;202100025236;156 547;A01;1;0;0;2;0;0;0;
39175;202100025236;156 548;B01;1;33;0;2;0;0;1;
39176;202100025236;156 549;C01;1;10;0;2;0;26;1;
39177;202100025236;156 550;D01;1;7;0;2;0;26;1;
39178;202100025237;156 545;B01;1;10;0;2;4;0;1;
39179;202100025237;156 546;A01;1;7;0;2;0;9;1;
39180;202100025238;156 543;A01;1;7;0;2;1;26;1;
39181;202100025238;156 544;B01;1;10;0;2;4;2;1;
39182;202100025239;156 542;A01;1;10;4;0;2;14;1;
39183;202100025240;156 540;Z01;1;7;0;2;4;0;1;
39184;202100025240;156 541;A01;1;33;0;2;1;1;1;
39185;202100025241;156 537;A01;1;7;0;2;6;9;1;
39186;202100025241;156 538;B01;1;15;0;2;2;1;1;
39187;202100025241;156 539;C01;1;7;0;2;1;1;1;
39188;202100025242;156 535;B01;2;7;0;2;9;1;1;
39189;202100025242;156 536;A01;2;7;0;2;8;1;1;
39190;202100025243;156 532;A01;1;7;0;2;1;11;1;
39191;202100025243;156 533;B01;1;7;0;2;8;1;1;
39192;202100025243;156 534;C01;1;7;0;2;4;1;1;
39193;202100025244;156 530;B01;3;10;0;2;1;1;1;
39194;202100025244;156 531;A01;3;10;0;2;2;15;1;
39195;202100025245;156 528;A01;3;7;6;0;1;15;1;
39196;202100025246;156 527;A01;2;2;12;0;1;1;1;
39197;202100025247;156 525;B01;1;7;0;2;6;2;1;
39198;202100025247;156 526;A01;1;30;0;2;1;0;1;
39199;202100025248;156 524;A01;1;31;4;0;0;0;0;
39200;202100025249;156 523;A01;3;7;0;1;3;26;1;
39201;202100025250;156 521;B01;2;7;0;2;1;1;1;
39202;202100025250;156 522;A01;2;1;0;2;1;19;5;
39203;202100025251;156 519;A01;1;7;0;2;3;26;1;
39204;202100025251;156 520;B01;1;33;0;2;1;0;1;
39205;202100025252;156 518;A01;1;7;0;1;7;1;1;
39206;202100025253;156 517;A01;1;7;0;1;2;9;1;
39207;202100025254;156 515;A01;1;10;5;2;5;13;1;
39208;202100025254;156 516;B01;1;14;3;2;1;1;1;
39209;202100025255;156 513;A01;1;7;0;2;6;9;1;
39210;202100025255;156 514;B01;2;2;0;2;1;1;1;
39211;202100025256;156 511;Z01;3;7;0;2;1;26;0;
39212;202100025256;156 512;B01;3;1;0;2;8;1;5;
39213;202100025257;156 507;D01;1;7;0;2;6;24;1;
39214;202100025257;156 508;C01;2;10;0;2;1;23;1;
39215;202100025257;156 509;B01;2;10;0;2;3;23;1;
39216;202100025257;156 510;A01;1;7;0;2;1;5;1;
39217;202100025258;156 506;A01;2;10;2;0;3;13;1;
39218;202100025259;156 504;A01;1;7;0;2;1;12;1;
39219;202100025259;156 505;B01;1;7;0;2;4;12;3;
39220;202100025260;156 502;B01;3;1;0;2;1;1;5;
39221;202100025260;156 503;A01;3;10;0;2;6;16;1;
39222;202100025261;156 501;B01;2;7;1;0;2;2;0;
39223;202100025262;156 499;B01;0;33;0;2;2;0;1;
39224;202100025262;156 500;A01;0;10;0;2;1;0;1;
39225;202100025263;156 497;A01;0;33;0;2;1;2;1;
39226;202100025263;156 498;B01;0;7;0;2;4;23;1;
39227;202100025264;156 495;A01;2;7;0;2;6;16;1;
39228;202100025264;156 496;B01;2;7;0;2;1;1;1;
39229;202100025265;156 493;A01;1;7;0;2;4;15;0;
39230;202100025265;156 494;B01;1;2;0;2;9;1;0;
39231;202100025266;156 492;A01;1;33;12;0;1;1;1;
39232;202100025267;156 489;B01;1;7;0;2;4;2;1;
39233;202100025267;156 490;C01;1;7;0;2;4;2;1;
39234;202100025267;156 491;A01;1;7;0;2;1;2;1;
39235;202100025268;156 487;B01;2;33;0;2;7;1;1;
39236;202100025268;156 488;A01;3;7;0;2;3;9;1;
39237;202100025269;156 485;B01;3;1;0;2;0;1;5;
39238;202100025269;156 486;A01;1;7;0;2;1;1;1;
39239;202100025270;156 484;A01;3;40;0;1;3;1;3;
39240;202100025271;156 482;A01;1;7;0;2;1;1;1;
39241;202100025271;156 483;B01;1;10;0;2;2;1;1;
39242;202100025272;156 481;A01;1;33;0;0;7;1;1;
39243;202100025273;156 478;A01;3;7;0;2;3;9;1;
39244;202100025273;156 479;B01;1;7;0;2;2;1;1;
39245;202100025273;156 480;C01;1;7;0;2;1;1;1;
39246;202100025274;156 476;A01;1;30;0;2;1;2;1;
39247;202100025274;156 477;B01;1;7;0;2;4;2;0;
39248;202100025275;156 474;B01;2;10;0;2;6;1;1;
39249;202100025275;156 475;A01;2;10;0;2;2;1;1;
39250;202100025276;156 472;B01;3;10;0;2;2;15;1;
39251;202100025276;156 473;A01;3;33;0;2;0;1;0;
39252;202100025277;156 471;A01;0;33;0;9;7;21;1;
39253;202100025278;156 470;A01;2;7;6;0;1;1;1;
39254;202100025279;156 468;B01;1;7;0;9;8;1;1;
39255;202100025279;156 469;A01;1;50;0;2;1;1;3;
39256;202100025280;156 467;A01;1;7;0;1;2;1;1;
39257;202100025282;156 464;A01;1;1;0;0;1;26;5;
39258;202100025283;156 463;A01;1;30;0;0;0;26;1;
39259;202100025284;156 462;A01;1;7;4;0;1;26;1;
39260;202100025285;156 461;A01;1;7;16;0;1;26;1;
39261;202100025286;156 460;A01;1;7;8;0;1;26;1;
39262;202100025287;156 458;B01;0;7;0;2;1;2;1;
39263;202100025287;156 459;A01;0;7;0;2;4;2;1;
39264;202100025288;156 457;A01;0;10;0;1;1;26;3;
39265;202100025289;156 456;A01;2;30;0;0;2;1;1;
39266;202100025290;156 454;A01;1;10;0;2;1;1;1;
39267;202100025290;156 455;B01;1;7;0;2;4;1;1;
39268;202100025291;156 450;A01;1;7;0;2;1;26;1;
39269;202100025291;156 451;B01;3;7;0;2;3;26;1;
39270;202100025292;156 449;A01;3;7;6;0;8;7;1;
39271;202100025294;156 446;A01;3;30;0;0;8;1;1;
39272;202100025295;156 445;A01;2;33;0;0;0;13;1;
39273;202100025296;156 443;B01;2;7;0;2;4;23;1;
39274;202100025296;156 444;A01;2;33;14;0;1;2;1;
39275;202100025297;156 442;A01;1;7;0;1;2;15;1;
39276;202100025298;156 440;A01;1;33;0;2;0;0;1;
39277;202100025298;156 441;Z01;2;31;0;2;0;0;0;
39278;202100025299;156 437;B01;1;1;0;2;8;1;5;
39279;202100025299;156 438;C01;1;1;0;2;8;1;5;
39280;202100025299;156 439;A01;1;7;0;2;7;17;1;
39281;202100025300;156 435;B01;3;1;0;2;1;26;5;
39282;202100025300;156 436;Z01;0;30;0;2;1;26;1;
39283;202100025301;156 433;A01;1;7;0;2;1;1;1;
39284;202100025301;156 434;B01;1;7;0;2;2;1;1;
39285;202100025302;156 431;A01;1;7;0;2;7;15;1;
39286;202100025302;156 432;B01;2;33;0;2;1;1;1;
39287;202100025303;156 430;A01;0;7;0;1;1;1;1;
39288;202100025304;156 428;A01;2;7;0;2;1;9;1;
39289;202100025304;156 429;B01;1;7;0;2;7;1;1;
39290;202100025305;156 426;B01;2;33;0;2;2;16;1;
39291;202100025305;156 427;A01;2;33;0;2;3;7;1;
39292;202100025306;156 424;A01;0;7;3;2;1;1;1;
39293;202100025306;156 425;B01;0;7;-1;-1;-1;1;-1;
39294;202100025307;156 422;B01;1;7;0;0;6;1;1;
39295;202100025307;156 423;A01;1;1;0;2;1;19;5;
39296;202100025309;156 417;Z01;1;7;0;2;1;16;1;
39297;202100025309;156 418;A01;1;30;0;2;4;16;1;
39298;202100025310;156 416;A01;1;32;0;1;5;1;1;
39299;202100025311;156 414;B01;3;7;0;2;3;1;1;
39300;202100025311;156 415;A01;3;7;0;2;1;15;1;
39301;202100025312;156 412;B01;1;7;0;2;7;15;1;
39302;202100025312;156 413;A01;1;7;0;2;1;1;1;
39303;202100025313;156 410;B01;1;33;0;2;1;1;1;
39304;202100025313;156 411;A01;2;7;0;2;6;6;1;
39305;202100025314;156 409;A01;3;7;0;1;1;26;1;
39306;202100025315;156 407;B01;1;34;0;2;1;1;1;
39307;202100025315;156 408;A01;1;7;0;2;6;26;1;
39308;202100025316;156 405;B01;3;7;0;2;4;1;1;
39309;202100025316;156 406;A01;3;7;0;2;1;2;1;
39310;202100025317;156 403;B01;1;7;0;2;3;1;1;
39311;202100025317;156 404;A01;2;7;5;2;2;14;1;
39312;202100025318;156 401;A01;2;7;0;2;7;13;1;
39313;202100025318;156 402;B01;1;15;0;2;3;1;1;
39314;202100025319;156 399;A01;1;1;0;2;1;1;5;
39315;202100025319;156 400;B01;2;33;0;9;1;1;1;
39316;202100025320;156 398;A01;3;10;0;1;2;1;1;
39317;202100025321;156 396;A01;2;7;0;2;8;16;1;
39318;202100025321;156 397;Y01;3;1;0;2;1;19;5;
39319;202100025322;156 394;B01;2;10;0;2;6;15;1;
39320;202100025322;156 395;A01;2;31;0;2;2;1;1;
39321;202100025323;156 392;B01;1;7;0;2;1;1;1;
39322;202100025323;156 393;A01;1;13;0;2;7;12;1;
39323;202100025325;156 387;A01;2;7;0;2;1;2;1;
39324;202100025325;156 388;B01;2;7;0;2;4;2;1;
39325;202100025325;156 389;Z01;2;7;0;2;4;2;0;
39326;202100025326;156 385;A01;1;10;0;2;8;11;1;
39327;202100025326;156 386;B01;1;33;0;2;7;1;1;
39328;202100025327;156 383;A01;1;80;0;2;0;1;3;
39329;202100025327;156 384;B01;1;7;0;2;6;22;1;
39330;202100025328;156 381;A01;2;10;0;2;3;18;1;
39331;202100025328;156 382;B01;2;30;0;2;8;1;1;
39332;202100025329;156 379;A01;3;30;0;2;3;17;1;
39333;202100025329;156 380;B01;3;7;0;2;2;15;1;
39334;202100025330;156 377;B01;2;7;0;2;3;1;1;
39335;202100025330;156 378;A01;1;30;0;2;1;5;1;
39336;202100025331;156 375;B01;2;1;0;2;1;1;5;
39337;202100025331;156 376;A01;2;7;0;2;6;1;1;
39338;202100025332;156 373;B01;2;7;0;2;4;2;1;
39339;202100025332;156 374;A01;2;7;0;2;1;2;1;
39340;202100025333;156 370;A01;1;7;0;2;3;13;1;
39341;202100025333;156 371;B01;2;7;0;2;8;2;1;
39342;202100025333;156 372;C01;2;7;0;2;3;2;1;
39343;202100025334;156 369;A01;2;7;4;0;1;13;1;
39344;202100025335;156 367;A01;2;7;0;2;2;16;2;
39345;202100025335;156 368;B01;2;1;0;2;1;1;5;
39346;202100025336;156 365;A01;3;7;0;2;2;15;2;
39347;202100025336;156 366;B01;3;33;0;2;8;1;1;
39348;202100025337;156 364;A01;0;7;9;0;1;14;1;
39349;202100025338;156 363;A01;2;1;0;1;1;21;5;
39350;202100025339;156 361;Z01;2;10;0;2;0;0;1;
39351;202100025339;156 362;B01;2;33;0;2;7;1;1;
39352;202100025340;156 360;Z01;1;37;12;0;0;26;0;2.0
39353;202100025341;156 358;B01;3;7;0;2;6;23;1;
39354;202100025341;156 359;A01;3;10;0;2;2;12;1;
39355;202100025343;156 355;B01;1;7;0;2;3;1;1;
39356;202100025343;156 356;A01;2;10;0;2;1;19;1;
39357;202100025345;156 351;A01;2;7;0;2;1;1;1;
39358;202100025345;156 352;B01;2;30;0;2;7;1;1;
39359;202100025346;156 349;B01;2;7;0;2;1;1;1;
39360;202100025346;156 350;A01;2;50;0;2;8;15;3;
39361;202100025347;156 348;A01;1;7;3;1;1;5;1;
39362;202100025348;156 347;A01;2;16;13;0;7;1;1;
39363;202100025349;156 345;B01;1;2;0;2;8;1;1;
39364;202100025349;156 346;A01;1;7;0;2;2;19;1;
39365;202100025351;156 341;B01;2;7;0;2;2;1;1;
39366;202100025351;156 342;A01;1;7;0;2;1;13;1;
39367;202100025352;156 339;B01;2;7;0;2;2;1;0;
39368;202100025352;156 340;A01;2;7;0;2;7;11;1;
39369;202100025353;156 338;A01;1;10;3;0;9;1;1;
39370;202100025354;156 337;A01;2;33;13;0;1;0;1;
39371;202100025355;156 336;A01;3;36;2;0;1;1;1;
39372;202100025356;156 334;A01;3;7;0;2;2;16;1;
39373;202100025356;156 335;B01;3;7;0;2;3;1;1;
39374;202100025357;156 333;A01;3;7;13;0;1;0;1;
39375;202100025358;156 332;A01;1;33;13;0;9;1;1;
39376;202100025359;156 331;A01;1;7;7;0;9;0;1;
39377;202100025360;156 328;C01;1;7;0;2;3;2;1;
39378;202100025360;156 329;B01;1;7;0;2;3;1;1;
39379;202100025360;156 330;A01;2;7;0;2;3;13;1;
39380;202100025361;156 326;B01;1;1;0;2;4;1;5;
39381;202100025361;156 327;A01;1;1;0;2;1;2;5;
39382;202100025362;156 325;A01;0;36;2;0;0;2;1;
39383;202100025363;156 323;B01;3;2;1;2;6;24;1;
39384;202100025363;156 324;A01;3;2;1;2;3;20;1;
39385;202100025364;156 321;A01;1;7;0;2;3;13;1;
39386;202100025364;156 322;B01;2;33;0;2;8;1;0;
39387;202100025366;156 319;A01;2;33;13;0;0;1;1;
39388;202100025367;156 318;A01;2;7;0;6;9;21;1;
39389;202100025368;156 316;B01;1;21;0;0;3;15;1;
39390;202100025368;156 317;A01;1;43;0;2;7;17;1;
39391;202100025369;156 315;A01;3;7;0;1;3;1;1;
39392;202100025370;156 313;B01;1;10;0;2;3;1;1;
39393;202100025370;156 314;A01;2;10;8;0;6;15;1;
39394;202100025371;156 308;A01;3;7;0;2;3;9;1;
39395;202100025371;156 309;B01;1;7;0;2;1;1;1;
39396;202100025372;156 307;A01;2;7;2;0;8;1;1;
39397;202100025373;156 304;A01;2;10;0;2;1;13;1;
39398;202100025373;156 305;B01;1;7;0;2;1;15;1;
39399;202100025373;156 306;C01;1;7;0;2;1;1;1;
39400;202100025374;156 302;B01;1;10;0;2;2;1;1;
39401;202100025374;156 303;A01;2;7;0;2;8;19;1;
39402;202100025375;156 301;A01;1;7;2;0;1;13;0;
39403;202100025376;156 296;B01;2;15;0;2;6;1;1;
39404;202100025376;156 297;C01;2;7;14;0;1;1;1;
39405;202100025376;156 298;D01;2;10;0;2;8;1;1;
39406;202100025376;156 299;A01;2;7;0;2;2;2;1;
39407;202100025377;156 295;A01;2;7;6;0;1;0;1;
39408;202100025378;156 294;A01;2;3;13;0;1;1;1;
39409;202100025379;156 290;D01;2;7;0;2;1;2;1;
39410;202100025379;156 291;C01;2;15;0;2;1;2;1;
39411;202100025379;156 292;B01;2;7;0;2;1;1;1;
39412;202100025379;156 293;A01;2;15;0;0;4;1;1;
39413;202100025380;156 288;A01;1;7;0;2;8;15;1;
39414;202100025380;156 289;B01;1;33;0;2;7;15;1;
39415;202100025381;156 287;A01;1;33;0;0;0;13;1;
39416;202100025382;156 286;A01;2;7;13;0;1;1;1;
39417;202100025384;156 283;A01;3;7;0;0;1;5;1;
39418;202100025384;156 284;B01;3;33;0;0;1;1;1;
39419;202100025385;156 281;A01;1;17;0;2;3;2;1;
39420;202100025385;156 282;B01;1;7;0;0;5;2;1;
39421;202100025386;156 279;B01;2;7;0;2;3;1;1;
39422;202100025386;156 280;A01;1;7;0;2;3;1;1;
39423;202100025387;156 277;B01;3;21;0;2;6;1;1;
39424;202100025387;156 278;A01;3;33;0;2;1;1;1;
39425;202100025388;156 276;A01;2;33;13;0;1;2;1;
39426;202100025389;156 274;A01;2;31;0;2;1;1;1;
39427;202100025389;156 275;B01;1;10;0;2;5;15;1;
39428;202100025390;156 273;A01;2;33;7;0;1;1;1;
39429;202100025392;156 269;B01;3;7;0;2;1;1;1;
39430;202100025392;156 270;A01;1;7;7;2;7;1;1;
39431;202100025393;156 267;A01;2;7;13;0;4;2;1;
39432;202100025393;156 268;B01;2;7;9;2;1;2;1;
39433;202100025394;156 266;A01;2;33;6;0;1;1;1;
39434;202100025395;156 264;A01;2;7;0;2;4;2;1;
39435;202100025395;156 265;B01;2;7;0;2;1;2;2;
39436;202100025396;156 258;A01;2;7;0;2;1;1;1;
39437;202100025396;156 259;B01;1;7;0;2;5;5;1;
39438;202100025397;156 256;B01;2;31;0;2;6;1;1;
39439;202100025397;156 257;A01;2;7;0;2;2;17;1;
39440;202100025398;156 255;A01;2;10;0;0;0;20;0;
39441;202100025399;156 254;A01;3;33;4;0;1;1;1;
39442;202100025401;156 249;B01;2;7;0;2;6;4;1;
39443;202100025401;156 250;A01;2;10;0;2;2;1;1;
39444;202100025402;156 248;A01;2;7;13;9;1;9;1;
39445;202100025404;156 245;A01;3;33;3;0;2;26;1;
39446;202100025405;156 244;A01;1;7;0;0;3;1;1;
39447;202100025406;156 243;A01;3;1;0;0;0;26;6;
39448;202100025408;156 240;A01;1;7;0;1;1;1;1;
39449;202100025409;156 238;A01;3;7;0;9;0;0;1;
39450;202100025409;156 239;B01;3;1;0;2;8;1;5;
39451;202100025410;156 236;A01;2;7;0;2;2;16;1;
39452;202100025410;156 237;B01;2;33;0;2;4;23;1;
39453;202100025411;156 235;A01;1;10;0;1;2;1;1;
39454;202100025412;156 234;A01;3;7;0;1;2;1;3;
39455;202100025413;156 232;B01;1;7;0;2;3;1;1;
39456;202100025413;156 233;A01;2;30;0;2;3;17;1;
39457;202100025414;156 230;A01;1;10;0;2;2;9;1;
39458;202100025414;156 231;B01;1;2;0;2;6;9;1;
39459;202100025415;156 228;A01;0;7;0;2;3;15;1;
39460;202100025415;156 229;B01;1;2;0;2;3;26;1;
39461;202100025416;156 226;B01;3;10;0;2;5;19;1;
39462;202100025416;156 227;A01;3;7;0;2;1;26;1;
39463;202100025417;156 225;A01;1;0;0;1;0;0;0;
39464;202100025418;156 223;A01;1;7;0;2;8;15;1;
39465;202100025418;156 224;B01;1;32;0;2;1;1;1;
39466;202100025419;156 222;A01;1;7;0;1;2;16;1;
39467;202100025420;156 220;A01;3;30;0;2;3;26;1;
39468;202100025420;156 221;B01;1;34;0;2;1;1;1;
39469;202100025421;156 218;B01;2;2;0;2;1;1;1;
39470;202100025421;156 219;A01;1;7;0;2;3;15;1;
39471;202100025422;156 217;A01;3;7;0;1;3;1;1;
39472;202100025424;156 215;A01;1;7;8;0;1;13;1;
39473;202100025425;156 213;A01;2;32;0;0;1;13;1;
39474;202100025426;156 211;A01;3;7;0;2;3;19;1;
39475;202100025426;156 212;B01;0;60;0;2;1;0;5;
39476;202100025427;156 210;A01;2;7;0;1;3;26;1;
39477;202100025428;156 208;B01;1;17;0;2;5;1;1;
39478;202100025428;156 209;A01;3;7;0;2;3;26;1;
39479;202100025429;156 206;A01;-1;7;0;0;1;19;1;
39480;202100025430;156 205;A01;3;7;0;1;1;19;1;
39481;202100025432;156 203;A01;2;7;8;0;1;14;1;
39482;202100025433;156 201;A01;1;7;0;2;7;12;1;
39483;202100025433;156 202;B01;1;7;0;2;8;16;1;
39484;202100025434;156 199;B01;1;7;0;2;4;1;1;
39485;202100025434;156 200;A01;1;7;0;2;1;1;1;
39486;202100025435;156 197;B01;1;7;0;2;4;1;1;
39487;202100025435;156 198;A01;1;7;0;2;1;1;1;
39488;202100025437;156 194;A01;3;10;0;2;3;15;1;
39489;202100025437;156 195;B01;1;31;0;2;1;1;1;
39490;202100025438;156 191;C01;2;7;0;2;1;1;1;
39491;202100025438;156 192;B01;1;10;0;2;6;2;0;
39492;202100025438;156 193;A01;1;33;0;2;7;17;1;
39493;202100025439;156 190;A01;1;7;0;1;1;26;1;
39494;202100025440;156 189;A01;2;7;0;1;6;21;1;
39495;202100025441;156 187;A01;0;7;0;2;3;15;1;
39496;202100025441;156 188;B01;0;2;0;2;0;17;1;
39497;202100025442;156 186;A01;2;7;6;0;1;15;1;
39498;202100025445;156 181;A01;2;7;0;1;1;12;1;
39499;202100025446;156 180;A01;2;7;0;1;3;1;1;
39500;202100025447;156 178;B01;2;30;0;2;1;1;1;
39501;202100025447;156 179;A01;2;7;0;2;5;1;1;
39502;202100025448;156 177;A01;0;7;0;1;1;0;2;
39503;202100025449;156 175;A01;0;31;0;2;3;18;1;
39504;202100025449;156 176;B01;0;7;1;2;3;26;1;
39505;202100025450;156 174;A01;1;32;0;0;7;1;1;
39506;202100025451;156 172;A01;1;7;0;2;1;2;1;
39507;202100025451;156 173;B01;1;31;0;0;4;1;1;
39508;202100025454;156 166;A01;1;10;0;2;1;26;1;
39509;202100025454;156 167;B01;1;7;0;9;4;0;1;
39510;202100025455;156 164;B01;1;7;0;2;1;16;1;
39511;202100025455;156 165;A01;1;7;0;2;2;1;1;
39512;202100025456;156 163;A01;3;33;7;0;1;1;1;
39513;202100025457;156 161;A01;1;7;0;2;1;1;1;