;Num_Acc;id_vehicule;num_veh;senc;catv;obs;obsm;choc;manv;motor;occutc
39514;202100025457;156 162;B01;1;7;0;2;1;1;1;
39515;202100025458;156 159;A01;1;7;0;2;4;23;1;
39516;202100025458;156 160;B01;1;2;0;2;1;2;1;
39517;202100025459;156 157;B01;1;7;0;2;2;2;1;
39518;202100025459;156 158;A01;1;33;0;2;3;2;1;
39519;202100025460;156 156;A01;2;7;0;1;1;1;1;
39520;202100025461;156 154;B01;1;7;0;0;4;2;1;
39521;202100025461;156 155;A01;1;7;0;2;1;2;1;
39522;202100025463;156 149;A01;1;7;0;2;1;2;1;
39523;202100025463;156 150;B01;3;7;0;2;4;2;1;
39524;202100025463;156 151;C01;1;7;0;0;4;2;1;
39525;202100025464;156 147;B01;3;7;0;2;3;15;1;
39526;202100025464;156 148;A01;3;33;0;2;1;17;1;
39527;202100025466;156 144;B01;1;50;0;2;1;1;3;
39528;202100025466;156 145;Z01;2;7;0;9;1;1;1;
39529;202100025467;156 143;Z01;0;7;0;1;1;1;1;
39530;202100025468;156 142;A01;3;7;0;1;1;1;1;
39531;202100025469;156 140;A01;0;7;0;2;3;15;0;
39532;202100025469;156 141;B01;0;50;0;2;1;0;3;
39533;202100025470;156 139;A01;1;33;0;0;8;1;1;
39534;202100025471;156 137;A01;1;7;6;2;2;13;1;
39535;202100025471;156 138;B01;2;10;0;2;2;1;1;
39536;202100025472;156 135;B01;3;1;0;2;8;5;5;
39537;202100025472;156 136;A01;3;7;0;2;0;1;1;
39538;202100025473;156 134;A01;1;3;1;0;2;14;1;
39539;202100025474;156 132;A01;1;10;0;2;7;1;1;
39540;202100025474;156 133;B01;1;2;0;2;1;19;1;
39541;202100025475;156 130;A01;3;7;0;2;2;14;1;
39542;202100025475;156 131;B01;3;1;0;2;4;1;0;
39543;202100025476;156 128;A01;2;7;0;1;4;2;1;
39544;202100025476;156 129;B01;2;7;0;2;1;2;1;
39545;202100025477;156 126;Z01;1;10;0;2;5;17;1;
39546;202100025477;156 127;A01;1;30;0;2;8;3;1;
39547;202100025478;156 124;B01;1;34;0;2;1;1;1;
39548;202100025478;156 125;A01;2;10;0;2;2;1;1;
39549;202100025479;156 122;A01;2;10;0;2;5;12;1;
39550;202100025479;156 123;B01;2;2;0;2;1;1;1;
39551;202100025480;156 120;A01;1;10;0;2;5;1;1;
39552;202100025480;156 121;B01;1;33;0;2;5;23;1;
39553;202100025481;156 119;Z01;2;50;0;1;1;1;3;
39554;202100025482;156 117;A01;1;7;0;2;5;14;1;
39555;202100025482;156 118;B01;1;30;0;2;6;1;1;
39556;202100025483;156 115;A01;2;37;0;2;2;7;1;3.0
39557;202100025483;156 116;Z01;2;10;0;2;3;15;1;
39558;202100025484;156 113;B01;1;1;0;2;8;1;5;
39559;202100025484;156 114;A01;3;10;0;2;8;22;1;
39560;202100025485;156 112;A01;1;30;0;0;0;21;1;
39561;202100025486;156 109;A01;2;7;0;2;1;1;1;
39562;202100025486;156 110;B01;2;7;0;2;4;23;1;
39563;202100025486;156 111;C01;2;31;0;2;4;23;1;
39564;202100025487;156 107;A01;1;7;0;2;2;15;1;
39565;202100025487;156 108;B01;2;32;0;2;1;1;1;
39566;202100025488;156 105;B01;2;7;0;2;1;1;1;
39567;202100025488;156 106;A01;2;10;0;2;2;15;1;
39568;202100025489;156 103;B01;2;32;0;2;8;1;1;
39569;202100025489;156 104;A01;2;7;0;2;2;16;1;
39570;202100025490;156 101;B01;1;10;0;2;4;23;1;
39571;202100025490;156 102;A01;1;7;0;2;1;2;1;
39572;202100025491;156 099;B01;1;50;0;2;8;15;3;
39573;202100025491;156 100;A01;2;37;0;2;3;1;1;2.0
39574;202100025492;156 098;A01;1;7;0;1;3;1;1;
39575;202100025493;156 096;B01;2;10;0;2;2;16;1;
39576;202100025493;156 097;A01;2;34;0;2;3;1;1;
39577;202100025494;156 094;B01;1;7;0;2;2;1;1;
39578;202100025494;156 095;A01;1;7;0;2;3;17;1;
39579;202100025495;156 092;B01;2;30;14;2;2;17;1;
39580;202100025495;156 093;A01;1;7;14;2;8;10;1;
39581;202100025496;156 090;B01;3;10;0;2;1;1;1;
39582;202100025496;156 091;A01;3;7;0;2;8;10;1;
39583;202100025497;156 088;B01;0;7;0;2;3;15;1;
39584;202100025497;156 089;A01;0;33;0;2;1;2;1;
39585;202100025498;156 086;A01;1;7;0;2;5;15;1;
39586;202100025498;156 087;B01;2;43;0;2;3;1;1;
39587;202100025499;156 084;A01;2;10;0;2;1;1;1;
39588;202100025499;156 085;B01;2;7;0;2;3;1;2;
39589;202100025500;156 082;B01;1;50;0;2;6;2;3;
39590;202100025500;156 083;A01;1;7;0;9;2;2;2;
39591;202100025501;156 081;A01;0;14;0;1;7;16;1;
39592;202100025503;156 079;Z01;1;7;0;1;2;1;1;
39593;202100025504;156 078;A01;1;7;6;0;7;26;1;
39594;202100025505;156 076;B01;3;7;13;0;8;1;1;
39595;202100025505;156 077;A01;3;10;13;2;1;19;1;
39596;202100025506;156 075;A01;0;1;0;0;0;1;6;
39597;202100025507;156 073;A01;0;7;0;2;1;19;1;
39598;202100025507;156 074;B01;0;2;0;2;3;1;1;
39599;202100025508;156 072;A01;0;33;0;0;7;2;1;
39600;202100025509;156 070;A01;1;7;0;2;7;1;1;
39601;202100025509;156 071;B01;1;17;0;2;6;1;1;
39602;202100025510;156 069;A01;1;7;2;0;2;14;1;
39603;202100025511;156 068;A01;1;7;15;9;2;1;1;
39604;202100025512;156 067;A01;2;7;10;0;2;2;1;
39605;202100025513;156 065;B01;1;7;0;2;1;1;1;
39606;202100025513;156 066;A01;1;7;0;0;4;1;1;
39607;202100025514;156 063;A01;3;7;1;0;2;17;1;
39608;202100025514;156 064;B01;3;10;0;0;6;23;1;
39609;202100025515;156 061;B01;1;7;0;2;1;13;1;
39610;202100025515;156 062;A01;2;17;0;2;3;1;1;
39611;202100025516;156 060;A01;2;2;0;1;1;17;1;
39612;202100025517;156 058;B01;3;7;0;2;2;1;1;
39613;202100025517;156 059;A01;3;7;0;2;3;9;1;
39614;202100025518;156 057;A01;1;7;2;0;1;1;1;
39615;202100025519;156 055;A01;1;33;0;2;1;1;1;
39616;202100025519;156 056;B01;1;7;0;2;2;19;1;
39617;202100025520;156 053;A01;1;2;0;2;3;1;1;
39618;202100025520;156 054;B01;2;21;0;2;3;1;1;
39619;202100025522;156 048;C01;2;7;0;2;8;2;1;
39620;202100025522;156 049;B01;1;7;0;2;8;1;1;
39621;202100025522;156 050;A01;2;7;0;2;7;15;1;
39622;202100025523;156 047;A01;1;7;15;0;9;1;1;
39623;202100025524;156 045;A01;1;7;0;2;2;1;1;
39624;202100025524;156 046;B01;2;10;3;2;3;1;1;
39625;202100025525;156 043;B01;2;16;0;2;8;15;1;
39626;202100025525;156 044;A01;2;10;0;2;1;17;1;
39627;202100025526;156 041;B01;1;7;0;2;0;1;1;
39628;202100025526;156 042;A01;1;7;0;2;3;13;1;
39629;202100025527;156 039;B01;1;7;0;2;3;24;1;
39630;202100025527;156 040;A01;1;33;1;0;1;1;1;
39631;202100025528;156 037;B01;3;7;0;9;1;1;1;
39632;202100025528;156 038;A01;3;80;0;2;2;1;3;
39633;202100025529;156 036;A01;1;32;0;0;7;16;1;
39634;202100025530;156 035;A01;1;33;0;0;1;0;1;
39635;202100025531;156 034;A01;2;7;13;0;1;21;1;
39636;202100025532;156 033;A01;2;1;0;0;0;1;5;
39637;202100025533;156 032;A01;1;33;15;0;2;1;1;
39638;202100025534;156 031;A01;2;7;13;0;1;1;1;
39639;202100025535;156 030;A01;2;14;6;0;1;21;1;
39640;202100025536;156 028;A01;1;7;0;0;7;13;1;
39641;202100025536;156 029;B01;2;7;0;2;2;1;1;
39642;202100025537;156 026;B01;1;7;7;2;1;1;1;
39643;202100025537;156 027;A01;1;10;0;2;7;9;1;
39644;202100025538;156 024;B01;2;2;0;2;1;1;1;
39645;202100025538;156 025;A01;2;7;0;2;8;9;1;
39646;202100025539;156 022;B01;0;1;8;0;4;19;5;
39647;202100025539;156 023;A01;1;7;0;9;2;0;1;
39648;202100025540;156 020;A01;1;10;0;2;1;2;1;
39649;202100025540;156 021;B01;1;7;3;0;4;2;1;
39650;202100025541;156 019;A01;2;33;3;0;7;1;1;
39651;202100025542;156 017;A01;2;7;0;2;2;12;1;
39652;202100025542;156 018;B01;2;7;0;2;6;1;1;
39653;202100025543;156 016;A01;1;17;2;0;1;1;1;
39654;202100025544;156 014;A01;1;7;0;2;3;13;1;
39655;202100025544;156 015;B01;2;14;0;2;3;14;1;
39656;202100025545;156 012;B01;3;7;0;2;1;1;1;
39657;202100025545;156 013;A01;3;7;0;2;1;13;1;
39658;202100025546;156 009;A01;2;10;0;9;2;15;0;
39659;202100025546;156 010;B01;1;1;0;2;1;0;5;
39660;202100025546;156 011;C01;1;1;0;2;1;1;5;
39661;202100025547;156 008;A01;1;33;0;0;0;0;1;
39662;202100025548;156 007;A01;1;32;0;0;8;1;1;
39663;202100025549;156 005;A01;1;7;0;2;3;15;1;
39664;202100025549;156 006;B01;2;33;0;2;8;1;1;
39665;202100025550;156 004;A01;1;7;0;1;2;17;1;
39666;202100025551;156 003;A01;2;1;0;0;0;17;5;
39667;202100025552;156 000;A01;2;7;9;0;1;21;1;
39668;202100025554;155 997;A01;2;33;0;2;1;1;1;
39669;202100025554;155 998;B01;3;7;0;2;1;15;1;
39670;202100025555;155 995;B01;2;7;0;2;2;15;1;
39671;202100025555;155 996;A01;1;33;0;2;1;16;1;
39672;202100025556;155 993;B01;1;33;0;0;7;17;1;
39673;202100025556;155 994;A01;1;7;0;0;3;15;1;
39674;202100025557;155 992;A01;0;2;0;0;0;0;1;
39675;202100025558;155 989;B01;2;1;0;0;1;19;5;
39676;202100025558;155 990;A01;1;7;0;0;8;1;1;
39677;202100025559;155 987;B01;2;33;0;2;0;21;1;
39678;202100025559;155 988;A01;2;7;0;2;5;1;1;
39679;202100025560;155 986;A01;2;7;4;0;3;14;1;
39680;202100025561;155 984;A01;2;7;0;2;4;1;1;
39681;202100025561;155 985;B01;2;7;0;2;1;2;1;
39682;202100025562;155 982;A01;1;7;0;2;4;21;2;
39683;202100025562;155 983;B01;1;7;0;2;4;1;1;
39684;202100025563;155 979;B01;1;17;0;2;9;2;1;
39685;202100025563;155 980;C01;1;7;0;2;5;2;1;
39686;202100025563;155 981;A01;1;7;0;2;6;13;1;
39687;202100025564;155 977;B01;2;33;0;2;3;3;1;
39688;202100025564;155 978;A01;2;7;0;2;5;12;1;
39689;202100025565;155 975;A01;1;7;0;2;4;2;1;
39690;202100025565;155 976;B01;1;33;0;2;1;2;1;
39691;202100025566;155 972;C01;1;14;0;2;4;2;1;
39692;202100025566;155 973;A01;1;14;0;2;3;2;1;
39693;202100025566;155 974;B01;1;7;0;2;2;2;1;
39694;202100025567;155 970;A01;1;7;0;2;0;0;0;
39695;202100025567;155 971;B01;1;7;0;2;0;0;0;
39696;202100025568;155 969;A01;1;7;0;2;9;1;1;
39697;202100025569;155 968;A01;3;7;0;1;3;1;1;
39698;202100025570;155 966;A01;1;1;0;2;4;1;5;
39699;202100025570;155 967;Z01;1;7;0;2;1;2;1;
39700;202100025571;155 965;A01;1;7;0;1;2;1;1;
39701;202100025572;155 964;A01;1;7;0;1;2;14;1;
39702;202100025573;155 962;A01;2;7;0;2;3;13;1;
39703;202100025573;155 963;B01;1;7;8;2;3;1;1;
39704;202100025574;155 960;B01;3;2;0;2;8;3;1;
39705;202100025574;155 961;A01;3;7;0;2;6;1;1;
39706;202100025575;155 958;A01;2;7;0;2;8;9;1;
39707;202100025575;155 959;B01;1;7;0;2;3;1;1;
39708;202100025576;155 957;A01;1;7;0;1;1;19;1;
39709;202100025577;155 955;B01;1;7;0;2;8;1;1;
39710;202100025577;155 956;A01;1;14;0;2;2;14;1;
39711;202100025578;155 953;B01;1;7;0;2;8;1;1;
39712;202100025578;155 954;A01;1;15;0;2;5;12;1;
39713;202100025579;155 952;A01;0;7;0;1;2;1;1;
39714;202100025581;155 950;A01;3;7;3;0;1;26;1;
39715;202100025582;155 949;A01;2;7;8;0;1;1;1;
39716;202100025583;155 947;B01;2;7;0;2;7;1;1;
39717;202100025583;155 948;A01;1;30;0;2;8;13;1;
39718;202100025584;155 946;A01;3;34;6;0;1;0;1;
39719;202100025585;155 944;A01;1;7;0;2;8;9;1;
39720;202100025585;155 945;B01;1;33;0;2;1;3;1;
39721;202100025586;155 943;A01;1;32;0;1;1;9;1;
39722;202100025587;155 942;A01;2;7;0;2;8;2;1;
39723;202100025588;155 941;A01;1;7;4;0;1;1;1;
39724;202100025589;155 939;B01;2;7;0;2;1;1;1;
39725;202100025589;155 940;A01;2;33;0;2;8;16;1;
39726;202100025591;155 935;C01;2;7;0;2;1;23;1;
39727;202100025591;155 936;A01;2;7;0;2;2;15;1;
39728;202100025591;155 937;B01;1;7;0;2;1;1;1;
39729;202100025593;155 932;A01;2;7;2;0;1;14;1;
39730;202100025594;155 931;A01;1;7;0;1;1;9;0;
39731;202100025595;155 930;A01;1;43;3;0;2;14;1;
39732;202100025597;155 927;B01;2;1;0;2;3;1;5;
39733;202100025597;155 928;A01;1;7;0;2;1;15;2;
39734;202100025598;155 926;A01;1;7;0;1;2;1;1;
39735;202100025599;155 924;B01;2;30;0;2;1;1;1;
39736;202100025599;155 925;A01;1;7;0;2;2;15;1;
39737;202100025600;155 923;A01;2;10;8;0;1;1;1;
39738;202100025601;155 922;A01;1;33;16;0;0;15;1;
39739;202100025602;155 920;A01;3;7;0;2;2;19;1;
39740;202100025602;155 921;B01;3;30;0;2;1;18;1;
39741;202100025603;155 918;B01;3;2;0;2;3;1;1;
39742;202100025603;155 919;A01;3;7;0;2;7;16;1;
39743;202100025604;155 917;A01;0;7;8;0;1;1;0;
39744;202100025605;155 916;A01;2;3;1;0;1;13;1;
39745;202100025606;155 914;A01;3;7;0;2;1;15;1;
39746;202100025606;155 915;B01;3;1;0;2;8;19;0;
39747;202100025607;155 913;A01;1;30;12;0;8;13;1;
39748;202100025608;155 912;A01;3;7;12;0;1;15;1;
39749;202100025609;155 910;A01;1;32;0;2;5;18;1;
39750;202100025609;155 911;B01;1;7;0;2;5;1;1;
39751;202100025610;155 908;Z01;2;7;0;2;0;15;1;
39752;202100025610;155 909;B01;1;30;0;2;0;1;1;
39753;202100025611;155 906;A01;3;2;0;2;3;1;1;
39754;202100025611;155 907;B01;3;7;0;2;2;16;1;
39755;202100025612;155 904;A01;2;7;0;0;0;26;1;
39756;202100025612;155 905;B01;2;2;14;0;0;1;1;
39757;202100025613;155 902;A01;3;7;1;0;1;1;1;
39758;202100025613;155 903;B01;3;7;0;2;6;24;2;
39759;202100025614;155 898;A01;2;7;0;2;3;22;1;
39760;202100025614;155 899;B01;2;1;1;0;7;1;5;
39761;202100025616;155 895;B01;3;15;0;2;4;2;1;
39762;202100025616;155 896;A01;3;10;0;2;1;2;1;
39763;202100025617;155 893;B01;1;2;0;2;1;0;1;
39764;202100025617;155 894;A01;1;7;0;2;4;16;1;
39765;202100025618;155 891;A01;2;30;0;2;1;1;1;
39766;202100025618;155 892;B01;2;7;0;2;6;0;1;
39767;202100025619;155 889;B01;1;7;0;2;2;19;1;
39768;202100025619;155 890;A01;1;7;0;2;1;1;1;
39769;202100025620;155 887;B01;1;7;0;2;8;15;1;
39770;202100025620;155 888;A01;2;10;0;2;1;1;1;
39771;202100025621;155 886;A01;3;7;0;1;2;11;0;
39772;202100025622;155 885;A01;3;7;0;1;8;1;1;
39773;202100025625;155 880;A01;3;10;0;2;8;1;1;
39774;202100025625;155 881;B01;3;33;0;2;7;15;1;
39775;202100025626;155 878;A01;1;32;0;2;7;12;1;
39776;202100025626;155 879;B01;1;33;0;2;8;3;1;
39777;202100025627;155 877;A01;1;33;0;0;7;14;1;
39778;202100025629;155 873;B01;1;7;0;2;2;1;2;
39779;202100025629;155 874;A01;1;30;0;2;6;3;1;
39780;202100025630;155 872;A01;1;7;0;1;2;1;1;
39781;202100025631;155 870;A01;1;10;0;2;1;2;1;
39782;202100025631;155 871;B01;1;10;0;9;4;1;1;
39783;202100025632;155 868;A01;1;30;0;2;1;17;1;
39784;202100025632;155 869;B01;1;7;0;2;6;15;1;
39785;202100025633;155 867;Z01;2;7;0;1;1;1;0;
39786;202100025634;155 865;B01;1;34;0;2;0;0;1;
39787;202100025634;155 866;A01;1;7;0;2;7;19;1;
39788;202100025635;155 863;B01;2;33;0;2;1;1;1;
39789;202100025635;155 864;A01;0;7;0;2;6;19;1;
39790;202100025636;155 861;B01;2;7;0;9;6;23;1;
39791;202100025636;155 862;A01;2;33;0;2;1;7;1;
39792;202100025637;155 859;A01;2;7;0;2;6;15;1;
39793;202100025637;155 860;B01;2;31;0;2;1;1;1;
39794;202100025638;155 857;B01;2;40;0;2;1;1;3;
39795;202100025638;155 858;A01;2;7;0;4;7;15;1;
39796;202100025639;155 855;A01;2;7;0;2;0;0;1;
39797;202100025639;155 856;B01;2;2;0;2;1;1;1;
39798;202100025640;155 853;A01;0;7;0;1;1;11;1;
39799;202100025641;155 851;A01;1;7;0;2;7;15;1;
39800;202100025641;155 852;B01;2;33;0;2;1;2;1;
39801;202100025642;155 849;A01;1;30;0;2;1;1;0;
39802;202100025642;155 850;B01;1;30;0;2;1;1;0;
39803;202100025643;155 847;B01;1;7;0;2;3;1;1;
39804;202100025643;155 848;A01;2;7;0;2;1;15;1;
39805;202100025644;155 845;A01;1;3;0;2;1;9;1;
39806;202100025644;155 846;B01;1;50;0;2;2;2;3;
39807;202100025645;155 843;B01;1;2;1;2;4;1;1;
39808;202100025645;155 844;A01;1;7;0;2;1;1;1;
39809;202100025646;155 841;A01;2;10;0;2;2;15;1;
39810;202100025646;155 842;B01;1;32;0;2;1;1;1;
39811;202100025647;155 840;A01;2;2;6;0;1;0;1;
39812;202100025648;155 838;B01;1;10;0;2;3;1;1;
39813;202100025648;155 839;A01;2;7;0;2;3;1;1;
39814;202100025649;155 835;B01;1;7;0;2;3;1;1;
39815;202100025649;155 836;A01;2;7;0;2;1;1;1;
39816;202100025649;155 837;C01;1;7;0;2;1;1;1;
39817;202100025650;155 833;B01;1;7;0;2;1;13;1;
39818;202100025650;155 834;A01;2;7;0;2;1;1;1;
39819;202100025651;155 831;A01;1;7;0;2;3;13;1;
39820;202100025651;155 832;B01;2;33;0;2;1;1;1;
39821;202100025652;155 829;A01;1;7;0;2;3;10;1;
39822;202100025652;155 830;B01;1;33;0;2;1;17;1;
39823;202100025653;155 828;A01;2;7;4;0;0;0;1;
39824;202100025654;155 825;A01;2;10;0;2;1;2;1;
39825;202100025654;155 826;B01;2;7;0;2;4;2;1;
39826;202100025654;155 827;C01;2;7;0;0;4;2;1;
39827;202100025655;155 823;B01;1;7;0;2;3;1;1;
39828;202100025655;155 824;A01;1;7;0;2;1;15;2;
39829;202100025656;155 819;D01;1;7;0;0;0;16;1;
39830;202100025656;155 820;C01;1;7;0;2;6;2;1;
39831;202100025656;155 821;B01;2;7;0;2;3;5;1;
39832;202100025656;155 822;A01;1;33;0;2;1;2;1;
39833;202100025657;155 817;A01;1;7;0;2;3;15;0;
39834;202100025657;155 818;B01;1;30;0;2;1;1;1;
39835;202100025658;155 816;A01;2;1;0;0;0;1;5;
39836;202100025659;155 814;A01;1;1;0;2;0;1;5;
39837;202100025659;155 815;B01;1;7;0;2;0;18;1;
39838;202100025660;155 812;B01;1;7;0;2;8;16;1;
39839;202100025660;155 813;A01;2;7;0;2;3;13;1;
39840;202100025661;155 810;B01;0;7;0;2;1;15;1;
39841;202100025661;155 811;A01;2;7;0;2;1;1;1;
39842;202100025662;155 809;A01;2;7;2;0;2;1;1;
39843;202100025663;155 807;B01;1;7;0;2;1;1;1;
39844;202100025663;155 808;A01;1;7;0;2;3;19;1;
39845;202100025664;155 804;A01;1;33;15;0;8;13;1;
39846;202100025665;155 803;A01;3;33;3;0;3;1;1;
39847;202100025667;155 799;A01;1;15;0;2;3;15;1;
39848;202100025667;155 800;B01;2;7;0;2;2;1;1;
39849;202100025668;155 798;A01;1;7;2;0;2;1;1;
39850;202100025669;155 796;A01;1;7;0;2;1;17;1;
39851;202100025669;155 797;B01;1;7;0;0;6;15;1;
39852;202100025671;155 792;B01;2;7;0;0;7;15;1;
39853;202100025671;155 793;A01;1;7;0;2;1;1;1;
39854;202100025672;155 791;A01;1;10;2;0;3;16;1;
39855;202100025673;155 788;B01;0;0;0;0;2;2;0;
39856;202100025673;155 789;A01;0;2;0;2;4;2;1;
39857;202100025674;155 787;A01;3;33;0;0;7;1;1;
39858;202100025675;155 786;A01;1;7;0;1;2;1;1;
39859;202100025676;155 785;A01;2;7;0;1;2;2;1;
39860;202100025677;155 784;A01;2;7;10;0;1;1;1;
39861;202100025678;155 783;A01;3;33;15;0;1;17;1;
39862;202100025679;155 782;A01;2;43;4;0;3;13;1;
39863;202100025680;155 781;A01;2;10;3;0;7;1;1;
39864;202100025681;155 779;A01;2;7;0;2;5;0;0;
39865;202100025681;155 780;B01;2;7;0;2;1;0;1;
39866;202100025682;155 778;A01;1;10;2;0;1;1;1;
39867;202100025683;155 776;B01;1;10;0;0;0;15;1;
39868;202100025683;155 777;A01;2;1;0;0;0;1;5;
39869;202100025684;155 774;B01;1;7;0;2;1;1;1;
39870;202100025684;155 775;A01;1;7;3;2;7;13;1;
39871;202100025685;155 773;A01;1;10;2;0;2;1;1;
39872;202100025686;155 771;B01;1;17;0;0;4;23;1;
39873;202100025686;155 772;A01;1;17;0;0;1;2;1;
39874;202100025687;155 769;A01;1;7;0;4;3;15;1;
39875;202100025687;155 770;B01;1;39;0;2;2;1;1;
39876;202100025688;155 768;A01;1;7;2;0;1;1;1;
39877;202100025689;155 766;B01;2;33;12;2;0;9;1;
39878;202100025689;155 767;A01;1;7;0;2;3;9;1;
39879;202100025690;155 764;B01;1;2;0;2;2;1;1;
39880;202100025690;155 765;A01;3;7;0;2;3;9;1;
39881;202100025691;155 763;A01;2;7;13;0;1;6;1;
39882;202100025692;155 761;B01;1;7;0;2;3;1;1;
39883;202100025692;155 762;A01;1;7;0;2;1;1;1;
39884;202100025693;155 760;A01;3;2;9;0;3;14;1;
39885;202100025694;155 759;A01;2;7;13;0;1;1;1;
39886;202100025695;155 756;C01;2;7;0;2;6;1;1;
39887;202100025695;155 757;B01;2;34;0;2;4;3;1;
39888;202100025695;155 758;A01;2;7;0;2;1;14;0;
39889;202100025696;155 754;A01;1;7;0;2;1;3;1;
39890;202100025696;155 755;B01;1;7;0;0;4;1;1;
39891;202100025697;155 751;B01;1;7;0;2;4;2;1;
39892;202100025697;155 752;C01;1;17;0;2;4;2;1;
39893;202100025697;155 753;A01;1;7;0;2;1;1;1;
39894;202100025699;155 748;A01;1;7;3;0;3;1;1;
39895;202100025700;155 747;A01;2;33;0;0;7;16;1;
39896;202100025701;155 746;A01;3;7;3;0;2;26;1;
39897;202100025702;155 744;B01;1;15;0;2;4;1;1;
39898;202100025702;155 745;A01;1;7;0;2;1;1;1;
39899;202100025703;155 741;B01;2;7;0;2;3;1;1;
39900;202100025703;155 742;A01;1;10;0;2;3;16;1;
39901;202100025706;155 736;A01;0;2;0;1;1;1;1;
39902;202100025707;155 733;A01;2;7;0;2;7;15;1;
39903;202100025707;155 734;B01;1;7;0;2;1;1;1;
39904;202100025708;155 731;A01;3;7;0;2;3;15;1;
39905;202100025708;155 732;B01;3;31;0;2;8;1;1;
39906;202100025709;155 729;B01;3;7;0;2;1;1;1;
39907;202100025709;155 730;A01;3;7;0;2;4;10;1;
39908;202100025711;155 726;A01;3;30;0;0;7;26;1;
39909;202100025712;155 724;B01;3;2;0;2;1;2;1;
39910;202100025712;155 725;A01;3;7;0;2;4;2;1;
39911;202100025713;155 722;A01;2;7;0;2;6;15;1;
39912;202100025713;155 723;B01;1;10;0;2;6;15;1;
39913;202100025715;155 719;Z01;2;31;0;1;1;1;1;
39914;202100025717;155 716;A01;1;7;0;0;1;1;1;
39915;202100025718;155 714;B01;2;33;0;2;1;17;1;
39916;202100025718;155 715;A01;1;7;0;2;1;15;1;
39917;202100025719;155 713;A01;1;7;0;1;3;16;1;
39918;202100025720;155 712;A01;0;7;1;0;2;1;1;
39919;202100025721;155 710;B01;2;33;0;2;1;1;1;
39920;202100025721;155 711;A01;3;7;0;2;6;19;1;
39921;202100025722;155 707;B01;3;7;0;2;1;0;1;
39922;202100025722;155 708;A01;3;7;0;2;1;13;1;
39923;202100025723;155 705;A01;1;10;0;2;7;15;1;
39924;202100025723;155 706;B01;2;1;0;2;1;1;5;
39925;202100025724;155 703;A01;1;7;0;1;3;1;1;
39926;202100025724;155 704;B01;2;7;0;1;3;1;1;
39927;202100025725;155 702;A01;1;40;0;1;2;1;3;
39928;202100025726;155 699;B01;1;7;0;2;4;1;1;
39929;202100025726;155 700;C01;1;10;0;2;5;1;1;
39930;202100025726;155 701;A01;1;7;0;2;1;1;1;
39931;202100025727;155 697;B01;2;10;0;2;2;1;1;
39932;202100025727;155 698;A01;1;7;0;2;3;9;3;
39933;202100025728;155 694;B01;1;7;0;2;1;1;1;
39934;202100025728;155 695;A01;2;7;0;2;1;13;1;
39935;202100025728;155 696;C01;1;10;0;2;1;1;1;
39936;202100025729;155 692;B01;1;7;0;2;1;1;1;
39937;202100025729;155 693;A01;1;10;0;2;1;11;1;
39938;202100025731;155 689;A01;1;33;3;0;2;14;1;
39939;202100025732;155 687;A01;1;7;0;2;8;9;1;
39940;202100025732;155 688;B01;2;33;0;2;1;1;1;
39941;202100025733;155 686;A01;3;7;0;1;1;1;1;
39942;202100025734;155 684;A01;3;7;8;2;8;15;1;
39943;202100025734;155 685;B01;3;7;14;2;0;0;1;
39944;202100025735;155 682;A01;0;7;0;2;1;2;1;
39945;202100025735;155 683;B01;1;7;0;2;2;15;1;
39946;202100025736;155 680;A01;1;7;0;2;1;26;1;
39947;202100025736;155 681;B01;1;7;0;2;4;26;1;
39948;202100025737;155 679;A01;0;7;15;0;1;14;1;
39949;202100025738;155 677;T01;2;7;0;2;0;0;1;
39950;202100025738;155 678;A01;2;7;4;2;7;1;1;
39951;202100025739;155 675;A01;1;7;13;0;2;16;1;
39952;202100025739;155 676;B01;1;33;0;2;1;21;1;
39953;202100025740;155 674;A01;0;7;0;1;1;15;1;
39954;202100025741;155 672;B01;1;7;0;2;2;1;1;
39955;202100025741;155 673;A01;2;7;0;2;3;19;1;
39956;202100025742;155 670;A01;1;7;0;2;1;2;1;
39957;202100025742;155 671;B01;1;7;0;2;4;2;1;
39958;202100025743;155 668;B01;0;80;0;2;1;1;3;
39959;202100025743;155 669;A01;0;7;0;2;0;9;1;
39960;202100025744;155 666;A01;2;7;0;2;2;9;1;
39961;202100025744;155 667;B01;1;33;0;2;1;17;1;
39962;202100025745;155 664;A01;1;7;0;2;3;1;1;
39963;202100025745;155 665;B01;2;34;0;2;1;16;1;
39964;202100025746;155 662;B01;1;10;0;2;5;0;1;
39965;202100025746;155 663;A01;1;15;0;2;3;0;1;
39966;202100025747;155 660;A01;1;7;0;2;1;1;1;
39967;202100025747;155 661;B01;1;7;1;2;7;1;1;
39968;202100025748;155 659;A01;2;33;14;0;1;7;1;
39969;202100025749;155 658;Z01;1;7;0;1;2;14;0;
39970;202100025750;155 656;A01;1;7;0;2;2;17;1;
39971;202100025750;155 657;B01;2;7;0;2;2;1;1;
39972;202100025751;155 653;C01;1;7;0;2;8;1;1;
39973;202100025751;155 654;B01;2;34;0;2;1;1;1;
39974;202100025751;155 655;A01;1;7;0;2;5;15;1;