;Num_Acc;id_vehicule;num_veh;senc;catv;obs;obsm;choc;manv;motor;occutc
39975;202100025753;155 651;A01;3;7;0;1;1;1;2;
39976;202100025754;155 648;C01;3;7;0;2;3;1;1;
39977;202100025754;155 649;B01;3;7;0;2;1;1;1;
39978;202100025754;155 650;A01;3;33;0;2;1;17;1;
39979;202100025755;155 647;A01;3;40;0;1;3;1;0;
39980;202100025757;155 643;A01;1;7;0;2;0;9;1;
39981;202100025757;155 644;B01;1;7;0;2;6;1;1;
39982;202100025758;155 641;B01;0;7;0;2;1;15;1;
39983;202100025758;155 642;A01;2;2;0;2;2;1;1;
39984;202100025759;155 640;A01;1;7;2;0;2;1;1;
39985;202100025760;155 639;A01;3;99;15;0;0;0;1;
39986;202100025761;155 637;A01;1;33;0;2;1;2;1;
39987;202100025761;155 638;B01;1;7;0;2;5;2;1;
39988;202100025762;155 636;A01;0;7;0;1;1;15;1;
39989;202100025763;155 635;A01;3;32;0;0;2;9;1;
39990;202100025764;155 633;A01;0;1;0;2;1;1;5;
39991;202100025764;155 634;B01;0;7;0;2;2;16;1;
39992;202100025765;155 631;B01;2;7;0;2;4;23;1;
39993;202100025765;155 632;A01;2;1;0;2;1;2;5;
39994;202100025766;155 629;B01;1;7;0;2;6;2;1;
39995;202100025766;155 630;A01;1;17;0;2;2;12;1;
39996;202100025767;155 627;B01;2;30;0;2;1;1;1;
39997;202100025767;155 628;A01;1;7;0;2;2;15;1;
39998;202100025768;155 626;A01;3;7;0;1;7;1;2;
39999;202100025769;155 624;A01;1;7;0;2;1;15;1;
40000;202100025769;155 625;B01;1;2;0;2;2;1;1;
40001;202100025770;155 622;A01;2;10;0;2;3;22;1;
40002;202100025770;155 623;B01;2;1;0;2;1;1;5;
40003;202100025772;155 620;A01;2;50;15;0;1;14;3;
40004;202100025773;155 618;B01;3;7;0;2;3;22;1;
40005;202100025773;155 619;A01;3;1;0;2;2;1;5;
40006;202100025774;155 617;A01;1;7;0;1;2;1;1;
40007;202100025775;155 615;A01;1;7;0;2;7;2;1;
40008;202100025775;155 616;B01;1;33;0;2;8;2;1;
40009;202100025776;155 614;A01;2;3;0;0;9;16;1;
40010;202100025777;155 612;B01;2;1;1;0;7;1;0;
40011;202100025777;155 613;A01;2;7;0;9;3;22;0;
40012;202100025778;155 611;A01;1;7;9;0;1;2;0;
40013;202100025779;155 609;A01;2;7;0;2;3;1;2;
40014;202100025779;155 610;B01;2;7;0;2;7;16;1;
40015;202100025780;155 607;B01;1;7;0;2;1;1;1;
40016;202100025780;155 608;A01;1;7;0;2;4;1;3;
40017;202100025781;155 606;A01;3;7;0;1;3;1;1;
40018;202100025782;155 604;A01;3;7;12;2;3;16;1;
40019;202100025782;155 605;B01;3;7;8;9;1;9;1;
40020;202100025783;155 603;A01;2;7;0;1;2;1;1;
40021;202100025784;155 602;A01;1;7;1;2;2;21;1;
40022;202100025785;155 600;B01;1;33;0;2;1;1;1;
40023;202100025785;155 601;A01;1;7;0;2;2;10;1;
40024;202100025786;155 598;B01;1;7;0;9;6;26;1;
40025;202100025786;155 599;A01;1;2;0;2;4;26;1;
40026;202100025787;155 597;A01;3;99;1;0;2;26;1;
40027;202100025788;155 596;A01;1;10;0;1;7;1;1;
40028;202100025789;155 594;B01;1;33;0;2;3;1;1;
40029;202100025789;155 595;A01;1;7;0;2;2;16;1;
40030;202100025790;155 592;A01;2;7;0;2;6;11;1;
40031;202100025790;155 593;B01;1;32;0;2;1;1;1;
40032;202100025791;155 589;A01;3;7;0;1;1;1;1;
40033;202100025792;155 588;A01;2;7;10;0;1;1;1;
40034;202100025793;155 587;A01;0;7;0;1;1;16;1;
40035;202100025794;155 585;A01;3;10;0;2;3;9;1;
40036;202100025794;155 586;B01;0;33;0;2;7;0;1;
40037;202100025795;155 583;B01;2;13;0;0;6;1;1;
40038;202100025795;155 584;A01;2;7;0;2;2;14;1;
40039;202100025796;155 582;A01;2;7;13;0;1;1;1;
40040;202100025797;155 580;A01;0;7;0;2;6;13;1;
40041;202100025797;155 581;B01;0;33;0;2;2;17;1;
40042;202100025798;155 578;A01;2;7;0;2;1;1;1;
40043;202100025798;155 579;B01;1;7;0;2;1;15;1;
40044;202100025799;155 574;A01;2;33;0;2;1;17;1;
40045;202100025799;155 575;B01;2;7;0;2;3;15;1;
40046;202100025800;155 572;A01;2;7;0;2;1;13;1;
40047;202100025800;155 573;B01;1;15;0;2;1;1;1;
40048;202100025801;155 571;A01;1;7;2;0;2;1;1;
40049;202100025803;155 567;B01;0;7;0;2;3;15;1;
40050;202100025803;155 568;A01;0;31;0;2;1;17;1;
40051;202100025804;155 566;A01;2;2;0;0;0;17;1;
40052;202100025805;155 564;B01;1;7;0;2;1;1;1;
40053;202100025805;155 565;A01;3;7;0;2;8;15;1;
40054;202100025807;155 561;B01;0;30;0;2;8;9;1;
40055;202100025807;155 562;A01;2;7;0;2;1;1;1;
40056;202100025808;155 559;B01;2;7;0;2;6;1;1;
40057;202100025808;155 560;A01;1;7;8;2;3;1;1;
40058;202100025810;155 555;A01;2;7;0;2;7;13;1;
40059;202100025810;155 556;B01;1;7;0;2;1;26;1;
40060;202100025811;155 554;A01;1;33;8;0;1;2;1;
40061;202100025812;155 553;A01;1;32;12;0;2;0;1;
40062;202100025813;155 552;A01;1;7;15;0;3;1;1;
40063;202100025814;155 550;B01;2;3;0;2;4;2;1;
40064;202100025814;155 551;A01;2;7;0;2;1;2;1;
40065;202100025816;155 546;A01;2;10;0;2;4;4;1;
40066;202100025816;155 547;B01;2;33;0;2;1;23;1;
40067;202100025817;155 544;A01;1;2;0;2;1;2;1;
40068;202100025817;155 545;B01;1;10;0;0;6;1;1;
40069;202100025819;155 539;C01;2;7;0;2;1;2;1;
40070;202100025819;155 540;B01;2;7;0;2;1;2;1;
40071;202100025819;155 541;A01;2;7;0;2;4;1;1;
40072;202100025820;155 537;B01;1;7;0;0;5;2;1;
40073;202100025820;155 538;A01;1;33;0;2;1;2;1;
40074;202100025822;155 533;A01;1;7;3;0;1;0;1;
40075;202100025823;155 531;B01;2;50;0;2;1;0;3;
40076;202100025823;155 532;A01;2;7;0;9;6;0;1;
40077;202100025824;155 530;A01;2;7;3;0;3;0;1;
40078;202100025825;155 528;A01;1;31;0;2;1;0;1;
40079;202100025825;155 529;B01;2;7;0;2;1;15;1;
40080;202100025826;155 526;B01;1;7;0;2;1;1;1;
40081;202100025826;155 527;A01;2;7;0;2;1;13;1;
40082;202100025827;155 525;A01;1;7;4;0;1;1;1;
40083;202100025828;155 524;A01;3;7;2;0;1;1;1;
40084;202100025829;155 523;A01;0;7;15;0;3;1;1;
40085;202100025830;155 522;A01;1;33;0;0;0;1;1;
40086;202100025831;155 520;A01;1;7;0;2;7;13;1;
40087;202100025831;155 521;B01;2;10;0;2;8;1;1;
40088;202100025832;155 518;B01;2;10;0;2;3;1;0;
40089;202100025832;155 519;A01;1;7;0;2;8;15;1;
40090;202100025833;155 516;A01;2;7;0;2;2;15;1;
40091;202100025833;155 517;B01;1;2;0;2;8;1;1;
40092;202100025834;155 514;B01;1;7;0;0;6;24;1;
40093;202100025834;155 515;A01;1;2;1;0;1;1;1;
40094;202100025835;155 512;A01;1;7;0;2;4;9;1;
40095;202100025835;155 513;B01;1;80;0;2;2;19;3;
40096;202100025836;155 507;A01;2;14;0;2;1;1;1;
40097;202100025836;155 508;E01;1;14;0;2;1;1;1;
40098;202100025836;155 509;D01;2;7;0;2;4;23;1;
40099;202100025836;155 510;C01;2;7;0;2;4;23;1;
40100;202100025836;155 511;B01;2;7;0;2;4;15;1;
40101;202100025837;155 506;A01;1;7;2;0;3;1;1;
40102;202100025838;155 504;B01;1;7;0;2;1;2;1;
40103;202100025838;155 505;A01;2;7;0;2;1;13;1;
40104;202100025839;155 500;A01;2;7;0;2;4;2;1;
40105;202100025839;155 501;B01;2;10;0;2;1;2;1;
40106;202100025840;155 497;C01;0;7;0;2;1;2;1;
40107;202100025840;155 498;B01;2;7;0;2;4;2;1;
40108;202100025840;155 499;A01;2;7;0;2;4;2;1;
40109;202100025841;155 495;A01;2;7;0;2;6;1;1;
40110;202100025841;155 496;B01;0;10;0;2;2;11;1;
40111;202100025842;155 494;A01;2;7;2;0;1;14;1;
40112;202100025843;155 492;B01;1;7;0;2;8;1;1;
40113;202100025843;155 493;A01;1;7;0;2;2;14;1;
40114;202100025844;155 490;B01;2;7;0;2;8;1;1;
40115;202100025844;155 491;A01;2;17;0;2;2;12;1;
40116;202100025845;155 488;Z01;2;7;0;2;1;2;0;
40117;202100025845;155 489;B01;2;7;0;2;5;2;1;
40118;202100025846;155 486;B01;1;15;0;2;1;2;1;
40119;202100025846;155 487;A01;1;7;0;2;6;2;1;
40120;202100025847;155 484;B01;1;17;0;2;2;0;1;
40121;202100025847;155 485;A01;1;7;0;2;3;0;1;
40122;202100025848;155 483;A01;1;15;0;0;0;26;1;
40123;202100025849;155 481;B01;2;43;0;2;1;0;1;
40124;202100025849;155 482;Z01;2;7;0;2;0;0;0;
40125;202100025850;155 479;B01;2;7;14;0;2;1;1;
40126;202100025850;155 480;A01;2;7;0;0;1;26;1;
40127;202100025851;155 478;A01;1;7;4;0;1;1;1;
40128;202100025852;155 477;A01;2;10;4;0;7;1;1;
40129;202100025854;155 469;D01;1;10;0;2;4;2;3;
40130;202100025854;155 470;E01;1;7;0;2;4;2;1;
40131;202100025854;155 471;F01;1;7;0;2;4;2;1;
40132;202100025854;155 472;A01;1;38;0;2;1;2;1;1.0
40133;202100025854;155 473;B01;1;7;0;2;4;2;2;
40134;202100025854;155 474;C01;1;7;0;2;4;2;1;
40135;202100025855;155 468;A01;1;7;0;1;2;1;1;
40136;202100025856;155 467;A01;3;36;0;0;0;0;1;
40137;202100025857;155 465;B01;2;33;0;0;4;23;1;
40138;202100025857;155 466;A01;2;7;0;2;1;1;1;
40139;202100025858;155 464;A01;2;7;0;0;9;16;1;
40140;202100025859;155 463;A01;2;7;0;1;3;0;1;
40141;202100025860;155 460;C01;2;7;0;2;3;1;1;
40142;202100025860;155 461;B01;2;7;0;2;2;1;1;
40143;202100025860;155 462;A01;1;7;0;2;9;19;1;
40144;202100025861;155 458;A01;1;7;0;2;2;1;1;
40145;202100025861;155 459;B01;3;1;0;2;0;26;5;
40146;202100025862;155 456;A01;2;2;0;2;7;5;1;
40147;202100025862;155 457;B01;1;7;0;2;2;1;1;
40148;202100025863;155 455;A01;3;7;13;0;1;0;0;
40149;202100025864;155 454;A01;2;7;13;0;1;1;1;
40150;202100025865;155 453;A01;1;39;0;1;3;1;0;
40151;202100025866;155 451;A01;3;1;0;2;1;19;5;
40152;202100025866;155 452;B01;3;7;0;9;8;1;1;
40153;202100025867;155 450;A01;1;10;0;1;5;26;0;
40154;202100025868;155 447;B01;1;30;0;2;1;15;1;
40155;202100025868;155 448;A01;2;7;0;2;3;15;1;
40156;202100025869;155 446;A01;1;7;0;1;2;1;1;
40157;202100025870;155 444;A01;3;50;0;2;1;15;3;
40158;202100025870;155 445;B01;2;7;0;2;8;1;1;
40159;202100025871;155 442;A01;2;7;0;2;3;15;1;
40160;202100025871;155 443;B01;1;33;0;2;8;1;1;
40161;202100025872;155 440;B01;2;33;0;2;4;23;1;
40162;202100025872;155 441;A01;2;7;0;2;1;2;1;
40163;202100025873;155 438;A01;2;7;0;2;1;2;0;
40164;202100025873;155 439;B01;2;7;0;2;5;23;1;
40165;202100025875;155 434;A01;1;7;0;2;7;15;2;
40166;202100025875;155 435;B01;2;1;0;2;1;1;5;
40167;202100025876;155 433;A01;1;7;0;1;2;16;1;
40168;202100025877;155 431;A01;2;7;0;2;1;1;1;
40169;202100025877;155 432;B01;1;7;0;2;6;15;1;
40170;202100025878;155 429;B01;0;33;0;0;0;0;1;
40171;202100025878;155 430;A01;0;3;0;0;0;0;1;
40172;202100025880;155 424;C01;3;7;14;0;1;1;1;
40173;202100025880;155 425;B01;3;7;0;2;1;23;1;
40174;202100025880;155 426;A01;3;7;0;2;4;23;1;
40175;202100025881;155 422;A01;3;7;0;2;2;15;0;
40176;202100025881;155 423;B01;0;7;0;2;3;2;1;
40177;202100025882;155 421;A01;2;38;1;0;1;1;0;2.0
40178;202100025883;155 419;A01;3;7;0;2;1;1;2;
40179;202100025883;155 420;B01;-1;1;0;2;8;19;5;
40180;202100025884;155 417;B01;1;37;0;2;1;1;1;1.0
40181;202100025884;155 418;A01;1;7;0;2;7;1;0;
40182;202100025885;155 416;A01;1;7;0;1;1;9;1;
40183;202100025886;155 414;B01;2;7;0;2;1;1;1;
40184;202100025886;155 415;A01;1;7;1;2;2;13;1;
40185;202100025887;155 412;A01;2;7;0;2;8;22;1;
40186;202100025887;155 413;B01;2;50;1;0;1;1;3;
40187;202100025888;155 411;A01;1;7;8;0;1;13;1;
40188;202100025889;155 410;A01;3;31;13;0;1;1;1;
40189;202100025890;155 409;A01;2;2;0;0;7;1;1;
40190;202100025891;155 408;A01;2;2;6;0;2;2;1;
40191;202100025892;155 405;C01;1;7;0;2;1;1;1;
40192;202100025892;155 406;B01;2;7;0;2;4;2;1;
40193;202100025892;155 407;A01;1;10;0;0;4;2;1;
40194;202100025894;155 403;A01;0;7;0;1;2;1;1;
40195;202100025895;155 401;B01;2;7;6;2;3;5;1;
40196;202100025895;155 402;A01;1;7;6;2;3;5;1;
40197;202100025896;155 400;A01;3;7;0;1;4;4;1;
40198;202100025897;155 398;B01;2;21;0;0;6;2;1;
40199;202100025897;155 399;A01;2;7;0;2;1;2;1;
40200;202100025898;155 396;A01;2;2;13;0;7;0;1;
40201;202100025899;155 395;A01;3;10;13;0;1;26;3;
40202;202100025900;155 394;A01;2;7;0;1;1;1;1;
40203;202100025901;155 392;B01;2;7;0;0;7;15;1;
40204;202100025901;155 393;A01;1;7;0;2;1;1;1;
40205;202100025902;155 390;B01;1;80;0;2;8;15;5;
40206;202100025902;155 391;A01;1;7;0;2;2;2;1;
40207;202100025903;155 389;A01;3;7;2;0;1;21;1;
40208;202100025904;155 387;B01;1;2;8;2;1;5;1;
40209;202100025904;155 388;A01;2;7;0;0;2;15;1;
40210;202100025905;155 386;A01;1;7;13;0;2;1;1;
40211;202100025907;155 381;C01;1;2;0;2;1;1;1;
40212;202100025907;155 382;B01;1;2;0;2;1;1;1;
40213;202100025907;155 383;A01;2;7;0;2;1;5;1;
40214;202100025908;155 377;A01;1;7;0;2;8;1;1;
40215;202100025908;155 378;B01;1;33;0;2;8;17;1;
40216;202100025909;155 375;A01;3;7;0;2;1;1;1;
40217;202100025909;155 376;B01;0;36;0;2;8;9;1;
40218;202100025910;155 374;A01;1;7;13;0;1;0;1;
40219;202100025911;155 372;A01;1;7;13;2;2;15;1;
40220;202100025911;155 373;B01;2;7;0;2;1;1;1;
40221;202100025912;155 370;A01;2;7;0;2;1;17;1;
40222;202100025912;155 371;B01;1;7;0;2;8;15;1;
40223;202100025913;155 367;C01;2;7;0;2;1;1;1;
40224;202100025913;155 368;B01;1;15;0;2;3;1;1;
40225;202100025913;155 369;A01;2;7;0;2;3;13;1;
40226;202100025914;155 365;A01;1;10;0;2;1;1;1;
40227;202100025914;155 366;B01;1;1;0;0;5;0;5;
40228;202100025915;155 364;A01;1;33;13;0;9;17;1;
40229;202100025916;155 361;B01;2;10;0;2;4;1;1;
40230;202100025916;155 362;A01;1;7;0;2;3;1;1;
40231;202100025916;155 363;D01;2;7;0;2;8;1;1;
40232;202100025917;155 359;B01;1;10;0;2;1;1;1;
40233;202100025917;155 360;A01;2;7;0;2;1;1;1;
40234;202100025918;155 356;A01;1;33;0;0;0;1;1;
40235;202100025919;155 354;A01;1;7;13;0;2;1;1;
40236;202100025920;155 352;B01;1;7;0;2;1;1;3;
40237;202100025920;155 353;A01;2;33;0;2;7;1;1;
40238;202100025921;155 351;A01;1;7;0;1;0;2;0;
40239;202100025922;155 349;A01;1;37;0;0;4;23;1;1.0
40240;202100025922;155 350;B01;1;33;1;0;1;12;1;
40241;202100025923;155 346;A01;1;7;4;0;3;1;1;
40242;202100025923;155 347;B01;1;7;4;2;7;1;1;
40243;202100025923;155 348;C01;1;7;0;2;2;1;1;
40244;202100025924;155 345;A01;3;7;6;0;9;0;1;
40245;202100025925;155 342;C01;1;7;0;2;2;2;1;
40246;202100025925;155 343;A01;1;7;0;0;4;23;1;
40247;202100025925;155 344;B01;1;7;0;0;9;23;0;
40248;202100025926;155 341;A01;2;33;3;0;1;0;1;
40249;202100025927;155 339;A01;2;7;3;0;4;1;1;
40250;202100025927;155 340;B01;2;10;0;2;1;2;1;
40251;202100025928;155 337;B01;2;37;0;0;3;1;1;7.0
40252;202100025928;155 338;A01;1;7;0;2;2;15;1;
40253;202100025929;155 335;B01;2;7;4;9;6;1;1;
40254;202100025929;155 336;A01;2;7;1;9;2;1;1;
40255;202100025930;155 332;A01;2;7;0;2;2;17;1;
40256;202100025930;155 333;B01;3;7;0;2;3;15;1;
40257;202100025931;155 330;A01;3;7;0;2;7;9;1;
40258;202100025931;155 331;B01;2;7;0;2;1;1;1;
40259;202100025932;155 329;A01;2;7;2;0;1;1;1;
40260;202100025933;155 328;A01;0;7;1;1;2;1;1;
40261;202100025934;155 327;A01;1;7;13;0;2;1;1;
40262;202100025936;155 323;B01;0;2;0;0;4;23;1;
40263;202100025936;155 324;A01;0;2;0;2;1;1;1;
40264;202100025937;155 321;B01;2;7;0;2;2;15;1;
40265;202100025937;155 322;A01;1;32;0;2;1;17;1;
40266;202100025938;155 319;A01;2;33;0;2;2;1;1;
40267;202100025938;155 320;B01;2;33;0;2;4;10;1;
40268;202100025939;155 318;A01;3;7;0;1;2;1;1;
40269;202100025940;155 317;A01;3;1;12;0;0;1;5;
40270;202100025941;155 316;A01;0;7;0;1;5;4;1;
40271;202100025942;155 314;B01;2;1;0;2;8;9;5;
40272;202100025942;155 315;A01;1;7;0;2;1;9;1;
40273;202100025943;155 312;A01;1;7;0;2;5;15;1;
40274;202100025943;155 313;B01;1;33;0;2;1;1;1;
40275;202100025945;155 308;B01;2;21;0;0;5;15;1;
40276;202100025945;155 309;A01;2;7;0;2;3;17;1;
40277;202100025946;155 304;B01;0;7;0;2;0;0;1;
40278;202100025946;155 305;A01;2;10;0;2;4;26;1;
40279;202100025947;155 301;A01;2;7;0;2;4;0;1;
40280;202100025947;155 302;C01;2;10;0;2;1;0;1;
40281;202100025947;155 303;B01;2;7;0;2;4;0;3;
40282;202100025948;155 299;A01;1;7;0;2;4;2;1;
40283;202100025948;155 300;Z01;1;7;0;2;1;2;0;
40284;202100025949;155 297;A01;1;7;0;2;1;2;1;
40285;202100025949;155 298;B01;1;10;0;2;4;1;1;
40286;202100025950;155 296;A01;0;31;0;0;0;26;1;
40287;202100025951;155 294;A01;2;7;0;2;7;14;1;
40288;202100025951;155 295;B01;2;33;0;2;8;26;1;
40289;202100025952;155 292;B01;2;15;0;2;6;1;1;
40290;202100025952;155 293;A01;2;7;0;2;2;0;1;
40291;202100025953;155 291;A01;2;7;0;0;9;1;1;
40292;202100025954;155 290;A01;3;10;3;0;8;1;1;
40293;202100025955;155 288;Z01;2;7;0;2;0;0;0;
40294;202100025955;155 289;A01;2;7;0;0;0;23;1;
40295;202100025956;155 285;A01;2;7;0;2;1;1;1;
40296;202100025956;155 286;B01;2;7;0;2;4;1;1;
40297;202100025956;155 287;C01;2;7;0;2;4;1;1;
40298;202100025957;155 282;C01;2;7;0;2;4;1;1;
40299;202100025957;155 283;A01;2;43;0;2;1;3;1;
40300;202100025957;155 284;B01;2;7;0;2;8;11;1;
40301;202100025958;155 281;A01;0;33;0;0;9;26;1;
40302;202100025959;155 279;A01;3;33;0;2;1;17;1;
40303;202100025959;155 280;B01;3;1;0;2;0;0;5;
40304;202100025960;155 277;A01;2;10;0;2;1;1;1;
40305;202100025960;155 278;B01;2;7;0;2;4;23;1;
40306;202100025961;155 275;B01;2;7;0;2;4;1;1;
40307;202100025961;155 276;A01;1;30;0;2;1;21;1;
40308;202100025962;155 274;A01;1;30;3;0;1;9;1;
40309;202100025963;155 271;C01;2;7;0;2;4;1;1;
40310;202100025963;155 272;B01;2;7;0;2;4;1;1;
40311;202100025963;155 273;A01;2;7;0;2;1;1;1;
40312;202100025964;155 269;B01;3;2;0;2;8;1;1;
40313;202100025964;155 270;A01;3;7;0;2;3;1;1;
40314;202100025965;155 267;B01;1;33;0;2;7;16;1;
40315;202100025965;155 268;A01;2;7;0;2;3;15;1;
40316;202100025966;155 265;A01;3;7;0;2;3;1;1;
40317;202100025966;155 266;B01;3;33;0;2;8;1;1;
40318;202100025967;155 264;A01;3;7;0;0;1;26;1;
40319;202100025968;155 263;Z01;3;7;0;1;3;25;0;
40320;202100025969;155 260;A01;2;33;0;1;0;1;1;
40321;202100025970;155 258;A01;2;7;0;2;1;5;1;
40322;202100025970;155 259;B01;2;33;0;2;1;1;1;
40323;202100025971;155 257;A01;0;1;0;0;0;0;5;
40324;202100025972;155 254;C01;1;7;0;2;4;23;1;
40325;202100025972;155 255;B01;1;7;0;2;4;23;1;
40326;202100025972;155 256;A01;1;7;0;2;1;1;1;
40327;202100025973;155 253;KA01;-1;7;13;0;1;9;1;
40328;202100025974;155 251;A01;2;7;0;2;3;17;1;
40329;202100025974;155 252;B01;1;7;0;2;3;1;1;
40330;202100025975;155 249;Z01;2;7;0;2;0;0;0;
40331;202100025975;155 250;A01;2;7;6;2;3;1;1;
40332;202100025976;155 248;A01;2;7;8;0;1;13;1;
40333;202100025977;155 246;A01;3;7;0;9;2;15;1;
40334;202100025977;155 247;B01;3;1;0;2;0;0;5;
40335;202100025978;155 244;B01;1;33;0;2;1;1;1;
40336;202100025978;155 245;A01;1;7;0;2;7;19;1;
40337;202100025979;155 243;A01;2;7;1;0;6;26;1;
40338;202100025980;155 241;A01;2;7;0;2;1;1;1;
40339;202100025980;155 242;B01;1;7;0;2;1;15;1;
40340;202100025981;155 239;B01;1;7;0;2;4;1;1;
40341;202100025981;155 240;A01;1;7;0;2;2;17;1;
40342;202100025982;155 237;B01;2;1;0;2;1;1;0;
40343;202100025982;155 238;A01;1;7;0;2;1;15;1;
40344;202100025983;155 236;A01;1;33;6;0;1;14;1;
40345;202100025984;155 232;D01;3;7;0;2;4;23;1;
40346;202100025984;155 233;C01;3;7;0;2;4;2;1;
40347;202100025984;155 234;B01;3;7;0;2;4;2;1;
40348;202100025984;155 235;A01;3;7;0;2;1;2;1;
40349;202100025985;155 231;A01;0;7;8;0;1;1;1;
40350;202100025986;155 229;Z01;3;7;0;2;0;5;1;
40351;202100025986;155 230;B01;1;7;0;2;5;1;1;
40352;202100025987;155 227;A01;0;7;0;2;3;15;0;
40353;202100025987;155 228;B01;1;32;0;2;3;1;1;
40354;202100025988;155 225;B01;1;33;0;2;8;1;1;
40355;202100025988;155 226;A01;1;7;0;2;2;16;1;
40356;202100025989;155 223;B01;1;7;0;9;2;16;1;
40357;202100025989;155 224;A01;2;1;0;2;1;19;5;
40358;202100025990;155 221;B01;1;7;0;2;1;2;1;
40359;202100025990;155 222;A01;1;2;0;2;4;26;1;
40360;202100025991;155 220;A01;2;2;0;0;0;26;1;
40361;202100025992;155 218;B01;3;33;0;2;7;1;1;
40362;202100025992;155 219;A01;3;7;0;2;3;9;1;
40363;202100025993;155 217;A01;1;7;8;0;3;15;1;
40364;202100025994;155 216;A01;2;30;0;1;1;26;1;
40365;202100025995;155 214;B01;1;7;0;2;4;2;1;
40366;202100025995;155 215;A01;1;7;0;2;1;2;1;
40367;202100025998;155 208;A01;1;7;0;2;2;13;1;
40368;202100025998;155 209;B01;1;30;0;2;8;0;1;
40369;202100025999;155 206;B01;1;30;0;2;3;1;1;
40370;202100025999;155 207;A01;1;7;0;2;2;16;1;
40371;202100026000;155 205;Z01;2;30;0;1;1;1;1;
40372;202100026001;155 204;A01;3;7;6;0;1;1;1;
40373;202100026002;155 202;A01;3;7;0;2;3;15;1;
40374;202100026002;155 203;B01;3;34;0;2;1;1;1;
40375;202100026003;155 200;A01;1;7;0;9;5;16;1;
40376;202100026003;155 201;B01;1;1;0;2;1;1;5;
40377;202100026004;155 198;A01;1;7;0;2;2;9;1;
40378;202100026004;155 199;B01;1;7;0;2;3;1;1;
40379;202100026005;155 195;B01;2;32;0;2;3;3;1;
40380;202100026005;155 196;C01;2;7;0;2;4;1;1;
40381;202100026005;155 197;A01;2;7;0;2;7;14;1;
40382;202100026006;155 193;B01;1;7;0;2;5;23;1;
40383;202100026006;155 194;A01;1;7;0;2;3;13;1;
40384;202100026007;155 192;A01;2;50;1;0;1;13;3;
40385;202100026008;155 190;A01;3;33;0;2;1;15;1;
40386;202100026008;155 191;B01;2;7;0;2;8;1;2;
40387;202100026009;155 188;B01;1;34;0;2;4;1;1;
40388;202100026009;155 189;A01;1;7;8;2;1;1;0;
40389;202100026010;155 187;A01;0;1;15;0;1;1;5;
40390;202100026011;155 185;Z01;1;7;0;2;1;1;0;
40391;202100026011;155 186;A01;1;1;0;2;1;1;5;
40392;202100026012;155 183;A01;2;32;0;2;2;5;1;
40393;202100026012;155 184;B01;2;32;0;2;1;1;1;
40394;202100026013;155 180;A01;3;31;0;1;2;1;1;
40395;202100026014;155 178;A01;1;7;0;2;0;0;1;
40396;202100026014;155 179;B01;1;34;0;2;0;0;0;
40397;202100026015;155 176;A01;3;7;0;2;2;19;1;
40398;202100026015;155 177;B01;0;0;0;0;7;0;-1;
40399;202100026016;155 174;B01;1;7;0;2;4;2;1;
40400;202100026016;155 175;A01;2;43;0;2;1;1;1;
40401;202100026017;155 172;A01;2;7;0;2;7;1;1;
40402;202100026017;155 173;B01;2;7;0;2;1;1;3;
40403;202100026018;155 170;B01;2;33;0;2;8;18;1;
40404;202100026018;155 171;A01;2;36;0;2;2;16;1;
40405;202100026019;155 169;A01;1;33;12;0;1;3;1;
40406;202100026021;155 165;A01;2;1;0;2;1;1;5;
40407;202100026021;155 166;B01;2;7;0;0;4;1;1;
40408;202100026022;155 163;A01;1;33;0;2;1;1;1;
40409;202100026022;155 164;B01;2;7;0;2;7;19;1;
40410;202100026023;155 162;A01;1;7;12;0;3;1;1;
40411;202100026024;155 161;A01;2;33;0;0;1;26;1;
40412;202100026025;155 160;A01;3;1;12;0;1;26;5;
40413;202100026026;155 159;A01;2;7;7;0;9;1;1;
40414;202100026027;155 157;A01;2;7;0;2;6;15;1;
40415;202100026027;155 158;B01;2;32;0;2;2;17;1;
40416;202100026028;155 156;A01;1;36;8;0;1;1;1;
40417;202100026029;155 155;A01;1;7;4;0;4;1;1;
40418;202100026030;155 154;A01;1;7;2;0;3;1;1;
40419;202100026031;155 151;A01;2;7;0;2;3;0;1;
40420;202100026031;155 152;B01;1;7;0;2;3;1;0;
40421;202100026031;155 153;C01;2;7;0;2;3;1;1;
40422;202100026032;155 149;B01;0;13;0;2;1;1;1;
40423;202100026032;155 150;A01;0;7;0;2;1;13;1;
40424;202100026033;155 147;B01;1;13;0;2;3;1;1;
40425;202100026033;155 148;A01;2;7;0;2;3;13;1;
40426;202100026034;155 145;A01;2;33;0;2;3;13;1;
40427;202100026034;155 146;B01;1;7;0;2;8;1;1;
40428;202100026035;155 144;A01;1;7;11;0;1;1;1;
40429;202100026038;155 139;A01;1;33;0;0;8;1;1;
40430;202100026039;155 137;A01;3;2;0;2;2;1;1;
40431;202100026039;155 138;B01;3;7;0;2;2;1;1;
40432;202100026040;155 135;B01;1;21;0;0;4;2;1;
40433;202100026040;155 136;A01;1;7;0;2;1;2;1;
40434;202100026041;155 133;A01;1;7;0;2;3;13;1;
40435;202100026041;155 134;B01;2;7;0;2;3;16;1;
40436;202100026042;155 131;A01;2;7;0;2;8;15;1;