;Num_Acc;id_vehicule;num_veh;senc;catv;obs;obsm;choc;manv;motor;occutc
40437;202100026042;155 132;B01;1;33;0;2;1;1;1;
40438;202100026043;155 130;A01;1;7;0;0;1;1;1;
40439;202100026045;155 127;A01;1;33;0;0;7;1;1;
40440;202100026046;155 125;B01;2;2;0;2;8;15;1;
40441;202100026046;155 126;A01;2;7;0;2;1;1;1;
40442;202100026047;155 124;A01;0;7;13;0;1;1;1;
40443;202100026048;155 123;A01;2;7;2;0;3;13;1;
40444;202100026049;155 121;B01;3;7;0;2;1;1;1;
40445;202100026049;155 122;A01;3;7;0;2;1;1;1;
40446;202100026050;155 119;B01;3;7;0;2;6;1;1;
40447;202100026050;155 120;A01;3;33;0;2;1;1;1;
40448;202100026053;155 114;A01;1;7;0;2;1;1;1;
40449;202100026053;155 115;B01;2;7;0;2;3;15;1;
40450;202100026054;155 112;A01;1;7;14;2;1;6;1;
40451;202100026054;155 113;B01;2;7;0;2;1;1;1;
40452;202100026055;155 110;B01;1;7;0;2;4;1;1;
40453;202100026055;155 111;A01;1;7;0;2;1;1;1;
40454;202100026056;155 109;A01;1;33;11;0;1;17;1;
40455;202100026057;155 107;A01;0;7;0;2;3;15;1;
40456;202100026057;155 108;B01;0;7;0;2;3;14;1;
40457;202100026058;155 106;A01;1;7;17;0;1;13;1;
40458;202100026060;155 103;A01;2;7;12;0;9;14;1;
40459;202100026061;155 102;A01;3;7;13;0;1;1;0;
40460;202100026062;155 100;B01;2;7;13;0;3;21;1;
40461;202100026062;155 101;A01;1;7;0;0;0;19;1;
40462;202100026063;155 099;A01;2;7;2;0;1;15;1;
40463;202100026064;155 097;B01;0;7;0;9;3;16;0;
40464;202100026064;155 098;A01;2;1;0;2;7;1;5;
40465;202100026065;155 094;A01;1;7;2;0;1;13;1;
40466;202100026066;155 092;A01;1;7;0;2;3;13;1;
40467;202100026066;155 093;B01;2;1;0;2;1;1;6;
40468;202100026067;155 091;A01;1;7;0;1;3;1;1;
40469;202100026069;155 087;B01;1;7;0;2;1;17;1;
40470;202100026069;155 088;A01;1;7;0;0;8;15;1;
40471;202100026071;155 084;B01;2;7;0;2;3;1;1;
40472;202100026071;155 085;A01;0;7;0;2;3;15;1;
40473;202100026072;155 083;A01;1;38;0;0;1;1;1;14.0
40474;202100026073;155 079;D01;1;7;0;2;1;1;1;
40475;202100026073;155 080;C01;1;7;0;2;3;1;1;
40476;202100026073;155 081;A01;2;7;0;2;3;13;1;
40477;202100026073;155 082;B01;2;7;13;2;1;2;1;
40478;202100026074;155 077;A01;1;10;0;2;1;13;1;
40479;202100026074;155 078;B01;2;38;0;2;3;1;1;6.0
40480;202100026075;155 076;A01;3;7;2;0;1;26;1;
40481;202100026076;155 074;B01;1;7;0;2;8;10;1;
40482;202100026076;155 075;A01;1;31;0;2;1;1;1;
40483;202100026077;155 073;A01;0;2;12;0;1;0;1;
40484;202100026078;155 072;A01;1;7;13;0;2;1;1;
40485;202100026079;155 071;A01;1;33;0;0;0;21;1;
40486;202100026080;155 069;A01;1;14;0;2;1;1;1;
40487;202100026080;155 070;B01;1;7;0;2;1;19;1;
40488;202100026081;155 068;A01;1;7;0;0;9;13;1;
40489;202100026082;155 067;A01;1;7;0;0;0;1;1;
40490;202100026083;155 066;A01;1;33;3;0;0;1;1;
40491;202100026084;155 064;A01;1;10;0;2;8;2;1;
40492;202100026084;155 065;B01;1;33;0;2;1;2;1;
40493;202100026085;155 063;A01;3;1;0;0;0;1;5;
40494;202100026087;155 059;A01;3;7;0;2;2;15;1;
40495;202100026087;155 060;B01;2;33;0;0;1;1;1;
40496;202100026088;155 057;B01;1;7;0;2;3;1;1;
40497;202100026088;155 058;A01;3;1;0;2;1;19;5;
40498;202100026089;155 055;A01;3;50;0;0;8;19;3;
40499;202100026089;155 056;B01;3;43;0;2;1;1;1;
40500;202100026090;155 053;A01;0;38;0;9;2;1;1;1.0
40501;202100026090;155 054;B01;0;1;0;2;1;5;0;
40502;202100026091;155 052;A01;1;7;0;0;1;17;1;
40503;202100026092;155 051;A01;2;7;4;0;3;1;1;
40504;202100026093;155 050;A01;1;7;4;0;2;14;1;
40505;202100026094;155 049;A01;1;7;3;0;1;1;1;
40506;202100026096;155 045;A01;1;7;0;2;1;2;1;
40507;202100026096;155 046;B01;1;7;0;2;1;2;1;
40508;202100026096;155 047;C01;1;7;0;2;4;2;1;
40509;202100026097;155 043;A01;2;7;4;2;8;2;1;
40510;202100026097;155 044;B01;2;7;4;2;2;14;1;
40511;202100026098;155 041;B01;2;7;0;2;4;23;1;
40512;202100026098;155 042;A01;2;32;1;0;1;2;1;
40513;202100026099;155 040;A01;1;7;0;0;3;2;1;
40514;202100026100;155 039;A01;2;7;6;0;1;26;1;
40515;202100026101;155 038;A01;2;33;4;0;8;21;1;
40516;202100026102;155 036;A01;1;7;0;2;5;23;1;
40517;202100026102;155 037;B01;1;7;1;0;8;21;2;
40518;202100026104;155 033;A01;1;50;0;1;0;25;3;
40519;202100026105;155 032;A01;1;7;0;1;2;1;1;
40520;202100026106;155 030;A01;2;37;0;2;1;1;1;1.0
40521;202100026106;155 031;B01;2;7;0;2;4;16;1;
40522;202100026107;155 028;B01;1;99;0;2;1;1;6;
40523;202100026107;155 029;A01;1;30;0;2;1;1;1;
40524;202100026108;155 026;B01;2;7;0;2;1;0;1;
40525;202100026108;155 027;A01;1;7;0;2;1;13;1;
40526;202100026109;155 025;A01;2;37;0;1;2;2;1;1.0
40527;202100026110;155 024;A01;2;32;4;0;8;1;1;
40528;202100026111;155 023;A01;2;7;0;1;2;11;1;
40529;202100026112;155 020;C01;1;7;0;2;2;1;1;
40530;202100026112;155 021;B01;1;7;0;2;6;1;1;
40531;202100026112;155 022;A01;1;34;0;2;1;1;1;
40532;202100026114;155 016;A01;3;42;1;2;1;5;1;
40533;202100026114;155 017;B01;3;10;0;2;1;9;1;
40534;202100026116;155 013;A01;3;34;11;0;7;26;1;
40535;202100026117;155 011;A01;1;7;0;2;2;19;1;
40536;202100026117;155 012;B01;1;7;0;2;2;1;1;
40537;202100026118;155 009;A01;1;10;0;2;3;20;1;
40538;202100026118;155 010;B01;1;30;0;2;2;1;1;
40539;202100026119;155 007;A01;1;30;0;2;1;1;1;
40540;202100026119;155 008;B01;1;37;0;2;4;1;1;1.0
40541;202100026120;155 005;B01;1;7;0;2;4;15;1;
40542;202100026120;155 006;A01;1;7;0;2;1;1;1;
40543;202100026123;154 998;A01;0;7;0;2;7;15;1;
40544;202100026123;154 999;B01;0;7;0;2;1;21;1;
40545;202100026124;154 996;A01;2;30;0;2;5;26;1;
40546;202100026124;154 997;B01;2;7;0;2;3;26;1;
40547;202100026125;154 994;A01;1;7;0;2;1;15;1;
40548;202100026125;154 995;B01;2;7;0;2;8;1;1;
40549;202100026126;154 992;A01;1;7;0;2;1;1;1;
40550;202100026126;154 993;B01;1;7;0;2;4;23;1;
40551;202100026127;154 990;B01;1;1;0;2;1;0;0;
40552;202100026127;154 991;A01;1;7;0;2;6;16;1;
40553;202100026129;154 986;B01;1;7;0;2;1;1;1;
40554;202100026129;154 987;A01;2;7;0;2;1;15;1;
40555;202100026131;154 983;B01;1;37;0;2;8;1;1;1.0
40556;202100026131;154 984;A01;1;7;0;2;7;12;1;
40557;202100026132;154 981;A01;2;7;0;2;5;14;1;
40558;202100026132;154 982;B01;1;1;0;2;3;0;5;
40559;202100026133;154 979;B01;1;33;0;2;7;26;1;
40560;202100026133;154 980;A01;1;1;0;2;8;26;5;
40561;202100026134;154 978;A01;1;7;1;0;1;13;1;
40562;202100026135;154 977;A01;2;10;0;2;1;14;1;
40563;202100026136;154 975;B01;1;7;0;2;3;1;1;
40564;202100026136;154 976;A01;1;7;0;2;1;13;1;
40565;202100026137;154 973;B01;1;7;0;2;7;1;1;
40566;202100026137;154 974;A01;1;7;0;2;1;19;1;
40567;202100026138;154 971;A01;0;7;0;2;1;16;1;
40568;202100026138;154 972;B01;1;1;0;2;2;2;0;
40569;202100026139;154 969;B01;3;30;0;2;5;1;3;
40570;202100026139;154 970;A01;3;7;0;2;3;1;1;
40571;202100026140;154 968;A01;2;30;0;0;0;1;1;
40572;202100026141;154 967;A01;2;7;2;0;1;14;1;
40573;202100026142;154 966;A01;3;7;0;1;2;1;1;
40574;202100026143;154 964;A01;1;7;0;2;1;1;1;
40575;202100026143;154 965;B01;2;7;0;2;8;1;1;
40576;202100026144;154 962;B01;1;7;0;2;1;1;1;
40577;202100026144;154 963;A01;1;7;0;2;3;26;1;
40578;202100026145;154 961;A01;2;30;0;0;7;1;1;
40579;202100026146;154 958;A01;2;7;0;2;1;1;1;
40580;202100026146;154 959;C01;2;7;0;2;4;1;1;
40581;202100026146;154 960;B01;2;7;0;2;4;1;1;
40582;202100026147;154 956;A01;1;7;0;2;7;1;0;
40583;202100026147;154 957;B01;3;7;0;2;3;16;1;
40584;202100026148;154 954;B01;1;7;0;2;8;1;1;
40585;202100026148;154 955;A01;1;30;0;2;1;9;1;
40586;202100026149;154 952;A01;1;43;0;2;1;12;1;
40587;202100026149;154 953;Z01;1;7;0;2;5;1;0;
40588;202100026150;154 951;A01;1;33;4;0;1;13;1;
40589;202100026151;154 949;A01;3;30;0;2;4;16;1;
40590;202100026151;154 950;Z01;3;7;0;2;1;1;1;
40591;202100026152;154 947;B01;1;1;0;2;4;17;5;
40592;202100026152;154 948;A01;1;7;0;2;3;13;2;
40593;202100026153;154 945;A01;3;33;0;2;1;2;1;
40594;202100026153;154 946;B01;3;7;0;2;6;23;1;
40595;202100026155;154 941;A01;1;30;0;2;8;2;1;
40596;202100026155;154 942;B01;1;32;0;2;8;2;1;
40597;202100026156;154 940;A01;1;50;0;1;1;1;3;
40598;202100026157;154 938;B01;2;1;1;0;3;1;5;
40599;202100026157;154 939;A01;2;7;0;2;2;22;1;
40600;202100026158;154 937;A01;3;7;0;2;2;1;1;
40601;202100026159;154 935;Z01;1;7;0;2;3;2;1;
40602;202100026159;154 936;A01;1;7;0;2;4;23;1;
40603;202100026160;154 934;Z01;1;7;0;1;3;1;3;
40604;202100026161;154 933;A01;2;50;0;0;0;1;3;
40605;202100026162;154 932;A01;0;50;12;0;1;21;3;
40606;202100026163;154 930;B01;1;13;1;2;2;22;1;
40607;202100026163;154 931;A01;1;80;12;2;7;26;3;
40608;202100026164;154 929;A01;3;7;8;0;1;1;1;
40609;202100026165;154 927;A01;3;10;0;2;1;1;1;
40610;202100026165;154 928;B01;3;7;0;2;9;1;1;
40611;202100026166;154 926;Z01;2;30;0;1;1;17;0;
40612;202100026167;154 924;B01;2;7;0;2;6;20;1;
40613;202100026167;154 925;A01;2;7;0;2;1;1;1;
40614;202100026168;154 923;A01;2;43;0;1;1;1;1;
40615;202100026169;154 921;B01;1;34;0;2;3;1;1;
40616;202100026169;154 922;A01;2;7;0;2;1;10;1;
40617;202100026171;154 916;B01;1;33;0;2;9;15;1;
40618;202100026171;154 917;A01;2;21;0;2;6;16;1;
40619;202100026172;154 914;A01;1;7;0;2;1;1;1;
40620;202100026172;154 915;B01;1;2;0;2;8;19;1;
40621;202100026173;154 912;A01;1;7;3;2;5;12;1;
40622;202100026173;154 913;B01;1;7;3;2;3;1;1;
40623;202100026174;154 910;B01;1;7;0;0;4;24;1;
40624;202100026174;154 911;A01;1;7;1;0;1;1;1;
40625;202100026175;154 909;A01;1;33;13;0;0;17;1;
40626;202100026176;154 907;B01;1;33;0;2;3;2;1;
40627;202100026176;154 908;A01;1;7;0;0;5;23;1;
40628;202100026177;154 905;B01;2;7;0;2;1;1;3;
40629;202100026177;154 906;A01;1;7;0;2;7;19;1;
40630;202100026178;154 904;A01;1;7;2;0;1;0;1;
40631;202100026179;154 901;C01;1;7;14;0;3;1;1;
40632;202100026179;154 902;B01;1;7;0;0;8;23;1;
40633;202100026179;154 903;A01;1;7;3;0;7;1;1;
40634;202100026180;154 899;A01;1;7;0;2;3;13;1;
40635;202100026180;154 900;B01;2;33;0;2;1;1;1;
40636;202100026181;154 896;B01;2;38;0;2;3;1;1;1.0
40637;202100026181;154 897;A01;1;7;0;2;1;13;1;
40638;202100026182;154 895;A01;1;1;0;9;1;1;5;
40639;202100026183;154 893;A01;3;7;1;2;2;1;1;
40640;202100026183;154 894;B01;3;7;0;0;7;0;1;
40641;202100026184;154 892;A01;2;7;13;0;1;16;1;
40642;202100026186;154 888;A01;2;7;2;0;1;1;1;
40643;202100026187;154 886;B01;1;7;8;0;8;15;1;
40644;202100026187;154 887;A01;2;99;0;2;3;1;1;
40645;202100026188;154 884;B01;2;7;0;2;7;1;2;
40646;202100026188;154 885;A01;1;7;0;2;1;1;1;
40647;202100026190;154 877;B01;3;7;0;2;3;1;1;
40648;202100026190;154 878;A01;3;33;0;2;1;13;1;
40649;202100026191;154 876;A01;1;7;14;0;3;5;1;
40650;202100026192;154 875;A01;2;7;0;0;9;1;1;
40651;202100026193;154 874;A01;2;1;8;0;1;1;5;
40652;202100026194;154 873;A01;3;7;13;0;2;1;1;
40653;202100026195;154 871;B01;2;21;0;0;6;15;1;
40654;202100026195;154 872;A01;2;7;0;2;2;17;1;
40655;202100026196;154 869;A01;3;7;0;9;3;1;1;
40656;202100026196;154 870;B01;3;1;0;2;2;19;5;
40657;202100026197;154 868;A01;1;7;2;0;0;0;1;
40658;202100026198;154 867;A01;1;7;13;0;2;14;1;
40659;202100026199;154 865;A01;2;7;0;2;2;1;1;
40660;202100026199;154 866;B01;2;30;0;2;1;9;1;
40661;202100026200;154 862;A01;2;7;0;2;1;5;1;
40662;202100026200;154 863;B01;1;7;0;2;1;1;1;
40663;202100026200;154 864;C01;1;7;0;2;1;1;1;
40664;202100026201;154 861;A01;1;7;13;0;3;1;3;
40665;202100026202;154 860;A01;2;1;0;0;0;26;5;
40666;202100026203;154 858;A01;1;31;0;2;3;16;1;
40667;202100026203;154 859;B01;2;7;0;2;3;15;1;
40668;202100026204;154 857;A01;1;7;15;0;0;0;1;
40669;202100026205;154 855;A01;1;7;0;0;4;1;1;
40670;202100026205;154 856;B01;2;7;0;2;1;2;0;
40671;202100026206;154 853;A01;3;33;0;2;1;1;1;
40672;202100026206;154 854;B01;0;7;0;2;3;15;1;
40673;202100026207;154 851;B01;2;7;0;2;1;1;1;
40674;202100026207;154 852;A01;1;7;0;2;1;13;1;
40675;202100026208;154 849;B01;2;1;0;2;0;2;0;
40676;202100026208;154 850;A01;2;7;0;2;5;2;1;
40677;202100026209;154 848;A01;2;7;13;0;1;1;1;
40678;202100026210;154 847;A01;0;2;0;0;3;0;1;
40679;202100026211;154 846;A01;2;2;7;0;1;1;1;
40680;202100026212;154 845;A01;0;7;2;0;1;1;1;
40681;202100026213;154 844;A01;1;7;2;0;9;17;1;
40682;202100026214;154 843;A01;2;7;17;0;1;1;1;
40683;202100026215;154 842;A01;1;7;6;0;3;1;1;
40684;202100026216;154 841;A01;1;7;13;0;1;1;1;
40685;202100026217;154 839;B01;2;7;0;2;0;2;1;
40686;202100026217;154 840;A01;2;7;3;0;0;13;1;
40687;202100026218;154 838;A01;1;31;0;0;8;1;1;
40688;202100026219;154 836;B01;2;7;0;2;3;1;1;
40689;202100026219;154 837;A01;2;7;0;2;5;26;1;
40690;202100026220;154 834;A01;3;7;0;9;1;1;1;
40691;202100026220;154 835;B01;3;50;0;2;8;1;3;
40692;202100026222;154 827;E01;3;7;0;2;6;1;1;
40693;202100026222;154 828;D01;3;7;0;2;1;1;1;
40694;202100026222;154 829;C01;3;7;13;2;1;1;1;
40695;202100026222;154 830;B01;3;33;13;2;1;13;1;
40696;202100026222;154 831;A01;3;33;0;2;1;13;1;
40697;202100026223;154 826;A01;1;33;15;0;9;17;1;
40698;202100026225;154 823;A01;2;7;0;2;1;2;1;
40699;202100026225;154 824;B01;2;30;0;0;4;2;3;
40700;202100026226;154 821;B01;1;10;0;2;3;1;1;
40701;202100026226;154 822;A01;2;10;0;2;3;5;1;
40702;202100026227;154 820;A01;1;33;0;0;0;1;1;
40703;202100026228;154 818;B01;3;33;0;2;1;1;1;
40704;202100026228;154 819;A01;3;10;0;2;3;1;1;
40705;202100026229;154 816;A01;0;1;0;2;3;13;5;
40706;202100026229;154 817;B01;0;10;0;2;3;21;1;
40707;202100026230;154 814;B01;2;7;0;2;2;5;1;
40708;202100026230;154 815;A01;1;3;3;0;6;1;1;
40709;202100026232;154 811;B01;1;7;0;0;1;10;1;
40710;202100026232;154 812;A01;1;33;0;0;7;1;1;
40711;202100026233;154 809;B01;2;7;0;0;-1;19;1;
40712;202100026233;154 810;A01;1;33;0;0;9;1;1;
40713;202100026234;154 808;A01;3;33;0;0;9;1;1;
40714;202100026235;154 806;B01;1;7;0;2;8;13;1;
40715;202100026235;154 807;A01;2;7;0;2;3;1;1;
40716;202100026236;154 804;A01;1;7;0;2;3;11;1;
40717;202100026236;154 805;B01;1;7;0;2;2;1;1;
40718;202100026237;154 802;A01;1;10;0;1;3;0;1;
40719;202100026237;154 803;B01;1;7;0;1;1;0;1;
40720;202100026238;154 800;A01;2;7;0;0;1;1;1;
40721;202100026239;154 798;B01;2;7;0;2;1;1;1;
40722;202100026239;154 799;A01;1;7;0;2;1;0;1;
40723;202100026240;154 796;B01;1;7;0;2;2;2;1;
40724;202100026240;154 797;A01;1;7;0;1;1;1;1;
40725;202100026241;154 793;A01;2;7;0;2;4;1;1;
40726;202100026241;154 794;C01;2;10;0;2;1;2;1;
40727;202100026241;154 795;B01;2;7;0;2;1;2;1;
40728;202100026242;154 791;A01;1;15;0;2;3;2;1;
40729;202100026242;154 792;B01;1;7;0;2;1;2;1;
40730;202100026243;154 790;A01;1;10;3;0;1;1;1;
40731;202100026244;154 788;B01;2;7;0;2;2;14;1;
40732;202100026244;154 789;A01;2;7;0;2;6;1;2;
40733;202100026245;154 785;A01;1;7;0;2;4;23;1;
40734;202100026245;154 786;B01;1;7;0;2;1;23;1;
40735;202100026245;154 787;C01;1;7;0;2;1;2;1;
40736;202100026246;154 784;A01;1;7;0;0;9;13;1;
40737;202100026247;154 779;D01;2;7;0;2;4;2;1;
40738;202100026247;154 780;C01;2;7;0;2;4;2;1;
40739;202100026247;154 781;E01;2;10;0;2;4;2;0;
40740;202100026247;154 782;B01;2;7;0;2;4;2;1;
40741;202100026247;154 783;A01;2;7;0;2;1;2;1;
40742;202100026248;154 778;A01;1;7;4;0;3;21;1;
40743;202100026249;154 777;A01;1;7;4;2;7;1;1;
40744;202100026250;154 775;B01;1;34;0;2;1;1;1;
40745;202100026250;154 776;A01;1;10;0;2;8;13;1;
40746;202100026251;154 773;B01;1;33;0;2;0;3;1;
40747;202100026251;154 774;A01;1;33;0;2;0;3;1;
40748;202100026252;154 771;B01;1;37;0;2;7;1;1;1.0
40749;202100026252;154 772;A01;1;7;0;1;1;26;1;
40750;202100026253;154 770;Z01;1;32;0;1;1;2;1;
40751;202100026254;154 769;A01;1;7;0;1;5;4;1;
40752;202100026255;154 767;A01;1;7;4;0;2;1;1;
40753;202100026257;154 765;A01;3;7;1;0;2;1;1;
40754;202100026258;154 764;A01;1;7;0;1;2;16;1;
40755;202100026259;154 762;B01;1;1;0;2;4;1;5;
40756;202100026259;154 763;A01;1;7;0;2;1;1;0;
40757;202100026260;154 761;A01;2;7;0;1;3;15;5;
40758;202100026262;154 757;A01;1;7;0;2;2;15;1;
40759;202100026262;154 758;B01;2;33;0;2;1;1;1;
40760;202100026263;154 755;A01;1;7;0;2;1;17;1;
40761;202100026263;154 756;B01;1;7;0;2;1;1;1;
40762;202100026264;154 753;B01;1;7;0;2;5;2;1;
40763;202100026264;154 754;A01;1;30;0;2;1;21;1;
40764;202100026266;154 749;A01;2;7;0;2;5;4;1;
40765;202100026266;154 750;B01;2;7;0;2;1;1;1;
40766;202100026267;154 748;A01;0;30;0;0;0;0;1;
40767;202100026269;154 745;A01;3;7;0;2;2;14;1;
40768;202100026269;154 746;B01;3;7;0;2;3;1;1;
40769;202100026270;154 743;A01;3;30;0;2;8;16;1;
40770;202100026270;154 744;B01;2;7;0;2;3;1;1;
40771;202100026271;154 739;B01;3;16;0;2;2;15;1;
40772;202100026271;154 740;A01;-1;7;8;2;1;1;1;
40773;202100026272;154 737;B01;1;1;0;2;1;2;5;
40774;202100026272;154 738;A01;1;15;8;0;1;16;1;
40775;202100026273;154 734;B01;1;7;0;2;7;1;1;
40776;202100026273;154 735;C01;1;7;0;2;1;1;1;
40777;202100026273;154 736;A01;2;7;0;2;8;15;1;
40778;202100026274;154 732;A01;2;10;0;2;1;26;1;
40779;202100026274;154 733;B01;2;7;0;2;4;23;1;
40780;202100026275;154 730;A01;1;7;0;2;7;16;1;
40781;202100026275;154 731;B01;1;80;0;2;8;1;3;
40782;202100026277;154 726;A01;1;7;0;2;5;26;1;
40783;202100026277;154 727;B01;2;33;0;2;1;15;1;
40784;202100026278;154 725;A01;1;33;0;2;8;21;1;
40785;202100026279;154 723;A01;1;7;0;2;5;1;1;
40786;202100026279;154 724;B01;1;1;0;2;1;1;5;
40787;202100026280;154 720;B01;1;7;0;2;9;2;1;
40788;202100026280;154 721;A01;1;7;0;2;1;2;1;
40789;202100026280;154 722;C01;1;7;0;2;4;2;1;
40790;202100026281;154 715;A01;2;7;0;2;1;2;1;
40791;202100026281;154 716;B01;2;7;0;2;4;2;1;
40792;202100026281;154 717;C01;2;7;0;2;4;1;1;
40793;202100026281;154 718;D01;1;7;0;2;1;1;1;
40794;202100026281;154 719;E01;1;7;0;2;1;1;1;
40795;202100026282;154 714;A01;1;32;0;0;0;1;1;
40796;202100026284;154 711;A01;2;80;0;0;0;16;3;
40797;202100026285;154 709;B01;3;30;0;2;3;1;3;
40798;202100026285;154 710;A01;3;7;0;2;2;19;1;
40799;202100026286;154 708;A01;1;33;0;0;0;1;1;
40800;202100026289;154 702;A01;3;7;0;2;1;26;1;
40801;202100026289;154 703;B01;3;33;0;2;8;1;1;
40802;202100026290;154 701;A01;1;7;0;1;2;1;1;
40803;202100026291;154 696;A01;1;30;12;0;8;1;1;
40804;202100026294;154 691;B01;1;50;0;0;4;0;3;
40805;202100026294;154 692;A01;1;7;0;2;0;26;0;
40806;202100026295;154 690;A01;2;30;0;1;1;1;1;
40807;202100026296;154 688;A01;1;7;0;2;1;26;1;
40808;202100026296;154 689;B01;1;1;0;2;8;26;5;
40809;202100026297;154 687;A01;1;50;0;0;0;26;3;
40810;202100026298;154 686;A01;1;10;0;1;3;26;1;
40811;202100026299;154 685;A01;0;41;0;9;1;1;1;
40812;202100026300;154 682;A01;3;7;1;0;2;26;1;
40813;202100026301;154 680;A01;0;32;0;4;1;6;1;
40814;202100026301;154 681;B01;0;40;0;2;3;1;3;
40815;202100026302;154 678;A01;1;31;0;9;1;17;1;
40816;202100026302;154 679;B01;2;7;0;2;3;16;1;
40817;202100026303;154 675;A01;1;10;0;2;1;2;1;
40818;202100026303;154 676;B01;1;7;0;2;4;23;1;
40819;202100026303;154 677;C01;1;7;0;2;4;23;1;
40820;202100026304;154 674;A01;2;7;0;0;9;1;1;
40821;202100026306;154 670;A01;3;7;0;2;6;15;1;
40822;202100026306;154 671;B01;3;7;0;2;2;16;1;
40823;202100026307;154 668;B01;3;33;0;2;8;1;1;
40824;202100026307;154 669;A01;3;7;0;2;2;15;1;
40825;202100026308;154 666;B01;1;1;0;2;3;1;5;
40826;202100026308;154 667;A01;1;7;0;2;2;16;1;
40827;202100026309;154 664;B01;2;7;0;2;1;1;1;
40828;202100026309;154 665;A01;1;7;0;2;1;13;1;
40829;202100026311;154 660;B01;1;7;0;2;3;9;1;
40830;202100026311;154 661;A01;2;33;0;2;1;3;1;
40831;202100026313;154 656;B01;1;7;1;2;7;1;1;
40832;202100026313;154 657;A01;1;7;1;2;2;1;1;
40833;202100026314;154 654;A01;2;7;0;9;3;9;1;
40834;202100026314;154 655;B01;2;1;0;2;1;26;5;
40835;202100026315;154 652;A01;2;7;15;2;1;1;1;
40836;202100026315;154 653;B01;1;7;0;2;3;1;1;
40837;202100026316;154 651;A01;3;7;0;1;3;15;1;
40838;202100026317;154 649;B01;1;2;0;2;1;1;1;
40839;202100026317;154 650;A01;2;7;0;2;2;20;1;
40840;202100026318;154 648;A01;3;7;1;0;1;16;1;
40841;202100026319;154 646;B01;2;31;0;2;1;1;1;
40842;202100026319;154 647;A01;1;7;0;2;8;10;1;
40843;202100026321;154 644;A01;2;7;13;0;1;14;1;
40844;202100026322;154 642;A01;0;7;0;2;3;9;1;
40845;202100026322;154 643;B01;0;1;0;2;2;1;5;
40846;202100026323;154 640;B01;1;7;0;2;8;19;1;
40847;202100026323;154 641;A01;1;7;0;2;1;7;1;
40848;202100026324;154 638;A01;3;13;0;2;2;17;0;
40849;202100026324;154 639;B01;0;7;0;2;3;16;1;
40850;202100026325;154 637;A01;3;10;0;1;1;15;1;
40851;202100026326;154 635;A01;3;30;0;2;1;17;1;
40852;202100026326;154 636;B01;3;7;0;2;8;10;2;
40853;202100026327;154 634;A01;3;10;0;1;1;1;1;
40854;202100026328;154 633;A01;2;80;0;0;1;1;3;
40855;202100026329;154 631;A01;1;50;0;0;1;1;3;
40856;202100026330;154 629;B01;2;50;0;2;1;1;3;
40857;202100026330;154 630;A01;2;7;0;2;3;22;2;
40858;202100026331;154 627;A01;2;10;0;2;8;22;1;
40859;202100026331;154 628;B01;2;1;0;2;1;1;5;
40860;202100026332;154 626;A01;2;32;0;1;8;17;1;
40861;202100026333;154 624;A01;1;7;0;2;8;10;2;
40862;202100026333;154 625;B01;1;32;0;2;1;15;1;
40863;202100026334;154 622;Z01;2;10;0;2;0;22;0;
40864;202100026334;154 623;A01;2;1;0;2;0;1;0;
40865;202100026335;154 621;A01;2;33;8;0;1;13;1;
40866;202100026336;154 619;B01;2;33;0;2;1;1;1;
40867;202100026336;154 620;A01;2;7;0;2;3;4;1;
40868;202100026337;154 618;A01;3;7;0;1;8;15;1;
40869;202100026338;154 616;B01;1;2;0;2;6;1;1;
40870;202100026338;154 617;A01;2;7;0;2;2;1;1;
40871;202100026339;154 613;B01;1;37;0;2;2;1;1;1.0
40872;202100026339;154 614;A01;1;7;0;2;3;15;1;
40873;202100026341;154 609;A01;1;7;0;2;7;1;0;
40874;202100026341;154 610;B01;3;7;0;2;3;0;0;
40875;202100026342;154 607;A01;2;7;0;2;3;15;1;
40876;202100026342;154 608;B01;1;33;0;2;1;1;1;
40877;202100026343;154 606;A01;1;7;0;1;1;26;1;
40878;202100026344;154 605;A01;1;7;0;2;2;21;1;
40879;202100026345;154 603;A01;1;7;0;2;1;9;1;
40880;202100026345;154 604;B01;1;7;0;2;7;1;1;
40881;202100026346;154 602;A01;1;10;0;1;4;4;1;
40882;202100026347;154 600;B01;1;7;0;2;4;26;1;
40883;202100026347;154 601;A01;2;30;0;2;1;26;0;
40884;202100026348;154 598;B01;3;15;0;0;0;0;1;
40885;202100026348;154 599;A01;3;33;0;2;0;0;0;
40886;202100026349;154 597;A01;1;33;0;1;2;0;0;
40887;202100026351;154 593;A01;3;10;0;2;1;1;1;
40888;202100026351;154 594;B01;3;33;0;2;8;1;1;
40889;202100026352;154 591;A01;1;7;0;2;3;1;1;
40890;202100026352;154 592;B01;1;2;0;2;2;19;1;
40891;202100026353;154 590;A01;1;7;0;1;1;1;1;
40892;202100026354;154 588;B01;1;7;0;2;8;24;0;
40893;202100026354;154 589;A01;1;50;1;0;1;26;3;
40894;202100026355;154 586;B01;2;1;1;0;0;0;5;
40895;202100026355;154 587;A01;2;7;0;2;3;24;2;
40896;202100026356;154 584;B01;2;7;0;2;3;1;1;
40897;202100026356;154 585;A01;1;7;0;2;2;19;1;