;Num_Acc;id_vehicule;num_veh;senc;catv;obs;obsm;choc;manv;motor;occutc
40898;202100026357;154 583;A01;2;2;13;0;1;14;1;
40899;202100026358;154 581;B01;2;7;0;2;3;1;1;
40900;202100026358;154 582;A01;1;3;0;2;3;1;1;
40901;202100026359;154 579;A01;2;17;0;0;0;17;1;
40902;202100026359;154 580;B01;2;1;0;0;2;21;5;
40903;202100026360;154 576;B01;1;2;0;2;1;1;1;
40904;202100026360;154 577;A01;2;7;0;2;2;15;1;
40905;202100026361;154 574;B01;1;33;0;0;4;16;1;
40906;202100026361;154 575;A01;1;7;0;2;2;2;1;
40907;202100026362;154 572;B01;2;10;0;0;1;1;1;
40908;202100026362;154 573;A01;1;7;0;0;1;5;1;
40909;202100026363;154 571;A01;2;7;16;0;9;1;1;
40910;202100026364;154 569;A01;2;7;0;2;1;15;1;
40911;202100026364;154 570;B01;1;7;0;2;1;1;1;
40912;202100026365;154 567;B01;1;10;0;2;3;1;1;
40913;202100026365;154 568;A01;2;31;0;2;1;5;1;
40914;202100026366;154 566;A01;2;7;0;1;5;4;1;
40915;202100026367;154 562;A01;3;7;0;2;6;17;1;
40916;202100026367;154 563;B01;3;33;0;2;1;17;1;
40917;202100026369;154 559;A01;1;7;2;9;7;14;1;
40918;202100026369;154 560;B01;1;7;2;9;2;14;1;
40919;202100026370;154 557;A01;3;7;0;2;3;15;1;
40920;202100026370;154 558;B01;1;33;0;2;1;1;1;
40921;202100026371;154 556;A01;3;2;0;0;2;16;1;
40922;202100026372;154 555;A01;1;10;9;1;1;15;1;
40923;202100026373;154 553;A01;1;7;0;2;1;1;1;
40924;202100026373;154 554;B01;2;7;0;2;1;1;1;
40925;202100026374;154 551;A01;1;7;0;2;2;1;1;
40926;202100026374;154 552;B01;1;1;0;2;5;1;5;
40927;202100026376;154 546;C01;1;7;0;2;2;21;1;
40928;202100026376;154 547;B01;1;7;0;2;6;21;1;
40929;202100026376;154 548;A01;2;7;0;0;0;14;0;
40930;202100026377;154 544;A01;1;7;0;2;6;19;1;
40931;202100026377;154 545;B01;1;7;0;2;2;1;1;
40932;202100026378;154 543;A01;1;33;0;0;8;0;1;
40933;202100026379;154 542;A01;1;7;2;0;1;1;1;
40934;202100026380;154 540;A01;1;31;0;2;1;13;1;
40935;202100026380;154 541;B01;2;7;0;2;3;1;1;
40936;202100026381;154 539;A01;1;7;13;0;2;1;0;
40937;202100026382;154 537;B01;1;7;0;2;1;1;1;
40938;202100026382;154 538;A01;1;1;0;2;8;9;0;
40939;202100026383;154 535;B01;1;1;0;2;4;1;5;
40940;202100026383;154 536;A01;2;7;0;2;2;1;1;
40941;202100026384;154 533;B01;2;7;0;2;3;1;1;
40942;202100026384;154 534;A01;1;7;0;2;3;13;1;
40943;202100026385;154 530;A01;2;10;1;0;2;14;1;
40944;202100026385;154 531;B01;2;7;4;2;6;23;1;
40945;202100026385;154 532;C01;2;7;0;0;6;1;1;
40946;202100026386;154 528;A01;1;7;0;2;3;15;1;
40947;202100026386;154 529;B01;2;33;0;2;8;0;1;
40948;202100026387;154 527;A01;1;7;2;0;2;0;1;
40949;202100026388;154 526;A01;2;7;2;0;1;1;1;
40950;202100026389;154 524;B01;3;14;0;2;6;1;1;
40951;202100026389;154 525;A01;3;33;0;2;9;0;1;
40952;202100026390;154 520;A01;2;10;0;2;1;1;1;
40953;202100026390;154 521;D01;2;7;0;2;4;1;1;
40954;202100026390;154 522;C01;2;7;0;2;4;1;1;
40955;202100026390;154 523;B01;2;7;0;2;4;1;1;
40956;202100026392;154 517;A01;1;7;2;0;3;0;1;
40957;202100026394;154 514;B01;1;33;0;2;6;1;1;
40958;202100026394;154 515;A01;2;7;0;2;2;15;1;
40959;202100026395;154 512;B01;2;7;0;9;7;2;0;
40960;202100026395;154 513;A01;2;1;0;0;8;1;5;
40961;202100026396;154 510;B01;2;21;0;2;6;15;1;
40962;202100026396;154 511;A01;2;33;0;2;1;17;1;
40963;202100026397;154 509;A01;1;80;0;0;7;1;3;
40964;202100026398;154 507;A01;1;7;0;2;1;13;1;
40965;202100026398;154 508;B01;2;7;0;2;1;1;1;
40966;202100026399;154 505;A01;1;7;0;2;1;1;1;
40967;202100026399;154 506;B01;1;7;0;0;4;9;1;
40968;202100026400;154 503;B01;2;7;0;2;3;15;1;
40969;202100026400;154 504;A01;2;7;0;2;1;17;1;
40970;202100026401;154 501;A01;2;7;0;2;1;13;1;
40971;202100026401;154 502;B01;1;7;0;2;1;1;1;
40972;202100026402;154 500;A01;0;7;0;1;1;1;1;
40973;202100026403;154 498;A01;1;7;0;2;4;1;1;
40974;202100026403;154 499;B01;1;7;0;2;1;2;1;
40975;202100026404;154 496;A01;1;7;0;2;1;2;1;
40976;202100026404;154 497;B01;1;31;0;2;0;2;3;
40977;202100026405;154 494;A01;2;7;0;2;4;1;1;
40978;202100026405;154 495;B01;2;7;0;2;1;2;1;
40979;202100026406;154 493;A01;2;10;0;0;9;16;1;
40980;202100026407;154 491;B01;2;10;0;2;6;23;1;
40981;202100026407;154 492;A01;2;7;1;1;2;2;1;
40982;202100026408;154 490;A01;1;7;3;0;2;2;1;
40983;202100026409;154 488;B01;1;13;0;2;3;1;1;
40984;202100026409;154 489;A01;1;7;0;2;3;18;1;
40985;202100026410;154 487;A01;2;10;4;0;2;1;1;
40986;202100026411;154 485;A01;1;7;0;2;7;0;1;
40987;202100026411;154 486;B01;1;33;0;2;0;0;1;
40988;202100026412;154 483;A01;2;31;0;2;7;3;0;
40989;202100026412;154 484;B01;2;7;0;2;8;1;1;
40990;202100026413;154 482;A01;3;30;0;1;7;21;1;
40991;202100026415;154 479;A01;0;7;0;1;1;15;1;
40992;202100026416;154 478;A01;1;7;0;1;1;1;1;
40993;202100026417;154 477;A01;3;43;0;9;3;21;1;
40994;202100026418;154 475;A01;1;7;0;2;4;1;1;
40995;202100026418;154 476;B01;1;7;0;0;4;1;1;
40996;202100026419;154 474;A01;1;10;4;0;0;11;1;
40997;202100026420;154 472;B01;1;7;0;2;3;1;1;
40998;202100026420;154 473;A01;1;7;0;2;2;15;1;
40999;202100026421;154 470;A01;2;7;0;9;6;16;1;
41000;202100026421;154 471;B01;3;50;0;2;2;1;3;
41001;202100026422;154 468;B01;2;10;0;2;2;1;1;
41002;202100026422;154 469;A01;2;50;0;2;2;11;3;
41003;202100026423;154 467;A01;3;2;0;0;0;26;1;
41004;202100026424;154 464;C01;1;7;0;2;4;2;1;
41005;202100026424;154 465;B01;1;7;3;2;4;2;1;
41006;202100026424;154 466;A01;1;7;0;2;1;9;1;
41007;202100026425;154 462;A01;1;7;0;4;4;2;1;
41008;202100026425;154 463;B01;1;7;14;2;1;1;1;
41009;202100026426;154 461;A01;2;33;3;0;1;14;1;
41010;202100026427;154 459;B01;1;7;0;2;1;1;1;
41011;202100026427;154 460;A01;3;50;0;2;8;19;3;
41012;202100026429;154 456;A01;1;7;1;0;1;14;1;
41013;202100026430;154 454;B01;1;7;0;2;3;15;1;
41014;202100026430;154 455;A01;1;2;0;2;2;21;1;
41015;202100026431;154 452;B01;1;1;1;0;1;1;5;
41016;202100026431;154 453;A01;1;7;0;9;7;24;1;
41017;202100026432;154 451;A01;3;30;0;0;7;1;1;
41018;202100026433;154 449;B01;2;1;0;2;1;26;0;
41019;202100026433;154 450;A01;2;7;0;2;6;9;1;
41020;202100026434;154 447;A01;1;7;0;0;0;0;1;
41021;202100026434;154 448;B01;2;7;0;2;1;2;1;
41022;202100026435;154 445;B01;1;2;1;2;1;1;1;
41023;202100026435;154 446;A01;2;10;0;2;2;10;1;
41024;202100026436;154 444;A01;2;33;0;2;1;12;1;
41025;202100026437;154 442;B01;0;50;0;2;1;1;3;
41026;202100026437;154 443;A01;0;1;0;2;1;1;5;
41027;202100026438;154 440;B01;1;7;0;2;0;1;0;
41028;202100026438;154 441;A01;1;30;0;2;2;11;0;
41029;202100026439;154 439;A01;2;7;2;0;1;14;0;
41030;202100026440;154 438;A01;1;10;0;1;1;1;1;
41031;202100026441;154 436;A01;2;7;0;2;1;9;1;
41032;202100026441;154 437;B01;2;1;0;2;7;1;5;
41033;202100026442;154 434;A01;1;7;0;2;3;20;1;
41034;202100026442;154 435;B01;1;1;0;2;1;1;5;
41035;202100026443;154 432;B01;2;30;0;2;1;1;1;
41036;202100026443;154 433;A01;1;7;0;2;2;1;1;
41037;202100026444;154 430;B01;1;1;0;2;1;1;5;
41038;202100026444;154 431;A01;2;7;0;2;5;23;1;
41039;202100026445;154 428;B01;2;60;0;2;7;19;5;
41040;202100026445;154 429;A01;1;7;0;2;1;1;1;
41041;202100026446;154 426;A01;1;3;0;2;1;15;1;
41042;202100026446;154 427;B01;2;32;0;2;3;1;1;
41043;202100026447;154 425;A01;2;2;0;1;1;26;1;
41044;202100026448;154 423;A01;2;30;0;2;5;9;1;
41045;202100026448;154 424;B01;2;7;0;2;0;0;1;
41046;202100026449;154 421;A01;2;7;0;2;3;9;1;
41047;202100026449;154 422;B01;2;32;0;2;1;1;1;
41048;202100026450;154 420;A01;3;2;0;0;0;26;1;
41049;202100026451;154 419;A01;3;31;0;0;0;26;1;
41050;202100026452;154 417;A01;3;7;0;2;1;1;1;
41051;202100026452;154 418;B01;3;7;0;2;6;24;1;
41052;202100026453;154 415;B01;3;7;0;9;1;0;1;
41053;202100026453;154 416;A01;3;30;0;2;3;19;1;
41054;202100026454;154 414;Z01;3;2;0;1;1;26;1;
41055;202100026455;154 413;A01;1;1;16;0;0;1;5;
41056;202100026456;154 411;B01;1;1;0;2;1;1;5;
41057;202100026456;154 412;A01;1;7;0;9;6;24;1;
41058;202100026457;154 409;A01;3;33;0;2;1;2;1;
41059;202100026457;154 410;B01;3;7;0;2;4;2;1;
41060;202100026458;154 408;A01;1;7;0;1;1;26;1;
41061;202100026459;154 405;C01;1;7;0;2;1;2;1;
41062;202100026459;154 406;B01;1;7;0;2;4;2;1;
41063;202100026459;154 407;A01;1;7;0;2;6;26;1;
41064;202100026460;154 404;A01;2;7;17;0;9;13;1;
41065;202100026461;154 402;A01;3;7;0;2;3;5;1;
41066;202100026461;154 403;B01;3;7;0;2;3;1;1;
41067;202100026462;154 401;A01;1;7;1;0;1;16;1;
41068;202100026463;154 398;C01;1;7;0;2;0;0;1;
41069;202100026463;154 399;B01;1;7;0;2;0;0;1;
41070;202100026463;154 400;A01;1;7;0;2;0;0;1;
41071;202100026464;154 397;A01;2;7;0;0;1;13;1;
41072;202100026465;154 395;B01;2;7;0;2;1;1;1;
41073;202100026465;154 396;A01;1;7;0;2;1;13;1;
41074;202100026466;154 393;B01;3;50;0;2;3;1;3;
41075;202100026466;154 394;A01;1;7;0;9;8;15;1;
41076;202100026467;154 389;A01;3;33;0;2;7;17;1;
41077;202100026467;154 390;B01;3;7;0;2;8;1;1;
41078;202100026468;154 387;B01;0;7;0;0;0;0;1;
41079;202100026468;154 388;A01;2;30;0;2;0;0;1;
41080;202100026469;154 386;A01;1;10;0;1;2;1;1;
41081;202100026470;154 384;B01;2;7;0;2;3;1;1;
41082;202100026470;154 385;A01;2;30;0;2;1;19;1;
41083;202100026471;154 382;B01;0;1;0;2;2;1;0;
41084;202100026471;154 383;A01;0;10;0;2;3;9;1;
41085;202100026472;154 379;B01;2;7;0;2;7;16;1;
41086;202100026472;154 380;A01;2;30;0;2;8;1;1;
41087;202100026473;154 377;A01;2;7;0;2;7;1;1;
41088;202100026473;154 378;B01;2;7;0;2;3;1;1;
41089;202100026474;154 376;A01;2;7;2;0;1;13;1;
41090;202100026475;154 374;B01;2;7;0;2;5;1;1;
41091;202100026475;154 375;A01;2;30;0;2;1;14;1;
41092;202100026476;154 372;A01;1;7;0;9;2;15;1;
41093;202100026476;154 373;B01;1;33;0;2;8;16;1;
41094;202100026477;154 370;B01;3;7;0;0;3;16;2;
41095;202100026477;154 371;A01;3;1;0;2;2;1;5;
41096;202100026479;154 364;A01;3;7;0;2;7;15;2;
41097;202100026479;154 365;B01;3;31;0;2;1;1;0;
41098;202100026481;154 361;A01;1;7;0;2;3;15;1;
41099;202100026481;154 362;B01;1;7;0;2;2;1;1;
41100;202100026484;154 357;B01;2;7;0;0;2;15;1;
41101;202100026484;154 358;A01;2;33;0;2;7;1;1;
41102;202100026485;154 355;Z01;3;7;0;2;1;9;0;
41103;202100026485;154 356;B01;1;7;0;2;7;1;1;
41104;202100026486;154 354;A01;3;1;12;0;0;26;5;
41105;202100026487;154 352;A01;3;7;0;2;2;1;1;
41106;202100026487;154 353;B01;3;2;0;2;4;1;1;
41107;202100026488;154 350;B01;2;2;0;2;2;1;1;
41108;202100026488;154 351;A01;3;7;0;2;3;19;1;
41109;202100026489;154 349;B01;1;7;0;1;1;21;1;
41110;202100026490;154 347;B01;1;10;0;2;4;2;1;
41111;202100026490;154 348;A01;1;33;0;2;1;2;1;
41112;202100026494;154 341;A01;2;14;0;2;2;17;1;
41113;202100026494;154 342;B01;2;7;0;2;6;22;1;
41114;202100026495;154 339;A01;1;7;0;2;1;2;1;
41115;202100026495;154 340;B01;1;30;0;2;4;2;1;
41116;202100026497;154 336;A01;2;30;0;2;7;5;1;
41117;202100026497;154 337;B01;2;7;0;2;2;15;1;
41118;202100026498;154 335;A01;2;50;0;1;2;25;3;
41119;202100026500;154 331;Z01;2;50;0;2;5;1;3;
41120;202100026500;154 332;A01;2;43;0;2;2;1;1;
41121;202100026501;154 329;B01;2;7;0;2;6;1;1;
41122;202100026501;154 330;A01;2;32;0;2;5;18;1;
41123;202100026502;154 327;A01;2;10;0;2;2;1;3;
41124;202100026502;154 328;B01;2;1;0;2;3;13;5;
41125;202100026503;154 325;A01;2;7;0;2;8;22;2;
41126;202100026503;154 326;B01;2;1;0;2;1;1;5;
41127;202100026504;154 323;A01;2;43;0;2;8;18;1;
41128;202100026504;154 324;B01;2;7;0;2;2;16;2;
41129;202100026505;154 321;A01;1;2;0;2;3;1;1;
41130;202100026505;154 322;B01;2;2;0;2;8;15;1;
41131;202100026506;154 319;A01;1;32;0;2;1;1;1;
41132;202100026506;154 320;B01;2;7;0;2;6;15;1;
41133;202100026507;154 318;A01;2;7;0;1;3;1;2;
41134;202100026508;154 317;A01;2;32;0;0;0;16;1;
41135;202100026509;154 316;A01;1;34;4;0;3;17;1;
41136;202100026510;154 314;B01;3;50;12;2;2;1;3;
41137;202100026510;154 315;Z01;3;30;0;9;1;0;0;
41138;202100026511;154 312;A01;1;7;16;2;3;9;1;
41139;202100026511;154 313;Z01;1;13;16;0;0;0;1;
41140;202100026512;154 310;B01;1;7;0;2;4;2;1;
41141;202100026512;154 311;Z01;1;7;0;2;1;2;1;
41142;202100026513;154 308;A01;0;7;0;2;2;15;1;
41143;202100026513;154 309;B01;0;33;0;2;1;1;1;
41144;202100026514;154 306;A01;0;14;0;2;4;16;0;
41145;202100026514;154 307;B01;0;7;0;2;8;16;0;
41146;202100026515;154 305;A01;1;7;0;1;2;1;1;
41147;202100026516;154 303;A01;1;10;0;2;7;15;1;
41148;202100026516;154 304;B01;2;2;0;2;1;1;1;
41149;202100026517;154 301;B01;1;32;0;2;0;0;0;
41150;202100026517;154 302;A01;1;7;0;2;7;15;1;
41151;202100026518;154 299;B01;2;33;0;2;1;1;1;
41152;202100026518;154 300;A01;1;7;0;2;0;15;0;
41153;202100026519;154 297;B01;1;1;0;2;1;17;5;
41154;202100026519;154 298;A01;1;7;0;2;3;22;1;
41155;202100026520;154 294;C01;1;7;0;2;0;0;1;
41156;202100026520;154 295;B01;2;7;0;2;0;5;1;
41157;202100026520;154 296;A01;1;7;0;2;0;2;1;
41158;202100026521;154 292;B01;1;13;0;2;0;0;6;
41159;202100026521;154 293;A01;1;7;0;0;0;1;1;
41160;202100026522;154 290;A01;1;7;0;9;1;1;1;
41161;202100026522;154 291;B01;2;1;0;2;2;15;5;
41162;202100026523;154 287;C01;1;7;14;0;0;1;1;
41163;202100026523;154 288;B01;1;17;0;0;5;1;1;
41164;202100026523;154 289;A01;1;7;4;2;1;14;1;
41165;202100026524;154 286;A01;0;7;0;1;1;16;1;
41166;202100026525;154 285;A01;1;7;13;0;2;1;1;
41167;202100026526;154 283;A01;1;7;0;2;1;2;1;
41168;202100026526;154 284;B01;1;7;4;0;4;1;1;
41169;202100026527;154 281;A01;1;7;0;2;1;15;1;
41170;202100026527;154 282;B01;2;33;0;2;1;17;1;
41171;202100026528;154 277;A01;1;7;0;0;4;23;1;
41172;202100026528;154 278;B01;1;7;0;2;4;23;1;
41173;202100026528;154 279;C01;1;17;0;2;4;2;1;
41174;202100026528;154 280;D01;1;17;0;2;1;2;1;
41175;202100026529;154 275;A01;2;7;0;2;7;1;1;
41176;202100026529;154 276;B01;2;7;0;2;1;1;1;
41177;202100026530;154 273;B01;2;7;0;0;1;26;2;
41178;202100026530;154 274;A01;1;3;0;0;1;26;1;
41179;202100026531;154 271;A01;0;7;0;2;8;15;1;
41180;202100026531;154 272;B01;1;33;0;2;1;1;1;
41181;202100026532;154 269;B01;1;14;0;0;6;1;1;
41182;202100026532;154 270;A01;1;7;0;2;2;17;1;
41183;202100026533;154 266;C01;1;1;0;2;4;2;5;
41184;202100026533;154 267;A01;1;7;0;9;1;2;1;
41185;202100026533;154 268;B01;1;1;0;2;4;2;5;
41186;202100026534;154 264;A01;2;7;0;2;3;2;1;
41187;202100026534;154 265;B01;2;33;0;2;1;2;1;
41188;202100026536;154 261;A01;3;7;2;0;1;0;1;
41189;202100026537;154 260;A01;2;33;0;6;6;1;1;
41190;202100026538;154 258;A01;3;7;0;0;8;1;1;
41191;202100026538;154 259;B01;1;7;0;2;1;1;1;
41192;202100026539;154 257;A01;1;7;7;0;1;1;1;
41193;202100026540;154 255;A01;1;33;16;2;8;26;1;
41194;202100026540;154 256;B01;1;21;0;2;7;15;1;
41195;202100026541;154 253;A01;0;7;0;2;1;1;1;
41196;202100026541;154 254;B01;0;50;0;2;4;26;3;
41197;202100026542;154 251;A01;1;10;7;2;3;13;1;
41198;202100026542;154 252;B01;2;10;0;2;3;13;1;
41199;202100026543;154 250;A01;2;7;13;0;1;13;1;
41200;202100026544;154 249;A01;2;33;0;5;1;1;1;
41201;202100026547;154 244;B01;1;2;0;2;1;1;1;
41202;202100026547;154 245;A01;2;7;0;2;2;15;1;
41203;202100026547;154 246;C01;3;7;0;9;1;23;1;
41204;202100026548;154 243;A01;1;10;0;1;1;1;1;
41205;202100026549;154 242;A01;1;1;13;0;1;0;5;
41206;202100026550;154 240;A01;1;1;0;2;3;1;5;
41207;202100026550;154 241;B01;1;14;0;2;5;17;1;
41208;202100026551;154 239;A01;2;10;0;1;2;1;0;
41209;202100026552;154 237;A01;1;7;0;2;1;1;1;
41210;202100026552;154 238;B01;1;14;0;2;7;1;1;
41211;202100026553;154 236;A01;1;7;16;0;9;14;1;
41212;202100026554;154 233;B01;1;7;0;2;3;1;1;
41213;202100026554;154 234;C01;1;21;0;2;1;16;1;
41214;202100026554;154 235;A01;2;7;0;2;3;13;1;
41215;202100026555;154 231;B01;1;33;0;2;1;1;1;
41216;202100026555;154 232;A01;2;7;0;2;3;9;1;
41217;202100026556;154 229;B01;3;7;0;2;3;19;1;
41218;202100026556;154 230;A01;2;7;0;2;2;1;1;
41219;202100026558;154 225;A01;1;7;0;2;3;1;1;
41220;202100026558;154 226;B01;2;2;0;2;1;1;1;
41221;202100026559;154 224;A01;1;7;0;0;0;21;1;
41222;202100026561;154 221;A01;0;7;2;0;3;2;1;
41223;202100026562;154 220;A01;2;7;2;0;1;1;1;
41224;202100026563;154 219;A01;2;7;16;0;1;26;1;
41225;202100026564;154 217;B01;2;7;0;2;4;1;1;
41226;202100026564;154 218;A01;2;7;0;2;1;17;1;
41227;202100026565;154 215;A01;2;7;0;2;1;13;1;
41228;202100026565;154 216;B01;1;7;0;2;3;1;1;
41229;202100026566;154 212;B01;1;7;0;2;2;1;1;
41230;202100026566;154 213;C01;2;17;0;2;3;1;1;
41231;202100026566;154 214;A01;2;7;2;2;1;17;1;
41232;202100026567;154 211;A01;3;33;14;0;8;1;1;
41233;202100026568;154 210;A01;2;7;2;0;1;1;1;
41234;202100026569;154 209;A01;1;0;0;1;1;1;0;
41235;202100026570;154 207;A01;1;7;0;2;2;19;1;
41236;202100026570;154 208;B01;2;7;0;2;1;1;1;
41237;202100026571;154 206;A01;1;31;0;1;1;1;1;
41238;202100026572;154 205;A01;3;33;0;0;7;1;1;
41239;202100026573;154 203;A01;2;31;0;2;1;1;1;
41240;202100026573;154 204;B01;2;7;7;2;2;1;1;
41241;202100026575;154 200;A01;1;7;13;0;1;14;1;
41242;202100026577;154 198;A01;1;2;13;0;1;1;1;
41243;202100026578;154 196;B01;2;2;0;2;1;1;1;
41244;202100026578;154 197;A01;1;7;0;2;3;15;1;
41245;202100026579;154 194;B01;0;1;0;2;3;1;5;
41246;202100026579;154 195;A01;0;31;0;9;3;17;1;
41247;202100026580;154 193;A01;1;33;16;0;1;1;1;
41248;202100026582;154 190;A01;3;7;0;2;1;16;1;
41249;202100026582;154 191;B01;1;31;0;2;7;1;1;
41250;202100026583;154 187;A01;3;31;0;0;0;1;1;
41251;202100026583;154 188;B01;3;7;0;0;0;1;1;
41252;202100026583;154 189;C01;3;7;0;0;0;11;1;
41253;202100026584;154 185;B01;2;7;0;2;6;1;1;
41254;202100026584;154 186;A01;1;2;0;2;1;15;1;
41255;202100026585;154 183;A01;1;34;0;2;1;1;1;
41256;202100026585;154 184;B01;0;7;0;2;1;0;1;
41257;202100026587;154 180;A01;2;7;7;0;2;1;1;
41258;202100026588;154 178;A01;3;1;0;2;1;5;5;
41259;202100026588;154 179;B01;3;1;0;2;1;16;5;
41260;202100026589;154 176;B01;0;7;0;0;8;15;1;
41261;202100026589;154 177;A01;0;7;0;2;1;1;1;
41262;202100026590;154 174;B01;2;21;0;2;6;19;1;
41263;202100026590;154 175;A01;1;7;0;2;1;0;1;
41264;202100026591;154 173;A01;3;33;0;0;0;26;1;
41265;202100026592;154 171;A01;1;7;0;2;4;1;1;
41266;202100026592;154 172;B01;1;10;0;2;2;2;1;
41267;202100026593;154 168;A01;2;7;0;2;1;12;1;
41268;202100026593;154 169;B01;2;7;0;2;4;2;1;
41269;202100026593;154 170;C01;2;33;0;2;4;1;1;
41270;202100026594;154 166;B01;1;7;0;2;4;2;1;
41271;202100026594;154 167;A01;1;7;0;2;1;2;1;
41272;202100026595;154 165;A01;1;7;2;0;1;0;1;
41273;202100026596;154 163;A01;1;7;0;2;1;0;1;
41274;202100026596;154 164;B01;1;7;0;2;6;0;1;
41275;202100026597;154 162;A01;2;10;0;0;0;26;1;
41276;202100026598;154 160;B01;2;33;0;2;7;0;1;
41277;202100026598;154 161;A01;2;7;0;2;6;2;1;
41278;202100026599;154 158;B01;0;34;0;0;0;0;1;
41279;202100026599;154 159;A01;0;7;0;0;0;26;1;
41280;202100026601;154 155;A01;2;7;3;0;1;16;1;
41281;202100026602;154 153;B01;1;7;0;2;4;12;1;
41282;202100026602;154 154;A01;1;33;0;2;1;3;1;
41283;202100026603;154 152;A01;1;7;4;0;3;1;1;
41284;202100026604;154 151;A01;2;7;0;1;3;1;1;
41285;202100026605;154 149;A01;1;33;0;2;1;3;1;
41286;202100026605;154 150;B01;1;7;0;2;6;1;1;
41287;202100026606;154 147;B01;2;7;0;2;4;2;1;
41288;202100026606;154 148;A01;2;10;0;2;1;1;1;
41289;202100026607;154 146;A01;3;7;0;1;2;1;1;
41290;202100026608;154 144;B01;2;7;0;0;8;1;1;
41291;202100026608;154 145;A01;1;33;0;0;8;1;1;
41292;202100026609;154 142;A01;2;33;0;2;2;17;1;
41293;202100026609;154 143;B01;2;33;0;2;2;17;1;
41294;202100026610;154 140;A01;1;7;0;2;2;1;1;
41295;202100026610;154 141;B01;1;7;8;2;1;1;1;
41296;202100026611;154 139;A01;1;7;4;0;6;17;1;
41297;202100026612;154 137;A01;1;7;0;2;6;21;1;
41298;202100026612;154 138;B01;1;7;0;2;6;1;1;
41299;202100026614;154 134;B01;1;1;0;2;1;2;5;
41300;202100026614;154 135;A01;2;1;0;2;1;2;5;
41301;202100026615;154 131;B01;2;7;0;2;2;1;1;
41302;202100026615;154 132;A01;2;7;0;2;2;7;1;
41303;202100026615;154 133;C01;2;10;0;2;4;23;1;
41304;202100026616;154 129;A01;3;7;0;2;3;13;1;
41305;202100026616;154 130;B01;3;7;12;2;1;1;1;
41306;202100026617;154 128;A01;3;7;0;1;5;20;1;
41307;202100026619;154 124;A01;1;10;0;2;3;9;1;
41308;202100026619;154 125;B01;1;33;0;2;7;3;1;
41309;202100026621;154 121;B01;0;7;0;2;3;1;1;
41310;202100026621;154 122;A01;0;30;0;2;1;1;1;
41311;202100026622;154 119;Z01;2;7;0;2;5;16;1;
41312;202100026622;154 120;B01;1;2;0;2;3;1;1;
41313;202100026623;154 118;A01;3;7;0;1;1;14;1;
41314;202100026624;154 117;A01;1;7;0;1;2;1;1;
41315;202100026625;154 115;A01;2;33;0;2;3;15;1;
41316;202100026625;154 116;B01;2;7;0;2;5;12;1;
41317;202100026626;154 114;A01;0;37;14;0;8;1;1;2.0
41318;202100026627;154 113;A01;2;7;0;1;2;17;1;
41319;202100026628;154 111;B01;0;1;0;2;2;1;5;
41320;202100026628;154 112;A01;0;7;0;2;1;11;1;
41321;202100026629;154 109;B01;2;7;0;2;6;11;1;
41322;202100026629;154 110;A01;2;7;0;2;2;1;1;
41323;202100026630;154 108;A01;1;7;0;1;1;1;1;
41324;202100026631;154 106;A01;1;2;0;9;1;1;1;
41325;202100026631;154 107;B01;3;1;0;2;0;19;5;
41326;202100026633;154 102;A01;1;30;0;0;0;26;1;
41327;202100026634;154 100;B01;1;7;0;2;7;1;1;
41328;202100026634;154 101;A01;0;10;0;2;1;9;2;
41329;202100026635;154 097;C01;3;7;0;2;4;0;1;
41330;202100026635;154 098;B01;3;7;0;2;1;1;1;
41331;202100026635;154 099;A01;3;7;0;2;3;0;1;
41332;202100026636;154 095;A01;1;7;0;2;3;11;1;
41333;202100026636;154 096;B01;2;10;0;2;7;1;0;
41334;202100026637;154 093;A01;1;7;0;2;1;1;1;
41335;202100026637;154 094;B01;1;7;0;2;4;1;1;
41336;202100026638;154 091;B01;1;7;0;2;7;1;1;
41337;202100026638;154 092;Z01;1;7;0;2;1;1;1;
41338;202100026639;154 088;C01;1;7;0;2;4;0;1;
41339;202100026639;154 089;B01;1;7;0;2;4;0;1;
41340;202100026639;154 090;A01;1;7;0;2;1;0;1;
41341;202100026640;154 086;A01;1;10;0;2;1;19;1;
41342;202100026640;154 087;B01;1;7;0;2;7;19;1;
41343;202100026641;154 085;A01;3;7;12;0;1;19;1;
41344;202100026642;154 083;B01;2;33;0;2;1;1;1;
41345;202100026642;154 084;A01;2;7;0;2;7;9;1;
41346;202100026644;154 080;A01;1;7;0;2;1;9;1;
41347;202100026644;154 081;B01;1;3;0;2;5;1;1;
41348;202100026645;154 079;A01;1;33;16;0;7;1;1;
41349;202100026647;154 076;A01;2;7;0;2;2;17;1;
41350;202100026647;154 077;B01;2;7;0;2;0;0;1;
41351;202100026648;154 074;B01;1;7;0;2;3;26;1;
41352;202100026648;154 075;A01;1;1;0;2;2;26;5;
41353;202100026649;154 072;A01;3;1;0;2;4;19;5;
41354;202100026649;154 073;B01;2;7;0;2;2;9;1;
41355;202100026650;154 069;C01;1;7;0;2;2;26;1;
41356;202100026650;154 070;B01;1;7;0;2;2;26;1;
41357;202100026650;154 071;A01;1;7;0;2;3;9;1;
41358;202100026651;154 067;B01;1;7;0;2;4;2;1;
41359;202100026651;154 068;A01;1;7;0;2;1;26;1;