;Num_Acc;id_vehicule;num_veh;senc;catv;obs;obsm;choc;manv;motor;occutc
42284;202100027257;152 997;B01;1;7;0;2;4;1;1;
42285;202100027257;152 998;C01;2;7;0;2;1;1;1;
42286;202100027257;152 999;A01;1;7;0;2;1;17;1;
42287;202100027258;152 995;B01;2;10;2;2;1;1;1;
42288;202100027258;152 996;A01;1;7;0;2;2;9;1;
42289;202100027259;152 994;A01;1;3;8;0;2;0;1;
42290;202100027260;152 993;A01;2;7;0;0;2;14;1;
42291;202100027261;152 992;A01;1;33;15;0;4;1;1;
42292;202100027262;152 991;A01;3;7;16;0;2;0;1;
42293;202100027263;152 990;A01;3;7;16;0;0;0;1;
42294;202100027264;152 988;A01;3;33;0;2;3;13;1;
42295;202100027264;152 989;B01;3;21;0;2;8;1;1;
42296;202100027265;152 987;A01;1;15;0;9;1;1;1;
42297;202100027266;152 986;A01;1;32;16;0;5;10;1;
42298;202100027267;152 984;B01;2;7;0;2;1;1;1;
42299;202100027267;152 985;A01;1;7;0;2;1;13;1;
42300;202100027268;152 983;A01;2;7;5;0;1;1;1;
42301;202100027269;152 981;B01;3;33;0;1;0;1;1;
42302;202100027269;152 982;A01;3;7;0;2;3;13;1;
42303;202100027270;152 979;B01;1;30;0;2;1;2;1;
42304;202100027270;152 980;A01;1;7;0;0;4;15;1;
42305;202100027271;152 977;A01;1;31;0;2;7;13;1;
42306;202100027271;152 978;B01;2;10;0;2;3;1;1;
42307;202100027272;152 976;A01;2;33;14;0;0;1;1;
42308;202100027273;152 973;A01;1;33;0;2;2;17;1;
42309;202100027273;152 974;C01;1;33;5;9;7;26;1;
42310;202100027273;152 975;B01;1;7;0;2;6;1;1;
42311;202100027274;152 971;B01;0;7;0;2;3;1;0;
42312;202100027274;152 972;A01;0;7;0;2;3;1;1;
42313;202100027275;152 970;A01;0;31;2;0;0;0;1;
42314;202100027276;152 969;A01;3;36;6;0;1;1;1;
42315;202100027277;152 968;A01;1;31;8;0;1;17;1;
42316;202100027279;152 966;A01;2;7;8;0;1;21;1;
42317;202100027281;152 963;A01;3;33;0;0;0;2;1;
42318;202100027282;152 962;A01;2;7;13;0;7;14;1;
42319;202100027283;152 961;A01;3;33;2;0;0;0;1;
42320;202100027284;152 958;B01;1;7;0;2;1;17;1;
42321;202100027284;152 959;A01;1;7;2;2;1;17;1;
42322;202100027284;152 960;C01;1;7;0;2;1;1;1;
42323;202100027285;152 957;A01;3;35;6;0;2;0;1;
42324;202100027286;152 955;A01;2;7;0;0;8;15;1;
42325;202100027286;152 956;B01;2;33;0;0;2;17;1;
42326;202100027287;152 954;A01;1;7;3;0;1;1;1;
42327;202100027288;152 953;A01;2;14;0;0;7;1;1;
42328;202100027289;152 950;A01;1;33;0;0;8;1;1;
42329;202100027290;152 948;A01;2;7;0;2;3;1;1;
42330;202100027290;152 949;B01;1;7;0;2;1;1;1;
42331;202100027291;152 946;B01;1;7;0;2;1;9;1;
42332;202100027291;152 947;A01;1;31;0;0;4;23;1;
42333;202100027292;152 945;A01;2;7;8;0;3;13;1;
42334;202100027293;152 943;A01;1;7;0;2;1;1;1;
42335;202100027293;152 944;B01;0;7;0;2;8;16;1;
42336;202100027294;152 940;A01;2;7;0;2;3;13;1;
42337;202100027294;152 941;B01;1;7;0;2;3;1;1;
42338;202100027295;152 939;A01;1;7;8;0;3;0;1;
42339;202100027298;152 935;A01;1;7;13;0;3;1;1;
42340;202100027299;152 932;B01;2;7;1;0;2;2;1;
42341;202100027299;152 933;A01;2;7;0;0;4;23;1;
42342;202100027300;152 931;A01;2;7;13;0;2;1;1;
42343;202100027301;152 930;A01;2;7;6;0;2;14;1;
42344;202100027302;152 928;A01;3;1;0;2;1;1;5;
42345;202100027302;152 929;B01;3;7;0;9;3;1;1;
42346;202100027303;152 927;A01;1;33;12;0;1;14;1;
42347;202100027304;152 925;B01;1;15;0;2;1;1;1;
42348;202100027304;152 926;A01;2;7;0;2;1;13;2;
42349;202100027305;152 920;A01;2;7;0;2;4;2;1;
42350;202100027305;152 921;B01;2;7;0;2;1;2;1;
42351;202100027305;152 922;C01;2;7;0;2;1;2;1;
42352;202100027305;152 923;D01;2;7;0;2;1;2;1;
42353;202100027306;152 919;A01;2;33;0;0;7;1;1;
42354;202100027307;152 916;Z01;1;7;0;2;0;18;0;
42355;202100027307;152 917;B01;1;7;0;2;5;1;2;
42356;202100027307;152 918;A01;1;7;0;2;7;1;1;
42357;202100027308;152 914;B01;2;7;0;2;5;1;1;
42358;202100027308;152 915;A01;2;32;0;2;1;9;1;
42359;202100027309;152 911;A01;2;7;0;2;6;1;1;
42360;202100027309;152 912;B01;2;15;0;2;2;12;1;
42361;202100027309;152 913;C01;2;7;0;2;5;1;1;
42362;202100027310;152 910;A01;1;33;3;0;4;0;1;
42363;202100027311;152 907;C01;2;7;1;0;2;12;1;
42364;202100027311;152 908;B01;2;10;0;2;4;23;1;
42365;202100027311;152 909;A01;2;10;1;0;1;26;1;
42366;202100027312;152 905;B01;1;7;0;2;4;2;1;
42367;202100027312;152 906;A01;1;7;0;2;1;1;1;
42368;202100027313;152 903;B01;1;7;0;2;4;2;1;
42369;202100027313;152 904;A01;1;7;0;2;1;1;1;
42370;202100027314;152 901;B01;1;37;0;2;6;23;1;1.0
42371;202100027314;152 902;A01;1;7;0;2;2;1;1;
42372;202100027315;152 898;C01;1;7;0;2;7;1;1;
42373;202100027315;152 899;B01;1;7;0;2;8;0;1;
42374;202100027315;152 900;A01;1;16;0;2;1;11;1;
42375;202100027316;152 897;A01;1;7;0;1;2;17;1;
42376;202100027317;152 895;A01;1;7;0;2;2;15;1;
42377;202100027317;152 896;B01;2;33;0;2;3;1;1;
42378;202100027318;152 892;C01;1;7;0;2;4;1;0;
42379;202100027318;152 893;B01;1;7;0;2;9;1;1;
42380;202100027318;152 894;A01;1;10;0;2;1;1;1;
42381;202100027319;152 890;B01;1;7;0;2;1;9;1;
42382;202100027319;152 891;A01;1;30;0;2;7;1;1;
42383;202100027321;152 886;B01;0;7;0;2;1;1;2;
42384;202100027321;152 887;A01;0;50;0;2;1;19;3;
42385;202100027322;152 884;B01;2;7;0;2;1;1;1;
42386;202100027322;152 885;A01;1;7;0;2;5;1;1;
42387;202100027324;152 881;A01;2;7;15;0;2;14;1;
42388;202100027325;152 879;B01;3;7;0;2;3;1;1;
42389;202100027325;152 880;A01;3;2;0;2;1;0;1;
42390;202100027326;152 877;A01;1;32;0;2;7;17;1;
42391;202100027326;152 878;B01;1;7;0;0;8;0;1;
42392;202100027327;152 874;A01;1;7;0;2;1;13;1;
42393;202100027327;152 875;B01;2;7;0;2;3;1;1;
42394;202100027327;152 876;C01;2;7;0;2;7;1;1;
42395;202100027328;152 872;B01;2;10;0;2;3;1;1;
42396;202100027328;152 873;A01;1;32;0;2;7;1;1;
42397;202100027329;152 871;A01;2;7;6;0;1;14;1;
42398;202100027331;152 867;A01;2;7;0;2;3;9;1;
42399;202100027331;152 868;B01;3;2;0;2;1;15;1;
42400;202100027332;152 865;A01;1;7;0;2;1;13;1;
42401;202100027332;152 866;B01;1;7;0;2;1;1;2;
42402;202100027333;152 864;A01;0;7;0;1;4;4;1;
42403;202100027334;152 863;A01;2;7;8;0;1;21;1;
42404;202100027335;152 862;A01;1;10;0;1;3;1;1;
42405;202100027336;152 859;C01;1;10;0;2;1;0;1;
42406;202100027336;152 860;B01;1;7;0;2;2;0;2;
42407;202100027336;152 861;A01;1;7;0;2;4;1;1;
42408;202100027337;152 857;B01;2;7;0;2;5;2;1;
42409;202100027337;152 858;A01;2;34;0;2;1;2;1;
42410;202100027338;152 855;A01;1;7;0;2;8;26;1;
42411;202100027338;152 856;B01;1;34;0;2;7;16;1;
42412;202100027340;152 851;A01;2;7;0;0;3;23;1;
42413;202100027340;152 852;B01;1;30;0;2;3;0;6;
42414;202100027341;152 849;B01;1;7;0;2;1;1;1;
42415;202100027341;152 850;A01;2;14;3;2;1;13;1;
42416;202100027342;152 847;B01;2;31;1;2;8;2;1;
42417;202100027342;152 848;A01;3;7;0;2;2;15;0;
42418;202100027343;152 846;A01;2;32;0;0;7;1;1;
42419;202100027344;152 845;A01;1;7;1;0;1;1;1;
42420;202100027345;152 843;B01;0;7;0;2;2;2;1;
42421;202100027345;152 844;A01;0;30;0;2;1;2;0;
42422;202100027346;152 841;A01;0;30;0;2;1;1;1;
42423;202100027346;152 842;B01;0;7;0;2;4;0;1;
42424;202100027347;152 839;B01;2;32;0;2;1;1;1;
42425;202100027347;152 840;A01;1;10;0;2;3;15;1;
42426;202100027348;152 837;B01;2;7;0;2;6;1;1;
42427;202100027348;152 838;A01;1;7;0;2;1;1;1;
42428;202100027349;152 835;A01;1;33;0;2;1;1;1;
42429;202100027349;152 836;B01;1;7;0;2;8;9;1;
42430;202100027350;152 834;A01;0;99;15;0;1;16;1;
42431;202100027351;152 832;A01;2;7;0;2;7;1;1;
42432;202100027351;152 833;B01;2;50;0;2;1;9;3;
42433;202100027352;152 831;A01;1;33;16;0;0;0;1;
42434;202100027353;152 829;B01;1;7;0;2;6;26;1;
42435;202100027353;152 830;A01;1;7;0;2;1;26;1;
42436;202100027354;152 827;B01;1;7;0;9;8;19;1;
42437;202100027354;152 828;A01;1;1;0;2;7;19;5;
42438;202100027355;152 825;B01;1;7;0;2;4;26;1;
42439;202100027355;152 826;A01;1;30;0;2;2;26;1;
42440;202100027356;152 821;A01;1;7;0;2;1;2;1;
42441;202100027356;152 822;B01;1;7;0;2;4;2;1;
42442;202100027357;152 819;A01;1;7;0;2;1;9;1;
42443;202100027357;152 820;B01;1;1;0;2;5;26;5;
42444;202100027358;152 817;B01;3;7;0;2;7;1;1;
42445;202100027358;152 818;A01;2;2;0;2;1;1;1;
42446;202100027360;152 813;B01;1;10;0;0;5;23;1;
42447;202100027360;152 814;A01;2;2;0;2;1;1;1;
42448;202100027361;152 812;A01;2;7;0;1;2;1;1;
42449;202100027362;152 811;A01;1;10;3;0;1;17;1;
42450;202100027363;152 809;A01;3;7;0;2;3;26;1;
42451;202100027363;152 810;B01;3;50;0;2;1;1;3;
42452;202100027364;152 804;B01;1;7;0;2;3;1;1;
42453;202100027364;152 805;A01;2;7;0;2;1;15;1;
42454;202100027365;152 802;B01;3;2;12;2;6;1;1;
42455;202100027365;152 803;A01;3;7;0;2;1;1;1;
42456;202100027366;152 800;A01;1;7;0;2;0;2;1;
42457;202100027366;152 801;B01;1;1;0;2;4;15;5;
42458;202100027367;152 798;B01;3;1;0;2;4;26;6;
42459;202100027367;152 799;A01;3;7;0;2;1;1;1;
42460;202100027368;152 796;B01;1;7;0;0;8;23;1;
42461;202100027368;152 797;A01;1;30;1;0;2;21;1;
42462;202100027369;152 794;B01;2;7;0;2;3;1;1;
42463;202100027369;152 795;A01;1;7;0;2;2;15;1;
42464;202100027370;152 791;A01;1;7;0;2;1;2;1;
42465;202100027370;152 792;B01;1;7;0;2;4;23;1;
42466;202100027370;152 793;C01;1;7;0;2;4;23;1;
42467;202100027371;152 790;A01;3;7;0;1;1;15;1;
42468;202100027372;152 788;A01;3;7;0;2;2;15;1;
42469;202100027372;152 789;B01;3;33;0;2;1;1;1;
42470;202100027373;152 787;A01;1;32;0;1;0;26;1;
42471;202100027374;152 784;C01;0;7;0;2;4;16;1;
42472;202100027374;152 785;Z01;0;7;0;0;0;0;0;
42473;202100027374;152 786;B01;0;7;0;2;6;16;1;
42474;202100027375;152 783;A01;1;7;1;0;3;1;1;
42475;202100027376;152 782;A01;1;7;0;1;2;26;1;
42476;202100027377;152 780;A01;1;7;0;2;3;1;1;
42477;202100027377;152 781;B01;2;10;0;2;3;0;1;
42478;202100027378;152 778;A01;2;7;0;2;2;9;1;
42479;202100027378;152 779;B01;2;33;0;2;0;17;1;
42480;202100027379;152 776;A01;1;33;0;2;1;3;3;
42481;202100027379;152 777;B01;1;7;0;2;5;2;1;
42482;202100027380;152 774;A01;1;13;0;2;7;12;1;
42483;202100027380;152 775;B01;1;7;0;2;8;1;1;
42484;202100027381;152 772;B01;3;1;0;2;1;1;5;
42485;202100027381;152 773;A01;3;1;0;2;1;9;5;
42486;202100027382;152 770;B01;1;1;0;2;3;1;5;
42487;202100027382;152 771;A01;2;7;0;2;3;15;1;
42488;202100027383;152 769;A01;2;80;0;1;3;1;3;
42489;202100027384;152 768;A01;1;43;0;1;2;1;1;
42490;202100027385;152 765;C01;1;7;0;2;6;23;1;
42491;202100027385;152 766;B01;1;33;0;2;1;23;1;
42492;202100027385;152 767;A01;1;7;0;2;3;2;1;
42493;202100027386;152 763;B01;2;7;0;2;2;15;3;
42494;202100027386;152 764;A01;1;30;0;2;1;7;1;
42495;202100027387;152 761;B01;3;7;0;2;1;15;1;
42496;202100027387;152 762;A01;3;1;0;2;7;1;5;
42497;202100027388;152 759;A01;1;7;0;2;3;15;1;
42498;202100027388;152 760;B01;1;31;0;2;7;17;1;
42499;202100027389;152 757;A01;1;1;0;9;4;17;5;
42500;202100027389;152 758;Z01;0;1;0;0;0;13;5;
42501;202100027391;152 752;A01;1;30;0;2;1;0;1;
42502;202100027391;152 753;B01;1;14;0;0;6;16;1;
42503;202100027392;152 750;A01;1;10;0;2;2;1;1;
42504;202100027392;152 751;B01;2;31;0;2;8;1;1;
42505;202100027393;152 748;B01;3;32;0;2;3;1;1;
42506;202100027393;152 749;A01;1;7;0;2;2;1;1;
42507;202100027394;152 746;Z01;1;7;0;2;7;1;2;
42508;202100027394;152 747;B01;1;7;0;2;1;1;1;
42509;202100027395;152 744;B01;2;7;0;2;7;1;1;
42510;202100027395;152 745;A01;2;2;0;2;1;1;1;
42511;202100027396;152 742;A01;1;7;0;2;1;19;1;
42512;202100027396;152 743;B01;1;7;0;2;8;1;1;
42513;202100027397;152 740;A01;1;7;0;2;1;1;1;
42514;202100027397;152 741;B01;2;7;0;2;7;15;1;
42515;202100027398;152 738;B01;1;1;0;2;3;19;5;
42516;202100027398;152 739;A01;1;33;0;2;1;9;1;
42517;202100027399;152 736;B01;2;34;0;2;1;16;1;
42518;202100027399;152 737;A01;1;7;0;2;7;15;1;
42519;202100027400;152 735;A01;3;7;12;0;1;1;1;
42520;202100027401;152 733;A01;0;7;0;2;3;11;1;
42521;202100027401;152 734;B01;0;7;0;2;3;1;1;
42522;202100027402;152 731;A01;3;7;0;2;1;2;2;
42523;202100027402;152 732;B01;3;7;4;2;4;1;1;
42524;202100027403;152 729;Z01;1;7;0;2;1;26;0;
42525;202100027403;152 730;A01;2;33;9;2;1;1;1;
42526;202100027404;152 728;A01;1;7;0;1;1;15;1;
42527;202100027405;152 726;A01;3;7;0;2;2;15;1;
42528;202100027405;152 727;B01;3;33;0;2;1;1;1;
42529;202100027406;152 724;A01;2;10;0;2;1;5;1;
42530;202100027406;152 725;B01;1;7;0;2;1;26;1;
42531;202100027407;152 723;A01;1;10;1;0;3;1;1;
42532;202100027408;152 721;A01;2;10;0;2;8;22;1;
42533;202100027408;152 722;B01;2;1;1;0;1;1;0;
42534;202100027409;152 720;A01;1;33;0;0;7;2;1;
42535;202100027410;152 719;A01;3;21;6;0;9;2;1;
42536;202100027411;152 718;A01;3;7;16;0;0;26;1;
42537;202100027412;152 716;A01;0;7;0;0;5;12;0;
42538;202100027412;152 717;B01;0;33;0;0;3;1;1;
42539;202100027413;152 712;A01;2;33;0;0;4;23;1;
42540;202100027413;152 713;B01;2;7;3;2;2;17;1;
42541;202100027413;152 714;C01;2;7;0;0;6;23;1;
42542;202100027414;152 710;A01;1;2;0;2;0;15;1;
42543;202100027414;152 711;B01;1;7;0;2;0;16;1;
42544;202100027415;152 708;A01;1;10;0;2;1;9;0;
42545;202100027415;152 709;B01;1;7;0;2;2;1;1;
42546;202100027416;152 706;B01;2;1;0;2;1;1;5;
42547;202100027416;152 707;A01;1;7;0;2;3;1;1;
42548;202100027417;152 705;A01;2;7;8;0;3;1;1;
42549;202100027418;152 704;A01;2;7;2;0;1;1;1;
42550;202100027419;152 703;A01;3;7;0;1;6;4;1;
42551;202100027420;152 702;A01;1;7;2;0;3;14;1;
42552;202100027421;152 701;A01;3;7;1;1;3;1;1;
42553;202100027422;152 700;A01;1;10;14;0;8;2;1;
42554;202100027423;152 698;A01;3;7;0;2;1;13;1;
42555;202100027423;152 699;B01;3;2;0;2;1;1;1;
42556;202100027424;152 696;B01;1;7;0;2;1;23;1;
42557;202100027424;152 697;A01;2;7;0;2;8;1;1;
42558;202100027425;152 695;A01;2;7;0;1;3;1;1;
42559;202100027426;152 694;A01;2;7;13;0;1;0;1;
42560;202100027427;152 693;A01;2;33;0;0;3;9;1;
42561;202100027428;152 692;A01;2;10;0;0;1;14;0;
42562;202100027429;152 690;B01;1;33;0;2;1;1;1;
42563;202100027429;152 691;A01;1;7;0;0;5;1;1;
42564;202100027430;152 688;B01;3;7;0;2;3;1;1;
42565;202100027430;152 689;A01;3;7;0;2;3;19;1;
42566;202100027431;152 686;B01;1;1;0;2;1;1;5;
42567;202100027431;152 687;A01;2;7;0;2;3;15;1;
42568;202100027432;152 685;A01;1;7;2;0;1;1;1;
42569;202100027433;152 684;A01;1;7;6;0;2;1;1;
42570;202100027434;152 683;A01;2;7;2;0;1;1;1;
42571;202100027435;152 682;A01;1;33;0;0;0;0;1;
42572;202100027436;152 680;A01;2;7;0;0;7;15;1;
42573;202100027436;152 681;B01;1;33;0;2;1;1;1;
42574;202100027437;152 679;A01;1;7;13;0;2;16;0;
42575;202100027438;152 678;A01;1;7;2;0;1;15;2;
42576;202100027439;152 676;A01;2;1;0;2;1;13;5;
42577;202100027439;152 677;B01;1;7;0;9;1;1;1;
42578;202100027440;152 674;B01;1;33;0;2;1;1;1;
42579;202100027440;152 675;A01;2;7;0;2;6;19;1;
42580;202100027441;152 673;A01;2;7;2;0;1;1;1;
42581;202100027442;152 672;A01;1;7;0;0;9;0;1;
42582;202100027443;152 671;A01;1;7;8;0;3;1;1;
42583;202100027444;152 670;A01;1;7;0;1;0;1;1;
42584;202100027445;152 668;A01;1;7;0;2;3;1;1;
42585;202100027445;152 669;B01;2;7;0;2;3;1;1;
42586;202100027446;152 667;A01;2;1;0;0;1;1;5;
42587;202100027447;152 665;B01;2;7;0;2;1;1;1;
42588;202100027447;152 666;A01;1;7;6;2;7;15;1;
42589;202100027448;152 663;B01;2;2;0;2;0;2;1;
42590;202100027448;152 664;A01;2;2;0;2;0;2;1;
42591;202100027449;152 661;A01;3;7;0;2;1;1;1;
42592;202100027449;152 662;B01;3;7;0;2;5;19;1;
42593;202100027450;152 660;A01;2;7;6;0;9;1;1;
42594;202100027451;152 658;B01;2;7;0;2;1;15;1;
42595;202100027451;152 659;A01;1;7;0;2;3;9;1;
42596;202100027452;152 656;B01;2;7;0;2;1;1;1;
42597;202100027452;152 657;A01;1;10;0;2;1;13;1;
42598;202100027453;152 655;A01;2;7;2;0;1;1;1;
42599;202100027454;152 653;A01;1;33;0;2;2;17;1;
42600;202100027454;152 654;B01;1;10;0;2;3;15;1;
42601;202100027455;152 651;A01;1;7;0;2;3;1;1;
42602;202100027455;152 652;B01;1;7;0;2;3;9;1;
42603;202100027456;152 649;A01;1;7;0;2;1;1;1;
42604;202100027456;152 650;B01;1;7;0;0;4;1;1;
42605;202100027457;152 648;A01;1;7;0;1;1;1;1;
42606;202100027458;152 647;A01;3;10;16;0;9;26;1;
42607;202100027462;152 640;B01;2;33;13;0;7;1;1;
42608;202100027462;152 641;A01;2;33;13;0;7;1;1;
42609;202100027463;152 638;A01;1;7;0;2;3;1;1;
42610;202100027463;152 639;B01;1;2;0;2;1;17;1;
42611;202100027464;152 637;A01;1;7;0;1;3;1;1;
42612;202100027465;152 635;A01;2;2;0;2;1;17;1;
42613;202100027465;152 636;B01;1;7;0;2;3;1;1;
42614;202100027466;152 633;B01;2;33;0;2;1;17;1;
42615;202100027466;152 634;A01;0;7;0;2;3;15;1;
42616;202100027467;152 631;A01;1;7;4;0;9;1;1;
42617;202100027468;152 630;A01;1;33;0;0;1;1;1;
42618;202100027469;152 628;B01;2;7;0;2;6;1;1;
42619;202100027469;152 629;A01;1;7;0;2;3;1;1;
42620;202100027470;152 626;A01;3;33;0;2;1;19;1;
42621;202100027470;152 627;B01;1;7;0;2;8;26;1;
42622;202100027471;152 625;A01;1;7;6;0;3;1;6;
42623;202100027473;152 621;B01;1;7;0;2;3;15;1;
42624;202100027473;152 622;A01;1;33;0;2;1;17;1;
42625;202100027474;152 619;A01;2;33;0;2;2;17;1;
42626;202100027474;152 620;B01;2;7;0;2;8;15;1;
42627;202100027475;152 616;C01;1;7;0;9;8;1;1;
42628;202100027475;152 617;B01;2;7;0;2;3;1;1;
42629;202100027475;152 618;A01;1;7;0;2;3;17;1;
42630;202100027476;152 614;B01;2;2;0;2;1;13;1;
42631;202100027476;152 615;A01;1;7;0;2;3;1;1;
42632;202100027478;152 608;B01;2;7;0;2;4;1;1;
42633;202100027478;152 609;A01;2;33;0;2;1;2;1;
42634;202100027479;152 607;A01;1;7;2;0;9;26;1;
42635;202100027480;152 606;A01;2;32;16;0;4;26;1;
42636;202100027482;152 600;A01;3;33;0;2;4;2;1;
42637;202100027482;152 601;B01;3;7;0;2;1;2;1;
42638;202100027482;152 602;C01;3;7;0;2;4;2;1;
42639;202100027483;152 599;A01;1;7;0;9;1;12;1;
42640;202100027484;152 597;A01;1;7;0;2;1;2;1;
42641;202100027484;152 598;B01;1;7;0;2;4;2;1;
42642;202100027485;152 595;A01;1;34;0;2;3;3;1;
42643;202100027485;152 596;B01;1;7;0;2;2;1;1;
42644;202100027486;152 594;A01;1;7;4;0;1;2;1;
42645;202100027487;152 593;A01;1;33;0;0;4;1;1;
42646;202100027488;152 591;Z01;1;10;0;2;2;14;0;
42647;202100027488;152 592;A01;1;1;0;2;2;1;5;
42648;202100027489;152 589;B01;2;7;0;0;4;2;1;
42649;202100027489;152 590;A01;2;7;0;2;1;2;1;
42650;202100027490;152 588;A01;3;7;0;1;1;1;1;
42651;202100027491;152 586;B01;3;7;0;2;0;15;1;
42652;202100027491;152 587;A01;3;2;0;2;0;1;0;
42653;202100027492;152 584;B01;3;31;0;2;7;1;1;
42654;202100027492;152 585;A01;3;7;0;2;3;15;1;
42655;202100027493;152 583;A01;3;33;0;0;0;0;1;
42656;202100027494;152 581;A01;2;34;0;2;1;5;1;
42657;202100027494;152 582;B01;1;7;0;2;2;1;1;
42658;202100027495;152 580;A01;3;50;0;1;1;25;3;
42659;202100027496;152 579;A01;2;1;0;1;1;5;5;
42660;202100027497;152 576;A01;3;7;0;2;1;1;1;
42661;202100027497;152 577;B01;3;7;0;2;4;1;1;
42662;202100027497;152 578;C01;3;7;0;2;4;1;1;
42663;202100027498;152 574;B01;1;7;0;2;3;1;1;
42664;202100027498;152 575;A01;1;7;0;2;2;1;1;
42665;202100027499;152 573;A01;1;7;0;1;2;1;1;
42666;202100027500;152 571;B01;1;7;0;2;6;15;1;
42667;202100027500;152 572;A01;2;33;0;2;1;1;1;
42668;202100027501;152 569;B01;1;7;0;2;3;21;1;
42669;202100027501;152 570;A01;1;7;0;2;2;13;1;
42670;202100027502;152 567;B01;2;31;0;2;1;7;1;
42671;202100027502;152 568;A01;2;7;0;2;2;16;1;
42672;202100027503;152 565;B01;2;1;0;2;1;21;5;
42673;202100027503;152 566;A01;1;7;0;2;2;15;1;
42674;202100027504;152 563;A01;2;30;0;2;1;5;1;
42675;202100027504;152 564;B01;1;7;0;2;3;1;1;
42676;202100027505;152 560;A01;2;7;0;2;8;13;1;
42677;202100027505;152 561;B01;2;10;0;2;8;1;1;
42678;202100027505;152 562;C01;2;7;0;2;1;1;1;
42679;202100027506;152 559;A01;2;1;0;0;7;1;5;
42680;202100027507;152 558;A01;2;33;0;0;7;1;1;
42681;202100027508;152 556;A01;0;50;0;2;7;15;3;
42682;202100027508;152 557;B01;0;7;0;2;1;1;1;
42683;202100027509;152 554;A01;3;7;0;2;1;1;1;
42684;202100027509;152 555;B01;3;99;0;2;9;1;3;
42685;202100027510;152 552;A01;1;7;15;2;8;16;1;
42686;202100027510;152 553;B01;3;7;0;2;1;1;1;
42687;202100027511;152 550;A01;2;7;0;2;4;2;1;
42688;202100027511;152 551;B01;2;31;0;2;1;2;1;
42689;202100027512;152 548;B01;2;2;0;2;4;14;0;
42690;202100027512;152 549;A01;2;7;0;2;1;2;0;
42691;202100027513;152 546;B01;3;33;0;2;1;1;1;
42692;202100027513;152 547;A01;3;7;0;2;1;15;1;
42693;202100027514;152 545;A01;0;7;0;1;1;1;1;
42694;202100027515;152 543;A01;1;7;0;2;5;16;0;
42695;202100027515;152 544;B01;1;50;0;2;1;1;3;
42696;202100027517;152 539;C01;1;7;0;2;4;15;1;
42697;202100027517;152 540;B01;1;7;0;2;1;1;1;
42698;202100027517;152 541;A01;1;7;0;2;1;1;1;
42699;202100027519;152 535;A01;1;1;0;2;2;19;5;
42700;202100027519;152 536;Z01;2;80;0;2;1;1;3;
42701;202100027520;152 533;Z01;2;7;0;2;0;0;1;
42702;202100027520;152 534;A01;1;7;0;2;1;1;1;
42703;202100027522;152 529;B01;1;43;0;2;1;1;1;
42704;202100027522;152 530;A01;1;7;0;2;6;10;1;
42705;202100027523;152 528;A01;2;30;6;0;1;14;1;
42706;202100027524;152 527;A01;2;30;0;0;8;9;3;
42707;202100027525;152 526;A01;1;7;0;1;3;16;1;
42708;202100027526;152 525;A01;2;2;0;1;1;26;1;
42709;202100027527;152 524;A01;2;38;0;1;3;15;1;1.0
42710;202100027528;152 523;A01;2;30;14;0;1;1;1;
42711;202100027529;152 521;B01;0;7;0;2;1;26;1;
42712;202100027529;152 522;A01;0;2;0;2;1;26;0;
42713;202100027530;152 519;A01;1;7;0;2;2;15;1;
42714;202100027530;152 520;B01;2;7;0;2;1;1;1;
42715;202100027532;152 514;B01;1;7;1;2;1;0;1;
42716;202100027532;152 515;C01;1;7;1;2;0;0;1;
42717;202100027532;152 516;A01;1;7;0;2;1;9;1;
42718;202100027533;152 513;A01;1;10;0;1;1;0;1;
42719;202100027534;152 511;A01;1;7;0;2;3;18;1;
42720;202100027534;152 512;Y01;1;1;0;2;7;21;5;
42721;202100027535;152 509;B01;0;32;0;0;0;0;1;
42722;202100027535;152 510;A01;0;7;0;2;2;9;1;
42723;202100027536;152 507;B01;0;7;0;2;3;1;1;
42724;202100027536;152 508;A01;0;7;0;2;7;15;1;
42725;202100027537;152 505;A01;1;7;0;2;3;15;1;
42726;202100027537;152 506;B01;2;30;0;2;1;2;1;
42727;202100027538;152 503;A01;0;99;0;2;1;1;0;
42728;202100027538;152 504;B01;0;33;0;2;2;1;1;
42729;202100027539;152 502;A01;2;7;1;0;2;14;1;
42730;202100027540;152 500;B01;0;80;1;0;0;0;3;
42731;202100027540;152 501;A01;0;7;0;2;3;24;1;
42732;202100027541;152 498;B01;0;7;0;2;1;2;1;
42733;202100027541;152 499;A01;3;7;0;2;2;2;1;
42734;202100027542;152 497;A01;2;7;1;0;1;1;1;
42735;202100027543;152 496;A01;3;7;8;0;0;2;1;
42736;202100027544;152 494;A01;1;7;0;2;1;1;1;
42737;202100027544;152 495;B01;3;2;0;2;1;1;1;
42738;202100027545;152 493;A01;2;1;0;0;0;1;5;
42739;202100027546;152 491;A01;3;7;0;2;1;20;2;
42740;202100027546;152 492;B01;2;1;0;2;7;1;5;
42741;202100027547;152 488;C01;2;17;0;2;3;1;1;
42742;202100027547;152 489;B01;2;7;0;2;4;1;1;
42743;202100027547;152 490;A01;2;7;0;2;1;2;1;
42744;202100027548;152 486;B01;2;7;0;2;4;1;0;
42745;202100027548;152 487;A01;2;7;0;2;1;1;0;