;Num_Acc;id_vehicule;num_veh;senc;catv;obs;obsm;choc;manv;motor;occutc
42746;202100027549;152 484;B01;2;7;0;2;1;15;1;
42747;202100027549;152 485;A01;2;7;0;2;1;14;1;
42748;202100027550;152 477;A01;2;7;0;1;3;1;1;
42749;202100027551;152 475;A01;1;7;2;0;3;2;1;
42750;202100027551;152 476;B01;1;7;0;2;5;12;0;
42751;202100027553;152 472;B01;2;2;0;2;1;1;1;
42752;202100027553;152 473;A01;1;7;0;2;7;15;1;
42753;202100027554;152 471;A01;1;7;0;1;1;1;1;
42754;202100027555;152 469;A01;3;7;0;2;1;1;1;
42755;202100027555;152 470;B01;3;1;0;2;0;0;5;
42756;202100027556;152 467;B01;2;7;0;2;6;15;1;
42757;202100027556;152 468;A01;2;7;0;2;2;1;1;
42758;202100027557;152 465;B01;2;2;0;2;7;17;1;
42759;202100027557;152 466;A01;2;7;0;2;3;15;1;
42760;202100027558;152 464;A01;2;7;0;1;2;1;1;
42761;202100027559;152 462;B01;2;10;0;2;6;1;1;
42762;202100027559;152 463;A01;2;33;0;2;2;3;1;
42763;202100027560;152 459;A01;2;7;0;2;2;12;1;
42764;202100027560;152 460;B01;2;7;4;2;6;1;1;
42765;202100027560;152 461;C01;2;10;0;2;1;1;1;
42766;202100027561;152 458;A01;1;32;11;0;1;13;1;
42767;202100027562;152 456;A01;2;30;0;2;2;17;1;
42768;202100027562;152 457;B01;2;10;0;2;3;15;1;
42769;202100027563;152 455;A01;2;7;0;1;3;1;1;
42770;202100027565;152 451;A01;2;1;0;2;7;17;5;
42771;202100027565;152 452;B01;2;1;0;2;8;13;5;
42772;202100027567;152 447;A01;1;1;0;2;7;1;5;
42773;202100027567;152 448;B01;1;7;0;2;3;15;1;
42774;202100027569;152 444;A01;1;32;0;1;3;1;1;
42775;202100027570;152 442;A01;1;7;0;2;4;23;1;
42776;202100027570;152 443;B01;3;10;0;2;1;2;1;
42777;202100027571;152 440;B01;1;1;0;2;3;1;5;
42778;202100027571;152 441;A01;1;10;0;0;2;16;1;
42779;202100027572;152 438;A01;3;50;0;2;3;19;3;
42780;202100027572;152 439;Z01;1;7;0;2;3;1;0;
42781;202100027574;152 434;B01;2;1;0;2;1;1;5;
42782;202100027574;152 435;A01;2;10;0;2;6;22;1;
42783;202100027576;152 432;A01;2;50;1;0;1;1;3;
42784;202100027578;152 428;A01;2;31;0;2;1;1;1;
42785;202100027578;152 429;B01;2;7;0;2;5;23;1;
42786;202100027579;152 427;A01;2;34;0;0;8;26;1;
42787;202100027580;152 426;A01;2;30;12;0;7;1;1;
42788;202100027581;152 424;A01;1;7;0;2;1;1;1;
42789;202100027581;152 425;B01;1;7;0;2;4;23;1;
42790;202100027582;152 422;B01;2;30;0;2;1;2;1;
42791;202100027582;152 423;A01;1;7;1;2;3;13;1;
42792;202100027583;152 421;A01;2;7;0;1;2;1;1;
42793;202100027584;152 419;B01;1;33;0;2;3;18;1;
42794;202100027584;152 420;A01;1;10;0;2;2;20;1;
42795;202100027585;152 417;B01;3;34;0;2;1;0;1;
42796;202100027585;152 418;A01;3;37;0;2;3;9;1;1.0
42797;202100027586;152 416;A01;1;10;12;1;-1;14;1;
42798;202100027587;152 414;A01;0;1;0;2;1;1;0;
42799;202100027587;152 415;B01;0;7;0;2;2;1;1;
42800;202100027588;152 412;B01;0;10;0;2;3;15;0;
42801;202100027588;152 413;A01;0;33;0;2;1;1;1;
42802;202100027589;152 410;B01;2;34;0;2;1;0;1;
42803;202100027589;152 411;A01;2;30;0;2;2;5;1;
42804;202100027590;152 408;A01;0;30;0;2;4;0;1;
42805;202100027590;152 409;B01;0;7;0;2;3;2;1;
42806;202100027591;152 406;B01;0;99;0;2;6;0;0;
42807;202100027591;152 407;A01;2;32;0;2;1;0;0;
42808;202100027592;152 404;B01;1;1;0;2;8;1;5;
42809;202100027592;152 405;A01;1;7;0;2;3;15;1;
42810;202100027593;152 402;B01;2;7;0;2;1;1;1;
42811;202100027593;152 403;A01;1;7;0;2;7;15;1;
42812;202100027594;152 401;A01;2;33;0;1;1;1;1;
42813;202100027595;152 399;B01;2;30;0;2;1;1;1;
42814;202100027595;152 400;A01;1;7;0;2;7;26;1;
42815;202100027596;152 397;B01;1;38;0;2;3;1;1;1.0
42816;202100027596;152 398;A01;2;32;0;2;1;17;1;
42817;202100027597;152 394;C01;1;33;0;2;1;17;1;
42818;202100027597;152 395;B01;1;33;0;2;1;17;1;
42819;202100027597;152 396;A01;1;17;0;0;3;15;1;
42820;202100027598;152 392;B01;2;1;0;2;4;15;5;
42821;202100027598;152 393;A01;2;15;0;2;3;2;1;
42822;202100027599;152 390;B01;1;33;0;2;1;1;1;
42823;202100027599;152 391;A01;1;7;0;2;5;9;1;
42824;202100027600;152 387;C01;1;15;0;2;8;1;1;
42825;202100027600;152 388;B01;1;15;0;2;3;1;1;
42826;202100027600;152 389;A01;2;7;0;2;3;13;1;
42827;202100027601;152 385;B01;1;17;0;2;6;1;1;
42828;202100027601;152 386;A01;1;7;0;2;2;1;1;
42829;202100027602;152 383;A01;1;1;0;2;1;1;5;
42830;202100027602;152 384;B01;3;21;0;2;3;15;1;
42831;202100027603;152 382;A01;1;2;12;0;0;1;1;
42832;202100027604;152 381;A01;1;33;3;0;8;1;1;
42833;202100027605;152 379;B01;2;15;0;0;1;2;1;
42834;202100027605;152 380;A01;3;33;0;2;8;9;1;
42835;202100027606;152 377;B01;3;99;0;9;4;0;5;
42836;202100027606;152 378;A01;3;99;0;9;1;0;5;
42837;202100027607;152 376;A01;2;7;0;0;0;2;1;
42838;202100027609;152 374;A01;1;2;6;0;2;0;1;
42839;202100027610;152 373;A01;1;2;15;0;0;1;1;
42840;202100027611;152 372;A01;1;7;2;0;3;1;1;
42841;202100027612;152 371;A01;1;33;0;0;0;2;1;
42842;202100027613;152 369;B01;1;7;0;2;1;1;1;
42843;202100027613;152 370;A01;2;7;0;0;1;5;1;
42844;202100027614;152 367;B01;1;7;0;2;1;1;1;
42845;202100027614;152 368;A01;2;7;0;2;2;15;1;
42846;202100027615;152 364;A01;2;7;1;0;1;1;1;
42847;202100027615;152 365;C01;2;7;0;2;4;1;1;
42848;202100027615;152 366;D01;2;7;0;0;7;1;1;
42849;202100027616;152 360;A01;2;17;2;2;1;13;1;
42850;202100027616;152 361;C01;1;7;3;2;8;1;1;
42851;202100027616;152 362;B01;1;10;13;2;1;1;1;
42852;202100027617;152 358;B01;2;10;0;2;2;13;1;
42853;202100027617;152 359;A01;1;33;0;2;1;1;1;
42854;202100027619;152 355;B01;1;33;0;9;1;1;1;
42855;202100027619;152 356;A01;2;21;0;2;6;1;1;
42856;202100027620;152 353;B01;3;1;0;2;1;13;5;
42857;202100027620;152 354;A01;3;10;0;9;3;1;1;
42858;202100027621;152 351;A01;1;15;0;2;2;17;1;
42859;202100027621;152 352;B01;1;2;0;2;6;15;1;
42860;202100027622;152 348;C01;1;7;0;2;1;1;1;
42861;202100027622;152 349;B01;1;7;0;2;6;1;1;
42862;202100027622;152 350;A01;2;7;0;2;1;17;1;
42863;202100027623;152 347;A01;2;36;0;0;0;0;1;
42864;202100027624;152 346;A01;1;33;0;0;7;1;1;
42865;202100027625;152 344;B01;3;7;0;2;3;1;1;
42866;202100027625;152 345;A01;3;30;0;2;1;1;1;
42867;202100027626;152 342;A01;1;7;0;2;3;9;1;
42868;202100027626;152 343;B01;1;7;0;2;1;1;1;
42869;202100027627;152 339;A01;2;1;0;0;0;1;5;
42870;202100027629;152 335;A01;2;7;0;2;1;17;1;
42871;202100027629;152 336;B01;2;2;0;0;4;15;1;
42872;202100027630;152 334;A01;3;7;0;1;4;4;1;
42873;202100027631;152 332;A01;2;7;13;0;1;13;1;
42874;202100027632;152 329;A01;2;7;0;2;8;13;1;
42875;202100027632;152 330;B01;1;38;0;2;8;21;1;1.0
42876;202100027632;152 331;C01;1;7;0;2;3;21;1;
42877;202100027633;152 325;B01;1;33;0;2;1;21;1;
42878;202100027633;152 326;A01;2;7;0;2;5;15;1;
42879;202100027634;152 324;A01;2;7;8;0;0;1;1;
42880;202100027635;152 323;A01;1;2;0;0;0;1;1;
42881;202100027636;152 321;A01;2;21;0;2;5;11;1;
42882;202100027636;152 322;B01;1;31;0;2;3;16;1;
42883;202100027637;152 319;B01;1;7;0;2;7;19;1;
42884;202100027637;152 320;A01;2;7;0;2;1;1;1;
42885;202100027638;152 317;B01;2;33;0;2;2;17;1;
42886;202100027638;152 318;A01;2;13;0;2;3;10;0;
42887;202100027639;152 315;B01;0;33;0;2;1;1;1;
42888;202100027639;152 316;A01;1;7;0;2;7;19;1;
42889;202100027640;152 312;C01;1;7;0;2;2;1;1;
42890;202100027640;152 313;B01;1;7;0;2;8;1;1;
42891;202100027640;152 314;A01;2;7;0;2;3;5;1;
42892;202100027641;152 310;A01;1;33;0;0;2;3;1;
42893;202100027641;152 311;B01;1;7;0;0;3;15;1;
42894;202100027642;152 308;B01;2;32;0;2;1;1;1;
42895;202100027642;152 309;A01;1;10;0;2;3;15;0;
42896;202100027643;152 306;A01;1;2;0;2;8;13;1;
42897;202100027643;152 307;B01;1;7;0;2;2;1;1;
42898;202100027644;152 304;B01;2;33;0;2;1;1;1;
42899;202100027644;152 305;A01;1;7;0;2;2;15;1;
42900;202100027646;152 302;A01;2;7;15;0;1;1;1;
42901;202100027647;152 300;B01;3;33;0;2;1;1;0;
42902;202100027647;152 301;A01;3;7;0;2;3;16;1;
42903;202100027648;152 298;B01;2;10;0;2;2;1;1;
42904;202100027648;152 299;A01;1;33;0;2;1;13;1;
42905;202100027649;152 296;B01;1;7;0;2;2;1;1;
42906;202100027649;152 297;A01;2;2;0;2;7;15;1;
42907;202100027650;152 295;A01;2;33;0;6;1;1;1;
42908;202100027651;152 293;B01;1;7;0;2;3;0;1;
42909;202100027651;152 294;A01;1;1;0;2;1;17;5;
42910;202100027652;152 291;B01;3;2;0;0;1;1;1;
42911;202100027652;152 292;A01;3;7;0;0;4;1;1;
42912;202100027653;152 290;A01;1;7;13;0;1;13;1;
42913;202100027654;152 289;A01;3;7;0;1;2;1;1;
42914;202100027655;152 287;A01;2;10;0;9;2;9;1;
42915;202100027655;152 288;B01;2;1;0;0;5;26;5;
42916;202100027656;152 286;A01;3;2;15;0;1;1;1;
42917;202100027657;152 285;A01;3;7;0;1;0;0;1;
42918;202100027658;152 283;B01;2;7;0;2;7;14;1;
42919;202100027658;152 284;A01;2;1;0;2;8;1;5;
42920;202100027659;152 280;A01;1;7;0;2;1;9;1;
42921;202100027659;152 281;B01;1;7;0;2;4;1;1;
42922;202100027659;152 282;C01;1;7;0;2;4;1;1;
42923;202100027660;152 278;B01;1;7;0;2;1;2;1;
42924;202100027660;152 279;A01;1;7;0;2;4;2;1;
42925;202100027661;152 276;A01;2;7;0;2;4;1;1;
42926;202100027661;152 277;Z01;2;7;0;2;1;2;1;
42927;202100027662;152 274;B01;2;10;0;2;7;1;1;
42928;202100027662;152 275;A01;2;33;0;2;1;13;1;
42929;202100027663;152 273;A01;1;7;4;0;0;12;1;
42930;202100027664;152 271;B01;1;13;0;2;6;1;1;
42931;202100027664;152 272;A01;1;7;0;2;7;17;1;
42932;202100027665;152 269;B01;1;33;0;2;1;1;1;
42933;202100027665;152 270;A01;1;10;0;2;4;12;1;
42934;202100027666;152 267;B01;2;7;0;2;3;2;1;
42935;202100027666;152 268;A01;2;7;0;2;1;2;1;
42936;202100027668;152 263;B01;1;7;0;2;4;16;1;
42937;202100027668;152 264;A01;1;7;0;2;1;2;1;
42938;202100027669;152 261;B01;2;14;0;2;2;1;1;
42939;202100027669;152 262;A01;2;7;0;2;3;9;1;
42940;202100027671;152 257;B01;2;7;0;2;4;1;1;
42941;202100027671;152 258;A01;2;7;0;2;1;1;1;
42942;202100027672;152 255;A01;1;33;0;2;1;1;1;
42943;202100027672;152 256;B01;1;7;0;2;5;2;1;
42944;202100027673;152 253;B01;2;7;0;2;4;11;1;
42945;202100027673;152 254;A01;2;31;0;2;1;3;1;
42946;202100027674;152 250;A01;1;13;0;2;3;11;1;
42947;202100027674;152 251;C01;1;10;0;2;1;2;1;
42948;202100027674;152 252;B01;1;7;6;2;2;1;1;
42949;202100027676;152 242;A01;1;14;0;2;1;2;1;
42950;202100027676;152 243;B01;1;7;0;2;4;2;1;
42951;202100027676;152 244;Z01;1;15;0;2;4;2;0;
42952;202100027677;152 240;B01;1;15;0;2;2;1;0;
42953;202100027677;152 241;A01;1;7;0;2;6;11;1;
42954;202100027678;152 239;A01;3;7;0;1;1;15;2;
42955;202100027679;152 238;A01;1;37;0;1;0;15;1;1.0
42956;202100027680;152 236;B01;3;7;0;2;1;1;1;
42957;202100027680;152 237;A01;0;7;0;2;2;14;1;
42958;202100027682;152 233;A01;2;30;0;2;6;21;1;
42959;202100027682;152 234;B01;1;7;0;2;3;1;1;
42960;202100027683;152 231;B01;1;7;0;2;4;0;1;
42961;202100027683;152 232;A01;1;7;0;2;1;1;1;
42962;202100027684;152 229;A01;0;7;0;2;1;15;1;
42963;202100027684;152 230;B01;1;32;0;2;7;17;1;
42964;202100027685;152 228;A01;2;10;0;1;7;20;1;
42965;202100027686;152 227;B01;3;7;0;1;0;0;3;
42966;202100027687;152 225;B01;0;50;0;2;0;2;3;
42967;202100027687;152 226;A01;2;7;0;2;3;2;1;
42968;202100027688;152 224;A01;0;7;0;1;1;1;1;
42969;202100027689;152 222;A01;1;30;0;2;7;1;1;
42970;202100027689;152 223;B01;2;7;0;2;2;1;1;
42971;202100027690;152 220;A01;2;7;0;2;2;15;1;
42972;202100027690;152 221;B01;1;7;0;2;1;1;1;
42973;202100027691;152 219;A01;2;7;0;1;1;1;1;
42974;202100027692;152 216;A01;1;32;1;0;1;26;1;
42975;202100027692;152 217;B01;1;31;1;2;4;2;1;
42976;202100027692;152 218;C01;1;7;0;2;4;23;1;
42977;202100027693;152 214;A01;2;7;0;2;1;15;1;
42978;202100027693;152 215;B01;1;7;0;2;3;2;1;
42979;202100027694;152 212;A01;1;31;0;2;1;16;1;
42980;202100027694;152 213;B01;0;7;0;2;5;16;1;
42981;202100027695;152 210;A01;0;7;0;2;1;17;1;
42982;202100027695;152 211;B01;0;7;0;2;1;1;1;
42983;202100027696;152 208;B01;2;32;0;2;1;1;1;
42984;202100027696;152 209;A01;2;7;0;2;2;10;1;
42985;202100027698;152 205;A01;2;7;0;1;1;1;1;
42986;202100027699;152 204;A01;1;7;0;1;0;1;1;
42987;202100027700;152 202;A01;0;7;0;2;3;10;1;
42988;202100027700;152 203;B01;0;2;0;2;1;1;1;
42989;202100027701;152 200;B01;1;7;0;2;5;1;1;
42990;202100027701;152 201;A01;1;33;0;2;1;9;1;
42991;202100027702;152 198;A01;3;7;0;2;1;9;1;
42992;202100027702;152 199;B01;1;33;0;2;1;0;1;
42993;202100027703;152 196;Z01;0;7;0;2;1;1;0;
42994;202100027703;152 197;B01;0;7;0;2;3;1;0;
42995;202100027704;152 194;B01;2;17;0;2;2;1;1;
42996;202100027704;152 195;A01;2;7;0;2;6;9;1;
42997;202100027705;152 193;A01;1;7;3;2;1;14;1;
42998;202100027706;152 192;A01;2;7;0;1;1;26;1;
42999;202100027707;152 190;A01;3;7;0;2;1;15;1;
43000;202100027707;152 191;B01;3;33;0;2;1;0;1;
43001;202100027708;152 187;C01;2;10;0;0;4;2;1;
43002;202100027708;152 188;B01;2;7;0;2;6;2;1;
43003;202100027708;152 189;A01;2;10;0;2;2;2;1;
43004;202100027709;152 185;A01;2;30;0;2;1;21;1;
43005;202100027709;152 186;B01;1;7;0;2;0;15;1;
43006;202100027710;152 183;B01;1;10;0;2;1;5;1;
43007;202100027710;152 184;A01;2;7;0;2;1;1;1;
43008;202100027711;152 178;A01;1;7;8;0;2;14;1;
43009;202100027712;152 177;A01;0;7;4;0;3;1;1;
43010;202100027713;152 176;A01;2;37;0;1;2;26;1;1.0
43011;202100027714;152 175;A01;2;7;2;0;1;14;1;
43012;202100027715;152 174;A01;1;7;0;1;1;2;1;
43013;202100027716;152 172;A01;1;7;0;2;1;1;1;
43014;202100027716;152 173;B01;2;7;0;2;3;1;1;
43015;202100027717;152 170;B01;2;33;0;2;1;1;1;
43016;202100027717;152 171;A01;1;10;0;2;2;15;1;
43017;202100027718;152 168;A01;1;7;0;2;2;16;1;
43018;202100027718;152 169;B01;1;7;0;2;3;16;1;
43019;202100027719;152 166;A01;1;7;0;1;2;1;1;
43020;202100027719;152 167;B01;1;7;0;1;6;1;1;
43021;202100027720;152 165;A01;2;7;0;1;1;16;0;
43022;202100027721;152 162;C01;1;7;0;2;4;2;1;
43023;202100027721;152 163;B01;1;7;0;2;4;2;1;
43024;202100027721;152 164;A01;1;7;0;2;1;2;1;
43025;202100027722;152 161;A01;0;32;0;0;0;21;0;
43026;202100027723;152 159;B01;2;7;0;2;4;1;1;
43027;202100027723;152 160;A01;2;7;0;2;1;1;1;
43028;202100027724;152 158;A01;3;7;1;0;0;0;1;
43029;202100027725;152 156;A01;1;31;0;0;0;0;1;
43030;202100027725;152 157;B01;1;1;0;2;3;19;5;
43031;202100027726;152 154;B01;0;7;0;2;2;1;1;
43032;202100027726;152 155;A01;0;80;0;2;7;19;3;
43033;202100027727;152 152;A01;1;7;0;2;2;9;1;
43034;202100027727;152 153;B01;1;1;0;2;1;1;5;
43035;202100027728;152 150;A01;0;1;0;2;1;16;5;
43036;202100027728;152 151;B01;0;7;0;9;3;15;1;
43037;202100027729;152 149;Z01;1;30;0;1;1;1;1;
43038;202100027730;152 146;Z01;1;30;0;1;7;14;1;
43039;202100027731;152 145;A01;1;7;0;1;1;1;1;
43040;202100027732;152 143;A01;1;30;0;2;1;26;1;
43041;202100027732;152 144;B01;1;7;0;2;8;1;1;
43042;202100027733;152 141;B01;1;2;0;2;3;1;1;
43043;202100027733;152 142;A01;1;7;0;2;2;12;1;
43044;202100027734;152 140;A01;3;7;8;0;1;1;1;
43045;202100027735;152 138;A01;0;1;0;2;4;16;5;
43046;202100027735;152 139;B01;3;7;0;2;3;9;1;
43047;202100027736;152 136;B01;0;7;0;2;3;2;1;
43048;202100027736;152 137;A01;0;30;0;2;1;13;1;
43049;202100027738;152 132;A01;3;7;0;2;3;17;1;
43050;202100027738;152 133;B01;3;80;0;2;5;19;3;
43051;202100027739;152 130;B01;2;7;0;2;4;2;1;
43052;202100027739;152 131;A01;2;7;0;2;1;2;1;
43053;202100027740;152 128;B01;2;7;0;2;6;2;1;
43054;202100027740;152 129;A01;2;7;0;2;1;1;1;
43055;202100027741;152 125;A01;2;1;8;0;1;1;5;
43056;202100027742;152 123;B01;3;33;0;2;7;1;1;
43057;202100027742;152 124;A01;3;7;0;2;8;15;1;
43058;202100027743;152 121;A01;1;7;0;2;7;1;1;
43059;202100027743;152 122;B01;2;1;0;2;3;1;5;
43060;202100027744;152 119;A01;3;7;0;2;1;9;1;
43061;202100027744;152 120;B01;2;7;0;2;7;1;1;
43062;202100027745;152 116;B01;2;7;0;2;5;15;1;
43063;202100027745;152 117;A01;2;7;0;2;3;2;1;
43064;202100027746;152 115;A01;1;7;13;0;1;26;1;
43065;202100027747;152 111;C01;2;7;0;2;1;0;1;
43066;202100027747;152 112;B01;2;7;0;2;1;0;1;
43067;202100027747;152 113;D01;2;7;0;2;4;0;0;
43068;202100027747;152 114;A01;2;7;0;2;0;26;1;
43069;202100027748;152 109;A01;1;30;8;0;3;1;1;
43070;202100027749;152 107;A01;1;33;0;2;6;23;1;
43071;202100027749;152 108;Z01;1;30;14;0;1;0;0;
43072;202100027750;152 105;B01;0;7;0;2;3;2;1;
43073;202100027750;152 106;A01;0;31;0;2;1;0;1;
43074;202100027751;152 103;B01;2;7;0;2;4;1;0;
43075;202100027751;152 104;A01;2;7;0;2;1;1;0;
43076;202100027753;152 099;A01;1;31;0;2;1;13;1;
43077;202100027753;152 100;B01;2;7;0;2;3;1;1;
43078;202100027754;152 098;A01;1;7;9;0;1;16;1;
43079;202100027755;152 096;B01;2;7;0;2;4;2;1;
43080;202100027755;152 097;A01;2;7;0;2;1;2;1;
43081;202100027756;152 094;A01;1;33;0;2;2;9;1;
43082;202100027756;152 095;B01;1;7;0;2;6;1;1;
43083;202100027757;152 092;Z01;2;7;0;2;3;11;0;
43084;202100027757;152 093;A01;2;43;0;2;5;21;1;
43085;202100027758;152 091;A01;1;1;4;0;1;13;5;
43086;202100027759;152 089;B01;1;32;0;2;3;1;1;
43087;202100027759;152 090;A01;2;7;0;2;2;16;1;
43088;202100027760;152 087;A01;1;7;0;2;1;1;1;
43089;202100027760;152 088;B01;2;7;0;2;3;1;1;
43090;202100027761;152 085;B01;2;80;0;2;8;1;3;
43091;202100027761;152 086;A01;1;10;0;2;1;15;1;
43092;202100027762;152 084;A01;1;1;0;0;0;21;5;
43093;202100027763;152 082;B01;2;32;0;2;5;1;1;
43094;202100027763;152 083;A01;2;7;0;2;3;11;1;
43095;202100027765;152 079;B01;2;1;0;2;0;7;5;
43096;202100027765;152 080;A01;2;7;0;2;2;13;2;
43097;202100027766;152 077;A01;3;1;0;2;8;1;5;
43098;202100027766;152 078;B01;1;43;0;2;2;1;1;
43099;202100027767;152 075;A01;1;7;0;2;1;1;2;
43100;202100027767;152 076;B01;1;7;0;2;3;1;3;
43101;202100027768;152 074;A01;3;10;2;0;1;14;1;
43102;202100027769;152 073;A01;2;32;0;0;3;21;1;
43103;202100027771;152 071;A01;2;1;0;0;0;1;5;
43104;202100027772;152 070;A01;3;7;0;1;1;1;1;
43105;202100027773;152 068;A01;2;33;0;2;2;21;1;
43106;202100027773;152 069;B01;2;1;0;2;1;0;5;
43107;202100027774;152 067;A01;1;7;1;0;8;1;1;
43108;202100027775;152 065;A01;1;7;0;2;0;10;1;
43109;202100027775;152 066;B01;2;2;0;2;1;1;1;
43110;202100027776;152 064;Z01;1;7;0;1;1;26;1;
43111;202100027777;152 062;B01;3;33;10;2;1;1;1;
43112;202100027777;152 063;A01;3;10;10;2;2;12;1;
43113;202100027778;152 061;A01;3;7;9;0;1;1;0;
43114;202100027779;152 059;B01;3;33;0;2;1;1;1;
43115;202100027779;152 060;A01;3;7;0;2;6;11;1;
43116;202100027780;152 058;A01;1;37;0;1;3;19;1;1.0
43117;202100027782;152 054;B01;3;7;0;2;6;1;1;
43118;202100027782;152 055;A01;3;7;0;2;1;19;1;
43119;202100027783;152 053;A01;1;7;0;1;3;1;1;
43120;202100027784;152 052;A01;1;43;9;2;8;15;1;
43121;202100027785;152 050;B01;1;2;1;0;3;14;1;
43122;202100027785;152 051;A01;0;7;0;2;3;24;1;
43123;202100027786;152 048;B01;2;1;0;2;3;1;0;
43124;202100027786;152 049;A01;2;30;0;2;1;19;1;
43125;202100027787;152 046;A01;1;7;0;2;6;9;1;
43126;202100027787;152 047;B01;1;33;0;2;1;1;1;
43127;202100027788;152 044;A01;1;7;0;2;4;20;0;
43128;202100027788;152 045;B01;1;2;0;2;1;1;0;
43129;202100027789;152 042;A01;2;14;0;2;7;16;1;
43130;202100027789;152 043;B01;2;1;0;2;1;1;5;
43131;202100027790;152 040;B01;1;10;0;2;2;16;1;
43132;202100027790;152 041;A01;1;80;0;2;1;1;3;
43133;202100027791;152 037;A01;2;7;0;2;3;19;1;
43134;202100027791;152 038;B01;2;33;0;2;1;1;1;
43135;202100027792;152 035;B01;1;7;0;2;3;25;0;
43136;202100027792;152 036;A01;1;33;0;2;1;2;1;
43137;202100027793;152 034;A01;2;7;6;0;0;14;1;
43138;202100027794;152 031;B01;1;33;3;2;3;0;1;
43139;202100027794;152 032;A01;1;7;0;2;7;12;1;
43140;202100027795;152 030;A01;0;7;3;0;7;1;1;
43141;202100027796;152 029;A01;2;33;12;0;1;1;1;
43142;202100027797;152 027;A01;3;7;0;2;1;1;1;
43143;202100027797;152 028;B01;3;21;0;2;3;1;1;
43144;202100027798;152 025;A01;1;7;4;0;7;1;1;
43145;202100027798;152 026;B01;1;7;3;2;2;18;1;
43146;202100027799;152 024;A01;2;33;13;0;2;2;1;
43147;202100027801;152 018;A01;2;7;0;0;4;2;1;
43148;202100027801;152 019;B01;2;7;0;0;1;2;1;
43149;202100027802;152 017;A01;2;33;0;6;1;1;1;
43150;202100027804;152 014;B01;2;7;0;2;8;15;1;
43151;202100027804;152 015;A01;2;33;0;2;7;17;1;
43152;202100027805;152 013;A01;2;7;2;0;9;0;1;
43153;202100027806;152 012;A01;2;10;13;0;2;14;1;
43154;202100027807;152 010;B01;2;33;0;2;1;17;1;
43155;202100027807;152 011;A01;1;7;0;2;3;19;1;
43156;202100027808;152 008;B01;1;33;0;2;1;0;1;
43157;202100027808;152 009;A01;2;7;0;2;3;0;2;
43158;202100027809;152 006;B01;2;7;0;2;1;1;1;
43159;202100027809;152 007;A01;2;33;7;2;7;1;1;
43160;202100027810;152 003;B01;2;7;0;2;6;9;1;
43161;202100027810;152 004;A01;2;33;0;2;1;1;1;
43162;202100027811;152 001;A01;2;33;0;2;1;1;1;
43163;202100027811;152 002;B01;1;7;0;0;5;19;1;
43164;202100027813;151 998;A01;1;34;13;0;1;1;1;
43165;202100027814;151 997;A01;1;1;0;6;6;1;0;
43166;202100027815;151 996;A01;3;7;13;0;3;13;1;
43167;202100027816;151 992;A01;1;7;0;2;3;1;1;
43168;202100027816;151 993;C01;1;7;0;2;4;1;1;
43169;202100027816;151 994;B01;2;7;0;2;3;15;1;
43170;202100027816;151 995;D01;1;21;0;2;1;1;1;
43171;202100027818;151 989;A01;3;80;0;0;0;1;3;
43172;202100027820;151 986;B01;1;7;0;2;4;1;1;
43173;202100027820;151 987;A01;1;10;0;2;1;1;1;
43174;202100027821;151 985;A01;3;1;0;0;0;1;5;
43175;202100027822;151 984;A01;3;2;2;0;0;0;1;
43176;202100027823;151 982;B01;2;7;0;2;1;1;1;
43177;202100027823;151 983;A01;1;7;0;2;1;0;1;
43178;202100027824;151 980;B01;1;7;0;2;3;1;1;
43179;202100027824;151 981;A01;2;33;0;2;8;1;1;
43180;202100027825;151 977;A01;1;2;0;2;1;2;1;
43181;202100027825;151 978;B01;1;7;0;0;6;2;1;
43182;202100027825;151 979;C01;2;7;0;0;3;1;1;
43183;202100027826;151 976;A01;2;33;3;0;3;1;1;
43184;202100027827;151 975;A01;0;2;13;0;1;1;1;
43185;202100027828;151 973;A01;3;15;0;9;0;17;0;
43186;202100027828;151 974;B01;3;1;0;0;0;0;5;
43187;202100027829;151 971;A01;2;7;1;0;3;15;1;
43188;202100027829;151 972;B01;0;7;0;0;5;24;1;
43189;202100027830;151 969;A01;2;7;0;2;1;15;1;
43190;202100027830;151 970;B01;1;7;0;2;1;1;1;
43191;202100027831;151 967;B01;1;33;0;2;1;1;1;
43192;202100027831;151 968;A01;2;7;0;2;1;15;1;
43193;202100027832;151 966;A01;1;7;2;0;1;13;1;
43194;202100027833;151 965;A01;1;7;2;0;1;1;1;
43195;202100027834;151 963;A01;2;32;0;2;1;2;1;
43196;202100027834;151 964;B01;2;7;0;0;4;1;1;
43197;202100027835;151 962;A01;1;7;0;0;9;1;1;
43198;202100027836;151 960;B01;3;13;0;2;6;16;1;
43199;202100027836;151 961;A01;1;7;0;2;3;1;1;
43200;202100027837;151 958;B01;2;10;0;2;2;15;1;
43201;202100027837;151 959;A01;1;7;0;2;1;15;1;
43202;202100027838;151 954;B01;2;7;0;0;4;23;1;
43203;202100027838;151 955;A01;2;32;0;2;1;23;1;
43204;202100027839;151 953;A01;2;17;0;0;2;1;1;
43205;202100027840;151 951;A01;2;7;2;0;1;1;1;
43206;202100027841;151 950;A01;1;0;0;1;1;1;0;