;Num_Acc;id_vehicule;num_veh;senc;catv;obs;obsm;choc;manv;motor;occutc
43207;202100027842;151 949;A01;1;2;0;0;0;1;1;
43208;202100027844;151 945;A01;3;7;0;0;4;1;0;
43209;202100027844;151 946;B01;3;2;0;2;1;1;1;
43210;202100027845;151 943;A01;1;32;0;2;8;5;1;
43211;202100027845;151 944;B01;2;7;0;2;3;1;1;
43212;202100027846;151 942;A01;3;7;0;1;1;2;1;
43213;202100027847;151 940;A01;2;7;0;2;1;2;1;
43214;202100027847;151 941;B01;2;7;0;2;4;2;1;
43215;202100027848;151 938;A01;2;10;0;2;3;15;1;
43216;202100027848;151 939;B01;2;33;1;2;5;17;1;
43217;202100027849;151 936;B01;2;33;0;2;7;1;1;
43218;202100027849;151 937;A01;2;7;0;2;1;26;1;
43219;202100027850;151 935;A01;1;7;13;0;1;17;1;
43220;202100027851;151 933;B01;2;7;0;2;3;0;1;
43221;202100027851;151 934;A01;1;33;0;2;1;1;1;
43222;202100027852;151 932;A01;2;10;0;1;2;1;1;
43223;202100027853;151 931;A01;1;7;0;1;2;16;1;
43224;202100027854;151 929;A01;2;33;1;0;1;1;1;
43225;202100027855;151 928;A01;2;33;4;0;7;1;1;
43226;202100027856;151 927;A01;1;7;2;0;7;14;1;
43227;202100027857;151 925;A01;1;7;0;2;1;15;1;
43228;202100027857;151 926;B01;1;31;0;2;1;1;1;
43229;202100027858;151 923;B01;1;33;0;2;1;2;1;
43230;202100027858;151 924;A01;1;7;0;2;4;1;3;
43231;202100027860;151 918;B01;2;7;0;2;4;1;1;
43232;202100027860;151 919;A01;2;7;0;2;4;1;1;
43233;202100027860;151 920;C01;2;7;0;2;1;12;1;
43234;202100027861;151 914;D01;2;10;0;2;1;2;1;
43235;202100027861;151 915;C01;2;10;0;2;4;0;1;
43236;202100027861;151 916;B01;2;7;0;2;4;1;1;
43237;202100027861;151 917;A01;2;7;0;2;7;1;1;
43238;202100027862;151 912;B01;1;7;0;2;4;1;1;
43239;202100027862;151 913;A01;1;7;0;2;1;2;1;
43240;202100027863;151 910;A01;1;7;0;2;1;1;1;
43241;202100027863;151 911;B01;1;17;0;2;4;2;1;
43242;202100027864;151 906;D01;2;7;0;2;1;2;1;
43243;202100027864;151 907;C01;2;7;0;2;1;2;1;
43244;202100027864;151 908;B01;2;17;0;2;2;2;1;
43245;202100027864;151 909;A01;2;7;0;2;4;4;1;
43246;202100027865;151 904;B01;1;99;0;2;4;2;1;
43247;202100027865;151 905;A01;1;7;0;2;1;1;1;
43248;202100027866;151 903;A01;1;31;0;2;1;2;1;
43249;202100027867;151 901;B01;2;7;0;2;8;13;1;
43250;202100027867;151 902;A01;2;33;0;2;2;3;1;
43251;202100027868;151 899;A01;2;7;4;2;1;14;1;
43252;202100027868;151 900;B01;2;15;0;2;4;2;1;
43253;202100027869;151 898;A01;3;7;0;1;3;1;1;
43254;202100027870;151 896;B01;2;0;13;2;0;5;0;
43255;202100027870;151 897;A01;1;7;4;2;8;1;1;
43256;202100027872;151 892;B01;3;7;1;0;5;0;1;
43257;202100027872;151 893;A01;3;33;1;0;1;2;1;
43258;202100027873;151 890;B01;3;7;0;2;4;1;1;
43259;202100027873;151 891;A01;3;7;0;2;1;1;1;
43260;202100027874;151 889;A01;1;7;0;1;3;15;1;
43261;202100027875;151 887;A01;2;7;0;9;1;15;1;
43262;202100027875;151 888;B01;1;1;0;2;3;21;5;
43263;202100027876;151 885;B01;1;7;0;2;3;1;1;
43264;202100027876;151 886;A01;3;10;0;2;1;1;1;
43265;202100027877;151 884;A01;3;7;14;0;1;1;0;
43266;202100027878;151 882;B01;0;7;0;2;2;19;1;
43267;202100027878;151 883;A01;0;7;0;2;7;19;1;
43268;202100027879;151 879;C01;1;7;0;2;4;1;1;
43269;202100027879;151 880;B01;1;7;0;2;8;2;1;
43270;202100027879;151 881;A01;1;7;0;2;2;12;1;
43271;202100027880;151 877;A01;1;10;6;0;1;15;1;
43272;202100027880;151 878;B01;2;1;0;2;7;0;0;
43273;202100027881;151 876;A01;1;32;1;1;1;7;1;
43274;202100027882;151 874;A01;1;7;0;2;8;15;1;
43275;202100027882;151 875;B01;2;7;0;0;0;0;1;
43276;202100027883;151 872;A01;1;7;0;2;2;1;1;
43277;202100027883;151 873;B01;1;1;0;2;7;1;5;
43278;202100027884;151 870;B01;2;7;0;0;6;23;1;
43279;202100027884;151 871;A01;2;7;1;0;2;1;1;
43280;202100027885;151 868;B01;2;7;0;1;4;1;1;
43281;202100027885;151 869;A01;2;7;0;2;1;1;1;
43282;202100027886;151 865;A01;1;10;0;2;1;9;1;
43283;202100027886;151 866;C01;1;10;0;2;4;2;1;
43284;202100027886;151 867;B01;1;10;0;2;4;1;1;
43285;202100027888;151 861;A01;0;1;0;1;1;25;5;
43286;202100027890;151 858;B01;2;7;0;2;7;1;1;
43287;202100027890;151 859;A01;2;7;0;2;1;1;1;
43288;202100027891;151 856;A01;0;7;0;2;5;15;1;
43289;202100027891;151 857;B01;0;2;0;2;1;1;1;
43290;202100027892;151 854;B01;0;7;0;9;1;1;1;
43291;202100027892;151 855;A01;0;50;0;2;1;19;3;
43292;202100027893;151 853;A01;0;31;0;0;1;15;1;
43293;202100027894;151 852;A01;0;31;0;1;1;1;1;
43294;202100027895;151 849;C01;0;7;0;2;1;1;1;
43295;202100027895;151 850;B01;3;33;0;2;1;17;1;
43296;202100027895;151 851;A01;0;7;0;2;1;13;1;
43297;202100027896;151 846;A01;2;7;8;0;2;14;1;
43298;202100027897;151 845;A01;0;36;0;0;7;10;1;
43299;202100027899;151 841;A01;2;31;0;2;1;2;1;
43300;202100027899;151 842;B01;2;7;0;2;4;2;1;
43301;202100027900;151 839;B01;1;7;0;2;4;2;1;
43302;202100027900;151 840;A01;1;7;0;2;2;2;1;
43303;202100027901;151 837;B01;3;1;0;2;8;1;0;
43304;202100027901;151 838;A01;2;7;0;2;2;16;2;
43305;202100027902;151 832;A01;2;7;0;2;7;16;1;
43306;202100027902;151 833;B01;2;7;0;2;8;16;1;
43307;202100027902;151 834;C01;1;7;0;2;8;1;1;
43308;202100027902;151 835;D01;1;7;0;2;3;1;1;
43309;202100027902;151 836;E01;1;7;0;2;6;1;1;
43310;202100027903;151 831;A01;3;7;0;2;2;15;1;
43311;202100027905;151 827;B01;2;1;0;2;8;1;0;
43312;202100027905;151 828;A01;2;33;0;2;5;16;1;
43313;202100027907;151 825;A01;2;2;12;0;7;1;1;
43314;202100027908;151 823;A01;1;7;0;2;2;15;1;
43315;202100027908;151 824;B01;2;2;0;2;1;8;1;
43316;202100027909;151 821;B01;2;33;0;2;3;16;1;
43317;202100027909;151 822;A01;2;33;0;2;1;1;1;
43318;202100027910;151 820;A01;2;7;9;0;1;19;1;
43319;202100027911;151 819;A01;1;7;0;1;1;1;1;
43320;202100027912;151 817;B01;1;2;0;2;0;0;1;
43321;202100027912;151 818;A01;1;7;0;2;7;16;1;
43322;202100027913;151 815;A01;1;7;0;1;7;1;1;
43323;202100027914;151 813;B01;1;7;0;2;4;2;3;
43324;202100027914;151 814;A01;1;7;0;2;2;2;1;
43325;202100027915;151 811;A01;3;1;0;9;3;9;5;
43326;202100027915;151 812;B01;3;80;0;2;1;1;3;
43327;202100027916;151 809;A01;1;7;0;2;1;19;1;
43328;202100027916;151 810;B01;1;1;0;2;3;19;5;
43329;202100027917;151 808;A01;1;30;0;0;1;26;1;
43330;202100027918;151 805;A01;1;7;0;2;3;15;1;
43331;202100027918;151 806;B01;2;7;0;0;5;1;1;
43332;202100027918;151 807;C01;2;7;16;2;3;1;1;
43333;202100027919;151 803;A01;0;1;0;2;1;17;5;
43334;202100027919;151 804;B01;0;1;0;0;0;1;5;
43335;202100027920;151 801;A01;1;7;0;2;3;15;1;
43336;202100027920;151 802;B01;1;33;0;2;5;1;1;
43337;202100027921;151 800;A01;2;7;15;0;8;26;1;
43338;202100027922;151 799;A01;3;30;14;0;0;15;1;
43339;202100027923;151 797;A01;3;7;0;2;2;16;1;
43340;202100027923;151 798;B01;3;1;0;2;0;0;5;
43341;202100027924;151 793;B01;2;7;0;2;8;1;1;
43342;202100027924;151 794;A01;1;7;0;2;8;13;1;
43343;202100027925;151 791;B01;3;7;0;2;4;2;1;
43344;202100027925;151 792;A01;3;7;0;2;1;2;1;
43345;202100027927;151 788;A01;1;1;0;0;0;1;5;
43346;202100027928;151 786;A01;0;7;0;2;2;1;1;
43347;202100027928;151 787;B01;0;7;0;2;1;0;1;
43348;202100027929;151 785;A01;1;1;0;0;0;1;0;
43349;202100027931;151 782;B01;0;7;0;2;3;1;1;
43350;202100027931;151 783;A01;0;7;0;2;2;1;1;
43351;202100027932;151 780;A01;2;7;0;2;8;13;1;
43352;202100027932;151 781;B01;1;10;0;2;3;1;1;
43353;202100027934;151 774;B01;2;7;0;2;3;16;1;
43354;202100027934;151 775;A01;1;7;0;2;3;1;1;
43355;202100027935;151 772;B01;1;33;0;2;1;1;1;
43356;202100027935;151 773;A01;1;7;0;2;2;15;1;
43357;202100027936;151 770;A01;2;31;0;2;1;1;1;
43358;202100027936;151 771;B01;1;7;0;2;1;15;1;
43359;202100027938;151 766;A01;2;7;0;2;1;1;1;
43360;202100027938;151 767;B01;3;7;0;2;1;15;1;
43361;202100027939;151 764;B01;1;7;0;2;8;15;1;
43362;202100027939;151 765;A01;1;30;0;2;1;3;1;
43363;202100027940;151 762;A01;2;50;0;2;1;2;3;
43364;202100027940;151 763;B01;2;37;0;9;4;23;1;1.0
43365;202100027941;151 760;Z01;3;7;0;2;1;1;1;
43366;202100027941;151 761;A01;3;7;0;2;1;15;1;
43367;202100027942;151 758;A01;1;7;0;2;1;26;1;
43368;202100027942;151 759;B01;2;33;0;2;8;0;1;
43369;202100027943;151 755;A01;0;2;0;2;8;10;1;
43370;202100027943;151 756;C01;0;33;0;2;1;1;1;
43371;202100027943;151 757;B01;0;7;0;2;1;2;1;
43372;202100027944;151 753;B01;1;7;0;2;1;15;1;
43373;202100027944;151 754;A01;1;32;0;2;1;26;1;
43374;202100027945;151 751;B01;1;7;0;2;2;1;1;
43375;202100027945;151 752;A01;2;31;0;2;2;1;1;
43376;202100027947;151 748;A01;2;7;0;1;2;3;1;
43377;202100027948;151 744;A01;1;7;0;2;3;2;1;
43378;202100027948;151 745;B01;1;7;0;2;5;2;1;
43379;202100027949;151 742;B01;3;41;0;2;7;2;3;
43380;202100027949;151 743;A01;3;7;0;2;3;9;1;
43381;202100027950;151 739;A01;1;7;0;2;2;0;1;
43382;202100027950;151 740;Z01;1;7;0;2;1;2;1;
43383;202100027950;151 741;B01;1;7;0;2;4;2;1;
43384;202100027951;151 737;A01;2;33;0;2;1;2;1;
43385;202100027951;151 738;B01;2;7;0;2;5;2;1;
43386;202100027953;151 734;A01;1;7;0;0;1;15;1;
43387;202100027954;151 732;B01;1;30;0;2;3;9;1;
43388;202100027954;151 733;A01;1;7;0;2;5;1;1;
43389;202100027955;151 731;A01;1;10;0;1;2;1;3;
43390;202100027956;151 729;A01;1;1;0;2;2;13;5;
43391;202100027956;151 730;B01;1;37;0;2;8;17;2;1.0
43392;202100027957;151 727;B01;1;7;0;2;8;22;1;
43393;202100027957;151 728;A01;1;7;0;2;2;1;1;
43394;202100027958;151 725;A01;2;30;0;2;1;2;1;
43395;202100027958;151 726;B01;2;7;0;2;4;16;1;
43396;202100027959;151 724;A01;3;7;4;0;1;14;1;
43397;202100027960;151 723;A01;1;7;0;1;1;15;1;
43398;202100027961;151 721;A01;3;7;0;2;3;15;1;
43399;202100027961;151 722;B01;1;33;0;2;1;17;1;
43400;202100027962;151 720;A01;2;7;1;0;1;13;1;
43401;202100027963;151 718;B01;2;10;0;2;6;23;1;
43402;202100027963;151 719;A01;2;31;0;2;2;2;1;
43403;202100027964;151 716;A01;2;7;0;2;1;2;1;
43404;202100027964;151 717;B01;2;10;0;2;4;2;1;
43405;202100027965;151 715;A01;2;10;0;1;3;1;1;
43406;202100027966;151 712;X01;1;7;0;2;4;2;0;
43407;202100027966;151 713;Z01;1;7;0;2;1;2;0;
43408;202100027966;151 714;A01;1;1;0;2;4;2;5;
43409;202100027967;151 711;A01;2;30;0;1;1;7;3;
43410;202100027968;151 709;A01;1;10;0;2;3;10;1;
43411;202100027968;151 710;B01;1;33;0;2;1;1;1;
43412;202100027969;151 708;A01;1;1;0;0;1;5;5;
43413;202100027971;151 705;B01;1;7;0;2;1;2;2;
43414;202100027971;151 706;A01;3;1;0;2;4;2;5;
43415;202100027972;151 704;A01;1;1;0;1;1;1;5;
43416;202100027974;151 700;A01;1;7;0;2;1;1;1;
43417;202100027974;151 701;B01;1;7;0;2;4;1;1;
43418;202100027975;151 699;A01;2;7;0;1;1;16;1;
43419;202100027976;151 697;B01;1;7;0;2;1;1;1;
43420;202100027976;151 698;A01;1;30;0;2;1;19;1;
43421;202100027977;151 695;A01;2;7;0;2;3;1;3;
43422;202100027977;151 696;B01;2;10;0;0;2;1;1;
43423;202100027978;151 694;A01;1;30;1;1;1;25;1;
43424;202100027979;151 692;A01;2;33;0;9;7;26;1;
43425;202100027979;151 693;B01;1;50;0;2;1;26;3;
43426;202100027980;151 691;A01;3;7;0;2;2;14;1;
43427;202100027981;151 689;A01;1;7;0;2;5;2;1;
43428;202100027981;151 690;B01;1;1;0;2;3;1;5;
43429;202100027982;151 687;A01;2;60;13;9;1;14;5;
43430;202100027982;151 688;B01;2;60;13;9;1;12;5;
43431;202100027983;151 686;A01;1;7;0;2;1;21;1;
43432;202100027985;151 682;B01;0;99;0;2;1;24;1;
43433;202100027985;151 683;A01;0;7;1;0;2;2;1;
43434;202100027986;151 680;A01;3;7;0;2;3;26;1;
43435;202100027986;151 681;B01;3;30;0;2;4;23;1;
43436;202100027987;151 679;A01;2;7;0;1;6;4;1;
43437;202100027990;151 673;B01;1;32;0;2;3;13;1;
43438;202100027990;151 674;A01;2;7;0;2;3;13;1;
43439;202100027991;151 672;A01;0;7;1;0;1;14;1;
43440;202100027993;151 670;A01;1;31;12;0;0;1;1;
43441;202100027994;151 668;B01;2;7;0;2;1;1;1;
43442;202100027994;151 669;A01;1;7;0;2;1;13;1;
43443;202100027995;151 666;A01;2;7;0;2;8;1;1;
43444;202100027995;151 667;B01;1;7;0;2;1;1;1;
43445;202100027996;151 664;A01;1;33;0;2;1;17;1;
43446;202100027996;151 665;B01;1;7;0;0;4;15;1;
43447;202100027997;151 663;A01;1;7;13;0;9;13;1;
43448;202100027998;151 661;B01;3;7;0;0;3;15;1;
43449;202100027998;151 662;A01;2;7;1;2;1;1;1;
43450;202100027999;151 660;A01;2;1;0;0;0;1;5;
43451;202100028000;151 658;A01;1;7;0;2;8;1;1;
43452;202100028000;151 659;B01;1;7;0;2;3;15;1;
43453;202100028001;151 653;A01;3;31;0;9;1;1;1;
43454;202100028001;151 654;B01;3;1;0;2;1;1;5;
43455;202100028001;151 655;C01;3;1;0;2;1;1;5;
43456;202100028001;151 656;D01;3;1;0;2;1;1;5;
43457;202100028001;151 657;E01;3;1;0;2;1;1;5;
43458;202100028002;151 651;A01;0;33;0;2;1;1;1;
43459;202100028002;151 652;B01;0;7;0;2;6;9;1;
43460;202100028003;151 649;A01;3;10;0;2;1;1;1;
43461;202100028003;151 650;B01;3;1;0;2;1;1;0;
43462;202100028004;151 647;A01;0;33;12;0;1;1;1;
43463;202100028006;151 644;B01;2;7;0;2;6;1;2;
43464;202100028006;151 645;A01;1;2;0;2;1;1;1;
43465;202100028007;151 643;A01;2;33;13;0;1;1;1;
43466;202100028008;151 642;A01;1;7;4;0;2;2;1;
43467;202100028009;151 640;A01;3;21;0;0;6;9;1;
43468;202100028009;151 641;B01;3;7;0;2;1;1;1;
43469;202100028010;151 639;A01;1;2;11;0;0;1;1;
43470;202100028011;151 638;A01;1;7;16;0;1;1;1;
43471;202100028012;151 636;B01;3;2;0;2;8;1;1;
43472;202100028012;151 637;A01;0;7;0;2;7;19;1;
43473;202100028013;151 635;A01;3;7;1;1;1;13;1;
43474;202100028014;151 634;A01;1;32;0;0;8;1;1;
43475;202100028015;151 632;A01;0;7;0;9;3;1;1;
43476;202100028015;151 633;B01;0;1;0;2;1;1;5;
43477;202100028016;151 630;B01;2;33;0;0;3;13;1;
43478;202100028016;151 631;A01;3;7;0;2;2;15;1;
43479;202100028017;151 629;A01;2;31;3;0;1;1;1;
43480;202100028018;151 628;A01;1;2;12;0;1;1;1;
43481;202100028020;151 625;A01;1;33;0;0;8;0;1;
43482;202100028023;151 620;B01;1;7;0;2;1;1;1;
43483;202100028023;151 621;A01;1;7;0;2;3;19;1;
43484;202100028024;151 619;A01;2;10;2;0;1;1;1;
43485;202100028025;151 618;A01;0;7;2;0;0;0;1;
43486;202100028027;151 615;A01;1;7;4;0;1;1;1;
43487;202100028028;151 613;B01;0;7;0;2;1;1;1;
43488;202100028028;151 614;A01;0;7;0;2;3;15;1;
43489;202100028030;151 610;A01;1;7;0;2;1;20;1;
43490;202100028030;151 611;B01;1;33;0;2;7;21;1;
43491;202100028031;151 609;A01;2;2;0;0;7;1;1;
43492;202100028032;151 607;B01;3;7;0;2;1;1;1;
43493;202100028032;151 608;A01;3;33;0;2;1;0;1;
43494;202100028033;151 606;A01;3;2;13;0;1;1;1;
43495;202100028034;151 604;A01;0;7;0;2;1;17;1;
43496;202100028034;151 605;B01;0;7;0;2;4;15;0;
43497;202100028035;151 601;A01;3;7;1;2;1;2;1;
43498;202100028035;151 602;B01;3;7;0;2;4;2;1;
43499;202100028035;151 603;C01;3;7;1;2;4;26;1;
43500;202100028036;151 600;A01;1;33;0;6;1;1;1;
43501;202100028037;151 598;B01;2;7;0;2;8;15;1;
43502;202100028037;151 599;A01;2;2;0;2;2;17;1;
43503;202100028038;151 597;A01;1;7;13;0;8;13;1;
43504;202100028039;151 595;A01;1;33;1;0;7;1;1;
43505;202100028039;151 596;B01;2;-1;0;0;8;0;0;
43506;202100028040;151 593;B01;2;31;0;2;8;1;1;
43507;202100028040;151 594;A01;2;7;0;2;2;17;1;
43508;202100028042;151 588;B01;1;34;0;2;1;2;1;
43509;202100028042;151 589;A01;1;7;0;2;2;15;1;
43510;202100028043;151 585;A01;3;13;0;2;1;13;1;
43511;202100028043;151 586;B01;3;7;0;2;1;26;1;
43512;202100028043;151 587;C01;3;7;0;2;1;1;1;
43513;202100028044;151 584;A01;0;7;0;0;3;0;1;
43514;202100028045;151 582;A01;2;7;16;0;9;1;1;
43515;202100028046;151 579;C01;2;7;0;2;9;21;1;
43516;202100028046;151 580;B01;2;7;0;2;2;26;1;
43517;202100028046;151 581;A01;1;7;0;2;2;26;1;
43518;202100028047;151 577;B01;1;10;0;2;6;2;1;
43519;202100028047;151 578;A01;1;33;0;2;1;2;1;
43520;202100028048;151 576;A01;1;7;0;0;1;0;1;
43521;202100028049;151 574;B01;0;2;0;2;7;19;1;
43522;202100028049;151 575;A01;0;13;0;2;1;1;0;
43523;202100028050;151 572;A01;1;10;2;2;3;1;1;
43524;202100028050;151 573;B01;2;33;0;2;3;1;1;
43525;202100028051;151 571;A01;0;7;0;1;2;5;0;
43526;202100028052;151 570;A01;2;7;13;0;9;1;1;
43527;202100028053;151 568;B01;2;33;0;2;8;17;1;
43528;202100028053;151 569;A01;2;7;0;2;8;13;1;
43529;202100028054;151 566;B01;2;33;0;2;1;17;1;
43530;202100028054;151 567;A01;1;10;0;2;1;1;1;
43531;202100028055;151 564;B01;1;1;0;2;3;1;5;
43532;202100028055;151 565;A01;2;33;0;2;2;17;1;
43533;202100028056;151 563;A01;1;50;14;0;1;14;3;
43534;202100028057;151 561;A01;1;7;0;2;1;17;1;
43535;202100028057;151 562;B01;2;7;0;2;1;21;1;
43536;202100028058;151 560;A01;2;7;0;1;3;1;1;
43537;202100028059;151 558;B01;2;33;0;2;1;17;1;
43538;202100028059;151 559;A01;2;7;0;2;8;15;1;
43539;202100028060;151 556;A01;1;1;0;2;2;5;5;
43540;202100028060;151 557;B01;1;7;0;2;2;1;1;
43541;202100028062;151 553;A01;2;7;2;0;1;1;1;
43542;202100028063;151 551;A01;2;7;0;9;3;13;1;
43543;202100028063;151 552;B01;1;1;0;2;1;1;5;
43544;202100028064;151 549;A01;0;7;0;9;3;16;1;
43545;202100028064;151 550;B01;2;1;0;2;8;15;5;
43546;202100028066;151 544;B01;1;10;0;2;0;0;1;
43547;202100028066;151 545;A01;1;10;0;2;6;2;1;
43548;202100028067;151 542;A01;2;13;0;2;1;1;1;
43549;202100028067;151 543;B01;2;7;0;2;4;1;1;
43550;202100028068;151 540;A01;1;7;0;0;4;1;1;
43551;202100028068;151 541;B01;1;7;1;0;1;1;1;
43552;202100028069;151 538;A01;1;7;0;2;4;0;1;
43553;202100028069;151 539;Z01;1;7;0;2;1;0;1;
43554;202100028070;151 536;B01;1;10;0;2;3;2;1;
43555;202100028070;151 537;A01;1;7;0;2;5;1;1;
43556;202100028071;151 534;A01;1;7;0;2;4;2;1;
43557;202100028071;151 535;Z01;1;7;0;2;1;2;0;
43558;202100028072;151 532;B01;1;7;0;2;4;24;1;
43559;202100028072;151 533;A01;1;17;1;0;2;1;1;
43560;202100028074;151 529;A01;2;7;0;2;1;1;1;
43561;202100028074;151 530;B01;2;7;0;2;4;2;1;
43562;202100028075;151 525;A01;1;15;0;2;2;1;1;
43563;202100028075;151 526;B01;1;7;0;2;4;2;1;
43564;202100028075;151 527;C01;1;7;0;2;4;2;1;
43565;202100028075;151 528;D01;1;10;0;2;4;2;1;
43566;202100028076;151 523;A01;1;7;0;2;5;14;1;
43567;202100028076;151 524;B01;1;33;0;2;1;3;1;
43568;202100028077;151 521;A01;1;7;0;2;7;14;1;
43569;202100028077;151 522;B01;1;15;0;2;3;1;1;
43570;202100028078;151 520;A01;2;7;3;0;0;21;1;
43571;202100028079;151 518;A01;1;7;0;2;1;2;1;
43572;202100028079;151 519;B01;1;7;0;2;4;2;1;
43573;202100028080;151 516;B01;2;10;0;2;4;2;1;
43574;202100028080;151 517;A01;2;32;0;2;1;2;1;
43575;202100028081;151 513;A01;1;7;0;2;4;2;1;
43576;202100028081;151 514;B01;1;7;0;2;4;2;1;
43577;202100028081;151 515;Z01;1;7;0;2;1;2;1;
43578;202100028083;151 510;A01;1;7;5;0;3;13;1;
43579;202100028084;151 508;B01;2;14;0;2;4;1;0;
43580;202100028084;151 509;A01;2;33;0;2;1;3;0;
43581;202100028085;151 505;B01;2;33;4;2;1;3;1;
43582;202100028085;151 506;C01;2;7;4;2;4;1;1;
43583;202100028085;151 507;A01;2;7;4;2;8;11;1;
43584;202100028086;151 503;A01;1;7;0;2;1;2;1;
43585;202100028086;151 504;B01;1;10;0;2;5;11;1;
43586;202100028087;151 502;A01;1;7;3;0;3;1;1;
43587;202100028088;151 499;B01;1;7;0;2;0;2;1;
43588;202100028088;151 500;C01;1;7;0;2;0;2;1;
43589;202100028088;151 501;A01;1;99;0;2;3;11;1;
43590;202100028089;151 497;A01;2;7;0;1;1;1;1;
43591;202100028090;151 495;A01;2;30;0;2;2;17;1;
43592;202100028090;151 496;B01;1;1;0;2;3;13;5;
43593;202100028091;151 494;A01;1;33;0;1;7;14;1;
43594;202100028092;151 492;A01;2;7;0;2;1;15;1;
43595;202100028092;151 493;B01;1;1;0;2;8;1;5;
43596;202100028093;151 490;A01;1;33;0;2;1;1;1;
43597;202100028093;151 491;B01;1;13;0;2;2;16;0;
43598;202100028094;151 489;B01;1;1;1;0;1;1;5;
43599;202100028095;151 487;A01;3;7;0;2;7;15;1;
43600;202100028095;151 488;B01;3;33;0;2;1;1;1;
43601;202100028096;151 482;A01;3;7;0;2;1;1;1;
43602;202100028096;151 483;B01;0;7;0;2;1;1;1;
43603;202100028096;151 484;C01;3;33;0;2;1;17;1;
43604;202100028097;151 480;A01;1;7;0;2;1;13;1;
43605;202100028097;151 481;B01;2;2;0;2;1;0;1;
43606;202100028098;151 478;A01;3;7;0;2;3;15;1;
43607;202100028098;151 479;B01;3;60;0;2;1;1;5;
43608;202100028099;151 476;A01;2;7;0;2;7;1;2;
43609;202100028099;151 477;B01;2;7;0;2;8;11;1;
43610;202100028101;151 473;A01;2;33;0;0;9;0;1;
43611;202100028102;151 472;A01;1;7;4;0;8;14;1;
43612;202100028103;151 470;A01;1;7;0;2;4;1;1;
43613;202100028103;151 471;B01;1;7;0;2;4;23;1;
43614;202100028104;151 469;A01;1;7;0;1;2;1;1;
43615;202100028106;151 465;A01;3;7;0;0;8;16;1;
43616;202100028106;151 466;B01;1;14;0;2;1;1;1;
43617;202100028107;151 464;A01;1;17;12;0;7;11;1;
43618;202100028108;151 463;A01;1;7;0;1;1;1;1;
43619;202100028109;151 461;B01;2;7;0;2;3;15;1;
43620;202100028109;151 462;A01;2;30;0;2;1;1;1;
43621;202100028110;151 457;A01;1;7;1;2;2;26;1;
43622;202100028110;151 458;C01;1;10;0;2;8;1;1;
43623;202100028111;151 455;B01;1;7;0;2;6;19;1;
43624;202100028111;151 456;A01;3;7;0;2;1;19;2;
43625;202100028112;151 453;B01;0;1;0;2;8;1;5;
43626;202100028112;151 454;A01;0;7;0;2;8;15;1;
43627;202100028113;151 451;B01;1;7;0;2;4;1;1;
43628;202100028113;151 452;A01;1;7;0;2;1;1;1;
43629;202100028115;151 447;B01;2;33;0;2;1;1;1;
43630;202100028115;151 448;A01;1;1;0;2;1;15;5;
43631;202100028116;151 445;A01;2;7;0;2;1;15;1;
43632;202100028116;151 446;B01;1;33;0;2;1;1;1;
43633;202100028117;151 444;A01;1;34;1;0;1;15;1;
43634;202100028118;151 442;B01;3;2;0;2;0;15;1;
43635;202100028118;151 443;A01;3;33;0;2;0;17;1;
43636;202100028119;151 441;A01;1;7;0;1;1;1;1;
43637;202100028120;151 439;B01;3;1;0;2;4;2;0;
43638;202100028120;151 440;A01;3;10;0;2;0;2;0;
43639;202100028121;151 438;A01;2;7;6;0;1;1;1;
43640;202100028122;151 437;A01;1;1;16;0;0;1;5;
43641;202100028123;151 436;A01;1;30;16;0;0;26;1;
43642;202100028124;151 433;A01;1;7;0;2;1;2;1;
43643;202100028124;151 434;B01;1;7;0;2;4;2;1;
43644;202100028124;151 435;C01;1;7;0;2;4;2;1;
43645;202100028125;151 431;B01;2;7;0;2;3;1;1;
43646;202100028125;151 432;A01;1;7;0;2;1;13;1;
43647;202100028126;151 429;B01;2;50;0;2;8;2;3;
43648;202100028126;151 430;A01;2;7;0;2;2;14;1;
43649;202100028127;151 427;A01;2;10;0;2;1;2;1;
43650;202100028127;151 428;B01;2;7;0;2;4;2;1;
43651;202100028128;151 425;A01;2;7;0;9;1;9;1;
43652;202100028128;151 426;B01;1;2;0;2;7;15;1;
43653;202100028129;151 424;A01;2;7;0;1;7;1;1;
43654;202100028130;151 423;A01;1;7;9;1;1;1;1;
43655;202100028131;151 421;A01;2;1;0;2;1;16;5;
43656;202100028131;151 422;B01;1;7;0;2;3;15;1;
43657;202100028132;151 419;B01;3;2;0;2;1;1;3;
43658;202100028132;151 420;A01;3;7;0;2;5;5;1;
43659;202100028133;151 417;B01;1;50;0;2;4;1;3;
43660;202100028133;151 418;A01;1;7;0;2;2;26;1;
43661;202100028134;151 416;A01;2;40;0;1;1;1;3;
43662;202100028135;151 414;B01;3;7;0;2;7;2;1;
43663;202100028135;151 415;A01;3;7;0;2;8;2;2;
43664;202100028136;151 412;B01;3;33;0;2;1;1;1;
43665;202100028136;151 413;A01;0;7;0;2;1;15;1;
43666;202100028137;151 410;A01;1;7;0;2;1;1;1;
43667;202100028137;151 411;B01;1;7;0;2;4;1;-1;
43668;202100028138;151 408;B01;1;7;0;2;1;1;1;