;Num_Acc;id_vehicule;num_veh;senc;catv;obs;obsm;choc;manv;motor;occutc
43669;202100028138;151 409;A01;2;7;0;2;3;15;1;
43670;202100028139;151 406;A01;1;33;0;2;1;21;1;
43671;202100028139;151 407;B01;1;14;0;0;0;0;1;
43672;202100028140;151 404;A01;1;7;11;2;1;1;1;
43673;202100028140;151 405;B01;3;7;0;2;1;19;1;
43674;202100028142;151 401;A01;1;7;0;2;1;1;1;
43675;202100028142;151 402;B01;1;33;0;2;6;15;1;
43676;202100028143;151 399;B01;3;43;0;2;1;1;1;
43677;202100028143;151 400;A01;3;7;0;2;3;19;1;
43678;202100028144;151 397;A01;2;33;0;2;1;21;1;
43679;202100028144;151 398;B01;1;7;0;2;6;11;1;
43680;202100028145;151 395;B01;1;99;0;2;1;1;3;
43681;202100028145;151 396;A01;1;7;0;1;2;1;1;
43682;202100028146;151 392;B01;1;7;0;2;4;23;1;
43683;202100028146;151 393;C01;1;7;0;2;4;23;1;
43684;202100028146;151 394;A01;1;7;0;2;1;2;1;
43685;202100028148;151 388;A01;1;7;0;2;1;1;1;
43686;202100028148;151 389;B01;1;7;0;2;4;1;1;
43687;202100028149;151 387;A01;0;7;0;1;1;1;1;
43688;202100028150;151 385;A01;1;14;0;2;3;15;1;
43689;202100028150;151 386;B01;2;33;0;2;1;1;1;
43690;202100028153;151 379;B01;1;7;0;2;1;2;0;
43691;202100028153;151 380;A01;1;7;0;2;4;15;1;
43692;202100028154;151 377;B01;3;7;0;2;1;1;1;
43693;202100028154;151 378;A01;0;7;0;2;3;1;1;
43694;202100028155;151 374;C01;2;7;0;2;4;23;1;
43695;202100028155;151 375;B01;2;7;0;2;4;23;1;
43696;202100028155;151 376;A01;2;7;0;2;1;1;1;
43697;202100028156;151 372;A01;1;7;0;9;2;19;1;
43698;202100028156;151 373;B01;3;60;0;2;1;19;5;
43699;202100028157;151 371;A01;1;7;0;1;3;15;1;
43700;202100028158;151 369;A01;1;31;0;2;3;3;1;
43701;202100028158;151 370;B01;1;7;0;2;5;1;1;
43702;202100028159;151 365;C01;2;31;0;2;1;2;1;
43703;202100028159;151 366;D01;2;7;0;2;5;23;1;
43704;202100028159;151 367;B01;2;7;0;2;4;23;1;
43705;202100028159;151 368;A01;2;33;0;2;1;2;1;
43706;202100028160;151 363;A01;1;1;0;2;1;17;5;
43707;202100028160;151 364;B01;1;1;0;2;6;15;5;
43708;202100028161;151 361;A01;3;7;0;2;2;16;1;
43709;202100028161;151 362;B01;3;1;0;2;1;16;5;
43710;202100028162;151 360;Z01;2;2;0;1;2;1;0;
43711;202100028164;151 356;A01;2;7;0;2;3;9;1;
43712;202100028164;151 357;B01;2;2;0;2;1;17;1;
43713;202100028165;151 354;B01;1;7;0;2;1;9;1;
43714;202100028165;151 355;A01;2;80;0;2;1;5;3;
43715;202100028167;151 350;B01;1;1;0;2;8;19;5;
43716;202100028167;151 351;A01;1;7;0;2;1;16;1;
43717;202100028168;151 348;A01;2;7;0;2;4;2;1;
43718;202100028168;151 349;Z01;1;7;0;2;1;2;1;
43719;202100028169;151 346;A01;2;30;0;2;1;2;1;
43720;202100028169;151 347;B01;2;7;0;2;4;2;1;
43721;202100028170;151 344;A01;3;33;0;2;1;1;1;
43722;202100028170;151 345;B01;2;33;0;2;8;1;1;
43723;202100028171;151 342;A01;1;7;1;2;8;1;1;
43724;202100028171;151 343;B01;1;7;6;2;1;1;1;
43725;202100028172;151 340;A01;2;2;0;2;5;26;1;
43726;202100028172;151 341;B01;2;7;0;2;5;19;1;
43727;202100028173;151 338;A01;2;7;0;2;4;23;1;
43728;202100028173;151 339;Y01;2;1;0;2;1;17;0;
43729;202100028175;151 334;A01;3;7;0;2;6;15;1;
43730;202100028175;151 335;B01;3;1;0;2;1;2;5;
43731;202100028176;151 332;B01;2;20;0;2;3;16;1;
43732;202100028176;151 333;A01;1;7;0;2;2;2;1;
43733;202100028177;151 330;A01;1;30;0;2;1;7;1;
43734;202100028177;151 331;B01;0;60;0;2;0;19;5;
43735;202100028178;151 328;A01;1;7;9;2;2;13;1;
43736;202100028178;151 329;B01;2;32;12;2;3;5;1;
43737;202100028179;151 326;A01;1;37;0;2;3;19;1;4.0
43738;202100028179;151 327;B01;1;7;0;2;5;16;1;
43739;202100028180;151 324;A01;1;10;0;2;4;4;1;
43740;202100028180;151 325;B01;1;7;0;2;1;23;1;
43741;202100028181;151 323;A01;3;10;0;1;4;24;1;
43742;202100028182;151 321;B01;1;32;0;2;3;18;1;
43743;202100028182;151 322;A01;1;7;0;2;2;1;1;
43744;202100028183;151 319;B01;3;7;0;2;1;1;1;
43745;202100028183;151 320;A01;3;7;0;0;4;2;1;
43746;202100028184;151 318;A01;1;7;9;0;3;1;1;
43747;202100028185;151 316;B01;2;60;0;2;1;19;5;
43748;202100028185;151 317;A01;2;7;0;2;2;23;1;
43749;202100028186;151 314;B01;1;30;0;2;1;1;1;
43750;202100028186;151 315;A01;1;7;0;2;3;26;1;
43751;202100028187;151 312;A01;1;7;0;2;2;15;0;
43752;202100028187;151 313;B01;1;34;0;2;1;0;1;
43753;202100028188;151 310;A01;3;7;0;2;3;13;2;
43754;202100028188;151 311;B01;1;2;0;2;1;0;3;
43755;202100028189;151 308;A01;2;31;0;2;6;1;1;
43756;202100028189;151 309;B01;3;7;0;2;2;9;1;
43757;202100028190;151 306;B01;1;7;0;2;4;15;1;
43758;202100028190;151 307;A01;1;30;0;2;1;1;1;
43759;202100028191;151 304;B01;2;1;0;0;6;2;6;
43760;202100028191;151 305;A01;2;10;0;2;2;1;1;
43761;202100028192;151 302;B01;2;7;0;0;5;2;1;
43762;202100028192;151 303;A01;2;33;0;2;1;2;1;
43763;202100028193;151 300;A01;2;33;3;2;4;1;1;
43764;202100028193;151 301;B01;2;7;0;2;2;1;1;
43765;202100028194;151 297;C01;1;10;0;2;6;2;1;
43766;202100028194;151 298;B01;2;7;0;2;1;1;1;
43767;202100028194;151 299;A01;1;2;0;2;1;17;1;
43768;202100028195;151 295;B01;2;15;0;2;3;23;1;
43769;202100028195;151 296;A01;1;7;0;2;1;17;1;
43770;202100028196;151 294;A01;3;10;0;1;2;1;1;
43771;202100028197;151 292;A01;0;7;0;0;0;14;1;
43772;202100028199;151 288;C01;2;7;0;0;4;2;1;
43773;202100028199;151 289;A01;2;7;0;2;1;2;1;
43774;202100028199;151 290;B01;2;7;0;2;4;2;1;
43775;202100028200;151 285;A01;1;2;10;0;7;1;1;
43776;202100028201;151 283;B01;2;33;0;2;8;1;1;
43777;202100028201;151 284;A01;1;7;0;0;6;15;1;
43778;202100028202;151 282;A01;2;33;13;0;8;1;1;
43779;202100028204;151 278;B01;2;2;0;2;1;1;1;
43780;202100028204;151 279;A01;1;7;0;0;5;15;1;
43781;202100028205;151 277;A01;2;7;8;0;1;17;1;
43782;202100028206;151 276;A01;3;21;16;0;3;15;1;
43783;202100028207;151 275;A01;2;7;2;0;1;1;1;
43784;202100028208;151 274;A01;3;7;2;0;5;1;1;
43785;202100028209;151 272;B01;2;33;0;2;1;1;1;
43786;202100028209;151 273;A01;1;7;0;2;3;15;1;
43787;202100028210;151 271;A01;0;7;3;0;1;0;1;
43788;202100028211;151 269;B01;0;33;0;2;7;1;1;
43789;202100028211;151 270;A01;0;7;0;2;1;15;1;
43790;202100028212;151 267;B01;2;33;0;2;1;1;1;
43791;202100028212;151 268;A01;1;7;0;2;7;15;1;
43792;202100028213;151 266;A01;1;31;12;0;2;1;1;
43793;202100028214;151 261;D01;2;10;0;0;4;2;1;
43794;202100028214;151 262;A01;2;15;0;0;4;2;1;
43795;202100028214;151 263;B01;2;7;0;0;4;2;1;
43796;202100028214;151 264;C01;2;14;0;0;4;2;1;
43797;202100028214;151 265;E01;2;15;0;0;1;2;1;
43798;202100028215;151 259;A01;1;7;0;2;2;1;1;
43799;202100028215;151 260;B01;3;1;0;2;4;19;5;
43800;202100028216;151 258;A01;2;7;2;0;1;1;1;
43801;202100028217;151 256;B01;1;21;0;0;6;1;0;
43802;202100028217;151 257;A01;1;7;0;2;2;17;1;
43803;202100028218;151 253;A01;1;36;13;0;8;16;1;
43804;202100028219;151 252;A01;1;36;8;0;2;1;1;
43805;202100028220;151 250;B01;1;7;0;2;6;1;1;
43806;202100028220;151 251;A01;1;30;0;2;2;17;1;
43807;202100028221;151 249;A01;1;3;0;1;3;0;1;
43808;202100028222;151 247;B01;2;21;0;2;3;1;1;
43809;202100028222;151 248;A01;1;7;0;2;3;13;1;
43810;202100028223;151 246;A01;2;36;6;0;2;15;1;
43811;202100028225;151 242;B01;3;1;0;2;1;1;6;
43812;202100028225;151 243;A01;3;7;0;9;3;15;1;
43813;202100028226;151 241;A01;2;33;0;0;8;1;1;
43814;202100028227;151 240;A01;1;33;0;0;1;1;1;
43815;202100028229;151 237;A01;2;7;0;1;1;1;1;
43816;202100028230;151 235;A01;2;7;0;2;1;17;1;
43817;202100028230;151 236;B01;1;10;0;2;1;1;1;
43818;202100028232;151 233;A01;3;14;0;1;0;15;1;
43819;202100028233;151 230;A01;2;7;0;2;5;17;1;
43820;202100028233;151 231;B01;2;7;0;2;2;18;1;
43821;202100028233;151 232;C01;2;10;3;2;2;17;1;
43822;202100028234;151 224;F01;1;7;3;2;5;2;1;
43823;202100028234;151 225;E01;1;10;0;2;2;17;1;
43824;202100028234;151 226;D01;1;10;1;2;1;1;1;
43825;202100028234;151 227;B01;1;7;0;2;8;14;1;
43826;202100028234;151 228;A01;1;10;3;2;2;17;1;
43827;202100028234;151 229;C01;1;17;0;2;4;23;1;
43828;202100028235;151 222;A01;1;7;0;2;2;14;1;
43829;202100028235;151 223;B01;1;15;0;2;6;1;1;
43830;202100028236;151 220;A01;2;17;0;2;2;12;6;
43831;202100028236;151 221;B01;2;7;0;2;6;1;1;
43832;202100028237;151 218;B01;2;7;0;2;6;1;1;
43833;202100028237;151 219;A01;2;7;0;2;2;17;1;
43834;202100028238;151 216;A01;1;7;0;9;3;1;1;
43835;202100028238;151 217;B01;1;1;0;2;4;1;5;
43836;202100028239;151 215;A01;3;7;6;0;1;1;1;
43837;202100028240;151 214;A01;2;7;0;1;1;1;1;
43838;202100028241;151 212;B01;1;33;0;2;1;17;1;
43839;202100028241;151 213;A01;1;7;0;0;8;15;1;
43840;202100028242;151 211;A01;1;32;0;0;9;0;1;
43841;202100028244;151 208;A01;1;7;0;2;1;15;1;
43842;202100028244;151 209;B01;2;34;0;2;1;1;1;
43843;202100028245;151 206;B01;2;7;0;0;7;1;1;
43844;202100028245;151 207;A01;1;7;0;2;2;19;1;
43845;202100028246;151 204;B01;1;7;0;2;1;1;1;
43846;202100028246;151 205;A01;2;33;0;2;1;17;1;
43847;202100028247;151 203;A01;2;33;8;0;7;1;1;
43848;202100028248;151 201;A01;1;7;0;2;3;10;1;
43849;202100028248;151 202;B01;1;32;0;2;2;13;1;
43850;202100028249;151 199;B01;1;7;0;2;7;1;1;
43851;202100028249;151 200;A01;3;14;0;2;1;19;1;
43852;202100028250;151 197;B01;1;7;0;2;3;1;1;
43853;202100028250;151 198;A01;2;2;0;2;3;15;1;
43854;202100028251;151 195;A01;3;10;0;2;2;12;1;
43855;202100028251;151 196;B01;3;33;0;2;4;18;1;
43856;202100028252;151 193;B01;2;33;0;2;2;17;1;
43857;202100028252;151 194;A01;2;7;0;2;3;15;1;
43858;202100028253;151 192;A01;1;33;0;6;1;1;1;
43859;202100028254;151 190;A01;1;7;0;2;4;1;1;
43860;202100028254;151 191;B01;1;33;0;2;1;1;1;
43861;202100028256;151 185;C01;1;7;0;2;4;2;1;
43862;202100028256;151 186;B01;1;7;0;2;4;2;1;
43863;202100028256;151 187;A01;1;7;0;2;1;2;1;
43864;202100028257;151 184;A01;1;33;16;9;0;21;1;
43865;202100028258;151 182;A01;1;7;0;2;3;2;1;
43866;202100028258;151 183;B01;1;17;0;2;5;12;1;
43867;202100028260;151 178;A01;2;10;0;2;2;12;1;
43868;202100028260;151 179;B01;2;33;0;2;3;1;1;
43869;202100028261;151 176;A01;1;10;1;0;2;14;1;
43870;202100028261;151 177;B01;1;10;0;2;6;26;1;
43871;202100028262;151 174;A01;1;15;0;2;1;1;1;
43872;202100028262;151 175;B01;1;7;0;2;4;23;1;
43873;202100028263;151 173;A01;2;7;13;0;9;26;1;
43874;202100028264;151 171;A01;1;7;0;0;0;9;1;
43875;202100028264;151 172;B01;1;36;0;2;0;13;1;
43876;202100028265;151 170;A01;1;2;0;1;2;1;1;
43877;202100028266;151 168;A01;2;7;0;2;3;15;1;
43878;202100028266;151 169;B01;1;1;0;0;8;1;5;
43879;202100028267;151 167;A01;1;30;1;0;1;26;1;
43880;202100028268;151 166;A01;1;2;0;2;4;26;1;
43881;202100028269;151 165;A01;1;7;0;1;2;1;1;
43882;202100028270;151 164;A01;1;7;4;0;1;1;1;
43883;202100028271;151 163;A01;2;7;0;1;1;0;1;
43884;202100028272;151 161;B01;1;0;0;2;8;2;0;
43885;202100028272;151 162;A01;1;2;0;2;7;17;1;
43886;202100028273;151 159;A01;1;30;0;2;1;1;1;
43887;202100028273;151 160;B01;1;7;0;2;7;0;1;
43888;202100028274;151 157;A01;1;7;0;2;7;1;1;
43889;202100028274;151 158;Z01;1;2;0;2;0;15;1;
43890;202100028275;151 155;B01;1;1;0;2;1;1;0;
43891;202100028275;151 156;A01;2;7;0;2;0;16;1;
43892;202100028277;151 151;A01;3;7;0;2;3;15;1;
43893;202100028277;151 152;B01;3;32;0;2;4;17;1;
43894;202100028278;151 149;B01;1;7;0;2;1;2;1;
43895;202100028278;151 150;A01;2;7;0;2;1;15;1;
43896;202100028279;151 147;B01;3;1;0;2;8;1;5;
43897;202100028279;151 148;A01;3;7;0;2;2;26;1;
43898;202100028280;151 145;A01;2;7;0;2;3;13;1;
43899;202100028280;151 146;B01;1;7;0;2;6;2;1;
43900;202100028282;151 141;B01;2;7;0;2;1;1;1;
43901;202100028282;151 142;A01;0;30;0;2;1;19;1;
43902;202100028285;151 133;A01;1;31;1;0;1;13;1;
43903;202100028287;151 130;A01;3;33;14;0;0;26;0;
43904;202100028288;151 129;A01;1;7;0;2;0;26;1;
43905;202100028289;151 128;A01;2;7;0;1;2;25;1;
43906;202100028290;151 126;B01;3;7;0;2;7;16;1;
43907;202100028290;151 127;A01;3;32;0;2;3;18;1;
43908;202100028291;151 124;A01;2;7;0;2;3;9;1;
43909;202100028291;151 125;B01;1;1;0;2;4;1;5;
43910;202100028292;151 122;A01;1;7;0;2;1;26;1;
43911;202100028292;151 123;B01;1;37;0;2;7;26;1;2.0
43912;202100028293;151 120;A01;3;7;0;2;3;15;1;
43913;202100028293;151 121;B01;3;33;0;2;3;1;1;
43914;202100028294;151 119;A01;1;7;1;0;3;13;1;
43915;202100028295;151 118;A01;1;30;11;0;1;16;1;
43916;202100028296;151 117;A01;1;7;8;0;3;13;1;
43917;202100028297;151 115;A01;1;7;0;2;1;26;1;
43918;202100028297;151 116;B01;1;7;0;2;4;26;1;
43919;202100028298;151 112;C01;1;7;0;2;8;1;1;
43920;202100028298;151 113;B01;2;7;0;2;4;1;1;
43921;202100028298;151 114;A01;2;7;0;2;1;1;1;
43922;202100028299;151 110;A01;3;7;0;2;0;2;1;
43923;202100028299;151 111;B01;3;80;0;2;4;9;3;
43924;202100028300;151 108;B01;2;7;0;2;2;1;1;
43925;202100028300;151 109;A01;3;2;0;2;1;19;1;
43926;202100028301;151 106;B01;3;7;0;2;1;13;1;
43927;202100028301;151 107;A01;3;7;0;2;3;13;1;
43928;202100028302;151 104;A01;1;7;0;2;1;13;1;
43929;202100028302;151 105;B01;2;14;0;2;3;1;1;
43930;202100028303;151 102;A01;2;7;0;2;3;9;1;
43931;202100028303;151 103;B01;2;7;0;2;7;2;1;
43932;202100028304;151 100;B01;3;7;0;2;1;0;1;
43933;202100028304;151 101;A01;3;7;0;2;1;0;1;
43934;202100028305;151 098;A01;1;7;0;2;1;1;1;
43935;202100028305;151 099;Z01;1;7;0;2;4;0;1;
43936;202100028306;151 097;Z01;1;7;0;1;1;1;0;
43937;202100028307;151 095;B01;2;7;0;2;4;2;1;
43938;202100028307;151 096;A01;2;43;0;2;1;2;1;
43939;202100028308;151 093;B01;0;7;1;2;9;24;1;
43940;202100028308;151 094;A01;0;7;0;2;7;26;1;
43941;202100028309;151 091;A01;1;7;0;9;3;26;1;
43942;202100028309;151 092;B01;2;1;0;2;1;26;0;
43943;202100028310;151 090;A01;1;32;0;1;1;0;1;
43944;202100028311;151 088;B01;3;7;1;2;8;1;1;
43945;202100028311;151 089;A01;3;7;0;2;2;16;1;
43946;202100028312;151 086;A01;2;7;0;2;1;5;1;
43947;202100028312;151 087;B01;2;7;0;2;1;17;1;
43948;202100028313;151 084;B01;1;34;0;2;1;16;1;
43949;202100028313;151 085;A01;1;1;0;2;1;19;5;
43950;202100028314;151 083;A01;2;30;0;2;4;1;1;
43951;202100028315;151 081;B01;1;33;0;2;2;17;1;
43952;202100028315;151 082;A01;1;7;0;2;3;15;1;
43953;202100028316;151 079;B01;1;7;0;2;3;1;1;
43954;202100028316;151 080;A01;2;30;0;2;2;1;1;
43955;202100028317;151 078;A01;1;30;14;0;7;14;1;
43956;202100028318;151 077;A01;1;50;0;0;0;1;3;
43957;202100028319;151 075;A01;1;37;0;2;3;1;2;2.0
43958;202100028319;151 076;Z01;2;7;0;2;2;15;1;
43959;202100028320;151 074;A01;2;7;0;1;2;1;2;
43960;202100028321;151 072;A01;1;30;0;2;2;1;1;
43961;202100028321;151 073;B01;1;7;0;2;3;9;2;
43962;202100028322;151 070;A01;2;1;0;2;1;5;5;
43963;202100028322;151 071;B01;1;7;0;2;1;1;1;
43964;202100028323;151 068;A01;1;50;0;2;1;13;3;
43965;202100028323;151 069;B01;2;33;0;2;1;1;1;
43966;202100028324;151 067;A01;0;50;8;0;0;25;3;
43967;202100028325;151 065;A01;3;7;0;0;0;22;1;
43968;202100028325;151 066;B01;3;1;0;0;0;0;5;
43969;202100028326;151 063;B01;2;7;0;2;3;1;1;
43970;202100028326;151 064;A01;1;7;0;2;1;1;1;
43971;202100028328;151 059;B01;1;7;0;2;5;23;1;
43972;202100028328;151 060;A01;1;7;0;2;3;2;1;
43973;202100028329;151 058;A01;0;7;14;0;3;26;1;
43974;202100028330;151 057;A01;2;7;0;1;1;1;1;
43975;202100028332;151 052;A01;1;7;0;2;0;10;1;
43976;202100028332;151 053;B01;1;30;0;2;2;1;1;
43977;202100028333;151 051;A01;2;7;0;1;4;20;1;
43978;202100028334;151 049;B01;0;31;0;0;0;0;0;
43979;202100028334;151 050;A01;0;7;0;2;3;15;1;
43980;202100028335;151 048;A01;3;7;0;1;3;15;1;
43981;202100028336;151 046;A01;0;2;0;2;4;1;1;
43982;202100028336;151 047;B01;0;7;0;2;1;26;1;
43983;202100028337;151 045;A01;2;7;13;0;7;21;1;
43984;202100028338;151 044;A01;2;33;0;0;9;2;1;
43985;202100028339;151 043;A01;2;7;0;1;2;1;1;
43986;202100028340;151 041;A01;0;2;0;2;1;1;1;
43987;202100028340;151 042;B01;0;7;0;2;3;1;1;
43988;202100028341;151 039;A01;3;7;0;2;2;1;1;
43989;202100028341;151 040;B01;3;7;0;2;3;1;1;
43990;202100028342;151 037;A01;1;33;0;2;2;1;1;
43991;202100028342;151 038;B01;2;7;0;2;3;9;1;
43992;202100028343;151 036;A01;2;33;6;0;1;0;1;
43993;202100028344;151 035;A01;2;7;2;0;1;1;1;
43994;202100028345;151 034;A01;1;36;9;0;0;1;1;
43995;202100028346;151 033;A01;2;7;8;0;7;1;1;
43996;202100028347;151 031;B01;1;7;0;2;1;1;1;
43997;202100028347;151 032;A01;2;10;0;2;1;17;1;
43998;202100028348;151 029;B01;1;7;0;2;3;16;1;
43999;202100028348;151 030;A01;2;7;0;2;8;15;1;
44000;202100028349;151 028;A01;0;31;0;0;7;1;1;
44001;202100028350;151 027;A01;1;7;4;0;3;1;1;
44002;202100028351;151 025;B01;1;1;0;2;4;13;5;
44003;202100028351;151 026;A01;1;7;0;2;2;17;1;
44004;202100028352;151 023;A01;2;7;0;2;3;1;1;
44005;202100028352;151 024;B01;1;7;0;2;3;1;1;
44006;202100028353;151 021;B01;1;7;0;2;5;15;1;
44007;202100028353;151 022;A01;1;2;0;2;1;1;1;
44008;202100028354;151 020;A01;1;7;13;0;1;1;1;
44009;202100028355;151 017;A01;1;7;0;2;1;2;1;
44010;202100028355;151 018;C01;1;7;0;2;4;2;1;
44011;202100028355;151 019;B01;1;7;0;2;4;2;1;
44012;202100028356;151 015;A01;2;3;13;2;3;1;1;
44013;202100028356;151 016;B01;1;7;0;2;3;1;1;
44014;202100028357;151 014;A01;2;33;0;0;0;1;1;
44015;202100028358;151 013;A01;1;2;8;0;1;1;1;
44016;202100028359;151 012;A01;1;32;0;0;0;1;1;
44017;202100028360;151 010;A01;1;7;0;0;1;19;1;
44018;202100028360;151 011;B01;2;7;0;0;5;1;1;
44019;202100028361;151 008;A01;2;7;2;2;3;13;1;
44020;202100028361;151 009;B01;1;7;0;2;8;21;1;
44021;202100028362;151 006;B01;2;7;0;0;0;2;1;
44022;202100028362;151 007;A01;2;2;0;0;0;1;1;
44023;202100028363;151 005;A01;0;7;13;0;0;0;1;
44024;202100028364;151 003;B01;1;7;0;2;3;1;1;
44025;202100028364;151 004;A01;2;7;0;2;3;13;1;
44026;202100028365;151 002;A01;2;10;13;0;7;1;1;
44027;202100028366;151 001;A01;2;33;13;0;8;1;1;
44028;202100028367;150 999;A01;1;2;0;2;1;5;1;
44029;202100028367;151 000;B01;1;10;0;2;2;1;1;
44030;202100028369;150 997;A01;1;7;6;0;3;1;1;
44031;202100028370;150 996;A01;1;7;2;0;1;1;1;
44032;202100028371;150 994;A01;3;7;0;2;3;13;1;
44033;202100028371;150 995;B01;3;7;0;2;3;21;1;
44034;202100028372;150 992;A01;3;2;0;2;0;1;1;
44035;202100028372;150 993;B01;3;7;0;2;0;0;1;
44036;202100028373;150 991;A01;1;1;12;0;7;13;5;
44037;202100028374;150 989;A01;3;10;0;2;3;13;1;
44038;202100028374;150 990;B01;3;1;0;0;6;15;5;
44039;202100028375;150 988;A01;1;33;0;0;0;26;1;
44040;202100028376;150 986;A01;2;7;0;0;0;1;1;
44041;202100028377;150 985;A01;3;7;0;1;2;1;1;
44042;202100028378;150 984;A01;2;2;16;0;0;1;1;
44043;202100028379;150 980;B01;2;31;0;2;7;1;1;
44044;202100028379;150 981;A01;2;7;0;2;3;9;1;
44045;202100028380;150 979;A01;2;33;13;0;1;1;1;
44046;202100028381;150 978;A01;3;33;0;0;0;1;1;
44047;202100028382;150 977;A01;1;33;0;0;0;1;1;
44048;202100028383;150 976;A01;2;7;2;0;1;1;1;
44049;202100028384;150 975;A01;2;7;0;0;9;0;1;
44050;202100028385;150 974;A01;1;7;2;0;1;1;1;
44051;202100028386;150 973;A01;1;17;13;0;7;1;1;
44052;202100028387;150 971;A01;3;21;0;2;3;1;1;
44053;202100028387;150 972;B01;3;30;0;2;8;1;1;
44054;202100028388;150 969;A01;2;7;0;2;2;0;1;
44055;202100028388;150 970;B01;2;7;0;2;3;2;1;
44056;202100028389;150 967;A01;1;1;0;0;2;19;5;
44057;202100028389;150 968;B01;1;17;0;0;1;1;1;
44058;202100028390;150 966;A01;2;17;0;1;3;16;1;
44059;202100028391;150 964;A01;1;7;0;2;2;1;1;
44060;202100028391;150 965;B01;2;7;0;0;6;1;1;
44061;202100028392;150 962;B01;2;30;0;2;1;7;1;
44062;202100028392;150 963;A01;1;7;0;2;5;1;1;
44063;202100028393;150 960;B01;2;7;0;2;3;1;1;
44064;202100028393;150 961;A01;1;14;0;2;3;13;1;
44065;202100028394;150 958;B01;1;1;0;2;1;1;5;
44066;202100028394;150 959;A01;2;7;0;9;3;9;1;
44067;202100028395;150 956;B01;1;7;7;2;8;1;1;
44068;202100028395;150 957;A01;2;7;0;2;3;17;1;
44069;202100028396;150 955;A01;1;7;2;0;1;1;1;
44070;202100028397;150 953;A01;1;7;0;2;1;1;1;
44071;202100028397;150 954;B01;1;7;0;0;4;1;1;
44072;202100028398;150 950;A01;1;7;0;2;1;2;1;
44073;202100028398;150 951;B01;1;7;0;2;4;23;1;
44074;202100028398;150 952;C01;1;10;0;0;4;23;1;
44075;202100028399;150 949;A01;2;33;4;0;1;1;1;
44076;202100028400;150 948;A01;2;33;4;0;1;1;0;
44077;202100028401;150 947;A01;1;10;16;0;9;14;1;
44078;202100028402;150 945;B01;2;32;0;2;6;1;1;
44079;202100028402;150 946;A01;3;34;0;2;1;19;1;
44080;202100028403;150 944;A01;2;7;0;1;1;26;1;
44081;202100028404;150 943;A01;1;33;12;0;1;1;1;
44082;202100028405;150 942;A01;2;33;0;0;0;1;1;
44083;202100028406;150 939;A01;1;7;0;0;1;13;1;
44084;202100028406;150 940;B01;2;7;0;0;1;1;1;
44085;202100028406;150 941;C01;2;33;5;0;1;1;1;
44086;202100028407;150 937;B01;3;35;0;2;1;0;1;
44087;202100028407;150 938;A01;3;7;0;2;2;1;1;
44088;202100028408;150 935;B01;3;2;0;2;1;5;1;
44089;202100028408;150 936;A01;3;7;0;2;5;2;1;
44090;202100028409;150 934;A01;1;7;3;0;2;0;1;
44091;202100028411;150 930;A01;1;10;0;2;3;1;1;
44092;202100028411;150 931;B01;2;14;0;2;8;1;1;
44093;202100028413;150 927;A01;1;33;0;0;0;1;1;
44094;202100028414;150 926;A01;1;33;14;0;1;1;1;
44095;202100028415;150 924;B01;1;7;0;2;1;1;1;
44096;202100028415;150 925;A01;2;1;0;2;1;0;5;
44097;202100028416;150 922;B01;1;7;3;2;1;1;1;
44098;202100028416;150 923;A01;2;7;0;2;3;5;1;
44099;202100028417;150 920;A01;1;33;0;2;4;2;1;
44100;202100028417;150 921;B01;1;33;0;2;1;2;1;
44101;202100028418;150 919;A01;1;14;13;0;2;1;1;
44102;202100028419;150 916;C01;2;1;0;2;1;1;5;
44103;202100028419;150 917;B01;2;1;0;2;1;1;5;
44104;202100028419;150 918;A01;1;1;0;2;0;19;5;
44105;202100028420;150 915;A01;1;33;6;0;1;13;1;
44106;202100028421;150 913;B01;0;7;0;2;1;1;1;
44107;202100028421;150 914;A01;0;1;0;2;0;0;0;
44108;202100028422;150 912;A01;1;33;8;0;1;1;1;
44109;202100028423;150 910;B01;1;7;0;2;2;1;1;
44110;202100028423;150 911;A01;3;1;0;2;3;9;5;
44111;202100028425;150 908;A01;3;2;0;1;1;1;1;
44112;202100028426;150 906;A01;1;7;4;0;3;17;1;
44113;202100028427;150 904;A01;1;33;0;2;1;1;1;
44114;202100028427;150 905;B01;1;7;0;0;7;26;1;
44115;202100028428;150 902;A01;2;7;0;2;6;24;1;
44116;202100028428;150 903;B01;2;33;1;0;1;12;1;
44117;202100028429;150 900;A01;1;7;0;2;4;1;1;
44118;202100028429;150 901;B01;1;7;0;2;1;1;1;
44119;202100028430;150 898;B01;1;7;0;2;2;1;1;
44120;202100028430;150 899;Z01;1;10;0;2;6;11;1;
44121;202100028432;150 894;B01;2;7;0;2;4;1;1;
44122;202100028432;150 895;A01;2;7;0;2;3;0;1;
44123;202100028433;150 892;B01;1;7;0;2;4;1;1;
44124;202100028433;150 893;A01;1;7;0;2;4;1;1;
44125;202100028434;150 891;A01;2;33;0;2;7;0;1;
44126;202100028436;150 886;A01;2;7;4;2;1;2;1;
44127;202100028436;150 887;B01;2;7;4;2;4;2;1;
44128;202100028436;150 888;C01;2;10;4;2;4;2;1;
44129;202100028437;150 884;B01;2;7;0;2;6;2;1;