;Num_Acc;id_vehicule;num_veh;senc;catv;obs;obsm;choc;manv;motor;occutc
44130;202100028437;150 885;A01;2;32;0;2;1;2;1;
44131;202100028439;150 879;A01;1;7;0;2;3;17;1;
44132;202100028439;150 880;B01;1;7;0;2;5;0;1;
44133;202100028440;150 877;A01;1;7;0;2;1;1;1;
44134;202100028440;150 878;B01;1;31;0;2;4;1;1;
44135;202100028441;150 875;B01;2;7;14;2;6;1;1;
44136;202100028441;150 876;A01;2;7;0;2;2;26;1;
44137;202100028442;150 874;A01;2;7;3;0;1;9;1;
44138;202100028443;150 872;A01;1;7;0;2;1;1;1;
44139;202100028443;150 873;B01;1;7;0;2;4;1;1;
44140;202100028444;150 870;B01;2;7;0;2;8;1;1;
44141;202100028444;150 871;A01;2;15;0;2;2;12;1;
44142;202100028445;150 869;A01;2;7;0;1;2;1;1;
44143;202100028446;150 868;A01;3;7;0;1;2;1;1;
44144;202100028447;150 866;B01;1;33;0;2;3;18;1;
44145;202100028447;150 867;A01;1;7;0;2;5;16;1;
44146;202100028448;150 864;B01;1;7;0;2;2;15;1;
44147;202100028448;150 865;A01;1;30;0;2;5;1;1;
44148;202100028449;150 862;B01;2;7;0;2;1;1;1;
44149;202100028449;150 863;A01;1;7;0;2;3;16;1;
44150;202100028451;150 858;A01;1;30;0;2;1;19;1;
44151;202100028451;150 859;B01;1;7;0;2;5;1;1;
44152;202100028452;150 857;A01;2;7;0;1;8;1;1;
44153;202100028453;150 855;A01;3;50;0;2;4;1;3;
44154;202100028453;150 856;B01;2;7;0;9;1;1;0;
44155;202100028454;150 852;B01;1;7;0;2;4;23;1;
44156;202100028454;150 853;A01;1;7;0;2;1;2;1;
44157;202100028454;150 854;C01;1;7;0;2;4;23;0;
44158;202100028456;150 849;B01;1;7;0;2;1;0;1;
44159;202100028456;150 850;A01;1;7;8;2;5;26;1;
44160;202100028457;150 848;A01;1;7;0;1;1;9;1;
44161;202100028458;150 847;A01;3;7;0;1;2;14;1;
44162;202100028459;150 845;A01;2;10;0;2;2;19;1;
44163;202100028459;150 846;B01;2;1;0;2;8;1;5;
44164;202100028460;150 843;B01;2;33;0;2;1;1;1;
44165;202100028460;150 844;A01;2;7;0;2;3;20;1;
44166;202100028461;150 842;A01;1;33;9;0;1;26;1;
44167;202100028462;150 840;B01;1;7;0;2;4;2;1;
44168;202100028462;150 841;Z01;1;7;0;2;1;2;0;
44169;202100028464;150 838;A01;1;7;0;1;2;15;1;
44170;202100028465;150 836;B01;2;33;0;2;1;1;0;
44171;202100028465;150 837;A01;1;7;0;2;2;0;0;
44172;202100028466;150 834;A01;0;7;0;2;0;0;1;
44173;202100028466;150 835;B01;1;33;0;2;1;19;1;
44174;202100028467;150 832;A01;1;7;5;2;1;9;1;
44175;202100028467;150 833;B01;1;1;0;2;3;26;5;
44176;202100028468;150 830;A01;3;7;0;2;1;5;1;
44177;202100028468;150 831;B01;3;7;0;2;1;1;1;
44178;202100028469;150 828;B01;3;7;0;2;3;1;1;
44179;202100028469;150 829;A01;3;80;0;2;4;1;3;
44180;202100028470;150 825;A01;1;7;0;2;1;2;1;
44181;202100028470;150 826;B01;1;7;0;2;4;1;1;
44182;202100028470;150 827;C01;1;7;0;2;4;1;1;
44183;202100028471;150 824;A01;1;7;0;1;1;1;1;
44184;202100028472;150 822;B01;0;7;0;2;5;0;1;
44185;202100028472;150 823;A01;0;7;0;2;1;12;1;
44186;202100028473;150 821;A01;2;30;9;0;1;14;1;
44187;202100028474;150 820;A01;1;7;0;1;4;4;1;
44188;202100028475;150 818;B01;2;7;8;0;5;23;1;
44189;202100028475;150 819;A01;2;7;0;2;3;13;1;
44190;202100028477;150 811;A01;1;7;0;2;1;26;1;
44191;202100028477;150 812;B01;1;7;0;2;1;2;1;
44192;202100028477;150 813;C01;1;7;0;2;1;2;0;
44193;202100028478;150 809;B01;1;7;0;2;7;1;1;
44194;202100028478;150 810;A01;3;10;0;2;1;1;1;
44195;202100028479;150 807;B01;2;32;0;2;1;1;1;
44196;202100028479;150 808;A01;2;7;0;2;8;10;1;
44197;202100028481;150 804;B01;0;33;0;2;7;1;1;
44198;202100028481;150 805;A01;0;7;0;2;0;15;1;
44199;202100028482;150 803;A01;3;7;13;5;9;21;1;
44200;202100028483;150 802;A01;1;7;10;0;1;19;1;
44201;202100028484;150 800;B01;1;7;0;2;1;1;1;
44202;202100028484;150 801;A01;1;7;0;2;9;13;1;
44203;202100028485;150 799;A01;3;7;0;1;2;1;1;
44204;202100028487;150 796;B01;3;7;0;2;6;10;1;
44205;202100028487;150 797;A01;3;30;0;2;1;17;1;
44206;202100028489;150 793;B01;1;33;0;2;1;1;1;
44207;202100028489;150 794;A01;1;10;0;2;7;15;1;
44208;202100028490;150 791;B01;1;30;0;2;1;17;1;
44209;202100028490;150 792;A01;1;7;0;2;6;15;1;
44210;202100028491;150 789;A01;3;33;0;2;1;13;1;
44211;202100028491;150 790;B01;3;7;0;2;3;16;1;
44212;202100028492;150 787;A01;2;43;0;2;3;11;1;
44213;202100028492;150 788;B01;2;7;0;2;7;1;1;
44214;202100028493;150 784;B01;1;7;0;2;4;2;1;
44215;202100028493;150 785;C01;1;7;0;2;4;2;1;
44216;202100028493;150 786;A01;1;7;0;2;1;2;1;
44217;202100028494;150 783;A01;3;30;0;0;1;1;1;
44218;202100028495;150 781;A01;1;7;0;2;1;1;2;
44219;202100028495;150 782;B01;0;60;0;2;7;19;5;
44220;202100028496;150 779;A01;1;32;0;2;4;2;1;
44221;202100028496;150 780;Z01;3;7;0;2;1;2;0;
44222;202100028497;150 777;A01;3;1;0;2;1;15;5;
44223;202100028497;150 778;B01;3;7;0;2;3;1;3;
44224;202100028498;150 773;A01;3;34;0;2;9;17;1;
44225;202100028498;150 774;B01;3;7;0;2;6;2;1;
44226;202100028498;150 775;C01;3;10;0;2;7;2;1;
44227;202100028498;150 776;D01;3;7;0;2;6;2;1;
44228;202100028500;150 769;A01;1;7;0;2;0;22;1;
44229;202100028500;150 770;B01;1;80;0;2;0;1;3;
44230;202100028501;150 767;A01;3;7;0;2;5;1;0;
44231;202100028501;150 768;B01;3;7;0;2;1;1;1;
44232;202100028502;150 766;A01;1;7;0;1;8;15;1;
44233;202100028503;150 765;A01;2;32;0;1;0;0;1;
44234;202100028504;150 763;B01;1;7;0;2;4;1;1;
44235;202100028504;150 764;A01;1;7;0;2;1;2;1;
44236;202100028505;150 761;Z01;2;30;0;2;0;17;1;
44237;202100028505;150 762;A01;2;30;0;2;8;15;1;
44238;202100028506;150 760;A01;-1;7;0;1;2;1;1;
44239;202100028507;150 758;A01;3;10;0;2;3;1;1;
44240;202100028507;150 759;B01;3;7;0;2;3;2;1;
44241;202100028509;150 754;B01;0;2;0;2;0;2;1;
44242;202100028509;150 755;A01;0;7;0;0;0;15;1;
44243;202100028511;150 751;A01;3;80;0;0;0;0;3;
44244;202100028512;150 749;B01;2;7;0;2;0;15;2;
44245;202100028512;150 750;A01;1;33;0;2;3;21;1;
44246;202100028513;150 747;A01;1;30;0;2;7;1;1;
44247;202100028513;150 748;B01;2;7;0;2;1;1;1;
44248;202100028514;150 745;B01;2;7;0;2;8;1;1;
44249;202100028514;150 746;A01;1;33;0;2;1;13;1;
44250;202100028515;150 743;B01;1;33;0;2;7;17;1;
44251;202100028515;150 744;A01;2;7;0;2;8;1;1;
44252;202100028516;150 740;A01;1;7;13;0;0;1;1;
44253;202100028517;150 739;A01;1;7;7;0;1;19;1;
44254;202100028518;150 738;A01;2;33;0;0;0;1;1;
44255;202100028519;150 737;A01;2;33;0;0;1;1;1;
44256;202100028520;150 736;A01;2;7;3;0;0;1;1;
44257;202100028521;150 735;A01;2;7;13;0;1;1;1;
44258;202100028523;150 732;A01;3;7;1;1;1;13;1;
44259;202100028524;150 730;B01;1;33;0;2;0;1;1;
44260;202100028524;150 731;A01;1;7;0;2;1;9;2;
44261;202100028525;150 729;A01;2;32;15;0;2;1;1;
44262;202100028526;150 727;A01;1;7;0;2;2;17;1;
44263;202100028526;150 728;B01;1;7;0;0;3;15;1;
44264;202100028527;150 725;B01;1;7;5;2;1;1;1;
44265;202100028527;150 726;A01;2;7;0;2;3;13;1;
44266;202100028528;150 723;B01;1;33;0;0;7;17;1;
44267;202100028528;150 724;A01;1;7;0;2;3;15;1;
44268;202100028529;150 722;A01;1;2;0;0;1;1;1;
44269;202100028530;150 721;A01;1;2;0;0;8;1;1;
44270;202100028531;150 720;A01;1;33;0;0;7;1;1;
44271;202100028532;150 718;A01;1;7;0;2;2;9;1;
44272;202100028532;150 719;B01;1;7;0;2;1;1;1;
44273;202100028533;150 716;A01;0;33;0;2;3;26;0;
44274;202100028533;150 717;B01;0;10;0;2;2;1;1;
44275;202100028534;150 714;B01;3;7;0;2;3;15;1;
44276;202100028534;150 715;A01;3;2;0;2;3;1;1;
44277;202100028536;150 711;A01;2;17;0;2;1;1;1;
44278;202100028536;150 712;B01;1;7;0;2;1;13;1;
44279;202100028538;150 708;A01;2;7;6;0;2;1;1;
44280;202100028540;150 704;A01;1;7;0;2;3;1;1;
44281;202100028540;150 705;B01;2;7;0;2;3;1;1;
44282;202100028541;150 703;A01;1;7;2;0;9;14;1;
44283;202100028542;150 702;A01;3;7;13;0;2;1;1;
44284;202100028543;150 700;A01;1;7;0;2;1;13;1;
44285;202100028543;150 701;B01;2;7;0;2;1;1;1;
44286;202100028544;150 698;A01;1;33;1;0;3;26;1;
44287;202100028544;150 699;B01;1;7;0;0;2;26;1;
44288;202100028545;150 696;A01;1;43;0;2;1;6;1;
44289;202100028545;150 697;B01;2;10;0;2;1;1;1;
44290;202100028546;150 694;A01;2;7;0;2;1;0;1;
44291;202100028546;150 695;B01;1;7;0;2;1;0;1;
44292;202100028547;150 693;A01;1;7;13;6;2;21;1;
44293;202100028548;150 689;B01;1;7;0;2;8;1;1;
44294;202100028548;150 690;A01;2;2;0;2;8;17;1;
44295;202100028549;150 688;A01;3;2;16;0;8;0;1;
44296;202100028550;150 686;A01;1;33;11;0;1;17;1;
44297;202100028550;150 687;B01;1;7;0;0;3;15;1;
44298;202100028551;150 685;A01;2;7;6;0;3;1;1;
44299;202100028552;150 683;A01;1;7;0;2;3;1;1;
44300;202100028552;150 684;B01;2;10;0;2;2;15;1;
44301;202100028553;150 682;A01;1;7;15;0;1;5;1;
44302;202100028554;150 680;B01;3;1;0;2;8;1;5;
44303;202100028554;150 681;A01;3;7;0;9;5;1;1;
44304;202100028555;150 678;A01;3;7;2;0;3;2;1;
44305;202100028556;150 675;C01;2;7;3;0;1;1;1;
44306;202100028556;150 676;B01;2;7;0;2;1;2;1;
44307;202100028556;150 677;A01;2;7;3;2;1;2;1;
44308;202100028557;150 673;A01;1;7;0;9;1;1;1;
44309;202100028557;150 674;B01;0;1;0;2;2;1;5;
44310;202100028558;150 672;A01;2;7;4;0;1;1;1;
44311;202100028559;150 670;B01;3;2;0;0;0;9;0;
44312;202100028559;150 671;A01;0;7;0;0;0;1;1;
44313;202100028560;150 668;A01;2;7;0;2;2;17;1;
44314;202100028560;150 669;B01;2;15;0;2;8;15;1;
44315;202100028561;150 666;B01;1;7;0;2;1;2;1;
44316;202100028561;150 667;A01;1;7;3;0;4;2;1;
44317;202100028562;150 664;A01;2;33;16;0;9;1;1;
44318;202100028563;150 662;B01;2;7;0;2;7;17;0;
44319;202100028563;150 663;A01;2;2;13;2;8;1;1;
44320;202100028565;150 659;A01;1;7;0;2;3;1;1;
44321;202100028565;150 660;B01;2;7;0;2;8;1;1;
44322;202100028566;150 658;A01;3;2;5;0;7;17;1;
44323;202100028567;150 656;B01;1;7;0;0;4;2;1;
44324;202100028567;150 657;A01;1;7;3;2;1;2;1;
44325;202100028568;150 655;A01;1;2;13;0;0;1;1;
44326;202100028569;150 653;A01;1;7;0;2;1;13;1;
44327;202100028569;150 654;B01;2;7;0;2;1;21;1;
44328;202100028571;150 649;A01;2;1;0;2;1;1;5;
44329;202100028571;150 650;B01;1;7;0;2;3;1;2;
44330;202100028572;150 646;A01;0;7;0;2;3;5;1;
44331;202100028572;150 647;B01;0;7;0;2;3;1;1;
44332;202100028572;150 648;C01;0;7;0;2;1;1;1;
44333;202100028573;150 645;A01;2;7;2;0;1;1;1;
44334;202100028574;150 643;A01;2;7;0;2;2;13;1;
44335;202100028574;150 644;B01;1;7;0;2;2;1;1;
44336;202100028575;150 641;A01;3;7;0;2;7;15;1;
44337;202100028575;150 642;B01;0;2;0;2;1;1;1;
44338;202100028576;150 639;B01;2;1;0;2;8;26;5;
44339;202100028576;150 640;A01;1;7;0;9;1;1;1;
44340;202100028577;150 638;A01;0;36;6;0;7;1;1;
44341;202100028579;150 634;B01;1;33;0;2;1;1;1;
44342;202100028579;150 635;A01;1;7;0;2;5;19;1;
44343;202100028580;150 632;A01;1;7;0;2;4;23;1;
44344;202100028580;150 633;B01;1;7;14;0;1;2;1;
44345;202100028581;150 630;B01;1;7;0;2;2;15;1;
44346;202100028581;150 631;A01;2;34;0;2;1;1;1;
44347;202100028582;150 628;A01;1;7;8;2;2;2;1;
44348;202100028582;150 629;B01;1;7;14;0;6;2;1;
44349;202100028584;150 626;A01;2;31;13;0;1;19;1;
44350;202100028585;150 624;A01;2;7;7;0;8;19;1;
44351;202100028585;150 625;B01;1;17;0;2;2;1;1;
44352;202100028586;150 622;A01;1;7;0;2;8;23;1;
44353;202100028586;150 623;B01;1;7;0;2;1;1;1;
44354;202100028587;150 618;C01;2;7;0;2;4;2;1;
44355;202100028587;150 619;D01;2;10;0;2;4;2;1;
44356;202100028587;150 620;A01;2;7;0;2;1;1;1;
44357;202100028587;150 621;B01;2;7;0;2;4;0;1;
44358;202100028590;150 613;B01;1;7;0;2;6;1;1;
44359;202100028590;150 614;A01;1;33;0;2;2;1;1;
44360;202100028591;150 611;A01;2;33;0;2;1;11;1;
44361;202100028591;150 612;B01;2;7;0;2;4;1;1;
44362;202100028592;150 610;A01;1;7;4;0;1;1;1;
44363;202100028593;150 608;A01;2;7;0;2;8;13;1;
44364;202100028593;150 609;B01;2;7;0;2;7;1;1;
44365;202100028594;150 606;B01;2;7;0;2;7;1;1;
44366;202100028594;150 607;A01;2;7;0;2;3;11;1;
44367;202100028595;150 604;A01;1;7;4;0;4;21;1;
44368;202100028595;150 605;Z01;1;7;0;0;0;0;0;
44369;202100028596;150 601;C01;2;7;0;2;1;1;1;
44370;202100028596;150 602;A01;2;7;0;2;1;1;1;
44371;202100028596;150 603;B01;2;7;0;2;4;1;1;
44372;202100028597;150 599;A01;1;7;0;2;1;1;1;
44373;202100028597;150 600;B01;1;7;0;2;4;1;1;
44374;202100028598;150 597;B01;2;10;0;9;3;1;1;
44375;202100028598;150 598;A01;2;1;0;2;1;5;5;
44376;202100028599;150 596;A01;1;7;0;1;1;1;1;
44377;202100028600;150 594;A01;1;7;0;0;0;0;1;
44378;202100028600;150 595;B01;1;30;0;0;0;0;1;
44379;202100028601;150 592;A01;3;7;0;2;1;26;1;
44380;202100028601;150 593;B01;3;30;0;2;7;1;1;
44381;202100028602;150 590;B01;3;7;0;2;8;15;1;
44382;202100028602;150 591;A01;3;31;0;2;1;17;1;
44383;202100028603;150 588;A01;1;7;0;2;3;9;1;
44384;202100028603;150 589;B01;1;2;0;2;1;1;1;
44385;202100028604;150 586;A01;1;7;0;2;1;1;1;
44386;202100028604;150 587;B01;3;7;0;2;7;1;1;
44387;202100028605;150 584;B01;2;7;4;2;4;2;1;
44388;202100028605;150 585;A01;2;7;0;2;2;2;1;
44389;202100028606;150 582;A01;2;7;0;2;5;12;1;
44390;202100028606;150 583;B01;2;33;0;2;1;1;1;
44391;202100028607;150 579;A01;2;7;14;0;4;23;1;
44392;202100028607;150 580;B01;2;7;0;2;1;2;1;
44393;202100028607;150 581;C01;1;10;0;2;1;2;1;
44394;202100028608;150 578;A01;2;7;0;1;1;17;1;
44395;202100028609;150 576;B01;1;99;0;2;1;1;3;
44396;202100028609;150 577;A01;1;7;0;2;3;16;1;
44397;202100028611;150 573;A01;3;7;0;2;3;1;1;
44398;202100028611;150 574;B01;3;30;0;2;1;5;1;
44399;202100028612;150 571;B01;1;7;0;2;3;15;1;
44400;202100028612;150 572;A01;1;10;0;2;3;15;1;
44401;202100028613;150 570;A01;2;2;0;1;1;1;1;
44402;202100028614;150 569;A01;1;7;1;0;7;1;1;
44403;202100028615;150 567;A01;0;10;0;2;1;1;1;
44404;202100028615;150 568;B01;0;50;0;2;4;1;3;
44405;202100028616;150 565;B01;0;7;0;2;1;1;1;
44406;202100028616;150 566;A01;0;7;0;2;1;15;1;
44407;202100028617;150 563;B01;0;7;0;2;6;15;1;
44408;202100028617;150 564;A01;0;7;0;2;3;1;1;
44409;202100028618;150 559;A01;1;7;0;2;2;15;1;
44410;202100028618;150 560;B01;2;7;0;2;3;0;1;
44411;202100028619;150 558;B01;2;50;0;2;2;2;3;
44412;202100028620;150 556;B01;1;10;0;2;4;2;1;
44413;202100028620;150 557;A01;2;33;0;2;1;2;0;
44414;202100028621;150 554;B01;1;31;0;2;4;1;1;
44415;202100028621;150 555;A01;1;7;0;2;1;1;1;
44416;202100028622;150 553;A01;1;7;13;0;1;0;1;
44417;202100028623;150 551;B01;1;80;0;2;1;1;3;
44418;202100028623;150 552;A01;1;7;0;2;5;16;1;
44419;202100028624;150 550;A01;1;33;14;0;1;14;1;
44420;202100028625;150 548;A01;2;10;0;2;1;9;1;
44421;202100028625;150 549;B01;2;33;0;2;5;1;1;
44422;202100028626;150 546;A01;3;1;0;2;2;9;5;
44423;202100028626;150 547;B01;3;7;0;2;6;9;1;
44424;202100028627;150 544;B01;1;7;0;2;4;23;1;
44425;202100028627;150 545;A01;1;7;0;2;1;2;1;
44426;202100028628;150 541;C01;2;7;0;2;4;23;1;
44427;202100028628;150 542;B01;2;7;0;2;4;23;1;
44428;202100028628;150 543;A01;2;7;0;2;1;2;1;
44429;202100028629;150 539;B01;1;33;0;2;6;1;1;
44430;202100028629;150 540;A01;1;7;0;2;6;10;1;
44431;202100028630;150 537;B01;3;7;0;2;1;1;1;
44432;202100028630;150 538;A01;3;31;0;2;1;1;1;
44433;202100028631;150 535;A01;1;7;0;2;1;1;1;
44434;202100028631;150 536;B01;1;1;0;2;8;19;5;
44435;202100028632;150 533;B01;1;7;0;2;3;16;1;
44436;202100028632;150 534;A01;1;1;0;2;1;1;5;
44437;202100028633;150 532;A01;1;7;1;0;2;14;1;
44438;202100028634;150 530;B01;1;7;0;2;4;26;1;
44439;202100028634;150 531;A01;1;7;0;2;2;26;1;
44440;202100028635;150 528;B01;2;10;1;0;7;1;1;
44441;202100028635;150 529;A01;2;10;0;2;8;24;1;
44442;202100028636;150 526;A01;1;10;0;9;2;9;1;
44443;202100028636;150 527;B01;1;1;0;2;2;9;2;
44444;202100028637;150 524;B01;0;7;0;2;4;2;1;
44445;202100028637;150 525;A01;0;33;0;2;1;2;1;
44446;202100028638;150 523;A01;2;30;0;0;0;1;1;
44447;202100028639;150 522;A01;1;7;0;0;1;9;1;
44448;202100028640;150 520;B01;1;60;5;2;1;9;5;
44449;202100028640;150 521;A01;1;7;12;2;3;9;1;
44450;202100028642;150 517;A01;3;7;0;2;3;15;1;
44451;202100028642;150 518;B01;3;7;0;2;8;1;1;
44452;202100028643;150 515;B01;2;7;1;2;2;1;1;
44453;202100028643;150 516;FA01;1;7;6;2;1;1;1;
44454;202100028644;150 514;A01;3;7;8;0;1;1;1;
44455;202100028645;150 512;B01;3;60;0;2;8;19;5;
44456;202100028645;150 513;A01;3;7;0;2;1;1;1;
44457;202100028646;150 510;A01;2;7;0;2;1;15;0;
44458;202100028646;150 511;B01;1;7;0;2;0;0;1;
44459;202100028647;150 507;B01;2;7;0;2;3;1;1;
44460;202100028647;150 508;C01;2;10;13;0;2;1;1;
44461;202100028647;150 509;A01;1;7;0;2;3;13;1;
44462;202100028648;150 505;B01;1;1;0;2;1;1;5;
44463;202100028648;150 506;A01;2;1;0;2;1;1;5;
44464;202100028649;150 503;Z01;1;7;0;2;0;0;0;
44465;202100028649;150 504;A01;1;33;0;2;4;1;1;
44466;202100028650;150 501;A01;0;7;0;2;1;12;1;
44467;202100028650;150 502;B01;3;1;0;2;1;8;0;
44468;202100028651;150 499;B01;0;7;0;2;3;1;1;
44469;202100028651;150 500;Z01;1;7;0;2;1;0;0;
44470;202100028652;150 498;A01;2;7;6;0;1;26;1;
44471;202100028653;150 496;B01;0;31;0;2;1;1;1;
44472;202100028653;150 497;A01;1;7;0;2;0;10;1;
44473;202100028654;150 495;A01;1;1;0;1;1;25;5;
44474;202100028656;150 493;A01;3;7;1;0;4;4;1;
44475;202100028657;150 491;B01;3;7;0;2;1;1;1;
44476;202100028657;150 492;A01;3;7;0;2;1;5;1;
44477;202100028658;150 490;A01;0;7;0;1;1;1;1;
44478;202100028659;150 488;B01;3;1;0;2;5;1;5;
44479;202100028659;150 489;A01;3;7;0;2;1;9;1;
44480;202100028660;150 487;A01;1;7;4;0;2;1;1;
44481;202100028661;150 486;A01;1;30;0;0;7;26;1;
44482;202100028662;150 484;A01;2;7;0;2;1;2;1;
44483;202100028662;150 485;B01;2;7;0;2;4;1;1;
44484;202100028663;150 481;C01;1;7;0;2;4;2;1;
44485;202100028663;150 482;B01;1;7;0;2;4;1;1;
44486;202100028663;150 483;A01;1;7;0;2;1;2;1;
44487;202100028664;150 480;A01;1;32;9;0;1;1;1;
44488;202100028665;150 477;C01;1;7;0;0;3;0;1;
44489;202100028665;150 478;B01;1;7;0;2;3;0;1;
44490;202100028665;150 479;A01;1;7;0;2;3;0;1;
44491;202100028666;150 475;A01;2;32;0;2;1;1;1;
44492;202100028666;150 476;B01;1;30;0;2;3;9;1;
44493;202100028667;150 473;B01;2;7;0;2;4;4;1;
44494;202100028667;150 474;A01;2;33;0;2;1;26;1;
44495;202100028668;150 472;A01;2;7;0;1;7;21;1;
44496;202100028669;150 470;A01;2;7;0;2;8;13;1;
44497;202100028669;150 471;B01;2;33;0;2;7;3;1;
44498;202100028670;150 469;A01;3;7;8;0;3;15;1;
44499;202100028671;150 468;A01;2;2;0;0;1;1;1;
44500;202100028672;150 467;A01;2;30;0;0;3;13;1;
44501;202100028674;150 463;A01;1;7;0;2;8;13;1;
44502;202100028674;150 464;B01;1;7;4;2;7;1;1;
44503;202100028674;150 465;C01;1;15;0;2;4;1;1;
44504;202100028675;150 462;A01;1;34;0;0;0;3;1;
44505;202100028677;150 459;B01;1;1;0;2;3;1;5;
44506;202100028677;150 460;A01;1;7;0;2;2;15;1;
44507;202100028678;150 458;A01;1;30;0;1;1;18;3;
44508;202100028679;150 457;A01;2;37;0;0;0;21;1;3.0
44509;202100028680;150 456;A01;2;50;0;1;1;1;3;
44510;202100028681;150 454;B01;2;10;0;2;1;22;1;
44511;202100028681;150 455;A01;1;1;0;2;1;1;5;
44512;202100028682;150 453;A01;2;50;0;1;7;1;3;
44513;202100028683;150 450;A01;2;7;0;2;1;1;3;
44514;202100028683;150 451;B01;2;1;0;2;4;9;5;
44515;202100028683;150 452;C01;1;7;0;2;1;1;1;
44516;202100028684;150 448;B01;2;7;0;2;2;1;1;
44517;202100028684;150 449;A01;2;7;0;2;1;1;1;
44518;202100028685;150 446;B01;2;31;0;2;4;1;1;
44519;202100028685;150 447;A01;2;7;0;2;7;1;1;
44520;202100028686;150 445;A01;3;50;0;1;1;1;3;
44521;202100028687;150 443;A01;2;7;0;2;1;13;1;
44522;202100028687;150 444;B01;1;7;0;2;1;1;1;
44523;202100028688;150 441;B01;1;7;0;2;5;2;2;
44524;202100028688;150 442;A01;1;33;0;2;1;2;1;
44525;202100028689;150 439;A01;1;30;0;2;1;2;1;
44526;202100028689;150 440;B01;1;7;0;2;4;2;1;
44527;202100028690;150 437;B01;3;80;0;2;7;1;3;
44528;202100028690;150 438;A01;3;7;0;2;8;22;1;
44529;202100028691;150 435;A01;2;1;0;2;5;2;5;
44530;202100028691;150 436;B01;2;7;0;2;5;23;1;
44531;202100028692;150 433;A01;1;7;0;2;6;15;1;
44532;202100028692;150 434;Z01;1;7;0;2;2;1;1;
44533;202100028693;150 431;A01;3;7;0;2;5;1;1;
44534;202100028693;150 432;B01;3;7;0;2;2;1;1;
44535;202100028695;150 427;B01;2;7;0;2;6;2;1;
44536;202100028695;150 428;A01;2;7;14;0;2;2;1;
44537;202100028696;150 425;A01;1;7;0;2;1;15;1;
44538;202100028696;150 426;Y01;1;1;0;2;1;5;5;
44539;202100028697;150 423;B01;3;10;0;0;8;1;1;
44540;202100028697;150 424;A01;3;7;0;0;7;14;1;
44541;202100028698;150 422;A01;3;50;14;0;1;25;3;
44542;202100028699;150 420;A01;3;33;0;2;7;17;1;
44543;202100028699;150 421;B01;3;10;0;2;8;1;1;
44544;202100028700;150 418;B01;0;34;0;0;0;2;1;
44545;202100028700;150 419;A01;0;7;0;0;1;2;1;
44546;202100028701;150 416;B01;3;3;0;2;3;15;1;
44547;202100028701;150 417;A01;2;34;0;2;1;2;1;
44548;202100028702;150 414;B01;1;7;0;9;2;16;1;
44549;202100028702;150 415;A01;2;50;0;2;2;25;3;
44550;202100028703;150 412;B01;2;7;0;2;3;10;0;
44551;202100028703;150 413;A01;1;43;0;2;3;21;1;
44552;202100028704;150 410;B01;3;7;0;2;3;15;1;
44553;202100028704;150 411;A01;3;30;0;2;1;17;1;
44554;202100028705;150 408;B01;1;30;0;0;1;2;1;
44555;202100028705;150 409;A01;1;99;0;0;8;19;0;
44556;202100028706;150 406;B01;0;7;0;2;8;0;1;
44557;202100028706;150 407;A01;2;7;0;2;1;9;0;
44558;202100028707;150 404;B01;3;7;0;2;2;1;1;
44559;202100028707;150 405;A01;1;7;0;2;8;9;1;
44560;202100028708;150 403;A01;3;50;0;1;1;19;3;
44561;202100028709;150 401;A01;2;33;0;2;1;17;1;
44562;202100028709;150 402;B01;2;7;0;2;4;23;0;
44563;202100028710;150 399;A01;1;7;0;2;3;15;1;
44564;202100028710;150 400;B01;2;32;0;2;1;1;1;
44565;202100028711;150 397;A01;2;7;0;2;1;2;1;
44566;202100028711;150 398;B01;2;30;0;2;4;1;3;
44567;202100028712;150 396;A01;3;7;8;0;1;1;1;
44568;202100028714;150 393;A01;1;43;0;2;2;17;1;
44569;202100028714;150 394;B01;1;7;0;2;3;1;1;
44570;202100028715;150 392;A01;1;33;0;0;7;13;1;
44571;202100028716;150 391;A01;1;2;1;0;1;1;1;
44572;202100028717;150 390;A01;2;7;14;0;8;1;1;
44573;202100028719;150 387;A01;1;7;0;1;3;0;1;
44574;202100028722;150 383;B01;3;31;0;2;1;19;0;
44575;202100028722;150 384;A01;3;7;0;2;1;1;1;
44576;202100028724;150 381;A01;3;7;2;0;0;1;1;
44577;202100028725;150 380;A01;2;2;0;0;2;1;1;
44578;202100028726;150 378;A01;2;7;0;2;1;13;1;
44579;202100028726;150 379;B01;1;10;0;2;1;1;1;
44580;202100028727;150 376;B01;1;2;0;2;7;1;1;
44581;202100028727;150 377;A01;2;7;0;2;1;9;1;
44582;202100028728;150 375;A01;1;7;6;0;3;1;1;
44583;202100028729;150 374;A01;1;2;0;0;0;0;1;
44584;202100028730;150 372;A01;3;7;0;2;3;15;1;
44585;202100028730;150 373;B01;3;2;0;2;8;0;1;
44586;202100028731;150 370;A01;1;31;0;2;3;13;1;
44587;202100028731;150 371;B01;2;7;0;2;8;1;1;
44588;202100028732;150 368;A01;1;7;0;2;3;1;1;
44589;202100028732;150 369;B01;2;2;0;2;1;13;1;
44590;202100028733;150 366;B01;1;7;0;2;7;1;1;
44591;202100028733;150 367;A01;1;7;0;2;1;19;1;
44592;202100028734;150 364;A01;1;7;0;2;3;1;1;