;Num_Acc;id_vehicule;num_veh;senc;catv;obs;obsm;choc;manv;motor;occutc
44593;202100028734;150 365;B01;2;7;0;0;8;1;1;
44594;202100028735;150 362;B01;1;33;0;0;4;1;1;
44595;202100028735;150 363;A01;1;7;0;2;1;1;1;
44596;202100028737;150 359;A01;1;7;0;2;3;9;2;
44597;202100028737;150 360;B01;1;33;0;2;7;1;1;
44598;202100028738;150 357;B01;1;7;0;2;3;1;1;
44599;202100028738;150 358;A01;2;7;0;2;3;13;1;
44600;202100028739;150 355;A01;3;36;13;0;1;0;1;
44601;202100028740;150 353;A01;1;7;0;2;2;17;1;
44602;202100028740;150 354;B01;1;1;0;2;6;2;5;
44603;202100028741;150 352;A01;1;7;13;0;2;14;1;
44604;202100028742;150 350;A01;1;7;8;2;1;13;1;
44605;202100028742;150 351;B01;2;2;0;2;1;0;1;
44606;202100028743;150 349;A01;1;7;2;0;5;14;1;
44607;202100028745;150 344;A01;3;1;0;9;9;2;5;
44608;202100028745;150 345;B01;3;1;0;9;8;2;5;
44609;202100028745;150 346;C01;3;1;0;9;7;2;5;
44610;202100028746;150 342;B01;1;14;0;0;4;2;1;
44611;202100028746;150 343;A01;1;7;0;2;1;2;1;
44612;202100028747;150 340;B01;2;7;0;2;3;1;1;
44613;202100028747;150 341;A01;1;7;0;2;3;5;1;
44614;202100028748;150 339;A01;1;7;0;1;2;16;1;
44615;202100028749;150 336;A01;1;7;4;0;3;0;1;
44616;202100028749;150 337;C01;1;7;14;0;0;1;1;
44617;202100028749;150 338;B01;1;7;1;0;8;1;1;
44618;202100028750;150 334;A01;2;7;3;0;3;2;1;
44619;202100028750;150 335;B01;2;7;0;2;2;2;1;
44620;202100028751;150 332;B01;1;17;0;2;4;1;1;
44621;202100028751;150 333;A01;1;7;0;2;1;1;1;
44622;202100028752;150 330;B01;1;7;0;0;6;9;1;
44623;202100028752;150 331;A01;1;7;14;2;2;12;1;
44624;202100028753;150 326;D01;1;7;0;2;4;1;1;
44625;202100028753;150 327;C01;1;15;0;2;8;1;0;
44626;202100028753;150 328;B01;1;7;0;2;1;1;1;
44627;202100028753;150 329;A01;1;7;0;2;1;1;1;
44628;202100028754;150 324;A01;2;33;0;2;7;2;1;
44629;202100028754;150 325;B01;2;7;0;0;6;2;2;
44630;202100028756;150 321;A01;2;7;0;2;1;2;1;
44631;202100028756;150 322;B01;2;15;0;0;0;2;1;
44632;202100028757;150 319;B01;1;17;0;0;6;2;1;
44633;202100028757;150 320;A01;1;7;0;2;2;12;2;
44634;202100028758;150 318;A01;2;7;13;0;5;1;1;
44635;202100028759;150 317;A01;0;7;0;1;3;2;1;
44636;202100028760;150 315;B01;0;33;0;2;1;2;1;
44637;202100028760;150 316;A01;0;7;0;2;2;15;1;
44638;202100028761;150 314;A01;1;7;2;0;3;13;1;
44639;202100028762;150 312;B01;1;1;0;0;1;16;0;
44640;202100028762;150 313;A01;2;7;0;0;1;0;1;
44641;202100028763;150 310;A01;1;43;0;2;8;1;1;
44642;202100028763;150 311;B01;2;7;0;2;3;1;1;
44643;202100028764;150 309;A01;1;7;2;0;2;26;1;
44644;202100028765;150 308;A01;1;33;0;0;0;1;1;
44645;202100028767;150 306;A01;3;10;0;1;4;4;1;
44646;202100028768;150 304;A01;1;7;16;2;1;17;1;
44647;202100028768;150 305;B01;1;7;0;0;6;1;1;
44648;202100028770;150 299;B01;3;7;0;2;1;1;1;
44649;202100028770;150 300;A01;1;1;0;0;8;1;5;
44650;202100028771;150 298;A01;2;7;15;0;9;6;1;
44651;202100028772;150 297;A01;2;33;12;0;1;1;1;
44652;202100028773;150 295;A01;2;7;0;2;2;2;1;
44653;202100028773;150 296;B01;2;1;0;2;6;2;5;
44654;202100028774;150 294;A01;0;33;0;0;8;0;1;
44655;202100028775;150 293;A01;0;2;0;0;7;1;1;
44656;202100028776;150 291;B01;2;7;0;2;1;1;1;
44657;202100028776;150 292;A01;2;7;0;0;4;1;1;
44658;202100028777;150 285;A01;1;7;0;2;4;2;1;
44659;202100028777;150 286;B01;1;7;0;2;4;2;1;
44660;202100028777;150 287;C01;1;13;0;2;1;2;1;
44661;202100028778;150 282;C01;1;7;0;2;1;2;1;
44662;202100028778;150 283;B01;1;7;0;2;4;2;1;
44663;202100028778;150 284;A01;1;7;0;2;4;9;1;
44664;202100028779;150 279;C01;1;7;0;2;1;2;1;
44665;202100028779;150 280;B01;1;10;0;2;1;2;1;
44666;202100028779;150 281;A01;1;7;0;2;1;2;1;
44667;202100028780;150 277;A01;2;7;0;2;3;17;1;
44668;202100028780;150 278;B01;2;7;4;0;1;1;1;
44669;202100028782;150 271;A01;2;7;0;2;3;11;1;
44670;202100028782;150 272;B01;2;33;0;2;2;1;1;
44671;202100028782;150 273;C01;2;10;0;2;5;1;1;
44672;202100028783;150 269;A01;2;7;0;2;2;12;1;
44673;202100028783;150 270;B01;2;33;0;2;8;3;1;
44674;202100028784;150 266;C01;1;7;0;2;1;2;1;
44675;202100028784;150 267;B01;1;7;0;2;4;2;1;
44676;202100028784;150 268;A01;1;7;0;2;1;2;1;
44677;202100028785;150 264;A01;2;7;0;2;3;5;1;
44678;202100028785;150 265;B01;2;32;0;2;1;1;1;
44679;202100028786;150 262;A01;2;7;0;2;1;26;1;
44680;202100028786;150 263;B01;2;7;6;2;4;1;1;
44681;202100028787;150 260;B01;1;7;0;2;4;23;1;
44682;202100028787;150 261;A01;1;15;1;0;1;1;1;
44683;202100028788;150 258;A01;1;32;0;2;8;3;1;
44684;202100028788;150 259;B01;1;7;0;2;2;1;1;
44685;202100028790;150 255;A01;1;7;0;1;1;16;1;
44686;202100028791;150 253;B01;2;7;0;2;1;21;1;
44687;202100028791;150 254;A01;1;7;0;2;1;13;1;
44688;202100028792;150 252;A01;3;10;0;1;2;1;1;
44689;202100028793;150 250;B01;3;80;0;2;1;1;3;
44690;202100028793;150 251;A01;1;7;0;2;2;1;1;
44691;202100028794;150 248;A01;2;7;0;2;0;9;1;
44692;202100028794;150 249;B01;2;7;0;2;1;0;1;
44693;202100028795;150 247;A01;1;10;0;0;4;26;1;
44694;202100028796;150 245;A01;2;10;0;2;3;2;1;
44695;202100028796;150 246;B01;2;33;0;2;6;2;1;
44696;202100028797;150 244;A01;1;7;0;1;1;25;1;
44697;202100028798;150 243;A01;3;7;1;0;5;26;1;
44698;202100028799;150 241;B01;0;2;0;2;8;1;1;
44699;202100028799;150 242;A01;0;10;0;2;1;1;1;
44700;202100028800;150 240;A01;1;30;0;0;0;0;1;
44701;202100028801;150 238;A01;1;7;0;2;8;1;1;
44702;202100028801;150 239;B01;1;10;0;2;2;1;1;
44703;202100028802;150 237;A01;2;33;0;0;7;21;1;
44704;202100028803;150 236;A01;0;3;1;0;1;1;1;
44705;202100028804;150 234;B01;0;7;0;2;4;1;1;
44706;202100028804;150 235;A01;0;7;0;2;1;9;1;
44707;202100028805;150 232;B01;2;50;0;2;7;1;3;
44708;202100028805;150 233;A01;2;7;0;2;1;9;1;
44709;202100028806;150 231;A01;3;7;2;0;1;13;1;
44710;202100028807;150 229;A01;2;7;0;2;2;15;1;
44711;202100028807;150 230;B01;1;7;0;2;1;1;1;
44712;202100028808;150 225;A01;1;33;1;2;1;1;1;
44713;202100028808;150 226;C01;1;7;0;2;8;1;1;
44714;202100028811;150 222;A01;2;7;13;0;2;14;1;
44715;202100028812;150 220;A01;3;7;0;2;4;1;1;
44716;202100028812;150 221;B01;3;0;0;2;0;0;0;
44717;202100028813;150 218;B01;1;7;0;2;3;0;1;
44718;202100028813;150 219;A01;1;7;0;2;1;1;1;
44719;202100028815;150 213;B01;1;7;0;2;1;15;1;
44720;202100028815;150 214;A01;2;30;0;2;1;1;1;
44721;202100028815;150 215;C01;1;7;0;2;1;1;1;
44722;202100028816;150 211;A01;1;1;0;2;1;18;5;
44723;202100028816;150 212;B01;1;7;0;2;7;2;1;
44724;202100028817;150 209;A01;2;7;0;2;2;1;1;
44725;202100028817;150 210;B01;3;50;0;2;8;19;3;
44726;202100028818;150 208;A01;3;30;1;0;1;16;1;
44727;202100028819;150 206;A01;1;7;0;2;1;9;1;
44728;202100028819;150 207;B01;1;7;0;2;4;1;1;
44729;202100028820;150 205;A01;1;7;2;0;1;14;2;
44730;202100028821;150 204;A01;1;7;0;1;1;1;1;
44731;202100028823;150 200;A01;1;33;0;2;4;23;1;
44732;202100028823;150 201;B01;1;99;0;2;1;2;1;
44733;202100028824;150 198;B01;2;7;0;2;8;15;1;
44734;202100028824;150 199;A01;2;2;0;2;7;17;1;
44735;202100028825;150 196;A01;3;7;11;2;8;13;1;
44736;202100028825;150 197;B01;0;7;0;2;1;0;1;
44737;202100028826;150 195;A01;1;7;8;0;1;1;1;
44738;202100028827;150 194;A01;2;7;0;1;3;1;1;
44739;202100028828;150 192;A01;1;7;0;2;1;1;1;
44740;202100028828;150 193;B01;3;7;0;2;7;1;1;
44741;202100028829;150 191;A01;2;7;1;0;1;26;1;
44742;202100028830;150 190;A01;1;1;0;1;1;1;5;
44743;202100028831;150 188;A01;1;33;0;2;1;1;1;
44744;202100028831;150 189;B01;1;10;0;2;6;15;1;
44745;202100028832;150 187;A01;2;33;2;0;8;0;1;
44746;202100028833;150 186;A01;2;33;11;0;0;1;1;
44747;202100028834;150 184;A01;2;7;0;2;1;17;2;
44748;202100028834;150 185;B01;2;7;0;2;4;1;1;
44749;202100028835;150 182;B01;1;10;0;2;8;15;1;
44750;202100028835;150 183;A01;1;30;0;2;7;17;1;
44751;202100028836;150 181;A01;1;2;3;0;7;1;1;
44752;202100028837;150 173;A01;3;7;12;0;3;0;1;
44753;202100028838;150 171;B01;2;7;0;2;3;1;1;
44754;202100028838;150 172;A01;1;7;0;2;3;13;1;
44755;202100028839;150 168;B01;2;7;0;2;4;1;1;
44756;202100028839;150 169;A01;2;7;0;2;1;1;1;
44757;202100028839;150 170;C01;2;7;0;2;4;1;1;
44758;202100028840;150 167;A01;3;7;0;2;2;1;1;
44759;202100028841;150 165;Z01;1;7;0;2;1;5;1;
44760;202100028841;150 166;B01;2;43;0;2;6;2;1;
44761;202100028842;150 163;B01;1;33;0;2;1;1;1;
44762;202100028842;150 164;A01;2;7;0;2;3;20;1;
44763;202100028843;150 161;B01;3;10;0;2;0;0;1;
44764;202100028843;150 162;A01;3;7;0;2;1;1;1;
44765;202100028844;150 159;A01;3;10;0;2;5;4;1;
44766;202100028844;150 160;B01;2;50;0;2;1;25;3;
44767;202100028845;150 156;C01;2;7;0;2;3;1;0;
44768;202100028845;150 157;B01;1;7;0;2;3;26;2;
44769;202100028845;150 158;A01;1;2;0;2;1;18;1;
44770;202100028846;150 155;A01;1;7;1;0;3;1;1;
44771;202100028847;150 154;A01;1;33;0;1;7;21;1;
44772;202100028848;150 152;A01;1;7;0;2;1;13;1;
44773;202100028848;150 153;B01;2;7;0;2;1;1;1;
44774;202100028849;150 150;B01;2;7;0;2;4;2;1;
44775;202100028849;150 151;A01;2;7;0;2;1;2;1;
44776;202100028850;150 149;A01;2;43;0;0;8;1;1;
44777;202100028851;150 147;B01;2;1;0;2;3;19;5;
44778;202100028851;150 148;A01;1;33;0;2;1;1;1;
44779;202100028852;150 145;Z01;1;7;0;2;3;15;3;
44780;202100028852;150 146;A01;2;50;0;2;1;1;3;
44781;202100028853;150 143;B01;2;33;0;2;1;1;1;
44782;202100028853;150 144;A01;2;7;0;2;7;15;1;
44783;202100028854;150 141;B01;1;50;0;2;7;1;3;
44784;202100028854;150 142;A01;1;7;0;2;8;15;2;
44785;202100028855;150 140;A01;3;30;2;0;1;14;1;
44786;202100028856;150 138;A01;1;7;0;2;2;16;2;
44787;202100028856;150 139;B01;1;1;0;2;8;1;5;
44788;202100028857;150 136;A01;2;7;1;2;7;1;2;
44789;202100028857;150 137;Z01;1;7;0;2;1;1;0;
44790;202100028858;150 134;B01;2;80;0;2;1;19;3;
44791;202100028858;150 135;A01;2;33;0;2;2;1;1;
44792;202100028859;150 133;A01;1;80;0;1;8;1;3;
44793;202100028860;150 131;B01;2;7;0;2;3;1;1;
44794;202100028860;150 132;A01;2;80;0;2;2;1;3;
44795;202100028861;150 129;A01;2;1;0;2;1;5;5;
44796;202100028861;150 130;Z01;1;30;0;2;1;1;1;
44797;202100028862;150 128;A01;1;30;0;1;1;1;3;
44798;202100028863;150 126;A01;0;1;0;2;2;1;5;
44799;202100028863;150 127;B01;1;7;0;2;2;1;1;
44800;202100028864;150 125;A01;1;50;0;0;1;1;3;
44801;202100028865;150 124;A01;1;7;0;1;7;15;1;
44802;202100028866;150 122;B01;1;43;0;2;1;1;1;
44803;202100028866;150 123;A01;3;7;0;2;8;15;1;
44804;202100028867;150 120;A01;3;34;0;9;1;1;1;
44805;202100028867;150 121;B01;3;1;8;0;8;9;5;
44806;202100028868;150 119;A01;2;7;3;0;1;2;1;
44807;202100028869;150 117;B01;2;7;14;2;1;11;1;
44808;202100028869;150 118;A01;2;7;0;2;4;23;1;
44809;202100028870;150 116;A01;3;7;12;0;1;26;1;
44810;202100028871;150 115;A01;2;7;0;1;0;0;1;
44811;202100028872;150 113;B01;2;1;0;2;3;25;5;
44812;202100028872;150 114;A01;3;7;0;2;2;26;1;
44813;202100028873;150 111;Y01;1;60;0;0;0;0;5;
44814;202100028873;150 112;A01;1;7;0;2;1;2;1;
44815;202100028874;150 110;A01;1;30;0;2;1;11;1;
44816;202100028875;150 108;B01;3;1;0;2;0;0;5;
44817;202100028875;150 109;A01;3;50;0;2;1;26;3;
44818;202100028876;150 106;B01;1;1;0;2;8;1;0;
44819;202100028876;150 107;A01;2;7;0;2;7;1;0;
44820;202100028877;150 105;A01;0;30;0;0;0;1;1;
44821;202100028878;150 103;A01;0;7;0;2;3;1;1;
44822;202100028878;150 104;B01;0;30;0;2;1;16;1;
44823;202100028879;150 101;B01;3;7;0;2;7;1;1;
44824;202100028879;150 102;A01;3;7;0;2;7;26;1;
44825;202100028880;150 100;A01;1;33;0;1;1;19;1;
44826;202100028881;150 098;B01;2;33;0;2;1;1;1;
44827;202100028881;150 099;A01;2;7;0;2;6;1;1;
44828;202100028882;150 096;B01;2;2;0;2;3;1;1;
44829;202100028882;150 097;A01;2;7;0;2;2;26;1;
44830;202100028883;150 093;A01;1;10;0;2;1;2;1;
44831;202100028883;150 094;B01;2;7;0;2;4;2;1;
44832;202100028883;150 095;C01;1;7;0;2;4;2;1;
44833;202100028884;150 092;A01;1;30;0;0;0;1;1;
44834;202100028885;150 090;A01;1;7;0;2;3;15;1;
44835;202100028885;150 091;B01;1;2;9;2;1;17;1;
44836;202100028886;150 088;B01;1;7;0;2;3;1;1;
44837;202100028886;150 089;A01;2;7;0;2;1;13;1;
44838;202100028887;150 087;A01;1;7;15;0;8;0;1;
44839;202100028888;150 086;A01;2;7;6;0;1;1;1;
44840;202100028889;150 084;A01;2;99;0;2;3;15;1;
44841;202100028889;150 085;B01;1;2;0;2;3;1;1;
44842;202100028890;150 082;A01;0;7;0;2;5;15;1;
44843;202100028890;150 083;B01;0;2;0;2;1;1;1;
44844;202100028891;150 079;B01;1;14;3;2;6;2;1;
44845;202100028891;150 080;A01;1;10;3;2;2;2;1;
44846;202100028894;150 075;A01;1;7;0;0;6;15;1;
44847;202100028894;150 076;B01;1;33;0;0;1;17;1;
44848;202100028895;150 073;A01;1;33;0;2;1;1;1;
44849;202100028895;150 074;B01;2;7;0;2;1;1;1;
44850;202100028896;150 071;B01;2;7;0;0;4;2;1;
44851;202100028896;150 072;A01;2;7;0;2;1;2;1;
44852;202100028897;150 069;A01;3;33;0;2;1;1;1;
44853;202100028897;150 070;B01;3;7;0;2;8;15;1;
44854;202100028898;150 068;A01;3;7;0;1;1;1;1;
44855;202100028899;150 067;A01;1;7;2;0;2;1;1;
44856;202100028900;150 066;A01;1;7;2;0;1;1;1;
44857;202100028901;150 065;A01;2;7;15;0;1;1;1;
44858;202100028902;150 064;A01;2;7;2;0;7;1;1;
44859;202100028903;150 062;B01;2;7;0;2;3;1;1;
44860;202100028903;150 063;A01;2;7;0;2;1;19;1;
44861;202100028904;150 061;A01;0;33;13;0;0;16;1;
44862;202100028907;150 057;A01;1;33;0;0;0;1;1;
44863;202100028909;150 055;A01;2;7;17;0;1;17;1;
44864;202100028910;150 053;A01;2;2;0;2;0;5;1;
44865;202100028910;150 054;B01;1;7;0;2;3;1;1;
44866;202100028911;150 051;A01;2;7;0;0;2;15;1;
44867;202100028911;150 052;B01;1;7;0;2;1;1;1;
44868;202100028912;150 049;A01;2;7;0;2;2;11;1;
44869;202100028912;150 050;B01;2;7;0;2;6;1;1;
44870;202100028914;150 045;A01;2;7;0;2;3;0;1;
44871;202100028914;150 046;B01;1;7;0;2;3;0;1;
44872;202100028916;150 041;B01;2;15;0;2;1;1;1;
44873;202100028916;150 042;A01;1;7;0;2;1;13;1;
44874;202100028917;150 040;A01;1;7;2;0;1;0;1;
44875;202100028918;150 039;A01;0;32;14;0;1;1;1;
44876;202100028919;150 037;A01;2;7;0;2;8;13;1;
44877;202100028919;150 038;B01;1;7;0;2;1;1;1;
44878;202100028920;150 036;A01;1;7;8;0;1;1;1;
44879;202100028921;150 035;A01;2;7;15;0;3;0;1;
44880;202100028922;150 034;A01;3;21;0;0;9;16;1;
44881;202100028923;150 031;B01;0;10;16;2;1;2;1;
44882;202100028923;150 032;A01;0;7;0;0;4;2;6;
44883;202100028925;150 028;B01;1;7;6;0;6;15;1;
44884;202100028925;150 029;A01;1;7;0;2;1;5;1;
44885;202100028927;150 025;A01;3;7;1;1;3;1;1;
44886;202100028928;150 023;B01;1;7;0;2;8;10;1;
44887;202100028928;150 024;A01;2;7;14;2;1;1;1;
44888;202100028929;150 021;A01;1;1;0;2;1;13;5;
44889;202100028929;150 022;B01;2;7;0;9;3;1;1;
44890;202100028930;150 020;A01;2;33;13;0;9;1;1;
44891;202100028931;150 018;A01;1;1;0;2;7;15;5;
44892;202100028931;150 019;B01;2;7;0;2;2;1;1;
44893;202100028932;150 016;A01;1;7;0;2;4;15;1;
44894;202100028932;150 017;B01;2;33;0;2;1;1;1;
44895;202100028933;150 014;B01;1;7;0;2;1;1;1;
44896;202100028933;150 015;A01;1;7;0;2;8;15;1;
44897;202100028934;150 012;A01;3;7;0;2;3;19;1;
44898;202100028934;150 013;B01;0;33;6;2;2;21;1;
44899;202100028935;150 008;B01;2;7;0;2;4;23;1;
44900;202100028935;150 009;D01;2;7;0;2;4;23;1;
44901;202100028935;150 010;A01;2;7;0;2;1;1;1;
44902;202100028935;150 011;C01;2;7;0;2;6;23;1;
44903;202100028936;150 006;B01;1;34;0;2;7;1;1;
44904;202100028936;150 007;A01;2;7;0;2;3;9;1;
44905;202100028937;150 004;B01;2;7;0;2;3;1;1;
44906;202100028937;150 005;A01;1;7;0;0;8;19;1;
44907;202100028938;150 002;A01;1;33;0;2;1;26;1;
44908;202100028938;150 003;B01;1;7;0;2;6;15;1;
44909;202100028939;150 000;A01;0;36;12;0;0;1;1;
44910;202100028940;149 999;A01;1;7;9;0;1;1;1;
44911;202100028941;149 996;Z01;1;7;0;0;0;0;0;
44912;202100028941;149 997;B01;1;7;4;2;2;1;1;
44913;202100028941;149 998;A01;1;7;0;2;7;1;1;
44914;202100028942;149 995;A01;1;7;3;0;9;0;1;
44915;202100028944;149 989;A01;2;10;0;2;1;2;1;
44916;202100028944;149 990;B01;2;7;0;0;0;0;1;
44917;202100028946;149 986;A01;2;7;0;2;1;26;1;
44918;202100028947;149 984;A01;2;7;0;2;4;23;1;
44919;202100028947;149 985;Z01;2;7;14;0;1;26;1;
44920;202100028948;149 982;A01;2;34;0;2;1;2;1;
44921;202100028948;149 983;B01;2;7;0;0;5;23;1;
44922;202100028949;149 980;A01;1;0;3;2;1;26;0;
44923;202100028949;149 981;B01;1;33;3;2;4;9;1;
44924;202100028950;149 977;C01;1;7;4;2;4;2;1;
44925;202100028950;149 978;A01;1;14;4;2;1;2;1;
44926;202100028950;149 979;B01;1;7;4;2;4;2;1;
44927;202100028951;149 975;A01;2;7;0;2;2;1;1;
44928;202100028951;149 976;B01;2;7;0;2;4;1;1;
44929;202100028952;149 973;B01;1;10;0;2;4;2;1;
44930;202100028952;149 974;A01;1;7;0;2;1;1;2;
44931;202100028953;149 972;A01;2;7;9;0;1;14;1;
44932;202100028954;149 971;A01;1;31;0;0;0;1;1;
44933;202100028955;149 970;A01;2;7;3;0;1;1;1;
44934;202100028957;149 965;A01;1;7;0;2;1;26;1;
44935;202100028957;149 966;B01;1;7;0;2;4;2;1;
44936;202100028957;149 967;C01;1;7;0;0;4;11;1;
44937;202100028958;149 963;A01;2;10;1;0;1;1;1;
44938;202100028958;149 964;B01;2;7;0;2;4;23;1;
44939;202100028959;149 960;A01;1;7;0;2;1;1;1;
44940;202100028959;149 961;B01;2;7;0;2;8;1;1;
44941;202100028960;149 959;A01;2;7;6;0;1;15;1;
44942;202100028961;149 958;A01;2;0;0;0;0;1;0;
44943;202100028963;149 955;B01;3;7;0;2;3;26;1;
44944;202100028963;149 956;A01;1;50;0;2;1;25;3;
44945;202100028964;149 953;A01;2;31;8;2;4;15;1;
44946;202100028964;149 954;D01;2;31;0;2;0;1;0;
44947;202100028965;149 952;A01;0;7;2;0;7;1;1;
44948;202100028966;149 951;A01;2;7;0;1;2;15;1;
44949;202100028967;149 949;A01;1;7;0;2;3;9;1;
44950;202100028967;149 950;B01;1;31;0;2;2;1;1;
44951;202100028968;149 948;A01;1;2;12;0;2;26;1;
44952;202100028969;149 946;A01;1;7;0;2;1;1;1;
44953;202100028969;149 947;B01;1;7;8;0;7;1;1;
44954;202100028970;149 945;A01;1;37;0;1;1;15;3;1.0
44955;202100028971;149 943;B01;2;7;0;2;1;15;1;
44956;202100028971;149 944;A01;1;7;0;2;2;1;1;
44957;202100028972;149 942;A01;2;80;16;0;0;19;3;
44958;202100028973;149 940;B01;1;14;0;2;4;1;1;
44959;202100028973;149 941;A01;1;13;0;2;1;2;1;
44960;202100028974;149 938;B01;2;1;0;0;0;0;5;
44961;202100028974;149 939;A01;2;7;0;2;1;1;1;
44962;202100028975;149 936;A01;3;50;0;2;1;26;3;
44963;202100028975;149 937;B01;3;7;0;9;1;9;1;
44964;202100028976;149 934;B01;2;7;0;2;2;2;1;
44965;202100028976;149 935;A01;2;30;0;2;1;2;1;
44966;202100028977;149 932;B01;0;7;0;2;0;0;1;
44967;202100028977;149 933;A01;0;2;0;2;1;2;1;
44968;202100028978;149 928;A01;0;7;0;2;3;13;1;
44969;202100028978;149 929;B01;0;7;0;2;3;0;1;
44970;202100028978;149 930;C01;0;7;0;2;3;0;0;
44971;202100028978;149 931;D01;0;7;0;2;1;0;1;
44972;202100028979;149 926;B01;1;7;0;2;1;1;1;
44973;202100028979;149 927;A01;0;7;13;2;1;1;0;
44974;202100028980;149 924;A01;1;34;14;0;1;17;1;
44975;202100028980;149 925;B01;1;37;0;0;3;2;1;1.0
44976;202100028981;149 922;B01;1;7;0;0;0;26;1;
44977;202100028981;149 923;A01;3;7;15;0;2;17;3;
44978;202100028982;149 920;A01;2;2;0;2;2;1;1;
44979;202100028982;149 921;B01;2;2;0;2;4;1;1;
44980;202100028983;149 918;A01;2;7;0;2;5;1;1;
44981;202100028983;149 919;B01;3;34;0;2;1;1;1;
44982;202100028984;149 916;A01;1;34;0;1;1;1;1;
44983;202100028984;149 917;B01;1;37;0;2;8;23;2;1.0
44984;202100028985;149 914;B01;2;1;0;2;1;1;5;
44985;202100028985;149 915;A01;2;7;0;2;3;22;1;
44986;202100028986;149 913;A01;2;7;0;1;1;12;1;
44987;202100028987;149 911;B01;2;43;0;2;3;1;1;
44988;202100028987;149 912;A01;3;34;0;2;1;1;1;
44989;202100028989;149 909;A01;2;7;0;1;2;7;1;
44990;202100028991;149 906;A01;1;32;1;0;1;13;1;
44991;202100028992;149 904;B01;1;10;0;0;2;19;1;
44992;202100028992;149 905;A01;1;7;0;2;1;19;1;
44993;202100028993;149 903;A01;0;7;0;1;1;1;1;
44994;202100028994;149 901;B01;0;7;0;2;7;1;1;
44995;202100028994;149 902;A01;3;7;0;2;1;1;1;
44996;202100028995;149 899;A01;2;7;0;2;4;16;1;
44997;202100028995;149 900;B01;2;7;0;2;1;1;1;
44998;202100028996;149 898;A01;2;7;0;1;2;1;1;
44999;202100028997;149 897;A01;1;7;12;0;2;0;1;
45000;202100028998;149 896;A01;1;7;0;1;2;0;0;
45001;202100028999;149 894;A01;1;3;0;2;2;19;1;
45002;202100028999;149 895;B01;2;31;14;2;1;1;1;
45003;202100029000;149 893;A01;2;30;0;0;0;1;1;
45004;202100029001;149 892;A01;1;7;0;1;1;1;1;
45005;202100029003;149 888;A01;2;43;11;0;1;6;0;
45006;202100029004;149 887;A01;1;33;1;0;1;1;1;
45007;202100029005;149 886;A01;3;2;7;0;0;1;1;
45008;202100029007;149 883;A01;2;7;0;2;1;13;1;
45009;202100029007;149 884;B01;1;7;0;2;1;1;2;
45010;202100029008;149 880;C01;1;7;0;2;1;2;1;
45011;202100029008;149 881;B01;1;7;0;2;4;2;1;
45012;202100029008;149 882;A01;1;7;0;0;5;15;1;
45013;202100029009;149 878;B01;2;0;0;2;0;0;0;
45014;202100029009;149 879;A01;2;1;0;2;4;0;5;
45015;202100029010;149 876;B01;1;7;0;2;3;1;1;
45016;202100029010;149 877;A01;2;2;0;2;1;13;1;
45017;202100029012;149 872;B01;2;7;0;2;3;17;1;
45018;202100029012;149 873;A01;1;33;0;2;1;1;1;
45019;202100029013;149 870;A01;2;2;0;2;1;2;1;
45020;202100029013;149 871;B01;2;7;0;0;4;23;1;
45021;202100029014;149 868;B01;2;1;0;2;1;1;5;
45022;202100029014;149 869;A01;1;10;0;2;2;15;1;
45023;202100029015;149 866;A01;0;33;0;0;6;1;1;
45024;202100029016;149 864;A01;2;7;9;0;5;1;1;
45025;202100029016;149 865;B01;1;10;0;2;1;0;1;
45026;202100029017;149 863;A01;1;7;2;0;1;1;1;
45027;202100029018;149 861;B01;1;7;0;2;1;1;1;
45028;202100029018;149 862;A01;1;7;0;2;1;11;1;
45029;202100029020;149 859;A01;1;7;13;0;3;1;1;
45030;202100029021;149 857;A01;1;17;0;2;3;21;1;
45031;202100029021;149 858;B01;1;17;0;0;5;1;1;
45032;202100029022;149 854;A01;1;15;0;2;1;1;1;
45033;202100029022;149 855;B01;1;7;0;2;9;1;1;
45034;202100029022;149 856;C01;1;7;0;0;4;15;1;
45035;202100029023;149 852;A01;2;7;0;2;2;2;1;
45036;202100029023;149 853;B01;2;1;0;2;9;2;5;
45037;202100029024;149 851;A01;1;1;0;0;9;1;5;
45038;202100029025;149 849;A01;1;1;0;2;1;2;5;
45039;202100029025;149 850;B01;1;21;0;0;4;1;1;
45040;202100029026;149 847;A01;3;10;0;2;8;1;1;
45041;202100029026;149 848;B01;3;1;0;2;1;16;5;
45042;202100029027;149 846;A01;2;7;2;0;1;14;1;
45043;202100029028;149 844;B01;3;1;0;2;4;2;5;
45044;202100029028;149 845;A01;3;7;0;2;0;2;1;
45045;202100029029;149 843;A01;1;10;15;0;2;1;1;
45046;202100029030;149 840;C01;2;7;0;2;2;0;1;
45047;202100029030;149 841;B01;2;7;0;2;2;13;1;
45048;202100029030;149 842;A01;1;7;0;2;3;13;1;
45049;202100029031;149 839;A01;1;7;0;0;3;13;1;
45050;202100029032;149 838;A01;3;7;0;1;6;20;1;
45051;202100029033;149 837;A01;2;7;0;1;3;17;1;
45052;202100029034;149 835;B01;0;7;13;2;0;19;1;
45053;202100029034;149 836;A01;0;7;0;2;1;1;1;
45054;202100029035;149 834;A01;0;7;8;0;2;0;1;