;Num_Acc;id_vehicule;num_veh;senc;catv;obs;obsm;choc;manv;motor;occutc
45055;202100029036;149 833;A01;1;7;13;0;1;1;1;
45056;202100029037;149 831;A01;0;7;0;2;3;13;1;
45057;202100029037;149 832;B01;0;10;0;2;3;1;1;
45058;202100029038;149 829;B01;3;7;0;2;1;19;1;
45059;202100029038;149 830;A01;3;1;0;2;8;1;5;
45060;202100029040;149 827;A01;1;7;0;1;1;1;1;
45061;202100029041;149 826;A01;1;17;0;1;0;1;1;
45062;202100029042;149 825;A01;0;33;14;0;0;26;1;
45063;202100029043;149 823;A01;2;17;1;0;1;14;1;
45064;202100029043;149 824;B01;2;7;0;0;4;24;1;
45065;202100029044;149 822;A01;1;7;3;0;1;1;2;
45066;202100029045;149 820;A01;0;14;0;0;6;23;1;
45067;202100029045;149 821;B01;0;7;0;2;1;2;1;
45068;202100029046;149 818;A01;1;7;3;0;4;1;1;
45069;202100029046;149 819;B01;1;7;0;2;3;2;1;
45070;202100029048;149 815;A01;1;32;3;0;2;1;1;
45071;202100029049;149 814;A01;2;32;10;0;1;2;1;
45072;202100029050;149 813;A01;1;7;13;0;4;1;1;
45073;202100029051;149 812;A01;0;3;13;0;2;1;1;
45074;202100029052;149 810;A01;1;7;0;2;1;13;1;
45075;202100029052;149 811;B01;2;33;0;2;1;1;1;
45076;202100029053;149 809;A01;2;7;5;0;1;1;1;
45077;202100029054;149 807;A01;2;7;0;2;1;9;2;
45078;202100029054;149 808;B01;2;33;0;2;7;2;1;
45079;202100029055;149 805;B01;2;31;0;2;1;1;1;
45080;202100029055;149 806;A01;1;10;0;2;3;26;1;
45081;202100029056;149 804;A01;2;33;9;0;1;1;1;
45082;202100029057;149 803;A01;1;33;0;0;7;21;1;
45083;202100029058;149 801;A01;2;7;0;2;1;1;1;
45084;202100029058;149 802;B01;2;7;0;2;5;23;1;
45085;202100029059;149 800;A01;1;7;4;0;1;0;1;
45086;202100029060;149 799;A01;2;7;0;2;4;1;1;
45087;202100029061;149 798;A01;2;7;4;0;4;26;1;
45088;202100029062;149 796;A01;2;33;0;2;1;3;1;
45089;202100029062;149 797;B01;2;10;0;2;2;1;1;
45090;202100029063;149 794;B01;1;7;4;2;6;12;1;
45091;202100029063;149 795;A01;1;7;4;2;2;2;1;
45092;202100029064;149 792;B01;1;7;0;2;3;0;1;
45093;202100029064;149 793;A01;1;7;0;0;9;0;1;
45094;202100029065;149 791;A01;2;7;4;0;1;1;1;
45095;202100029066;149 789;Z01;2;10;0;2;0;0;1;
45096;202100029066;149 790;A01;2;33;0;2;8;1;1;
45097;202100029067;149 787;A01;1;7;0;2;4;2;1;
45098;202100029067;149 788;B01;1;7;0;2;1;1;1;
45099;202100029068;149 786;A01;2;7;4;0;3;1;1;
45100;202100029069;149 785;A01;-1;1;-1;0;0;1;-1;
45101;202100029070;149 784;A01;1;7;0;1;2;16;1;
45102;202100029071;149 783;Z01;1;1;0;1;4;25;6;
45103;202100029072;149 781;A01;1;7;0;2;2;1;1;
45104;202100029072;149 782;B01;1;1;0;2;4;0;0;
45105;202100029073;149 779;B01;2;33;0;2;7;1;1;
45106;202100029073;149 780;A01;2;10;0;2;3;15;1;
45107;202100029074;149 777;B01;2;7;0;2;6;26;1;
45108;202100029074;149 778;A01;2;7;0;2;6;26;1;
45109;202100029075;149 775;A01;1;7;0;2;1;2;1;
45110;202100029075;149 776;B01;1;30;0;2;4;2;1;
45111;202100029078;149 770;A01;3;7;0;1;4;20;1;
45112;202100029080;149 767;B01;2;32;0;2;8;1;1;
45113;202100029080;149 768;A01;2;7;0;2;0;26;0;
45114;202100029081;149 765;A01;1;7;0;2;2;9;1;
45115;202100029081;149 766;B01;2;1;0;2;2;1;5;
45116;202100029082;149 763;A01;2;7;0;2;8;10;1;
45117;202100029082;149 764;B01;2;7;0;2;2;1;1;
45118;202100029083;149 762;A01;1;30;0;2;8;1;1;
45119;202100029084;149 761;A01;1;7;6;0;9;1;1;
45120;202100029085;149 759;B01;2;50;1;0;3;1;3;
45121;202100029085;149 760;A01;2;7;0;2;2;24;1;
45122;202100029086;149 756;B01;2;7;0;2;6;1;1;
45123;202100029086;149 757;A01;2;30;0;2;1;17;1;
45124;202100029086;149 758;C01;1;7;0;2;3;1;1;
45125;202100029087;149 754;B01;0;2;0;2;8;1;1;
45126;202100029087;149 755;A01;0;7;0;2;1;15;1;
45127;202100029088;149 752;B01;1;2;0;2;1;1;1;
45128;202100029088;149 753;A01;2;7;0;2;2;15;1;
45129;202100029089;149 749;B01;2;33;0;2;8;1;1;
45130;202100029089;149 750;A01;1;10;0;2;1;15;1;
45131;202100029089;149 751;C01;3;7;0;2;6;23;1;
45132;202100029090;149 747;A01;0;30;0;2;3;1;1;
45133;202100029090;149 748;B01;0;7;0;2;3;1;1;
45134;202100029092;149 744;B01;0;7;0;2;3;1;1;
45135;202100029092;149 745;A01;0;2;0;2;1;1;1;
45136;202100029093;149 743;A01;0;7;6;0;3;1;1;
45137;202100029094;149 742;A01;0;7;0;1;1;1;1;
45138;202100029095;149 740;A01;0;7;1;2;1;1;1;
45139;202100029095;149 741;B01;0;7;0;2;1;1;1;
45140;202100029096;149 739;A01;1;7;0;1;1;1;1;
45141;202100029097;149 738;A01;2;7;0;1;1;1;1;
45142;202100029098;149 736;A01;3;7;0;2;1;14;2;
45143;202100029098;149 737;B01;3;7;1;0;6;23;1;
45144;202100029099;149 735;A01;1;38;0;1;7;9;1;2.0
45145;202100029100;149 734;A01;1;7;1;0;1;1;1;
45146;202100029101;149 732;A01;2;7;0;2;2;16;1;
45147;202100029101;149 733;B01;2;99;0;2;8;1;3;
45148;202100029102;149 730;B01;1;1;0;2;0;0;5;
45149;202100029102;149 731;A01;3;7;0;9;3;16;1;
45150;202100029103;149 728;B01;2;7;0;2;2;1;1;
45151;202100029103;149 729;A01;1;7;0;2;1;16;1;
45152;202100029104;149 727;A01;1;7;0;1;0;26;1;
45153;202100029105;149 725;B01;2;1;0;2;2;19;5;
45154;202100029105;149 726;A01;1;7;0;2;1;1;1;
45155;202100029106;149 723;B01;1;14;0;0;0;2;1;
45156;202100029106;149 724;A01;1;10;0;2;1;2;1;
45157;202100029107;149 721;A01;2;7;0;2;1;9;1;
45158;202100029107;149 722;B01;2;7;0;2;4;1;2;
45159;202100029108;149 719;A01;1;7;0;2;3;15;1;
45160;202100029108;149 720;B01;1;2;0;2;1;1;5;
45161;202100029109;149 717;B01;2;2;0;2;1;1;1;
45162;202100029109;149 718;A01;1;7;0;2;3;19;1;
45163;202100029110;149 714;B01;2;10;0;2;4;1;1;
45164;202100029110;149 715;A01;2;7;0;2;1;1;1;
45165;202100029110;149 716;C01;2;7;0;2;4;1;1;
45166;202100029111;149 713;A01;1;33;4;0;8;17;1;
45167;202100029112;149 710;C01;2;1;0;9;1;1;5;
45168;202100029112;149 711;B01;2;1;0;9;1;1;5;
45169;202100029112;149 712;A01;1;1;0;9;1;1;5;
45170;202100029113;149 709;A01;1;7;0;9;1;1;1;
45171;202100029114;149 708;A01;1;7;16;0;1;1;1;
45172;202100029115;149 707;A01;2;7;0;2;3;14;1;
45173;202100029117;149 704;B01;1;50;0;2;6;2;3;
45174;202100029117;149 705;A01;1;7;0;2;2;2;1;
45175;202100029118;149 702;A01;3;10;0;2;3;9;1;
45176;202100029118;149 703;B01;0;30;0;2;7;1;1;
45177;202100029119;149 700;A01;2;10;0;2;1;0;1;
45178;202100029119;149 701;B01;2;37;0;2;7;0;1;1.0
45179;202100029120;149 699;A01;2;7;0;1;1;15;1;
45180;202100029121;149 697;B01;1;7;0;2;2;2;1;
45181;202100029121;149 698;A01;1;30;0;2;1;0;1;
45182;202100029122;149 695;B01;1;7;0;2;4;26;1;
45183;202100029122;149 696;A01;1;7;5;2;1;9;1;
45184;202100029123;149 694;A01;3;7;14;0;1;1;2;
45185;202100029124;149 693;A01;2;7;0;1;2;21;1;
45186;202100029125;149 691;A01;0;7;0;2;2;16;1;
45187;202100029125;149 692;B01;0;2;0;2;1;1;1;
45188;202100029126;149 690;A01;2;7;9;0;9;0;1;
45189;202100029127;149 687;B01;3;7;0;2;1;1;1;
45190;202100029127;149 688;A01;3;7;0;2;2;15;1;
45191;202100029130;149 682;B01;1;33;0;2;7;1;1;
45192;202100029130;149 683;A01;1;7;0;2;1;1;1;
45193;202100029131;149 681;A01;3;10;0;0;0;1;1;
45194;202100029132;149 679;B01;1;7;0;2;1;1;1;
45195;202100029132;149 680;A01;2;7;0;2;1;13;1;
45196;202100029134;149 675;A01;2;7;0;2;2;20;1;
45197;202100029134;149 676;B01;2;30;0;2;1;26;1;
45198;202100029135;149 673;A01;2;30;0;2;1;1;1;
45199;202100029135;149 674;B01;2;7;0;2;4;1;1;
45200;202100029136;149 671;A01;3;7;0;2;3;13;1;
45201;202100029136;149 672;B01;3;14;0;2;3;1;1;
45202;202100029137;149 669;B01;1;10;0;2;2;16;1;
45203;202100029137;149 670;A01;1;30;0;2;1;7;1;
45204;202100029138;149 667;Z01;2;7;0;2;1;9;1;
45205;202100029138;149 668;B01;1;7;0;2;1;1;1;
45206;202100029139;149 663;B01;1;7;0;2;4;2;1;
45207;202100029139;149 664;A01;1;30;0;2;1;2;1;
45208;202100029140;149 661;A01;1;7;0;2;3;26;1;
45209;202100029140;149 662;B01;1;7;0;0;4;26;1;
45210;202100029141;149 656;A01;1;7;0;2;3;2;1;
45211;202100029141;149 657;B01;1;7;0;2;4;2;2;
45212;202100029141;149 658;C01;2;7;0;2;1;0;3;
45213;202100029142;149 655;A01;2;7;1;0;2;14;1;
45214;202100029143;149 653;B01;1;7;0;2;1;1;1;
45215;202100029143;149 654;A01;2;7;0;2;3;15;1;
45216;202100029144;149 651;Z01;0;7;0;2;8;1;0;
45217;202100029144;149 652;A01;0;33;0;2;7;1;1;
45218;202100029145;149 649;A01;3;30;0;2;0;0;1;
45219;202100029145;149 650;B01;0;7;0;2;2;16;1;
45220;202100029146;149 648;A01;2;7;0;0;1;13;1;
45221;202100029147;149 646;A01;2;7;0;2;3;16;6;
45222;202100029147;149 647;B01;2;14;0;2;3;15;6;
45223;202100029148;149 644;B01;1;7;0;2;4;2;1;
45224;202100029148;149 645;A01;1;7;0;2;1;2;1;
45225;202100029149;149 643;A01;0;7;8;0;1;1;1;
45226;202100029150;149 641;B01;1;7;0;2;7;12;1;
45227;202100029150;149 642;A01;1;33;0;2;8;3;1;
45228;202100029151;149 639;A01;1;31;3;2;8;1;1;
45229;202100029151;149 640;Z01;1;7;0;2;2;12;0;
45230;202100029152;149 637;A01;1;7;0;2;2;10;1;
45231;202100029152;149 638;B01;2;33;0;2;1;1;3;
45232;202100029153;149 635;A01;1;14;0;2;8;15;1;
45233;202100029153;149 636;B01;1;33;0;2;2;1;1;
45234;202100029154;149 633;A01;1;33;0;2;7;15;1;
45235;202100029154;149 634;B01;2;43;0;2;1;7;1;
45236;202100029155;149 631;A01;2;7;0;2;2;1;3;
45237;202100029155;149 632;B01;2;7;0;2;3;15;2;
45238;202100029156;149 630;A01;0;7;0;1;1;16;1;
45239;202100029158;149 626;A01;2;7;0;2;3;15;1;
45240;202100029158;149 627;B01;2;30;0;2;7;17;1;
45241;202100029159;149 624;A01;1;7;0;2;3;2;1;
45242;202100029159;149 625;B01;1;7;0;2;4;23;1;
45243;202100029160;149 623;Z01;3;7;9;1;1;13;2;
45244;202100029161;149 622;A01;2;1;0;1;1;1;5;
45245;202100029162;149 621;A01;1;43;0;0;3;1;1;
45246;202100029163;149 619;B01;1;33;0;2;2;1;1;
45247;202100029163;149 620;A01;1;10;0;2;6;15;1;
45248;202100029165;149 615;Z01;1;13;0;2;0;0;1;
45249;202100029165;149 616;A01;1;1;0;0;0;0;0;
45250;202100029166;149 614;A01;2;7;9;0;1;1;1;
45251;202100029167;149 612;B01;3;17;0;2;3;15;1;
45252;202100029167;149 613;A01;3;7;0;2;1;17;1;
45253;202100029168;149 611;A01;2;32;0;0;0;26;1;
45254;202100029169;149 609;A01;2;7;0;2;1;7;1;
45255;202100029169;149 610;B01;1;7;0;2;3;16;1;
45256;202100029170;149 608;A01;2;7;0;1;1;1;1;
45257;202100029171;149 607;A01;0;10;0;1;2;25;1;
45258;202100029172;149 605;B01;3;7;0;2;3;9;1;
45259;202100029172;149 606;A01;3;10;0;2;2;1;1;
45260;202100029173;149 603;B01;1;7;0;2;1;1;1;
45261;202100029173;149 604;A01;1;7;0;2;4;23;1;
45262;202100029174;149 601;B01;0;7;0;2;0;0;0;
45263;202100029174;149 602;A01;3;7;0;2;7;15;1;
45264;202100029175;149 599;A01;3;7;0;2;1;15;1;
45265;202100029175;149 600;B01;0;7;0;2;1;1;1;
45266;202100029176;149 598;A01;3;60;0;0;8;25;5;
45267;202100029177;149 596;A01;3;14;1;2;4;23;1;
45268;202100029177;149 597;B01;3;14;1;2;1;0;1;
45269;202100029178;149 595;A01;2;7;0;1;6;15;1;
45270;202100029179;149 593;B01;1;7;0;2;3;0;1;
45271;202100029179;149 594;A01;1;1;0;2;3;15;0;
45272;202100029180;149 592;A01;1;7;0;1;1;1;1;
45273;202100029181;149 591;A01;1;30;0;0;2;1;1;
45274;202100029182;149 589;B01;1;30;0;2;7;1;1;
45275;202100029182;149 590;A01;2;7;0;2;2;10;1;
45276;202100029183;149 586;B01;2;10;0;2;9;1;1;
45277;202100029183;149 587;C01;1;10;0;2;3;1;1;
45278;202100029183;149 588;Z01;2;7;0;2;0;11;0;
45279;202100029184;149 584;A01;2;7;0;0;0;15;1;
45280;202100029184;149 585;B01;2;2;0;0;8;17;1;
45281;202100029185;149 582;A01;2;7;0;2;2;16;1;
45282;202100029185;149 583;B01;2;2;0;2;1;16;1;
45283;202100029186;149 580;A01;2;7;0;2;3;26;1;
45284;202100029186;149 581;B01;1;2;0;2;1;17;1;
45285;202100029187;149 579;A01;1;31;0;0;7;1;1;
45286;202100029188;149 577;A01;2;7;0;2;2;17;1;
45287;202100029188;149 578;B01;2;33;0;2;4;17;1;
45288;202100029189;149 576;A01;0;2;12;0;0;1;1;
45289;202100029190;149 573;A01;1;7;0;1;1;1;1;
45290;202100029191;149 572;A01;1;33;3;0;2;0;1;
45291;202100029192;149 571;A01;1;10;2;0;3;0;1;
45292;202100029193;149 569;A01;1;33;0;2;8;2;1;
45293;202100029193;149 570;B01;1;7;0;2;4;1;1;
45294;202100029194;149 567;B01;1;7;0;2;5;1;1;
45295;202100029194;149 568;A01;3;7;0;2;1;19;2;
45296;202100029195;149 566;A01;0;2;6;0;1;0;1;
45297;202100029196;149 565;A01;1;2;0;0;0;1;1;
45298;202100029197;149 563;B01;1;7;0;2;3;1;1;
45299;202100029197;149 564;A01;2;7;0;2;3;13;1;
45300;202100029198;149 561;A01;2;31;0;2;1;13;1;
45301;202100029198;149 562;B01;1;7;0;2;1;1;1;
45302;202100029199;149 559;B01;1;7;0;2;1;1;1;
45303;202100029199;149 560;A01;2;7;0;2;1;13;3;
45304;202100029200;149 558;A01;1;7;2;0;2;14;1;
45305;202100029202;149 555;B01;1;7;0;2;1;1;1;
45306;202100029202;149 556;A01;2;7;0;2;7;13;1;
45307;202100029203;149 553;A01;1;7;10;2;2;17;1;
45308;202100029203;149 554;B01;2;7;0;2;2;1;1;
45309;202100029205;149 551;A01;1;7;8;0;8;1;1;
45310;202100029206;149 550;A01;1;7;12;0;0;1;1;
45311;202100029207;149 549;A01;1;7;0;0;0;1;1;
45312;202100029208;149 547;A01;2;7;0;2;1;14;1;
45313;202100029208;149 548;B01;2;7;0;2;8;24;1;
45314;202100029209;149 545;B01;1;7;0;0;4;1;1;
45315;202100029209;149 546;A01;1;7;0;2;1;2;1;
45316;202100029210;149 543;A01;2;2;0;2;8;2;1;
45317;202100029210;149 544;B01;2;7;0;2;7;2;1;
45318;202100029211;149 542;A01;3;7;2;0;1;1;1;
45319;202100029212;149 540;B01;2;10;0;2;7;19;1;
45320;202100029212;149 541;A01;2;2;0;2;1;1;1;
45321;202100029213;149 539;A01;3;7;15;0;0;1;1;
45322;202100029214;149 537;A01;1;33;1;0;1;2;1;
45323;202100029214;149 538;B01;1;21;0;0;4;23;0;
45324;202100029215;149 536;A01;1;36;16;0;2;1;1;
45325;202100029216;149 535;A01;1;7;2;0;3;2;1;
45326;202100029217;149 534;A01;0;7;0;0;0;21;1;
45327;202100029218;149 532;B01;1;33;0;2;4;1;1;
45328;202100029218;149 533;A01;2;7;0;2;2;17;1;
45329;202100029219;149 531;A01;1;7;13;0;9;1;1;
45330;202100029221;149 528;A01;1;7;0;2;3;13;1;
45331;202100029221;149 529;B01;2;7;8;2;3;13;1;
45332;202100029222;149 527;A01;2;7;2;0;1;1;1;
45333;202100029223;149 525;A01;1;7;0;0;2;1;1;
45334;202100029223;149 526;B01;1;7;9;2;1;1;1;
45335;202100029224;149 524;A01;1;7;0;1;2;2;1;
45336;202100029225;149 523;A01;2;2;0;1;1;16;1;
45337;202100029226;149 518;E01;2;7;0;2;2;2;1;
45338;202100029226;149 519;D01;2;7;0;0;6;23;1;
45339;202100029226;149 520;B01;2;7;0;2;4;23;0;
45340;202100029226;149 521;C01;2;7;0;2;4;23;1;
45341;202100029226;149 522;A01;2;7;0;0;4;23;1;
45342;202100029227;149 517;A01;1;7;0;0;1;1;1;
45343;202100029229;149 511;B01;1;7;0;2;2;1;1;
45344;202100029229;149 512;C01;2;7;0;2;2;1;1;
45345;202100029229;149 513;A01;3;7;0;2;3;15;1;
45346;202100029230;149 510;A01;2;7;4;0;9;17;1;
45347;202100029233;149 506;A01;3;2;6;0;2;1;1;
45348;202100029234;149 504;B01;2;7;0;2;3;1;1;
45349;202100029234;149 505;A01;1;7;0;2;1;1;1;
45350;202100029235;149 503;A01;2;7;2;0;1;1;1;
45351;202100029236;149 501;A01;2;7;0;2;3;19;1;
45352;202100029236;149 502;B01;1;7;0;2;1;1;1;
45353;202100029237;149 499;B01;2;7;0;2;1;1;1;
45354;202100029237;149 500;A01;1;3;0;2;1;13;1;
45355;202100029238;149 497;A01;2;7;0;0;3;15;1;
45356;202100029238;149 498;B01;2;2;0;2;1;17;1;
45357;202100029239;149 496;A01;3;7;0;1;3;1;1;
45358;202100029240;149 494;B01;3;7;0;2;3;1;1;
45359;202100029240;149 495;A01;3;30;0;2;1;5;1;
45360;202100029241;149 491;A01;1;7;0;2;4;1;1;
45361;202100029241;149 492;B01;1;7;0;2;4;1;1;
45362;202100029241;149 493;C01;1;7;0;2;1;1;1;
45363;202100029242;149 489;B01;1;7;0;2;2;12;1;
45364;202100029242;149 490;A01;1;13;0;2;6;1;1;
45365;202100029243;149 487;B01;1;7;0;2;4;2;1;
45366;202100029243;149 488;A01;1;7;0;2;1;2;1;
45367;202100029244;149 485;B01;2;7;0;2;4;2;1;
45368;202100029244;149 486;A01;2;14;0;2;1;1;1;
45369;202100029245;149 484;A01;1;7;4;0;2;14;1;
45370;202100029246;149 482;A01;1;7;0;2;8;11;1;
45371;202100029246;149 483;B01;1;31;0;2;7;3;1;
45372;202100029248;149 478;B01;2;7;4;2;8;1;1;
45373;202100029248;149 479;A01;2;17;0;2;2;12;1;
45374;202100029250;149 473;B01;2;7;0;0;6;24;1;
45375;202100029250;149 474;A01;2;7;0;2;2;26;1;
45376;202100029251;149 471;A01;1;7;0;2;2;1;1;
45377;202100029251;149 472;B01;1;7;0;2;6;1;1;
45378;202100029252;149 469;B01;2;7;0;2;4;1;1;
45379;202100029252;149 470;A01;2;10;0;2;1;1;1;
45380;202100029253;149 468;A01;2;7;0;0;9;1;1;
45381;202100029254;149 465;A01;2;7;0;2;3;9;1;
45382;202100029254;149 466;B01;2;10;0;2;1;1;1;
45383;202100029254;149 467;C01;2;7;0;2;4;1;1;
45384;202100029256;149 462;B01;2;10;0;2;4;2;1;
45385;202100029256;149 463;A01;2;7;0;2;1;2;1;
45386;202100029257;149 461;A01;2;10;0;0;1;1;1;
45387;202100029258;149 460;A01;1;2;0;1;2;1;1;
45388;202100029259;149 459;A01;1;7;0;1;1;1;1;
45389;202100029261;149 457;A01;1;10;2;0;1;13;1;
45390;202100029262;149 456;A01;3;7;0;1;3;24;1;
45391;202100029263;149 455;A01;3;7;0;1;1;1;1;
45392;202100029264;149 453;A01;1;31;0;9;1;3;1;
45393;202100029264;149 454;B01;2;0;0;9;1;3;0;
45394;202100029265;149 451;A01;0;7;0;2;1;1;1;
45395;202100029265;149 452;Z01;0;7;0;2;1;15;1;
45396;202100029266;149 450;A01;1;2;14;0;0;1;1;
45397;202100029267;149 449;A01;1;7;0;2;7;1;1;
45398;202100029268;149 448;A01;1;37;0;1;6;1;1;1.0
45399;202100029270;149 442;A01;1;7;0;2;4;26;1;
45400;202100029270;149 443;B01;1;7;0;2;1;26;1;
45401;202100029270;149 444;C01;1;7;0;0;4;14;1;
45402;202100029270;149 445;D01;1;1;0;2;1;26;5;
45403;202100029271;149 440;A01;3;34;0;1;1;19;1;
45404;202100029271;149 441;B01;3;7;0;2;6;2;1;
45405;202100029272;149 439;A01;3;30;14;0;8;26;1;
45406;202100029274;149 435;B01;3;2;0;2;1;1;1;
45407;202100029274;149 436;A01;3;7;0;2;1;1;1;
45408;202100029275;149 433;A01;1;10;6;0;2;4;1;
45409;202100029275;149 434;B01;1;7;0;2;1;2;1;
45410;202100029276;149 432;A01;3;7;0;1;5;20;0;
45411;202100029277;149 431;A01;3;7;0;1;2;1;1;
45412;202100029278;149 430;A01;2;33;0;1;1;1;1;
45413;202100029279;149 428;A01;2;7;0;2;2;2;1;
45414;202100029279;149 429;B01;1;7;0;2;5;15;1;
45415;202100029280;149 426;B01;3;7;0;2;1;1;1;
45416;202100029280;149 427;A01;3;7;0;2;3;13;1;
45417;202100029281;149 424;A01;2;7;0;2;1;2;1;
45418;202100029281;149 425;B01;2;7;0;2;4;2;1;
45419;202100029282;149 422;B01;3;30;0;2;3;1;1;
45420;202100029282;149 423;A01;3;7;0;2;3;15;1;
45421;202100029284;149 417;A01;1;7;0;2;3;13;1;
45422;202100029284;149 418;B01;2;7;0;2;8;1;1;
45423;202100029284;149 419;C01;2;7;0;2;3;1;1;
45424;202100029286;149 414;A01;1;7;1;0;7;14;1;
45425;202100029288;149 411;A01;3;1;3;0;1;1;5;
45426;202100029289;149 410;A01;1;33;8;0;2;26;1;
45427;202100029290;149 408;B01;3;2;0;2;4;2;1;
45428;202100029290;149 409;A01;3;7;0;2;1;2;1;
45429;202100029291;149 406;B01;1;33;0;2;1;1;1;
45430;202100029291;149 407;A01;2;7;0;2;8;19;1;
45431;202100029292;149 404;Z01;2;10;0;2;1;9;1;
45432;202100029292;149 405;A01;1;30;0;2;7;1;1;
45433;202100029293;149 401;B01;1;7;0;2;3;1;1;
45434;202100029293;149 402;C01;1;7;0;2;3;1;1;
45435;202100029293;149 403;A01;2;7;3;2;1;1;1;
45436;202100029294;149 400;A01;1;7;4;0;1;1;1;
45437;202100029295;149 398;B01;1;15;0;2;3;1;1;
45438;202100029295;149 399;A01;2;7;0;2;3;13;1;
45439;202100029296;149 397;A01;2;7;6;0;1;14;1;
45440;202100029297;149 395;B01;1;7;0;2;8;9;1;
45441;202100029297;149 396;A01;1;31;3;0;7;18;1;
45442;202100029298;149 393;A01;1;7;0;2;7;9;1;
45443;202100029298;149 394;B01;1;1;0;2;0;0;5;
45444;202100029299;149 391;B01;1;7;0;2;3;1;1;
45445;202100029299;149 392;A01;1;7;0;2;1;13;1;
45446;202100029301;149 387;A01;1;7;0;2;1;1;1;
45447;202100029301;149 388;B01;1;7;0;2;8;1;1;
45448;202100029302;149 385;B01;2;7;8;2;5;15;1;
45449;202100029302;149 386;A01;1;7;0;2;1;1;1;
45450;202100029303;149 384;A01;0;7;2;0;1;1;1;
45451;202100029304;149 383;A01;1;10;12;0;1;16;1;
45452;202100029305;149 381;A01;1;33;0;2;8;15;1;
45453;202100029305;149 382;B01;1;7;0;2;3;17;1;
45454;202100029306;149 378;A01;1;7;0;2;1;26;1;
45455;202100029306;149 379;B01;1;7;0;2;4;2;1;
45456;202100029306;149 380;C01;1;10;0;2;4;2;1;
45457;202100029307;149 376;A01;1;33;0;2;8;2;1;
45458;202100029307;149 377;B01;1;15;0;2;4;1;1;
45459;202100029308;149 375;A01;1;7;0;1;1;16;1;
45460;202100029309;149 373;B01;3;1;0;2;0;0;5;
45461;202100029309;149 374;A01;3;7;0;2;0;0;1;
45462;202100029310;149 372;A01;1;7;2;0;1;19;1;
45463;202100029311;149 370;B01;2;33;0;2;2;2;1;
45464;202100029311;149 371;A01;2;7;0;2;3;13;1;
45465;202100029312;149 368;B01;2;37;0;2;1;1;1;1.0
45466;202100029312;149 369;A01;2;7;0;2;8;15;1;
45467;202100029313;149 366;B01;3;2;0;2;8;9;1;
45468;202100029313;149 367;A01;3;7;0;2;7;16;1;
45469;202100029315;149 363;A01;1;32;0;0;6;16;1;
45470;202100029316;149 362;A01;3;43;0;1;1;17;1;
45471;202100029317;149 360;A01;2;32;0;2;8;1;1;
45472;202100029317;149 361;Z01;2;7;0;2;2;12;1;
45473;202100029318;149 357;B01;2;7;0;2;4;2;1;
45474;202100029318;149 358;C01;2;7;0;2;2;2;1;
45475;202100029318;149 359;A01;2;33;0;2;1;3;1;
45476;202100029319;149 355;B01;1;80;0;2;3;7;3;
45477;202100029319;149 356;A01;1;7;0;2;2;22;1;
45478;202100029320;149 354;A01;1;30;0;1;1;1;1;
45479;202100029321;149 352;A01;1;10;0;2;8;11;1;
45480;202100029321;149 353;B01;1;30;0;2;7;1;3;
45481;202100029322;149 350;B01;3;34;0;2;1;15;1;
45482;202100029322;149 351;A01;3;43;0;2;1;10;1;
45483;202100029323;149 348;B01;3;7;0;2;4;2;1;
45484;202100029323;149 349;A01;3;7;0;2;1;2;1;
45485;202100029325;149 344;A01;2;32;0;2;1;1;1;
45486;202100029325;149 345;Z01;1;10;0;2;7;15;1;
45487;202100029326;149 342;A01;2;7;0;2;2;11;1;
45488;202100029326;149 343;B01;2;7;0;2;6;23;1;
45489;202100029327;149 341;A01;3;32;0;0;8;17;1;
45490;202100029328;149 339;A01;2;1;0;2;7;1;5;
45491;202100029328;149 340;Z01;2;2;0;2;1;5;1;
45492;202100029331;149 333;A01;2;7;0;2;1;2;1;
45493;202100029331;149 334;B01;2;32;0;2;4;2;1;
45494;202100029332;149 332;A01;1;50;1;0;1;25;3;
45495;202100029333;149 331;A01;1;1;0;0;8;21;5;
45496;202100029334;149 330;A01;2;1;12;0;1;11;5;
45497;202100029335;149 328;B01;1;50;0;2;3;15;3;
45498;202100029335;149 329;A01;1;1;0;2;2;17;5;
45499;202100029336;149 327;A01;1;7;0;0;1;16;1;
45500;202100029337;149 325;A01;2;7;0;2;7;15;1;
45501;202100029337;149 326;B01;1;33;4;2;1;1;1;
45502;202100029339;149 322;A01;1;7;0;0;8;16;1;
45503;202100029340;149 320;A01;2;7;0;2;4;23;1;
45504;202100029340;149 321;B01;2;7;0;2;1;1;1;
45505;202100029341;149 319;A01;1;37;9;1;2;26;2;1.0
45506;202100029342;149 317;B01;1;7;0;2;2;1;1;
45507;202100029342;149 318;A01;1;31;0;2;3;20;1;
45508;202100029343;149 316;A01;1;7;1;0;3;13;1;
45509;202100029344;149 315;A01;1;30;0;1;1;1;1;
45510;202100029345;149 313;B01;1;43;0;2;1;1;1;
45511;202100029345;149 314;A01;2;7;0;2;1;15;1;
45512;202100029346;149 312;A01;1;32;8;0;2;14;3;
45513;202100029347;149 310;B01;1;7;0;0;4;1;1;
45514;202100029347;149 311;A01;1;10;0;2;1;2;1;
45515;202100029348;149 309;A01;1;43;0;0;0;1;1;
45516;202100029349;149 307;A01;1;7;1;2;2;14;1;