;Num_Acc;id_vehicule;num_veh;senc;catv;obs;obsm;choc;manv;motor;occutc
45517;202100029349;149 308;B01;1;7;0;2;1;1;1;
45518;202100029350;149 305;B01;1;7;0;2;6;15;1;
45519;202100029350;149 306;A01;1;37;0;2;2;1;1;1.0
45520;202100029351;149 303;B01;2;15;0;2;1;1;1;
45521;202100029351;149 304;A01;1;7;0;2;1;13;1;
45522;202100029352;149 302;A01;3;7;0;1;0;1;1;
45523;202100029353;149 300;A01;2;7;0;2;1;1;1;
45524;202100029353;149 301;B01;1;7;0;2;3;1;1;
45525;202100029354;149 299;A01;1;7;6;0;2;1;1;
45526;202100029356;149 297;A01;1;7;12;0;2;1;1;
45527;202100029357;149 295;A01;0;7;8;0;1;0;1;
45528;202100029358;149 293;B01;1;7;0;2;3;9;1;
45529;202100029358;149 294;A01;2;33;0;2;1;1;1;
45530;202100029359;149 292;A01;2;7;13;0;9;14;1;
45531;202100029360;149 291;A01;1;7;0;0;1;1;1;
45532;202100029361;149 290;A01;1;33;0;6;1;1;1;
45533;202100029362;149 289;A01;2;7;13;0;1;13;1;
45534;202100029363;149 287;A01;3;50;0;2;1;1;3;
45535;202100029363;149 288;B01;3;21;0;2;1;19;1;
45536;202100029364;149 286;A01;2;10;0;1;2;1;1;
45537;202100029365;149 285;A01;3;7;13;0;3;1;1;
45538;202100029366;149 283;A01;1;7;0;2;3;2;1;
45539;202100029366;149 284;B01;1;1;0;0;4;2;5;
45540;202100029367;149 282;A01;2;7;2;9;1;13;1;
45541;202100029369;149 279;A01;1;7;2;0;3;1;1;
45542;202100029370;149 277;A01;2;7;7;2;2;17;1;
45543;202100029370;149 278;B01;1;10;7;2;3;1;1;
45544;202100029371;149 276;A01;0;33;0;0;0;0;1;
45545;202100029372;149 274;B01;1;7;0;2;1;17;1;
45546;202100029372;149 275;A01;2;7;0;2;1;5;2;
45547;202100029373;149 273;A01;2;7;6;0;3;13;1;
45548;202100029374;149 269;A01;1;7;0;2;2;1;1;
45549;202100029374;149 270;B01;2;7;0;2;2;1;1;
45550;202100029375;149 268;A01;2;7;0;0;0;13;1;
45551;202100029376;149 266;B01;2;33;0;2;1;1;1;
45552;202100029376;149 267;A01;1;7;0;2;2;15;1;
45553;202100029377;149 264;B01;3;7;0;2;3;1;1;
45554;202100029377;149 265;A01;3;2;0;2;1;13;1;
45555;202100029378;149 263;A01;3;0;0;0;0;0;3;
45556;202100029379;149 262;A01;1;7;13;0;1;1;1;
45557;202100029380;149 260;A01;1;33;0;2;2;17;1;
45558;202100029380;149 261;B01;1;3;0;0;6;15;1;
45559;202100029381;149 258;B01;1;15;0;0;2;15;1;
45560;202100029381;149 259;A01;1;30;0;2;7;9;1;
45561;202100029382;149 257;A01;2;33;15;0;1;1;1;
45562;202100029383;149 255;B01;2;14;0;2;3;1;1;
45563;202100029383;149 256;A01;1;10;0;2;1;13;1;
45564;202100029384;149 254;A01;1;15;3;0;1;1;1;
45565;202100029385;149 251;C01;1;2;0;2;1;1;1;
45566;202100029385;149 252;B01;1;2;0;2;3;1;1;
45567;202100029385;149 253;A01;2;2;0;2;1;19;1;
45568;202100029386;149 250;A01;2;7;13;0;9;14;1;
45569;202100029387;149 249;A01;2;7;0;0;7;14;1;
45570;202100029388;149 247;A01;2;7;0;2;2;1;1;
45571;202100029388;149 248;B01;2;15;0;0;6;1;1;
45572;202100029389;149 246;A01;3;10;0;1;2;1;1;
45573;202100029390;149 244;B01;2;7;0;2;3;1;1;
45574;202100029390;149 245;A01;1;7;13;0;7;19;1;
45575;202100029391;149 243;A01;2;2;0;0;0;1;1;
45576;202100029392;149 242;A01;3;7;2;0;9;1;1;
45577;202100029393;149 240;B01;1;7;0;2;1;19;1;
45578;202100029393;149 241;A01;2;33;0;2;7;1;1;
45579;202100029394;149 237;A01;1;7;10;0;1;16;1;
45580;202100029395;149 235;B01;2;33;0;2;1;1;1;
45581;202100029395;149 236;A01;1;7;0;2;1;1;1;
45582;202100029396;149 234;A01;2;7;13;0;6;1;1;
45583;202100029397;149 232;A01;1;2;16;0;1;1;1;
45584;202100029398;149 231;A01;1;7;0;1;4;4;1;
45585;202100029399;149 229;A01;2;7;0;2;3;15;1;
45586;202100029399;149 230;B01;2;33;0;2;1;17;1;
45587;202100029400;149 227;B01;1;13;0;9;3;1;1;
45588;202100029400;149 228;A01;2;13;0;0;0;1;1;
45589;202100029401;149 224;A01;0;7;0;2;1;2;1;
45590;202100029401;149 225;B01;0;7;0;0;4;15;1;
45591;202100029402;149 223;A01;1;33;16;0;7;1;1;
45592;202100029403;149 221;B01;2;7;0;2;4;1;1;
45593;202100029403;149 222;A01;2;7;0;2;1;1;1;
45594;202100029405;149 219;A01;1;7;4;0;3;13;1;
45595;202100029406;149 217;A01;2;14;0;2;1;1;1;
45596;202100029406;149 218;B01;2;7;0;2;4;1;1;
45597;202100029407;149 216;A01;2;7;4;0;1;1;1;
45598;202100029408;149 212;D01;1;10;0;2;1;2;1;
45599;202100029408;149 213;C01;1;7;0;2;1;2;1;
45600;202100029408;149 214;A01;1;10;0;2;1;2;1;
45601;202100029408;149 215;B01;1;10;0;2;4;2;1;
45602;202100029409;149 211;A01;1;7;4;0;8;13;1;
45603;202100029411;149 206;C01;2;7;0;2;5;23;1;
45604;202100029411;149 207;B01;2;7;1;0;1;1;1;
45605;202100029411;149 208;A01;2;7;1;0;3;1;1;
45606;202100029413;149 203;B01;2;30;0;2;1;17;1;
45607;202100029413;149 204;A01;1;10;0;2;3;15;1;
45608;202100029414;149 202;A01;2;30;0;0;8;1;1;
45609;202100029415;149 201;A01;3;7;10;0;1;16;1;
45610;202100029416;149 200;A01;1;7;0;1;3;15;1;
45611;202100029417;149 199;A01;1;7;0;0;3;1;1;
45612;202100029418;149 197;A01;2;7;0;2;1;15;1;
45613;202100029418;149 198;B01;2;7;0;2;3;1;1;
45614;202100029419;149 195;A01;2;32;0;2;1;26;1;
45615;202100029419;149 196;B01;3;7;0;2;5;26;1;
45616;202100029420;149 194;A01;2;31;6;0;1;1;1;
45617;202100029421;149 193;A01;1;30;0;1;1;17;1;
45618;202100029422;149 185;A01;2;33;0;2;0;17;1;
45619;202100029422;149 186;B01;2;10;0;2;0;15;1;
45620;202100029423;149 183;A01;1;7;0;2;3;13;1;
45621;202100029423;149 184;B01;1;31;0;2;3;1;1;
45622;202100029424;149 182;A01;1;7;0;9;3;1;1;
45623;202100029425;149 180;B01;3;7;0;2;8;1;1;
45624;202100029425;149 181;A01;3;7;0;2;1;15;1;
45625;202100029426;149 177;B01;1;7;0;2;2;1;1;
45626;202100029426;149 178;A01;1;7;0;2;1;15;1;
45627;202100029427;149 176;A01;1;7;0;1;1;9;1;
45628;202100029428;149 174;A01;2;7;0;2;1;1;1;
45629;202100029428;149 175;B01;2;7;0;2;2;1;1;
45630;202100029429;149 172;A01;2;7;0;2;1;1;1;
45631;202100029429;149 173;B01;2;7;0;2;4;1;1;
45632;202100029430;149 170;B01;1;1;0;2;4;1;6;
45633;202100029430;149 171;C01;1;7;0;2;1;2;-1;
45634;202100029431;149 169;A01;3;7;2;0;1;14;1;
45635;202100029432;149 168;A01;0;10;0;1;0;1;0;
45636;202100029433;149 167;A01;1;32;0;0;1;19;1;
45637;202100029434;149 165;Z01;2;7;0;2;2;15;2;
45638;202100029434;149 166;A01;1;33;0;2;1;1;1;
45639;202100029435;149 164;A01;1;33;0;2;2;1;1;
45640;202100029436;149 163;Z01;1;34;0;1;1;2;1;
45641;202100029437;149 162;A01;2;33;3;0;1;2;1;
45642;202100029438;149 161;A01;1;32;0;0;8;1;1;
45643;202100029439;149 159;A01;1;43;0;2;2;3;1;
45644;202100029439;149 160;B01;1;7;0;2;8;1;1;
45645;202100029440;149 158;A01;2;1;0;1;1;1;5;
45646;202100029441;149 156;B01;1;7;0;2;3;16;1;
45647;202100029441;149 157;A01;1;7;0;2;2;1;1;
45648;202100029443;149 152;B01;1;32;0;2;4;2;1;
45649;202100029443;149 153;A01;1;7;0;2;2;2;1;
45650;202100029444;149 150;A01;1;7;0;2;3;1;1;
45651;202100029444;149 151;Z01;1;7;0;2;1;1;0;
45652;202100029445;149 148;A01;1;7;0;2;2;1;1;
45653;202100029445;149 149;B01;1;7;0;2;1;15;3;
45654;202100029446;149 146;B01;3;1;0;2;0;1;5;
45655;202100029446;149 147;A01;3;7;0;2;2;1;1;
45656;202100029447;149 144;A01;1;7;0;2;3;18;0;
45657;202100029447;149 145;B01;1;33;0;2;3;23;1;
45658;202100029449;149 141;A01;1;7;10;0;1;1;1;
45659;202100029450;149 139;A01;3;7;0;2;4;23;1;
45660;202100029450;149 140;B01;-1;7;0;2;0;0;1;
45661;202100029451;149 138;A01;1;7;14;0;0;9;1;
45662;202100029453;149 135;A01;2;30;0;1;1;1;3;
45663;202100029455;149 131;B01;2;2;0;2;0;1;6;
45664;202100029455;149 132;A01;1;2;0;2;1;1;6;
45665;202100029456;149 130;A01;1;0;0;1;3;9;0;
45666;202100029457;149 129;A01;3;7;13;1;2;1;1;
45667;202100029459;149 127;A01;3;7;0;1;1;15;1;
45668;202100029460;149 124;C01;1;7;0;2;1;2;1;
45669;202100029460;149 125;B01;1;7;0;2;1;1;1;
45670;202100029460;149 126;A01;1;7;0;2;1;5;1;
45671;202100029461;149 123;A01;1;7;13;0;1;1;1;
45672;202100029462;149 121;A01;2;7;0;2;2;12;2;
45673;202100029462;149 122;B01;2;7;3;2;8;1;1;
45674;202100029463;149 120;A01;1;7;0;5;2;1;1;
45675;202100029464;149 119;A01;3;7;0;0;3;1;1;
45676;202100029465;149 117;A01;1;7;0;2;1;13;1;
45677;202100029465;149 118;B01;2;7;0;2;1;26;1;
45678;202100029466;149 116;A01;2;7;2;0;1;14;1;
45679;202100029467;149 115;A01;1;7;0;0;0;1;6;
45680;202100029468;149 112;A01;2;33;0;2;2;2;1;
45681;202100029468;149 113;B01;2;33;0;2;4;2;1;
45682;202100029468;149 114;C01;2;33;0;2;1;2;1;
45683;202100029470;149 108;B01;2;10;0;2;1;1;1;
45684;202100029470;149 109;A01;1;7;0;2;7;13;1;
45685;202100029471;149 107;A01;3;10;1;1;1;2;1;
45686;202100029472;149 105;A01;1;7;0;2;3;13;1;
45687;202100029472;149 106;B01;2;7;0;2;8;1;1;
45688;202100029473;149 103;A01;2;7;7;2;1;9;1;
45689;202100029473;149 104;B01;2;7;0;2;8;0;1;
45690;202100029474;149 101;B01;2;33;0;2;8;1;1;
45691;202100029474;149 102;A01;1;33;0;2;8;5;1;
45692;202100029475;149 100;A01;0;7;6;0;1;1;1;
45693;202100029476;149 099;A01;1;7;2;0;2;14;1;
45694;202100029477;149 098;A01;1;7;2;0;1;1;1;
45695;202100029478;149 097;A01;1;33;0;0;8;1;1;
45696;202100029479;149 096;A01;1;7;4;0;3;1;1;
45697;202100029480;149 094;A01;3;7;0;2;1;11;1;
45698;202100029480;149 095;B01;3;7;0;2;1;1;1;
45699;202100029481;149 092;B01;0;1;0;2;4;19;5;
45700;202100029481;149 093;A01;2;33;0;0;7;0;1;
45701;202100029482;149 091;A01;1;7;6;0;1;14;1;
45702;202100029483;149 090;A01;3;33;4;0;1;14;1;
45703;202100029485;149 087;B01;1;7;0;0;7;1;1;
45704;202100029485;149 088;A01;1;7;0;2;1;19;2;
45705;202100029486;149 085;A01;1;7;0;2;1;9;1;
45706;202100029486;149 086;B01;2;2;0;2;1;1;1;
45707;202100029487;149 084;A01;2;50;0;0;0;1;3;
45708;202100029488;149 083;A01;3;33;16;0;0;1;1;
45709;202100029489;149 081;A01;1;33;0;2;1;1;1;
45710;202100029489;149 082;B01;1;33;0;2;3;15;1;
45711;202100029490;149 079;A01;1;33;13;2;1;17;1;
45712;202100029490;149 080;B01;2;33;0;2;1;1;1;
45713;202100029491;149 077;A01;1;7;0;2;1;13;1;
45714;202100029491;149 078;B01;2;10;0;2;1;1;1;
45715;202100029492;149 076;A01;1;2;0;0;0;0;1;
45716;202100029493;149 074;B01;3;2;0;2;1;1;1;
45717;202100029493;149 075;A01;3;7;0;2;3;15;1;
45718;202100029494;149 073;A01;1;99;0;9;2;1;6;
45719;202100029495;149 072;A01;3;10;2;0;3;13;1;
45720;202100029496;149 070;A01;1;7;0;2;1;13;1;
45721;202100029496;149 071;B01;2;7;0;2;3;1;1;
45722;202100029498;149 067;B01;2;33;0;2;1;1;1;
45723;202100029498;149 068;A01;1;7;0;2;3;19;1;
45724;202100029499;149 064;B01;2;15;5;2;3;1;1;
45725;202100029499;149 065;A01;1;7;0;2;3;13;1;
45726;202100029500;149 062;A01;2;2;0;2;1;1;1;
45727;202100029500;149 063;B01;1;21;0;2;3;1;1;
45728;202100029501;149 061;A01;3;33;0;0;1;16;1;
45729;202100029503;149 058;A01;3;31;0;0;7;0;1;
45730;202100029504;149 057;A01;0;33;13;0;2;1;1;
45731;202100029505;149 055;A01;1;7;0;2;1;19;1;
45732;202100029505;149 056;B01;2;7;0;2;8;1;1;
45733;202100029506;149 054;A01;0;36;0;0;7;1;1;
45734;202100029507;149 052;B01;1;31;0;2;3;1;1;
45735;202100029507;149 053;A01;2;1;0;2;2;15;5;
45736;202100029508;149 051;A01;2;7;1;0;1;1;1;
45737;202100029509;149 047;D01;1;7;0;2;1;1;1;
45738;202100029509;149 048;C01;1;7;0;2;1;1;1;
45739;202100029509;149 049;B01;2;7;0;2;3;1;1;
45740;202100029509;149 050;A01;2;7;13;2;3;13;1;
45741;202100029510;149 046;A01;3;7;13;0;9;1;1;
45742;202100029511;149 045;A01;1;33;0;0;8;21;1;
45743;202100029512;149 044;A01;2;7;6;0;2;17;1;
45744;202100029513;149 043;A01;2;7;0;0;3;0;1;
45745;202100029514;149 041;A01;1;7;0;2;1;13;1;
45746;202100029514;149 042;B01;2;10;0;2;3;1;1;
45747;202100029515;149 040;A01;1;7;3;0;3;17;1;
45748;202100029516;149 036;A01;1;7;0;0;4;23;1;
45749;202100029516;149 037;B01;1;7;0;2;1;26;1;
45750;202100029516;149 038;D01;1;7;0;2;1;1;1;
45751;202100029516;149 039;C01;1;7;0;2;4;21;1;
45752;202100029517;149 032;A01;1;14;0;2;3;13;1;
45753;202100029517;149 033;B01;2;10;0;2;3;0;1;
45754;202100029517;149 034;C01;2;10;0;2;1;0;1;
45755;202100029517;149 035;D01;2;7;13;2;3;0;1;
45756;202100029518;149 030;A01;2;7;3;2;1;1;1;
45757;202100029518;149 031;B01;2;7;0;0;4;1;1;
45758;202100029519;149 028;A01;2;7;0;2;0;0;1;
45759;202100029519;149 029;B01;2;7;4;2;3;1;1;
45760;202100029520;149 027;A01;3;10;8;0;3;1;1;
45761;202100029521;149 025;A01;2;33;0;2;3;17;1;
45762;202100029521;149 026;B01;2;10;0;0;4;15;1;
45763;202100029522;149 023;A01;1;7;0;2;3;13;1;
45764;202100029522;149 024;B01;2;7;0;0;3;1;1;
45765;202100029523;149 021;A01;0;30;0;2;1;5;0;
45766;202100029523;149 022;B01;0;7;0;2;2;1;1;
45767;202100029524;149 020;A01;1;32;0;1;1;1;1;
45768;202100029525;149 019;A01;3;7;14;0;1;13;1;
45769;202100029526;149 017;A01;1;7;0;2;1;13;1;
45770;202100029526;149 018;B01;2;10;0;2;1;1;1;
45771;202100029527;149 016;A01;0;36;0;0;0;26;0;
45772;202100029528;149 012;B01;2;7;0;2;1;2;1;
45773;202100029528;149 013;C01;2;7;0;2;2;1;1;
45774;202100029528;149 014;D01;1;7;14;0;3;1;1;
45775;202100029528;149 015;A01;2;7;4;0;1;1;1;
45776;202100029529;149 010;B01;1;33;0;2;2;16;1;
45777;202100029529;149 011;A01;1;7;0;0;6;2;1;
45778;202100029530;149 009;A01;1;7;13;0;7;0;1;
45779;202100029531;149 008;A01;1;7;5;0;1;0;1;
45780;202100029532;149 007;A01;0;10;0;1;5;26;3;
45781;202100029533;149 001;A01;2;7;6;0;1;0;1;
45782;202100029534;149 000;A01;3;7;0;1;1;0;1;
45783;202100029535;148 998;A01;0;7;0;9;7;1;1;
45784;202100029535;148 999;B01;0;1;0;2;8;2;5;
45785;202100029536;148 996;B01;2;7;0;2;8;1;1;
45786;202100029536;148 997;A01;3;7;0;2;1;15;1;
45787;202100029537;148 995;A01;1;7;2;0;1;0;1;
45788;202100029538;148 993;A01;1;7;0;9;0;2;0;
45789;202100029538;148 994;B01;1;1;6;2;4;0;6;
45790;202100029539;148 992;A01;1;7;2;0;1;13;1;
45791;202100029540;148 991;A01;1;7;0;1;1;1;1;
45792;202100029541;148 989;B01;3;7;0;2;6;15;1;
45793;202100029541;148 990;A01;1;31;0;2;2;1;1;
45794;202100029542;148 988;A01;2;7;2;0;1;13;1;
45795;202100029543;148 986;A01;1;7;4;2;2;12;1;
45796;202100029543;148 987;B01;1;7;0;2;3;18;1;
45797;202100029544;148 984;A01;1;7;0;2;4;1;1;
45798;202100029544;148 985;B01;1;7;0;2;1;2;1;
45799;202100029545;148 982;B01;1;7;0;2;3;15;1;
45800;202100029545;148 983;A01;2;30;0;2;1;26;1;
45801;202100029546;148 979;C01;2;7;0;0;6;2;1;
45802;202100029546;148 980;B01;2;10;0;2;2;2;1;
45803;202100029546;148 981;A01;2;10;0;2;1;2;1;
45804;202100029547;148 978;A01;1;7;4;0;0;26;1;
45805;202100029548;148 976;Z01;1;7;0;2;1;1;0;
45806;202100029548;148 977;A01;1;7;0;2;4;1;1;
45807;202100029549;148 974;B01;1;7;0;2;4;2;1;
45808;202100029549;148 975;A01;1;7;0;2;1;2;1;
45809;202100029551;148 969;A01;2;7;0;0;3;9;1;
45810;202100029552;148 967;B01;2;7;0;0;4;2;1;
45811;202100029552;148 968;A01;2;7;0;2;1;2;1;
45812;202100029553;148 966;A01;1;7;4;0;1;1;1;
45813;202100029554;148 964;B01;1;7;0;2;4;2;1;
45814;202100029554;148 965;A01;1;7;0;2;1;1;1;
45815;202100029555;148 961;C01;2;7;0;2;1;1;1;
45816;202100029555;148 962;A01;1;7;0;2;1;21;1;
45817;202100029555;148 963;B01;2;7;0;2;4;23;1;
45818;202100029556;148 959;A01;1;7;0;2;2;2;1;
45819;202100029556;148 960;B01;1;10;0;2;4;2;1;
45820;202100029557;148 957;A01;1;33;0;2;3;3;1;
45821;202100029557;148 958;B01;1;7;0;2;5;1;1;
45822;202100029558;148 955;B01;2;15;0;2;4;2;1;
45823;202100029558;148 956;A01;2;13;0;2;1;2;1;
45824;202100029559;148 953;A01;2;33;1;0;9;18;1;
45825;202100029559;148 954;B01;2;7;0;0;6;23;1;
45826;202100029560;148 951;A01;1;7;0;2;4;2;1;
45827;202100029560;148 952;B01;1;33;0;2;1;2;1;
45828;202100029561;148 950;A01;1;7;0;1;1;1;1;
45829;202100029562;148 948;B01;2;33;1;2;8;1;1;
45830;202100029562;148 949;A01;2;7;1;2;1;15;1;
45831;202100029563;148 947;A01;3;7;0;1;3;1;1;
45832;202100029564;148 945;B01;3;7;0;2;7;1;1;
45833;202100029564;148 946;A01;3;7;0;2;1;1;1;
45834;202100029565;148 943;B01;1;7;0;2;4;1;1;
45835;202100029565;148 944;A01;1;32;0;2;1;2;1;
45836;202100029566;148 941;B01;2;0;0;2;8;15;0;
45837;202100029566;148 942;A01;1;7;0;9;1;1;1;
45838;202100029567;148 939;A01;2;7;0;2;1;15;1;
45839;202100029567;148 940;B01;2;7;0;2;8;1;1;
45840;202100029568;148 938;A01;1;10;0;1;1;1;1;
45841;202100029569;148 937;A01;2;7;4;2;3;0;1;
45842;202100029570;148 935;A01;1;33;0;2;1;1;1;
45843;202100029570;148 936;B01;1;37;0;2;3;15;1;1.0
45844;202100029571;148 933;B01;2;7;0;2;6;1;1;
45845;202100029571;148 934;A01;2;33;0;2;1;1;1;
45846;202100029572;148 932;A01;1;7;1;0;3;13;1;
45847;202100029573;148 930;B01;1;7;0;2;4;23;1;
45848;202100029573;148 931;A01;1;7;0;2;1;2;1;
45849;202100029574;148 928;A01;1;7;0;2;3;13;1;
45850;202100029574;148 929;B01;2;7;0;2;3;1;1;
45851;202100029575;148 927;A01;1;37;0;0;0;26;1;2.0
45852;202100029576;148 925;A01;2;33;0;2;1;2;0;
45853;202100029576;148 926;B01;2;7;0;2;4;2;1;
45854;202100029577;148 924;A01;1;7;9;1;1;14;1;
45855;202100029578;148 922;B01;2;1;0;2;8;1;5;
45856;202100029578;148 923;A01;2;7;0;2;2;17;1;
45857;202100029579;148 919;A01;2;7;14;2;3;13;1;
45858;202100029579;148 920;B01;1;7;0;2;6;1;1;
45859;202100029579;148 921;C01;1;7;0;2;1;1;1;
45860;202100029580;148 918;A01;1;7;1;1;2;1;1;
45861;202100029583;148 910;B01;1;7;0;2;6;1;1;
45862;202100029583;148 911;C01;1;7;0;2;4;1;3;
45863;202100029583;148 912;A01;1;34;0;2;1;17;0;
45864;202100029584;148 908;B01;1;7;0;2;1;1;1;
45865;202100029584;148 909;A01;1;7;0;2;3;26;1;
45866;202100029585;148 906;B01;2;3;0;2;7;2;1;
45867;202100029585;148 907;A01;2;7;0;2;1;9;1;
45868;202100029586;148 904;A01;1;7;0;2;3;2;1;
45869;202100029586;148 905;B01;2;7;0;2;1;15;1;
45870;202100029587;148 902;A01;1;7;0;2;1;1;1;
45871;202100029587;148 903;B01;1;7;0;2;4;1;1;
45872;202100029588;148 900;B01;1;10;0;2;4;1;1;
45873;202100029588;148 901;A01;1;10;0;2;1;1;1;
45874;202100029589;148 898;B01;1;30;1;2;1;17;1;
45875;202100029589;148 899;A01;1;7;0;2;6;15;1;
45876;202100029590;148 896;B01;3;1;0;0;1;26;5;
45877;202100029590;148 897;A01;1;7;0;2;7;1;1;
45878;202100029591;148 893;B01;1;7;0;2;9;1;1;
45879;202100029591;148 894;A01;3;14;0;2;7;14;1;
45880;202100029592;148 891;A01;1;33;0;2;2;17;1;
45881;202100029592;148 892;B01;1;7;0;9;2;5;1;
45882;202100029593;148 890;A01;1;7;0;0;4;0;1;
45883;202100029594;148 888;B01;1;10;0;2;7;22;1;
45884;202100029594;148 889;A01;1;50;0;2;1;25;3;
45885;202100029595;148 886;A01;2;7;0;2;1;2;1;
45886;202100029595;148 887;B01;2;7;0;2;4;2;1;
45887;202100029596;148 884;B01;0;7;0;2;4;2;1;
45888;202100029596;148 885;A01;0;7;0;2;1;26;1;
45889;202100029597;148 883;A01;0;10;0;1;1;2;4;
45890;202100029598;148 881;A01;1;7;0;2;1;1;3;
45891;202100029598;148 882;B01;1;7;0;2;6;1;1;
45892;202100029599;148 880;Z01;2;7;1;0;1;5;1;
45893;202100029600;148 878;A01;1;7;0;2;2;1;1;
45894;202100029600;148 879;B01;0;2;0;2;1;1;1;
45895;202100029601;148 874;B01;1;7;0;2;1;1;1;
45896;202100029601;148 875;A01;2;13;0;2;3;15;1;
45897;202100029602;148 873;A01;1;7;0;1;4;26;1;
45898;202100029604;148 870;A01;3;30;12;0;1;9;1;
45899;202100029605;148 866;A01;2;7;0;2;5;15;1;
45900;202100029605;148 867;B01;1;33;0;2;1;1;0;
45901;202100029606;148 864;B01;1;7;0;2;2;0;1;
45902;202100029606;148 865;A01;1;7;0;2;1;26;1;
45903;202100029607;148 862;B01;2;7;0;2;3;26;1;
45904;202100029607;148 863;A01;1;33;0;2;2;2;1;
45905;202100029608;148 860;A01;0;7;0;2;1;0;1;
45906;202100029608;148 861;Z01;0;7;0;2;1;13;1;
45907;202100029609;148 859;A01;2;30;5;0;1;1;1;
45908;202100029610;148 858;A01;1;33;1;0;1;14;1;
45909;202100029612;148 854;B01;2;7;0;2;3;1;1;
45910;202100029612;148 855;A01;2;7;0;2;8;13;1;
45911;202100029613;148 852;B01;1;10;0;2;3;4;1;
45912;202100029613;148 853;A01;1;2;0;2;3;26;1;
45913;202100029614;148 851;A01;0;7;8;1;1;14;1;
45914;202100029616;148 847;B01;2;32;0;2;2;17;1;
45915;202100029616;148 848;A01;2;30;0;2;3;13;1;
45916;202100029617;148 845;A01;2;32;0;2;1;7;1;
45917;202100029617;148 846;B01;1;7;0;2;1;15;1;
45918;202100029618;148 843;B01;1;7;0;2;3;1;1;
45919;202100029618;148 844;A01;2;7;0;2;3;13;1;
45920;202100029619;148 842;A01;2;30;0;0;1;1;3;
45921;202100029620;148 841;A01;3;50;8;0;1;25;3;
45922;202100029621;148 839;B01;1;7;0;2;5;2;1;
45923;202100029621;148 840;A01;1;30;0;2;1;2;1;
45924;202100029622;148 837;B01;2;30;0;2;8;1;1;
45925;202100029622;148 838;A01;1;30;0;2;1;15;1;
45926;202100029624;148 833;B01;2;7;0;2;8;1;1;
45927;202100029624;148 834;A01;3;7;0;2;1;1;1;
45928;202100029625;148 832;A01;1;1;14;0;0;16;5;
45929;202100029626;148 830;B01;1;33;0;2;1;7;1;
45930;202100029626;148 831;A01;2;33;0;2;5;10;1;
45931;202100029627;148 828;B01;1;7;0;2;1;1;1;
45932;202100029627;148 829;A01;1;7;0;0;7;2;0;
45933;202100029628;148 827;A01;1;7;2;0;1;26;1;
45934;202100029629;148 825;B01;2;1;0;2;8;13;5;
45935;202100029629;148 826;A01;1;7;0;2;2;1;1;
45936;202100029630;148 823;B01;3;7;0;2;7;11;1;
45937;202100029630;148 824;A01;3;7;0;2;1;0;1;
45938;202100029631;148 822;A01;1;7;12;0;9;15;1;
45939;202100029632;148 819;A01;1;10;0;2;1;17;1;
45940;202100029632;148 820;C01;1;7;0;2;6;23;1;
45941;202100029632;148 821;B01;2;7;0;2;1;1;1;
45942;202100029633;148 818;A01;2;7;9;1;3;15;1;
45943;202100029634;148 816;B01;1;7;0;2;3;1;1;
45944;202100029634;148 817;A01;2;10;1;2;3;17;1;
45945;202100029635;148 814;A01;0;7;0;9;2;18;1;
45946;202100029635;148 815;B01;0;1;0;2;8;0;0;
45947;202100029637;148 811;B01;2;30;0;2;1;1;1;
45948;202100029637;148 812;A01;2;7;0;2;6;15;1;
45949;202100029638;148 810;A01;2;7;1;0;1;1;1;
45950;202100029639;148 808;B01;2;7;0;2;5;23;1;
45951;202100029639;148 809;A01;2;10;0;2;3;13;1;
45952;202100029640;148 807;A01;1;31;0;1;1;26;1;
45953;202100029641;148 806;A01;1;2;0;0;8;13;1;
45954;202100029642;148 804;A01;1;7;0;2;1;9;1;
45955;202100029642;148 805;B01;1;7;0;2;1;1;1;
45956;202100029644;148 800;C01;1;7;0;2;3;21;1;
45957;202100029644;148 801;B01;1;7;0;2;3;21;1;
45958;202100029644;148 802;A01;2;7;0;2;3;13;1;
45959;202100029645;148 798;B01;1;33;0;0;4;0;1;
45960;202100029645;148 799;A01;1;7;0;2;1;1;1;
45961;202100029646;148 795;C01;2;1;0;0;8;1;5;
45962;202100029646;148 796;B01;2;1;0;0;8;1;5;
45963;202100029646;148 797;A01;1;33;6;2;7;1;1;
45964;202100029647;148 794;A01;1;7;3;0;1;1;1;
45965;202100029648;148 792;B01;1;7;3;2;4;2;1;
45966;202100029648;148 793;A01;1;7;0;2;1;2;1;
45967;202100029649;148 791;A01;1;33;0;0;8;21;1;
45968;202100029650;148 789;A01;1;7;0;0;6;1;1;
45969;202100029650;148 790;B01;1;7;0;2;2;2;1;
45970;202100029651;148 788;A01;2;7;12;0;1;0;1;
45971;202100029652;148 787;A01;1;7;4;0;3;11;1;
45972;202100029653;148 786;A01;1;2;12;0;2;1;1;
45973;202100029654;148 785;A01;1;7;6;0;1;5;1;
45974;202100029655;148 783;A01;1;7;0;2;7;13;1;
45975;202100029655;148 784;B01;2;7;0;2;1;1;1;
45976;202100029656;148 781;A01;1;7;0;9;2;17;1;
45977;202100029656;148 782;B01;1;60;0;2;8;19;5;
45978;202100029657;148 778;A01;2;31;0;2;1;17;1;