;Num_Acc;id_vehicule;num_veh;senc;catv;obs;obsm;choc;manv;motor;occutc
45979;202100029657;148 779;B01;1;7;0;2;8;5;1;
45980;202100029657;148 780;C01;2;7;0;2;6;2;1;
45981;202100029658;148 777;A01;2;7;15;0;1;13;1;
45982;202100029659;148 776;A01;1;7;2;0;8;13;1;
45983;202100029660;148 775;A01;2;33;0;0;0;17;1;
45984;202100029661;148 773;B01;2;7;0;2;1;1;1;
45985;202100029661;148 774;A01;1;7;0;2;1;13;1;
45986;202100029662;148 771;A01;2;7;0;2;3;9;1;
45987;202100029662;148 772;B01;1;7;0;2;2;1;1;
45988;202100029663;148 770;A01;2;33;0;0;8;2;1;
45989;202100029664;148 769;A01;2;33;0;0;7;1;1;
45990;202100029665;148 768;A01;1;7;0;0;0;17;1;
45991;202100029666;148 766;A01;1;7;0;2;1;1;1;
45992;202100029666;148 767;B01;2;7;0;0;5;1;1;
45993;202100029667;148 764;A01;2;31;0;2;1;1;1;
45994;202100029667;148 765;B01;1;7;0;2;3;9;1;
45995;202100029669;148 762;A01;1;7;13;0;2;1;6;
45996;202100029670;148 761;A01;2;7;2;0;0;14;1;
45997;202100029671;148 759;B01;1;33;0;2;6;3;1;
45998;202100029671;148 760;A01;1;7;0;2;2;12;1;
45999;202100029672;148 758;A01;2;1;0;1;1;1;5;
46000;202100029673;148 756;A01;2;7;0;2;0;1;1;
46001;202100029673;148 757;B01;1;7;0;9;1;1;1;
46002;202100029674;148 754;A01;1;7;0;2;1;13;1;
46003;202100029674;148 755;B01;2;32;0;2;1;1;1;
46004;202100029676;148 749;A01;2;7;3;0;2;1;1;
46005;202100029677;148 747;A01;3;7;0;2;3;1;1;
46006;202100029677;148 748;B01;3;7;0;2;8;1;1;
46007;202100029679;148 743;B01;0;33;0;2;1;1;1;
46008;202100029679;148 744;A01;0;7;0;2;1;5;1;
46009;202100029680;148 742;A01;1;7;2;0;2;1;1;
46010;202100029681;148 740;B01;2;7;0;0;0;11;1;
46011;202100029681;148 741;A01;1;1;0;0;7;21;5;
46012;202100029682;148 739;A01;3;36;2;0;1;13;1;
46013;202100029683;148 738;A01;1;7;2;0;2;1;1;
46014;202100029684;148 736;B01;1;7;3;2;2;1;1;
46015;202100029684;148 737;A01;2;7;13;2;3;1;1;
46016;202100029685;148 735;A01;3;31;0;0;1;1;1;
46017;202100029686;148 734;A01;2;2;15;6;1;1;1;
46018;202100029687;148 733;A01;1;7;2;0;7;1;1;
46019;202100029688;148 731;B01;2;7;0;2;7;11;1;
46020;202100029688;148 732;A01;2;14;0;2;8;13;6;
46021;202100029689;148 730;A01;1;7;2;0;8;1;1;
46022;202100029690;148 728;B01;1;7;3;0;4;0;1;
46023;202100029690;148 729;A01;1;10;0;2;1;0;1;
46024;202100029691;148 726;B01;1;1;0;2;3;2;5;
46025;202100029691;148 727;A01;1;7;0;2;2;2;1;
46026;202100029692;148 724;B01;2;7;0;2;2;1;1;
46027;202100029692;148 725;A01;1;7;0;2;3;15;1;
46028;202100029693;148 722;A01;1;7;3;2;4;0;1;
46029;202100029693;148 723;B01;1;10;0;2;1;0;1;
46030;202100029694;148 720;B01;1;1;0;9;0;13;5;
46031;202100029694;148 721;A01;1;33;0;9;5;21;1;
46032;202100029695;148 718;B01;2;7;0;2;1;1;1;
46033;202100029695;148 719;A01;1;31;0;2;1;5;0;
46034;202100029696;148 717;A01;1;7;13;0;1;14;1;
46035;202100029697;148 715;B01;2;7;0;2;1;2;1;
46036;202100029697;148 716;A01;2;7;3;0;1;2;1;
46037;202100029698;148 714;A01;2;7;13;0;1;1;1;
46038;202100029699;148 713;A01;2;7;0;1;2;0;1;
46039;202100029700;148 711;B01;2;7;0;2;1;1;1;
46040;202100029700;148 712;A01;1;43;0;2;2;19;1;
46041;202100029701;148 710;A01;2;7;2;0;1;1;1;
46042;202100029702;148 707;C01;1;33;0;2;8;26;1;
46043;202100029702;148 708;B01;1;33;0;2;7;2;1;
46044;202100029702;148 709;A01;2;7;0;2;8;5;1;
46045;202100029703;148 704;A01;1;7;3;0;6;1;1;
46046;202100029703;148 705;B01;1;7;0;2;1;17;1;
46047;202100029703;148 706;C01;1;7;0;2;4;1;1;
46048;202100029705;148 700;B01;2;7;0;2;3;1;1;
46049;202100029705;148 701;A01;1;33;0;2;1;13;1;
46050;202100029706;148 698;A01;2;50;0;2;1;1;3;
46051;202100029706;148 699;B01;1;10;0;0;7;20;1;
46052;202100029707;148 696;B01;1;80;0;2;4;15;3;
46053;202100029707;148 697;A01;1;7;0;2;2;17;1;
46054;202100029708;148 695;A01;1;7;2;0;0;17;1;
46055;202100029709;148 693;A01;2;7;0;2;3;15;1;
46056;202100029709;148 694;B01;1;34;0;2;2;1;1;
46057;202100029710;148 689;B01;1;33;0;2;1;17;1;
46058;202100029710;148 690;A01;1;7;0;2;8;15;1;
46059;202100029711;148 687;A01;1;7;0;2;3;13;1;
46060;202100029711;148 688;B01;2;33;0;2;1;1;1;
46061;202100029712;148 686;A01;3;7;0;9;6;1;0;
46062;202100029713;148 685;A01;1;7;13;0;1;5;1;
46063;202100029715;148 681;A01;3;7;0;2;7;19;1;
46064;202100029715;148 682;B01;3;7;0;2;1;1;1;
46065;202100029716;148 677;B01;1;7;0;0;5;1;1;
46066;202100029716;148 678;A01;1;7;0;2;3;11;1;
46067;202100029717;148 676;A01;3;43;0;0;0;1;1;
46068;202100029719;148 671;A01;1;7;0;2;4;2;1;
46069;202100029719;148 672;B01;1;33;0;2;1;2;1;
46070;202100029721;148 667;B01;0;14;0;2;8;1;1;
46071;202100029721;148 668;A01;2;33;0;2;7;3;1;
46072;202100029722;148 666;A01;2;7;3;0;3;1;1;
46073;202100029723;148 664;A01;1;31;0;2;1;1;1;
46074;202100029723;148 665;B01;1;7;0;2;4;0;1;
46075;202100029724;148 662;A01;2;7;0;2;1;2;1;
46076;202100029724;148 663;B01;2;14;0;2;4;2;1;
46077;202100029725;148 660;B01;2;10;0;2;4;1;1;
46078;202100029725;148 661;A01;2;7;0;2;1;14;1;
46079;202100029726;148 658;A01;1;7;0;2;8;12;1;
46080;202100029726;148 659;B01;1;33;0;2;8;0;0;
46081;202100029727;148 656;A01;1;7;0;2;7;12;1;
46082;202100029727;148 657;B01;1;33;0;2;0;1;1;
46083;202100029728;148 654;A01;1;7;0;2;1;1;1;
46084;202100029728;148 655;B01;1;7;0;2;4;1;1;
46085;202100029730;148 648;A01;2;7;0;2;4;9;1;
46086;202100029730;148 649;B01;2;7;0;2;4;1;1;
46087;202100029731;148 646;A01;2;7;0;2;7;12;1;
46088;202100029731;148 647;B01;2;31;0;2;8;1;1;
46089;202100029732;148 645;A01;1;7;0;2;8;13;1;
46090;202100029733;148 642;B01;2;43;0;2;1;1;1;
46091;202100029733;148 643;A01;1;2;0;2;1;1;1;
46092;202100029734;148 641;A01;1;34;0;1;1;1;1;
46093;202100029735;148 640;A01;2;7;0;1;1;1;1;
46094;202100029736;148 638;A01;3;7;0;2;2;16;1;
46095;202100029736;148 639;B01;3;32;0;2;8;1;1;
46096;202100029737;148 636;A01;1;33;0;9;1;3;1;
46097;202100029737;148 637;B01;1;2;0;9;8;15;1;
46098;202100029738;148 634;A01;3;1;0;2;7;19;0;
46099;202100029738;148 635;B01;2;7;0;2;3;1;1;
46100;202100029739;148 632;A01;1;7;4;2;4;2;1;
46101;202100029739;148 633;B01;1;7;4;2;1;2;1;
46102;202100029740;148 631;A01;1;7;0;1;4;26;1;
46103;202100029741;148 629;A01;2;33;0;2;1;17;1;
46104;202100029741;148 630;B01;2;7;0;2;8;15;1;
46105;202100029742;148 627;A01;2;7;4;2;9;1;1;
46106;202100029742;148 628;B01;2;7;0;2;2;0;1;
46107;202100029743;148 625;A01;1;7;0;2;8;13;1;
46108;202100029743;148 626;B01;1;14;0;2;7;1;1;
46109;202100029744;148 623;B01;1;10;0;2;4;2;1;
46110;202100029744;148 624;A01;1;33;0;2;1;2;1;
46111;202100029745;148 622;A01;2;10;0;1;3;1;1;
46112;202100029746;148 621;A01;1;31;15;0;1;1;1;
46113;202100029747;148 619;B01;3;1;0;2;3;1;5;
46114;202100029747;148 620;A01;1;10;0;2;2;1;1;
46115;202100029748;148 618;A01;2;7;0;2;1;26;1;
46116;202100029750;148 615;A01;2;7;0;1;1;1;1;
46117;202100029752;148 611;B01;3;1;0;2;1;1;5;
46118;202100029752;148 612;A01;3;7;0;2;5;20;3;
46119;202100029753;148 608;A01;2;33;2;0;1;1;1;
46120;202100029754;148 604;A01;3;31;6;0;1;0;0;
46121;202100029755;148 602;A01;0;7;0;2;1;1;1;
46122;202100029755;148 603;B01;0;33;0;2;1;1;1;
46123;202100029756;148 600;B01;1;7;0;2;3;20;1;
46124;202100029756;148 601;A01;1;7;1;0;1;14;1;
46125;202100029757;148 598;A01;1;7;0;2;2;15;1;
46126;202100029757;148 599;B01;2;2;0;2;8;0;1;
46127;202100029758;148 594;B01;1;33;0;2;1;1;1;
46128;202100029758;148 595;A01;1;7;0;2;8;15;0;
46129;202100029759;148 593;A01;1;7;7;0;1;1;1;
46130;202100029760;148 591;A01;1;7;0;2;1;1;1;
46131;202100029760;148 592;B01;2;7;0;2;7;15;1;
46132;202100029761;148 590;A01;2;7;0;1;2;1;1;
46133;202100029762;148 588;A01;1;7;0;2;6;1;1;
46134;202100029762;148 589;B01;1;7;0;2;0;17;1;
46135;202100029763;148 586;A01;2;7;0;2;1;19;1;
46136;202100029763;148 587;B01;2;10;0;2;7;1;0;
46137;202100029764;148 585;A01;2;40;0;1;2;1;0;
46138;202100029766;148 580;A01;1;7;0;2;7;12;1;
46139;202100029766;148 581;C01;1;7;0;2;8;1;1;
46140;202100029766;148 582;B01;1;33;0;2;8;3;1;
46141;202100029767;148 578;B01;1;7;0;2;3;1;1;
46142;202100029767;148 579;A01;2;7;0;2;2;19;1;
46143;202100029768;148 577;A01;1;30;12;0;0;1;1;
46144;202100029770;148 573;A01;2;7;0;2;8;19;1;
46145;202100029770;148 574;B01;2;10;0;2;1;1;1;
46146;202100029771;148 571;A01;1;2;0;2;1;17;1;
46147;202100029771;148 572;B01;1;7;0;2;1;1;1;
46148;202100029772;148 569;A01;1;30;0;2;0;0;0;
46149;202100029772;148 570;B01;1;7;0;2;0;0;1;
46150;202100029773;148 568;A01;3;30;0;0;0;1;1;
46151;202100029774;148 567;A01;1;7;0;1;1;1;1;
46152;202100029775;148 564;A01;1;7;0;2;1;1;1;
46153;202100029775;148 565;B01;3;1;0;2;0;1;5;
46154;202100029776;148 562;A01;1;7;0;2;1;9;1;
46155;202100029776;148 563;B01;2;37;0;2;3;1;1;2.0
46156;202100029777;148 561;A01;1;7;0;1;0;1;1;
46157;202100029778;148 559;A01;1;7;0;2;6;1;1;
46158;202100029778;148 560;B01;1;2;0;2;1;7;1;
46159;202100029779;148 558;A01;1;37;0;1;2;26;1;1.0
46160;202100029781;148 553;A01;0;7;0;1;3;15;1;
46161;202100029782;148 551;B01;0;2;0;2;3;16;1;
46162;202100029782;148 552;A01;0;7;0;2;2;12;0;
46163;202100029784;148 548;B01;0;30;0;2;1;26;1;
46164;202100029784;148 549;C01;3;0;0;2;0;1;-1;
46165;202100029785;148 547;A01;1;7;0;1;1;1;1;
46166;202100029786;148 546;A01;3;7;0;1;1;5;1;
46167;202100029787;148 544;B01;1;1;0;2;7;5;5;
46168;202100029787;148 545;A01;2;14;0;2;1;15;1;
46169;202100029788;148 543;A01;3;50;0;2;1;1;3;
46170;202100029789;148 541;A01;1;7;0;2;1;2;1;
46171;202100029789;148 542;B01;1;7;0;2;4;2;0;
46172;202100029791;148 538;A01;2;7;0;2;5;20;2;
46173;202100029791;148 539;B01;2;1;0;2;3;2;5;
46174;202100029792;148 537;A01;2;7;0;1;2;1;1;
46175;202100029794;148 534;A01;3;33;6;0;0;1;1;
46176;202100029795;148 532;B01;2;10;0;2;3;15;1;
46177;202100029795;148 533;A01;2;30;0;2;1;17;1;
46178;202100029796;148 530;B01;1;33;0;2;3;1;1;
46179;202100029796;148 531;A01;1;7;0;2;2;12;0;
46180;202100029797;148 528;B01;3;7;0;2;4;1;1;
46181;202100029797;148 529;A01;3;7;0;2;1;1;1;
46182;202100029798;148 527;A01;3;7;8;0;1;14;1;
46183;202100029799;148 525;A01;1;31;0;2;4;1;1;
46184;202100029799;148 526;B01;1;2;0;2;1;15;1;
46185;202100029800;148 523;A01;1;7;0;2;1;19;1;
46186;202100029800;148 524;B01;1;37;0;2;7;1;1;2.0
46187;202100029801;148 519;A01;1;33;0;2;2;26;1;
46188;202100029801;148 520;B01;1;7;0;2;1;15;1;
46189;202100029802;148 517;A01;1;30;0;2;2;17;1;
46190;202100029802;148 518;B01;1;7;0;2;3;13;1;
46191;202100029803;148 514;B01;3;33;0;2;1;1;1;
46192;202100029803;148 515;A01;3;7;0;2;7;15;1;
46193;202100029803;148 516;C01;3;7;0;2;3;1;1;
46194;202100029804;148 513;A01;3;7;13;0;1;14;1;
46195;202100029805;148 511;A01;1;33;0;2;1;17;1;
46196;202100029805;148 512;B01;1;7;0;2;3;15;1;
46197;202100029806;148 510;A01;2;32;1;0;7;1;1;
46198;202100029807;148 508;A01;3;7;0;2;2;15;1;
46199;202100029807;148 509;B01;3;7;0;2;1;15;1;
46200;202100029808;148 506;A01;1;7;0;2;3;1;1;
46201;202100029808;148 507;B01;1;7;0;2;0;0;1;
46202;202100029809;148 504;A01;1;13;0;2;3;2;1;
46203;202100029809;148 505;B01;1;7;0;2;3;15;1;
46204;202100029810;148 503;A01;2;7;0;1;2;2;0;
46205;202100029811;148 501;B01;2;2;0;2;1;1;1;
46206;202100029811;148 502;A01;1;7;0;2;3;19;1;
46207;202100029812;148 499;B01;3;7;0;2;6;1;1;
46208;202100029812;148 500;A01;3;10;0;2;3;15;1;
46209;202100029813;148 498;A01;2;33;8;0;1;1;1;
46210;202100029814;148 497;A01;3;7;0;0;1;14;1;
46211;202100029815;148 495;B01;2;7;0;2;5;15;1;
46212;202100029815;148 496;A01;1;32;0;2;1;1;1;
46213;202100029816;148 493;B01;1;7;0;2;5;23;1;
46214;202100029816;148 494;A01;1;43;0;2;1;3;1;
46215;202100029817;148 490;A01;1;43;0;2;2;3;1;
46216;202100029817;148 491;B01;1;7;0;2;8;23;1;
46217;202100029817;148 492;C01;1;10;0;2;6;23;1;
46218;202100029818;148 488;A01;1;1;0;2;1;2;5;
46219;202100029818;148 489;B01;1;1;0;2;4;2;5;
46220;202100029819;148 487;A01;1;7;0;1;1;1;1;
46221;202100029820;148 485;A01;1;32;0;2;3;13;1;
46222;202100029820;148 486;B01;1;14;0;2;2;1;1;
46223;202100029821;148 483;A01;1;33;0;2;3;21;1;
46224;202100029821;148 484;B01;1;7;0;2;5;16;1;
46225;202100029822;148 481;A01;2;10;0;2;3;2;1;
46226;202100029822;148 482;B01;2;7;0;2;5;20;1;
46227;202100029823;148 479;A01;1;1;0;2;1;1;5;
46228;202100029823;148 480;B01;2;7;0;2;8;1;1;
46229;202100029824;148 478;A01;3;30;0;1;1;1;1;
46230;202100029825;148 476;A01;2;1;0;2;1;1;5;
46231;202100029825;148 477;B01;2;33;0;2;1;1;1;
46232;202100029826;148 474;A01;2;7;0;2;2;15;1;
46233;202100029826;148 475;B01;1;7;0;2;3;1;1;
46234;202100029827;148 472;A01;1;30;0;2;1;18;1;
46235;202100029827;148 473;B01;2;43;0;2;2;1;1;
46236;202100029828;148 471;A01;1;33;0;1;3;1;1;
46237;202100029829;148 470;A01;2;30;0;0;0;1;1;
46238;202100029830;148 468;A01;3;50;0;2;3;19;3;
46239;202100029830;148 469;B01;2;7;0;2;3;16;2;
46240;202100029831;148 467;A01;3;14;9;1;2;1;1;
46241;202100029832;148 465;A01;2;1;0;2;1;5;5;
46242;202100029832;148 466;B01;0;7;0;2;1;1;2;
46243;202100029833;148 464;A01;2;1;0;1;1;1;5;
46244;202100029834;148 462;B01;2;1;0;2;1;1;5;
46245;202100029834;148 463;A01;2;7;0;2;8;22;1;
46246;202100029835;148 461;A01;3;1;14;0;2;14;5;
46247;202100029836;148 460;A01;2;32;13;0;4;2;1;
46248;202100029837;148 458;A01;1;7;0;2;1;15;1;
46249;202100029837;148 459;B01;2;34;0;2;1;15;1;
46250;202100029838;148 456;Z01;2;7;0;2;1;2;1;
46251;202100029838;148 457;A01;2;7;0;2;2;2;1;
46252;202100029839;148 454;B01;1;7;0;2;4;1;1;
46253;202100029839;148 455;A01;1;30;0;2;1;2;1;
46254;202100029841;148 451;B01;2;7;0;2;3;1;1;
46255;202100029841;148 452;A01;2;7;0;2;3;13;1;
46256;202100029842;148 447;D01;1;7;0;2;5;23;1;
46257;202100029842;148 448;C01;1;7;0;2;4;2;1;
46258;202100029842;148 449;B01;1;30;0;2;0;0;1;
46259;202100029842;148 450;A01;1;7;0;2;0;0;1;
46260;202100029843;148 445;A01;1;7;0;2;2;19;1;
46261;202100029843;148 446;B01;1;37;0;2;3;1;1;1.0
46262;202100029844;148 444;B01;1;7;0;2;1;2;1;
46263;202100029845;148 442;B01;3;30;0;2;1;19;1;
46264;202100029845;148 443;A01;3;7;0;2;1;19;1;
46265;202100029846;148 441;A01;3;10;0;1;2;1;1;
46266;202100029847;148 440;A01;0;34;0;1;1;9;1;
46267;202100029848;148 439;A01;1;99;0;1;1;19;0;
46268;202100029849;148 438;A01;1;7;0;1;1;9;1;
46269;202100029850;148 436;B01;2;7;0;2;2;1;1;
46270;202100029850;148 437;A01;2;7;8;0;3;9;1;
46271;202100029851;148 435;A01;0;10;0;1;4;20;1;
46272;202100029852;148 433;A01;3;7;12;2;1;1;0;
46273;202100029852;148 434;B01;3;7;5;2;4;1;0;
46274;202100029853;148 432;A01;1;10;0;1;4;20;1;
46275;202100029854;148 430;B01;2;80;0;2;8;1;3;
46276;202100029854;148 431;A01;2;7;0;2;7;16;1;
46277;202100029855;148 428;B01;1;33;0;2;1;1;1;
46278;202100029855;148 429;A01;1;10;0;2;6;10;1;
46279;202100029856;148 426;A01;1;1;0;2;0;0;5;
46280;202100029856;148 427;B01;1;1;0;2;0;0;5;
46281;202100029857;148 424;A01;2;7;0;2;2;15;1;
46282;202100029857;148 425;B01;1;2;0;2;1;1;1;
46283;202100029858;148 422;B01;1;32;0;2;7;1;3;
46284;202100029858;148 423;A01;0;3;0;2;1;9;6;
46285;202100029859;148 420;A01;2;30;0;2;4;2;1;
46286;202100029859;148 421;Z01;2;30;0;2;0;0;0;
46287;202100029860;148 418;B01;1;7;0;2;4;26;2;
46288;202100029860;148 419;A01;1;7;0;2;1;26;1;
46289;202100029861;148 416;A01;2;30;0;2;1;1;1;
46290;202100029861;148 417;B01;2;7;0;2;6;15;1;
46291;202100029863;148 412;A01;0;7;0;2;8;24;1;
46292;202100029863;148 413;B01;0;1;1;0;0;0;0;
46293;202100029864;148 410;A01;2;7;0;2;1;1;1;
46294;202100029864;148 411;B01;2;33;0;0;4;2;1;
46295;202100029865;148 408;B01;2;33;0;2;7;1;1;
46296;202100029865;148 409;A01;2;7;0;2;3;9;1;
46297;202100029866;148 405;A01;1;7;2;0;1;1;1;
46298;202100029867;148 404;A01;2;33;0;0;0;0;1;
46299;202100029868;148 402;A01;1;7;0;2;3;9;1;
46300;202100029868;148 403;B01;2;80;0;2;7;26;3;
46301;202100029869;148 401;A01;2;33;6;0;2;15;1;
46302;202100029870;148 400;A01;1;7;0;1;2;1;1;
46303;202100029871;148 398;A01;1;32;0;2;9;17;1;
46304;202100029871;148 399;B01;1;10;0;0;3;15;1;
46305;202100029873;148 395;A01;1;33;13;9;0;1;1;
46306;202100029874;148 393;A01;1;7;0;2;3;15;1;
46307;202100029874;148 394;B01;1;31;0;2;2;17;1;
46308;202100029875;148 392;A01;1;33;16;0;8;1;1;
46309;202100029876;148 390;B01;2;7;0;2;3;13;1;
46310;202100029876;148 391;A01;1;7;2;2;3;1;1;
46311;202100029878;148 387;A01;1;7;0;1;4;4;1;
46312;202100029879;148 386;A01;3;7;0;1;2;1;1;
46313;202100029880;148 384;B01;1;7;0;2;1;1;1;
46314;202100029880;148 385;A01;1;7;0;2;8;19;1;
46315;202100029881;148 383;A01;1;7;2;0;9;1;1;
46316;202100029882;148 382;A01;2;10;2;0;1;0;1;
46317;202100029883;148 380;B01;2;14;0;2;3;1;1;
46318;202100029883;148 381;A01;0;7;0;2;7;19;1;
46319;202100029884;148 379;A01;1;7;2;0;1;1;1;
46320;202100029885;148 377;B01;3;32;0;2;7;1;1;
46321;202100029885;148 378;A01;3;7;0;2;3;1;1;
46322;202100029886;148 376;A01;1;34;15;0;1;1;1;
46323;202100029887;148 374;A01;1;7;0;0;5;15;1;
46324;202100029887;148 375;B01;2;2;0;0;1;1;1;
46325;202100029888;148 372;B01;1;7;0;0;5;1;1;
46326;202100029888;148 373;A01;1;2;0;2;1;9;1;
46327;202100029890;148 370;A01;2;2;0;0;3;1;1;
46328;202100029891;148 368;A01;1;7;0;2;3;1;1;
46329;202100029891;148 369;B01;2;7;0;2;3;13;1;
46330;202100029892;148 367;A01;1;17;0;0;7;2;1;
46331;202100029893;148 365;A01;1;10;0;2;2;19;0;
46332;202100029893;148 366;B01;1;7;13;2;8;1;1;
46333;202100029894;148 364;A01;1;7;2;0;1;1;1;
46334;202100029895;148 363;A01;1;7;4;0;3;9;1;
46335;202100029896;148 362;A01;1;7;3;0;3;14;1;
46336;202100029897;148 360;A01;1;31;0;2;1;1;1;
46337;202100029897;148 361;B01;1;7;0;2;3;9;1;
46338;202100029898;148 359;A01;1;2;12;0;1;1;6;
46339;202100029899;148 357;B01;1;14;6;2;3;1;1;
46340;202100029899;148 358;A01;2;7;0;2;1;1;1;
46341;202100029900;148 355;A01;1;10;0;0;1;2;1;
46342;202100029900;148 356;B01;1;15;0;0;4;2;1;
46343;202100029902;148 352;B01;2;7;0;0;8;1;1;
46344;202100029902;148 353;A01;2;34;0;2;1;2;1;
46345;202100029903;148 351;A01;1;7;0;1;2;1;1;
46346;202100029904;148 349;A01;1;10;0;2;3;15;1;
46347;202100029904;148 350;B01;2;31;0;2;1;1;1;
46348;202100029905;148 347;B01;2;7;0;2;3;1;1;
46349;202100029905;148 348;A01;1;7;0;2;1;13;1;
46350;202100029906;148 346;A01;1;33;7;0;1;13;1;
46351;202100029907;148 345;A01;2;7;12;0;1;1;1;
46352;202100029908;148 343;B01;2;80;0;2;8;15;3;
46353;202100029908;148 344;A01;2;7;0;2;1;1;2;
46354;202100029910;148 341;A01;3;31;3;0;7;17;1;
46355;202100029911;148 340;A01;1;33;6;0;2;1;1;
46356;202100029912;148 338;A01;1;33;0;2;2;17;1;
46357;202100029912;148 339;B01;1;7;0;2;2;1;1;
46358;202100029915;148 333;A01;3;31;3;0;1;1;1;
46359;202100029917;148 330;A01;2;7;13;0;2;1;1;
46360;202100029919;148 327;A01;3;7;6;0;2;15;1;
46361;202100029920;148 325;B01;1;1;0;2;2;1;5;
46362;202100029920;148 326;A01;1;7;0;9;3;9;1;
46363;202100029921;148 324;A01;1;7;13;0;3;1;1;
46364;202100029922;148 319;B01;1;7;0;2;8;23;1;
46365;202100029922;148 320;A01;1;17;1;2;1;1;1;
46366;202100029923;148 317;A01;2;7;0;2;4;1;1;
46367;202100029923;148 318;B01;2;7;0;2;1;1;1;
46368;202100029925;148 311;A01;2;7;0;2;8;11;1;
46369;202100029925;148 312;B01;2;34;0;2;7;1;1;
46370;202100029926;148 310;A01;1;7;0;2;1;14;1;
46371;202100029927;148 306;A01;2;15;0;2;1;2;1;
46372;202100029927;148 307;B01;2;7;0;2;4;2;1;
46373;202100029928;148 304;B01;2;7;0;2;1;2;1;
46374;202100029928;148 305;A01;2;14;0;2;2;12;1;
46375;202100029929;148 303;B01;1;14;0;1;1;2;0;
46376;202100029930;148 301;B01;2;7;0;2;4;2;1;
46377;202100029930;148 302;A01;2;7;0;2;1;2;1;
46378;202100029933;148 294;A01;1;7;1;0;2;21;1;
46379;202100029933;148 295;C01;1;7;0;2;2;1;1;
46380;202100029935;148 290;B01;2;31;0;2;1;2;1;
46381;202100029935;148 291;A01;2;33;0;0;4;2;1;
46382;202100029936;148 289;A01;1;7;0;2;2;9;1;
46383;202100029937;148 288;A01;2;30;0;1;1;1;1;
46384;202100029938;148 286;Z01;1;7;0;2;7;2;0;
46385;202100029938;148 287;B01;1;30;0;2;8;2;1;
46386;202100029939;148 284;B01;1;10;0;2;1;1;1;
46387;202100029939;148 285;A01;2;14;1;2;7;1;1;
46388;202100029940;148 283;A01;2;7;0;1;2;1;1;
46389;202100029941;148 281;B01;3;7;1;2;4;24;1;
46390;202100029941;148 282;A01;3;7;0;2;1;20;1;
46391;202100029942;148 279;A01;1;1;0;2;8;13;5;
46392;202100029942;148 280;B01;1;33;0;2;1;1;1;
46393;202100029943;148 278;A01;1;99;0;1;1;0;0;
46394;202100029946;148 274;A01;3;7;8;0;1;1;1;
46395;202100029947;148 272;B01;2;7;12;0;4;0;1;
46396;202100029947;148 273;A01;2;99;0;2;1;26;6;
46397;202100029948;148 271;A01;3;21;0;0;7;26;1;
46398;202100029949;148 268;A01;1;7;0;0;3;13;1;
46399;202100029949;148 269;C01;2;33;0;2;9;1;1;
46400;202100029949;148 270;B01;2;33;0;2;1;1;1;
46401;202100029951;148 265;A01;2;7;4;0;9;1;1;
46402;202100029952;148 263;A01;2;30;0;2;7;17;1;
46403;202100029952;148 264;B01;2;7;0;2;3;15;1;
46404;202100029953;148 261;A01;2;7;0;2;2;15;1;
46405;202100029953;148 262;B01;1;33;0;2;1;1;1;
46406;202100029954;148 259;B01;1;7;0;2;1;1;1;
46407;202100029954;148 260;A01;3;30;0;2;1;13;1;
46408;202100029955;148 257;B01;2;7;0;2;5;23;1;
46409;202100029955;148 258;A01;2;7;0;2;1;16;1;
46410;202100029956;148 255;A01;1;7;0;2;1;1;1;
46411;202100029956;148 256;B01;1;7;0;2;8;1;1;
46412;202100029957;148 253;B01;2;7;0;2;6;15;0;
46413;202100029957;148 254;A01;2;30;0;2;1;2;1;
46414;202100029958;148 248;A01;3;7;0;2;3;9;1;
46415;202100029958;148 249;B01;3;1;0;2;1;1;5;
46416;202100029959;148 245;A01;1;7;0;2;1;1;1;
46417;202100029959;148 246;C01;1;7;0;2;4;1;1;
46418;202100029959;148 247;B01;1;7;0;2;4;1;1;
46419;202100029960;148 244;A01;1;7;0;1;1;1;1;
46420;202100029961;148 242;A01;1;10;0;2;1;2;1;
46421;202100029961;148 243;B01;1;7;0;2;4;2;1;
46422;202100029962;148 240;B01;1;33;0;2;2;1;1;
46423;202100029962;148 241;A01;1;7;0;2;6;11;1;
46424;202100029963;148 239;A01;1;7;1;0;2;1;1;
46425;202100029964;148 237;A01;0;13;0;2;0;0;0;
46426;202100029964;148 238;B01;3;7;0;2;1;0;1;
46427;202100029965;148 234;A01;1;7;0;2;1;12;1;
46428;202100029965;148 235;B01;1;7;0;2;4;23;1;
46429;202100029965;148 236;C01;1;10;0;2;5;23;1;
46430;202100029966;148 233;A01;1;1;0;1;1;0;5;
46431;202100029967;148 232;A01;1;7;0;1;1;1;1;
46432;202100029968;148 230;A01;2;7;0;2;3;15;1;
46433;202100029968;148 231;B01;1;1;0;2;8;1;5;
46434;202100029969;148 229;A01;1;7;9;0;3;26;1;
46435;202100029970;148 227;B01;1;1;0;2;7;1;5;
46436;202100029970;148 228;A01;0;7;0;2;1;26;0;
46437;202100029971;148 225;B01;2;7;0;2;8;23;1;
46438;202100029971;148 226;A01;2;7;0;2;2;2;1;
46439;202100029972;148 223;B01;1;1;0;2;8;9;6;