;Num_Acc;id_vehicule;num_veh;senc;catv;obs;obsm;choc;manv;motor;occutc
46440;202100029972;148 224;A01;1;33;0;9;1;1;1;
46441;202100029973;148 221;A01;2;7;8;2;1;1;1;
46442;202100029973;148 222;B01;2;7;0;2;2;1;2;
46443;202100029974;148 219;B01;3;7;0;2;3;1;1;
46444;202100029974;148 220;C01;1;7;0;2;1;1;-1;
46445;202100029975;148 217;B01;0;50;0;9;3;5;3;
46446;202100029975;148 218;A01;3;7;0;9;3;15;1;
46447;202100029976;148 214;A01;2;7;0;2;1;0;1;
46448;202100029976;148 215;B01;1;7;0;2;1;0;1;
46449;202100029977;148 212;B01;2;7;0;2;1;1;1;
46450;202100029977;148 213;A01;1;7;0;2;1;13;1;
46451;202100029978;148 210;A01;1;50;0;2;8;1;3;
46452;202100029978;148 211;B01;1;7;0;9;8;1;1;
46453;202100029979;148 207;A01;3;30;0;0;1;14;3;
46454;202100029980;148 206;A01;1;7;0;1;1;1;1;
46455;202100029981;148 205;A01;3;7;2;0;9;1;1;
46456;202100029983;148 201;A01;2;30;0;2;1;1;1;
46457;202100029983;148 202;B01;2;7;0;2;4;1;3;
46458;202100029984;148 200;A01;1;7;6;0;1;1;1;
46459;202100029985;148 198;B01;1;7;0;2;6;1;1;
46460;202100029985;148 199;A01;1;7;3;2;2;21;1;
46461;202100029986;148 196;A01;1;30;0;2;1;2;1;
46462;202100029986;148 197;B01;1;7;0;2;4;23;1;
46463;202100029987;148 194;B01;1;1;0;2;4;1;5;
46464;202100029987;148 195;A01;1;7;0;2;1;1;1;
46465;202100029988;148 192;A01;1;7;0;2;2;10;1;
46466;202100029988;148 193;B01;2;31;1;2;1;1;1;
46467;202100029989;148 189;B01;2;7;0;2;1;15;1;
46468;202100029989;148 190;A01;2;7;0;2;1;1;1;
46469;202100029989;148 191;C01;1;7;0;2;4;24;1;
46470;202100029990;148 188;A01;1;33;4;0;8;0;1;
46471;202100029991;148 186;A01;1;7;0;2;1;2;1;
46472;202100029991;148 187;B01;1;7;0;2;4;2;1;
46473;202100029992;148 184;A01;2;7;0;2;2;15;1;
46474;202100029992;148 185;B01;1;7;0;2;3;1;1;
46475;202100029993;148 182;A01;1;33;0;2;1;2;1;
46476;202100029993;148 183;B01;1;7;0;2;4;1;1;
46477;202100029994;148 180;B01;2;7;0;2;3;1;1;
46478;202100029994;148 181;A01;1;30;0;2;3;17;1;
46479;202100029995;148 178;A01;1;7;0;2;3;11;1;
46480;202100029995;148 179;B01;1;33;0;2;1;1;1;
46481;202100029996;148 176;A01;2;7;0;2;3;15;1;
46482;202100029996;148 177;B01;1;32;0;2;1;1;1;
46483;202100029997;148 175;A01;1;7;12;0;1;0;1;
46484;202100029998;148 173;A01;1;7;0;2;3;1;1;
46485;202100029998;148 174;B01;1;33;0;2;1;1;1;
46486;202100029999;148 171;A01;2;31;0;2;1;2;1;
46487;202100029999;148 172;B01;2;7;0;2;6;15;1;
46488;202100030000;148 169;B01;2;7;0;2;4;0;1;
46489;202100030000;148 170;A01;1;7;0;2;1;23;1;
46490;202100030001;148 167;B01;2;7;0;2;2;1;1;
46491;202100030001;148 168;A01;1;1;0;2;1;19;5;
46492;202100030002;148 166;A01;1;33;3;0;9;17;1;
46493;202100030003;148 164;A01;2;32;0;2;1;11;1;
46494;202100030003;148 165;B01;2;7;0;2;3;1;1;
46495;202100030004;148 163;A01;2;7;0;1;1;1;1;
46496;202100030005;148 160;C01;1;7;0;2;4;23;1;
46497;202100030005;148 161;B01;1;7;0;2;4;23;1;
46498;202100030005;148 162;A01;1;7;0;2;1;2;1;
46499;202100030006;148 158;B01;1;7;0;2;5;1;1;
46500;202100030006;148 159;A01;1;43;0;2;3;3;1;
46501;202100030007;148 156;Z01;1;7;0;2;6;22;1;
46502;202100030007;148 157;A01;1;1;0;2;1;18;5;
46503;202100030008;148 154;A01;2;1;0;2;1;13;5;
46504;202100030008;148 155;B01;1;50;0;2;1;1;3;
46505;202100030009;148 152;B01;2;1;0;2;2;1;5;
46506;202100030009;148 153;A01;2;7;0;2;3;22;1;
46507;202100030011;148 148;B01;2;2;0;2;1;1;1;
46508;202100030011;148 149;A01;1;7;0;2;7;15;1;
46509;202100030012;148 146;A01;3;15;0;2;6;9;1;
46510;202100030012;148 147;B01;3;33;0;2;7;9;1;
46511;202100030013;148 144;A01;3;43;0;2;8;1;1;
46512;202100030013;148 145;Z01;3;7;0;2;8;1;0;
46513;202100030014;148 142;B01;1;7;0;2;3;17;1;
46514;202100030014;148 143;A01;1;2;0;2;1;5;1;
46515;202100030015;148 140;B01;1;1;0;2;3;1;5;
46516;202100030015;148 141;A01;1;10;0;2;2;12;1;
46517;202100030016;148 138;B01;2;1;0;2;2;1;5;
46518;202100030016;148 139;A01;2;10;0;2;3;22;1;
46519;202100030017;148 136;A01;2;7;0;2;2;16;1;
46520;202100030017;148 137;B01;1;1;0;2;1;1;5;
46521;202100030018;148 134;A01;1;10;0;2;7;16;1;
46522;202100030018;148 135;B01;1;1;0;2;8;1;5;
46523;202100030019;148 132;B01;2;1;0;2;1;1;5;
46524;202100030019;148 133;A01;2;10;0;2;8;22;1;
46525;202100030020;148 130;A01;1;1;0;2;8;19;5;
46526;202100030020;148 131;B01;1;7;0;2;1;1;3;
46527;202100030021;148 128;A01;1;7;0;2;2;16;1;
46528;202100030021;148 129;B01;2;1;0;2;1;1;5;
46529;202100030022;148 126;A01;1;7;0;2;4;23;1;
46530;202100030022;148 127;B01;1;30;0;2;1;18;1;
46531;202100030023;148 123;A01;3;10;0;2;2;1;1;
46532;202100030023;148 124;C01;3;7;0;2;2;2;2;
46533;202100030023;148 125;B01;3;7;0;2;3;1;1;
46534;202100030024;148 121;B01;1;7;0;2;2;15;1;
46535;202100030024;148 122;A01;1;1;0;2;3;1;5;
46536;202100030025;148 120;A01;1;32;0;1;1;17;1;
46537;202100030026;148 119;A01;1;30;0;2;8;1;1;
46538;202100030027;148 117;B01;1;80;0;2;3;1;3;
46539;202100030027;148 118;A01;2;32;0;2;1;15;1;
46540;202100030028;148 115;A01;2;32;0;2;1;15;1;
46541;202100030028;148 116;B01;1;30;0;2;3;1;1;
46542;202100030029;148 113;A01;1;1;0;2;7;15;5;
46543;202100030029;148 114;B01;2;50;0;2;1;1;3;
46544;202100030030;148 111;B01;3;33;0;2;3;1;1;
46545;202100030030;148 112;A01;3;50;0;2;3;15;3;
46546;202100030031;148 110;A01;1;13;0;1;0;1;1;
46547;202100030032;148 108;Y01;2;50;1;0;1;17;3;
46548;202100030032;148 109;A01;2;7;1;0;3;22;1;
46549;202100030034;148 105;A01;2;7;0;2;1;22;1;
46550;202100030034;148 106;B01;2;1;1;0;0;0;5;
46551;202100030035;148 100;E01;2;7;0;2;0;0;1;
46552;202100030035;148 101;D01;2;7;0;2;1;1;1;
46553;202100030035;148 102;C01;2;7;0;2;1;1;1;
46554;202100030035;148 103;B01;2;7;0;2;4;1;1;
46555;202100030035;148 104;A01;2;7;0;2;1;2;1;
46556;202100030036;148 098;B01;1;7;0;2;1;9;1;
46557;202100030036;148 099;A01;2;7;0;2;7;9;2;
46558;202100030037;148 096;A01;2;7;1;0;6;9;1;
46559;202100030037;148 097;B01;2;7;1;0;6;24;1;
46560;202100030038;148 094;A01;2;10;0;2;2;1;1;
46561;202100030038;148 095;B01;1;7;0;2;2;9;1;
46562;202100030039;148 092;B01;1;7;0;2;4;26;1;
46563;202100030039;148 093;A01;1;7;0;2;1;26;1;
46564;202100030040;148 090;A01;3;7;0;2;4;2;1;
46565;202100030040;148 091;B01;3;14;0;2;1;2;1;
46566;202100030041;148 088;A01;0;7;0;2;7;19;2;
46567;202100030041;148 089;B01;0;7;0;2;1;1;2;
46568;202100030042;148 086;B01;-1;32;0;2;3;1;1;
46569;202100030042;148 087;A01;-1;7;0;2;7;14;1;
46570;202100030043;148 084;B01;0;0;0;2;0;0;0;
46571;202100030043;148 085;A01;0;7;0;2;3;19;1;
46572;202100030044;148 081;A01;1;7;0;2;1;2;1;
46573;202100030044;148 082;C01;1;7;0;2;4;0;1;
46574;202100030044;148 083;B01;1;7;0;2;4;0;1;
46575;202100030045;148 079;A01;1;7;0;2;3;11;1;
46576;202100030045;148 080;B01;1;34;0;2;1;2;1;
46577;202100030046;148 077;A01;2;30;0;2;2;17;1;
46578;202100030046;148 078;B01;2;7;0;2;3;1;1;
46579;202100030047;148 075;B01;3;32;0;2;1;1;1;
46580;202100030047;148 076;A01;3;7;0;2;2;16;1;
46581;202100030048;148 073;A01;1;7;0;2;2;15;1;
46582;202100030048;148 074;B01;1;43;0;2;0;1;1;
46583;202100030049;148 071;A01;2;33;0;2;1;2;1;
46584;202100030049;148 072;B01;0;7;0;2;2;15;1;
46585;202100030050;148 069;B01;2;7;0;2;4;1;1;
46586;202100030050;148 070;A01;2;10;0;2;1;2;1;
46587;202100030051;148 067;A01;1;2;0;2;2;1;1;
46588;202100030051;148 068;B01;2;7;0;2;3;1;1;
46589;202100030052;148 065;B01;1;7;0;2;2;16;1;
46590;202100030052;148 066;A01;1;32;0;2;1;18;1;
46591;202100030053;148 064;A01;1;32;14;0;2;1;1;
46592;202100030054;148 063;A01;1;10;8;0;2;1;1;
46593;202100030055;148 061;B01;2;7;0;2;1;0;1;
46594;202100030055;148 062;A01;1;7;0;2;1;13;1;
46595;202100030056;148 058;C01;1;1;0;2;8;1;5;
46596;202100030056;148 059;B01;1;1;0;2;8;1;5;
46597;202100030056;148 060;A01;2;7;0;9;1;13;1;
46598;202100030057;148 056;B01;1;7;0;2;3;1;1;
46599;202100030057;148 057;A01;2;2;0;2;1;1;1;
46600;202100030058;148 055;A01;2;10;4;0;3;2;1;
46601;202100030059;148 054;A01;1;34;4;0;7;16;1;
46602;202100030060;148 052;A01;1;33;0;2;1;17;1;
46603;202100030060;148 053;B01;1;10;0;2;3;1;1;
46604;202100030061;148 051;A01;1;7;3;9;0;1;1;
46605;202100030062;148 049;A01;1;1;0;5;1;0;5;
46606;202100030063;148 047;A01;2;7;0;0;4;1;1;
46607;202100030063;148 048;B01;2;7;0;2;1;2;1;
46608;202100030064;148 045;A01;1;7;0;0;4;1;1;
46609;202100030064;148 046;B01;1;33;0;2;1;1;1;
46610;202100030065;148 043;A01;3;10;0;2;7;17;1;
46611;202100030065;148 044;B01;3;1;0;2;8;1;5;
46612;202100030066;148 042;A01;2;2;0;0;0;14;1;
46613;202100030067;148 040;B01;1;13;0;0;0;15;1;
46614;202100030067;148 041;A01;2;7;8;0;1;26;6;
46615;202100030071;148 033;B01;1;17;0;2;1;2;1;
46616;202100030071;148 034;A01;1;7;0;0;4;2;1;
46617;202100030073;148 030;B01;2;7;0;2;1;1;1;
46618;202100030073;148 031;A01;1;15;0;2;3;15;1;
46619;202100030074;148 029;A01;1;33;0;1;1;1;1;
46620;202100030075;148 027;A01;3;7;0;2;3;1;1;
46621;202100030075;148 028;B01;3;30;0;2;1;1;1;
46622;202100030076;148 025;A01;2;2;0;2;2;17;1;
46623;202100030076;148 026;B01;2;7;0;2;6;13;1;
46624;202100030077;148 023;A01;1;7;0;2;8;9;1;
46625;202100030077;148 024;B01;1;33;0;2;7;1;1;
46626;202100030078;148 021;B01;2;1;0;2;4;1;5;
46627;202100030078;148 022;A01;2;7;0;2;1;17;0;
46628;202100030079;148 018;A01;1;7;0;9;3;1;0;
46629;202100030079;148 019;B01;2;1;0;2;3;1;5;
46630;202100030079;148 020;C01;2;1;0;9;1;1;5;
46631;202100030080;148 016;B01;1;2;0;2;1;1;1;
46632;202100030080;148 017;A01;2;10;0;2;2;15;1;
46633;202100030082;148 012;B01;3;7;0;2;3;1;1;
46634;202100030082;148 013;A01;3;7;6;2;8;19;1;
46635;202100030083;148 011;A01;2;7;8;0;1;1;1;
46636;202100030084;148 008;C01;1;7;0;2;1;1;1;
46637;202100030084;148 009;B01;2;7;13;2;1;1;1;
46638;202100030084;148 010;A01;1;7;4;2;1;1;1;
46639;202100030085;148 003;A01;2;33;6;0;2;0;1;
46640;202100030086;148 001;B01;2;33;0;2;7;1;1;
46641;202100030086;148 002;A01;2;10;0;2;3;19;1;
46642;202100030087;147 999;B01;0;1;0;2;1;0;5;
46643;202100030087;148 000;A01;3;7;0;9;1;15;1;
46644;202100030089;147 996;A01;2;10;16;2;6;1;1;
46645;202100030089;147 997;B01;2;7;13;2;2;17;1;
46646;202100030090;147 994;B01;2;1;0;0;8;1;5;
46647;202100030090;147 995;A01;1;10;0;9;1;15;1;
46648;202100030091;147 992;A01;2;33;0;2;2;1;1;
46649;202100030091;147 993;B01;1;10;4;2;2;1;1;
46650;202100030092;147 991;A01;1;7;2;0;1;1;1;
46651;202100030093;147 988;C01;1;14;0;2;6;1;1;
46652;202100030093;147 989;B01;1;7;0;2;5;1;1;
46653;202100030093;147 990;A01;1;7;4;2;8;11;1;
46654;202100030094;147 986;B01;1;33;0;0;0;2;1;
46655;202100030094;147 987;A01;1;7;0;2;0;0;0;
46656;202100030095;147 985;A01;3;7;13;0;3;26;1;
46657;202100030096;147 983;A01;3;7;0;2;1;1;1;
46658;202100030096;147 984;B01;0;2;0;0;7;1;1;
46659;202100030097;147 980;C01;1;7;0;2;1;0;1;
46660;202100030097;147 981;B01;1;7;0;2;3;0;1;
46661;202100030097;147 982;A01;2;7;0;2;3;5;1;
46662;202100030098;147 979;A01;2;33;4;0;8;1;1;
46663;202100030099;147 977;B01;1;7;0;0;6;1;1;
46664;202100030099;147 978;A01;1;7;4;2;2;17;1;
46665;202100030100;147 976;A01;2;31;16;0;9;21;1;
46666;202100030101;147 972;A01;1;7;0;2;3;17;1;
46667;202100030101;147 973;B01;2;7;0;2;3;1;1;
46668;202100030101;147 974;C01;1;10;0;2;8;1;1;
46669;202100030101;147 975;D01;2;7;0;2;1;23;1;
46670;202100030102;147 971;A01;2;7;0;1;2;1;1;
46671;202100030103;147 969;A01;3;1;0;2;7;12;5;
46672;202100030103;147 970;B01;3;7;0;2;3;0;1;
46673;202100030104;147 968;A01;2;7;13;0;2;0;1;
46674;202100030105;147 967;A01;3;2;0;0;0;0;1;
46675;202100030106;147 966;A01;2;7;13;0;3;0;1;
46676;202100030109;147 958;A01;1;7;0;2;1;2;1;
46677;202100030109;147 959;B01;1;7;0;2;4;2;1;
46678;202100030109;147 960;C01;1;7;0;2;4;2;1;
46679;202100030109;147 961;D01;2;7;0;2;3;1;2;
46680;202100030110;147 956;A01;1;7;0;2;1;13;1;
46681;202100030110;147 957;B01;2;7;0;2;8;1;1;
46682;202100030111;147 954;B01;1;15;0;2;1;13;1;
46683;202100030111;147 955;A01;2;7;0;2;1;1;1;
46684;202100030112;147 953;A01;2;7;0;1;2;1;1;
46685;202100030113;147 951;B01;2;80;0;2;7;0;3;
46686;202100030113;147 952;A01;3;10;0;9;1;0;1;
46687;202100030114;147 950;A01;1;33;7;0;1;1;1;
46688;202100030115;147 948;A01;0;3;0;2;1;13;1;
46689;202100030115;147 949;B01;0;7;0;2;1;1;1;
46690;202100030116;147 946;B01;0;7;0;0;4;1;1;
46691;202100030116;147 947;A01;0;7;0;2;1;1;1;
46692;202100030118;147 942;A01;2;32;0;2;7;1;1;
46693;202100030118;147 943;Z01;2;33;0;2;8;19;1;
46694;202100030119;147 940;B01;1;10;0;2;1;2;1;
46695;202100030119;147 941;A01;1;7;0;2;4;2;1;
46696;202100030121;147 937;A01;2;7;4;0;9;1;1;
46697;202100030122;147 935;A01;2;7;0;2;5;1;1;
46698;202100030122;147 936;B01;1;7;0;2;3;21;1;
46699;202100030123;147 933;A01;1;17;0;2;2;12;1;
46700;202100030123;147 934;B01;1;7;4;2;6;2;1;
46701;202100030124;147 931;A01;2;7;0;2;1;1;1;
46702;202100030124;147 932;B01;2;7;0;2;4;2;1;
46703;202100030125;147 929;A01;1;33;0;2;1;2;1;
46704;202100030125;147 930;B01;1;7;0;2;4;2;1;
46705;202100030126;147 927;B01;2;7;0;2;7;12;1;
46706;202100030126;147 928;A01;2;33;0;2;8;2;1;
46707;202100030127;147 926;A01;2;7;12;0;1;14;1;
46708;202100030128;147 924;B01;2;31;0;2;2;3;1;
46709;202100030128;147 925;A01;2;7;0;2;3;11;1;
46710;202100030129;147 922;B01;2;7;0;2;6;1;1;
46711;202100030129;147 923;A01;2;17;0;2;2;12;1;
46712;202100030130;147 920;B01;2;7;0;2;1;2;1;
46713;202100030130;147 921;A01;2;33;0;2;8;18;1;
46714;202100030131;147 918;B01;2;10;0;2;1;1;1;
46715;202100030131;147 919;A01;2;7;5;2;1;13;1;
46716;202100030132;147 916;B01;2;99;0;2;2;0;0;
46717;202100030132;147 917;A01;2;10;0;2;5;26;1;
46718;202100030133;147 914;A01;1;10;0;2;7;12;1;
46719;202100030133;147 915;B01;1;34;0;2;8;3;1;
46720;202100030134;147 912;B01;1;7;0;2;5;12;1;
46721;202100030134;147 913;A01;1;33;0;2;1;0;1;
46722;202100030135;147 908;D01;1;33;0;2;1;1;1;
46723;202100030135;147 909;C01;1;33;0;2;4;2;1;
46724;202100030135;147 910;B01;1;33;0;2;4;2;1;
46725;202100030135;147 911;A01;1;7;0;2;6;2;1;
46726;202100030136;147 906;B01;2;7;0;2;2;1;1;
46727;202100030136;147 907;A01;2;15;0;2;8;11;1;
46728;202100030138;147 902;A01;1;7;0;2;1;1;1;
46729;202100030138;147 903;B01;1;7;0;2;4;2;1;
46730;202100030139;147 900;A01;2;14;0;2;1;1;1;
46731;202100030139;147 901;B01;2;17;0;2;4;1;1;
46732;202100030140;147 898;A01;2;7;0;1;3;1;1;
46733;202100030142;147 896;A01;3;7;0;1;3;15;1;
46734;202100030143;147 895;A01;3;7;0;1;3;1;1;
46735;202100030145;147 888;B01;2;7;0;2;4;2;1;
46736;202100030145;147 889;A01;2;7;0;2;1;2;1;
46737;202100030146;147 886;A01;3;1;0;2;1;19;5;
46738;202100030146;147 887;B01;3;7;0;9;0;1;1;
46739;202100030147;147 884;B01;1;2;0;2;8;1;1;
46740;202100030147;147 885;A01;1;7;0;2;7;16;1;
46741;202100030148;147 883;A01;3;7;6;0;1;26;1;
46742;202100030149;147 881;A01;1;3;0;9;1;1;1;
46743;202100030149;147 882;B01;1;1;0;2;8;1;0;
46744;202100030150;147 880;A01;2;33;0;0;7;21;1;
46745;202100030151;147 878;B01;1;2;0;2;2;17;1;
46746;202100030151;147 879;A01;1;7;0;2;3;10;1;
46747;202100030152;147 875;A01;1;7;0;2;1;15;1;
46748;202100030152;147 876;B01;2;7;0;2;2;1;1;
46749;202100030153;147 873;A01;2;7;0;2;5;10;1;
46750;202100030153;147 874;B01;1;33;0;2;0;1;1;
46751;202100030154;147 868;A01;1;7;0;1;1;15;1;
46752;202100030155;147 866;B01;3;7;0;2;7;1;1;
46753;202100030155;147 867;A01;1;1;0;2;1;1;5;
46754;202100030156;147 864;B01;1;2;0;2;7;1;1;
46755;202100030156;147 865;A01;1;7;0;2;3;1;1;
46756;202100030157;147 862;A01;0;7;0;2;7;16;1;
46757;202100030157;147 863;B01;0;1;0;2;1;1;5;
46758;202100030158;147 860;A01;0;7;0;2;8;15;1;
46759;202100030158;147 861;B01;0;50;0;2;1;5;3;
46760;202100030159;147 859;A01;2;7;3;0;1;1;1;
46761;202100030160;147 857;A01;0;7;0;1;4;5;1;
46762;202100030161;147 855;A01;1;7;4;2;6;11;1;
46763;202100030161;147 856;B01;1;14;0;2;7;1;1;
46764;202100030162;147 854;A01;3;7;0;1;1;9;1;
46765;202100030163;147 851;C01;1;7;0;2;4;2;1;
46766;202100030163;147 852;B01;1;7;0;2;4;2;1;
46767;202100030163;147 853;A01;1;7;0;2;1;2;1;
46768;202100030164;147 849;A01;2;7;1;2;1;1;1;
46769;202100030164;147 850;B01;1;1;0;2;0;19;0;
46770;202100030165;147 848;A01;1;37;16;0;1;26;1;1.0
46771;202100030166;147 846;A01;1;50;0;2;1;1;3;
46772;202100030166;147 847;B01;2;7;0;2;1;15;1;
46773;202100030167;147 844;A01;1;30;0;2;1;1;3;
46774;202100030167;147 845;B01;2;1;0;2;2;19;5;
46775;202100030168;147 842;A01;1;7;0;2;1;2;1;
46776;202100030168;147 843;B01;1;10;0;2;5;2;1;
46777;202100030169;147 841;A01;1;7;0;1;1;1;3;
46778;202100030170;147 840;A01;3;33;16;0;8;1;1;
46779;202100030171;147 838;A01;3;10;0;2;3;17;1;
46780;202100030171;147 839;B01;3;2;0;2;3;1;1;
46781;202100030172;147 836;A01;2;30;0;2;1;1;1;
46782;202100030172;147 837;B01;1;7;0;2;3;15;1;
46783;202100030173;147 834;B01;3;7;0;2;1;26;1;
46784;202100030173;147 835;A01;1;7;0;2;2;1;1;
46785;202100030174;147 832;B01;1;7;0;2;1;2;1;
46786;202100030174;147 833;A01;1;7;0;2;4;2;1;
46787;202100030177;147 826;A01;3;7;0;2;7;15;1;
46788;202100030177;147 827;B01;3;7;0;2;1;1;1;
46789;202100030178;147 825;A01;1;7;14;0;0;20;1;
46790;202100030179;147 824;A01;3;33;0;0;4;9;1;
46791;202100030180;147 822;B01;1;7;0;2;4;2;2;
46792;202100030180;147 823;A01;1;7;0;2;0;9;1;
46793;202100030182;147 819;B01;2;1;0;2;1;2;5;
46794;202100030182;147 820;A01;2;7;0;2;6;9;1;
46795;202100030183;147 818;A01;0;30;0;0;0;1;1;
46796;202100030184;147 816;A01;2;10;0;2;1;1;1;
46797;202100030184;147 817;B01;2;7;0;2;4;1;3;
46798;202100030185;147 814;A01;1;7;0;2;3;16;1;
46799;202100030185;147 815;B01;1;1;0;2;3;1;5;
46800;202100030186;147 812;A01;2;7;0;2;1;2;1;
46801;202100030186;147 813;B01;2;7;0;2;4;1;1;
46802;202100030187;147 810;A01;2;10;0;2;2;15;1;
46803;202100030187;147 811;B01;2;37;0;2;1;1;1;1.0
46804;202100030188;147 808;B01;2;7;0;2;3;15;1;
46805;202100030188;147 809;A01;1;33;0;2;1;7;1;
46806;202100030189;147 806;A01;2;13;0;2;8;1;1;
46807;202100030189;147 807;B01;2;2;0;2;7;0;1;
46808;202100030190;147 804;A01;3;33;0;2;1;17;1;
46809;202100030190;147 805;B01;3;7;0;2;3;1;1;
46810;202100030192;147 802;A01;2;7;13;0;1;26;1;
46811;202100030193;147 800;A01;1;7;0;2;9;19;1;
46812;202100030193;147 801;B01;1;7;0;2;1;19;1;
46813;202100030194;147 799;A01;3;7;0;1;2;1;1;
46814;202100030195;147 797;A01;2;7;0;2;1;1;1;
46815;202100030195;147 798;B01;1;7;0;2;3;1;1;
46816;202100030196;147 795;A01;2;7;0;2;1;2;1;
46817;202100030196;147 796;B01;1;7;0;2;2;1;1;
46818;202100030197;147 792;A01;1;7;0;2;3;17;1;
46819;202100030197;147 793;C01;2;7;0;2;3;2;1;
46820;202100030197;147 794;B01;2;7;0;2;6;1;1;
46821;202100030198;147 791;A01;1;10;0;1;2;21;1;
46822;202100030199;147 789;A01;2;30;0;2;5;11;1;
46823;202100030199;147 790;B01;1;7;0;2;7;1;1;
46824;202100030201;147 784;B01;2;30;0;0;1;3;1;
46825;202100030201;147 785;A01;3;7;0;2;2;19;1;
46826;202100030202;147 782;A01;3;7;0;2;1;9;3;
46827;202100030202;147 783;B01;3;1;0;2;7;1;5;
46828;202100030203;147 780;Z01;1;34;1;0;2;26;0;
46829;202100030203;147 781;B01;1;7;0;2;6;23;1;
46830;202100030204;147 778;A01;1;7;0;2;3;1;1;
46831;202100030204;147 779;B01;2;50;0;2;1;5;3;
46832;202100030205;147 777;A01;3;17;0;1;8;9;1;
46833;202100030206;147 775;A01;1;7;0;2;1;5;1;
46834;202100030206;147 776;B01;2;7;0;2;1;1;1;
46835;202100030207;147 773;B01;1;33;0;2;8;1;1;
46836;202100030207;147 774;A01;1;7;0;2;2;10;1;
46837;202100030208;147 771;Z01;2;7;0;2;0;15;6;
46838;202100030208;147 772;B01;1;32;0;2;7;26;1;
46839;202100030210;147 767;A01;2;7;0;2;2;16;0;
46840;202100030210;147 768;B01;2;7;0;2;3;1;0;
46841;202100030211;147 765;B01;1;1;0;2;6;2;5;
46842;202100030211;147 766;A01;1;7;0;2;2;16;0;
46843;202100030212;147 763;A01;1;30;0;2;1;18;1;
46844;202100030212;147 764;B01;1;2;0;2;7;1;1;
46845;202100030213;147 761;B01;2;7;0;2;1;1;1;
46846;202100030213;147 762;A01;1;7;0;2;1;13;1;
46847;202100030214;147 759;B01;1;7;16;0;1;1;1;
46848;202100030214;147 760;A01;1;7;16;0;2;19;1;
46849;202100030215;147 757;A01;1;31;0;2;3;3;1;
46850;202100030215;147 758;B01;1;7;0;2;2;12;1;
46851;202100030216;147 755;Z01;1;7;0;2;8;13;1;
46852;202100030216;147 756;A01;1;33;0;2;7;1;3;
46853;202100030217;147 753;A01;1;32;0;2;2;2;1;
46854;202100030217;147 754;B01;1;7;0;2;6;2;1;
46855;202100030218;147 750;C01;1;7;0;2;4;2;2;
46856;202100030218;147 751;B01;1;7;0;2;4;2;1;
46857;202100030218;147 752;A01;1;13;0;2;2;2;1;
46858;202100030220;147 745;A01;3;7;0;2;2;12;1;
46859;202100030220;147 746;B01;3;33;0;2;8;1;1;
46860;202100030221;147 743;B01;3;7;0;2;3;15;1;
46861;202100030221;147 744;A01;3;33;4;2;2;17;1;
46862;202100030222;147 742;Z01;1;30;0;1;1;1;1;
46863;202100030223;147 741;A01;1;31;0;2;8;1;1;
46864;202100030225;147 737;A01;0;7;0;2;3;1;1;
46865;202100030225;147 738;B01;0;10;0;2;6;15;1;
46866;202100030226;147 735;A01;1;7;0;2;1;2;1;
46867;202100030226;147 736;B01;1;7;0;2;4;23;1;
46868;202100030227;147 733;B01;3;32;0;2;1;1;1;
46869;202100030227;147 734;Z01;3;10;0;2;2;15;0;
46870;202100030228;147 731;B01;3;10;0;2;3;15;1;
46871;202100030228;147 732;A01;3;33;0;2;2;17;1;
46872;202100030229;147 729;A01;1;50;0;2;3;17;3;
46873;202100030229;147 730;B01;2;7;0;2;3;1;1;
46874;202100030230;147 728;A01;2;1;0;1;1;5;5;
46875;202100030231;147 727;A01;1;7;0;1;3;1;2;
46876;202100030232;147 724;B01;1;50;0;2;8;25;3;
46877;202100030232;147 725;A01;1;10;0;2;2;22;1;
46878;202100030232;147 726;C01;1;10;0;2;0;24;1;
46879;202100030233;147 722;B01;2;7;0;2;7;9;1;
46880;202100030233;147 723;A01;2;1;0;2;1;1;5;
46881;202100030234;147 720;B01;1;1;0;2;1;13;5;
46882;202100030234;147 721;A01;2;10;0;2;5;22;1;
46883;202100030235;147 718;A01;2;7;0;2;2;2;1;
46884;202100030235;147 719;B01;2;1;0;2;4;23;5;
46885;202100030237;147 714;B01;1;30;0;2;0;17;1;
46886;202100030237;147 715;A01;1;7;0;2;0;10;1;
46887;202100030238;147 712;A01;1;32;0;2;1;2;1;
46888;202100030238;147 713;B01;1;7;0;2;4;23;1;
46889;202100030239;147 711;A01;2;1;0;0;7;7;5;
46890;202100030240;147 709;B01;2;1;0;2;2;7;5;
46891;202100030240;147 710;A01;2;10;0;2;3;22;1;
46892;202100030241;147 708;A01;1;7;0;1;7;1;1;
46893;202100030242;147 707;A01;1;33;0;1;1;1;3;
46894;202100030243;147 706;A01;2;17;0;1;1;1;1;
46895;202100030244;147 704;A01;2;7;0;2;6;15;1;
46896;202100030244;147 705;B01;2;2;0;2;1;17;1;
46897;202100030245;147 702;B01;3;7;0;2;3;15;1;
46898;202100030245;147 703;A01;3;30;0;2;2;17;3;
46899;202100030246;147 701;A01;1;7;0;1;0;1;1;
46900;202100030247;147 699;A01;0;7;0;2;3;15;1;
46901;202100030247;147 700;B01;1;33;0;2;1;1;1;