;Num_Acc;id_vehicule;num_veh;senc;catv;obs;obsm;choc;manv;motor;occutc
46902;202100030249;147 696;A01;1;7;0;1;1;15;1;
46903;202100030250;147 694;B01;1;32;0;2;3;1;1;
46904;202100030250;147 695;A01;2;7;0;2;3;15;1;
46905;202100030251;147 692;A01;1;30;0;2;1;2;1;
46906;202100030251;147 693;B01;1;1;0;2;4;1;5;
46907;202100030252;147 690;B01;1;13;0;2;3;11;1;
46908;202100030252;147 691;A01;1;30;0;2;1;1;1;
46909;202100030253;147 688;A01;1;43;0;2;8;1;1;
46910;202100030253;147 689;Z01;1;7;0;2;3;1;0;
46911;202100030254;147 686;B01;1;43;0;2;3;2;1;
46912;202100030254;147 687;A01;1;7;0;2;2;16;1;
46913;202100030255;147 684;B01;2;7;0;2;6;1;2;
46914;202100030255;147 685;A01;1;30;0;2;1;1;1;
46915;202100030256;147 683;A01;1;7;0;1;2;1;2;
46916;202100030257;147 681;A01;0;10;0;2;1;2;0;
46917;202100030257;147 682;B01;0;7;0;2;4;23;1;
46918;202100030258;147 679;A01;2;7;4;0;1;1;1;
46919;202100030259;147 677;A01;2;7;0;9;3;13;1;
46920;202100030259;147 678;B01;1;1;0;2;1;1;5;
46921;202100030260;147 675;A01;2;7;0;2;5;13;1;
46922;202100030260;147 676;B01;1;7;0;2;1;1;1;
46923;202100030261;147 673;B01;2;7;0;2;1;1;1;
46924;202100030261;147 674;A01;1;7;0;2;1;5;1;
46925;202100030263;147 668;D01;0;7;0;2;1;2;1;
46926;202100030263;147 669;C01;0;7;0;2;2;2;1;
46927;202100030263;147 670;B01;0;7;0;2;6;2;1;
46928;202100030263;147 671;A01;0;7;0;0;5;1;0;
46929;202100030264;147 666;B01;1;17;0;0;6;24;1;
46930;202100030264;147 667;A01;1;7;1;0;2;1;1;
46931;202100030265;147 665;A01;2;7;2;0;1;1;1;
46932;202100030266;147 664;A01;1;33;0;2;1;1;1;
46933;202100030267;147 662;B01;1;15;0;2;1;1;1;
46934;202100030267;147 663;A01;2;7;0;2;1;13;1;
46935;202100030268;147 661;A01;1;7;0;1;2;2;1;
46936;202100030269;147 658;C01;1;7;4;2;1;1;1;
46937;202100030269;147 659;B01;2;7;0;2;3;1;1;
46938;202100030269;147 660;A01;2;7;0;2;7;1;1;
46939;202100030270;147 656;B01;1;33;0;2;3;1;1;
46940;202100030270;147 657;A01;0;0;0;2;0;0;0;
46941;202100030271;147 654;A01;1;7;0;2;6;11;1;
46942;202100030271;147 655;B01;1;33;13;2;7;17;1;
46943;202100030272;147 652;A01;2;7;0;2;3;13;1;
46944;202100030272;147 653;B01;1;33;3;2;8;1;1;
46945;202100030273;147 651;A01;2;33;15;0;0;2;1;
46946;202100030274;147 649;A01;1;7;0;0;3;1;1;
46947;202100030274;147 650;B01;2;7;2;2;2;1;1;
46948;202100030275;147 648;A01;3;7;1;1;7;1;1;
46949;202100030277;147 645;A01;1;7;0;0;9;1;1;
46950;202100030278;147 644;A01;1;7;13;0;2;1;1;
46951;202100030279;147 642;B01;1;10;0;2;3;26;1;
46952;202100030279;147 643;A01;2;7;0;2;3;26;1;
46953;202100030280;147 640;A01;2;7;0;2;1;2;1;
46954;202100030280;147 641;B01;2;13;0;0;4;2;0;
46955;202100030281;147 638;B01;1;33;0;2;1;1;1;
46956;202100030281;147 639;A01;1;7;0;2;5;15;1;
46957;202100030282;147 637;A01;1;7;2;0;8;2;0;
46958;202100030283;147 636;A01;1;7;0;1;2;1;3;
46959;202100030284;147 635;A01;0;33;13;0;7;1;1;
46960;202100030285;147 634;A01;2;80;12;0;0;0;3;
46961;202100030286;147 632;B01;2;33;0;2;3;1;1;
46962;202100030286;147 633;A01;1;7;0;2;1;15;1;
46963;202100030287;147 630;B01;2;7;0;2;1;21;1;
46964;202100030287;147 631;A01;1;7;0;2;1;5;1;
46965;202100030288;147 628;A01;1;7;3;2;8;13;1;
46966;202100030288;147 629;B01;2;7;3;2;8;2;1;
46967;202100030289;147 626;B01;1;7;0;2;3;1;1;
46968;202100030289;147 627;A01;2;10;0;2;1;13;1;
46969;202100030290;147 625;A01;2;7;0;0;7;1;1;
46970;202100030291;147 623;B01;1;10;0;2;1;2;1;
46971;202100030291;147 624;A01;1;7;0;0;4;2;1;
46972;202100030292;147 621;B01;3;10;0;2;3;1;1;
46973;202100030292;147 622;A01;3;2;0;2;1;1;1;
46974;202100030293;147 619;A01;1;7;0;2;2;2;1;
46975;202100030293;147 620;B01;1;17;0;0;6;2;1;
46976;202100030295;147 614;B01;3;15;0;0;3;1;1;
46977;202100030295;147 615;A01;3;10;0;2;3;13;1;
46978;202100030296;147 613;A01;2;7;13;0;1;2;1;
46979;202100030297;147 611;A01;1;7;0;2;1;1;1;
46980;202100030297;147 612;B01;2;7;0;2;1;13;1;
46981;202100030298;147 609;A01;1;7;0;2;1;26;1;
46982;202100030298;147 610;B01;2;10;0;2;1;1;1;
46983;202100030299;147 607;B01;2;14;0;2;3;1;1;
46984;202100030299;147 608;A01;1;10;0;2;1;13;1;
46985;202100030300;147 605;B01;1;1;0;2;1;19;5;
46986;202100030300;147 606;A01;1;10;0;2;2;1;1;
46987;202100030301;147 603;B01;1;7;0;0;3;15;1;
46988;202100030301;147 604;A01;1;7;6;2;2;17;1;
46989;202100030302;147 601;B01;2;32;0;2;5;1;1;
46990;202100030302;147 602;A01;2;7;0;2;1;9;1;
46991;202100030303;147 599;A01;2;7;0;2;3;11;1;
46992;202100030303;147 600;B01;1;7;0;0;8;1;1;
46993;202100030304;147 597;A01;2;7;0;2;2;17;1;
46994;202100030304;147 598;B01;2;1;0;2;4;1;5;
46995;202100030305;147 596;A01;1;7;6;1;2;1;1;
46996;202100030306;147 594;B01;2;7;0;2;3;19;1;
46997;202100030306;147 595;A01;2;2;0;0;2;2;1;
46998;202100030308;147 590;A01;2;14;0;1;1;13;1;
46999;202100030308;147 591;B01;1;7;0;2;3;14;1;
47000;202100030309;147 586;D01;1;7;0;2;4;23;1;
47001;202100030309;147 587;A01;1;7;14;2;1;21;1;
47002;202100030309;147 588;B01;1;7;0;2;4;2;1;
47003;202100030309;147 589;C01;1;7;0;2;4;23;0;
47004;202100030310;147 584;B01;2;33;0;2;3;3;1;
47005;202100030310;147 585;A01;2;7;0;2;2;12;1;
47006;202100030311;147 582;B01;2;7;0;0;0;11;1;
47007;202100030311;147 583;A01;2;43;0;0;0;3;1;
47008;202100030312;147 581;A01;1;7;4;0;3;1;0;
47009;202100030315;147 574;C01;1;7;0;2;6;1;1;
47010;202100030315;147 575;B01;1;33;0;2;2;3;1;
47011;202100030315;147 576;A01;1;10;0;2;8;1;1;
47012;202100030316;147 572;B01;2;31;0;2;0;0;1;
47013;202100030316;147 573;A01;2;7;0;2;3;11;0;
47014;202100030317;147 571;A01;2;50;0;1;2;1;3;
47015;202100030318;147 570;A01;2;7;0;1;7;0;1;
47016;202100030319;147 568;A01;1;30;0;2;2;17;1;
47017;202100030319;147 569;B01;1;7;0;2;3;15;1;
47018;202100030320;147 567;A01;0;2;6;0;1;1;1;
47019;202100030321;147 565;A01;1;7;0;2;2;1;1;
47020;202100030321;147 566;B01;1;33;0;2;1;1;1;
47021;202100030323;147 562;A01;3;7;0;1;7;16;2;
47022;202100030325;147 557;A01;1;7;0;2;7;15;1;
47023;202100030325;147 558;B01;3;50;0;2;1;19;3;
47024;202100030326;147 555;A01;1;7;0;2;1;1;1;
47025;202100030326;147 556;B01;1;50;0;2;7;1;3;
47026;202100030327;147 553;A01;2;32;0;2;8;18;1;
47027;202100030327;147 554;B01;2;7;0;2;3;2;1;
47028;202100030328;147 551;B01;0;31;0;2;1;15;1;
47029;202100030328;147 552;A01;0;7;0;2;2;21;1;
47030;202100030329;147 550;A01;0;10;0;1;1;11;1;
47031;202100030330;147 548;B01;2;7;0;2;1;2;1;
47032;202100030330;147 549;A01;2;7;0;2;4;1;1;
47033;202100030331;147 546;B01;2;7;14;0;5;20;1;
47034;202100030331;147 547;A01;2;7;0;2;2;1;1;
47035;202100030332;147 543;A01;1;7;0;2;1;1;1;
47036;202100030332;147 544;C01;2;7;0;2;3;1;1;
47037;202100030332;147 545;B01;3;7;0;2;3;19;1;
47038;202100030333;147 542;A01;2;10;0;0;1;26;1;
47039;202100030334;147 541;A01;1;7;0;1;1;1;1;
47040;202100030335;147 540;A01;3;33;1;0;1;1;1;
47041;202100030336;147 538;A01;1;7;0;9;0;26;1;
47042;202100030336;147 539;Y01;1;1;0;2;0;26;6;
47043;202100030337;147 536;B01;2;7;0;2;8;1;1;
47044;202100030337;147 537;A01;2;7;0;2;1;15;1;
47045;202100030339;147 532;A01;1;7;0;2;5;17;1;
47046;202100030339;147 533;B01;1;35;0;2;3;15;1;
47047;202100030340;147 530;B01;1;7;0;2;3;1;1;
47048;202100030340;147 531;A01;2;7;0;2;5;1;1;
47049;202100030341;147 528;B01;1;7;0;2;1;1;1;
47050;202100030341;147 529;A01;2;99;0;2;7;1;1;
47051;202100030342;147 524;D01;3;7;0;2;1;0;1;
47052;202100030342;147 525;C01;3;7;0;2;1;26;1;
47053;202100030342;147 526;B01;2;7;0;2;3;1;1;
47054;202100030342;147 527;A01;1;7;0;2;2;15;0;
47055;202100030343;147 523;A01;1;33;15;0;0;0;1;
47056;202100030344;147 521;B01;3;7;0;2;4;23;1;
47057;202100030344;147 522;A01;3;7;0;2;1;1;1;
47058;202100030345;147 519;B01;1;10;0;9;1;21;6;
47059;202100030345;147 520;A01;2;1;0;2;1;1;0;
47060;202100030346;147 516;A01;1;7;0;2;1;2;0;
47061;202100030346;147 517;C01;1;7;0;2;4;2;1;
47062;202100030346;147 518;B01;1;7;0;2;9;2;1;
47063;202100030347;147 514;B01;1;7;0;2;1;1;1;
47064;202100030347;147 515;A01;2;33;0;2;1;21;1;
47065;202100030348;147 511;A01;2;7;4;0;1;1;1;
47066;202100030349;147 510;A01;3;40;0;1;1;1;3;
47067;202100030350;147 508;B01;2;2;0;2;1;19;1;
47068;202100030350;147 509;A01;2;7;14;2;3;19;1;
47069;202100030351;147 507;A01;1;7;16;0;1;1;1;
47070;202100030352;147 506;A01;1;33;10;0;7;9;1;
47071;202100030353;147 505;A01;1;7;0;1;2;9;1;
47072;202100030354;147 504;A01;1;7;12;0;9;16;1;
47073;202100030355;147 502;B01;2;2;0;2;1;2;1;
47074;202100030355;147 503;A01;1;7;0;2;2;15;1;
47075;202100030357;147 499;A01;1;7;1;1;2;14;2;
47076;202100030358;147 497;A01;1;10;0;2;7;9;1;
47077;202100030358;147 498;B01;1;10;0;2;1;1;1;
47078;202100030359;147 495;B01;1;7;0;2;1;0;1;
47079;202100030359;147 496;A01;1;7;0;0;8;26;1;
47080;202100030360;147 494;A01;1;3;0;1;1;1;1;
47081;202100030362;147 491;A01;2;7;8;0;8;13;1;
47082;202100030363;147 489;A01;1;7;0;2;0;17;1;
47083;202100030363;147 490;B01;1;30;0;2;8;0;1;
47084;202100030364;147 488;A01;3;7;0;1;1;1;1;
47085;202100030365;147 486;B01;1;37;14;0;3;1;1;2.0
47086;202100030365;147 487;A01;0;7;0;2;2;15;1;
47087;202100030366;147 484;B01;1;7;0;2;3;15;1;
47088;202100030366;147 485;A01;2;7;0;2;3;1;1;
47089;202100030367;147 482;B01;1;7;0;2;3;1;1;
47090;202100030367;147 483;A01;2;7;0;2;2;1;2;
47091;202100030368;147 480;B01;0;1;0;0;0;1;5;
47092;202100030368;147 481;A01;0;7;0;2;7;14;1;
47093;202100030369;147 478;B01;3;7;0;2;1;1;1;
47094;202100030369;147 479;A01;3;7;0;2;7;1;1;
47095;202100030370;147 477;A01;2;7;0;1;2;1;1;
47096;202100030371;147 476;A01;1;80;0;0;8;16;3;
47097;202100030372;147 475;A01;1;7;4;0;9;1;1;
47098;202100030373;147 474;A01;1;10;0;1;3;15;2;
47099;202100030374;147 472;B01;3;7;0;2;3;15;3;
47100;202100030374;147 473;A01;3;30;0;2;7;13;1;
47101;202100030375;147 470;A01;1;7;0;2;2;19;1;
47102;202100030375;147 471;B01;1;30;0;2;7;1;0;
47103;202100030377;147 465;B01;0;7;0;2;8;1;1;
47104;202100030377;147 466;A01;0;32;0;2;7;9;1;
47105;202100030378;147 463;A01;2;7;0;2;3;15;1;
47106;202100030378;147 464;B01;1;80;0;2;1;1;3;
47107;202100030379;147 462;A01;1;7;12;0;1;1;1;
47108;202100030380;147 459;B01;2;7;0;2;8;1;1;
47109;202100030380;147 460;A01;2;7;0;2;7;12;1;
47110;202100030380;147 461;C01;2;10;0;2;3;1;1;
47111;202100030381;147 457;B01;1;7;0;2;3;1;1;
47112;202100030381;147 458;A01;1;7;14;2;0;2;1;
47113;202100030382;147 456;A01;1;7;2;0;0;0;1;
47114;202100030383;147 455;A01;1;7;0;1;4;26;0;
47115;202100030384;147 454;A01;3;7;0;1;1;1;1;
47116;202100030385;147 453;A01;3;7;14;0;7;1;1;
47117;202100030386;147 451;B01;3;1;0;2;7;1;5;
47118;202100030386;147 452;A01;3;7;0;2;1;1;1;
47119;202100030387;147 450;A01;3;7;0;0;0;1;1;
47120;202100030388;147 448;B01;1;10;0;2;4;2;0;
47121;202100030388;147 449;A01;1;50;0;2;4;1;3;
47122;202100030389;147 446;B01;1;7;0;2;4;1;1;
47123;202100030389;147 447;A01;1;7;0;2;1;2;1;
47124;202100030390;147 444;B01;1;7;0;2;4;2;1;
47125;202100030390;147 445;A01;1;7;0;2;4;2;1;
47126;202100030392;147 441;A01;2;33;0;2;1;1;1;
47127;202100030392;147 442;B01;3;30;0;0;0;0;1;
47128;202100030394;147 437;A01;3;7;0;9;1;1;0;
47129;202100030394;147 438;B01;3;60;0;2;7;19;5;
47130;202100030395;147 436;A01;1;1;0;0;8;1;5;
47131;202100030396;147 434;B01;1;7;0;2;3;0;1;
47132;202100030396;147 435;A01;2;7;0;2;3;13;1;
47133;202100030399;147 428;A01;1;30;0;2;1;1;1;
47134;202100030399;147 429;B01;1;7;0;2;6;1;1;
47135;202100030399;147 430;C01;1;7;0;2;2;1;1;
47136;202100030400;147 425;C01;0;7;0;2;4;23;1;
47137;202100030400;147 426;B01;0;7;0;2;4;23;1;
47138;202100030400;147 427;A01;3;7;0;2;1;1;0;
47139;202100030401;147 424;A01;1;7;0;1;1;15;1;
47140;202100030402;147 423;A01;1;7;0;1;1;9;1;
47141;202100030403;147 421;A01;3;10;0;2;3;15;1;
47142;202100030403;147 422;B01;3;2;0;2;2;13;1;
47143;202100030404;147 420;A01;1;7;13;0;2;1;1;
47144;202100030405;147 418;B01;2;7;0;2;3;15;2;
47145;202100030405;147 419;A01;2;7;0;2;1;5;1;
47146;202100030406;147 416;A01;2;1;0;2;4;15;5;
47147;202100030406;147 417;Z01;2;7;0;2;1;1;0;
47148;202100030407;147 415;Z01;1;7;0;1;1;1;0;
47149;202100030408;147 413;A01;3;34;0;2;1;9;1;
47150;202100030408;147 414;B01;1;7;0;2;3;1;1;
47151;202100030411;147 409;A01;2;1;12;0;0;12;5;
47152;202100030412;147 407;A01;1;1;0;2;8;1;5;
47153;202100030412;147 408;Z01;1;14;0;2;2;14;1;
47154;202100030413;147 405;A01;1;7;0;2;5;15;1;
47155;202100030413;147 406;B01;2;1;0;2;5;1;5;
47156;202100030415;147 401;B01;1;10;0;0;0;15;1;
47157;202100030415;147 402;A01;2;1;0;2;0;1;5;
47158;202100030416;147 400;A01;1;32;0;0;9;16;1;
47159;202100030417;147 398;B01;1;7;0;2;4;2;1;
47160;202100030417;147 399;A01;1;50;0;2;1;2;3;
47161;202100030418;147 397;A01;1;50;0;1;1;1;3;
47162;202100030419;147 396;Z01;1;30;0;1;1;1;1;
47163;202100030420;147 395;A01;2;30;12;0;7;14;1;
47164;202100030421;147 393;A01;1;32;0;2;3;16;1;
47165;202100030421;147 394;Z01;1;34;0;2;2;1;1;
47166;202100030422;147 391;A01;2;80;0;2;7;15;3;
47167;202100030422;147 392;B01;1;43;0;2;1;7;1;
47168;202100030423;147 389;A01;3;7;0;2;2;1;1;
47169;202100030423;147 390;B01;3;7;0;2;3;1;3;
47170;202100030424;147 388;A01;3;50;0;1;1;1;3;
47171;202100030425;147 386;B01;2;7;0;2;3;15;1;
47172;202100030425;147 387;A01;1;7;9;2;1;1;1;
47173;202100030426;147 385;A01;0;30;0;9;7;19;1;
47174;202100030427;147 383;A01;1;30;0;2;1;1;1;
47175;202100030427;147 384;B01;2;7;0;2;5;0;1;
47176;202100030428;147 382;A01;1;1;0;0;1;1;5;
47177;202100030429;147 381;A01;2;37;1;0;0;21;1;4.0
47178;202100030430;147 379;A01;2;7;0;2;1;9;1;
47179;202100030430;147 380;B01;1;60;0;2;8;26;5;
47180;202100030431;147 377;A01;2;10;0;2;2;16;0;
47181;202100030431;147 378;B01;1;37;0;2;3;1;1;3.0
47182;202100030432;147 375;B01;2;7;0;2;3;23;1;
47183;202100030432;147 376;A01;1;33;0;2;3;1;1;
47184;202100030434;147 372;A01;2;50;0;1;8;1;3;
47185;202100030435;147 370;B01;3;34;1;0;8;0;1;
47186;202100030435;147 371;A01;3;7;1;2;1;0;1;
47187;202100030436;147 368;B01;1;7;0;2;1;1;2;
47188;202100030436;147 369;A01;1;7;0;2;6;20;1;
47189;202100030437;147 366;B01;2;7;0;2;1;2;1;
47190;202100030437;147 367;A01;2;7;0;2;4;2;1;
47191;202100030438;147 364;A01;1;20;0;2;1;9;1;
47192;202100030438;147 365;B01;1;1;0;2;1;9;6;
47193;202100030439;147 363;A01;2;32;0;1;1;9;0;
47194;202100030440;147 362;Z01;2;7;0;1;1;1;1;
47195;202100030441;147 360;B01;0;7;0;2;3;1;1;
47196;202100030441;147 361;A01;0;7;0;2;3;1;1;
47197;202100030442;147 359;A01;3;7;0;1;5;1;1;
47198;202100030443;147 357;B01;1;32;0;2;1;1;1;
47199;202100030443;147 358;A01;2;7;0;2;2;15;1;
47200;202100030444;147 355;A01;0;33;0;2;5;12;1;
47201;202100030444;147 356;B01;0;10;0;2;5;23;1;
47202;202100030445;147 353;B01;0;60;0;2;7;13;5;
47203;202100030445;147 354;A01;0;7;0;2;2;23;1;
47204;202100030446;147 352;A01;1;7;0;1;0;1;1;
47205;202100030449;147 347;A01;1;7;13;0;1;1;1;
47206;202100030450;147 346;A01;1;7;14;0;0;1;1;
47207;202100030451;147 345;A01;1;2;1;0;1;14;1;
47208;202100030452;147 342;C01;2;10;0;2;1;1;1;
47209;202100030452;147 343;B01;2;7;0;2;1;1;1;
47210;202100030452;147 344;A01;1;7;0;2;2;17;1;
47211;202100030453;147 340;A01;1;7;0;2;1;5;1;
47212;202100030453;147 341;B01;2;7;0;2;1;1;1;
47213;202100030454;147 339;A01;1;7;1;0;2;1;1;
47214;202100030455;147 336;A01;1;7;0;2;3;2;1;
47215;202100030455;147 337;B01;1;7;0;2;4;15;1;
47216;202100030455;147 338;C01;2;7;0;2;1;1;1;
47217;202100030456;147 334;B01;2;7;0;2;1;1;1;
47218;202100030456;147 335;A01;1;7;0;2;7;15;1;
47219;202100030457;147 331;C01;0;7;0;2;1;23;1;
47220;202100030457;147 332;A01;0;7;0;2;2;19;1;
47221;202100030457;147 333;B01;1;7;0;2;1;1;1;
47222;202100030458;147 329;A01;1;7;0;2;3;2;1;
47223;202100030458;147 330;B01;2;2;0;2;1;5;1;
47224;202100030459;147 327;A01;2;7;0;2;1;13;1;
47225;202100030459;147 328;B01;1;7;0;2;1;1;1;
47226;202100030460;147 325;A01;2;1;0;9;0;0;5;
47227;202100030460;147 326;B01;2;1;0;9;0;0;5;
47228;202100030461;147 323;B01;2;33;0;2;1;1;1;
47229;202100030461;147 324;A01;1;21;0;2;3;15;1;
47230;202100030463;147 319;A01;1;7;0;2;3;9;1;
47231;202100030463;147 320;B01;1;30;0;2;1;1;1;
47232;202100030464;147 317;B01;0;50;0;2;1;1;3;
47233;202100030464;147 318;A01;3;7;0;9;7;1;1;
47234;202100030465;147 315;B01;3;7;0;0;1;1;1;
47235;202100030465;147 316;A01;3;7;0;2;1;1;1;
47236;202100030466;147 313;A01;2;31;0;2;3;13;1;
47237;202100030466;147 314;B01;1;10;0;2;3;1;1;
47238;202100030467;147 310;C01;0;7;0;2;8;19;1;
47239;202100030467;147 311;B01;1;7;0;2;1;23;1;
47240;202100030467;147 312;A01;2;7;0;2;1;1;1;
47241;202100030469;147 307;A01;1;33;0;0;0;1;1;
47242;202100030470;147 306;A01;2;7;13;0;0;13;1;
47243;202100030471;147 303;C01;0;15;0;2;1;1;1;
47244;202100030471;147 304;B01;0;7;0;2;1;1;1;
47245;202100030471;147 305;A01;0;7;0;2;2;9;1;
47246;202100030472;147 301;A01;2;7;0;0;6;15;1;
47247;202100030472;147 302;B01;2;33;0;2;1;1;1;
47248;202100030473;147 300;A01;2;36;6;0;3;13;1;
47249;202100030474;147 299;A01;1;7;1;0;7;12;1;
47250;202100030476;147 296;A01;0;7;8;2;2;1;2;
47251;202100030476;147 297;B01;0;7;0;0;8;1;1;
47252;202100030478;147 291;A01;1;7;0;2;7;5;1;
47253;202100030478;147 292;B01;2;7;0;2;2;1;1;
47254;202100030479;147 290;A01;1;7;7;0;2;1;1;
47255;202100030480;147 288;B01;1;80;0;2;1;25;3;
47256;202100030480;147 289;A01;2;7;0;0;7;1;1;
47257;202100030481;147 287;A01;1;7;13;0;1;17;1;
47258;202100030482;147 286;A01;1;10;7;0;2;14;1;
47259;202100030484;147 278;E01;2;10;0;2;1;1;1;
47260;202100030484;147 279;C01;2;15;0;2;1;1;1;
47261;202100030484;147 280;F01;2;7;0;2;1;1;1;
47262;202100030484;147 281;G01;2;7;0;2;1;1;1;
47263;202100030484;147 282;A01;1;15;0;2;1;1;1;
47264;202100030484;147 283;B01;1;7;0;2;7;1;1;
47265;202100030484;147 284;D01;2;7;0;2;4;1;1;
47266;202100030485;147 276;A01;2;33;0;2;1;17;1;
47267;202100030485;147 277;B01;2;17;0;2;8;15;1;
47268;202100030486;147 275;A01;2;2;12;0;0;1;1;
47269;202100030488;147 271;A01;1;2;0;2;3;13;1;
47270;202100030488;147 272;B01;2;33;0;2;3;2;1;
47271;202100030489;147 270;A01;3;34;16;0;0;16;1;
47272;202100030490;147 269;A01;1;1;0;0;9;15;5;
47273;202100030491;147 267;A01;1;7;0;9;1;1;1;
47274;202100030491;147 268;B01;1;1;0;0;0;1;0;
47275;202100030492;147 266;A01;2;7;7;0;1;13;1;
47276;202100030493;147 264;B01;1;7;0;2;8;1;1;
47277;202100030493;147 265;A01;2;1;0;2;1;1;5;
47278;202100030494;147 263;A01;1;7;8;0;1;1;1;
47279;202100030495;147 261;A01;3;7;0;2;5;2;1;
47280;202100030495;147 262;B01;0;1;0;2;3;2;5;
47281;202100030496;147 259;A01;1;7;0;2;2;17;1;
47282;202100030496;147 260;B01;1;50;0;2;8;15;3;
47283;202100030497;147 257;B01;1;1;0;2;8;10;5;
47284;202100030497;147 258;A01;1;7;0;2;1;17;1;
47285;202100030498;147 254;B01;1;7;0;2;4;2;1;
47286;202100030498;147 255;C01;1;7;0;2;6;2;1;
47287;202100030498;147 256;A01;1;7;0;2;1;2;1;
47288;202100030499;147 251;C01;2;10;0;2;1;1;1;
47289;202100030499;147 252;B01;2;7;0;2;4;1;1;
47290;202100030499;147 253;A01;2;7;0;2;4;1;1;
47291;202100030500;147 250;A01;1;7;3;0;1;1;1;
47292;202100030501;147 248;B01;1;7;0;2;1;2;1;
47293;202100030501;147 249;A01;1;7;0;2;4;2;1;
47294;202100030502;147 246;A01;1;7;0;2;4;0;1;
47295;202100030502;147 247;B01;1;7;0;2;1;0;1;
47296;202100030503;147 244;B01;1;33;4;2;3;18;1;
47297;202100030503;147 245;A01;1;7;0;2;7;1;1;
47298;202100030504;147 241;A01;2;7;0;2;1;2;1;
47299;202100030504;147 242;B01;2;7;0;2;4;2;1;
47300;202100030504;147 243;C01;2;7;0;2;4;2;1;
47301;202100030505;147 238;C01;2;7;0;2;1;2;1;
47302;202100030505;147 239;B01;2;7;0;2;4;2;1;
47303;202100030505;147 240;A01;2;10;0;2;4;2;1;
47304;202100030506;147 236;B01;1;7;0;2;7;12;1;
47305;202100030506;147 237;A01;1;7;0;2;8;2;1;
47306;202100030507;147 232;A01;1;10;0;0;0;2;1;
47307;202100030507;147 233;B01;1;7;0;2;4;2;1;
47308;202100030507;147 234;C01;1;7;0;2;4;2;1;
47309;202100030507;147 235;D01;1;17;0;0;8;1;1;
47310;202100030508;147 230;A01;1;7;0;2;1;2;1;
47311;202100030508;147 231;B01;1;7;0;2;4;23;1;
47312;202100030509;147 228;A01;1;34;0;2;1;3;1;
47313;202100030509;147 229;B01;1;7;0;2;7;1;1;
47314;202100030510;147 226;B01;2;7;0;2;6;1;1;
47315;202100030510;147 227;A01;2;7;0;2;2;9;1;
47316;202100030511;147 224;A01;1;43;4;2;1;2;1;
47317;202100030511;147 225;B01;1;7;4;2;5;2;1;
47318;202100030512;147 222;A01;2;7;0;2;1;2;1;
47319;202100030512;147 223;B01;2;10;0;2;4;2;1;
47320;202100030513;147 220;B01;2;7;0;2;6;11;1;
47321;202100030513;147 221;A01;1;33;0;2;7;3;1;
47322;202100030514;147 218;A01;1;33;0;2;1;26;1;
47323;202100030514;147 219;B01;1;10;0;2;8;1;1;
47324;202100030515;147 216;A01;1;7;0;2;7;12;1;
47325;202100030515;147 217;B01;1;33;0;2;1;1;1;
47326;202100030518;147 208;A01;2;2;0;1;1;1;1;
47327;202100030519;147 207;A01;0;7;0;1;1;9;0;
47328;202100030520;147 206;A01;3;20;0;1;8;26;1;
47329;202100030521;147 205;A01;3;7;0;1;1;1;1;
47330;202100030522;147 204;A01;0;0;0;1;0;0;0;
47331;202100030523;147 203;A01;2;7;0;1;1;26;1;
47332;202100030524;147 201;A01;2;32;0;2;1;1;1;
47333;202100030524;147 202;B01;2;7;0;9;4;1;1;
47334;202100030525;147 199;A01;1;7;0;2;7;19;1;
47335;202100030525;147 200;B01;1;7;0;2;1;19;1;
47336;202100030526;147 197;A01;2;7;0;2;8;15;1;
47337;202100030526;147 198;B01;1;7;0;2;8;23;1;
47338;202100030527;147 195;A01;1;32;0;-1;1;26;1;
47339;202100030527;147 196;B01;1;7;0;0;4;1;0;
47340;202100030528;147 194;A01;2;7;0;1;4;26;1;
47341;202100030529;147 192;A01;1;33;0;2;7;7;1;
47342;202100030529;147 193;B01;1;7;0;0;7;16;1;
47343;202100030530;147 190;B01;1;7;0;2;4;1;1;
47344;202100030530;147 191;A01;1;33;0;2;1;1;1;
47345;202100030532;147 183;A01;2;7;0;2;1;1;1;
47346;202100030532;147 184;B01;2;7;0;2;4;1;1;
47347;202100030532;147 185;E01;2;7;0;2;4;23;1;
47348;202100030532;147 186;D01;2;7;0;2;4;1;1;
47349;202100030532;147 187;C01;2;7;0;2;4;1;1;
47350;202100030533;147 181;B01;2;2;0;2;8;1;1;
47351;202100030533;147 182;A01;1;7;0;9;3;9;1;
47352;202100030534;147 180;A01;1;7;4;0;2;13;1;
47353;202100030535;147 179;A01;0;33;0;2;7;21;1;
47354;202100030536;147 177;B01;1;7;0;0;4;26;1;
47355;202100030536;147 178;A01;1;15;0;0;0;1;1;
47356;202100030537;147 174;A01;0;10;0;2;3;1;1;
47357;202100030537;147 175;B01;0;7;0;2;0;1;1;
47358;202100030538;147 172;A01;2;7;0;2;3;13;1;
47359;202100030538;147 173;B01;1;7;0;2;3;1;1;
47360;202100030539;147 169;A01;1;7;0;2;1;1;1;
47361;202100030539;147 170;B01;1;7;0;2;4;1;1;
47362;202100030539;147 171;C01;1;7;0;2;4;1;1;
47363;202100030540;147 167;A01;1;10;0;2;7;15;1;