;Num_Acc;id_vehicule;num_veh;senc;catv;obs;obsm;choc;manv;motor;occutc
48290;202100031141;146 075;A01;1;7;0;2;1;1;1;
48291;202100031141;146 076;B01;1;50;0;2;1;19;3;
48292;202100031142;146 073;A01;0;37;0;2;1;19;1;1.0
48293;202100031142;146 074;B01;0;10;0;2;6;19;1;
48294;202100031143;146 067;A01;2;7;0;2;8;19;1;
48295;202100031143;146 068;B01;2;1;0;2;0;0;5;
48296;202100031144;146 065;B01;2;7;0;2;3;1;1;
48297;202100031144;146 066;A01;2;7;0;2;2;11;1;
48298;202100031146;146 061;B01;1;2;0;2;1;1;1;
48299;202100031146;146 062;A01;1;7;0;2;3;1;1;
48300;202100031147;146 059;A01;1;7;0;2;1;1;1;
48301;202100031147;146 060;B01;2;7;0;2;3;1;1;
48302;202100031148;146 058;A01;1;7;0;1;2;25;1;
48303;202100031149;146 056;B01;2;2;0;2;7;16;1;
48304;202100031149;146 057;A01;1;7;0;2;3;9;1;
48305;202100031150;146 053;B01;1;2;0;2;4;23;1;
48306;202100031150;146 054;C01;1;7;0;0;1;1;1;
48307;202100031150;146 055;A01;1;10;0;2;4;23;1;
48308;202100031151;146 051;B01;3;50;0;2;1;2;3;
48309;202100031151;146 052;A01;0;10;0;2;8;9;1;
48310;202100031152;146 049;B01;3;1;0;2;4;9;0;
48311;202100031152;146 050;A01;3;7;0;2;0;0;0;
48312;202100031153;146 046;A01;1;7;0;2;2;2;1;
48313;202100031153;146 047;B01;1;7;0;2;4;2;1;
48314;202100031153;146 048;C01;1;7;0;2;4;2;1;
48315;202100031154;146 045;A01;3;7;3;0;1;0;1;
48316;202100031155;146 043;A01;3;10;0;2;3;15;1;
48317;202100031155;146 044;B01;3;7;0;2;3;1;1;
48318;202100031156;146 041;B01;1;15;0;2;2;2;1;
48319;202100031156;146 042;A01;1;7;4;2;3;9;1;
48320;202100031157;146 039;A01;1;99;0;0;1;26;1;
48321;202100031157;146 040;B01;1;7;0;2;4;26;1;
48322;202100031158;146 038;A01;1;7;8;0;1;26;1;
48323;202100031159;146 037;Z01;0;7;0;1;0;0;0;
48324;202100031160;146 036;A01;0;34;8;0;1;1;1;
48325;202100031161;146 034;A01;1;7;0;2;2;16;1;
48326;202100031161;146 035;B01;1;7;0;2;3;1;1;
48327;202100031162;146 033;A01;2;31;12;0;0;1;1;
48328;202100031163;146 031;B01;1;33;0;2;8;3;1;
48329;202100031163;146 032;A01;1;7;0;2;7;12;2;
48330;202100031164;146 029;A01;0;33;0;2;6;1;1;
48331;202100031164;146 030;B01;0;32;0;2;7;0;1;
48332;202100031165;146 027;A01;0;7;0;2;1;19;1;
48333;202100031165;146 028;B01;0;7;9;2;3;1;1;
48334;202100031166;146 025;A01;2;7;0;2;2;15;1;
48335;202100031166;146 026;B01;1;32;0;2;0;1;1;
48336;202100031167;146 023;B01;3;7;0;2;3;1;1;
48337;202100031167;146 024;A01;3;30;0;2;1;14;1;
48338;202100031168;146 021;A01;1;7;0;2;7;20;1;
48339;202100031168;146 022;B01;1;7;0;2;5;1;1;
48340;202100031169;146 019;B01;3;33;0;2;2;11;1;
48341;202100031169;146 020;A01;3;7;0;2;6;11;1;
48342;202100031170;146 017;B01;3;1;0;2;4;9;0;
48343;202100031170;146 018;A01;2;7;0;2;2;1;1;
48344;202100031171;146 015;B01;1;7;6;0;3;21;1;
48345;202100031171;146 016;A01;2;7;0;0;0;19;1;
48346;202100031172;146 013;A01;2;7;0;2;1;19;1;
48347;202100031172;146 014;B01;2;7;0;2;2;1;1;
48348;202100031173;146 011;B01;2;7;0;2;4;0;1;
48349;202100031173;146 012;A01;2;7;0;2;1;26;1;
48350;202100031175;146 008;A01;1;32;8;0;1;18;1;
48351;202100031176;146 006;A01;1;30;0;2;1;26;6;
48352;202100031176;146 007;B01;1;7;0;2;8;15;0;
48353;202100031177;146 005;A01;2;7;0;0;1;14;1;
48354;202100031178;146 003;A01;2;7;0;2;8;11;1;
48355;202100031178;146 004;B01;2;33;0;2;1;17;1;
48356;202100031179;146 002;A01;1;7;0;1;1;1;1;
48357;202100031180;146 001;A01;2;7;1;0;2;26;3;
48358;202100031181;146 000;A01;2;7;0;1;1;16;1;
48359;202100031182;145 998;B01;1;2;0;2;1;17;1;
48360;202100031182;145 999;A01;1;7;0;2;3;15;1;
48361;202100031183;145 996;A01;1;7;0;2;2;15;1;
48362;202100031183;145 997;B01;2;7;0;2;1;1;1;
48363;202100031184;145 994;B01;1;7;0;2;7;1;1;
48364;202100031184;145 995;A01;3;7;0;2;1;9;1;
48365;202100031185;145 992;A01;3;7;0;2;2;15;0;
48366;202100031185;145 993;B01;3;1;0;2;3;9;0;
48367;202100031186;145 990;B01;2;2;0;2;1;17;1;
48368;202100031186;145 991;A01;2;7;0;2;3;15;1;
48369;202100031187;145 988;A01;0;3;0;2;1;9;1;
48370;202100031187;145 989;B01;0;7;8;2;3;1;1;
48371;202100031188;145 986;A01;1;10;0;2;8;11;0;
48372;202100031188;145 987;B01;1;33;0;2;8;1;1;
48373;202100031189;145 985;A01;2;33;0;0;8;1;1;
48374;202100031190;145 983;A01;1;7;0;2;8;13;1;
48375;202100031190;145 984;B01;1;33;0;2;1;17;1;
48376;202100031192;145 981;A01;2;1;0;1;7;1;5;
48377;202100031193;145 980;A01;1;1;1;0;0;21;5;
48378;202100031194;145 978;A01;1;50;0;2;0;16;3;
48379;202100031194;145 979;Z01;1;31;0;2;0;1;0;
48380;202100031195;145 976;A01;1;30;0;2;8;13;3;
48381;202100031195;145 977;B01;1;7;0;2;7;17;1;
48382;202100031196;145 974;A01;2;7;0;2;1;2;1;
48383;202100031196;145 975;B01;2;32;0;2;4;23;1;
48384;202100031198;145 971;A01;2;7;0;2;1;1;1;
48385;202100031198;145 972;B01;2;1;0;2;1;9;5;
48386;202100031199;145 970;A01;3;30;14;0;0;21;1;
48387;202100031200;145 969;A01;2;50;0;1;1;1;3;
48388;202100031201;145 968;Z01;2;7;0;1;0;1;0;
48389;202100031202;145 966;B01;2;7;0;2;1;15;1;
48390;202100031202;145 967;A01;1;2;0;2;1;3;1;
48391;202100031203;145 964;A01;1;32;0;2;0;17;0;
48392;202100031203;145 965;B01;2;14;0;2;7;12;1;
48393;202100031204;145 962;A01;2;7;0;2;6;15;1;
48394;202100031204;145 963;B01;2;33;0;2;2;17;1;
48395;202100031206;145 958;A01;1;7;0;2;1;2;1;
48396;202100031206;145 959;B01;1;7;0;2;6;10;1;
48397;202100031207;145 956;A01;1;7;0;2;1;23;1;
48398;202100031207;145 957;B01;2;43;14;0;1;1;1;
48399;202100031208;145 955;A01;1;7;-1;0;8;1;1;
48400;202100031209;145 953;B01;3;7;0;2;8;1;1;
48401;202100031209;145 954;A01;3;7;0;2;3;15;1;
48402;202100031210;145 951;B01;0;32;0;2;2;26;1;
48403;202100031210;145 952;A01;0;7;0;2;3;26;1;
48404;202100031211;145 949;B01;2;2;0;2;1;2;1;
48405;202100031211;145 950;A01;2;7;0;2;4;2;1;
48406;202100031212;145 948;A01;1;7;8;0;1;2;1;
48407;202100031213;145 947;A01;3;7;0;1;3;26;6;
48408;202100031214;145 945;B01;2;1;0;2;3;0;0;
48409;202100031214;145 946;A01;2;7;0;2;3;23;0;
48410;202100031215;145 944;A01;3;7;1;1;2;0;0;
48411;202100031216;145 942;B01;3;50;0;2;1;5;3;
48412;202100031216;145 943;A01;3;7;0;2;1;9;2;
48413;202100031217;145 940;A01;1;33;0;2;1;26;1;
48414;202100031217;145 941;B01;1;34;0;2;1;0;1;
48415;202100031218;145 939;A01;0;33;0;0;0;0;1;
48416;202100031219;145 937;B01;1;32;0;2;6;1;1;
48417;202100031219;145 938;A01;2;10;0;2;3;15;1;
48418;202100031220;145 936;A01;1;7;1;0;2;14;1;
48419;202100031221;145 934;A01;1;10;0;2;2;12;1;
48420;202100031221;145 935;B01;1;32;0;2;3;1;1;
48421;202100031222;145 932;A01;2;31;0;0;5;15;1;
48422;202100031222;145 933;B01;2;33;0;2;1;2;1;
48423;202100031223;145 931;A01;1;33;0;0;2;1;1;
48424;202100031224;145 929;B01;1;7;0;2;1;1;1;
48425;202100031224;145 930;A01;2;7;0;2;1;13;1;
48426;202100031225;145 926;A01;0;7;0;0;0;26;1;
48427;202100031226;145 924;B01;2;7;0;0;1;1;1;
48428;202100031226;145 925;A01;2;7;0;2;1;13;1;
48429;202100031227;145 922;B01;2;7;0;2;7;17;1;
48430;202100031227;145 923;A01;2;33;0;2;8;17;1;
48431;202100031228;145 920;A01;2;7;0;2;1;17;1;
48432;202100031228;145 921;B01;1;33;0;2;1;1;1;
48433;202100031229;145 919;A01;1;7;6;0;1;1;1;
48434;202100031230;145 918;A01;0;33;0;0;7;1;1;
48435;202100031231;145 916;A01;0;7;0;2;7;12;1;
48436;202100031231;145 917;B01;3;33;0;2;3;1;1;
48437;202100031232;145 914;A01;2;7;0;2;2;1;1;
48438;202100031232;145 915;B01;1;7;0;2;2;13;1;
48439;202100031233;145 913;A01;2;7;8;0;1;1;1;
48440;202100031234;145 912;A01;1;33;13;0;1;1;1;
48441;202100031236;145 907;A01;1;7;0;2;7;13;1;
48442;202100031236;145 908;B01;2;7;0;2;1;1;1;
48443;202100031237;145 906;A01;1;7;0;1;3;1;1;
48444;202100031238;145 903;C01;2;7;0;2;2;1;1;
48445;202100031238;145 904;A01;1;7;0;2;1;19;1;
48446;202100031238;145 905;B01;2;7;0;2;1;1;2;
48447;202100031239;145 902;A01;2;7;2;0;8;1;1;
48448;202100031240;145 900;A01;2;7;3;9;1;26;1;
48449;202100031240;145 901;B01;1;1;0;2;1;1;5;
48450;202100031241;145 898;A01;2;7;0;2;3;11;1;
48451;202100031241;145 899;B01;1;7;0;2;3;1;1;
48452;202100031242;145 897;A01;3;2;0;0;7;1;1;
48453;202100031245;145 893;A01;1;33;7;0;1;1;1;
48454;202100031246;145 892;A01;0;33;6;0;7;1;1;
48455;202100031247;145 890;A01;1;7;0;2;2;15;1;
48456;202100031247;145 891;B01;1;2;0;2;8;16;1;
48457;202100031248;145 887;B01;2;7;0;2;4;15;1;
48458;202100031248;145 888;A01;2;31;0;2;1;2;1;
48459;202100031249;145 886;A01;1;33;13;0;0;14;1;
48460;202100031250;145 885;A01;1;33;0;0;0;1;1;
48461;202100031252;145 882;A01;1;2;0;0;8;9;1;
48462;202100031254;145 879;A01;2;1;0;2;4;0;5;
48463;202100031254;145 880;B01;1;7;0;2;2;2;1;
48464;202100031255;145 877;A01;2;7;0;2;1;2;1;
48465;202100031255;145 878;B01;1;10;0;2;1;13;1;
48466;202100031256;145 875;A01;2;7;0;2;2;2;1;
48467;202100031256;145 876;B01;2;17;0;0;6;2;1;
48468;202100031258;145 870;A01;2;7;0;2;1;1;1;
48469;202100031258;145 871;B01;1;10;0;2;1;5;1;
48470;202100031259;145 868;B01;1;17;0;2;4;2;1;
48471;202100031259;145 869;A01;1;7;0;2;1;1;1;
48472;202100031260;145 867;A01;2;7;17;0;1;1;1;
48473;202100031261;145 865;A01;1;3;0;2;1;1;1;
48474;202100031261;145 866;B01;2;7;0;2;1;1;1;
48475;202100031262;145 863;A01;3;10;0;0;6;2;1;
48476;202100031262;145 864;B01;3;2;0;2;1;26;1;
48477;202100031263;145 861;B01;1;7;0;2;1;1;1;
48478;202100031263;145 862;A01;1;7;0;2;3;1;1;
48479;202100031265;145 855;C01;2;7;0;2;1;1;1;
48480;202100031265;145 856;B01;2;7;0;2;1;1;1;
48481;202100031265;145 857;A01;1;7;0;2;1;13;1;
48482;202100031266;145 853;A01;1;33;0;2;8;1;1;
48483;202100031266;145 854;B01;2;7;0;2;8;1;2;
48484;202100031267;145 852;A01;1;7;0;1;3;19;1;
48485;202100031268;145 850;B01;2;7;0;2;1;1;1;
48486;202100031268;145 851;A01;1;7;0;2;1;1;1;
48487;202100031269;145 848;A01;1;7;0;2;3;10;1;
48488;202100031269;145 849;B01;2;32;0;2;1;1;1;
48489;202100031270;145 846;A01;2;7;0;2;2;19;1;
48490;202100031270;145 847;B01;2;33;0;2;1;1;1;
48491;202100031271;145 845;A01;3;7;13;0;8;1;1;
48492;202100031272;145 844;A01;3;1;0;0;9;1;5;
48493;202100031273;145 842;A01;1;7;0;2;7;13;1;
48494;202100031273;145 843;B01;2;7;0;2;1;1;1;
48495;202100031274;145 840;A01;0;7;0;2;5;15;1;
48496;202100031274;145 841;B01;3;33;0;2;1;1;1;
48497;202100031275;145 838;B01;2;2;0;2;1;1;1;
48498;202100031275;145 839;A01;2;2;0;0;4;15;1;
48499;202100031276;145 837;A01;2;2;0;6;0;0;1;
48500;202100031277;145 836;A01;2;7;0;1;3;1;1;
48501;202100031278;145 834;A01;3;33;0;0;8;26;1;
48502;202100031278;145 835;B01;3;1;0;0;1;0;5;
48503;202100031279;145 833;A01;1;7;13;0;0;2;1;
48504;202100031280;145 830;A01;1;7;4;0;8;21;1;
48505;202100031280;145 831;B01;1;7;0;0;4;2;1;
48506;202100031280;145 832;C01;1;7;0;0;1;2;1;
48507;202100031281;145 826;A01;2;10;0;2;1;2;1;
48508;202100031281;145 827;B01;2;7;0;2;4;2;1;
48509;202100031281;145 828;C01;2;7;0;2;4;2;1;
48510;202100031281;145 829;D01;2;7;0;2;4;2;1;
48511;202100031282;145 822;A01;1;7;0;2;1;2;1;
48512;202100031282;145 823;B01;1;7;0;2;4;2;1;
48513;202100031282;145 824;C01;1;7;0;2;4;2;0;
48514;202100031282;145 825;D01;1;7;0;2;4;2;0;
48515;202100031283;145 820;A01;2;32;0;2;2;3;1;
48516;202100031283;145 821;B01;2;7;0;2;6;11;0;
48517;202100031285;145 816;A01;2;32;0;2;2;2;1;
48518;202100031285;145 817;B01;2;7;0;2;3;2;1;
48519;202100031286;145 815;A01;2;7;3;0;1;1;1;
48520;202100031287;145 814;A01;2;31;0;0;9;1;1;
48521;202100031288;145 812;B01;1;7;0;2;4;2;1;
48522;202100031288;145 813;A01;1;33;0;2;1;1;1;
48523;202100031289;145 809;B01;2;7;0;2;7;2;1;
48524;202100031289;145 810;C01;2;7;0;2;6;2;1;
48525;202100031289;145 811;A01;2;33;0;2;8;3;1;
48526;202100031290;145 807;B01;1;7;0;2;2;14;1;
48527;202100031290;145 808;A01;1;32;0;2;1;18;1;
48528;202100031291;145 805;A01;1;32;0;2;4;2;1;
48529;202100031291;145 806;Z01;1;32;0;2;1;2;0;
48530;202100031292;145 803;A01;1;1;0;2;7;1;5;
48531;202100031292;145 804;B01;2;1;0;2;1;16;5;
48532;202100031293;145 801;B01;2;50;0;2;1;1;3;
48533;202100031293;145 802;A01;2;7;0;2;3;15;1;
48534;202100031294;145 800;A01;1;7;0;1;1;1;1;
48535;202100031295;145 799;A01;1;7;0;1;1;1;1;
48536;202100031296;145 797;B01;3;30;0;2;1;1;1;
48537;202100031296;145 798;A01;3;10;0;2;7;1;1;
48538;202100031297;145 796;A01;3;50;14;0;0;1;3;
48539;202100031298;145 794;A01;1;43;0;2;5;17;1;
48540;202100031298;145 795;B01;1;14;0;2;3;1;1;
48541;202100031299;145 792;B01;2;1;0;2;1;1;5;
48542;202100031299;145 793;A01;2;7;0;2;3;15;1;
48543;202100031300;145 791;A01;1;34;14;0;1;14;1;
48544;202100031302;145 788;Z01;1;30;0;2;0;14;1;
48545;202100031302;145 789;A01;1;32;0;2;8;1;1;
48546;202100031303;145 787;A01;1;1;0;1;1;1;5;
48547;202100031304;145 785;B01;1;7;0;2;1;16;1;
48548;202100031304;145 786;A01;1;43;0;2;1;1;1;
48549;202100031305;145 783;A01;2;7;0;2;1;2;1;
48550;202100031305;145 784;B01;2;32;0;2;4;23;1;
48551;202100031306;145 781;A01;1;7;0;2;1;16;1;
48552;202100031306;145 782;B01;1;50;0;2;7;19;3;
48553;202100031307;145 779;A01;2;1;0;2;2;13;5;
48554;202100031307;145 780;B01;1;50;0;2;3;1;3;
48555;202100031308;145 777;B01;2;32;0;2;2;1;1;
48556;202100031308;145 778;A01;2;7;0;2;3;15;1;
48557;202100031309;145 775;B01;1;7;0;2;5;26;1;
48558;202100031309;145 776;A01;1;7;0;2;1;0;1;
48559;202100031310;145 773;A01;2;10;0;2;1;1;1;
48560;202100031310;145 774;B01;2;7;0;2;7;15;1;
48561;202100031311;145 771;A01;2;33;0;2;1;18;1;
48562;202100031311;145 772;B01;2;7;0;2;2;16;1;
48563;202100031312;145 769;B01;1;31;0;2;1;2;1;
48564;202100031312;145 770;A01;1;7;0;2;3;10;1;
48565;202100031313;145 767;B01;3;7;0;2;3;1;1;
48566;202100031313;145 768;A01;3;7;0;2;2;1;1;
48567;202100031314;145 766;A01;1;30;0;1;1;2;1;
48568;202100031315;145 763;A01;1;7;0;2;6;9;1;
48569;202100031315;145 764;C01;2;7;0;2;7;1;1;
48570;202100031315;145 765;B01;2;43;0;2;1;1;1;
48571;202100031316;145 761;A01;2;7;0;2;1;26;1;
48572;202100031316;145 762;B01;2;13;0;2;0;0;1;
48573;202100031317;145 759;Z01;1;7;0;2;1;10;1;
48574;202100031317;145 760;B01;1;43;3;2;3;1;1;
48575;202100031318;145 758;A01;2;7;0;1;1;17;1;
48576;202100031320;145 756;A01;3;33;0;2;1;25;1;
48577;202100031321;145 754;B01;3;30;0;2;8;11;1;
48578;202100031321;145 755;A01;3;37;0;2;2;1;1;3.0
48579;202100031322;145 753;A01;2;10;3;0;1;1;1;
48580;202100031323;145 751;A01;1;33;0;2;1;16;1;
48581;202100031323;145 752;B01;1;10;0;2;5;15;1;
48582;202100031324;145 749;A01;0;2;0;2;1;9;1;
48583;202100031324;145 750;B01;3;7;0;2;3;1;1;
48584;202100031325;145 747;A01;1;33;0;2;4;23;1;
48585;202100031325;145 748;B01;1;7;0;2;1;1;1;
48586;202100031326;145 745;A01;2;7;0;2;8;11;1;
48587;202100031326;145 746;B01;2;33;0;2;7;2;1;
48588;202100031327;145 744;A01;3;10;0;1;3;15;1;
48589;202100031328;145 742;B01;1;2;0;2;4;1;3;
48590;202100031328;145 743;A01;1;7;0;2;1;2;1;
48591;202100031329;145 740;B01;2;30;0;2;2;3;1;
48592;202100031329;145 741;A01;2;7;0;2;6;1;1;
48593;202100031331;145 736;B01;3;37;0;2;6;23;1;1.0
48594;202100031331;145 737;A01;3;33;1;1;3;17;1;
48595;202100031333;145 732;A01;2;10;0;2;3;22;1;
48596;202100031333;145 733;B01;2;1;1;0;2;1;5;
48597;202100031334;145 731;A01;1;31;0;0;8;21;1;
48598;202100031335;145 729;B01;1;31;0;2;8;1;1;
48599;202100031335;145 730;A01;1;7;0;2;0;15;1;
48600;202100031336;145 728;A01;1;7;13;0;0;1;1;
48601;202100031337;145 726;A01;2;7;0;2;3;13;1;
48602;202100031337;145 727;B01;1;7;0;2;3;1;1;
48603;202100031338;145 724;B01;1;7;0;2;2;15;1;
48604;202100031338;145 725;A01;1;33;0;2;1;1;1;
48605;202100031339;145 723;A01;1;7;8;0;7;0;1;
48606;202100031341;145 721;A01;2;7;4;0;0;17;1;
48607;202100031342;145 719;A01;1;7;0;2;2;13;1;
48608;202100031342;145 720;B01;2;10;0;2;1;1;1;
48609;202100031343;145 717;A01;2;15;0;2;1;1;6;
48610;202100031343;145 718;C01;2;17;3;0;3;0;6;
48611;202100031344;145 715;A01;3;2;0;2;1;13;1;
48612;202100031344;145 716;B01;0;7;0;2;3;1;1;
48613;202100031345;145 714;A01;1;10;2;0;1;13;4;
48614;202100031347;145 710;A01;1;7;0;2;1;1;1;
48615;202100031347;145 711;B01;1;7;0;2;4;23;1;
48616;202100031347;145 712;C01;2;7;0;2;3;1;1;
48617;202100031348;145 709;A01;1;33;15;0;1;1;1;
48618;202100031350;145 705;B01;1;7;0;2;1;17;1;
48619;202100031350;145 706;A01;2;33;0;2;1;1;1;
48620;202100031351;145 704;A01;3;7;8;0;3;13;1;
48621;202100031352;145 702;B01;1;7;0;2;1;1;1;
48622;202100031352;145 703;A01;2;7;0;2;7;13;1;
48623;202100031353;145 699;B01;3;7;0;2;1;0;1;
48624;202100031353;145 700;G01;3;7;0;2;6;0;-1;
48625;202100031353;145 701;A01;3;33;0;2;1;17;1;
48626;202100031354;145 698;A01;1;7;15;0;1;13;1;
48627;202100031355;145 697;A01;3;1;0;0;0;1;5;
48628;202100031356;145 696;A01;1;7;13;0;1;16;1;
48629;202100031357;145 695;A01;3;1;0;0;0;0;5;
48630;202100031359;145 692;A01;2;7;2;0;2;1;1;
48631;202100031360;145 690;A01;2;7;0;2;2;17;1;
48632;202100031360;145 691;B01;2;21;0;2;3;15;1;
48633;202100031361;145 689;A01;2;7;13;0;1;1;1;
48634;202100031362;145 688;A01;0;2;0;0;0;1;1;
48635;202100031363;145 687;A01;1;7;15;0;8;1;1;
48636;202100031364;145 685;A01;1;7;0;2;1;15;1;
48637;202100031364;145 686;B01;2;7;0;2;1;1;1;
48638;202100031365;145 684;A01;2;7;13;0;9;13;1;
48639;202100031366;145 682;A01;1;7;0;2;3;10;1;
48640;202100031366;145 683;B01;1;33;0;2;1;1;1;
48641;202100031367;145 680;B01;1;1;0;2;3;2;5;
48642;202100031367;145 681;A01;1;7;0;2;2;2;0;
48643;202100031368;145 676;B01;2;7;0;2;3;1;1;
48644;202100031368;145 677;A01;1;7;0;2;3;13;1;
48645;202100031369;145 675;A01;1;7;0;1;7;1;1;
48646;202100031370;145 673;B01;2;17;0;2;6;1;1;
48647;202100031370;145 674;A01;2;33;0;2;2;17;1;
48648;202100031371;145 672;A01;1;33;0;1;2;21;1;
48649;202100031373;145 668;B01;2;7;0;2;1;0;0;
48650;202100031373;145 669;A01;2;2;0;0;4;1;1;
48651;202100031374;145 666;B01;2;7;0;2;6;1;1;
48652;202100031374;145 667;A01;2;7;0;2;2;17;1;
48653;202100031375;145 665;A01;0;7;8;0;7;1;0;
48654;202100031376;145 664;A01;2;33;0;0;0;1;1;
48655;202100031377;145 663;A01;2;10;0;0;9;13;1;
48656;202100031378;145 661;A01;2;7;0;2;2;17;1;
48657;202100031378;145 662;B01;2;2;0;2;3;15;1;
48658;202100031379;145 659;A01;1;2;0;2;5;15;1;
48659;202100031379;145 660;B01;2;7;0;2;2;1;1;
48660;202100031380;145 658;A01;2;7;13;0;0;1;1;
48661;202100031381;145 656;A01;2;7;0;2;5;17;3;
48662;202100031381;145 657;B01;2;33;13;2;8;17;1;
48663;202100031382;145 655;A01;3;7;2;0;1;1;1;
48664;202100031383;145 654;A01;1;7;0;1;5;19;1;
48665;202100031384;145 653;A01;2;7;0;1;2;1;2;
48666;202100031385;145 651;B01;0;7;0;0;2;20;1;
48667;202100031385;145 652;A01;0;30;0;2;1;18;1;
48668;202100031386;145 649;A01;1;7;0;2;1;19;1;
48669;202100031386;145 650;B01;2;7;0;0;7;1;1;
48670;202100031387;145 648;A01;1;33;0;0;1;1;1;
48671;202100031388;145 646;B01;1;1;0;2;4;2;5;
48672;202100031388;145 647;A01;1;7;0;9;1;2;1;
48673;202100031389;145 644;B01;1;33;0;2;2;1;1;
48674;202100031389;145 645;A01;3;7;0;2;3;9;1;
48675;202100031390;145 643;A01;1;7;17;0;1;1;1;
48676;202100031392;145 640;A01;2;7;2;0;0;2;1;
48677;202100031394;145 637;A01;1;2;12;0;1;16;1;
48678;202100031396;145 634;B01;0;7;0;2;3;19;1;
48679;202100031396;145 635;A01;0;30;0;2;3;19;1;
48680;202100031397;145 633;A01;1;7;0;0;8;1;1;
48681;202100031398;145 631;B01;2;7;0;2;2;1;1;
48682;202100031398;145 632;A01;1;33;0;2;4;5;1;
48683;202100031399;145 630;A01;1;43;3;0;7;14;1;
48684;202100031400;145 629;A01;2;7;3;0;1;14;1;
48685;202100031401;145 627;A01;2;7;0;2;1;13;1;
48686;202100031401;145 628;B01;2;7;0;2;4;2;1;
48687;202100031402;145 624;A01;1;7;0;2;8;11;1;
48688;202100031402;145 625;B01;1;7;0;2;6;1;1;
48689;202100031402;145 626;C01;1;34;0;2;1;1;1;
48690;202100031403;145 622;B01;1;7;0;2;4;11;1;
48691;202100031403;145 623;A01;1;33;0;2;1;3;1;
48692;202100031404;145 618;D01;1;7;0;2;4;2;1;
48693;202100031404;145 619;C01;1;7;4;2;4;2;1;
48694;202100031404;145 620;B01;1;7;0;2;1;2;1;
48695;202100031404;145 621;A01;1;7;0;2;1;2;1;
48696;202100031405;145 616;A01;2;32;0;2;6;3;1;
48697;202100031405;145 617;B01;2;7;0;2;6;11;1;
48698;202100031406;145 613;A01;1;7;0;2;1;1;1;
48699;202100031406;145 614;B01;1;7;0;2;4;1;1;
48700;202100031406;145 615;C01;1;7;0;2;3;9;1;
48701;202100031407;145 611;A01;2;7;4;2;9;0;1;
48702;202100031407;145 612;B01;2;17;0;2;3;0;1;
48703;202100031408;145 609;A01;1;33;0;2;3;9;1;
48704;202100031408;145 610;B01;1;7;0;2;2;1;1;
48705;202100031409;145 607;A01;2;33;0;2;1;3;1;
48706;202100031409;145 608;B01;2;7;0;2;4;11;1;
48707;202100031410;145 604;C01;2;7;0;2;3;2;1;
48708;202100031410;145 605;B01;2;7;0;2;3;0;1;
48709;202100031410;145 606;A01;2;15;0;2;1;2;1;
48710;202100031411;145 602;A01;1;7;0;2;4;1;1;
48711;202100031411;145 603;B01;1;7;0;2;1;1;1;
48712;202100031412;145 600;B01;1;7;0;2;1;1;1;
48713;202100031412;145 601;A01;1;2;0;2;1;5;1;
48714;202100031413;145 598;A01;1;7;0;2;1;2;1;
48715;202100031413;145 599;B01;1;7;0;2;5;15;1;
48716;202100031414;145 596;A01;1;7;0;2;8;1;1;
48717;202100031414;145 597;Z01;1;17;0;2;7;12;0;
48718;202100031415;145 593;C01;2;10;0;2;5;2;1;
48719;202100031415;145 594;B01;2;32;0;2;7;1;1;
48720;202100031415;145 595;A01;1;7;0;2;8;9;1;
48721;202100031416;145 591;A01;2;31;0;2;2;3;1;
48722;202100031416;145 592;B01;2;7;0;2;8;11;1;
48723;202100031417;145 588;A01;3;43;0;2;2;18;1;
48724;202100031417;145 589;B01;3;10;0;2;6;1;1;
48725;202100031417;145 590;C01;3;7;0;2;2;1;1;
48726;202100031419;145 583;B01;2;31;0;2;4;1;1;
48727;202100031419;145 584;A01;2;7;0;2;1;12;1;
48728;202100031421;145 579;A01;1;7;0;2;4;13;1;
48729;202100031421;145 580;B01;1;1;0;2;1;7;5;
48730;202100031422;145 577;B01;2;7;0;2;1;1;1;
48731;202100031422;145 578;A01;2;1;0;2;0;19;5;
48732;202100031423;145 575;Z01;2;7;0;2;1;1;0;
48733;202100031423;145 576;A01;2;1;0;2;8;1;5;
48734;202100031424;145 573;B01;1;32;0;2;4;15;1;
48735;202100031424;145 574;A01;1;7;0;2;1;15;1;
48736;202100031425;145 571;A01;3;1;0;2;1;1;5;
48737;202100031425;145 572;B01;3;1;0;2;8;1;5;
48738;202100031426;145 569;B01;2;30;0;2;1;17;1;
48739;202100031426;145 570;A01;2;7;0;2;3;10;1;
48740;202100031427;145 566;C01;3;7;0;2;8;1;2;
48741;202100031427;145 567;B01;3;7;0;2;6;2;1;
48742;202100031427;145 568;A01;3;7;0;2;1;2;1;
48743;202100031428;145 564;B01;2;60;0;2;8;19;5;
48744;202100031428;145 565;A01;1;10;0;2;1;15;1;
48745;202100031429;145 562;A01;2;30;0;2;3;2;1;
48746;202100031429;145 563;Z01;2;7;0;2;2;19;0;
48747;202100031430;145 561;A01;2;32;1;0;1;2;1;
48748;202100031431;145 560;A01;1;34;0;2;3;2;1;
48749;202100031432;145 558;B01;2;7;1;0;6;24;1;
48750;202100031432;145 559;A01;2;7;14;2;1;2;1;