;Num_Acc;id_vehicule;num_veh;senc;catv;obs;obsm;choc;manv;motor;occutc
48751;202100031433;145 556;A01;1;33;0;2;7;21;1;
48752;202100031433;145 557;B01;1;1;0;2;4;13;5;
48753;202100031434;145 555;Z01;3;7;0;1;2;26;0;
48754;202100031435;145 554;A01;3;33;0;9;7;26;1;
48755;202100031436;145 553;A01;2;7;0;1;3;16;1;
48756;202100031437;145 551;B01;1;34;0;2;8;1;1;
48757;202100031437;145 552;A01;1;43;0;2;1;1;1;
48758;202100031438;145 549;B01;2;7;0;2;3;1;2;
48759;202100031438;145 550;A01;3;7;0;2;3;9;1;
48760;202100031439;145 547;B01;1;1;1;0;0;0;5;
48761;202100031439;145 548;A01;1;7;0;0;0;24;1;
48762;202100031442;145 544;A01;1;32;0;0;0;1;1;
48763;202100031443;145 542;A01;2;7;0;2;2;16;1;
48764;202100031443;145 543;B01;2;1;0;2;8;11;5;
48765;202100031444;145 540;A01;2;1;0;2;2;1;5;
48766;202100031444;145 541;B01;1;7;0;2;1;15;5;
48767;202100031445;145 538;B01;1;1;0;2;1;1;5;
48768;202100031445;145 539;A01;2;21;0;2;3;15;1;
48769;202100031446;145 536;B01;1;33;0;2;1;1;1;
48770;202100031446;145 537;A01;1;7;0;2;3;19;1;
48771;202100031447;145 534;B01;1;21;0;2;3;1;1;
48772;202100031447;145 535;A01;2;7;0;2;1;13;1;
48773;202100031448;145 533;A01;1;7;6;0;1;1;1;
48774;202100031449;145 531;B01;2;33;0;2;7;17;1;
48775;202100031449;145 532;A01;2;7;0;2;8;15;1;
48776;202100031450;145 529;A01;2;1;0;0;9;1;5;
48777;202100031450;145 530;B01;1;10;0;2;8;1;1;
48778;202100031451;145 528;A01;2;7;4;0;1;1;1;
48779;202100031452;145 526;A01;2;2;0;2;1;5;1;
48780;202100031452;145 527;B01;1;1;0;2;1;1;0;
48781;202100031453;145 525;A01;0;2;0;0;0;0;1;
48782;202100031454;145 523;A01;2;7;0;2;3;13;1;
48783;202100031454;145 524;B01;1;7;0;2;3;1;1;
48784;202100031457;145 517;A01;2;7;0;2;3;9;1;
48785;202100031457;145 518;B01;2;7;0;2;7;14;0;
48786;202100031458;145 515;A01;1;7;0;9;2;1;1;
48787;202100031458;145 516;B01;3;1;0;2;1;9;5;
48788;202100031459;145 513;B01;2;2;0;2;1;19;1;
48789;202100031459;145 514;A01;3;7;0;2;5;19;1;
48790;202100031460;145 512;A01;1;31;0;0;7;1;0;
48791;202100031461;145 511;A01;1;14;0;0;7;1;1;
48792;202100031462;145 510;A01;1;33;2;0;1;13;1;
48793;202100031464;145 507;A01;2;1;0;2;8;1;5;
48794;202100031464;145 508;B01;2;7;0;2;2;1;1;
48795;202100031465;145 505;B01;1;1;0;2;1;1;5;
48796;202100031465;145 506;A01;2;7;0;2;3;15;1;
48797;202100031466;145 504;A01;2;1;0;0;0;1;5;
48798;202100031467;145 502;B01;2;1;0;2;1;1;5;
48799;202100031467;145 503;A01;1;7;0;2;2;15;1;
48800;202100031468;145 501;A01;3;10;0;1;2;0;1;
48801;202100031469;145 499;A01;2;33;13;0;0;17;1;
48802;202100031469;145 500;B01;2;21;0;0;0;15;1;
48803;202100031470;145 497;A01;3;31;0;2;1;1;1;
48804;202100031470;145 498;B01;3;7;0;2;3;1;1;
48805;202100031471;145 495;B01;2;1;0;2;1;25;5;
48806;202100031471;145 496;A01;1;37;0;2;5;1;0;1.0
48807;202100031472;145 494;A01;3;33;3;0;5;1;1;
48808;202100031473;145 493;A01;3;7;0;1;1;1;1;
48809;202100031474;145 491;B01;2;7;0;2;2;1;1;
48810;202100031474;145 492;A01;1;1;0;2;1;5;5;
48811;202100031475;145 490;A01;0;7;0;1;2;20;1;
48812;202100031476;145 489;A01;1;2;0;0;1;1;0;
48813;202100031477;145 488;A01;1;15;2;0;8;1;1;
48814;202100031478;145 486;A01;2;7;0;2;1;0;0;
48815;202100031478;145 487;B01;1;7;0;2;1;0;1;
48816;202100031479;145 484;B01;2;7;0;0;1;1;1;
48817;202100031479;145 485;A01;1;7;0;0;1;0;1;
48818;202100031480;145 483;A01;1;7;0;1;7;1;1;
48819;202100031482;145 480;B01;0;2;0;2;1;1;1;
48820;202100031482;145 481;A01;0;7;0;2;6;15;1;
48821;202100031483;145 478;B01;0;33;0;2;1;1;1;
48822;202100031483;145 479;A01;0;7;0;2;3;15;1;
48823;202100031484;145 476;A01;1;21;0;2;3;15;1;
48824;202100031484;145 477;B01;2;1;5;2;1;1;5;
48825;202100031485;145 474;A01;2;7;0;9;7;2;1;
48826;202100031485;145 475;B01;2;1;0;2;8;2;5;
48827;202100031486;145 472;A01;1;14;0;2;3;13;1;
48828;202100031486;145 473;B01;2;17;0;2;3;0;1;
48829;202100031487;145 471;A01;2;33;8;0;1;1;1;
48830;202100031489;145 469;A01;1;2;8;0;2;1;1;
48831;202100031490;145 468;A01;1;10;0;1;3;1;1;
48832;202100031491;145 466;B01;0;2;0;2;0;1;1;
48833;202100031491;145 467;A01;1;2;0;2;2;1;1;
48834;202100031492;145 465;A01;2;7;6;0;9;0;6;
48835;202100031494;145 461;B01;2;7;0;2;8;23;1;
48836;202100031494;145 462;A01;2;7;4;2;9;17;1;
48837;202100031495;145 459;B01;2;7;15;2;3;1;1;
48838;202100031495;145 460;A01;1;7;0;2;3;13;1;
48839;202100031496;145 457;A01;1;33;15;0;1;17;1;
48840;202100031496;145 458;B01;1;7;0;0;6;15;1;
48841;202100031497;145 456;A01;1;2;0;0;8;1;1;
48842;202100031499;145 452;A01;2;15;0;2;5;2;1;
48843;202100031499;145 453;B01;2;3;0;2;3;2;1;
48844;202100031500;145 451;A01;1;7;0;0;3;15;1;
48845;202100031501;145 450;A01;2;31;12;0;1;0;1;
48846;202100031502;145 448;A01;1;7;0;2;7;15;1;
48847;202100031502;145 449;B01;2;33;0;2;1;1;1;
48848;202100031503;145 447;A01;2;7;6;0;2;14;1;
48849;202100031504;145 446;A01;0;33;14;0;9;1;1;
48850;202100031505;145 444;A01;2;7;0;2;4;1;1;
48851;202100031505;145 445;B01;2;7;0;2;1;2;1;
48852;202100031506;145 442;B01;2;15;0;2;3;1;1;
48853;202100031506;145 443;A01;1;7;0;2;3;17;1;
48854;202100031507;145 440;A01;2;33;2;2;3;5;1;
48855;202100031507;145 441;B01;1;7;0;2;3;1;1;
48856;202100031508;145 438;B01;2;10;0;0;1;1;1;
48857;202100031508;145 439;A01;1;33;0;2;1;13;1;
48858;202100031509;145 437;A01;2;33;8;0;1;1;1;
48859;202100031510;145 436;A01;1;10;0;1;2;1;1;
48860;202100031511;145 434;A01;1;7;15;2;1;0;1;
48861;202100031511;145 435;B01;2;7;0;2;1;9;1;
48862;202100031512;145 432;A01;2;1;0;2;8;19;5;
48863;202100031512;145 433;B01;2;7;0;2;2;16;1;
48864;202100031513;145 431;A01;2;7;13;0;1;15;1;
48865;202100031514;145 429;A01;1;7;3;2;1;26;1;
48866;202100031514;145 430;B01;2;10;0;2;2;21;1;
48867;202100031515;145 428;A01;3;33;6;0;1;1;1;
48868;202100031517;145 425;A01;0;7;2;1;0;1;1;
48869;202100031518;145 424;A01;2;7;-1;0;8;1;1;
48870;202100031519;145 422;A01;2;7;0;2;1;11;1;
48871;202100031519;145 423;B01;1;7;0;2;1;1;1;
48872;202100031520;145 421;A01;3;7;0;1;3;1;1;
48873;202100031521;145 420;A01;1;7;6;0;2;2;1;
48874;202100031522;145 417;C01;1;1;0;2;1;1;5;
48875;202100031522;145 418;B01;1;1;0;2;1;1;5;
48876;202100031522;145 419;A01;2;7;0;9;2;15;0;
48877;202100031523;145 415;A01;1;7;0;2;1;21;1;
48878;202100031523;145 416;B01;2;1;0;2;1;13;5;
48879;202100031524;145 413;A01;1;7;1;0;1;0;1;
48880;202100031525;145 412;A01;0;30;0;0;0;2;1;
48881;202100031526;145 410;A01;2;34;0;2;1;1;1;
48882;202100031526;145 411;B01;2;33;0;2;3;13;1;
48883;202100031527;145 409;A01;1;33;0;0;1;21;1;
48884;202100031528;145 407;Z01;2;7;0;2;4;12;1;
48885;202100031528;145 408;A01;2;33;0;2;1;26;1;
48886;202100031529;145 405;A01;2;7;0;2;4;2;1;
48887;202100031529;145 406;B01;2;7;0;2;1;2;1;
48888;202100031530;145 403;A01;1;7;0;2;4;2;1;
48889;202100031530;145 404;B01;1;7;0;2;1;2;1;
48890;202100031531;145 401;A01;2;7;0;2;4;2;1;
48891;202100031531;145 402;B01;2;7;0;2;1;2;1;
48892;202100031532;145 399;A01;2;17;0;2;1;1;1;
48893;202100031532;145 400;B01;2;7;0;2;8;9;1;
48894;202100031533;145 397;A01;1;7;0;2;4;1;2;
48895;202100031533;145 398;B01;1;7;0;2;1;1;1;
48896;202100031534;145 393;A01;1;7;4;0;0;26;1;
48897;202100031534;145 394;B01;1;7;0;2;0;0;1;
48898;202100031534;145 395;C01;1;7;0;2;0;0;1;
48899;202100031534;145 396;D01;1;7;0;2;0;0;1;
48900;202100031535;145 391;B01;1;7;0;2;4;23;1;
48901;202100031535;145 392;A01;1;7;0;2;1;1;1;
48902;202100031536;145 389;B01;2;33;0;2;2;1;1;
48903;202100031536;145 390;A01;2;7;0;2;8;11;1;
48904;202100031537;145 385;D01;2;15;0;2;4;23;1;
48905;202100031537;145 386;C01;2;10;0;2;4;23;1;
48906;202100031537;145 387;B01;2;15;0;2;4;23;1;
48907;202100031537;145 388;A01;2;13;0;2;1;1;1;
48908;202100031538;145 383;B01;1;13;0;2;0;0;1;
48909;202100031538;145 384;A01;1;7;1;0;2;14;1;
48910;202100031539;145 381;A01;1;17;0;2;3;12;1;
48911;202100031539;145 382;B01;2;7;0;2;1;2;1;
48912;202100031541;145 377;B01;1;7;0;2;8;11;1;
48913;202100031541;145 378;A01;1;33;0;2;7;1;1;
48914;202100031543;145 374;A01;1;7;0;0;0;21;1;
48915;202100031544;145 372;A01;2;43;0;2;1;18;1;
48916;202100031544;145 373;B01;2;7;0;2;8;11;1;
48917;202100031545;145 370;B01;2;7;0;0;5;1;1;
48918;202100031545;145 371;A01;2;7;0;2;3;1;1;
48919;202100031546;145 369;A01;1;7;4;0;2;14;1;
48920;202100031547;145 368;A01;2;34;4;0;2;14;1;
48921;202100031548;145 367;A01;1;7;0;0;0;1;1;
48922;202100031549;145 365;A01;1;7;0;2;1;2;1;
48923;202100031549;145 366;B01;2;7;4;2;4;2;1;
48924;202100031550;145 364;A01;2;7;4;0;1;14;1;
48925;202100031551;145 362;A01;1;10;0;2;1;1;1;
48926;202100031551;145 363;B01;1;7;5;2;4;23;1;
48927;202100031552;145 361;A01;1;7;4;0;1;1;1;
48928;202100031553;145 358;A01;1;7;0;2;8;13;1;
48929;202100031553;145 359;C01;1;15;0;2;3;1;1;
48930;202100031553;145 360;B01;1;10;0;2;7;0;1;
48931;202100031555;145 354;A01;1;31;0;2;9;3;1;
48932;202100031555;145 355;B01;1;7;0;0;2;1;1;
48933;202100031556;145 351;A01;1;33;0;2;1;3;1;
48934;202100031556;145 352;B01;1;10;0;2;5;1;1;
48935;202100031556;145 353;C01;1;7;0;2;6;1;1;
48936;202100031557;145 348;B01;2;10;1;0;4;23;1;
48937;202100031557;145 349;C01;2;7;0;2;4;1;1;
48938;202100031557;145 350;A01;2;10;1;0;1;1;1;
48939;202100031558;145 345;A01;3;7;0;9;1;1;1;
48940;202100031558;145 346;B01;3;1;0;2;1;1;5;
48941;202100031559;145 343;A01;3;7;1;1;1;1;1;
48942;202100031559;145 344;B01;3;7;0;0;1;24;1;
48943;202100031560;145 341;B01;3;7;12;2;2;1;1;
48944;202100031560;145 342;A01;3;1;0;2;1;15;5;
48945;202100031561;145 339;B01;3;7;0;2;2;15;1;
48946;202100031561;145 340;A01;3;7;0;2;0;1;1;
48947;202100031562;145 337;B01;1;7;0;2;2;1;1;
48948;202100031562;145 338;A01;1;7;0;2;8;16;1;
48949;202100031563;145 336;A01;1;7;0;1;3;1;1;
48950;202100031564;145 334;B01;1;33;0;2;1;1;1;
48951;202100031564;145 335;A01;1;7;0;2;7;15;1;
48952;202100031565;145 333;A01;1;7;0;1;1;1;1;
48953;202100031566;145 331;B01;3;7;0;2;4;1;1;
48954;202100031566;145 332;A01;3;7;0;2;1;0;1;
48955;202100031567;145 329;B01;1;50;0;2;8;15;3;
48956;202100031567;145 330;C01;1;7;0;2;5;17;-1;
48957;202100031568;145 327;A01;2;7;0;2;5;26;1;
48958;202100031568;145 328;B01;2;31;0;2;1;1;1;
48959;202100031569;145 324;A01;3;7;0;2;1;2;1;
48960;202100031569;145 325;B01;3;7;0;2;4;23;1;
48961;202100031569;145 326;C01;3;7;0;2;4;23;1;
48962;202100031571;145 322;A01;1;10;0;1;1;1;1;
48963;202100031572;145 320;A01;0;30;0;1;1;1;1;
48964;202100031572;145 321;B01;0;37;0;1;3;1;0;1.0
48965;202100031573;145 318;B01;1;7;0;2;1;9;1;
48966;202100031573;145 319;A01;2;30;0;2;0;1;3;
48967;202100031574;145 314;D01;1;7;4;2;4;2;1;
48968;202100031574;145 315;C01;1;10;0;2;4;2;1;
48969;202100031574;145 316;A01;1;7;0;2;1;2;1;
48970;202100031574;145 317;B01;1;7;0;2;0;23;1;
48971;202100031575;145 313;A01;1;7;0;1;1;1;1;
48972;202100031576;145 312;A01;0;3;9;0;1;1;3;
48973;202100031577;145 310;B01;2;7;0;2;1;0;1;
48974;202100031577;145 311;A01;1;7;0;2;7;15;1;
48975;202100031578;145 308;B01;1;1;0;2;0;1;5;
48976;202100031578;145 309;A01;1;7;0;2;1;9;1;
48977;202100031579;145 307;A01;2;7;0;1;2;1;3;
48978;202100031580;145 305;B01;0;7;0;2;1;1;1;
48979;202100031580;145 306;A01;0;30;0;2;1;13;1;
48980;202100031581;145 302;B01;1;7;0;2;1;0;0;
48981;202100031581;145 303;A01;1;7;0;2;4;1;1;
48982;202100031581;145 304;C01;1;7;0;2;1;1;1;
48983;202100031582;145 300;A01;1;7;0;2;1;1;1;
48984;202100031582;145 301;B01;1;30;0;2;7;15;1;
48985;202100031583;145 299;A01;2;7;0;1;1;1;1;
48986;202100031584;145 297;B01;2;43;0;2;1;1;1;
48987;202100031584;145 298;A01;1;7;0;2;5;15;1;
48988;202100031585;145 296;A01;3;7;0;1;2;26;1;
48989;202100031586;145 294;B01;1;7;0;2;2;12;1;
48990;202100031586;145 295;A01;1;32;0;2;3;3;1;
48991;202100031587;145 291;A01;1;32;0;2;8;16;1;
48992;202100031587;145 292;C01;1;7;0;2;7;23;1;
48993;202100031587;145 293;B01;1;7;0;2;2;18;1;
48994;202100031588;145 290;A01;2;31;0;1;6;1;1;
48995;202100031589;145 288;B01;2;7;0;2;1;1;1;
48996;202100031589;145 289;A01;2;10;0;2;5;9;1;
48997;202100031590;145 287;A01;2;43;0;1;1;1;1;
48998;202100031591;145 285;B01;2;7;0;2;5;16;1;
48999;202100031591;145 286;A01;2;32;0;2;1;1;1;
49000;202100031592;145 283;A01;2;7;0;2;7;1;1;
49001;202100031592;145 284;Z01;2;7;0;2;1;1;1;
49002;202100031593;145 282;A01;2;30;0;1;1;1;3;
49003;202100031594;145 280;A01;1;50;0;2;2;17;3;
49004;202100031594;145 281;B01;1;7;0;2;3;23;1;
49005;202100031595;145 279;A01;3;7;1;0;1;13;1;
49006;202100031596;145 278;A01;3;31;0;0;0;1;1;
49007;202100031597;145 276;B01;1;30;0;2;4;23;1;
49008;202100031597;145 277;A01;1;7;0;2;1;2;1;
49009;202100031598;145 275;Z01;1;2;0;1;1;1;0;
49010;202100031599;145 274;A01;1;33;0;1;2;5;1;
49011;202100031600;145 272;A01;0;7;0;2;3;13;1;
49012;202100031600;145 273;B01;0;33;0;2;2;1;1;
49013;202100031601;145 270;A01;0;10;0;2;0;1;1;
49014;202100031601;145 271;B01;0;30;0;2;8;1;1;
49015;202100031602;145 268;A01;1;7;0;2;1;2;1;
49016;202100031602;145 269;B01;1;7;0;2;4;23;1;
49017;202100031603;145 266;B01;1;7;0;2;3;15;2;
49018;202100031603;145 267;A01;2;32;0;2;2;3;1;
49019;202100031605;145 262;A01;1;7;0;2;1;1;1;
49020;202100031605;145 263;B01;2;7;0;2;8;15;1;
49021;202100031606;145 261;A01;2;7;0;1;2;1;1;
49022;202100031607;145 260;A01;0;31;0;0;0;0;0;
49023;202100031608;145 258;B01;1;37;0;2;6;1;1;1.0
49024;202100031608;145 259;A01;1;7;0;2;0;2;1;
49025;202100031609;145 256;A01;2;7;0;2;1;2;1;
49026;202100031609;145 257;B01;2;2;0;2;4;11;1;
49027;202100031610;145 254;Z01;1;7;0;2;8;11;1;
49028;202100031610;145 255;A01;1;7;0;2;2;1;1;
49029;202100031611;145 252;A01;1;32;0;2;8;11;1;
49030;202100031611;145 253;B01;1;7;0;2;2;1;1;
49031;202100031612;145 248;B01;3;99;0;0;0;0;6;
49032;202100031612;145 249;A01;1;15;0;2;6;13;1;
49033;202100031612;145 250;C01;3;10;0;2;6;0;1;
49034;202100031612;145 251;D01;1;7;0;2;7;15;1;
49035;202100031613;145 245;A01;1;7;0;2;1;1;1;
49036;202100031613;145 246;B01;1;7;0;2;4;1;1;
49037;202100031613;145 247;C01;1;7;0;0;0;10;1;
49038;202100031614;145 243;B01;1;1;0;2;1;2;5;
49039;202100031614;145 244;A01;1;7;0;2;6;23;1;
49040;202100031615;145 241;B01;3;2;0;2;8;1;1;
49041;202100031615;145 242;A01;3;7;0;2;1;15;1;
49042;202100031616;145 240;A01;1;7;4;0;9;14;1;
49043;202100031617;145 239;A01;2;32;0;1;0;21;1;
49044;202100031618;145 238;A01;0;7;0;1;7;1;1;
49045;202100031619;145 237;A01;2;7;0;1;1;1;1;
49046;202100031620;145 233;A01;2;32;0;2;1;2;1;
49047;202100031620;145 234;B01;2;7;0;2;4;15;1;
49048;202100031621;145 232;A01;3;7;0;1;1;1;1;
49049;202100031622;145 230;A01;1;2;0;2;1;1;1;
49050;202100031622;145 231;B01;2;7;0;2;3;1;1;
49051;202100031623;145 228;B01;1;50;0;2;8;1;3;
49052;202100031623;145 229;A01;1;7;0;2;1;9;1;
49053;202100031624;145 226;A01;3;30;0;2;1;15;1;
49054;202100031624;145 227;B01;2;33;0;2;8;1;0;
49055;202100031625;145 224;B01;1;7;0;2;4;1;1;
49056;202100031625;145 225;A01;1;7;0;2;1;2;1;
49057;202100031626;145 222;A01;2;30;0;2;2;2;1;
49058;202100031626;145 223;B01;2;7;0;2;3;15;1;
49059;202100031627;145 220;A01;2;7;0;2;7;15;1;
49060;202100031627;145 221;B01;1;31;0;2;1;1;3;
49061;202100031628;145 218;B01;2;7;0;2;4;23;1;
49062;202100031628;145 219;A01;2;7;8;2;1;2;1;
49063;202100031629;145 216;B01;2;33;0;2;8;3;1;
49064;202100031629;145 217;A01;2;7;0;2;2;12;1;
49065;202100031630;145 214;A01;3;7;0;2;1;1;1;
49066;202100031630;145 215;B01;3;7;0;2;7;1;1;
49067;202100031631;145 213;A01;0;7;13;0;3;1;1;
49068;202100031632;145 212;A01;1;7;6;0;2;1;1;
49069;202100031633;145 211;A01;1;3;1;0;2;1;1;
49070;202100031634;145 209;B01;1;7;0;2;2;1;1;
49071;202100031634;145 210;A01;1;7;9;2;3;1;3;
49072;202100031636;145 205;A01;2;7;0;2;3;26;1;
49073;202100031636;145 206;B01;2;7;0;2;2;1;1;
49074;202100031637;145 203;B01;1;7;0;2;1;1;1;
49075;202100031637;145 204;A01;2;7;0;2;1;13;1;
49076;202100031638;145 201;A01;1;7;0;9;2;13;1;
49077;202100031638;145 202;B01;1;1;0;2;6;1;6;
49078;202100031639;145 199;B01;1;10;0;2;2;1;1;
49079;202100031639;145 200;A01;1;1;0;2;1;19;5;
49080;202100031640;145 197;B01;1;21;0;0;8;15;1;
49081;202100031640;145 198;A01;1;31;0;2;1;17;1;
49082;202100031641;145 196;A01;1;7;3;0;1;1;0;
49083;202100031642;145 195;A01;2;7;0;1;2;1;1;
49084;202100031643;145 193;A01;1;7;0;2;1;1;1;
49085;202100031643;145 194;B01;1;1;0;2;6;15;5;
49086;202100031644;145 191;B01;3;1;0;2;1;1;5;
49087;202100031644;145 192;A01;3;7;0;9;1;1;1;
49088;202100031646;145 188;B01;2;21;0;2;8;1;1;
49089;202100031646;145 189;A01;1;33;0;2;8;1;1;
49090;202100031647;145 185;C01;1;21;15;2;3;14;1;
49091;202100031647;145 186;B01;2;10;0;2;1;1;1;
49092;202100031647;145 187;A01;1;15;0;2;7;17;1;
49093;202100031648;145 183;A01;2;30;0;2;8;15;1;
49094;202100031648;145 184;B01;2;7;0;2;2;1;1;
49095;202100031649;145 182;A01;1;2;13;0;9;16;1;
49096;202100031650;145 181;A01;1;7;0;1;0;15;1;
49097;202100031651;145 180;A01;2;33;0;0;0;15;1;
49098;202100031652;145 178;A01;1;7;3;2;3;13;1;
49099;202100031652;145 179;B01;2;7;3;2;3;1;1;
49100;202100031653;145 176;A01;2;7;15;2;1;5;1;
49101;202100031653;145 177;B01;1;7;0;2;1;1;1;
49102;202100031654;145 174;B01;2;7;0;2;8;2;1;
49103;202100031654;145 175;A01;1;7;0;2;8;5;1;
49104;202100031655;145 171;A01;1;7;0;9;3;15;0;
49105;202100031655;145 172;B01;1;1;0;2;1;17;5;
49106;202100031656;145 169;B01;1;17;0;2;3;1;1;
49107;202100031656;145 170;A01;2;7;0;2;1;11;1;
49108;202100031657;145 167;A01;2;10;0;2;2;15;1;
49109;202100031657;145 168;B01;1;33;0;2;3;1;1;
49110;202100031659;145 165;A01;2;33;12;0;0;1;1;
49111;202100031660;145 163;B01;2;7;0;2;1;1;1;
49112;202100031660;145 164;A01;1;7;0;2;1;13;1;
49113;202100031661;145 161;A01;1;7;0;2;1;1;1;
49114;202100031661;145 162;B01;1;1;0;2;7;19;5;
49115;202100031662;145 159;B01;1;15;0;2;2;1;1;
49116;202100031662;145 160;A01;1;7;0;0;8;9;1;
49117;202100031664;145 156;A01;2;31;0;2;1;1;1;
49118;202100031664;145 157;B01;2;7;0;2;2;0;1;
49119;202100031665;145 154;B01;2;10;0;2;8;1;1;
49120;202100031665;145 155;A01;2;1;0;2;1;1;5;
49121;202100031667;145 152;A01;3;7;13;0;0;1;1;
49122;202100031668;145 148;A01;2;7;0;2;1;1;2;
49123;202100031668;145 149;B01;1;7;15;2;8;1;1;
49124;202100031669;145 146;A01;2;14;0;2;3;15;1;
49125;202100031669;145 147;B01;1;33;0;2;1;1;1;
49126;202100031670;145 145;A01;2;7;0;0;2;1;1;
49127;202100031671;145 143;A01;2;7;0;2;1;13;1;
49128;202100031671;145 144;B01;1;7;0;2;1;1;1;
49129;202100031672;145 141;A01;1;7;0;2;1;5;2;
49130;202100031672;145 142;B01;2;7;0;2;1;1;1;
49131;202100031673;145 140;B01;1;7;1;0;1;17;2;
49132;202100031674;145 139;A01;1;7;13;0;1;14;1;
49133;202100031675;145 138;A01;3;7;0;1;2;19;1;
49134;202100031676;145 135;A01;2;7;0;2;1;1;1;
49135;202100031676;145 136;B01;1;2;0;2;7;15;1;
49136;202100031677;145 134;A01;1;43;11;9;8;6;1;
49137;202100031678;145 132;A01;1;7;0;2;1;0;1;
49138;202100031678;145 133;B01;1;7;0;2;1;0;1;
49139;202100031679;145 131;A01;2;2;0;6;1;1;1;
49140;202100031680;145 130;A01;1;33;0;1;1;26;1;
49141;202100031681;145 129;A01;1;33;0;0;7;1;1;
49142;202100031682;145 127;A01;1;7;0;2;3;15;1;
49143;202100031682;145 128;B01;1;31;0;2;7;17;1;
49144;202100031683;145 125;B01;1;7;3;2;1;0;1;
49145;202100031683;145 126;A01;2;7;8;2;9;0;1;
49146;202100031684;145 123;B01;3;1;0;2;1;19;5;
49147;202100031684;145 124;A01;1;7;0;9;2;1;1;
49148;202100031685;145 122;A01;3;7;0;0;9;16;1;
49149;202100031687;145 119;C01;2;7;0;2;1;26;1;
49150;202100031687;145 120;A01;2;2;0;0;4;2;1;
49151;202100031688;145 117;A01;2;7;0;2;3;11;1;
49152;202100031688;145 118;B01;2;33;0;2;1;17;1;
49153;202100031689;145 114;C01;2;7;0;2;1;15;1;
49154;202100031689;145 115;B01;1;2;0;2;2;1;1;
49155;202100031689;145 116;A01;1;7;0;2;3;9;1;
49156;202100031690;145 113;A01;2;7;6;0;3;1;1;
49157;202100031692;145 110;A01;0;7;0;2;1;2;1;
49158;202100031692;145 111;B01;0;14;0;0;6;2;0;
49159;202100031695;145 105;A01;2;7;0;2;7;2;1;
49160;202100031695;145 106;B01;2;7;0;2;8;11;1;
49161;202100031696;145 104;A01;1;7;0;1;1;2;1;
49162;202100031697;145 101;A01;2;7;0;2;1;11;1;
49163;202100031697;145 102;B01;2;7;0;2;4;2;1;
49164;202100031697;145 103;C01;2;7;0;2;1;2;1;
49165;202100031698;145 099;A01;2;10;0;2;2;12;1;
49166;202100031698;145 100;B01;2;7;0;2;6;2;1;
49167;202100031699;145 098;A01;2;7;3;0;0;9;1;
49168;202100031700;145 095;B01;2;7;0;2;5;1;1;
49169;202100031700;145 096;Z01;2;7;4;2;7;26;0;
49170;202100031700;145 097;A01;2;7;4;2;6;1;1;
49171;202100031701;145 093;A01;1;1;0;2;7;19;6;
49172;202100031701;145 094;B01;1;31;0;9;1;1;1;
49173;202100031702;145 091;B01;3;7;0;9;2;1;1;
49174;202100031702;145 092;A01;0;1;0;2;1;19;5;
49175;202100031703;145 088;C01;2;7;0;2;2;1;1;
49176;202100031703;145 089;B01;2;7;3;2;4;0;1;
49177;202100031703;145 090;A01;2;14;0;2;0;26;1;
49178;202100031704;145 086;A01;1;7;0;2;1;2;1;
49179;202100031704;145 087;B01;1;7;0;2;4;1;1;
49180;202100031705;145 085;A01;3;7;8;0;1;2;0;
49181;202100031706;145 083;B01;3;7;0;2;3;26;1;
49182;202100031706;145 084;A01;3;30;0;2;3;9;1;
49183;202100031707;145 081;A01;3;7;0;2;3;15;1;
49184;202100031707;145 082;B01;3;2;0;2;1;17;1;
49185;202100031708;145 080;A01;2;10;6;0;1;9;1;
49186;202100031709;145 078;A01;2;7;0;2;0;26;1;
49187;202100031709;145 079;B01;2;2;0;2;0;26;1;
49188;202100031711;145 074;A01;0;10;0;2;2;1;1;
49189;202100031711;145 075;B01;0;7;0;2;6;1;1;
49190;202100031712;145 072;A01;0;10;0;2;4;4;0;
49191;202100031712;145 073;B01;0;32;0;2;1;2;1;
49192;202100031713;145 071;A01;1;32;0;1;3;9;1;
49193;202100031714;145 069;Z01;2;7;0;2;1;2;1;
49194;202100031714;145 070;A01;2;7;0;2;4;2;1;
49195;202100031715;145 068;A01;3;7;0;1;1;15;1;
49196;202100031716;145 066;A01;2;7;0;2;1;26;1;
49197;202100031716;145 067;B01;2;7;0;2;4;0;1;
49198;202100031717;145 065;A01;2;30;0;0;7;1;1;
49199;202100031719;145 063;A01;3;7;0;1;3;1;1;
49200;202100031720;145 061;A01;1;7;0;2;3;1;1;
49201;202100031720;145 062;B01;2;37;0;2;3;0;1;1.0
49202;202100031721;145 059;A01;1;33;0;2;1;17;1;
49203;202100031721;145 060;B01;2;7;0;2;5;15;1;
49204;202100031722;145 057;B01;0;7;0;2;1;1;1;
49205;202100031722;145 058;A01;0;7;0;2;1;19;1;
49206;202100031723;145 055;B01;1;7;0;2;7;15;1;
49207;202100031723;145 056;A01;1;7;0;2;2;1;1;
49208;202100031724;145 053;A01;3;7;0;2;7;19;1;
49209;202100031724;145 054;B01;3;7;14;2;1;0;1;
49210;202100031726;145 050;A01;2;7;0;1;1;1;1;
49211;202100031727;145 048;A01;2;33;0;2;1;2;1;
49212;202100031727;145 049;B01;2;10;0;2;5;23;6;