;Num_Acc;id_vehicule;num_veh;senc;catv;obs;obsm;choc;manv;motor;occutc
49213;202100031728;145 046;A01;1;32;0;2;3;13;1;
49214;202100031728;145 047;B01;2;7;0;2;3;1;1;
49215;202100031729;145 044;A01;1;33;8;2;3;17;1;
49216;202100031729;145 045;B01;1;7;0;2;3;15;1;
49217;202100031730;145 043;A01;1;10;0;1;8;1;1;
49218;202100031731;145 039;D01;1;7;0;2;4;2;2;
49219;202100031731;145 040;C01;1;7;0;2;4;2;1;
49220;202100031731;145 041;B01;1;7;0;2;4;2;1;
49221;202100031731;145 042;A01;1;10;0;2;1;2;1;
49222;202100031732;145 037;A01;2;7;0;2;2;1;1;
49223;202100031732;145 038;B01;1;43;0;2;3;1;1;
49224;202100031733;145 035;A01;1;32;0;2;1;17;1;
49225;202100031733;145 036;B01;1;1;0;2;4;13;5;
49226;202100031734;145 033;A01;1;7;0;2;5;22;2;
49227;202100031734;145 034;B01;1;1;0;2;7;18;5;
49228;202100031735;145 031;A01;1;7;0;2;3;2;1;
49229;202100031735;145 032;B01;1;32;0;2;7;2;1;
49230;202100031736;145 029;Z01;1;7;0;2;0;17;1;
49231;202100031736;145 030;A01;1;50;0;2;8;1;3;
49232;202100031737;145 027;A01;2;1;0;2;3;10;5;
49233;202100031737;145 028;B01;2;1;0;2;1;17;5;
49234;202100031738;145 025;B01;1;7;0;2;1;16;1;
49235;202100031738;145 026;A01;1;1;0;2;7;19;5;
49236;202100031739;145 024;A01;0;30;1;0;4;16;1;
49237;202100031740;145 022;Z01;1;7;0;2;1;2;1;
49238;202100031740;145 023;A01;1;31;0;2;4;23;1;
49239;202100031743;145 017;A01;1;7;0;2;5;15;1;
49240;202100031743;145 018;B01;2;13;0;2;1;1;1;
49241;202100031744;145 016;A01;1;7;0;1;2;15;1;
49242;202100031746;145 012;A01;1;7;0;2;1;20;1;
49243;202100031746;145 013;B01;1;32;0;2;7;1;1;
49244;202100031747;145 010;B01;1;1;1;0;8;2;0;
49245;202100031747;145 011;A01;2;10;0;2;3;23;1;
49246;202100031748;145 009;A01;3;7;0;1;5;26;1;
49247;202100031749;145 008;A01;3;43;12;0;1;1;1;
49248;202100031751;145 006;A01;2;7;0;9;1;1;1;
49249;202100031752;145 003;Z01;1;7;0;2;1;5;1;
49250;202100031752;145 004;B01;2;7;0;2;2;1;1;
49251;202100031752;145 005;C01;2;7;1;2;1;24;1;
49252;202100031753;145 002;A01;2;7;0;1;1;1;1;
49253;202100031754;145 001;A01;1;15;0;1;0;0;1;
49254;202100031755;144 999;A01;2;7;0;9;3;9;1;
49255;202100031755;145 000;B01;1;1;0;2;1;1;0;
49256;202100031756;144 995;A01;3;7;0;2;3;9;1;
49257;202100031756;144 996;B01;3;32;0;2;1;21;1;
49258;202100031757;144 993;B01;2;10;16;2;7;7;0;
49259;202100031757;144 994;A01;2;1;0;2;8;7;5;
49260;202100031758;144 991;A01;1;7;0;2;2;15;1;
49261;202100031758;144 992;B01;1;2;0;2;8;1;1;
49262;202100031759;144 990;A01;1;30;1;0;4;9;1;
49263;202100031760;144 989;A01;1;7;0;1;1;1;1;
49264;202100031761;144 988;Y01;3;1;0;0;0;25;5;
49265;202100031762;144 986;B01;1;7;0;2;4;1;1;
49266;202100031762;144 987;A01;1;30;1;2;1;2;1;
49267;202100031763;144 984;A01;3;7;0;2;2;2;1;
49268;202100031763;144 985;B01;3;7;0;2;4;1;1;
49269;202100031764;144 983;A01;1;33;0;1;1;1;1;
49270;202100031765;144 982;A01;2;37;9;0;5;16;2;2.0
49271;202100031766;144 980;B01;3;7;0;1;1;1;1;
49272;202100031766;144 981;A01;3;1;0;2;8;1;5;
49273;202100031767;144 978;A01;1;31;0;2;2;17;1;
49274;202100031767;144 979;B01;1;7;0;2;6;15;2;
49275;202100031768;144 977;A01;1;7;0;1;1;1;1;
49276;202100031769;144 975;A01;1;7;0;2;1;16;1;
49277;202100031769;144 976;B01;2;7;0;2;1;1;1;
49278;202100031770;144 973;A01;0;7;0;2;1;15;1;
49279;202100031770;144 974;B01;0;33;0;2;8;1;1;
49280;202100031771;144 971;A01;1;1;0;2;6;2;5;
49281;202100031771;144 972;B01;1;1;0;2;2;2;5;
49282;202100031773;144 968;A01;2;7;15;0;2;14;1;
49283;202100031774;144 966;A01;0;7;0;2;2;1;1;
49284;202100031774;144 967;B01;3;1;0;2;3;1;5;
49285;202100031775;144 963;A01;1;7;0;0;0;17;1;
49286;202100031775;144 964;B01;1;7;0;0;9;17;1;
49287;202100031776;144 961;A01;1;33;0;2;3;1;1;
49288;202100031776;144 962;B01;2;17;0;2;8;17;1;
49289;202100031777;144 959;B01;3;31;0;2;7;15;1;
49290;202100031777;144 960;A01;2;15;0;0;5;1;1;
49291;202100031778;144 957;A01;2;2;0;2;3;13;1;
49292;202100031778;144 958;B01;2;7;0;2;6;1;1;
49293;202100031779;144 955;B01;3;2;0;2;1;1;1;
49294;202100031779;144 956;A01;3;7;0;2;8;15;1;
49295;202100031780;144 954;A01;1;7;0;1;2;1;1;
49296;202100031781;144 952;A01;1;7;0;2;3;9;1;
49297;202100031781;144 953;B01;1;2;0;2;1;1;1;
49298;202100031782;144 950;A01;2;2;0;2;1;1;1;
49299;202100031782;144 951;B01;2;7;0;2;1;15;1;
49300;202100031783;144 949;A01;1;2;10;0;7;0;1;
49301;202100031784;144 947;A01;2;7;0;2;2;17;1;
49302;202100031784;144 948;B01;2;14;0;0;6;2;1;
49303;202100031785;144 945;A01;2;7;0;2;3;26;1;
49304;202100031785;144 946;B01;2;7;0;2;1;1;1;
49305;202100031786;144 940;E01;1;7;0;0;4;1;1;
49306;202100031786;144 941;D01;1;7;0;0;4;2;1;
49307;202100031786;144 942;C01;1;15;0;0;4;2;1;
49308;202100031786;144 943;B01;1;15;0;2;4;21;1;
49309;202100031786;144 944;A01;1;15;0;2;1;2;1;
49310;202100031787;144 938;A01;0;7;0;2;1;1;1;
49311;202100031787;144 939;B01;0;7;0;2;3;1;1;
49312;202100031788;144 937;A01;2;7;8;0;3;13;1;
49313;202100031789;144 935;B01;2;7;0;2;1;1;1;
49314;202100031789;144 936;A01;1;7;14;2;1;16;1;
49315;202100031790;144 934;A01;0;33;15;0;1;1;1;
49316;202100031791;144 932;A01;1;7;12;2;2;17;2;
49317;202100031791;144 933;B01;1;7;9;0;8;15;1;
49318;202100031792;144 930;A01;1;7;0;0;6;9;1;
49319;202100031792;144 931;B01;2;7;0;2;2;16;1;
49320;202100031793;144 929;A01;1;33;0;0;7;1;1;
49321;202100031794;144 928;A01;1;33;13;0;1;1;1;
49322;202100031795;144 927;A01;1;7;0;0;9;1;1;
49323;202100031797;144 924;A01;2;14;0;1;1;1;0;
49324;202100031798;144 922;B01;1;10;0;2;6;2;1;
49325;202100031798;144 923;A01;1;33;0;2;1;2;1;
49326;202100031799;144 921;A01;2;7;0;2;4;1;1;
49327;202100031800;144 919;B01;2;7;0;2;1;2;1;
49328;202100031800;144 920;A01;2;7;0;2;4;2;1;
49329;202100031801;144 917;B01;2;7;0;2;4;1;1;
49330;202100031801;144 918;A01;2;7;0;2;1;2;1;
49331;202100031802;144 915;B01;1;7;4;0;3;1;1;
49332;202100031802;144 916;A01;1;10;0;0;0;13;1;
49333;202100031803;144 914;A01;1;7;4;0;3;13;1;
49334;202100031804;144 912;A01;2;7;0;2;1;1;1;
49335;202100031804;144 913;B01;2;7;0;2;4;2;1;
49336;202100031805;144 911;A01;1;43;0;0;0;2;1;
49337;202100031806;144 909;B01;2;7;0;2;4;1;1;
49338;202100031806;144 910;A01;2;7;0;2;1;1;1;
49339;202100031807;144 908;A01;1;3;4;0;9;13;1;
49340;202100031808;144 907;A01;2;33;0;0;9;2;1;
49341;202100031809;144 905;B01;1;7;0;2;6;1;1;
49342;202100031809;144 906;A01;1;32;0;2;1;3;1;
49343;202100031810;144 900;A01;1;7;0;2;7;2;1;
49344;202100031810;144 901;Z01;1;0;0;2;0;0;0;
49345;202100031810;144 902;D01;1;13;0;2;4;2;1;
49346;202100031810;144 903;C01;1;7;0;2;4;2;1;
49347;202100031810;144 904;B01;1;7;0;2;2;2;1;
49348;202100031811;144 897;B01;1;7;0;2;4;2;2;
49349;202100031811;144 898;A01;1;7;0;2;1;1;1;
49350;202100031811;144 899;C01;1;7;0;2;4;2;1;
49351;202100031812;144 895;A01;2;33;0;2;7;3;1;
49352;202100031812;144 896;B01;2;10;0;2;7;2;1;
49353;202100031813;144 892;A01;1;7;0;2;1;26;1;
49354;202100031813;144 893;B01;1;7;0;2;5;0;1;
49355;202100031813;144 894;C01;1;7;0;2;3;0;1;
49356;202100031814;144 890;Z01;2;7;0;2;3;5;1;
49357;202100031814;144 891;A01;2;7;0;2;2;1;1;
49358;202100031815;144 888;B01;1;7;0;2;5;1;1;
49359;202100031815;144 889;A01;1;7;14;2;1;1;1;
49360;202100031816;144 884;A01;1;7;0;2;5;16;1;
49361;202100031816;144 885;B01;1;30;0;2;1;1;1;
49362;202100031817;144 882;B01;3;1;0;2;8;9;6;
49363;202100031817;144 883;A01;1;32;0;2;1;1;1;
49364;202100031818;144 881;A01;1;30;0;0;0;1;1;
49365;202100031819;144 879;A01;3;7;2;0;1;0;1;
49366;202100031819;144 880;B01;3;7;2;0;1;0;2;
49367;202100031820;144 877;A01;1;7;0;2;6;1;1;
49368;202100031820;144 878;B01;1;50;0;2;6;1;3;
49369;202100031821;144 875;A01;1;10;0;2;1;2;1;
49370;202100031821;144 876;B01;1;7;0;2;4;2;1;
49371;202100031822;144 873;B01;2;7;0;2;6;15;1;
49372;202100031822;144 874;A01;1;33;0;2;1;1;1;
49373;202100031823;144 871;A01;3;7;0;2;1;1;1;
49374;202100031823;144 872;B01;3;7;0;2;4;1;1;
49375;202100031824;144 869;A01;1;60;0;2;8;19;5;
49376;202100031824;144 870;B01;3;7;0;2;8;1;1;
49377;202100031825;144 867;A01;3;7;0;1;5;15;1;
49378;202100031825;144 868;B01;1;1;0;2;8;26;5;
49379;202100031826;144 866;A01;3;7;0;1;3;1;1;
49380;202100031828;144 862;B01;3;33;0;2;1;1;1;
49381;202100031828;144 863;A01;1;7;0;2;2;9;1;
49382;202100031829;144 860;A01;1;99;0;9;3;26;1;
49383;202100031829;144 861;B01;1;1;0;2;1;25;0;
49384;202100031830;144 858;A01;2;7;0;2;3;1;1;
49385;202100031830;144 859;B01;3;1;0;2;7;1;5;
49386;202100031833;144 852;A01;2;7;0;2;1;1;1;
49387;202100031833;144 853;B01;2;7;0;2;3;1;1;
49388;202100031834;144 850;A01;2;7;0;2;1;1;-1;
49389;202100031834;144 851;B01;2;7;0;2;0;19;-1;
49390;202100031835;144 849;A01;1;7;17;0;1;1;1;
49391;202100031837;144 845;A01;0;2;0;2;1;1;1;
49392;202100031837;144 846;B01;0;7;0;2;3;1;1;
49393;202100031838;144 844;A01;0;7;0;0;9;1;1;
49394;202100031839;144 842;A01;1;7;0;2;1;15;2;
49395;202100031839;144 843;B01;2;33;0;2;1;0;1;
49396;202100031840;144 840;B01;3;34;0;2;1;26;0;
49397;202100031840;144 841;A01;3;7;0;2;0;1;1;
49398;202100031841;144 836;A01;1;7;0;1;1;1;1;
49399;202100031842;144 835;A01;1;7;1;0;1;1;1;
49400;202100031844;144 832;B01;1;7;0;2;8;0;1;
49401;202100031844;144 833;A01;2;2;0;2;1;9;1;
49402;202100031845;144 830;B01;2;99;0;2;6;26;6;
49403;202100031845;144 831;A01;2;2;1;0;1;1;1;
49404;202100031846;144 829;A01;1;7;0;1;1;15;1;
49405;202100031847;144 828;A01;1;7;0;1;7;1;1;
49406;202100031848;144 826;A01;2;7;0;2;8;14;1;
49407;202100031848;144 827;B01;2;7;0;2;1;1;1;
49408;202100031849;144 824;A01;2;7;0;2;5;9;1;
49409;202100031849;144 825;B01;1;1;0;2;5;0;5;
49410;202100031850;144 822;A01;1;7;0;2;1;9;1;
49411;202100031850;144 823;B01;2;1;0;2;7;1;0;
49412;202100031851;144 820;A01;1;7;0;2;1;1;1;
49413;202100031851;144 821;B01;2;50;0;2;0;13;3;
49414;202100031852;144 819;A01;2;7;4;0;9;1;1;
49415;202100031853;144 817;A01;0;7;0;2;2;1;1;
49416;202100031853;144 818;B01;0;7;0;2;1;9;1;
49417;202100031854;144 816;A01;1;30;1;0;8;13;1;
49418;202100031855;144 815;A01;1;30;0;0;3;16;1;
49419;202100031856;144 814;A01;1;7;0;0;0;26;1;
49420;202100031857;144 813;A01;1;7;13;0;9;1;1;
49421;202100031858;144 812;A01;1;2;0;0;7;26;1;
49422;202100031859;144 810;B01;1;30;0;2;1;19;1;
49423;202100031859;144 811;A01;1;7;0;2;1;19;1;
49424;202100031860;144 809;A01;1;7;0;1;1;26;1;
49425;202100031861;144 807;B01;1;99;0;2;3;9;3;
49426;202100031861;144 808;A01;3;7;0;2;2;1;1;
49427;202100031862;144 805;A01;1;31;0;2;0;0;0;
49428;202100031862;144 806;B01;1;7;1;0;0;0;0;
49429;202100031863;144 803;B01;1;7;0;2;0;0;1;
49430;202100031863;144 804;A01;1;50;0;2;7;19;3;
49431;202100031864;144 801;B01;0;20;0;2;1;1;1;
49432;202100031864;144 802;A01;0;32;0;2;2;9;3;
49433;202100031865;144 800;A01;0;7;1;0;1;1;1;
49434;202100031867;144 794;A01;2;7;0;1;1;2;1;
49435;202100031868;144 790;A01;0;10;0;2;2;16;1;
49436;202100031868;144 791;B01;1;50;0;0;0;1;3;
49437;202100031869;144 788;B01;2;1;0;2;7;1;0;
49438;202100031869;144 789;A01;1;7;0;2;7;9;1;
49439;202100031870;144 787;A01;1;7;0;1;3;1;1;
49440;202100031871;144 785;B01;2;7;0;2;3;1;1;
49441;202100031871;144 786;A01;1;7;0;2;3;1;1;
49442;202100031872;144 783;B01;3;7;0;2;1;1;1;
49443;202100031872;144 784;A01;3;1;0;2;1;1;5;
49444;202100031873;144 782;A01;2;1;1;1;1;21;5;
49445;202100031874;144 780;A01;2;7;0;2;1;9;1;
49446;202100031874;144 781;B01;2;7;0;2;8;1;1;
49447;202100031875;144 778;A01;1;7;0;2;3;15;1;
49448;202100031875;144 779;B01;2;99;0;2;1;1;0;
49449;202100031876;144 777;A01;1;30;0;0;9;1;1;
49450;202100031877;144 775;B01;1;30;0;2;1;1;1;
49451;202100031877;144 776;A01;2;7;0;2;7;15;1;
49452;202100031878;144 771;B01;1;10;0;2;4;9;1;
49453;202100031878;144 772;A01;1;7;0;2;1;9;1;
49454;202100031880;144 768;B01;2;1;0;2;2;0;0;
49455;202100031880;144 769;A01;1;7;0;2;1;9;1;
49456;202100031881;144 767;A01;3;31;3;9;1;1;1;
49457;202100031882;144 765;A01;3;7;0;2;1;15;1;
49458;202100031882;144 766;B01;3;7;0;2;1;1;1;
49459;202100031884;144 762;A01;1;32;10;0;0;1;1;
49460;202100031885;144 761;A01;1;7;9;0;1;14;1;
49461;202100031886;144 759;Z01;2;32;14;2;1;15;0;
49462;202100031886;144 760;A01;1;7;0;2;3;1;1;
49463;202100031887;144 757;B01;1;34;0;9;7;15;1;
49464;202100031887;144 758;A01;2;7;0;2;3;1;1;
49465;202100031888;144 755;A01;2;31;0;2;8;15;1;
49466;202100031888;144 756;B01;2;31;0;2;7;1;1;
49467;202100031889;144 753;A01;2;7;0;2;3;19;1;
49468;202100031889;144 754;B01;2;2;0;2;1;1;1;
49469;202100031890;144 752;A01;3;10;0;1;7;1;1;
49470;202100031891;144 750;A01;2;7;0;2;5;15;1;
49471;202100031891;144 751;B01;1;33;0;2;1;2;1;
49472;202100031892;144 748;B01;2;7;0;2;5;13;1;
49473;202100031892;144 749;A01;2;33;0;2;3;18;1;
49474;202100031893;144 747;A01;1;1;0;0;7;1;5;
49475;202100031894;144 745;A01;1;7;0;2;3;1;1;
49476;202100031894;144 746;B01;2;7;0;2;3;1;1;
49477;202100031895;144 744;A01;1;7;0;0;9;1;1;
49478;202100031897;144 738;D01;1;10;0;2;5;2;1;
49479;202100031897;144 739;C01;1;7;0;2;6;2;1;
49480;202100031897;144 740;B01;1;33;0;2;1;3;1;
49481;202100031897;144 741;A01;1;7;0;2;7;12;1;
49482;202100031898;144 736;Z01;0;7;0;2;1;10;1;
49483;202100031898;144 737;A01;3;30;0;2;1;1;1;
49484;202100031900;144 733;Z01;3;7;15;0;1;14;1;
49485;202100031901;144 732;A01;2;37;9;1;5;1;1;1.0
49486;202100031902;144 730;A01;2;7;0;2;8;1;1;
49487;202100031902;144 731;B01;2;30;0;2;1;1;1;
49488;202100031903;144 727;A01;1;7;0;2;1;1;1;
49489;202100031903;144 728;B01;1;7;0;2;4;23;1;
49490;202100031903;144 729;C01;1;7;0;2;4;23;1;
49491;202100031904;144 725;B01;1;7;0;2;2;1;1;
49492;202100031904;144 726;A01;1;80;0;2;7;1;3;
49493;202100031905;144 722;B01;1;33;0;2;1;1;1;
49494;202100031905;144 723;A01;2;10;0;2;2;9;1;
49495;202100031906;144 720;A01;0;32;0;2;1;1;1;
49496;202100031906;144 721;B01;0;7;0;2;3;1;1;
49497;202100031907;144 718;B01;3;7;0;2;5;1;1;
49498;202100031907;144 719;A01;3;1;0;2;8;1;5;
49499;202100031908;144 716;Z01;2;7;0;2;1;1;0;
49500;202100031908;144 717;A01;2;32;0;2;4;1;1;
49501;202100031909;144 715;A01;1;7;15;0;1;24;1;
49502;202100031910;144 713;A01;1;7;0;2;2;16;1;
49503;202100031910;144 714;B01;1;43;0;2;3;18;1;
49504;202100031911;144 711;A01;1;7;0;2;1;2;1;
49505;202100031911;144 712;B01;1;7;0;2;4;0;1;
49506;202100031912;144 709;B01;2;7;0;2;2;10;1;
49507;202100031912;144 710;A01;2;2;0;2;1;1;1;
49508;202100031914;144 705;A01;3;7;0;2;2;26;0;
49509;202100031914;144 706;B01;3;7;0;2;6;15;1;
49510;202100031915;144 703;A01;2;2;0;2;1;2;1;
49511;202100031915;144 704;B01;2;7;0;2;4;1;1;
49512;202100031916;144 701;A01;1;7;0;2;4;1;1;
49513;202100031916;144 702;B01;1;34;0;2;2;1;0;
49514;202100031917;144 697;B01;3;7;0;2;4;1;1;
49515;202100031917;144 698;A01;3;10;0;2;1;1;1;
49516;202100031917;144 699;D01;3;7;0;2;4;1;1;
49517;202100031917;144 700;C01;3;7;0;2;4;1;1;
49518;202100031918;144 695;B01;3;1;0;2;7;9;6;
49519;202100031918;144 696;A01;3;99;0;2;1;9;0;
49520;202100031919;144 693;B01;1;37;0;2;1;1;1;1.0
49521;202100031919;144 694;A01;1;7;8;2;8;19;1;
49522;202100031920;144 691;B01;1;15;0;2;1;2;1;
49523;202100031920;144 692;A01;1;10;0;2;4;1;1;
49524;202100031921;144 689;A01;2;7;0;2;5;15;1;
49525;202100031921;144 690;B01;1;32;0;2;1;1;1;
49526;202100031922;144 687;A01;1;7;0;2;2;15;1;
49527;202100031922;144 688;B01;2;32;0;2;0;0;1;
49528;202100031924;144 683;A01;3;7;0;2;8;1;1;
49529;202100031924;144 684;B01;3;7;0;2;1;1;1;
49530;202100031925;144 681;B01;1;32;0;2;0;1;1;
49531;202100031925;144 682;A01;1;7;0;2;2;16;1;
49532;202100031926;144 680;A01;1;2;9;0;2;1;1;
49533;202100031927;144 678;B01;2;7;0;2;3;1;1;
49534;202100031927;144 679;A01;1;7;0;2;3;1;1;
49535;202100031928;144 676;A01;1;10;0;2;3;15;1;
49536;202100031928;144 677;B01;1;33;0;2;3;17;1;
49537;202100031929;144 674;A01;1;31;0;2;5;17;1;
49538;202100031929;144 675;B01;1;7;0;2;3;15;1;
49539;202100031930;144 672;B01;1;80;0;2;8;9;3;
49540;202100031930;144 673;A01;1;7;0;9;2;16;1;
49541;202100031931;144 670;B01;1;7;0;0;6;9;1;
49542;202100031931;144 671;A01;1;33;0;0;8;1;1;
49543;202100031932;144 666;A01;1;10;0;2;1;1;1;
49544;202100031932;144 667;B01;1;7;0;0;4;15;1;
49545;202100031933;144 664;A01;1;33;0;2;7;17;1;
49546;202100031933;144 665;B01;1;7;0;2;6;1;1;
49547;202100031934;144 662;B01;2;15;0;2;8;1;1;
49548;202100031934;144 663;A01;1;33;13;2;8;13;1;
49549;202100031935;144 661;A01;1;7;13;0;8;1;1;
49550;202100031937;144 659;A01;2;7;6;0;2;1;1;
49551;202100031938;144 657;A01;2;7;0;2;3;15;1;
49552;202100031938;144 658;B01;1;2;0;2;2;1;1;
49553;202100031939;144 656;A01;2;43;0;2;7;2;1;
49554;202100031940;144 654;B01;2;7;0;2;5;12;1;
49555;202100031940;144 655;A01;2;33;0;2;1;3;1;
49556;202100031941;144 652;B01;2;7;0;2;8;11;1;
49557;202100031941;144 653;A01;2;33;0;2;1;3;1;
49558;202100031942;144 648;A01;1;7;0;2;1;2;1;
49559;202100031942;144 649;B01;1;7;0;2;4;2;1;
49560;202100031942;144 650;C01;1;7;0;2;1;2;1;
49561;202100031942;144 651;D01;2;7;0;2;4;2;1;
49562;202100031943;144 645;C01;1;10;0;2;2;2;1;
49563;202100031943;144 646;B01;1;7;0;2;4;2;1;
49564;202100031943;144 647;A01;1;7;0;2;1;2;1;
49565;202100031944;144 643;A01;1;43;0;2;1;3;1;
49566;202100031944;144 644;B01;1;7;0;2;7;12;1;
49567;202100031945;144 641;B01;1;99;0;2;4;23;1;
49568;202100031945;144 642;A01;1;7;1;0;1;2;0;
49569;202100031946;144 639;B01;1;33;0;2;7;3;1;
49570;202100031946;144 640;A01;1;7;0;2;6;11;1;
49571;202100031947;144 637;B01;1;7;0;2;1;2;1;
49572;202100031947;144 638;A01;1;7;0;2;4;2;1;
49573;202100031948;144 635;B01;2;7;0;2;4;1;1;
49574;202100031948;144 636;A01;2;7;0;2;1;1;3;
49575;202100031950;144 631;A01;1;7;0;1;1;23;1;
49576;202100031950;144 632;B01;1;7;0;2;0;23;1;
49577;202100031952;144 628;B01;2;31;0;2;5;2;1;
49578;202100031952;144 629;A01;2;1;0;2;5;2;5;
49579;202100031953;144 627;A01;1;7;2;0;1;1;1;
49580;202100031954;144 624;B01;1;31;0;2;1;1;1;
49581;202100031954;144 625;A01;1;7;0;2;3;9;1;
49582;202100031954;144 626;C01;1;7;0;2;3;23;1;
49583;202100031955;144 623;A01;3;10;0;1;4;20;1;
49584;202100031956;144 622;A01;1;30;15;0;1;1;1;
49585;202100031958;144 619;A01;1;30;0;2;7;1;1;
49586;202100031958;144 620;B01;1;7;0;2;1;1;1;
49587;202100031959;144 618;A01;2;30;15;0;1;0;1;
49588;202100031960;144 616;B01;1;7;0;2;8;9;1;
49589;202100031960;144 617;A01;1;7;0;2;1;9;1;
49590;202100031961;144 615;A01;3;7;0;1;5;20;1;
49591;202100031962;144 613;B01;2;7;0;2;6;14;1;
49592;202100031962;144 614;A01;2;7;0;2;2;17;1;
49593;202100031963;144 612;A01;3;7;0;1;2;1;1;
49594;202100031964;144 609;A01;1;7;4;2;2;17;1;
49595;202100031964;144 610;B01;1;7;12;2;6;1;2;
49596;202100031964;144 611;C01;1;7;4;2;2;1;1;
49597;202100031965;144 607;A01;1;7;0;2;8;15;1;
49598;202100031965;144 608;B01;1;43;0;2;3;17;1;
49599;202100031967;144 605;A01;2;33;3;0;0;0;-1;
49600;202100031968;144 603;B01;1;10;0;2;1;1;1;
49601;202100031968;144 604;A01;3;2;0;2;8;19;1;
49602;202100031969;144 601;A01;0;33;0;2;0;0;0;
49603;202100031969;144 602;B01;1;7;0;2;0;0;0;
49604;202100031970;144 600;A01;2;32;12;0;1;1;1;
49605;202100031972;144 596;A01;1;7;0;1;3;1;1;
49606;202100031975;144 590;A01;2;7;0;2;1;26;0;
49607;202100031975;144 591;B01;1;7;0;2;1;11;1;
49608;202100031976;144 588;A01;0;1;0;2;1;5;5;
49609;202100031976;144 589;B01;0;7;0;2;1;15;1;
49610;202100031977;144 586;Z01;0;7;0;2;1;15;0;
49611;202100031977;144 587;B01;1;1;0;2;1;1;5;
49612;202100031978;144 584;B01;1;80;0;2;4;2;3;
49613;202100031978;144 585;A01;1;7;0;2;2;2;1;
49614;202100031979;144 582;B01;3;7;0;2;5;20;1;
49615;202100031979;144 583;A01;3;1;0;2;2;0;5;
49616;202100031980;144 580;B01;2;7;2;2;8;21;1;
49617;202100031980;144 581;A01;1;7;0;2;1;13;1;
49618;202100031983;144 576;B01;1;7;0;2;4;1;1;
49619;202100031983;144 577;A01;1;30;0;2;1;1;1;
49620;202100031984;144 575;A01;3;7;8;1;1;1;1;
49621;202100031985;144 574;Z01;2;0;0;1;2;0;0;
49622;202100031986;144 573;A01;0;7;9;0;1;1;1;
49623;202100031987;144 570;A01;3;7;14;2;4;26;1;
49624;202100031987;144 571;C01;3;7;0;2;4;23;1;
49625;202100031987;144 572;B01;3;7;14;2;4;26;1;
49626;202100031988;144 569;A01;0;7;0;1;2;2;1;
49627;202100031989;144 566;B01;1;7;0;2;4;23;1;
49628;202100031989;144 567;A01;2;7;0;2;4;1;2;
49629;202100031989;144 568;Z01;2;7;0;2;1;1;1;
49630;202100031990;144 562;D01;1;7;0;2;4;23;1;
49631;202100031990;144 563;C01;1;7;0;2;4;23;1;
49632;202100031990;144 564;B01;1;7;0;2;4;23;1;
49633;202100031990;144 565;A01;1;7;0;2;1;1;2;
49634;202100031991;144 561;A01;1;10;0;1;3;15;1;
49635;202100031992;144 560;A01;0;7;0;1;7;15;1;
49636;202100031993;144 558;Z01;1;7;0;2;0;16;2;
49637;202100031993;144 559;A01;1;50;0;2;8;1;3;
49638;202100031994;144 557;A01;2;2;0;0;7;1;1;
49639;202100031995;144 554;A01;0;7;0;2;3;1;1;
49640;202100031995;144 555;Z01;0;32;0;2;3;9;1;
49641;202100031995;144 556;B01;1;2;0;2;3;1;1;
49642;202100031996;144 552;B01;1;7;0;2;5;15;1;
49643;202100031996;144 553;A01;1;7;0;2;1;2;1;
49644;202100031997;144 550;A01;3;10;0;2;1;17;1;
49645;202100031997;144 551;C01;0;10;1;0;7;0;1;
49646;202100031998;144 548;B01;1;7;0;2;2;21;1;
49647;202100031998;144 549;A01;1;7;0;2;6;23;1;
49648;202100031999;144 545;B01;1;7;0;2;6;0;1;
49649;202100031999;144 546;A01;1;7;0;2;6;26;1;
49650;202100031999;144 547;C01;1;7;0;9;0;0;1;
49651;202100032000;144 543;A01;1;33;0;2;5;1;1;
49652;202100032000;144 544;B01;1;7;0;2;2;1;0;
49653;202100032002;144 540;A01;1;7;2;0;1;15;1;
49654;202100032004;144 537;A01;2;33;16;0;7;15;1;
49655;202100032006;144 533;B01;1;7;1;2;3;1;1;
49656;202100032006;144 534;A01;2;7;0;2;1;15;1;
49657;202100032007;144 531;A01;2;3;0;2;3;9;2;
49658;202100032007;144 532;B01;2;2;0;2;2;1;1;
49659;202100032008;144 530;A01;1;33;0;0;3;1;1;
49660;202100032009;144 529;A01;2;33;7;0;1;1;1;
49661;202100032010;144 528;A01;1;33;0;0;8;1;1;
49662;202100032011;144 526;A01;1;7;0;2;4;12;1;
49663;202100032011;144 527;B01;1;10;0;2;1;1;1;
49664;202100032012;144 524;A01;1;7;0;2;1;1;1;
49665;202100032012;144 525;B01;2;7;0;2;1;1;1;
49666;202100032013;144 523;A01;1;33;0;0;8;0;0;
49667;202100032014;144 521;A01;1;14;0;2;7;17;1;
49668;202100032014;144 522;B01;1;32;0;2;8;2;1;
49669;202100032015;144 519;A01;1;7;0;0;1;13;1;
49670;202100032015;144 520;B01;2;10;6;0;3;1;1;
49671;202100032016;144 518;A01;0;2;0;0;0;0;1;
49672;202100032018;144 515;B01;2;7;7;2;1;1;1;
49673;202100032018;144 516;A01;1;7;13;2;7;19;1;
49674;202100032019;144 512;A01;3;7;0;2;1;1;1;