;Num_Acc;id_vehicule;num_veh;senc;catv;obs;obsm;choc;manv;motor;occutc
49675;202100032019;144 513;B01;3;7;0;2;4;1;1;
49676;202100032019;144 514;C01;3;7;0;2;4;1;1;
49677;202100032020;144 511;A01;1;7;13;0;1;1;1;
49678;202100032021;144 509;A01;0;7;0;2;3;5;1;
49679;202100032021;144 510;B01;0;7;0;2;3;1;1;
49680;202100032022;144 507;A01;2;7;0;2;3;9;1;
49681;202100032022;144 508;B01;2;31;0;0;5;15;1;
49682;202100032024;144 505;A01;2;33;0;0;9;21;1;
49683;202100032025;144 503;A01;0;7;0;2;1;15;1;
49684;202100032025;144 504;B01;2;7;0;2;2;1;1;
49685;202100032026;144 501;A01;2;7;0;2;8;9;1;
49686;202100032026;144 502;B01;1;7;0;2;1;1;1;
49687;202100032027;144 499;B01;2;7;2;2;3;1;1;
49688;202100032027;144 500;A01;1;7;0;2;2;15;1;
49689;202100032028;144 497;B01;0;32;0;2;1;1;1;
49690;202100032028;144 498;A01;0;7;0;2;8;10;1;
49691;202100032029;144 496;A01;2;1;0;0;0;1;5;
49692;202100032030;144 494;A01;0;7;0;2;1;19;1;
49693;202100032030;144 495;B01;2;7;0;2;2;1;1;
49694;202100032031;144 492;A01;2;7;0;0;3;26;1;
49695;202100032031;144 493;B01;1;2;0;0;1;1;1;
49696;202100032032;144 491;A01;1;7;0;1;8;1;0;
49697;202100032033;144 489;B01;2;1;0;2;1;1;5;
49698;202100032033;144 490;A01;3;7;0;2;8;1;1;
49699;202100032034;144 487;A01;1;33;0;2;2;17;1;
49700;202100032034;144 488;B01;1;16;0;2;3;15;1;
49701;202100032035;144 486;A01;1;7;0;0;0;26;1;
49702;202100032036;144 485;A01;1;7;2;0;2;0;1;
49703;202100032037;144 483;A01;2;7;0;2;3;13;1;
49704;202100032037;144 484;B01;1;7;0;2;3;1;1;
49705;202100032039;144 480;A01;1;33;0;2;8;17;1;
49706;202100032039;144 481;B01;2;7;0;2;8;1;1;
49707;202100032040;144 478;B01;1;7;0;2;3;2;1;
49708;202100032040;144 479;A01;1;10;0;0;5;2;1;
49709;202100032041;144 477;A01;2;33;13;0;3;0;1;
49710;202100032042;144 476;A01;2;7;4;0;8;1;1;
49711;202100032043;144 475;A01;1;33;0;0;4;1;1;
49712;202100032044;144 474;A01;2;7;2;0;9;21;1;
49713;202100032045;144 472;A01;1;10;7;2;1;9;1;
49714;202100032045;144 473;B01;2;7;0;2;8;1;2;
49715;202100032046;144 471;A01;1;7;0;0;0;0;1;
49716;202100032047;144 469;A01;2;7;0;9;1;1;1;
49717;202100032047;144 470;B01;2;1;0;2;3;19;5;
49718;202100032048;144 468;A01;3;2;0;0;9;1;1;
49719;202100032049;144 466;B01;1;33;0;2;1;1;1;
49720;202100032049;144 467;A01;2;7;0;2;2;15;1;
49721;202100032050;144 463;A01;1;7;13;0;2;0;1;
49722;202100032051;144 461;A01;2;7;3;0;1;1;1;
49723;202100032052;144 460;A01;1;7;4;0;2;0;1;
49724;202100032053;144 458;A01;2;7;0;2;1;14;1;
49725;202100032053;144 459;B01;2;7;4;2;4;14;1;
49726;202100032054;144 456;B01;2;7;4;2;4;2;2;
49727;202100032054;144 457;A01;2;7;4;2;1;2;1;
49728;202100032055;144 454;B01;1;7;0;2;4;0;1;
49729;202100032055;144 455;A01;1;17;0;2;1;1;1;
49730;202100032056;144 448;F01;2;7;0;2;4;1;0;
49731;202100032056;144 449;E01;2;7;0;2;4;1;0;
49732;202100032056;144 450;D01;2;7;0;2;4;0;1;
49733;202100032056;144 451;C01;2;7;0;2;1;2;1;
49734;202100032056;144 452;B01;2;7;0;2;4;1;1;
49735;202100032056;144 453;A01;2;7;0;2;1;1;1;
49736;202100032058;144 446;A01;1;7;4;0;1;9;1;
49737;202100032060;144 440;A01;1;33;0;2;3;3;1;
49738;202100032060;144 441;B01;1;7;3;2;2;1;1;
49739;202100032061;144 439;A01;1;7;4;0;1;1;1;
49740;202100032062;144 438;A01;1;7;4;0;1;1;1;
49741;202100032063;144 436;A01;1;33;0;2;1;2;1;
49742;202100032063;144 437;B01;1;7;0;2;4;2;1;
49743;202100032064;144 435;A01;2;7;4;0;8;12;1;
49744;202100032065;144 434;A01;1;7;4;0;1;26;1;
49745;202100032066;144 432;A01;1;7;0;2;1;5;1;
49746;202100032066;144 433;B01;2;7;0;2;1;1;1;
49747;202100032068;144 427;B01;1;33;0;2;8;1;1;
49748;202100032068;144 428;A01;1;7;0;2;5;12;1;
49749;202100032069;144 425;B01;1;7;0;2;4;26;1;
49750;202100032069;144 426;A01;1;7;0;2;1;2;1;
49751;202100032070;144 424;A01;2;33;4;0;2;17;1;
49752;202100032071;144 421;A01;1;7;0;1;4;4;1;
49753;202100032072;144 420;A01;3;10;0;1;1;1;1;
49754;202100032074;144 417;A01;3;30;0;2;0;17;0;
49755;202100032074;144 418;B01;3;7;0;2;3;15;1;
49756;202100032075;144 416;A01;1;33;8;0;8;17;1;
49757;202100032077;144 412;A01;1;7;0;2;8;15;1;
49758;202100032077;144 413;B01;1;99;0;2;1;1;6;
49759;202100032078;144 411;A01;0;0;0;0;0;0;0;
49760;202100032079;144 409;A01;1;7;0;2;7;1;1;
49761;202100032079;144 410;B01;1;7;0;2;1;16;1;
49762;202100032080;144 407;B01;2;7;0;2;4;2;1;
49763;202100032080;144 408;A01;2;10;0;2;1;2;1;
49764;202100032081;144 405;A01;1;1;8;2;1;15;5;
49765;202100032081;144 406;B01;1;7;8;2;3;1;1;
49766;202100032082;144 403;A01;1;7;0;2;6;19;1;
49767;202100032082;144 404;B01;1;7;0;2;1;1;1;
49768;202100032083;144 401;B01;1;1;0;2;5;1;5;
49769;202100032083;144 402;A01;1;7;0;2;3;9;1;
49770;202100032085;144 397;B01;2;33;0;0;0;0;1;
49771;202100032085;144 398;A01;2;7;0;2;1;1;1;
49772;202100032086;144 395;B01;3;30;0;2;2;15;1;
49773;202100032086;144 396;A01;3;7;0;2;8;15;1;
49774;202100032087;144 392;B01;3;7;0;2;1;1;1;
49775;202100032087;144 393;C01;3;7;0;2;3;15;1;
49776;202100032087;144 394;A01;3;7;0;2;1;9;1;
49777;202100032089;144 390;A01;3;32;5;0;1;13;1;
49778;202100032090;144 389;A01;1;7;0;1;5;19;1;
49779;202100032091;144 387;A01;2;17;0;2;3;9;1;
49780;202100032091;144 388;B01;2;7;1;2;2;21;1;
49781;202100032092;144 385;A01;1;7;0;0;1;2;1;
49782;202100032092;144 386;B01;1;33;0;0;4;1;1;
49783;202100032093;144 383;A01;3;7;0;2;1;13;1;
49784;202100032093;144 384;B01;3;7;0;2;1;1;1;
49785;202100032094;144 381;B01;1;7;0;2;8;1;1;
49786;202100032094;144 382;A01;2;30;0;2;1;15;1;
49787;202100032095;144 379;B01;1;7;0;2;3;15;1;
49788;202100032095;144 380;A01;1;31;0;2;1;5;1;
49789;202100032096;144 378;A01;2;10;0;1;2;16;1;
49790;202100032097;144 376;B01;2;7;0;2;3;1;1;
49791;202100032097;144 377;A01;1;7;14;2;1;13;1;
49792;202100032099;144 372;A01;2;7;0;2;3;15;1;
49793;202100032099;144 373;B01;1;7;0;2;3;1;2;
49794;202100032100;144 370;A01;1;30;0;2;2;17;1;
49795;202100032100;144 371;B01;1;7;0;2;3;15;2;
49796;202100032101;144 369;A01;1;31;0;0;8;2;1;
49797;202100032102;144 368;A01;1;7;0;1;1;15;1;
49798;202100032103;144 367;A01;2;7;2;0;8;14;1;
49799;202100032104;144 365;A01;3;7;0;2;6;0;1;
49800;202100032104;144 366;B01;3;33;0;2;8;0;1;
49801;202100032106;144 361;A01;0;7;0;2;1;1;1;
49802;202100032106;144 362;B01;0;10;0;2;4;1;0;
49803;202100032107;144 359;B01;1;7;0;2;4;1;1;
49804;202100032107;144 360;A01;1;7;0;2;1;2;1;
49805;202100032108;144 358;A01;2;32;1;0;0;1;1;
49806;202100032109;144 356;A01;3;33;0;2;1;1;1;
49807;202100032109;144 357;B01;3;7;0;2;3;15;1;
49808;202100032110;144 355;A01;1;7;9;0;1;15;1;
49809;202100032111;144 354;A01;3;10;11;0;1;6;1;
49810;202100032112;144 352;B01;3;7;0;2;1;1;1;
49811;202100032112;144 353;A01;3;7;0;2;7;1;1;
49812;202100032113;144 351;A01;1;7;1;0;1;13;1;
49813;202100032115;144 347;B01;1;2;0;2;1;1;1;
49814;202100032115;144 348;A01;2;7;0;2;1;15;1;
49815;202100032117;144 343;B01;2;7;0;2;6;2;1;
49816;202100032117;144 344;A01;2;7;0;2;1;9;1;
49817;202100032118;144 340;A01;3;7;0;2;1;2;3;
49818;202100032118;144 341;B01;3;7;0;2;4;2;1;
49819;202100032118;144 342;C01;3;7;0;2;4;2;1;
49820;202100032120;144 336;B01;3;7;0;2;1;1;1;
49821;202100032120;144 337;A01;3;7;0;2;2;15;1;
49822;202100032121;144 335;A01;1;7;0;1;0;1;0;
49823;202100032123;144 330;B01;0;7;0;2;6;1;1;
49824;202100032123;144 331;C01;1;7;0;2;1;2;1;
49825;202100032123;144 332;A01;0;7;0;2;2;17;1;
49826;202100032124;144 327;A01;1;7;0;2;1;2;1;
49827;202100032124;144 328;B01;1;7;0;2;4;2;1;
49828;202100032124;144 329;C01;1;7;0;2;4;2;1;
49829;202100032125;144 325;A01;1;7;0;2;1;11;1;
49830;202100032125;144 326;B01;1;33;0;2;6;1;1;
49831;202100032126;144 323;B01;1;34;0;2;8;1;1;
49832;202100032126;144 324;A01;2;10;0;2;2;1;1;
49833;202100032127;144 321;B01;2;7;0;2;2;1;3;
49834;202100032127;144 322;A01;1;7;0;2;5;15;1;
49835;202100032128;144 319;A01;1;7;0;2;2;15;1;
49836;202100032128;144 320;B01;2;33;0;2;3;1;1;
49837;202100032129;144 318;A01;1;7;1;1;2;14;1;
49838;202100032130;144 315;A01;1;7;0;2;1;13;1;
49839;202100032130;144 316;B01;2;30;0;2;1;1;1;
49840;202100032130;144 317;C01;2;30;0;2;8;1;1;
49841;202100032132;144 312;A01;1;7;0;2;1;13;0;
49842;202100032132;144 313;B01;2;7;0;2;3;1;1;
49843;202100032133;144 310;B01;1;1;0;2;1;1;5;
49844;202100032133;144 311;A01;2;7;0;2;3;15;1;
49845;202100032134;144 309;A01;1;30;1;0;1;21;1;
49846;202100032135;144 307;B01;2;7;0;2;3;1;2;
49847;202100032135;144 308;A01;2;30;0;2;2;1;1;
49848;202100032136;144 306;Z01;2;1;0;1;8;1;5;
49849;202100032137;144 305;A01;1;7;7;0;3;13;1;
49850;202100032139;144 301;B01;1;30;0;2;1;1;1;
49851;202100032139;144 302;A01;2;10;0;2;5;15;1;
49852;202100032140;144 298;C01;2;1;0;2;3;23;5;
49853;202100032140;144 299;B01;1;33;0;2;1;1;0;
49854;202100032140;144 300;A01;2;7;0;2;2;15;1;
49855;202100032141;144 297;Z01;3;10;0;1;5;4;1;
49856;202100032142;144 295;A01;2;7;0;2;7;16;1;
49857;202100032142;144 296;B01;2;43;0;2;8;18;1;
49858;202100032143;144 293;B01;2;30;0;2;7;1;1;
49859;202100032143;144 294;A01;2;7;0;2;1;1;1;
49860;202100032144;144 291;B01;1;7;0;2;3;23;1;
49861;202100032144;144 292;A01;1;50;0;2;1;2;3;
49862;202100032145;144 290;A01;2;50;0;0;0;1;3;
49863;202100032146;144 289;A01;2;7;4;0;1;0;1;
49864;202100032147;144 287;A01;2;7;7;2;7;1;1;
49865;202100032147;144 288;B01;2;7;7;2;2;1;1;
49866;202100032148;144 285;B01;1;7;0;2;2;15;1;
49867;202100032148;144 286;Z01;1;7;0;2;3;1;1;
49868;202100032149;144 283;A01;1;7;0;2;3;1;1;
49869;202100032149;144 284;B01;2;3;0;2;4;0;1;
49870;202100032150;144 281;A01;1;7;0;2;2;15;1;
49871;202100032150;144 282;B01;1;33;0;2;1;1;1;
49872;202100032151;144 280;A01;1;0;0;1;8;1;1;
49873;202100032152;144 279;A01;2;7;0;1;1;1;1;
49874;202100032153;144 278;A01;0;30;0;2;0;26;6;
49875;202100032154;144 276;A01;0;7;0;2;2;26;1;
49876;202100032154;144 277;B01;0;7;0;0;6;23;0;
49877;202100032156;144 272;Z01;2;7;0;0;0;9;1;
49878;202100032156;144 273;A01;1;33;0;0;0;15;1;
49879;202100032157;144 271;A01;1;60;0;1;1;25;5;
49880;202100032158;144 269;A01;1;7;0;2;1;9;1;
49881;202100032158;144 270;B01;1;7;0;2;3;9;1;
49882;202100032159;144 268;A01;3;7;0;1;2;1;1;
49883;202100032160;144 267;A01;2;33;1;0;0;16;1;
49884;202100032161;144 266;A01;3;2;0;0;7;26;1;
49885;202100032162;144 265;A01;1;2;0;0;0;2;1;
49886;202100032163;144 263;A01;1;7;0;2;2;19;1;
49887;202100032163;144 264;B01;1;7;0;2;8;1;1;
49888;202100032164;144 261;A01;2;7;13;2;3;13;1;
49889;202100032164;144 262;B01;1;7;13;2;3;1;1;
49890;202100032166;144 255;A01;2;33;0;2;1;5;1;
49891;202100032166;144 256;B01;1;7;0;2;3;1;1;
49892;202100032167;144 253;B01;1;7;0;2;1;1;1;
49893;202100032167;144 254;A01;2;7;0;2;6;19;1;
49894;202100032168;144 252;A01;2;7;13;0;9;1;1;
49895;202100032169;144 250;A01;1;7;0;2;8;19;0;
49896;202100032169;144 251;B01;1;7;0;2;7;1;1;
49897;202100032170;144 249;A01;3;36;14;0;1;15;6;
49898;202100032171;144 247;B01;3;7;0;2;8;1;1;
49899;202100032171;144 248;A01;3;7;0;2;1;1;1;
49900;202100032172;144 245;A01;1;10;0;2;3;15;1;
49901;202100032172;144 246;B01;2;2;0;2;1;1;1;
49902;202100032173;144 243;B01;2;33;0;2;4;2;1;
49903;202100032173;144 244;A01;2;33;0;2;1;2;1;
49904;202100032174;144 242;A01;1;7;13;0;2;14;1;
49905;202100032175;144 240;A01;2;7;0;2;1;5;1;
49906;202100032175;144 241;B01;1;7;0;2;1;1;1;
49907;202100032176;144 238;A01;1;7;0;2;1;0;1;
49908;202100032176;144 239;B01;2;7;0;2;1;0;1;
49909;202100032177;144 237;A01;2;2;13;0;1;0;1;
49910;202100032178;144 236;A01;2;7;2;0;3;1;1;
49911;202100032179;144 235;A01;2;33;6;0;1;1;1;
49912;202100032180;144 234;A01;1;7;8;0;1;16;1;
49913;202100032181;144 233;A01;1;7;5;0;0;1;1;
49914;202100032182;144 232;A01;2;33;12;0;2;1;1;
49915;202100032183;144 231;A01;1;34;3;0;8;0;1;
49916;202100032184;144 230;A01;2;33;0;0;7;1;1;
49917;202100032186;144 227;A01;1;2;0;0;0;1;1;
49918;202100032188;144 224;A01;3;7;0;2;3;1;1;
49919;202100032188;144 225;B01;3;1;0;2;1;1;5;
49920;202100032189;144 223;A01;1;17;0;1;7;19;1;
49921;202100032190;144 222;A01;2;7;0;1;1;1;1;
49922;202100032191;144 221;A01;1;7;0;1;1;1;1;
49923;202100032192;144 220;A01;2;7;2;0;7;26;1;
49924;202100032193;144 218;B01;2;7;0;2;1;1;1;
49925;202100032193;144 219;A01;1;7;0;2;8;19;1;
49926;202100032195;144 215;A01;2;7;7;0;1;13;1;
49927;202100032196;144 214;A01;2;31;0;0;1;1;1;
49928;202100032198;144 211;A01;1;7;0;0;4;24;1;
49929;202100032198;144 212;B01;1;7;0;2;1;1;1;
49930;202100032199;144 209;B01;0;7;0;2;8;19;1;
49931;202100032199;144 210;A01;0;43;0;2;2;1;1;
49932;202100032200;144 207;A01;1;7;0;0;6;1;1;
49933;202100032200;144 208;B01;1;33;4;2;1;1;1;
49934;202100032201;144 201;A01;1;2;0;1;2;14;1;
49935;202100032202;144 199;B01;2;33;0;2;1;1;1;
49936;202100032202;144 200;A01;1;7;0;2;3;15;1;
49937;202100032203;144 198;A01;2;7;0;1;2;1;1;
49938;202100032204;144 197;A01;1;33;15;0;0;0;0;
49939;202100032205;144 195;B01;2;1;0;0;8;2;5;
49940;202100032205;144 196;A01;2;7;6;0;7;17;1;
49941;202100032206;144 194;A01;1;7;6;0;2;14;1;
49942;202100032207;144 192;A01;1;36;0;2;1;1;1;
49943;202100032207;144 193;B01;2;7;0;2;1;1;1;
49944;202100032208;144 190;A01;2;7;0;2;1;13;1;
49945;202100032208;144 191;B01;1;10;0;2;1;1;1;
49946;202100032209;144 188;B01;2;33;0;2;1;1;1;
49947;202100032209;144 189;A01;1;7;0;2;2;10;1;
49948;202100032211;144 185;A01;3;2;0;0;0;26;1;
49949;202100032212;144 183;B01;1;10;0;2;1;1;1;
49950;202100032212;144 184;A01;1;30;0;2;4;9;1;
49951;202100032213;144 182;A01;1;33;2;0;9;13;1;
49952;202100032214;144 180;A01;2;7;6;0;1;1;1;
49953;202100032215;144 178;A01;2;7;0;2;3;2;2;
49954;202100032215;144 179;B01;2;1;0;2;4;2;5;
49955;202100032216;144 175;A01;2;7;6;2;1;13;1;
49956;202100032216;144 176;B01;2;7;0;2;3;19;0;
49957;202100032216;144 177;C01;2;7;0;0;8;1;1;
49958;202100032217;144 172;C01;2;7;0;2;1;1;1;
49959;202100032217;144 173;B01;2;7;0;2;3;1;1;
49960;202100032217;144 174;A01;1;7;0;2;1;13;1;
49961;202100032218;144 171;A01;2;7;0;0;9;1;1;
49962;202100032219;144 169;B01;1;33;0;2;2;1;1;
49963;202100032219;144 170;A01;1;10;0;2;3;1;1;
49964;202100032220;144 166;A01;1;10;0;2;4;1;1;
49965;202100032220;144 167;B01;1;7;0;2;4;2;1;
49966;202100032220;144 168;C01;1;7;0;2;1;2;1;
49967;202100032222;144 162;A01;1;7;0;2;1;2;1;
49968;202100032222;144 163;B01;1;7;0;2;4;2;1;
49969;202100032223;144 160;B01;2;7;0;2;4;1;0;
49970;202100032223;144 161;A01;2;7;0;2;1;2;1;
49971;202100032224;144 159;A01;1;33;0;0;0;1;1;
49972;202100032226;144 156;A01;2;10;0;2;1;2;1;
49973;202100032226;144 157;B01;2;7;0;2;4;2;1;
49974;202100032227;144 154;B01;1;33;0;2;7;1;1;
49975;202100032227;144 155;A01;1;50;0;2;7;9;3;
49976;202100032228;144 151;A01;1;7;0;2;2;12;1;
49977;202100032228;144 152;B01;1;7;0;2;6;1;1;
49978;202100032228;144 153;C01;1;7;0;2;3;1;1;
49979;202100032229;144 150;A01;1;7;0;0;9;1;1;
49980;202100032230;144 149;A01;1;7;0;0;9;16;1;
49981;202100032231;144 148;A01;2;7;4;0;4;0;1;
49982;202100032232;144 147;A01;1;7;3;0;8;1;1;
49983;202100032233;144 146;A01;2;14;0;1;2;1;1;
49984;202100032234;144 145;A01;3;7;0;1;1;1;3;
49985;202100032235;144 144;A01;1;7;0;1;1;1;1;
49986;202100032236;144 142;A01;1;38;0;1;2;15;1;1.0
49987;202100032237;144 140;A01;1;2;0;2;1;1;1;
49988;202100032237;144 141;B01;2;10;0;2;7;15;1;
49989;202100032240;144 135;A01;3;10;0;1;4;4;1;
49990;202100032241;144 133;B01;1;10;0;2;1;2;1;
49991;202100032241;144 134;A01;2;7;0;2;1;7;1;
49992;202100032242;144 132;A01;1;0;0;0;0;26;0;
49993;202100032244;144 128;B01;1;7;0;2;2;1;1;
49994;202100032244;144 129;A01;3;7;0;2;4;20;1;
49995;202100032245;144 127;A01;1;7;4;0;1;21;1;
49996;202100032246;144 124;A01;1;7;0;2;1;11;1;
49997;202100032246;144 125;B01;1;7;0;0;4;0;1;
49998;202100032246;144 126;C01;1;7;0;0;0;0;1;
49999;202100032247;144 122;B01;3;32;0;2;7;17;1;
50000;202100032247;144 123;Z01;3;7;0;2;8;13;0;
50001;202100032248;144 121;A01;0;7;1;0;1;1;1;
50002;202100032249;144 117;B01;3;7;6;0;3;2;0;
50003;202100032249;144 118;A01;3;7;8;2;1;2;0;
50004;202100032250;144 115;B01;3;1;0;0;0;1;0;
50005;202100032250;144 116;A01;3;7;0;2;0;17;0;
50006;202100032251;144 113;A01;-1;7;0;1;1;1;1;
50007;202100032253;144 110;A01;3;1;0;2;2;1;6;
50008;202100032253;144 111;B01;3;7;0;2;1;1;0;
50009;202100032254;144 109;A01;3;33;4;0;1;16;1;
50010;202100032255;144 108;A01;1;7;0;1;8;16;1;
50011;202100032257;144 105;B01;3;1;0;2;2;0;0;
50012;202100032257;144 106;A01;3;7;0;2;3;9;1;
50013;202100032258;144 103;B01;1;10;0;2;2;0;1;
50014;202100032258;144 104;A01;1;7;15;2;1;11;1;
50015;202100032259;144 102;A01;0;7;0;1;3;15;1;
50016;202100032260;144 100;B01;1;80;0;2;0;0;3;
50017;202100032260;144 101;A01;1;10;0;2;1;1;1;
50018;202100032261;144 098;B01;3;1;0;2;1;1;5;
50019;202100032261;144 099;A01;0;7;0;2;3;9;2;
50020;202100032262;144 096;A01;1;7;0;2;1;15;1;
50021;202100032262;144 097;B01;1;2;0;2;1;13;1;
50022;202100032263;144 094;A01;1;3;0;2;7;1;0;
50023;202100032263;144 095;B01;0;3;0;2;1;1;0;
50024;202100032264;144 092;B01;2;7;0;2;8;1;1;
50025;202100032264;144 093;A01;2;7;0;2;2;21;1;
50026;202100032265;144 089;C01;2;1;0;0;0;1;5;
50027;202100032265;144 090;B01;2;1;0;2;4;1;5;
50028;202100032265;144 091;A01;2;7;0;2;1;17;1;
50029;202100032266;144 086;A01;1;7;0;2;1;13;1;
50030;202100032266;144 087;B01;2;7;0;2;1;1;1;
50031;202100032266;144 088;C01;2;7;0;2;1;23;1;
50032;202100032268;144 082;A01;2;10;0;1;3;20;1;
50033;202100032269;144 080;B01;2;1;0;2;4;1;5;
50034;202100032269;144 081;A01;2;7;0;2;1;2;1;
50035;202100032270;144 078;A01;1;7;0;2;1;2;1;
50036;202100032270;144 079;B01;1;7;0;2;4;1;1;
50037;202100032271;144 076;B01;1;7;0;2;4;2;1;
50038;202100032271;144 077;A01;1;7;0;2;1;2;1;
50039;202100032272;144 074;A01;3;7;0;2;3;26;1;
50040;202100032272;144 075;B01;1;7;0;2;8;26;1;
50041;202100032273;144 072;B01;1;10;0;2;7;26;1;
50042;202100032273;144 073;A01;1;30;0;2;8;26;1;
50043;202100032274;144 070;A01;1;7;0;2;1;26;1;
50044;202100032274;144 071;B01;1;30;0;2;1;26;1;
50045;202100032275;144 068;A01;1;33;0;2;2;26;1;
50046;202100032275;144 069;B01;1;7;0;2;6;26;1;
50047;202100032276;144 067;A01;2;7;0;1;1;1;1;
50048;202100032277;144 066;A01;0;30;0;1;1;1;1;
50049;202100032278;144 065;A01;0;7;0;1;4;26;1;
50050;202100032279;144 063;A01;2;10;0;2;3;9;1;
50051;202100032279;144 064;B01;2;7;0;2;7;1;1;
50052;202100032280;144 061;B01;3;60;0;2;1;25;5;
50053;202100032280;144 062;A01;3;10;0;2;5;1;1;
50054;202100032281;144 058;B01;3;7;0;2;1;15;1;
50055;202100032281;144 059;C01;3;10;0;2;0;0;1;
50056;202100032281;144 060;A01;2;7;0;2;1;1;1;
50057;202100032282;144 056;A01;3;7;0;2;0;1;1;
50058;202100032282;144 057;B01;3;2;0;2;6;1;1;
50059;202100032283;144 054;A01;3;7;0;2;3;15;1;
50060;202100032283;144 055;B01;3;1;0;2;1;1;5;
50061;202100032284;144 052;B01;2;2;0;2;1;1;1;
50062;202100032284;144 053;A01;1;7;0;2;2;1;1;
50063;202100032285;144 050;B01;3;7;0;2;4;1;1;
50064;202100032285;144 051;A01;3;31;0;2;1;1;1;
50065;202100032286;144 049;A01;0;7;1;0;1;1;1;
50066;202100032288;144 045;A01;1;7;0;2;2;16;1;
50067;202100032288;144 046;B01;1;50;0;2;2;5;3;
50068;202100032289;144 043;B01;0;7;0;2;6;1;1;
50069;202100032289;144 044;A01;0;1;0;2;1;25;5;
50070;202100032290;144 042;A01;0;7;0;1;1;1;0;
50071;202100032291;144 040;A01;3;7;0;9;2;17;1;
50072;202100032291;144 041;B01;3;1;0;0;0;0;0;
50073;202100032292;144 038;A01;2;7;7;2;1;1;1;
50074;202100032292;144 039;B01;1;7;0;2;1;1;1;
50075;202100032293;144 037;A01;1;7;1;0;1;13;1;
50076;202100032294;144 035;A01;2;7;0;2;1;13;1;
50077;202100032294;144 036;B01;1;7;0;2;1;1;1;
50078;202100032295;144 031;D01;3;31;0;2;3;26;1;
50079;202100032295;144 032;C01;3;31;0;2;3;26;1;
50080;202100032295;144 033;B01;1;7;0;2;3;26;1;
50081;202100032295;144 034;A01;1;7;0;2;2;26;1;
50082;202100032296;144 029;A01;0;7;0;2;3;10;0;
50083;202100032296;144 030;B01;0;33;0;2;1;0;0;
50084;202100032298;144 025;B01;2;2;0;2;4;23;1;
50085;202100032298;144 026;A01;2;3;0;2;1;2;1;
50086;202100032299;144 023;B01;2;7;0;2;4;2;1;
50087;202100032299;144 024;A01;2;7;0;2;1;2;1;
50088;202100032300;144 021;B01;1;1;0;2;0;0;5;
50089;202100032300;144 022;A01;1;7;0;2;1;15;1;
50090;202100032301;144 019;B01;2;7;0;2;7;15;1;
50091;202100032301;144 020;A01;1;33;0;2;1;21;1;
50092;202100032302;144 017;A01;2;7;0;2;2;2;2;
50093;202100032302;144 018;B01;2;1;0;2;4;2;0;
50094;202100032303;144 016;A01;0;10;9;0;3;1;1;
50095;202100032304;144 014;A01;1;14;0;2;1;24;1;
50096;202100032304;144 015;B01;2;7;1;0;0;13;1;
50097;202100032305;144 013;A01;2;13;0;1;1;1;1;
50098;202100032306;144 012;A01;1;33;0;6;1;26;1;
50099;202100032307;144 009;C01;1;7;0;2;4;23;2;
50100;202100032307;144 010;B01;1;7;0;2;4;23;1;
50101;202100032307;144 011;A01;1;7;0;2;1;2;1;
50102;202100032308;144 007;A01;1;7;0;2;6;11;1;
50103;202100032308;144 008;B01;1;31;0;2;7;1;1;
50104;202100032309;144 005;A01;1;43;0;2;2;1;1;
50105;202100032309;144 006;B01;1;7;0;2;6;11;1;
50106;202100032310;144 003;A01;1;33;0;2;1;2;1;
50107;202100032310;144 004;B01;1;7;0;2;5;2;1;
50108;202100032311;144 002;A01;2;1;1;0;1;14;5;
50109;202100032312;144 000;Z01;2;32;0;2;1;1;0;
50110;202100032312;144 001;A01;1;32;12;2;2;9;1;
50111;202100032313;143 999;A01;2;33;0;0;0;1;1;
50112;202100032315;143 995;A01;2;7;0;2;2;15;1;
50113;202100032315;143 996;B01;1;30;0;2;1;7;1;
50114;202100032316;143 994;A01;2;32;0;1;3;7;1;
50115;202100032317;143 992;A01;2;37;0;2;2;7;1;1.0
50116;202100032317;143 993;B01;2;1;0;2;3;13;5;
50117;202100032318;143 990;B01;1;30;0;2;2;17;1;
50118;202100032318;143 991;A01;1;7;0;2;3;15;1;
50119;202100032319;143 988;B01;2;2;0;2;1;1;1;
50120;202100032319;143 989;A01;2;7;0;2;8;10;1;
50121;202100032320;143 986;Z01;2;7;0;2;1;15;0;
50122;202100032320;143 987;A01;2;30;0;2;7;1;1;
50123;202100032321;143 984;B01;2;7;0;2;1;1;2;
50124;202100032321;143 985;A01;2;7;0;2;7;1;2;
50125;202100032322;143 983;A01;2;1;0;1;1;1;5;
50126;202100032324;143 980;A01;1;31;0;2;3;3;1;
50127;202100032324;143 981;B01;1;10;0;2;5;1;1;
50128;202100032325;143 978;A01;1;33;0;2;2;1;1;
50129;202100032325;143 979;B01;1;50;0;2;8;15;3;
50130;202100032326;143 976;A01;1;7;0;2;6;22;1;
50131;202100032326;143 977;B01;1;1;0;2;2;1;5;
50132;202100032327;143 973;B01;3;7;0;2;8;1;2;
50133;202100032327;143 974;C01;1;7;0;2;2;1;2;
50134;202100032327;143 975;A01;1;43;0;2;9;1;1;
50135;202100032328;143 970;A01;1;34;0;2;0;2;1;
50136;202100032328;143 971;B01;1;31;0;2;0;2;1;
50137;202100032328;143 972;C01;1;43;0;2;0;2;1;