;Num_Acc;id_vehicule;num_veh;senc;catv;obs;obsm;choc;manv;motor;occutc
50138;202100032329;143 969;Z01;2;7;0;1;2;1;0;
50139;202100032330;143 968;A01;2;30;0;0;0;1;1;
50140;202100032331;143 967;A01;3;10;0;1;6;1;1;
50141;202100032332;143 965;A01;2;33;0;2;7;17;1;
50142;202100032332;143 966;B01;2;7;0;2;0;10;1;
50143;202100032333;143 963;B01;2;32;0;2;1;1;1;
50144;202100032333;143 964;A01;2;50;0;2;5;19;3;
50145;202100032334;143 961;A01;1;31;0;2;5;18;1;
50146;202100032334;143 962;B01;1;10;0;2;8;18;1;
50147;202100032335;143 959;A01;2;7;0;2;5;1;1;
50148;202100032335;143 960;B01;2;7;0;2;2;1;1;
50149;202100032336;143 957;B01;2;37;0;2;2;2;1;2.0
50150;202100032336;143 958;A01;2;7;0;2;8;15;1;
50151;202100032337;143 956;A01;2;7;1;0;3;5;1;
50152;202100032338;143 954;A01;3;7;0;2;2;2;1;
50153;202100032338;143 955;B01;3;7;0;2;4;16;0;
50154;202100032339;143 952;A01;0;32;0;2;1;1;3;
50155;202100032339;143 953;B01;1;7;0;2;8;1;1;
50156;202100032340;143 951;A01;2;7;0;1;2;1;1;
50157;202100032341;143 950;A01;3;7;0;1;2;1;1;
50158;202100032342;143 948;B01;1;7;0;0;0;0;1;
50159;202100032342;143 949;A01;1;7;0;2;3;1;1;
50160;202100032343;143 947;A01;1;7;0;1;2;19;1;
50161;202100032344;143 945;B01;1;32;0;2;1;1;1;
50162;202100032344;143 946;A01;1;10;0;2;6;11;1;
50163;202100032345;143 944;A01;3;34;14;0;0;5;1;
50164;202100032346;143 942;B01;1;7;1;0;3;0;1;
50165;202100032346;143 943;A01;1;30;1;2;7;17;1;
50166;202100032347;143 941;A01;3;33;0;1;1;1;1;
50167;202100032348;143 939;A01;1;10;0;2;1;1;1;
50168;202100032348;143 940;B01;3;7;1;0;7;1;1;
50169;202100032349;143 938;A01;1;0;0;1;1;1;0;
50170;202100032350;143 936;A01;1;33;0;2;7;9;6;
50171;202100032350;143 937;B01;1;7;0;2;1;9;1;
50172;202100032351;143 935;A01;1;7;0;1;3;1;1;
50173;202100032352;143 933;A01;1;34;0;9;7;16;1;
50174;202100032352;143 934;B01;1;50;0;2;8;7;3;
50175;202100032353;143 931;B01;0;33;0;2;1;2;1;
50176;202100032353;143 932;A01;1;7;0;2;2;9;1;
50177;202100032354;143 929;B01;1;50;0;2;8;1;3;
50178;202100032354;143 930;A01;1;7;0;2;2;16;1;
50179;202100032356;143 926;B01;2;30;0;2;2;1;3;
50180;202100032356;143 927;A01;3;30;0;2;3;15;1;
50181;202100032357;143 924;B01;3;7;0;2;6;2;1;
50182;202100032357;143 925;A01;3;7;0;2;1;1;1;
50183;202100032358;143 922;A01;1;7;0;2;5;12;1;
50184;202100032358;143 923;B01;1;37;0;2;3;1;1;3.0
50185;202100032359;143 921;A01;1;10;0;1;2;1;1;
50186;202100032360;143 919;A01;1;30;0;2;7;17;1;
50187;202100032360;143 920;B01;1;37;1;2;8;15;1;1.0
50188;202100032361;143 918;A01;0;7;2;0;3;1;1;
50189;202100032362;143 916;B01;2;34;0;2;1;2;1;
50190;202100032362;143 917;A01;2;7;0;0;6;10;1;
50191;202100032363;143 915;A01;2;7;16;0;0;17;1;
50192;202100032364;143 914;A01;0;10;0;1;0;0;1;
50193;202100032366;143 911;A01;2;80;0;0;0;15;3;
50194;202100032367;143 909;A01;2;1;0;2;8;16;5;
50195;202100032367;143 910;B01;1;10;0;9;1;1;1;
50196;202100032368;143 908;A01;2;7;13;0;3;12;1;
50197;202100032369;143 905;A01;1;7;13;0;2;17;1;
50198;202100032370;143 902;C01;2;33;0;2;1;21;1;
50199;202100032370;143 903;A01;2;33;0;2;1;13;1;
50200;202100032370;143 904;B01;1;7;0;2;1;1;1;
50201;202100032371;143 900;A01;2;7;0;2;3;15;0;
50202;202100032371;143 901;B01;1;7;0;2;9;1;0;
50203;202100032372;143 899;A01;3;21;0;1;8;23;6;
50204;202100032373;143 898;A01;2;7;12;0;0;1;1;
50205;202100032374;143 897;A01;0;7;6;0;1;1;1;
50206;202100032375;143 896;A01;1;7;8;0;2;1;1;
50207;202100032376;143 895;A01;1;7;0;0;0;14;1;
50208;202100032377;143 892;A01;2;7;0;2;6;1;1;
50209;202100032377;143 893;B01;2;31;0;2;1;1;1;
50210;202100032378;143 891;A01;1;10;0;6;1;1;1;
50211;202100032379;143 890;A01;1;7;2;0;1;13;1;
50212;202100032380;143 888;A01;1;34;0;2;1;5;1;
50213;202100032380;143 889;B01;2;7;0;2;1;1;1;
50214;202100032382;143 886;A01;2;1;0;5;0;21;5;
50215;202100032384;143 883;A01;2;7;0;2;3;1;1;
50216;202100032384;143 884;B01;1;7;0;2;3;1;1;
50217;202100032385;143 881;A01;1;7;0;2;1;17;1;
50218;202100032385;143 882;B01;1;1;0;0;4;1;5;
50219;202100032386;143 880;A01;1;33;0;6;1;1;1;
50220;202100032387;143 879;A01;2;1;0;0;7;1;5;
50221;202100032388;143 877;B01;2;7;0;2;3;1;1;
50222;202100032388;143 878;A01;1;7;0;2;3;1;1;
50223;202100032389;143 876;A01;0;2;0;0;0;1;1;
50224;202100032390;143 874;B01;1;7;0;2;1;1;1;
50225;202100032390;143 875;A01;2;33;0;2;1;13;1;
50226;202100032391;143 873;A01;1;33;0;0;9;1;1;
50227;202100032393;143 871;A01;1;1;0;0;0;1;5;
50228;202100032394;143 870;A01;3;7;6;0;2;1;0;
50229;202100032395;143 868;A01;3;31;0;0;3;14;1;
50230;202100032395;143 869;B01;3;7;0;0;1;13;1;
50231;202100032396;143 865;A01;1;7;7;2;7;19;1;
50232;202100032396;143 866;B01;2;7;0;2;1;1;1;
50233;202100032397;143 864;A01;1;32;0;0;0;1;1;
50234;202100032398;143 862;A01;1;7;0;2;3;10;1;
50235;202100032398;143 863;B01;1;33;0;2;1;1;1;
50236;202100032399;143 860;A01;2;7;0;2;1;17;1;
50237;202100032399;143 861;B01;2;1;0;2;4;15;5;
50238;202100032400;143 858;A01;1;7;0;2;7;17;1;
50239;202100032400;143 859;B01;1;7;4;2;3;1;1;
50240;202100032401;143 857;A01;1;33;0;0;0;10;1;
50241;202100032402;143 855;B01;1;7;0;2;7;19;1;
50242;202100032402;143 856;A01;3;7;0;2;1;1;1;
50243;202100032403;143 853;A01;3;7;0;2;1;16;1;
50244;202100032403;143 854;B01;1;50;0;0;8;1;3;
50245;202100032404;143 851;A01;2;30;0;2;1;17;1;
50246;202100032404;143 852;B01;2;7;0;0;8;15;1;
50247;202100032405;143 849;B01;1;17;0;2;4;2;1;
50248;202100032405;143 850;A01;1;7;0;2;1;2;1;
50249;202100032406;143 848;A01;2;10;4;0;9;1;1;
50250;202100032407;143 846;B01;0;1;0;2;1;16;5;
50251;202100032407;143 847;A01;0;7;0;9;3;1;1;
50252;202100032408;143 844;A01;3;10;0;0;1;1;1;
50253;202100032408;143 845;B01;3;7;0;2;1;5;1;
50254;202100032409;143 842;B01;2;7;0;2;3;21;1;
50255;202100032409;143 843;A01;2;1;0;2;4;26;5;
50256;202100032410;143 840;B01;1;33;0;2;1;1;1;
50257;202100032410;143 841;A01;1;7;0;2;2;15;1;
50258;202100032411;143 838;B01;1;7;0;2;1;1;1;
50259;202100032411;143 839;A01;2;7;0;2;3;15;1;
50260;202100032412;143 837;A01;0;2;0;0;0;1;1;
50261;202100032413;143 836;A01;1;2;12;0;1;1;1;
50262;202100032414;143 835;A01;1;33;4;0;0;17;1;
50263;202100032415;143 833;B01;0;1;0;2;8;15;5;
50264;202100032415;143 834;A01;0;7;0;9;3;17;0;
50265;202100032416;143 830;A01;1;7;0;2;1;1;1;
50266;202100032416;143 831;B01;1;7;0;0;4;23;1;
50267;202100032416;143 832;C01;1;1;0;2;2;1;5;
50268;202100032417;143 828;A01;1;7;0;2;1;19;1;
50269;202100032417;143 829;B01;2;7;0;2;2;1;1;
50270;202100032418;143 827;A01;1;7;0;1;2;1;1;
50271;202100032419;143 825;B01;2;7;0;2;2;1;1;
50272;202100032419;143 826;A01;1;7;0;2;1;19;1;
50273;202100032420;143 824;A01;2;7;0;0;9;0;1;
50274;202100032421;143 823;A01;1;43;0;0;0;2;1;
50275;202100032423;143 819;A01;2;7;1;0;2;14;1;
50276;202100032423;143 820;B01;2;7;0;2;6;24;1;
50277;202100032424;143 816;A01;1;7;0;2;4;2;1;
50278;202100032424;143 817;B01;1;7;0;2;4;2;1;
50279;202100032424;143 818;C01;1;7;0;2;1;2;1;
50280;202100032425;143 815;A01;1;33;14;0;1;21;1;
50281;202100032426;143 813;A01;2;17;0;2;6;11;1;
50282;202100032426;143 814;B01;2;7;0;2;2;1;1;
50283;202100032427;143 811;A01;1;7;0;2;1;2;1;
50284;202100032427;143 812;B01;1;7;0;2;4;2;1;
50285;202100032428;143 808;C01;2;17;0;2;4;0;1;
50286;202100032428;143 809;B01;2;7;0;2;4;2;1;
50287;202100032428;143 810;A01;2;17;0;2;1;2;1;
50288;202100032429;143 806;A01;1;7;0;2;2;1;1;
50289;202100032429;143 807;B01;1;7;0;2;6;1;1;
50290;202100032430;143 804;A01;2;7;0;2;4;1;1;
50291;202100032430;143 805;Z01;2;15;0;0;0;0;0;
50292;202100032431;143 802;B01;1;7;0;2;6;11;1;
50293;202100032431;143 803;A01;1;33;0;2;2;3;1;
50294;202100032432;143 800;Z01;1;7;0;2;6;1;0;
50295;202100032432;143 801;B01;1;33;0;2;2;12;1;
50296;202100032433;143 799;A01;2;33;0;0;9;1;1;
50297;202100032434;143 798;A01;1;7;1;0;9;1;1;
50298;202100032435;143 796;B01;2;33;0;2;1;1;1;
50299;202100032435;143 797;A01;1;10;0;2;3;15;1;
50300;202100032436;143 795;A01;2;10;0;1;2;2;1;
50301;202100032437;143 793;A01;1;7;0;2;2;1;1;
50302;202100032437;143 794;B01;2;10;0;2;3;1;1;
50303;202100032438;143 792;A01;1;7;0;1;1;1;1;
50304;202100032439;143 791;A01;3;7;0;1;3;1;1;
50305;202100032441;143 787;A01;3;1;0;2;1;1;5;
50306;202100032441;143 788;B01;3;10;0;9;0;1;1;
50307;202100032442;143 785;B01;1;2;0;2;8;1;1;
50308;202100032442;143 786;A01;1;7;0;2;7;16;1;
50309;202100032443;143 784;A01;1;7;0;1;1;26;1;
50310;202100032444;143 783;A01;1;7;4;0;1;13;1;
50311;202100032445;143 782;A01;2;7;0;1;3;19;1;
50312;202100032446;143 780;A01;2;7;0;2;6;15;1;
50313;202100032446;143 781;B01;2;80;0;2;1;1;3;
50314;202100032447;143 779;A01;3;7;0;1;1;1;1;
50315;202100032448;143 777;A01;2;7;0;2;6;1;1;
50316;202100032448;143 778;B01;2;33;0;2;2;0;1;
50317;202100032449;143 776;A01;3;20;0;1;1;1;0;
50318;202100032450;143 775;A01;3;7;0;1;3;1;1;
50319;202100032451;143 774;A01;3;14;12;0;3;13;1;
50320;202100032452;143 772;B01;1;7;0;2;4;2;1;
50321;202100032452;143 773;A01;1;7;0;2;1;2;1;
50322;202100032453;143 768;B01;1;7;0;2;4;1;1;
50323;202100032453;143 769;D01;1;7;0;2;3;1;2;
50324;202100032453;143 770;A01;1;7;0;2;1;2;1;
50325;202100032453;143 771;C01;1;7;0;2;2;1;1;
50326;202100032454;143 766;B01;1;7;0;2;4;1;1;
50327;202100032454;143 767;A01;1;7;0;2;1;9;1;
50328;202100032455;143 764;B01;2;33;0;2;1;1;1;
50329;202100032455;143 765;A01;2;7;0;2;4;4;1;
50330;202100032456;143 762;B01;1;1;0;2;8;1;5;
50331;202100032456;143 763;A01;2;7;0;2;1;16;1;
50332;202100032457;143 761;A01;3;7;0;1;2;2;1;
50333;202100032458;143 760;A01;1;7;0;1;2;19;1;
50334;202100032461;143 756;A01;1;7;0;2;1;2;1;
50335;202100032461;143 757;B01;1;7;0;2;4;2;1;
50336;202100032462;143 754;A01;1;7;6;0;1;16;1;
50337;202100032463;143 752;A01;3;7;0;2;2;15;1;
50338;202100032463;143 753;B01;2;7;0;2;3;1;1;
50339;202100032464;143 750;A01;1;7;0;2;3;10;1;
50340;202100032464;143 751;B01;1;7;0;2;3;1;0;
50341;202100032465;143 749;A01;0;7;0;1;4;4;1;
50342;202100032466;143 746;A01;3;1;0;2;7;25;5;
50343;202100032466;143 747;B01;0;7;0;2;7;9;1;
50344;202100032468;143 737;B01;1;1;1;0;1;1;5;
50345;202100032468;143 738;A01;1;7;0;2;3;22;1;
50346;202100032469;143 735;A01;3;7;0;2;1;15;1;
50347;202100032469;143 736;B01;3;7;0;2;1;1;1;
50348;202100032470;143 733;A01;1;7;0;2;3;1;1;
50349;202100032470;143 734;B01;2;32;0;2;1;1;1;
50350;202100032471;143 731;A01;1;1;2;4;1;19;5;
50351;202100032471;143 732;B01;2;40;0;2;2;1;3;
50352;202100032472;143 730;A01;3;10;0;1;1;26;1;
50353;202100032473;143 728;B01;1;31;0;2;0;1;1;
50354;202100032473;143 729;A01;3;7;0;2;2;15;1;
50355;202100032474;143 725;C01;2;7;0;2;4;2;1;
50356;202100032474;143 726;A01;2;7;0;2;1;2;1;
50357;202100032474;143 727;B01;2;10;0;2;4;2;1;
50358;202100032475;143 724;A01;3;3;15;0;1;14;0;
50359;202100032476;143 722;Z01;1;7;0;0;1;1;1;
50360;202100032476;143 723;A01;1;1;0;2;4;1;5;
50361;202100032477;143 720;B01;1;99;0;2;3;0;3;
50362;202100032477;143 721;A01;1;20;0;0;0;0;0;
50363;202100032478;143 719;A01;1;7;0;2;3;1;1;
50364;202100032479;143 717;A01;2;33;0;2;1;2;1;
50365;202100032479;143 718;B01;2;7;0;2;4;1;1;
50366;202100032480;143 716;A01;2;1;0;1;2;25;5;
50367;202100032481;143 711;A01;1;7;0;9;1;1;1;
50368;202100032481;143 712;B01;1;1;0;2;8;9;6;
50369;202100032483;143 705;B01;2;7;0;2;8;1;1;
50370;202100032483;143 706;A01;1;2;0;2;1;1;1;
50371;202100032484;143 704;A01;2;7;0;1;2;1;1;
50372;202100032486;143 701;A01;3;7;0;1;3;15;1;
50373;202100032487;143 700;A01;2;7;14;0;1;13;1;
50374;202100032488;143 698;A01;2;10;0;2;2;15;1;
50375;202100032488;143 699;B01;1;34;0;2;1;1;1;
50376;202100032489;143 696;A01;3;30;0;2;7;19;1;
50377;202100032489;143 697;B01;1;7;0;2;1;1;1;
50378;202100032490;143 693;A01;1;32;0;1;1;1;1;
50379;202100032491;143 691;B01;1;10;0;2;3;9;1;
50380;202100032491;143 692;A01;2;7;0;2;1;1;1;
50381;202100032492;143 689;A01;1;33;0;2;1;18;1;
50382;202100032492;143 690;B01;1;17;0;2;2;16;1;
50383;202100032493;143 688;A01;1;7;0;1;4;4;1;
50384;202100032494;143 686;B01;2;30;0;2;3;1;1;
50385;202100032494;143 687;A01;1;7;0;2;3;13;1;
50386;202100032495;143 684;B01;1;1;0;2;1;1;5;
50387;202100032495;143 685;A01;1;7;0;2;7;26;1;
50388;202100032496;143 682;B01;1;33;0;2;1;0;1;
50389;202100032496;143 683;A01;1;7;0;2;3;1;1;
50390;202100032497;143 680;B01;2;1;0;2;6;19;5;
50391;202100032497;143 681;A01;2;7;0;2;1;1;1;
50392;202100032500;143 671;B01;3;7;0;2;3;9;1;
50393;202100032500;143 672;A01;3;7;0;0;3;19;1;
50394;202100032501;143 670;A01;1;7;0;1;3;1;1;
50395;202100032502;143 668;B01;2;7;0;2;4;1;1;
50396;202100032502;143 669;A01;1;7;0;2;1;2;1;
50397;202100032503;143 667;A01;3;7;0;9;3;17;1;
50398;202100032505;143 663;A01;2;10;0;1;5;16;1;
50399;202100032506;143 662;A01;1;30;0;1;1;17;1;
50400;202100032508;143 659;A01;1;1;0;0;0;21;5;
50401;202100032509;143 657;A01;1;10;0;2;2;15;1;
50402;202100032509;143 658;B01;2;43;0;2;3;1;1;
50403;202100032510;143 656;A01;1;30;0;1;1;16;1;
50404;202100032511;143 654;A01;1;7;0;2;5;16;1;
50405;202100032511;143 655;B01;1;1;0;2;6;7;5;
50406;202100032513;143 650;B01;2;7;0;2;4;1;2;
50407;202100032513;143 651;A01;2;33;0;2;1;1;1;
50408;202100032514;143 647;C01;2;14;0;2;4;23;1;
50409;202100032514;143 648;B01;2;30;0;2;4;23;1;
50410;202100032514;143 649;A01;2;10;0;2;1;1;1;
50411;202100032515;143 645;A01;1;33;0;2;1;2;1;
50412;202100032515;143 646;B01;1;7;0;2;4;2;1;
50413;202100032516;143 643;B01;2;32;0;2;1;1;1;
50414;202100032516;143 644;A01;2;50;0;2;2;19;3;
50415;202100032517;143 641;A01;1;1;0;2;2;17;5;
50416;202100032517;143 642;B01;1;1;0;2;3;13;5;
50417;202100032519;143 638;B01;1;1;0;2;1;1;5;
50418;202100032519;143 639;A01;2;1;0;2;0;10;5;
50419;202100032520;143 636;Z01;2;43;0;2;1;1;1;
50420;202100032520;143 637;A01;2;1;0;2;4;1;5;
50421;202100032521;143 634;A01;3;31;0;2;1;1;1;
50422;202100032521;143 635;B01;3;7;0;2;4;18;1;
50423;202100032522;143 633;A01;1;7;0;1;3;1;2;
50424;202100032523;143 631;A01;2;7;0;2;5;16;1;
50425;202100032523;143 632;B01;2;33;0;2;3;18;1;
50426;202100032524;143 630;A01;1;50;8;0;1;1;3;
50427;202100032525;143 629;A01;2;7;0;1;5;4;1;
50428;202100032527;143 626;A01;2;7;0;2;2;1;1;
50429;202100032528;143 625;A01;2;7;0;1;3;1;1;
50430;202100032529;143 624;A01;2;50;0;1;1;3;3;
50431;202100032530;143 622;A01;1;7;1;0;1;14;2;
50432;202100032530;143 623;B01;1;7;0;0;4;23;1;
50433;202100032531;143 621;A01;2;32;0;1;0;26;0;
50434;202100032532;143 620;A01;3;7;1;1;1;26;1;
50435;202100032534;143 616;A01;1;7;0;2;3;2;1;
50436;202100032534;143 617;Y01;1;50;0;2;0;0;3;
50437;202100032535;143 614;B01;1;50;0;2;1;1;3;
50438;202100032535;143 615;A01;1;7;0;2;7;20;1;
50439;202100032536;143 612;A01;2;30;0;1;1;1;0;
50440;202100032536;143 613;Y01;2;50;0;2;8;19;3;
50441;202100032537;143 611;A01;1;7;0;1;3;21;1;
50442;202100032538;143 609;A01;1;32;0;2;3;26;1;
50443;202100032538;143 610;B01;2;50;0;2;1;25;3;
50444;202100032539;143 606;B01;1;10;0;2;1;26;1;
50445;202100032539;143 607;Z01;1;13;0;2;0;0;0;
50446;202100032539;143 608;A01;1;7;0;2;4;26;1;
50447;202100032540;143 604;A01;3;7;0;2;1;17;1;
50448;202100032540;143 605;B01;0;1;0;2;8;19;0;
50449;202100032541;143 602;A01;1;32;0;2;8;1;1;
50450;202100032541;143 603;B01;1;15;0;2;5;1;1;
50451;202100032542;143 600;B01;2;2;0;2;3;1;1;
50452;202100032542;143 601;A01;1;7;0;2;2;15;1;
50453;202100032543;143 598;A01;2;7;0;2;3;1;1;
50454;202100032543;143 599;B01;1;7;0;2;3;1;1;
50455;202100032545;143 595;A01;0;2;0;0;0;1;1;
50456;202100032546;143 593;B01;1;1;3;0;0;1;5;
50457;202100032546;143 594;A01;1;15;0;0;0;1;1;
50458;202100032547;143 590;B01;1;7;1;0;2;2;1;
50459;202100032547;143 591;A01;1;7;1;0;0;2;1;
50460;202100032548;143 588;B01;2;15;0;0;6;0;1;
50461;202100032548;143 589;A01;2;10;0;2;2;1;1;
50462;202100032549;143 587;A01;3;2;0;0;0;2;1;
50463;202100032551;143 585;A01;1;10;13;0;2;1;1;
50464;202100032552;143 583;B01;1;33;0;2;7;2;1;
50465;202100032552;143 584;A01;3;7;0;2;6;26;1;
50466;202100032554;143 579;A01;1;33;7;0;1;1;1;
50467;202100032556;143 577;A01;3;32;0;0;0;0;1;
50468;202100032557;143 575;B01;1;7;0;2;2;17;3;
50469;202100032557;143 576;A01;1;7;0;2;3;15;1;
50470;202100032558;143 571;A01;1;7;0;2;1;1;1;
50471;202100032558;143 572;B01;3;7;8;2;7;19;1;
50472;202100032559;143 570;A01;1;33;0;0;3;1;1;
50473;202100032560;143 569;A01;1;7;8;0;2;1;1;
50474;202100032562;143 565;A01;2;7;0;2;3;22;1;
50475;202100032562;143 566;B01;2;80;1;0;1;22;3;
50476;202100032563;143 564;A01;0;33;0;6;1;2;1;
50477;202100032564;143 562;B01;2;7;0;2;3;1;1;
50478;202100032564;143 563;A01;1;7;0;2;3;13;1;
50479;202100032565;143 560;A01;0;10;0;2;5;19;1;
50480;202100032565;143 561;B01;1;33;0;2;8;1;1;
50481;202100032566;143 558;B01;2;7;0;2;1;5;1;
50482;202100032566;143 559;A01;1;10;0;2;1;1;1;
50483;202100032568;143 555;A01;3;7;0;1;0;0;1;
50484;202100032569;143 553;A01;1;31;0;2;1;13;1;
50485;202100032569;143 554;B01;2;7;0;2;1;1;1;
50486;202100032570;143 551;A01;0;7;0;9;8;9;1;
50487;202100032570;143 552;B01;3;1;0;2;1;26;5;
50488;202100032571;143 549;A01;0;7;0;2;2;2;1;
50489;202100032571;143 550;B01;0;33;0;2;4;2;1;
50490;202100032573;143 545;A01;2;7;0;2;2;1;1;
50491;202100032573;143 546;B01;2;10;3;0;5;0;1;
50492;202100032575;143 543;A01;1;7;6;0;3;13;1;
50493;202100032576;143 542;A01;1;7;13;0;1;1;1;
50494;202100032577;143 541;A01;1;7;13;0;7;1;1;
50495;202100032578;143 539;B01;1;7;0;0;0;15;1;
50496;202100032578;143 540;A01;1;33;0;0;0;17;1;
50497;202100032579;143 538;A01;3;7;8;0;1;13;1;
50498;202100032580;143 537;A01;3;7;0;1;3;1;1;
50499;202100032581;143 535;B01;2;7;0;2;1;1;1;
50500;202100032581;143 536;A01;1;2;0;2;3;1;1;
50501;202100032582;143 533;A01;3;2;0;2;3;1;1;
50502;202100032582;143 534;B01;3;7;0;2;3;1;1;
50503;202100032583;143 531;A01;2;7;0;9;1;1;0;
50504;202100032583;143 532;B01;1;2;0;2;8;19;1;
50505;202100032584;143 529;B01;1;7;0;2;8;15;1;
50506;202100032584;143 530;A01;1;33;0;2;0;15;1;
50507;202100032585;143 527;B01;1;33;0;2;1;1;1;
50508;202100032585;143 528;A01;1;10;0;2;3;19;1;
50509;202100032587;143 524;A01;1;2;6;0;1;1;1;
50510;202100032588;143 523;A01;0;7;0;1;3;26;1;
50511;202100032589;143 521;B01;2;7;0;0;4;1;1;
50512;202100032589;143 522;A01;2;7;0;2;1;1;1;
50513;202100032591;143 518;A01;3;20;0;1;8;26;0;
50514;202100032592;143 516;A01;3;7;0;2;2;15;1;
50515;202100032592;143 517;B01;3;33;0;2;1;1;0;
50516;202100032593;143 515;A01;1;7;0;0;0;14;1;
50517;202100032594;143 514;A01;3;17;0;1;0;0;1;
50518;202100032595;143 512;B01;2;10;3;2;8;1;1;
50519;202100032595;143 513;A01;1;7;17;0;3;1;1;
50520;202100032596;143 509;A01;2;7;0;2;0;0;1;
50521;202100032596;143 510;B01;2;7;0;2;7;1;1;
50522;202100032596;143 511;C01;2;15;0;0;8;1;1;
50523;202100032598;143 504;C01;1;10;0;2;1;2;1;
50524;202100032598;143 505;B01;1;10;0;2;4;23;1;
50525;202100032598;143 506;A01;1;17;0;0;4;23;1;
50526;202100032599;143 502;B01;1;7;0;2;1;1;1;
50527;202100032599;143 503;A01;2;1;0;2;8;19;5;
50528;202100032600;143 500;A01;1;7;0;2;1;1;1;
50529;202100032600;143 501;B01;2;7;0;2;3;1;1;
50530;202100032601;143 498;B01;2;7;6;2;2;26;1;
50531;202100032601;143 499;A01;2;7;0;2;1;1;1;
50532;202100032602;143 497;A01;0;2;0;0;0;0;0;
50533;202100032603;143 496;A01;1;7;13;9;9;1;1;
50534;202100032605;143 494;A01;1;33;10;0;1;1;1;
50535;202100032606;143 493;A01;3;33;6;0;1;0;1;
50536;202100032607;143 491;A01;3;7;0;2;1;15;1;
50537;202100032607;143 492;B01;3;2;0;2;2;17;1;
50538;202100032608;143 490;A01;1;7;15;0;2;1;1;
50539;202100032609;143 488;B01;1;2;0;0;8;1;1;
50540;202100032609;143 489;A01;2;7;0;0;0;17;2;
50541;202100032611;143 484;A01;1;7;0;2;1;2;1;
50542;202100032611;143 485;B01;1;1;0;0;4;1;5;
50543;202100032612;143 482;B01;1;17;7;2;1;1;1;
50544;202100032612;143 483;A01;2;7;0;2;1;13;1;
50545;202100032613;143 477;A01;2;7;0;2;4;1;1;
50546;202100032613;143 478;B01;2;7;0;2;6;1;1;
50547;202100032613;143 479;C01;2;7;0;2;2;2;1;
50548;202100032615;143 472;A01;2;7;3;0;3;1;1;
50549;202100032616;143 470;A01;2;7;0;2;6;1;1;
50550;202100032616;143 471;B01;2;7;0;2;2;12;1;
50551;202100032617;143 469;A01;1;7;0;0;0;2;1;
50552;202100032618;143 465;A01;1;7;0;2;7;14;1;
50553;202100032618;143 466;B01;1;33;0;2;7;1;1;
50554;202100032618;143 467;C01;1;7;0;2;6;2;1;
50555;202100032618;143 468;D01;1;7;0;2;7;2;1;
50556;202100032619;143 463;A01;2;7;0;2;8;11;1;
50557;202100032619;143 464;B01;2;43;0;2;7;1;1;
50558;202100032620;143 457;A01;2;7;0;2;1;2;0;
50559;202100032620;143 458;B01;2;10;0;2;1;2;1;
50560;202100032620;143 459;C01;2;10;0;2;1;2;1;
50561;202100032620;143 460;D01;2;7;0;2;1;2;1;
50562;202100032620;143 461;E01;2;7;0;2;1;2;1;
50563;202100032620;143 462;F01;2;10;0;2;1;2;1;
50564;202100032621;143 454;Z01;2;0;0;1;0;26;0;
50565;202100032621;143 455;C01;1;7;14;0;1;9;2;
50566;202100032621;143 456;B01;1;7;14;0;1;9;1;
50567;202100032622;143 452;B01;1;34;0;2;0;0;1;
50568;202100032622;143 453;A01;1;7;0;2;0;2;1;
50569;202100032623;143 449;B01;1;7;0;2;4;0;3;
50570;202100032623;143 450;Z01;1;15;0;2;1;0;1;
50571;202100032623;143 451;A01;1;7;0;2;4;26;1;
50572;202100032624;143 447;B01;1;7;0;2;3;2;1;
50573;202100032624;143 448;A01;1;33;0;2;7;2;1;
50574;202100032625;143 446;A01;2;7;9;0;1;12;1;
50575;202100032626;143 444;A01;1;14;0;2;1;2;1;
50576;202100032626;143 445;B01;1;7;0;2;4;2;1;
50577;202100032627;143 441;A01;1;7;0;2;2;16;1;
50578;202100032627;143 442;B01;1;31;0;2;8;3;1;
50579;202100032627;143 443;C01;1;7;0;2;3;1;1;
50580;202100032628;143 440;A01;2;33;0;0;8;26;1;
50581;202100032629;143 438;B01;3;7;0;2;3;1;1;
50582;202100032629;143 439;A01;3;7;0;2;8;5;1;
50583;202100032630;143 437;A01;2;30;0;1;1;1;1;
50584;202100032631;143 436;A01;2;10;0;1;1;1;1;
50585;202100032632;143 435;A01;1;7;0;1;4;20;0;
50586;202100032633;143 434;A01;0;7;0;1;1;1;1;
50587;202100032634;143 432;A01;3;10;0;2;1;13;1;
50588;202100032634;143 433;B01;3;7;0;2;1;1;1;
50589;202100032635;143 430;A01;2;7;0;2;4;2;1;
50590;202100032635;143 431;B01;2;7;0;2;1;2;1;
50591;202100032636;143 428;B01;1;33;0;2;1;21;0;
50592;202100032636;143 429;A01;1;7;0;2;1;15;1;
50593;202100032637;143 426;A01;2;1;0;2;4;2;0;
50594;202100032637;143 427;B01;2;7;0;2;1;16;1;
50595;202100032638;143 424;B01;1;7;0;0;1;1;1;
50596;202100032638;143 425;A01;2;1;0;2;7;5;5;
50597;202100032639;143 423;A01;1;7;14;0;1;26;1;
50598;202100032640;143 422;A01;2;99;0;0;8;25;5;