;Num_Acc;id_vehicule;num_veh;senc;catv;obs;obsm;choc;manv;motor;occutc
51061;202100032949;142 861;B01;1;7;0;2;1;2;1;
51062;202100032950;142 859;A01;3;33;8;0;0;13;1;
51063;202100032952;142 855;B01;3;2;0;2;4;1;1;
51064;202100032952;142 856;A01;1;10;0;2;3;1;1;
51065;202100032953;142 853;A01;3;7;0;2;3;1;1;
51066;202100032953;142 854;B01;3;2;0;2;1;1;1;
51067;202100032954;142 851;B01;1;33;0;2;2;17;1;
51068;202100032954;142 852;A01;1;7;0;2;3;20;1;
51069;202100032956;142 849;A01;2;7;0;1;2;13;1;
51070;202100032958;142 846;A01;3;30;0;2;1;1;1;
51071;202100032958;142 847;B01;3;7;0;2;1;1;1;
51072;202100032959;142 844;A01;3;2;0;2;1;1;1;
51073;202100032959;142 845;B01;3;7;0;2;2;16;1;
51074;202100032960;142 841;A01;1;7;0;2;3;1;1;
51075;202100032960;142 842;B01;1;7;0;2;5;15;1;
51076;202100032960;142 843;C01;2;7;0;2;3;1;1;
51077;202100032961;142 840;A01;1;7;13;0;1;1;1;
51078;202100032962;142 838;B01;1;33;0;2;3;1;1;
51079;202100032962;142 839;A01;2;10;0;2;1;19;1;
51080;202100032963;142 837;A01;1;7;13;0;9;1;1;
51081;202100032964;142 834;A01;0;7;0;2;7;15;1;
51082;202100032964;142 835;B01;0;7;0;2;1;5;1;
51083;202100032964;142 836;C01;0;7;0;2;9;2;1;
51084;202100032965;142 833;A01;2;7;13;0;1;0;1;
51085;202100032966;142 831;A01;2;7;0;2;3;1;1;
51086;202100032966;142 832;B01;1;7;0;2;1;1;1;
51087;202100032967;142 829;A01;1;7;0;2;2;1;1;
51088;202100032967;142 830;B01;2;7;0;2;2;13;1;
51089;202100032968;142 828;A01;1;7;2;0;7;1;1;
51090;202100032969;142 825;A01;2;7;0;2;1;17;1;
51091;202100032969;142 826;B01;1;33;0;2;1;1;1;
51092;202100032969;142 827;C01;2;10;0;9;0;1;1;
51093;202100032972;142 820;A01;3;7;0;2;1;1;1;
51094;202100032972;142 821;B01;3;1;0;2;8;11;0;
51095;202100032973;142 818;B01;3;33;0;2;1;17;1;
51096;202100032973;142 819;A01;3;7;0;2;3;15;1;
51097;202100032974;142 817;A01;1;31;16;0;0;1;1;
51098;202100032975;142 816;A01;1;33;0;0;8;1;1;
51099;202100032976;142 814;A01;1;2;0;2;0;1;1;
51100;202100032976;142 815;B01;0;7;0;2;8;9;1;
51101;202100032977;142 810;A01;1;7;0;2;4;2;1;
51102;202100032977;142 811;B01;1;10;0;2;4;2;1;
51103;202100032977;142 812;C01;1;7;0;2;4;2;1;
51104;202100032977;142 813;D01;1;10;0;2;1;2;1;
51105;202100032979;142 805;Z01;0;7;0;0;0;0;0;
51106;202100032979;142 806;A01;1;7;0;2;4;0;1;
51107;202100032980;142 804;A01;3;32;0;9;8;1;1;
51108;202100032981;142 799;E01;1;7;3;2;1;21;1;
51109;202100032981;142 800;D01;1;7;3;0;2;21;1;
51110;202100032981;142 801;C01;1;3;3;2;1;21;1;
51111;202100032981;142 802;B01;1;7;3;0;1;21;1;
51112;202100032981;142 803;A01;1;7;3;0;1;6;1;
51113;202100032982;142 797;B01;2;7;0;2;1;0;1;
51114;202100032982;142 798;A01;2;7;0;2;4;0;1;
51115;202100032983;142 793;A01;2;10;0;2;4;1;1;
51116;202100032983;142 794;B01;2;7;0;2;4;1;1;
51117;202100032983;142 795;C01;2;7;0;2;4;0;1;
51118;202100032983;142 796;D01;2;7;0;2;1;1;1;
51119;202100032984;142 791;B01;1;7;0;2;6;1;1;
51120;202100032984;142 792;A01;1;17;0;2;2;12;1;
51121;202100032985;142 787;B01;1;7;0;2;1;21;1;
51122;202100032985;142 788;C01;1;7;0;2;1;21;1;
51123;202100032985;142 789;A01;1;7;0;2;3;1;1;
51124;202100032985;142 790;Z01;1;0;0;0;0;0;0;
51125;202100032986;142 786;A01;1;7;7;0;3;14;1;
51126;202100032987;142 784;B01;2;7;0;2;3;12;1;
51127;202100032987;142 785;A01;2;7;0;2;5;23;1;
51128;202100032988;142 782;A01;2;7;0;2;3;11;1;
51129;202100032988;142 783;B01;2;33;0;2;6;3;1;
51130;202100032989;142 781;A01;2;7;3;0;9;2;1;
51131;202100032990;142 780;A01;1;7;0;0;0;26;1;
51132;202100032991;142 778;B01;1;3;0;2;4;12;1;
51133;202100032991;142 779;A01;1;33;0;2;1;3;1;
51134;202100032992;142 775;A01;2;7;0;2;6;18;1;
51135;202100032992;142 776;B01;2;7;0;2;2;1;1;
51136;202100032992;142 777;C01;2;7;0;2;8;1;1;
51137;202100032993;142 774;A01;2;7;3;0;9;1;1;
51138;202100032994;142 771;A01;2;33;0;2;9;3;1;
51139;202100032994;142 772;B01;2;7;0;2;7;12;1;
51140;202100032994;142 773;C01;2;7;0;2;8;1;2;
51141;202100032995;142 769;B01;2;7;0;2;4;24;1;
51142;202100032995;142 770;A01;2;37;0;2;1;1;1;1.0
51143;202100032996;142 767;B01;2;43;0;2;5;1;1;
51144;202100032996;142 768;A01;2;7;0;2;3;11;1;
51145;202100032997;142 764;A01;2;7;0;2;4;2;1;
51146;202100032997;142 765;B01;2;7;0;2;1;1;1;
51147;202100032997;142 766;C01;2;7;0;2;1;2;1;
51148;202100032998;142 761;A01;2;7;0;2;1;2;1;
51149;202100032998;142 762;B01;2;7;0;2;4;2;1;
51150;202100032998;142 763;C01;2;7;0;2;4;2;1;
51151;202100032999;142 760;A01;1;7;3;0;1;1;1;
51152;202100033000;142 759;A01;2;7;4;0;1;1;1;
51153;202100033001;142 758;A01;2;7;3;0;2;0;1;
51154;202100033002;142 756;B01;2;7;0;2;4;12;1;
51155;202100033002;142 757;A01;2;33;0;2;1;3;1;
51156;202100033003;142 751;B01;1;10;0;2;4;2;1;
51157;202100033003;142 752;A01;1;7;0;2;1;2;1;
51158;202100033003;142 753;E01;1;7;0;2;1;1;1;
51159;202100033003;142 754;D01;1;7;0;2;4;2;1;
51160;202100033003;142 755;C01;1;7;0;2;4;2;1;
51161;202100033004;142 750;A01;1;7;0;1;2;1;1;
51162;202100033005;142 749;A01;2;30;0;1;0;26;1;
51163;202100033006;142 748;A01;1;7;0;1;2;1;1;
51164;202100033007;142 746;A01;3;10;0;9;3;15;1;
51165;202100033007;142 747;B01;3;1;0;2;0;0;0;
51166;202100033008;142 744;B01;3;2;0;2;1;1;1;
51167;202100033008;142 745;A01;3;7;0;2;7;15;1;
51168;202100033009;142 742;B01;1;33;0;2;1;1;1;
51169;202100033009;142 743;A01;1;7;0;2;3;15;2;
51170;202100033010;142 739;A01;1;7;1;0;8;21;1;
51171;202100033010;142 740;B01;1;7;0;2;7;23;1;
51172;202100033010;142 741;C01;1;13;0;2;5;23;1;
51173;202100033012;142 734;C01;2;7;0;2;4;2;1;
51174;202100033012;142 735;B01;2;7;0;2;4;2;1;
51175;202100033012;142 736;A01;2;7;0;2;1;2;1;
51176;202100033013;142 732;B01;1;2;0;2;4;14;1;
51177;202100033013;142 733;A01;1;7;0;2;1;1;1;
51178;202100033014;142 729;A01;2;7;0;2;2;1;1;
51179;202100033014;142 730;B01;2;7;0;2;6;23;1;
51180;202100033014;142 731;C01;2;7;0;2;0;0;1;
51181;202100033015;142 728;A01;1;7;0;1;2;25;1;
51182;202100033016;142 725;A01;1;7;0;2;1;1;1;
51183;202100033016;142 726;B01;1;7;0;2;4;1;1;
51184;202100033016;142 727;C01;1;7;1;2;4;1;1;
51185;202100033017;142 723;B01;2;10;0;0;4;2;1;
51186;202100033017;142 724;A01;2;10;0;2;1;2;1;
51187;202100033018;142 722;A01;2;7;3;0;1;14;1;
51188;202100033020;142 718;C01;2;7;0;2;6;1;1;
51189;202100033020;142 719;B01;2;7;0;2;3;1;1;
51190;202100033020;142 720;A01;1;33;0;2;1;16;1;
51191;202100033021;142 717;A01;3;1;0;1;1;1;5;
51192;202100033022;142 715;B01;3;7;0;2;4;1;1;
51193;202100033022;142 716;A01;3;33;0;2;1;2;1;
51194;202100033023;142 712;C01;2;7;0;2;4;1;0;
51195;202100033023;142 713;B01;2;7;0;2;1;1;1;
51196;202100033023;142 714;A01;2;7;0;2;1;1;1;
51197;202100033024;142 710;B01;2;1;0;2;8;1;5;
51198;202100033024;142 711;A01;2;10;0;9;5;17;1;
51199;202100033025;142 708;B01;-1;7;0;2;1;1;1;
51200;202100033025;142 709;A01;-1;2;0;2;1;20;1;
51201;202100033026;142 707;A01;0;7;0;1;5;1;1;
51202;202100033027;142 705;B01;1;33;8;0;4;23;1;
51203;202100033027;142 706;A01;1;14;0;2;2;1;0;
51204;202100033028;142 703;B01;2;7;0;2;5;15;1;
51205;202100033028;142 704;A01;1;7;0;0;1;0;1;
51206;202100033029;142 702;A01;3;7;0;1;1;1;1;
51207;202100033030;142 701;A01;1;43;12;0;2;1;1;
51208;202100033031;142 700;A01;3;7;0;1;7;1;1;
51209;202100033032;142 699;A01;2;7;0;1;1;0;1;
51210;202100033033;142 697;A01;1;7;8;2;3;18;1;
51211;202100033033;142 698;B01;2;7;0;2;3;15;1;
51212;202100033034;142 695;B01;2;1;0;2;3;1;5;
51213;202100033034;142 696;Z01;2;7;0;9;2;16;0;
51214;202100033035;142 694;A01;1;3;0;1;3;9;1;
51215;202100033036;142 691;B01;1;7;0;2;1;1;1;
51216;202100033036;142 692;A01;2;7;0;2;1;17;1;
51217;202100033036;142 693;C01;2;7;0;0;0;1;1;
51218;202100033037;142 690;A01;1;7;0;1;1;1;2;
51219;202100033038;142 688;B01;2;50;0;2;1;2;3;
51220;202100033038;142 689;A01;1;7;0;2;2;15;1;
51221;202100033039;142 686;A01;1;7;0;2;4;1;1;
51222;202100033039;142 687;B01;1;7;0;2;3;0;1;
51223;202100033041;142 681;A01;1;7;0;2;1;0;1;
51224;202100033041;142 682;B01;2;7;0;2;1;0;1;
51225;202100033042;142 680;A01;1;7;5;0;1;1;1;
51226;202100033043;142 677;A01;1;7;0;2;1;9;1;
51227;202100033043;142 678;B01;1;7;0;2;1;1;1;
51228;202100033043;142 679;C01;1;7;0;2;2;0;1;
51229;202100033044;142 676;A01;1;7;0;1;1;26;1;
51230;202100033045;142 674;B01;1;7;0;2;1;1;1;
51231;202100033045;142 675;A01;2;30;0;2;7;1;1;
51232;202100033046;142 672;B01;1;7;0;2;4;23;2;
51233;202100033046;142 673;A01;1;7;0;2;1;2;1;
51234;202100033047;142 670;B01;3;7;0;2;8;1;1;
51235;202100033047;142 671;A01;3;7;0;2;1;16;1;
51236;202100033048;142 668;B01;3;3;0;2;4;1;1;
51237;202100033048;142 669;A01;3;7;0;2;1;21;1;
51238;202100033049;142 666;B01;2;1;0;2;1;25;5;
51239;202100033049;142 667;A01;3;7;0;2;2;16;1;
51240;202100033050;142 665;A01;2;7;3;0;1;14;1;
51241;202100033051;142 664;A01;2;20;0;0;0;21;1;
51242;202100033052;142 662;B01;2;80;0;2;7;1;3;
51243;202100033052;142 663;A01;1;7;0;2;1;19;1;
51244;202100033053;142 660;B01;2;7;0;2;3;11;1;
51245;202100033053;142 661;A01;2;7;0;2;1;17;1;
51246;202100033054;142 658;A01;2;7;0;2;1;13;1;
51247;202100033054;142 659;B01;1;31;0;2;1;1;1;
51248;202100033056;142 655;B01;2;7;0;2;3;15;1;
51249;202100033056;142 656;A01;1;30;0;2;3;1;1;
51250;202100033058;142 652;Z01;2;7;0;1;0;0;1;
51251;202100033059;142 650;A01;2;7;0;2;1;2;1;
51252;202100033059;142 651;B01;2;7;0;2;4;2;1;
51253;202100033060;142 649;A01;1;7;0;1;3;26;1;
51254;202100033061;142 647;A01;3;7;0;2;7;17;1;
51255;202100033061;142 648;B01;3;31;0;2;8;0;1;
51256;202100033062;142 643;A01;2;7;0;2;1;15;0;
51257;202100033062;142 644;B01;2;7;0;2;3;1;1;
51258;202100033062;142 645;C01;1;10;0;2;3;23;1;
51259;202100033062;142 646;D01;1;7;0;2;1;23;0;
51260;202100033063;142 639;C01;0;7;0;2;7;23;1;
51261;202100033063;142 640;Z01;0;7;0;2;1;18;0;
51262;202100033063;142 641;B01;0;32;0;2;0;1;1;
51263;202100033063;142 642;A01;0;33;0;2;4;1;1;
51264;202100033064;142 637;B01;1;7;0;2;1;1;1;
51265;202100033064;142 638;A01;1;7;0;2;3;19;1;
51266;202100033065;142 636;A01;1;7;2;0;1;26;1;
51267;202100033066;142 635;A01;1;7;0;2;1;5;1;
51268;202100033067;142 634;A01;1;7;0;1;1;1;1;
51269;202100033068;142 632;A01;1;7;0;2;1;13;1;
51270;202100033068;142 633;C01;2;7;0;2;1;1;1;
51271;202100033069;142 631;A01;2;33;0;0;7;1;1;
51272;202100033071;142 627;B01;2;7;0;2;1;1;1;
51273;202100033071;142 628;A01;1;31;0;2;8;1;1;
51274;202100033072;142 626;Z01;1;33;0;1;1;1;1;
51275;202100033073;142 624;B01;2;1;0;2;4;10;5;
51276;202100033073;142 625;A01;2;33;0;2;1;17;1;
51277;202100033074;142 623;A01;1;60;0;1;6;25;5;
51278;202100033075;142 621;Z01;2;7;0;2;7;17;0;
51279;202100033075;142 622;A01;2;1;0;2;8;1;5;
51280;202100033076;142 619;A01;3;7;0;2;3;9;1;
51281;202100033076;142 620;B01;2;30;0;2;1;7;3;
51282;202100033077;142 618;A01;1;34;0;1;1;1;1;
51283;202100033078;142 616;A01;1;10;0;2;7;16;1;
51284;202100033078;142 617;B01;1;33;0;2;8;18;1;
51285;202100033079;142 614;A01;2;1;0;2;1;5;5;
51286;202100033079;142 615;B01;1;10;0;2;3;1;1;
51287;202100033080;142 613;A01;2;30;14;0;1;13;1;
51288;202100033081;142 611;A01;1;7;0;2;3;2;1;
51289;202100033081;142 612;B01;1;30;0;2;4;23;1;
51290;202100033082;142 609;A01;2;10;0;2;3;22;1;
51291;202100033082;142 610;B01;2;80;0;2;7;1;3;
51292;202100033083;142 607;A01;1;32;0;2;2;15;1;
51293;202100033083;142 608;B01;2;80;0;2;1;1;3;
51294;202100033084;142 606;A01;2;10;0;1;2;1;1;
51295;202100033085;142 605;A01;2;30;0;1;1;7;3;
51296;202100033087;142 601;B01;1;7;0;0;6;2;1;
51297;202100033087;142 602;A01;1;2;0;2;1;15;1;
51298;202100033087;142 603;C01;2;7;0;0;8;5;1;
51299;202100033088;142 600;A01;1;7;0;0;7;1;2;
51300;202100033089;142 598;B01;1;33;0;2;8;1;1;
51301;202100033089;142 599;A01;1;10;0;2;7;21;1;
51302;202100033090;142 596;B01;1;33;0;2;1;1;1;
51303;202100033090;142 597;A01;2;7;0;2;5;15;0;
51304;202100033091;142 595;A01;2;7;0;1;3;1;1;
51305;202100033092;142 594;A01;2;7;9;0;2;2;1;
51306;202100033093;142 592;B01;2;7;0;2;3;1;1;
51307;202100033093;142 593;A01;2;10;0;2;1;15;2;
51308;202100033094;142 591;A01;2;7;6;0;3;1;1;
51309;202100033095;142 588;B01;2;7;0;2;1;2;1;
51310;202100033095;142 589;C01;2;7;0;2;4;16;1;
51311;202100033095;142 590;A01;1;7;0;2;1;26;1;
51312;202100033096;142 587;A01;1;7;0;1;0;20;1;
51313;202100033097;142 586;A01;1;34;0;0;0;17;0;
51314;202100033098;142 584;A01;2;7;0;2;1;0;1;
51315;202100033098;142 585;B01;1;38;0;2;1;0;1;2.0
51316;202100033099;142 583;A01;-1;7;0;1;7;1;1;
51317;202100033100;142 581;A01;2;10;0;2;4;23;1;
51318;202100033100;142 582;B01;2;50;0;2;1;2;3;
51319;202100033101;142 580;A01;1;7;8;0;1;6;1;
51320;202100033102;142 579;A01;2;7;0;1;3;1;1;
51321;202100033103;142 577;Z01;2;7;0;2;5;1;0;
51322;202100033103;142 578;A01;2;1;0;2;5;1;5;
51323;202100033104;142 575;A01;2;7;0;2;7;16;1;
51324;202100033104;142 576;B01;2;1;0;2;1;16;5;
51325;202100033105;142 574;A01;2;2;0;0;7;1;1;
51326;202100033106;142 572;B01;1;33;0;0;1;1;1;
51327;202100033106;142 573;A01;1;7;0;0;2;15;1;
51328;202100033108;142 570;A01;1;7;0;0;9;0;1;
51329;202100033109;142 568;A01;2;7;0;2;3;5;1;
51330;202100033109;142 569;C01;1;7;0;2;3;1;1;
51331;202100033110;142 567;A01;2;7;2;0;3;13;1;
51332;202100033111;142 566;A01;1;10;2;0;2;1;1;
51333;202100033112;142 564;A01;1;7;0;0;4;1;1;
51334;202100033112;142 565;B01;1;10;0;2;1;2;1;
51335;202100033113;142 563;A01;0;7;16;0;9;17;1;
51336;202100033114;142 562;A01;3;7;6;0;1;1;1;
51337;202100033115;142 561;A01;3;31;6;0;1;1;1;
51338;202100033116;142 560;A01;1;2;0;0;9;1;1;
51339;202100033117;142 559;A01;3;7;2;0;3;0;1;
51340;202100033118;142 557;A01;2;2;0;2;3;15;1;
51341;202100033118;142 558;B01;1;7;0;2;3;16;1;
51342;202100033119;142 555;A01;3;10;0;9;7;2;1;
51343;202100033119;142 556;B01;3;1;0;2;4;2;5;
51344;202100033120;142 554;A01;2;33;0;6;1;1;1;
51345;202100033121;142 553;A01;3;2;1;0;1;1;1;
51346;202100033122;142 552;A01;2;7;0;1;3;1;1;
51347;202100033123;142 549;B01;1;7;0;2;3;1;1;
51348;202100033123;142 550;A01;1;7;0;2;2;0;1;
51349;202100033125;142 545;B01;3;7;0;2;1;1;1;
51350;202100033125;142 546;A01;0;7;0;2;1;1;0;
51351;202100033126;142 542;A01;1;7;0;2;1;1;1;
51352;202100033126;142 543;B01;1;36;0;0;4;1;1;
51353;202100033127;142 540;A01;1;7;6;0;3;1;1;
51354;202100033127;142 541;B01;2;7;6;0;3;1;2;
51355;202100033128;142 539;A01;3;31;0;0;7;13;1;
51356;202100033129;142 538;A01;1;7;0;0;1;1;1;
51357;202100033131;142 536;A01;3;31;0;0;0;0;1;
51358;202100033133;142 531;A01;1;7;0;0;4;1;1;
51359;202100033133;142 532;B01;1;7;0;0;4;1;1;
51360;202100033133;142 533;C01;1;13;0;0;1;1;1;
51361;202100033134;142 529;A01;0;2;0;2;3;9;1;
51362;202100033134;142 530;B01;0;7;0;2;1;1;1;
51363;202100033135;142 528;A01;2;7;8;0;1;1;1;
51364;202100033136;142 526;A01;1;31;0;2;1;1;1;
51365;202100033136;142 527;B01;1;10;0;0;6;23;1;
51366;202100033137;142 524;A01;2;7;3;2;1;1;1;
51367;202100033137;142 525;B01;2;15;0;0;4;1;1;
51368;202100033138;142 522;B01;2;7;0;0;4;0;1;
51369;202100033138;142 523;A01;2;13;0;2;1;2;1;
51370;202100033139;142 520;A01;1;15;0;2;6;1;1;
51371;202100033139;142 521;B01;1;10;4;2;2;17;1;
51372;202100033140;142 519;A01;2;33;0;0;7;21;1;
51373;202100033141;142 518;A01;1;32;4;0;8;1;1;
51374;202100033142;142 516;B01;1;7;0;2;3;1;1;
51375;202100033142;142 517;A01;1;7;0;0;4;12;0;
51376;202100033143;142 515;A01;1;7;4;0;7;21;1;
51377;202100033144;142 513;A01;2;7;13;2;1;17;1;
51378;202100033144;142 514;B01;2;7;13;2;4;1;1;
51379;202100033145;142 512;A01;2;43;4;0;0;0;1;
51380;202100033146;142 511;A01;3;7;0;1;1;26;0;
51381;202100033147;142 510;A01;2;31;7;0;0;1;1;
51382;202100033149;142 508;A01;1;33;4;0;7;1;1;
51383;202100033150;142 507;A01;1;7;0;1;1;15;1;
51384;202100033151;142 505;B01;2;7;3;2;8;1;1;
51385;202100033151;142 506;A01;2;7;0;2;2;1;1;
51386;202100033152;142 504;A01;2;7;0;1;1;1;1;
51387;202100033153;142 502;B01;2;7;0;2;3;1;1;
51388;202100033153;142 503;A01;1;7;0;2;3;13;1;
51389;202100033154;142 501;A01;2;43;3;0;2;1;1;
51390;202100033155;142 499;A01;2;33;0;2;1;13;1;
51391;202100033155;142 500;B01;1;7;0;2;3;19;1;
51392;202100033156;142 498;A01;2;7;0;0;3;1;1;
51393;202100033157;142 495;A01;1;7;0;2;1;2;1;
51394;202100033157;142 496;B01;1;7;0;2;4;2;1;
51395;202100033157;142 497;C01;1;7;0;2;5;2;1;
51396;202100033159;142 491;A01;2;33;0;2;1;2;1;
51397;202100033159;142 492;B01;2;7;0;2;4;2;1;
51398;202100033160;142 490;A01;1;7;4;0;1;11;1;
51399;202100033161;142 488;A01;2;10;4;2;7;12;1;
51400;202100033161;142 489;B01;2;10;4;2;8;1;1;
51401;202100033162;142 486;B01;2;34;0;2;8;3;1;
51402;202100033162;142 487;A01;2;7;0;2;2;12;1;
51403;202100033163;142 485;A01;2;7;3;0;1;21;1;
51404;202100033164;142 483;B01;2;10;0;2;4;23;1;
51405;202100033164;142 484;A01;2;7;1;0;1;2;1;
51406;202100033165;142 481;B01;2;7;0;2;7;1;1;
51407;202100033165;142 482;A01;2;31;0;2;8;3;1;
51408;202100033166;142 480;A01;1;7;3;0;3;26;1;
51409;202100033167;142 479;A01;2;7;0;1;1;1;1;
51410;202100033168;142 476;A01;1;7;0;1;1;1;1;
51411;202100033169;142 474;B01;1;7;0;2;3;1;1;
51412;202100033169;142 475;A01;1;30;0;2;1;2;1;
51413;202100033170;142 471;C01;1;7;0;2;1;1;0;
51414;202100033170;142 472;B01;1;7;0;2;1;2;1;
51415;202100033170;142 473;A01;1;7;0;2;3;17;1;
51416;202100033171;142 470;A01;2;32;0;2;9;26;1;
51417;202100033172;142 468;B01;1;7;0;2;2;0;1;
51418;202100033172;142 469;A01;2;7;0;2;3;1;1;
51419;202100033173;142 467;A01;0;7;1;0;0;0;1;
51420;202100033174;142 465;A01;2;10;0;2;1;1;1;
51421;202100033174;142 466;B01;2;7;0;2;4;23;1;
51422;202100033175;142 464;A01;3;30;0;2;0;21;1;
51423;202100033176;142 462;A01;3;7;0;2;2;19;1;
51424;202100033176;142 463;B01;1;7;0;2;3;1;1;
51425;202100033177;142 461;A01;3;7;10;0;8;15;1;
51426;202100033178;142 459;A01;2;50;0;2;1;19;3;
51427;202100033178;142 460;B01;1;7;0;2;8;1;1;
51428;202100033179;142 458;A01;1;32;0;1;1;9;1;
51429;202100033180;142 456;A01;3;7;0;2;2;1;1;
51430;202100033180;142 457;B01;1;1;0;2;4;2;5;
51431;202100033181;142 454;B01;1;1;0;0;0;0;0;
51432;202100033181;142 455;A01;1;7;0;9;0;26;1;
51433;202100033182;142 452;A01;2;30;0;2;1;15;1;
51434;202100033182;142 453;B01;1;7;0;2;3;2;1;
51435;202100033183;142 450;A01;1;7;0;2;3;10;1;
51436;202100033183;142 451;B01;1;32;0;2;1;1;1;
51437;202100033184;142 448;B01;1;7;0;2;4;1;1;
51438;202100033184;142 449;A01;2;31;0;2;1;1;1;
51439;202100033185;142 446;A01;1;7;0;2;3;19;1;
51440;202100033185;142 447;B01;1;2;0;2;1;1;1;
51441;202100033186;142 444;B01;2;7;0;2;7;1;1;
51442;202100033186;142 445;A01;3;50;0;2;1;1;3;
51443;202100033187;142 442;B01;2;7;0;2;8;15;1;
51444;202100033187;142 443;A01;2;80;0;2;1;1;3;
51445;202100033188;142 440;B01;1;60;0;2;8;19;5;
51446;202100033188;142 441;A01;1;7;0;2;1;26;1;
51447;202100033189;142 438;B01;1;7;0;2;1;16;1;
51448;202100033189;142 439;A01;2;10;0;2;2;1;1;
51449;202100033190;142 436;A01;2;33;0;2;1;1;1;
51450;202100033190;142 437;B01;2;7;0;2;8;16;1;
51451;202100033191;142 434;A01;3;50;0;2;1;9;3;
51452;202100033191;142 435;B01;3;7;0;2;2;26;1;
51453;202100033192;142 433;A01;3;1;9;0;1;26;5;
51454;202100033193;142 431;B01;0;1;0;2;0;0;5;
51455;202100033193;142 432;A01;2;7;0;2;5;14;1;
51456;202100033194;142 430;A01;1;7;6;0;1;1;1;
51457;202100033195;142 428;B01;2;1;0;2;7;1;5;
51458;202100033195;142 429;A01;2;7;0;2;7;17;1;
51459;202100033196;142 427;A01;0;7;6;0;1;1;1;
51460;202100033197;142 423;Z01;1;7;8;2;2;0;1;
51461;202100033197;142 424;A01;1;7;0;2;6;2;1;
51462;202100033197;142 425;B01;1;7;1;0;4;26;1;
51463;202100033197;142 426;C01;1;7;2;0;4;0;1;
51464;202100033198;142 421;B01;0;7;0;2;1;1;1;
51465;202100033198;142 422;A01;0;3;0;2;1;15;1;
51466;202100033199;142 420;A01;2;7;9;0;1;19;1;
51467;202100033200;142 419;A01;2;7;0;0;9;1;1;
51468;202100033201;142 417;A01;3;33;0;2;4;12;1;
51469;202100033201;142 418;B01;3;7;0;0;0;0;1;
51470;202100033202;142 416;A01;1;30;0;1;1;26;1;
51471;202100033203;142 415;A01;2;32;0;0;1;26;1;
51472;202100033206;142 407;A01;2;7;0;2;1;15;1;
51473;202100033206;142 408;B01;2;31;0;2;8;1;1;
51474;202100033207;142 406;A01;1;50;0;1;0;1;3;
51475;202100033208;142 404;B01;1;32;0;2;3;18;1;
51476;202100033208;142 405;A01;1;7;0;2;2;1;1;
51477;202100033209;142 402;A01;1;1;0;2;1;1;5;
51478;202100033209;142 403;Z01;2;1;0;2;1;13;0;
51479;202100033210;142 400;A01;1;10;0;2;3;22;1;
51480;202100033210;142 401;B01;1;2;0;2;1;1;1;
51481;202100033211;142 397;B01;1;1;0;2;1;1;5;
51482;202100033211;142 398;A01;2;7;0;2;8;5;1;
51483;202100033212;142 396;A01;1;1;0;1;1;5;5;
51484;202100033213;142 394;B01;0;1;0;2;2;1;5;
51485;202100033213;142 395;A01;3;32;0;2;3;1;1;
51486;202100033214;142 393;A01;1;32;0;1;1;17;1;
51487;202100033215;142 391;B01;1;2;0;2;1;2;3;
51488;202100033215;142 392;A01;1;7;0;0;5;23;1;
51489;202100033216;142 389;B01;1;1;0;2;7;1;5;
51490;202100033216;142 390;A01;1;7;0;2;8;22;1;
51491;202100033217;142 388;A01;1;1;12;0;2;14;5;
51492;202100033218;142 386;A01;1;1;0;2;2;1;5;
51493;202100033218;142 387;Z01;2;50;0;2;0;19;3;
51494;202100033219;142 385;A01;3;80;0;5;8;1;3;
51495;202100033220;142 383;B01;1;7;0;2;1;1;1;
51496;202100033220;142 384;A01;2;7;15;2;3;1;1;
51497;202100033221;142 381;B01;2;31;0;2;7;1;1;
51498;202100033221;142 382;A01;1;7;0;2;3;15;1;
51499;202100033222;142 380;A01;1;7;1;2;8;13;1;
51500;202100033223;142 378;B01;1;7;0;2;1;16;1;
51501;202100033223;142 379;A01;2;7;0;9;4;16;1;
51502;202100033224;142 377;A01;0;7;1;0;2;1;1;
51503;202100033225;142 374;A01;3;7;0;2;2;0;1;
51504;202100033225;142 375;B01;0;7;0;2;6;23;1;
51505;202100033225;142 376;C01;0;7;0;2;4;23;1;
51506;202100033226;142 372;A01;3;7;0;2;2;15;0;
51507;202100033226;142 373;B01;3;7;0;2;1;1;0;
51508;202100033227;142 371;A01;1;7;9;0;1;15;2;
51509;202100033228;142 370;A01;2;7;0;1;1;1;2;
51510;202100033229;142 368;A01;1;7;0;2;7;15;1;
51511;202100033229;142 369;B01;2;2;0;2;1;1;1;
51512;202100033230;142 367;A01;1;33;8;0;1;1;1;
51513;202100033231;142 366;A01;2;33;13;0;1;1;1;
51514;202100033232;142 365;A01;1;7;13;0;1;1;1;
51515;202100033233;142 364;A01;2;7;0;1;2;1;1;
51516;202100033234;142 362;A01;1;7;0;2;2;19;1;
51517;202100033234;142 363;B01;2;7;0;2;2;1;1;
51518;202100033235;142 361;A01;1;7;2;0;1;1;1;
51519;202100033236;142 360;A01;1;1;0;0;9;13;5;
51520;202100033238;142 357;A01;2;7;13;0;1;1;1;
51521;202100033239;142 353;A01;3;10;0;2;8;19;1;
51522;202100033239;142 354;B01;2;2;0;2;1;19;1;