;Num_Acc;id_vehicule;num_veh;senc;catv;obs;obsm;choc;manv;motor;occutc
51523;202100033241;142 350;A01;1;7;2;0;1;1;1;
51524;202100033242;142 348;B01;1;14;0;2;7;16;1;
51525;202100033242;142 349;A01;3;31;0;2;8;23;1;
51526;202100033243;142 346;B01;3;7;0;2;3;19;1;
51527;202100033243;142 347;A01;1;31;0;2;1;21;1;
51528;202100033244;142 345;A01;1;7;1;1;2;1;1;
51529;202100033245;142 344;A01;1;7;0;0;3;0;0;
51530;202100033246;142 343;A01;2;7;2;0;1;14;1;
51531;202100033247;142 342;A01;1;33;0;0;6;1;1;
51532;202100033248;142 341;A01;2;7;0;0;9;14;1;
51533;202100033249;142 339;A01;1;33;0;2;2;17;1;
51534;202100033249;142 340;B01;1;7;0;2;6;17;1;
51535;202100033250;142 337;A01;3;7;0;2;1;1;1;
51536;202100033250;142 338;B01;3;21;0;2;3;1;1;
51537;202100033251;142 336;A01;1;33;0;0;7;1;1;
51538;202100033252;142 335;A01;1;7;4;0;2;1;1;
51539;202100033253;142 333;A01;2;7;0;2;1;15;1;
51540;202100033253;142 334;B01;1;1;0;2;8;1;5;
51541;202100033254;142 331;B01;1;7;0;2;1;1;1;
51542;202100033254;142 332;A01;2;10;0;2;7;1;1;
51543;202100033255;142 330;A01;1;7;2;0;1;1;1;
51544;202100033256;142 329;A01;1;2;8;0;1;0;1;
51545;202100033258;142 323;A01;2;7;0;2;1;13;1;
51546;202100033258;142 324;B01;1;7;3;2;3;1;1;
51547;202100033259;142 321;B01;3;7;0;2;8;19;1;
51548;202100033259;142 322;A01;0;7;0;2;1;1;1;
51549;202100033260;142 318;A01;2;33;16;0;3;1;1;
51550;202100033261;142 316;B01;3;7;0;2;7;17;1;
51551;202100033261;142 317;A01;3;30;0;2;8;15;1;
51552;202100033262;142 315;A01;2;7;13;0;1;1;1;
51553;202100033263;142 314;A01;1;7;13;0;1;1;1;
51554;202100033264;142 313;A01;1;33;0;0;1;1;1;
51555;202100033265;142 312;A01;3;7;15;0;3;0;1;
51556;202100033266;142 310;A01;1;7;0;2;3;1;1;
51557;202100033266;142 311;B01;1;7;0;2;2;1;1;
51558;202100033267;142 308;A01;1;17;1;0;2;14;1;
51559;202100033267;142 309;B01;1;7;0;0;6;24;1;
51560;202100033268;142 305;B01;1;17;0;0;7;1;1;
51561;202100033268;142 306;A01;1;7;13;2;1;13;1;
51562;202100033269;142 304;A01;1;2;12;0;8;15;0;
51563;202100033270;142 302;B01;2;7;0;2;1;5;3;
51564;202100033270;142 303;A01;1;30;0;2;1;5;1;
51565;202100033271;142 299;C01;1;7;0;2;3;21;1;
51566;202100033271;142 300;B01;2;10;0;0;6;2;1;
51567;202100033271;142 301;A01;2;33;0;2;1;2;1;
51568;202100033272;142 297;A01;1;7;0;2;1;13;1;
51569;202100033272;142 298;B01;2;7;0;2;1;1;1;
51570;202100033273;142 296;A01;2;7;13;0;3;13;1;
51571;202100033274;142 294;A01;3;36;1;0;1;1;1;
51572;202100033274;142 295;B01;0;7;0;0;3;24;1;
51573;202100033275;142 292;B01;3;7;0;2;1;13;1;
51574;202100033275;142 293;A01;3;7;0;2;1;1;1;
51575;202100033276;142 291;A01;1;7;0;9;1;14;1;
51576;202100033277;142 289;A01;2;10;0;2;2;19;1;
51577;202100033277;142 290;B01;3;1;0;2;3;19;5;
51578;202100033278;142 288;A01;1;7;2;0;3;1;1;
51579;202100033279;142 287;A01;2;7;12;0;1;0;1;
51580;202100033280;142 286;A01;1;7;3;0;3;0;1;
51581;202100033281;142 282;B01;2;7;0;2;6;11;1;
51582;202100033281;142 283;A01;2;7;0;2;2;1;1;
51583;202100033282;142 280;A01;1;7;0;2;7;12;1;
51584;202100033282;142 281;B01;1;31;0;2;1;3;1;
51585;202100033283;142 278;B01;1;7;0;2;2;1;1;
51586;202100033283;142 279;A01;1;32;0;2;1;10;1;
51587;202100033284;142 276;A01;1;7;0;2;4;2;1;
51588;202100033284;142 277;B01;2;7;0;2;1;2;1;
51589;202100033285;142 271;C01;2;7;0;2;4;23;1;
51590;202100033285;142 272;D01;2;7;0;2;4;23;1;
51591;202100033285;142 273;E01;2;7;0;2;1;1;1;
51592;202100033285;142 274;B01;2;7;0;2;4;23;1;
51593;202100033285;142 275;A01;2;7;0;2;4;23;1;
51594;202100033286;142 268;C01;1;7;0;2;4;1;1;
51595;202100033286;142 269;A01;1;10;0;2;1;1;1;
51596;202100033286;142 270;B01;1;7;0;2;4;1;1;
51597;202100033287;142 266;A01;2;7;0;2;1;2;1;
51598;202100033287;142 267;B01;2;7;0;2;4;1;1;
51599;202100033289;142 261;A01;1;7;4;0;1;1;1;
51600;202100033290;142 260;A01;1;7;4;0;1;13;1;
51601;202100033291;142 258;B01;1;7;0;2;4;1;1;
51602;202100033291;142 259;A01;1;7;0;2;1;1;1;
51603;202100033292;142 257;A01;1;7;0;0;9;1;1;
51604;202100033293;142 255;A01;2;7;3;2;1;1;1;
51605;202100033293;142 256;B01;2;7;0;2;6;1;1;
51606;202100033294;142 253;A01;2;43;0;2;1;1;1;
51607;202100033294;142 254;B01;2;7;0;2;4;1;3;
51608;202100033295;142 252;A01;1;43;0;0;0;2;1;
51609;202100033296;142 251;Z01;3;7;0;1;1;1;1;
51610;202100033298;142 249;A01;1;7;0;1;6;4;1;
51611;202100033299;142 248;A01;2;33;0;1;1;1;1;
51612;202100033301;142 244;A01;2;1;0;2;1;5;5;
51613;202100033301;142 245;B01;1;10;0;2;2;15;1;
51614;202100033302;142 243;A01;2;7;0;1;8;0;1;
51615;202100033303;142 241;B01;1;7;0;2;3;1;1;
51616;202100033303;142 242;A01;1;10;0;2;2;9;1;
51617;202100033304;142 239;B01;1;1;0;2;1;1;5;
51618;202100033304;142 240;A01;1;7;0;2;2;19;1;
51619;202100033306;142 236;A01;1;7;8;2;1;19;1;
51620;202100033306;142 237;B01;2;7;8;2;2;1;1;
51621;202100033307;142 232;A01;1;7;0;2;0;2;1;
51622;202100033307;142 233;B01;1;7;1;0;4;2;2;
51623;202100033307;142 234;C01;1;33;0;2;1;2;1;
51624;202100033307;142 235;T01;1;0;0;0;0;0;0;
51625;202100033309;142 229;A01;3;3;0;2;1;13;1;
51626;202100033309;142 230;B01;3;7;0;2;6;1;1;
51627;202100033311;142 225;B01;3;7;0;2;1;1;1;
51628;202100033311;142 226;A01;3;7;0;2;1;15;1;
51629;202100033312;142 224;A01;3;7;0;1;1;26;1;
51630;202100033313;142 222;B01;2;1;12;2;1;1;5;
51631;202100033313;142 223;A01;1;10;0;2;3;17;1;
51632;202100033314;142 220;A01;1;7;0;2;1;15;1;
51633;202100033314;142 221;B01;2;7;0;2;1;9;1;
51634;202100033315;142 219;A01;1;33;0;0;7;1;1;
51635;202100033316;142 218;A01;1;7;11;0;1;1;1;
51636;202100033317;142 215;C01;2;50;0;0;8;1;3;
51637;202100033317;142 216;Z01;2;7;0;2;2;14;1;
51638;202100033317;142 217;B01;2;50;0;2;4;1;3;
51639;202100033318;142 213;B01;2;34;0;2;2;2;1;
51640;202100033318;142 214;A01;2;7;0;2;3;20;1;
51641;202100033319;142 211;A01;3;2;0;2;1;1;1;
51642;202100033319;142 212;B01;3;7;0;2;4;23;1;
51643;202100033320;142 209;A01;3;99;0;2;1;19;1;
51644;202100033320;142 210;B01;3;7;0;0;0;1;0;
51645;202100033321;142 202;B01;3;7;0;2;0;1;1;
51646;202100033321;142 203;C01;3;33;0;2;1;1;1;
51647;202100033321;142 204;A01;3;7;0;2;1;19;1;
51648;202100033322;142 201;A01;0;1;4;0;0;13;5;
51649;202100033324;142 195;A01;1;10;0;2;8;15;1;
51650;202100033324;142 196;B01;2;32;0;2;2;2;1;
51651;202100033325;142 193;B01;0;34;0;2;1;17;1;
51652;202100033325;142 194;A01;1;7;0;2;3;23;1;
51653;202100033326;142 191;A01;1;10;0;2;0;20;1;
51654;202100033326;142 192;B01;1;50;0;2;0;1;3;
51655;202100033327;142 189;A01;1;50;0;2;1;1;3;
51656;202100033327;142 190;B01;1;7;0;2;2;1;1;
51657;202100033328;142 187;Z01;1;7;0;2;2;1;1;
51658;202100033328;142 188;B01;1;32;0;2;4;1;1;
51659;202100033329;142 186;A01;1;7;0;0;9;9;1;
51660;202100033330;142 184;B01;1;7;0;2;4;1;1;
51661;202100033330;142 185;A01;1;7;0;2;1;1;1;
51662;202100033331;142 183;A01;1;34;17;0;9;1;1;
51663;202100033332;142 182;A01;3;7;13;0;3;0;1;
51664;202100033334;142 180;A01;3;7;0;1;2;16;1;
51665;202100033335;142 178;B01;0;7;0;2;3;15;1;
51666;202100033335;142 179;A01;0;1;0;2;8;1;5;
51667;202100033336;142 177;A01;1;7;2;0;1;14;1;
51668;202100033337;142 176;A01;3;10;0;1;5;15;0;
51669;202100033338;142 175;A01;1;30;12;0;2;14;1;
51670;202100033339;142 174;A01;1;1;2;0;1;14;5;
51671;202100033340;142 173;A01;3;7;0;1;4;4;1;
51672;202100033341;142 169;B01;2;7;0;2;4;23;1;
51673;202100033341;142 170;A01;2;7;0;2;1;2;1;
51674;202100033342;142 167;B01;3;1;0;2;8;15;5;
51675;202100033342;142 168;A01;0;33;0;2;1;1;1;
51676;202100033343;142 166;A01;1;7;0;1;1;2;1;
51677;202100033344;142 165;A01;3;7;0;1;3;1;1;
51678;202100033345;142 164;A01;2;10;0;1;2;16;1;
51679;202100033346;142 162;A01;2;15;0;2;2;17;0;
51680;202100033346;142 163;B01;2;7;3;2;3;18;0;
51681;202100033347;142 159;B01;1;7;0;2;1;1;0;
51682;202100033347;142 160;C01;1;7;0;2;1;1;1;
51683;202100033347;142 161;A01;1;7;0;2;4;1;1;
51684;202100033348;142 157;B01;2;7;0;2;6;1;1;
51685;202100033348;142 158;A01;2;7;0;2;3;5;1;
51686;202100033349;142 155;A01;2;10;0;2;1;21;1;
51687;202100033349;142 156;B01;2;7;0;2;5;2;1;
51688;202100033350;142 153;B01;1;1;0;2;1;1;5;
51689;202100033350;142 154;A01;2;7;0;2;6;15;1;
51690;202100033351;142 152;A01;2;7;14;0;1;1;1;
51691;202100033352;142 150;B01;2;7;0;2;7;1;1;
51692;202100033352;142 151;A01;3;7;0;2;1;9;1;
51693;202100033353;142 149;A01;1;7;1;0;2;1;1;
51694;202100033354;142 147;A01;2;2;0;2;8;26;0;
51695;202100033354;142 148;B01;1;7;0;2;2;15;1;
51696;202100033355;142 146;A01;2;7;2;0;1;13;1;
51697;202100033356;142 144;B01;0;34;0;2;1;15;1;
51698;202100033356;142 145;A01;0;7;0;2;1;15;1;
51699;202100033357;142 143;A01;2;7;0;1;3;26;1;
51700;202100033358;142 141;A01;2;7;0;2;1;2;0;
51701;202100033358;142 142;B01;2;7;0;2;4;2;1;
51702;202100033359;142 139;B01;0;50;0;2;1;1;3;
51703;202100033359;142 140;A01;0;7;0;2;3;1;1;
51704;202100033360;142 137;A01;1;2;0;2;1;9;1;
51705;202100033360;142 138;B01;1;7;0;2;2;1;1;
51706;202100033361;142 135;A01;1;33;2;0;1;13;1;
51707;202100033361;142 136;B01;1;33;0;0;0;14;1;
51708;202100033362;142 134;A01;1;50;0;1;1;1;3;
51709;202100033363;142 133;A01;2;33;0;1;1;17;1;
51710;202100033364;142 131;B01;3;32;0;2;1;21;1;
51711;202100033364;142 132;A01;3;7;0;2;3;15;1;
51712;202100033366;142 126;C01;1;7;0;0;4;1;1;
51713;202100033366;142 127;B01;1;7;0;2;9;2;1;
51714;202100033366;142 128;A01;1;7;0;2;1;2;1;
51715;202100033367;142 124;B01;1;2;0;2;4;0;1;
51716;202100033367;142 125;A01;1;7;0;2;1;2;1;
51717;202100033368;142 123;A01;1;7;4;0;1;13;1;
51718;202100033369;142 122;A01;1;31;0;2;7;1;1;
51719;202100033370;142 120;B01;2;10;0;2;3;1;1;
51720;202100033370;142 121;A01;1;7;0;2;1;13;1;
51721;202100033371;142 116;A01;2;7;0;1;1;26;1;
51722;202100033372;142 115;A01;0;7;0;1;7;1;1;
51723;202100033374;142 112;A01;3;30;0;0;0;26;1;
51724;202100033376;142 108;B01;3;7;0;2;3;1;0;
51725;202100033376;142 109;A01;3;1;0;2;2;19;5;
51726;202100033377;142 106;A01;1;7;0;2;2;1;1;
51727;202100033377;142 107;B01;1;50;0;2;8;11;3;
51728;202100033378;142 104;A01;2;7;0;2;1;1;1;
51729;202100033378;142 105;B01;1;1;0;2;8;1;5;
51730;202100033379;142 102;B01;1;7;0;2;1;2;1;
51731;202100033379;142 103;A01;2;7;0;2;1;5;1;
51732;202100033380;142 100;A01;2;7;0;2;1;15;1;
51733;202100033380;142 101;B01;2;7;0;2;1;1;1;
51734;202100033381;142 099;A01;1;7;0;1;1;1;1;
51735;202100033382;142 097;B01;1;7;0;2;1;1;1;
51736;202100033382;142 098;A01;1;7;0;2;4;23;1;
51737;202100033383;142 095;B01;2;1;0;2;8;1;5;
51738;202100033383;142 096;A01;1;7;0;2;1;19;1;
51739;202100033384;142 093;B01;1;7;0;2;2;9;1;
51740;202100033384;142 094;A01;1;80;0;2;3;15;3;
51741;202100033385;142 091;A01;3;7;0;2;2;1;1;
51742;202100033385;142 092;B01;3;7;0;2;6;1;1;
51743;202100033386;142 088;B01;0;50;0;2;8;0;3;
51744;202100033386;142 089;A01;0;7;0;2;1;0;1;
51745;202100033387;142 086;A01;3;31;0;2;1;1;1;
51746;202100033387;142 087;B01;3;7;0;2;6;1;1;
51747;202100033388;142 085;A01;3;7;0;1;2;1;1;
51748;202100033390;142 082;A01;1;7;1;0;1;13;1;
51749;202100033391;142 080;A01;2;30;0;2;2;21;1;
51750;202100033391;142 081;B01;2;7;0;2;3;26;1;
51751;202100033392;142 078;B01;2;50;0;2;1;1;3;
51752;202100033392;142 079;A01;1;7;0;2;8;15;1;
51753;202100033393;142 077;A01;1;7;0;1;3;15;1;
51754;202100033394;142 076;A01;2;30;12;0;3;13;1;
51755;202100033395;142 073;B01;2;7;0;2;4;2;1;
51756;202100033395;142 074;A01;2;7;0;2;1;2;1;
51757;202100033395;142 075;C01;2;7;0;2;4;2;1;
51758;202100033397;142 070;A01;3;7;0;1;1;1;2;
51759;202100033398;142 068;A01;0;33;0;2;8;21;1;
51760;202100033398;142 069;B01;0;7;0;2;6;10;1;
51761;202100033399;142 066;A01;1;31;0;0;0;0;1;
51762;202100033399;142 067;B01;1;7;0;0;3;15;1;
51763;202100033400;142 064;B01;1;7;0;2;4;2;1;
51764;202100033400;142 065;A01;1;7;0;2;1;2;1;
51765;202100033401;142 061;A01;1;7;0;2;1;9;1;
51766;202100033401;142 062;B01;1;7;0;2;4;9;1;
51767;202100033401;142 063;C01;1;7;0;0;4;0;1;
51768;202100033403;142 058;A01;2;7;0;2;1;13;1;
51769;202100033403;142 059;B01;1;7;0;2;1;21;1;
51770;202100033405;142 056;Z01;3;30;0;1;1;25;0;
51771;202100033407;142 053;A01;1;33;3;0;1;13;1;
51772;202100033408;142 051;A01;0;7;0;2;2;17;1;
51773;202100033408;142 052;B01;0;50;0;2;8;13;3;
51774;202100033410;142 048;A01;3;80;0;1;1;1;3;
51775;202100033411;142 047;A01;1;7;0;1;3;1;1;
51776;202100033412;142 045;B01;2;7;14;2;2;15;0;
51777;202100033412;142 046;A01;2;7;8;2;3;26;1;
51778;202100033413;142 043;B01;2;32;0;2;1;2;1;
51779;202100033413;142 044;Z01;2;7;0;2;7;16;0;
51780;202100033414;142 042;A01;1;33;15;0;1;26;1;
51781;202100033415;142 041;Z01;1;7;0;1;1;1;1;
51782;202100033416;142 039;B01;2;7;0;2;4;2;1;
51783;202100033416;142 040;A01;0;7;0;2;3;2;1;
51784;202100033417;142 037;B01;1;2;0;2;0;2;1;
51785;202100033417;142 038;A01;0;7;0;2;6;15;1;
51786;202100033418;142 035;A01;2;7;0;2;2;14;0;
51787;202100033418;142 036;B01;2;33;0;2;6;1;1;
51788;202100033419;142 033;B01;2;10;0;2;5;1;1;
51789;202100033419;142 034;A01;2;33;0;2;1;3;1;
51790;202100033420;142 032;Z01;1;7;14;0;2;13;1;
51791;202100033421;142 030;A01;1;32;0;2;2;3;1;
51792;202100033421;142 031;B01;1;7;0;2;8;11;3;
51793;202100033422;142 028;Z01;2;7;0;2;1;2;0;
51794;202100033422;142 029;A01;2;30;0;2;6;2;1;
51795;202100033423;142 026;B01;1;34;0;2;1;1;1;
51796;202100033423;142 027;A01;1;1;0;2;8;8;5;
51797;202100033424;142 025;Z01;0;7;0;1;1;16;0;
51798;202100033425;142 023;B01;1;1;0;2;3;7;5;
51799;202100033425;142 024;A01;1;7;0;2;2;17;1;
51800;202100033426;142 021;A01;2;31;0;2;2;1;1;
51801;202100033426;142 022;B01;2;7;0;2;3;16;1;
51802;202100033427;142 020;A01;0;33;0;1;2;1;1;
51803;202100033428;142 019;A01;0;7;0;1;1;1;1;
51804;202100033429;142 017;B01;1;7;0;2;4;2;2;
51805;202100033429;142 018;A01;1;1;0;2;1;2;5;
51806;202100033430;142 016;Z01;2;7;0;1;1;1;0;
51807;202100033431;142 015;A01;1;7;1;0;3;1;1;
51808;202100033432;142 013;A01;2;30;0;2;2;17;3;
51809;202100033432;142 014;B01;2;7;0;2;3;15;2;
51810;202100033433;142 012;A01;1;32;14;0;0;14;1;
51811;202100033434;142 010;A01;3;7;0;2;1;19;1;
51812;202100033434;142 011;B01;3;7;0;2;8;19;1;
51813;202100033435;142 009;A01;2;7;0;1;1;1;1;
51814;202100033436;142 007;A01;1;7;0;9;3;15;1;
51815;202100033436;142 008;B01;1;1;0;2;1;1;5;
51816;202100033437;142 006;A01;1;7;0;2;1;26;0;
51817;202100033438;142 003;A01;1;7;0;2;1;2;1;
51818;202100033438;142 004;B01;1;7;0;2;4;23;1;
51819;202100033438;142 005;C01;1;10;0;2;4;23;1;
51820;202100033439;142 001;A01;1;7;0;2;3;15;0;
51821;202100033439;142 002;B01;1;32;0;2;2;3;1;
51822;202100033440;141 999;A01;1;10;0;2;8;24;1;
51823;202100033440;142 000;B01;1;1;1;0;0;1;5;
51824;202100033441;141 997;A01;1;7;0;2;7;1;1;
51825;202100033441;141 998;B01;1;7;0;2;1;1;1;
51826;202100033442;141 993;D01;1;7;0;2;4;1;1;
51827;202100033442;141 994;C01;1;7;0;2;4;1;1;
51828;202100033442;141 995;B01;1;7;0;2;4;1;1;
51829;202100033442;141 996;A01;1;7;0;2;1;2;1;
51830;202100033443;141 991;A01;1;7;0;2;7;1;0;
51831;202100033443;141 992;B01;1;2;0;2;8;9;1;
51832;202100033444;141 990;A01;1;32;1;0;1;1;1;
51833;202100033446;141 987;Y01;2;1;0;2;8;1;5;
51834;202100033446;141 988;B01;0;7;0;2;1;1;1;
51835;202100033447;141 985;A01;1;7;0;2;1;1;1;
51836;202100033447;141 986;B01;2;7;0;2;5;9;1;
51837;202100033448;141 982;C01;1;7;0;2;1;1;1;
51838;202100033448;141 983;B01;2;7;3;2;6;1;1;
51839;202100033448;141 984;A01;1;7;0;2;3;13;1;
51840;202100033449;141 980;B01;1;33;0;2;1;2;1;
51841;202100033449;141 981;A01;1;33;0;0;4;2;1;
51842;202100033450;141 978;B01;1;33;0;2;1;1;1;
51843;202100033450;141 979;A01;2;7;0;2;2;19;1;
51844;202100033452;141 974;B01;1;7;0;2;3;1;1;
51845;202100033452;141 975;A01;2;7;0;2;1;13;1;
51846;202100033453;141 972;B01;1;33;0;2;1;1;1;
51847;202100033453;141 973;A01;2;7;0;2;5;15;1;
51848;202100033454;141 971;A01;3;7;8;0;1;1;1;
51849;202100033455;141 969;B01;2;2;0;2;3;1;1;
51850;202100033455;141 970;A01;1;7;0;2;8;5;1;
51851;202100033456;141 967;B01;2;7;0;2;7;17;0;
51852;202100033456;141 968;A01;1;2;12;0;0;1;1;
51853;202100033457;141 966;A01;2;7;2;0;1;1;1;
51854;202100033458;141 963;A01;1;7;0;2;1;5;1;
51855;202100033458;141 964;B01;2;7;8;2;1;21;1;
51856;202100033458;141 965;C01;2;10;0;2;2;21;1;
51857;202100033459;141 962;A01;2;2;7;0;7;1;1;
51858;202100033460;141 959;C01;2;3;0;2;1;21;1;
51859;202100033460;141 960;B01;2;7;0;2;8;23;1;
51860;202100033460;141 961;A01;1;2;1;1;1;17;1;
51861;202100033461;141 958;A01;0;7;15;0;2;1;1;
51862;202100033462;141 957;A01;1;7;6;0;1;0;1;
51863;202100033463;141 955;B01;0;7;0;2;1;1;1;
51864;202100033463;141 956;A01;0;7;0;2;1;1;1;
51865;202100033464;141 954;A01;2;33;2;0;1;1;1;
51866;202100033465;141 952;B01;2;7;0;0;3;1;1;
51867;202100033465;141 953;A01;1;7;0;0;3;13;1;
51868;202100033466;141 951;A01;1;7;13;0;8;16;1;
51869;202100033467;141 949;A01;2;7;0;9;1;9;1;
51870;202100033467;141 950;B01;2;1;0;2;7;1;5;
51871;202100033469;141 945;A01;0;1;0;2;3;15;5;
51872;202100033469;141 946;B01;2;7;0;2;1;1;1;
51873;202100033470;141 944;A01;1;7;2;0;8;1;1;
51874;202100033471;141 943;A01;3;7;6;1;1;20;2;
51875;202100033472;141 942;A01;2;7;8;9;1;2;1;
51876;202100033475;141 937;A01;2;33;14;0;1;1;1;
51877;202100033476;141 936;A01;2;31;0;0;8;1;1;
51878;202100033477;141 933;A01;2;36;0;2;9;1;1;
51879;202100033477;141 934;B01;1;7;0;2;3;1;1;
51880;202100033477;141 935;D01;2;7;0;2;1;23;1;
51881;202100033479;141 930;A01;1;33;0;6;1;1;1;
51882;202100033480;141 929;A01;1;7;2;0;7;1;1;
51883;202100033481;141 928;A01;1;7;2;0;2;1;1;
51884;202100033482;141 926;B01;2;7;0;2;3;1;1;
51885;202100033482;141 927;A01;2;2;0;2;8;15;1;
51886;202100033483;141 925;A01;1;7;2;0;1;1;1;
51887;202100033484;141 923;B01;1;2;0;2;3;1;1;
51888;202100033484;141 924;A01;1;3;0;2;6;20;1;
51889;202100033485;141 921;A01;3;7;0;2;2;15;1;
51890;202100033485;141 922;B01;3;7;0;2;3;1;1;
51891;202100033486;141 920;A01;3;2;1;0;2;0;1;
51892;202100033487;141 918;A01;2;7;9;0;5;6;1;
51893;202100033487;141 919;B01;1;7;0;2;1;5;1;
51894;202100033488;141 917;A01;2;7;4;0;3;1;1;
51895;202100033489;141 914;A01;2;38;1;0;2;1;1;12.0
51896;202100033489;141 915;B01;2;14;0;0;6;24;1;
51897;202100033490;141 913;A01;1;7;3;0;2;17;1;
51898;202100033491;141 912;A01;2;7;4;0;2;1;1;
51899;202100033493;141 909;A01;0;1;0;2;1;19;5;
51900;202100033493;141 910;B01;1;7;0;0;8;1;1;
51901;202100033494;141 908;A01;2;33;13;0;1;0;1;
51902;202100033495;141 906;B01;2;7;0;2;1;11;1;
51903;202100033495;141 907;A01;1;7;0;2;1;1;1;
51904;202100033496;141 904;B01;2;2;0;2;1;16;1;
51905;202100033496;141 905;A01;1;7;0;2;3;1;1;
51906;202100033497;141 903;A01;2;7;13;0;7;14;1;
51907;202100033498;141 901;B01;2;7;0;2;2;1;1;
51908;202100033498;141 902;A01;1;7;3;2;7;17;1;
51909;202100033499;141 899;B01;1;7;0;2;7;1;1;
51910;202100033499;141 900;A01;3;7;0;2;1;9;1;
51911;202100033500;141 898;A01;1;7;2;0;1;0;1;
51912;202100033502;141 896;A01;3;13;0;1;5;4;1;
51913;202100033503;141 895;A01;3;1;0;1;1;1;5;
51914;202100033504;141 893;B01;2;7;0;2;3;1;1;
51915;202100033504;141 894;A01;1;7;8;2;1;13;1;
51916;202100033505;141 891;A01;3;7;0;2;5;19;1;
51917;202100033505;141 892;B01;1;33;0;2;1;1;1;
51918;202100033506;141 889;B01;2;17;0;2;8;15;1;
51919;202100033506;141 890;A01;2;33;0;2;8;17;1;
51920;202100033507;141 887;B01;1;7;0;2;3;2;1;
51921;202100033507;141 888;A01;1;2;0;0;4;2;1;
51922;202100033509;141 884;A01;2;7;4;5;1;26;1;
51923;202100033511;141 877;A01;1;33;0;2;1;2;1;
51924;202100033511;141 878;C01;2;7;0;2;1;1;1;
51925;202100033511;141 879;B01;2;7;0;2;4;1;1;
51926;202100033512;141 874;C01;2;7;0;2;4;2;1;
51927;202100033512;141 875;B01;2;7;0;2;4;2;1;
51928;202100033512;141 876;A01;2;10;0;2;1;2;3;
51929;202100033513;141 873;A01;2;7;4;2;0;26;1;
51930;202100033514;141 871;A01;1;33;0;2;3;3;1;
51931;202100033514;141 872;B01;1;7;0;2;3;12;1;
51932;202100033515;141 868;B01;2;7;3;2;4;2;1;
51933;202100033515;141 869;A01;2;33;0;2;8;18;1;
51934;202100033515;141 870;Z01;2;14;0;2;0;0;0;
51935;202100033516;141 865;C01;2;7;0;2;2;2;1;
51936;202100033516;141 866;B01;2;7;0;2;3;2;1;
51937;202100033516;141 867;A01;2;33;0;2;1;2;1;
51938;202100033517;141 863;Z01;1;10;0;2;0;0;0;
51939;202100033517;141 864;A01;1;32;0;2;3;2;1;
51940;202100033518;141 861;B01;1;10;0;2;1;21;1;
51941;202100033518;141 862;Z01;1;7;0;2;1;26;1;
51942;202100033519;141 858;Z01;1;7;0;2;1;2;1;
51943;202100033519;141 859;B01;1;7;0;2;4;12;1;
51944;202100033519;141 860;C01;1;7;0;2;4;13;1;
51945;202100033520;141 856;A01;2;7;0;2;2;12;1;
51946;202100033520;141 857;B01;2;7;0;2;6;1;1;
51947;202100033521;141 854;B01;1;33;0;2;8;3;1;
51948;202100033521;141 855;A01;1;7;0;2;2;14;1;
51949;202100033522;141 853;A01;1;31;2;0;1;2;1;
51950;202100033523;141 849;C01;1;7;0;2;4;1;1;
51951;202100033523;141 850;D01;1;7;0;2;1;1;1;
51952;202100033523;141 851;B01;1;10;0;2;4;1;1;
51953;202100033523;141 852;A01;1;7;0;2;4;1;2;
51954;202100033524;141 847;B01;2;7;0;2;4;1;1;
51955;202100033524;141 848;A01;2;7;0;2;1;1;1;
51956;202100033525;141 845;B01;1;34;0;2;1;3;1;
51957;202100033525;141 846;A01;1;7;0;2;2;12;1;
51958;202100033526;141 844;A01;1;7;16;1;4;19;1;
51959;202100033527;141 842;Z01;2;0;0;1;1;1;0;
51960;202100033528;141 840;B01;3;7;0;2;3;1;1;
51961;202100033528;141 841;A01;3;7;0;2;3;13;1;
51962;202100033529;141 838;B01;1;7;0;2;3;15;1;
51963;202100033529;141 839;A01;1;30;0;2;1;1;1;
51964;202100033530;141 836;A01;1;33;0;2;7;15;1;
51965;202100033530;141 837;B01;1;7;0;2;3;15;1;
51966;202100033531;141 835;A01;3;7;1;1;2;1;1;
51967;202100033532;141 834;A01;1;7;0;1;8;15;1;
51968;202100033533;141 833;A01;3;40;0;1;2;1;3;
51969;202100033534;141 830;A01;1;7;0;2;2;15;1;
51970;202100033534;141 831;B01;1;7;0;2;3;1;1;
51971;202100033534;141 832;C01;2;7;0;2;3;1;1;
51972;202100033535;141 829;A01;1;7;4;0;3;1;1;
51973;202100033536;141 827;A01;1;30;0;2;1;2;1;
51974;202100033536;141 828;B01;1;50;0;2;4;2;3;
51975;202100033537;141 825;B01;1;7;0;2;2;16;2;
51976;202100033537;141 826;A01;1;34;0;2;3;1;1;
51977;202100033538;141 823;B01;3;32;0;2;1;1;1;
51978;202100033538;141 824;A01;3;31;0;2;1;1;1;
51979;202100033539;141 822;A01;0;10;0;1;1;0;0;
51980;202100033540;141 820;B01;2;0;0;2;8;19;0;
51981;202100033540;141 821;A01;1;1;0;2;1;1;5;
51982;202100033541;141 818;B01;3;10;0;2;3;23;1;
51983;202100033541;141 819;A01;3;30;0;2;1;26;1;
51984;202100033542;141 815;B01;2;33;1;0;0;21;1;