;Num_Acc;id_vehicule;num_veh;senc;catv;obs;obsm;choc;manv;motor;occutc
52447;202100033837;141 274;A01;3;7;0;2;3;13;1;
52448;202100033837;141 275;B01;3;7;0;2;3;1;1;
52449;202100033838;141 273;A01;2;7;13;0;1;13;1;
52450;202100033839;141 271;A01;3;7;0;2;1;16;1;
52451;202100033839;141 272;B01;1;80;0;2;9;1;3;
52452;202100033840;141 269;B01;0;7;0;2;1;1;1;
52453;202100033840;141 270;A01;0;7;0;2;1;5;1;
52454;202100033841;141 267;A01;0;7;0;2;7;13;1;
52455;202100033841;141 268;B01;0;34;0;2;7;17;1;
52456;202100033842;141 265;A01;1;7;0;2;7;15;1;
52457;202100033842;141 266;B01;2;30;0;2;1;1;1;
52458;202100033843;141 264;A01;2;7;2;0;0;1;1;
52459;202100033844;141 263;A01;3;10;0;1;1;1;1;
52460;202100033845;141 261;A01;3;7;0;2;3;26;1;
52461;202100033845;141 262;B01;1;7;0;2;7;2;1;
52462;202100033846;141 259;A01;2;60;0;2;1;16;5;
52463;202100033846;141 260;B01;2;7;0;2;8;1;1;
52464;202100033847;141 258;A01;1;7;13;0;1;1;1;
52465;202100033848;141 257;A01;1;7;13;0;9;1;1;
52466;202100033849;141 256;A01;3;7;4;0;1;26;1;
52467;202100033850;141 255;A01;1;7;0;1;2;1;1;
52468;202100033851;141 253;B01;1;80;0;2;1;26;3;
52469;202100033851;141 254;A01;1;7;0;2;8;9;1;
52470;202100033852;141 252;A01;1;10;15;0;1;1;1;
52471;202100033853;141 251;A01;2;7;2;0;1;0;1;
52472;202100033854;141 250;A01;0;7;0;1;1;1;1;
52473;202100033855;141 248;B01;3;7;0;2;4;16;1;
52474;202100033855;141 249;A01;3;30;0;2;1;0;1;
52475;202100033856;141 246;B01;3;7;0;2;1;2;1;
52476;202100033856;141 247;A01;3;7;0;2;7;10;1;
52477;202100033858;141 242;B01;0;7;0;2;1;24;1;
52478;202100033858;141 243;A01;0;7;1;0;1;1;1;
52479;202100033859;141 240;B01;3;7;0;2;4;2;1;
52480;202100033859;141 241;A01;3;7;0;2;4;2;1;
52481;202100033860;141 238;Z01;2;7;0;2;7;15;0;
52482;202100033860;141 239;A01;1;7;0;2;1;1;1;
52483;202100033861;141 236;B01;3;31;0;2;2;0;1;
52484;202100033861;141 237;A01;3;7;0;2;2;9;1;
52485;202100033862;141 234;A01;3;43;0;2;1;26;1;
52486;202100033862;141 235;B01;3;7;0;2;4;21;5;
52487;202100033863;141 232;A01;1;7;0;2;2;15;1;
52488;202100033863;141 233;B01;2;31;0;2;1;2;1;
52489;202100033865;141 228;B01;2;2;0;2;1;1;1;
52490;202100033865;141 229;A01;2;7;0;2;3;19;1;
52491;202100033866;141 226;A01;1;7;0;2;1;2;1;
52492;202100033866;141 227;B01;1;2;0;2;4;1;1;
52493;202100033867;141 224;B01;2;7;0;2;9;15;1;
52494;202100033867;141 225;A01;2;15;0;2;8;13;0;
52495;202100033868;141 222;B01;3;7;0;2;3;15;1;
52496;202100033868;141 223;A01;3;33;0;2;7;17;1;
52497;202100033869;141 220;B01;1;7;15;0;8;1;1;
52498;202100033869;141 221;A01;2;7;15;0;8;1;1;
52499;202100033870;141 218;B01;1;10;0;2;5;1;1;
52500;202100033870;141 219;A01;1;33;0;2;1;3;1;
52501;202100033871;141 215;A01;1;33;0;2;3;3;1;
52502;202100033871;141 216;B01;1;7;0;2;5;23;1;
52503;202100033871;141 217;C01;1;7;0;2;6;1;1;
52504;202100033872;141 213;B01;1;7;0;2;6;1;1;
52505;202100033872;141 214;A01;1;33;0;2;2;13;1;
52506;202100033873;141 211;A01;1;7;0;2;3;15;1;
52507;202100033873;141 212;B01;1;33;0;2;1;5;1;
52508;202100033874;141 210;Z01;1;50;0;1;1;1;3;
52509;202100033875;141 208;A01;2;7;0;2;3;9;1;
52510;202100033875;141 209;B01;1;1;0;2;1;5;5;
52511;202100033876;141 206;B01;2;1;0;2;1;1;5;
52512;202100033876;141 207;A01;2;7;0;2;3;15;2;
52513;202100033877;141 205;A01;2;10;0;1;2;1;1;
52514;202100033878;141 204;A01;2;7;0;1;4;4;1;
52515;202100033880;141 202;Z01;2;10;0;1;2;20;1;
52516;202100033881;141 200;B01;1;1;0;2;1;1;5;
52517;202100033881;141 201;A01;1;10;0;2;7;16;1;
52518;202100033882;141 198;A01;2;7;0;2;6;2;2;
52519;202100033882;141 199;B01;2;50;0;2;1;2;3;
52520;202100033883;141 196;A01;3;30;0;2;1;15;1;
52521;202100033883;141 197;B01;1;10;0;2;3;1;1;
52522;202100033885;141 192;Z01;1;7;0;2;4;1;1;
52523;202100033885;141 193;B01;1;1;0;2;4;1;5;
52524;202100033887;141 188;A01;2;7;0;2;2;15;1;
52525;202100033887;141 189;B01;1;31;0;2;1;16;1;
52526;202100033890;141 183;B01;1;10;0;2;3;1;1;
52527;202100033890;141 184;A01;2;10;0;2;3;13;1;
52528;202100033891;141 181;B01;1;7;0;2;7;23;2;
52529;202100033891;141 182;A01;1;7;0;2;4;20;1;
52530;202100033892;141 179;A01;3;34;12;2;1;19;1;
52531;202100033892;141 180;B01;3;10;0;2;7;1;1;
52532;202100033893;141 177;A01;1;37;0;9;7;15;4;1.0
52533;202100033893;141 178;B01;1;50;0;2;8;2;3;
52534;202100033894;141 175;A01;1;7;0;2;1;2;1;
52535;202100033894;141 176;B01;1;7;0;2;4;20;1;
52536;202100033895;141 173;A01;3;7;0;2;7;15;1;
52537;202100033895;141 174;B01;3;37;0;2;0;0;1;1.0
52538;202100033898;141 167;B01;2;7;0;2;1;5;1;
52539;202100033898;141 168;A01;1;7;0;2;3;1;1;
52540;202100033899;141 166;A01;2;30;1;0;1;18;1;
52541;202100033900;141 164;A01;1;2;0;2;1;16;1;
52542;202100033900;141 165;B01;2;7;0;2;0;0;0;
52543;202100033901;141 162;A01;2;7;0;2;5;15;2;
52544;202100033901;141 163;B01;1;33;0;2;1;1;1;
52545;202100033902;141 160;Y01;2;60;1;1;1;19;5;
52546;202100033902;141 161;A01;2;60;1;1;1;5;5;
52547;202100033903;141 159;A01;2;34;2;0;1;18;1;
52548;202100033904;141 158;A01;2;7;0;1;3;15;1;
52549;202100033907;141 153;A01;1;60;0;0;0;19;5;
52550;202100033908;141 151;B01;1;80;0;2;1;1;3;
52551;202100033908;141 152;A01;3;7;0;2;3;20;1;
52552;202100033909;141 149;B01;2;1;0;0;0;1;0;
52553;202100033909;141 150;A01;1;10;0;0;0;15;1;
52554;202100033910;141 148;A01;2;30;0;2;0;15;1;
52555;202100033911;141 146;A01;1;7;0;2;3;17;1;
52556;202100033911;141 147;B01;2;7;0;2;3;1;1;
52557;202100033912;141 144;B01;1;15;0;2;1;1;1;
52558;202100033912;141 145;A01;2;10;0;2;2;13;1;
52559;202100033913;141 143;A01;1;10;0;1;1;1;1;
52560;202100033914;141 142;A01;1;7;2;0;1;1;1;
52561;202100033915;141 141;A01;2;31;0;0;1;1;1;
52562;202100033917;141 138;A01;1;33;0;0;0;1;1;
52563;202100033918;141 135;A01;2;7;0;2;4;1;1;
52564;202100033918;141 136;B01;2;7;0;2;4;1;1;
52565;202100033918;141 137;C01;2;7;0;2;1;1;1;
52566;202100033919;141 133;A01;3;7;0;0;7;15;1;
52567;202100033919;141 134;B01;2;33;0;2;1;4;1;
52568;202100033920;141 130;B01;1;7;8;2;0;26;1;
52569;202100033920;141 131;A01;1;7;0;2;0;26;1;
52570;202100033921;141 128;B01;1;7;0;2;1;19;1;
52571;202100033921;141 129;A01;1;2;0;2;8;1;1;
52572;202100033922;141 126;B01;2;2;0;2;4;1;1;
52573;202100033922;141 127;A01;2;7;0;2;1;12;1;
52574;202100033923;141 125;A01;1;7;2;0;9;1;1;
52575;202100033924;141 123;B01;3;1;0;2;3;2;5;
52576;202100033924;141 124;A01;3;7;0;2;5;16;1;
52577;202100033926;141 118;A01;2;7;0;2;7;19;2;
52578;202100033926;141 119;B01;2;7;0;2;8;1;1;
52579;202100033927;141 116;B01;2;21;0;0;6;15;1;
52580;202100033927;141 117;A01;2;7;0;2;2;17;1;
52581;202100033928;141 115;A01;0;7;0;0;0;0;1;
52582;202100033929;141 113;A01;1;7;0;0;8;19;1;
52583;202100033929;141 114;B01;2;7;0;2;1;1;1;
52584;202100033930;141 112;A01;2;80;0;0;0;1;3;
52585;202100033931;141 110;A01;2;2;0;2;1;5;1;
52586;202100033931;141 111;B01;1;7;0;2;3;1;1;
52587;202100033932;141 109;A01;3;33;16;0;0;1;1;
52588;202100033933;141 107;A01;1;7;0;2;1;13;1;
52589;202100033933;141 108;B01;2;7;0;2;1;0;1;
52590;202100033934;141 105;A01;2;10;0;2;7;2;1;
52591;202100033934;141 106;B01;2;1;0;2;3;2;5;
52592;202100033936;141 101;A01;1;15;0;2;2;16;1;
52593;202100033936;141 102;B01;1;1;0;2;8;1;5;
52594;202100033937;141 099;B01;1;7;0;2;3;1;1;
52595;202100033937;141 100;A01;3;1;0;2;1;19;5;
52596;202100033938;141 097;B01;1;10;0;2;1;0;1;
52597;202100033938;141 098;A01;1;7;0;2;3;0;1;
52598;202100033940;141 094;A01;2;7;6;0;1;14;1;
52599;202100033941;141 092;A01;1;17;0;2;6;1;1;
52600;202100033941;141 093;B01;2;7;0;2;3;1;1;
52601;202100033942;141 090;A01;1;7;0;2;1;2;1;
52602;202100033942;141 091;B01;1;14;0;2;4;1;1;
52603;202100033943;141 089;A01;1;33;10;0;1;14;1;
52604;202100033944;141 087;A01;1;7;0;0;4;1;1;
52605;202100033944;141 088;B01;1;7;0;2;1;1;1;
52606;202100033945;141 085;B01;1;3;0;2;1;1;3;
52607;202100033945;141 086;A01;2;3;0;2;1;1;3;
52608;202100033946;141 083;A01;2;7;0;2;7;19;1;
52609;202100033946;141 084;B01;1;7;0;2;1;1;1;
52610;202100033947;141 082;A01;2;7;0;1;8;1;2;
52611;202100033949;141 080;A01;2;80;0;0;8;13;3;
52612;202100033952;141 074;A01;1;7;2;0;2;0;1;
52613;202100033953;141 073;A01;3;37;0;1;5;26;1;1.0
52614;202100033954;141 072;A01;0;2;0;0;0;0;0;
52615;202100033955;141 071;A01;2;7;2;0;6;1;1;
52616;202100033956;141 069;B01;0;30;0;2;1;1;1;
52617;202100033956;141 070;A01;0;13;0;2;2;1;1;
52618;202100033957;141 067;B01;2;33;6;2;3;21;1;
52619;202100033957;141 068;A01;2;7;0;0;5;23;1;
52620;202100033958;141 066;A01;3;7;2;0;7;1;1;
52621;202100033959;141 064;B01;2;33;0;2;1;1;1;
52622;202100033959;141 065;A01;1;14;0;2;2;15;1;
52623;202100033961;141 060;A01;0;7;0;2;3;9;1;
52624;202100033961;141 061;B01;0;1;0;2;1;1;5;
52625;202100033962;141 058;B01;0;7;0;9;3;15;1;
52626;202100033962;141 059;A01;0;1;0;2;1;15;5;
52627;202100033963;141 055;C01;2;7;0;2;3;1;1;
52628;202100033963;141 056;B01;2;30;0;2;3;1;1;
52629;202100033963;141 057;A01;1;7;1;2;1;1;1;
52630;202100033964;141 052;A01;1;7;0;2;1;26;1;
52631;202100033964;141 053;B01;1;31;0;2;7;1;1;
52632;202100033965;141 050;A01;1;7;0;2;5;1;1;
52633;202100033965;141 051;B01;2;7;0;2;1;1;1;
52634;202100033967;141 048;A01;2;7;0;0;0;1;1;
52635;202100033968;141 047;A01;1;7;12;0;1;0;1;
52636;202100033969;141 045;A01;2;7;0;2;2;15;1;
52637;202100033969;141 046;B01;1;33;0;2;1;1;1;
52638;202100033970;141 044;A01;2;7;6;0;1;1;1;
52639;202100033971;141 042;B01;2;7;0;0;8;1;1;
52640;202100033971;141 043;A01;2;7;0;2;1;2;1;
52641;202100033972;141 041;A01;1;7;10;0;3;13;1;
52642;202100033975;141 031;A01;2;33;0;2;1;0;1;
52643;202100033975;141 032;B01;2;7;0;2;6;1;1;
52644;202100033975;141 033;C01;2;7;0;2;6;1;1;
52645;202100033976;141 028;C01;2;7;0;2;8;1;1;
52646;202100033976;141 029;B01;2;33;0;2;2;12;1;
52647;202100033976;141 030;A01;2;10;0;2;2;3;1;
52648;202100033977;141 026;B01;2;37;0;2;4;2;1;1.0
52649;202100033977;141 027;A01;2;7;0;2;1;2;1;
52650;202100033978;141 024;B01;1;10;0;2;4;2;1;
52651;202100033978;141 025;A01;1;33;0;2;1;2;1;
52652;202100033979;141 022;A01;1;7;0;0;4;23;2;
52653;202100033979;141 023;B01;1;33;0;2;1;21;1;
52654;202100033980;141 019;C01;1;7;0;2;1;26;1;
52655;202100033980;141 020;B01;1;7;0;2;0;26;1;
52656;202100033980;141 021;A01;1;7;0;2;0;26;1;
52657;202100033982;141 011;A01;1;7;0;2;1;2;0;
52658;202100033982;141 012;B01;1;10;0;2;4;2;1;
52659;202100033983;141 009;B01;2;33;0;2;2;3;1;
52660;202100033983;141 010;A01;2;7;0;2;6;9;1;
52661;202100033984;141 008;A01;2;31;0;0;8;3;1;
52662;202100033985;141 007;A01;1;7;4;0;3;13;1;
52663;202100033986;141 005;A01;2;10;0;2;4;1;1;
52664;202100033986;141 006;B01;2;7;0;2;1;1;1;
52665;202100033987;141 003;A01;2;7;0;2;5;12;1;
52666;202100033987;141 004;B01;2;33;0;2;3;1;1;
52667;202100033989;141 000;A01;3;34;6;0;3;13;1;
52668;202100033990;140 998;B01;2;33;0;2;4;1;1;
52669;202100033990;140 999;A01;1;33;0;2;1;1;1;
52670;202100033991;140 997;A01;2;7;0;1;1;1;1;
52671;202100033992;140 995;A01;3;7;0;2;1;26;1;
52672;202100033992;140 996;B01;2;33;0;2;3;17;1;
52673;202100033993;140 994;A01;2;80;0;1;1;25;3;
52674;202100033995;140 990;C01;2;7;0;2;3;26;1;
52675;202100033995;140 991;B01;2;7;0;2;3;26;1;
52676;202100033996;140 989;A01;2;7;1;0;4;20;1;
52677;202100033997;140 987;B01;3;1;0;2;1;1;5;
52678;202100033997;140 988;A01;3;10;0;2;6;24;1;
52679;202100033998;140 986;A01;2;1;0;1;1;1;5;
52680;202100033999;140 985;A01;2;7;0;1;1;1;1;
52681;202100034000;140 984;A01;3;50;0;1;1;1;3;
52682;202100034001;140 982;B01;1;7;0;2;3;11;1;
52683;202100034001;140 983;A01;1;32;0;2;1;7;1;
52684;202100034002;140 981;A01;2;1;0;1;8;1;5;
52685;202100034003;140 977;B01;2;7;1;0;0;0;1;
52686;202100034003;140 978;A01;1;10;1;0;1;23;1;
52687;202100034004;140 976;A01;1;33;0;0;0;26;1;
52688;202100034005;140 974;B01;0;50;0;2;3;15;3;
52689;202100034005;140 975;A01;0;7;0;2;3;1;1;
52690;202100034006;140 973;A01;1;14;0;1;1;1;1;
52691;202100034007;140 971;B01;2;7;0;2;3;19;1;
52692;202100034007;140 972;A01;2;7;0;2;1;19;1;
52693;202100034008;140 969;B01;2;7;0;2;3;1;1;
52694;202100034008;140 970;A01;1;32;0;2;1;13;1;
52695;202100034009;140 967;A01;3;7;0;2;1;15;1;
52696;202100034009;140 968;B01;3;7;0;2;3;1;1;
52697;202100034011;140 964;A01;3;7;0;2;1;19;1;
52698;202100034011;140 965;B01;1;7;0;2;3;1;1;
52699;202100034012;140 963;A01;1;7;0;1;2;1;1;
52700;202100034013;140 962;A01;2;1;0;1;1;1;5;
52701;202100034014;140 960;A01;2;7;0;2;1;1;1;
52702;202100034014;140 961;B01;2;1;0;2;4;1;5;
52703;202100034015;140 958;A01;1;7;0;2;1;1;1;
52704;202100034015;140 959;B01;2;7;1;2;8;15;1;
52705;202100034016;140 956;B01;2;7;0;2;5;1;1;
52706;202100034016;140 957;A01;2;31;0;2;1;26;1;
52707;202100034017;140 954;A01;1;7;0;2;1;26;1;
52708;202100034017;140 955;B01;1;7;0;2;3;26;1;
52709;202100034019;140 951;B01;2;10;0;2;1;0;1;
52710;202100034019;140 952;A01;1;7;9;2;2;9;1;
52711;202100034020;140 949;A01;1;33;0;2;7;2;1;
52712;202100034020;140 950;B01;1;14;0;2;8;1;1;
52713;202100034021;140 947;A01;1;7;6;2;6;4;1;
52714;202100034021;140 948;B01;2;7;0;2;2;1;1;
52715;202100034022;140 946;A01;3;7;0;1;1;1;1;
52716;202100034023;140 945;A01;2;17;0;2;2;1;1;
52717;202100034024;140 944;A01;1;7;0;5;3;1;1;
52718;202100034025;140 942;A01;2;7;0;2;1;19;1;
52719;202100034025;140 943;B01;2;7;0;2;7;1;1;
52720;202100034026;140 941;A01;2;7;0;0;8;1;1;
52721;202100034027;140 939;A01;2;10;0;2;4;4;1;
52722;202100034027;140 940;B01;2;30;0;2;1;23;1;
52723;202100034028;140 937;A01;1;7;0;2;1;15;1;
52724;202100034028;140 938;B01;2;7;0;2;7;1;1;
52725;202100034029;140 935;B01;3;1;0;0;0;0;5;
52726;202100034029;140 936;A01;3;7;0;2;2;2;1;
52727;202100034030;140 934;A01;1;7;8;0;1;15;1;
52728;202100034031;140 933;A01;0;20;0;1;1;1;1;
52729;202100034032;140 932;A01;3;10;0;1;8;15;1;
52730;202100034033;140 928;B01;0;7;0;2;4;23;1;
52731;202100034033;140 929;A01;0;2;0;2;1;1;1;
52732;202100034034;140 926;B01;3;1;0;2;0;1;5;
52733;202100034034;140 927;A01;3;7;0;2;0;1;1;
52734;202100034035;140 924;A01;1;1;0;2;8;2;5;
52735;202100034035;140 925;B01;1;7;0;2;7;2;1;
52736;202100034037;140 920;A01;3;7;0;2;2;15;1;
52737;202100034037;140 921;B01;3;7;0;2;3;1;1;
52738;202100034038;140 919;A01;1;37;0;1;1;9;0;1.0
52739;202100034039;140 918;A01;1;33;0;1;1;1;1;
52740;202100034040;140 916;B01;1;50;0;2;5;1;3;
52741;202100034040;140 917;A01;1;7;0;2;2;15;1;
52742;202100034042;140 912;A01;1;7;0;2;2;19;1;
52743;202100034042;140 913;B01;1;7;0;2;1;0;1;
52744;202100034043;140 908;A01;2;2;0;2;3;13;1;
52745;202100034043;140 909;B01;1;7;0;2;8;1;1;
52746;202100034043;140 910;C01;1;7;0;2;8;1;1;
52747;202100034043;140 911;D01;1;7;0;2;8;1;1;
52748;202100034044;140 906;B01;2;2;0;2;2;7;1;
52749;202100034044;140 907;A01;2;7;0;2;3;9;1;
52750;202100034045;140 904;B01;1;2;0;2;1;1;1;
52751;202100034045;140 905;A01;2;3;0;2;7;15;1;
52752;202100034046;140 901;A01;1;7;0;2;1;26;1;
52753;202100034046;140 902;B01;1;7;0;2;4;2;2;
52754;202100034046;140 903;C01;1;7;0;2;4;19;1;
52755;202100034047;140 900;A01;2;7;4;0;2;1;1;
52756;202100034048;140 899;A01;2;30;14;0;1;1;1;
52757;202100034051;140 894;A01;1;7;0;9;1;1;0;
52758;202100034051;140 895;B01;1;1;0;2;4;19;5;
52759;202100034052;140 893;A01;2;50;0;1;1;1;3;
52760;202100034053;140 890;C01;2;7;0;2;6;2;2;
52761;202100034053;140 891;B01;2;7;0;2;5;2;1;
52762;202100034053;140 892;A01;2;7;0;2;3;2;1;
52763;202100034054;140 889;A01;1;31;0;0;0;26;1;
52764;202100034055;140 888;A01;1;7;0;1;1;26;1;
52765;202100034056;140 886;A01;1;7;0;9;3;9;1;
52766;202100034056;140 887;B01;3;2;0;2;5;16;1;
52767;202100034057;140 884;B01;3;31;0;2;7;1;1;
52768;202100034057;140 885;A01;0;7;0;2;1;15;1;
52769;202100034058;140 882;B01;2;7;0;2;3;1;1;
52770;202100034058;140 883;A01;2;7;0;2;1;15;1;
52771;202100034059;140 881;A01;1;7;1;0;2;1;1;
52772;202100034061;140 876;A01;2;7;0;2;1;1;1;
52773;202100034061;140 877;B01;2;7;0;2;4;0;1;
52774;202100034061;140 878;C01;2;7;0;2;4;0;1;
52775;202100034062;140 875;A01;3;7;0;1;4;26;0;
52776;202100034063;140 873;B01;1;7;0;2;3;1;1;
52777;202100034063;140 874;A01;1;32;0;2;1;1;1;
52778;202100034064;140 872;A01;2;7;9;0;1;1;1;
52779;202100034065;140 870;A01;3;7;0;2;1;26;1;
52780;202100034065;140 871;B01;3;7;0;2;1;0;2;
52781;202100034067;140 868;A01;1;7;15;0;1;14;1;
52782;202100034069;140 866;A01;1;7;6;0;2;13;1;
52783;202100034070;140 864;B01;1;7;0;0;8;15;1;
52784;202100034070;140 865;A01;1;31;0;2;1;17;1;
52785;202100034071;140 862;B01;1;7;0;2;3;15;1;
52786;202100034071;140 863;A01;1;34;0;2;2;17;1;
52787;202100034072;140 860;B01;3;50;1;0;0;0;3;
52788;202100034072;140 861;A01;3;7;0;9;0;24;1;
52789;202100034073;140 856;A01;1;7;0;2;1;19;1;
52790;202100034073;140 857;B01;1;7;0;0;8;19;1;
52791;202100034074;140 855;A01;1;7;9;1;2;1;2;
52792;202100034075;140 853;B01;2;32;0;2;7;2;1;
52793;202100034075;140 854;A01;2;7;0;2;8;2;1;
52794;202100034076;140 851;A01;3;7;0;2;1;1;1;
52795;202100034076;140 852;B01;1;1;0;2;1;19;0;
52796;202100034077;140 849;B01;1;7;0;2;8;1;1;
52797;202100034077;140 850;A01;1;1;0;2;1;1;5;
52798;202100034078;140 848;A01;2;7;0;1;2;1;1;
52799;202100034079;140 846;B01;0;7;0;2;1;26;1;
52800;202100034079;140 847;A01;0;7;0;2;2;15;1;
52801;202100034080;140 844;B01;2;32;0;2;3;0;1;
52802;202100034080;140 845;A01;2;30;0;2;2;16;1;
52803;202100034081;140 843;A01;2;30;0;1;8;1;1;
52804;202100034082;140 841;A01;1;7;0;2;2;19;1;
52805;202100034082;140 842;B01;2;7;0;0;3;1;1;
52806;202100034083;140 840;A01;1;2;1;0;2;5;1;
52807;202100034084;140 838;B01;3;7;0;2;6;1;0;
52808;202100034084;140 839;A01;1;33;0;2;3;1;0;
52809;202100034085;140 836;B01;0;7;0;2;5;9;1;
52810;202100034085;140 837;A01;0;10;0;2;1;1;1;
52811;202100034086;140 834;B01;1;33;0;2;3;0;1;
52812;202100034086;140 835;A01;2;7;0;2;2;15;1;
52813;202100034087;140 832;B01;3;1;0;2;4;16;5;
52814;202100034087;140 833;A01;3;14;0;9;1;16;1;
52815;202100034088;140 831;A01;3;10;0;1;4;4;1;
52816;202100034089;140 829;A01;2;7;0;2;1;2;1;
52817;202100034089;140 830;B01;2;7;0;2;4;2;2;
52818;202100034090;140 827;A01;1;31;0;2;3;1;1;
52819;202100034090;140 828;B01;1;14;0;2;2;15;1;
52820;202100034091;140 826;A01;1;1;0;1;1;1;5;
52821;202100034092;140 824;B01;1;10;0;2;2;20;1;
52822;202100034092;140 825;A01;1;1;0;2;1;18;5;
52823;202100034093;140 822;Z01;1;7;0;2;7;17;1;
52824;202100034093;140 823;A01;1;1;0;2;8;1;5;
52825;202100034094;140 821;A01;0;7;0;1;1;15;1;
52826;202100034095;140 819;A01;2;7;0;2;1;2;1;
52827;202100034095;140 820;B01;2;1;0;2;4;2;5;
52828;202100034096;140 817;A01;1;34;0;2;3;1;1;
52829;202100034096;140 818;B01;2;50;0;2;1;15;3;
52830;202100034097;140 815;B01;2;7;0;2;5;15;1;
52831;202100034097;140 816;A01;1;1;0;2;1;1;5;
52832;202100034098;140 813;A01;1;31;0;2;3;23;1;
52833;202100034098;140 814;B01;1;7;0;2;2;14;1;
52834;202100034099;140 812;Z01;1;30;0;1;1;1;0;
52835;202100034100;140 811;A01;1;1;0;0;0;21;5;
52836;202100034101;140 809;B01;1;1;0;2;7;1;5;
52837;202100034101;140 810;A01;2;7;0;2;2;1;1;
52838;202100034103;140 805;B01;2;1;0;2;8;1;5;
52839;202100034103;140 806;A01;2;1;0;2;0;17;5;
52840;202100034104;140 803;A01;2;14;0;2;0;1;1;
52841;202100034104;140 804;B01;1;10;0;2;3;1;1;
52842;202100034105;140 798;A01;1;7;0;2;3;13;2;
52843;202100034105;140 799;B01;1;7;0;2;3;23;1;
52844;202100034105;140 800;C01;1;7;0;2;7;23;1;
52845;202100034105;140 801;E01;1;32;0;2;8;1;1;
52846;202100034105;140 802;D01;1;30;0;2;9;1;1;
52847;202100034106;140 796;B01;1;7;0;2;3;15;2;
52848;202100034106;140 797;A01;2;34;0;2;3;7;1;
52849;202100034108;140 792;B01;1;1;0;2;7;1;5;
52850;202100034108;140 793;A01;1;30;0;2;8;9;1;
52851;202100034109;140 790;B01;1;7;1;2;2;1;1;
52852;202100034109;140 791;A01;1;7;1;0;2;23;1;
52853;202100034110;140 789;A01;1;7;6;2;1;1;1;
52854;202100034111;140 787;A01;1;7;0;2;2;22;1;
52855;202100034111;140 788;Y01;1;50;0;2;6;18;3;
52856;202100034112;140 786;A01;2;10;0;1;1;13;1;
52857;202100034113;140 785;A01;1;7;6;0;1;2;1;
52858;202100034114;140 783;Z01;1;2;0;2;1;9;1;
52859;202100034114;140 784;A01;1;80;0;2;7;9;3;
52860;202100034116;140 779;A01;2;30;0;2;1;17;1;
52861;202100034116;140 780;B01;2;7;0;2;3;15;1;
52862;202100034117;140 777;A01;1;7;0;2;1;26;0;
52863;202100034117;140 778;B01;1;7;0;2;3;26;0;
52864;202100034119;140 774;A01;1;14;0;1;2;1;1;
52865;202100034120;140 772;A01;1;20;0;2;8;1;1;
52866;202100034120;140 773;B01;0;2;0;2;1;1;1;
52867;202100034121;140 771;A01;3;7;0;1;3;17;1;
52868;202100034122;140 770;A01;3;13;0;1;0;1;0;
52869;202100034123;140 768;B01;1;13;0;2;2;1;1;
52870;202100034123;140 769;A01;1;99;0;0;6;16;1;
52871;202100034124;140 766;A01;1;34;0;2;1;1;1;
52872;202100034124;140 767;B01;2;7;0;2;2;15;1;
52873;202100034127;140 763;A01;2;32;0;1;1;26;1;
52874;202100034128;140 762;A01;1;7;0;1;1;16;1;
52875;202100034129;140 760;A01;1;32;0;2;7;17;1;
52876;202100034129;140 761;B01;1;7;0;2;3;15;1;
52877;202100034130;140 758;A01;2;1;0;2;1;1;5;
52878;202100034130;140 759;B01;2;7;0;2;1;15;0;
52879;202100034131;140 757;A01;3;7;0;2;1;1;1;
52880;202100034132;140 754;C01;1;7;0;2;8;23;1;
52881;202100034132;140 755;A01;1;33;1;2;5;17;1;
52882;202100034132;140 756;B01;1;7;0;2;3;15;1;
52883;202100034133;140 752;A01;1;2;2;2;1;1;1;
52884;202100034133;140 753;B01;1;14;0;2;8;22;1;
52885;202100034135;140 747;B01;3;7;0;2;1;1;1;
52886;202100034135;140 748;A01;0;7;0;2;7;10;1;
52887;202100034136;140 745;B01;1;32;0;2;1;1;1;
52888;202100034136;140 746;A01;1;7;0;2;3;15;1;
52889;202100034137;140 743;B01;2;33;0;2;1;17;1;
52890;202100034137;140 744;A01;2;7;0;2;3;15;1;
52891;202100034138;140 742;A01;3;7;13;0;1;1;1;
52892;202100034139;140 740;A01;2;7;0;2;3;13;1;
52893;202100034139;140 741;B01;1;7;0;2;8;1;1;
52894;202100034140;140 738;A01;3;33;0;2;1;21;1;
52895;202100034140;140 739;B01;3;10;0;2;2;19;1;
52896;202100034141;140 735;A01;2;3;0;2;1;11;1;
52897;202100034141;140 736;B01;1;7;0;0;3;1;1;
52898;202100034141;140 737;C01;1;7;0;2;1;0;1;
52899;202100034142;140 733;A01;1;7;0;2;1;1;1;
52900;202100034142;140 734;B01;2;7;0;2;1;13;1;
52901;202100034143;140 731;A01;3;7;0;2;3;1;1;
52902;202100034143;140 732;B01;3;1;0;2;1;1;5;
52903;202100034144;140 729;B01;1;1;0;2;1;1;5;
52904;202100034144;140 730;A01;1;7;0;2;8;19;1;
52905;202100034145;140 727;A01;1;33;0;2;3;13;1;
52906;202100034145;140 728;B01;2;7;0;2;3;0;6;
52907;202100034146;140 726;A01;1;7;13;0;1;1;1;