;Num_Acc;id_vehicule;num_veh;senc;catv;obs;obsm;choc;manv;motor;occutc
52908;202100034147;140 725;A01;2;7;17;0;2;1;1;
52909;202100034148;140 724;A01;1;7;1;0;2;14;1;
52910;202100034149;140 720;C01;2;15;0;2;1;1;1;
52911;202100034149;140 721;D01;1;15;0;2;2;1;1;
52912;202100034149;140 722;A01;2;7;0;2;4;1;1;
52913;202100034149;140 723;B01;2;7;0;2;1;1;1;
52914;202100034150;140 719;A01;2;1;16;0;9;1;5;
52915;202100034151;140 717;A01;0;7;0;2;3;14;1;
52916;202100034151;140 718;B01;3;7;0;2;3;0;1;
52917;202100034152;140 714;A01;1;7;0;2;1;11;1;
52918;202100034152;140 715;C01;2;7;0;2;1;1;1;
52919;202100034152;140 716;B01;1;7;0;2;6;1;1;
52920;202100034154;140 711;A01;2;33;0;0;0;16;1;
52921;202100034155;140 708;A01;1;7;0;2;1;2;1;
52922;202100034155;140 709;C01;1;7;0;0;4;1;1;
52923;202100034155;140 710;B01;1;7;0;0;4;2;1;
52924;202100034156;140 706;B01;2;10;0;2;3;2;1;
52925;202100034156;140 707;A01;2;33;0;2;4;2;1;
52926;202100034157;140 704;B01;2;43;0;2;5;1;1;
52927;202100034157;140 705;A01;2;7;0;2;1;1;1;
52928;202100034158;140 703;A01;0;36;13;0;3;1;1;
52929;202100034159;140 701;A01;1;7;6;0;1;1;1;
52930;202100034161;140 698;B01;1;7;0;2;5;2;1;
52931;202100034161;140 699;A01;1;34;0;2;1;2;1;
52932;202100034162;140 696;B01;2;34;0;2;1;1;0;
52933;202100034162;140 697;A01;2;7;0;2;2;19;1;
52934;202100034163;140 695;A01;1;7;6;0;1;14;1;
52935;202100034164;140 692;A01;2;2;0;2;1;17;1;
52936;202100034164;140 693;B01;2;7;0;2;6;15;1;
52937;202100034165;140 691;A01;0;7;0;0;0;1;1;
52938;202100034166;140 690;A01;2;2;0;0;9;1;1;
52939;202100034167;140 688;A01;2;7;14;2;8;13;1;
52940;202100034167;140 689;B01;1;7;0;2;8;1;1;
52941;202100034168;140 686;B01;2;7;0;0;4;1;1;
52942;202100034168;140 687;A01;2;7;0;2;1;2;1;
52943;202100034169;140 685;A01;2;7;4;0;1;1;1;
52944;202100034170;140 683;B01;2;7;0;2;6;1;1;
52945;202100034170;140 684;A01;2;15;0;2;2;12;1;
52946;202100034171;140 678;A01;1;10;0;2;1;2;1;
52947;202100034171;140 679;B01;1;7;0;2;4;2;1;
52948;202100034171;140 680;D01;1;7;0;0;4;2;1;
52949;202100034171;140 681;C01;1;7;0;2;4;2;1;
52950;202100034172;140 673;E01;1;10;0;2;1;1;1;
52951;202100034172;140 674;A01;1;7;0;0;4;1;1;
52952;202100034172;140 675;B01;1;7;0;2;1;1;1;
52953;202100034172;140 676;C01;1;7;0;0;4;1;1;
52954;202100034172;140 677;D01;1;7;0;2;1;1;1;
52955;202100034173;140 667;A01;1;10;0;0;1;26;1;
52956;202100034173;140 668;B01;1;7;3;2;5;13;1;
52957;202100034173;140 669;D01;1;7;0;2;4;17;1;
52958;202100034173;140 670;C01;1;10;0;2;3;17;1;
52959;202100034173;140 671;F01;1;10;0;2;4;17;1;
52960;202100034173;140 672;E01;1;7;0;2;4;17;1;
52961;202100034174;140 665;B01;2;7;0;2;3;1;1;
52962;202100034174;140 666;A01;1;7;0;2;1;5;1;
52963;202100034176;140 661;A01;2;7;0;2;1;9;1;
52964;202100034176;140 662;B01;1;7;0;2;1;1;1;
52965;202100034177;140 659;B01;2;1;0;2;3;1;5;
52966;202100034177;140 660;A01;1;7;0;2;1;26;1;
52967;202100034178;140 657;B01;1;14;0;0;5;2;1;
52968;202100034178;140 658;A01;1;7;0;2;3;2;1;
52969;202100034179;140 656;A01;1;7;0;0;2;14;1;
52970;202100034180;140 654;B01;2;20;0;0;5;2;1;
52971;202100034180;140 655;A01;2;10;0;0;1;2;1;
52972;202100034181;140 652;B01;0;7;0;2;3;15;1;
52973;202100034181;140 653;A01;3;7;0;0;5;15;1;
52974;202100034183;140 649;A01;1;33;0;0;9;26;1;
52975;202100034184;140 647;A01;2;10;0;2;3;15;1;
52976;202100034184;140 648;B01;1;33;8;2;8;0;1;
52977;202100034185;140 645;A01;2;7;0;2;1;11;1;
52978;202100034185;140 646;B01;1;7;0;2;1;1;1;
52979;202100034186;140 643;B01;2;1;0;2;1;0;5;
52980;202100034186;140 644;A01;1;10;0;2;2;9;1;
52981;202100034187;140 642;A01;3;33;6;0;1;26;1;
52982;202100034190;140 638;A01;0;7;0;1;7;12;1;
52983;202100034191;140 636;A01;1;7;0;2;5;2;2;
52984;202100034191;140 637;B01;1;7;0;2;1;2;1;
52985;202100034192;140 633;B01;1;7;0;2;3;2;1;
52986;202100034192;140 634;C01;1;7;1;0;2;1;1;
52987;202100034192;140 635;A01;1;33;0;2;4;1;1;
52988;202100034194;140 630;A01;1;34;0;0;1;1;1;
52989;202100034195;140 627;B01;1;7;0;9;8;1;1;
52990;202100034195;140 628;A01;1;7;3;0;2;21;1;
52991;202100034195;140 629;C01;2;7;0;9;0;1;2;
52992;202100034196;140 625;A01;1;31;0;2;1;3;1;
52993;202100034196;140 626;B01;1;10;0;2;4;11;1;
52994;202100034197;140 623;A01;1;33;0;2;8;3;1;
52995;202100034197;140 624;B01;1;7;0;2;5;1;1;
52996;202100034198;140 620;C01;2;7;0;2;4;1;1;
52997;202100034198;140 621;B01;2;10;0;2;4;1;1;
52998;202100034198;140 622;A01;2;10;0;2;1;1;1;
52999;202100034199;140 616;D01;1;7;0;2;4;0;1;
53000;202100034199;140 617;C01;1;7;0;2;9;0;1;
53001;202100034199;140 618;B01;1;7;0;2;9;0;1;
53002;202100034199;140 619;A01;1;7;0;2;1;0;1;
53003;202100034200;140 615;A01;1;7;3;0;0;26;1;
53004;202100034201;140 613;B01;1;7;0;2;4;1;1;
53005;202100034201;140 614;A01;1;43;0;2;1;1;1;
53006;202100034202;140 610;C01;1;7;0;2;6;0;1;
53007;202100034202;140 611;B01;1;7;0;2;0;0;1;
53008;202100034202;140 612;A01;1;7;0;2;1;26;1;
53009;202100034203;140 609;A01;1;34;0;6;1;1;1;
53010;202100034204;140 608;A01;3;32;0;1;1;17;1;
53011;202100034205;140 607;A01;2;7;0;1;1;1;1;
53012;202100034206;140 605;A01;3;7;0;2;1;9;1;
53013;202100034206;140 606;B01;2;1;0;2;7;1;5;
53014;202100034207;140 604;A01;1;30;1;0;3;13;6;
53015;202100034208;140 602;A01;3;7;0;2;3;26;1;
53016;202100034208;140 603;B01;1;30;0;2;1;26;1;
53017;202100034210;140 598;A01;1;7;0;2;1;13;1;
53018;202100034210;140 599;B01;1;7;0;2;0;0;1;
53019;202100034211;140 596;B01;3;10;0;2;4;1;1;
53020;202100034211;140 597;A01;3;30;0;2;1;2;1;
53021;202100034212;140 594;B01;1;7;0;2;2;15;1;
53022;202100034212;140 595;A01;2;30;0;2;1;1;1;
53023;202100034213;140 591;A01;1;2;0;2;1;1;1;
53024;202100034213;140 592;C01;3;7;1;0;0;0;1;
53025;202100034213;140 593;B01;2;7;0;9;7;15;1;
53026;202100034214;140 589;A01;2;7;0;2;0;17;0;
53027;202100034214;140 590;B01;2;30;0;2;3;9;1;
53028;202100034216;140 585;B01;2;7;0;2;3;2;1;
53029;202100034216;140 586;A01;2;7;0;2;2;1;1;
53030;202100034217;140 581;A01;1;33;4;2;8;0;1;
53031;202100034217;140 582;B01;1;7;4;2;0;0;1;
53032;202100034217;140 583;C01;1;7;4;2;0;0;1;
53033;202100034217;140 584;D01;1;7;4;2;1;0;1;
53034;202100034218;140 580;A01;0;7;0;1;1;0;0;
53035;202100034219;140 579;A01;1;2;0;1;1;17;1;
53036;202100034220;140 577;B01;3;1;0;2;0;0;5;
53037;202100034220;140 578;A01;3;7;0;2;1;15;1;
53038;202100034221;140 575;A01;1;7;0;2;1;9;1;
53039;202100034221;140 576;B01;1;1;0;2;7;1;5;
53040;202100034222;140 573;A01;1;31;0;2;4;2;1;
53041;202100034222;140 574;B01;1;7;0;2;4;26;1;
53042;202100034223;140 571;B01;2;33;0;2;8;26;1;
53043;202100034223;140 572;A01;1;7;0;2;7;15;1;
53044;202100034224;140 570;A01;2;7;1;0;1;13;1;
53045;202100034225;140 569;A01;0;1;13;0;0;1;5;
53046;202100034226;140 566;A01;3;10;0;1;4;26;1;
53047;202100034227;140 564;B01;2;7;0;2;1;15;1;
53048;202100034227;140 565;A01;1;32;0;2;1;1;1;
53049;202100034228;140 563;A01;2;10;0;1;3;15;3;
53050;202100034229;140 562;A01;0;30;0;0;0;1;1;
53051;202100034230;140 560;B01;0;7;0;2;1;23;1;
53052;202100034230;140 561;A01;0;7;0;2;1;15;1;
53053;202100034232;140 557;A01;2;7;1;0;1;26;1;
53054;202100034233;140 555;B01;2;7;0;2;1;23;0;
53055;202100034233;140 556;A01;2;31;0;2;4;26;0;
53056;202100034234;140 554;A01;3;7;1;0;0;26;0;
53057;202100034235;140 553;A01;3;7;9;0;1;26;1;
53058;202100034236;140 552;A01;3;2;0;1;1;15;1;
53059;202100034237;140 551;B01;2;1;0;2;1;1;5;
53060;202100034238;140 546;A01;1;10;0;9;3;1;0;
53061;202100034238;140 547;B01;1;50;0;2;8;1;3;
53062;202100034239;140 543;C01;2;7;0;2;4;23;1;
53063;202100034239;140 544;B01;2;7;0;2;4;23;1;
53064;202100034239;140 545;A01;2;7;0;2;1;1;1;
53065;202100034240;140 541;A01;1;7;0;2;1;1;1;
53066;202100034240;140 542;B01;2;1;0;2;2;19;2;
53067;202100034241;140 540;A01;1;7;0;1;2;1;1;
53068;202100034242;140 538;A01;1;7;0;2;2;15;1;
53069;202100034242;140 539;B01;2;31;0;2;3;1;1;
53070;202100034243;140 537;A01;1;7;2;0;2;13;1;
53071;202100034245;140 533;B01;2;10;0;2;1;13;1;
53072;202100034245;140 534;A01;2;30;0;2;1;17;1;
53073;202100034246;140 531;B01;2;7;0;2;1;9;1;
53074;202100034246;140 532;A01;2;33;0;2;1;1;1;
53075;202100034247;140 529;A01;1;7;0;2;1;2;1;
53076;202100034247;140 530;B01;1;10;0;2;4;2;1;
53077;202100034248;140 527;B01;1;50;0;2;8;25;3;
53078;202100034248;140 528;A01;2;14;0;2;0;15;1;
53079;202100034249;140 525;B01;2;31;0;2;1;1;1;
53080;202100034249;140 526;A01;1;7;0;2;7;15;1;
53081;202100034250;140 523;B01;2;33;0;2;1;1;1;
53082;202100034250;140 524;A01;1;7;0;2;3;15;1;
53083;202100034251;140 521;A01;1;7;0;2;1;19;1;
53084;202100034251;140 522;B01;1;7;0;2;1;19;1;
53085;202100034252;140 519;A01;1;32;0;2;7;19;1;
53086;202100034252;140 520;B01;1;7;0;2;1;19;1;
53087;202100034253;140 517;A01;1;7;0;2;2;19;1;
53088;202100034253;140 518;B01;1;7;0;2;1;19;1;
53089;202100034254;140 515;A01;2;7;0;2;4;23;1;
53090;202100034254;140 516;B01;2;1;0;2;1;2;6;
53091;202100034255;140 513;A01;1;7;0;2;5;15;1;
53092;202100034255;140 514;B01;2;1;0;2;1;1;5;
53093;202100034256;140 512;A01;3;7;9;0;1;1;1;
53094;202100034257;140 510;A01;3;7;8;2;1;15;1;
53095;202100034257;140 511;B01;1;7;0;2;5;15;1;
53096;202100034258;140 508;B01;1;33;0;2;1;17;1;
53097;202100034258;140 509;A01;1;30;0;2;8;1;1;
53098;202100034259;140 506;B01;1;2;0;2;1;1;1;
53099;202100034259;140 507;A01;1;7;0;2;2;15;1;
53100;202100034260;140 501;A01;1;7;14;2;1;2;1;
53101;202100034260;140 502;B01;1;7;14;2;4;2;1;
53102;202100034260;140 503;C01;1;7;0;2;4;2;1;
53103;202100034261;140 499;B01;0;7;0;2;3;9;1;
53104;202100034261;140 500;A01;0;7;0;2;1;10;1;
53105;202100034262;140 497;B01;1;7;0;2;5;1;1;
53106;202100034262;140 498;A01;1;2;0;2;1;26;1;
53107;202100034263;140 496;A01;2;33;13;0;1;21;1;
53108;202100034264;140 495;A01;3;7;0;1;5;2;1;
53109;202100034265;140 493;B01;2;7;0;2;4;23;1;
53110;202100034265;140 494;A01;2;33;0;2;1;2;1;
53111;202100034266;140 489;A01;1;7;0;2;1;2;1;
53112;202100034266;140 490;B01;1;7;0;2;4;2;1;
53113;202100034267;140 488;A01;0;7;13;0;9;9;1;
53114;202100034268;140 486;B01;3;1;0;2;8;1;5;
53115;202100034268;140 487;A01;3;7;0;2;0;0;1;
53116;202100034270;140 483;Z01;1;7;0;1;1;1;0;
53117;202100034271;140 481;B01;1;7;0;2;3;1;1;
53118;202100034271;140 482;A01;3;50;0;2;1;1;3;
53119;202100034272;140 479;A01;1;7;0;2;5;15;1;
53120;202100034272;140 480;B01;2;1;0;2;1;1;5;
53121;202100034273;140 478;A01;3;7;0;1;1;1;0;
53122;202100034274;140 476;B01;3;7;0;2;3;15;1;
53123;202100034274;140 477;A01;3;30;0;2;2;17;0;
53124;202100034275;140 474;A01;1;7;0;2;4;1;1;
53125;202100034275;140 475;B01;1;7;0;2;1;2;1;
53126;202100034276;140 472;A01;2;7;0;2;1;19;1;
53127;202100034276;140 473;B01;1;7;0;2;4;0;1;
53128;202100034277;140 470;A01;3;1;0;2;8;9;2;
53129;202100034277;140 471;B01;1;7;0;9;3;1;1;
53130;202100034278;140 467;B01;1;7;0;2;9;2;1;
53131;202100034278;140 468;A01;1;7;0;2;1;2;1;
53132;202100034278;140 469;C01;1;7;0;2;4;2;1;
53133;202100034280;140 464;B01;1;7;0;2;4;1;1;
53134;202100034280;140 465;A01;1;7;0;2;1;1;1;
53135;202100034281;140 462;B01;3;99;0;2;1;1;6;
53136;202100034281;140 463;A01;3;7;0;2;3;1;1;
53137;202100034282;140 460;B01;0;7;0;2;3;15;1;
53138;202100034282;140 461;A01;0;30;0;2;1;17;1;
53139;202100034283;140 458;B01;1;1;15;2;4;1;5;
53140;202100034283;140 459;A01;1;7;0;2;1;1;1;
53141;202100034284;140 456;B01;1;34;0;2;7;1;1;
53142;202100034284;140 457;A01;1;7;0;2;0;9;1;
53143;202100034285;140 454;A01;3;7;0;2;5;26;1;
53144;202100034285;140 455;B01;3;7;0;2;1;1;1;
53145;202100034286;140 452;A01;1;10;0;2;2;15;1;
53146;202100034286;140 453;B01;2;3;0;2;3;1;1;
53147;202100034287;140 451;A01;1;7;0;1;1;1;1;
53148;202100034288;140 450;A01;1;7;0;1;1;1;1;
53149;202100034289;140 448;B01;1;7;0;2;1;1;1;
53150;202100034289;140 449;A01;1;7;0;2;1;16;1;
53151;202100034290;140 446;A01;1;7;0;2;1;1;1;
53152;202100034290;140 447;B01;1;7;0;2;4;1;1;
53153;202100034291;140 444;A01;0;7;0;2;2;9;1;
53154;202100034291;140 445;B01;0;10;0;2;6;24;1;
53155;202100034292;140 443;A01;0;14;15;0;1;1;1;
53156;202100034293;140 441;A01;2;33;0;2;1;1;1;
53157;202100034293;140 442;B01;2;7;0;2;8;15;1;
53158;202100034294;140 439;A01;0;43;0;2;1;2;1;
53159;202100034294;140 440;B01;1;7;0;2;2;15;1;
53160;202100034295;140 437;A01;0;7;0;2;1;10;0;
53161;202100034295;140 438;B01;0;33;0;2;8;26;0;
53162;202100034296;140 436;A01;1;7;0;1;7;26;1;
53163;202100034297;140 434;B01;2;7;0;2;8;15;1;
53164;202100034297;140 435;A01;2;34;0;2;1;17;1;
53165;202100034298;140 430;A01;2;3;0;2;3;13;1;
53166;202100034298;140 431;B01;1;10;0;2;6;1;1;
53167;202100034299;140 428;B01;1;10;0;2;8;13;1;
53168;202100034299;140 429;A01;1;33;0;2;1;2;1;
53169;202100034300;140 426;A01;2;7;0;2;3;15;1;
53170;202100034300;140 427;B01;2;7;0;2;2;1;1;
53171;202100034301;140 424;A01;2;7;0;2;1;2;1;
53172;202100034301;140 425;B01;2;7;0;2;4;15;1;
53173;202100034302;140 422;B01;1;7;0;2;1;1;1;
53174;202100034302;140 423;A01;2;7;0;2;3;9;1;
53175;202100034303;140 420;B01;3;50;0;2;8;1;3;
53176;202100034303;140 421;A01;3;7;0;9;2;26;1;
53177;202100034304;140 419;A01;1;7;0;1;3;1;1;
53178;202100034305;140 417;B01;3;32;0;2;1;0;1;
53179;202100034305;140 418;A01;3;7;0;2;3;15;1;
53180;202100034306;140 415;A01;2;7;0;2;4;4;0;
53181;202100034306;140 416;B01;2;2;0;2;1;2;1;
53182;202100034307;140 412;A01;1;33;0;2;1;2;1;
53183;202100034307;140 413;B01;1;7;0;2;5;2;1;
53184;202100034308;140 410;A01;2;33;0;2;7;17;1;
53185;202100034308;140 411;B01;2;10;0;2;8;15;1;
53186;202100034309;140 408;Z01;0;1;0;2;0;7;5;
53187;202100034309;140 409;A01;1;1;0;2;7;19;5;
53188;202100034310;140 406;A01;3;7;0;2;2;16;1;
53189;202100034310;140 407;B01;3;30;0;2;1;2;1;
53190;202100034311;140 404;A01;2;10;0;2;7;16;1;
53191;202100034311;140 405;B01;2;32;0;2;3;1;1;
53192;202100034312;140 402;A01;1;1;0;2;2;1;5;
53193;202100034312;140 403;B01;2;7;0;2;2;15;1;
53194;202100034313;140 400;Z01;1;1;0;2;1;15;5;
53195;202100034313;140 401;A01;2;1;0;2;1;1;5;
53196;202100034316;140 394;B01;3;7;0;2;3;1;1;
53197;202100034316;140 395;A01;3;30;0;2;7;19;1;
53198;202100034317;140 393;A01;2;50;15;1;2;8;3;
53199;202100034318;140 391;B01;1;10;0;2;3;15;1;
53200;202100034318;140 392;A01;1;33;0;2;4;18;1;
53201;202100034319;140 389;A01;2;7;1;2;1;1;1;
53202;202100034319;140 390;B01;2;7;0;2;2;1;1;
53203;202100034320;140 387;A01;0;7;0;9;1;1;1;
53204;202100034320;140 388;B01;3;60;0;2;0;0;5;
53205;202100034322;140 383;B01;3;7;9;2;2;1;1;
53206;202100034322;140 384;A01;3;7;0;2;3;1;1;
53207;202100034323;140 381;A01;1;7;0;0;2;15;1;
53208;202100034323;140 382;B01;1;7;0;0;0;0;1;
53209;202100034325;140 377;B01;0;7;0;2;2;1;1;
53210;202100034325;140 378;A01;0;7;0;2;3;10;1;
53211;202100034326;140 375;A01;3;7;0;2;1;26;1;
53212;202100034326;140 376;B01;3;7;0;2;6;23;1;
53213;202100034327;140 374;A01;1;10;0;1;4;4;1;
53214;202100034328;140 372;B01;1;50;0;2;7;1;3;
53215;202100034328;140 373;A01;1;7;0;9;1;26;1;
53216;202100034329;140 371;A01;1;7;1;0;2;14;1;
53217;202100034330;140 369;B01;2;7;0;0;6;23;1;
53218;202100034330;140 370;A01;2;7;0;2;2;16;1;
53219;202100034331;140 367;B01;2;7;0;2;1;2;1;
53220;202100034331;140 368;A01;2;2;0;2;4;23;1;
53221;202100034332;140 366;A01;3;7;0;0;0;0;1;
53222;202100034333;140 364;B01;3;32;0;2;2;0;0;
53223;202100034333;140 365;A01;1;7;0;2;7;1;6;
53224;202100034335;140 360;B01;1;31;0;2;3;15;1;
53225;202100034335;140 361;A01;2;15;0;2;2;15;0;
53226;202100034336;140 358;B01;2;7;1;2;2;1;1;
53227;202100034336;140 359;A01;1;10;0;2;2;15;1;
53228;202100034337;140 356;A01;1;7;0;2;7;19;1;
53229;202100034337;140 357;B01;1;15;0;2;1;1;1;
53230;202100034338;140 354;A01;2;7;0;0;3;15;1;
53231;202100034338;140 355;B01;2;7;0;2;1;17;1;
53232;202100034340;140 350;C01;2;10;0;0;6;14;1;
53233;202100034340;140 351;A01;2;33;0;2;1;17;1;
53234;202100034341;140 348;A01;1;38;0;2;3;13;1;1.0
53235;202100034341;140 349;B01;2;17;0;2;3;1;1;
53236;202100034342;140 346;B01;2;38;0;2;4;26;1;1.0
53237;202100034342;140 347;A01;2;2;0;2;1;1;1;
53238;202100034343;140 345;A01;0;2;1;0;3;1;1;
53239;202100034344;140 344;A01;1;7;4;0;3;11;1;
53240;202100034345;140 342;B01;3;7;0;2;2;15;1;
53241;202100034345;140 343;A01;3;32;0;2;3;1;1;
53242;202100034346;140 340;A01;2;1;0;0;4;23;6;
53243;202100034346;140 341;B01;2;7;0;0;1;2;1;
53244;202100034347;140 339;A01;0;7;14;0;3;2;1;
53245;202100034348;140 337;A01;1;7;0;2;3;1;1;
53246;202100034348;140 338;B01;2;7;0;2;3;1;1;
53247;202100034349;140 336;A01;3;34;2;0;0;15;1;
53248;202100034351;140 333;A01;1;33;0;0;2;1;1;
53249;202100034352;140 331;B01;1;7;0;2;1;1;1;
53250;202100034352;140 332;A01;3;13;0;2;8;15;1;
53251;202100034353;140 329;B01;1;7;0;2;7;1;1;
53252;202100034353;140 330;A01;1;7;0;2;1;1;1;
53253;202100034354;140 328;A01;2;33;0;0;1;1;1;
53254;202100034355;140 327;A01;2;7;2;0;3;1;1;
53255;202100034356;140 325;B01;2;80;0;2;7;1;3;
53256;202100034356;140 326;A01;1;7;0;9;3;1;1;
53257;202100034357;140 324;A01;2;33;13;0;0;14;1;
53258;202100034358;140 323;A01;1;33;13;0;0;1;1;
53259;202100034359;140 321;B01;1;7;0;2;3;13;1;
53260;202100034359;140 322;A01;2;7;0;2;3;1;1;
53261;202100034360;140 319;B01;3;1;0;2;4;2;5;
53262;202100034360;140 320;A01;3;7;0;2;1;2;1;
53263;202100034361;140 317;A01;1;33;0;2;2;17;1;
53264;202100034361;140 318;B01;1;7;0;2;8;15;1;
53265;202100034362;140 315;B01;2;10;0;2;2;1;1;
53266;202100034362;140 316;A01;1;50;0;2;1;1;3;
53267;202100034363;140 314;A01;1;50;12;0;0;1;3;
53268;202100034364;140 312;B01;0;7;0;2;8;0;1;
53269;202100034364;140 313;A01;3;2;0;2;1;0;1;
53270;202100034365;140 310;B01;3;7;0;2;1;1;1;
53271;202100034365;140 311;A01;3;2;0;2;1;13;0;
53272;202100034366;140 308;A01;1;7;0;2;2;17;1;
53273;202100034366;140 309;B01;2;21;0;2;3;15;1;
53274;202100034367;140 307;A01;2;7;15;0;1;0;1;
53275;202100034368;140 306;A01;2;7;2;0;8;1;1;
53276;202100034369;140 305;A01;1;33;6;0;7;1;1;
53277;202100034370;140 303;B01;1;7;0;2;1;1;1;
53278;202100034370;140 304;A01;2;10;0;2;1;13;1;
53279;202100034371;140 301;B01;1;2;0;2;3;1;1;
53280;202100034371;140 302;A01;1;7;0;2;3;13;1;
53281;202100034372;140 300;A01;2;7;0;0;0;1;1;
53282;202100034373;140 298;B01;2;14;0;2;2;19;1;
53283;202100034373;140 299;A01;1;7;0;2;8;1;1;
53284;202100034374;140 297;A01;1;33;0;0;0;21;1;
53285;202100034375;140 296;A01;1;33;0;0;7;1;1;
53286;202100034376;140 295;A01;2;33;16;0;0;1;1;
53287;202100034377;140 293;A01;1;15;0;4;5;23;1;
53288;202100034377;140 294;B01;1;39;1;2;1;26;1;
53289;202100034378;140 292;A01;2;2;13;0;0;1;1;
53290;202100034379;140 290;A01;1;7;0;2;1;13;1;
53291;202100034379;140 291;B01;2;7;0;2;1;1;1;
53292;202100034380;140 285;A01;1;7;0;2;6;15;1;
53293;202100034380;140 286;B01;1;33;0;2;1;1;1;
53294;202100034381;140 283;A01;1;15;0;9;2;1;1;
53295;202100034381;140 284;B01;1;1;0;2;8;2;6;
53296;202100034382;140 281;B01;1;15;0;0;0;1;1;
53297;202100034382;140 282;A01;1;33;0;0;8;1;1;
53298;202100034383;140 279;C01;2;17;0;2;5;20;1;
53299;202100034383;140 280;A01;2;17;1;0;2;1;1;
53300;202100034384;140 277;A01;1;7;0;2;1;13;1;
53301;202100034384;140 278;B01;3;7;0;2;6;1;1;
53302;202100034385;140 275;B01;0;2;0;2;1;9;0;
53303;202100034385;140 276;A01;0;7;0;9;3;1;1;
53304;202100034386;140 273;A01;1;7;0;2;8;2;1;
53305;202100034386;140 274;B01;1;33;0;2;2;17;1;
53306;202100034387;140 272;A01;2;7;2;0;1;11;1;
53307;202100034388;140 271;A01;2;33;0;0;0;1;1;
53308;202100034389;140 269;A01;1;7;0;2;1;5;1;
53309;202100034389;140 270;B01;2;7;0;2;1;17;1;
53310;202100034390;140 267;B01;1;30;0;2;4;9;1;
53311;202100034390;140 268;A01;1;7;0;2;0;9;1;
53312;202100034391;140 266;A01;2;10;2;0;3;1;1;
53313;202100034392;140 264;B01;1;7;0;2;2;15;3;
53314;202100034392;140 265;A01;2;34;0;2;1;1;1;
53315;202100034393;140 263;A01;3;33;0;6;1;1;1;
53316;202100034394;140 259;B01;2;33;0;2;2;17;1;
53317;202100034394;140 260;A01;2;7;0;2;3;15;1;
53318;202100034396;140 256;B01;2;33;0;2;3;13;1;
53319;202100034396;140 257;A01;2;7;0;2;6;1;1;
53320;202100034397;140 254;A01;3;7;0;2;3;26;1;
53321;202100034397;140 255;B01;3;33;0;2;2;1;1;
53322;202100034398;140 252;A01;1;7;0;2;6;15;1;
53323;202100034398;140 253;B01;1;31;0;2;1;17;1;
53324;202100034400;140 247;C01;1;7;0;2;1;1;1;
53325;202100034400;140 248;A01;1;7;0;2;4;23;1;
53326;202100034400;140 249;B01;1;10;0;2;4;2;1;
53327;202100034401;140 246;A01;2;7;14;0;1;26;1;
53328;202100034402;140 243;A01;1;7;4;2;5;1;1;
53329;202100034402;140 244;B01;1;33;4;2;1;1;1;
53330;202100034402;140 245;Z01;1;7;4;2;0;19;1;
53331;202100034403;140 240;B01;2;7;0;2;6;1;1;
53332;202100034403;140 241;A01;2;7;0;2;1;1;1;
53333;202100034403;140 242;C01;2;7;0;2;4;1;1;
53334;202100034404;140 238;A01;1;7;0;2;5;1;1;
53335;202100034404;140 239;B01;1;7;0;0;0;0;1;
53336;202100034405;140 236;A01;1;14;0;2;2;12;1;
53337;202100034405;140 237;B01;1;7;0;2;6;1;1;
53338;202100034406;140 234;A01;1;33;0;2;8;26;1;
53339;202100034406;140 235;B01;1;7;0;2;7;12;1;
53340;202100034407;140 232;B01;2;7;0;2;4;2;1;
53341;202100034407;140 233;A01;2;7;0;2;1;1;1;
53342;202100034408;140 230;A01;2;33;0;2;3;1;1;
53343;202100034408;140 231;B01;2;7;0;2;5;2;1;
53344;202100034409;140 227;A01;2;10;0;2;1;2;1;
53345;202100034409;140 228;B01;2;7;0;2;4;2;1;
53346;202100034409;140 229;C01;2;7;0;2;4;2;1;
53347;202100034410;140 224;C01;2;10;0;2;4;2;1;
53348;202100034410;140 225;A01;2;10;0;2;1;1;1;
53349;202100034410;140 226;B01;2;10;0;2;4;2;1;
53350;202100034411;140 222;B01;2;7;0;2;4;1;1;
53351;202100034411;140 223;C01;1;7;0;2;1;1;-1;
53352;202100034412;140 221;A01;2;33;0;2;8;9;1;
53353;202100034413;140 220;A01;1;7;4;0;1;0;1;
53354;202100034414;140 218;A01;1;7;0;2;1;2;1;
53355;202100034414;140 219;B01;1;7;0;2;4;2;1;
53356;202100034415;140 217;A01;1;7;14;0;1;1;1;
53357;202100034416;140 215;B01;2;7;0;2;8;11;1;
53358;202100034416;140 216;A01;2;32;0;2;2;3;1;
53359;202100034417;140 213;A01;1;10;0;2;1;2;1;
53360;202100034417;140 214;B01;2;7;0;2;4;2;1;
53361;202100034418;140 211;A01;1;33;0;2;7;3;1;
53362;202100034418;140 212;B01;1;10;0;2;8;0;1;
53363;202100034419;140 209;A01;2;17;0;2;0;2;1;
53364;202100034419;140 210;B01;2;7;0;2;0;0;1;
53365;202100034420;140 206;C01;2;7;0;2;8;1;1;
53366;202100034420;140 207;A01;2;33;0;2;4;3;1;
53367;202100034420;140 208;B01;2;33;0;2;1;3;1;
53368;202100034421;140 204;A01;2;10;0;2;6;1;1;
53369;202100034421;140 205;B01;2;32;0;2;1;2;1;