;Num_Acc;id_vehicule;num_veh;senc;catv;obs;obsm;choc;manv;motor;occutc
53370;202100034422;140 202;B01;1;33;0;2;2;3;1;
53371;202100034422;140 203;A01;2;7;0;2;6;11;1;
53372;202100034423;140 198;D01;2;10;0;2;1;0;0;
53373;202100034423;140 199;C01;2;10;0;2;4;0;1;
53374;202100034423;140 200;B01;2;10;0;2;4;0;0;
53375;202100034423;140 201;A01;2;7;0;2;4;0;1;
53376;202100034424;140 197;Z01;1;7;0;1;1;1;1;
53377;202100034425;140 196;A01;2;7;0;1;1;16;1;
53378;202100034426;140 194;A01;1;10;0;2;2;2;1;
53379;202100034426;140 195;B01;1;7;0;2;6;2;1;
53380;202100034427;140 192;A01;2;1;0;2;1;1;5;
53381;202100034427;140 193;B01;1;7;0;2;3;9;1;
53382;202100034428;140 191;A01;2;7;0;1;1;16;1;
53383;202100034429;140 190;A01;0;10;0;1;1;15;1;
53384;202100034430;140 189;A01;1;1;1;0;1;14;5;
53385;202100034431;140 187;B01;2;32;0;2;1;1;1;
53386;202100034431;140 188;A01;2;10;0;2;2;15;1;
53387;202100034432;140 185;Z01;3;10;0;2;3;1;0;
53388;202100034432;140 186;A01;3;30;0;2;2;1;1;
53389;202100034433;140 184;A01;1;1;12;0;1;21;5;
53390;202100034434;140 183;A01;2;30;1;0;8;14;1;
53391;202100034435;140 181;A01;2;30;0;2;3;5;1;
53392;202100034435;140 182;B01;1;7;0;2;3;1;1;
53393;202100034436;140 179;A01;1;2;0;2;8;1;3;
53394;202100034436;140 180;Z01;1;7;0;2;7;17;0;
53395;202100034437;140 177;A01;2;30;0;2;1;2;1;
53396;202100034437;140 178;B01;2;7;0;2;4;23;1;
53397;202100034438;140 175;A01;1;34;0;2;1;1;1;
53398;202100034438;140 176;B01;1;1;0;2;6;15;5;
53399;202100034439;140 173;A01;1;7;3;2;3;9;1;
53400;202100034439;140 174;B01;1;32;0;2;2;1;1;
53401;202100034440;140 171;B01;2;37;0;2;1;7;1;1.0
53402;202100034440;140 172;A01;1;7;0;2;7;15;3;
53403;202100034441;140 169;B01;2;1;0;2;1;1;5;
53404;202100034441;140 170;A01;1;7;0;2;2;15;1;
53405;202100034442;140 167;A01;3;7;0;2;2;9;1;
53406;202100034442;140 168;B01;3;37;0;2;3;1;0;3.0
53407;202100034443;140 166;A01;2;32;4;0;1;1;1;
53408;202100034444;140 164;B01;2;7;0;2;3;20;1;
53409;202100034444;140 165;A01;2;10;0;2;2;21;1;
53410;202100034445;140 163;A01;3;7;1;1;2;1;2;
53411;202100034446;140 161;A01;1;33;0;0;8;1;1;
53412;202100034446;140 162;Z01;1;10;0;0;0;14;1;
53413;202100034447;140 158;C01;3;10;3;0;0;2;1;
53414;202100034447;140 159;A01;3;7;0;2;2;17;1;
53415;202100034447;140 160;B01;3;7;0;2;1;2;1;
53416;202100034448;140 155;A01;3;33;0;2;1;26;1;
53417;202100034448;140 156;B01;3;7;0;2;3;23;1;
53418;202100034448;140 157;C01;3;7;0;2;0;26;2;
53419;202100034449;140 153;B01;3;32;0;2;8;9;1;
53420;202100034449;140 154;A01;-1;7;0;2;7;9;1;
53421;202100034450;140 152;A01;1;7;0;1;1;1;0;
53422;202100034451;140 150;A01;2;7;0;2;3;10;1;
53423;202100034451;140 151;B01;2;1;0;2;1;1;5;
53424;202100034452;140 147;C01;1;33;0;2;1;1;1;
53425;202100034452;140 148;B01;1;34;0;2;1;1;1;
53426;202100034452;140 149;A01;1;7;0;2;8;10;1;
53427;202100034453;140 146;A01;1;7;0;1;1;1;1;
53428;202100034454;140 144;A01;1;32;0;2;1;1;1;
53429;202100034454;140 145;B01;1;7;0;2;3;1;1;
53430;202100034455;140 142;B01;1;2;0;2;1;1;1;
53431;202100034455;140 143;A01;2;7;0;2;4;4;1;
53432;202100034456;140 138;B01;1;7;0;2;1;2;1;
53433;202100034456;140 139;A01;1;7;0;0;4;1;1;
53434;202100034457;140 137;A01;1;1;0;5;1;1;5;
53435;202100034458;140 135;A01;2;7;0;2;2;17;1;
53436;202100034458;140 136;B01;2;1;0;0;8;1;5;
53437;202100034459;140 134;A01;1;7;0;1;3;26;1;
53438;202100034460;140 132;A01;2;33;0;2;1;1;1;
53439;202100034460;140 133;B01;1;10;0;2;3;1;1;
53440;202100034461;140 130;B01;1;33;0;2;7;1;1;
53441;202100034461;140 131;A01;2;10;0;2;1;15;1;
53442;202100034462;140 129;A01;1;7;2;0;5;0;1;
53443;202100034463;140 127;B01;2;7;0;0;5;1;1;
53444;202100034463;140 128;A01;1;7;0;0;1;9;1;
53445;202100034464;140 125;A01;2;7;0;2;1;13;1;
53446;202100034464;140 126;B01;1;7;0;2;1;1;1;
53447;202100034465;140 123;B01;1;1;0;2;4;15;5;
53448;202100034465;140 124;A01;2;7;0;2;3;2;1;
53449;202100034466;140 121;A01;2;7;0;2;2;12;1;
53450;202100034466;140 122;B01;2;7;0;0;3;1;1;
53451;202100034467;140 120;A01;1;7;3;0;1;1;1;
53452;202100034468;140 114;A01;2;10;0;2;1;2;1;
53453;202100034468;140 115;D01;2;10;0;2;1;2;1;
53454;202100034468;140 116;C01;2;7;0;2;1;2;1;
53455;202100034468;140 117;B01;2;7;0;2;1;2;0;
53456;202100034469;140 112;B01;1;33;0;2;7;17;1;
53457;202100034469;140 113;A01;1;7;0;2;8;13;1;
53458;202100034470;140 110;B01;1;21;0;2;3;1;1;
53459;202100034470;140 111;A01;2;7;0;2;3;5;1;
53460;202100034471;140 107;C01;1;10;13;2;8;1;1;
53461;202100034471;140 108;A01;2;7;0;2;3;13;0;
53462;202100034471;140 109;B01;2;7;0;2;3;1;1;
53463;202100034472;140 105;A01;1;7;0;2;2;15;1;
53464;202100034472;140 106;B01;2;1;0;2;1;1;5;
53465;202100034473;140 103;A01;2;7;0;0;0;23;1;
53466;202100034473;140 104;B01;1;1;0;0;0;21;5;
53467;202100034474;140 101;B01;0;1;0;2;1;26;5;
53468;202100034474;140 102;A01;1;7;0;9;1;26;1;
53469;202100034475;140 099;A01;3;7;0;2;7;15;1;
53470;202100034475;140 100;B01;2;1;0;2;1;1;5;
53471;202100034476;140 098;A01;2;33;0;0;0;1;1;
53472;202100034477;140 096;B01;2;1;0;2;6;1;5;
53473;202100034477;140 097;A01;2;7;0;2;2;1;1;
53474;202100034478;140 095;A01;1;33;0;0;0;1;1;
53475;202100034479;140 094;A01;1;36;13;0;0;1;1;
53476;202100034480;140 093;A01;1;15;0;0;7;2;1;
53477;202100034481;140 092;A01;1;31;12;0;0;1;1;
53478;202100034484;140 087;B01;1;33;0;2;1;2;1;
53479;202100034484;140 088;A01;1;7;0;2;8;15;1;
53480;202100034485;140 085;A01;2;7;0;2;7;15;1;
53481;202100034485;140 086;B01;1;7;0;2;1;1;1;
53482;202100034486;140 083;A01;1;7;1;0;2;1;1;
53483;202100034486;140 084;B01;1;7;1;0;6;24;1;
53484;202100034487;140 081;B01;0;7;0;2;5;2;1;
53485;202100034487;140 082;A01;3;2;0;2;1;2;1;
53486;202100034488;140 079;B01;1;33;0;2;1;1;1;
53487;202100034488;140 080;A01;2;7;0;2;5;15;1;
53488;202100034489;140 078;A01;2;2;12;0;1;1;1;
53489;202100034490;140 077;A01;2;32;11;0;1;6;1;
53490;202100034491;140 075;B01;1;2;0;2;1;2;1;
53491;202100034491;140 076;A01;1;10;0;2;2;2;1;
53492;202100034492;140 074;A01;1;2;8;0;1;1;0;
53493;202100034493;140 072;A01;1;7;0;2;3;15;1;
53494;202100034493;140 073;B01;2;32;0;2;2;1;1;
53495;202100034495;140 068;A01;0;10;0;2;3;19;1;
53496;202100034495;140 069;B01;1;7;0;2;2;1;1;
53497;202100034496;140 065;A01;1;7;0;2;1;1;1;
53498;202100034496;140 066;B01;1;7;0;0;4;1;1;
53499;202100034496;140 067;C01;1;7;0;0;4;1;1;
53500;202100034497;140 064;A01;2;33;6;0;1;1;1;
53501;202100034498;140 060;A01;1;1;0;9;4;2;5;
53502;202100034498;140 061;B01;1;1;0;9;1;2;5;
53503;202100034498;140 062;C01;1;1;0;9;1;2;5;
53504;202100034498;140 063;D01;1;1;0;9;1;2;5;
53505;202100034499;140 059;A01;2;31;0;0;0;1;1;
53506;202100034501;140 055;B01;1;1;0;2;1;1;5;
53507;202100034501;140 056;A01;2;7;0;2;3;15;1;
53508;202100034502;140 053;B01;2;7;0;2;3;1;1;
53509;202100034502;140 054;A01;1;34;0;2;3;1;1;
53510;202100034503;140 052;A01;1;7;0;0;9;1;1;
53511;202100034504;140 051;A01;1;33;8;0;1;1;1;
53512;202100034505;140 049;B01;0;1;0;2;1;1;5;
53513;202100034505;140 050;A01;0;7;0;9;8;9;1;
53514;202100034506;140 048;A01;3;2;0;0;0;1;1;
53515;202100034507;140 046;A01;1;7;8;2;7;19;1;
53516;202100034507;140 047;B01;1;7;0;2;1;1;1;
53517;202100034508;140 044;B01;1;10;0;2;3;1;1;
53518;202100034508;140 045;A01;2;7;0;2;3;1;1;
53519;202100034509;140 042;A01;1;7;0;2;2;15;1;
53520;202100034509;140 043;B01;2;2;0;2;1;1;1;
53521;202100034510;140 040;B01;2;7;0;2;8;1;1;
53522;202100034510;140 041;A01;1;7;0;2;3;1;1;
53523;202100034512;140 037;B01;2;43;0;2;1;1;1;
53524;202100034512;140 038;A01;1;7;0;0;3;15;1;
53525;202100034513;140 036;A01;2;7;4;0;9;2;1;
53526;202100034514;140 033;C01;2;1;0;2;4;2;5;
53527;202100034514;140 034;B01;2;1;0;2;4;2;5;
53528;202100034514;140 035;A01;2;7;0;2;1;2;1;
53529;202100034515;140 032;A01;0;33;0;0;0;1;1;
53530;202100034516;140 030;B01;2;7;0;2;5;19;1;
53531;202100034516;140 031;A01;2;32;0;2;1;1;1;
53532;202100034518;140 027;A01;2;33;2;0;8;1;1;
53533;202100034519;140 026;A01;2;33;0;0;2;0;1;
53534;202100034520;140 025;A01;2;1;0;0;0;0;5;
53535;202100034521;140 024;A01;3;1;0;0;0;1;5;
53536;202100034522;140 022;B01;1;7;0;2;7;19;1;
53537;202100034522;140 023;A01;2;7;0;2;2;1;1;
53538;202100034523;140 020;A01;1;33;0;2;1;14;1;
53539;202100034523;140 021;B01;2;33;0;2;1;1;0;
53540;202100034524;140 018;A01;2;7;0;9;1;1;1;
53541;202100034524;140 019;B01;0;1;0;2;8;19;5;
53542;202100034525;140 016;A01;0;7;0;2;2;2;1;
53543;202100034525;140 017;B01;0;1;0;2;4;2;5;
53544;202100034526;140 015;A01;1;7;0;1;8;1;0;
53545;202100034527;140 013;B01;1;33;0;2;1;16;1;
53546;202100034527;140 014;A01;2;10;0;2;3;13;0;
53547;202100034528;140 011;B01;0;21;0;2;3;1;1;
53548;202100034528;140 012;A01;3;7;0;2;3;15;1;
53549;202100034529;140 009;B01;1;33;0;2;1;3;1;
53550;202100034529;140 010;A01;1;7;0;2;8;10;1;
53551;202100034530;140 007;A01;0;7;0;2;1;5;1;
53552;202100034530;140 008;B01;0;15;0;2;1;1;1;
53553;202100034531;140 006;A01;2;7;2;0;3;17;1;
53554;202100034532;140 005;A01;2;7;1;0;2;1;1;
53555;202100034533;140 003;A01;1;7;1;0;1;1;1;
53556;202100034534;140 002;A01;2;33;9;0;3;1;1;
53557;202100034535;140 001;A01;1;33;4;0;3;0;1;
53558;202100034536;139 998;A01;1;10;3;2;2;14;1;
53559;202100034536;139 999;B01;1;7;0;2;6;1;1;
53560;202100034536;140 000;C01;1;10;0;2;5;1;1;
53561;202100034537;139 995;A01;2;15;0;2;2;0;1;
53562;202100034537;139 996;B01;2;7;0;2;5;0;1;
53563;202100034537;139 997;C01;2;7;0;2;1;0;1;
53564;202100034538;139 993;B01;2;7;0;2;8;1;1;
53565;202100034538;139 994;A01;2;17;0;2;2;12;1;
53566;202100034539;139 992;A01;1;7;3;0;9;2;1;
53567;202100034540;139 990;A01;2;7;0;2;1;2;1;
53568;202100034540;139 991;B01;2;10;0;2;4;2;1;
53569;202100034541;139 987;A01;1;7;0;2;1;2;1;
53570;202100034541;139 988;B01;1;10;0;2;4;2;1;
53571;202100034541;139 989;C01;1;10;0;2;4;2;1;
53572;202100034542;139 984;A01;2;7;0;2;4;2;1;
53573;202100034542;139 985;B01;2;7;0;2;1;2;1;
53574;202100034542;139 986;C01;2;10;0;2;0;0;1;
53575;202100034543;139 982;B01;1;7;0;2;4;2;1;
53576;202100034543;139 983;A01;1;17;0;2;1;2;1;
53577;202100034544;139 979;A01;2;7;0;2;1;2;1;
53578;202100034544;139 980;B01;2;10;0;2;4;2;1;
53579;202100034544;139 981;C01;2;14;0;2;4;2;1;
53580;202100034545;139 977;A01;2;7;0;2;1;2;1;
53581;202100034545;139 978;B01;2;7;0;2;4;1;1;
53582;202100034546;139 975;A01;2;7;0;2;1;1;1;
53583;202100034546;139 976;B01;2;7;0;2;5;11;1;
53584;202100034547;139 973;B01;2;7;0;2;8;2;1;
53585;202100034547;139 974;A01;2;33;0;2;7;14;1;
53586;202100034548;139 967;A01;2;7;0;1;2;1;1;
53587;202100034549;139 966;A01;3;7;0;1;2;1;2;
53588;202100034550;139 965;A01;1;50;0;1;1;1;3;
53589;202100034551;139 964;A01;1;7;0;1;1;1;1;
53590;202100034552;139 962;B01;2;31;0;2;8;17;1;
53591;202100034552;139 963;A01;2;7;0;2;8;15;1;
53592;202100034553;139 960;B01;1;7;0;2;1;1;1;
53593;202100034553;139 961;A01;1;1;0;2;8;1;5;
53594;202100034555;139 956;A01;1;34;0;2;1;1;1;
53595;202100034555;139 957;B01;1;7;0;2;2;15;1;
53596;202100034556;139 954;B01;1;33;8;2;1;1;1;
53597;202100034556;139 955;A01;2;7;0;2;5;15;1;
53598;202100034557;139 951;C01;2;7;0;2;0;0;1;
53599;202100034557;139 952;B01;2;33;0;2;0;0;1;
53600;202100034557;139 953;A01;2;43;0;2;3;18;1;
53601;202100034558;139 950;A01;3;7;0;1;4;4;1;
53602;202100034559;139 948;B01;1;7;0;2;4;23;1;
53603;202100034559;139 949;A01;1;2;0;2;1;2;1;
53604;202100034560;139 945;C01;2;7;0;2;4;2;1;
53605;202100034560;139 946;B01;2;7;0;2;4;2;1;
53606;202100034560;139 947;A01;2;7;0;2;2;2;1;
53607;202100034561;139 941;A01;2;7;0;2;3;1;1;
53608;202100034561;139 942;B01;1;43;0;2;1;17;1;
53609;202100034562;139 938;A01;3;10;0;2;3;1;1;
53610;202100034562;139 939;C01;3;7;0;2;7;1;1;
53611;202100034562;139 940;B01;3;7;0;2;1;16;1;
53612;202100034564;139 934;A01;1;7;0;2;7;16;1;
53613;202100034564;139 935;B01;1;1;0;2;8;1;5;
53614;202100034566;139 932;A01;3;7;8;0;0;1;1;
53615;202100034567;139 930;B01;2;1;0;2;4;1;5;
53616;202100034567;139 931;A01;2;32;0;2;1;1;1;
53617;202100034568;139 928;B01;1;7;0;2;1;1;1;
53618;202100034568;139 929;A01;2;7;0;2;7;15;1;
53619;202100034569;139 926;B01;2;7;0;2;6;15;1;
53620;202100034569;139 927;A01;2;7;0;2;1;1;1;
53621;202100034570;139 924;B01;3;7;0;2;1;1;1;
53622;202100034570;139 925;A01;3;7;0;2;2;19;1;
53623;202100034571;139 923;A01;3;10;6;0;0;2;1;
53624;202100034572;139 921;B01;3;1;0;2;1;1;2;
53625;202100034572;139 922;A01;3;7;0;2;8;9;1;
53626;202100034573;139 920;A01;1;30;0;0;0;1;1;
53627;202100034574;139 918;A01;3;7;0;2;1;16;1;
53628;202100034574;139 919;B01;3;7;0;2;7;1;1;
53629;202100034575;139 914;C01;0;7;0;2;4;2;1;
53630;202100034575;139 915;D01;0;7;0;0;4;2;1;
53631;202100034575;139 916;A01;0;7;0;2;1;12;1;
53632;202100034575;139 917;B01;0;7;0;0;4;23;1;
53633;202100034576;139 913;A01;2;7;0;1;3;1;1;
53634;202100034577;139 911;A01;3;7;0;0;5;0;1;
53635;202100034577;139 912;B01;3;1;0;0;1;0;5;
53636;202100034578;139 909;B01;2;50;0;2;1;19;3;
53637;202100034578;139 910;A01;1;7;0;2;1;2;1;
53638;202100034579;139 906;A01;2;0;0;2;1;26;0;
53639;202100034579;139 907;B01;2;1;0;2;4;1;0;
53640;202100034579;139 908;C01;2;1;0;2;4;1;0;
53641;202100034580;139 904;B01;1;80;1;0;1;1;3;
53642;202100034580;139 905;A01;1;7;0;2;8;23;1;
53643;202100034581;139 902;B01;3;2;8;0;6;1;1;
53644;202100034581;139 903;A01;0;7;0;2;3;15;1;
53645;202100034582;139 901;A01;0;7;0;1;3;26;1;
53646;202100034583;139 899;B01;1;32;0;2;1;1;1;
53647;202100034583;139 900;A01;2;7;0;2;7;15;1;
53648;202100034585;139 896;A01;1;20;8;0;1;1;1;
53649;202100034586;139 894;A01;2;7;0;2;1;13;1;
53650;202100034586;139 895;B01;1;7;0;2;2;13;1;
53651;202100034587;139 891;B01;1;7;0;2;8;9;1;
53652;202100034587;139 892;A01;3;30;0;2;1;18;1;
53653;202100034587;139 893;C01;1;7;0;2;0;1;1;
53654;202100034588;139 889;B01;2;1;0;2;1;1;5;
53655;202100034588;139 890;A01;1;7;0;2;3;15;1;
53656;202100034589;139 887;A01;1;7;0;2;7;15;1;
53657;202100034589;139 888;B01;1;7;0;2;2;1;1;
53658;202100034592;139 879;B01;1;7;0;2;1;1;1;
53659;202100034592;139 880;C01;1;7;0;2;4;1;1;
53660;202100034592;139 881;A01;1;7;0;2;1;2;3;
53661;202100034593;139 878;A01;3;34;8;1;1;1;1;
53662;202100034594;139 876;A01;2;32;14;2;2;17;1;
53663;202100034594;139 877;B01;2;3;0;0;3;15;0;
53664;202100034595;139 874;A01;2;7;0;2;1;2;1;
53665;202100034595;139 875;B01;1;2;0;2;7;15;1;
53666;202100034596;139 872;A01;1;7;0;2;3;3;1;
53667;202100034596;139 873;B01;2;10;0;2;3;1;1;
53668;202100034597;139 871;A01;1;1;0;1;8;1;5;
53669;202100034598;139 869;B01;1;33;0;2;1;13;1;
53670;202100034598;139 870;A01;1;7;0;2;8;10;1;
53671;202100034599;139 867;A01;1;7;0;2;5;12;1;
53672;202100034599;139 868;B01;1;1;0;2;1;1;0;
53673;202100034600;139 866;A01;2;7;0;1;1;1;1;
53674;202100034602;139 862;Z01;3;7;0;0;0;11;1;
53675;202100034602;139 863;A01;3;33;12;0;3;21;1;
53676;202100034603;139 861;A01;1;30;16;0;0;1;1;
53677;202100034604;139 858;A01;2;7;0;2;1;2;1;
53678;202100034604;139 859;B01;2;10;0;2;4;2;1;
53679;202100034604;139 860;C01;2;7;0;2;4;2;1;
53680;202100034605;139 856;A01;1;32;0;2;7;3;1;
53681;202100034605;139 857;B01;1;7;0;2;8;11;1;
53682;202100034606;139 855;A01;1;33;1;1;1;1;1;
53683;202100034607;139 853;Z01;3;7;0;2;0;1;0;
53684;202100034607;139 854;A01;3;30;0;2;0;1;1;
53685;202100034608;139 851;A01;1;7;0;2;1;16;1;
53686;202100034608;139 852;B01;2;50;0;2;0;19;3;
53687;202100034609;139 850;A01;0;1;0;2;1;1;5;
53688;202100034610;139 848;B01;1;30;0;2;7;14;1;
53689;202100034610;139 849;A01;1;30;0;2;8;1;1;
53690;202100034611;139 846;A01;2;7;0;2;6;9;1;
53691;202100034611;139 847;B01;2;30;0;2;1;1;1;
53692;202100034612;139 845;A01;3;34;12;0;1;14;1;
53693;202100034614;139 842;Z01;0;30;0;2;1;1;0;
53694;202100034614;139 843;A01;2;1;0;2;2;1;5;
53695;202100034615;139 840;A01;1;30;0;2;1;2;1;
53696;202100034615;139 841;B01;1;7;0;2;4;23;1;
53697;202100034616;139 837;B01;1;7;0;2;4;2;3;
53698;202100034616;139 838;A01;1;7;0;2;1;2;1;
53699;202100034616;139 839;C01;1;7;0;2;4;23;1;
53700;202100034617;139 835;B01;1;33;0;2;8;7;1;
53701;202100034617;139 836;A01;1;7;0;2;2;16;2;
53702;202100034619;139 832;A01;2;50;0;2;8;5;3;
53703;202100034619;139 833;B01;1;7;0;2;3;1;1;
53704;202100034621;139 830;A01;2;33;0;1;3;0;1;
53705;202100034622;139 828;B01;1;7;0;2;1;1;1;
53706;202100034622;139 829;A01;1;7;0;2;3;1;6;
53707;202100034623;139 826;A01;2;7;0;2;2;1;1;
53708;202100034623;139 827;B01;1;60;0;2;7;19;5;
53709;202100034624;139 824;A01;1;7;0;2;1;9;1;
53710;202100034624;139 825;B01;1;31;0;2;1;0;1;
53711;202100034625;139 822;B01;0;50;0;0;8;0;3;
53712;202100034625;139 823;A01;1;7;0;2;1;1;1;
53713;202100034626;139 820;A01;1;7;0;0;0;0;0;
53714;202100034626;139 821;B01;3;1;0;2;1;1;0;
53715;202100034627;139 818;B01;2;1;0;2;1;1;0;
53716;202100034627;139 819;A01;1;7;0;9;7;15;1;
53717;202100034628;139 815;C01;3;7;0;2;6;1;1;
53718;202100034628;139 816;B01;3;7;0;2;2;1;1;
53719;202100034628;139 817;A01;0;33;0;2;3;3;1;
53720;202100034630;139 812;A01;3;32;0;2;3;15;1;
53721;202100034630;139 813;B01;0;3;0;0;0;0;0;
53722;202100034631;139 811;A01;2;7;0;1;1;1;2;
53723;202100034632;139 810;A01;3;33;0;1;3;1;1;
53724;202100034633;139 809;A01;1;7;2;0;1;14;1;
53725;202100034634;139 808;A01;1;33;15;9;1;14;1;
53726;202100034635;139 807;A01;1;7;2;0;2;0;1;
53727;202100034636;139 805;A01;1;7;0;9;1;2;1;
53728;202100034636;139 806;B01;1;1;0;0;4;2;5;
53729;202100034637;139 803;B01;2;7;0;2;3;1;1;
53730;202100034637;139 804;A01;1;7;0;2;1;13;1;
53731;202100034638;139 801;B01;2;1;0;2;1;1;5;
53732;202100034638;139 802;A01;1;7;0;2;2;15;1;
53733;202100034640;139 798;A01;1;7;2;0;1;0;1;
53734;202100034641;139 797;A01;1;7;0;0;9;0;1;
53735;202100034642;139 796;A01;1;7;8;0;2;1;1;
53736;202100034643;139 794;B01;2;2;0;0;4;2;1;
53737;202100034643;139 795;A01;2;7;0;2;1;2;2;
53738;202100034645;139 790;A01;2;10;0;2;2;12;1;
53739;202100034645;139 791;B01;2;7;0;2;4;1;1;
53740;202100034646;139 789;A01;0;2;3;0;1;1;1;
53741;202100034647;139 788;A01;1;7;0;1;7;1;1;
53742;202100034648;139 786;B01;2;7;0;9;2;1;1;
53743;202100034648;139 787;A01;0;50;0;2;2;15;3;
53744;202100034649;139 784;B01;1;1;0;2;0;1;5;
53745;202100034649;139 785;A01;2;7;0;2;1;1;1;
53746;202100034650;139 783;A01;1;7;8;0;1;14;1;
53747;202100034651;139 782;A01;3;33;0;0;0;0;0;
53748;202100034652;139 781;A01;3;2;0;0;8;1;1;
53749;202100034653;139 780;A01;3;50;0;0;0;1;3;
53750;202100034654;139 776;A01;3;7;0;0;0;1;1;
53751;202100034654;139 777;B01;3;1;0;2;0;1;6;
53752;202100034656;139 772;A01;3;1;0;2;1;9;5;
53753;202100034656;139 773;B01;2;7;0;2;7;1;1;
53754;202100034657;139 771;A01;1;33;0;0;1;1;1;
53755;202100034658;139 769;A01;1;7;13;2;1;15;1;
53756;202100034658;139 770;B01;2;7;0;2;1;1;1;
53757;202100034660;139 765;B01;2;13;0;2;3;1;1;
53758;202100034660;139 766;A01;1;7;0;2;3;13;1;
53759;202100034661;139 764;A01;1;33;8;0;1;1;1;
53760;202100034662;139 763;A01;2;7;2;0;0;13;1;
53761;202100034663;139 761;B01;3;7;0;2;3;1;1;
53762;202100034663;139 762;A01;3;1;0;2;1;13;5;
53763;202100034664;139 760;A01;3;60;0;0;0;1;5;
53764;202100034665;139 759;A01;2;1;0;0;1;1;5;
53765;202100034666;139 757;A01;0;7;0;2;3;13;1;
53766;202100034666;139 758;B01;0;7;0;2;3;1;1;
53767;202100034667;139 755;A01;1;7;0;2;1;5;1;
53768;202100034667;139 756;B01;2;1;0;2;1;1;5;
53769;202100034669;139 753;A01;1;1;0;5;1;1;5;
53770;202100034670;139 751;B01;1;7;0;2;1;1;1;
53771;202100034670;139 752;A01;2;7;0;2;1;5;1;
53772;202100034671;139 750;A01;3;7;0;1;4;26;0;
53773;202100034673;139 748;A01;1;7;2;0;1;1;1;
53774;202100034674;139 745;B01;3;7;0;9;6;23;1;
53775;202100034674;139 746;A01;3;10;0;2;2;1;1;
53776;202100034674;139 747;C01;3;50;0;0;8;19;3;
53777;202100034675;139 744;A01;1;2;9;0;1;1;1;
53778;202100034676;139 743;A01;2;33;0;0;2;1;1;
53779;202100034677;139 741;B01;1;10;0;2;2;17;1;
53780;202100034677;139 742;A01;1;1;0;2;8;0;5;
53781;202100034678;139 739;A01;1;7;0;2;5;17;1;
53782;202100034678;139 740;B01;1;1;0;2;3;1;6;
53783;202100034679;139 737;A01;0;7;12;2;1;5;1;
53784;202100034679;139 738;B01;0;7;12;2;1;1;1;
53785;202100034680;139 736;A01;1;31;0;0;8;1;1;
53786;202100034681;139 734;B01;0;36;0;2;2;1;1;
53787;202100034681;139 735;A01;0;31;0;2;1;1;1;
53788;202100034682;139 732;B01;3;7;0;2;9;0;1;
53789;202100034682;139 733;A01;3;7;7;2;2;9;1;
53790;202100034683;139 730;A01;0;7;0;2;1;26;1;
53791;202100034683;139 731;B01;3;7;0;2;2;1;1;
53792;202100034684;139 728;B01;0;30;0;2;4;2;1;
53793;202100034684;139 729;A01;0;7;0;2;1;2;0;
53794;202100034685;139 726;B01;2;2;0;2;4;15;1;
53795;202100034685;139 727;A01;2;10;0;2;2;17;1;
53796;202100034686;139 724;A01;3;10;0;2;3;1;1;
53797;202100034686;139 725;B01;3;30;0;2;1;1;1;
53798;202100034687;139 723;A01;1;17;13;0;3;1;1;
53799;202100034690;139 718;A01;2;15;0;1;2;1;1;
53800;202100034691;139 716;B01;2;7;0;9;3;9;1;
53801;202100034691;139 717;A01;3;1;0;2;1;1;5;
53802;202100034692;139 714;B01;1;10;0;0;4;2;1;
53803;202100034692;139 715;A01;1;7;4;2;1;2;1;
53804;202100034694;139 711;B01;1;2;0;2;8;15;1;
53805;202100034694;139 712;A01;1;7;0;2;2;1;1;
53806;202100034695;139 708;B01;2;15;1;0;2;1;1;
53807;202100034695;139 709;C01;2;7;0;2;1;1;1;
53808;202100034695;139 710;A01;2;10;0;0;4;23;1;
53809;202100034696;139 706;A01;1;7;0;2;6;1;1;
53810;202100034696;139 707;B01;2;7;0;2;3;16;1;
53811;202100034698;139 702;A01;3;7;0;0;2;15;1;
53812;202100034698;139 703;B01;3;33;0;0;3;1;1;
53813;202100034699;139 700;A01;1;38;0;2;3;1;1;1.0
53814;202100034699;139 701;B01;2;14;0;2;3;1;1;
53815;202100034700;139 699;A01;2;7;10;0;2;14;1;
53816;202100034701;139 697;B01;1;33;0;2;2;5;1;
53817;202100034701;139 698;A01;2;15;0;2;1;1;1;
53818;202100034702;139 695;B01;2;1;0;0;7;1;5;
53819;202100034702;139 696;A01;0;7;0;2;1;9;1;
53820;202100034703;139 693;A01;2;7;0;2;7;1;1;
53821;202100034703;139 694;B01;2;1;0;2;8;1;5;
53822;202100034704;139 692;A01;2;7;13;0;9;1;1;
53823;202100034705;139 690;B01;1;10;0;2;3;15;1;
53824;202100034705;139 691;A01;1;33;0;2;1;17;1;
53825;202100034706;139 688;B01;3;2;0;2;1;13;1;
53826;202100034706;139 689;A01;3;10;0;2;1;1;1;
53827;202100034707;139 686;A01;1;7;0;2;1;1;1;
53828;202100034707;139 687;B01;2;7;0;2;1;1;1;
53829;202100034708;139 684;B01;0;7;0;2;7;1;1;
53830;202100034708;139 685;A01;0;7;0;2;1;19;1;
53831;202100034709;139 683;A01;2;33;14;0;1;0;1;