;Num_Acc;id_vehicule;num_veh;senc;catv;obs;obsm;choc;manv;motor;occutc
53832;202100034710;139 680;A01;1;7;0;2;4;2;1;
53833;202100034710;139 681;B01;1;7;0;2;1;2;1;
53834;202100034710;139 682;C01;1;7;0;2;1;2;1;
53835;202100034711;139 678;B01;1;43;0;2;1;1;1;
53836;202100034711;139 679;A01;1;7;0;2;5;2;1;
53837;202100034712;139 676;A01;1;7;0;2;4;2;1;
53838;202100034712;139 677;B01;1;7;0;2;1;2;1;
53839;202100034713;139 674;A01;1;34;0;2;4;1;1;
53840;202100034713;139 675;B01;1;7;0;2;1;1;1;
53841;202100034714;139 672;B01;1;7;0;2;5;1;1;
53842;202100034714;139 673;A01;1;43;0;2;3;3;1;
53843;202100034715;139 668;T01;2;7;0;0;0;2;1;
53844;202100034715;139 669;C01;1;7;0;9;1;1;1;
53845;202100034715;139 670;A01;2;7;0;2;1;18;1;
53846;202100034715;139 671;B01;2;7;0;2;5;12;1;
53847;202100034716;139 666;A01;1;7;4;2;2;14;1;
53848;202100034716;139 667;B01;2;7;0;9;1;1;1;
53849;202100034717;139 662;A01;1;7;0;2;1;2;1;
53850;202100034717;139 663;B01;1;7;0;2;4;2;1;
53851;202100034717;139 664;C01;1;7;0;2;4;2;1;
53852;202100034717;139 665;D01;1;7;0;2;4;2;1;
53853;202100034718;139 660;B01;2;7;0;2;3;11;1;
53854;202100034718;139 661;A01;2;43;0;2;1;3;1;
53855;202100034719;139 658;A01;2;7;0;2;2;1;1;
53856;202100034719;139 659;B01;2;7;0;2;6;1;1;
53857;202100034720;139 655;A01;1;33;0;2;1;3;1;
53858;202100034720;139 656;B01;1;7;0;2;6;1;1;
53859;202100034720;139 657;C01;1;7;0;2;5;1;1;
53860;202100034721;139 652;A01;1;7;0;2;1;11;1;
53861;202100034721;139 653;B01;1;7;0;2;1;2;1;
53862;202100034721;139 654;C01;1;7;0;2;4;2;1;
53863;202100034722;139 650;B01;2;7;0;2;0;26;1;
53864;202100034722;139 651;A01;2;7;0;2;0;26;1;
53865;202100034723;139 647;C01;1;7;0;2;0;0;1;
53866;202100034723;139 648;A01;1;7;0;2;1;26;1;
53867;202100034723;139 649;B01;1;7;0;2;4;26;1;
53868;202100034724;139 646;A01;1;7;4;0;9;0;1;
53869;202100034725;139 643;A01;2;7;0;2;1;1;1;
53870;202100034725;139 644;B01;1;7;0;2;4;2;1;
53871;202100034725;139 645;C01;1;7;0;2;4;2;1;
53872;202100034726;139 640;A01;2;7;0;2;1;1;1;
53873;202100034726;139 641;B01;2;7;0;2;4;2;1;
53874;202100034726;139 642;C01;2;7;0;2;4;2;1;
53875;202100034727;139 639;A01;2;7;4;0;9;14;1;
53876;202100034728;139 637;A01;2;7;0;2;1;2;2;
53877;202100034728;139 638;B01;2;33;0;2;4;2;1;
53878;202100034729;139 634;C01;2;34;0;2;1;1;1;
53879;202100034729;139 635;B01;2;7;0;2;6;1;2;
53880;202100034729;139 636;A01;2;15;0;2;5;12;1;
53881;202100034730;139 633;A01;2;7;4;0;3;13;1;
53882;202100034732;139 630;B01;1;10;0;2;4;11;1;
53883;202100034732;139 631;A01;1;33;0;2;1;9;1;
53884;202100034733;139 628;B01;1;7;0;9;7;1;1;
53885;202100034733;139 629;A01;1;2;0;9;1;1;1;
53886;202100034734;139 626;Z01;2;7;0;2;0;16;1;
53887;202100034734;139 627;A01;2;1;0;2;0;0;5;
53888;202100034735;139 623;A01;2;7;9;2;1;1;1;
53889;202100034735;139 624;C01;2;1;0;2;8;1;0;
53890;202100034735;139 625;B01;2;32;0;2;8;1;1;
53891;202100034736;139 621;B01;2;7;0;2;1;1;1;
53892;202100034736;139 622;A01;1;80;0;2;8;1;3;
53893;202100034737;139 620;A01;1;30;0;0;0;1;1;
53894;202100034738;139 618;A01;3;30;0;2;1;17;1;
53895;202100034738;139 619;B01;0;7;0;2;8;15;1;
53896;202100034740;139 615;A01;1;33;0;0;7;14;1;
53897;202100034741;139 613;A01;1;7;0;1;1;1;1;
53898;202100034742;139 611;A01;2;7;0;2;3;2;1;
53899;202100034742;139 612;B01;2;7;1;2;4;2;1;
53900;202100034743;139 609;A01;1;30;0;2;1;15;1;
53901;202100034743;139 610;X01;1;7;0;2;0;0;0;
53902;202100034744;139 607;B01;0;32;0;2;2;1;1;
53903;202100034744;139 608;A01;1;7;0;2;3;9;0;
53904;202100034745;139 605;B01;2;33;0;2;4;1;1;
53905;202100034745;139 606;A01;1;7;0;2;3;9;1;
53906;202100034746;139 601;A01;2;30;0;1;1;1;1;
53907;202100034748;139 598;B01;2;1;0;2;1;1;0;
53908;202100034748;139 599;A01;1;10;0;2;8;15;1;
53909;202100034749;139 597;A01;2;2;12;0;0;1;1;
53910;202100034750;139 593;A01;2;7;0;2;1;2;1;
53911;202100034750;139 594;B01;2;7;0;2;4;2;1;
53912;202100034750;139 595;C01;2;7;0;2;4;2;1;
53913;202100034750;139 596;D01;2;7;14;0;4;2;1;
53914;202100034752;139 591;A01;1;7;0;1;1;26;2;
53915;202100034754;139 588;A01;2;7;0;2;8;10;-1;
53916;202100034754;139 589;B01;1;7;0;2;1;1;-1;
53917;202100034755;139 587;A01;2;33;0;0;0;1;1;
53918;202100034756;139 585;A01;2;30;0;2;7;19;1;
53919;202100034756;139 586;B01;2;7;0;2;8;1;1;
53920;202100034758;139 582;A01;1;7;1;0;2;2;1;
53921;202100034759;139 580;A01;2;7;0;2;3;10;1;
53922;202100034759;139 581;B01;2;33;0;2;2;2;1;
53923;202100034762;139 575;B01;2;7;0;0;0;0;1;
53924;202100034762;139 576;A01;1;34;0;2;3;17;1;
53925;202100034764;139 571;B01;1;7;0;2;8;0;1;
53926;202100034764;139 572;A01;2;7;0;2;1;13;1;
53927;202100034765;139 570;A01;1;31;1;0;1;1;1;
53928;202100034766;139 568;B01;3;7;0;2;1;1;1;
53929;202100034766;139 569;A01;0;1;0;2;5;1;5;
53930;202100034767;139 567;A01;3;7;0;1;3;1;1;
53931;202100034768;139 566;A01;1;33;8;0;1;14;1;
53932;202100034769;139 564;A01;2;33;0;2;1;1;0;
53933;202100034769;139 565;B01;1;7;0;2;8;15;1;
53934;202100034770;139 563;A01;2;7;0;1;3;9;1;
53935;202100034771;139 561;B01;2;7;0;2;3;2;1;
53936;202100034771;139 562;A01;2;32;0;2;2;17;1;
53937;202100034772;139 560;A01;1;7;1;0;3;13;1;
53938;202100034773;139 558;B01;1;7;0;2;4;2;1;
53939;202100034773;139 559;A01;1;7;0;2;1;2;1;
53940;202100034774;139 554;B01;2;7;0;2;2;13;2;
53941;202100034774;139 555;A01;1;7;0;2;1;9;1;
53942;202100034774;139 556;C01;3;7;1;0;6;0;1;
53943;202100034774;139 557;D01;3;7;1;0;0;0;1;
53944;202100034775;139 552;A01;2;7;0;2;1;9;1;
53945;202100034775;139 553;B01;1;33;0;2;2;26;1;
53946;202100034776;139 550;A01;1;33;0;2;3;2;1;
53947;202100034776;139 551;B01;1;7;0;2;5;2;1;
53948;202100034777;139 548;B01;1;7;0;2;3;11;1;
53949;202100034777;139 549;A01;1;33;0;2;2;3;1;
53950;202100034778;139 547;A01;1;7;0;1;3;1;2;
53951;202100034779;139 544;C01;1;7;0;2;8;7;1;
53952;202100034779;139 545;B01;1;7;0;2;5;1;2;
53953;202100034779;139 546;A01;1;33;0;2;3;18;1;
53954;202100034780;139 543;A01;1;30;0;1;1;5;1;
53955;202100034782;139 539;A01;1;34;0;2;2;17;1;
53956;202100034782;139 540;B01;1;7;0;2;3;15;1;
53957;202100034783;139 537;B01;1;7;0;2;3;1;1;
53958;202100034783;139 538;A01;1;1;0;2;7;15;5;
53959;202100034784;139 536;A01;1;50;1;0;0;14;3;
53960;202100034785;139 534;A01;1;32;0;2;4;2;1;
53961;202100034785;139 535;Z01;1;7;0;2;1;2;0;
53962;202100034786;139 532;A01;2;1;0;2;1;1;5;
53963;202100034786;139 533;B01;1;34;0;2;3;1;1;
53964;202100034788;139 530;A01;3;32;0;1;4;25;1;
53965;202100034789;139 528;B01;2;1;0;2;1;1;5;
53966;202100034789;139 529;A01;1;50;0;2;1;5;3;
53967;202100034790;139 526;A01;2;50;0;2;2;5;3;
53968;202100034790;139 527;B01;1;33;0;2;2;1;1;
53969;202100034791;139 524;A01;0;1;0;2;1;1;5;
53970;202100034791;139 525;B01;0;10;0;2;7;1;1;
53971;202100034792;139 522;A01;2;1;0;2;1;1;5;
53972;202100034792;139 523;B01;1;7;0;2;6;15;1;
53973;202100034793;139 521;A01;2;10;0;1;1;15;1;
53974;202100034794;139 520;A01;2;7;0;1;8;15;1;
53975;202100034795;139 516;B01;1;7;0;0;3;0;1;
53976;202100034795;139 517;A01;2;7;1;2;2;0;1;
53977;202100034795;139 518;C01;1;7;0;0;3;0;1;
53978;202100034795;139 519;KD01;1;7;0;0;0;0;1;
53979;202100034796;139 515;A01;1;10;0;2;3;15;1;
53980;202100034797;139 513;A01;1;7;0;9;3;19;1;
53981;202100034797;139 514;B01;1;50;0;2;1;1;3;
53982;202100034798;139 511;B01;1;50;0;2;3;1;3;
53983;202100034798;139 512;A01;1;7;0;2;6;1;1;
53984;202100034799;139 509;A01;0;7;0;2;3;1;0;
53985;202100034799;139 510;B01;1;33;0;2;1;2;0;
53986;202100034800;139 507;B01;1;60;0;2;1;1;5;
53987;202100034800;139 508;A01;2;10;0;2;1;16;1;
53988;202100034801;139 506;A01;2;30;0;2;1;17;1;
53989;202100034803;139 501;A01;2;7;0;0;0;0;1;
53990;202100034803;139 502;B01;0;7;0;0;0;0;1;
53991;202100034804;139 498;B01;1;1;0;2;2;5;5;
53992;202100034804;139 499;A01;2;2;0;9;1;18;1;
53993;202100034805;139 496;A01;-1;7;0;2;2;9;0;
53994;202100034805;139 497;B01;-1;99;0;2;1;3;0;
53995;202100034806;139 494;A01;1;7;0;2;3;15;1;
53996;202100034806;139 495;Z01;1;7;0;2;1;0;1;
53997;202100034807;139 492;B01;1;1;0;2;1;1;5;
53998;202100034807;139 493;A01;1;7;0;2;4;23;1;
53999;202100034808;139 490;B01;2;2;0;2;1;1;1;
54000;202100034808;139 491;A01;2;7;0;2;8;10;1;
54001;202100034809;139 489;A01;2;34;0;1;1;5;1;
54002;202100034811;139 486;A01;0;7;0;2;3;15;2;
54003;202100034811;139 487;B01;2;37;0;2;2;1;1;1.0
54004;202100034812;139 484;B01;2;7;0;2;3;15;1;
54005;202100034812;139 485;A01;1;2;0;2;1;1;1;
54006;202100034813;139 482;A01;3;43;0;2;1;1;1;
54007;202100034813;139 483;B01;3;3;0;2;4;0;1;
54008;202100034815;139 480;A01;1;60;0;1;1;1;5;
54009;202100034816;139 478;A01;2;7;0;2;2;11;1;
54010;202100034816;139 479;B01;2;7;0;2;2;1;1;
54011;202100034817;139 477;A01;3;7;13;0;1;1;1;
54012;202100034818;139 475;A01;2;2;0;2;1;19;1;
54013;202100034818;139 476;B01;1;7;0;2;8;19;1;
54014;202100034819;139 473;B01;1;7;0;2;3;1;1;
54015;202100034819;139 474;A01;2;7;0;2;6;26;1;
54016;202100034820;139 472;A01;1;33;0;0;0;9;1;
54017;202100034821;139 471;A01;3;36;0;0;0;0;1;
54018;202100034822;139 469;B01;1;7;0;2;6;2;1;
54019;202100034822;139 470;A01;1;33;0;2;1;2;1;
54020;202100034823;139 467;A01;1;7;0;2;3;15;1;
54021;202100034823;139 468;B01;2;7;0;2;1;1;1;
54022;202100034824;139 466;A01;1;7;13;0;2;14;1;
54023;202100034825;139 463;A01;2;33;0;2;1;1;1;
54024;202100034825;139 464;B01;2;33;0;2;1;1;1;
54025;202100034825;139 465;C01;1;7;0;2;1;17;1;
54026;202100034826;139 461;A01;2;10;0;2;7;17;1;
54027;202100034826;139 462;B01;2;21;0;2;3;15;1;
54028;202100034827;139 457;B01;1;7;0;2;3;1;1;
54029;202100034827;139 458;A01;1;33;0;2;0;17;1;
54030;202100034828;139 456;A01;2;33;0;0;0;1;1;
54031;202100034829;139 455;A01;3;7;2;0;8;1;1;
54032;202100034830;139 454;A01;1;7;2;0;1;13;1;
54033;202100034831;139 450;D01;1;7;0;0;0;1;1;
54034;202100034831;139 451;A01;1;33;0;2;3;1;1;
54035;202100034831;139 452;B01;2;7;0;2;1;1;1;
54036;202100034831;139 453;C01;1;7;0;2;3;1;2;
54037;202100034832;139 448;B01;2;33;0;2;5;2;1;
54038;202100034832;139 449;A01;2;33;0;2;1;2;1;
54039;202100034833;139 446;A01;1;33;0;2;1;1;1;
54040;202100034833;139 447;B01;2;7;0;2;1;1;1;
54041;202100034834;139 444;A01;1;7;0;2;2;15;1;
54042;202100034834;139 445;B01;2;33;0;2;1;1;1;
54043;202100034835;139 443;A01;2;2;0;0;0;1;1;
54044;202100034836;139 441;A01;1;10;0;2;2;1;1;
54045;202100034836;139 442;B01;1;30;0;2;4;1;1;
54046;202100034837;139 440;A01;1;7;7;0;9;1;1;
54047;202100034838;139 438;B01;2;31;0;2;1;1;1;
54048;202100034838;139 439;A01;2;50;0;2;8;15;3;
54049;202100034839;139 435;C01;1;33;0;0;4;0;1;
54050;202100034839;139 436;B01;1;33;0;0;4;0;1;
54051;202100034839;139 437;A01;1;33;0;2;1;0;1;
54052;202100034840;139 433;B01;3;33;0;2;1;1;1;
54053;202100034840;139 434;A01;3;7;0;2;8;1;1;
54054;202100034841;139 432;A01;2;33;5;0;1;1;1;
54055;202100034842;139 430;B01;1;2;13;0;4;15;1;
54056;202100034842;139 431;A01;1;7;0;2;1;17;1;
54057;202100034843;139 428;B01;1;7;0;2;5;2;1;
54058;202100034843;139 429;A01;1;33;0;2;1;2;1;
54059;202100034844;139 427;A01;1;33;5;0;1;13;1;
54060;202100034845;139 423;A01;2;33;0;2;1;17;1;
54061;202100034845;139 424;B01;2;7;0;2;6;15;1;
54062;202100034846;139 422;A01;2;33;3;0;7;1;1;
54063;202100034847;139 421;A01;2;7;13;0;1;1;1;
54064;202100034848;139 419;B01;0;33;0;2;1;1;6;
54065;202100034848;139 420;A01;3;7;0;2;7;15;6;
54066;202100034849;139 418;A01;1;7;2;0;3;1;1;
54067;202100034850;139 416;A01;2;33;0;2;1;1;1;
54068;202100034850;139 417;B01;2;7;0;2;4;15;1;
54069;202100034851;139 414;A01;1;33;0;0;8;0;1;
54070;202100034852;139 412;A01;3;7;0;0;1;1;1;
54071;202100034853;139 411;A01;2;3;16;0;1;1;1;
54072;202100034854;139 409;A01;1;7;0;2;1;0;1;
54073;202100034854;139 410;B01;2;7;0;2;1;0;1;
54074;202100034855;139 407;B01;1;7;0;2;3;1;1;
54075;202100034855;139 408;A01;2;7;0;2;3;13;1;
54076;202100034856;139 402;A01;0;7;0;9;8;15;1;
54077;202100034856;139 403;B01;3;1;0;2;1;17;5;
54078;202100034856;139 404;C01;3;1;0;2;1;17;5;
54079;202100034856;139 405;D01;3;1;0;2;1;17;5;
54080;202100034856;139 406;E01;3;1;0;2;1;17;5;
54081;202100034857;139 401;A01;1;7;2;0;7;1;1;
54082;202100034858;139 399;A01;3;2;0;2;8;13;1;
54083;202100034858;139 400;B01;3;7;0;2;3;1;1;
54084;202100034859;139 398;A01;1;7;0;0;1;13;1;
54085;202100034860;139 397;A01;2;33;0;0;0;1;1;
54086;202100034861;139 395;B01;1;1;0;2;8;1;5;
54087;202100034861;139 396;A01;2;7;0;2;3;15;1;
54088;202100034862;139 393;B01;3;7;0;2;1;1;1;
54089;202100034862;139 394;A01;3;7;0;2;8;19;1;
54090;202100034863;139 392;A01;1;7;13;0;1;0;1;
54091;202100034864;139 391;A01;1;7;6;0;1;13;1;
54092;202100034865;139 389;B01;3;60;0;2;3;0;5;
54093;202100034865;139 390;A01;1;7;0;9;2;1;1;
54094;202100034866;139 387;A01;1;10;0;2;1;13;1;
54095;202100034866;139 388;B01;2;7;0;2;1;0;1;
54096;202100034867;139 386;A01;2;33;13;0;1;1;1;
54097;202100034868;139 385;A01;1;33;0;0;1;2;1;
54098;202100034869;139 384;A01;1;7;16;0;2;26;1;
54099;202100034870;139 383;A01;3;33;2;0;1;14;1;
54100;202100034871;139 381;B01;2;33;0;2;1;2;1;
54101;202100034871;139 382;A01;2;7;0;0;4;23;1;
54102;202100034872;139 380;A01;2;7;4;0;8;19;1;
54103;202100034873;139 379;A01;1;7;13;0;2;0;1;
54104;202100034874;139 378;A01;2;7;13;0;9;14;1;
54105;202100034875;139 376;B01;3;33;0;2;1;13;1;
54106;202100034875;139 377;A01;3;7;0;2;7;9;1;
54107;202100034877;139 372;B01;1;7;0;2;1;2;1;
54108;202100034877;139 373;A01;2;7;0;2;1;13;0;
54109;202100034878;139 371;A01;3;7;8;0;2;1;1;
54110;202100034879;139 369;A01;0;7;0;2;1;1;1;
54111;202100034879;139 370;B01;0;30;0;2;1;1;1;
54112;202100034880;139 368;A01;2;10;0;1;1;1;1;
54113;202100034881;139 366;A01;0;7;0;2;3;20;1;
54114;202100034881;139 367;B01;0;2;0;2;0;26;0;
54115;202100034882;139 365;A01;1;7;0;1;3;1;1;
54116;202100034883;139 364;A01;1;33;6;0;1;26;1;
54117;202100034884;139 363;A01;1;33;5;0;1;14;1;
54118;202100034885;139 358;B01;3;2;0;2;7;1;1;
54119;202100034885;139 359;A01;3;7;0;2;8;15;1;
54120;202100034886;139 356;B01;2;7;0;2;3;1;1;
54121;202100034886;139 357;A01;1;7;0;0;8;1;1;
54122;202100034887;139 355;A01;1;2;3;0;0;1;1;
54123;202100034888;139 353;A01;2;7;0;2;3;15;1;
54124;202100034888;139 354;B01;2;33;0;2;2;17;1;
54125;202100034889;139 352;A01;2;33;0;0;8;1;1;
54126;202100034890;139 351;A01;1;1;0;0;1;1;5;
54127;202100034891;139 349;A01;2;33;0;2;1;13;1;
54128;202100034891;139 350;B01;1;33;0;0;1;1;1;
54129;202100034892;139 348;A01;3;7;0;1;3;1;1;
54130;202100034893;139 344;A01;3;2;0;2;3;1;1;
54131;202100034893;139 345;B01;3;21;0;2;3;1;1;
54132;202100034894;139 342;B01;0;7;0;2;3;1;1;
54133;202100034894;139 343;A01;0;7;0;2;3;1;1;
54134;202100034895;139 339;A01;2;33;0;2;3;1;1;
54135;202100034895;139 340;B01;2;7;0;0;4;23;1;
54136;202100034895;139 341;C01;1;33;0;2;1;5;1;
54137;202100034897;139 336;A01;3;31;8;0;8;17;1;
54138;202100034898;139 334;B01;1;7;0;2;1;1;1;
54139;202100034898;139 335;A01;2;7;0;2;1;13;1;
54140;202100034899;139 332;B01;2;7;0;2;4;2;1;
54141;202100034899;139 333;A01;2;7;0;2;1;2;1;
54142;202100034900;139 329;C01;2;33;0;2;1;1;1;
54143;202100034900;139 330;A01;1;7;0;2;1;13;1;
54144;202100034900;139 331;B01;2;7;0;2;8;1;1;
54145;202100034901;139 328;A01;0;7;13;0;0;0;1;
54146;202100034902;139 326;B01;0;0;0;2;5;15;1;
54147;202100034902;139 327;A01;3;2;1;2;3;1;1;
54148;202100034903;139 325;A01;0;2;0;0;0;0;1;
54149;202100034904;139 322;A01;2;7;4;2;4;11;1;
54150;202100034904;139 323;C01;2;7;0;2;1;2;1;
54151;202100034904;139 324;B01;2;7;4;2;4;2;1;
54152;202100034905;139 319;A01;2;7;0;2;4;2;1;
54153;202100034905;139 320;B01;2;7;0;2;4;2;1;
54154;202100034905;139 321;C01;2;7;0;2;1;2;1;
54155;202100034906;139 317;B01;2;7;0;2;1;1;1;
54156;202100034906;139 318;A01;2;7;0;2;1;11;1;
54157;202100034907;139 314;A01;2;33;0;2;1;3;1;
54158;202100034907;139 315;B01;2;7;0;2;3;2;1;
54159;202100034907;139 316;C01;2;7;0;2;5;1;1;
54160;202100034908;139 311;A01;1;10;0;2;3;9;1;
54161;202100034908;139 312;C01;1;7;0;2;1;1;1;
54162;202100034908;139 313;B01;1;10;0;2;2;1;1;
54163;202100034909;139 310;A01;1;7;4;0;1;14;1;
54164;202100034910;139 307;A01;1;10;0;2;1;9;1;
54165;202100034910;139 308;B01;1;7;0;2;4;1;1;
54166;202100034910;139 309;C01;1;7;0;2;4;1;1;
54167;202100034911;139 305;B01;1;33;0;2;0;26;1;
54168;202100034911;139 306;Z01;1;10;0;2;0;0;0;
54169;202100034913;139 301;A01;1;15;0;2;7;14;1;
54170;202100034913;139 302;B01;1;7;0;2;8;1;1;
54171;202100034914;139 298;A01;2;7;0;2;1;2;1;
54172;202100034914;139 299;B01;2;7;0;2;4;1;1;
54173;202100034914;139 300;C01;2;7;0;2;1;2;1;
54174;202100034915;139 296;A01;2;33;0;2;8;3;1;
54175;202100034915;139 297;B01;2;7;0;2;5;1;1;
54176;202100034916;139 294;B01;1;17;0;2;4;2;1;
54177;202100034916;139 295;A01;1;7;0;2;1;2;1;
54178;202100034917;139 292;B01;1;10;8;2;3;1;0;
54179;202100034917;139 293;A01;2;7;0;2;1;19;0;
54180;202100034918;139 291;A01;2;7;0;1;3;1;1;
54181;202100034919;139 290;A01;3;7;1;0;5;24;1;
54182;202100034920;139 287;C01;2;7;0;2;2;1;1;
54183;202100034920;139 288;A01;2;10;0;2;2;15;1;
54184;202100034920;139 289;B01;1;33;0;2;1;1;1;
54185;202100034921;139 285;B01;2;7;0;2;1;1;1;
54186;202100034921;139 286;A01;1;30;0;2;1;13;1;
54187;202100034922;139 283;A01;2;7;0;2;5;15;1;
54188;202100034922;139 284;B01;1;50;0;2;1;1;3;
54189;202100034924;139 280;A01;1;32;0;2;3;1;1;
54190;202100034924;139 281;B01;2;50;0;2;2;15;3;
54191;202100034927;139 276;A01;1;43;0;2;1;2;1;
54192;202100034927;139 277;B01;1;10;0;0;4;2;1;
54193;202100034928;139 275;B01;1;33;0;2;5;1;1;
54194;202100034929;139 273;A01;2;7;0;2;1;11;1;
54195;202100034929;139 274;B01;2;7;14;2;4;1;1;
54196;202100034930;139 271;A01;1;33;0;9;1;13;1;
54197;202100034930;139 272;B01;2;21;0;0;3;1;1;
54198;202100034931;139 270;A01;1;7;0;1;1;1;1;
54199;202100034932;139 269;A01;3;7;0;1;5;26;1;
54200;202100034933;139 266;C01;2;7;14;2;4;2;2;
54201;202100034933;139 267;A01;2;7;0;2;1;2;1;
54202;202100034933;139 268;B01;2;7;0;2;4;2;1;
54203;202100034934;139 264;B01;3;1;14;2;1;1;5;
54204;202100034934;139 265;A01;3;7;0;2;7;16;1;
54205;202100034937;139 257;B01;2;33;0;2;2;2;1;
54206;202100034937;139 258;A01;2;7;0;2;3;15;1;
54207;202100034938;139 255;B01;1;43;0;2;3;1;1;
54208;202100034938;139 256;A01;2;7;1;0;3;13;1;
54209;202100034939;139 253;B01;2;7;0;2;3;13;1;
54210;202100034939;139 254;A01;1;31;0;2;1;17;1;
54211;202100034940;139 252;A01;0;7;0;1;2;1;1;
54212;202100034941;139 250;B01;0;7;0;2;1;2;1;
54213;202100034941;139 251;A01;0;10;0;2;4;2;1;
54214;202100034942;139 248;B01;1;1;0;2;1;1;5;
54215;202100034942;139 249;A01;2;7;0;2;1;17;1;
54216;202100034943;139 246;B01;2;1;0;2;1;1;5;
54217;202100034943;139 247;A01;1;7;0;2;1;15;1;
54218;202100034944;139 244;B01;1;7;0;2;4;2;1;
54219;202100034944;139 245;A01;1;30;0;2;1;2;1;
54220;202100034945;139 242;A01;3;10;0;2;1;9;0;
54221;202100034945;139 243;B01;2;33;0;2;7;1;1;
54222;202100034946;139 241;A01;1;10;0;1;4;4;1;
54223;202100034947;139 237;A01;1;7;0;2;1;2;1;
54224;202100034947;139 238;B01;1;7;0;2;4;2;2;
54225;202100034947;139 239;C01;1;7;0;2;4;2;1;
54226;202100034947;139 240;D01;1;7;0;2;4;2;2;
54227;202100034948;139 236;A01;0;33;8;0;1;0;1;
54228;202100034951;139 232;A01;0;33;8;0;1;1;1;
54229;202100034952;139 230;B01;1;33;0;2;1;1;1;
54230;202100034952;139 231;A01;2;7;0;2;2;15;2;
54231;202100034953;139 227;C01;3;7;0;2;4;2;1;
54232;202100034953;139 228;B01;3;33;0;2;4;2;1;
54233;202100034953;139 229;A01;3;7;0;2;1;2;1;
54234;202100034954;139 225;B01;0;60;0;2;3;9;5;
54235;202100034954;139 226;Z01;1;0;0;2;1;17;0;
54236;202100034955;139 223;A01;2;7;0;2;3;9;1;
54237;202100034955;139 224;B01;2;7;0;2;2;1;1;
54238;202100034956;139 221;A01;1;30;0;2;1;1;1;
54239;202100034956;139 222;B01;1;37;0;2;6;1;1;1.0
54240;202100034958;139 216;A01;2;7;0;2;1;1;1;
54241;202100034958;139 217;B01;1;7;0;2;5;1;1;
54242;202100034958;139 218;C01;2;7;0;2;1;1;1;
54243;202100034959;139 214;B01;1;7;0;2;2;1;1;
54244;202100034959;139 215;A01;1;30;0;2;2;26;1;
54245;202100034960;139 212;A01;1;34;0;2;1;9;1;
54246;202100034960;139 213;B01;2;7;0;2;1;1;1;
54247;202100034961;139 209;A01;2;7;0;2;1;1;1;
54248;202100034961;139 210;B01;2;7;0;2;1;1;0;
54249;202100034961;139 211;C01;2;7;0;2;4;0;1;
54250;202100034962;139 207;B01;3;30;0;2;1;19;1;
54251;202100034962;139 208;A01;2;7;0;2;2;1;1;
54252;202100034963;139 205;B01;1;7;0;2;5;15;1;
54253;202100034963;139 206;A01;2;7;0;2;2;1;1;
54254;202100034964;139 203;A01;2;7;0;2;7;1;1;
54255;202100034964;139 204;B01;3;1;0;2;1;19;5;
54256;202100034965;139 201;A01;2;7;0;2;3;9;1;
54257;202100034965;139 202;B01;1;2;0;2;1;1;1;
54258;202100034966;139 198;B01;2;50;0;2;0;0;3;
54259;202100034966;139 199;A01;1;7;0;9;2;15;1;
54260;202100034968;139 194;A01;1;33;0;2;1;26;1;
54261;202100034968;139 195;B01;2;7;0;2;1;15;1;
54262;202100034969;139 192;A01;1;7;0;2;2;14;1;
54263;202100034969;139 193;B01;2;1;0;2;3;15;5;
54264;202100034970;139 190;A01;1;7;0;2;1;14;1;
54265;202100034970;139 191;B01;1;50;0;2;0;1;3;
54266;202100034971;139 188;B01;1;1;0;2;0;1;5;
54267;202100034971;139 189;A01;2;7;0;0;0;1;1;
54268;202100034972;139 187;A01;3;2;6;0;1;14;1;
54269;202100034973;139 185;A01;2;30;0;2;1;9;1;
54270;202100034973;139 186;B01;1;7;0;2;6;9;1;
54271;202100034974;139 182;Z01;1;7;0;2;0;0;0;
54272;202100034974;139 183;B01;1;7;0;2;4;1;1;
54273;202100034974;139 184;A01;1;7;0;2;1;1;1;
54274;202100034975;139 180;A01;3;1;0;2;1;26;5;
54275;202100034975;139 181;B01;3;7;0;2;2;2;1;
54276;202100034976;139 178;B01;1;7;0;2;2;1;1;
54277;202100034976;139 179;A01;2;7;0;2;3;19;1;
54278;202100034977;139 176;B01;1;32;0;2;1;2;1;
54279;202100034977;139 177;A01;1;7;0;2;8;15;1;
54280;202100034978;139 174;A01;2;7;0;2;1;9;1;
54281;202100034978;139 175;B01;1;30;0;2;1;1;1;
54282;202100034979;139 172;B01;1;7;0;2;1;1;-1;
54283;202100034979;139 173;A01;3;33;0;0;7;1;1;
54284;202100034980;139 170;A01;1;32;0;2;3;21;1;
54285;202100034980;139 171;B01;2;7;0;2;3;9;1;
54286;202100034982;139 168;A01;2;7;0;1;3;1;1;
54287;202100034985;139 161;A01;0;33;0;2;8;13;1;
54288;202100034985;139 162;B01;1;7;0;2;2;1;1;
54289;202100034986;139 160;A01;2;7;0;1;2;1;1;
54290;202100034988;139 156;A01;2;7;0;2;0;26;1;
54291;202100034988;139 157;B01;2;33;0;0;0;0;1;
54292;202100034989;139 154;A01;2;7;0;2;5;15;1;
54293;202100034989;139 155;B01;1;7;0;2;1;1;1;
54294;202100034990;139 152;B01;3;14;0;2;3;0;0;