;Num_Acc;id_vehicule;num_veh;senc;catv;obs;obsm;choc;manv;motor;occutc
54295;202100034990;139 153;A01;3;7;0;2;1;17;1;
54296;202100034991;139 150;B01;3;1;0;2;1;19;5;
54297;202100034991;139 151;A01;2;7;0;2;2;1;1;
54298;202100034992;139 148;A01;2;20;0;2;6;13;1;
54299;202100034992;139 149;B01;2;1;0;2;1;17;1;
54300;202100034993;139 146;B01;1;7;0;2;4;2;1;
54301;202100034993;139 147;A01;1;7;0;2;1;2;1;
54302;202100034995;139 142;B01;1;1;0;2;1;2;5;
54303;202100034995;139 143;A01;1;7;0;2;5;20;1;
54304;202100034996;139 140;B01;0;7;0;2;4;2;1;
54305;202100034996;139 141;A01;0;2;0;2;1;2;1;
54306;202100034997;139 138;A01;0;7;0;2;2;19;1;
54307;202100034997;139 139;B01;0;31;0;2;1;1;1;
54308;202100034998;139 136;B01;2;1;0;2;8;1;0;
54309;202100034998;139 137;A01;2;7;0;2;7;2;1;
54310;202100034999;139 134;A01;2;33;0;2;1;17;1;
54311;202100034999;139 135;B01;1;7;0;2;3;1;1;
54312;202100035001;139 131;A01;1;50;12;2;1;15;3;
54313;202100035001;139 132;B01;1;30;0;2;1;26;1;
54314;202100035002;139 130;A01;1;7;0;0;2;14;1;
54315;202100035003;139 128;B01;1;1;0;2;3;26;5;
54316;202100035003;139 129;A01;1;7;0;2;2;16;1;
54317;202100035004;139 127;A01;2;7;0;1;1;1;1;
54318;202100035005;139 125;B01;1;1;0;2;0;1;5;
54319;202100035005;139 126;Z01;1;7;0;0;0;1;0;
54320;202100035006;139 123;A01;2;7;0;2;3;9;0;
54321;202100035006;139 124;B01;2;2;0;2;1;1;1;
54322;202100035007;139 122;A01;3;2;0;0;2;9;1;
54323;202100035008;139 121;A01;3;33;0;0;1;1;1;
54324;202100035009;139 120;A01;2;1;15;0;1;1;5;
54325;202100035012;139 116;A01;2;33;0;2;1;2;1;
54326;202100035012;139 117;B01;2;10;0;2;4;1;1;
54327;202100035013;139 114;A01;2;17;0;2;7;14;1;
54328;202100035013;139 115;B01;2;33;0;2;4;3;1;
54329;202100035014;139 110;A01;3;7;0;2;3;18;1;
54330;202100035014;139 111;B01;3;7;0;0;7;1;1;
54331;202100035014;139 112;C01;3;7;0;2;5;1;1;
54332;202100035014;139 113;D01;0;7;0;2;6;23;1;
54333;202100035015;139 109;A01;2;31;0;0;1;1;1;
54334;202100035016;139 107;A01;0;7;0;2;0;26;0;
54335;202100035016;139 108;B01;0;31;0;2;7;0;1;
54336;202100035017;139 105;A01;3;7;0;2;8;10;1;
54337;202100035017;139 106;B01;3;33;0;2;1;2;1;
54338;202100035018;139 104;A01;1;7;0;1;2;1;1;
54339;202100035019;139 102;A01;1;37;0;2;3;14;1;1.0
54340;202100035019;139 103;B01;1;1;0;2;9;26;5;
54341;202100035020;139 101;A01;3;7;0;1;1;26;1;
54342;202100035022;139 097;B01;2;1;0;2;0;1;5;
54343;202100035022;139 098;A01;2;7;0;2;1;9;1;
54344;202100035023;139 095;A01;2;7;0;2;1;9;1;
54345;202100035023;139 096;B01;3;50;0;2;5;1;3;
54346;202100035024;139 091;A01;2;7;0;1;1;1;0;
54347;202100035026;139 087;B01;1;7;0;2;4;1;1;
54348;202100035026;139 088;A01;1;32;0;2;1;26;1;
54349;202100035027;139 084;B01;3;7;0;2;3;1;1;
54350;202100035027;139 085;A01;3;33;0;2;1;13;1;
54351;202100035028;139 082;B01;3;7;0;2;8;1;1;
54352;202100035028;139 083;A01;3;7;0;2;1;13;1;
54353;202100035029;139 080;B01;2;33;0;2;1;1;1;
54354;202100035029;139 081;A01;1;33;0;2;1;1;1;
54355;202100035030;139 078;B01;3;7;0;2;2;1;1;
54356;202100035030;139 079;A01;3;7;0;2;3;20;1;
54357;202100035031;139 077;A01;2;7;0;2;1;1;2;
54358;202100035032;139 076;A01;3;7;0;1;5;26;0;
54359;202100035033;139 074;A01;1;33;0;2;3;10;1;
54360;202100035033;139 075;B01;1;7;0;2;2;2;1;
54361;202100035034;139 073;A01;2;31;0;1;1;25;1;
54362;202100035035;139 072;Z01;2;99;0;1;0;1;0;
54363;202100035036;139 070;A01;2;7;0;2;5;15;1;
54364;202100035036;139 071;B01;1;2;0;2;1;17;1;
54365;202100035038;139 065;A01;2;7;1;0;6;9;1;
54366;202100035038;139 066;B01;1;7;1;0;1;26;0;
54367;202100035038;139 067;C01;1;7;0;0;0;0;0;
54368;202100035038;139 068;Z01;0;31;0;0;0;0;0;
54369;202100035040;139 061;A01;2;33;0;2;1;1;1;
54370;202100035040;139 062;B01;2;7;0;2;2;1;1;
54371;202100035041;139 059;A01;2;33;1;0;1;1;1;
54372;202100035041;139 060;B01;1;37;0;2;6;24;1;1.0
54373;202100035042;139 057;A01;0;7;0;2;3;13;2;
54374;202100035042;139 058;B01;0;7;0;2;1;1;1;
54375;202100035044;139 055;A01;1;33;0;0;8;1;1;
54376;202100035045;139 053;B01;0;1;0;2;4;16;5;
54377;202100035045;139 054;A01;0;7;0;2;1;16;1;
54378;202100035046;139 052;A01;1;7;0;1;1;1;1;
54379;202100035047;139 050;A01;3;7;0;2;3;19;1;
54380;202100035047;139 051;B01;2;7;0;2;2;1;1;
54381;202100035048;139 048;A01;2;32;0;2;3;3;1;
54382;202100035048;139 049;B01;2;7;0;2;7;12;1;
54383;202100035049;139 046;B01;1;32;0;2;3;3;1;
54384;202100035049;139 047;A01;1;10;0;2;2;12;1;
54385;202100035050;139 044;C01;1;31;0;2;1;3;1;
54386;202100035050;139 045;A01;1;43;0;2;2;3;1;
54387;202100035051;139 041;A01;2;33;0;2;3;3;1;
54388;202100035051;139 042;B01;2;7;0;2;5;1;1;
54389;202100035051;139 043;C01;2;7;0;2;6;1;1;
54390;202100035052;139 039;B01;1;1;0;2;8;18;5;
54391;202100035052;139 040;A01;1;14;0;2;2;16;1;
54392;202100035054;139 036;B01;2;1;0;2;8;7;5;
54393;202100035054;139 037;A01;1;32;0;2;2;15;1;
54394;202100035055;139 034;B01;2;30;0;2;2;17;3;
54395;202100035055;139 035;A01;2;7;0;2;6;13;3;
54396;202100035056;139 032;B01;2;33;0;2;1;1;1;
54397;202100035056;139 033;A01;2;10;0;0;1;1;1;
54398;202100035057;139 030;A01;1;1;0;2;1;9;5;
54399;202100035057;139 031;B01;2;1;0;2;1;1;5;
54400;202100035058;139 028;A01;2;34;0;1;1;3;1;
54401;202100035058;139 029;B01;1;7;0;2;8;1;2;
54402;202100035059;139 027;A01;1;33;0;1;1;1;1;
54403;202100035060;139 026;A01;0;30;0;0;0;21;3;
54404;202100035061;139 024;A01;2;7;0;2;3;13;1;
54405;202100035061;139 025;B01;2;2;0;2;0;1;3;
54406;202100035062;139 022;A01;1;7;0;2;5;14;1;
54407;202100035062;139 023;B01;1;1;0;2;1;1;5;
54408;202100035063;139 021;A01;1;1;0;1;1;1;5;
54409;202100035064;139 019;A01;1;43;0;2;3;13;1;
54410;202100035064;139 020;B01;2;50;0;2;1;16;3;
54411;202100035065;139 017;A01;1;10;0;2;8;13;1;
54412;202100035065;139 018;B01;2;30;0;2;7;17;1;
54413;202100035066;139 015;A01;1;7;0;2;3;11;1;
54414;202100035066;139 016;B01;1;34;0;2;5;1;1;
54415;202100035067;139 014;A01;2;1;0;1;1;1;5;
54416;202100035068;139 012;A01;2;7;0;2;1;1;1;
54417;202100035068;139 013;B01;1;32;0;2;3;1;1;
54418;202100035069;139 010;A01;1;10;0;2;2;1;1;
54419;202100035069;139 011;B01;1;50;14;2;1;1;3;
54420;202100035071;139 007;A01;2;13;0;2;8;22;6;
54421;202100035071;139 008;B01;1;50;0;2;0;1;3;
54422;202100035072;139 005;A01;1;7;0;2;1;2;1;
54423;202100035072;139 006;B01;1;7;0;2;4;2;1;
54424;202100035073;139 004;A01;3;7;5;2;1;0;1;
54425;202100035074;139 002;A01;2;7;0;2;1;10;0;
54426;202100035074;139 003;B01;2;7;0;2;8;9;1;
54427;202100035075;139 000;B01;1;1;0;2;1;1;5;
54428;202100035075;139 001;A01;1;7;0;2;7;16;1;
54429;202100035076;138 998;A01;2;7;0;2;8;15;2;
54430;202100035076;138 999;B01;2;31;0;2;7;1;1;
54431;202100035077;138 996;A01;1;7;0;2;2;15;1;
54432;202100035077;138 997;B01;1;33;0;2;1;1;1;
54433;202100035078;138 994;A01;1;10;0;2;0;15;1;
54434;202100035078;138 995;B01;1;7;11;2;2;2;1;
54435;202100035079;138 992;A01;1;7;0;2;1;16;1;
54436;202100035079;138 993;B01;1;1;0;2;8;19;5;
54437;202100035080;138 990;A01;1;14;1;2;1;13;1;
54438;202100035080;138 991;B01;1;10;0;2;7;1;1;
54439;202100035081;138 989;A01;0;60;1;0;0;0;5;
54440;202100035082;138 988;A01;1;34;0;1;1;1;1;
54441;202100035083;138 986;A01;3;7;0;2;1;26;1;
54442;202100035083;138 987;B01;3;1;0;2;8;2;5;
54443;202100035084;138 985;A01;1;40;0;1;2;26;6;
54444;202100035085;138 984;A01;1;7;0;1;0;1;1;
54445;202100035086;138 982;A01;1;7;0;2;7;0;1;
54446;202100035086;138 983;B01;1;30;0;2;1;7;1;
54447;202100035089;138 977;A01;0;7;0;1;0;0;1;
54448;202100035090;138 975;A01;2;7;0;2;3;1;1;
54449;202100035090;138 976;B01;1;7;0;2;3;1;1;
54450;202100035091;138 972;C01;2;7;0;2;1;2;1;
54451;202100035091;138 973;B01;2;7;0;2;4;23;1;
54452;202100035091;138 974;A01;2;7;0;2;1;2;1;
54453;202100035092;138 970;B01;2;33;0;2;1;17;1;
54454;202100035092;138 971;A01;2;7;0;2;8;15;1;
54455;202100035093;138 968;A01;1;33;0;2;1;17;1;
54456;202100035093;138 969;B01;1;7;0;2;8;15;1;
54457;202100035094;138 967;A01;1;7;0;1;2;16;1;
54458;202100035095;138 966;A01;2;30;0;0;0;13;1;
54459;202100035096;138 964;B01;3;10;0;1;6;1;1;
54460;202100035096;138 965;A01;2;7;0;1;2;1;1;
54461;202100035098;138 962;A01;1;30;4;0;1;13;1;
54462;202100035099;138 960;B01;1;7;0;2;1;1;1;
54463;202100035099;138 961;A01;1;7;1;2;7;26;1;
54464;202100035100;138 959;A01;3;7;13;0;3;13;1;
54465;202100035101;138 957;A01;2;7;0;2;2;21;1;
54466;202100035101;138 958;B01;1;1;0;2;1;13;5;
54467;202100035102;138 956;A01;1;10;0;1;1;15;1;
54468;202100035103;138 953;A01;1;7;0;2;8;1;1;
54469;202100035103;138 954;B01;1;7;0;2;2;17;1;
54470;202100035103;138 955;C01;2;2;0;2;9;21;1;
54471;202100035104;138 952;A01;1;7;2;0;1;1;1;
54472;202100035105;138 951;A01;1;7;0;0;9;1;1;
54473;202100035106;138 950;A01;2;2;8;0;1;1;1;
54474;202100035108;138 947;A01;2;33;8;0;1;1;1;
54475;202100035111;138 942;A01;1;33;0;2;1;2;1;
54476;202100035111;138 943;B01;1;7;0;0;4;2;1;
54477;202100035112;138 940;A01;2;7;0;2;3;13;1;
54478;202100035112;138 941;B01;1;7;0;2;2;1;1;
54479;202100035114;138 938;A01;3;7;8;0;1;1;1;
54480;202100035115;138 936;B01;1;10;0;2;6;2;1;
54481;202100035115;138 937;A01;1;32;0;2;1;17;1;
54482;202100035116;138 935;A01;1;7;0;1;2;1;1;
54483;202100035117;138 934;A01;2;7;2;0;1;1;1;
54484;202100035118;138 932;C01;3;7;0;2;8;15;1;
54485;202100035118;138 933;A01;3;31;0;2;1;1;1;
54486;202100035119;138 930;A01;2;2;0;2;1;11;1;
54487;202100035119;138 931;B01;1;7;0;2;3;1;1;
54488;202100035120;138 928;A01;3;33;0;2;1;17;1;
54489;202100035120;138 929;B01;3;7;0;2;8;15;1;
54490;202100035121;138 926;B01;2;7;0;2;8;1;1;
54491;202100035121;138 927;A01;3;7;0;2;1;1;1;
54492;202100035123;138 923;A01;2;33;0;5;1;1;1;
54493;202100035124;138 921;A01;2;33;0;2;1;13;1;
54494;202100035124;138 922;B01;1;21;0;2;2;1;1;
54495;202100035125;138 918;C01;1;30;0;0;2;18;1;
54496;202100035125;138 919;A01;1;7;0;2;7;1;1;
54497;202100035125;138 920;B01;1;32;0;2;2;18;0;
54498;202100035126;138 916;B01;2;33;0;2;1;1;1;
54499;202100035126;138 917;A01;1;7;0;2;3;15;1;
54500;202100035127;138 914;A01;2;7;0;2;1;2;1;
54501;202100035127;138 915;B01;2;33;0;0;4;2;1;
54502;202100035128;138 912;B01;2;7;0;9;8;1;1;
54503;202100035128;138 913;A01;1;33;13;2;0;13;1;
54504;202100035129;138 911;A01;2;33;14;0;1;17;1;
54505;202100035130;138 910;A01;1;32;12;0;1;1;1;
54506;202100035131;138 908;A01;1;7;0;2;1;23;1;
54507;202100035131;138 909;B01;1;33;0;0;7;23;1;
54508;202100035132;138 907;A01;1;7;0;0;8;13;1;
54509;202100035133;138 906;A01;2;2;0;0;7;0;1;
54510;202100035134;138 904;A01;1;30;0;2;1;1;1;
54511;202100035134;138 905;B01;1;7;0;2;2;1;1;
54512;202100035135;138 901;A01;1;7;0;2;1;0;1;
54513;202100035135;138 902;B01;2;7;0;2;1;0;1;
54514;202100035136;138 899;B01;1;20;0;2;4;2;1;
54515;202100035136;138 900;A01;1;7;0;2;1;2;1;
54516;202100035138;138 897;A01;1;7;13;0;9;1;1;
54517;202100035139;138 896;A01;1;7;6;0;1;1;1;
54518;202100035140;138 894;B01;2;7;0;2;8;1;1;
54519;202100035140;138 895;A01;1;33;0;2;8;13;1;
54520;202100035141;138 893;A01;1;7;0;0;2;14;1;
54521;202100035142;138 891;A01;1;7;0;2;2;15;1;
54522;202100035142;138 892;B01;2;2;0;2;1;1;1;
54523;202100035143;138 890;A01;2;7;2;0;5;1;1;
54524;202100035144;138 888;A01;2;7;0;2;3;15;1;
54525;202100035144;138 889;B01;1;2;0;2;1;1;1;
54526;202100035145;138 887;A01;1;7;8;0;2;1;1;
54527;202100035146;138 885;A01;3;7;0;2;2;1;1;
54528;202100035146;138 886;B01;3;7;0;2;7;15;1;
54529;202100035147;138 884;A01;2;7;6;0;1;13;1;
54530;202100035148;138 882;A01;3;7;13;0;1;1;1;
54531;202100035149;138 881;A01;2;7;0;0;0;1;1;
54532;202100035150;138 880;A01;0;7;2;0;1;0;1;
54533;202100035151;138 879;A01;1;7;0;1;8;2;1;
54534;202100035152;138 877;B01;1;17;0;0;6;2;6;
54535;202100035152;138 878;A01;1;7;0;2;1;2;1;
54536;202100035153;138 875;A01;1;7;0;2;1;1;1;
54537;202100035153;138 876;B01;2;7;0;2;1;13;1;
54538;202100035154;138 873;B01;2;7;0;2;3;1;1;
54539;202100035154;138 874;A01;1;1;0;2;1;13;5;
54540;202100035155;138 869;A01;2;2;0;2;1;17;1;
54541;202100035155;138 870;B01;1;10;0;2;3;17;1;
54542;202100035155;138 871;C01;1;7;0;2;9;1;1;
54543;202100035155;138 872;D01;1;7;0;2;1;1;1;
54544;202100035157;138 866;A01;2;33;3;0;1;1;1;
54545;202100035158;138 864;A01;1;10;1;0;2;2;1;
54546;202100035158;138 865;B01;1;15;0;0;6;24;1;
54547;202100035160;138 860;A01;2;7;0;2;1;15;1;
54548;202100035160;138 861;B01;1;7;0;2;1;1;1;
54549;202100035162;138 856;A01;0;7;0;0;0;0;1;
54550;202100035162;138 857;B01;2;2;0;2;6;1;1;
54551;202100035163;138 855;A01;1;7;0;1;1;1;1;
54552;202100035164;138 853;B01;1;7;0;2;3;1;1;
54553;202100035164;138 854;A01;2;7;0;2;3;5;1;
54554;202100035165;138 851;A01;2;33;0;2;1;17;1;
54555;202100035165;138 852;B01;2;7;0;2;6;15;1;
54556;202100035166;138 849;A01;1;7;0;2;3;1;1;
54557;202100035166;138 850;B01;2;2;0;2;1;1;1;
54558;202100035167;138 847;B01;0;21;0;2;3;1;1;
54559;202100035167;138 848;A01;3;33;0;2;1;13;1;
54560;202100035168;138 846;A01;2;33;15;0;1;0;1;
54561;202100035169;138 845;A01;1;7;0;1;1;1;1;
54562;202100035171;138 841;B01;3;7;0;2;3;1;1;
54563;202100035171;138 842;A01;3;31;0;2;1;5;1;
54564;202100035172;138 837;D01;1;10;0;2;2;23;1;
54565;202100035172;138 838;A01;1;7;0;2;7;15;1;
54566;202100035172;138 839;B01;2;7;0;2;2;1;1;
54567;202100035172;138 840;C01;1;7;0;2;1;1;1;
54568;202100035174;138 833;A01;3;7;0;2;5;13;1;
54569;202100035174;138 834;B01;3;7;0;2;2;1;1;
54570;202100035175;138 832;A01;1;2;0;0;1;1;1;
54571;202100035176;138 831;A01;1;7;2;0;1;1;1;
54572;202100035177;138 829;A01;2;2;0;2;1;2;1;
54573;202100035177;138 830;B01;1;2;0;0;4;2;0;
54574;202100035178;138 827;B01;1;7;0;2;3;1;1;
54575;202100035178;138 828;A01;2;33;0;2;1;17;1;
54576;202100035179;138 826;A01;2;33;0;0;0;1;1;
54577;202100035181;138 824;A01;1;7;11;0;1;13;1;
54578;202100035182;138 821;C01;2;33;0;2;8;1;1;
54579;202100035182;138 822;B01;2;10;0;2;4;1;1;
54580;202100035182;138 823;A01;2;33;0;2;1;2;1;
54581;202100035183;138 819;B01;1;7;0;2;4;2;2;
54582;202100035183;138 820;A01;1;7;0;2;1;2;1;
54583;202100035184;138 816;C01;1;10;0;2;6;2;1;
54584;202100035184;138 817;B01;1;7;0;2;4;12;1;
54585;202100035184;138 818;A01;1;7;0;2;1;1;1;
54586;202100035186;138 811;C01;1;7;0;2;4;1;1;
54587;202100035186;138 812;B01;1;7;0;2;4;2;1;
54588;202100035186;138 813;A01;1;7;0;2;1;1;1;
54589;202100035187;138 809;B01;2;15;0;2;6;1;1;
54590;202100035187;138 810;A01;2;7;0;2;3;14;1;
54591;202100035189;138 803;B01;2;14;0;2;4;2;1;
54592;202100035189;138 804;C01;2;7;0;2;4;2;1;
54593;202100035189;138 805;A01;2;14;0;2;1;2;1;
54594;202100035190;138 800;C01;1;7;0;2;0;2;1;
54595;202100035190;138 801;B01;1;7;0;2;0;2;1;
54596;202100035190;138 802;A01;1;7;0;2;0;2;1;
54597;202100035191;138 797;B01;2;7;0;2;4;12;1;
54598;202100035191;138 798;A01;2;31;0;2;1;26;1;
54599;202100035191;138 799;C01;2;7;0;2;0;0;3;
54600;202100035192;138 793;D01;2;7;0;2;4;1;1;
54601;202100035192;138 794;C01;2;7;0;2;4;1;1;
54602;202100035192;138 795;B01;2;7;1;2;4;1;1;
54603;202100035192;138 796;A01;2;10;0;2;1;1;1;
54604;202100035193;138 791;B01;2;7;0;2;5;12;1;
54605;202100035193;138 792;A01;2;34;0;2;1;3;1;
54606;202100035196;138 787;Z01;2;10;0;2;4;2;0;
54607;202100035196;138 788;A01;2;33;0;2;1;2;1;
54608;202100035197;138 782;A01;2;7;0;2;3;1;1;
54609;202100035197;138 783;B01;2;7;0;2;2;2;1;
54610;202100035197;138 784;C01;2;7;0;2;3;1;1;
54611;202100035197;138 785;D01;1;7;0;2;3;1;1;
54612;202100035197;138 786;Z01;2;7;0;2;1;5;1;
54613;202100035198;138 780;A01;2;7;0;2;8;10;1;
54614;202100035198;138 781;B01;2;33;0;2;7;1;1;
54615;202100035199;138 778;B01;1;33;0;2;2;1;1;
54616;202100035199;138 779;A01;1;7;0;2;3;11;1;
54617;202100035200;138 777;A01;3;7;0;1;3;1;1;
54618;202100035201;138 776;A01;1;7;0;1;2;1;-1;
54619;202100035202;138 775;A01;1;7;0;1;1;1;1;
54620;202100035203;138 774;A01;2;7;1;1;0;20;1;
54621;202100035204;138 773;A01;1;7;0;1;2;1;1;
54622;202100035206;138 770;B01;1;7;0;2;4;2;1;
54623;202100035206;138 771;A01;2;14;0;2;2;9;1;
54624;202100035207;138 769;A01;3;99;0;1;0;14;0;
54625;202100035208;138 766;A01;2;33;0;2;1;1;1;
54626;202100035208;138 767;B01;2;7;0;2;5;12;1;
54627;202100035209;138 764;A01;1;1;0;2;1;1;5;
54628;202100035209;138 765;B01;1;1;0;2;4;1;5;
54629;202100035210;138 762;A01;2;7;0;2;3;15;1;
54630;202100035210;138 763;B01;2;32;0;2;7;3;1;
54631;202100035211;138 761;A01;3;32;0;1;1;3;1;
54632;202100035212;138 760;A01;3;2;9;0;1;21;1;
54633;202100035213;138 758;B01;1;1;0;2;7;0;5;
54634;202100035213;138 759;A01;2;7;0;2;2;15;1;
54635;202100035214;138 756;B01;2;33;0;2;1;1;1;
54636;202100035214;138 757;A01;2;80;0;2;8;15;3;
54637;202100035215;138 754;B01;3;7;0;2;6;15;0;
54638;202100035215;138 755;A01;1;7;0;2;1;1;1;
54639;202100035216;138 752;A01;1;7;0;2;1;15;1;
54640;202100035216;138 753;B01;2;32;0;2;8;1;1;
54641;202100035217;138 750;B01;1;32;0;2;2;1;1;
54642;202100035217;138 751;A01;1;7;0;2;8;16;1;
54643;202100035218;138 748;A01;2;7;0;2;1;15;1;
54644;202100035218;138 749;B01;1;80;0;2;1;1;3;
54645;202100035219;138 746;A01;2;33;0;2;1;1;1;
54646;202100035219;138 747;B01;1;7;0;2;3;1;1;
54647;202100035220;138 745;A01;1;7;8;0;3;14;1;
54648;202100035221;138 744;A01;3;7;0;1;1;1;1;
54649;202100035222;138 742;A01;3;7;0;2;1;1;1;
54650;202100035222;138 743;B01;3;1;0;2;1;5;5;
54651;202100035223;138 740;A01;3;30;0;2;1;1;1;
54652;202100035223;138 741;B01;3;7;0;2;2;15;1;
54653;202100035224;138 739;A01;1;7;0;1;1;17;1;
54654;202100035225;138 738;Z01;1;7;0;1;1;1;1;
54655;202100035226;138 736;B01;1;33;0;2;2;2;1;
54656;202100035226;138 737;A01;1;7;0;2;3;10;2;
54657;202100035227;138 734;B01;2;7;0;2;5;15;2;
54658;202100035227;138 735;A01;1;33;0;2;1;0;1;
54659;202100035228;138 733;A01;2;7;0;1;2;1;1;
54660;202100035229;138 732;A01;2;7;0;1;1;1;1;
54661;202100035230;138 730;B01;1;33;0;2;1;1;1;
54662;202100035230;138 731;A01;1;7;0;2;8;19;1;
54663;202100035231;138 728;A01;1;7;0;2;1;2;1;
54664;202100035231;138 729;B01;1;7;0;2;4;2;1;
54665;202100035232;138 727;A01;1;31;3;0;7;1;1;
54666;202100035233;138 725;A01;3;10;0;2;2;1;0;
54667;202100035233;138 726;B01;3;33;0;2;0;13;1;
54668;202100035234;138 724;B01;3;30;0;2;0;1;1;
54669;202100035235;138 723;A01;2;7;0;1;2;1;1;
54670;202100035236;138 721;A01;2;7;0;2;1;13;1;
54671;202100035236;138 722;B01;1;7;0;2;3;1;1;
54672;202100035237;138 719;A01;1;7;1;0;2;14;1;
54673;202100035237;138 720;B01;1;7;0;2;6;24;0;
54674;202100035238;138 717;A01;1;7;0;9;8;2;1;
54675;202100035238;138 718;B01;1;1;0;2;1;2;5;
54676;202100035239;138 716;A01;2;7;2;0;1;2;1;
54677;202100035241;138 705;B01;2;7;0;2;6;10;1;
54678;202100035241;138 706;A01;2;14;0;2;2;12;1;
54679;202100035243;138 701;A01;-1;33;0;2;1;17;1;
54680;202100035243;138 702;B01;-1;10;0;2;4;13;1;
54681;202100035245;138 699;A01;1;30;1;0;1;14;1;
54682;202100035246;138 697;B01;2;1;0;2;8;1;5;
54683;202100035246;138 698;A01;1;7;0;2;1;15;0;
54684;202100035247;138 696;A01;2;10;15;0;3;2;1;
54685;202100035248;138 694;A01;1;30;0;2;2;9;1;
54686;202100035248;138 695;Z01;2;7;0;2;7;0;1;
54687;202100035249;138 692;A01;1;7;0;2;8;26;1;
54688;202100035249;138 693;B01;1;33;0;2;1;26;1;
54689;202100035250;138 690;A01;0;37;0;2;1;2;1;1.0
54690;202100035250;138 691;B01;1;33;0;2;4;2;1;
54691;202100035252;138 687;A01;2;7;2;0;3;13;1;
54692;202100035253;138 686;A01;2;3;0;1;1;1;0;
54693;202100035254;138 684;A01;3;7;0;2;3;9;1;
54694;202100035254;138 685;B01;3;1;0;2;7;1;5;
54695;202100035255;138 683;A01;2;7;4;0;1;14;1;
54696;202100035256;138 681;B01;1;7;0;2;7;1;1;
54697;202100035256;138 682;A01;1;7;0;2;8;1;1;
54698;202100035257;138 680;A01;1;14;0;1;4;4;1;
54699;202100035258;138 678;B01;2;33;0;2;1;26;1;
54700;202100035258;138 679;A01;1;7;0;2;2;10;1;
54701;202100035259;138 676;B01;1;7;0;2;4;26;1;
54702;202100035259;138 677;A01;1;30;0;2;1;26;1;
54703;202100035260;138 674;B01;1;1;0;2;8;1;5;
54704;202100035260;138 675;A01;1;7;0;2;1;1;1;
54705;202100035261;138 673;A01;2;30;6;0;1;2;1;
54706;202100035262;138 671;B01;1;2;0;2;1;1;1;
54707;202100035262;138 672;A01;1;7;0;2;3;15;1;
54708;202100035263;138 669;A01;2;30;0;2;1;1;1;
54709;202100035263;138 670;B01;1;7;0;2;6;1;1;
54710;202100035264;138 667;A01;2;30;0;2;1;1;1;
54711;202100035264;138 668;B01;3;7;0;2;7;1;2;
54712;202100035265;138 665;B01;1;7;0;2;8;1;1;
54713;202100035265;138 666;A01;1;7;0;2;1;19;1;
54714;202100035266;138 662;A01;1;32;0;2;2;3;1;
54715;202100035266;138 663;B01;1;7;0;2;6;0;1;
54716;202100035266;138 664;C01;1;7;0;2;2;0;1;
54717;202100035267;138 661;A01;3;7;0;1;1;1;1;
54718;202100035268;138 659;B01;2;7;0;2;1;2;1;
54719;202100035268;138 660;A01;1;1;0;2;8;9;5;
54720;202100035269;138 658;A01;3;34;0;1;1;1;1;
54721;202100035270;138 656;B01;1;31;0;2;3;1;1;
54722;202100035270;138 657;A01;2;7;0;2;2;15;1;
54723;202100035271;138 655;A01;1;33;0;1;2;17;1;
54724;202100035272;138 654;A01;1;7;1;0;1;1;1;
54725;202100035273;138 652;Z01;0;7;0;2;7;15;1;
54726;202100035273;138 653;B01;0;33;0;2;2;1;1;
54727;202100035274;138 650;A01;1;10;0;2;1;1;1;
54728;202100035274;138 651;B01;3;33;0;2;4;16;1;
54729;202100035275;138 648;A01;0;7;0;2;2;15;1;
54730;202100035275;138 649;B01;0;1;0;2;1;1;5;
54731;202100035276;138 646;A01;1;10;0;2;2;16;1;
54732;202100035276;138 647;B01;1;80;0;2;3;1;3;
54733;202100035277;138 644;A01;1;15;0;2;2;15;0;
54734;202100035277;138 645;B01;1;7;0;2;8;12;0;
54735;202100035278;138 643;B01;1;33;0;2;3;1;1;
54736;202100035279;138 641;B01;3;7;0;2;3;15;1;
54737;202100035279;138 642;A01;3;32;0;2;1;17;1;
54738;202100035280;138 640;A01;1;2;1;0;2;14;1;
54739;202100035281;138 638;A01;3;7;0;2;1;15;1;
54740;202100035281;138 639;B01;3;1;0;2;1;16;5;
54741;202100035282;138 637;A01;1;7;0;9;1;1;1;
54742;202100035283;138 635;A01;3;7;0;2;3;10;1;
54743;202100035283;138 636;B01;3;33;0;2;1;17;1;
54744;202100035284;138 633;A01;1;7;0;2;4;2;1;
54745;202100035284;138 634;Z01;1;7;0;2;1;1;1;
54746;202100035285;138 631;B01;2;7;0;2;1;15;1;
54747;202100035285;138 632;A01;1;33;0;2;1;1;1;
54748;202100035286;138 629;B01;1;7;0;2;4;2;1;
54749;202100035286;138 630;A01;1;7;0;2;1;2;1;
54750;202100035287;138 627;A01;1;7;0;1;3;1;1;
54751;202100035287;138 628;B01;2;50;0;1;1;3;3;
54752;202100035288;138 626;Z01;1;7;0;1;0;1;0;
54753;202100035290;138 622;B01;0;2;0;2;9;2;1;
54754;202100035290;138 623;A01;0;7;0;2;1;9;2;
54755;202100035291;138 620;B01;2;7;-1;2;1;1;1;