;Num_Acc;id_vehicule;num_veh;senc;catv;obs;obsm;choc;manv;motor;occutc
54756;202100035291;138 621;A01;1;7;-1;2;1;15;1;
54757;202100035292;138 618;A01;2;7;7;2;5;15;1;
54758;202100035292;138 619;B01;1;7;0;2;2;1;1;
54759;202100035293;138 617;A01;3;30;12;0;1;1;1;
54760;202100035294;138 616;A01;2;32;0;1;1;5;1;
54761;202100035295;138 614;A01;2;7;0;2;2;21;1;
54762;202100035295;138 615;B01;2;7;0;2;3;9;1;
54763;202100035296;138 613;A01;2;7;0;1;2;1;1;
54764;202100035297;138 611;A01;2;7;0;2;2;26;1;
54765;202100035297;138 612;B01;1;7;0;0;0;0;0;
54766;202100035299;138 608;A01;0;10;0;2;3;9;1;
54767;202100035299;138 609;B01;1;33;0;2;1;1;1;
54768;202100035300;138 606;A01;1;7;0;2;2;15;1;
54769;202100035300;138 607;B01;2;1;0;2;1;1;5;
54770;202100035301;138 605;A01;2;7;0;1;2;1;1;
54771;202100035302;138 603;B01;2;32;0;2;3;1;1;
54772;202100035302;138 604;A01;1;7;0;2;1;15;1;
54773;202100035304;138 599;Z01;1;10;0;2;7;1;1;
54774;202100035304;138 600;A01;1;1;0;2;7;1;5;
54775;202100035305;138 597;B01;2;30;0;2;1;1;1;
54776;202100035305;138 598;A01;1;7;0;2;1;15;3;
54777;202100035306;138 596;A01;1;10;1;0;8;13;3;
54778;202100035307;138 595;A01;1;7;0;1;8;1;1;
54779;202100035308;138 593;A01;2;34;0;2;8;7;1;
54780;202100035308;138 594;B01;2;7;0;2;2;16;2;
54781;202100035309;138 591;A01;2;30;0;2;3;13;1;
54782;202100035309;138 592;B01;1;7;0;2;3;1;1;
54783;202100035310;138 589;B01;1;14;0;2;6;23;6;
54784;202100035310;138 590;A01;1;1;0;2;1;2;5;
54785;202100035311;138 588;A01;2;80;0;0;7;21;3;
54786;202100035312;138 587;A01;2;7;0;1;1;1;1;
54787;202100035313;138 586;A01;2;33;0;1;1;17;1;
54788;202100035314;138 585;Z01;2;1;0;1;1;1;5;
54789;202100035317;138 581;A01;1;7;1;0;1;14;1;
54790;202100035318;138 579;A01;1;32;1;2;1;1;1;
54791;202100035318;138 580;Z01;1;7;0;2;0;9;0;
54792;202100035319;138 577;A01;1;7;0;2;7;14;1;
54793;202100035319;138 578;B01;1;30;0;2;8;1;1;
54794;202100035320;138 575;B01;0;1;0;2;7;1;5;
54795;202100035320;138 576;A01;1;7;0;2;1;1;1;
54796;202100035321;138 574;Z01;2;30;0;1;1;1;1;
54797;202100035322;138 572;A01;1;30;0;2;8;15;1;
54798;202100035322;138 573;B01;1;30;0;2;1;17;1;
54799;202100035323;138 570;A01;2;7;0;2;7;1;1;
54800;202100035323;138 571;B01;2;30;0;2;1;1;3;
54801;202100035324;138 567;A01;1;7;0;2;1;2;1;
54802;202100035324;138 568;B01;2;7;0;2;5;23;1;
54803;202100035324;138 569;C01;1;10;0;2;1;23;1;
54804;202100035325;138 565;A01;1;7;0;2;2;2;1;
54805;202100035325;138 566;B01;1;1;0;2;5;12;5;
54806;202100035326;138 563;B01;1;7;0;2;5;23;1;
54807;202100035326;138 564;A01;1;43;0;2;1;2;1;
54808;202100035327;138 561;B01;3;1;0;2;1;1;5;
54809;202100035327;138 562;A01;3;10;0;2;3;1;1;
54810;202100035328;138 559;A01;2;33;0;2;1;1;1;
54811;202100035328;138 560;B01;2;1;0;2;0;19;5;
54812;202100035329;138 558;A01;1;50;0;0;0;1;3;
54813;202100035330;138 556;Z01;2;7;0;2;1;1;0;
54814;202100035330;138 557;A01;1;1;0;2;1;1;5;
54815;202100035332;138 552;A01;2;7;0;2;2;2;1;
54816;202100035332;138 553;B01;2;1;0;0;0;0;0;
54817;202100035333;138 550;B01;0;1;1;0;0;2;5;
54818;202100035333;138 551;A01;0;7;0;2;2;24;1;
54819;202100035334;138 548;B01;2;1;0;2;7;19;5;
54820;202100035334;138 549;A01;2;37;0;2;2;1;0;3.0
54821;202100035335;138 547;A01;1;7;0;1;1;16;1;
54822;202100035336;138 545;A01;1;7;0;2;1;15;1;
54823;202100035336;138 546;B01;2;2;0;2;1;1;1;
54824;202100035337;138 543;B01;2;10;0;2;3;1;6;
54825;202100035337;138 544;A01;2;43;0;2;2;3;1;
54826;202100035338;138 541;A01;2;7;0;2;2;20;1;
54827;202100035338;138 542;B01;2;7;0;2;2;1;1;
54828;202100035339;138 540;A01;0;32;0;1;1;26;0;
54829;202100035340;138 538;A01;0;10;0;2;2;1;1;
54830;202100035340;138 539;B01;0;7;0;2;3;1;1;
54831;202100035341;138 537;A01;1;7;0;1;6;10;1;
54832;202100035342;138 535;A01;1;7;0;2;4;1;1;
54833;202100035342;138 536;B01;1;7;0;2;2;1;1;
54834;202100035343;138 533;B01;3;31;0;2;1;17;1;
54835;202100035343;138 534;A01;3;7;0;2;3;9;1;
54836;202100035345;138 529;A01;1;7;0;2;2;15;1;
54837;202100035345;138 530;B01;1;33;0;2;1;1;1;
54838;202100035346;138 527;B01;1;2;0;2;1;1;1;
54839;202100035346;138 528;A01;1;10;0;2;2;14;0;
54840;202100035347;138 525;B01;1;7;0;2;1;1;0;
54841;202100035347;138 526;A01;2;7;1;2;1;17;0;
54842;202100035348;138 524;A01;1;7;1;2;2;1;1;
54843;202100035349;138 522;B01;1;30;0;2;8;17;1;
54844;202100035349;138 523;A01;2;7;0;2;1;10;1;
54845;202100035350;138 520;B01;1;1;0;2;1;15;0;
54846;202100035350;138 521;A01;2;10;0;2;2;1;1;
54847;202100035351;138 518;A01;1;7;0;2;5;1;1;
54848;202100035351;138 519;B01;2;1;0;2;1;1;5;
54849;202100035352;138 517;A01;1;7;0;2;1;1;1;
54850;202100035354;138 513;B01;0;7;0;2;3;15;1;
54851;202100035354;138 514;A01;2;34;0;2;1;0;1;
54852;202100035355;138 511;A01;1;7;0;2;3;5;1;
54853;202100035355;138 512;B01;2;7;0;2;3;1;1;
54854;202100035356;138 509;A01;2;10;0;2;1;2;1;
54855;202100035356;138 510;B01;2;7;0;0;4;2;1;
54856;202100035357;138 508;A01;1;7;6;0;2;14;1;
54857;202100035359;138 505;A01;1;7;0;1;7;1;1;
54858;202100035360;138 503;B01;2;7;0;2;1;2;1;
54859;202100035360;138 504;A01;1;7;0;2;1;13;1;
54860;202100035361;138 502;A01;1;7;0;1;3;1;1;
54861;202100035362;138 501;A01;2;7;0;1;2;21;2;
54862;202100035363;138 500;A01;1;7;13;0;3;13;1;
54863;202100035364;138 499;A01;1;1;0;0;0;2;5;
54864;202100035365;138 497;B01;1;33;0;2;1;1;1;
54865;202100035365;138 498;A01;2;7;0;2;2;11;1;
54866;202100035366;138 495;B01;1;7;0;2;2;1;1;
54867;202100035366;138 496;A01;1;2;0;2;8;1;1;
54868;202100035367;138 494;A01;1;7;0;1;3;1;1;
54869;202100035368;138 486;H01;2;1;0;0;0;26;5;
54870;202100035368;138 487;G01;2;1;0;0;0;26;5;
54871;202100035368;138 488;F01;2;1;0;0;0;26;5;
54872;202100035368;138 489;E01;2;1;0;0;0;26;5;
54873;202100035368;138 490;D01;2;1;0;0;0;14;5;
54874;202100035368;138 491;C01;2;7;0;0;0;17;1;
54875;202100035368;138 492;B01;1;7;0;2;3;21;1;
54876;202100035368;138 493;A01;2;1;0;2;1;13;5;
54877;202100035369;138 485;A01;1;7;8;0;1;1;1;
54878;202100035370;138 484;A01;1;37;0;0;8;13;1;4.0
54879;202100035371;138 483;A01;2;33;3;0;2;1;1;
54880;202100035372;138 482;A01;1;7;13;0;9;1;1;
54881;202100035373;138 481;A01;1;7;0;1;2;1;1;
54882;202100035374;138 480;A01;1;7;13;0;2;1;1;
54883;202100035375;138 478;A01;2;7;0;2;2;17;1;
54884;202100035375;138 479;B01;2;1;0;2;8;2;5;
54885;202100035376;138 477;A01;1;7;13;0;1;26;1;
54886;202100035377;138 475;B01;1;34;0;2;1;1;1;
54887;202100035377;138 476;A01;1;7;0;2;6;15;1;
54888;202100035378;138 473;A01;2;33;0;2;1;2;1;
54889;202100035378;138 474;B01;2;10;0;0;4;2;1;
54890;202100035379;138 471;A01;2;7;0;2;3;15;1;
54891;202100035379;138 472;B01;2;33;0;2;1;1;1;
54892;202100035381;138 469;A01;0;33;0;0;0;1;1;
54893;202100035383;138 466;A01;0;7;0;0;0;1;0;
54894;202100035384;138 464;B01;2;33;0;2;1;1;1;
54895;202100035384;138 465;A01;1;99;0;2;5;15;1;
54896;202100035385;138 463;A01;2;33;0;0;8;16;1;
54897;202100035386;138 461;A01;2;33;0;2;1;11;1;
54898;202100035386;138 462;B01;2;7;0;2;6;15;1;
54899;202100035387;138 459;B01;2;7;0;2;4;1;1;
54900;202100035387;138 460;A01;2;2;0;2;1;1;1;
54901;202100035388;138 457;B01;1;7;0;0;0;2;1;
54902;202100035388;138 458;A01;1;2;0;2;1;2;1;
54903;202100035389;138 456;A01;1;1;0;0;7;1;5;
54904;202100035390;138 455;A01;1;7;0;1;1;1;1;
54905;202100035391;138 454;A01;1;21;0;0;3;1;1;
54906;202100035392;138 452;B01;3;7;0;2;1;1;1;
54907;202100035392;138 453;A01;3;7;0;2;1;13;1;
54908;202100035393;138 451;A01;1;33;13;0;2;1;1;
54909;202100035394;138 450;A01;1;33;0;6;1;1;1;
54910;202100035395;138 448;C01;1;7;0;2;4;2;2;
54911;202100035395;138 449;A01;1;15;0;2;1;2;1;
54912;202100035396;138 446;B01;1;7;0;2;2;1;1;
54913;202100035396;138 447;A01;2;7;0;2;7;13;1;
54914;202100035397;138 444;B01;1;15;0;2;6;1;1;
54915;202100035397;138 445;A01;2;7;0;2;3;13;1;
54916;202100035398;138 443;A01;1;7;17;0;1;1;1;
54917;202100035399;138 442;A01;0;7;3;0;2;0;1;
54918;202100035400;138 441;A01;1;10;5;0;1;1;1;
54919;202100035401;138 440;A01;2;33;0;0;0;0;1;
54920;202100035402;138 439;A01;3;7;0;1;3;0;1;
54921;202100035403;138 437;B01;1;2;0;2;1;1;1;
54922;202100035403;138 438;A01;1;10;0;2;8;9;1;
54923;202100035404;138 435;A01;1;7;0;0;4;13;0;
54924;202100035404;138 436;B01;1;33;0;0;1;13;1;
54925;202100035405;138 434;A01;1;7;16;0;2;1;1;
54926;202100035406;138 433;A01;1;7;3;0;1;1;1;
54927;202100035407;138 431;B01;3;1;0;2;4;1;5;
54928;202100035407;138 432;A01;3;7;0;9;1;18;1;
54929;202100035408;138 428;A01;2;7;0;0;4;2;1;
54930;202100035408;138 429;B01;2;7;0;0;4;2;1;
54931;202100035408;138 430;C01;2;33;0;2;1;2;1;
54932;202100035410;138 425;A01;1;2;0;2;1;1;1;
54933;202100035410;138 426;B01;0;2;0;2;8;1;1;
54934;202100035412;138 421;A01;1;10;0;1;0;1;1;
54935;202100035413;138 420;A01;3;7;9;0;1;1;1;
54936;202100035414;138 418;A01;0;7;0;0;8;2;2;
54937;202100035414;138 419;B01;0;31;0;2;2;1;1;
54938;202100035416;138 412;D01;0;7;0;0;0;22;1;
54939;202100035416;138 413;C01;0;7;0;2;0;26;1;
54940;202100035416;138 414;B01;0;33;0;2;1;1;0;
54941;202100035416;138 415;A01;0;7;0;2;3;13;1;
54942;202100035418;138 409;A01;2;33;15;0;9;1;1;
54943;202100035419;138 407;A01;2;7;0;0;4;11;1;
54944;202100035419;138 408;B01;2;7;0;2;0;0;1;
54945;202100035420;138 405;B01;2;33;0;2;1;19;1;
54946;202100035420;138 406;A01;1;7;0;2;2;1;1;
54947;202100035421;138 403;B01;2;7;0;2;1;1;1;
54948;202100035421;138 404;A01;2;33;3;0;0;17;1;
54949;202100035422;138 399;D01;2;10;0;2;1;2;1;
54950;202100035422;138 400;C01;2;7;0;2;8;1;1;
54951;202100035422;138 401;B01;2;15;0;2;2;14;1;
54952;202100035422;138 402;A01;2;7;0;2;6;1;1;
54953;202100035423;138 397;A01;1;15;0;2;2;12;1;
54954;202100035423;138 398;B01;1;10;0;2;6;1;1;
54955;202100035424;138 396;A01;1;33;3;0;9;2;1;
54956;202100035425;138 395;A01;2;7;4;0;3;26;1;
54957;202100035426;138 393;A01;1;7;0;2;8;11;1;
54958;202100035426;138 394;B01;1;33;0;2;1;3;1;
54959;202100035427;138 391;A01;2;33;0;2;8;3;1;
54960;202100035427;138 392;B01;2;7;0;2;2;12;1;
54961;202100035428;138 389;A01;1;7;0;2;3;11;1;
54962;202100035428;138 390;B01;1;32;0;2;2;1;1;
54963;202100035429;138 387;A01;1;7;0;2;1;2;1;
54964;202100035429;138 388;B01;1;7;0;2;4;2;1;
54965;202100035430;138 385;A01;1;33;0;2;1;3;1;
54966;202100035430;138 386;B01;1;7;0;2;6;11;1;
54967;202100035431;138 383;B01;2;7;0;2;2;12;1;
54968;202100035431;138 384;A01;2;33;0;2;1;3;0;
54969;202100035432;138 381;B01;1;7;0;2;4;2;1;
54970;202100035432;138 382;A01;1;33;0;2;1;2;1;
54971;202100035433;138 379;A01;1;33;1;0;1;18;1;
54972;202100035433;138 380;B01;1;10;0;2;6;23;1;
54973;202100035435;138 375;A01;1;33;0;2;0;3;1;
54974;202100035435;138 376;B01;1;7;0;2;6;1;1;
54975;202100035436;138 373;B01;1;7;4;2;0;1;1;
54976;202100035436;138 374;A01;1;13;0;2;3;11;1;
54977;202100035438;138 369;A01;1;7;0;2;0;0;1;
54978;202100035438;138 370;B01;1;7;0;2;6;2;1;
54979;202100035438;138 371;C01;1;7;0;2;4;2;1;
54980;202100035439;138 367;B01;1;30;0;2;4;2;1;
54981;202100035439;138 368;A01;1;7;0;2;2;1;1;
54982;202100035440;138 364;C01;1;33;0;2;1;3;1;
54983;202100035440;138 365;B01;1;7;0;2;2;12;1;
54984;202100035440;138 366;A01;1;7;0;2;3;1;1;
54985;202100035441;138 362;B01;1;33;0;2;1;3;1;
54986;202100035441;138 363;A01;1;7;0;2;5;0;1;
54987;202100035443;138 357;B01;2;7;0;2;7;12;1;
54988;202100035443;138 358;A01;2;33;0;2;8;3;1;
54989;202100035443;138 359;C01;2;10;0;2;8;1;1;
54990;202100035444;138 356;A01;1;7;0;1;7;20;1;
54991;202100035445;138 355;A01;3;10;0;1;8;15;1;
54992;202100035446;138 353;A01;2;10;0;2;1;15;1;
54993;202100035446;138 354;B01;1;7;0;2;2;1;1;
54994;202100035447;138 351;B01;2;1;0;2;1;1;5;
54995;202100035447;138 352;A01;2;3;0;2;2;16;1;
54996;202100035448;138 349;B01;1;31;0;2;8;1;1;
54997;202100035448;138 350;A01;1;7;0;2;2;16;1;
54998;202100035449;138 346;C01;1;7;12;0;3;1;1;
54999;202100035449;138 347;B01;1;7;12;0;1;1;1;
55000;202100035449;138 348;A01;1;7;12;0;1;1;1;
55001;202100035450;138 345;A01;1;7;0;0;2;23;1;
55002;202100035451;138 343;A01;2;37;0;2;3;1;1;2.0
55003;202100035451;138 344;B01;2;7;0;2;5;12;1;
55004;202100035452;138 341;A01;2;7;0;2;1;19;1;
55005;202100035452;138 342;B01;2;7;0;2;8;1;2;
55006;202100035453;138 339;A01;2;1;0;2;1;1;5;
55007;202100035453;138 340;B01;2;33;0;2;6;1;1;
55008;202100035454;138 338;A01;2;2;0;1;1;1;1;
55009;202100035455;138 337;Z01;0;0;0;1;0;0;0;
55010;202100035456;138 335;Z01;2;7;0;2;1;16;1;
55011;202100035456;138 336;A01;2;32;0;2;4;1;1;
55012;202100035457;138 333;A01;2;7;0;2;6;15;1;
55013;202100035457;138 334;B01;2;30;0;2;1;1;1;
55014;202100035458;138 328;A01;2;34;0;2;1;21;1;
55015;202100035458;138 329;C01;1;7;1;2;3;23;1;
55016;202100035458;138 330;B01;1;7;0;2;3;15;1;
55017;202100035459;138 327;A01;1;7;0;1;5;20;1;
55018;202100035460;138 326;A01;3;3;1;0;3;1;1;
55019;202100035461;138 325;A01;3;7;0;1;1;1;1;
55020;202100035462;138 323;B01;2;7;0;2;1;2;1;
55021;202100035462;138 324;A01;2;30;0;2;4;23;1;
55022;202100035463;138 322;A01;0;10;0;1;1;16;1;
55023;202100035464;138 321;A01;1;32;0;1;2;17;1;
55024;202100035465;138 318;C01;2;7;0;2;1;1;1;
55025;202100035465;138 319;B01;1;10;0;2;6;2;1;
55026;202100035465;138 320;A01;1;33;0;2;2;13;1;
55027;202100035466;138 314;C01;1;34;0;2;1;1;1;
55028;202100035466;138 315;B01;2;7;0;2;1;1;1;
55029;202100035466;138 316;A01;2;7;0;2;2;15;1;
55030;202100035467;138 313;A01;3;37;9;1;7;16;0;1.0
55031;202100035468;138 311;A01;1;7;0;2;7;17;1;
55032;202100035468;138 312;B01;1;33;0;2;8;3;1;
55033;202100035469;138 310;A01;2;7;1;0;9;14;1;
55034;202100035470;138 308;A01;3;7;0;4;2;1;1;
55035;202100035470;138 309;B01;3;40;0;2;3;1;3;
55036;202100035471;138 307;A01;1;31;0;1;3;1;1;
55037;202100035472;138 305;A01;1;7;0;2;2;16;1;
55038;202100035472;138 306;B01;1;1;0;2;1;1;5;
55039;202100035473;138 303;A01;1;7;1;2;1;13;1;
55040;202100035473;138 304;B01;1;7;0;2;7;23;1;
55041;202100035474;138 301;A01;1;7;0;2;3;1;1;
55042;202100035474;138 302;B01;2;1;0;2;1;5;5;
55043;202100035475;138 299;B01;0;2;0;2;1;1;1;
55044;202100035475;138 300;A01;0;7;0;2;7;9;1;
55045;202100035476;138 298;A01;0;7;0;1;7;9;1;
55046;202100035477;138 297;A01;1;7;0;1;1;1;1;
55047;202100035479;138 293;A01;1;50;0;2;3;1;3;
55048;202100035479;138 294;B01;1;7;0;2;1;1;1;
55049;202100035480;138 292;A01;2;50;0;0;0;0;3;
55050;202100035481;138 290;B01;0;33;0;2;1;1;1;
55051;202100035481;138 291;A01;3;7;0;2;1;15;1;
55052;202100035482;138 288;B01;2;7;0;2;4;2;1;
55053;202100035482;138 289;A01;2;30;0;2;1;1;1;
55054;202100035483;138 286;B01;2;7;0;2;4;1;1;
55055;202100035483;138 287;A01;2;7;0;2;1;1;1;
55056;202100035484;138 284;A01;1;14;0;2;7;14;1;
55057;202100035484;138 285;B01;1;7;0;2;8;1;1;
55058;202100035485;138 282;A01;1;7;0;2;1;15;1;
55059;202100035485;138 283;B01;1;1;0;2;1;1;5;
55060;202100035486;138 280;A01;2;33;0;2;2;21;1;
55061;202100035486;138 281;B01;1;7;0;2;1;15;1;
55062;202100035487;138 279;A01;1;7;0;1;3;1;1;
55063;202100035488;138 278;A01;3;7;0;1;3;1;1;
55064;202100035489;138 276;A01;2;33;0;2;1;13;1;
55065;202100035489;138 277;B01;2;7;0;2;3;10;1;
55066;202100035490;138 274;A01;2;7;0;2;1;17;1;
55067;202100035490;138 275;B01;2;7;6;2;8;15;1;
55068;202100035491;138 271;B01;2;7;0;2;2;1;1;
55069;202100035491;138 272;A01;1;1;0;2;1;1;5;
55070;202100035493;138 267;A01;0;80;0;2;8;19;3;
55071;202100035493;138 268;B01;0;7;0;2;5;1;1;
55072;202100035494;138 265;B01;0;7;0;2;4;1;1;
55073;202100035494;138 266;A01;0;2;0;2;1;1;1;
55074;202100035495;138 264;A01;1;3;0;0;9;26;3;
55075;202100035496;138 262;B01;1;1;0;2;4;26;5;
55076;202100035496;138 263;A01;1;7;0;2;2;26;1;
55077;202100035497;138 261;A01;1;2;0;0;0;26;1;
55078;202100035499;138 258;A01;2;3;15;0;0;14;1;
55079;202100035500;138 256;A01;1;33;9;2;1;7;1;
55080;202100035500;138 257;B01;1;7;0;0;0;0;1;
55081;202100035501;138 254;B01;1;33;0;2;7;1;1;
55082;202100035501;138 255;A01;1;1;0;2;8;9;5;
55083;202100035502;138 252;B01;2;7;0;2;3;9;1;
55084;202100035502;138 253;A01;2;7;0;2;7;9;1;
55085;202100035503;138 250;B01;3;7;0;2;8;1;1;
55086;202100035503;138 251;A01;3;7;0;2;1;1;1;
55087;202100035504;138 249;A01;3;7;0;1;2;1;1;
55088;202100035506;138 245;A01;3;1;0;2;8;19;6;
55089;202100035506;138 246;B01;1;10;0;2;2;1;1;
55090;202100035507;138 243;B01;3;2;0;2;5;12;1;
55091;202100035507;138 244;A01;3;7;0;2;1;9;1;
55092;202100035508;138 241;A01;1;32;0;2;1;26;1;
55093;202100035508;138 242;B01;1;7;0;2;4;26;1;
55094;202100035509;138 239;B01;3;7;0;2;1;1;1;
55095;202100035509;138 240;A01;3;7;0;2;1;5;1;
55096;202100035510;138 238;A01;3;7;0;1;2;21;1;
55097;202100035511;138 236;B01;2;1;0;2;0;1;5;
55098;202100035511;138 237;A01;2;7;0;2;2;16;1;
55099;202100035514;138 231;A01;3;15;0;9;7;26;1;
55100;202100035515;138 229;B01;3;7;0;2;6;2;1;
55101;202100035515;138 230;A01;3;7;0;2;1;2;1;
55102;202100035516;138 227;Z01;1;7;0;2;4;1;0;
55103;202100035516;138 228;B01;1;3;0;2;1;1;1;
55104;202100035517;138 225;A01;2;33;0;2;1;17;1;
55105;202100035517;138 226;B01;2;7;0;2;8;15;1;
55106;202100035518;138 223;B01;1;1;0;2;7;26;0;
55107;202100035518;138 224;A01;1;7;0;2;0;26;1;
55108;202100035519;138 221;A01;2;7;0;2;2;9;1;
55109;202100035519;138 222;B01;2;2;0;2;3;17;1;
55110;202100035520;138 220;A01;2;7;0;1;2;1;1;
55111;202100035521;138 218;B01;0;32;0;2;0;21;1;
55112;202100035521;138 219;A01;0;7;0;0;0;1;1;
55113;202100035522;138 216;B01;1;7;9;2;1;1;1;
55114;202100035522;138 217;A01;1;7;0;2;2;1;1;
55115;202100035523;138 214;B01;2;7;0;2;3;16;1;
55116;202100035523;138 215;A01;1;7;0;2;5;12;1;
55117;202100035524;138 212;A01;1;7;0;9;3;9;1;
55118;202100035524;138 213;B01;1;31;0;2;3;9;1;
55119;202100035525;138 210;A01;3;7;0;2;3;9;1;
55120;202100035525;138 211;B01;3;1;0;2;2;1;5;
55121;202100035526;138 208;A01;2;31;0;2;3;3;1;
55122;202100035526;138 209;B01;2;10;0;2;5;1;1;
55123;202100035527;138 206;A01;1;7;0;2;5;12;1;
55124;202100035527;138 207;B01;1;31;0;2;3;3;1;
55125;202100035528;138 204;B01;1;7;0;2;7;12;1;
55126;202100035528;138 205;A01;1;33;0;2;3;3;1;
55127;202100035529;138 202;A01;1;7;0;2;1;2;1;
55128;202100035529;138 203;B01;1;33;0;2;4;2;1;
55129;202100035531;138 197;A01;2;33;0;2;1;3;1;
55130;202100035531;138 198;B01;2;7;0;2;7;12;1;
55131;202100035531;138 199;C01;2;7;0;2;6;1;1;
55132;202100035532;138 196;A01;1;14;0;1;7;1;1;
55133;202100035536;138 188;A01;1;10;0;2;8;22;1;
55134;202100035536;138 189;B01;1;80;0;2;1;2;3;
55135;202100035538;138 185;A01;1;7;0;2;1;1;2;
55136;202100035538;138 186;B01;1;1;0;2;4;23;5;
55137;202100035540;138 182;A01;1;7;0;1;2;1;1;
55138;202100035541;138 180;A01;2;7;0;2;1;2;1;
55139;202100035541;138 181;B01;2;7;0;2;5;23;1;
55140;202100035542;138 178;A01;2;13;0;2;4;4;1;
55141;202100035542;138 179;B01;2;30;0;2;1;2;1;
55142;202100035543;138 176;A01;1;32;0;2;1;1;1;
55143;202100035543;138 177;B01;0;1;0;2;1;1;5;
55144;202100035544;138 174;A01;2;7;0;2;2;2;1;
55145;202100035544;138 175;B01;2;31;0;2;8;23;1;
55146;202100035545;138 172;Z01;1;7;0;2;1;2;1;
55147;202100035545;138 173;A01;1;30;0;2;4;23;1;
55148;202100035547;138 169;A01;2;7;0;1;1;1;2;
55149;202100035548;138 167;A01;3;32;0;2;4;23;1;
55150;202100035548;138 168;Z01;3;7;0;2;1;1;1;
55151;202100035549;138 165;A01;2;1;0;2;0;14;5;
55152;202100035549;138 166;B01;1;1;0;2;0;1;5;
55153;202100035550;138 164;A01;0;1;0;0;0;1;5;
55154;202100035551;138 163;A01;1;50;14;0;1;14;3;
55155;202100035554;138 159;B01;1;1;0;2;7;1;5;
55156;202100035554;138 160;A01;1;10;0;2;3;15;1;
55157;202100035555;138 157;B01;3;1;0;9;1;1;0;
55158;202100035555;138 158;A01;3;1;0;9;1;16;5;
55159;202100035556;138 156;A01;1;15;0;1;2;1;1;
55160;202100035557;138 154;B01;2;7;0;2;3;1;1;
55161;202100035557;138 155;A01;1;30;0;2;3;5;1;
55162;202100035558;138 153;A01;3;33;15;0;1;1;1;
55163;202100035559;138 152;A01;2;7;0;1;3;10;1;
55164;202100035560;138 150;B01;2;10;0;2;4;9;1;
55165;202100035560;138 151;A01;1;33;0;2;1;2;1;
55166;202100035562;138 147;A01;2;7;0;2;2;15;1;
55167;202100035562;138 148;B01;1;31;0;2;1;1;1;
55168;202100035563;138 146;A01;3;7;0;1;3;1;1;
55169;202100035564;138 145;A01;2;7;0;1;2;26;1;
55170;202100035565;138 143;A01;1;30;0;2;4;2;1;
55171;202100035565;138 144;B01;1;7;0;2;1;2;1;
55172;202100035566;138 142;A01;2;7;0;1;2;15;1;
55173;202100035568;138 138;B01;1;60;0;2;7;9;5;
55174;202100035568;138 139;A01;1;7;0;2;6;4;1;
55175;202100035569;138 136;A01;1;7;0;9;1;16;1;
55176;202100035569;138 137;B01;1;50;0;2;0;0;3;
55177;202100035570;138 134;B01;1;2;0;2;0;2;1;
55178;202100035570;138 135;A01;1;7;0;2;3;15;1;
55179;202100035571;138 133;A01;2;43;11;0;1;15;1;
55180;202100035572;138 132;A01;2;7;0;1;7;1;1;
55181;202100035573;138 130;B01;1;32;0;2;1;2;1;
55182;202100035573;138 131;A01;1;33;0;2;4;1;1;
55183;202100035575;138 126;A01;1;10;0;2;2;1;1;
55184;202100035575;138 127;B01;1;34;0;2;3;15;1;
55185;202100035577;138 123;A01;1;7;0;2;1;15;1;
55186;202100035577;138 124;B01;2;1;0;2;1;15;0;
55187;202100035578;138 121;B01;2;10;0;2;2;16;1;
55188;202100035578;138 122;A01;2;34;0;2;1;16;1;
55189;202100035579;138 120;A01;1;1;0;1;1;15;5;
55190;202100035580;138 119;A01;1;7;0;1;1;15;1;
55191;202100035581;138 117;A01;1;7;0;2;1;2;1;
55192;202100035581;138 118;B01;1;7;1;2;4;1;1;
55193;202100035583;138 112;A01;1;7;0;2;6;15;1;
55194;202100035583;138 113;B01;1;99;0;2;1;1;3;
55195;202100035584;138 111;A01;3;7;0;1;0;1;1;
55196;202100035585;138 109;A01;2;7;0;2;8;1;1;
55197;202100035585;138 110;B01;2;10;0;2;3;1;1;
55198;202100035586;138 107;B01;2;33;0;2;7;12;1;
55199;202100035586;138 108;A01;2;7;0;2;3;1;1;
55200;202100035588;138 103;A01;3;2;0;2;1;1;1;
55201;202100035588;138 104;B01;3;7;0;2;3;19;1;
55202;202100035589;138 101;A01;1;43;0;9;1;1;1;
55203;202100035590;138 100;A01;3;31;0;0;0;15;1;
55204;202100035591;138 099;A01;1;14;13;0;7;14;1;
55205;202100035592;138 098;A01;1;7;0;1;4;9;2;
55206;202100035593;138 097;A01;2;10;2;0;5;13;0;
55207;202100035596;138 091;A01;3;7;0;2;3;17;0;
55208;202100035596;138 092;B01;3;14;0;2;3;0;1;
55209;202100035597;138 090;A01;1;1;0;5;0;1;5;
55210;202100035598;138 087;C01;2;7;0;2;6;1;3;
55211;202100035598;138 088;B01;2;7;0;2;1;1;1;
55212;202100035598;138 089;A01;1;7;0;2;3;5;1;
55213;202100035599;138 085;A01;1;2;0;2;6;1;1;
55214;202100035599;138 086;B01;1;7;0;2;2;1;1;
55215;202100035600;138 083;B01;2;1;0;2;1;1;0;
55216;202100035600;138 084;A01;1;7;0;9;3;26;1;
55217;202100035601;138 082;A01;1;7;0;0;0;1;1;