;Num_Acc;id_vehicule;num_veh;senc;catv;obs;obsm;choc;manv;motor;occutc
55218;202100035602;138 081;A01;1;80;0;0;1;1;3;
55219;202100035603;138 080;A01;2;7;13;0;3;13;1;
55220;202100035604;138 078;A01;2;7;0;2;8;15;1;
55221;202100035604;138 079;B01;1;10;0;2;1;1;1;
55222;202100035605;138 076;A01;2;7;0;2;3;13;1;
55223;202100035605;138 077;B01;1;7;0;2;3;1;1;
55224;202100035606;138 075;A01;3;7;0;1;1;15;1;
55225;202100035607;138 073;B01;1;10;0;2;1;2;1;
55226;202100035607;138 074;A01;1;7;0;2;4;1;1;
55227;202100035608;138 071;B01;1;7;9;2;1;1;1;
55228;202100035608;138 072;A01;2;7;0;2;1;15;1;
55229;202100035609;138 069;A01;1;1;0;2;1;1;5;
55230;202100035609;138 070;B01;2;37;0;9;8;1;1;1.0
55231;202100035610;138 067;A01;1;7;0;2;2;2;1;
55232;202100035610;138 068;B01;1;33;0;2;4;1;1;
55233;202100035611;138 066;A01;3;7;2;0;5;1;1;
55234;202100035612;138 064;B01;2;7;0;2;3;1;1;
55235;202100035612;138 065;A01;1;7;0;2;3;17;1;
55236;202100035613;138 062;A01;3;7;0;2;3;1;1;
55237;202100035613;138 063;B01;3;2;0;2;1;13;1;
55238;202100035614;138 060;A01;1;7;0;2;1;1;1;
55239;202100035614;138 061;B01;2;7;0;2;1;1;1;
55240;202100035615;138 058;A01;1;10;0;2;7;17;1;
55241;202100035615;138 059;B01;1;1;0;2;8;1;5;
55242;202100035616;138 056;A01;1;7;0;2;1;13;1;
55243;202100035616;138 057;B01;2;7;0;2;1;1;1;
55244;202100035617;138 055;A01;1;33;2;0;0;1;1;
55245;202100035618;138 053;B01;1;7;0;2;3;1;1;
55246;202100035618;138 054;A01;2;7;0;2;3;13;1;
55247;202100035619;138 051;B01;1;7;0;2;2;1;1;
55248;202100035619;138 052;A01;0;1;0;2;1;15;5;
55249;202100035620;138 050;A01;3;1;0;0;0;1;5;
55250;202100035623;138 045;A01;1;7;0;0;9;17;1;
55251;202100035624;138 044;A01;1;33;13;0;1;0;1;
55252;202100035625;138 042;B01;1;2;0;2;1;1;1;
55253;202100035625;138 043;A01;1;7;0;2;2;1;1;
55254;202100035626;138 041;A01;3;10;0;0;8;1;1;
55255;202100035627;138 038;A01;2;7;0;2;8;13;1;
55256;202100035627;138 039;B01;1;7;2;2;8;1;1;
55257;202100035627;138 040;C01;2;7;0;2;1;1;1;
55258;202100035629;138 032;B01;1;7;0;2;2;1;1;
55259;202100035629;138 033;A01;1;7;0;2;1;26;1;
55260;202100035630;138 029;A01;1;7;0;2;3;16;1;
55261;202100035630;138 030;B01;1;33;0;2;2;16;1;
55262;202100035631;138 027;B01;3;7;2;0;6;9;1;
55263;202100035631;138 028;A01;1;7;0;2;1;1;1;
55264;202100035632;138 026;A01;1;33;0;0;0;1;1;
55265;202100035634;138 021;C01;2;10;0;2;3;1;1;
55266;202100035634;138 022;A01;1;7;14;2;3;5;1;
55267;202100035634;138 023;B01;1;7;0;2;6;23;1;
55268;202100035636;138 018;A01;0;31;16;0;0;0;1;
55269;202100035637;138 016;A01;2;2;0;2;3;2;1;
55270;202100035637;138 017;B01;2;7;0;0;5;2;1;
55271;202100035638;138 015;A01;3;1;0;1;2;0;6;
55272;202100035639;138 014;A01;1;7;6;0;1;17;1;
55273;202100035640;138 013;A01;1;2;2;0;0;0;1;
55274;202100035641;138 011;B01;0;7;0;0;4;1;1;
55275;202100035641;138 012;A01;0;10;0;2;1;2;1;
55276;202100035642;138 008;A01;1;7;0;2;4;2;1;
55277;202100035642;138 009;C01;1;7;0;2;1;2;1;
55278;202100035642;138 010;B01;1;7;0;2;4;2;1;
55279;202100035643;138 006;A01;2;34;0;2;3;3;1;
55280;202100035643;138 007;B01;2;7;0;2;5;1;1;
55281;202100035644;138 004;B01;2;7;0;2;4;2;1;
55282;202100035644;138 005;A01;2;7;0;2;1;2;1;
55283;202100035645;137 999;A01;1;7;4;2;1;5;1;
55284;202100035645;138 000;B01;2;7;0;2;1;1;1;
55285;202100035645;138 001;C01;1;17;0;2;2;21;1;
55286;202100035645;138 002;D01;2;7;0;2;2;21;1;
55287;202100035645;138 003;E01;2;7;0;9;1;1;1;
55288;202100035646;137 996;A01;2;7;0;2;1;2;1;
55289;202100035646;137 997;B01;2;7;0;2;4;2;1;
55290;202100035646;137 998;C01;2;10;0;0;4;1;1;
55291;202100035647;137 994;B01;1;7;4;2;4;1;1;
55292;202100035647;137 995;A01;1;7;0;2;1;1;1;
55293;202100035648;137 992;A01;1;17;0;2;2;12;1;
55294;202100035648;137 993;B01;1;7;0;2;4;1;1;
55295;202100035649;137 990;A01;2;7;0;2;1;2;1;
55296;202100035649;137 991;B01;2;7;0;2;4;2;1;
55297;202100035650;137 989;A01;1;33;0;0;0;1;1;
55298;202100035651;137 988;A01;1;33;0;0;0;1;1;
55299;202100035652;137 986;B01;1;7;0;2;4;2;1;
55300;202100035652;137 987;A01;1;7;0;2;2;2;1;
55301;202100035653;137 984;A01;1;33;0;2;1;2;1;
55302;202100035653;137 985;B01;1;7;0;2;4;12;1;
55303;202100035654;137 982;A01;2;34;0;2;1;2;1;
55304;202100035654;137 983;B01;2;7;0;2;4;2;2;
55305;202100035656;137 978;A01;0;7;0;0;0;9;1;
55306;202100035656;137 979;B01;0;32;0;0;0;0;1;
55307;202100035657;137 976;B01;2;7;0;2;2;1;1;
55308;202100035657;137 977;A01;2;7;0;2;3;11;1;
55309;202100035658;137 973;A01;1;31;0;2;8;3;1;
55310;202100035658;137 974;B01;1;7;0;2;7;17;1;
55311;202100035658;137 975;C01;1;7;0;2;6;1;1;
55312;202100035659;137 970;A01;1;17;0;2;6;1;1;
55313;202100035659;137 971;C01;1;33;0;2;3;3;1;
55314;202100035659;137 972;B01;1;7;0;2;7;0;1;
55315;202100035660;137 967;B01;2;7;0;2;4;12;1;
55316;202100035660;137 968;C01;2;7;0;2;7;1;1;
55317;202100035660;137 969;A01;2;33;0;2;9;3;1;
55318;202100035661;137 966;Z01;2;7;0;1;0;0;0;
55319;202100035662;137 965;A01;1;43;4;0;8;13;1;
55320;202100035663;137 963;A01;1;10;0;2;4;1;0;
55321;202100035663;137 964;B01;1;7;0;2;1;26;0;
55322;202100035664;137 961;B01;2;32;0;2;2;17;1;
55323;202100035664;137 962;A01;2;7;0;2;3;10;1;
55324;202100035665;137 960;A01;1;7;0;1;2;9;1;
55325;202100035666;137 959;A01;3;7;0;1;0;9;0;
55326;202100035667;137 958;A01;1;0;0;0;0;1;0;
55327;202100035669;137 955;A01;2;7;0;1;1;1;0;
55328;202100035670;137 953;B01;2;37;0;2;8;22;1;1.0
55329;202100035670;137 954;A01;2;7;0;2;1;17;1;
55330;202100035671;137 952;A01;1;7;0;9;2;21;1;
55331;202100035672;137 950;B01;1;31;0;2;1;1;1;
55332;202100035672;137 951;A01;1;10;0;2;7;15;1;
55333;202100035673;137 949;A01;2;7;8;0;1;1;1;
55334;202100035674;137 947;A01;1;10;0;0;1;1;1;
55335;202100035674;137 948;B01;1;1;0;2;4;2;5;
55336;202100035675;137 942;E01;3;7;1;0;6;0;1;
55337;202100035675;137 943;D01;3;7;1;0;2;0;1;
55338;202100035675;137 944;C01;3;7;1;0;8;0;1;
55339;202100035675;137 945;B01;3;7;0;2;8;20;1;
55340;202100035675;137 946;A01;3;7;0;2;1;1;1;
55341;202100035676;137 941;A01;0;33;0;1;0;1;-1;
55342;202100035677;137 940;A01;1;32;12;1;1;1;1;
55343;202100035678;137 939;Z01;1;7;0;1;2;9;0;
55344;202100035679;137 937;B01;1;33;0;2;1;1;1;
55345;202100035679;137 938;A01;1;7;0;2;5;12;1;
55346;202100035680;137 935;B01;0;7;0;2;4;2;1;
55347;202100035680;137 936;A01;0;7;0;2;1;2;1;
55348;202100035681;137 933;B01;2;1;0;2;1;1;5;
55349;202100035681;137 934;A01;2;7;0;2;3;22;1;
55350;202100035682;137 931;A01;1;7;0;2;1;2;1;
55351;202100035682;137 932;B01;1;33;0;2;4;2;1;
55352;202100035683;137 929;B01;3;7;0;2;2;9;1;
55353;202100035683;137 930;A01;0;7;0;2;3;9;1;
55354;202100035684;137 927;B01;1;7;13;2;3;1;1;
55355;202100035684;137 928;A01;2;7;6;2;3;13;1;
55356;202100035685;137 926;A01;1;7;0;1;1;1;1;
55357;202100035687;137 923;A01;2;33;15;0;8;25;1;
55358;202100035688;137 921;B01;0;10;0;2;4;2;1;
55359;202100035688;137 922;A01;0;7;0;2;1;2;1;
55360;202100035689;137 919;B01;2;7;0;2;1;0;1;
55361;202100035689;137 920;A01;2;10;0;2;1;13;1;
55362;202100035690;137 917;A01;2;7;0;2;3;15;1;
55363;202100035690;137 918;B01;1;60;0;2;1;1;5;
55364;202100035692;137 914;B01;1;1;0;2;1;0;5;
55365;202100035692;137 915;A01;2;7;0;2;3;23;1;
55366;202100035693;137 912;B01;1;7;0;2;8;26;1;
55367;202100035693;137 913;A01;1;30;0;2;1;1;1;
55368;202100035694;137 909;A01;1;13;0;2;0;17;1;
55369;202100035694;137 910;B01;1;31;0;2;0;2;1;
55370;202100035695;137 907;A01;2;34;0;2;1;7;1;
55371;202100035695;137 908;B01;0;3;0;0;8;9;1;
55372;202100035696;137 905;B01;1;7;0;2;4;26;1;
55373;202100035696;137 906;A01;1;10;0;2;2;1;1;
55374;202100035697;137 904;A01;1;1;0;1;1;1;5;
55375;202100035698;137 903;A01;3;7;0;1;1;15;1;
55376;202100035699;137 901;B01;1;7;0;2;2;16;1;
55377;202100035699;137 902;A01;1;50;0;2;8;18;3;
55378;202100035700;137 899;B01;1;50;0;2;1;26;3;
55379;202100035700;137 900;A01;1;7;0;2;5;16;1;
55380;202100035701;137 896;B01;1;7;0;2;4;2;1;
55381;202100035701;137 897;C01;1;7;0;2;4;2;1;
55382;202100035701;137 898;A01;1;10;0;2;1;2;1;
55383;202100035702;137 895;A01;1;7;1;0;2;9;1;
55384;202100035703;137 893;B01;3;30;0;2;1;1;1;
55385;202100035703;137 894;A01;1;7;0;2;2;15;1;
55386;202100035704;137 892;A01;1;30;1;0;1;26;1;
55387;202100035705;137 890;B01;3;10;0;2;2;16;1;
55388;202100035705;137 891;A01;3;30;0;2;1;21;1;
55389;202100035706;137 888;A01;1;7;0;2;1;26;6;
55390;202100035706;137 889;B01;1;33;0;2;4;9;6;
55391;202100035707;137 886;A01;1;7;0;2;2;21;1;
55392;202100035707;137 887;B01;1;7;0;2;6;1;1;
55393;202100035708;137 883;B01;1;10;0;2;4;1;1;
55394;202100035708;137 884;C01;1;7;0;2;1;2;1;
55395;202100035708;137 885;A01;1;7;0;2;1;2;1;
55396;202100035709;137 881;B01;3;32;0;2;1;1;1;
55397;202100035709;137 882;A01;2;7;0;2;3;1;1;
55398;202100035710;137 879;A01;3;50;0;2;1;1;3;
55399;202100035710;137 880;B01;3;33;0;9;8;1;1;
55400;202100035711;137 878;A01;1;7;0;1;1;1;1;
55401;202100035712;137 876;B01;1;7;0;2;4;0;1;
55402;202100035712;137 877;A01;1;2;0;2;1;2;1;
55403;202100035713;137 875;A01;1;7;6;0;1;26;1;
55404;202100035714;137 873;B01;2;7;0;2;4;2;1;
55405;202100035714;137 874;A01;2;7;0;2;1;2;1;
55406;202100035715;137 872;A01;1;7;0;1;1;26;1;
55407;202100035716;137 870;B01;1;1;0;2;0;1;5;
55408;202100035716;137 871;A01;0;7;0;2;5;16;1;
55409;202100035717;137 868;A01;1;10;0;2;8;22;1;
55410;202100035717;137 869;B01;1;1;1;0;7;1;5;
55411;202100035718;137 867;Z01;1;10;0;1;3;11;1;
55412;202100035719;137 865;A01;2;7;1;0;8;22;2;
55413;202100035719;137 866;B01;1;1;1;0;1;2;6;
55414;202100035720;137 863;A01;3;7;0;2;3;0;1;
55415;202100035720;137 864;B01;3;7;0;2;3;0;1;
55416;202100035721;137 861;A01;2;7;0;2;2;15;1;
55417;202100035721;137 862;B01;1;7;0;2;8;1;1;
55418;202100035722;137 860;A01;2;7;0;0;2;1;1;
55419;202100035723;137 858;B01;1;7;0;2;4;15;1;
55420;202100035723;137 859;A01;1;14;0;2;1;1;1;
55421;202100035724;137 856;B01;0;7;0;2;0;0;1;
55422;202100035724;137 857;A01;2;7;0;2;2;1;1;
55423;202100035725;137 855;A01;3;30;12;0;1;26;1;
55424;202100035726;137 854;A01;2;7;0;1;7;1;1;
55425;202100035727;137 852;B01;1;33;0;2;2;1;1;
55426;202100035727;137 853;Z01;1;30;0;2;3;15;1;
55427;202100035728;137 850;A01;1;34;0;2;1;26;1;
55428;202100035728;137 851;B01;1;7;0;2;1;9;1;
55429;202100035729;137 848;A01;1;7;0;2;0;16;0;
55430;202100035729;137 849;B01;1;50;0;2;0;0;0;
55431;202100035730;137 846;A01;1;7;0;2;1;1;1;
55432;202100035730;137 847;B01;1;15;0;2;4;1;1;
55433;202100035731;137 844;B01;3;7;0;0;0;0;1;
55434;202100035731;137 845;A01;3;7;0;2;7;26;1;
55435;202100035732;137 842;Z01;3;32;0;2;1;17;0;
55436;202100035732;137 843;B01;1;1;0;2;4;1;5;
55437;202100035733;137 840;B01;1;7;0;2;1;5;1;
55438;202100035733;137 841;A01;2;7;0;2;1;1;1;
55439;202100035734;137 838;B01;2;32;0;2;2;3;1;
55440;202100035734;137 839;A01;1;7;0;2;2;15;1;
55441;202100035735;137 837;A01;1;7;0;1;1;1;1;
55442;202100035736;137 835;B01;3;7;0;2;1;21;1;
55443;202100035736;137 836;A01;3;99;0;2;1;17;1;
55444;202100035737;137 833;A01;3;7;0;2;7;0;1;
55445;202100035737;137 834;B01;3;1;0;2;1;19;5;
55446;202100035738;137 831;A01;1;7;0;2;3;20;1;
55447;202100035738;137 832;B01;1;31;0;2;1;1;1;
55448;202100035739;137 828;B01;2;7;0;2;3;1;1;
55449;202100035739;137 829;C01;2;10;0;2;4;1;1;
55450;202100035739;137 830;A01;2;7;0;2;1;1;1;
55451;202100035740;137 824;D01;2;7;0;2;0;1;-1;
55452;202100035740;137 825;A01;2;2;0;2;0;0;0;
55453;202100035740;137 826;B01;2;2;0;2;0;0;1;
55454;202100035740;137 827;C01;2;7;0;2;2;2;1;
55455;202100035743;137 817;C01;2;7;0;2;1;2;2;
55456;202100035743;137 818;B01;2;7;0;2;4;2;1;
55457;202100035743;137 819;A01;2;7;0;2;4;23;1;
55458;202100035744;137 814;C01;2;7;0;2;6;1;1;
55459;202100035744;137 815;A01;2;32;0;2;3;17;1;
55460;202100035744;137 816;B01;1;7;0;2;8;1;1;
55461;202100035745;137 812;B01;1;2;0;2;3;15;1;
55462;202100035745;137 813;A01;1;7;0;2;2;17;1;
55463;202100035746;137 810;A01;1;1;0;2;8;1;5;
55464;202100035746;137 811;Z01;1;7;0;2;2;17;0;
55465;202100035747;137 809;A01;2;7;0;1;1;15;1;
55466;202100035748;137 808;A01;1;40;0;1;3;1;3;
55467;202100035749;137 806;B01;2;1;0;2;1;1;5;
55468;202100035749;137 807;A01;2;7;0;9;1;15;2;
55469;202100035750;137 804;B01;1;33;0;2;2;15;1;
55470;202100035750;137 805;A01;2;7;0;2;2;1;1;
55471;202100035751;137 803;A01;1;1;0;1;1;1;5;
55472;202100035753;137 800;B01;2;31;0;2;2;1;1;
55473;202100035753;137 801;A01;1;30;0;2;3;9;1;
55474;202100035755;137 796;Z01;2;14;0;2;2;14;6;
55475;202100035755;137 797;A01;2;33;4;2;3;3;1;
55476;202100035756;137 794;A01;2;50;0;2;1;1;3;
55477;202100035756;137 795;B01;2;7;0;2;3;1;1;
55478;202100035757;137 792;A01;3;10;0;2;5;14;1;
55479;202100035757;137 793;B01;3;30;0;2;3;1;1;
55480;202100035758;137 790;A01;1;7;0;2;2;16;1;
55481;202100035758;137 791;B01;1;1;0;2;1;1;5;
55482;202100035759;137 788;B01;1;1;0;2;3;18;5;
55483;202100035759;137 789;A01;1;7;0;2;5;22;1;
55484;202100035760;137 786;B01;2;1;0;2;1;1;5;
55485;202100035760;137 787;A01;2;10;0;2;3;15;1;
55486;202100035761;137 784;A01;3;7;0;2;1;2;1;
55487;202100035761;137 785;B01;0;32;0;2;4;23;1;
55488;202100035762;137 783;A01;2;80;0;0;1;1;3;
55489;202100035763;137 781;A01;2;32;0;2;1;13;1;
55490;202100035763;137 782;B01;1;1;0;2;1;1;5;
55491;202100035764;137 780;A01;1;7;0;0;5;22;0;
55492;202100035765;137 778;B01;1;32;0;0;1;1;1;
55493;202100035765;137 779;A01;1;2;0;0;8;1;1;
55494;202100035766;137 776;A01;0;10;0;9;3;2;1;
55495;202100035766;137 777;B01;1;99;0;2;1;7;0;
55496;202100035767;137 774;A01;2;7;1;0;1;1;1;
55497;202100035767;137 775;B01;2;7;1;0;4;24;1;
55498;202100035768;137 773;A01;1;10;0;1;1;15;1;
55499;202100035769;137 772;A01;3;7;0;1;1;16;1;
55500;202100035770;137 770;B01;0;7;1;2;7;1;1;
55501;202100035770;137 771;A01;0;7;0;2;3;24;1;
55502;202100035772;137 767;A01;1;7;0;2;2;1;1;
55503;202100035772;137 768;Y01;2;1;0;2;1;19;0;
55504;202100035773;137 765;B01;1;7;0;2;8;1;1;
55505;202100035773;137 766;A01;1;30;0;2;7;17;1;
55506;202100035775;137 760;A01;3;7;0;2;4;4;2;
55507;202100035775;137 761;B01;3;33;0;2;1;2;1;
55508;202100035775;137 762;C01;3;7;0;2;4;20;1;
55509;202100035776;137 759;A01;2;7;0;1;0;26;1;
55510;202100035777;137 757;B01;3;7;0;2;3;16;1;
55511;202100035777;137 758;A01;2;33;0;2;3;16;1;
55512;202100035778;137 754;A01;1;7;0;2;1;26;1;
55513;202100035778;137 755;B01;1;7;0;2;4;1;1;
55514;202100035778;137 756;C01;1;7;0;2;4;1;1;
55515;202100035779;137 752;A01;1;32;0;2;1;2;1;
55516;202100035779;137 753;B01;2;7;0;2;2;15;1;
55517;202100035780;137 750;B01;0;30;0;2;8;16;1;
55518;202100035780;137 751;A01;0;30;0;2;7;16;1;
55519;202100035781;137 748;A01;2;7;0;2;2;16;1;
55520;202100035781;137 749;B01;2;1;0;2;8;1;5;
55521;202100035782;137 746;A01;3;7;0;2;3;9;1;
55522;202100035782;137 747;B01;3;30;0;2;0;0;1;
55523;202100035783;137 744;B01;3;7;0;2;4;23;0;
55524;202100035783;137 745;A01;0;1;0;2;4;26;6;
55525;202100035784;137 742;B01;2;32;0;2;3;0;1;
55526;202100035784;137 743;A01;2;7;0;2;1;15;1;
55527;202100035785;137 738;C01;2;7;0;2;2;1;1;
55528;202100035785;137 739;A01;1;7;0;2;1;5;1;
55529;202100035785;137 740;B01;2;7;0;2;1;1;1;
55530;202100035785;137 741;D01;2;7;0;2;1;1;1;
55531;202100035786;137 737;A01;1;32;0;0;0;21;1;
55532;202100035787;137 735;A01;1;33;0;2;1;17;1;
55533;202100035787;137 736;B01;1;7;0;2;8;15;1;
55534;202100035788;137 733;B01;1;31;0;2;2;1;1;
55535;202100035788;137 734;A01;1;7;0;2;3;9;1;
55536;202100035789;137 732;A01;2;33;8;0;0;1;1;
55537;202100035790;137 731;A01;1;33;14;0;1;1;1;
55538;202100035791;137 729;B01;2;7;3;2;3;1;1;
55539;202100035791;137 730;A01;1;10;3;0;3;1;1;
55540;202100035792;137 728;A01;1;33;0;0;0;21;1;
55541;202100035793;137 727;A01;1;7;0;0;0;1;1;
55542;202100035794;137 725;B01;1;33;0;2;1;1;0;
55543;202100035794;137 726;A01;1;7;0;2;3;9;1;
55544;202100035795;137 723;B01;2;43;0;2;0;11;1;
55545;202100035795;137 724;A01;2;7;0;0;8;2;1;
55546;202100035797;137 721;A01;1;33;3;0;2;1;1;
55547;202100035798;137 719;B01;2;33;0;2;3;2;1;
55548;202100035798;137 720;A01;2;7;0;0;5;15;1;
55549;202100035799;137 718;A01;2;7;0;0;9;0;1;
55550;202100035800;137 717;A01;1;33;15;0;1;1;1;
55551;202100035801;137 715;A01;1;7;0;2;1;13;1;
55552;202100035801;137 716;B01;2;7;0;2;1;1;1;
55553;202100035802;137 713;A01;2;7;0;2;1;5;1;
55554;202100035802;137 714;B01;1;7;0;2;1;1;1;
55555;202100035803;137 711;A01;1;7;0;2;3;1;1;
55556;202100035803;137 712;B01;2;7;0;2;3;1;1;
55557;202100035804;137 709;B01;1;31;0;2;7;3;1;
55558;202100035804;137 710;A01;1;10;0;2;8;11;1;
55559;202100035805;137 707;A01;3;7;0;2;2;0;0;
55560;202100035805;137 708;B01;3;1;0;2;1;0;5;
55561;202100035806;137 705;B01;2;15;0;2;6;2;1;
55562;202100035806;137 706;A01;2;1;0;2;0;9;5;
55563;202100035808;137 700;A01;-1;33;0;0;0;0;1;
55564;202100035810;137 697;B01;2;7;0;2;3;1;1;
55565;202100035810;137 698;A01;1;7;0;2;3;13;1;
55566;202100035811;137 695;A01;3;1;0;0;4;9;5;
55567;202100035811;137 696;B01;3;10;0;2;3;1;1;
55568;202100035812;137 693;A01;2;7;0;2;1;1;1;
55569;202100035812;137 694;B01;1;7;0;2;1;1;1;
55570;202100035813;137 691;A01;1;1;0;2;3;1;5;
55571;202100035813;137 692;B01;2;20;0;9;0;26;1;
55572;202100035814;137 689;B01;1;10;0;2;2;1;1;
55573;202100035814;137 690;A01;2;10;0;2;1;1;1;
55574;202100035815;137 688;A01;1;7;8;0;1;1;1;
55575;202100035816;137 686;A01;2;7;0;2;2;1;1;
55576;202100035816;137 687;B01;1;2;0;2;3;15;1;
55577;202100035817;137 684;A01;1;33;0;2;1;1;1;
55578;202100035817;137 685;B01;2;7;0;2;3;1;1;
55579;202100035818;137 683;A01;1;7;6;0;1;1;1;
55580;202100035819;137 682;A01;3;7;0;1;2;1;1;
55581;202100035820;137 677;A01;2;7;0;2;4;1;1;
55582;202100035820;137 678;B01;2;7;0;2;4;1;1;
55583;202100035820;137 679;C01;2;7;0;2;1;1;1;
55584;202100035821;137 676;A01;3;7;6;0;2;15;1;
55585;202100035822;137 675;A01;2;33;0;6;1;1;1;
55586;202100035823;137 672;A01;2;33;13;0;1;1;1;
55587;202100035823;137 673;B01;2;33;13;0;1;1;1;
55588;202100035824;137 670;A01;0;2;0;2;8;13;1;
55589;202100035824;137 671;B01;0;7;0;2;8;1;1;
55590;202100035825;137 669;A01;1;7;15;0;1;0;1;
55591;202100035826;137 668;A01;2;7;15;0;7;1;1;
55592;202100035827;137 666;A01;1;2;0;2;8;9;1;
55593;202100035827;137 667;B01;2;33;0;2;7;1;1;
55594;202100035828;137 665;A01;1;33;0;0;9;1;1;
55595;202100035829;137 661;D01;1;7;0;9;2;2;1;
55596;202100035829;137 662;C01;1;10;0;2;3;2;1;
55597;202100035829;137 663;B01;1;7;0;0;4;2;1;
55598;202100035829;137 664;A01;1;10;0;2;1;2;1;
55599;202100035830;137 659;A01;2;7;0;0;3;1;1;
55600;202100035830;137 660;B01;1;7;0;0;3;1;1;
55601;202100035831;137 655;C01;1;10;0;2;3;1;1;
55602;202100035831;137 656;D01;1;7;14;0;2;21;1;
55603;202100035831;137 657;B01;1;7;8;2;3;1;1;
55604;202100035831;137 658;A01;2;7;0;2;3;21;1;
55605;202100035832;137 654;A01;3;2;13;0;1;1;1;
55606;202100035833;137 652;B01;2;33;0;2;7;16;1;
55607;202100035833;137 653;A01;1;7;0;2;3;9;1;
55608;202100035834;137 650;B01;1;1;0;2;1;1;5;
55609;202100035834;137 651;A01;2;37;0;9;2;15;1;1.0
55610;202100035835;137 648;B01;2;7;0;9;2;1;1;
55611;202100035835;137 649;A01;1;1;0;0;4;9;5;
55612;202100035836;137 647;A01;3;2;0;2;3;0;1;
55613;202100035837;137 645;A01;3;1;0;2;1;19;5;
55614;202100035837;137 646;B01;3;7;0;2;2;16;1;
55615;202100035838;137 644;A01;1;1;0;9;0;1;5;
55616;202100035839;137 641;B01;3;1;0;0;8;19;5;
55617;202100035839;137 642;A01;3;7;0;9;1;15;1;
55618;202100035840;137 639;A01;2;7;0;0;6;9;1;
55619;202100035840;137 640;B01;2;1;0;0;1;9;6;
55620;202100035841;137 638;A01;1;7;0;0;0;1;1;
55621;202100035842;137 635;A01;2;33;0;2;1;2;1;
55622;202100035842;137 636;B01;2;7;0;2;4;2;0;
55623;202100035843;137 633;B01;2;2;0;2;7;1;1;
55624;202100035843;137 634;A01;3;7;0;2;3;9;1;
55625;202100035844;137 631;B01;1;7;4;2;1;1;1;
55626;202100035844;137 632;A01;1;7;0;0;4;1;1;
55627;202100035845;137 629;B01;2;33;0;2;2;2;1;
55628;202100035845;137 630;A01;2;21;0;0;3;2;1;
55629;202100035846;137 625;B01;2;7;0;2;1;23;1;
55630;202100035846;137 626;A01;2;7;0;2;4;23;1;
55631;202100035846;137 627;D01;2;7;0;2;1;2;1;
55632;202100035846;137 628;C01;2;7;0;2;4;23;1;
55633;202100035847;137 623;A01;1;7;0;2;4;1;1;
55634;202100035847;137 624;B01;1;7;0;2;1;1;1;
55635;202100035848;137 620;C01;1;14;0;2;1;2;1;
55636;202100035848;137 621;B01;1;14;0;2;1;2;1;
55637;202100035848;137 622;A01;1;7;0;2;4;2;1;
55638;202100035849;137 618;A01;2;10;0;2;4;2;1;
55639;202100035849;137 619;B01;1;7;0;2;1;2;1;
55640;202100035850;137 614;B01;2;7;0;2;4;2;1;
55641;202100035850;137 615;C01;2;7;0;2;4;2;1;
55642;202100035850;137 616;D01;2;7;0;2;1;2;1;
55643;202100035850;137 617;A01;2;10;0;2;4;2;1;
55644;202100035851;137 612;B01;2;10;0;2;6;1;1;
55645;202100035851;137 613;A01;1;10;0;2;1;12;1;
55646;202100035852;137 610;A01;2;7;0;2;3;11;1;
55647;202100035852;137 611;B01;2;33;0;2;1;3;1;
55648;202100035853;137 608;B01;2;10;0;2;4;1;1;
55649;202100035853;137 609;A01;2;7;0;2;1;2;1;
55650;202100035854;137 605;A01;2;7;0;2;1;2;3;
55651;202100035854;137 606;B01;2;7;0;2;4;2;1;
55652;202100035854;137 607;C01;2;7;0;2;4;2;1;
55653;202100035855;137 603;B01;1;10;0;0;1;2;1;
55654;202100035855;137 604;A01;1;7;0;2;4;2;1;
55655;202100035856;137 599;B01;1;10;0;2;4;2;1;
55656;202100035856;137 600;C01;1;7;0;2;4;2;1;
55657;202100035856;137 601;D01;1;7;0;2;4;2;1;
55658;202100035856;137 602;A01;1;10;0;2;1;2;1;
55659;202100035857;137 597;A01;1;14;0;2;2;12;1;
55660;202100035857;137 598;B01;2;10;0;2;6;1;1;
55661;202100035859;137 590;D01;1;10;0;2;4;2;1;
55662;202100035859;137 591;C01;1;7;0;2;4;2;1;
55663;202100035859;137 592;B01;1;7;0;2;4;2;1;
55664;202100035859;137 593;A01;1;10;0;2;1;2;1;
55665;202100035860;137 585;A01;1;7;0;2;7;12;1;
55666;202100035860;137 586;B01;1;34;0;2;8;3;1;
55667;202100035861;137 583;B01;1;10;0;2;6;11;1;
55668;202100035861;137 584;A01;1;33;0;2;1;3;1;
55669;202100035862;137 582;A01;0;33;0;1;1;1;1;
55670;202100035864;137 580;A01;3;7;0;1;1;1;1;
55671;202100035865;137 578;A01;2;10;16;0;9;14;1;
55672;202100035867;137 574;A01;2;10;0;2;2;1;1;
55673;202100035867;137 575;B01;2;2;0;2;4;1;1;
55674;202100035868;137 572;A01;1;32;0;2;7;1;1;
55675;202100035868;137 573;B01;2;7;0;2;1;1;1;
55676;202100035869;137 570;B01;1;1;0;2;0;26;5;
55677;202100035869;137 571;A01;2;7;0;2;0;15;1;
55678;202100035870;137 566;D01;1;1;0;2;0;2;5;
55679;202100035870;137 567;C01;1;1;0;2;4;2;5;