;Num_Acc;id_vehicule;num_veh;senc;catv;obs;obsm;choc;manv;motor;occutc
55680;202100035870;137 568;B01;1;1;0;2;4;2;5;
55681;202100035870;137 569;A01;1;7;0;9;1;18;1;
55682;202100035871;137 565;A01;2;7;4;0;1;26;1;
55683;202100035872;137 563;B01;1;2;14;9;1;1;1;
55684;202100035872;137 564;A01;1;7;0;2;4;9;1;
55685;202100035873;137 561;A01;1;7;0;2;1;17;1;
55686;202100035873;137 562;B01;1;7;0;2;3;15;1;
55687;202100035874;137 560;A01;2;7;0;1;1;19;1;
55688;202100035875;137 559;A01;1;7;14;0;1;13;1;
55689;202100035876;137 558;A01;3;7;1;1;6;20;1;
55690;202100035877;137 557;A01;3;7;0;1;2;1;1;
55691;202100035878;137 555;B01;1;7;0;2;7;1;1;
55692;202100035878;137 556;A01;1;31;0;2;1;9;1;
55693;202100035879;137 553;A01;2;34;0;2;1;3;1;
55694;202100035879;137 554;B01;2;7;0;2;8;15;1;
55695;202100035880;137 552;A01;3;10;0;1;2;15;1;
55696;202100035881;137 551;A01;1;33;0;2;0;1;1;
55697;202100035882;137 549;A01;2;7;0;2;1;17;1;
55698;202100035882;137 550;B01;1;7;0;2;3;1;1;
55699;202100035883;137 546;A01;1;7;0;2;1;1;1;
55700;202100035883;137 547;B01;2;7;0;2;1;1;1;
55701;202100035884;137 543;A01;1;7;0;2;6;19;1;
55702;202100035884;137 544;B01;2;7;0;2;1;1;1;
55703;202100035884;137 545;C01;2;15;0;2;1;1;1;
55704;202100035885;137 542;A01;1;1;0;1;4;1;5;
55705;202100035886;137 541;A01;1;7;0;1;2;1;0;
55706;202100035887;137 540;A01;2;7;8;0;1;14;1;
55707;202100035888;137 539;A01;1;10;0;2;4;20;1;
55708;202100035889;137 537;B01;1;0;0;2;1;0;0;
55709;202100035889;137 538;A01;1;1;0;2;4;0;5;
55710;202100035890;137 535;A01;0;50;0;2;1;5;3;
55711;202100035890;137 536;B01;1;7;0;2;3;1;1;
55712;202100035892;137 531;B01;3;1;0;2;1;1;5;
55713;202100035892;137 532;A01;2;7;0;2;3;9;1;
55714;202100035893;137 529;B01;1;7;0;2;8;15;1;
55715;202100035893;137 530;A01;1;30;0;2;1;17;1;
55716;202100035894;137 528;A01;1;30;0;0;0;21;1;
55717;202100035895;137 526;B01;1;1;0;2;4;2;5;
55718;202100035895;137 527;A01;1;7;0;2;1;26;1;
55719;202100035896;137 524;A01;1;30;0;2;1;19;1;
55720;202100035896;137 525;B01;1;7;0;2;1;19;1;
55721;202100035897;137 523;A01;3;7;0;1;4;4;1;
55722;202100035898;137 521;B01;2;10;0;2;1;1;1;
55723;202100035898;137 522;A01;2;33;0;2;1;1;1;
55724;202100035899;137 520;A01;1;7;0;1;1;1;1;
55725;202100035900;137 518;C01;2;7;0;2;3;1;1;
55726;202100035900;137 519;A01;1;7;1;2;3;1;1;
55727;202100035901;137 516;B01;2;1;0;2;8;19;5;
55728;202100035901;137 517;A01;2;7;0;2;1;9;1;
55729;202100035902;137 514;B01;3;40;0;2;1;1;3;
55730;202100035902;137 515;A01;2;7;0;4;8;15;1;
55731;202100035904;137 511;B01;2;33;0;2;7;1;1;
55732;202100035904;137 512;A01;2;7;0;2;3;1;1;
55733;202100035905;137 510;A01;2;7;15;0;1;14;1;
55734;202100035906;137 508;A01;1;7;1;0;3;1;1;
55735;202100035906;137 509;C01;1;2;0;2;0;2;1;
55736;202100035907;137 507;A01;0;7;1;0;9;20;1;
55737;202100035908;137 505;B01;3;7;0;2;4;2;1;
55738;202100035908;137 506;A01;3;7;0;2;1;2;1;
55739;202100035909;137 503;A01;3;7;0;2;2;2;1;
55740;202100035909;137 504;B01;2;2;0;2;1;16;1;
55741;202100035910;137 501;A01;1;2;0;2;1;2;1;
55742;202100035910;137 502;B01;1;7;0;2;4;2;1;
55743;202100035911;137 499;B01;3;50;0;2;1;1;3;
55744;202100035911;137 500;A01;3;21;0;2;6;24;1;
55745;202100035912;137 497;A01;1;7;0;2;8;16;1;
55746;202100035912;137 498;B01;1;7;0;2;2;1;1;
55747;202100035913;137 495;A01;1;7;0;2;3;1;1;
55748;202100035913;137 496;B01;0;1;0;2;1;9;5;
55749;202100035914;137 490;A01;1;7;0;2;1;15;1;
55750;202100035914;137 491;B01;1;33;0;2;8;1;1;
55751;202100035915;137 488;A01;2;7;0;2;2;16;1;
55752;202100035915;137 489;B01;2;1;0;2;1;1;5;
55753;202100035916;137 487;A01;1;7;1;0;3;13;1;
55754;202100035917;137 485;Y01;3;50;0;2;0;1;3;
55755;202100035917;137 486;A01;3;7;0;2;3;9;1;
55756;202100035918;137 483;A01;1;7;0;2;3;15;1;
55757;202100035918;137 484;B01;2;2;0;2;1;1;1;
55758;202100035920;137 480;A01;2;33;16;0;9;26;1;
55759;202100035921;137 478;B01;0;7;0;0;4;1;1;
55760;202100035921;137 479;A01;0;7;0;2;1;2;1;
55761;202100035923;137 476;A01;2;30;0;0;0;26;1;
55762;202100035924;137 474;A01;2;7;0;2;1;13;1;
55763;202100035924;137 475;B01;1;7;0;2;1;1;1;
55764;202100035925;137 472;B01;1;7;0;2;4;2;1;
55765;202100035925;137 473;A01;1;7;0;2;1;2;1;
55766;202100035926;137 470;A01;1;7;0;2;1;13;1;
55767;202100035926;137 471;B01;2;7;0;2;1;1;1;
55768;202100035927;137 469;A01;2;7;10;0;1;1;1;
55769;202100035928;137 467;A01;3;7;0;2;3;15;1;
55770;202100035928;137 468;B01;3;2;0;2;1;5;1;
55771;202100035929;137 466;A01;1;32;0;1;1;1;1;
55772;202100035930;137 464;A01;2;7;0;2;3;5;1;
55773;202100035930;137 465;B01;1;2;0;2;1;2;1;
55774;202100035931;137 463;A01;2;33;3;0;9;17;1;
55775;202100035932;137 461;A01;1;7;0;2;3;9;1;
55776;202100035932;137 462;B01;3;1;0;2;0;0;5;
55777;202100035933;137 459;A01;3;32;0;2;3;15;6;
55778;202100035933;137 460;B01;0;7;0;2;2;15;0;
55779;202100035935;137 456;B01;2;7;0;2;3;15;1;
55780;202100035935;137 457;A01;2;31;0;2;7;17;1;
55781;202100035937;137 449;Z01;2;7;0;2;0;2;0;
55782;202100035937;137 450;B01;2;10;0;2;4;2;1;
55783;202100035937;137 451;A01;2;7;0;2;4;2;1;
55784;202100035938;137 447;B01;1;7;0;2;8;11;1;
55785;202100035938;137 448;A01;1;33;0;2;7;3;1;
55786;202100035939;137 445;B01;2;33;0;2;8;18;1;
55787;202100035939;137 446;A01;2;7;0;2;2;16;1;
55788;202100035940;137 443;A01;2;30;0;2;2;5;1;
55789;202100035940;137 444;B01;1;1;0;2;2;1;5;
55790;202100035941;137 442;A01;1;1;0;1;2;1;5;
55791;202100035942;137 440;A01;1;80;0;2;1;1;3;
55792;202100035942;137 441;B01;1;7;0;2;7;22;1;
55793;202100035943;137 438;A01;2;30;0;2;5;17;1;
55794;202100035943;137 439;B01;2;1;0;2;4;1;5;
55795;202100035944;137 436;B01;1;30;0;2;7;17;3;
55796;202100035944;137 437;A01;1;10;0;2;8;15;6;
55797;202100035945;137 434;B01;2;33;0;2;1;13;1;
55798;202100035945;137 435;A01;1;10;0;2;3;23;1;
55799;202100035946;137 431;A01;2;7;0;2;7;22;1;
55800;202100035946;137 432;B01;2;30;0;2;1;18;1;
55801;202100035946;137 433;C01;2;7;0;2;3;1;1;
55802;202100035947;137 429;A01;1;7;0;2;2;13;1;
55803;202100035947;137 430;B01;1;1;0;2;8;17;5;
55804;202100035948;137 428;A01;1;50;0;0;0;1;3;
55805;202100035949;137 426;B01;2;1;0;2;1;17;5;
55806;202100035949;137 427;A01;2;7;0;2;8;22;2;
55807;202100035951;137 422;B01;1;2;0;2;1;0;1;
55808;202100035951;137 423;A01;1;7;0;2;2;0;1;
55809;202100035952;137 420;Y01;1;1;1;0;7;18;5;
55810;202100035952;137 421;A01;1;7;0;2;2;23;1;
55811;202100035953;137 418;B01;1;33;0;2;9;1;1;
55812;202100035953;137 419;A01;1;10;0;2;2;15;1;
55813;202100035954;137 416;A01;1;10;0;2;7;16;1;
55814;202100035954;137 417;B01;1;1;0;0;0;0;5;
55815;202100035955;137 414;A01;2;7;0;2;1;9;1;
55816;202100035955;137 415;B01;2;1;0;2;3;9;5;
55817;202100035956;137 412;A01;2;7;0;2;1;1;1;
55818;202100035956;137 413;B01;1;50;0;2;1;1;3;
55819;202100035957;137 410;A01;1;34;0;2;8;9;1;
55820;202100035957;137 411;B01;1;7;0;2;2;1;1;
55821;202100035958;137 409;A01;3;34;0;1;2;1;1;
55822;202100035959;137 407;A01;1;34;1;0;8;1;1;
55823;202100035959;137 408;B01;1;3;0;2;2;14;1;
55824;202100035960;137 405;A01;3;0;0;2;4;1;3;
55825;202100035960;137 406;B01;3;7;0;9;2;0;1;
55826;202100035961;137 403;B01;1;50;0;2;0;0;3;
55827;202100035961;137 404;A01;1;7;0;9;1;16;1;
55828;202100035962;137 401;B01;3;7;0;2;2;16;0;
55829;202100035962;137 402;A01;3;7;0;2;3;1;0;
55830;202100035963;137 399;A01;0;7;0;2;2;1;1;
55831;202100035963;137 400;B01;0;1;0;2;3;19;5;
55832;202100035964;137 397;B01;3;30;0;2;7;19;1;
55833;202100035964;137 398;A01;3;7;0;2;1;15;1;
55834;202100035965;137 396;A01;1;7;0;1;1;1;1;
55835;202100035966;137 394;B01;1;33;0;2;1;1;1;
55836;202100035966;137 395;A01;1;7;0;2;8;15;1;
55837;202100035967;137 392;B01;3;10;1;2;5;13;1;
55838;202100035967;137 393;A01;1;30;1;2;5;26;1;
55839;202100035968;137 390;B01;2;2;0;2;8;1;1;
55840;202100035968;137 391;A01;2;7;0;2;7;14;1;
55841;202100035969;137 389;A01;2;1;0;1;1;7;5;
55842;202100035970;137 387;A01;1;7;0;2;3;1;1;
55843;202100035970;137 388;B01;1;30;0;2;1;1;1;
55844;202100035971;137 385;A01;1;7;0;2;2;16;1;
55845;202100035971;137 386;B01;1;2;0;2;1;7;1;
55846;202100035972;137 383;A01;3;34;0;2;1;12;1;
55847;202100035972;137 384;B01;3;7;0;2;4;23;1;
55848;202100035973;137 382;A01;3;32;0;1;0;0;0;
55849;202100035974;137 380;A01;3;7;0;2;1;2;1;
55850;202100035974;137 381;B01;3;7;0;2;4;1;1;
55851;202100035975;137 379;A01;3;1;0;0;0;1;5;
55852;202100035976;137 378;A01;2;7;13;0;1;14;1;
55853;202100035977;137 376;B01;3;10;0;2;8;1;1;
55854;202100035977;137 377;A01;3;2;0;2;1;1;1;
55855;202100035978;137 374;B01;1;10;0;2;2;1;1;
55856;202100035978;137 375;A01;1;1;0;2;8;9;5;
55857;202100035979;137 372;A01;1;7;0;2;1;13;1;
55858;202100035979;137 373;B01;2;7;0;2;1;1;1;
55859;202100035980;137 370;B01;2;7;0;2;6;1;1;
55860;202100035980;137 371;A01;1;7;0;2;2;9;1;
55861;202100035981;137 368;A01;3;7;0;2;3;13;1;
55862;202100035981;137 369;B01;3;31;0;0;3;1;1;
55863;202100035982;137 366;B01;2;33;0;2;1;1;1;
55864;202100035982;137 367;A01;1;14;0;2;6;9;1;
55865;202100035983;137 365;A01;3;7;8;0;1;14;1;
55866;202100035984;137 363;A01;1;7;0;2;1;1;1;
55867;202100035984;137 364;B01;2;10;0;2;1;5;1;
55868;202100035985;137 361;B01;2;1;0;2;5;1;5;
55869;202100035985;137 362;A01;2;7;0;9;1;1;1;
55870;202100035986;137 360;A01;1;10;0;1;2;1;1;
55871;202100035987;137 359;A01;1;1;0;0;0;1;5;
55872;202100035988;137 357;A01;2;33;0;2;1;1;1;
55873;202100035988;137 358;B01;1;7;0;2;6;1;1;
55874;202100035989;137 356;A01;2;7;16;0;1;1;1;
55875;202100035990;137 355;A01;3;7;13;0;1;16;1;
55876;202100035991;137 353;A01;1;7;0;2;2;15;1;
55877;202100035991;137 354;B01;2;7;0;2;1;21;2;
55878;202100035992;137 352;A01;3;36;0;0;1;1;1;
55879;202100035993;137 350;A01;2;33;0;2;3;13;1;
55880;202100035993;137 351;B01;1;7;0;2;3;21;1;
55881;202100035994;137 349;A01;2;7;12;9;7;26;1;
55882;202100035995;137 347;B01;2;10;0;2;8;1;1;
55883;202100035995;137 348;A01;3;50;0;2;1;19;3;
55884;202100035996;137 346;A01;1;7;8;0;1;1;1;
55885;202100035997;137 344;A01;1;7;0;2;1;19;1;
55886;202100035997;137 345;B01;2;7;0;2;8;1;1;
55887;202100035998;137 342;A01;2;7;0;2;3;1;1;
55888;202100035998;137 343;B01;1;15;0;0;3;1;1;
55889;202100035999;137 340;B01;1;7;0;2;1;1;1;
55890;202100035999;137 341;A01;2;7;0;2;1;1;1;
55891;202100036000;137 338;A01;2;7;1;0;1;14;1;
55892;202100036000;137 339;B01;2;7;3;2;7;14;1;
55893;202100036001;137 336;B01;2;7;0;2;1;1;1;
55894;202100036001;137 337;A01;1;10;0;2;1;5;1;
55895;202100036003;137 331;A01;1;7;6;0;8;1;1;
55896;202100036004;137 328;B01;1;7;0;2;3;1;1;
55897;202100036004;137 329;A01;2;10;0;2;3;1;1;
55898;202100036005;137 326;A01;2;37;0;2;3;1;1;1.0
55899;202100036005;137 327;B01;1;7;0;2;3;5;0;
55900;202100036006;137 325;A01;1;33;13;0;2;1;1;
55901;202100036007;137 324;A01;1;7;0;1;3;1;2;
55902;202100036008;137 323;A01;2;7;16;0;1;2;1;
55903;202100036009;137 321;A01;1;1;0;2;1;2;5;
55904;202100036009;137 322;B01;1;1;0;2;4;1;5;
55905;202100036010;137 320;A01;2;2;17;0;0;1;1;
55906;202100036011;137 318;B01;2;7;0;0;1;1;1;
55907;202100036011;137 319;A01;1;10;0;2;2;10;1;
55908;202100036013;137 315;B01;2;33;0;2;2;1;1;
55909;202100036013;137 316;A01;1;7;0;2;3;15;1;
55910;202100036014;137 314;A01;1;7;0;1;2;2;1;
55911;202100036015;137 312;A01;2;10;0;2;1;17;1;
55912;202100036015;137 313;B01;1;15;0;2;1;1;1;
55913;202100036016;137 310;B01;1;14;0;2;7;17;1;
55914;202100036016;137 311;A01;1;2;0;2;1;15;1;
55915;202100036017;137 309;A01;1;7;13;0;2;21;1;
55916;202100036018;137 307;A01;2;7;0;0;8;2;1;
55917;202100036018;137 308;B01;1;7;0;0;3;2;1;
55918;202100036019;137 306;A01;2;7;0;1;1;1;1;
55919;202100036020;137 304;A01;2;7;0;2;6;15;1;
55920;202100036020;137 305;B01;2;34;0;2;2;17;0;
55921;202100036021;137 301;C01;1;10;0;2;1;21;1;
55922;202100036021;137 302;B01;1;10;0;2;1;0;1;
55923;202100036021;137 303;A01;2;10;0;2;1;13;1;
55924;202100036022;137 299;A01;1;7;0;2;3;13;1;
55925;202100036022;137 300;B01;2;7;0;2;3;1;1;
55926;202100036023;137 297;B01;2;7;0;2;1;1;1;
55927;202100036023;137 298;A01;1;10;0;2;1;17;1;
55928;202100036024;137 296;A01;2;7;4;0;9;1;1;
55929;202100036025;137 293;A01;1;7;0;2;3;2;1;
55930;202100036025;137 294;B01;1;33;4;2;2;2;1;
55931;202100036026;137 291;A01;2;3;0;2;7;19;1;
55932;202100036026;137 292;B01;1;7;0;2;3;1;1;
55933;202100036027;137 289;B01;3;1;0;2;7;1;5;
55934;202100036027;137 290;A01;3;7;0;2;3;26;1;
55935;202100036028;137 287;B01;3;7;0;2;3;15;1;
55936;202100036028;137 288;A01;1;34;0;0;1;17;1;
55937;202100036029;137 285;A01;2;7;0;2;7;17;1;
55938;202100036029;137 286;B01;2;1;0;2;8;1;5;
55939;202100036030;137 283;A01;1;7;0;2;2;15;1;
55940;202100036030;137 284;B01;2;7;0;2;3;1;1;
55941;202100036031;137 281;A01;1;10;0;0;6;23;1;
55942;202100036031;137 282;B01;1;33;0;2;1;1;1;
55943;202100036034;137 277;B01;1;7;0;2;5;2;1;
55944;202100036034;137 278;A01;1;1;0;2;8;2;5;
55945;202100036035;137 275;A01;1;33;0;2;2;17;1;
55946;202100036035;137 276;B01;1;7;0;2;3;1;1;
55947;202100036036;137 274;A01;2;7;0;0;1;0;1;
55948;202100036037;137 272;B01;0;1;0;2;8;15;5;
55949;202100036037;137 273;A01;2;7;0;0;1;1;1;
55950;202100036039;137 269;A01;2;7;3;0;8;1;1;
55951;202100036040;137 267;A01;1;7;0;2;1;1;2;
55952;202100036040;137 268;B01;1;33;0;2;4;1;1;
55953;202100036041;137 264;C01;1;7;0;2;4;0;1;
55954;202100036041;137 265;B01;1;7;0;2;4;26;1;
55955;202100036041;137 266;A01;1;7;0;2;1;26;1;
55956;202100036042;137 262;B01;2;7;0;2;8;1;1;
55957;202100036042;137 263;A01;2;13;0;2;2;12;1;
55958;202100036044;137 257;A01;1;7;0;2;1;17;1;
55959;202100036044;137 258;B01;1;7;0;2;1;1;1;
55960;202100036045;137 255;Z01;1;7;0;2;1;0;0;
55961;202100036045;137 256;A01;1;30;0;2;4;1;1;
55962;202100036046;137 253;B01;1;7;0;2;5;2;1;
55963;202100036046;137 254;A01;1;34;0;2;1;2;1;
55964;202100036047;137 251;A01;3;30;0;2;3;1;1;
55965;202100036047;137 252;B01;3;50;0;2;1;25;3;
55966;202100036048;137 250;A01;1;30;15;0;1;15;1;
55967;202100036049;137 249;A01;2;7;6;0;1;1;1;
55968;202100036050;137 247;A01;3;7;0;2;6;2;1;
55969;202100036050;137 248;B01;3;2;0;0;0;0;1;
55970;202100036051;137 245;B01;1;33;0;2;1;1;1;
55971;202100036051;137 246;A01;1;7;0;2;3;15;1;
55972;202100036052;137 244;A01;2;7;1;0;7;21;1;
55973;202100036053;137 241;B01;3;7;0;2;4;1;1;
55974;202100036053;137 242;A01;1;7;0;2;1;2;1;
55975;202100036053;137 243;C01;3;7;0;2;4;2;1;
55976;202100036054;137 239;A01;2;7;0;2;8;15;1;
55977;202100036054;137 240;B01;2;33;0;2;7;1;1;
55978;202100036055;137 234;A01;2;33;0;2;4;23;1;
55979;202100036055;137 235;B01;2;2;0;2;1;1;1;
55980;202100036056;137 233;A01;3;7;2;0;2;1;1;
55981;202100036058;137 228;Z01;3;7;5;1;1;1;1;
55982;202100036059;137 226;B01;2;50;0;2;1;26;3;
55983;202100036059;137 227;A01;1;7;0;9;2;26;1;
55984;202100036060;137 224;A01;3;7;0;2;3;1;1;
55985;202100036060;137 225;B01;3;7;0;2;7;0;1;
55986;202100036061;137 223;A01;3;7;0;1;1;20;1;
55987;202100036062;137 221;B01;3;3;0;2;1;15;0;
55988;202100036062;137 222;A01;3;3;0;2;3;1;0;
55989;202100036063;137 219;Z01;0;7;0;9;8;26;1;
55990;202100036063;137 220;B01;1;50;0;2;8;15;3;
55991;202100036064;137 217;B01;1;7;0;9;1;1;1;
55992;202100036064;137 218;A01;1;1;0;2;1;25;5;
55993;202100036065;137 216;A01;3;7;7;0;1;26;1;
55994;202100036066;137 214;B01;1;2;0;2;7;17;1;
55995;202100036066;137 215;A01;1;1;0;2;8;1;5;
55996;202100036067;137 213;A01;0;7;6;0;1;13;1;
55997;202100036068;137 211;B01;3;33;0;2;1;1;1;
55998;202100036068;137 212;A01;3;7;0;2;7;1;1;
55999;202100036069;137 210;A01;2;7;13;0;1;14;1;
56000;202100036070;137 209;A01;3;1;0;0;0;1;5;
56001;202100036071;137 207;B01;2;7;0;2;1;0;0;
56002;202100036071;137 208;A01;1;7;14;2;1;26;0;
56003;202100036072;137 206;A01;1;7;0;1;4;4;1;
56004;202100036073;137 204;A01;2;7;0;2;3;15;1;
56005;202100036073;137 205;B01;2;1;0;2;8;1;5;
56006;202100036074;137 201;A01;1;32;0;2;1;18;1;
56007;202100036074;137 202;B01;1;7;0;2;2;1;1;
56008;202100036074;137 203;C01;1;7;0;2;5;1;1;
56009;202100036075;137 199;A01;2;7;0;2;3;15;1;
56010;202100036075;137 200;B01;2;32;0;2;1;2;1;
56011;202100036078;137 193;A01;3;34;0;2;1;3;0;
56012;202100036078;137 194;B01;3;7;0;2;4;1;1;
56013;202100036080;137 190;B01;1;7;0;0;0;0;1;
56014;202100036080;137 191;A01;1;7;0;0;0;0;1;
56015;202100036081;137 188;B01;3;7;0;2;4;1;1;
56016;202100036081;137 189;A01;3;33;0;2;1;2;1;
56017;202100036082;137 187;A01;1;7;0;1;3;1;1;
56018;202100036083;137 185;B01;3;33;0;2;7;1;1;
56019;202100036083;137 186;A01;3;7;0;2;1;1;1;
56020;202100036084;137 184;A01;1;7;9;0;2;16;1;
56021;202100036085;137 182;B01;3;31;0;2;7;1;1;
56022;202100036085;137 183;Z01;0;33;0;0;0;0;0;
56023;202100036086;137 180;B01;3;7;0;9;3;2;1;
56024;202100036086;137 181;A01;3;32;0;2;3;17;1;
56025;202100036087;137 178;B01;2;7;0;2;6;20;1;
56026;202100036087;137 179;A01;2;7;0;2;2;21;1;
56027;202100036088;137 174;B01;1;7;0;2;4;1;1;
56028;202100036088;137 175;A01;1;7;0;2;1;1;1;
56029;202100036088;137 176;D01;1;7;0;2;4;1;1;
56030;202100036088;137 177;C01;1;7;0;2;4;1;1;
56031;202100036089;137 172;A01;1;7;0;2;1;2;2;
56032;202100036089;137 173;B01;1;7;0;2;4;23;1;
56033;202100036090;137 170;B01;1;7;0;2;7;14;1;
56034;202100036090;137 171;A01;1;33;0;2;3;3;1;
56035;202100036092;137 166;B01;2;7;0;2;5;12;1;
56036;202100036092;137 167;A01;2;33;0;2;1;3;1;
56037;202100036093;137 163;C01;3;1;0;2;4;2;5;
56038;202100036093;137 164;B01;3;1;0;2;4;2;5;
56039;202100036093;137 165;A01;3;1;0;2;1;2;5;
56040;202100036096;137 158;B01;1;7;0;2;7;1;3;
56041;202100036096;137 159;A01;0;80;0;2;8;11;3;
56042;202100036098;137 154;A01;2;1;0;2;1;1;5;
56043;202100036098;137 155;B01;1;7;0;2;5;16;2;
56044;202100036099;137 153;A01;1;31;14;0;2;18;1;
56045;202100036100;137 151;A01;2;34;0;2;3;7;1;
56046;202100036100;137 152;B01;2;7;0;2;7;12;1;
56047;202100036101;137 149;A01;1;7;0;2;7;16;1;
56048;202100036101;137 150;B01;1;30;0;2;1;16;1;
56049;202100036102;137 148;A01;2;43;12;0;1;13;1;
56050;202100036103;137 146;A01;1;7;0;2;3;22;1;
56051;202100036103;137 147;B01;1;1;0;2;2;1;5;
56052;202100036104;137 145;Z01;1;50;0;1;3;1;3;
56053;202100036105;137 143;A01;2;7;1;0;1;26;1;
56054;202100036105;137 144;B01;1;32;1;0;1;17;1;
56055;202100036106;137 141;B01;2;7;0;2;1;1;1;
56056;202100036106;137 142;A01;1;30;0;2;1;26;1;
56057;202100036107;137 139;B01;2;7;0;2;2;1;1;
56058;202100036107;137 140;A01;1;30;0;2;7;1;1;
56059;202100036108;137 138;A01;1;33;4;0;3;13;1;
56060;202100036109;137 137;Z01;3;32;0;1;8;25;0;
56061;202100036110;137 134;B01;0;7;0;2;0;0;1;
56062;202100036110;137 135;A01;0;7;0;2;6;1;1;
56063;202100036110;137 136;C01;0;7;0;2;0;0;0;
56064;202100036111;137 133;A01;3;7;0;1;3;20;1;
56065;202100036112;137 131;A01;1;13;0;2;1;26;1;
56066;202100036112;137 132;B01;1;7;0;2;4;26;1;
56067;202100036113;137 129;A01;2;7;0;2;3;15;1;
56068;202100036113;137 130;B01;2;34;0;2;2;1;1;
56069;202100036114;137 126;A01;1;32;1;2;1;18;1;
56070;202100036114;137 127;B01;1;7;0;2;2;1;3;
56071;202100036114;137 128;C01;1;7;0;2;3;24;1;
56072;202100036115;137 125;A01;1;7;6;0;2;15;1;
56073;202100036116;137 124;A01;1;33;0;0;8;1;1;
56074;202100036117;137 122;A01;3;7;8;2;2;15;1;
56075;202100036117;137 123;B01;2;7;0;2;3;1;1;
56076;202100036119;137 119;A01;2;7;0;2;3;9;1;
56077;202100036119;137 120;B01;2;1;0;2;2;1;5;
56078;202100036120;137 118;A01;2;33;0;0;0;1;1;
56079;202100036121;137 116;B01;3;7;0;2;1;15;1;
56080;202100036121;137 117;A01;3;34;0;2;1;2;1;
56081;202100036122;137 114;B01;2;17;0;2;3;21;1;
56082;202100036122;137 115;A01;1;7;0;2;3;13;1;
56083;202100036123;137 112;B01;2;7;0;2;2;1;0;
56084;202100036123;137 113;A01;1;2;0;2;1;13;1;
56085;202100036124;137 111;A01;0;2;6;0;7;0;1;
56086;202100036125;137 110;A01;2;7;13;0;3;1;1;
56087;202100036126;137 108;A01;2;2;0;2;1;13;1;
56088;202100036126;137 109;B01;1;7;0;2;1;1;1;
56089;202100036127;137 107;A01;2;1;0;5;4;0;0;
56090;202100036128;137 105;B01;1;7;0;0;7;15;1;
56091;202100036128;137 106;A01;2;38;0;2;2;1;1;1.0
56092;202100036130;137 099;A01;2;15;0;0;0;1;1;
56093;202100036130;137 100;B01;1;7;0;9;6;5;1;
56094;202100036130;137 101;C01;2;7;0;2;1;5;1;
56095;202100036130;137 102;D01;1;7;0;9;0;5;1;
56096;202100036130;137 103;E01;1;7;0;9;1;5;1;
56097;202100036131;137 098;A01;1;7;2;0;7;13;1;
56098;202100036132;137 096;A01;1;7;14;2;8;6;1;
56099;202100036132;137 097;B01;1;13;0;0;8;1;1;
56100;202100036133;137 095;A01;1;36;15;0;1;0;1;
56101;202100036135;137 092;A01;2;7;8;0;8;13;1;
56102;202100036136;137 091;A01;-1;1;0;0;0;1;5;
56103;202100036137;137 090;A01;1;33;7;0;2;1;1;
56104;202100036138;137 088;B01;3;33;8;0;7;21;1;
56105;202100036138;137 089;A01;3;7;0;0;0;9;0;
56106;202100036139;137 086;A01;2;7;0;2;7;15;1;
56107;202100036139;137 087;B01;1;1;0;2;1;18;5;
56108;202100036140;137 084;A01;2;7;0;0;8;15;1;
56109;202100036140;137 085;B01;1;2;0;2;1;1;1;
56110;202100036141;137 083;A01;3;17;0;1;0;1;1;
56111;202100036142;137 080;C01;3;1;0;2;0;2;5;
56112;202100036142;137 081;B01;3;1;0;2;0;1;5;
56113;202100036142;137 082;A01;3;1;0;2;4;17;5;
56114;202100036143;137 078;B01;2;7;0;2;8;15;1;
56115;202100036143;137 079;A01;1;2;0;2;1;1;1;
56116;202100036144;137 077;A01;1;33;4;0;7;1;1;
56117;202100036145;137 076;A01;1;1;0;0;0;26;5;
56118;202100036146;137 074;A01;2;7;0;2;1;13;1;
56119;202100036146;137 075;B01;1;7;0;2;1;0;1;
56120;202100036147;137 072;B01;2;7;0;2;1;1;1;
56121;202100036147;137 073;A01;1;7;0;2;3;16;1;
56122;202100036148;137 070;B01;2;13;0;2;3;1;1;
56123;202100036148;137 071;A01;1;7;0;2;3;1;1;
56124;202100036149;137 069;A01;1;33;0;0;8;1;1;
56125;202100036150;137 068;A01;2;15;0;0;0;1;1;
56126;202100036151;137 067;A01;0;31;2;0;1;0;1;
56127;202100036152;137 065;A01;0;7;0;2;1;2;1;
56128;202100036152;137 066;B01;0;7;0;0;4;15;1;
56129;202100036153;137 064;A01;2;7;8;0;2;21;1;
56130;202100036154;137 063;A01;2;2;13;0;1;14;1;
56131;202100036155;137 062;A01;1;7;2;0;3;1;1;
56132;202100036156;137 060;B01;1;7;0;0;6;15;1;
56133;202100036156;137 061;A01;1;7;0;0;2;1;1;
56134;202100036157;137 059;A01;1;7;1;0;0;2;1;
56135;202100036158;137 058;A01;1;33;0;0;9;2;1;
56136;202100036159;137 057;A01;1;7;4;0;1;9;1;
56137;202100036160;137 055;A01;2;10;0;2;1;15;1;
56138;202100036160;137 056;B01;1;7;0;2;1;1;1;
56139;202100036161;137 054;A01;2;7;0;0;0;1;1;
56140;202100036162;137 053;A01;2;7;17;0;3;1;1;
56141;202100036163;137 051;A01;3;1;0;2;0;1;5;