;Num_Acc;id_vehicule;num_veh;senc;catv;obs;obsm;choc;manv;motor;occutc
56142;202100036163;137 052;B01;3;7;0;9;3;1;1;
56143;202100036164;137 049;A01;2;7;0;0;3;15;1;
56144;202100036164;137 050;B01;1;15;0;2;2;1;1;
56145;202100036166;137 045;A01;2;7;13;0;9;17;1;
56146;202100036167;137 043;A01;1;10;0;2;2;2;1;
56147;202100036167;137 044;B01;1;15;0;0;0;1;1;
56148;202100036169;137 039;A01;3;2;0;2;1;1;1;
56149;202100036169;137 040;B01;0;7;0;0;3;1;1;
56150;202100036171;137 036;A01;1;33;0;5;1;1;1;
56151;202100036172;137 035;A01;2;10;13;0;2;2;1;
56152;202100036173;137 033;A01;0;2;0;2;1;2;1;
56153;202100036173;137 034;B01;3;7;0;0;4;1;1;
56154;202100036174;137 032;A01;3;10;0;1;1;1;1;
56155;202100036175;137 031;A01;1;7;17;0;3;13;1;
56156;202100036176;137 030;A01;2;7;2;0;7;14;1;
56157;202100036177;137 028;B01;3;1;0;2;1;0;5;
56158;202100036177;137 029;A01;0;7;0;9;2;0;1;
56159;202100036178;137 026;B01;1;7;0;0;8;1;1;
56160;202100036178;137 027;A01;2;33;0;2;8;17;1;
56161;202100036179;137 024;B01;1;7;0;2;1;13;1;
56162;202100036179;137 025;A01;2;7;0;2;1;1;1;
56163;202100036180;137 022;B01;2;2;0;2;1;1;1;
56164;202100036180;137 023;A01;1;7;0;2;2;15;1;
56165;202100036181;137 020;B01;1;7;6;0;1;24;1;
56166;202100036181;137 021;A01;1;7;1;0;1;1;1;
56167;202100036182;137 018;A01;0;7;0;2;1;1;1;
56168;202100036182;137 019;B01;0;7;0;2;1;13;1;
56169;202100036183;137 016;A01;1;7;0;2;7;19;1;
56170;202100036183;137 017;B01;1;7;0;2;1;1;1;
56171;202100036184;137 015;A01;3;38;0;1;7;20;1;1.0
56172;202100036186;137 012;A01;1;33;0;0;7;6;1;
56173;202100036187;137 010;A01;2;7;0;2;2;9;1;
56174;202100036187;137 011;B01;1;31;0;2;7;17;1;
56175;202100036188;137 009;A01;1;7;13;0;1;0;1;
56176;202100036189;137 008;A01;1;32;14;0;8;26;1;
56177;202100036190;137 006;B01;1;7;0;2;4;1;1;
56178;202100036190;137 007;A01;1;7;0;2;1;1;1;
56179;202100036191;137 004;A01;2;10;0;2;6;1;1;
56180;202100036191;137 005;B01;2;33;3;2;3;17;1;
56181;202100036192;136 999;C01;2;7;0;2;4;2;1;
56182;202100036192;137 000;D01;2;7;0;2;4;1;1;
56183;202100036192;137 001;E01;2;14;0;2;1;1;1;
56184;202100036192;137 002;A01;2;7;0;2;4;1;1;
56185;202100036192;137 003;B01;2;7;0;2;4;1;1;
56186;202100036193;136 997;B01;1;33;0;2;1;1;1;
56187;202100036193;136 998;A01;1;7;0;2;4;26;1;
56188;202100036194;136 994;C01;1;7;0;2;1;2;1;
56189;202100036194;136 995;B01;2;7;0;2;1;2;1;
56190;202100036194;136 996;A01;2;7;0;2;4;2;1;
56191;202100036195;136 990;A01;2;7;0;2;4;2;1;
56192;202100036195;136 991;B01;2;32;0;2;1;2;1;
56193;202100036196;136 989;A01;2;7;4;0;1;26;1;
56194;202100036197;136 987;A01;2;7;0;2;1;2;1;
56195;202100036197;136 988;B01;2;7;0;0;0;0;1;
56196;202100036198;136 985;B01;2;7;0;0;4;2;1;
56197;202100036198;136 986;A01;2;10;0;2;1;1;1;
56198;202100036199;136 983;B01;2;33;0;2;1;3;1;
56199;202100036199;136 984;A01;2;7;0;2;4;2;1;
56200;202100036200;136 981;B01;1;7;0;2;5;2;1;
56201;202100036200;136 982;A01;1;33;0;2;3;12;1;
56202;202100036201;136 980;A01;2;7;4;0;1;1;1;
56203;202100036203;136 977;A01;2;31;4;0;0;26;1;
56204;202100036204;136 975;A01;1;7;0;2;2;2;1;
56205;202100036204;136 976;B01;1;33;0;2;4;1;1;
56206;202100036205;136 973;B01;2;7;0;2;4;2;1;
56207;202100036205;136 974;A01;2;7;0;2;1;2;1;
56208;202100036207;136 968;A01;1;7;0;2;1;2;1;
56209;202100036207;136 969;B01;1;7;0;2;4;2;1;
56210;202100036208;136 967;A01;1;7;4;0;3;9;1;
56211;202100036209;136 965;A01;2;7;0;2;5;1;1;
56212;202100036209;136 966;B01;2;33;0;2;1;3;1;
56213;202100036210;136 962;A01;1;7;0;2;1;1;1;
56214;202100036210;136 963;B01;1;7;0;2;4;9;1;
56215;202100036210;136 964;C01;1;7;0;2;4;1;1;
56216;202100036211;136 960;B01;2;14;0;2;3;1;1;
56217;202100036211;136 961;A01;2;7;4;2;9;1;1;
56218;202100036212;136 959;A01;1;7;0;1;0;1;1;
56219;202100036213;136 958;A01;2;7;0;1;1;1;1;
56220;202100036214;136 956;A01;1;32;0;2;6;26;1;
56221;202100036214;136 957;B01;1;7;0;2;1;0;1;
56222;202100036215;136 955;A01;1;7;0;1;3;15;1;
56223;202100036216;136 954;A01;3;7;12;0;1;1;1;
56224;202100036217;136 952;B01;1;2;0;2;1;1;1;
56225;202100036217;136 953;A01;1;10;0;9;2;16;1;
56226;202100036218;136 950;B01;2;7;0;2;1;1;1;
56227;202100036218;136 951;A01;1;7;0;2;8;1;1;
56228;202100036219;136 949;A01;1;50;0;1;1;25;3;
56229;202100036220;136 947;A01;2;7;0;2;1;15;1;
56230;202100036220;136 948;B01;1;1;0;2;1;1;5;
56231;202100036221;136 945;B01;1;7;0;2;1;1;1;
56232;202100036221;136 946;A01;1;7;0;2;1;1;1;
56233;202100036222;136 943;B01;1;33;0;2;1;7;1;
56234;202100036222;136 944;A01;1;7;0;2;2;16;2;
56235;202100036224;136 939;A01;3;32;0;2;5;1;1;
56236;202100036224;136 940;B01;3;10;0;2;1;16;1;
56237;202100036225;136 935;B01;2;7;0;2;8;1;1;
56238;202100036225;136 936;A01;1;7;0;2;3;13;1;
56239;202100036225;136 937;C01;2;7;0;2;1;1;1;
56240;202100036226;136 933;A01;1;7;0;2;1;13;1;
56241;202100036226;136 934;B01;1;7;0;2;1;0;1;
56242;202100036227;136 932;A01;0;7;0;1;1;1;1;
56243;202100036228;136 930;A01;0;7;0;2;3;1;1;
56244;202100036228;136 931;B01;0;7;0;2;3;1;1;
56245;202100036229;136 926;B01;2;60;0;2;0;0;5;
56246;202100036229;136 927;A01;1;7;0;9;3;9;1;
56247;202100036230;136 924;B01;1;33;0;2;2;17;1;
56248;202100036230;136 925;A01;1;7;0;2;3;10;1;
56249;202100036231;136 923;A01;1;7;0;1;5;1;1;
56250;202100036232;136 919;B01;1;33;0;2;1;2;1;
56251;202100036232;136 920;A01;1;7;0;2;6;23;1;
56252;202100036233;136 917;A01;3;10;0;2;3;15;1;
56253;202100036233;136 918;B01;1;7;0;2;7;1;1;
56254;202100036234;136 915;B01;1;30;0;2;3;26;1;
56255;202100036234;136 916;A01;1;7;0;2;3;9;1;
56256;202100036236;136 912;A01;2;7;0;1;2;1;1;
56257;202100036237;136 911;A01;0;33;0;1;2;26;1;
56258;202100036238;136 909;B01;1;2;0;2;1;1;1;
56259;202100036238;136 910;A01;3;7;0;2;8;1;1;
56260;202100036239;136 907;A01;1;7;0;2;2;2;1;
56261;202100036239;136 908;B01;1;1;0;2;4;1;5;
56262;202100036240;136 905;B01;1;1;0;2;1;1;5;
56263;202100036240;136 906;A01;2;7;0;2;6;9;1;
56264;202100036241;136 903;A01;1;7;0;2;7;1;1;
56265;202100036241;136 904;B01;1;30;0;2;8;11;0;
56266;202100036242;136 902;A01;1;7;1;0;0;0;1;
56267;202100036243;136 899;B01;3;10;0;2;3;1;1;
56268;202100036243;136 900;C01;3;30;0;2;1;1;1;
56269;202100036243;136 901;A01;3;7;0;2;1;13;1;
56270;202100036244;136 895;B01;1;33;0;2;1;1;1;
56271;202100036244;136 896;A01;1;7;0;2;8;15;1;
56272;202100036245;136 892;C01;1;7;0;2;2;0;1;
56273;202100036245;136 893;B01;1;7;0;2;8;1;1;
56274;202100036245;136 894;A01;2;7;0;2;1;5;1;
56275;202100036246;136 890;A01;3;10;0;2;5;15;1;
56276;202100036246;136 891;B01;3;33;0;2;1;1;1;
56277;202100036247;136 888;A01;1;7;0;2;3;15;0;
56278;202100036247;136 889;B01;1;30;0;2;7;17;1;
56279;202100036248;136 887;A01;1;34;0;0;0;1;1;
56280;202100036249;136 886;A01;1;7;15;0;0;14;1;
56281;202100036250;136 884;B01;2;7;0;2;2;1;1;
56282;202100036250;136 885;A01;2;30;0;2;3;26;1;
56283;202100036251;136 883;A01;1;30;3;0;1;1;1;
56284;202100036252;136 879;A01;1;7;0;2;3;9;1;
56285;202100036252;136 880;B01;1;7;0;2;7;1;1;
56286;202100036253;136 877;A01;3;2;0;2;1;19;1;
56287;202100036253;136 878;B01;3;10;0;2;1;1;1;
56288;202100036254;136 875;A01;1;7;0;2;1;15;1;
56289;202100036254;136 876;B01;1;7;0;2;1;1;1;
56290;202100036255;136 874;A01;2;7;0;1;3;0;0;
56291;202100036256;136 872;A01;1;7;0;2;8;1;1;
56292;202100036256;136 873;Z01;0;7;0;2;1;15;1;
56293;202100036257;136 871;A01;3;7;13;0;9;6;1;
56294;202100036258;136 870;A01;1;10;0;1;2;16;1;
56295;202100036259;136 867;B01;2;7;0;2;6;11;1;
56296;202100036259;136 868;A01;2;33;0;2;2;3;1;
56297;202100036260;136 865;A01;1;7;0;2;8;1;1;
56298;202100036260;136 866;Z01;1;10;0;2;2;12;1;
56299;202100036261;136 863;A01;2;7;0;2;1;2;1;
56300;202100036261;136 864;B01;2;7;0;2;4;2;1;
56301;202100036262;136 861;B01;2;7;0;2;3;1;1;
56302;202100036262;136 862;A01;2;7;0;2;5;12;1;
56303;202100036263;136 858;B01;3;7;0;2;8;2;2;
56304;202100036263;136 859;C01;3;7;0;2;8;2;1;
56305;202100036263;136 860;A01;3;7;0;2;2;13;0;
56306;202100036264;136 856;A01;1;1;0;2;2;9;5;
56307;202100036264;136 857;Z01;1;7;0;2;3;1;0;
56308;202100036265;136 854;A01;1;80;0;2;2;1;3;
56309;202100036265;136 855;B01;1;7;0;2;3;22;1;
56310;202100036266;136 852;Z01;1;50;0;2;1;1;3;
56311;202100036266;136 853;A01;1;1;0;2;2;5;5;
56312;202100036267;136 850;A01;2;43;0;2;1;2;1;
56313;202100036267;136 851;B01;2;43;0;2;4;23;1;
56314;202100036268;136 848;B01;2;10;0;2;3;22;1;
56315;202100036268;136 849;A01;2;1;0;2;1;1;5;
56316;202100036269;136 847;A01;2;50;0;0;7;1;3;
56317;202100036270;136 846;A01;1;60;0;0;0;14;5;
56318;202100036271;136 845;A01;1;7;9;0;0;1;1;
56319;202100036272;136 844;A01;0;10;0;1;1;0;0;
56320;202100036273;136 842;A01;2;7;0;2;6;9;0;
56321;202100036273;136 843;B01;2;7;0;2;2;1;1;
56322;202100036274;136 840;B01;3;7;0;2;1;1;1;
56323;202100036274;136 841;A01;3;7;0;2;2;15;1;
56324;202100036275;136 838;B01;3;32;0;2;4;2;1;
56325;202100036275;136 839;A01;3;7;0;2;1;2;1;
56326;202100036276;136 836;A01;1;7;0;2;3;13;1;
56327;202100036276;136 837;B01;1;7;0;2;3;1;1;
56328;202100036277;136 833;A01;2;7;0;2;1;2;1;
56329;202100036277;136 834;B01;2;7;0;2;4;1;1;
56330;202100036277;136 835;C01;2;7;0;2;4;2;1;
56331;202100036278;136 832;A01;1;31;0;1;1;17;0;
56332;202100036279;136 830;B01;2;33;0;2;0;0;1;
56333;202100036279;136 831;A01;2;10;0;2;1;26;1;
56334;202100036280;136 828;A01;1;10;0;2;2;15;1;
56335;202100036280;136 829;B01;1;7;0;2;3;1;1;
56336;202100036281;136 827;A01;2;30;2;0;1;25;1;
56337;202100036283;136 823;B01;1;7;0;2;1;2;1;
56338;202100036283;136 824;A01;1;7;9;0;4;23;1;
56339;202100036284;136 822;A01;3;7;0;1;3;26;2;
56340;202100036285;136 820;A01;1;7;0;2;3;10;1;
56341;202100036285;136 821;B01;1;1;0;2;1;1;5;
56342;202100036286;136 819;A01;2;7;0;1;1;11;1;
56343;202100036287;136 818;A01;2;7;8;1;5;20;1;
56344;202100036288;136 817;A01;2;36;4;0;6;15;1;
56345;202100036289;136 815;B01;2;30;0;2;1;1;1;
56346;202100036289;136 816;A01;1;7;0;2;8;1;1;
56347;202100036290;136 813;B01;2;7;0;0;6;1;1;
56348;202100036290;136 814;A01;2;7;0;2;2;1;2;
56349;202100036293;136 810;A01;2;7;13;0;1;1;1;
56350;202100036294;136 809;A01;1;7;13;0;7;1;1;
56351;202100036295;136 808;A01;1;7;0;1;1;1;1;
56352;202100036297;136 806;A01;1;7;15;0;3;13;1;
56353;202100036298;136 804;B01;1;10;13;2;7;1;1;
56354;202100036298;136 805;A01;1;7;3;2;1;9;1;
56355;202100036299;136 802;A01;2;10;6;2;1;13;1;
56356;202100036299;136 803;B01;1;7;6;2;1;1;1;
56357;202100036300;136 800;B01;2;2;14;0;0;21;1;
56358;202100036300;136 801;A01;3;1;0;0;0;16;5;
56359;202100036301;136 799;A01;2;33;3;0;1;1;1;
56360;202100036302;136 797;B01;1;7;0;2;1;1;1;
56361;202100036302;136 798;A01;2;7;0;2;1;5;1;
56362;202100036303;136 796;A01;2;7;0;0;9;1;1;
56363;202100036304;136 794;B01;1;7;0;2;8;13;1;
56364;202100036304;136 795;A01;1;33;0;2;7;17;1;
56365;202100036305;136 793;A01;1;33;12;0;1;1;1;
56366;202100036307;136 788;B01;3;7;0;2;2;1;1;
56367;202100036307;136 789;A01;3;2;0;2;1;5;1;
56368;202100036308;136 785;B01;2;7;3;0;4;1;1;
56369;202100036308;136 786;A01;2;10;0;2;2;11;1;
56370;202100036309;136 784;A01;2;32;13;0;8;1;1;
56371;202100036310;136 783;A01;1;7;6;0;1;1;1;
56372;202100036311;136 782;A01;1;7;13;0;2;1;1;
56373;202100036312;136 780;A01;1;7;0;2;1;1;1;
56374;202100036312;136 781;B01;2;7;0;2;1;1;1;
56375;202100036313;136 779;A01;3;7;2;0;1;1;1;
56376;202100036314;136 778;A01;1;2;0;0;8;1;1;
56377;202100036315;136 777;A01;1;7;13;0;1;1;1;
56378;202100036316;136 775;B01;3;33;0;2;3;18;1;
56379;202100036316;136 776;A01;3;33;0;2;7;1;1;
56380;202100036317;136 774;A01;3;7;13;0;0;1;1;
56381;202100036318;136 773;A01;3;10;2;0;1;1;1;
56382;202100036319;136 770;A01;1;7;8;0;1;1;1;
56383;202100036320;136 769;A01;2;7;13;0;0;1;1;
56384;202100036321;136 767;B01;3;2;0;0;8;1;1;
56385;202100036321;136 768;A01;3;7;0;2;1;1;1;
56386;202100036323;136 764;B01;2;7;0;2;3;1;1;
56387;202100036323;136 765;A01;1;7;0;2;3;1;1;
56388;202100036324;136 762;A01;1;7;0;2;1;17;1;
56389;202100036324;136 763;B01;2;7;0;2;3;1;1;
56390;202100036325;136 761;A01;0;1;13;0;2;1;5;
56391;202100036326;136 759;A01;2;33;0;2;1;14;1;
56392;202100036326;136 760;B01;1;7;0;2;5;15;1;
56393;202100036327;136 757;A01;1;33;0;2;1;17;1;
56394;202100036327;136 758;B01;1;7;0;2;4;2;1;
56395;202100036328;136 756;A01;1;33;6;0;1;21;1;
56396;202100036329;136 753;A01;1;7;0;2;6;2;1;
56397;202100036329;136 754;B01;1;7;0;2;1;2;1;
56398;202100036329;136 755;C01;2;7;0;2;1;1;1;
56399;202100036330;136 752;A01;1;31;15;0;1;1;1;
56400;202100036331;136 751;A01;1;7;13;0;2;0;1;
56401;202100036332;136 750;A01;1;34;0;6;1;1;1;
56402;202100036333;136 749;A01;2;33;16;0;1;1;1;
56403;202100036334;136 747;B01;1;99;0;0;6;1;1;
56404;202100036334;136 748;A01;1;7;0;2;1;17;1;
56405;202100036335;136 745;A01;2;10;0;0;1;2;1;
56406;202100036335;136 746;B01;2;7;0;2;4;2;1;
56407;202100036336;136 744;A01;2;7;4;0;1;11;1;
56408;202100036338;136 742;A01;2;7;0;1;7;1;1;
56409;202100036339;136 741;A01;2;7;1;0;8;1;1;
56410;202100036340;136 740;A01;0;7;0;0;1;26;1;
56411;202100036341;136 739;A01;2;31;0;0;0;16;1;
56412;202100036342;136 737;B01;1;33;0;2;8;1;1;
56413;202100036342;136 738;A01;1;7;0;2;7;17;1;
56414;202100036343;136 735;A01;1;7;0;2;3;15;1;
56415;202100036343;136 736;B01;2;7;0;2;1;1;1;
56416;202100036344;136 734;A01;1;33;6;0;7;1;1;
56417;202100036345;136 732;A01;1;7;0;2;3;13;1;
56418;202100036345;136 733;B01;2;33;0;2;1;1;1;
56419;202100036346;136 730;B01;2;33;0;2;8;1;1;
56420;202100036346;136 731;A01;1;7;0;2;2;15;1;
56421;202100036347;136 728;A01;2;7;0;2;3;13;1;
56422;202100036347;136 729;B01;1;33;0;2;1;1;1;
56423;202100036348;136 726;A01;2;7;0;2;1;21;1;
56424;202100036348;136 727;B01;1;7;0;2;1;21;1;
56425;202100036349;136 725;A01;1;33;0;0;7;1;1;
56426;202100036350;136 723;A01;0;7;0;0;6;23;1;
56427;202100036350;136 724;B01;0;7;0;2;1;1;1;
56428;202100036351;136 720;C01;1;37;0;2;1;2;1;2.0
56429;202100036351;136 721;B01;1;7;0;2;4;2;1;
56430;202100036351;136 722;A01;1;7;0;2;4;1;1;
56431;202100036352;136 718;B01;1;7;0;2;1;2;1;
56432;202100036352;136 719;A01;1;7;0;2;4;9;1;
56433;202100036353;136 715;C01;1;7;14;0;1;2;1;
56434;202100036353;136 716;B01;1;7;14;0;1;2;1;
56435;202100036353;136 717;A01;1;7;3;0;1;2;1;
56436;202100036354;136 714;A01;2;33;16;0;0;9;1;
56437;202100036355;136 712;A01;2;7;0;2;6;1;1;
56438;202100036355;136 713;Z01;2;7;0;2;2;1;1;
56439;202100036356;136 710;B01;2;7;0;2;8;21;1;
56440;202100036356;136 711;A01;2;33;0;2;7;1;1;
56441;202100036357;136 708;A01;1;33;0;2;1;2;1;
56442;202100036357;136 709;B01;1;7;0;2;5;1;1;
56443;202100036358;136 706;A01;1;7;3;0;4;1;1;
56444;202100036358;136 707;B01;1;7;0;2;1;2;1;
56445;202100036359;136 705;A01;3;7;0;1;1;1;1;
56446;202100036360;136 704;A01;1;7;0;1;5;1;1;
56447;202100036361;136 703;A01;2;7;0;1;3;1;1;
56448;202100036362;136 701;A01;2;7;0;2;3;1;1;
56449;202100036362;136 702;B01;1;7;0;2;3;1;1;
56450;202100036364;136 699;A01;2;10;0;1;1;1;1;
56451;202100036365;136 698;A01;3;7;0;1;1;1;1;
56452;202100036366;136 697;A01;2;7;9;0;1;0;1;
56453;202100036367;136 695;B01;2;7;0;2;4;1;1;
56454;202100036367;136 696;A01;2;31;0;2;1;1;1;
56455;202100036368;136 693;B01;1;1;0;4;4;19;5;
56456;202100036368;136 694;A01;2;40;0;2;1;1;3;
56457;202100036369;136 692;A01;3;0;0;1;0;0;0;
56458;202100036370;136 690;A01;2;7;0;2;7;16;1;
56459;202100036370;136 691;B01;2;1;0;2;1;2;0;
56460;202100036372;136 687;B01;1;7;0;2;5;1;0;
56461;202100036372;136 688;A01;1;7;0;2;2;18;0;
56462;202100036373;136 686;A01;3;7;0;1;1;1;1;
56463;202100036374;136 684;A01;1;7;0;2;6;9;1;
56464;202100036374;136 685;B01;1;7;0;2;5;1;1;
56465;202100036375;136 682;A01;3;7;0;2;2;15;1;
56466;202100036375;136 683;B01;3;7;0;2;1;0;1;
56467;202100036376;136 680;A01;2;43;0;2;4;13;1;
56468;202100036376;136 681;B01;2;10;0;2;1;1;1;
56469;202100036377;136 679;A01;1;7;1;2;1;1;1;
56470;202100036378;136 678;A01;1;99;6;0;1;26;0;
56471;202100036380;136 674;B01;0;33;0;2;7;1;1;
56472;202100036380;136 675;A01;0;7;0;2;1;9;1;
56473;202100036381;136 672;B01;1;21;0;2;8;15;1;
56474;202100036381;136 673;A01;1;13;0;2;1;17;1;
56475;202100036382;136 670;B01;2;7;0;2;1;1;1;
56476;202100036382;136 671;A01;1;7;12;2;4;13;1;
56477;202100036383;136 669;A01;2;35;0;0;0;1;1;
56478;202100036384;136 667;A01;3;32;0;2;9;1;1;
56479;202100036384;136 668;B01;3;7;0;2;4;1;3;
56480;202100036385;136 665;B01;3;31;0;2;1;1;1;
56481;202100036385;136 666;A01;3;7;0;2;3;15;1;
56482;202100036386;136 664;A01;3;7;1;1;3;17;1;
56483;202100036387;136 662;A01;0;33;0;2;1;17;1;
56484;202100036387;136 663;B01;0;7;0;2;1;15;1;
56485;202100036388;136 661;A01;0;7;0;1;1;15;1;
56486;202100036389;136 659;A01;0;10;0;2;1;12;1;
56487;202100036389;136 660;B01;0;7;0;2;4;1;2;
56488;202100036390;136 658;A01;3;7;15;0;1;26;1;
56489;202100036391;136 656;A01;1;7;0;2;1;13;1;
56490;202100036391;136 657;B01;2;7;0;2;1;1;1;
56491;202100036392;136 655;A01;0;7;0;1;3;0;1;
56492;202100036393;136 653;A01;1;7;0;2;1;2;1;
56493;202100036393;136 654;B01;1;7;0;2;4;2;1;
56494;202100036394;136 650;A01;1;7;0;2;1;2;1;
56495;202100036394;136 651;C01;1;7;0;2;4;2;1;
56496;202100036394;136 652;B01;1;7;0;2;4;2;1;
56497;202100036395;136 646;A01;2;7;10;2;1;13;1;
56498;202100036395;136 647;C01;1;7;0;2;5;21;1;
56499;202100036395;136 648;D01;1;7;10;2;7;21;1;
56500;202100036395;136 649;B01;1;7;0;2;6;21;1;
56501;202100036396;136 644;B01;2;31;0;2;6;1;1;
56502;202100036396;136 645;A01;1;7;0;2;3;15;1;
56503;202100036397;136 642;A01;1;1;0;2;0;19;5;
56504;202100036397;136 643;Z01;2;7;0;2;0;1;1;
56505;202100036400;136 637;A01;2;7;0;1;3;1;1;
56506;202100036401;136 636;A01;1;30;0;0;0;1;3;
56507;202100036402;136 633;A01;3;7;0;2;3;13;1;
56508;202100036402;136 634;B01;3;7;0;2;3;1;2;
56509;202100036402;136 635;C01;3;7;0;2;3;1;1;
56510;202100036403;136 631;A01;1;7;0;2;1;2;1;
56511;202100036403;136 632;B01;1;33;0;2;4;1;1;
56512;202100036404;136 629;A01;2;10;0;2;1;19;0;
56513;202100036404;136 630;B01;2;10;0;2;7;1;1;
56514;202100036405;136 628;A01;1;10;0;1;1;1;-1;
56515;202100036406;136 627;A01;1;7;0;1;4;20;1;
56516;202100036407;136 625;A01;1;1;0;2;1;25;5;
56517;202100036407;136 626;B01;2;7;0;2;6;16;1;
56518;202100036408;136 623;A01;1;1;0;2;1;25;5;
56519;202100036408;136 624;B01;2;7;0;2;7;23;1;
56520;202100036409;136 620;A01;2;7;0;2;1;1;2;
56521;202100036409;136 621;C01;2;7;0;2;1;23;1;
56522;202100036409;136 622;B01;1;7;0;2;8;1;1;
56523;202100036410;136 618;B01;1;10;0;2;4;1;1;
56524;202100036410;136 619;A01;1;15;0;2;1;2;1;
56525;202100036411;136 616;A01;1;7;0;9;3;10;1;
56526;202100036411;136 617;B01;1;33;0;2;1;1;1;
56527;202100036412;136 614;A01;1;7;0;2;8;16;1;
56528;202100036412;136 615;B01;1;7;0;2;7;1;1;
56529;202100036413;136 613;Z01;1;7;0;1;1;1;0;
56530;202100036414;136 612;A01;1;10;0;1;1;26;1;
56531;202100036415;136 611;A01;1;7;0;1;1;1;1;
56532;202100036416;136 609;A01;0;7;0;2;1;1;1;
56533;202100036416;136 610;B01;0;33;0;2;4;1;1;
56534;202100036417;136 608;A01;1;10;0;1;1;1;1;
56535;202100036418;136 606;B01;2;2;0;0;0;0;1;
56536;202100036418;136 607;A01;1;7;0;2;2;26;1;
56537;202100036419;136 605;A01;1;7;14;0;3;1;1;
56538;202100036420;136 604;A01;1;30;0;0;3;26;1;
56539;202100036421;136 602;A01;1;7;0;2;1;26;1;
56540;202100036421;136 603;B01;1;10;0;2;4;26;1;
56541;202100036422;136 601;A01;1;80;0;0;2;26;3;
56542;202100036423;136 600;A01;1;2;0;0;3;26;1;
56543;202100036424;136 599;A01;3;1;0;1;1;19;5;
56544;202100036426;136 596;A01;3;7;0;2;1;15;1;
56545;202100036426;136 597;B01;3;1;0;2;3;19;5;
56546;202100036427;136 594;A01;3;1;0;2;5;9;5;
56547;202100036427;136 595;B01;0;7;0;2;3;1;1;
56548;202100036428;136 593;A01;3;7;12;0;1;16;1;
56549;202100036429;136 591;B01;2;7;0;2;4;23;1;
56550;202100036429;136 592;A01;2;1;0;2;1;1;5;
56551;202100036430;136 590;A01;3;10;6;0;1;0;1;
56552;202100036431;136 588;B01;1;1;0;2;4;1;5;
56553;202100036431;136 589;A01;2;7;0;2;2;16;1;
56554;202100036432;136 584;A01;2;7;0;2;1;2;1;
56555;202100036432;136 585;B01;2;7;0;2;4;2;1;
56556;202100036432;136 586;C01;2;7;0;2;4;2;1;
56557;202100036432;136 587;D01;2;7;0;2;4;2;1;
56558;202100036434;136 581;Z01;2;7;0;1;1;26;1;
56559;202100036435;136 580;A01;2;7;0;1;2;15;1;
56560;202100036436;136 578;A01;1;1;0;2;2;17;5;
56561;202100036436;136 579;B01;1;10;0;2;3;15;1;
56562;202100036437;136 576;B01;2;7;0;0;7;1;1;
56563;202100036437;136 577;A01;0;7;0;2;1;9;1;
56564;202100036438;136 574;B01;2;7;0;2;3;1;1;
56565;202100036438;136 575;A01;1;7;0;2;3;13;1;
56566;202100036439;136 571;C01;3;7;0;2;7;1;1;
56567;202100036439;136 572;B01;3;7;0;2;6;2;1;
56568;202100036439;136 573;A01;3;7;0;2;2;9;0;
56569;202100036440;136 570;A01;2;7;0;1;3;1;1;
56570;202100036441;136 568;A01;1;33;5;2;7;17;1;
56571;202100036441;136 569;B01;1;7;5;2;8;1;1;
56572;202100036442;136 566;B01;1;7;0;2;4;1;1;
56573;202100036442;136 567;A01;1;33;0;2;1;1;1;
56574;202100036443;136 564;B01;2;2;0;2;1;1;1;
56575;202100036443;136 565;A01;1;7;0;2;1;15;1;
56576;202100036444;136 562;A01;2;33;0;2;7;1;1;
56577;202100036444;136 563;Z01;2;10;0;2;3;1;1;
56578;202100036445;136 559;A01;2;34;0;2;2;17;1;
56579;202100036445;136 560;B01;2;7;0;2;3;2;1;
56580;202100036445;136 561;C01;1;7;0;2;3;21;1;
56581;202100036446;136 557;B01;3;7;8;2;2;15;1;
56582;202100036446;136 558;A01;1;7;0;2;0;0;1;
56583;202100036447;136 555;B01;2;34;0;2;3;1;1;
56584;202100036447;136 556;A01;2;7;0;2;2;26;1;
56585;202100036448;136 552;A01;1;30;0;2;9;17;1;
56586;202100036448;136 553;B01;1;30;0;2;8;1;1;
56587;202100036448;136 554;C01;2;7;0;2;1;1;1;
56588;202100036449;136 550;A01;1;30;0;2;6;19;0;
56589;202100036449;136 551;B01;2;30;0;2;1;5;0;
56590;202100036450;136 548;A01;1;50;0;2;7;1;3;
56591;202100036450;136 549;Z01;2;10;0;2;0;0;1;
56592;202100036451;136 546;A01;3;7;0;2;3;13;1;
56593;202100036451;136 547;B01;3;7;0;2;2;1;1;
56594;202100036452;136 543;A01;3;7;0;2;1;26;1;
56595;202100036452;136 544;B01;3;2;14;0;4;26;1;
56596;202100036452;136 545;C01;3;15;0;2;4;26;1;
56597;202100036453;136 540;A01;1;7;0;2;3;9;1;
56598;202100036453;136 541;B01;1;17;0;2;2;1;1;
56599;202100036453;136 542;C01;1;7;0;2;7;17;1;
56600;202100036454;136 539;A01;1;7;0;1;2;16;1;
56601;202100036455;136 537;B01;2;7;0;2;2;1;1;
56602;202100036455;136 538;A01;1;7;12;1;1;6;1;
56603;202100036456;136 534;A01;1;7;0;2;3;9;1;