;Num_Acc;id_vehicule;num_veh;senc;catv;obs;obsm;choc;manv;motor;occutc
56604;202100036456;136 535;B01;1;34;0;2;2;1;1;
56605;202100036456;136 536;C01;2;10;0;2;3;1;1;
56606;202100036457;136 532;B01;1;10;0;2;1;1;1;
56607;202100036457;136 533;A01;1;7;15;2;7;15;1;
56608;202100036458;136 530;B01;1;7;0;2;3;15;1;
56609;202100036458;136 531;A01;1;34;0;2;7;17;1;
56610;202100036459;136 528;A01;0;7;0;2;1;5;1;
56611;202100036459;136 529;B01;0;7;0;2;1;1;1;
56612;202100036461;136 525;A01;1;7;0;1;8;1;1;
56613;202100036462;136 524;A01;1;7;8;0;1;1;2;
56614;202100036463;136 522;B01;2;33;0;2;1;1;1;
56615;202100036463;136 523;A01;2;7;0;2;8;10;2;
56616;202100036464;136 520;A01;2;10;0;2;5;1;1;
56617;202100036464;136 521;B01;2;30;0;0;8;3;1;
56618;202100036465;136 518;A01;1;7;0;2;1;1;2;
56619;202100036465;136 519;B01;2;50;0;2;7;19;3;
56620;202100036466;136 517;A01;0;7;0;1;1;1;2;
56621;202100036468;136 514;A01;3;3;0;1;5;4;3;
56622;202100036469;136 512;A01;2;32;0;2;8;1;1;
56623;202100036469;136 513;B01;1;1;0;2;3;15;5;
56624;202100036470;136 510;A01;1;30;0;2;3;18;3;
56625;202100036470;136 511;B01;1;7;0;2;7;1;1;
56626;202100036471;136 509;A01;2;33;0;2;1;17;1;
56627;202100036472;136 507;B01;1;30;0;2;2;16;1;
56628;202100036472;136 508;A01;1;7;0;2;0;15;1;
56629;202100036473;136 505;B01;1;7;0;2;4;23;1;
56630;202100036473;136 506;A01;1;32;0;2;1;2;1;
56631;202100036474;136 504;Z01;2;32;0;1;3;1;1;
56632;202100036475;136 502;A01;2;34;0;2;1;2;1;
56633;202100036475;136 503;B01;2;10;0;2;6;23;1;
56634;202100036476;136 500;A01;1;10;0;2;5;4;1;
56635;202100036476;136 501;B01;1;2;0;2;1;1;1;
56636;202100036477;136 499;A01;1;99;0;0;0;1;3;
56637;202100036478;136 498;A01;1;32;12;1;1;0;1;
56638;202100036480;136 495;B01;1;2;0;2;3;1;1;
56639;202100036480;136 496;Z01;2;7;0;2;0;10;1;
56640;202100036481;136 494;A01;1;10;0;1;1;15;1;
56641;202100036482;136 492;B01;2;34;9;2;1;1;1;
56642;202100036482;136 493;A01;3;37;9;2;8;15;1;2.0
56643;202100036484;136 488;A01;1;99;0;2;7;22;0;
56644;202100036484;136 489;B01;1;1;0;2;1;18;6;
56645;202100036485;136 486;A01;1;33;0;2;1;19;1;
56646;202100036485;136 487;Y01;1;60;0;2;1;0;5;
56647;202100036486;136 484;A01;2;31;0;2;3;15;1;
56648;202100036486;136 485;B01;1;30;0;2;3;1;1;
56649;202100036488;136 480;B01;3;7;0;2;8;9;1;
56650;202100036488;136 481;A01;2;10;0;2;1;1;1;
56651;202100036489;136 478;A01;3;30;0;2;1;1;1;
56652;202100036489;136 479;B01;0;10;0;2;2;1;0;
56653;202100036490;136 477;A01;2;30;0;1;1;1;1;
56654;202100036491;136 475;A01;3;1;0;2;1;19;5;
56655;202100036491;136 476;B01;2;30;0;2;1;1;1;
56656;202100036492;136 473;B01;1;10;0;2;4;1;1;
56657;202100036492;136 474;A01;1;2;0;2;1;2;1;
56658;202100036493;136 472;Z01;2;30;0;2;1;25;1;
56659;202100036494;136 470;B01;2;80;0;2;7;2;3;
56660;202100036494;136 471;A01;2;7;0;2;3;2;1;
56661;202100036495;136 469;A01;2;80;0;1;8;1;3;
56662;202100036496;136 468;A01;2;33;0;1;1;16;1;
56663;202100036497;136 466;B01;2;1;1;2;6;19;5;
56664;202100036497;136 467;A01;1;7;0;2;3;1;1;
56665;202100036498;136 464;B01;3;80;0;0;7;26;3;
56666;202100036498;136 465;A01;3;7;0;2;3;1;1;
56667;202100036499;136 462;B01;1;7;0;2;1;16;1;
56668;202100036499;136 463;A01;1;7;0;2;7;1;1;
56669;202100036500;136 461;A01;1;7;4;0;1;1;1;
56670;202100036501;136 459;B01;1;7;0;2;2;15;1;
56671;202100036501;136 460;A01;2;33;0;2;1;0;1;
56672;202100036502;136 458;A01;2;7;13;0;8;1;1;
56673;202100036503;136 456;B01;2;7;0;2;2;2;1;
56674;202100036503;136 457;A01;2;7;0;2;5;2;1;
56675;202100036504;136 454;B01;1;7;0;2;3;1;1;
56676;202100036504;136 455;A01;1;7;0;2;2;1;1;
56677;202100036505;136 452;A01;1;7;0;2;3;1;1;
56678;202100036505;136 453;B01;2;1;0;2;1;1;5;
56679;202100036506;136 450;B01;1;1;0;2;0;13;0;
56680;202100036506;136 451;A01;1;7;12;2;2;1;1;
56681;202100036507;136 448;A01;3;30;0;2;1;13;1;
56682;202100036507;136 449;B01;3;7;0;2;2;1;1;
56683;202100036508;136 447;A01;2;7;2;0;3;13;1;
56684;202100036509;136 445;B01;0;7;0;0;3;1;1;
56685;202100036509;136 446;A01;0;10;0;0;3;13;1;
56686;202100036510;136 444;A01;2;7;2;0;3;5;1;
56687;202100036511;136 443;A01;1;7;0;1;7;1;1;
56688;202100036512;136 442;A01;2;7;16;0;1;1;1;
56689;202100036513;136 440;B01;0;1;0;2;1;0;5;
56690;202100036513;136 441;A01;0;7;0;9;2;15;1;
56691;202100036514;136 439;A01;0;36;0;0;0;1;1;
56692;202100036515;136 438;A01;2;7;0;0;1;1;1;
56693;202100036516;136 436;A01;1;2;0;2;1;2;1;
56694;202100036516;136 437;B01;1;7;0;2;7;16;1;
56695;202100036517;136 434;B01;1;31;0;0;0;2;1;
56696;202100036517;136 435;A01;1;7;0;0;0;9;1;
56697;202100036518;136 433;A01;1;10;6;0;8;1;1;
56698;202100036519;136 432;A01;1;7;0;0;5;20;1;
56699;202100036520;136 431;A01;2;33;0;0;7;1;1;
56700;202100036521;136 429;B01;0;7;0;0;4;2;1;
56701;202100036521;136 430;A01;1;7;0;0;1;2;1;
56702;202100036522;136 428;A01;2;7;2;0;0;19;1;
56703;202100036523;136 427;A01;1;7;0;1;2;1;1;
56704;202100036524;136 426;A01;1;7;2;0;2;1;1;
56705;202100036526;136 424;A01;2;7;2;0;9;1;1;
56706;202100036527;136 423;A01;2;33;2;0;7;0;1;
56707;202100036528;136 422;A01;1;7;7;0;2;1;1;
56708;202100036529;136 421;A01;1;7;6;0;3;13;1;
56709;202100036530;136 419;A01;0;33;0;2;1;0;1;
56710;202100036530;136 420;B01;0;7;0;2;5;15;1;
56711;202100036531;136 417;A01;1;7;0;0;3;9;1;
56712;202100036531;136 418;B01;1;38;0;0;2;1;1;1.0
56713;202100036532;136 412;A01;1;14;0;2;6;13;1;
56714;202100036532;136 413;E01;1;10;0;2;8;1;1;
56715;202100036532;136 414;D01;1;7;0;2;2;1;1;
56716;202100036532;136 415;B01;1;15;0;2;6;1;1;
56717;202100036532;136 416;C01;1;7;0;2;2;1;1;
56718;202100036533;136 410;C01;2;15;0;0;4;24;1;
56719;202100036533;136 411;A01;2;7;1;2;1;1;1;
56720;202100036534;136 409;A01;1;7;0;1;1;1;1;
56721;202100036535;136 408;B01;2;7;0;0;2;1;1;
56722;202100036536;136 406;A01;2;7;1;1;1;13;1;
56723;202100036536;136 407;B01;1;10;0;2;2;23;0;
56724;202100036537;136 405;A01;1;7;13;0;3;16;1;
56725;202100036538;136 404;A01;1;7;13;0;3;16;1;
56726;202100036539;136 402;B01;1;1;0;0;8;1;5;
56727;202100036539;136 403;A01;2;7;0;2;1;15;1;
56728;202100036541;136 399;B01;1;7;0;2;1;1;1;
56729;202100036541;136 400;A01;1;7;0;2;2;15;1;
56730;202100036542;136 397;B01;1;7;0;2;2;1;1;
56731;202100036542;136 398;A01;2;1;0;2;7;15;5;
56732;202100036543;136 395;A01;1;32;0;2;1;2;1;
56733;202100036543;136 396;B01;1;7;0;0;4;23;1;
56734;202100036544;136 394;A01;2;7;0;1;2;1;1;
56735;202100036545;136 393;A01;3;7;0;0;3;15;1;
56736;202100036546;136 391;A01;1;33;13;0;1;10;1;
56737;202100036547;136 389;A01;2;7;0;2;3;13;1;
56738;202100036547;136 390;B01;1;7;0;2;3;1;1;
56739;202100036548;136 387;A01;1;7;0;2;3;19;1;
56740;202100036548;136 388;B01;2;2;0;2;1;1;1;
56741;202100036549;136 386;A01;1;14;0;1;7;17;1;
56742;202100036550;136 384;A01;3;2;0;2;1;1;1;
56743;202100036550;136 385;B01;3;7;0;0;2;20;1;
56744;202100036551;136 383;A01;1;7;0;9;1;1;1;
56745;202100036553;136 380;A01;2;7;0;0;0;1;1;
56746;202100036554;136 378;A01;1;7;0;2;1;15;1;
56747;202100036554;136 379;B01;2;33;0;2;8;1;1;
56748;202100036555;136 376;B01;2;7;0;0;3;15;1;
56749;202100036555;136 377;A01;1;7;0;0;2;1;1;
56750;202100036556;136 374;A01;0;7;0;2;1;5;1;
56751;202100036556;136 375;B01;0;7;0;2;1;1;1;
56752;202100036557;136 372;A01;2;7;0;2;3;19;1;
56753;202100036557;136 373;B01;1;7;0;2;1;1;1;
56754;202100036558;136 370;B01;3;7;0;2;1;1;1;
56755;202100036558;136 371;A01;3;7;0;2;1;13;1;
56756;202100036559;136 367;A01;1;7;0;2;1;2;1;
56757;202100036559;136 368;B01;1;10;0;2;4;1;1;
56758;202100036560;136 362;C01;1;10;0;2;4;1;1;
56759;202100036560;136 363;D01;1;7;0;2;4;1;1;
56760;202100036560;136 364;E01;1;7;0;2;4;1;1;
56761;202100036560;136 365;B01;1;10;0;2;1;1;0;
56762;202100036560;136 366;A01;1;10;0;2;1;1;1;
56763;202100036561;136 360;B01;1;7;0;2;1;2;1;
56764;202100036561;136 361;A01;1;7;0;2;4;2;1;
56765;202100036562;136 358;A01;1;7;0;2;2;17;1;
56766;202100036562;136 359;B01;1;33;0;2;8;1;1;
56767;202100036563;136 356;B01;1;17;0;0;5;23;1;
56768;202100036563;136 357;A01;1;7;0;2;3;2;1;
56769;202100036564;136 353;B01;2;7;0;2;6;2;1;
56770;202100036564;136 354;A01;2;7;0;2;1;1;1;
56771;202100036564;136 355;C01;2;7;0;2;0;2;1;
56772;202100036565;136 351;A01;2;33;0;2;1;3;1;
56773;202100036565;136 352;B01;2;7;0;2;4;12;1;
56774;202100036566;136 349;A01;1;33;0;2;2;3;1;
56775;202100036566;136 350;B01;1;7;0;2;6;11;1;
56776;202100036567;136 348;A01;1;34;4;0;4;0;1;
56777;202100036569;136 345;A01;2;7;4;0;1;26;1;
56778;202100036570;136 344;A01;1;7;0;1;1;1;1;
56779;202100036571;136 343;A01;3;7;0;1;2;1;1;
56780;202100036572;136 342;Z01;1;32;0;0;1;17;0;
56781;202100036573;136 341;A01;1;31;0;0;0;17;1;
56782;202100036574;136 340;A01;1;31;0;0;0;16;1;
56783;202100036575;136 339;A01;1;7;0;1;1;15;1;
56784;202100036576;136 335;D01;1;7;0;2;6;1;1;
56785;202100036576;136 336;C01;1;7;0;2;8;1;1;
56786;202100036576;136 337;A01;1;7;0;2;2;16;1;
56787;202100036576;136 338;B01;1;33;0;2;8;1;1;
56788;202100036577;136 334;A01;1;30;9;0;1;1;1;
56789;202100036578;136 332;B01;1;30;0;2;8;1;1;
56790;202100036578;136 333;A01;1;30;0;2;1;15;1;
56791;202100036579;136 329;D01;2;7;0;2;4;2;1;
56792;202100036579;136 330;C01;2;10;0;2;6;2;1;
56793;202100036579;136 331;A01;2;7;1;2;1;2;1;
56794;202100036580;136 328;A01;2;7;0;2;9;14;1;
56795;202100036581;136 327;A01;1;7;0;1;1;1;1;
56796;202100036582;136 325;B01;0;7;0;0;0;0;0;
56797;202100036582;136 326;A01;3;7;0;2;1;15;0;
56798;202100036583;136 323;A01;3;10;0;2;3;15;1;
56799;202100036583;136 324;B01;1;7;0;2;2;1;1;
56800;202100036584;136 319;A01;3;7;0;2;3;1;1;
56801;202100036584;136 320;B01;3;7;0;1;1;1;1;
56802;202100036585;136 317;A01;3;7;0;2;1;1;1;
56803;202100036585;136 318;B01;3;33;0;2;1;9;1;
56804;202100036586;136 315;A01;3;10;0;2;3;15;1;
56805;202100036586;136 316;B01;3;7;0;2;2;1;1;
56806;202100036587;136 313;B01;3;50;0;2;1;1;3;
56807;202100036587;136 314;A01;3;7;0;2;5;16;1;
56808;202100036588;136 311;B01;2;7;0;2;3;1;1;
56809;202100036588;136 312;A01;1;7;0;0;2;1;1;
56810;202100036589;136 309;A01;2;7;0;2;2;15;1;
56811;202100036589;136 310;B01;1;31;0;2;1;1;1;
56812;202100036590;136 307;A01;0;50;0;2;7;19;3;
56813;202100036590;136 308;B01;0;10;0;2;1;1;1;
56814;202100036592;136 297;A01;0;7;0;2;1;9;1;
56815;202100036592;136 298;B01;0;2;0;0;2;1;1;
56816;202100036593;136 295;A01;3;15;0;2;1;1;1;
56817;202100036593;136 296;B01;3;7;0;2;4;1;1;
56818;202100036594;136 293;B01;1;1;0;9;1;25;5;
56819;202100036594;136 294;A01;1;50;0;2;1;25;3;
56820;202100036595;136 291;A01;2;2;0;2;7;15;1;
56821;202100036595;136 292;B01;1;7;0;2;3;1;1;
56822;202100036596;136 289;B01;0;7;0;2;7;1;1;
56823;202100036596;136 290;A01;1;7;0;2;1;19;1;
56824;202100036597;136 286;C01;2;50;0;0;0;1;3;
56825;202100036597;136 287;B01;2;50;0;2;1;1;3;
56826;202100036597;136 288;A01;2;7;0;2;4;20;1;
56827;202100036598;136 285;A01;3;7;0;1;3;1;1;
56828;202100036599;136 283;A01;1;7;0;2;1;15;1;
56829;202100036599;136 284;B01;2;1;0;2;8;19;5;
56830;202100036600;136 281;A01;1;1;0;2;1;13;5;
56831;202100036600;136 282;B01;2;1;0;2;1;13;5;
56832;202100036601;136 279;A01;1;32;0;2;2;21;1;
56833;202100036601;136 280;B01;1;7;0;2;8;15;1;
56834;202100036602;136 278;A01;3;7;1;0;2;1;1;
56835;202100036603;136 277;A01;1;10;0;1;4;26;1;
56836;202100036606;136 272;A01;2;7;0;2;1;1;1;
56837;202100036606;136 273;B01;3;7;0;2;7;19;5;
56838;202100036608;136 269;A01;1;7;0;9;1;26;1;
56839;202100036609;136 267;B01;3;7;0;2;1;26;1;
56840;202100036609;136 268;A01;1;1;0;2;1;26;5;
56841;202100036610;136 266;A01;3;7;0;1;7;26;1;
56842;202100036611;136 265;A01;0;2;0;0;8;26;1;
56843;202100036612;136 263;A01;1;10;0;2;0;9;1;
56844;202100036612;136 264;B01;1;80;0;2;0;1;3;
56845;202100036613;136 261;A01;1;7;0;2;3;15;1;
56846;202100036613;136 262;B01;1;33;0;2;2;17;1;
56847;202100036615;136 258;B01;1;1;0;2;1;1;5;
56848;202100036615;136 259;A01;3;7;0;2;8;9;1;
56849;202100036616;136 257;A01;1;1;0;0;8;1;2;
56850;202100036617;136 255;B01;2;33;0;2;1;1;1;
56851;202100036617;136 256;A01;1;10;0;2;2;15;1;
56852;202100036618;136 254;A01;1;7;11;0;9;26;1;
56853;202100036619;136 252;A01;3;7;0;2;8;15;2;
56854;202100036619;136 253;B01;1;33;0;2;1;17;1;
56855;202100036620;136 251;A01;2;32;0;0;1;12;1;
56856;202100036621;136 250;A01;1;7;0;1;2;1;1;
56857;202100036622;136 248;A01;2;13;0;2;7;12;1;
56858;202100036622;136 249;B01;2;7;0;2;8;1;1;
56859;202100036623;136 246;B01;0;7;0;2;3;1;1;
56860;202100036623;136 247;A01;0;7;0;2;3;9;1;
56861;202100036624;136 244;A01;0;7;0;2;1;1;1;
56862;202100036624;136 245;B01;0;31;0;2;2;1;1;
56863;202100036625;136 243;A01;2;7;1;0;2;14;1;
56864;202100036626;136 239;B01;1;7;0;2;1;2;1;
56865;202100036626;136 240;C01;1;7;0;2;1;0;1;
56866;202100036626;136 241;D01;1;7;0;2;1;2;1;
56867;202100036626;136 242;A01;1;7;0;2;1;1;1;
56868;202100036627;136 237;A01;3;7;0;2;5;15;1;
56869;202100036627;136 238;B01;3;7;0;2;1;1;1;
56870;202100036628;136 236;A01;1;7;1;0;1;14;1;
56871;202100036629;136 234;A01;1;7;0;2;4;20;1;
56872;202100036629;136 235;B01;1;2;0;2;7;1;1;
56873;202100036630;136 232;B01;3;7;0;2;3;16;1;
56874;202100036630;136 233;A01;3;7;0;2;1;1;1;
56875;202100036631;136 230;B01;1;7;0;2;2;2;1;
56876;202100036631;136 231;A01;3;30;0;2;8;19;1;
56877;202100036632;136 228;A01;0;32;0;2;1;3;1;
56878;202100036632;136 229;B01;0;7;0;2;8;15;1;
56879;202100036633;136 227;A01;1;7;9;0;3;14;1;
56880;202100036634;136 225;A01;2;7;0;2;8;19;1;
56881;202100036634;136 226;B01;1;7;0;2;1;1;1;
56882;202100036635;136 224;A01;1;7;1;0;1;1;1;
56883;202100036636;136 222;A01;2;7;0;9;2;1;1;
56884;202100036636;136 223;B01;1;1;0;2;3;1;5;
56885;202100036637;136 221;A01;1;2;0;0;7;16;1;
56886;202100036638;136 219;A01;1;7;0;2;1;2;1;
56887;202100036638;136 220;B01;1;43;0;2;4;2;1;
56888;202100036639;136 218;A01;0;30;1;0;1;5;3;
56889;202100036640;136 216;B01;2;34;0;2;1;1;1;
56890;202100036640;136 217;A01;1;7;0;2;3;19;1;
56891;202100036641;136 213;C01;2;7;0;2;4;2;1;
56892;202100036641;136 214;B01;2;10;0;2;4;1;0;
56893;202100036641;136 215;A01;2;7;0;2;1;2;1;
56894;202100036642;136 211;B01;1;7;0;2;3;1;1;
56895;202100036642;136 212;A01;1;17;0;2;2;12;1;
56896;202100036643;136 209;B01;1;32;0;2;2;17;1;
56897;202100036643;136 210;A01;1;7;0;2;3;10;1;
56898;202100036644;136 207;A01;1;7;0;2;2;5;1;
56899;202100036644;136 208;B01;1;50;0;2;1;1;3;
56900;202100036645;136 206;A01;1;80;0;1;1;1;3;
56901;202100036646;136 204;B01;2;30;0;2;7;1;1;
56902;202100036646;136 205;A01;2;7;0;2;6;10;1;
56903;202100036647;136 202;A01;1;7;0;2;1;1;1;
56904;202100036647;136 203;B01;1;32;0;2;4;11;1;
56905;202100036648;136 200;A01;2;31;0;2;7;17;1;
56906;202100036648;136 201;B01;1;50;0;2;1;1;3;
56907;202100036649;136 199;A01;1;50;0;1;1;1;3;
56908;202100036650;136 198;A01;1;7;0;1;1;16;1;
56909;202100036651;136 196;B01;1;34;0;2;1;17;1;
56910;202100036651;136 197;A01;1;7;0;2;3;10;2;
56911;202100036652;136 195;A01;2;34;12;0;8;17;1;
56912;202100036654;136 192;A01;1;80;9;0;7;14;3;
56913;202100036655;136 191;A01;1;50;0;0;1;26;3;
56914;202100036656;136 189;B01;2;30;0;2;2;1;1;
56915;202100036656;136 190;A01;2;7;0;2;3;20;1;
56916;202100036657;136 188;A01;2;99;0;1;1;5;0;
56917;202100036658;136 186;B01;3;99;0;2;1;2;3;
56918;202100036658;136 187;A01;3;7;1;0;4;23;1;
56919;202100036659;136 184;B01;1;7;0;1;8;2;0;
56920;202100036659;136 185;A01;1;33;0;1;2;2;1;
56921;202100036660;136 183;RA01;2;10;0;1;1;9;1;
56922;202100036661;136 181;B01;3;7;0;2;2;1;1;
56923;202100036661;136 182;A01;3;7;14;2;1;26;1;
56924;202100036662;136 179;A01;1;7;0;2;3;15;1;
56925;202100036662;136 180;B01;1;1;0;2;1;5;5;
56926;202100036663;136 177;B01;1;37;0;2;3;1;1;1.0
56927;202100036663;136 178;A01;1;15;0;2;5;4;1;
56928;202100036665;136 174;B01;2;37;0;0;0;0;2;1.0
56929;202100036665;136 175;A01;2;30;0;0;6;3;1;
56930;202100036666;136 172;A01;0;30;0;2;1;0;0;
56931;202100036666;136 173;B01;0;7;0;2;1;0;0;
56932;202100036667;136 170;B01;1;34;0;2;2;1;1;
56933;202100036667;136 171;A01;1;7;0;2;3;9;1;
56934;202100036668;136 168;B01;0;7;0;2;8;9;1;
56935;202100036668;136 169;A01;1;30;0;2;1;5;1;
56936;202100036669;136 166;A01;1;32;0;2;8;3;1;
56937;202100036669;136 167;B01;1;7;0;2;5;2;1;
56938;202100036670;136 165;A01;2;7;0;1;2;15;1;
56939;202100036671;136 163;B01;1;10;0;2;8;9;1;
56940;202100036671;136 164;A01;2;1;0;2;1;1;6;
56941;202100036672;136 161;A01;1;30;0;2;1;1;1;
56942;202100036672;136 162;B01;2;31;0;2;3;1;1;
56943;202100036673;136 159;A01;1;7;0;2;5;17;0;
56944;202100036673;136 160;B01;2;33;0;2;1;1;1;
56945;202100036674;136 158;A01;1;33;0;0;0;14;1;
56946;202100036675;136 156;B01;3;7;0;2;1;1;1;
56947;202100036675;136 157;A01;3;7;0;2;3;19;1;
56948;202100036676;136 155;A01;1;7;0;1;2;0;1;
56949;202100036677;136 153;A01;1;7;0;0;5;15;1;
56950;202100036677;136 154;B01;2;33;0;2;1;1;1;
56951;202100036678;136 151;A01;1;43;0;2;1;13;1;
56952;202100036678;136 152;B01;2;10;0;2;1;1;1;
56953;202100036679;136 150;A01;2;1;0;6;8;1;5;
56954;202100036680;136 149;A01;0;2;15;0;2;25;3;
56955;202100036681;136 147;B01;1;31;0;2;1;1;1;
56956;202100036681;136 148;A01;2;10;0;2;1;15;1;
56957;202100036682;136 144;C01;1;7;0;2;1;23;1;
56958;202100036682;136 145;B01;1;7;0;2;1;1;0;
56959;202100036682;136 146;A01;2;7;0;2;1;15;1;
56960;202100036683;136 141;C01;2;7;0;0;0;21;1;
56961;202100036683;136 142;B01;1;33;0;0;0;21;1;
56962;202100036683;136 143;A01;2;7;0;0;0;23;0;
56963;202100036684;136 140;A01;2;31;12;0;0;1;1;
56964;202100036685;136 139;A01;1;1;0;5;8;1;5;
56965;202100036686;136 138;A01;3;1;0;0;0;26;5;
56966;202100036687;136 137;A01;1;7;6;0;1;1;1;
56967;202100036688;136 135;A01;2;7;0;2;1;9;1;
56968;202100036688;136 136;B01;2;1;0;2;1;1;5;
56969;202100036690;136 130;A01;1;7;2;0;8;2;1;
56970;202100036691;136 129;A01;1;7;2;0;1;1;1;
56971;202100036692;136 128;A01;1;7;13;0;2;1;1;
56972;202100036693;136 127;A01;0;36;0;0;0;0;1;
56973;202100036694;136 126;A01;2;7;2;0;2;1;1;
56974;202100036695;136 124;A01;3;2;0;2;1;13;1;
56975;202100036695;136 125;B01;3;10;0;2;3;1;1;
56976;202100036696;136 120;A01;2;7;11;2;3;15;1;
56977;202100036696;136 121;B01;1;7;11;2;8;1;1;
56978;202100036697;136 118;A01;1;7;0;9;2;1;1;
56979;202100036697;136 119;B01;3;1;0;2;1;1;0;
56980;202100036698;136 115;A01;2;15;3;0;2;1;1;
56981;202100036699;136 113;B01;3;10;0;2;6;1;1;
56982;202100036699;136 114;A01;3;13;0;2;3;1;0;
56983;202100036700;136 111;B01;1;7;0;2;3;1;1;
56984;202100036700;136 112;A01;2;7;0;2;3;5;1;
56985;202100036701;136 110;A01;1;7;2;0;1;1;1;
56986;202100036702;136 104;C01;2;7;0;2;3;1;1;
56987;202100036702;136 105;B01;2;7;13;2;8;1;1;
56988;202100036702;136 106;A01;1;7;13;2;3;13;1;
56989;202100036704;136 101;A01;3;31;0;2;1;19;1;
56990;202100036704;136 102;B01;2;7;0;2;2;1;1;
56991;202100036705;136 100;A01;1;33;16;0;0;1;1;
56992;202100036706;136 099;A01;2;33;12;0;1;16;1;
56993;202100036708;136 096;A01;1;2;0;0;1;1;1;
56994;202100036709;136 094;B01;1;10;0;2;4;1;1;
56995;202100036709;136 095;A01;1;7;0;2;1;12;1;
56996;202100036710;136 092;B01;1;80;0;2;7;1;3;
56997;202100036710;136 093;A01;1;7;0;2;8;9;1;
56998;202100036711;136 090;B01;0;1;0;2;1;0;5;
56999;202100036711;136 091;A01;0;7;0;1;3;26;1;
57000;202100036712;136 088;B01;2;33;0;2;1;1;1;
57001;202100036712;136 089;A01;1;7;0;2;2;15;1;
57002;202100036713;136 087;A01;3;10;0;1;2;1;1;
57003;202100036715;136 084;A01;2;33;0;2;1;17;1;
57004;202100036715;136 085;B01;1;17;0;2;3;1;1;
57005;202100036716;136 082;B01;1;7;0;0;4;2;1;
57006;202100036716;136 083;A01;1;7;0;2;1;2;1;
57007;202100036717;136 080;B01;0;33;0;0;2;1;1;
57008;202100036717;136 081;A01;0;7;0;0;3;15;0;
57009;202100036718;136 076;B01;0;1;0;0;8;19;5;
57010;202100036718;136 077;A01;3;7;0;2;1;1;1;
57011;202100036719;136 075;A01;1;33;0;6;2;1;1;
57012;202100036721;136 072;A01;1;7;1;0;1;14;1;
57013;202100036722;136 071;A01;3;7;6;0;1;15;1;
57014;202100036723;136 069;B01;1;7;0;2;1;1;1;
57015;202100036723;136 070;A01;2;7;0;2;1;1;1;
57016;202100036724;136 068;A01;1;33;2;6;1;15;1;
57017;202100036725;136 066;B01;2;43;0;2;1;1;1;
57018;202100036725;136 067;A01;1;7;0;2;2;15;1;
57019;202100036726;136 063;A01;1;33;0;2;1;17;1;
57020;202100036726;136 064;B01;2;7;0;2;3;21;1;
57021;202100036726;136 065;C01;1;17;0;2;6;1;1;
57022;202100036727;136 061;A01;1;7;0;2;2;15;1;
57023;202100036727;136 062;B01;2;7;0;2;1;1;1;
57024;202100036728;136 059;B01;2;7;0;2;1;1;1;
57025;202100036728;136 060;A01;1;7;0;2;1;13;1;
57026;202100036729;136 058;A01;1;7;13;0;2;15;1;
57027;202100036730;136 056;B01;1;7;0;2;1;1;1;
57028;202100036730;136 057;A01;2;7;0;2;1;5;1;
57029;202100036731;136 054;B01;1;7;0;2;3;9;1;
57030;202100036731;136 055;A01;2;33;0;2;7;1;1;
57031;202100036732;136 053;A01;2;10;6;0;1;1;1;
57032;202100036733;136 051;B01;2;7;0;2;7;1;1;
57033;202100036733;136 052;A01;3;10;0;2;2;9;1;
57034;202100036735;136 043;A01;1;10;0;2;4;2;1;
57035;202100036735;136 044;B01;1;10;0;2;1;2;1;
57036;202100036735;136 045;C01;1;10;0;2;1;1;1;
57037;202100036735;136 046;E01;1;10;0;2;1;1;1;
57038;202100036735;136 047;D01;1;10;0;2;1;1;1;
57039;202100036736;136 041;A01;1;33;0;2;1;1;1;
57040;202100036736;136 042;B01;1;10;0;9;5;1;1;
57041;202100036737;136 038;A01;2;17;0;2;2;14;1;
57042;202100036737;136 039;C01;2;7;0;2;3;11;1;
57043;202100036737;136 040;B01;2;7;0;2;4;1;1;
57044;202100036738;136 036;B01;1;7;0;2;5;2;1;
57045;202100036738;136 037;A01;1;7;0;2;1;2;1;
57046;202100036739;136 034;A01;1;33;0;2;1;12;1;
57047;202100036739;136 035;B01;1;10;0;2;4;1;1;
57048;202100036741;136 031;A01;2;7;0;2;1;1;1;
57049;202100036741;136 032;B01;2;10;0;2;6;2;1;
57050;202100036743;136 027;B01;2;7;0;2;4;2;1;
57051;202100036743;136 028;A01;2;33;0;2;1;3;1;
57052;202100036744;136 024;C01;1;7;0;2;6;1;1;
57053;202100036744;136 025;B01;1;7;0;2;5;12;1;
57054;202100036744;136 026;A01;1;33;0;2;1;3;1;
57055;202100036745;136 022;A01;2;7;0;2;6;1;1;
57056;202100036745;136 023;B01;2;34;0;2;1;2;1;
57057;202100036746;136 021;A01;3;37;0;1;2;1;1;1.0
57058;202100036747;136 020;A01;3;7;0;1;0;26;1;
57059;202100036748;136 016;B01;2;7;0;2;8;19;1;
57060;202100036748;136 017;A01;2;30;0;2;1;19;1;
57061;202100036749;136 015;A01;2;7;0;1;1;17;1;
57062;202100036750;136 014;A01;2;7;0;1;1;1;1;
57063;202100036751;136 012;B01;1;14;0;2;7;1;1;
57064;202100036751;136 013;A01;1;7;8;2;1;1;1;