;Num_Acc;id_vehicule;num_veh;senc;catv;obs;obsm;choc;manv;motor;occutc
57065;202100036752;136 010;A01;2;7;0;2;1;1;1;
57066;202100036752;136 011;B01;2;7;0;2;4;23;1;
57067;202100036753;136 008;A01;2;7;0;2;6;11;1;
57068;202100036753;136 009;B01;2;7;0;2;2;1;1;
57069;202100036754;136 006;A01;2;7;0;2;3;15;1;
57070;202100036754;136 007;B01;2;32;0;2;1;1;1;
57071;202100036755;136 004;B01;2;50;0;2;8;1;3;
57072;202100036755;136 005;Z01;2;10;0;9;2;14;0;
57073;202100036756;136 002;A01;2;7;0;2;2;13;1;
57074;202100036756;136 003;B01;1;7;0;2;2;23;1;
57075;202100036757;136 000;B01;2;7;0;2;2;16;1;
57076;202100036757;136 001;A01;2;33;0;2;1;7;1;
57077;202100036758;135 999;A01;1;32;9;0;7;12;1;
57078;202100036759;135 997;A01;1;7;0;2;7;2;0;
57079;202100036759;135 998;B01;1;34;0;2;8;2;1;
57080;202100036760;135 996;A01;3;7;0;1;0;20;1;
57081;202100036761;135 994;B01;2;33;0;2;8;1;1;
57082;202100036761;135 995;A01;2;7;0;2;2;15;1;
57083;202100036762;135 992;A01;1;37;0;0;4;23;0;1.0
57084;202100036762;135 993;B01;1;10;0;2;1;1;0;
57085;202100036763;135 991;A01;2;1;0;0;1;1;5;
57086;202100036764;135 989;B01;1;7;0;2;6;2;1;
57087;202100036764;135 990;A01;1;7;0;2;3;13;1;
57088;202100036766;135 987;A01;1;7;0;1;3;26;1;
57089;202100036770;135 981;B01;2;1;0;2;0;19;5;
57090;202100036770;135 982;A01;2;7;0;9;1;1;1;
57091;202100036771;135 979;B01;3;7;0;2;2;0;0;
57092;202100036771;135 980;A01;3;30;0;2;2;11;0;
57093;202100036772;135 975;B01;1;7;0;2;2;1;1;
57094;202100036772;135 976;A01;3;7;0;2;3;5;2;
57095;202100036773;135 974;A01;0;7;0;2;1;1;1;
57096;202100036774;135 973;B01;1;7;0;1;1;19;1;
57097;202100036775;135 972;A01;1;7;0;1;8;15;1;
57098;202100036776;135 971;A01;1;40;0;1;3;1;3;
57099;202100036777;135 970;A01;2;7;0;1;3;1;1;
57100;202100036778;135 969;A01;1;7;0;1;2;1;1;
57101;202100036779;135 967;B01;3;10;0;2;6;2;1;
57102;202100036779;135 968;A01;3;30;0;2;1;2;1;
57103;202100036780;135 964;C01;1;10;0;2;4;1;1;
57104;202100036780;135 965;B01;1;7;0;2;9;1;1;
57105;202100036780;135 966;A01;1;7;0;2;1;1;1;
57106;202100036782;135 960;A01;0;33;0;2;7;9;1;
57107;202100036782;135 961;B01;0;7;0;2;2;1;1;
57108;202100036784;135 957;A01;2;2;12;0;2;21;1;
57109;202100036785;135 956;A01;1;7;0;1;1;26;1;
57110;202100036786;135 954;A01;1;33;0;2;2;17;1;
57111;202100036786;135 955;B01;1;7;0;2;1;26;1;
57112;202100036787;135 952;A01;1;7;0;2;1;1;1;
57113;202100036787;135 953;B01;0;7;0;2;4;1;1;
57114;202100036788;135 950;A01;0;10;0;2;1;20;1;
57115;202100036788;135 951;B01;0;33;1;2;1;0;1;
57116;202100036789;135 948;B01;1;1;0;2;1;1;5;
57117;202100036789;135 949;A01;2;7;0;2;1;15;1;
57118;202100036790;135 946;A01;1;7;0;2;3;15;1;
57119;202100036790;135 947;B01;2;33;0;2;1;1;1;
57120;202100036791;135 944;A01;1;30;0;2;7;1;1;
57121;202100036791;135 945;B01;2;7;0;2;1;1;1;
57122;202100036792;135 942;A01;1;2;0;2;1;17;1;
57123;202100036792;135 943;B01;1;7;0;2;8;15;1;
57124;202100036793;135 940;B01;1;1;0;2;7;1;5;
57125;202100036793;135 941;A01;1;7;0;9;1;26;1;
57126;202100036794;135 938;B01;1;50;0;2;1;1;3;
57127;202100036794;135 939;A01;3;7;0;2;3;9;1;
57128;202100036795;135 937;A01;3;2;0;0;2;26;1;
57129;202100036796;135 935;A01;1;7;0;2;3;11;1;
57130;202100036796;135 936;B01;1;33;0;2;7;0;1;
57131;202100036797;135 934;A01;3;7;0;1;2;1;2;
57132;202100036798;135 932;A01;2;33;0;2;1;1;1;
57133;202100036798;135 933;B01;2;7;0;2;6;1;1;
57134;202100036799;135 930;A01;2;33;0;2;1;1;1;
57135;202100036799;135 931;B01;1;7;0;2;1;15;1;
57136;202100036801;135 925;A01;1;50;14;0;1;1;3;
57137;202100036802;135 923;B01;3;30;0;2;1;1;1;
57138;202100036802;135 924;A01;3;30;0;2;1;13;1;
57139;202100036803;135 921;B01;1;33;0;2;1;1;1;
57140;202100036803;135 922;A01;2;10;0;2;7;15;1;
57141;202100036804;135 920;A01;0;7;0;1;2;26;1;
57142;202100036806;135 916;A01;2;33;0;2;4;23;1;
57143;202100036806;135 917;B01;2;10;0;2;1;2;1;
57144;202100036807;135 914;B01;1;1;0;2;1;1;5;
57145;202100036807;135 915;A01;2;7;0;9;1;9;1;
57146;202100036808;135 912;B01;1;7;0;2;4;4;1;
57147;202100036808;135 913;A01;1;7;0;2;1;1;1;
57148;202100036809;135 910;B01;2;31;0;0;5;12;1;
57149;202100036809;135 911;A01;1;7;0;2;2;9;1;
57150;202100036810;135 907;C01;3;7;0;2;1;1;1;
57151;202100036810;135 908;B01;3;7;0;2;6;23;1;
57152;202100036810;135 909;A01;3;7;0;2;1;17;1;
57153;202100036811;135 905;B01;2;1;0;2;4;1;5;
57154;202100036811;135 906;A01;2;7;0;9;3;1;1;
57155;202100036812;135 903;B01;0;50;0;2;1;1;3;
57156;202100036812;135 904;A01;3;7;0;2;3;15;1;
57157;202100036813;135 901;A01;2;7;0;2;2;1;3;
57158;202100036813;135 902;B01;2;1;0;2;1;19;5;
57159;202100036814;135 900;A01;1;7;0;1;1;1;1;
57160;202100036815;135 896;B01;1;7;0;2;1;1;1;
57161;202100036815;135 897;A01;1;7;0;2;3;15;1;
57162;202100036816;135 894;B01;2;7;0;2;8;1;1;
57163;202100036816;135 895;A01;1;7;0;2;6;1;1;
57164;202100036817;135 891;A01;2;7;0;2;1;21;1;
57165;202100036817;135 892;B01;2;7;0;2;0;19;1;
57166;202100036817;135 893;C01;1;7;0;2;4;15;0;
57167;202100036818;135 889;A01;1;7;0;2;3;17;1;
57168;202100036818;135 890;B01;2;33;0;2;8;15;1;
57169;202100036819;135 887;Z01;0;7;0;2;0;1;0;
57170;202100036819;135 888;A01;2;32;0;2;0;1;1;
57171;202100036820;135 885;A01;1;7;0;2;1;2;1;
57172;202100036820;135 886;B01;1;7;0;2;4;2;1;
57173;202100036821;135 883;B01;3;7;0;0;2;9;1;
57174;202100036821;135 884;A01;3;31;0;0;6;9;1;
57175;202100036822;135 881;A01;1;7;0;2;1;9;1;
57176;202100036822;135 882;B01;2;1;0;2;7;26;5;
57177;202100036823;135 879;A01;3;7;0;2;8;24;1;
57178;202100036823;135 880;B01;3;1;1;2;1;1;5;
57179;202100036824;135 878;A01;3;1;0;0;1;1;5;
57180;202100036825;135 877;A01;1;7;0;1;1;1;1;
57181;202100036826;135 875;B01;3;34;0;2;8;0;1;
57182;202100036826;135 876;A01;3;7;0;2;5;16;1;
57183;202100036827;135 873;B01;1;7;0;2;6;2;2;
57184;202100036827;135 874;A01;1;7;0;2;2;2;1;
57185;202100036828;135 872;A01;2;7;0;2;2;21;1;
57186;202100036829;135 869;A01;1;31;0;2;8;3;1;
57187;202100036829;135 870;B01;1;7;0;2;7;1;1;
57188;202100036829;135 871;C01;1;31;0;2;1;3;1;
57189;202100036830;135 866;B01;1;7;0;2;5;2;1;
57190;202100036830;135 867;C01;1;10;0;2;6;2;1;
57191;202100036830;135 868;A01;1;33;0;2;1;3;1;
57192;202100036831;135 864;A01;1;10;0;2;4;20;1;
57193;202100036831;135 865;B01;1;1;0;2;1;1;5;
57194;202100036832;135 862;A01;2;33;0;2;1;18;1;
57195;202100036832;135 863;B01;2;7;0;2;5;16;1;
57196;202100036833;135 860;B01;2;43;0;2;2;3;1;
57197;202100036833;135 861;A01;1;7;0;2;3;9;1;
57198;202100036834;135 858;A01;1;32;0;2;1;1;1;
57199;202100036834;135 859;B01;1;7;0;2;2;9;1;
57200;202100036835;135 856;B01;2;1;0;2;3;1;5;
57201;202100036835;135 857;A01;2;7;0;2;2;14;1;
57202;202100036836;135 854;A01;3;7;0;2;2;12;1;
57203;202100036836;135 855;B01;3;1;0;2;3;1;5;
57204;202100036837;135 852;A01;1;1;0;2;8;19;5;
57205;202100036837;135 853;B01;1;2;0;2;1;1;1;
57206;202100036838;135 850;A01;2;10;0;2;8;22;1;
57207;202100036838;135 851;B01;2;1;0;2;7;17;5;
57208;202100036839;135 848;A01;1;32;0;2;1;1;1;
57209;202100036839;135 849;Z01;1;7;0;2;2;1;1;
57210;202100036840;135 847;A01;2;30;0;1;1;1;1;
57211;202100036841;135 846;A01;2;50;0;1;1;1;3;
57212;202100036842;135 844;B01;1;80;0;2;2;1;3;
57213;202100036842;135 845;A01;1;10;0;2;3;22;1;
57214;202100036843;135 842;A01;1;1;0;2;3;2;5;
57215;202100036843;135 843;B01;1;1;0;2;4;1;5;
57216;202100036844;135 840;B01;2;33;0;2;8;1;1;
57217;202100036844;135 841;A01;1;10;0;2;1;15;1;
57218;202100036845;135 838;A01;2;50;0;2;1;17;3;
57219;202100036845;135 839;Z01;2;10;0;0;8;22;6;
57220;202100036846;135 836;A01;1;32;0;2;0;1;0;
57221;202100036846;135 837;B01;1;7;0;0;0;11;1;
57222;202100036847;135 834;B01;1;7;0;2;1;1;1;
57223;202100036847;135 835;A01;1;7;0;2;1;1;1;
57224;202100036848;135 830;A01;1;7;0;2;9;26;1;
57225;202100036848;135 831;D01;1;2;0;2;9;0;1;
57226;202100036848;135 832;C01;1;7;0;2;4;26;1;
57227;202100036848;135 833;B01;1;7;0;2;1;0;1;
57228;202100036849;135 828;A01;1;43;0;2;2;17;1;
57229;202100036849;135 829;B01;1;7;0;2;8;13;1;
57230;202100036850;135 826;A01;1;7;0;2;2;19;1;
57231;202100036850;135 827;B01;1;31;0;2;1;1;1;
57232;202100036851;135 824;A01;1;32;0;2;1;3;1;
57233;202100036851;135 825;B01;2;7;0;2;3;15;1;
57234;202100036852;135 823;A01;0;7;12;0;3;1;1;
57235;202100036853;135 822;A01;2;10;0;1;8;22;1;
57236;202100036854;135 821;A01;2;7;0;1;2;26;1;
57237;202100036855;135 820;A01;1;7;0;1;0;1;1;
57238;202100036856;135 817;C01;1;7;0;9;8;1;1;
57239;202100036856;135 818;A01;2;50;0;2;1;19;3;
57240;202100036856;135 819;B01;2;50;0;2;1;19;3;
57241;202100036857;135 815;A01;1;7;0;2;1;26;1;
57242;202100036857;135 816;B01;2;50;0;2;1;9;3;
57243;202100036858;135 814;A01;1;7;0;1;4;4;0;
57244;202100036859;135 812;B01;2;7;0;2;2;1;1;
57245;202100036859;135 813;A01;2;7;0;2;3;9;1;
57246;202100036860;135 809;C01;1;7;0;0;0;0;1;
57247;202100036860;135 810;B01;1;20;0;0;8;22;0;
57248;202100036860;135 811;A01;1;30;1;0;2;2;1;
57249;202100036861;135 808;A01;3;7;0;1;2;21;1;
57250;202100036862;135 806;B01;3;32;0;2;2;1;1;
57251;202100036862;135 807;Z01;0;10;0;2;5;10;1;
57252;202100036863;135 804;A01;1;7;0;2;3;23;1;
57253;202100036863;135 805;B01;1;1;0;2;2;20;5;
57254;202100036864;135 802;B01;2;7;0;2;4;1;1;
57255;202100036864;135 803;A01;2;3;0;2;1;1;0;
57256;202100036866;135 800;A01;1;7;0;1;4;20;0;
57257;202100036867;135 799;A01;2;1;0;1;1;1;5;
57258;202100036868;135 798;A01;3;1;0;1;1;26;5;
57259;202100036869;135 797;A01;1;34;0;1;2;0;1;
57260;202100036870;135 795;Z01;1;7;0;2;2;15;0;
57261;202100036870;135 796;A01;2;1;0;2;6;1;5;
57262;202100036871;135 793;B01;2;10;0;2;1;1;1;
57263;202100036871;135 794;A01;3;50;0;2;7;19;3;
57264;202100036872;135 791;B01;1;7;0;2;5;15;1;
57265;202100036872;135 792;A01;1;7;0;2;3;1;1;
57266;202100036873;135 789;B01;0;30;0;2;3;9;1;
57267;202100036873;135 790;A01;2;1;0;2;5;1;5;
57268;202100036874;135 785;Z01;2;7;0;2;7;14;0;
57269;202100036874;135 786;B01;2;32;0;2;1;3;1;
57270;202100036874;135 787;C01;2;7;0;2;4;1;1;
57271;202100036874;135 788;D01;2;7;0;2;5;1;1;
57272;202100036875;135 783;B01;1;7;0;2;8;13;0;
57273;202100036875;135 784;A01;2;2;0;2;3;14;1;
57274;202100036876;135 780;A01;2;7;0;2;1;13;1;
57275;202100036876;135 781;C01;1;7;6;0;3;1;1;
57276;202100036876;135 782;B01;2;7;13;0;6;1;1;
57277;202100036877;135 779;A01;1;7;7;0;9;0;1;
57278;202100036878;135 778;A01;2;7;2;0;3;13;1;
57279;202100036879;135 777;A01;1;7;3;0;3;1;1;
57280;202100036880;135 775;A01;0;7;0;9;3;1;0;
57281;202100036880;135 776;B01;3;1;0;2;8;1;0;
57282;202100036881;135 773;A01;2;7;0;2;1;1;1;
57283;202100036881;135 774;B01;2;7;0;2;3;0;1;
57284;202100036882;135 772;A01;2;7;13;0;4;1;1;
57285;202100036884;135 769;A01;1;7;0;2;1;5;1;
57286;202100036884;135 770;B01;2;7;0;2;1;1;1;
57287;202100036885;135 767;B01;3;21;0;2;8;19;6;
57288;202100036885;135 768;A01;2;10;0;2;1;1;1;
57289;202100036886;135 766;A01;1;33;2;0;7;1;1;
57290;202100036887;135 764;A01;1;7;0;2;1;19;1;
57291;202100036887;135 765;B01;1;1;0;2;8;1;5;
57292;202100036888;135 763;A01;2;33;0;0;0;1;1;
57293;202100036889;135 760;C01;2;7;0;0;6;1;1;
57294;202100036889;135 761;B01;2;33;0;0;4;1;1;
57295;202100036889;135 762;A01;2;7;0;2;1;2;1;
57296;202100036890;135 758;A01;1;10;0;2;1;1;1;
57297;202100036890;135 759;B01;2;7;0;0;7;1;1;
57298;202100036892;135 754;B01;1;7;0;0;3;1;1;
57299;202100036892;135 755;A01;2;7;0;2;1;15;1;
57300;202100036893;135 753;A01;1;33;14;0;9;1;1;
57301;202100036894;135 752;A01;0;7;6;0;1;1;1;
57302;202100036895;135 750;B01;3;7;0;2;3;15;1;
57303;202100036895;135 751;A01;-1;33;0;2;1;1;1;
57304;202100036896;135 749;A01;0;2;6;0;1;0;0;
57305;202100036897;135 747;B01;3;7;0;2;3;1;1;
57306;202100036897;135 748;A01;3;2;0;2;8;19;1;
57307;202100036898;135 745;A01;2;7;0;9;2;17;1;
57308;202100036898;135 746;B01;2;60;0;2;0;15;5;
57309;202100036899;135 744;A01;3;1;14;0;0;1;5;
57310;202100036900;135 743;A01;1;7;0;1;2;1;1;
57311;202100036901;135 741;A01;1;30;0;2;1;5;1;
57312;202100036901;135 742;B01;2;7;0;2;1;1;1;
57313;202100036903;135 738;A01;1;7;0;2;3;15;1;
57314;202100036903;135 739;B01;1;33;0;2;2;17;1;
57315;202100036904;135 736;B01;0;7;0;0;0;26;1;
57316;202100036904;135 737;A01;0;7;15;0;1;21;1;
57317;202100036905;135 734;A01;2;33;0;2;1;1;1;
57318;202100036905;135 735;B01;2;14;0;2;3;20;1;
57319;202100036906;135 731;A01;3;30;0;0;8;15;1;
57320;202100036908;135 727;A01;2;7;0;2;3;1;1;
57321;202100036908;135 728;B01;1;7;0;2;3;15;1;
57322;202100036909;135 725;B01;1;7;0;0;3;1;1;
57323;202100036909;135 726;A01;2;7;0;2;3;1;1;
57324;202100036910;135 724;A01;2;7;0;1;1;1;1;
57325;202100036911;135 723;A01;2;33;6;0;1;16;1;
57326;202100036912;135 722;A01;3;7;8;0;2;1;1;
57327;202100036913;135 721;A01;2;33;12;0;2;1;1;
57328;202100036914;135 717;B01;1;7;8;0;8;1;1;
57329;202100036914;135 718;A01;2;7;7;2;1;1;1;
57330;202100036915;135 715;B01;3;39;0;2;1;1;1;
57331;202100036915;135 716;A01;3;7;0;4;2;9;1;
57332;202100036916;135 714;A01;3;33;0;0;0;1;1;
57333;202100036918;135 712;A01;1;7;0;1;2;1;1;
57334;202100036919;135 710;A01;1;14;0;2;3;1;1;
57335;202100036919;135 711;B01;1;7;0;0;4;15;1;
57336;202100036920;135 708;A01;2;10;0;2;1;2;1;
57337;202100036920;135 709;B01;2;17;0;0;4;1;1;
57338;202100036921;135 706;B01;1;7;3;0;4;2;1;
57339;202100036921;135 707;A01;1;7;0;2;1;2;1;
57340;202100036922;135 705;A01;2;7;2;0;1;1;1;
57341;202100036923;135 703;B01;2;7;0;2;1;1;1;
57342;202100036923;135 704;A01;1;7;0;2;1;1;1;
57343;202100036924;135 700;A01;3;1;0;1;1;17;0;
57344;202100036925;135 699;A01;1;7;13;0;2;1;1;
57345;202100036926;135 698;A01;1;33;0;0;0;2;1;
57346;202100036927;135 697;A01;2;33;16;0;1;1;1;
57347;202100036928;135 696;A01;1;7;16;0;9;1;1;
57348;202100036929;135 695;A01;1;7;1;0;1;1;1;
57349;202100036930;135 693;A01;1;7;0;2;1;1;1;
57350;202100036930;135 694;B01;1;10;0;2;4;1;1;
57351;202100036931;135 691;A01;1;7;0;2;4;1;1;
57352;202100036931;135 692;B01;2;7;0;2;1;2;1;
57353;202100036932;135 689;B01;1;33;0;2;1;2;1;
57354;202100036932;135 690;A01;1;10;0;2;4;2;1;
57355;202100036933;135 688;A01;2;14;0;1;1;1;1;
57356;202100036934;135 684;D01;1;7;0;2;4;2;1;
57357;202100036934;135 685;C01;1;10;0;2;4;2;1;
57358;202100036934;135 686;B01;1;7;0;2;4;2;1;
57359;202100036934;135 687;A01;1;10;0;2;1;1;1;
57360;202100036935;135 681;C01;2;7;0;2;4;2;1;
57361;202100036935;135 682;B01;2;7;0;2;1;2;1;
57362;202100036935;135 683;A01;2;33;0;2;4;2;1;
57363;202100036936;135 678;Z01;2;7;0;2;2;2;1;
57364;202100036936;135 679;B01;2;7;0;2;6;1;1;
57365;202100036936;135 680;A01;2;7;0;2;4;2;1;
57366;202100036937;135 677;A01;1;7;1;1;2;14;1;
57367;202100036938;135 674;C01;2;10;4;2;4;2;1;
57368;202100036938;135 675;B01;2;10;4;2;4;2;1;
57369;202100036938;135 676;A01;2;10;4;2;1;2;1;
57370;202100036939;135 671;C01;2;7;0;2;4;1;1;
57371;202100036939;135 672;A01;2;7;0;2;1;1;1;
57372;202100036939;135 673;B01;2;7;0;2;4;1;1;
57373;202100036940;135 667;A01;2;43;0;2;1;3;1;
57374;202100036940;135 668;B01;2;7;0;2;4;23;1;
57375;202100036940;135 669;C01;2;7;0;2;7;1;1;
57376;202100036940;135 670;D01;2;10;0;2;8;1;1;
57377;202100036941;135 665;B01;1;7;0;2;1;1;1;
57378;202100036941;135 666;Z01;1;7;0;2;4;21;1;
57379;202100036942;135 664;A01;1;7;4;0;1;21;1;
57380;202100036943;135 662;B01;1;7;0;2;4;15;1;
57381;202100036943;135 663;A01;1;7;0;2;1;1;1;
57382;202100036944;135 661;A01;3;7;0;1;1;26;1;
57383;202100036945;135 660;A01;1;32;0;1;1;1;1;
57384;202100036946;135 659;A01;2;7;1;0;1;14;1;
57385;202100036948;135 655;B01;2;10;0;2;4;1;1;
57386;202100036948;135 656;A01;2;30;0;2;1;1;1;
57387;202100036949;135 653;B01;3;7;0;9;3;1;1;
57388;202100036949;135 654;A01;3;7;0;9;3;15;1;
57389;202100036950;135 651;B01;1;10;0;0;4;0;1;
57390;202100036950;135 652;A01;1;10;0;2;1;26;1;
57391;202100036951;135 650;A01;1;7;4;1;3;1;1;
57392;202100036952;135 648;B01;2;7;0;2;7;1;1;
57393;202100036952;135 649;A01;2;7;0;2;1;1;1;
57394;202100036953;135 646;B01;0;1;0;2;1;19;5;
57395;202100036953;135 647;A01;2;7;0;2;3;1;1;
57396;202100036954;135 644;A01;1;7;0;2;3;22;1;
57397;202100036954;135 645;B01;1;1;1;0;1;1;5;
57398;202100036955;135 642;B01;2;33;0;2;8;1;1;
57399;202100036955;135 643;A01;1;10;0;2;3;15;1;
57400;202100036956;135 641;A01;1;10;0;1;1;1;1;
57401;202100036957;135 639;B01;1;99;0;2;8;19;3;
57402;202100036957;135 640;A01;1;7;0;2;1;1;1;
57403;202100036958;135 637;B01;1;37;0;2;2;7;1;1.0
57404;202100036958;135 638;A01;1;7;0;2;3;15;1;
57405;202100036959;135 635;Z01;3;17;0;2;2;13;1;
57406;202100036959;135 636;A01;3;7;0;2;6;20;1;
57407;202100036960;135 634;A01;3;10;1;1;1;0;1;
57408;202100036962;135 631;B01;1;33;0;2;1;17;1;
57409;202100036962;135 632;A01;2;7;0;2;2;9;2;
57410;202100036963;135 629;B01;3;31;12;2;7;2;1;
57411;202100036963;135 630;Z01;3;7;0;2;8;13;1;
57412;202100036964;135 627;A01;-1;7;0;2;1;15;1;
57413;202100036964;135 628;B01;-1;7;0;2;3;0;1;
57414;202100036965;135 625;A01;0;7;0;2;1;1;1;
57415;202100036965;135 626;B01;0;7;0;2;4;1;1;
57416;202100036966;135 623;A01;0;7;0;2;1;1;1;
57417;202100036966;135 624;B01;0;7;0;2;4;1;1;
57418;202100036967;135 622;A01;2;10;0;0;0;1;0;
57419;202100036968;135 621;A01;2;7;0;1;1;1;1;
57420;202100036969;135 619;A01;3;38;0;1;7;16;1;1.0
57421;202100036970;135 616;C01;1;7;0;2;4;23;1;
57422;202100036970;135 617;B01;1;7;0;2;4;2;1;
57423;202100036970;135 618;A01;1;14;0;2;1;2;1;
57424;202100036971;135 614;A01;1;7;0;2;1;1;1;
57425;202100036971;135 615;B01;2;7;0;2;3;0;3;
57426;202100036973;135 610;A01;2;50;0;0;0;1;3;
57427;202100036975;135 606;B01;3;7;0;2;7;1;1;
57428;202100036975;135 607;A01;1;7;0;2;1;1;1;
57429;202100036976;135 604;B01;2;7;0;0;5;23;1;
57430;202100036976;135 605;A01;2;7;0;2;3;1;1;
57431;202100036977;135 602;B01;1;33;0;2;3;1;1;
57432;202100036977;135 603;A01;2;7;0;2;1;15;1;
57433;202100036978;135 601;A01;1;7;0;1;5;1;6;
57434;202100036979;135 599;A01;1;35;0;2;0;13;1;
57435;202100036979;135 600;B01;2;7;0;2;3;1;1;
57436;202100036980;135 597;B01;2;1;0;2;0;19;5;
57437;202100036980;135 598;A01;1;10;0;2;1;10;1;
57438;202100036981;135 595;A01;1;7;0;2;2;1;1;
57439;202100036981;135 596;B01;1;1;0;2;1;13;5;
57440;202100036982;135 594;A01;1;7;0;1;1;1;1;
57441;202100036983;135 592;Z01;1;7;0;2;1;1;1;
57442;202100036983;135 593;A01;1;7;0;2;8;1;1;
57443;202100036984;135 590;A01;3;60;0;2;2;15;5;
57444;202100036984;135 591;B01;3;7;0;2;3;16;1;
57445;202100036985;135 589;A01;1;33;0;0;0;11;1;
57446;202100036986;135 588;A01;3;30;0;2;4;26;1;
57447;202100036987;135 586;B01;2;13;0;2;5;21;1;
57448;202100036987;135 587;A01;2;30;0;2;1;21;1;
57449;202100036988;135 584;A01;1;7;0;2;2;10;1;
57450;202100036988;135 585;B01;1;33;0;2;1;1;1;
57451;202100036989;135 580;A01;3;7;0;9;8;15;1;
57452;202100036989;135 581;B01;3;33;0;2;1;1;1;
57453;202100036990;135 577;A01;2;30;0;2;1;26;1;
57454;202100036990;135 578;B01;1;10;0;2;2;19;1;
57455;202100036991;135 575;B01;1;37;0;2;1;1;1;2.0
57456;202100036991;135 576;A01;1;7;0;2;7;16;1;
57457;202100036992;135 573;B01;1;7;0;2;6;1;1;
57458;202100036992;135 574;A01;1;33;0;2;1;2;1;
57459;202100036993;135 572;A01;2;7;0;1;4;4;3;
57460;202100036994;135 571;A01;1;30;14;0;1;1;1;
57461;202100036996;135 566;A01;2;7;0;2;1;2;1;
57462;202100036996;135 567;B01;2;7;0;2;4;2;1;
57463;202100036996;135 568;C01;2;7;0;2;4;23;2;
57464;202100036997;135 564;A01;1;7;0;2;2;2;1;
57465;202100036997;135 565;B01;1;7;0;2;6;16;1;
57466;202100036998;135 562;B01;1;7;0;2;4;2;1;
57467;202100036998;135 563;A01;1;2;0;2;1;2;3;
57468;202100036999;135 560;B01;3;1;0;2;1;26;5;
57469;202100036999;135 561;A01;3;7;0;2;1;26;1;
57470;202100037000;135 559;A01;3;7;0;1;3;26;1;
57471;202100037001;135 558;A01;2;7;0;1;0;15;1;
57472;202100037002;135 557;A01;1;7;0;1;1;15;2;
57473;202100037003;135 556;A01;2;7;0;0;9;14;1;
57474;202100037004;135 555;A01;1;7;0;1;2;1;1;
57475;202100037005;135 554;A01;1;33;0;0;1;1;1;
57476;202100037006;135 553;A01;3;1;14;0;1;1;5;
57477;202100037009;135 547;B01;3;7;0;2;3;15;1;
57478;202100037009;135 548;A01;1;7;0;2;2;13;1;
57479;202100037010;135 546;A01;2;7;0;1;8;2;1;
57480;202100037011;135 544;A01;0;1;0;2;1;15;5;
57481;202100037011;135 545;Z01;0;0;0;2;0;0;0;
57482;202100037012;135 542;A01;1;7;0;2;4;15;1;
57483;202100037012;135 543;B01;1;31;0;2;1;2;1;
57484;202100037013;135 541;A01;2;7;0;1;2;26;1;
57485;202100037014;135 540;A01;1;99;0;1;7;1;3;
57486;202100037015;135 538;A01;0;7;0;2;0;26;1;
57487;202100037015;135 539;B01;3;7;2;2;3;1;1;
57488;202100037016;135 536;A01;0;7;14;2;1;19;1;
57489;202100037016;135 537;B01;0;7;0;2;1;1;1;
57490;202100037017;135 534;A01;1;2;1;0;1;1;1;
57491;202100037017;135 535;B01;1;7;0;2;6;15;1;
57492;202100037018;135 533;A01;1;10;6;1;7;1;1;
57493;202100037019;135 531;A01;2;1;0;2;6;15;5;
57494;202100037019;135 532;B01;2;33;0;2;1;17;1;
57495;202100037020;135 529;B01;1;1;1;0;1;2;5;
57496;202100037020;135 530;A01;1;14;0;2;6;24;1;
57497;202100037021;135 527;A01;1;37;0;2;5;1;1;1.0
57498;202100037021;135 528;B01;1;80;0;2;1;9;5;
57499;202100037022;135 526;A01;1;7;3;0;9;13;1;
57500;202100037023;135 524;A01;3;7;0;2;3;2;1;
57501;202100037023;135 525;B01;3;7;0;2;3;13;1;
57502;202100037025;135 519;B01;1;1;0;2;6;1;5;
57503;202100037025;135 520;A01;1;2;0;2;1;1;1;
57504;202100037026;135 517;A01;1;7;0;2;3;13;0;
57505;202100037026;135 518;B01;2;33;0;2;1;1;1;
57506;202100037027;135 515;B01;1;30;0;2;0;0;1;
57507;202100037027;135 516;A01;1;7;0;2;6;15;1;
57508;202100037028;135 513;B01;2;7;0;2;4;2;1;
57509;202100037028;135 514;A01;2;7;0;2;1;2;1;
57510;202100037029;135 511;B01;2;7;0;2;4;2;1;
57511;202100037029;135 512;A01;1;7;0;2;1;2;1;
57512;202100037030;135 509;B01;3;7;0;2;4;2;1;
57513;202100037030;135 510;A01;3;7;0;2;1;2;1;
57514;202100037031;135 507;B01;1;33;0;2;1;1;1;
57515;202100037031;135 508;A01;1;7;0;2;2;1;1;
57516;202100037032;135 506;A01;3;10;0;1;4;4;1;
57517;202100037033;135 505;A01;2;7;8;0;1;26;1;
57518;202100037035;135 501;B01;1;7;0;2;8;1;1;
57519;202100037035;135 502;A01;1;17;0;2;2;12;1;
57520;202100037036;135 499;A01;2;33;0;2;3;3;1;
57521;202100037036;135 500;B01;2;7;0;2;5;1;1;
57522;202100037037;135 496;C01;1;7;0;2;6;1;1;
57523;202100037037;135 497;B01;1;7;0;2;5;1;1;
57524;202100037037;135 498;A01;1;33;0;2;3;3;1;
57525;202100037038;135 494;A01;2;7;0;2;1;12;1;
57526;202100037038;135 495;B01;2;7;0;2;6;11;1;