;Num_Acc;id_vehicule;num_veh;senc;catv;obs;obsm;choc;manv;motor;occutc
57527;202100037039;135 492;A01;1;7;0;2;1;2;1;
57528;202100037039;135 493;B01;1;14;0;2;4;2;0;
57529;202100037040;135 490;B01;1;7;0;2;3;1;1;
57530;202100037040;135 491;A01;2;33;1;2;1;17;1;
57531;202100037041;135 488;B01;2;60;0;2;8;1;5;
57532;202100037041;135 489;A01;2;10;0;2;2;14;1;
57533;202100037042;135 486;A01;1;7;0;2;3;2;1;
57534;202100037042;135 487;B01;1;33;0;2;4;17;1;
57535;202100037043;135 485;A01;1;30;0;1;1;1;3;
57536;202100037044;135 483;B01;1;7;0;2;7;22;1;
57537;202100037044;135 484;A01;3;1;0;2;1;18;5;
57538;202100037045;135 481;A01;3;10;0;2;2;1;1;
57539;202100037045;135 482;B01;0;43;0;2;1;16;1;
57540;202100037046;135 479;B01;2;7;0;2;4;2;1;
57541;202100037046;135 480;A01;2;30;0;2;1;2;1;
57542;202100037048;135 476;A01;1;7;0;2;2;15;2;
57543;202100037048;135 477;B01;2;30;0;2;1;1;1;
57544;202100037049;135 474;A01;3;7;0;2;8;22;1;
57545;202100037049;135 475;B01;3;30;0;2;1;3;1;
57546;202100037050;135 473;A01;0;30;0;1;7;26;3;
57547;202100037051;135 472;A01;2;7;0;1;5;1;1;
57548;202100037052;135 470;B01;1;32;0;2;6;20;1;
57549;202100037052;135 471;A01;3;10;0;2;8;1;1;
57550;202100037053;135 468;A01;1;32;0;2;1;18;1;
57551;202100037053;135 469;B01;1;7;0;2;5;2;1;
57552;202100037054;135 467;A01;3;1;12;0;7;14;5;
57553;202100037055;135 465;B01;2;7;0;2;3;16;1;
57554;202100037055;135 466;A01;2;33;0;2;3;18;1;
57555;202100037056;135 463;B01;0;1;0;2;7;19;5;
57556;202100037056;135 464;A01;0;32;0;2;1;17;1;
57557;202100037057;135 462;A01;0;7;14;0;1;1;1;
57558;202100037058;135 460;A01;1;7;0;2;7;17;1;
57559;202100037058;135 461;B01;1;1;0;2;8;2;5;
57560;202100037059;135 458;B01;1;14;0;2;3;1;1;
57561;202100037059;135 459;A01;1;30;0;2;1;13;1;
57562;202100037060;135 456;B01;2;37;0;2;7;1;1;2.0
57563;202100037060;135 457;A01;2;37;0;2;3;9;1;1.0
57564;202100037062;135 453;A01;1;30;0;0;7;1;1;
57565;202100037063;135 451;B01;1;1;0;2;3;13;5;
57566;202100037063;135 452;A01;2;7;0;2;2;14;1;
57567;202100037064;135 449;A01;3;30;0;2;0;1;1;
57568;202100037064;135 450;B01;3;7;0;2;3;1;1;
57569;202100037065;135 447;B01;3;7;0;2;5;9;1;
57570;202100037065;135 448;A01;3;7;0;2;1;26;1;
57571;202100037066;135 445;B01;0;7;0;2;1;2;1;
57572;202100037066;135 446;A01;0;7;0;2;4;0;1;
57573;202100037067;135 443;A01;3;3;0;2;1;26;1;
57574;202100037067;135 444;B01;3;7;0;2;1;1;1;
57575;202100037068;135 442;A01;0;99;0;1;0;25;0;
57576;202100037069;135 440;B01;2;7;0;2;8;1;1;
57577;202100037069;135 441;A01;1;7;0;2;1;1;1;
57578;202100037070;135 438;B01;1;7;0;2;1;19;1;
57579;202100037070;135 439;A01;2;30;0;2;8;21;1;
57580;202100037071;135 437;A01;1;7;0;1;2;15;0;
57581;202100037072;135 435;A01;3;7;0;2;1;2;1;
57582;202100037072;135 436;B01;3;10;0;2;4;0;1;
57583;202100037073;135 433;B01;1;7;0;2;7;16;1;
57584;202100037073;135 434;A01;1;2;0;2;1;18;1;
57585;202100037075;135 430;A01;1;30;0;0;1;13;1;
57586;202100037076;135 428;B01;1;10;0;2;2;9;1;
57587;202100037076;135 429;A01;1;33;1;2;1;19;1;
57588;202100037078;135 424;A01;3;34;0;2;6;1;1;
57589;202100037078;135 425;B01;3;7;0;2;2;16;1;
57590;202100037079;135 422;B01;1;7;0;0;2;0;0;
57591;202100037079;135 423;A01;1;2;0;2;2;3;1;
57592;202100037080;135 420;A01;0;30;0;1;1;5;0;
57593;202100037082;135 417;B01;2;7;0;0;1;1;1;
57594;202100037082;135 418;A01;1;10;0;0;2;1;1;
57595;202100037083;135 416;A01;0;2;0;0;0;1;1;
57596;202100037084;135 415;A01;2;14;2;0;1;1;1;
57597;202100037085;135 414;A01;2;2;12;0;3;13;1;
57598;202100037086;135 413;A01;1;7;0;1;2;1;1;
57599;202100037087;135 411;B01;3;7;0;2;3;1;1;
57600;202100037087;135 412;A01;3;7;0;2;3;1;1;
57601;202100037088;135 409;B01;3;10;0;2;3;1;1;
57602;202100037088;135 410;A01;3;7;0;2;3;13;1;
57603;202100037089;135 406;A01;3;36;13;0;1;13;1;
57604;202100037090;135 405;A01;2;33;9;0;7;1;1;
57605;202100037091;135 404;A01;1;7;0;0;0;17;1;
57606;202100037092;135 401;A01;1;7;6;0;3;13;1;
57607;202100037093;135 399;A01;1;7;0;2;3;1;1;
57608;202100037093;135 400;B01;2;7;0;2;3;1;1;
57609;202100037094;135 398;A01;2;33;4;0;2;15;1;
57610;202100037095;135 397;A01;3;31;0;0;0;1;1;
57611;202100037096;135 396;A01;0;7;9;0;3;1;1;
57612;202100037097;135 394;B01;2;7;0;2;3;17;1;
57613;202100037097;135 395;A01;1;7;0;2;3;13;1;
57614;202100037098;135 392;B01;2;7;0;2;6;26;1;
57615;202100037098;135 393;A01;2;7;0;2;1;19;1;
57616;202100037099;135 391;A01;3;80;12;0;0;1;3;
57617;202100037100;135 390;A01;2;7;13;0;2;1;1;
57618;202100037101;135 388;B01;1;10;0;0;3;15;1;
57619;202100037101;135 389;A01;1;33;0;2;1;2;1;
57620;202100037103;135 381;A01;0;7;0;2;3;9;1;
57621;202100037103;135 382;B01;1;38;0;2;2;1;1;1.0
57622;202100037104;135 379;B01;2;7;0;2;3;1;1;
57623;202100037104;135 380;A01;2;1;0;2;1;9;5;
57624;202100037105;135 377;A01;1;7;0;2;3;1;1;
57625;202100037105;135 378;B01;2;7;0;2;3;1;1;
57626;202100037106;135 375;D01;1;17;0;0;0;1;1;
57627;202100037106;135 376;A01;2;10;1;0;1;1;1;
57628;202100037107;135 374;A01;3;36;13;0;1;0;1;
57629;202100037108;135 372;B01;2;33;0;2;1;17;1;
57630;202100037108;135 373;A01;2;21;0;0;3;15;1;
57631;202100037109;135 370;B01;3;10;1;2;3;5;1;
57632;202100037109;135 371;A01;3;7;0;0;3;23;1;
57633;202100037110;135 368;C01;1;16;1;0;1;1;1;
57634;202100037110;135 369;A01;1;17;0;0;4;23;1;
57635;202100037111;135 366;A01;1;1;0;2;1;1;5;
57636;202100037111;135 367;B01;1;10;0;2;7;19;1;
57637;202100037112;135 364;B01;2;38;0;2;6;16;1;1.0
57638;202100037112;135 365;A01;2;33;0;2;1;3;1;
57639;202100037113;135 360;D01;1;7;0;2;2;17;1;
57640;202100037113;135 361;C01;1;15;0;2;1;2;1;
57641;202100037113;135 362;B01;1;15;0;2;1;2;1;
57642;202100037113;135 363;A01;1;15;0;2;4;2;1;
57643;202100037114;135 359;A01;1;7;13;0;1;0;1;
57644;202100037115;135 358;A01;1;33;13;0;3;2;1;
57645;202100037116;135 357;A01;1;7;16;0;1;1;1;
57646;202100037117;135 355;B01;0;10;0;2;6;24;1;
57647;202100037117;135 356;A01;0;7;1;0;3;1;1;
57648;202100037118;135 354;A01;2;7;15;0;2;1;1;
57649;202100037119;135 353;A01;1;7;2;0;1;1;1;
57650;202100037120;135 351;A01;1;7;0;2;1;13;1;
57651;202100037120;135 352;B01;2;7;0;2;3;1;1;
57652;202100037121;135 349;B01;0;7;0;2;2;15;1;
57653;202100037121;135 350;A01;0;33;0;2;8;1;1;
57654;202100037122;135 347;B01;2;1;0;2;1;1;5;
57655;202100037122;135 348;A01;2;10;0;2;7;16;1;
57656;202100037124;135 345;A01;2;33;0;0;9;1;1;
57657;202100037125;135 343;B01;2;33;0;2;2;2;1;
57658;202100037125;135 344;A01;2;7;0;2;3;15;1;
57659;202100037126;135 338;E01;1;7;13;0;0;21;1;
57660;202100037126;135 339;D01;1;7;0;2;3;1;1;
57661;202100037126;135 340;C01;2;7;0;2;3;1;1;
57662;202100037126;135 341;B01;1;7;0;2;3;1;1;
57663;202100037126;135 342;A01;2;7;0;2;1;17;1;
57664;202100037127;135 337;A01;1;2;12;0;2;20;1;
57665;202100037128;135 333;A01;2;7;0;9;8;1;1;
57666;202100037128;135 334;B01;1;1;0;2;1;1;5;
57667;202100037129;135 332;A01;1;33;0;0;0;17;1;
57668;202100037130;135 329;A01;2;7;0;2;4;1;1;
57669;202100037130;135 330;B01;2;7;0;2;4;2;1;
57670;202100037130;135 331;C01;2;7;0;2;1;2;1;
57671;202100037131;135 328;A01;1;7;3;0;1;21;1;
57672;202100037132;135 324;C01;1;7;1;0;1;2;1;
57673;202100037132;135 325;B01;1;33;1;0;4;0;1;
57674;202100037132;135 326;A01;1;7;0;0;4;2;1;
57675;202100037132;135 327;D01;1;7;1;0;1;2;1;
57676;202100037133;135 323;A01;1;7;4;0;1;1;1;
57677;202100037134;135 319;D01;1;7;0;2;4;2;1;
57678;202100037134;135 320;C01;1;7;0;2;4;2;1;
57679;202100037134;135 321;B01;1;10;0;2;4;2;1;
57680;202100037134;135 322;A01;1;31;0;2;1;2;1;
57681;202100037135;135 317;B01;1;7;0;2;4;1;1;
57682;202100037135;135 318;A01;1;10;0;2;1;14;1;
57683;202100037136;135 314;A01;2;7;0;2;2;9;1;
57684;202100037136;135 315;C01;2;7;0;2;4;1;1;
57685;202100037136;135 316;B01;2;7;0;2;6;0;1;
57686;202100037137;135 311;A01;1;7;0;2;2;1;1;
57687;202100037137;135 312;B01;1;10;0;2;1;2;1;
57688;202100037137;135 313;C01;1;17;0;2;4;2;1;
57689;202100037138;135 309;A01;1;33;0;2;4;2;1;
57690;202100037138;135 310;B01;1;7;0;2;1;2;1;
57691;202100037139;135 307;A01;2;33;0;2;4;2;1;
57692;202100037139;135 308;B01;2;7;0;2;1;2;1;
57693;202100037140;135 306;A01;2;7;3;0;1;1;1;
57694;202100037141;135 304;A01;2;7;0;0;4;0;1;
57695;202100037141;135 305;B01;2;14;0;0;0;0;1;
57696;202100037143;135 298;A01;1;10;0;2;1;2;1;
57697;202100037143;135 299;B01;1;15;0;2;4;23;1;
57698;202100037144;135 295;C01;2;7;0;2;3;1;1;
57699;202100037144;135 296;B01;2;7;0;2;5;1;1;
57700;202100037144;135 297;A01;2;7;0;2;3;14;1;
57701;202100037145;135 291;A01;2;7;0;2;4;23;1;
57702;202100037145;135 292;B01;2;10;0;2;9;1;1;
57703;202100037145;135 293;C01;2;10;0;2;9;1;1;
57704;202100037145;135 294;D01;2;7;0;2;1;1;1;
57705;202100037146;135 289;A01;1;31;0;2;1;3;1;
57706;202100037146;135 290;B01;1;7;0;2;4;2;1;
57707;202100037147;135 288;A01;1;34;14;0;1;21;1;
57708;202100037148;135 286;B01;2;7;0;2;4;2;1;
57709;202100037148;135 287;A01;2;7;0;2;1;2;1;
57710;202100037149;135 283;C01;2;10;0;2;4;2;1;
57711;202100037149;135 284;B01;2;7;0;2;4;2;1;
57712;202100037149;135 285;A01;2;10;0;2;1;2;1;
57713;202100037150;135 282;A01;2;7;4;0;1;0;0;
57714;202100037151;135 277;E01;2;7;0;2;1;1;1;
57715;202100037151;135 278;D01;2;7;0;2;4;2;1;
57716;202100037151;135 279;C01;2;7;0;2;4;2;1;
57717;202100037151;135 280;B01;2;7;0;2;8;2;1;
57718;202100037151;135 281;A01;2;7;0;2;2;12;1;
57719;202100037152;135 275;A01;2;13;0;2;1;1;1;
57720;202100037152;135 276;B01;2;7;0;2;4;2;1;
57721;202100037153;135 273;B01;2;32;0;2;1;21;1;
57722;202100037153;135 274;A01;2;7;0;2;4;1;1;
57723;202100037154;135 269;D01;2;7;0;2;4;0;1;
57724;202100037154;135 270;C01;2;7;0;2;4;0;1;
57725;202100037154;135 271;A01;2;7;0;2;1;2;1;
57726;202100037154;135 272;B01;2;7;0;2;4;2;1;
57727;202100037155;135 267;B01;1;15;0;2;2;12;1;
57728;202100037155;135 268;A01;1;7;0;2;8;1;1;
57729;202100037156;135 266;A01;3;7;8;1;6;23;1;
57730;202100037157;135 263;A01;1;7;0;1;2;1;1;
57731;202100037158;135 262;A01;3;7;0;1;2;0;1;
57732;202100037159;135 261;A01;3;7;0;1;8;1;1;
57733;202100037160;135 260;A01;2;7;0;1;3;1;1;
57734;202100037164;135 256;A01;0;7;0;1;2;1;1;
57735;202100037165;135 254;B01;2;7;0;2;4;1;1;
57736;202100037165;135 255;A01;2;10;0;2;1;1;1;
57737;202100037166;135 252;B01;2;7;0;2;6;15;1;
57738;202100037166;135 253;A01;2;30;0;2;1;17;1;
57739;202100037167;135 250;A01;0;7;0;2;3;0;0;
57740;202100037167;135 251;B01;0;30;0;2;0;0;1;
57741;202100037169;135 247;A01;3;7;0;1;6;20;1;
57742;202100037170;135 246;Z01;1;7;0;1;6;13;0;
57743;202100037171;135 243;B01;1;30;0;2;8;23;1;
57744;202100037171;135 244;C01;1;37;0;2;3;23;1;1.0
57745;202100037171;135 245;A01;1;7;0;2;2;2;1;
57746;202100037172;135 240;C01;2;7;0;2;4;2;1;
57747;202100037172;135 241;B01;2;7;0;2;4;2;1;
57748;202100037172;135 242;A01;2;7;0;2;1;2;1;
57749;202100037173;135 238;B01;1;43;0;2;8;1;1;
57750;202100037173;135 239;A01;2;7;0;2;1;15;1;
57751;202100037174;135 237;A01;1;30;0;2;0;21;1;
57752;202100037175;135 235;A01;3;7;0;2;6;15;1;
57753;202100037175;135 236;B01;3;33;0;0;7;1;1;
57754;202100037176;135 233;A01;3;7;0;2;6;9;1;
57755;202100037176;135 234;B01;1;50;0;0;1;1;3;
57756;202100037177;135 231;B01;1;7;0;2;2;1;1;
57757;202100037177;135 232;A01;1;7;0;2;3;10;1;
57758;202100037178;135 230;A01;1;7;0;1;3;1;1;
57759;202100037179;135 228;A01;1;7;0;0;0;0;1;
57760;202100037179;135 229;B01;1;32;0;0;0;0;0;
57761;202100037180;135 227;A01;3;7;0;1;2;15;1;
57762;202100037181;135 225;A01;1;7;0;2;7;15;1;
57763;202100037181;135 226;B01;1;7;0;2;1;1;1;
57764;202100037182;135 223;B01;1;30;0;0;0;0;1;
57765;202100037182;135 224;A01;1;7;0;0;0;0;1;
57766;202100037183;135 221;B01;2;1;0;2;1;1;5;
57767;202100037183;135 222;A01;1;7;0;2;1;13;1;
57768;202100037184;135 219;B01;1;7;0;2;1;15;1;
57769;202100037184;135 220;A01;2;7;0;2;8;1;1;
57770;202100037185;135 217;B01;2;10;0;2;4;23;1;
57771;202100037185;135 218;A01;2;2;0;2;1;1;1;
57772;202100037187;135 214;B01;2;7;0;2;6;2;1;
57773;202100037187;135 215;A01;1;33;0;2;1;2;1;
57774;202100037188;135 212;A01;1;1;0;2;1;9;5;
57775;202100037188;135 213;B01;2;7;0;2;2;0;1;
57776;202100037189;135 210;A01;2;7;0;2;1;15;1;
57777;202100037189;135 211;B01;3;7;0;2;3;1;1;
57778;202100037190;135 206;A01;1;32;0;1;1;1;1;
57779;202100037191;135 204;A01;1;7;0;2;8;9;1;
57780;202100037191;135 205;B01;2;99;0;2;1;1;6;
57781;202100037192;135 202;B01;1;14;0;2;7;15;1;
57782;202100037192;135 203;A01;2;33;0;2;1;1;1;
57783;202100037194;135 198;A01;2;43;4;2;1;1;1;
57784;202100037194;135 199;B01;3;7;0;2;1;0;1;
57785;202100037195;135 196;B01;2;7;0;2;1;1;1;
57786;202100037195;135 197;A01;1;7;0;2;1;17;1;
57787;202100037196;135 194;A01;1;7;0;2;1;26;1;
57788;202100037196;135 195;B01;1;1;0;2;7;1;0;
57789;202100037197;135 192;A01;3;7;0;2;1;5;1;
57790;202100037197;135 193;B01;3;7;0;2;1;1;1;
57791;202100037198;135 191;A01;1;10;2;0;6;13;1;
57792;202100037199;135 190;A01;1;7;0;1;1;1;2;
57793;202100037200;135 188;B01;2;32;0;2;1;0;1;
57794;202100037200;135 189;A01;1;7;0;2;1;0;1;
57795;202100037201;135 186;A01;1;30;0;2;2;1;3;
57796;202100037201;135 187;B01;1;32;0;2;3;1;1;
57797;202100037202;135 184;A01;0;7;0;2;2;2;1;
57798;202100037202;135 185;B01;0;7;0;2;3;0;6;
57799;202100037203;135 182;A01;1;7;0;2;8;9;1;
57800;202100037203;135 183;B01;1;1;0;2;7;2;0;
57801;202100037204;135 180;B01;1;33;0;2;1;1;1;
57802;202100037204;135 181;A01;1;7;0;2;2;15;1;
57803;202100037205;135 178;A01;1;7;0;2;2;15;1;
57804;202100037205;135 179;B01;2;33;0;2;1;1;1;
57805;202100037206;135 176;B01;1;33;0;2;2;2;1;
57806;202100037206;135 177;A01;1;7;0;2;6;9;0;
57807;202100037207;135 174;A01;2;7;0;2;5;15;1;
57808;202100037207;135 175;B01;1;80;0;2;2;1;3;
57809;202100037208;135 173;A01;2;7;0;1;2;15;1;
57810;202100037211;135 167;A01;1;32;0;2;1;1;1;
57811;202100037211;135 168;B01;2;7;0;2;1;15;2;
57812;202100037212;135 165;B01;2;7;0;2;8;13;1;
57813;202100037212;135 166;A01;2;31;0;0;7;17;1;
57814;202100037213;135 163;B01;2;7;0;2;1;1;1;
57815;202100037213;135 164;A01;1;7;0;2;1;5;1;
57816;202100037214;135 161;A01;2;7;0;2;3;15;1;
57817;202100037214;135 162;B01;1;1;0;2;3;1;5;
57818;202100037215;135 159;A01;1;31;0;2;1;2;1;
57819;202100037215;135 160;B01;1;10;0;2;4;2;1;
57820;202100037216;135 158;A01;1;7;8;0;7;14;1;
57821;202100037218;135 155;A01;1;32;0;1;1;26;1;
57822;202100037219;135 152;B01;1;7;0;2;4;1;1;
57823;202100037219;135 153;C01;1;7;0;2;1;1;3;
57824;202100037219;135 154;A01;1;7;0;2;4;23;1;
57825;202100037221;135 148;B01;2;7;0;2;1;19;1;
57826;202100037221;135 149;A01;1;7;0;2;7;19;1;
57827;202100037222;135 147;A01;1;10;6;0;2;1;1;
57828;202100037223;135 146;A01;1;7;1;0;2;2;1;
57829;202100037224;135 144;A01;2;7;0;2;2;15;1;
57830;202100037224;135 145;B01;1;2;0;2;1;2;1;
57831;202100037225;135 143;A01;1;33;0;1;3;21;1;
57832;202100037226;135 141;B01;1;1;1;0;1;1;0;
57833;202100037226;135 142;A01;3;7;0;2;3;24;1;
57834;202100037227;135 139;B01;2;2;0;2;1;1;3;
57835;202100037227;135 140;A01;1;7;0;2;8;15;1;
57836;202100037228;135 138;A01;1;7;0;1;2;26;1;
57837;202100037229;135 136;A01;1;7;0;2;3;19;1;
57838;202100037229;135 137;B01;1;1;0;2;1;1;5;
57839;202100037230;135 134;A01;1;7;0;2;7;17;1;
57840;202100037230;135 135;B01;1;1;0;2;8;1;5;
57841;202100037231;135 133;A01;1;7;13;0;9;21;1;
57842;202100037232;135 131;B01;1;7;0;2;3;1;1;
57843;202100037232;135 132;A01;1;7;9;2;3;11;1;
57844;202100037233;135 129;B01;3;2;0;2;7;1;1;
57845;202100037233;135 130;A01;3;7;0;2;8;11;1;
57846;202100037234;135 128;A01;0;7;0;1;8;1;1;
57847;202100037235;135 126;A01;1;7;0;2;4;1;1;
57848;202100037235;135 127;B01;1;2;0;2;4;1;1;
57849;202100037238;135 120;A01;0;7;0;2;7;9;1;
57850;202100037238;135 121;B01;2;33;0;2;8;1;1;
57851;202100037239;135 118;A01;2;7;0;2;3;13;1;
57852;202100037239;135 119;B01;1;7;0;2;3;1;1;
57853;202100037240;135 115;A01;3;7;0;2;4;23;1;
57854;202100037240;135 116;C01;3;7;0;2;1;1;1;
57855;202100037240;135 117;B01;3;7;0;2;1;1;1;
57856;202100037241;135 113;B01;1;7;0;0;4;23;1;
57857;202100037241;135 114;A01;1;10;0;2;1;1;1;
57858;202100037242;135 111;B01;1;37;0;2;3;1;4;1.0
57859;202100037242;135 112;A01;1;7;0;2;3;1;1;
57860;202100037243;135 109;B01;1;30;0;2;0;0;1;
57861;202100037243;135 110;A01;1;7;0;2;5;1;0;
57862;202100037244;135 107;B01;3;7;8;2;1;26;1;
57863;202100037244;135 108;A01;2;7;0;2;3;26;1;
57864;202100037245;135 105;B01;3;7;0;2;8;16;1;
57865;202100037245;135 106;A01;3;2;0;2;1;1;1;
57866;202100037246;135 103;A01;2;7;0;2;2;15;1;
57867;202100037246;135 104;B01;2;7;0;2;3;1;1;
57868;202100037247;135 101;A01;3;7;0;2;5;15;1;
57869;202100037247;135 102;B01;3;7;0;2;1;1;1;
57870;202100037248;135 099;A01;3;7;0;2;5;16;1;
57871;202100037248;135 100;B01;3;1;0;2;1;2;6;
57872;202100037249;135 097;A01;1;7;0;2;2;1;1;
57873;202100037249;135 098;B01;1;7;0;2;3;1;1;
57874;202100037250;135 095;A01;2;7;0;2;3;15;1;
57875;202100037250;135 096;B01;1;1;0;2;6;1;5;
57876;202100037251;135 093;A01;2;7;0;2;7;1;1;
57877;202100037251;135 094;B01;1;7;0;2;1;1;1;
57878;202100037252;135 091;B01;1;7;0;2;1;1;1;
57879;202100037252;135 092;A01;2;43;0;2;1;15;1;
57880;202100037253;135 089;A01;3;7;0;2;3;19;1;
57881;202100037253;135 090;B01;3;33;0;2;1;1;1;
57882;202100037254;135 088;A01;2;3;6;0;1;21;1;
57883;202100037255;135 086;B01;3;7;0;2;8;0;1;
57884;202100037255;135 087;A01;0;7;0;2;1;0;1;
57885;202100037256;135 084;A01;1;7;0;2;1;1;1;
57886;202100037256;135 085;B01;2;7;0;2;1;1;1;
57887;202100037257;135 083;A01;0;7;0;0;2;1;0;
57888;202100037258;135 081;A01;1;7;0;2;1;15;1;
57889;202100037258;135 082;B01;1;2;0;2;0;1;1;
57890;202100037259;135 079;B01;1;7;0;2;3;1;1;
57891;202100037259;135 080;A01;1;30;0;2;2;16;1;
57892;202100037260;135 077;A01;3;7;0;2;3;15;6;
57893;202100037260;135 078;B01;1;31;0;2;1;1;6;
57894;202100037261;135 075;A01;3;7;0;2;2;16;1;
57895;202100037261;135 076;B01;3;1;0;2;2;13;5;
57896;202100037263;135 068;A01;0;7;0;2;1;21;1;
57897;202100037263;135 069;B01;3;7;0;2;4;16;1;
57898;202100037264;135 066;A01;1;10;0;2;3;15;1;
57899;202100037264;135 067;B01;1;7;0;2;3;1;1;
57900;202100037267;135 061;B01;1;7;0;2;7;1;1;
57901;202100037267;135 062;A01;1;32;0;2;1;26;1;
57902;202100037268;135 059;A01;0;7;0;2;1;9;1;
57903;202100037268;135 060;B01;2;33;0;2;1;17;1;
57904;202100037269;135 058;A01;2;7;0;1;0;11;1;
57905;202100037271;135 053;B01;1;32;0;2;0;0;1;
57906;202100037271;135 054;A01;1;7;0;2;1;9;0;
57907;202100037272;135 051;B01;1;7;0;2;6;15;1;
57908;202100037272;135 052;A01;1;33;0;2;7;17;1;
57909;202100037273;135 048;A01;1;7;0;2;1;2;1;
57910;202100037273;135 049;B01;1;7;0;2;4;2;1;
57911;202100037273;135 050;C01;1;7;0;2;4;2;1;
57912;202100037274;135 046;B01;0;1;0;2;1;1;0;
57913;202100037274;135 047;A01;0;7;0;2;3;15;1;
57914;202100037275;135 043;C01;0;10;0;2;4;1;1;
57915;202100037275;135 044;B01;0;7;0;2;4;1;1;
57916;202100037275;135 045;A01;0;7;1;0;1;2;1;
57917;202100037276;135 042;A01;2;7;0;1;8;2;1;
57918;202100037277;135 041;A01;1;7;8;0;1;1;1;
57919;202100037279;135 038;A01;3;2;0;0;0;9;0;
57920;202100037280;135 035;A01;1;33;0;2;2;3;1;
57921;202100037280;135 036;B01;1;7;0;2;5;1;0;
57922;202100037280;135 037;Z01;0;32;0;2;0;11;0;
57923;202100037281;135 032;A01;1;33;0;2;2;3;1;
57924;202100037281;135 033;C01;1;10;0;2;5;1;0;
57925;202100037281;135 034;B01;1;14;0;2;6;1;1;
57926;202100037282;135 031;A01;2;32;0;1;1;17;1;
57927;202100037283;135 029;A01;2;30;0;2;2;5;3;
57928;202100037283;135 030;B01;1;1;0;2;3;1;5;
57929;202100037284;135 028;A01;1;2;0;1;1;17;3;
57930;202100037285;135 026;B01;1;1;0;2;1;1;5;
57931;202100037285;135 027;A01;1;7;0;2;1;15;1;
57932;202100037286;135 024;A01;2;50;0;2;4;11;3;
57933;202100037286;135 025;B01;2;50;0;2;1;17;3;
57934;202100037287;135 022;A01;1;43;0;2;7;15;1;
57935;202100037287;135 023;Z01;1;7;0;2;0;16;0;
57936;202100037288;135 021;A01;2;34;0;1;1;5;1;
57937;202100037289;135 019;B01;3;33;0;2;7;1;1;
57938;202100037289;135 020;A01;3;7;0;2;8;13;1;
57939;202100037290;135 017;B01;1;7;0;2;4;2;1;
57940;202100037290;135 018;A01;1;1;0;2;1;2;5;
57941;202100037292;135 013;A01;3;1;0;2;7;19;5;
57942;202100037292;135 014;B01;3;7;0;2;3;1;3;
57943;202100037292;135 015;C01;3;15;0;2;2;1;1;
57944;202100037293;135 009;A01;1;7;1;0;2;14;1;
57945;202100037293;135 010;B01;1;7;1;2;4;24;1;
57946;202100037293;135 011;C01;1;7;1;2;4;24;1;
57947;202100037293;135 012;D01;2;37;12;2;6;1;6;1.0
57948;202100037294;135 006;Z01;3;7;0;2;1;11;0;
57949;202100037294;135 007;B01;3;7;0;2;4;23;1;
57950;202100037294;135 008;A01;3;7;0;2;4;1;1;
57951;202100037295;135 005;A01;1;1;0;0;0;21;5;
57952;202100037296;135 004;A01;2;1;0;1;3;16;5;
57953;202100037297;135 002;A01;1;80;0;2;1;1;3;
57954;202100037297;135 003;B01;1;10;0;9;4;23;3;
57955;202100037299;134 998;B01;2;31;0;0;7;1;1;
57956;202100037299;134 999;A01;2;7;0;2;8;11;2;
57957;202100037300;134 996;A01;0;7;0;2;2;15;1;
57958;202100037300;134 997;B01;1;7;0;2;3;1;1;
57959;202100037301;134 995;A01;1;2;15;2;4;19;1;
57960;202100037302;134 993;B01;2;33;0;2;7;2;1;
57961;202100037302;134 994;A01;2;7;0;2;6;2;1;
57962;202100037303;134 992;A01;2;34;1;0;1;2;1;
57963;202100037304;134 990;B01;2;33;0;2;8;0;1;
57964;202100037304;134 991;A01;2;7;0;2;1;0;1;
57965;202100037306;134 987;A01;1;2;0;1;1;1;0;
57966;202100037307;134 985;A01;1;7;1;0;1;1;1;
57967;202100037307;134 986;B01;1;7;0;2;1;0;1;
57968;202100037308;134 984;A01;1;99;0;1;3;9;0;
57969;202100037309;134 983;A01;1;7;1;0;2;1;1;
57970;202100037311;134 979;A01;1;30;0;2;7;19;0;
57971;202100037311;134 980;B01;1;7;0;2;0;0;0;
57972;202100037312;134 977;A01;1;7;0;2;2;2;1;
57973;202100037312;134 978;Y01;1;60;0;2;4;26;5;
57974;202100037313;134 975;A01;1;33;0;2;1;1;1;
57975;202100037313;134 976;B01;1;7;0;0;0;0;0;
57976;202100037314;134 974;A01;0;7;0;1;3;1;2;
57977;202100037315;134 972;B01;1;99;0;0;8;23;6;
57978;202100037315;134 973;A01;1;1;0;2;1;17;5;
57979;202100037316;134 970;A01;1;7;0;2;2;10;1;
57980;202100037316;134 971;B01;1;32;0;2;1;17;1;
57981;202100037317;134 968;A01;1;43;0;2;8;15;1;
57982;202100037317;134 969;B01;1;7;0;2;7;1;1;
57983;202100037318;134 966;B01;1;32;0;2;1;1;1;
57984;202100037318;134 967;A01;1;10;0;2;1;1;1;
57985;202100037319;134 964;A01;2;7;0;1;2;16;2;
57986;202100037319;134 965;Y01;1;60;0;2;7;19;5;
57987;202100037320;134 963;A01;1;31;0;0;0;1;1;