;Num_Acc;id_vehicule;num_veh;senc;catv;obs;obsm;choc;manv;motor;occutc
57988;202100037321;134 961;B01;0;1;0;0;0;0;0;
57989;202100037321;134 962;A01;0;7;0;0;0;0;1;
57990;202100037322;134 959;A01;2;7;0;2;2;17;1;
57991;202100037322;134 960;B01;2;1;0;2;0;0;5;
57992;202100037323;134 957;A01;3;99;0;9;2;10;1;
57993;202100037323;134 958;B01;3;1;0;2;0;1;5;
57994;202100037325;134 953;B01;2;1;0;2;0;1;0;
57995;202100037325;134 954;A01;1;7;0;2;2;16;1;
57996;202100037326;134 951;A01;2;10;0;0;0;14;1;
57997;202100037326;134 952;B01;2;50;0;0;0;5;3;
57998;202100037327;134 949;A01;2;80;0;2;1;13;3;
57999;202100037327;134 950;B01;1;10;0;2;2;0;1;
58000;202100037328;134 947;A01;2;7;0;2;3;1;1;
58001;202100037328;134 948;B01;1;7;0;2;3;1;1;
58002;202100037329;134 945;B01;1;1;0;0;9;26;5;
58003;202100037329;134 946;A01;1;7;0;0;-1;1;1;
58004;202100037330;134 942;A01;3;7;0;1;4;20;1;
58005;202100037331;134 940;A01;1;7;0;2;1;0;1;
58006;202100037331;134 941;B01;1;17;0;2;4;0;1;
58007;202100037332;134 938;B01;2;7;1;0;2;21;1;
58008;202100037332;134 939;A01;2;7;0;2;5;23;1;
58009;202100037333;134 936;A01;1;7;0;2;3;1;1;
58010;202100037333;134 937;B01;2;7;0;2;6;1;1;
58011;202100037334;134 932;A01;1;7;0;2;0;0;1;
58012;202100037334;134 933;B01;1;7;0;2;4;1;1;
58013;202100037336;134 927;C01;1;15;0;2;6;1;1;
58014;202100037336;134 928;B01;2;14;0;2;8;1;1;
58015;202100037336;134 929;A01;2;1;0;2;7;3;5;
58016;202100037337;134 925;A01;2;7;0;2;2;15;1;
58017;202100037337;134 926;B01;1;33;0;2;2;1;1;
58018;202100037338;134 924;B01;1;33;0;0;8;21;1;
58019;202100037341;134 920;A01;1;7;2;0;1;14;1;
58020;202100037342;134 918;B01;1;7;0;2;3;15;1;
58021;202100037342;134 919;A01;1;33;0;2;2;17;1;
58022;202100037343;134 917;A01;2;7;6;0;1;1;1;
58023;202100037344;134 915;B01;2;7;0;2;8;1;1;
58024;202100037344;134 916;A01;1;7;0;2;1;1;1;
58025;202100037345;134 913;A01;1;7;0;2;3;13;1;
58026;202100037345;134 914;B01;2;15;0;2;1;1;1;
58027;202100037346;134 911;A01;1;10;0;2;1;1;1;
58028;202100037346;134 912;B01;2;1;0;2;7;6;5;
58029;202100037348;134 909;A01;2;7;2;0;2;1;1;
58030;202100037349;134 908;A01;1;7;1;0;1;1;1;
58031;202100037350;134 905;B01;2;15;0;2;1;1;1;
58032;202100037350;134 906;A01;1;7;0;2;8;15;1;
58033;202100037351;134 904;A01;1;7;1;0;2;14;1;
58034;202100037352;134 902;B01;1;3;0;2;3;1;1;
58035;202100037352;134 903;A01;2;7;0;2;3;15;1;
58036;202100037353;134 900;A01;1;33;0;5;1;1;1;
58037;202100037353;134 901;B01;1;33;0;2;1;1;1;
58038;202100037354;134 898;A01;2;7;0;9;3;9;1;
58039;202100037354;134 899;B01;2;1;0;2;1;9;5;
58040;202100037355;134 896;B01;2;10;0;2;3;1;1;
58041;202100037355;134 897;A01;3;2;0;2;7;15;1;
58042;202100037356;134 894;A01;1;33;0;2;1;13;1;
58043;202100037356;134 895;B01;2;7;0;2;6;1;1;
58044;202100037357;134 893;A01;0;2;13;0;1;0;1;
58045;202100037358;134 891;B01;1;33;0;2;1;1;1;
58046;202100037358;134 892;A01;2;7;0;2;1;19;1;
58047;202100037359;134 889;B01;2;2;0;2;1;1;1;
58048;202100037359;134 890;A01;1;7;0;2;5;15;1;
58049;202100037360;134 888;A01;2;7;0;1;1;1;1;
58050;202100037361;134 887;A01;0;7;0;0;3;1;1;
58051;202100037362;134 885;A01;1;7;0;2;6;9;1;
58052;202100037362;134 886;B01;1;17;0;2;2;1;1;
58053;202100037363;134 883;A01;3;2;0;2;1;13;1;
58054;202100037363;134 884;B01;3;33;0;2;1;1;1;
58055;202100037364;134 882;A01;1;7;8;0;2;2;1;
58056;202100037365;134 880;A01;2;33;0;2;1;2;1;
58057;202100037365;134 881;B01;2;7;0;2;4;0;1;
58058;202100037366;134 878;A01;1;7;0;1;0;0;1;
58059;202100037366;134 879;B01;1;1;0;2;0;0;5;
58060;202100037367;134 876;B01;3;1;0;2;8;2;5;
58061;202100037367;134 877;A01;3;7;0;2;6;2;1;
58062;202100037368;134 874;A01;1;10;0;2;1;13;1;
58063;202100037368;134 875;B01;2;7;0;2;1;26;1;
58064;202100037369;134 873;A01;1;7;1;0;1;1;1;
58065;202100037371;134 869;A01;1;10;0;0;5;15;1;
58066;202100037371;134 870;B01;1;33;0;2;1;2;1;
58067;202100037372;134 868;A01;2;2;3;0;1;1;1;
58068;202100037373;134 867;A01;2;1;0;0;9;1;5;
58069;202100037374;134 865;A01;2;7;3;2;2;3;1;
58070;202100037374;134 866;B01;2;15;0;0;6;1;1;
58071;202100037375;134 864;A01;1;33;6;0;3;1;1;
58072;202100037376;134 862;B01;1;17;0;2;3;1;1;
58073;202100037376;134 863;A01;1;7;12;2;3;1;1;
58074;202100037377;134 860;A01;2;7;0;2;3;15;0;
58075;202100037377;134 861;B01;2;32;0;2;8;1;1;
58076;202100037378;134 858;A01;3;33;0;2;0;1;1;
58077;202100037378;134 859;B01;3;14;0;2;8;1;1;
58078;202100037379;134 854;B01;1;33;0;2;1;1;1;
58079;202100037379;134 855;A01;1;7;0;2;6;2;1;
58080;202100037380;134 853;A01;1;31;13;0;2;1;1;
58081;202100037383;134 848;A01;0;7;0;1;3;1;1;
58082;202100037384;134 845;A01;0;7;8;0;1;1;1;
58083;202100037386;134 841;A01;1;17;0;0;0;0;1;
58084;202100037388;134 836;A01;1;34;3;0;1;0;1;
58085;202100037389;134 833;A01;2;7;0;2;1;1;1;
58086;202100037389;134 834;B01;2;7;0;2;4;2;1;
58087;202100037389;134 835;C01;2;7;0;2;4;2;1;
58088;202100037390;134 831;A01;1;10;0;2;1;2;1;
58089;202100037390;134 832;B01;1;7;0;2;4;2;1;
58090;202100037391;134 829;B01;2;7;0;2;0;0;1;
58091;202100037391;134 830;A01;2;10;0;2;1;2;1;
58092;202100037392;134 827;B01;1;10;0;2;6;1;1;
58093;202100037392;134 828;A01;1;33;0;2;2;3;1;
58094;202100037394;134 821;A01;1;7;0;2;1;1;1;
58095;202100037394;134 822;B01;1;7;0;2;4;2;1;
58096;202100037396;134 817;A01;1;10;1;0;1;2;1;
58097;202100037396;134 818;B01;2;7;0;2;4;23;1;
58098;202100037397;134 815;A01;2;7;0;2;8;0;1;
58099;202100037397;134 816;B01;2;31;4;2;0;0;1;
58100;202100037398;134 814;A01;2;33;0;2;6;1;1;
58101;202100037399;134 813;A01;3;7;0;1;2;14;1;
58102;202100037400;134 811;B01;2;7;0;2;3;1;1;
58103;202100037400;134 812;A01;1;13;0;2;2;15;1;
58104;202100037401;134 810;A01;1;7;0;1;4;4;1;
58105;202100037402;134 808;A01;1;7;0;2;2;12;1;
58106;202100037402;134 809;B01;1;7;0;2;3;1;1;
58107;202100037403;134 806;B01;2;7;0;2;3;26;1;
58108;202100037403;134 807;A01;1;7;0;2;3;13;1;
58109;202100037404;134 804;B01;0;7;0;2;1;24;0;
58110;202100037404;134 805;A01;0;7;0;2;1;26;0;
58111;202100037405;134 802;B01;1;1;0;2;2;1;5;
58112;202100037405;134 803;A01;1;10;0;2;3;9;1;
58113;202100037406;134 801;A01;-1;32;0;2;1;19;1;
58114;202100037407;134 800;A01;2;7;0;1;1;15;1;
58115;202100037408;134 798;A01;2;7;15;2;3;0;1;
58116;202100037408;134 799;B01;3;7;0;2;5;1;1;
58117;202100037410;134 794;A01;1;30;0;2;8;1;1;
58118;202100037410;134 795;B01;1;7;0;2;2;12;1;
58119;202100037411;134 793;A01;3;33;12;0;2;1;1;
58120;202100037412;134 791;A01;2;7;0;2;2;19;1;
58121;202100037412;134 792;B01;1;2;0;2;8;1;1;
58122;202100037413;134 789;B01;3;33;0;2;2;17;1;
58123;202100037413;134 790;A01;3;7;0;2;3;15;1;
58124;202100037414;134 788;A01;1;7;0;1;1;1;1;
58125;202100037415;134 786;B01;2;7;0;2;1;9;0;
58126;202100037415;134 787;A01;1;7;0;2;7;26;0;
58127;202100037416;134 782;A01;1;7;0;2;1;1;1;
58128;202100037416;134 783;B01;1;7;0;2;1;1;1;
58129;202100037417;134 780;A01;2;2;0;2;1;13;1;
58130;202100037417;134 781;B01;1;1;0;2;3;1;5;
58131;202100037418;134 773;A01;2;7;2;2;1;1;1;
58132;202100037418;134 774;B01;0;7;0;2;2;15;1;
58133;202100037419;134 772;A01;3;7;0;1;2;26;1;
58134;202100037420;134 770;B01;2;7;0;2;3;9;1;
58135;202100037420;134 771;A01;2;50;0;2;3;15;3;
58136;202100037421;134 768;A01;1;7;0;2;1;21;1;
58137;202100037421;134 769;B01;3;50;0;2;0;19;3;
58138;202100037422;134 766;A01;3;7;0;2;1;1;1;
58139;202100037422;134 767;B01;3;7;0;2;4;1;1;
58140;202100037423;134 764;B01;2;7;0;1;1;1;1;
58141;202100037423;134 765;A01;1;7;0;1;1;1;1;
58142;202100037425;134 761;A01;1;33;0;0;7;1;1;
58143;202100037426;134 758;C01;1;7;0;0;0;0;1;
58144;202100037426;134 759;B01;0;2;1;2;9;1;1;
58145;202100037426;134 760;A01;1;10;1;2;8;24;1;
58146;202100037427;134 756;B01;2;7;0;2;1;16;1;
58147;202100037427;134 757;A01;3;1;0;2;8;25;0;
58148;202100037428;134 754;A01;1;7;0;2;5;19;1;
58149;202100037428;134 755;B01;2;7;0;2;3;1;1;
58150;202100037429;134 752;A01;1;7;0;2;1;15;1;
58151;202100037429;134 753;B01;2;32;0;2;2;1;1;
58152;202100037431;134 749;A01;3;10;9;2;1;26;1;
58153;202100037431;134 750;B01;3;7;0;0;4;1;1;
58154;202100037432;134 748;A01;1;7;13;0;2;14;1;
58155;202100037433;134 746;A01;1;33;0;2;1;2;1;
58156;202100037433;134 747;B01;1;7;0;2;6;20;1;
58157;202100037435;134 743;Z01;2;7;0;1;0;1;0;
58158;202100037436;134 741;A01;2;32;0;2;1;2;1;
58159;202100037436;134 742;B01;2;7;0;2;5;23;1;
58160;202100037437;134 739;A01;1;7;0;2;1;1;1;
58161;202100037437;134 740;B01;1;7;0;2;1;1;1;
58162;202100037438;134 738;A01;1;7;13;0;9;14;1;
58163;202100037440;134 735;A01;1;30;6;0;1;1;1;
58164;202100037441;134 733;B01;1;7;1;2;4;1;1;
58165;202100037441;134 734;A01;1;10;0;2;1;1;1;
58166;202100037442;134 731;B01;3;33;0;2;2;2;1;
58167;202100037442;134 732;A01;0;32;0;2;1;9;1;
58168;202100037443;134 729;A01;1;7;0;2;1;1;1;
58169;202100037443;134 730;B01;1;1;0;2;1;13;5;
58170;202100037444;134 727;B01;2;7;0;2;4;12;1;
58171;202100037444;134 728;A01;2;33;0;2;1;3;1;
58172;202100037445;134 726;A01;1;7;0;1;1;1;1;
58173;202100037446;134 724;A01;3;1;0;2;1;2;5;
58174;202100037446;134 725;B01;3;50;0;2;8;19;3;
58175;202100037447;134 723;A01;3;7;1;0;1;14;1;
58176;202100037448;134 721;A01;2;7;0;2;7;1;1;
58177;202100037448;134 722;B01;1;7;0;2;1;1;1;
58178;202100037449;134 719;A01;1;30;0;2;7;17;1;
58179;202100037449;134 720;B01;1;7;0;2;3;15;1;
58180;202100037450;134 718;A01;0;7;1;1;1;1;1;
58181;202100037451;134 716;A01;1;7;0;2;2;16;1;
58182;202100037451;134 717;B01;1;1;0;2;1;1;5;
58183;202100037452;134 715;A01;0;32;12;0;1;1;1;
58184;202100037453;134 714;Z01;3;80;0;1;1;1;3;
58185;202100037454;134 713;A01;1;1;0;0;1;13;5;
58186;202100037455;134 711;A01;1;7;0;2;4;2;1;
58187;202100037455;134 712;B01;1;2;0;2;1;2;1;
58188;202100037456;134 710;A01;1;30;1;0;7;0;1;
58189;202100037457;134 709;A01;1;7;0;1;1;15;1;
58190;202100037458;134 708;A01;2;10;0;1;1;1;1;
58191;202100037459;134 707;A01;1;7;0;1;4;20;1;
58192;202100037460;134 705;B01;2;7;4;2;2;1;1;
58193;202100037460;134 706;A01;1;7;4;2;3;16;1;
58194;202100037461;134 703;B01;2;1;0;2;1;2;5;
58195;202100037461;134 704;A01;2;7;0;2;7;2;1;
58196;202100037462;134 702;A01;1;1;12;0;1;0;5;
58197;202100037464;134 698;B01;1;7;0;2;2;16;1;
58198;202100037464;134 699;A01;1;50;0;2;3;25;3;
58199;202100037465;134 696;B01;1;7;0;2;8;19;1;
58200;202100037465;134 697;A01;3;7;0;2;1;19;1;
58201;202100037466;134 695;A01;1;10;0;0;0;1;1;
58202;202100037469;134 691;A01;1;7;0;2;4;1;1;
58203;202100037469;134 692;B01;1;10;0;2;1;1;1;
58204;202100037470;134 690;A01;2;7;14;0;3;1;1;
58205;202100037471;134 689;A01;2;33;0;0;0;1;1;
58206;202100037472;134 688;A01;1;7;0;0;3;0;1;
58207;202100037473;134 686;B01;2;7;0;2;3;1;1;
58208;202100037473;134 687;A01;1;7;0;2;3;13;1;
58209;202100037474;134 684;A01;1;33;0;2;3;1;1;
58210;202100037474;134 685;B01;1;7;0;2;2;19;1;
58211;202100037475;134 683;A01;0;33;15;0;1;1;1;
58212;202100037476;134 681;A01;2;7;3;2;1;2;1;
58213;202100037476;134 682;B01;2;17;0;2;8;2;1;
58214;202100037477;134 680;A01;1;7;13;0;1;1;1;
58215;202100037479;134 676;A01;2;7;1;2;2;5;1;
58216;202100037479;134 677;B01;1;7;0;2;2;2;1;
58217;202100037480;134 674;A01;3;7;0;9;3;3;1;
58218;202100037480;134 675;B01;3;1;0;2;1;1;5;
58219;202100037481;134 672;B01;1;7;0;0;1;1;1;
58220;202100037481;134 673;A01;2;10;0;0;2;1;1;
58221;202100037482;134 670;B01;1;33;0;2;1;2;1;
58222;202100037482;134 671;A01;1;33;12;0;4;1;1;
58223;202100037483;134 668;A01;3;7;0;2;1;15;1;
58224;202100037483;134 669;B01;3;7;0;2;1;16;1;
58225;202100037484;134 667;A01;0;7;13;0;3;13;1;
58226;202100037485;134 666;A01;2;80;0;0;0;1;3;
58227;202100037486;134 665;A01;0;31;0;0;0;16;1;
58228;202100037487;134 663;B01;1;7;0;2;1;1;1;
58229;202100037487;134 664;A01;2;7;0;2;0;13;1;
58230;202100037488;134 661;B01;1;7;0;2;8;1;1;
58231;202100037488;134 662;A01;2;33;0;2;1;13;1;
58232;202100037489;134 659;A01;1;7;0;2;1;13;1;
58233;202100037489;134 660;B01;1;7;0;2;1;1;1;
58234;202100037490;134 658;A01;0;50;0;0;0;0;3;
58235;202100037493;134 653;A01;3;1;0;2;8;19;5;
58236;202100037493;134 654;B01;3;7;0;2;3;1;1;
58237;202100037494;134 651;B01;2;1;0;2;1;0;5;
58238;202100037494;134 652;A01;1;10;0;9;8;15;1;
58239;202100037495;134 647;D01;1;10;0;9;3;1;1;
58240;202100037495;134 648;C01;1;7;0;9;1;1;1;
58241;202100037495;134 649;B01;1;7;0;2;5;15;1;
58242;202100037495;134 650;A01;2;33;0;2;1;1;1;
58243;202100037496;134 646;A01;1;7;6;0;1;1;1;
58244;202100037497;134 645;A01;3;33;16;0;7;15;1;
58245;202100037498;134 642;A01;2;10;0;2;2;17;1;
58246;202100037498;134 643;B01;2;7;0;2;3;13;1;
58247;202100037498;134 644;C01;2;21;0;0;6;1;1;
58248;202100037499;134 640;A01;1;7;0;2;8;15;1;
58249;202100037499;134 641;B01;2;2;0;2;1;1;1;
58250;202100037501;134 636;A01;3;33;0;2;1;13;1;
58251;202100037501;134 637;B01;3;7;0;2;3;1;1;
58252;202100037502;134 634;A01;1;7;0;2;3;13;1;
58253;202100037502;134 635;B01;2;33;0;2;3;1;1;
58254;202100037503;134 632;B01;1;7;0;0;2;13;1;
58255;202100037503;134 633;A01;2;7;0;2;2;13;1;
58256;202100037504;134 630;B01;1;33;0;2;7;17;1;
58257;202100037504;134 631;A01;1;7;0;0;6;1;0;
58258;202100037505;134 628;B01;2;33;0;2;1;1;1;
58259;202100037505;134 629;A01;1;7;2;2;3;5;1;
58260;202100037506;134 626;A01;2;13;3;2;2;13;1;
58261;202100037506;134 627;B01;1;7;0;0;2;1;1;
58262;202100037507;134 625;A01;2;2;13;0;1;1;1;
58263;202100037508;134 623;B01;2;33;0;2;2;1;1;
58264;202100037508;134 624;A01;1;7;0;2;8;9;1;
58265;202100037509;134 620;A01;1;10;0;2;1;13;1;
58266;202100037509;134 621;B01;1;7;0;2;1;1;1;
58267;202100037509;134 622;C01;1;7;0;2;1;2;2;
58268;202100037510;134 618;A01;2;31;0;2;1;13;1;
58269;202100037510;134 619;B01;1;33;0;2;1;1;1;
58270;202100037511;134 616;B01;1;7;0;2;3;14;2;
58271;202100037511;134 617;A01;2;7;0;2;2;13;1;
58272;202100037512;134 615;A01;2;34;0;0;7;1;1;
58273;202100037513;134 614;A01;1;7;5;0;1;1;1;
58274;202100037515;134 608;A01;2;17;4;2;8;11;1;
58275;202100037515;134 609;B01;2;7;4;2;7;1;1;
58276;202100037515;134 610;C01;1;7;0;9;1;26;1;
58277;202100037516;134 607;A01;1;7;0;0;0;1;1;
58278;202100037517;134 606;A01;2;7;0;1;1;16;1;
58279;202100037518;134 603;B01;2;7;0;2;3;0;1;
58280;202100037518;134 604;A01;1;7;0;2;1;1;1;
58281;202100037519;134 601;B01;2;7;0;0;1;0;1;
58282;202100037519;134 602;A01;2;7;7;0;8;1;1;
58283;202100037520;134 597;A01;1;7;0;2;8;15;1;
58284;202100037520;134 598;B01;1;7;0;2;1;1;1;
58285;202100037521;134 595;A01;2;7;0;2;1;1;1;
58286;202100037521;134 596;B01;1;10;0;2;7;15;1;
58287;202100037522;134 594;A01;2;7;2;0;5;13;1;
58288;202100037523;134 592;B01;1;7;0;2;1;1;1;
58289;202100037523;134 593;A01;0;7;0;2;8;15;1;
58290;202100037524;134 590;B01;2;7;0;2;3;1;1;
58291;202100037524;134 591;A01;1;33;0;2;3;13;1;
58292;202100037525;134 589;A01;1;33;0;0;1;1;1;
58293;202100037526;134 588;A01;2;33;12;0;1;16;1;
58294;202100037527;134 586;B01;1;7;0;2;0;17;1;
58295;202100037527;134 587;A01;1;33;0;2;1;2;1;
58296;202100037528;134 585;A01;0;33;16;0;0;21;1;
58297;202100037529;134 584;A01;0;7;3;0;2;0;1;
58298;202100037530;134 582;B01;1;7;0;0;2;1;1;
58299;202100037530;134 583;A01;1;7;0;2;1;1;1;
58300;202100037531;134 581;A01;1;31;6;9;1;0;1;
58301;202100037532;134 579;B01;3;1;0;9;1;1;5;
58302;202100037532;134 580;A01;3;1;0;9;4;0;5;
58303;202100037533;134 577;A01;0;7;0;2;3;9;1;
58304;202100037533;134 578;B01;0;7;0;2;1;1;1;
58305;202100037534;134 575;A01;2;7;0;2;3;1;1;
58306;202100037534;134 576;B01;3;31;0;2;7;15;1;
58307;202100037536;134 570;T01;2;7;0;0;0;1;1;
58308;202100037536;134 571;A01;2;7;0;2;2;1;1;
58309;202100037536;134 572;B01;1;7;0;2;8;1;1;
58310;202100037537;134 568;B01;2;7;0;2;1;1;1;
58311;202100037537;134 569;A01;2;7;0;2;4;1;1;
58312;202100037538;134 565;C01;1;7;0;2;1;12;1;
58313;202100037538;134 566;B01;1;7;0;2;5;1;1;
58314;202100037538;134 567;A01;1;7;0;2;8;1;1;
58315;202100037539;134 563;B01;2;14;0;2;1;2;1;
58316;202100037539;134 564;A01;2;7;0;2;4;11;1;
58317;202100037540;134 561;Z01;2;10;14;2;1;3;1;
58318;202100037540;134 562;B01;2;10;4;0;9;26;1;
58319;202100037541;134 559;B01;1;10;13;2;6;1;1;
58320;202100037541;134 560;A01;1;7;0;2;2;14;1;
58321;202100037542;134 556;B01;2;7;0;2;8;1;1;
58322;202100037542;134 557;A01;2;7;0;2;2;17;1;
58323;202100037542;134 558;C01;2;7;0;2;3;1;1;
58324;202100037543;134 554;A01;1;33;0;2;6;11;1;
58325;202100037543;134 555;Z01;1;7;0;2;1;0;0;
58326;202100037544;134 553;A01;2;33;16;0;0;0;1;
58327;202100037545;134 551;B01;2;7;0;2;4;1;1;
58328;202100037545;134 552;A01;2;7;0;2;1;1;1;
58329;202100037546;134 550;A01;1;31;0;2;7;14;1;
58330;202100037547;134 547;C01;1;7;0;2;9;26;1;
58331;202100037547;134 548;B01;1;7;0;2;4;26;1;
58332;202100037547;134 549;A01;1;7;0;2;1;19;3;
58333;202100037548;134 545;B01;2;33;0;2;4;1;1;
58334;202100037548;134 546;Z01;2;7;0;2;1;1;1;
58335;202100037549;134 543;A01;2;7;0;2;0;0;1;
58336;202100037549;134 544;B01;2;7;0;2;4;2;1;
58337;202100037550;134 541;B01;1;7;0;2;4;1;1;
58338;202100037550;134 542;A01;1;7;0;2;1;1;1;
58339;202100037551;134 539;B01;2;7;0;2;4;1;1;
58340;202100037551;134 540;A01;2;7;0;2;1;2;1;
58341;202100037552;134 538;A01;2;7;0;1;1;1;1;
58342;202100037554;134 536;A01;1;7;0;1;3;1;0;
58343;202100037555;134 535;A01;3;10;0;1;1;26;1;
58344;202100037556;134 534;A01;3;7;0;1;3;26;2;
58345;202100037557;134 533;A01;1;2;1;0;3;13;1;
58346;202100037558;134 531;A01;1;7;1;2;8;22;1;
58347;202100037558;134 532;B01;1;2;1;0;7;1;1;
58348;202100037559;134 529;B01;1;31;0;9;1;1;1;
58349;202100037559;134 530;A01;2;30;0;9;1;1;1;
58350;202100037560;134 527;B01;0;7;0;2;3;1;1;
58351;202100037560;134 528;A01;0;7;0;2;2;5;1;
58352;202100037562;134 523;B01;2;34;0;2;1;1;1;
58353;202100037562;134 524;A01;1;7;0;2;7;15;1;
58354;202100037563;134 522;A01;3;10;0;1;2;1;1;
58355;202100037564;134 520;A01;2;7;0;0;0;15;1;
58356;202100037564;134 521;B01;1;33;0;0;0;1;1;
58357;202100037565;134 518;B01;2;2;0;2;1;1;1;
58358;202100037565;134 519;A01;2;7;0;2;3;11;1;
58359;202100037566;134 516;A01;3;7;0;2;6;9;1;
58360;202100037566;134 517;B01;1;33;0;2;1;21;1;
58361;202100037567;134 514;A01;1;7;0;2;3;1;0;
58362;202100037567;134 515;B01;1;7;0;2;6;19;1;
58363;202100037568;134 513;A01;2;33;0;0;7;1;1;
58364;202100037569;134 512;A01;1;7;0;1;1;1;1;
58365;202100037571;134 508;A01;2;34;0;2;1;9;1;
58366;202100037571;134 509;B01;2;7;0;2;5;16;1;
58367;202100037572;134 506;B01;2;37;0;2;6;23;1;1.0
58368;202100037572;134 507;A01;2;7;0;2;2;11;0;
58369;202100037573;134 501;B01;0;7;0;2;6;1;1;
58370;202100037573;134 502;A01;0;7;0;2;1;1;1;
58371;202100037574;134 499;B01;2;7;0;0;5;15;1;
58372;202100037574;134 500;A01;2;7;0;2;3;21;1;
58373;202100037575;134 498;A01;1;2;8;0;1;14;1;
58374;202100037576;134 495;A01;1;7;0;2;3;10;1;
58375;202100037576;134 496;B01;1;33;0;2;1;1;1;
58376;202100037578;134 490;B01;0;7;9;0;5;23;1;
58377;202100037578;134 491;C01;0;7;0;0;3;23;1;
58378;202100037578;134 492;A01;0;7;0;2;1;26;1;
58379;202100037579;134 488;A01;2;1;0;2;1;25;5;
58380;202100037579;134 489;B01;3;7;0;2;2;26;1;
58381;202100037580;134 487;A01;1;34;0;1;0;17;1;
58382;202100037581;134 485;B01;1;7;0;2;1;2;1;
58383;202100037581;134 486;A01;2;7;0;2;1;9;1;
58384;202100037582;134 483;B01;2;7;0;2;1;1;1;
58385;202100037582;134 484;A01;1;7;0;2;1;13;1;
58386;202100037583;134 481;B01;1;33;0;2;1;21;1;
58387;202100037583;134 482;A01;2;7;0;2;6;15;1;
58388;202100037584;134 479;B01;2;40;0;2;1;1;3;
58389;202100037584;134 480;A01;1;7;0;4;3;15;1;
58390;202100037585;134 477;A01;2;33;0;2;1;1;1;
58391;202100037585;134 478;B01;3;7;0;2;3;19;1;
58392;202100037586;134 476;A01;2;7;0;1;1;1;1;
58393;202100037587;134 474;B01;1;34;0;2;8;1;1;
58394;202100037587;134 475;A01;1;7;0;9;7;17;1;
58395;202100037589;134 470;A01;2;7;0;2;7;15;1;
58396;202100037589;134 471;B01;1;33;0;2;1;0;1;
58397;202100037590;134 468;A01;2;32;0;2;1;1;1;
58398;202100037590;134 469;B01;2;7;0;2;2;1;1;
58399;202100037591;134 466;A01;3;7;0;2;5;1;1;
58400;202100037591;134 467;B01;3;2;0;2;6;1;1;
58401;202100037592;134 465;A01;2;7;0;1;1;15;1;
58402;202100037593;134 463;A01;2;7;0;2;3;10;1;
58403;202100037593;134 464;B01;2;2;0;2;1;17;3;
58404;202100037594;134 461;A01;2;7;0;2;1;15;1;
58405;202100037594;134 462;B01;1;7;0;2;5;1;1;
58406;202100037595;134 460;A01;1;7;13;0;1;1;1;
58407;202100037597;134 457;A01;0;30;0;0;1;1;1;
58408;202100037598;134 455;B01;2;33;0;2;4;23;1;
58409;202100037598;134 456;A01;2;13;0;2;1;9;1;
58410;202100037600;134 452;A01;1;7;6;0;2;14;1;
58411;202100037601;134 449;A01;2;7;0;2;1;2;1;
58412;202100037601;134 450;B01;2;7;0;2;4;2;1;
58413;202100037601;134 451;C01;2;7;0;2;4;2;1;
58414;202100037602;134 447;A01;2;7;0;2;3;10;1;
58415;202100037602;134 448;B01;2;33;0;2;3;1;1;
58416;202100037603;134 445;Z01;1;30;0;2;0;18;0;
58417;202100037603;134 446;B01;1;50;0;2;1;1;3;
58418;202100037604;134 443;B01;2;2;0;2;7;1;1;
58419;202100037604;134 444;A01;2;7;0;2;8;9;1;
58420;202100037605;134 441;B01;2;2;0;2;2;17;1;
58421;202100037605;134 442;A01;2;7;0;2;3;15;1;
58422;202100037606;134 440;A01;1;30;0;2;0;7;1;
58423;202100037607;134 438;B01;2;1;0;2;7;9;5;
58424;202100037607;134 439;A01;2;31;0;2;1;1;1;
58425;202100037608;134 436;A01;1;7;0;2;2;15;1;
58426;202100037608;134 437;B01;2;43;0;2;8;1;1;
58427;202100037609;134 434;B01;1;80;0;2;1;1;3;
58428;202100037609;134 435;A01;1;7;0;2;3;22;3;
58429;202100037610;134 432;A01;2;7;0;2;0;17;1;
58430;202100037610;134 433;B01;2;43;0;0;3;1;1;
58431;202100037611;134 430;B01;3;31;0;2;8;1;1;
58432;202100037611;134 431;A01;3;7;12;2;2;15;1;
58433;202100037612;134 428;A01;3;1;0;2;1;5;5;
58434;202100037612;134 429;B01;3;10;0;2;1;15;1;
58435;202100037613;134 425;A01;1;7;0;2;3;1;1;
58436;202100037613;134 426;C01;1;7;0;2;3;21;1;
58437;202100037613;134 427;B01;1;7;0;2;4;15;2;
58438;202100037614;134 424;A01;0;30;3;0;1;14;1;
58439;202100037615;134 423;A01;1;7;1;0;2;14;1;
58440;202100037616;134 421;B01;1;7;0;2;0;1;1;
58441;202100037616;134 422;A01;1;30;8;0;1;18;1;
58442;202100037617;134 417;C01;0;1;0;2;0;23;5;
58443;202100037617;134 418;D01;0;1;0;2;0;23;5;
58444;202100037617;134 419;A01;1;33;12;2;2;21;1;
58445;202100037617;134 420;B01;0;1;0;2;0;23;5;
58446;202100037618;134 415;B01;1;7;0;2;1;1;1;
58447;202100037618;134 416;A01;1;7;0;2;6;10;1;
58448;202100037619;134 413;B01;1;7;0;2;1;1;1;
58449;202100037619;134 414;A01;1;1;0;2;1;1;5;