;Num_Acc;id_vehicule;num_veh;senc;catv;obs;obsm;choc;manv;motor;occutc
58450;202100037620;134 412;A01;0;10;0;1;4;4;1;
58451;202100037621;134 410;A01;2;1;0;2;1;2;5;
58452;202100037621;134 411;B01;0;1;0;2;4;2;5;
58453;202100037622;134 409;A01;1;1;0;0;0;1;5;
58454;202100037623;134 408;A01;1;1;0;0;0;21;5;
58455;202100037624;134 406;A01;2;7;0;2;2;16;1;
58456;202100037624;134 407;B01;2;1;0;2;1;19;5;
58457;202100037625;134 405;A01;2;7;4;2;2;14;1;
58458;202100037626;134 403;A01;2;33;0;2;1;17;1;
58459;202100037626;134 404;B01;2;7;0;2;3;18;1;
58460;202100037627;134 401;B01;1;2;0;2;1;2;1;
58461;202100037627;134 402;A01;1;7;0;2;5;2;1;
58462;202100037628;134 400;A01;1;7;0;1;3;15;1;
58463;202100037629;134 398;A01;0;7;0;2;2;15;1;
58464;202100037629;134 399;B01;0;34;0;2;1;1;1;
58465;202100037630;134 396;B01;2;2;0;2;1;1;1;
58466;202100037630;134 397;A01;2;7;0;2;3;9;1;
58467;202100037631;134 394;A01;3;7;0;2;1;1;1;
58468;202100037631;134 395;B01;3;7;0;2;8;1;1;
58469;202100037632;134 392;B01;1;7;0;2;1;19;0;
58470;202100037632;134 393;A01;1;7;0;2;1;2;0;
58471;202100037633;134 389;C01;1;7;0;2;1;23;1;
58472;202100037633;134 390;A01;1;7;0;2;3;1;1;
58473;202100037633;134 391;B01;1;7;0;2;2;1;1;
58474;202100037634;134 387;A01;3;7;0;2;3;1;0;
58475;202100037634;134 388;B01;3;43;0;2;4;23;1;
58476;202100037635;134 386;A01;2;7;0;1;1;1;1;
58477;202100037636;134 383;B01;1;99;0;2;1;2;1;
58478;202100037636;134 384;A01;1;7;1;2;1;1;1;
58479;202100037636;134 385;C01;1;7;0;2;8;16;1;
58480;202100037637;134 382;A01;1;7;0;1;1;0;1;
58481;202100037638;134 380;A01;3;7;0;2;1;1;1;
58482;202100037638;134 381;B01;3;7;0;2;3;16;1;
58483;202100037639;134 377;C01;2;7;0;2;4;23;1;
58484;202100037639;134 378;B01;2;7;0;2;4;1;1;
58485;202100037639;134 379;A01;2;7;0;2;1;1;1;
58486;202100037640;134 376;A01;1;33;8;0;1;1;1;
58487;202100037641;134 373;A01;2;32;0;0;1;1;1;
58488;202100037642;134 371;A01;1;7;0;2;2;15;1;
58489;202100037642;134 372;B01;1;7;8;2;1;1;1;
58490;202100037644;134 368;A01;2;7;0;1;3;1;1;
58491;202100037645;134 367;A01;0;7;1;0;1;5;1;
58492;202100037646;134 365;B01;2;7;0;2;1;15;1;
58493;202100037646;134 366;A01;2;1;0;0;4;2;5;
58494;202100037647;134 363;B01;2;33;0;2;1;1;1;
58495;202100037647;134 364;A01;1;7;0;2;7;15;1;
58496;202100037648;134 362;A01;0;7;7;0;1;1;1;
58497;202100037650;134 358;A01;2;7;0;2;1;13;1;
58498;202100037650;134 359;B01;1;33;0;2;1;1;1;
58499;202100037651;134 357;A01;0;2;5;0;0;1;0;
58500;202100037652;134 356;A01;2;33;0;0;0;14;0;
58501;202100037653;134 355;A01;0;33;6;0;9;1;1;
58502;202100037654;134 354;A01;3;7;13;0;9;1;1;
58503;202100037655;134 352;A01;1;33;12;2;0;1;1;
58504;202100037655;134 353;B01;2;7;0;0;1;1;1;
58505;202100037656;134 350;B01;1;50;0;2;1;1;3;
58506;202100037656;134 351;A01;2;7;0;2;2;1;1;
58507;202100037657;134 348;A01;1;7;0;2;1;1;1;
58508;202100037657;134 349;B01;2;7;0;2;3;1;1;
58509;202100037658;134 347;A01;1;33;13;0;3;1;1;
58510;202100037660;134 341;B01;1;10;0;0;3;21;1;
58511;202100037660;134 342;A01;2;7;0;2;3;19;1;
58512;202100037660;134 343;D01;1;7;0;2;1;1;1;
58513;202100037660;134 344;C01;1;7;0;2;2;1;1;
58514;202100037661;134 339;A01;2;7;0;2;1;5;1;
58515;202100037661;134 340;B01;1;7;0;2;1;1;1;
58516;202100037662;134 337;A01;2;33;0;2;1;1;1;
58517;202100037662;134 338;B01;2;7;0;0;7;16;1;
58518;202100037664;134 333;A01;2;7;0;2;8;9;1;
58519;202100037664;134 334;B01;1;7;0;2;1;1;1;
58520;202100037665;134 332;A01;1;10;2;0;1;14;1;
58521;202100037666;134 331;A01;1;33;1;0;8;1;1;
58522;202100037667;134 330;A01;2;31;13;0;0;2;1;
58523;202100037668;134 328;A01;3;7;0;2;2;1;1;
58524;202100037668;134 329;B01;3;2;0;2;1;5;1;
58525;202100037669;134 327;A01;3;7;0;1;1;1;1;
58526;202100037670;134 323;B01;1;7;0;0;1;1;1;
58527;202100037670;134 324;A01;1;7;0;2;7;1;1;
58528;202100037671;134 319;C01;1;7;0;2;6;13;1;
58529;202100037671;134 320;B01;2;33;0;2;1;1;1;
58530;202100037671;134 321;A01;1;33;0;2;1;17;1;
58531;202100037672;134 318;A01;1;7;8;0;9;0;1;
58532;202100037673;134 316;A01;2;7;0;2;3;9;1;
58533;202100037673;134 317;B01;1;33;0;2;5;1;1;
58534;202100037674;134 314;B01;1;99;0;2;4;16;1;
58535;202100037674;134 315;A01;1;7;0;2;1;0;1;
58536;202100037675;134 312;A01;2;7;0;2;8;26;1;
58537;202100037675;134 313;B01;1;33;15;2;3;1;1;
58538;202100037676;134 310;B01;2;99;0;2;8;1;1;
58539;202100037676;134 311;A01;1;33;0;2;3;1;1;
58540;202100037677;134 309;A01;3;32;0;0;3;0;1;
58541;202100037678;134 308;A01;2;7;8;0;9;14;1;
58542;202100037679;134 307;A01;1;7;2;0;1;1;1;
58543;202100037680;134 306;A01;2;33;3;0;9;1;1;
58544;202100037681;134 305;A01;1;33;0;0;1;1;1;
58545;202100037682;134 303;B01;1;7;0;2;1;19;1;
58546;202100037682;134 304;A01;1;33;0;2;7;1;1;
58547;202100037683;134 301;B01;2;33;0;2;1;1;1;
58548;202100037683;134 302;A01;3;7;0;2;3;15;1;
58549;202100037684;134 300;A01;2;31;13;0;1;1;1;
58550;202100037685;134 299;A01;1;31;15;0;1;1;1;
58551;202100037686;134 298;A01;2;33;0;0;0;1;1;
58552;202100037687;134 296;B01;2;7;0;2;8;1;1;
58553;202100037687;134 297;A01;2;15;0;2;7;17;0;
58554;202100037688;134 295;A01;1;2;15;0;1;26;1;
58555;202100037690;134 292;B01;1;7;0;2;1;13;1;
58556;202100037690;134 293;A01;2;7;0;2;3;1;1;
58557;202100037691;134 290;B01;1;21;0;2;4;1;1;
58558;202100037691;134 291;A01;1;7;0;2;1;1;1;
58559;202100037692;134 289;A01;2;7;13;0;3;0;1;
58560;202100037693;134 287;B01;1;1;0;2;1;1;5;
58561;202100037693;134 288;A01;2;7;0;2;3;16;1;
58562;202100037695;134 283;A01;1;33;0;0;9;15;1;
58563;202100037696;134 282;A01;1;7;9;0;1;14;1;
58564;202100037697;134 281;A01;1;33;0;0;3;1;0;
58565;202100037698;134 279;B01;1;32;0;2;1;17;1;
58566;202100037698;134 280;A01;1;7;0;2;8;15;6;
58567;202100037699;134 278;A01;2;33;13;0;1;13;1;
58568;202100037700;134 277;A01;1;33;15;0;1;1;1;
58569;202100037701;134 275;B01;1;1;0;2;5;1;5;
58570;202100037701;134 276;A01;1;1;0;2;3;1;5;
58571;202100037702;134 273;B01;1;7;0;2;1;1;1;
58572;202100037702;134 274;A01;2;7;0;2;1;15;1;
58573;202100037703;134 272;A01;3;2;6;0;3;1;1;
58574;202100037704;134 270;B01;2;33;0;2;1;1;1;
58575;202100037704;134 271;A01;1;7;0;2;2;15;1;
58576;202100037706;134 267;A01;3;7;0;2;3;15;1;
58577;202100037706;134 268;B01;1;33;0;2;1;1;1;
58578;202100037707;134 265;B01;2;34;0;2;1;1;1;
58579;202100037707;134 266;A01;1;7;0;2;2;15;1;
58580;202100037708;134 264;A01;1;1;0;0;0;1;5;
58581;202100037709;134 262;B01;2;7;0;2;8;1;1;
58582;202100037709;134 263;A01;1;33;0;2;8;13;1;
58583;202100037711;134 258;B01;0;30;0;2;8;15;1;
58584;202100037711;134 259;A01;0;2;0;2;1;2;1;
58585;202100037712;134 257;A01;1;7;6;0;3;1;1;
58586;202100037713;134 255;B01;1;7;0;2;2;2;1;
58587;202100037713;134 256;A01;1;7;0;2;6;23;1;
58588;202100037714;134 253;B01;1;7;0;2;1;2;1;
58589;202100037714;134 254;A01;1;7;0;2;4;10;1;
58590;202100037715;134 251;B01;1;31;0;2;8;3;1;
58591;202100037715;134 252;A01;1;7;0;2;7;12;1;
58592;202100037717;134 245;D01;1;7;0;2;4;1;1;
58593;202100037717;134 246;A01;1;7;0;2;2;21;1;
58594;202100037717;134 247;C01;1;7;0;2;7;1;1;
58595;202100037717;134 248;B01;1;17;0;2;6;1;1;
58596;202100037719;134 242;A01;1;7;3;0;1;2;1;
58597;202100037720;134 240;B01;2;7;0;2;4;0;1;
58598;202100037720;134 241;A01;2;33;0;2;4;12;1;
58599;202100037721;134 239;A01;2;7;3;0;0;21;1;
58600;202100037722;134 238;A01;1;31;13;0;1;14;1;
58601;202100037723;134 235;A01;1;7;0;2;1;2;1;
58602;202100037723;134 236;B01;1;10;0;2;1;2;1;
58603;202100037723;134 237;C01;1;10;0;2;4;2;1;
58604;202100037725;134 232;A01;2;7;0;2;6;12;1;
58605;202100037725;134 233;B01;2;33;0;2;1;3;1;
58606;202100037726;134 230;B01;2;31;0;2;7;1;1;
58607;202100037726;134 231;A01;2;7;0;2;8;11;1;
58608;202100037727;134 229;A01;1;32;0;1;1;1;1;
58609;202100037728;134 228;A01;1;7;0;1;1;16;1;
58610;202100037729;134 227;A01;3;7;0;1;2;1;1;
58611;202100037730;134 225;B01;0;33;0;2;4;2;1;
58612;202100037730;134 226;A01;0;33;0;2;1;2;1;
58613;202100037731;134 224;A01;1;2;0;0;0;1;1;
58614;202100037732;134 222;B01;2;33;0;2;1;1;1;
58615;202100037732;134 223;A01;2;7;0;2;4;1;1;
58616;202100037733;134 220;B01;3;1;0;2;8;1;5;
58617;202100037733;134 221;A01;3;7;0;9;1;1;1;
58618;202100037734;134 219;A01;3;2;0;0;0;0;0;
58619;202100037735;134 217;B01;2;2;0;2;8;1;1;
58620;202100037735;134 218;A01;1;7;0;9;1;15;1;
58621;202100037736;134 215;A01;1;7;0;9;6;2;1;
58622;202100037736;134 216;B01;1;1;0;2;8;1;0;
58623;202100037737;134 213;A01;2;7;0;2;7;2;1;
58624;202100037737;134 214;B01;2;2;0;2;8;2;3;
58625;202100037738;134 212;A01;1;7;0;1;8;1;1;
58626;202100037739;134 209;B01;1;7;0;2;3;1;1;
58627;202100037739;134 210;C01;1;2;0;2;7;18;1;
58628;202100037739;134 211;A01;1;7;0;2;5;15;1;
58629;202100037740;134 208;A01;2;30;0;0;2;3;1;
58630;202100037741;134 207;A01;1;7;6;0;1;13;1;
58631;202100037742;134 205;B01;3;7;0;2;5;1;1;
58632;202100037742;134 206;A01;2;50;0;2;1;19;3;
58633;202100037743;134 204;A01;2;7;0;1;1;15;3;
58634;202100037744;134 202;A01;2;30;0;2;9;21;1;
58635;202100037744;134 203;B01;2;3;0;2;3;13;1;
58636;202100037745;134 200;B01;3;34;0;2;3;1;1;
58637;202100037745;134 201;A01;3;10;0;2;1;26;1;
58638;202100037746;134 199;A01;1;33;8;0;1;26;1;
58639;202100037747;134 196;C01;2;37;0;2;6;1;1;1.0
58640;202100037747;134 197;B01;2;7;0;2;4;17;1;
58641;202100037747;134 198;A01;2;33;0;2;2;3;1;
58642;202100037748;134 194;B01;2;31;0;2;1;1;1;
58643;202100037748;134 195;A01;1;7;0;2;2;15;1;
58644;202100037749;134 193;A01;1;7;16;0;9;1;1;
58645;202100037750;134 191;A01;1;7;0;2;3;9;1;
58646;202100037750;134 192;B01;1;33;0;2;1;1;1;
58647;202100037751;134 188;B01;2;7;0;2;1;1;1;
58648;202100037751;134 189;A01;1;7;0;2;1;15;1;
58649;202100037752;134 187;A01;2;33;0;0;7;13;1;
58650;202100037754;134 180;C01;1;7;0;2;4;1;1;
58651;202100037754;134 181;B01;1;7;0;2;4;1;1;
58652;202100037754;134 182;A01;1;7;0;2;1;1;1;
58653;202100037755;134 178;B01;3;7;0;0;3;1;1;
58654;202100037755;134 179;A01;3;7;0;2;1;26;1;
58655;202100037756;134 177;A01;3;7;0;1;7;1;1;
58656;202100037757;134 176;A01;0;7;1;1;4;4;1;
58657;202100037758;134 172;B01;2;7;1;0;4;1;1;
58658;202100037758;134 173;A01;1;33;1;2;1;13;1;
58659;202100037759;134 169;A01;2;10;0;2;6;15;1;
58660;202100037759;134 170;B01;2;33;0;2;1;0;1;
58661;202100037760;134 168;A01;3;7;0;1;8;15;1;
58662;202100037761;134 164;A01;3;2;0;2;3;15;1;
58663;202100037761;134 165;B01;3;50;0;2;2;19;3;
58664;202100037762;134 162;A01;2;7;0;2;1;1;1;
58665;202100037762;134 163;B01;2;50;0;2;8;1;3;
58666;202100037763;134 160;B01;1;7;0;2;1;1;1;
58667;202100037763;134 161;A01;2;32;0;2;1;1;1;
58668;202100037764;134 159;A01;1;36;0;0;7;15;1;
58669;202100037765;134 157;A01;1;33;12;2;8;21;1;
58670;202100037765;134 158;B01;1;7;0;2;0;16;1;
58671;202100037766;134 155;A01;1;10;0;2;3;22;1;
58672;202100037766;134 156;B01;1;1;1;0;1;1;5;
58673;202100037768;134 151;A01;2;30;0;2;1;19;1;
58674;202100037768;134 152;B01;1;10;0;2;7;1;1;
58675;202100037771;134 146;B01;3;1;0;2;9;19;0;
58676;202100037771;134 147;A01;1;10;0;2;2;1;1;
58677;202100037772;134 145;A01;2;7;1;0;9;1;1;
58678;202100037774;134 142;A01;1;7;0;4;8;9;1;
58679;202100037774;134 143;B01;3;39;0;2;1;1;0;
58680;202100037775;134 140;A01;1;7;0;2;3;13;1;
58681;202100037775;134 141;B01;2;7;1;2;3;1;1;
58682;202100037776;134 138;B01;1;32;0;2;1;1;1;
58683;202100037776;134 139;A01;1;7;0;9;2;15;1;
58684;202100037777;134 136;A01;3;33;0;2;1;1;1;
58685;202100037777;134 137;B01;3;7;0;9;4;1;1;
58686;202100037778;134 134;B01;0;1;1;0;1;1;5;
58687;202100037778;134 135;A01;0;7;0;2;8;24;1;
58688;202100037779;134 132;A01;2;7;0;2;7;17;1;
58689;202100037779;134 133;B01;2;2;0;2;8;17;1;
58690;202100037781;134 127;A01;3;7;0;2;3;19;1;
58691;202100037781;134 128;B01;0;7;0;2;3;19;1;
58692;202100037782;134 125;A01;1;7;0;9;5;16;1;
58693;202100037782;134 126;B01;3;50;0;2;1;19;3;
58694;202100037783;134 124;A01;1;7;4;0;1;1;1;
58695;202100037784;134 122;B01;1;2;0;2;8;7;1;
58696;202100037784;134 123;A01;1;7;0;2;7;16;1;
58697;202100037785;134 120;A01;1;7;0;2;2;26;1;
58698;202100037785;134 121;B01;1;7;0;2;1;0;1;
58699;202100037786;134 119;A01;1;7;0;1;3;26;1;
58700;202100037787;134 117;B01;2;7;0;2;7;1;1;
58701;202100037787;134 118;A01;3;7;0;2;1;26;1;
58702;202100037788;134 115;A01;3;31;0;2;1;19;1;
58703;202100037788;134 116;B01;3;7;0;2;2;0;1;
58704;202100037789;134 114;A01;3;30;9;0;1;1;1;
58705;202100037790;134 113;A01;3;7;0;1;3;1;1;
58706;202100037791;134 112;A01;3;2;0;0;8;26;1;
58707;202100037792;134 110;B01;1;10;0;2;6;1;0;
58708;202100037792;134 111;A01;1;30;0;2;2;17;1;
58709;202100037793;134 108;B01;3;7;0;2;5;12;1;
58710;202100037793;134 109;A01;3;7;0;2;3;1;1;
58711;202100037795;134 104;B01;1;7;8;2;7;23;1;
58712;202100037795;134 105;A01;2;37;14;0;7;1;1;1.0
58713;202100037796;134 102;A01;0;1;1;0;1;21;6;
58714;202100037796;134 103;B01;1;10;0;2;7;22;1;
58715;202100037798;134 098;A01;3;30;0;1;1;25;1;
58716;202100037799;134 096;A01;1;7;0;2;2;19;1;
58717;202100037799;134 097;B01;2;7;0;2;1;1;1;
58718;202100037800;134 094;B01;3;33;0;2;1;0;1;
58719;202100037800;134 095;A01;3;7;0;2;3;15;1;
58720;202100037801;134 092;B01;1;7;0;2;4;20;1;
58721;202100037801;134 093;A01;1;7;0;2;1;1;1;
58722;202100037802;134 088;A01;3;32;0;2;1;17;1;
58723;202100037802;134 089;B01;3;7;0;2;6;15;1;
58724;202100037803;134 086;B01;1;7;0;1;1;1;1;
58725;202100037803;134 087;A01;1;7;1;2;1;26;1;
58726;202100037804;134 084;B01;0;7;0;2;2;1;1;
58727;202100037804;134 085;A01;0;7;0;2;1;1;1;
58728;202100037805;134 080;B01;1;7;0;2;6;24;1;
58729;202100037805;134 081;A01;1;7;1;0;3;1;1;
58730;202100037806;134 078;A01;1;7;0;2;1;1;1;
58731;202100037806;134 079;B01;1;7;0;2;4;1;1;
58732;202100037807;134 076;A01;1;7;0;2;1;1;1;
58733;202100037807;134 077;B01;1;1;0;2;1;1;5;
58734;202100037808;134 074;A01;1;7;0;2;1;1;1;
58735;202100037808;134 075;B01;1;1;0;2;1;1;5;
58736;202100037809;134 073;A01;1;7;0;1;1;1;1;
58737;202100037810;134 071;Z01;3;7;0;2;1;0;1;
58738;202100037810;134 072;A01;3;33;0;2;4;1;1;
58739;202100037811;134 069;A01;3;7;0;2;2;5;1;
58740;202100037811;134 070;B01;3;2;0;2;1;9;1;
58741;202100037812;134 067;Z01;0;7;0;2;0;0;0;
58742;202100037812;134 068;A01;0;7;0;2;0;26;1;
58743;202100037813;134 065;A01;3;7;0;2;1;1;1;
58744;202100037813;134 066;B01;3;7;0;2;4;23;1;
58745;202100037814;134 063;A01;1;33;12;2;2;15;1;
58746;202100037814;134 064;B01;1;30;12;2;1;1;0;
58747;202100037815;134 061;B01;3;1;0;2;7;2;0;
58748;202100037815;134 062;A01;2;7;0;2;3;9;1;
58749;202100037816;134 060;A01;1;7;0;1;1;1;1;
58750;202100037817;134 058;A01;2;7;0;2;3;9;2;
58751;202100037817;134 059;B01;3;30;0;2;1;1;1;
58752;202100037818;134 057;A01;2;7;1;0;2;0;1;
58753;202100037819;134 055;A01;3;33;0;2;1;26;1;
58754;202100037819;134 056;B01;3;43;0;2;1;0;1;
58755;202100037820;134 053;B01;1;10;0;2;3;23;1;
58756;202100037820;134 054;A01;2;32;0;2;1;21;1;
58757;202100037821;134 052;A01;1;7;13;0;6;1;1;
58758;202100037822;134 049;A01;2;10;0;2;1;1;1;
58759;202100037822;134 050;B01;2;7;0;2;4;1;1;
58760;202100037822;134 051;C01;2;7;0;2;4;1;1;
58761;202100037823;134 047;B01;1;33;0;2;3;21;1;
58762;202100037823;134 048;Z01;2;7;0;2;0;0;0;
58763;202100037824;134 045;A01;3;7;0;2;3;13;1;
58764;202100037824;134 046;B01;3;33;0;2;1;1;1;
58765;202100037825;134 043;B01;1;33;0;2;1;21;1;
58766;202100037825;134 044;A01;2;7;0;0;2;19;1;
58767;202100037826;134 042;A01;1;33;0;0;7;21;1;
58768;202100037827;134 040;B01;1;50;0;2;7;5;3;
58769;202100037827;134 041;A01;2;7;0;2;1;16;2;
58770;202100037828;134 038;A01;2;31;0;2;1;1;1;
58771;202100037828;134 039;B01;2;50;0;2;4;15;3;
58772;202100037829;134 036;B01;1;80;0;2;4;1;3;
58773;202100037829;134 037;A01;3;30;0;2;1;16;1;
58774;202100037830;134 034;B01;1;1;0;2;1;2;5;
58775;202100037830;134 035;A01;1;1;0;2;3;10;5;
58776;202100037831;134 033;A01;2;40;0;1;7;1;3;
58777;202100037832;134 032;A01;1;32;0;0;0;21;1;
58778;202100037833;134 031;A01;1;43;0;1;1;1;1;
58779;202100037834;134 029;B01;3;7;0;2;6;23;1;
58780;202100037834;134 030;A01;3;43;0;2;1;1;1;
58781;202100037835;134 027;A01;2;7;0;2;8;22;1;
58782;202100037835;134 028;B01;0;43;0;2;7;17;1;
58783;202100037836;134 025;B01;2;7;0;2;7;16;3;
58784;202100037836;134 026;A01;2;33;8;2;2;18;1;
58785;202100037837;134 024;A01;1;30;0;1;1;1;1;
58786;202100037838;134 023;A01;2;30;1;0;2;14;1;
58787;202100037839;134 021;A01;0;30;12;2;7;14;1;
58788;202100037839;134 022;B01;0;30;0;2;0;1;1;
58789;202100037840;134 019;B01;2;1;0;2;1;1;5;
58790;202100037840;134 020;A01;2;7;0;2;8;22;1;
58791;202100037841;134 017;B01;2;1;0;2;1;1;5;
58792;202100037841;134 018;A01;2;10;0;2;5;4;1;
58793;202100037842;134 015;B01;2;7;0;2;1;15;1;
58794;202100037842;134 016;A01;2;50;0;2;7;19;3;
58795;202100037843;134 014;A01;2;7;0;1;1;1;1;
58796;202100037844;134 013;A01;1;7;1;0;1;1;1;
58797;202100037845;134 012;A01;2;43;0;1;2;26;1;
58798;202100037846;134 010;A01;3;7;8;2;1;16;1;
58799;202100037846;134 011;B01;3;2;8;2;1;1;1;
58800;202100037847;134 009;A01;1;7;0;1;3;1;1;
58801;202100037848;134 007;A01;2;7;0;2;8;15;1;
58802;202100037848;134 008;B01;2;34;0;2;7;17;1;
58803;202100037849;134 005;B01;2;7;9;2;3;26;1;
58804;202100037849;134 006;Z01;2;7;0;2;2;0;1;
58805;202100037851;134 002;A01;2;10;8;0;1;9;1;
58806;202100037852;134 000;Z01;3;7;0;2;0;16;1;
58807;202100037852;134 001;B01;3;10;0;2;7;24;1;
58808;202100037853;133 999;A01;3;7;3;0;9;1;1;
58809;202100037854;133 997;B01;1;31;0;0;8;1;1;
58810;202100037854;133 998;A01;2;7;0;2;0;15;0;
58811;202100037855;133 995;B01;3;10;0;2;2;2;3;
58812;202100037855;133 996;A01;1;7;0;2;1;26;1;
58813;202100037856;133 994;Z01;3;30;9;1;0;26;1;
58814;202100037857;133 992;B01;0;1;0;0;0;0;0;
58815;202100037857;133 993;A01;1;15;0;2;7;16;1;
58816;202100037858;133 991;A01;0;7;6;0;1;19;1;
58817;202100037859;133 990;A01;2;7;0;1;1;1;1;
58818;202100037860;133 988;A01;1;7;0;2;5;2;1;
58819;202100037860;133 989;B01;1;10;0;2;3;2;1;
58820;202100037861;133 986;A01;2;7;0;2;2;15;1;
58821;202100037861;133 987;B01;1;33;0;2;1;0;1;
58822;202100037862;133 984;B01;3;2;0;2;0;15;1;
58823;202100037862;133 985;A01;3;7;0;2;1;1;1;
58824;202100037863;133 982;B01;1;7;14;9;4;0;0;
58825;202100037863;133 983;A01;2;1;14;0;1;26;5;
58826;202100037864;133 980;A01;0;7;0;0;0;13;1;
58827;202100037864;133 981;B01;0;2;0;2;0;3;1;
58828;202100037865;133 978;B01;3;33;0;2;8;1;1;
58829;202100037865;133 979;A01;3;7;0;2;1;15;1;
58830;202100037866;133 976;A01;1;7;0;2;1;15;1;
58831;202100037866;133 977;B01;1;7;0;2;2;0;1;
58832;202100037867;133 975;A01;2;7;14;0;1;1;1;
58833;202100037869;133 972;A01;1;33;0;2;1;11;1;
58834;202100037869;133 973;B01;1;30;0;2;4;2;1;
58835;202100037870;133 970;A01;3;2;0;2;7;17;1;
58836;202100037870;133 971;B01;3;7;0;2;3;15;1;
58837;202100037871;133 968;B01;2;32;0;2;6;18;1;
58838;202100037871;133 969;A01;2;13;0;2;5;1;1;
58839;202100037872;133 966;A01;2;7;0;2;4;15;1;
58840;202100037872;133 967;B01;2;31;0;2;1;2;1;
58841;202100037873;133 964;B01;3;43;0;2;4;1;1;
58842;202100037873;133 965;A01;2;7;0;2;1;2;2;
58843;202100037874;133 963;A01;2;7;0;1;1;16;1;
58844;202100037875;133 961;A01;2;33;0;2;2;2;0;
58845;202100037875;133 962;B01;2;32;0;2;6;1;1;
58846;202100037876;133 960;A01;1;7;1;9;2;1;1;
58847;202100037877;133 957;C01;2;7;0;2;4;23;1;
58848;202100037877;133 958;B01;2;7;0;2;4;23;2;
58849;202100037877;133 959;A01;2;10;14;0;1;1;1;
58850;202100037878;133 956;A01;1;0;8;0;7;25;0;
58851;202100037879;133 954;B01;2;33;0;2;7;1;1;
58852;202100037879;133 955;A01;1;7;0;2;1;19;1;
58853;202100037880;133 952;B01;1;7;8;0;3;1;1;
58854;202100037880;133 953;A01;2;7;0;0;3;1;1;
58855;202100037882;133 949;A01;3;7;0;1;5;4;1;
58856;202100037883;133 948;A01;2;7;0;1;2;1;1;
58857;202100037884;133 946;A01;2;33;14;2;2;2;1;
58858;202100037884;133 947;B01;2;7;0;0;6;2;1;
58859;202100037885;133 944;A01;2;33;0;2;8;1;1;
58860;202100037885;133 945;B01;1;7;0;2;8;1;1;
58861;202100037887;133 941;A01;1;33;7;0;0;1;1;
58862;202100037888;133 939;B01;1;1;0;2;1;13;5;
58863;202100037888;133 940;A01;1;7;0;2;1;1;1;
58864;202100037889;133 938;A01;3;2;0;1;1;1;1;
58865;202100037890;133 936;B01;1;1;0;2;4;1;5;
58866;202100037890;133 937;A01;1;1;0;2;1;2;5;
58867;202100037891;133 933;B01;3;7;0;0;0;26;1;
58868;202100037891;133 934;C01;2;21;0;2;3;1;6;
58869;202100037891;133 935;A01;2;2;0;2;1;21;1;
58870;202100037892;133 932;A01;2;2;12;0;3;15;1;
58871;202100037893;133 930;B01;2;7;0;0;5;1;1;
58872;202100037893;133 931;A01;2;7;0;2;3;1;1;
58873;202100037894;133 929;A01;2;1;1;0;1;14;5;
58874;202100037895;133 926;A01;1;7;0;2;3;13;1;
58875;202100037895;133 927;B01;2;7;0;2;3;1;1;
58876;202100037896;133 924;A01;1;7;6;2;3;2;1;
58877;202100037896;133 925;B01;2;7;6;2;3;2;1;
58878;202100037897;133 922;A01;1;7;0;0;8;9;1;
58879;202100037897;133 923;B01;1;1;0;2;1;9;0;
58880;202100037898;133 921;A01;1;7;8;0;3;0;1;
58881;202100037899;133 920;A01;1;7;0;0;3;14;1;
58882;202100037900;133 918;A01;2;7;0;2;7;15;1;
58883;202100037900;133 919;B01;1;31;0;2;1;1;1;
58884;202100037901;133 916;A01;1;10;0;2;1;1;1;
58885;202100037901;133 917;B01;0;7;0;2;3;16;1;
58886;202100037902;133 915;A01;2;2;0;0;0;1;1;
58887;202100037903;133 913;B01;2;1;0;9;1;2;5;
58888;202100037903;133 914;A01;2;1;0;9;1;2;5;
58889;202100037904;133 912;A01;2;33;0;6;0;1;1;
58890;202100037905;133 910;A01;2;7;0;2;1;1;1;
58891;202100037905;133 911;B01;3;7;0;2;7;9;1;
58892;202100037906;133 907;C01;1;2;0;2;3;1;1;
58893;202100037906;133 908;B01;1;7;0;2;8;1;1;
58894;202100037906;133 909;A01;3;7;0;2;3;21;1;
58895;202100037907;133 905;A01;2;7;8;2;7;15;1;
58896;202100037907;133 906;B01;2;7;0;2;1;1;1;
58897;202100037908;133 904;A01;2;33;3;0;0;1;1;
58898;202100037909;133 903;A01;0;36;0;0;1;0;1;
58899;202100037911;133 899;B01;2;33;0;2;3;1;1;
58900;202100037911;133 900;A01;1;10;0;2;3;1;1;
58901;202100037912;133 897;B01;2;33;0;2;3;1;1;
58902;202100037912;133 898;A01;2;7;0;0;5;15;1;
58903;202100037913;133 896;A01;2;7;13;0;1;0;1;
58904;202100037914;133 895;A01;1;33;6;0;8;1;1;
58905;202100037915;133 894;A01;1;33;0;0;8;26;1;
58906;202100037916;133 893;A01;2;1;13;0;2;1;5;
58907;202100037917;133 891;A01;2;7;0;2;3;9;1;
58908;202100037917;133 892;B01;1;7;3;2;1;1;1;
58909;202100037919;133 888;B01;1;0;0;9;2;1;0;
58910;202100037919;133 889;A01;1;1;0;0;4;1;5;