;Num_Acc;id_vehicule;num_veh;senc;catv;obs;obsm;choc;manv;motor;occutc
58911;202100037920;133 886;A01;0;33;0;2;1;1;1;
58912;202100037920;133 887;B01;0;7;0;9;1;1;1;
58913;202100037921;133 883;C01;2;33;0;2;1;1;1;
58914;202100037921;133 884;B01;2;33;0;2;1;1;1;
58915;202100037921;133 885;A01;2;7;0;0;4;1;1;
58916;202100037922;133 882;A01;3;7;9;1;1;1;1;
58917;202100037923;133 880;B01;2;7;0;0;1;1;1;
58918;202100037923;133 881;A01;1;10;0;2;1;13;1;
58919;202100037924;133 879;A01;1;1;0;0;0;1;5;
58920;202100037925;133 876;C01;0;14;0;0;0;15;1;
58921;202100037925;133 877;A01;1;1;0;9;1;1;5;
58922;202100037925;133 878;B01;1;1;0;9;1;1;5;
58923;202100037926;133 875;A01;2;33;13;0;1;1;1;
58924;202100037927;133 873;B01;2;33;0;2;1;1;1;
58925;202100037927;133 874;A01;1;7;0;2;2;15;1;
58926;202100037928;133 871;B01;2;7;0;0;0;15;1;
58927;202100037928;133 872;A01;1;33;0;0;0;1;1;
58928;202100037930;133 867;B01;2;7;0;2;1;1;1;
58929;202100037930;133 868;A01;1;7;0;2;3;15;1;
58930;202100037931;133 865;B01;1;1;0;2;4;2;5;
58931;202100037931;133 866;A01;1;7;0;2;2;2;1;
58932;202100037932;133 864;A01;0;10;0;1;2;1;0;
58933;202100037933;133 862;B01;1;7;0;2;3;2;1;
58934;202100037933;133 863;A01;1;10;6;0;6;2;1;
58935;202100037934;133 860;A01;1;10;0;2;8;10;1;
58936;202100037934;133 861;B01;1;31;0;2;1;1;1;
58937;202100037935;133 859;A01;3;7;2;0;1;13;1;
58938;202100037936;133 857;A01;3;2;13;0;1;1;1;
58939;202100037937;133 855;A01;1;10;0;2;8;19;1;
58940;202100037937;133 856;B01;1;10;0;2;3;1;1;
58941;202100037938;133 853;A01;1;7;0;9;3;16;1;
58942;202100037938;133 854;B01;1;1;0;2;2;1;5;
58943;202100037939;133 851;B01;1;7;0;6;1;1;1;
58944;202100037939;133 852;A01;2;7;0;6;1;1;1;
58945;202100037940;133 850;A01;1;33;3;0;1;12;1;
58946;202100037941;133 847;B01;1;7;0;2;4;2;1;
58947;202100037941;133 848;C01;1;10;0;2;1;2;1;
58948;202100037941;133 849;A01;1;7;0;2;4;1;1;
58949;202100037942;133 845;A01;2;10;0;2;3;14;1;
58950;202100037942;133 846;B01;2;7;0;2;6;1;1;
58951;202100037943;133 844;A01;2;7;0;2;9;2;1;
58952;202100037944;133 842;A01;2;33;0;2;1;2;1;
58953;202100037944;133 843;B01;2;7;0;2;4;2;1;
58954;202100037945;133 840;B01;2;7;0;2;5;2;1;
58955;202100037945;133 841;A01;2;33;0;2;3;2;1;
58956;202100037946;133 838;B01;2;7;0;2;2;12;1;
58957;202100037946;133 839;A01;2;14;0;2;3;1;1;
58958;202100037947;133 836;A01;1;7;0;2;0;13;1;
58959;202100037947;133 837;B01;1;10;0;2;0;13;1;
58960;202100037948;133 834;A01;1;13;0;2;1;1;1;
58961;202100037948;133 835;B01;1;7;0;2;4;1;1;
58962;202100037949;133 831;A01;1;7;0;2;3;21;1;
58963;202100037949;133 832;B01;1;7;0;2;5;1;1;
58964;202100037949;133 833;C01;1;13;0;2;8;1;1;
58965;202100037950;133 829;A01;1;32;0;2;3;3;1;
58966;202100037950;133 830;B01;1;7;0;2;5;12;2;
58967;202100037951;133 828;A01;3;7;0;1;1;1;1;
58968;202100037952;133 826;B01;3;7;0;2;1;2;1;
58969;202100037952;133 827;A01;3;7;0;2;2;2;2;
58970;202100037954;133 822;B01;2;7;0;2;4;1;1;
58971;202100037954;133 823;A01;2;33;0;2;1;1;1;
58972;202100037955;133 820;B01;2;7;0;2;5;23;1;
58973;202100037955;133 821;A01;2;34;0;2;1;2;1;
58974;202100037956;133 819;A01;1;30;0;0;1;19;1;
58975;202100037957;133 817;A01;1;31;0;2;1;1;6;
58976;202100037957;133 818;B01;1;7;0;2;4;1;6;
58977;202100037958;133 815;B01;1;2;0;2;7;1;1;
58978;202100037958;133 816;A01;1;7;0;2;2;26;2;
58979;202100037959;133 813;B01;2;7;0;2;3;16;1;
58980;202100037959;133 814;A01;2;32;0;2;5;16;6;
58981;202100037960;133 810;A01;2;7;0;2;1;1;1;
58982;202100037960;133 811;B01;2;7;0;2;1;1;1;
58983;202100037960;133 812;C01;2;7;0;0;4;1;1;
58984;202100037961;133 809;A01;2;10;1;1;4;26;1;
58985;202100037962;133 808;A01;3;1;1;1;1;21;5;
58986;202100037963;133 807;A01;1;7;0;1;7;1;1;
58987;202100037964;133 805;A01;2;7;0;2;1;2;1;
58988;202100037964;133 806;B01;2;7;0;2;4;2;1;
58989;202100037965;133 803;A01;1;7;0;2;8;15;1;
58990;202100037965;133 804;B01;1;31;0;2;1;17;1;
58991;202100037966;133 801;A01;1;7;0;2;1;9;1;
58992;202100037966;133 802;B01;2;33;0;2;1;17;1;
58993;202100037967;133 799;B01;3;7;0;2;6;0;1;
58994;202100037967;133 800;A01;3;34;0;2;7;17;1;
58995;202100037968;133 797;A01;1;7;0;2;3;1;1;
58996;202100037968;133 798;B01;1;2;0;2;1;15;1;
58997;202100037970;133 793;A01;2;30;0;2;8;1;1;
58998;202100037971;133 789;B01;0;1;0;2;9;15;0;
58999;202100037971;133 790;A01;0;33;0;2;7;17;1;
59000;202100037972;133 787;B01;2;7;0;2;0;15;0;
59001;202100037972;133 788;A01;1;30;0;2;1;0;0;
59002;202100037973;133 785;A01;1;7;0;2;3;15;1;
59003;202100037973;133 786;B01;1;34;0;2;7;2;1;
59004;202100037974;133 783;B01;0;7;0;9;1;1;1;
59005;202100037974;133 784;A01;0;99;0;2;1;1;3;
59006;202100037975;133 781;A01;1;7;0;2;1;2;1;
59007;202100037975;133 782;B01;1;7;0;2;4;23;1;
59008;202100037977;133 776;B01;1;7;0;2;2;17;0;
59009;202100037977;133 777;A01;1;7;0;2;3;15;0;
59010;202100037979;133 773;A01;3;3;0;1;1;1;1;
59011;202100037980;133 771;A01;1;7;0;2;8;22;1;
59012;202100037980;133 772;B01;1;1;1;0;2;1;5;
59013;202100037981;133 770;A01;3;7;0;1;1;9;1;
59014;202100037982;133 768;A01;1;10;0;2;1;15;1;
59015;202100037982;133 769;B01;2;33;0;2;1;0;1;
59016;202100037983;133 767;A01;2;7;0;1;7;21;1;
59017;202100037984;133 765;A01;1;7;1;2;1;1;1;
59018;202100037984;133 766;B01;1;7;1;2;3;1;1;
59019;202100037985;133 763;B01;3;50;0;2;7;1;3;
59020;202100037985;133 764;A01;3;10;0;9;7;1;1;
59021;202100037986;133 762;A01;3;7;0;0;1;26;1;
59022;202100037987;133 761;A01;1;37;0;1;0;26;3;1.0
59023;202100037988;133 759;A01;3;7;0;2;1;9;1;
59024;202100037988;133 760;B01;1;7;0;2;2;1;1;
59025;202100037989;133 757;B01;1;2;0;2;0;1;1;
59026;202100037989;133 758;A01;1;7;0;2;8;9;0;
59027;202100037990;133 755;B01;1;30;0;2;7;1;1;
59028;202100037990;133 756;A01;0;7;0;2;1;9;1;
59029;202100037991;133 753;A01;1;7;0;2;1;2;1;
59030;202100037991;133 754;B01;1;7;0;2;4;2;1;
59031;202100037992;133 751;B01;2;80;0;2;8;1;3;
59032;202100037992;133 752;A01;2;7;0;2;5;17;1;
59033;202100037993;133 749;B01;3;7;0;2;3;15;1;
59034;202100037993;133 750;A01;2;33;0;2;1;1;1;
59035;202100037994;133 747;A01;1;7;0;2;4;2;1;
59036;202100037994;133 748;B01;1;33;0;2;1;17;1;
59037;202100037995;133 746;A01;2;7;0;1;1;1;1;
59038;202100037997;133 742;C01;0;7;0;2;1;2;1;
59039;202100037997;133 743;A01;0;7;0;2;4;1;1;
59040;202100037997;133 744;B01;0;7;0;2;1;2;1;
59041;202100037998;133 741;A01;3;7;13;0;9;0;1;
59042;202100037999;133 739;A01;1;7;0;9;2;26;1;
59043;202100037999;133 740;B01;1;50;0;2;3;26;3;
59044;202100038000;133 738;A01;1;2;0;0;7;26;1;
59045;202100038001;133 735;D01;2;7;0;2;8;23;1;
59046;202100038001;133 736;B01;0;33;0;2;1;10;1;
59047;202100038001;133 737;A01;0;33;0;2;3;1;1;
59048;202100038002;133 733;A01;1;30;0;2;7;17;1;
59049;202100038002;133 734;B01;1;10;0;2;3;15;1;
59050;202100038003;133 731;B01;1;50;0;2;1;1;3;
59051;202100038003;133 732;A01;1;7;0;2;8;15;1;
59052;202100038004;133 727;B01;1;7;0;2;1;1;1;
59053;202100038004;133 728;A01;2;7;0;2;7;19;1;
59054;202100038005;133 726;A01;1;7;0;1;2;1;1;
59055;202100038006;133 725;Z01;3;7;0;1;2;1;0;
59056;202100038007;133 724;A01;1;7;0;1;1;16;1;
59057;202100038008;133 723;A01;3;37;0;1;2;1;1;1.0
59058;202100038009;133 720;B01;1;7;0;2;4;23;1;
59059;202100038009;133 721;A01;1;7;14;0;1;1;1;
59060;202100038009;133 722;C01;3;7;0;2;4;23;1;
59061;202100038010;133 718;B01;2;1;0;2;7;1;5;
59062;202100038010;133 719;A01;2;7;0;2;3;15;1;
59063;202100038012;133 714;A01;2;7;0;2;1;9;1;
59064;202100038012;133 715;B01;1;7;8;2;1;1;1;
59065;202100038013;133 712;A01;2;7;0;2;1;1;1;
59066;202100038013;133 713;B01;1;32;0;2;3;1;1;
59067;202100038014;133 711;A01;1;32;0;0;0;0;1;
59068;202100038015;133 709;A01;1;10;0;2;4;11;1;
59069;202100038015;133 710;B01;1;33;0;2;4;1;1;
59070;202100038016;133 707;B01;1;7;0;2;2;15;1;
59071;202100038016;133 708;A01;1;43;0;2;1;18;1;
59072;202100038018;133 704;A01;2;7;2;0;0;26;0;
59073;202100038019;133 702;A01;1;7;0;2;7;15;1;
59074;202100038019;133 703;B01;2;33;0;2;1;1;1;
59075;202100038020;133 701;A01;1;33;5;0;8;13;1;
59076;202100038021;133 699;B01;3;1;0;2;0;1;5;
59077;202100038021;133 700;A01;3;7;0;2;0;0;1;
59078;202100038022;133 697;B01;1;30;0;2;5;16;1;
59079;202100038022;133 698;A01;1;7;0;2;1;15;1;
59080;202100038023;133 695;A01;1;30;0;2;1;13;1;
59081;202100038023;133 696;B01;2;7;0;2;1;1;1;
59082;202100038024;133 694;A01;3;7;0;1;7;1;2;
59083;202100038025;133 692;B01;2;34;0;2;2;0;1;
59084;202100038025;133 693;A01;2;7;0;2;6;15;1;
59085;202100038026;133 690;A01;0;7;0;2;8;20;1;
59086;202100038026;133 691;B01;0;34;0;2;1;1;1;
59087;202100038027;133 688;B01;3;30;0;2;0;1;1;
59088;202100038027;133 689;A01;3;7;0;2;0;15;1;
59089;202100038028;133 687;A01;1;7;0;1;1;15;1;
59090;202100038029;133 686;A01;3;7;14;1;2;1;1;
59091;202100038030;133 684;B01;1;7;0;2;1;1;1;
59092;202100038030;133 685;A01;1;7;0;2;2;15;1;
59093;202100038031;133 682;A01;0;10;0;2;8;15;0;
59094;202100038031;133 683;B01;0;34;0;2;1;1;1;
59095;202100038033;133 678;A01;2;7;0;1;1;1;1;
59096;202100038034;133 675;C01;1;7;0;2;6;1;3;
59097;202100038034;133 676;B01;1;33;0;2;2;3;1;
59098;202100038034;133 677;A01;1;7;0;2;8;11;1;
59099;202100038035;133 673;Z01;1;7;0;2;0;13;3;
59100;202100038035;133 674;A01;1;32;0;2;8;23;1;
59101;202100038036;133 671;B01;3;32;0;2;1;1;1;
59102;202100038036;133 672;A01;3;7;0;2;3;15;1;
59103;202100038037;133 669;B01;2;50;0;2;2;1;3;
59104;202100038037;133 670;A01;2;7;0;2;3;9;1;
59105;202100038038;133 668;A01;2;10;0;1;4;4;1;
59106;202100038039;133 666;B01;1;34;0;9;7;1;3;
59107;202100038039;133 667;A01;1;50;0;2;8;11;3;
59108;202100038040;133 664;A01;1;7;0;2;7;9;1;
59109;202100038040;133 665;B01;1;1;0;2;8;1;5;
59110;202100038042;133 661;A01;2;7;0;2;2;15;1;
59111;202100038042;133 662;B01;1;30;0;2;1;1;1;
59112;202100038043;133 660;A01;2;7;0;1;2;15;1;
59113;202100038044;133 659;A01;1;1;0;0;0;21;5;
59114;202100038045;133 657;B01;2;32;0;2;7;15;1;
59115;202100038045;133 658;A01;2;7;0;2;7;15;1;
59116;202100038046;133 655;A01;2;7;0;2;3;1;1;
59117;202100038046;133 656;B01;3;1;0;2;7;19;5;
59118;202100038047;133 653;A01;1;1;0;2;5;19;5;
59119;202100038047;133 654;B01;1;7;0;2;2;1;1;
59120;202100038048;133 652;A01;1;7;0;1;2;13;1;
59121;202100038049;133 650;B01;0;1;0;2;4;26;5;
59122;202100038049;133 651;C01;2;7;0;2;1;2;1;
59123;202100038050;133 648;B01;1;1;0;2;8;1;5;
59124;202100038050;133 649;Z01;1;7;0;2;2;26;1;
59125;202100038051;133 646;A01;1;7;0;2;5;15;1;
59126;202100038051;133 647;B01;1;33;0;2;1;1;1;
59127;202100038052;133 644;A01;1;7;0;2;7;15;1;
59128;202100038052;133 645;B01;2;2;0;2;1;1;1;
59129;202100038053;133 642;A01;3;7;0;9;1;26;1;
59130;202100038053;133 643;B01;3;50;0;2;1;9;3;
59131;202100038054;133 640;B01;1;30;0;2;0;1;1;
59132;202100038054;133 641;Z01;1;7;0;2;8;10;1;
59133;202100038055;133 638;B01;2;2;0;2;7;1;1;
59134;202100038055;133 639;A01;1;7;0;2;1;1;1;
59135;202100038056;133 637;A01;0;7;0;1;8;2;1;
59136;202100038057;133 636;A01;2;7;0;1;3;2;1;
59137;202100038058;133 634;B01;0;7;0;2;2;9;1;
59138;202100038058;133 635;A01;1;10;0;2;3;1;1;
59139;202100038059;133 628;D01;0;7;1;0;0;0;0;
59140;202100038059;133 629;C01;3;7;1;0;7;0;0;
59141;202100038059;133 630;B01;0;7;0;2;8;0;0;
59142;202100038059;133 631;A01;3;7;0;2;1;26;0;
59143;202100038059;133 632;F01;3;10;1;0;0;0;0;
59144;202100038059;133 633;E01;0;7;0;0;0;0;0;
59145;202100038060;133 626;A01;2;7;0;2;8;10;1;
59146;202100038060;133 627;B01;2;31;0;2;0;0;1;
59147;202100038061;133 624;A01;2;7;0;2;2;1;1;
59148;202100038061;133 625;B01;2;7;0;0;0;0;1;
59149;202100038062;133 622;B01;1;1;0;2;8;15;5;
59150;202100038062;133 623;A01;1;60;0;2;1;16;5;
59151;202100038063;133 621;A01;3;7;0;1;3;15;0;
59152;202100038064;133 619;A01;1;43;0;2;1;17;1;
59153;202100038064;133 620;B01;1;7;0;2;3;15;1;
59154;202100038065;133 617;A01;3;7;0;2;2;0;1;
59155;202100038065;133 618;B01;3;33;0;2;1;26;1;
59156;202100038066;133 615;B01;1;7;0;2;8;15;1;
59157;202100038066;133 616;A01;1;34;0;2;2;17;1;
59158;202100038067;133 614;A01;1;32;1;0;7;14;3;
59159;202100038068;133 613;A01;1;7;13;0;1;1;1;
59160;202100038069;133 611;A01;1;21;0;0;3;15;1;
59161;202100038069;133 612;B01;2;33;0;0;1;0;1;
59162;202100038071;133 608;B01;1;7;0;2;5;12;1;
59163;202100038071;133 609;A01;1;33;0;2;3;1;1;
59164;202100038072;133 606;A01;1;33;0;2;1;2;1;
59165;202100038072;133 607;B01;1;7;0;2;4;1;1;
59166;202100038073;133 604;A01;2;10;0;2;2;2;1;
59167;202100038073;133 605;B01;2;1;0;2;4;2;5;
59168;202100038074;133 603;A01;1;33;0;6;1;1;1;
59169;202100038075;133 601;A01;2;7;0;2;1;1;1;
59170;202100038075;133 602;B01;1;17;0;2;3;9;1;
59171;202100038076;133 600;A01;1;7;13;0;2;0;1;
59172;202100038077;133 598;A01;2;1;1;0;1;1;5;
59173;202100038077;133 599;B01;2;13;0;2;4;24;1;
59174;202100038079;133 595;B01;1;7;0;2;3;2;1;
59175;202100038079;133 596;A01;1;33;0;2;4;2;1;
59176;202100038081;133 592;B01;2;7;0;2;4;1;1;
59177;202100038081;133 593;A01;2;7;0;2;1;1;1;
59178;202100038082;133 591;A01;1;2;5;0;1;1;1;
59179;202100038083;133 588;A01;2;15;13;0;8;1;1;
59180;202100038084;133 587;A01;2;7;13;0;1;1;1;
59181;202100038085;133 585;B01;2;14;0;0;3;1;1;
59182;202100038085;133 586;A01;1;7;0;2;3;13;1;
59183;202100038086;133 584;A01;3;2;2;0;1;1;1;
59184;202100038087;133 583;A01;2;7;0;1;1;15;2;
59185;202100038088;133 582;A01;2;7;2;0;6;13;1;
59186;202100038089;133 580;B01;1;31;0;2;1;3;1;
59187;202100038089;133 581;A01;1;7;0;2;3;10;1;
59188;202100038090;133 578;B01;3;1;0;2;1;15;5;
59189;202100038090;133 579;A01;3;7;0;9;1;16;1;
59190;202100038091;133 577;A01;1;33;6;0;0;13;1;
59191;202100038092;133 575;B01;2;7;0;2;2;17;1;
59192;202100038092;133 576;A01;2;7;0;2;8;15;1;
59193;202100038093;133 573;B01;2;7;0;2;2;1;1;
59194;202100038093;133 574;A01;1;7;15;2;7;19;1;
59195;202100038094;133 571;A01;1;33;0;2;1;17;1;
59196;202100038094;133 572;B01;1;7;0;0;3;15;1;
59197;202100038095;133 570;A01;3;2;0;0;2;1;1;
59198;202100038096;133 568;B01;1;1;0;2;4;13;5;
59199;202100038096;133 569;A01;1;1;0;2;1;1;5;
59200;202100038097;133 566;A01;1;7;0;2;3;15;1;
59201;202100038097;133 567;B01;2;1;0;2;6;1;5;
59202;202100038098;133 565;A01;2;33;13;0;1;1;1;
59203;202100038099;133 562;B01;1;7;0;2;1;1;1;
59204;202100038099;133 563;C01;1;10;8;0;1;1;1;
59205;202100038099;133 564;A01;1;7;0;2;8;19;1;
59206;202100038100;133 559;C01;1;7;0;2;4;23;1;
59207;202100038100;133 560;A01;1;10;0;2;1;2;1;
59208;202100038100;133 561;B01;1;10;0;2;4;23;1;
59209;202100038101;133 558;A01;3;2;0;0;0;1;1;
59210;202100038102;133 557;A01;1;7;14;0;1;1;1;
59211;202100038103;133 556;A01;1;7;8;0;8;1;1;
59212;202100038104;133 554;B01;3;7;0;2;8;1;1;
59213;202100038104;133 555;A01;2;33;0;2;1;1;1;
59214;202100038105;133 552;A01;2;7;0;2;4;9;1;
59215;202100038105;133 553;B01;1;7;0;2;1;2;1;
59216;202100038106;133 550;B01;2;2;0;2;4;1;1;
59217;202100038106;133 551;A01;2;7;0;2;2;2;1;
59218;202100038107;133 549;A01;1;7;13;0;2;14;1;
59219;202100038108;133 545;A01;1;2;0;2;1;17;1;
59220;202100038108;133 546;B01;1;7;0;0;8;15;1;
59221;202100038109;133 544;A01;1;7;13;0;2;1;1;
59222;202100038110;133 542;A01;2;7;0;0;4;2;1;
59223;202100038110;133 543;B01;2;7;9;0;1;2;1;
59224;202100038111;133 540;B01;1;10;0;2;1;1;1;
59225;202100038111;133 541;A01;1;14;0;0;4;1;1;
59226;202100038112;133 539;A01;1;7;0;1;1;1;1;
59227;202100038114;133 535;A01;1;7;0;2;1;13;1;
59228;202100038114;133 536;B01;2;7;0;2;1;1;1;
59229;202100038115;133 534;A01;1;7;15;0;0;1;1;
59230;202100038116;133 532;B01;1;99;0;2;5;15;1;
59231;202100038116;133 533;A01;2;33;0;2;1;1;1;
59232;202100038117;133 531;A01;1;7;0;2;1;1;1;
59233;202100038118;133 530;A01;2;7;2;0;1;0;1;
59234;202100038119;133 529;A01;2;7;0;1;2;1;1;
59235;202100038120;133 527;B01;2;33;0;2;8;1;1;
59236;202100038120;133 528;A01;1;7;0;2;3;13;1;
59237;202100038121;133 526;A01;2;7;13;0;1;0;1;
59238;202100038122;133 521;B01;2;33;0;2;1;1;1;
59239;202100038122;133 522;A01;2;7;0;2;3;9;1;
59240;202100038123;133 519;A01;1;7;0;2;1;1;1;
59241;202100038123;133 520;C01;1;7;0;2;8;22;1;
59242;202100038124;133 517;B01;2;7;4;2;3;9;1;
59243;202100038124;133 518;A01;2;17;0;2;2;2;1;
59244;202100038125;133 515;A01;2;7;0;2;1;2;2;
59245;202100038125;133 516;B01;2;7;0;2;4;1;1;
59246;202100038126;133 513;A01;1;7;0;2;1;2;1;
59247;202100038126;133 514;B01;1;7;0;2;4;2;1;
59248;202100038127;133 511;A01;2;43;0;2;1;3;1;
59249;202100038127;133 512;B01;2;7;0;2;6;23;1;
59250;202100038128;133 508;A01;2;7;0;2;3;26;1;
59251;202100038128;133 509;B01;2;7;0;2;5;1;1;
59252;202100038128;133 510;C01;2;7;0;2;4;1;1;
59253;202100038129;133 504;A01;1;7;0;2;1;1;1;
59254;202100038129;133 505;B01;1;7;0;2;4;2;1;
59255;202100038129;133 506;C01;1;10;0;2;4;2;1;
59256;202100038129;133 507;D01;1;7;0;2;4;2;1;
59257;202100038130;133 503;A01;2;10;3;0;1;21;1;
59258;202100038131;133 501;A01;1;10;0;2;1;2;1;
59259;202100038131;133 502;B01;1;7;0;2;4;2;1;
59260;202100038132;133 499;B01;1;10;0;2;5;23;1;
59261;202100038132;133 500;A01;1;43;0;2;1;1;1;
59262;202100038133;133 495;C01;2;10;0;2;4;2;1;
59263;202100038133;133 496;D01;2;7;0;2;4;2;1;
59264;202100038133;133 497;B01;1;10;0;2;4;2;1;
59265;202100038133;133 498;A01;2;7;0;2;1;1;1;
59266;202100038134;133 491;D01;2;7;0;2;4;2;1;
59267;202100038134;133 492;C01;2;7;0;2;4;2;1;
59268;202100038134;133 493;B01;2;7;0;2;4;2;1;
59269;202100038134;133 494;A01;2;7;0;2;1;2;1;
59270;202100038135;133 488;A01;2;33;0;2;2;3;1;
59271;202100038135;133 489;B01;2;7;0;2;3;1;0;
59272;202100038135;133 490;C01;2;7;0;2;6;2;1;
59273;202100038137;133 484;A01;2;7;0;2;1;1;1;
59274;202100038137;133 485;B01;2;7;0;2;4;2;1;
59275;202100038138;133 482;B01;2;7;0;2;4;1;1;
59276;202100038138;133 483;A01;2;7;0;2;1;11;1;
59277;202100038139;133 480;A01;2;33;0;2;1;2;1;
59278;202100038139;133 481;B01;2;10;0;2;6;2;1;
59279;202100038140;133 477;A01;2;10;0;2;7;2;1;
59280;202100038140;133 478;B01;2;7;0;2;6;2;1;
59281;202100038140;133 479;C01;2;17;0;2;2;12;1;
59282;202100038141;133 475;A01;2;7;0;2;8;11;1;
59283;202100038141;133 476;B01;2;33;0;2;7;3;1;
59284;202100038143;133 470;A01;1;7;0;1;1;1;1;
59285;202100038144;133 468;A01;1;7;0;2;2;19;1;
59286;202100038144;133 469;B01;2;30;0;2;1;2;1;
59287;202100038146;133 464;A01;1;2;0;0;1;1;1;
59288;202100038147;133 463;A01;1;50;12;0;1;1;3;
59289;202100038148;133 461;B01;2;37;0;2;8;1;1;3.0
59290;202100038148;133 462;A01;2;7;0;2;2;1;1;
59291;202100038149;133 459;A01;2;7;0;2;1;2;1;
59292;202100038149;133 460;B01;2;7;0;2;4;2;1;
59293;202100038150;133 457;B01;1;2;0;0;4;1;1;
59294;202100038150;133 458;A01;1;7;0;2;1;1;1;
59295;202100038152;133 454;A01;2;31;0;2;1;26;1;
59296;202100038152;133 455;B01;2;7;0;2;4;26;1;
59297;202100038153;133 452;B01;1;7;0;2;3;9;1;
59298;202100038153;133 453;A01;1;7;0;2;2;1;1;
59299;202100038154;133 451;A01;1;13;14;1;5;14;1;
59300;202100038155;133 449;B01;3;37;9;2;2;1;1;1.0
59301;202100038155;133 450;A01;3;7;0;2;1;16;1;
59302;202100038157;133 446;A01;2;30;9;0;1;26;1;
59303;202100038158;133 444;B01;3;7;0;2;2;15;1;
59304;202100038158;133 445;A01;2;31;0;2;3;17;1;
59305;202100038159;133 442;B01;2;7;0;2;1;15;1;
59306;202100038159;133 443;A01;1;7;0;2;6;9;1;
59307;202100038160;133 439;A01;2;7;0;2;1;19;1;
59308;202100038160;133 440;C01;1;10;0;2;8;1;1;
59309;202100038160;133 441;B01;1;7;0;2;8;19;3;
59310;202100038161;133 435;A01;3;1;0;2;1;2;0;
59311;202100038161;133 436;B01;3;7;0;2;4;23;1;
59312;202100038162;133 433;B01;0;32;0;2;1;17;1;
59313;202100038162;133 434;A01;1;7;0;2;3;15;1;
59314;202100038163;133 431;B01;2;1;0;2;2;15;5;
59315;202100038163;133 432;A01;1;7;0;2;1;16;1;
59316;202100038164;133 429;A01;2;7;9;2;3;7;1;
59317;202100038164;133 430;B01;2;10;0;2;2;16;1;
59318;202100038165;133 427;B01;2;7;0;2;1;1;1;
59319;202100038165;133 428;A01;1;7;0;2;2;15;1;
59320;202100038166;133 425;B01;2;50;0;2;1;19;3;
59321;202100038166;133 426;A01;1;7;0;2;5;1;1;
59322;202100038167;133 424;Z01;1;7;0;1;0;1;1;
59323;202100038168;133 422;B01;2;1;0;2;3;19;5;
59324;202100038168;133 423;A01;1;7;0;2;1;15;1;
59325;202100038169;133 420;B01;2;33;0;2;2;1;1;
59326;202100038169;133 421;A01;1;1;0;2;0;19;5;
59327;202100038170;133 419;A01;1;30;1;0;1;26;1;
59328;202100038172;133 416;A01;1;30;4;0;1;21;1;
59329;202100038173;133 415;A01;3;2;0;1;1;16;1;
59330;202100038174;133 414;A01;2;38;0;1;2;1;1;1.0
59331;202100038175;133 412;A01;1;7;8;0;3;11;1;
59332;202100038175;133 413;B01;1;7;9;0;1;11;1;
59333;202100038176;133 410;B01;1;2;0;2;1;0;1;
59334;202100038176;133 411;A01;1;7;0;2;3;9;1;
59335;202100038177;133 408;B01;1;1;0;2;1;1;5;
59336;202100038177;133 409;A01;2;7;0;2;7;15;1;
59337;202100038179;133 403;B01;1;30;0;2;1;1;1;
59338;202100038179;133 404;A01;1;7;0;2;7;16;1;
59339;202100038180;133 401;A01;3;7;0;2;1;17;1;
59340;202100038180;133 402;B01;3;10;0;2;3;15;1;
59341;202100038181;133 399;B01;0;1;1;0;1;1;0;
59342;202100038181;133 400;A01;0;10;1;2;3;22;1;
59343;202100038182;133 397;B01;1;7;0;2;2;15;1;
59344;202100038182;133 398;A01;3;30;0;2;1;1;1;
59345;202100038183;133 395;B01;2;7;0;2;4;1;1;
59346;202100038183;133 396;A01;2;7;0;2;1;1;1;
59347;202100038185;133 391;A01;1;13;0;0;0;0;1;
59348;202100038185;133 392;B01;1;1;0;2;8;2;5;
59349;202100038186;133 389;B01;2;7;0;2;6;2;1;
59350;202100038186;133 390;A01;2;7;0;2;2;14;1;
59351;202100038187;133 387;A01;1;7;0;2;2;15;1;
59352;202100038187;133 388;B01;2;2;0;2;1;1;1;
59353;202100038189;133 382;B01;1;7;0;2;6;2;0;
59354;202100038189;133 383;A01;1;33;0;2;1;0;1;
59355;202100038190;133 381;A01;3;10;0;1;2;26;1;
59356;202100038191;133 379;A01;1;7;3;2;1;21;1;
59357;202100038191;133 380;B01;2;7;0;2;8;1;1;
59358;202100038192;133 375;A01;1;33;0;2;1;5;1;
59359;202100038192;133 376;B01;2;7;0;2;8;15;1;
59360;202100038193;133 373;B01;2;33;0;2;1;1;1;
59361;202100038193;133 374;A01;1;7;0;2;1;11;1;
59362;202100038194;133 372;A01;1;34;0;0;0;26;1;
59363;202100038195;133 370;A01;0;7;0;2;1;15;1;
59364;202100038195;133 371;B01;0;7;0;2;2;1;1;
59365;202100038196;133 369;A01;3;7;0;1;2;1;1;
59366;202100038197;133 367;B01;2;7;0;2;8;15;1;
59367;202100038197;133 368;A01;2;7;0;2;1;17;1;
59368;202100038198;133 366;A01;3;7;0;1;3;26;1;
59369;202100038199;133 365;A01;1;7;0;9;3;1;1;
59370;202100038200;133 363;A01;3;7;0;2;1;19;2;
59371;202100038200;133 364;B01;2;7;0;2;2;1;1;
59372;202100038201;133 361;B01;1;7;0;2;4;2;1;