;Num_Acc;id_vehicule;num_veh;senc;catv;obs;obsm;choc;manv;motor;occutc
60297;202100038793;132 272;B01;2;7;0;2;1;15;1;
60298;202100038793;132 273;A01;2;32;0;2;6;21;1;
60299;202100038794;132 270;B01;3;7;0;2;4;0;1;
60300;202100038794;132 271;A01;3;7;0;2;1;1;1;
60301;202100038795;132 267;A01;1;10;0;2;1;15;1;
60302;202100038795;132 268;B01;2;7;0;2;1;16;1;
60303;202100038796;132 265;B01;1;7;0;2;2;9;1;
60304;202100038796;132 266;A01;1;3;1;0;0;11;0;
60305;202100038797;132 264;A01;1;32;1;0;1;1;1;
60306;202100038798;132 263;A01;2;33;8;0;1;0;1;
60307;202100038799;132 262;A01;1;7;13;0;8;1;1;
60308;202100038800;132 261;A01;1;33;0;0;6;1;1;
60309;202100038801;132 259;A01;2;7;0;2;8;15;1;
60310;202100038801;132 260;B01;2;32;0;2;1;17;1;
60311;202100038803;132 255;A01;2;33;0;2;1;13;1;
60312;202100038803;132 256;B01;1;7;0;2;3;1;3;
60313;202100038804;132 253;A01;1;7;0;2;5;16;0;
60314;202100038804;132 254;B01;1;33;0;2;3;1;1;
60315;202100038805;132 251;B01;1;7;0;2;2;21;1;
60316;202100038805;132 252;A01;1;7;0;2;6;11;3;
60317;202100038806;132 248;B01;2;20;0;2;6;1;1;
60318;202100038806;132 249;A01;1;31;0;2;8;1;1;
60319;202100038806;132 250;C01;2;10;0;2;3;1;1;
60320;202100038809;132 244;A01;1;33;0;0;0;0;1;
60321;202100038810;132 243;A01;2;2;0;0;1;1;1;
60322;202100038811;132 241;B01;1;1;0;0;4;1;5;
60323;202100038811;132 242;A01;1;7;0;2;2;1;1;
60324;202100038812;132 240;A01;1;36;3;0;2;1;1;
60325;202100038813;132 239;A01;1;7;13;0;1;5;1;
60326;202100038814;132 238;A01;3;80;0;0;0;1;3;
60327;202100038815;132 236;A01;1;7;0;2;3;13;1;
60328;202100038815;132 237;B01;2;43;0;2;3;1;1;
60329;202100038816;132 235;A01;2;33;2;0;1;1;1;
60330;202100038817;132 234;A01;0;7;6;0;2;1;1;
60331;202100038818;132 233;A01;1;2;0;1;1;1;1;
60332;202100038819;132 231;A01;2;33;0;0;8;26;1;
60333;202100038820;132 230;A01;3;2;14;0;1;1;1;
60334;202100038821;132 229;A01;2;7;13;0;9;15;1;
60335;202100038822;132 228;A01;2;7;3;0;8;1;1;
60336;202100038824;132 226;A01;2;34;0;0;7;1;1;
60337;202100038825;132 224;B01;2;1;0;2;8;1;5;
60338;202100038825;132 225;A01;2;7;0;2;7;17;0;
60339;202100038826;132 223;A01;3;21;13;0;2;16;1;
60340;202100038827;132 222;A01;1;7;2;0;7;13;1;
60341;202100038828;132 221;A01;2;33;0;6;1;1;1;
60342;202100038829;132 220;A01;1;10;0;1;2;21;1;
60343;202100038830;132 218;B01;2;7;0;2;3;1;1;
60344;202100038830;132 219;A01;1;33;0;2;1;17;1;
60345;202100038831;132 216;B01;3;7;0;0;0;1;1;
60346;202100038831;132 217;A01;0;1;6;0;0;1;5;
60347;202100038832;132 215;A01;1;33;3;0;7;2;1;
60348;202100038833;132 213;A01;1;7;0;2;7;15;1;
60349;202100038833;132 214;B01;2;33;0;2;1;1;1;
60350;202100038834;132 210;B01;2;7;0;2;2;5;1;
60351;202100038834;132 211;A01;1;33;0;2;1;21;1;
60352;202100038835;132 209;A01;1;33;11;0;1;6;1;
60353;202100038836;132 205;A01;0;7;8;2;1;17;1;
60354;202100038836;132 206;B01;0;7;0;2;3;15;1;
60355;202100038837;132 204;A01;3;34;0;0;8;1;1;
60356;202100038838;132 203;A01;1;7;3;0;1;14;1;
60357;202100038839;132 201;A01;2;33;12;2;3;6;1;
60358;202100038839;132 202;B01;1;7;0;2;1;1;1;
60359;202100038840;132 200;A01;3;31;8;0;1;13;1;
60360;202100038841;132 199;A01;2;7;0;0;1;0;1;
60361;202100038842;132 198;A01;2;10;8;0;1;14;1;
60362;202100038843;132 196;A01;2;7;0;2;3;1;1;
60363;202100038843;132 197;B01;1;32;0;2;1;1;1;
60364;202100038844;132 194;B01;1;7;0;2;1;1;1;
60365;202100038844;132 195;A01;2;7;0;2;1;15;1;
60366;202100038848;132 187;A01;0;7;0;0;1;9;1;
60367;202100038848;132 188;B01;3;30;0;0;8;9;1;
60368;202100038850;132 185;A01;2;7;0;0;0;1;1;
60369;202100038851;132 184;A01;1;1;0;0;0;19;5;
60370;202100038852;132 182;A01;1;2;0;2;1;1;1;
60371;202100038852;132 183;B01;2;7;0;2;6;11;1;
60372;202100038853;132 180;A01;2;7;0;2;1;13;1;
60373;202100038853;132 181;B01;1;33;0;2;1;1;1;
60374;202100038854;132 179;A01;1;7;13;0;3;15;1;
60375;202100038855;132 178;A01;1;33;2;0;0;0;1;
60376;202100038856;132 176;B01;2;1;0;2;1;1;5;
60377;202100038856;132 177;A01;2;7;0;9;2;15;1;
60378;202100038857;132 174;B01;2;2;0;2;1;1;1;
60379;202100038857;132 175;A01;1;7;0;2;3;15;1;
60380;202100038858;132 173;A01;1;7;0;1;1;1;1;
60381;202100038859;132 171;B01;2;7;0;2;1;2;1;
60382;202100038859;132 172;A01;2;33;0;2;4;1;2;
60383;202100038861;132 165;B01;2;7;0;2;2;1;1;
60384;202100038861;132 166;A01;2;7;0;2;6;1;1;
60385;202100038862;132 163;B01;2;7;0;2;4;1;1;
60386;202100038862;132 164;A01;2;31;0;2;1;1;1;
60387;202100038863;132 161;A01;1;33;0;2;8;1;1;
60388;202100038863;132 162;B01;1;7;0;2;6;1;1;
60389;202100038864;132 158;A01;2;7;0;2;1;1;1;
60390;202100038864;132 159;B01;2;7;0;2;4;2;1;
60391;202100038864;132 160;C01;2;7;0;2;4;2;1;
60392;202100038865;132 155;C01;2;7;0;2;4;1;1;
60393;202100038865;132 156;B01;2;7;0;2;4;0;1;
60394;202100038865;132 157;A01;2;7;0;2;1;1;1;
60395;202100038866;132 153;A01;1;7;0;2;1;1;1;
60396;202100038866;132 154;B01;1;7;0;2;4;1;1;
60397;202100038867;132 150;A01;2;7;0;2;1;1;1;
60398;202100038867;132 151;C01;2;7;0;2;4;1;1;
60399;202100038867;132 152;B01;2;7;0;2;4;1;1;
60400;202100038868;132 148;B01;2;7;0;2;1;1;1;
60401;202100038868;132 149;A01;2;7;0;2;4;1;1;
60402;202100038869;132 146;A01;1;7;0;1;1;1;1;
60403;202100038870;132 144;A01;0;7;2;2;3;7;6;
60404;202100038870;132 145;B01;0;7;0;2;2;1;0;
60405;202100038871;132 143;A01;2;33;0;1;2;17;1;
60406;202100038872;132 142;A01;1;7;1;0;3;1;1;
60407;202100038873;132 141;A01;3;7;0;1;4;20;1;
60408;202100038874;132 140;A01;2;10;0;1;2;1;1;
60409;202100038875;132 138;A01;3;33;1;0;1;14;0;
60410;202100038875;132 139;B01;3;7;0;2;3;14;1;
60411;202100038876;132 136;A01;3;10;0;2;3;9;1;
60412;202100038876;132 137;B01;3;1;0;2;7;1;5;
60413;202100038877;132 134;B01;2;2;0;2;1;17;1;
60414;202100038877;132 135;A01;2;7;0;2;6;15;1;
60415;202100038878;132 132;A01;3;7;0;2;8;15;1;
60416;202100038878;132 133;B01;1;7;0;2;6;1;1;
60417;202100038880;132 129;Y01;2;1;0;2;7;1;5;
60418;202100038880;132 130;A01;1;7;0;2;7;9;1;
60419;202100038881;132 128;A01;1;30;12;0;1;1;1;
60420;202100038882;132 127;A01;3;30;16;0;0;13;1;
60421;202100038883;132 126;A01;3;7;14;0;2;1;1;
60422;202100038884;132 125;A01;1;30;0;0;7;1;1;
60423;202100038885;132 124;A01;2;7;0;1;4;20;1;
60424;202100038886;132 122;A01;1;7;0;0;6;16;1;
60425;202100038886;132 123;B01;1;7;0;2;2;12;1;
60426;202100038887;132 121;A01;3;7;6;0;3;26;1;
60427;202100038888;132 119;B01;1;33;0;2;1;17;1;
60428;202100038888;132 120;A01;1;7;0;2;8;15;1;
60429;202100038889;132 117;B01;2;7;0;2;3;15;1;
60430;202100038889;132 118;A01;1;33;0;2;1;1;1;
60431;202100038890;132 116;A01;1;7;0;1;2;26;1;
60432;202100038891;132 114;B01;2;7;0;2;1;0;1;
60433;202100038891;132 115;A01;1;7;0;2;1;1;1;
60434;202100038892;132 112;A01;2;10;13;2;1;14;1;
60435;202100038892;132 113;B01;2;7;0;2;5;2;1;
60436;202100038893;132 109;B01;1;7;0;2;4;2;2;
60437;202100038893;132 110;C01;1;7;0;2;4;2;1;
60438;202100038893;132 111;A01;1;7;0;2;1;2;1;
60439;202100038894;132 108;A01;1;7;0;1;7;1;1;
60440;202100038895;132 107;A01;0;7;8;0;1;14;1;
60441;202100038896;132 105;A01;1;7;0;2;0;15;1;
60442;202100038896;132 106;B01;1;32;0;2;0;1;1;
60443;202100038897;132 102;A01;2;7;0;2;3;13;1;
60444;202100038897;132 103;B01;1;7;0;2;1;1;1;
60445;202100038897;132 104;C01;2;37;0;2;3;1;1;1.0
60446;202100038898;132 101;A01;0;7;0;0;2;1;1;
60447;202100038900;132 098;A01;3;31;0;0;1;2;1;
60448;202100038901;132 096;A01;1;7;0;2;7;1;1;
60449;202100038901;132 097;B01;2;1;0;2;1;1;5;
60450;202100038902;132 094;A01;3;33;0;2;8;9;1;
60451;202100038902;132 095;B01;3;7;0;2;7;9;1;
60452;202100038903;132 091;A01;2;7;0;1;1;16;1;
60453;202100038904;132 089;A01;1;1;0;2;1;1;5;
60454;202100038904;132 090;B01;2;7;0;2;5;16;1;
60455;202100038905;132 087;A01;1;7;0;2;1;1;1;
60456;202100038905;132 088;B01;1;7;0;2;4;23;1;
60457;202100038906;132 085;A01;2;7;8;2;1;13;1;
60458;202100038906;132 086;B01;1;7;0;2;2;1;1;
60459;202100038907;132 084;A01;1;30;12;0;8;13;1;
60460;202100038908;132 082;B01;2;33;0;2;1;26;1;
60461;202100038908;132 083;A01;1;7;0;2;7;15;1;
60462;202100038909;132 080;B01;2;1;0;2;1;1;1;
60463;202100038909;132 081;A01;1;7;0;2;7;15;1;
60464;202100038910;132 078;B01;1;7;9;2;1;1;1;
60465;202100038910;132 079;A01;1;7;9;2;3;19;1;
60466;202100038911;132 076;B01;0;3;0;0;0;0;1;
60467;202100038911;132 077;Z01;1;7;0;2;7;19;1;
60468;202100038912;132 075;A01;1;7;0;1;1;1;1;
60469;202100038913;132 074;A01;2;14;0;1;1;1;1;
60470;202100038914;132 072;B01;1;99;0;2;1;1;6;
60471;202100038914;132 073;A01;1;99;0;0;3;23;1;
60472;202100038915;132 070;A01;1;7;15;0;1;13;1;
60473;202100038917;132 068;A01;3;7;13;0;1;14;1;
60474;202100038918;132 066;A01;2;7;0;2;2;1;1;
60475;202100038918;132 067;Y01;2;1;0;2;1;1;5;
60476;202100038919;132 064;B01;1;30;0;2;1;21;1;
60477;202100038919;132 065;Z01;1;7;0;2;3;11;1;
60478;202100038920;132 062;B01;3;7;0;2;8;15;1;
60479;202100038920;132 063;A01;1;32;0;2;1;1;1;
60480;202100038921;132 061;A01;2;33;1;0;4;14;1;
60481;202100038922;132 060;B01;2;1;0;1;1;1;5;
60482;202100038923;132 058;B01;2;7;0;2;1;2;1;
60483;202100038923;132 059;A01;2;7;0;2;4;1;1;
60484;202100038924;132 056;A01;1;7;0;2;3;9;1;
60485;202100038924;132 057;B01;1;32;0;2;2;1;1;
60486;202100038925;132 054;A01;2;7;0;2;7;15;1;
60487;202100038925;132 055;B01;1;7;0;2;1;1;1;
60488;202100038926;132 052;B01;1;7;0;2;7;15;1;
60489;202100038926;132 053;A01;1;32;0;2;1;0;1;
60490;202100038927;132 050;B01;2;7;0;2;1;0;1;
60491;202100038927;132 051;A01;1;7;0;2;1;11;1;
60492;202100038928;132 048;B01;3;10;0;2;6;16;1;
60493;202100038928;132 049;A01;2;2;0;2;1;19;1;
60494;202100038929;132 044;B01;0;37;0;2;1;1;1;1.0
60495;202100038929;132 045;A01;3;7;0;2;2;16;1;
60496;202100038930;132 042;B01;1;7;0;2;6;2;1;
60497;202100038930;132 043;A01;1;33;14;0;1;2;1;
60498;202100038931;132 040;A01;1;7;0;2;1;9;1;
60499;202100038931;132 041;B01;1;30;0;2;4;0;1;
60500;202100038932;132 038;B01;3;2;1;2;4;24;1;
60501;202100038932;132 039;A01;3;7;1;0;1;24;1;
60502;202100038933;132 036;B01;1;7;0;2;3;9;1;
60503;202100038933;132 037;A01;1;7;0;2;1;1;1;
60504;202100038934;132 034;B01;1;7;0;2;7;1;1;
60505;202100038934;132 035;A01;1;7;0;2;8;10;1;
60506;202100038935;132 033;A01;1;7;1;0;1;1;1;
60507;202100038936;132 032;A01;0;7;0;1;1;1;1;
60508;202100038937;132 030;B01;2;1;0;0;0;0;0;
60509;202100038937;132 031;A01;1;33;12;2;2;14;1;
60510;202100038938;132 028;A01;1;30;0;2;8;19;1;
60511;202100038938;132 029;B01;2;32;0;2;1;3;1;
60512;202100038939;132 027;A01;2;32;11;0;1;2;1;
60513;202100038940;132 024;A01;1;31;0;2;1;5;1;
60514;202100038940;132 025;C01;1;7;0;2;3;13;1;
60515;202100038940;132 026;B01;1;7;0;0;3;16;1;
60516;202100038941;132 023;A01;3;7;0;1;1;9;1;
60517;202100038942;132 022;A01;1;7;0;1;1;1;1;
60518;202100038943;132 020;A01;1;7;0;2;1;1;1;
60519;202100038943;132 021;B01;1;7;0;2;4;1;1;
60520;202100038944;132 019;A01;0;7;2;0;1;1;1;
60521;202100038945;132 018;A01;0;7;6;0;1;9;1;
60522;202100038946;132 017;A01;1;31;1;0;7;21;1;
60523;202100038947;132 016;A01;1;30;0;0;3;1;1;
60524;202100038948;132 015;A01;1;10;0;1;2;1;1;
60525;202100038949;132 014;A01;1;34;0;0;8;26;1;
60526;202100038950;132 013;A01;1;7;0;1;2;16;1;
60527;202100038951;132 011;B01;2;7;0;2;4;23;1;
60528;202100038951;132 012;A01;2;30;0;2;1;1;0;
60529;202100038952;132 010;A01;1;7;0;1;1;0;1;
60530;202100038953;132 008;B01;1;15;0;2;6;1;1;
60531;202100038953;132 009;A01;1;7;0;2;2;11;1;
60532;202100038954;132 007;A01;2;33;0;0;7;3;1;
60533;202100038955;132 005;A01;2;50;0;2;7;25;3;
60534;202100038955;132 006;B01;1;60;0;2;1;25;5;
60535;202100038957;132 003;A01;1;34;0;1;0;1;1;
60536;202100038959;131 999;A01;1;32;0;2;7;17;1;
60537;202100038959;132 000;B01;1;10;0;2;3;15;1;
60538;202100038960;131 998;A01;1;32;0;1;8;15;1;
60539;202100038961;131 996;A01;3;32;0;2;4;1;1;
60540;202100038961;131 997;Z01;3;7;0;2;3;13;0;
60541;202100038962;131 993;A01;2;32;0;2;9;3;1;
60542;202100038962;131 994;B01;2;13;0;2;5;23;1;
60543;202100038962;131 995;C01;2;37;0;2;6;23;3;1.0
60544;202100038963;131 992;A01;1;7;0;1;1;1;2;
60545;202100038965;131 988;A01;1;14;0;2;1;2;6;
60546;202100038965;131 989;B01;1;7;0;2;4;2;1;
60547;202100038966;131 987;A01;3;1;0;0;0;1;5;
60548;202100038968;131 984;A01;2;30;0;1;1;1;1;
60549;202100038969;131 983;A01;1;43;0;1;1;1;1;
60550;202100038970;131 981;A01;1;1;0;2;7;5;5;
60551;202100038970;131 982;Z01;1;1;0;2;1;1;5;
60552;202100038971;131 979;B01;2;50;0;2;1;1;3;
60553;202100038971;131 980;A01;2;10;0;2;8;22;1;
60554;202100038972;131 977;A01;2;7;0;2;2;1;1;
60555;202100038972;131 978;B01;2;32;0;2;1;1;1;
60556;202100038973;131 976;A01;3;1;0;0;1;26;5;
60557;202100038974;131 975;A01;2;32;0;1;1;1;1;
60558;202100038975;131 973;A01;1;10;0;9;2;12;1;
60559;202100038975;131 974;B01;1;1;0;2;0;1;5;
60560;202100038976;131 972;A01;3;7;0;1;7;1;1;
60561;202100038977;131 970;B01;1;7;0;2;5;1;1;
60562;202100038977;131 971;A01;1;2;0;2;3;11;1;
60563;202100038978;131 968;A01;1;33;0;2;1;2;1;
60564;202100038978;131 969;B01;1;7;0;9;7;20;1;
60565;202100038980;131 966;A01;1;7;0;1;1;1;1;
60566;202100038981;131 964;B01;2;7;0;2;4;0;1;
60567;202100038981;131 965;A01;2;7;0;2;1;2;1;
60568;202100038982;131 962;A01;3;7;0;2;1;16;1;
60569;202100038982;131 963;B01;0;7;0;2;7;1;1;
60570;202100038983;131 960;B01;1;7;0;2;3;15;1;
60571;202100038983;131 961;A01;1;7;0;2;2;5;1;
60572;202100038984;131 958;A01;2;34;0;2;1;1;1;
60573;202100038984;131 959;B01;1;7;0;2;3;15;0;
60574;202100038985;131 956;B01;3;80;0;2;7;0;3;
60575;202100038985;131 957;A01;3;7;0;2;3;26;1;
60576;202100038986;131 954;B01;1;7;0;2;8;13;1;
60577;202100038986;131 955;A01;1;33;0;2;7;17;1;
60578;202100038987;131 952;B01;1;7;0;2;6;2;1;
60579;202100038987;131 953;A01;1;7;0;2;2;2;1;
60580;202100038988;131 949;A01;2;7;0;1;2;1;1;
60581;202100038989;131 946;C01;3;10;1;2;2;0;0;
60582;202100038989;131 947;B01;1;7;0;2;0;0;1;
60583;202100038989;131 948;A01;1;33;0;2;2;13;1;
60584;202100038990;131 943;A01;0;7;1;0;1;2;1;
60585;202100038991;131 942;A01;1;7;0;1;1;19;1;
60586;202100038992;131 940;A01;1;7;0;2;8;1;1;
60587;202100038992;131 941;B01;2;7;0;2;8;1;2;
60588;202100038993;131 939;A01;2;7;0;1;1;9;1;
60589;202100038994;131 937;B01;3;1;0;0;0;0;0;
60590;202100038994;131 938;A01;3;30;0;0;0;0;0;
60591;202100038995;131 935;B01;1;1;0;2;1;17;0;
60592;202100038995;131 936;A01;3;7;0;2;3;9;1;
60593;202100038996;131 934;A01;2;7;0;1;4;26;1;
60594;202100038997;131 933;A01;1;32;0;2;1;1;1;
60595;202100038998;131 931;A01;1;43;0;2;2;17;1;
60596;202100038998;131 932;B01;1;1;0;2;6;13;5;
60597;202100038999;131 930;C01;1;1;0;0;8;1;5;
60598;202100039000;131 928;B01;2;33;0;2;1;1;1;
60599;202100039000;131 929;A01;1;7;0;2;5;1;1;
60600;202100039001;131 926;A01;1;7;0;2;8;23;1;
60601;202100039001;131 927;B01;1;50;0;2;3;17;3;
60602;202100039002;131 924;A01;1;1;0;2;3;19;5;
60603;202100039002;131 925;Z01;2;7;0;2;2;1;1;
60604;202100039003;131 921;C01;1;7;0;2;0;0;1;
60605;202100039003;131 922;B01;1;7;0;2;1;1;1;
60606;202100039003;131 923;A01;1;7;0;2;1;2;1;
60607;202100039004;131 919;A01;2;33;0;2;1;1;1;
60608;202100039004;131 920;B01;2;33;0;2;4;1;1;
60609;202100039006;131 916;A01;3;7;0;2;8;15;1;
60610;202100039006;131 917;B01;1;31;0;2;1;17;1;
60611;202100039007;131 915;A01;2;7;8;0;3;0;1;
60612;202100039008;131 914;A01;2;7;15;0;1;20;1;
60613;202100039009;131 912;B01;2;10;0;2;8;17;0;
60614;202100039009;131 913;A01;2;33;0;2;7;17;1;
60615;202100039010;131 910;A01;2;7;0;2;1;17;1;
60616;202100039010;131 911;B01;2;7;0;0;4;15;1;
60617;202100039011;131 908;A01;2;10;0;2;3;15;1;
60618;202100039011;131 909;B01;1;33;0;2;1;1;1;
60619;202100039012;131 907;A01;3;7;2;0;3;0;1;
60620;202100039013;131 905;A01;2;7;0;2;1;17;1;
60621;202100039013;131 906;B01;1;7;0;2;1;1;1;
60622;202100039014;131 904;A01;0;34;0;0;1;1;0;
60623;202100039015;131 902;A01;2;7;0;2;3;13;1;
60624;202100039015;131 903;B01;1;37;0;2;3;1;1;16.0
60625;202100039017;131 899;A01;1;7;2;0;4;1;1;
60626;202100039018;131 898;A01;3;7;15;0;2;1;1;
60627;202100039019;131 897;A01;2;7;2;0;1;0;1;
60628;202100039020;131 896;A01;2;36;2;0;1;1;1;
60629;202100039021;131 894;A01;1;7;9;2;7;1;1;
60630;202100039021;131 895;B01;1;7;0;2;1;1;1;
60631;202100039022;131 892;B01;3;7;0;9;6;15;0;
60632;202100039022;131 893;A01;3;1;0;2;4;16;6;
60633;202100039023;131 891;A01;1;7;2;0;1;14;6;
60634;202100039024;131 890;A01;2;7;6;0;1;1;1;
60635;202100039025;131 888;A01;2;7;0;2;3;17;1;
60636;202100039025;131 889;B01;1;7;0;2;3;21;1;
60637;202100039026;131 886;B01;1;33;0;2;1;1;1;
60638;202100039026;131 887;A01;2;7;0;2;8;15;1;
60639;202100039027;131 885;A01;2;7;13;0;1;1;1;
60640;202100039028;131 883;B01;2;7;0;9;3;1;1;
60641;202100039028;131 884;A01;2;1;0;2;7;12;0;
60642;202100039029;131 882;A01;2;33;0;0;0;1;1;
60643;202100039030;131 881;A01;1;7;7;0;1;1;1;
60644;202100039031;131 879;A01;1;7;0;0;2;0;1;
60645;202100039031;131 880;B01;2;1;0;2;1;0;5;
60646;202100039032;131 877;A01;1;7;6;2;3;13;1;
60647;202100039032;131 878;B01;2;33;0;2;1;13;1;
60648;202100039033;131 876;A01;0;7;1;0;3;1;1;
60649;202100039034;131 874;A01;1;7;0;2;7;16;1;
60650;202100039034;131 875;B01;1;33;0;2;1;18;1;
60651;202100039035;131 873;A01;3;33;13;0;0;21;1;
60652;202100039038;131 865;A01;3;7;0;0;0;1;1;
60653;202100039040;131 859;B01;1;7;0;2;4;1;1;
60654;202100039040;131 860;C01;1;7;0;2;4;1;1;
60655;202100039040;131 861;D01;1;7;0;2;1;1;1;
60656;202100039040;131 862;A01;1;7;0;2;4;1;1;
60657;202100039041;131 857;B01;1;10;0;2;1;2;1;
60658;202100039041;131 858;A01;1;7;0;2;4;2;1;
60659;202100039042;131 850;A01;1;7;0;2;2;0;1;
60660;202100039042;131 851;B01;1;7;0;2;6;0;1;
60661;202100039042;131 852;C01;1;7;0;2;4;1;1;
60662;202100039042;131 853;D01;1;15;0;2;8;1;1;
60663;202100039043;131 848;A01;2;7;0;2;8;11;1;
60664;202100039043;131 849;B01;2;33;0;2;1;3;1;
60665;202100039044;131 845;A01;2;7;0;2;0;12;1;
60666;202100039044;131 846;B01;2;33;0;2;1;21;1;
60667;202100039044;131 847;C01;2;15;0;2;4;1;1;
60668;202100039045;131 842;B01;1;33;0;2;3;3;1;
60669;202100039045;131 843;A01;1;7;0;2;2;12;1;
60670;202100039045;131 844;C01;1;7;0;2;6;1;2;
60671;202100039046;131 840;B01;1;7;0;2;1;1;1;
60672;202100039046;131 841;A01;1;7;4;2;8;12;1;
60673;202100039047;131 838;A01;1;7;0;2;5;12;1;
60674;202100039047;131 839;B01;1;33;0;2;8;3;1;
60675;202100039048;131 836;B01;2;10;0;2;4;1;1;
60676;202100039048;131 837;A01;2;33;0;2;1;1;1;
60677;202100039049;131 834;A01;1;7;0;2;1;26;1;
60678;202100039049;131 835;B01;1;7;0;2;4;0;1;
60679;202100039050;131 832;A01;1;33;4;2;1;3;1;
60680;202100039050;131 833;B01;1;7;4;2;6;11;1;
60681;202100039051;131 830;B01;2;14;0;2;1;2;1;
60682;202100039051;131 831;A01;2;17;0;2;4;2;1;
60683;202100039054;131 824;A01;0;7;0;1;2;1;1;
60684;202100039055;131 822;B01;2;7;0;2;2;16;1;
60685;202100039055;131 823;A01;0;1;12;2;8;1;5;
60686;202100039056;131 821;A01;1;7;0;1;2;9;1;
60687;202100039057;131 820;A01;2;7;0;1;1;1;1;
60688;202100039058;131 819;A01;3;37;0;0;0;26;1;3.0
60689;202100039059;131 817;B01;2;7;0;2;3;15;1;
60690;202100039059;131 818;A01;2;7;8;2;2;17;1;
60691;202100039061;131 813;B01;1;1;0;2;8;15;5;
60692;202100039061;131 814;A01;2;7;0;9;4;4;3;
60693;202100039062;131 811;B01;2;1;0;4;1;19;5;
60694;202100039062;131 812;A01;0;40;0;2;2;1;0;
60695;202100039063;131 810;A01;1;7;0;1;2;2;1;
60696;202100039064;131 808;A01;1;7;1;0;1;2;1;
60697;202100039064;131 809;B01;1;7;1;0;4;2;1;
60698;202100039065;131 807;A01;2;7;1;0;2;1;1;
60699;202100039066;131 805;Z01;2;10;0;2;1;16;0;
60700;202100039066;131 806;B01;1;1;0;2;8;19;5;
60701;202100039067;131 804;A01;3;10;0;1;3;26;1;
60702;202100039068;131 803;A01;1;7;8;0;1;14;1;
60703;202100039071;131 798;B01;3;1;0;2;1;1;5;
60704;202100039071;131 799;A01;3;7;0;9;7;1;1;
60705;202100039072;131 796;A01;1;10;0;2;5;1;1;
60706;202100039072;131 797;B01;2;80;0;2;1;1;3;
60707;202100039073;131 794;B01;2;10;0;2;2;12;1;
60708;202100039073;131 795;A01;2;33;0;2;1;3;1;
60709;202100039074;131 792;B01;2;7;0;2;3;1;1;
60710;202100039074;131 793;A01;0;50;0;2;1;19;3;
60711;202100039075;131 791;A01;1;32;12;0;1;14;1;
60712;202100039076;131 789;A01;1;7;0;2;2;15;1;
60713;202100039076;131 790;B01;2;7;0;2;2;1;1;
60714;202100039078;131 785;B01;0;7;0;2;4;2;1;
60715;202100039078;131 786;A01;0;7;0;2;1;2;1;
60716;202100039078;131 787;C01;0;10;0;2;4;2;1;
60717;202100039079;131 782;C01;0;7;0;2;4;2;1;
60718;202100039079;131 783;B01;0;7;0;2;4;1;1;
60719;202100039079;131 784;A01;0;7;0;2;1;2;1;
60720;202100039080;131 779;A01;3;7;0;1;0;1;1;
60721;202100039081;131 778;A01;2;7;2;0;3;13;1;
60722;202100039082;131 776;A01;3;30;0;2;1;5;1;
60723;202100039082;131 777;B01;3;7;0;2;3;1;1;
60724;202100039083;131 774;A01;3;30;0;2;2;1;1;
60725;202100039083;131 775;B01;3;7;0;2;8;9;1;
60726;202100039084;131 773;A01;1;7;0;1;1;1;1;
60727;202100039085;131 769;B01;2;7;0;2;5;23;1;
60728;202100039085;131 770;A01;2;30;0;2;1;1;0;
60729;202100039086;131 767;Z01;2;7;0;2;1;15;1;
60730;202100039086;131 768;A01;1;1;0;2;7;19;5;
60731;202100039087;131 765;A01;1;7;0;2;1;1;1;
60732;202100039087;131 766;B01;1;7;0;2;4;1;1;
60733;202100039088;131 763;B01;1;7;0;2;1;1;1;
60734;202100039088;131 764;A01;2;7;0;2;1;13;1;
60735;202100039089;131 761;B01;1;7;0;2;4;1;1;
60736;202100039089;131 762;A01;1;32;0;2;1;1;1;
60737;202100039090;131 759;B01;2;7;0;2;1;1;1;
60738;202100039090;131 760;A01;2;1;0;2;6;19;5;
60739;202100039091;131 757;B01;2;7;0;2;6;1;1;
60740;202100039091;131 758;A01;1;7;0;2;1;10;1;
60741;202100039092;131 755;B01;2;31;0;2;1;17;1;
60742;202100039092;131 756;A01;2;7;0;2;3;15;1;
60743;202100039093;131 753;A01;1;7;0;2;3;19;1;
60744;202100039093;131 754;B01;2;31;0;2;1;17;1;
60745;202100039094;131 752;A01;3;30;14;0;8;11;1;
60746;202100039095;131 750;B01;3;7;0;2;3;1;1;
60747;202100039095;131 751;A01;3;30;0;2;1;15;1;
60748;202100039096;131 748;A01;2;7;0;2;2;15;1;
60749;202100039096;131 749;B01;1;31;0;2;1;1;1;
60750;202100039097;131 746;B01;2;7;0;2;4;23;1;
60751;202100039097;131 747;A01;2;10;0;2;1;2;1;
60752;202100039098;131 745;A01;1;7;0;1;1;1;1;
60753;202100039099;131 743;B01;2;7;0;2;2;1;1;
60754;202100039099;131 744;A01;2;50;0;2;1;16;3;
60755;202100039101;131 740;A01;3;7;1;0;1;1;1;
60756;202100039102;131 739;A01;1;7;0;1;3;0;1;
60757;202100039103;131 737;B01;1;34;0;2;2;1;1;