;Num_Acc;id_vehicule;num_veh;senc;catv;obs;obsm;choc;manv;motor;occutc
60758;202100039103;131 738;A01;0;7;0;2;3;15;1;
60759;202100039104;131 736;A01;1;7;0;1;1;1;1;
60760;202100039106;131 731;Z01;1;7;0;2;3;5;1;
60761;202100039106;131 732;B01;3;7;0;2;3;1;1;
60762;202100039106;131 733;A01;1;7;0;2;3;1;1;
60763;202100039107;131 729;A01;3;7;0;2;2;12;1;
60764;202100039107;131 730;B01;3;7;0;2;3;16;1;
60765;202100039108;131 726;C01;1;7;0;2;8;1;1;
60766;202100039108;131 727;B01;2;7;0;2;8;1;1;
60767;202100039108;131 728;A01;1;7;0;2;3;21;1;
60768;202100039109;131 723;A01;2;7;0;1;1;1;1;
60769;202100039110;131 721;B01;3;1;0;2;3;1;5;
60770;202100039110;131 722;A01;3;7;0;2;3;23;1;
60771;202100039111;131 720;A01;1;13;0;1;2;15;1;
60772;202100039112;131 718;A01;2;30;0;4;7;19;1;
60773;202100039112;131 719;B01;0;40;0;2;3;1;3;
60774;202100039113;131 716;A01;3;0;0;1;0;2;0;
60775;202100039114;131 714;B01;2;33;0;2;1;1;1;
60776;202100039114;131 715;A01;1;7;0;2;2;15;1;
60777;202100039116;131 712;A01;3;7;8;0;3;13;1;
60778;202100039117;131 708;A01;1;10;0;1;3;15;1;
60779;202100039119;131 702;B01;3;7;0;2;3;1;1;
60780;202100039119;131 703;A01;3;1;0;2;1;15;5;
60781;202100039120;131 701;A01;3;33;0;0;2;26;1;
60782;202100039121;131 699;B01;2;7;0;2;7;1;1;
60783;202100039121;131 700;A01;1;7;0;2;1;9;1;
60784;202100039122;131 697;B01;0;7;0;2;1;1;1;
60785;202100039122;131 698;A01;0;2;0;2;1;13;1;
60786;202100039123;131 696;A01;1;30;0;0;3;1;1;
60787;202100039124;131 694;A01;0;7;0;0;0;0;0;
60788;202100039124;131 695;B01;0;60;0;0;0;0;5;
60789;202100039125;131 692;A01;3;7;0;9;3;15;1;
60790;202100039125;131 693;B01;3;1;0;2;3;1;6;
60791;202100039126;131 690;A01;1;7;0;2;1;2;1;
60792;202100039126;131 691;B01;1;50;0;2;8;16;3;
60793;202100039127;131 688;B01;2;7;0;2;0;0;1;
60794;202100039127;131 689;A01;1;1;0;2;0;1;5;
60795;202100039128;131 687;A01;1;7;0;1;2;2;1;
60796;202100039129;131 685;B01;1;99;0;2;6;1;1;
60797;202100039129;131 686;A01;2;7;0;2;1;19;1;
60798;202100039130;131 683;A01;3;7;1;9;1;13;1;
60799;202100039130;131 684;B01;3;7;0;9;0;26;1;
60800;202100039131;131 681;A01;1;7;0;2;1;1;3;
60801;202100039131;131 682;B01;1;43;0;2;7;1;1;
60802;202100039132;131 680;Z01;2;7;0;1;0;26;0;
60803;202100039133;131 677;A01;1;33;0;2;3;3;1;
60804;202100039133;131 678;C01;1;7;0;2;3;1;2;
60805;202100039133;131 679;B01;1;10;0;2;5;1;1;
60806;202100039135;131 673;A01;1;32;0;2;1;2;1;
60807;202100039135;131 674;B01;1;7;0;2;4;2;1;
60808;202100039136;131 671;B01;2;34;0;2;3;3;1;
60809;202100039136;131 672;A01;2;7;0;2;5;14;1;
60810;202100039137;131 669;A01;3;33;0;2;1;5;1;
60811;202100039137;131 670;B01;3;32;0;2;8;15;1;
60812;202100039138;131 666;A01;1;7;0;2;5;15;1;
60813;202100039138;131 667;B01;1;7;0;2;1;21;1;
60814;202100039138;131 668;C01;2;2;0;2;1;1;1;
60815;202100039139;131 664;A01;1;30;0;2;1;2;1;
60816;202100039139;131 665;B01;1;7;0;2;5;23;1;
60817;202100039140;131 662;Z01;1;2;0;2;2;17;1;
60818;202100039140;131 663;A01;1;1;0;2;6;15;5;
60819;202100039141;131 660;A01;1;1;0;2;5;15;5;
60820;202100039141;131 661;B01;2;2;0;2;1;1;1;
60821;202100039143;131 657;A01;2;34;0;2;1;17;1;
60822;202100039143;131 658;B01;2;32;0;2;3;15;1;
60823;202100039144;131 655;A01;1;60;0;2;8;19;5;
60824;202100039144;131 656;Z01;1;7;0;2;1;16;1;
60825;202100039145;131 653;B01;1;10;0;2;4;2;1;
60826;202100039145;131 654;A01;1;1;0;2;1;2;5;
60827;202100039146;131 651;B01;2;32;0;2;7;1;1;
60828;202100039146;131 652;A01;2;10;0;2;3;22;1;
60829;202100039147;131 649;B01;2;10;0;2;2;1;3;
60830;202100039147;131 650;A01;1;1;0;2;0;13;5;
60831;202100039148;131 648;A01;2;1;0;1;8;1;5;
60832;202100039149;131 646;B01;1;7;0;2;1;1;1;
60833;202100039149;131 647;A01;3;10;0;2;4;20;1;
60834;202100039150;131 644;A01;3;33;0;2;1;17;1;
60835;202100039150;131 645;B01;3;10;0;2;6;15;1;
60836;202100039151;131 642;B01;2;7;0;2;0;0;1;
60837;202100039151;131 643;A01;2;2;0;2;1;11;1;
60838;202100039152;131 641;A01;2;7;0;2;4;16;1;
60839;202100039153;131 638;C01;2;7;0;2;4;1;1;
60840;202100039153;131 639;B01;2;7;0;2;4;1;1;
60841;202100039153;131 640;A01;2;7;0;2;1;1;1;
60842;202100039154;131 636;B01;3;7;0;2;3;0;1;
60843;202100039154;131 637;A01;3;7;0;2;3;13;1;
60844;202100039155;131 634;B01;1;32;0;2;1;2;1;
60845;202100039155;131 635;A01;1;7;0;2;6;10;1;
60846;202100039156;131 633;A01;0;7;0;1;1;1;0;
60847;202100039157;131 632;A01;3;7;1;1;3;26;1;
60848;202100039158;131 631;A01;1;10;0;1;2;26;1;
60849;202100039159;131 629;B01;1;7;0;2;3;15;0;
60850;202100039159;131 630;A01;2;30;0;2;7;17;1;
60851;202100039160;131 628;A01;2;7;0;1;0;1;1;
60852;202100039161;131 625;C01;0;7;0;2;1;1;1;
60853;202100039161;131 626;A01;0;7;0;2;0;1;1;
60854;202100039161;131 627;B01;0;37;0;2;1;1;1;2.0
60855;202100039162;131 623;A01;2;30;0;2;1;2;1;
60856;202100039162;131 624;B01;2;10;0;2;6;23;1;
60857;202100039163;131 621;B01;1;2;0;2;7;16;1;
60858;202100039163;131 622;A01;2;10;0;2;1;16;1;
60859;202100039164;131 619;B01;2;7;0;2;6;23;1;
60860;202100039164;131 620;A01;2;2;0;2;1;1;1;
60861;202100039166;131 616;A01;2;7;0;1;4;4;1;
60862;202100039167;131 613;C01;2;7;0;2;4;1;2;
60863;202100039167;131 614;B01;2;43;0;2;4;2;1;
60864;202100039167;131 615;A01;2;7;0;2;1;2;1;
60865;202100039169;131 610;A01;1;10;2;0;3;13;1;
60866;202100039170;131 609;A01;1;7;7;0;3;0;1;
60867;202100039172;131 601;A01;1;7;0;2;4;11;1;
60868;202100039172;131 602;B01;2;7;0;2;1;1;1;
60869;202100039173;131 600;A01;0;1;0;0;8;2;5;
60870;202100039174;131 599;A01;2;33;13;0;8;1;1;
60871;202100039175;131 597;B01;2;10;0;9;3;1;1;
60872;202100039175;131 598;A01;1;1;0;2;8;19;5;
60873;202100039176;131 594;C01;1;10;0;2;4;2;1;
60874;202100039176;131 595;B01;1;10;0;2;4;2;1;
60875;202100039176;131 596;A01;1;10;0;2;1;2;1;
60876;202100039177;131 593;A01;1;10;0;1;2;1;1;
60877;202100039178;131 592;A01;2;33;0;6;3;14;1;
60878;202100039179;131 591;A01;2;7;13;0;9;1;1;
60879;202100039180;131 590;A01;3;60;0;0;0;0;5;
60880;202100039181;131 589;A01;2;7;2;0;1;1;1;
60881;202100039182;131 587;A01;2;3;0;2;3;13;1;
60882;202100039182;131 588;B01;1;17;0;2;3;1;1;
60883;202100039184;131 585;A01;2;7;6;0;3;2;1;
60884;202100039185;131 583;B01;1;10;0;2;1;1;1;
60885;202100039185;131 584;A01;2;7;0;2;3;19;1;
60886;202100039186;131 582;A01;2;15;0;1;1;9;1;
60887;202100039187;131 581;A01;3;7;13;0;3;2;1;
60888;202100039188;131 579;A01;1;33;0;2;1;1;1;
60889;202100039188;131 580;B01;2;7;0;2;3;1;1;
60890;202100039189;131 577;B01;1;1;0;2;1;1;5;
60891;202100039189;131 578;A01;2;7;0;2;2;15;1;
60892;202100039190;131 575;A01;3;7;0;2;3;1;1;
60893;202100039190;131 576;B01;3;7;0;2;3;13;1;
60894;202100039191;131 574;A01;2;7;5;0;1;1;1;
60895;202100039193;131 567;B01;1;14;15;2;1;13;1;
60896;202100039193;131 568;A01;2;7;0;2;1;17;1;
60897;202100039193;131 569;D01;2;10;0;0;8;1;6;
60898;202100039193;131 570;C01;2;15;0;0;6;0;1;
60899;202100039194;131 565;A01;1;7;0;2;1;1;1;
60900;202100039194;131 566;B01;3;7;7;2;6;19;1;
60901;202100039195;131 563;A01;2;7;0;2;1;15;1;
60902;202100039195;131 564;B01;2;7;0;2;4;15;1;
60903;202100039196;131 562;A01;1;7;0;1;7;1;1;
60904;202100039197;131 560;A01;2;10;0;0;9;0;1;
60905;202100039197;131 561;B01;1;7;4;0;9;0;1;
60906;202100039198;131 559;A01;1;7;13;0;3;1;1;
60907;202100039199;131 557;B01;2;7;0;2;1;1;1;
60908;202100039199;131 558;A01;1;7;0;2;7;5;1;
60909;202100039200;131 555;B01;2;7;0;2;2;1;1;
60910;202100039200;131 556;A01;2;7;0;2;6;11;1;
60911;202100039201;131 552;B01;1;7;0;2;3;1;1;
60912;202100039201;131 553;A01;1;33;0;2;6;11;1;
60913;202100039201;131 554;C01;1;7;3;0;2;1;1;
60914;202100039203;131 548;B01;2;17;0;2;3;1;1;
60915;202100039203;131 549;A01;1;33;0;2;3;13;1;
60916;202100039204;131 546;B01;2;34;0;2;1;21;1;
60917;202100039204;131 547;A01;1;7;0;2;1;15;1;
60918;202100039205;131 544;B01;1;7;0;0;4;1;1;
60919;202100039205;131 545;A01;1;33;0;0;1;1;1;
60920;202100039206;131 542;B01;1;7;0;2;1;1;1;
60921;202100039206;131 543;A01;2;7;0;2;5;19;1;
60922;202100039207;131 540;B01;2;33;0;2;7;17;1;
60923;202100039207;131 541;A01;2;20;0;0;8;15;1;
60924;202100039208;131 539;A01;1;2;0;0;2;1;1;
60925;202100039209;131 537;B01;1;7;0;2;8;13;1;
60926;202100039209;131 538;A01;1;33;2;2;2;17;1;
60927;202100039210;131 535;A01;1;7;0;2;1;13;1;
60928;202100039210;131 536;B01;2;15;0;2;1;1;1;
60929;202100039211;131 533;B01;2;7;0;2;1;1;1;
60930;202100039211;131 534;A01;1;7;0;2;1;13;1;
60931;202100039212;131 531;B01;2;7;0;2;1;1;1;
60932;202100039212;131 532;A01;1;7;0;2;1;13;1;
60933;202100039213;131 529;A01;1;17;0;2;3;1;1;
60934;202100039213;131 530;B01;2;3;0;2;3;1;1;
60935;202100039215;131 527;A01;2;2;0;0;1;13;1;
60936;202100039217;131 523;A01;2;7;0;2;3;13;1;
60937;202100039217;131 524;B01;1;17;0;2;3;1;0;
60938;202100039218;131 520;A01;1;33;0;5;1;1;1;
60939;202100039219;131 519;A01;3;7;0;1;3;15;1;
60940;202100039220;131 518;A01;3;2;8;0;1;14;1;
60941;202100039221;131 516;B01;2;7;0;2;1;1;1;
60942;202100039221;131 517;A01;1;7;0;2;1;21;1;
60943;202100039222;131 512;A01;1;33;0;2;1;13;1;
60944;202100039222;131 513;B01;2;7;0;2;2;1;1;
60945;202100039223;131 510;A01;1;7;0;2;4;2;1;
60946;202100039223;131 511;B01;1;7;0;2;1;2;1;
60947;202100039224;131 508;B01;2;7;0;2;5;12;1;
60948;202100039224;131 509;A01;2;33;0;2;1;1;1;
60949;202100039225;131 507;A01;2;7;0;2;1;14;1;
60950;202100039226;131 505;A01;1;10;0;2;4;1;1;
60951;202100039226;131 506;B01;1;32;0;2;1;3;1;
60952;202100039227;131 503;A01;1;7;0;2;3;9;1;
60953;202100039227;131 504;B01;1;33;0;2;7;1;1;
60954;202100039228;131 500;A01;2;7;0;2;5;2;1;
60955;202100039228;131 501;B01;2;7;0;2;4;2;1;
60956;202100039228;131 502;C01;2;7;0;2;1;2;1;
60957;202100039229;131 496;D01;2;7;0;2;1;1;1;
60958;202100039229;131 497;C01;2;10;0;2;1;1;1;
60959;202100039229;131 498;B01;2;7;0;2;4;23;1;
60960;202100039229;131 499;A01;2;7;0;2;4;23;1;
60961;202100039230;131 495;A01;2;33;14;0;0;26;1;
60962;202100039231;131 493;A01;2;10;0;2;0;0;1;
60963;202100039231;131 494;B01;2;7;0;2;0;0;1;
60964;202100039232;131 489;D01;1;7;0;2;0;26;1;
60965;202100039232;131 490;C01;1;7;0;0;4;0;1;
60966;202100039232;131 491;B01;1;7;0;2;9;0;1;
60967;202100039232;131 492;A01;1;7;0;2;1;26;1;
60968;202100039233;131 486;C01;1;7;0;2;4;26;1;
60969;202100039233;131 487;B01;1;7;0;2;1;0;1;
60970;202100039233;131 488;A01;1;13;0;2;1;26;1;
60971;202100039234;131 484;A01;1;10;0;2;1;2;1;
60972;202100039234;131 485;B01;1;7;0;2;4;2;1;
60973;202100039235;131 481;A01;1;7;0;2;2;14;1;
60974;202100039235;131 482;C01;1;17;0;2;2;0;1;
60975;202100039235;131 483;B01;1;7;4;2;3;1;1;
60976;202100039236;131 479;A01;1;7;0;2;5;26;2;
60977;202100039236;131 480;B01;1;15;0;2;1;1;1;
60978;202100039237;131 478;A01;2;7;3;0;3;13;1;
60979;202100039238;131 474;A01;1;7;0;2;1;2;1;
60980;202100039238;131 475;B01;1;7;0;2;4;2;1;
60981;202100039238;131 476;C01;1;7;0;2;4;2;1;
60982;202100039238;131 477;D01;1;7;0;2;4;2;1;
60983;202100039240;131 471;A01;2;7;4;0;1;14;1;
60984;202100039241;131 469;B01;2;7;0;2;4;2;1;
60985;202100039241;131 470;A01;2;7;0;2;1;2;1;
60986;202100039242;131 466;C01;1;7;0;2;7;1;1;
60987;202100039242;131 467;B01;2;7;0;2;8;2;1;
60988;202100039242;131 468;A01;1;17;0;2;2;12;1;
60989;202100039243;131 464;B01;2;7;0;2;1;2;1;
60990;202100039243;131 465;A01;2;7;0;2;1;2;1;
60991;202100039244;131 462;A01;1;34;0;2;1;3;1;
60992;202100039244;131 463;B01;1;7;0;2;7;12;1;
60993;202100039245;131 460;A01;2;31;0;2;0;3;1;
60994;202100039245;131 461;B01;2;13;0;2;6;1;1;
60995;202100039246;131 459;A01;1;7;0;1;1;9;1;
60996;202100039248;131 456;A01;3;7;0;1;1;26;1;
60997;202100039249;131 454;B01;2;30;0;2;1;1;1;
60998;202100039249;131 455;A01;2;7;0;2;3;15;1;
60999;202100039250;131 452;B01;2;31;0;2;7;0;1;
61000;202100039250;131 453;A01;2;7;0;2;3;11;1;
61001;202100039251;131 450;A01;2;7;0;2;7;16;1;
61002;202100039251;131 451;B01;3;1;0;2;1;15;5;
61003;202100039253;131 446;A01;3;2;0;2;1;17;1;
61004;202100039253;131 447;B01;3;7;0;2;3;15;1;
61005;202100039254;131 444;A01;1;2;0;2;4;26;1;
61006;202100039254;131 445;Z01;1;1;0;9;4;1;5;
61007;202100039255;131 442;A01;2;7;0;2;1;16;1;
61008;202100039255;131 443;B01;1;1;0;2;8;0;0;
61009;202100039257;131 437;B01;1;7;0;2;0;0;1;
61010;202100039257;131 438;C01;1;7;0;2;0;0;0;
61011;202100039257;131 439;A01;1;3;0;2;0;26;0;
61012;202100039258;131 435;B01;1;7;0;2;4;23;1;
61013;202100039258;131 436;A01;1;30;1;0;1;18;1;
61014;202100039259;131 433;B01;2;33;0;2;1;1;0;
61015;202100039259;131 434;A01;1;7;0;2;7;15;1;
61016;202100039260;131 430;C01;1;7;0;2;0;0;1;
61017;202100039260;131 431;B01;0;99;0;0;0;0;0;
61018;202100039260;131 432;A01;1;99;0;2;4;26;6;
61019;202100039261;131 428;B01;3;7;0;2;0;1;1;
61020;202100039261;131 429;A01;0;33;0;2;0;0;1;
61021;202100039262;131 426;A01;3;7;1;2;1;1;1;
61022;202100039262;131 427;B01;3;7;3;2;3;1;1;
61023;202100039263;131 424;A01;1;10;1;0;2;1;1;
61024;202100039264;131 422;B01;1;30;0;2;8;1;1;
61025;202100039264;131 423;A01;1;7;0;2;8;12;2;
61026;202100039265;131 419;A01;1;32;11;0;1;26;1;
61027;202100039266;131 417;A01;0;7;0;2;1;15;1;
61028;202100039266;131 418;B01;0;7;0;2;3;1;1;
61029;202100039267;131 415;B01;0;7;0;2;4;23;1;
61030;202100039267;131 416;A01;0;1;0;2;1;2;5;
61031;202100039268;131 413;B01;0;7;0;2;5;1;1;
61032;202100039268;131 414;A01;0;50;0;2;0;5;3;
61033;202100039269;131 409;A01;2;33;12;0;2;1;1;
61034;202100039270;131 407;B01;1;33;0;2;7;2;1;
61035;202100039270;131 408;A01;1;7;0;2;8;11;1;
61036;202100039271;131 405;A01;2;7;0;2;2;17;1;
61037;202100039271;131 406;B01;2;50;0;2;4;13;3;
61038;202100039272;131 403;B01;3;50;0;2;1;1;3;
61039;202100039272;131 404;A01;3;1;0;2;3;19;5;
61040;202100039273;131 401;B01;2;1;0;2;1;1;0;
61041;202100039273;131 402;A01;1;7;0;2;8;1;1;
61042;202100039274;131 399;B01;2;1;0;2;1;1;5;
61043;202100039274;131 400;A01;2;7;0;2;5;16;1;
61044;202100039275;131 397;B01;1;30;0;2;3;1;1;
61045;202100039275;131 398;A01;1;7;0;2;1;15;1;
61046;202100039276;131 395;B01;2;7;0;2;2;15;1;
61047;202100039276;131 396;A01;2;32;0;2;1;18;1;
61048;202100039277;131 393;A01;1;7;0;2;3;1;1;
61049;202100039277;131 394;B01;3;50;0;2;9;1;3;
61050;202100039278;131 391;B01;3;17;0;2;6;24;1;
61051;202100039278;131 392;A01;3;7;1;0;1;1;1;
61052;202100039279;131 390;A01;1;7;0;1;2;1;1;
61053;202100039280;131 388;A01;1;7;0;2;4;23;1;
61054;202100039280;131 389;Z01;1;7;14;0;0;0;0;
61055;202100039281;131 386;A01;2;7;0;9;1;0;1;
61056;202100039281;131 387;B01;0;1;0;2;8;26;5;
61057;202100039282;131 384;B01;0;7;0;2;4;1;1;
61058;202100039282;131 385;A01;0;2;0;2;1;1;3;
61059;202100039284;131 381;A01;1;7;0;9;1;26;1;
61060;202100039284;131 382;B01;1;50;0;2;1;26;3;
61061;202100039286;131 378;A01;1;7;0;1;1;1;1;
61062;202100039287;131 375;C01;1;7;0;2;4;1;1;
61063;202100039287;131 376;B01;1;7;0;2;4;2;1;
61064;202100039287;131 377;A01;1;7;0;2;1;2;1;
61065;202100039288;131 374;A01;0;30;0;0;2;1;1;
61066;202100039289;131 372;B01;0;7;0;2;1;1;1;
61067;202100039289;131 373;A01;0;7;0;2;1;13;1;
61068;202100039291;131 369;B01;0;7;0;2;3;15;1;
61069;202100039291;131 370;A01;0;7;0;2;2;1;1;
61070;202100039292;131 367;B01;1;7;0;2;5;1;1;
61071;202100039292;131 368;A01;1;2;0;2;2;15;1;
61072;202100039293;131 365;B01;1;7;0;2;4;2;1;
61073;202100039293;131 366;A01;1;30;0;2;1;1;1;
61074;202100039294;131 363;A01;1;7;0;2;6;15;1;
61075;202100039294;131 364;B01;2;33;0;2;2;1;1;
61076;202100039295;131 361;B01;1;31;0;2;6;1;1;
61077;202100039295;131 362;A01;2;7;0;2;3;15;1;
61078;202100039297;131 357;A01;1;7;0;2;1;1;1;
61079;202100039297;131 358;B01;2;7;0;2;1;1;1;
61080;202100039298;131 354;C01;3;7;0;2;6;0;1;
61081;202100039298;131 355;B01;3;7;0;2;8;1;1;
61082;202100039298;131 356;A01;3;10;0;2;2;9;1;
61083;202100039299;131 352;B01;0;7;0;2;5;1;0;
61084;202100039299;131 353;A01;0;7;0;2;3;1;1;
61085;202100039300;131 350;B01;1;7;0;2;4;1;1;
61086;202100039300;131 351;A01;1;7;0;2;1;1;1;
61087;202100039301;131 348;A01;1;37;0;2;3;0;1;1.0
61088;202100039301;131 349;B01;1;30;0;2;1;1;1;
61089;202100039302;131 346;A01;1;33;11;2;3;2;1;
61090;202100039302;131 347;Z01;1;7;0;0;0;0;0;
61091;202100039303;131 345;A01;3;7;6;1;2;14;1;
61092;202100039304;131 343;Z01;0;10;0;2;4;17;1;
61093;202100039304;131 344;A01;0;30;0;2;1;2;1;
61094;202100039305;131 341;B01;1;37;15;2;3;21;2;4.0
61095;202100039305;131 342;A01;2;7;0;2;1;13;1;
61096;202100039306;131 339;B01;1;33;0;2;1;1;1;
61097;202100039306;131 340;A01;1;7;0;2;6;20;1;
61098;202100039307;131 337;A01;2;7;0;2;3;15;1;
61099;202100039307;131 338;B01;0;32;0;2;2;17;1;
61100;202100039308;131 335;B01;2;33;0;2;0;0;1;
61101;202100039308;131 336;A01;1;7;0;2;0;10;1;
61102;202100039309;131 333;B01;1;31;0;2;1;1;1;
61103;202100039309;131 334;A01;2;7;0;2;1;15;1;
61104;202100039310;131 332;A01;3;1;8;0;1;0;5;
61105;202100039311;131 331;B01;1;7;0;1;2;19;3;
61106;202100039312;131 330;A01;2;33;0;1;3;26;1;
61107;202100039314;131 327;B01;0;10;0;2;3;1;1;
61108;202100039314;131 328;A01;1;30;0;2;1;17;1;
61109;202100039315;131 326;A01;0;7;0;1;1;26;1;
61110;202100039316;131 324;A01;2;7;0;2;3;1;2;
61111;202100039316;131 325;B01;3;30;0;2;4;23;1;
61112;202100039317;131 322;B01;2;50;0;0;0;14;3;
61113;202100039317;131 323;A01;1;50;0;2;1;1;3;
61114;202100039318;131 320;A01;3;43;0;2;2;2;1;
61115;202100039318;131 321;B01;3;7;14;2;2;14;1;
61116;202100039319;131 319;A01;1;43;0;1;1;1;1;
61117;202100039321;131 315;A01;1;7;0;2;2;16;1;
61118;202100039321;131 316;B01;1;30;0;2;8;18;1;
61119;202100039322;131 313;A01;2;7;0;2;2;1;1;
61120;202100039322;131 314;B01;2;60;0;2;0;19;5;
61121;202100039323;131 311;A01;2;30;0;2;1;17;1;
61122;202100039323;131 312;B01;2;7;0;2;3;1;1;
61123;202100039324;131 309;A01;0;7;0;2;7;12;1;
61124;202100039324;131 310;B01;0;33;0;2;8;1;1;
61125;202100039325;131 308;Z01;2;10;0;1;0;0;0;
61126;202100039326;131 306;B01;1;2;0;2;7;1;1;
61127;202100039326;131 307;A01;1;7;0;2;3;11;1;
61128;202100039327;131 304;A01;2;7;1;2;3;1;1;
61129;202100039327;131 305;B01;1;7;0;2;3;1;1;
61130;202100039329;131 300;A01;2;7;0;2;3;15;1;
61131;202100039329;131 301;B01;2;2;0;2;7;2;1;
61132;202100039330;131 297;A01;0;10;0;2;1;26;0;
61133;202100039330;131 298;B01;0;3;1;2;4;23;0;
61134;202100039330;131 299;C01;0;3;1;0;4;24;0;
61135;202100039331;131 295;B01;3;7;1;2;3;1;1;
61136;202100039331;131 296;A01;3;7;0;2;3;13;1;
61137;202100039332;131 293;A01;1;7;8;2;9;16;0;
61138;202100039332;131 294;B01;1;7;0;2;2;1;0;
61139;202100039333;131 291;A01;2;7;0;2;3;1;1;
61140;202100039333;131 292;B01;1;7;0;2;2;1;1;
61141;202100039334;131 290;A01;2;7;6;0;1;26;1;
61142;202100039335;131 289;A01;3;7;15;0;1;9;1;
61143;202100039336;131 287;B01;1;10;0;2;1;1;1;
61144;202100039336;131 288;A01;2;14;0;2;1;5;1;
61145;202100039338;131 285;A01;0;31;15;0;8;13;1;
61146;202100039339;131 283;A01;3;1;0;2;2;1;5;
61147;202100039339;131 284;B01;3;7;0;9;3;1;1;
61148;202100039340;131 280;A01;2;7;0;2;1;13;1;
61149;202100039340;131 281;B01;1;7;0;2;3;1;1;
61150;202100039340;131 282;C01;1;99;0;2;6;1;1;
61151;202100039341;131 279;A01;2;7;6;0;1;14;1;
61152;202100039342;131 277;A01;2;7;4;2;2;26;1;
61153;202100039342;131 278;B01;1;7;4;2;3;26;1;
61154;202100039344;131 273;A01;1;7;8;0;1;1;1;
61155;202100039345;131 272;A01;0;7;6;0;1;1;1;
61156;202100039346;131 270;B01;2;7;0;2;1;15;1;
61157;202100039346;131 271;A01;2;33;0;2;1;1;1;
61158;202100039347;131 268;B01;2;7;0;2;1;1;1;
61159;202100039347;131 269;A01;1;7;0;2;1;15;1;
61160;202100039348;131 266;A01;0;7;0;2;4;1;1;
61161;202100039348;131 267;B01;0;7;0;2;1;1;1;
61162;202100039349;131 264;A01;3;2;0;2;7;1;1;
61163;202100039349;131 265;B01;3;7;0;2;2;9;1;
61164;202100039350;131 262;A01;1;7;0;2;3;1;1;
61165;202100039350;131 263;B01;2;7;0;2;6;1;1;
61166;202100039351;131 260;B01;3;33;0;2;8;1;1;
61167;202100039351;131 261;A01;3;7;0;2;3;1;1;
61168;202100039353;131 256;B01;3;7;0;2;1;1;1;
61169;202100039353;131 257;A01;3;7;0;2;1;13;1;
61170;202100039354;131 255;A01;2;33;0;0;7;1;1;
61171;202100039356;131 253;A01;1;7;0;1;1;1;1;
61172;202100039357;131 251;B01;3;7;0;2;8;1;1;
61173;202100039357;131 252;A01;3;7;0;2;2;9;1;
61174;202100039358;131 249;A01;2;7;0;9;1;1;1;
61175;202100039358;131 250;B01;2;10;0;0;0;1;6;
61176;202100039359;131 247;A01;0;33;0;0;7;16;1;
61177;202100039360;131 245;A01;1;7;0;2;3;14;1;
61178;202100039360;131 246;B01;2;7;0;2;3;14;1;
61179;202100039361;131 243;A01;3;2;0;2;2;1;1;
61180;202100039361;131 244;B01;3;7;0;2;8;15;1;
61181;202100039363;131 239;A01;2;2;0;2;1;13;1;
61182;202100039363;131 240;B01;1;10;0;2;3;21;1;
61183;202100039364;131 237;A01;1;2;0;2;3;1;1;
61184;202100039364;131 238;B01;1;7;0;2;2;19;1;
61185;202100039365;131 236;A01;2;7;0;1;6;4;1;
61186;202100039366;131 235;A01;3;31;0;0;0;1;1;
61187;202100039368;131 231;B01;2;17;0;0;4;2;1;
61188;202100039368;131 232;A01;2;17;0;2;1;2;1;
61189;202100039369;131 230;A01;1;33;0;0;8;26;1;
61190;202100039370;131 228;B01;3;33;0;2;1;1;1;
61191;202100039370;131 229;A01;3;7;0;2;3;15;1;
61192;202100039371;131 225;A01;3;30;6;0;3;13;1;
61193;202100039372;131 224;A01;3;2;12;0;0;15;1;
61194;202100039373;131 222;B01;2;2;0;2;1;1;1;
61195;202100039373;131 223;A01;2;7;0;2;7;15;1;
61196;202100039374;131 221;A01;2;2;0;0;0;1;1;
61197;202100039375;131 219;B01;1;1;0;2;1;0;5;
61198;202100039375;131 220;A01;1;7;0;9;2;0;4;
61199;202100039376;131 218;A01;1;33;0;1;1;1;1;
61200;202100039377;131 216;B01;0;7;0;0;1;5;1;
61201;202100039377;131 217;A01;0;33;0;2;1;1;1;
61202;202100039378;131 214;A01;3;2;0;2;2;0;1;
61203;202100039378;131 215;B01;0;7;0;2;2;11;1;
61204;202100039379;131 213;A01;2;33;0;0;0;17;1;
61205;202100039380;131 212;A01;2;7;16;0;1;1;1;
61206;202100039381;131 210;B01;2;2;0;2;6;2;1;
61207;202100039381;131 211;A01;2;7;0;2;6;2;2;
61208;202100039382;131 208;B01;2;1;0;2;1;1;5;
61209;202100039382;131 209;A01;1;7;0;0;1;15;1;
61210;202100039385;131 202;A01;2;7;0;1;7;13;1;
61211;202100039386;131 200;A01;1;7;0;0;0;2;1;
61212;202100039387;131 197;B01;2;17;0;2;1;2;1;
61213;202100039387;131 198;C01;2;38;0;9;3;2;1;4.0
61214;202100039387;131 199;A01;2;15;0;0;4;2;1;
61215;202100039388;131 194;B01;2;17;0;2;2;24;1;
61216;202100039388;131 195;A01;2;7;1;0;2;1;1;
61217;202100039388;131 196;C01;2;99;0;2;7;24;0;
61218;202100039389;131 190;D01;2;17;0;2;4;2;1;
61219;202100039389;131 191;C01;2;7;0;2;4;2;1;