;Num_Acc;id_vehicule;num_veh;senc;catv;obs;obsm;choc;manv;motor;occutc
61220;202100039389;131 192;A01;2;17;0;2;1;1;1;
61221;202100039389;131 193;B01;2;17;0;2;4;2;1;
61222;202100039390;131 187;A01;1;10;0;2;1;2;1;
61223;202100039390;131 188;B01;1;7;0;2;4;2;1;
61224;202100039390;131 189;C01;1;10;0;2;3;21;1;
61225;202100039391;131 186;A01;2;33;4;0;8;13;1;
61226;202100039392;131 185;A01;2;17;4;0;2;21;1;
61227;202100039393;131 183;B01;1;32;0;2;8;1;1;
61228;202100039393;131 184;A01;1;14;0;2;7;1;0;
61229;202100039394;131 180;A01;1;10;0;2;1;2;1;
61230;202100039394;131 181;B01;1;7;0;2;4;2;1;
61231;202100039394;131 182;C01;1;7;0;2;5;0;1;
61232;202100039395;131 178;B01;2;7;0;2;4;1;3;
61233;202100039395;131 179;A01;2;7;0;2;1;1;1;
61234;202100039397;131 174;A01;1;17;0;2;2;12;1;
61235;202100039397;131 175;B01;1;7;0;2;3;2;1;
61236;202100039399;131 169;A01;2;7;0;2;1;1;1;
61237;202100039399;131 170;B01;2;10;0;2;4;0;1;
61238;202100039399;131 171;C01;2;7;0;2;4;1;1;
61239;202100039400;131 168;A01;2;33;0;5;7;21;1;
61240;202100039401;131 166;A01;2;15;0;2;2;1;1;
61241;202100039401;131 167;B01;2;7;0;2;3;11;1;
61242;202100039402;131 165;A01;2;7;4;0;3;1;1;
61243;202100039403;131 163;B01;1;7;0;2;1;1;1;
61244;202100039403;131 164;A01;1;50;0;2;8;19;3;
61245;202100039404;131 162;A01;2;7;0;1;1;1;1;
61246;202100039405;131 161;A01;1;30;0;1;0;17;1;
61247;202100039406;131 160;A01;1;7;0;1;2;1;1;
61248;202100039407;131 159;A01;1;7;0;1;7;19;1;
61249;202100039408;131 158;Z01;3;7;0;1;0;1;0;
61250;202100039409;131 157;A01;1;7;0;1;1;1;1;
61251;202100039411;131 153;A01;1;33;0;2;1;1;1;
61252;202100039411;131 154;B01;1;33;0;2;4;1;1;
61253;202100039413;131 149;A01;1;31;0;2;3;1;1;
61254;202100039413;131 150;B01;1;7;0;2;2;1;1;
61255;202100039414;131 148;A01;3;7;0;1;4;26;1;
61256;202100039415;131 146;A01;1;7;0;2;1;2;1;
61257;202100039415;131 147;B01;1;7;0;0;4;2;1;
61258;202100039416;131 144;A01;1;7;0;2;1;15;1;
61259;202100039416;131 145;B01;2;34;0;2;1;1;1;
61260;202100039417;131 142;B01;3;34;0;2;8;0;1;
61261;202100039417;131 143;A01;3;7;0;2;7;15;1;
61262;202100039418;131 141;A01;3;7;8;0;1;26;1;
61263;202100039419;131 140;A01;3;7;0;1;3;1;1;
61264;202100039420;131 138;A01;3;7;0;2;1;1;1;
61265;202100039420;131 139;B01;3;7;0;2;7;1;1;
61266;202100039421;131 136;A01;1;7;0;2;1;1;1;
61267;202100039421;131 137;B01;3;50;0;2;1;9;3;
61268;202100039423;131 132;A01;1;7;0;2;2;9;1;
61269;202100039423;131 133;B01;1;33;0;2;4;2;1;
61270;202100039424;131 131;A01;2;10;0;2;2;1;1;
61271;202100039425;131 129;A01;2;32;0;2;1;1;1;
61272;202100039425;131 130;B01;3;7;0;2;8;19;0;
61273;202100039426;131 127;B01;1;2;0;2;0;1;1;
61274;202100039426;131 128;A01;1;7;0;2;3;19;2;
61275;202100039427;131 126;A01;3;10;0;1;5;4;1;
61276;202100039428;131 123;A01;1;99;6;0;1;14;1;
61277;202100039429;131 122;A01;1;7;13;0;2;26;1;
61278;202100039430;131 120;A01;1;7;0;9;1;9;1;
61279;202100039430;131 121;B01;3;50;0;2;7;1;3;
61280;202100039431;131 119;A01;2;7;0;1;4;26;1;
61281;202100039432;131 118;A01;2;34;0;1;3;17;0;
61282;202100039435;131 113;B01;2;7;0;2;1;1;1;
61283;202100039435;131 114;A01;1;7;0;2;2;15;1;
61284;202100039437;131 110;A01;1;33;0;2;2;17;1;
61285;202100039437;131 111;B01;1;7;0;2;6;15;1;
61286;202100039438;131 108;A01;2;7;0;2;3;10;1;
61287;202100039438;131 109;B01;2;2;0;2;1;1;1;
61288;202100039439;131 107;A01;2;7;13;0;1;1;1;
61289;202100039440;131 105;B01;0;1;0;9;4;2;0;
61290;202100039440;131 106;A01;3;7;0;9;1;2;1;
61291;202100039441;131 103;B01;2;7;0;2;1;1;1;
61292;202100039441;131 104;A01;2;10;0;2;8;1;1;
61293;202100039442;131 102;A01;1;7;0;1;1;1;1;
61294;202100039443;131 101;A01;1;10;0;1;2;1;1;
61295;202100039444;131 100;A01;1;7;0;1;1;1;1;
61296;202100039445;131 098;A01;1;30;0;2;1;1;1;
61297;202100039445;131 099;B01;1;7;0;9;2;1;1;
61298;202100039446;131 096;B01;2;7;0;2;3;1;1;
61299;202100039446;131 097;A01;1;7;0;2;3;1;1;
61300;202100039447;131 095;A01;1;33;0;2;5;9;1;
61301;202100039448;131 093;B01;2;1;0;2;3;19;5;
61302;202100039448;131 094;A01;2;7;0;2;2;1;1;
61303;202100039449;131 092;A01;0;7;8;0;1;16;1;
61304;202100039451;131 090;A01;2;0;0;1;1;0;0;
61305;202100039453;131 087;A01;3;7;0;2;3;19;1;
61306;202100039453;131 088;B01;3;7;0;2;2;1;1;
61307;202100039454;131 085;A01;1;7;0;2;6;26;1;
61308;202100039454;131 086;B01;1;34;0;2;1;2;1;
61309;202100039455;131 083;B01;0;2;0;2;1;1;1;
61310;202100039455;131 084;A01;1;13;0;2;1;26;1;
61311;202100039456;131 081;B01;2;13;0;2;4;1;1;
61312;202100039456;131 082;A01;2;1;0;2;1;1;5;
61313;202100039457;131 079;B01;1;1;0;2;1;1;5;
61314;202100039457;131 080;A01;1;7;0;2;3;22;1;
61315;202100039458;131 077;Z01;2;7;0;2;1;16;1;
61316;202100039458;131 078;A01;1;1;0;2;8;5;5;
61317;202100039459;131 075;B01;1;7;0;2;3;1;1;
61318;202100039459;131 076;A01;1;1;0;2;1;19;5;
61319;202100039460;131 073;A01;1;10;0;2;2;21;1;
61320;202100039460;131 074;B01;1;7;0;2;4;1;1;
61321;202100039461;131 071;A01;1;7;2;0;1;14;0;
61322;202100039462;131 069;B01;2;1;0;2;8;0;5;
61323;202100039462;131 070;A01;2;33;0;2;1;2;1;
61324;202100039463;131 067;B01;2;7;0;2;4;0;1;
61325;202100039463;131 068;A01;2;7;0;2;1;2;1;
61326;202100039464;131 065;A01;2;33;14;2;1;1;1;
61327;202100039464;131 066;B01;2;30;0;2;0;23;1;
61328;202100039465;131 064;A01;0;7;0;1;2;1;1;
61329;202100039466;131 063;A01;3;14;0;1;0;26;1;
61330;202100039467;131 061;A01;0;7;0;2;6;20;1;
61331;202100039467;131 062;Z01;0;7;0;2;2;1;1;
61332;202100039469;131 057;C01;2;2;0;2;1;1;1;
61333;202100039469;131 058;B01;1;7;0;2;3;1;1;
61334;202100039469;131 059;A01;2;7;0;0;0;16;1;
61335;202100039470;131 054;B01;2;7;0;2;4;23;2;
61336;202100039470;131 055;A01;2;7;0;2;1;2;1;
61337;202100039470;131 056;C01;2;7;0;2;4;23;1;
61338;202100039471;131 052;B01;1;7;0;2;5;1;1;
61339;202100039471;131 053;A01;1;7;4;2;9;13;1;
61340;202100039474;131 047;A01;1;7;0;2;2;16;1;
61341;202100039474;131 048;B01;1;1;0;2;2;7;5;
61342;202100039475;131 045;A01;2;7;0;2;3;15;2;
61343;202100039475;131 046;B01;2;30;0;2;1;17;1;
61344;202100039476;131 043;A01;1;14;0;2;7;16;1;
61345;202100039476;131 044;B01;1;1;0;2;3;1;5;
61346;202100039477;131 041;B01;2;31;0;2;1;1;1;
61347;202100039477;131 042;A01;2;7;0;2;3;15;1;
61348;202100039478;131 040;A01;3;80;0;0;0;1;3;
61349;202100039479;131 039;A01;1;30;0;0;7;16;3;
61350;202100039481;131 035;A01;2;60;0;2;1;1;5;
61351;202100039481;131 036;B01;2;0;0;0;0;0;1;
61352;202100039482;131 033;A01;2;10;0;2;6;13;1;
61353;202100039482;131 034;B01;2;7;0;2;2;1;1;
61354;202100039483;131 032;Z01;2;7;0;1;4;4;0;
61355;202100039484;131 030;B01;3;50;0;0;1;25;3;
61356;202100039484;131 031;A01;3;7;0;0;2;1;1;
61357;202100039485;131 029;A01;0;7;0;1;3;9;1;
61358;202100039487;131 025;B01;0;7;0;2;6;15;1;
61359;202100039487;131 026;A01;0;30;0;2;1;3;1;
61360;202100039488;131 024;A01;2;7;1;0;1;13;1;
61361;202100039489;131 021;A01;1;10;0;2;1;26;1;
61362;202100039489;131 022;C01;1;7;0;2;0;1;3;
61363;202100039489;131 023;B01;1;7;0;2;9;1;0;
61364;202100039490;131 019;A01;1;30;0;2;0;7;1;
61365;202100039490;131 020;B01;1;7;0;2;2;16;1;
61366;202100039491;131 018;A01;1;7;0;1;2;1;1;
61367;202100039492;131 016;B01;2;2;0;2;1;2;1;
61368;202100039492;131 017;A01;2;7;0;0;6;23;1;
61369;202100039493;131 014;B01;1;7;0;0;1;15;1;
61370;202100039493;131 015;A01;2;7;0;2;1;17;1;
61371;202100039494;131 010;B01;1;32;0;2;1;5;1;
61372;202100039494;131 011;A01;2;7;0;2;1;1;1;
61373;202100039495;131 008;B01;3;1;0;2;2;25;5;
61374;202100039495;131 009;A01;3;7;0;2;3;26;2;
61375;202100039498;131 002;B01;1;7;0;2;2;13;1;
61376;202100039498;131 003;A01;2;7;0;2;1;1;1;
61377;202100039499;130 999;A01;3;7;0;9;1;1;1;
61378;202100039499;131 000;B01;3;1;0;2;8;19;5;
61379;202100039500;130 998;A01;2;33;16;0;0;1;1;
61380;202100039501;130 996;A01;2;7;0;2;3;13;1;
61381;202100039501;130 997;B01;1;38;0;2;3;1;1;1.0
61382;202100039502;130 994;A01;3;1;0;2;3;13;5;
61383;202100039502;130 995;B01;3;7;0;2;8;1;1;
61384;202100039503;130 992;B01;2;7;13;2;1;13;1;
61385;202100039503;130 993;A01;1;7;3;2;1;1;1;
61386;202100039504;130 991;A01;1;7;7;0;1;14;1;
61387;202100039505;130 990;A01;3;7;6;0;8;1;1;
61388;202100039506;130 987;A01;2;7;0;2;1;13;1;
61389;202100039506;130 988;B01;1;7;0;2;8;1;1;
61390;202100039506;130 989;C01;1;10;0;2;8;1;1;
61391;202100039507;130 985;A01;2;7;0;2;1;15;1;
61392;202100039507;130 986;B01;1;7;0;2;1;1;2;
61393;202100039508;130 983;A01;1;1;5;0;2;1;5;
61394;202100039509;130 981;A01;2;7;0;2;2;1;1;
61395;202100039509;130 982;B01;2;1;0;2;4;16;6;
61396;202100039510;130 979;B01;2;14;0;2;1;1;1;
61397;202100039510;130 980;A01;1;7;0;2;6;9;1;
61398;202100039511;130 978;A01;1;7;5;0;1;1;1;
61399;202100039512;130 975;A01;3;7;0;1;1;1;1;
61400;202100039515;130 970;A01;3;10;0;2;8;19;1;
61401;202100039515;130 971;B01;2;10;0;2;1;21;1;
61402;202100039516;130 968;B01;2;15;0;2;1;1;1;
61403;202100039516;130 969;A01;1;7;0;2;1;13;1;
61404;202100039517;130 966;B01;1;13;0;2;3;1;1;
61405;202100039517;130 967;A01;2;7;0;2;1;13;1;
61406;202100039518;130 964;B01;2;7;0;2;8;15;1;
61407;202100039518;130 965;A01;1;38;0;2;3;1;1;1.0
61408;202100039519;130 962;B01;1;10;0;2;3;13;1;
61409;202100039519;130 963;A01;1;33;0;2;7;17;1;
61410;202100039520;130 960;A01;1;7;1;0;1;1;1;
61411;202100039520;130 961;B01;1;10;0;0;4;24;1;
61412;202100039521;130 958;B01;2;7;3;2;1;1;1;
61413;202100039521;130 959;A01;2;7;3;0;1;1;1;
61414;202100039522;130 955;A01;1;7;0;2;3;13;1;
61415;202100039522;130 956;B01;2;7;0;2;8;1;1;
61416;202100039522;130 957;C01;0;7;0;2;3;1;1;
61417;202100039523;130 954;A01;3;7;2;0;1;19;1;
61418;202100039524;130 952;A01;3;34;0;2;1;17;1;
61419;202100039524;130 953;B01;3;10;0;2;1;1;1;
61420;202100039525;130 950;A01;2;7;0;2;3;17;1;
61421;202100039525;130 951;B01;1;7;0;2;3;17;1;
61422;202100039526;130 946;A01;2;7;0;2;1;17;1;
61423;202100039526;130 947;C01;1;7;0;2;1;2;1;
61424;202100039526;130 948;D01;1;7;0;2;1;2;1;
61425;202100039526;130 949;B01;1;7;0;2;2;2;1;
61426;202100039527;130 944;B01;2;33;0;2;3;15;1;
61427;202100039527;130 945;A01;2;7;0;2;2;17;1;
61428;202100039528;130 942;A01;1;7;0;9;3;1;1;
61429;202100039528;130 943;B01;2;1;0;2;7;19;5;
61430;202100039529;130 940;B01;2;7;0;0;2;1;1;
61431;202100039529;130 941;A01;2;7;0;0;0;10;1;
61432;202100039530;130 938;A01;2;7;0;2;3;1;1;
61433;202100039530;130 939;B01;2;10;0;2;2;1;1;
61434;202100039531;130 936;B01;3;7;0;2;1;1;1;
61435;202100039531;130 937;A01;3;7;0;2;1;13;1;
61436;202100039532;130 934;B01;2;1;0;2;1;1;5;
61437;202100039532;130 935;A01;1;7;0;2;5;15;6;
61438;202100039533;130 931;A01;1;7;0;2;4;2;1;
61439;202100039533;130 932;B01;1;7;0;2;4;0;1;
61440;202100039533;130 933;C01;1;7;0;2;1;2;1;
61441;202100039534;130 928;C01;1;7;0;2;8;11;1;
61442;202100039534;130 929;B01;1;7;4;0;7;21;1;
61443;202100039534;130 930;A01;1;14;0;2;2;1;1;
61444;202100039535;130 925;C01;1;7;0;2;2;1;1;
61445;202100039535;130 926;B01;1;15;0;2;8;1;1;
61446;202100039535;130 927;A01;1;31;0;2;3;3;1;
61447;202100039536;130 921;D01;2;7;4;2;1;2;1;
61448;202100039536;130 922;C01;2;10;4;2;4;2;1;
61449;202100039536;130 923;B01;2;10;4;2;4;2;1;
61450;202100039536;130 924;A01;2;10;4;2;4;2;1;
61451;202100039537;130 919;B01;2;7;3;2;4;2;6;
61452;202100039537;130 920;A01;2;7;16;2;4;2;6;
61453;202100039538;130 917;A01;1;7;0;2;1;2;1;
61454;202100039538;130 918;B01;1;10;0;2;4;2;1;
61455;202100039539;130 916;A01;2;14;0;2;1;1;1;
61456;202100039540;130 914;A01;2;33;0;2;3;3;1;
61457;202100039540;130 915;B01;2;7;0;2;7;12;1;
61458;202100039541;130 913;A01;2;7;4;0;2;0;1;
61459;202100039542;130 910;A01;2;3;0;2;4;2;1;
61460;202100039542;130 911;B01;2;7;0;2;3;11;1;
61461;202100039542;130 912;C01;2;7;0;2;3;1;1;
61462;202100039543;130 908;A01;2;10;0;2;1;1;1;
61463;202100039543;130 909;B01;2;7;0;9;4;2;1;
61464;202100039544;130 907;A01;1;10;3;0;1;12;1;
61465;202100039545;130 904;A01;1;7;0;2;8;13;1;
61466;202100039545;130 905;B01;1;7;0;2;0;0;1;
61467;202100039545;130 906;C01;2;7;0;2;0;0;1;
61468;202100039546;130 903;Z01;3;0;0;1;1;15;0;
61469;202100039548;130 901;A01;1;7;0;1;1;1;1;
61470;202100039549;130 899;B01;0;34;0;2;8;1;0;
61471;202100039549;130 900;A01;0;7;0;2;0;0;1;
61472;202100039550;130 898;A01;1;7;0;1;3;1;1;
61473;202100039551;130 893;E01;2;7;0;2;1;2;1;
61474;202100039551;130 894;D01;2;7;0;2;4;2;1;
61475;202100039551;130 895;A01;2;7;0;2;4;2;1;
61476;202100039551;130 896;B01;2;7;0;2;4;1;1;
61477;202100039551;130 897;C01;2;7;1;0;4;1;1;
61478;202100039552;130 891;A01;1;7;0;1;1;1;6;
61479;202100039554;130 888;A01;1;7;0;2;3;9;1;
61480;202100039554;130 889;B01;1;33;0;2;1;3;1;
61481;202100039555;130 887;A01;1;7;0;1;3;16;1;
61482;202100039557;130 882;C01;2;7;0;2;0;0;1;
61483;202100039557;130 883;B01;2;33;0;2;0;0;1;
61484;202100039557;130 884;A01;2;10;0;2;0;0;1;
61485;202100039558;130 880;A01;1;30;1;2;1;13;1;
61486;202100039558;130 881;B01;2;7;1;2;3;1;1;
61487;202100039559;130 878;B01;1;7;0;2;6;11;1;
61488;202100039559;130 879;A01;1;16;0;2;7;12;1;
61489;202100039560;130 877;A01;0;7;13;0;9;1;1;
61490;202100039561;130 875;A01;1;7;0;2;3;9;1;
61491;202100039561;130 876;B01;1;1;0;2;4;1;5;
61492;202100039562;130 870;B01;1;7;0;2;3;1;1;
61493;202100039562;130 871;A01;1;33;0;2;1;5;1;
61494;202100039563;130 868;B01;1;1;0;2;1;1;0;
61495;202100039563;130 869;A01;2;7;0;9;5;16;1;
61496;202100039564;130 867;A01;1;7;0;1;3;15;1;
61497;202100039565;130 865;B01;2;33;0;2;1;1;1;
61498;202100039565;130 866;A01;1;7;0;2;5;15;1;
61499;202100039566;130 864;A01;1;7;0;1;2;1;1;
61500;202100039568;130 860;B01;2;10;0;2;7;17;1;
61501;202100039568;130 861;A01;2;7;0;2;8;17;1;
61502;202100039569;130 858;B01;2;7;0;2;5;15;1;
61503;202100039569;130 859;A01;2;33;0;2;1;17;1;
61504;202100039570;130 856;A01;1;7;0;2;1;15;1;
61505;202100039570;130 857;B01;2;31;0;2;1;1;1;
61506;202100039571;130 853;C01;1;99;0;2;4;1;1;
61507;202100039571;130 854;A01;1;7;0;2;1;9;1;
61508;202100039571;130 855;B01;1;99;0;2;3;1;1;
61509;202100039573;130 850;A01;1;7;0;1;2;1;0;
61510;202100039574;130 848;A01;1;7;0;2;2;26;1;
61511;202100039574;130 849;B01;1;7;0;2;1;0;1;
61512;202100039575;130 846;A01;3;7;0;2;3;15;1;
61513;202100039575;130 847;B01;1;7;0;2;1;1;1;
61514;202100039578;130 842;A01;3;1;0;2;3;15;5;
61515;202100039578;130 843;B01;3;33;0;2;1;1;1;
61516;202100039579;130 840;B01;1;1;0;2;7;16;5;
61517;202100039579;130 841;A01;0;7;0;2;0;0;-1;
61518;202100039580;130 836;B01;2;7;0;2;4;1;1;
61519;202100039580;130 837;A01;2;10;0;2;1;1;1;
61520;202100039580;130 838;C01;2;10;0;2;0;9;1;
61521;202100039580;130 839;D01;2;7;0;0;0;0;1;
61522;202100039581;130 834;A01;0;7;0;2;3;26;1;
61523;202100039581;130 835;B01;0;1;0;2;1;1;5;
61524;202100039582;130 832;B01;1;33;0;2;1;1;1;
61525;202100039582;130 833;A01;2;7;0;2;5;15;1;
61526;202100039583;130 830;A01;1;7;0;2;1;15;1;
61527;202100039583;130 831;B01;2;7;0;9;8;1;1;
61528;202100039584;130 828;B01;1;7;0;2;7;1;1;
61529;202100039584;130 829;A01;2;7;0;2;1;1;1;
61530;202100039585;130 827;A01;0;50;0;1;1;25;3;
61531;202100039587;130 823;A01;1;7;0;1;3;0;1;
61532;202100039590;130 818;A01;0;7;0;2;3;16;1;
61533;202100039590;130 819;B01;0;7;0;2;1;1;1;
61534;202100039591;130 816;A01;1;34;0;2;1;0;1;
61535;202100039591;130 817;B01;2;37;0;2;8;0;1;1.0
61536;202100039592;130 814;A01;1;7;0;2;1;16;1;
61537;202100039592;130 815;B01;1;32;0;2;8;1;1;
61538;202100039593;130 813;A01;2;0;0;1;1;25;3;
61539;202100039594;130 810;A01;1;7;0;2;1;11;1;
61540;202100039594;130 811;C01;1;7;0;2;8;2;1;
61541;202100039594;130 812;B01;1;7;0;2;4;2;1;
61542;202100039595;130 809;A01;0;7;6;0;3;1;1;
61543;202100039596;130 807;B01;1;7;0;2;4;1;1;
61544;202100039596;130 808;A01;1;7;0;2;1;1;1;
61545;202100039597;130 805;B01;1;7;0;2;5;1;1;
61546;202100039597;130 806;A01;1;7;0;2;3;13;1;
61547;202100039600;130 801;B01;1;7;0;2;1;1;1;
61548;202100039600;130 802;A01;2;7;9;2;7;1;1;
61549;202100039601;130 800;A01;2;80;0;1;1;1;3;
61550;202100039602;130 799;Z01;1;10;0;1;4;4;0;
61551;202100039603;130 797;B01;2;7;0;2;4;23;1;
61552;202100039603;130 798;A01;2;31;0;2;1;2;1;
61553;202100039604;130 796;Z01;1;30;0;1;1;1;0;
61554;202100039605;130 795;A01;2;30;0;1;1;25;3;
61555;202100039606;130 793;B01;1;10;0;2;5;24;1;
61556;202100039606;130 794;A01;1;7;0;2;3;13;1;
61557;202100039607;130 791;A01;2;7;0;2;3;15;1;
61558;202100039607;130 792;B01;2;1;0;2;7;1;5;
61559;202100039608;130 789;B01;2;7;0;2;5;1;1;
61560;202100039608;130 790;A01;1;30;0;2;1;1;1;
61561;202100039609;130 788;A01;1;7;0;1;3;9;2;
61562;202100039610;130 787;A01;1;1;0;1;1;1;5;
61563;202100039611;130 786;Z01;1;1;0;1;1;1;5;
61564;202100039612;130 784;B01;1;32;0;2;2;1;1;
61565;202100039612;130 785;A01;1;50;0;2;4;18;3;
61566;202100039613;130 783;A01;1;30;0;0;3;1;1;
61567;202100039614;130 782;A01;1;32;0;0;0;1;1;
61568;202100039615;130 780;A01;1;7;0;2;1;2;1;
61569;202100039615;130 781;B01;1;7;0;2;4;2;1;
61570;202100039616;130 777;A01;3;7;0;2;1;2;1;
61571;202100039616;130 778;B01;3;7;0;2;1;2;1;
61572;202100039616;130 779;C01;3;10;0;2;4;2;1;
61573;202100039617;130 775;B01;3;3;1;0;1;2;1;
61574;202100039617;130 776;A01;3;3;1;0;3;19;1;
61575;202100039618;130 773;A01;0;7;0;2;2;15;0;
61576;202100039618;130 774;B01;1;2;0;2;2;1;1;
61577;202100039620;130 769;B01;1;30;0;2;4;9;1;
61578;202100039620;130 770;Z01;1;7;0;1;1;1;1;
61579;202100039621;130 768;A01;0;30;14;0;1;18;1;
61580;202100039622;130 766;A01;1;7;0;2;2;15;1;
61581;202100039622;130 767;B01;1;33;0;2;1;19;1;
61582;202100039624;130 762;B01;1;33;0;2;3;1;1;
61583;202100039624;130 763;A01;1;10;0;2;3;11;1;
61584;202100039625;130 761;A01;1;7;0;1;1;0;2;
61585;202100039627;130 757;A01;2;32;0;2;1;2;0;
61586;202100039627;130 758;B01;2;37;0;0;4;2;0;1.0
61587;202100039628;130 755;A01;2;7;0;2;1;5;1;
61588;202100039628;130 756;B01;1;14;0;2;1;1;1;
61589;202100039629;130 754;A01;1;7;0;1;3;1;1;
61590;202100039630;130 753;A01;0;2;0;0;0;1;1;
61591;202100039631;130 752;A01;1;7;13;0;0;1;1;
61592;202100039632;130 751;A01;1;7;4;0;7;1;1;
61593;202100039633;130 749;B01;2;7;0;0;3;9;1;
61594;202100039633;130 750;A01;1;33;0;2;1;1;1;
61595;202100039634;130 748;A01;2;10;2;0;1;16;1;
61596;202100039635;130 744;A01;2;7;0;2;6;15;1;
61597;202100039635;130 745;B01;2;33;0;2;1;2;1;
61598;202100039636;130 742;B01;2;7;0;0;4;2;1;
61599;202100039636;130 743;A01;2;33;0;2;1;2;1;
61600;202100039637;130 740;B01;1;33;0;2;1;1;1;
61601;202100039637;130 741;A01;2;3;0;2;2;15;1;
61602;202100039638;130 738;B01;0;7;0;2;1;2;0;
61603;202100039638;130 739;A01;1;31;0;0;4;1;1;
61604;202100039639;130 736;B01;1;17;0;2;5;2;1;
61605;202100039639;130 737;A01;1;17;0;2;1;2;1;
61606;202100039640;130 735;A01;0;2;2;0;1;0;1;
61607;202100039641;130 734;A01;2;7;16;0;1;1;1;
61608;202100039643;130 730;B01;1;20;0;2;0;1;0;
61609;202100039643;130 731;A01;1;7;0;0;0;0;1;
61610;202100039644;130 726;A01;3;33;0;2;1;1;1;
61611;202100039644;130 727;B01;3;7;0;2;3;1;1;
61612;202100039646;130 723;A01;1;7;13;2;3;14;1;
61613;202100039646;130 724;B01;1;13;0;2;3;1;1;
61614;202100039647;130 722;A01;1;7;0;1;2;1;1;
61615;202100039648;130 721;A01;1;10;0;1;1;1;1;
61616;202100039649;130 720;A01;1;7;0;0;9;1;1;
61617;202100039650;130 718;A01;2;7;6;0;1;1;1;
61618;202100039652;130 715;A01;1;7;6;0;1;1;1;
61619;202100039653;130 714;A01;3;7;0;5;3;1;1;
61620;202100039654;130 712;A01;2;33;0;2;1;2;1;
61621;202100039654;130 713;B01;2;17;0;2;4;1;1;
61622;202100039655;130 710;A01;2;7;0;2;1;0;1;
61623;202100039655;130 711;B01;2;15;0;2;4;1;1;
61624;202100039656;130 709;A01;1;32;12;0;7;1;1;
61625;202100039657;130 708;A01;3;10;0;1;2;14;1;
61626;202100039658;130 706;B01;2;7;0;2;1;2;1;
61627;202100039658;130 707;A01;2;7;0;6;1;1;1;
61628;202100039659;130 704;A01;2;7;0;2;3;13;1;
61629;202100039659;130 705;B01;1;7;0;2;1;1;1;
61630;202100039660;130 701;C01;2;7;0;2;2;1;1;
61631;202100039660;130 702;B01;2;7;13;2;3;1;1;
61632;202100039660;130 703;A01;1;7;0;2;1;13;1;
61633;202100039661;130 699;B01;1;2;0;2;1;1;1;
61634;202100039661;130 700;A01;2;7;0;2;3;19;1;
61635;202100039662;130 698;A01;2;7;6;0;5;1;1;
61636;202100039663;130 696;B01;1;17;0;0;4;2;1;
61637;202100039663;130 697;A01;1;17;0;2;1;2;1;
61638;202100039664;130 689;F01;2;7;0;0;1;1;2;
61639;202100039664;130 690;B01;2;7;0;0;1;1;1;
61640;202100039664;130 691;A01;2;7;0;0;4;1;1;
61641;202100039664;130 692;G01;2;7;0;0;1;1;1;
61642;202100039664;130 693;E01;2;7;0;0;1;1;1;
61643;202100039664;130 694;D01;2;7;0;0;1;1;1;
61644;202100039664;130 695;C01;2;7;0;0;1;1;1;
61645;202100039665;130 686;C01;1;7;0;2;4;2;2;
61646;202100039665;130 687;A01;1;10;0;2;1;2;1;
61647;202100039665;130 688;B01;1;7;0;2;1;2;1;
61648;202100039666;130 683;C01;1;10;0;2;2;1;1;
61649;202100039666;130 684;B01;1;7;0;2;1;1;1;
61650;202100039666;130 685;A01;1;10;0;2;1;5;1;
61651;202100039667;130 679;A01;2;10;0;2;1;2;1;
61652;202100039667;130 680;B01;2;7;0;2;4;2;1;
61653;202100039667;130 681;C01;2;7;0;2;4;2;1;
61654;202100039667;130 682;D01;2;7;0;2;4;2;1;
61655;202100039668;130 678;A01;1;7;4;0;2;0;1;
61656;202100039669;130 674;A01;1;7;0;9;4;23;1;
61657;202100039669;130 675;B01;1;7;1;0;0;23;1;
61658;202100039669;130 676;C01;1;7;0;1;0;0;1;
61659;202100039669;130 677;D01;1;7;0;2;0;0;1;
61660;202100039670;130 673;A01;1;7;3;0;3;13;1;
61661;202100039671;130 672;A01;1;7;4;0;7;1;1;
61662;202100039672;130 671;A01;2;7;4;0;1;1;1;
61663;202100039674;130 668;A01;1;7;4;0;2;1;1;
61664;202100039675;130 666;A01;2;7;0;2;1;1;1;
61665;202100039675;130 667;B01;2;7;0;2;8;1;1;
61666;202100039676;130 665;A01;1;7;4;0;3;12;1;
61667;202100039677;130 664;A01;2;7;4;0;1;0;1;
61668;202100039678;130 660;A01;1;7;0;2;1;2;1;
61669;202100039678;130 661;B01;1;7;1;0;4;2;2;
61670;202100039678;130 662;C01;1;10;4;0;2;2;1;
61671;202100039678;130 663;D01;1;7;4;0;1;2;1;
61672;202100039679;130 655;A01;2;7;0;2;4;23;1;
61673;202100039679;130 656;B01;2;7;0;2;4;23;2;
61674;202100039679;130 657;C01;2;7;0;2;4;23;1;
61675;202100039679;130 658;D01;2;7;0;2;4;23;1;
61676;202100039679;130 659;E01;2;7;0;2;1;1;1;
61677;202100039680;130 652;A01;1;7;12;2;1;1;1;
61678;202100039680;130 653;B01;2;7;0;2;1;1;1;
61679;202100039680;130 654;C01;2;7;0;2;8;1;1;
61680;202100039681;130 650;A01;1;30;0;2;1;1;1;
61681;202100039681;130 651;B01;2;7;0;2;7;1;1;