;Num_Acc;id_vehicule;num_veh;senc;catv;obs;obsm;choc;manv;motor;occutc
61682;202100039682;130 648;B01;1;7;0;2;3;15;1;
61683;202100039682;130 649;A01;1;7;0;2;2;5;1;
61684;202100039683;130 646;B01;2;32;0;2;1;26;1;
61685;202100039683;130 647;A01;2;7;0;2;5;15;1;
61686;202100039684;130 644;B01;3;7;0;2;1;1;1;
61687;202100039684;130 645;A01;3;7;0;2;7;19;1;
61688;202100039685;130 642;B01;1;7;0;2;8;15;1;
61689;202100039685;130 643;A01;1;30;0;2;1;19;1;
61690;202100039686;130 641;A01;1;10;2;0;1;1;1;
61691;202100039688;130 638;B01;3;33;0;0;0;1;1;
61692;202100039688;130 639;A01;3;7;0;0;0;9;0;
61693;202100039689;130 637;A01;1;30;0;0;0;0;1;
61694;202100039690;130 636;A01;3;7;0;1;1;1;1;
61695;202100039691;130 633;A01;1;1;0;2;1;25;5;
61696;202100039691;130 634;C01;1;7;0;2;1;1;1;
61697;202100039691;130 635;B01;1;3;9;9;7;1;1;
61698;202100039692;130 631;A01;1;7;0;9;2;16;1;
61699;202100039692;130 632;B01;1;1;0;2;1;1;5;
61700;202100039693;130 630;A01;3;7;0;1;3;1;1;
61701;202100039694;130 629;A01;3;7;8;0;1;0;1;
61702;202100039695;130 626;A01;1;7;13;0;7;1;1;
61703;202100039696;130 625;A01;2;7;3;0;0;26;1;
61704;202100039697;130 623;A01;1;7;0;9;1;15;0;
61705;202100039697;130 624;B01;2;34;0;2;1;2;0;
61706;202100039698;130 622;A01;3;7;0;1;3;9;1;
61707;202100039699;130 621;A01;2;7;13;0;6;1;1;
61708;202100039700;130 620;A01;1;7;0;1;3;15;1;
61709;202100039701;130 618;A01;1;10;0;2;2;12;1;
61710;202100039701;130 619;B01;1;31;0;2;8;0;1;
61711;202100039702;130 616;A01;1;7;0;2;1;2;1;
61712;202100039702;130 617;B01;1;7;0;2;4;2;1;
61713;202100039703;130 615;A01;1;7;14;0;9;1;1;
61714;202100039704;130 613;B01;1;7;0;2;4;2;1;
61715;202100039704;130 614;A01;1;7;0;2;1;2;2;
61716;202100039705;130 611;A01;1;7;9;2;1;13;2;
61717;202100039705;130 612;B01;1;7;0;2;6;1;1;
61718;202100039706;130 609;B01;1;1;0;2;3;7;5;
61719;202100039706;130 610;A01;1;7;0;2;2;16;1;
61720;202100039710;130 601;B01;1;30;0;2;1;10;1;
61721;202100039710;130 602;A01;2;32;0;2;3;1;1;
61722;202100039711;130 599;A01;2;30;0;2;1;2;1;
61723;202100039711;130 600;B01;2;33;0;2;4;23;1;
61724;202100039712;130 597;A01;2;30;0;2;3;1;1;
61725;202100039712;130 598;B01;2;7;0;2;8;10;1;
61726;202100039713;130 596;A01;1;1;14;0;7;12;5;
61727;202100039714;130 594;B01;2;10;0;2;1;2;3;
61728;202100039714;130 595;A01;2;7;0;2;4;23;1;
61729;202100039715;130 592;B01;2;50;0;2;8;1;3;
61730;202100039715;130 593;A01;1;7;8;2;2;15;1;
61731;202100039716;130 590;A01;1;30;0;2;1;1;1;
61732;202100039716;130 591;B01;2;7;0;2;7;1;1;
61733;202100039717;130 588;A01;0;30;0;0;3;1;1;
61734;202100039717;130 589;Z01;0;7;0;0;0;1;1;
61735;202100039718;130 586;A01;1;30;0;2;1;2;1;
61736;202100039718;130 587;B01;1;7;0;2;4;23;1;
61737;202100039719;130 584;A01;1;1;0;2;1;9;5;
61738;202100039719;130 585;B01;2;7;0;2;1;1;1;
61739;202100039720;130 581;C01;2;7;0;2;4;2;1;
61740;202100039720;130 582;B01;2;7;0;2;4;2;1;
61741;202100039720;130 583;A01;2;7;0;2;1;2;1;
61742;202100039721;130 580;A01;1;50;0;0;1;1;3;
61743;202100039722;130 579;A01;0;30;0;0;0;1;3;
61744;202100039723;130 577;B01;3;2;0;2;1;16;1;
61745;202100039723;130 578;A01;2;7;0;2;2;1;1;
61746;202100039724;130 576;A01;2;7;1;2;4;20;1;
61747;202100039725;130 572;D01;2;7;0;2;2;1;1;
61748;202100039725;130 573;C01;2;7;0;2;3;1;1;
61749;202100039725;130 574;B01;2;7;0;2;1;1;1;
61750;202100039725;130 575;A01;2;7;11;2;9;6;1;
61751;202100039726;130 570;A01;2;7;0;2;1;1;1;
61752;202100039726;130 571;B01;1;7;0;2;3;16;1;
61753;202100039727;130 568;B01;-1;60;0;2;0;19;5;
61754;202100039727;130 569;A01;-1;7;0;9;0;1;0;
61755;202100039728;130 566;B01;2;7;0;9;3;1;1;
61756;202100039728;130 567;A01;2;1;0;2;1;1;5;
61757;202100039729;130 564;A01;0;32;0;2;8;1;1;
61758;202100039729;130 565;B01;1;7;0;0;0;0;1;
61759;202100039730;130 563;A01;1;7;0;1;3;9;1;
61760;202100039731;130 561;B01;1;33;0;2;7;1;1;
61761;202100039731;130 562;A01;1;7;0;0;0;9;1;
61762;202100039732;130 559;A01;1;1;0;2;1;5;5;
61763;202100039732;130 560;B01;1;7;0;2;8;1;1;
61764;202100039733;130 558;A01;1;30;0;0;0;1;1;
61765;202100039734;130 557;A01;2;7;15;0;1;1;1;
61766;202100039735;130 555;A01;2;7;8;2;2;17;1;
61767;202100039735;130 556;B01;1;7;0;2;3;1;2;
61768;202100039736;130 554;A01;1;7;0;1;2;1;1;
61769;202100039737;130 552;A01;1;2;0;2;1;0;1;
61770;202100039737;130 553;B01;1;7;0;0;8;0;1;
61771;202100039738;130 550;B01;1;17;0;0;6;1;1;
61772;202100039738;130 551;A01;1;7;0;2;2;12;1;
61773;202100039739;130 549;A01;1;1;0;0;0;2;5;
61774;202100039740;130 548;A01;3;10;6;0;3;1;1;
61775;202100039741;130 546;A01;2;7;0;2;2;12;1;
61776;202100039741;130 547;B01;2;7;0;0;3;1;1;
61777;202100039742;130 544;B01;3;1;13;2;1;19;5;
61778;202100039742;130 545;A01;3;7;0;9;2;26;1;
61779;202100039744;130 542;A01;2;7;16;6;0;21;1;
61780;202100039745;130 539;C01;2;7;0;2;1;2;1;
61781;202100039745;130 540;B01;2;7;0;2;4;1;1;
61782;202100039745;130 541;A01;2;7;0;2;4;1;1;
61783;202100039746;130 537;A01;2;7;0;2;3;0;1;
61784;202100039746;130 538;B01;3;3;0;2;1;9;1;
61785;202100039748;130 533;B01;1;7;0;2;1;1;1;
61786;202100039748;130 534;A01;2;7;0;2;8;13;1;
61787;202100039749;130 532;A01;1;7;2;0;1;1;1;
61788;202100039750;130 529;A01;2;7;0;2;3;11;1;
61789;202100039750;130 530;B01;1;13;0;2;8;12;1;
61790;202100039750;130 531;C01;1;7;0;2;1;0;1;
61791;202100039751;130 527;A01;1;7;0;2;7;13;1;
61792;202100039751;130 528;B01;2;7;0;2;1;1;1;
61793;202100039752;130 526;A01;2;7;0;0;9;1;1;
61794;202100039753;130 524;A01;1;7;0;2;3;13;1;
61795;202100039753;130 525;B01;2;7;0;2;8;1;1;
61796;202100039754;130 523;A01;0;36;0;0;1;26;1;
61797;202100039755;130 522;A01;1;7;8;0;1;13;1;
61798;202100039757;130 519;B01;2;7;0;2;3;2;1;
61799;202100039757;130 520;A01;1;1;0;2;2;17;5;
61800;202100039759;130 514;D01;2;14;0;2;1;2;1;
61801;202100039759;130 515;C01;2;15;0;2;4;23;1;
61802;202100039759;130 516;B01;2;7;0;2;4;23;1;
61803;202100039759;130 517;A01;2;15;0;0;4;23;1;
61804;202100039760;130 513;A01;2;7;0;1;2;1;1;
61805;202100039761;130 511;B01;1;34;0;2;1;17;1;
61806;202100039761;130 512;A01;0;7;0;2;3;9;1;
61807;202100039762;130 509;A01;2;7;0;2;3;1;1;
61808;202100039762;130 510;B01;2;1;0;2;9;5;5;
61809;202100039763;130 508;A01;1;7;0;1;1;1;1;
61810;202100039764;130 507;A01;3;34;6;0;1;1;1;
61811;202100039765;130 506;A01;3;32;0;0;1;1;1;
61812;202100039766;130 504;B01;2;1;0;2;3;13;5;
61813;202100039766;130 505;A01;2;38;0;9;5;2;1;1.0
61814;202100039767;130 502;B01;2;7;0;0;1;1;1;
61815;202100039767;130 503;A01;1;7;0;2;1;13;1;
61816;202100039768;130 500;B01;1;7;0;0;6;23;2;
61817;202100039768;130 501;A01;1;1;1;0;1;1;5;
61818;202100039769;130 499;A01;1;7;0;1;2;1;1;
61819;202100039770;130 497;A01;2;33;0;2;1;13;1;
61820;202100039770;130 498;B01;1;33;0;2;1;1;1;
61821;202100039771;130 496;A01;1;7;9;0;1;0;1;
61822;202100039772;130 495;A01;1;7;2;0;1;16;1;
61823;202100039773;130 493;A01;1;33;0;2;1;2;1;
61824;202100039773;130 494;B01;1;7;0;0;4;2;1;
61825;202100039774;130 491;B01;3;1;0;0;0;2;5;
61826;202100039774;130 492;A01;3;37;0;0;0;2;1;1.0
61827;202100039775;130 490;A01;2;7;2;0;1;1;1;
61828;202100039776;130 488;A01;3;7;13;2;3;1;1;
61829;202100039776;130 489;B01;3;2;0;2;1;1;1;
61830;202100039777;130 487;A01;0;33;12;0;0;26;1;
61831;202100039778;130 486;A01;0;7;0;1;1;17;1;
61832;202100039780;130 482;A01;2;7;0;2;4;2;1;
61833;202100039780;130 483;B01;2;7;0;2;4;2;3;
61834;202100039780;130 484;C01;2;7;0;2;1;2;1;
61835;202100039781;130 480;A01;1;7;0;2;2;2;1;
61836;202100039781;130 481;B01;1;7;0;2;5;2;1;
61837;202100039782;130 478;B01;2;33;0;2;7;1;1;
61838;202100039782;130 479;A01;2;15;0;2;8;13;1;
61839;202100039783;130 473;C01;1;7;0;2;0;2;1;
61840;202100039783;130 474;D01;1;7;0;2;4;2;1;
61841;202100039783;130 475;E01;1;7;0;2;4;2;1;
61842;202100039783;130 476;B01;1;7;0;2;4;2;1;
61843;202100039783;130 477;A01;1;7;0;2;1;1;1;
61844;202100039784;130 471;A01;1;7;0;2;1;2;1;
61845;202100039784;130 472;B01;1;7;0;2;4;2;1;
61846;202100039785;130 470;A01;1;7;4;0;1;1;1;
61847;202100039786;130 467;A01;2;10;0;2;3;1;1;
61848;202100039786;130 468;B01;2;7;0;2;2;23;1;
61849;202100039786;130 469;C01;2;7;0;2;4;23;1;
61850;202100039787;130 466;A01;2;7;4;0;5;1;1;
61851;202100039788;130 464;B01;2;10;3;2;8;12;1;
61852;202100039788;130 465;A01;2;10;4;2;6;17;1;
61853;202100039789;130 463;A01;1;7;3;0;2;26;1;
61854;202100039790;130 461;A01;2;33;0;2;1;2;1;
61855;202100039790;130 462;B01;2;7;0;2;4;2;1;
61856;202100039791;130 459;A01;1;7;1;0;2;26;1;
61857;202100039791;130 460;B01;1;7;0;2;6;24;1;
61858;202100039792;130 456;C01;1;7;0;2;4;1;1;
61859;202100039792;130 457;B01;1;7;0;2;4;1;1;
61860;202100039792;130 458;A01;1;7;0;2;1;1;1;
61861;202100039793;130 454;B01;1;7;0;0;4;6;1;
61862;202100039793;130 455;A01;1;33;0;2;1;1;1;
61863;202100039794;130 451;C01;2;7;0;2;1;2;1;
61864;202100039794;130 452;B01;2;7;0;2;9;2;2;
61865;202100039794;130 453;A01;2;7;0;2;4;2;1;
61866;202100039795;130 449;A01;1;7;0;2;7;17;1;
61867;202100039795;130 450;B01;1;7;0;2;1;1;1;
61868;202100039796;130 444;A01;2;7;0;2;1;1;1;
61869;202100039796;130 445;B01;2;7;0;2;4;1;1;
61870;202100039796;130 446;C01;2;7;0;2;4;1;1;
61871;202100039796;130 447;D01;2;7;0;2;4;0;1;
61872;202100039796;130 448;E01;2;7;0;2;4;0;1;
61873;202100039798;130 442;A01;1;7;0;1;2;1;1;
61874;202100039799;130 441;A01;1;7;0;0;0;1;1;
61875;202100039800;130 439;B01;1;7;0;2;3;1;1;
61876;202100039800;130 440;A01;1;7;0;2;1;1;1;
61877;202100039801;130 437;B01;1;7;0;2;3;1;1;
61878;202100039801;130 438;A01;1;7;0;2;2;1;1;
61879;202100039802;130 435;B01;1;7;0;2;4;2;1;
61880;202100039802;130 436;A01;1;7;0;2;1;2;1;
61881;202100039803;130 433;A01;2;7;0;2;1;17;1;
61882;202100039803;130 434;B01;1;7;0;2;3;2;1;
61883;202100039804;130 431;A01;2;1;0;2;7;1;5;
61884;202100039804;130 432;B01;2;7;0;2;3;1;1;
61885;202100039805;130 429;A01;3;7;0;2;1;15;1;
61886;202100039805;130 430;B01;3;2;0;2;1;1;1;
61887;202100039808;130 424;A01;1;99;8;0;2;13;1;
61888;202100039809;130 422;B01;3;32;0;2;1;17;1;
61889;202100039809;130 423;A01;3;7;0;2;8;15;1;
61890;202100039810;130 421;A01;3;7;17;0;0;1;-1;
61891;202100039811;130 419;B01;1;2;0;2;4;23;1;
61892;202100039811;130 420;A01;1;7;0;2;0;0;0;
61893;202100039812;130 415;A01;2;10;0;9;7;16;1;
61894;202100039812;130 416;B01;2;1;0;2;0;0;5;
61895;202100039813;130 413;A01;2;7;0;2;1;1;1;
61896;202100039813;130 414;B01;1;50;0;2;0;5;3;
61897;202100039814;130 411;B01;1;7;0;2;6;2;1;
61898;202100039814;130 412;A01;1;7;1;2;2;2;1;
61899;202100039815;130 409;A01;1;7;0;2;1;1;1;
61900;202100039815;130 410;B01;2;2;0;2;8;7;1;
61901;202100039816;130 407;A01;2;2;0;9;1;1;1;
61902;202100039816;130 408;B01;2;1;0;2;3;19;0;
61903;202100039817;130 406;A01;0;7;2;0;2;1;1;
61904;202100039818;130 404;A01;0;7;0;2;1;1;1;
61905;202100039818;130 405;B01;0;7;0;2;5;1;1;
61906;202100039820;130 401;A01;1;7;0;1;1;26;1;
61907;202100039821;130 400;A01;1;7;8;0;7;1;1;
61908;202100039822;130 398;B01;1;7;0;2;8;1;1;
61909;202100039822;130 399;A01;1;50;0;2;0;13;3;
61910;202100039823;130 396;A01;0;30;0;2;7;9;1;
61911;202100039823;130 397;B01;0;30;0;0;0;1;1;
61912;202100039824;130 394;A01;0;7;0;2;3;15;1;
61913;202100039824;130 395;B01;0;7;0;2;3;15;1;
61914;202100039825;130 392;B01;2;7;0;2;1;2;1;
61915;202100039825;130 393;A01;1;7;0;2;7;13;1;
61916;202100039826;130 389;B01;2;7;0;2;2;15;1;
61917;202100039826;130 390;A01;2;7;0;2;1;1;1;
61918;202100039826;130 391;C01;1;7;0;2;3;1;1;
61919;202100039827;130 388;A01;1;7;13;0;1;26;1;
61920;202100039828;130 386;A01;1;7;0;2;1;1;1;
61921;202100039828;130 387;B01;2;7;0;2;1;15;1;
61922;202100039829;130 385;A01;1;3;0;0;0;9;0;
61923;202100039830;130 383;B01;3;7;0;2;5;1;1;
61924;202100039830;130 384;A01;3;10;0;2;1;1;0;
61925;202100039831;130 382;A01;1;7;0;0;1;0;1;
61926;202100039832;130 380;B01;1;33;0;2;7;1;1;
61927;202100039832;130 381;A01;3;7;0;2;8;20;1;
61928;202100039833;130 379;A01;1;7;0;1;1;15;1;
61929;202100039834;130 378;A01;3;7;3;0;3;26;1;
61930;202100039835;130 377;A01;1;7;0;1;1;1;1;
61931;202100039836;130 375;B01;3;10;0;2;1;1;1;
61932;202100039836;130 376;A01;3;10;0;2;7;1;1;
61933;202100039837;130 372;A01;1;7;0;2;9;1;1;
61934;202100039837;130 373;B01;2;7;0;2;1;1;1;
61935;202100039837;130 374;C01;2;7;0;2;4;23;1;
61936;202100039838;130 370;B01;0;10;0;2;3;1;1;
61937;202100039838;130 371;A01;1;43;0;2;3;1;1;
61938;202100039839;130 369;A01;1;30;0;0;7;21;1;
61939;202100039840;130 367;A01;2;7;0;2;2;1;1;
61940;202100039840;130 368;B01;1;33;0;2;1;1;1;
61941;202100039841;130 366;A01;2;7;1;0;2;14;1;
61942;202100039842;130 363;A01;1;10;0;2;1;1;1;
61943;202100039842;130 364;B01;1;7;0;2;4;1;1;
61944;202100039842;130 365;C01;1;7;0;2;4;1;3;
61945;202100039843;130 361;A01;2;30;0;2;1;17;1;
61946;202100039843;130 362;B01;2;7;0;2;8;15;1;
61947;202100039844;130 359;A01;1;7;0;2;3;1;1;
61948;202100039844;130 360;B01;2;7;0;2;6;1;1;
61949;202100039845;130 358;A01;0;50;0;0;0;19;3;
61950;202100039846;130 356;A01;0;7;0;2;7;19;1;
61951;202100039846;130 357;B01;3;37;0;2;1;1;1;1.0
61952;202100039847;130 354;A01;1;31;0;2;8;1;1;
61953;202100039847;130 355;B01;2;7;0;2;4;10;1;
61954;202100039848;130 352;A01;2;1;0;2;1;1;5;
61955;202100039848;130 353;B01;3;7;0;2;3;1;1;
61956;202100039849;130 351;A01;2;7;9;0;1;15;1;
61957;202100039850;130 349;A01;1;1;0;2;1;26;0;
61958;202100039850;130 350;B01;1;7;0;9;3;15;1;
61959;202100039851;130 347;B01;0;7;0;2;1;1;1;
61960;202100039851;130 348;A01;0;7;0;2;7;15;1;
61961;202100039852;130 345;B01;3;7;0;2;3;2;1;
61962;202100039852;130 346;A01;3;10;3;2;5;1;1;
61963;202100039853;130 344;A01;3;7;1;1;1;18;1;
61964;202100039854;130 342;B01;1;7;0;2;4;1;1;
61965;202100039854;130 343;A01;1;7;0;2;1;11;1;
61966;202100039855;130 340;A01;1;7;0;2;6;24;1;
61967;202100039855;130 341;B01;1;1;1;0;6;1;5;
61968;202100039856;130 338;A01;2;7;0;2;3;13;1;
61969;202100039856;130 339;B01;1;38;0;2;3;1;1;3.0
61970;202100039857;130 337;A01;1;7;13;0;1;13;1;
61971;202100039858;130 336;A01;3;50;0;0;0;1;3;
61972;202100039859;130 335;A01;1;7;13;0;2;1;1;
61973;202100039860;130 334;A01;2;33;0;0;0;1;1;
61974;202100039861;130 332;A01;2;7;9;2;3;6;1;
61975;202100039861;130 333;B01;1;7;12;2;3;1;1;
61976;202100039862;130 330;A01;1;36;13;0;0;2;1;
61977;202100039862;130 331;B01;1;36;0;0;0;2;1;
61978;202100039863;130 329;A01;3;7;2;0;2;1;1;
61979;202100039864;130 328;A01;1;10;6;0;1;1;1;
61980;202100039865;130 326;A01;0;7;0;2;3;15;1;
61981;202100039865;130 327;B01;2;33;0;2;1;1;1;
61982;202100039866;130 325;A01;1;7;2;0;7;1;1;
61983;202100039867;130 322;C01;2;7;0;2;4;1;1;
61984;202100039867;130 323;B01;2;7;0;2;2;17;1;
61985;202100039867;130 324;A01;2;33;0;2;1;11;1;
61986;202100039868;130 320;B01;1;7;0;2;3;1;1;
61987;202100039868;130 321;A01;2;7;0;2;8;1;1;
61988;202100039869;130 319;A01;2;7;2;0;1;1;1;
61989;202100039870;130 318;A01;1;7;2;0;2;1;1;
61990;202100039871;130 317;A01;2;7;6;0;1;0;1;
61991;202100039872;130 316;A01;1;33;0;0;7;1;1;
61992;202100039873;130 315;A01;1;1;0;0;0;0;5;
61993;202100039874;130 314;A01;0;2;1;0;1;26;1;
61994;202100039875;130 313;A01;3;31;14;0;0;0;1;
61995;202100039876;130 311;A01;1;2;0;2;7;14;1;
61996;202100039876;130 312;B01;3;7;0;2;3;23;1;
61997;202100039878;130 308;A01;3;7;0;2;2;1;1;
61998;202100039878;130 309;B01;3;33;0;2;1;19;1;
61999;202100039879;130 305;A01;1;7;0;2;2;1;1;
62000;202100039879;130 306;B01;1;7;0;0;3;1;1;
62001;202100039880;130 304;A01;2;33;3;0;1;0;1;
62002;202100039881;130 302;A01;1;7;0;2;3;1;1;
62003;202100039881;130 303;B01;1;2;0;2;1;19;1;
62004;202100039883;130 297;B01;2;7;0;0;2;0;1;
62005;202100039883;130 298;A01;1;7;0;0;1;1;1;
62006;202100039884;130 296;A01;1;33;8;0;7;1;1;
62007;202100039885;130 294;A01;2;13;0;2;1;1;1;
62008;202100039885;130 295;B01;1;7;0;2;1;1;1;
62009;202100039886;130 293;A01;1;7;13;0;0;1;1;
62010;202100039888;130 290;A01;2;1;0;2;2;15;5;
62011;202100039888;130 291;B01;1;7;0;9;2;1;1;
62012;202100039889;130 289;A01;3;7;2;0;1;1;1;
62013;202100039890;130 287;A01;1;7;0;2;1;5;1;
62014;202100039890;130 288;B01;1;33;0;2;1;2;1;
62015;202100039891;130 286;A01;2;7;13;0;3;14;1;
62016;202100039892;130 284;B01;0;7;15;2;1;1;1;
62017;202100039892;130 285;A01;3;10;15;2;2;1;1;
62018;202100039893;130 283;A01;1;10;10;0;2;1;1;
62019;202100039895;130 277;B01;2;7;0;2;1;2;1;
62020;202100039895;130 278;A01;2;7;0;2;4;1;1;
62021;202100039896;130 275;A01;1;7;0;2;2;14;1;
62022;202100039896;130 276;B01;1;7;4;0;0;0;1;
62023;202100039897;130 274;A01;1;7;4;0;1;1;1;
62024;202100039899;130 271;A01;1;7;4;0;2;1;1;
62025;202100039900;130 270;A01;1;7;3;0;1;1;1;
62026;202100039901;130 269;A01;1;7;4;0;1;9;1;
62027;202100039902;130 267;B01;2;7;0;2;4;1;1;
62028;202100039902;130 268;A01;2;7;0;2;1;1;1;
62029;202100039903;130 265;B01;2;17;0;2;4;26;1;
62030;202100039903;130 266;A01;2;10;0;2;1;26;1;
62031;202100039904;130 263;B01;1;7;0;2;2;16;1;
62032;202100039904;130 264;A01;1;32;0;2;1;7;1;
62033;202100039905;130 261;B01;1;7;15;2;1;1;1;
62034;202100039905;130 262;A01;2;7;9;2;1;15;1;
62035;202100039906;130 257;B01;2;10;0;2;4;23;1;
62036;202100039906;130 258;A01;2;10;0;2;1;1;1;
62037;202100039906;130 259;D01;2;10;0;2;4;23;1;
62038;202100039906;130 260;C01;2;7;0;2;4;23;1;
62039;202100039907;130 256;A01;1;7;0;1;2;1;1;
62040;202100039908;130 254;B01;3;7;0;2;4;1;1;
62041;202100039908;130 255;A01;2;2;0;2;1;1;1;
62042;202100039909;130 252;A01;2;7;0;2;1;2;1;
62043;202100039909;130 253;B01;2;7;0;2;4;2;1;
62044;202100039910;130 250;B01;1;33;0;2;2;0;1;
62045;202100039910;130 251;A01;1;7;0;2;2;15;1;
62046;202100039911;130 248;B01;1;7;0;2;3;2;1;
62047;202100039911;130 249;A01;2;7;0;2;3;15;1;
62048;202100039912;130 246;A01;3;7;0;9;1;1;0;
62049;202100039912;130 247;B01;1;50;0;2;6;25;3;
62050;202100039913;130 245;A01;0;7;0;1;1;1;1;
62051;202100039914;130 242;C01;1;7;0;2;4;2;1;
62052;202100039914;130 243;B01;1;7;0;2;4;2;1;
62053;202100039914;130 244;A01;1;7;0;2;1;2;1;
62054;202100039915;130 240;B01;1;7;0;2;6;1;1;
62055;202100039915;130 241;A01;1;7;0;2;2;9;1;
62056;202100039916;130 238;B01;2;7;1;0;4;23;1;
62057;202100039916;130 239;A01;2;14;1;0;1;23;1;
62058;202100039917;130 237;A01;3;7;0;1;5;23;1;
62059;202100039918;130 235;A01;2;7;0;2;8;1;1;
62060;202100039918;130 236;B01;1;7;0;2;1;1;1;
62061;202100039919;130 233;A01;1;2;0;2;1;16;1;
62062;202100039919;130 234;B01;2;7;0;2;0;5;1;
62063;202100039920;130 232;A01;1;7;0;1;2;16;1;
62064;202100039921;130 230;B01;2;7;0;2;2;1;1;
62065;202100039921;130 231;A01;2;7;11;2;1;6;1;
62066;202100039922;130 227;A01;0;7;0;1;0;19;0;
62067;202100039923;130 225;B01;1;1;0;2;4;1;5;
62068;202100039923;130 226;A01;1;7;0;2;1;9;1;
62069;202100039924;130 223;A01;2;7;0;2;1;9;1;
62070;202100039924;130 224;B01;2;7;0;2;5;1;1;
62071;202100039925;130 220;A01;2;7;0;2;1;0;1;
62072;202100039925;130 221;C01;2;7;0;2;4;23;1;
62073;202100039925;130 222;B01;2;7;0;2;9;0;1;
62074;202100039926;130 218;B01;2;7;0;2;2;1;1;
62075;202100039926;130 219;A01;1;1;0;2;0;19;5;
62076;202100039927;130 216;A01;3;7;0;2;1;15;1;
62077;202100039927;130 217;B01;3;7;0;2;3;2;1;
62078;202100039928;130 214;A01;2;7;0;2;1;1;1;
62079;202100039928;130 215;B01;2;10;0;2;6;23;1;
62080;202100039929;130 213;A01;3;30;0;0;3;1;1;
62081;202100039930;130 211;A01;1;7;0;0;-1;1;1;
62082;202100039930;130 212;B01;2;7;0;9;1;1;1;
62083;202100039931;130 209;B01;0;40;0;0;7;24;3;
62084;202100039931;130 210;A01;2;1;0;4;0;2;5;
62085;202100039935;130 203;A01;1;7;15;0;1;0;1;
62086;202100039936;130 201;B01;2;10;0;2;8;19;1;
62087;202100039936;130 202;A01;2;7;0;2;1;19;1;
62088;202100039937;130 200;A01;0;7;6;0;1;16;1;
62089;202100039938;130 199;A01;1;7;0;1;1;19;1;
62090;202100039939;130 197;A01;2;7;0;2;1;9;1;
62091;202100039939;130 198;B01;2;7;0;2;3;1;1;
62092;202100039940;130 195;A01;1;1;1;0;1;17;5;
62093;202100039940;130 196;B01;1;7;1;0;3;22;1;
62094;202100039941;130 194;A01;3;7;0;1;2;26;1;
62095;202100039942;130 192;A01;1;7;0;2;3;9;1;
62096;202100039942;130 193;B01;2;2;0;2;7;1;1;
62097;202100039943;130 190;B01;1;7;0;2;3;1;1;
62098;202100039943;130 191;A01;1;1;0;2;1;1;5;
62099;202100039944;130 188;B01;2;7;0;2;8;1;1;
62100;202100039944;130 189;A01;2;7;0;2;3;1;1;
62101;202100039945;130 187;A01;2;7;0;1;2;1;1;
62102;202100039946;130 184;C01;2;7;0;2;3;1;1;
62103;202100039946;130 185;B01;1;7;0;2;5;2;1;
62104;202100039946;130 186;A01;1;7;0;2;3;2;2;
62105;202100039947;130 182;B01;0;37;0;2;0;1;1;1.0
62106;202100039947;130 183;A01;0;30;0;2;0;0;1;
62107;202100039948;130 180;B01;2;1;0;2;1;1;5;
62108;202100039948;130 181;A01;2;7;0;2;6;9;1;
62109;202100039949;130 178;A01;1;7;0;2;2;1;1;
62110;202100039949;130 179;B01;1;31;0;2;3;1;1;
62111;202100039950;130 177;A01;1;7;6;2;1;14;1;
62112;202100039951;130 175;B01;2;7;0;2;1;1;1;
62113;202100039951;130 176;A01;1;7;0;2;1;1;1;
62114;202100039953;130 172;A01;1;33;0;1;1;0;1;
62115;202100039954;130 170;B01;1;33;0;2;1;17;1;
62116;202100039954;130 171;A01;3;7;0;2;6;13;1;
62117;202100039955;130 169;A01;2;7;2;0;2;14;1;
62118;202100039956;130 168;A01;3;30;6;0;1;15;1;
62119;202100039957;130 166;B01;2;7;0;2;1;1;1;
62120;202100039957;130 167;A01;1;7;0;2;1;15;1;
62121;202100039958;130 164;B01;2;33;0;2;1;17;1;
62122;202100039958;130 165;A01;2;7;0;2;8;10;1;
62123;202100039959;130 163;A01;1;1;4;0;1;1;5;
62124;202100039960;130 161;A01;1;43;0;2;2;1;1;
62125;202100039960;130 162;B01;1;7;0;2;8;22;2;
62126;202100039961;130 159;A01;1;7;0;2;5;12;1;
62127;202100039961;130 160;B01;1;32;0;2;1;3;1;
62128;202100039962;130 158;A01;3;32;14;0;1;15;1;
62129;202100039963;130 156;A01;1;7;0;2;6;19;1;
62130;202100039963;130 157;B01;2;2;0;2;1;1;1;
62131;202100039964;130 154;B01;1;7;0;2;3;16;1;
62132;202100039964;130 155;A01;3;7;0;2;2;1;1;
62133;202100039965;130 152;B01;1;7;0;2;8;1;1;
62134;202100039965;130 153;A01;2;14;0;2;3;1;1;
62135;202100039967;130 148;B01;1;10;0;2;4;23;1;
62136;202100039967;130 149;A01;1;7;0;2;1;2;1;
62137;202100039968;130 147;A01;2;33;0;0;0;26;1;
62138;202100039969;130 145;B01;1;32;0;2;2;5;1;
62139;202100039969;130 146;A01;1;7;0;2;3;15;1;
62140;202100039970;130 143;A01;3;30;0;2;0;0;1;
62141;202100039970;130 144;B01;1;7;0;0;0;0;1;
62142;202100039971;130 142;A01;3;7;0;1;2;1;1;
62143;202100039972;130 140;B01;2;7;0;2;3;15;1;
62144;202100039972;130 141;A01;2;33;0;2;2;1;1;