;Num_Acc;id_vehicule;num_veh;senc;catv;obs;obsm;choc;manv;motor;occutc
62145;202100039973;130 139;A01;1;7;1;0;3;5;0;
62146;202100039974;130 137;A01;1;37;0;2;6;1;1;1.0
62147;202100039974;130 138;B01;2;30;0;2;1;1;1;
62148;202100039975;130 136;A01;2;10;0;1;1;7;1;
62149;202100039976;130 135;A01;1;2;0;0;8;1;1;
62150;202100039978;130 133;A01;2;15;0;0;2;0;1;
62151;202100039980;130 129;B01;2;7;0;0;4;2;1;
62152;202100039980;130 130;A01;2;17;0;2;1;2;1;
62153;202100039981;130 127;A01;1;33;0;2;1;2;1;
62154;202100039981;130 128;B01;1;33;0;0;4;2;1;
62155;202100039982;130 125;A01;1;7;2;0;3;13;1;
62156;202100039982;130 126;B01;2;2;0;2;1;1;1;
62157;202100039983;130 124;A01;1;7;15;9;1;16;1;
62158;202100039984;130 123;A01;1;33;12;0;1;1;1;
62159;202100039985;130 121;B01;2;3;0;2;3;15;1;
62160;202100039985;130 122;A01;2;33;0;2;2;17;1;
62161;202100039986;130 120;A01;1;36;0;0;0;14;1;
62162;202100039987;130 118;A01;1;7;0;2;1;1;1;
62163;202100039987;130 119;B01;3;7;0;2;2;1;1;
62164;202100039988;130 116;A01;3;7;0;2;3;1;1;
62165;202100039988;130 117;B01;3;7;0;2;3;1;1;
62166;202100039989;130 114;A01;3;2;0;2;1;0;1;
62167;202100039989;130 115;B01;3;7;0;2;2;16;1;
62168;202100039990;130 112;B01;1;2;0;2;0;1;1;
62169;202100039990;130 113;A01;1;7;0;2;3;9;1;
62170;202100039991;130 110;A01;2;7;15;2;7;1;1;
62171;202100039991;130 111;B01;1;7;15;2;1;1;1;
62172;202100039992;130 108;B01;2;1;0;2;1;1;6;
62173;202100039992;130 109;A01;1;7;0;9;6;15;1;
62174;202100039993;130 107;A01;2;31;0;0;0;17;1;
62175;202100039994;130 105;A01;1;7;0;0;1;1;1;
62176;202100039995;130 103;A01;1;33;0;2;8;15;1;
62177;202100039995;130 104;B01;1;33;0;2;7;1;1;
62178;202100039997;130 100;A01;2;7;13;0;2;1;1;
62179;202100039998;130 096;B01;0;7;0;2;2;1;1;
62180;202100039998;130 097;A01;3;7;0;2;1;19;1;
62181;202100039999;130 095;A01;1;36;0;0;0;0;1;
62182;202100040000;130 094;A01;1;33;14;6;1;1;1;
62183;202100040002;130 090;B01;2;1;0;2;8;2;0;
62184;202100040002;130 091;A01;1;7;0;2;7;17;0;
62185;202100040003;130 089;A01;2;33;0;0;7;1;1;
62186;202100040004;130 088;A01;2;7;3;0;9;1;1;
62187;202100040005;130 086;A01;2;7;0;2;3;1;1;
62188;202100040005;130 087;B01;1;7;0;2;3;1;1;
62189;202100040006;130 083;B01;1;7;0;2;1;1;0;
62190;202100040006;130 084;A01;2;7;0;2;8;19;1;
62191;202100040007;130 082;A01;2;33;2;0;1;2;1;
62192;202100040008;130 080;A01;1;10;1;0;1;0;1;
62193;202100040008;130 081;B01;1;7;0;0;4;23;1;
62194;202100040010;130 076;A01;3;7;0;1;2;16;1;
62195;202100040011;130 074;B01;1;7;0;0;6;1;1;
62196;202100040011;130 075;A01;2;7;0;2;3;13;1;
62197;202100040012;130 073;A01;2;10;0;1;2;15;1;
62198;202100040013;130 070;A01;1;2;0;0;1;0;1;
62199;202100040014;130 068;B01;2;7;0;2;1;1;1;
62200;202100040014;130 069;A01;2;7;0;0;7;1;1;
62201;202100040015;130 067;A01;1;7;4;0;2;14;1;
62202;202100040016;130 066;A01;3;7;3;0;2;1;1;
62203;202100040017;130 064;A01;2;33;0;2;1;2;1;
62204;202100040017;130 065;B01;2;7;0;2;4;2;1;
62205;202100040018;130 063;A01;2;10;4;0;3;2;1;
62206;202100040019;130 062;A01;1;7;4;0;3;13;1;
62207;202100040020;130 061;A01;2;7;3;0;2;12;1;
62208;202100040021;130 060;A01;2;31;0;0;0;21;1;
62209;202100040022;130 058;B01;1;7;0;2;8;1;3;
62210;202100040022;130 059;A01;1;7;0;2;1;12;1;
62211;202100040023;130 057;A01;2;7;0;1;0;1;1;
62212;202100040024;130 056;A01;0;7;0;1;5;20;2;
62213;202100040026;130 053;A01;1;30;0;2;1;13;1;
62214;202100040026;130 054;B01;2;7;0;2;1;1;1;
62215;202100040027;130 051;A01;1;10;0;2;3;10;1;
62216;202100040027;130 052;B01;2;31;0;2;1;1;1;
62217;202100040028;130 049;A01;3;30;0;2;1;1;1;
62218;202100040028;130 050;B01;3;7;0;2;4;15;0;
62219;202100040029;130 047;A01;3;7;8;2;1;1;1;
62220;202100040029;130 048;B01;1;7;0;2;8;1;1;
62221;202100040030;130 045;A01;1;7;0;2;8;15;1;
62222;202100040030;130 046;B01;2;2;0;2;8;18;1;
62223;202100040031;130 043;B01;3;2;0;2;1;10;1;
62224;202100040031;130 044;A01;3;7;0;2;1;1;1;
62225;202100040032;130 041;Z01;3;7;0;2;0;0;0;
62226;202100040032;130 042;B01;3;1;0;2;0;0;0;
62227;202100040033;130 039;A01;2;7;0;2;1;9;1;
62228;202100040033;130 040;B01;2;7;0;2;5;1;1;
62229;202100040034;130 038;A01;3;10;0;1;8;15;1;
62230;202100040035;130 036;B01;2;1;0;2;4;1;-1;
62231;202100040035;130 037;A01;2;7;0;2;2;13;4;
62232;202100040036;130 035;A01;3;32;0;0;0;0;0;
62233;202100040037;130 033;A01;3;30;0;9;1;14;3;
62234;202100040037;130 034;B01;3;1;0;2;8;0;0;
62235;202100040038;130 031;B01;2;10;0;2;5;23;1;
62236;202100040038;130 032;A01;2;30;0;2;1;3;0;
62237;202100040039;130 029;A01;3;7;14;0;3;14;1;
62238;202100040039;130 030;B01;3;7;0;2;3;23;2;
62239;202100040040;130 026;A01;2;7;0;9;0;2;1;
62240;202100040040;130 027;B01;2;7;0;9;1;2;1;
62241;202100040040;130 028;C01;2;7;0;9;1;2;1;
62242;202100040042;130 023;A01;1;7;0;9;2;14;1;
62243;202100040043;130 021;B01;1;10;0;2;6;15;1;
62244;202100040043;130 022;A01;1;7;0;2;1;17;1;
62245;202100040044;130 020;A01;1;30;8;2;7;21;1;
62246;202100040045;130 018;A01;2;30;0;2;1;1;1;
62247;202100040045;130 019;B01;1;7;0;2;3;15;1;
62248;202100040046;130 016;B01;1;7;0;2;1;1;1;
62249;202100040046;130 017;A01;1;7;0;2;7;15;1;
62250;202100040047;130 015;A01;1;7;0;9;1;26;1;
62251;202100040048;130 013;B01;2;7;0;2;1;26;1;
62252;202100040048;130 014;A01;1;10;10;2;1;13;1;
62253;202100040050;130 010;A01;2;30;0;0;2;26;6;
62254;202100040051;130 006;A01;1;7;0;2;1;1;1;
62255;202100040051;130 007;B01;1;7;0;2;4;1;1;
62256;202100040051;130 008;C01;1;7;0;2;4;1;1;
62257;202100040051;130 009;D01;1;7;0;2;4;2;1;
62258;202100040052;130 005;A01;1;30;0;0;8;2;1;
62259;202100040053;130 003;B01;3;1;0;2;7;19;5;
62260;202100040053;130 004;A01;1;7;0;2;1;1;1;
62261;202100040054;130 001;B01;1;33;0;2;2;1;1;
62262;202100040054;130 002;A01;1;7;0;2;3;20;1;
62263;202100040055;129 999;A01;2;2;0;2;2;14;1;
62264;202100040055;130 000;B01;1;7;0;2;3;1;1;
62265;202100040057;129 995;A01;1;7;0;2;3;15;1;
62266;202100040057;129 996;B01;1;2;0;2;1;17;1;
62267;202100040058;129 993;A01;2;30;0;2;1;17;1;
62268;202100040058;129 994;B01;2;7;0;2;3;15;1;
62269;202100040059;129 992;A01;1;33;0;0;0;21;1;
62270;202100040060;129 990;B01;1;7;0;2;9;1;1;
62271;202100040060;129 991;A01;3;7;0;2;1;1;1;
62272;202100040061;129 989;Z01;2;99;0;1;1;1;3;
62273;202100040062;129 987;B01;3;10;0;2;3;9;0;
62274;202100040062;129 988;A01;3;10;0;2;1;0;0;
62275;202100040064;129 983;A01;1;33;0;2;3;1;1;
62276;202100040064;129 984;B01;2;7;0;2;3;15;0;
62277;202100040065;129 981;B01;2;7;0;2;7;1;6;
62278;202100040065;129 982;A01;1;15;0;2;2;19;6;
62279;202100040066;129 980;A01;1;30;0;0;0;1;1;
62280;202100040067;129 978;A01;0;7;1;0;6;20;2;
62281;202100040067;129 979;B01;3;30;0;2;1;24;1;
62282;202100040068;129 976;B01;2;32;0;2;1;1;1;
62283;202100040068;129 977;A01;2;3;0;2;3;10;3;
62284;202100040070;129 973;A01;2;99;0;1;3;16;3;
62285;202100040071;129 970;A01;1;2;0;2;1;17;1;
62286;202100040071;129 971;B01;1;7;0;2;4;23;1;
62287;202100040071;129 972;C01;1;33;0;2;4;2;1;
62288;202100040072;129 968;A01;1;7;0;2;4;23;2;
62289;202100040072;129 969;B01;1;7;0;2;1;2;1;
62290;202100040073;129 966;A01;2;7;0;2;2;12;1;
62291;202100040073;129 967;B01;2;30;0;2;1;1;1;
62292;202100040074;129 964;B01;1;1;0;2;1;1;5;
62293;202100040074;129 965;A01;2;7;0;2;2;26;1;
62294;202100040075;129 962;A01;1;7;0;2;1;0;1;
62295;202100040075;129 963;B01;1;30;0;2;1;0;1;
62296;202100040076;129 961;A01;0;7;12;0;3;21;1;
62297;202100040077;129 959;A01;2;10;14;2;2;21;1;
62298;202100040077;129 960;B01;2;7;0;0;6;23;1;
62299;202100040078;129 957;B01;2;2;0;2;8;1;1;
62300;202100040078;129 958;A01;2;7;0;2;2;16;1;
62301;202100040081;129 951;B01;1;7;0;2;1;1;1;
62302;202100040081;129 952;A01;1;32;0;2;3;1;1;
62303;202100040082;129 949;B01;2;2;0;2;4;1;1;
62304;202100040082;129 950;A01;2;34;0;2;1;2;1;
62305;202100040083;129 947;B01;3;7;0;2;2;9;1;
62306;202100040083;129 948;A01;2;2;0;2;1;1;1;
62307;202100040084;129 945;A01;1;34;0;2;1;15;1;
62308;202100040084;129 946;B01;1;7;0;2;3;1;1;
62309;202100040085;129 942;A01;1;7;0;2;1;2;1;
62310;202100040085;129 943;B01;1;7;0;2;4;2;1;
62311;202100040085;129 944;C01;1;7;0;0;4;26;1;
62312;202100040086;129 941;A01;1;7;2;0;2;0;2;
62313;202100040087;129 939;A01;1;7;0;2;1;2;1;
62314;202100040087;129 940;B01;1;7;0;2;4;1;1;
62315;202100040089;129 934;A01;2;7;13;0;9;14;1;
62316;202100040090;129 932;B01;2;7;0;2;3;5;1;
62317;202100040090;129 933;A01;1;7;0;2;3;5;1;
62318;202100040091;129 930;A01;2;7;0;2;1;13;1;
62319;202100040091;129 931;B01;1;7;0;2;1;1;1;
62320;202100040092;129 929;A01;3;21;16;0;2;1;1;
62321;202100040093;129 927;A01;1;7;0;0;8;21;1;
62322;202100040093;129 928;B01;2;7;0;0;8;13;1;
62323;202100040094;129 926;A01;3;1;0;0;2;1;5;
62324;202100040095;129 925;A01;2;7;2;0;0;0;1;
62325;202100040096;129 924;A01;2;7;6;0;1;1;1;
62326;202100040097;129 923;A01;3;7;12;0;6;1;1;
62327;202100040098;129 921;A01;1;43;0;2;7;17;1;
62328;202100040098;129 922;B01;1;7;0;2;8;20;1;
62329;202100040099;129 920;A01;3;7;15;0;1;1;1;
62330;202100040100;129 918;A01;1;7;0;2;1;19;1;
62331;202100040100;129 919;B01;2;7;3;2;3;1;1;
62332;202100040101;129 917;A01;2;7;0;1;1;1;1;
62333;202100040102;129 916;A01;3;7;0;1;2;18;1;
62334;202100040103;129 913;C01;1;7;0;2;3;2;1;
62335;202100040103;129 914;B01;1;33;0;2;4;2;1;
62336;202100040103;129 915;A01;1;7;0;0;4;2;1;
62337;202100040104;129 911;A01;2;7;0;2;2;0;1;
62338;202100040104;129 912;B01;2;1;0;2;1;1;5;
62339;202100040105;129 909;B01;2;30;0;2;1;1;1;
62340;202100040105;129 910;A01;1;10;0;2;3;13;1;
62341;202100040106;129 908;A01;1;7;13;0;3;1;1;
62342;202100040107;129 907;A01;1;21;13;0;1;1;1;
62343;202100040108;129 905;A01;1;10;0;2;2;13;1;
62344;202100040108;129 906;B01;2;7;0;2;2;21;1;
62345;202100040109;129 904;A01;2;7;6;0;2;13;1;
62346;202100040111;129 901;B01;1;2;0;2;1;15;1;
62347;202100040111;129 902;A01;2;7;0;2;3;1;1;
62348;202100040112;129 899;A01;2;7;0;2;2;2;1;
62349;202100040112;129 900;B01;2;17;0;2;6;2;0;
62350;202100040113;129 897;B01;1;3;0;2;6;2;1;
62351;202100040113;129 898;A01;1;10;0;2;2;2;1;
62352;202100040114;129 895;A01;2;7;3;2;1;2;1;
62353;202100040114;129 896;B01;2;15;0;0;6;2;1;
62354;202100040115;129 894;A01;1;33;13;0;1;0;1;
62355;202100040116;129 892;A01;2;7;0;2;1;13;1;
62356;202100040116;129 893;B01;1;7;0;2;1;15;1;
62357;202100040117;129 891;A01;1;32;12;0;8;1;1;
62358;202100040118;129 889;A01;3;7;0;2;2;1;1;
62359;202100040118;129 890;B01;3;1;0;2;4;1;5;
62360;202100040119;129 888;A01;2;33;13;0;1;1;1;
62361;202100040120;129 886;A01;0;7;0;0;5;15;1;
62362;202100040120;129 887;B01;0;2;0;0;1;18;1;
62363;202100040121;129 884;A01;0;2;0;2;2;17;1;
62364;202100040121;129 885;B01;0;15;0;2;3;15;1;
62365;202100040122;129 883;A01;1;1;14;0;0;1;5;
62366;202100040123;129 882;A01;2;7;13;0;1;1;1;
62367;202100040124;129 881;A01;3;7;0;1;3;9;1;
62368;202100040125;129 879;B01;2;15;0;2;7;1;1;
62369;202100040125;129 880;A01;2;2;0;2;8;20;1;
62370;202100040126;129 877;B01;1;2;0;2;1;1;1;
62371;202100040126;129 878;A01;1;10;0;2;3;19;1;
62372;202100040127;129 875;B01;2;7;0;2;6;19;1;
62373;202100040127;129 876;A01;1;33;0;2;1;1;1;
62374;202100040128;129 874;A01;0;1;8;0;1;0;5;
62375;202100040129;129 870;A01;2;7;0;2;4;1;1;
62376;202100040129;129 871;B01;2;7;0;2;4;2;1;
62377;202100040129;129 872;C01;2;7;0;2;1;2;1;
62378;202100040129;129 873;D01;2;7;0;2;1;2;1;
62379;202100040130;129 865;A01;1;7;0;2;1;13;1;
62380;202100040130;129 866;B01;1;7;0;2;9;2;1;
62381;202100040130;129 867;C01;1;10;0;2;6;1;1;
62382;202100040130;129 868;D01;1;7;0;2;4;1;1;
62383;202100040130;129 869;E01;1;17;0;2;4;1;1;
62384;202100040131;129 864;A01;1;33;7;0;3;12;1;
62385;202100040132;129 861;A01;1;7;0;2;1;2;1;
62386;202100040132;129 862;B01;1;7;0;2;4;2;1;
62387;202100040132;129 863;C01;1;7;0;2;4;2;1;
62388;202100040133;129 860;A01;1;7;3;0;2;14;1;
62389;202100040134;129 859;A01;2;33;0;0;9;1;1;
62390;202100040135;129 858;A01;2;33;0;2;1;12;1;
62391;202100040136;129 854;A01;2;1;0;2;2;1;5;
62392;202100040136;129 855;B01;2;1;0;2;6;1;5;
62393;202100040137;129 852;A01;1;10;0;2;1;2;1;
62394;202100040137;129 853;B01;1;7;0;2;4;2;1;
62395;202100040138;129 850;B01;1;33;0;2;8;17;1;
62396;202100040138;129 851;A01;1;13;0;2;1;2;1;
62397;202100040139;129 849;A01;1;2;0;0;1;1;1;
62398;202100040140;129 847;A01;1;30;0;2;1;1;0;
62399;202100040140;129 848;B01;1;50;0;2;0;0;3;
62400;202100040141;129 845;A01;1;7;0;9;2;1;1;
62401;202100040141;129 846;B01;3;80;0;2;1;0;3;
62402;202100040142;129 843;B01;1;7;0;2;3;0;0;
62403;202100040142;129 844;A01;1;7;0;2;2;0;1;
62404;202100040143;129 841;A01;1;7;0;2;1;0;1;
62405;202100040143;129 842;B01;1;10;0;2;4;4;1;
62406;202100040144;129 840;A01;1;7;9;0;1;15;1;
62407;202100040145;129 838;Z01;1;10;0;2;0;9;1;
62408;202100040145;129 839;A01;1;43;0;2;1;1;1;
62409;202100040147;129 835;A01;2;7;0;2;6;15;1;
62410;202100040147;129 836;B01;1;32;0;2;1;1;0;
62411;202100040148;129 833;B01;2;2;0;2;1;17;1;
62412;202100040148;129 834;A01;2;7;0;2;3;10;1;
62413;202100040149;129 832;A01;2;1;0;2;8;1;5;
62414;202100040150;129 830;B01;1;7;0;2;1;1;1;
62415;202100040150;129 831;A01;1;7;0;2;2;17;1;
62416;202100040151;129 829;A01;3;7;0;1;1;1;1;
62417;202100040152;129 828;A01;1;50;0;1;1;14;3;
62418;202100040153;129 827;A01;1;7;0;0;1;1;1;
62419;202100040154;129 824;B01;2;7;0;0;4;15;1;
62420;202100040154;129 825;A01;2;7;0;2;1;1;1;
62421;202100040156;129 820;A01;1;7;0;2;2;19;1;
62422;202100040156;129 821;B01;2;7;0;2;8;1;1;
62423;202100040157;129 819;A01;0;30;0;0;0;14;1;
62424;202100040159;129 815;A01;1;7;0;2;3;10;1;
62425;202100040159;129 816;B01;2;2;0;2;7;1;1;
62426;202100040160;129 813;B01;1;2;0;2;1;2;0;
62427;202100040160;129 814;A01;2;7;0;2;6;15;1;
62428;202100040162;129 809;A01;2;7;0;2;2;16;1;
62429;202100040162;129 810;B01;2;1;0;2;3;1;5;
62430;202100040164;129 807;A01;3;7;6;0;1;14;1;
62431;202100040165;129 806;A01;1;7;7;0;2;16;-1;
62432;202100040166;129 804;A01;1;7;0;2;2;1;1;
62433;202100040166;129 805;B01;2;7;0;2;3;1;1;
62434;202100040167;129 803;A01;0;37;0;1;1;1;-1;1.0
62435;202100040168;129 802;A01;0;30;15;0;1;14;1;
62436;202100040169;129 801;A01;2;7;0;1;2;16;1;
62437;202100040170;129 799;A01;1;7;0;2;3;9;1;
62438;202100040170;129 800;B01;1;33;0;2;5;1;1;
62439;202100040171;129 797;B01;3;2;0;2;1;1;1;
62440;202100040171;129 798;A01;3;7;0;2;2;12;1;
62441;202100040172;129 794;A01;2;7;6;0;2;14;1;
62442;202100040173;129 790;A01;1;7;0;2;1;2;1;
62443;202100040173;129 791;D01;1;7;0;2;4;1;1;
62444;202100040173;129 792;C01;1;7;0;2;4;1;1;
62445;202100040173;129 793;B01;1;7;0;2;4;1;1;
62446;202100040174;129 788;B01;1;1;0;2;1;1;5;
62447;202100040174;129 789;A01;2;7;0;2;2;15;1;
62448;202100040175;129 786;A01;1;7;0;9;1;1;1;
62449;202100040175;129 787;B01;1;2;0;2;1;1;1;
62450;202100040176;129 784;A01;1;7;1;0;2;14;1;
62451;202100040176;129 785;B01;3;14;0;2;6;23;1;
62452;202100040177;129 782;A01;2;10;0;9;3;20;1;
62453;202100040177;129 783;B01;2;1;1;0;1;0;5;
62454;202100040178;129 781;A01;1;1;0;0;0;26;0;
62455;202100040179;129 780;A01;1;7;0;4;1;26;1;
62456;202100040180;129 778;B01;1;1;0;2;3;0;6;
62457;202100040180;129 779;A01;1;7;0;9;2;26;1;
62458;202100040181;129 776;A01;3;7;0;2;2;1;1;
62459;202100040181;129 777;B01;2;7;0;2;8;14;1;
62460;202100040182;129 774;A01;1;42;0;2;1;1;1;
62461;202100040182;129 775;B01;1;7;0;2;4;1;1;
62462;202100040183;129 773;A01;0;33;13;0;1;26;0;
62463;202100040184;129 771;A01;2;7;0;2;8;15;1;
62464;202100040184;129 772;B01;1;37;0;2;1;1;1;1.0
62465;202100040186;129 768;A01;2;30;0;0;7;26;1;
62466;202100040187;129 767;Z01;2;7;0;1;1;1;1;
62467;202100040188;129 765;B01;1;7;0;2;4;26;1;
62468;202100040188;129 766;A01;1;7;0;2;1;26;1;
62469;202100040189;129 763;B01;1;1;1;2;7;17;5;
62470;202100040189;129 764;A01;1;17;0;2;8;22;1;
62471;202100040190;129 762;A01;0;7;0;1;1;16;1;
62472;202100040191;129 760;A01;2;30;0;4;8;19;1;
62473;202100040191;129 761;B01;2;40;0;2;1;1;3;
62474;202100040193;129 756;A01;2;7;0;2;3;1;1;
62475;202100040193;129 757;B01;2;1;0;2;7;25;5;
62476;202100040194;129 754;A01;1;2;0;2;2;1;1;
62477;202100040194;129 755;B01;1;7;0;2;5;16;1;
62478;202100040195;129 752;B01;2;7;0;2;1;1;1;
62479;202100040195;129 753;A01;1;7;0;2;2;15;1;
62480;202100040196;129 750;B01;1;7;0;2;4;2;1;
62481;202100040196;129 751;A01;1;7;0;2;1;2;1;
62482;202100040197;129 748;A01;1;7;0;2;2;15;1;
62483;202100040197;129 749;B01;1;2;0;2;8;21;1;
62484;202100040198;129 746;B01;0;1;0;2;3;1;5;
62485;202100040198;129 747;A01;0;37;0;2;2;1;1;2.0
62486;202100040199;129 745;A01;3;7;0;1;1;9;1;
62487;202100040200;129 743;B01;1;7;0;2;4;2;1;
62488;202100040200;129 744;A01;1;7;0;2;1;2;1;
62489;202100040201;129 740;A01;3;2;0;2;9;17;1;
62490;202100040201;129 741;B01;3;7;0;9;8;2;1;
62491;202100040201;129 742;C01;3;10;0;9;8;0;1;
62492;202100040202;129 738;A01;1;1;0;2;7;3;5;
62493;202100040202;129 739;B01;1;7;0;2;1;1;1;
62494;202100040203;129 735;C01;1;7;0;2;1;0;1;
62495;202100040203;129 736;B01;2;7;0;2;7;1;1;
62496;202100040203;129 737;A01;2;7;0;2;1;17;1;
62497;202100040204;129 732;C01;1;7;0;2;3;23;1;
62498;202100040204;129 733;B01;1;34;0;2;1;1;1;
62499;202100040204;129 734;A01;1;32;0;2;1;2;1;
62500;202100040205;129 730;B01;0;31;0;2;2;12;1;
62501;202100040205;129 731;A01;3;7;0;2;3;1;1;
62502;202100040206;129 729;A01;3;7;0;1;5;20;1;
62503;202100040207;129 728;A01;2;7;0;1;2;1;1;
62504;202100040208;129 726;A01;1;10;0;2;1;0;0;
62505;202100040208;129 727;B01;1;10;0;2;4;0;6;
62506;202100040209;129 724;B01;2;7;-1;2;8;1;1;
62507;202100040209;129 725;A01;2;7;-1;2;6;10;1;
62508;202100040210;129 723;A01;2;7;0;1;1;1;1;
62509;202100040211;129 722;A01;3;7;6;0;1;14;1;
62510;202100040212;129 720;B01;2;7;0;2;8;10;1;
62511;202100040212;129 721;A01;2;10;0;2;2;17;1;
62512;202100040213;129 718;B01;3;7;0;2;4;9;1;
62513;202100040213;129 719;A01;3;7;0;2;1;9;1;
62514;202100040214;129 716;A01;1;33;0;2;8;12;1;
62515;202100040214;129 717;B01;1;10;0;2;5;1;1;
62516;202100040215;129 714;A01;1;32;0;2;3;3;1;
62517;202100040215;129 715;B01;1;7;0;2;7;12;1;
62518;202100040216;129 710;A01;2;7;0;2;1;2;1;
62519;202100040216;129 711;B01;2;7;0;2;4;2;1;
62520;202100040216;129 712;C01;2;7;0;2;6;1;1;
62521;202100040216;129 713;D01;2;7;0;2;5;2;1;
62522;202100040217;129 709;A01;2;7;0;1;2;1;1;
62523;202100040218;129 707;B01;1;30;0;2;1;3;1;
62524;202100040218;129 708;A01;2;7;0;2;2;9;1;
62525;202100040219;129 705;A01;2;2;0;2;7;2;1;
62526;202100040219;129 706;Z01;2;30;0;2;7;13;0;
62527;202100040220;129 704;A01;2;50;0;1;1;5;3;
62528;202100040221;129 702;B01;1;7;0;2;6;22;1;
62529;202100040221;129 703;A01;1;30;0;2;0;18;1;
62530;202100040222;129 701;A01;1;7;0;1;1;1;1;
62531;202100040223;129 699;A01;2;34;0;2;4;2;1;
62532;202100040223;129 700;Z01;2;7;0;2;0;2;0;
62533;202100040224;129 697;A01;1;7;0;2;4;2;1;
62534;202100040224;129 698;B01;1;1;0;2;1;2;5;
62535;202100040225;129 696;A01;2;50;0;0;0;15;3;
62536;202100040226;129 694;B01;3;7;0;2;1;1;1;
62537;202100040226;129 695;A01;3;1;0;2;7;7;5;
62538;202100040227;129 692;A01;2;7;0;2;1;1;0;
62539;202100040227;129 693;B01;2;7;0;2;4;1;2;
62540;202100040228;129 691;A01;1;43;0;1;1;1;1;
62541;202100040229;129 689;B01;2;30;0;2;0;0;0;
62542;202100040229;129 690;A01;2;30;0;2;3;13;1;
62543;202100040230;129 687;A01;1;2;0;2;1;2;1;
62544;202100040230;129 688;B01;3;7;0;2;6;23;1;
62545;202100040231;129 686;A01;1;7;15;0;1;16;1;
62546;202100040232;129 684;A01;3;7;0;2;0;0;1;
62547;202100040232;129 685;B01;3;31;0;2;0;0;1;
62548;202100040233;129 682;A01;2;7;0;2;8;15;1;
62549;202100040233;129 683;B01;2;32;0;2;1;1;1;
62550;202100040234;129 680;A01;1;7;0;0;1;1;1;
62551;202100040234;129 681;B01;1;3;0;0;4;1;1;
62552;202100040235;129 678;B01;2;31;0;2;3;3;1;
62553;202100040235;129 679;A01;2;7;0;2;2;12;1;
62554;202100040236;129 677;A01;1;14;0;1;5;1;0;
62555;202100040237;129 675;B01;2;1;1;0;1;1;5;
62556;202100040237;129 676;A01;2;7;0;2;3;22;1;
62557;202100040238;129 673;B01;2;1;0;2;3;0;0;
62558;202100040238;129 674;A01;1;7;0;2;3;15;1;
62559;202100040239;129 672;A01;1;30;0;0;0;0;1;
62560;202100040240;129 670;A01;1;7;0;2;0;15;0;
62561;202100040240;129 671;B01;2;1;0;2;0;1;5;
62562;202100040241;129 669;A01;1;7;11;0;1;13;1;
62563;202100040243;129 665;A01;1;7;0;0;4;1;1;
62564;202100040243;129 666;B01;1;7;0;2;1;2;1;
62565;202100040244;129 663;A01;3;7;0;2;1;16;1;
62566;202100040244;129 664;B01;3;1;0;2;1;15;5;
62567;202100040246;129 661;A01;2;7;13;0;9;1;1;
62568;202100040247;129 660;A01;1;33;4;0;8;1;1;
62569;202100040248;129 659;A01;2;7;2;0;1;1;1;
62570;202100040249;129 657;A01;2;33;0;0;7;1;1;
62571;202100040251;129 655;A01;1;7;0;1;2;1;1;
62572;202100040252;129 654;A01;1;7;10;0;8;1;1;
62573;202100040253;129 649;B01;2;7;0;9;1;17;1;
62574;202100040253;129 650;A01;2;1;0;9;4;15;0;
62575;202100040255;129 647;A01;1;7;13;0;1;1;1;
62576;202100040256;129 645;B01;0;7;0;0;3;1;1;
62577;202100040256;129 646;A01;0;7;0;2;3;13;1;
62578;202100040257;129 644;A01;3;32;14;0;0;0;1;
62579;202100040258;129 643;A01;1;33;0;0;0;1;1;
62580;202100040259;129 641;B01;1;7;0;2;2;21;1;
62581;202100040259;129 642;A01;1;7;0;2;1;9;1;
62582;202100040260;129 639;B01;2;30;0;2;1;1;1;
62583;202100040260;129 640;A01;0;10;0;2;3;15;1;
62584;202100040261;129 638;A01;2;7;6;0;3;1;1;
62585;202100040262;129 636;B01;3;1;0;2;1;1;5;
62586;202100040262;129 637;A01;3;2;0;9;1;1;1;
62587;202100040263;129 635;A01;1;2;12;0;9;1;1;
62588;202100040264;129 633;B01;2;2;0;2;1;1;1;
62589;202100040264;129 634;A01;1;7;0;2;1;15;1;
62590;202100040265;129 631;A01;1;10;0;2;1;0;1;
62591;202100040265;129 632;B01;1;50;0;2;4;0;3;
62592;202100040266;129 630;A01;1;33;0;6;1;1;1;
62593;202100040267;129 629;A01;1;2;0;0;7;1;1;
62594;202100040268;129 627;A01;0;7;0;0;8;15;1;
62595;202100040268;129 628;B01;1;7;0;2;3;1;1;
62596;202100040269;129 625;A01;2;7;8;0;1;13;1;
62597;202100040271;129 620;B01;1;7;0;0;3;2;1;
62598;202100040271;129 621;A01;1;2;0;2;2;2;1;
62599;202100040272;129 618;B01;2;33;0;2;1;17;1;
62600;202100040272;129 619;A01;2;7;0;2;3;15;1;
62601;202100040273;129 616;B01;1;33;0;2;1;2;1;
62602;202100040273;129 617;A01;1;7;0;0;4;2;1;
62603;202100040275;129 614;A01;0;2;0;0;1;6;1;
62604;202100040277;129 612;A01;1;33;2;0;8;1;1;
62605;202100040278;129 611;A01;2;7;8;0;1;1;1;
62606;202100040279;129 609;A01;2;7;0;2;3;19;1;