;Num_Acc;id_vehicule;num_veh;senc;catv;obs;obsm;choc;manv;motor;occutc
62607;202100040279;129 610;B01;1;33;0;2;2;1;1;
62608;202100040281;129 604;A01;2;33;0;2;2;2;1;
62609;202100040281;129 605;B01;2;7;0;0;6;2;1;
62610;202100040282;129 603;A01;0;7;4;0;2;2;1;
62611;202100040283;129 602;A01;2;33;0;0;0;0;1;
62612;202100040285;129 599;B01;1;7;0;2;3;1;1;
62613;202100040285;129 600;A01;2;7;0;2;3;1;1;
62614;202100040286;129 594;A01;2;15;0;2;3;1;1;
62615;202100040286;129 595;B01;1;7;0;2;1;1;1;
62616;202100040286;129 596;C01;2;7;0;2;1;1;1;
62617;202100040286;129 597;D01;1;7;0;2;1;13;1;
62618;202100040287;129 593;A01;2;7;4;0;2;13;1;
62619;202100040288;129 590;A01;2;7;0;2;4;1;1;
62620;202100040288;129 591;B01;2;10;0;2;1;2;1;
62621;202100040288;129 592;C01;2;10;0;2;1;2;1;
62622;202100040290;129 584;A01;2;14;0;0;2;1;0;
62623;202100040291;129 582;A01;2;32;0;2;1;12;1;
62624;202100040291;129 583;B01;2;7;0;0;4;1;1;
62625;202100040292;129 579;C01;2;7;0;1;3;2;1;
62626;202100040292;129 580;B01;2;7;0;2;5;2;1;
62627;202100040292;129 581;A01;2;32;0;2;1;3;1;
62628;202100040293;129 576;C01;1;15;0;2;4;2;1;
62629;202100040293;129 577;A01;1;15;0;2;1;2;1;
62630;202100040293;129 578;B01;1;7;0;2;4;2;1;
62631;202100040294;129 574;B01;1;7;0;2;6;12;1;
62632;202100040294;129 575;A01;1;33;0;2;1;3;1;
62633;202100040295;129 573;A01;2;2;0;1;1;17;1;
62634;202100040296;129 571;A01;1;32;0;2;2;21;1;
62635;202100040296;129 572;B01;2;32;0;2;1;0;1;
62636;202100040297;129 570;A01;1;7;0;1;0;26;0;
62637;202100040298;129 569;A01;0;10;0;1;1;1;1;
62638;202100040299;129 568;A01;1;7;1;1;7;1;1;
62639;202100040300;129 567;A01;3;7;0;1;2;1;1;
62640;202100040301;129 565;B01;3;33;0;2;1;1;1;
62641;202100040301;129 566;A01;3;7;0;2;1;15;1;
62642;202100040303;129 561;B01;2;7;0;2;1;1;1;
62643;202100040303;129 562;A01;1;7;0;2;1;13;1;
62644;202100040304;129 560;A01;3;33;0;2;0;21;1;
62645;202100040305;129 558;A01;3;30;0;2;1;2;1;
62646;202100040305;129 559;B01;3;7;0;2;4;0;1;
62647;202100040306;129 556;B01;2;7;0;2;4;16;1;
62648;202100040306;129 557;Z01;2;7;0;2;1;1;1;
62649;202100040307;129 555;A01;3;50;4;0;1;1;3;
62650;202100040308;129 553;B01;2;2;0;2;1;0;1;
62651;202100040308;129 554;A01;2;7;0;2;7;16;2;
62652;202100040309;129 551;B01;2;7;0;2;2;1;1;
62653;202100040309;129 552;A01;2;7;0;2;7;15;1;
62654;202100040310;129 549;B01;1;31;0;2;1;1;1;
62655;202100040310;129 550;A01;2;7;0;2;8;15;1;
62656;202100040311;129 547;A01;1;1;0;2;7;1;5;
62657;202100040311;129 548;B01;1;7;0;2;1;1;1;
62658;202100040312;129 545;B01;1;33;0;2;9;3;1;
62659;202100040312;129 546;A01;1;7;0;2;3;11;1;
62660;202100040314;129 542;A01;3;7;0;2;7;1;1;
62661;202100040314;129 543;B01;3;7;0;2;1;1;1;
62662;202100040315;129 540;A01;1;7;0;1;2;1;1;
62663;202100040316;129 538;A01;3;7;0;2;1;1;1;
62664;202100040316;129 539;B01;3;7;0;2;4;23;1;
62665;202100040317;129 537;A01;2;7;6;0;9;1;1;
62666;202100040319;129 534;A01;0;7;8;1;1;1;1;
62667;202100040320;129 533;A01;0;7;0;1;2;5;1;
62668;202100040321;129 531;B01;1;1;0;2;2;1;5;
62669;202100040321;129 532;A01;1;7;0;2;1;1;1;
62670;202100040322;129 529;B01;0;1;0;2;8;1;5;
62671;202100040322;129 530;A01;0;7;0;2;3;9;1;
62672;202100040323;129 527;B01;1;31;0;2;5;0;1;
62673;202100040323;129 528;A01;1;7;0;2;3;9;1;
62674;202100040324;129 525;A01;3;10;0;2;8;1;1;
62675;202100040324;129 526;B01;1;50;0;2;1;1;3;
62676;202100040325;129 523;B01;2;7;0;2;3;1;1;
62677;202100040325;129 524;A01;1;30;0;2;6;15;1;
62678;202100040327;129 520;A01;1;33;12;0;8;1;1;
62679;202100040328;129 518;A01;3;7;0;2;3;11;1;
62680;202100040328;129 519;B01;3;2;0;2;7;1;1;
62681;202100040329;129 517;A01;1;7;0;1;3;26;1;
62682;202100040330;129 515;B01;0;7;0;2;4;2;1;
62683;202100040330;129 516;A01;0;7;0;2;1;2;1;
62684;202100040331;129 513;A01;0;7;0;2;8;24;1;
62685;202100040331;129 514;B01;0;1;0;2;7;1;5;
62686;202100040332;129 510;B01;0;10;0;2;8;23;1;
62687;202100040332;129 511;A01;2;33;0;2;1;26;1;
62688;202100040332;129 512;C01;0;7;0;2;6;23;1;
62689;202100040333;129 508;A01;1;7;0;2;7;17;1;
62690;202100040333;129 509;B01;1;2;0;2;8;1;1;
62691;202100040334;129 507;A01;2;7;0;1;1;1;1;
62692;202100040335;129 506;A01;1;7;0;1;7;14;1;
62693;202100040336;129 505;A01;1;7;0;1;4;20;1;
62694;202100040337;129 504;A01;0;50;0;0;1;15;3;
62695;202100040338;129 501;B01;1;37;0;2;3;0;1;1.0
62696;202100040338;129 502;A01;1;7;0;2;0;26;1;
62697;202100040339;129 499;A01;1;7;0;2;3;26;1;
62698;202100040339;129 500;B01;1;1;0;2;0;26;6;
62699;202100040341;129 496;A01;3;33;0;0;0;21;1;
62700;202100040342;129 494;B01;1;1;0;2;0;17;5;
62701;202100040342;129 495;A01;1;2;0;2;0;15;1;
62702;202100040343;129 492;A01;1;7;0;2;2;0;1;
62703;202100040343;129 493;B01;1;7;0;2;6;1;1;
62704;202100040344;129 490;A01;1;7;0;2;1;1;1;
62705;202100040344;129 491;B01;1;7;0;2;8;1;1;
62706;202100040345;129 489;A01;2;40;0;1;2;1;3;
62707;202100040346;129 487;B01;2;7;0;2;6;1;1;
62708;202100040346;129 488;A01;2;7;0;2;1;1;1;
62709;202100040347;129 485;A01;2;30;0;2;7;21;1;
62710;202100040347;129 486;B01;2;7;0;2;6;16;1;
62711;202100040348;129 482;B01;1;7;0;2;7;1;1;
62712;202100040348;129 483;A01;1;1;0;2;1;15;5;
62713;202100040349;129 480;B01;1;1;0;2;1;1;5;
62714;202100040349;129 481;A01;2;7;0;2;3;9;1;
62715;202100040351;129 478;A01;1;50;0;1;1;1;3;
62716;202100040352;129 477;A01;1;36;13;0;1;1;1;
62717;202100040353;129 476;Z01;1;7;0;1;1;1;1;
62718;202100040354;129 472;B01;2;7;0;2;6;23;1;
62719;202100040354;129 473;C01;2;7;0;2;1;23;1;
62720;202100040354;129 474;Z01;2;7;0;2;0;13;1;
62721;202100040354;129 475;A01;1;33;0;2;1;13;1;
62722;202100040356;129 469;B01;3;10;0;2;0;0;1;
62723;202100040356;129 470;A01;3;7;0;2;1;2;1;
62724;202100040357;129 467;A01;0;32;0;2;1;2;1;
62725;202100040357;129 468;B01;0;7;0;2;6;13;1;
62726;202100040358;129 465;A01;1;10;0;2;1;1;1;
62727;202100040358;129 466;B01;1;7;0;2;4;23;1;
62728;202100040359;129 462;A01;1;34;0;2;1;26;1;
62729;202100040359;129 463;B01;1;7;0;9;4;2;1;
62730;202100040359;129 464;C01;1;7;0;2;1;2;3;
62731;202100040360;129 460;B01;1;7;0;2;6;1;1;
62732;202100040360;129 461;A01;2;7;0;2;8;0;1;
62733;202100040361;129 458;A01;0;7;0;2;5;4;1;
62734;202100040361;129 459;B01;0;2;0;2;2;1;1;
62735;202100040362;129 457;A01;3;7;0;1;1;26;1;
62736;202100040363;129 455;B01;2;2;0;2;2;2;1;
62737;202100040363;129 456;A01;2;7;0;2;8;15;1;
62738;202100040364;129 454;A01;2;1;1;0;7;18;5;
62739;202100040365;129 452;A01;1;7;0;2;3;15;1;
62740;202100040365;129 453;B01;1;33;0;2;2;17;1;
62741;202100040366;129 450;B01;1;1;0;2;8;17;5;
62742;202100040366;129 451;A01;1;7;0;2;2;17;1;
62743;202100040367;129 448;A01;2;7;0;2;1;2;1;
62744;202100040367;129 449;B01;2;7;0;2;4;23;1;
62745;202100040368;129 447;A01;2;50;0;1;1;25;3;
62746;202100040369;129 446;A01;2;7;14;1;1;14;3;
62747;202100040370;129 445;A01;0;10;0;1;2;16;1;
62748;202100040371;129 444;A01;2;1;0;1;1;1;5;
62749;202100040372;129 443;A01;3;7;0;1;2;17;1;
62750;202100040374;129 439;A01;1;80;0;2;7;17;3;
62751;202100040374;129 440;B01;1;80;0;2;8;13;3;
62752;202100040375;129 437;B01;1;33;0;2;1;1;1;
62753;202100040375;129 438;A01;2;7;0;2;2;15;1;
62754;202100040376;129 435;A01;3;7;0;2;1;1;1;
62755;202100040376;129 436;B01;1;7;1;2;8;1;1;
62756;202100040377;129 433;A01;2;1;0;2;4;1;5;
62757;202100040377;129 434;Z01;2;10;0;2;1;1;0;
62758;202100040378;129 430;A01;1;1;0;2;0;1;5;
62759;202100040378;129 431;B01;1;1;0;0;0;17;5;
62760;202100040378;129 432;C01;1;32;0;0;0;17;1;
62761;202100040379;129 428;A01;1;10;0;2;2;14;1;
62762;202100040379;129 429;B01;1;33;0;2;2;0;1;
62763;202100040380;129 426;B01;1;7;0;2;3;9;1;
62764;202100040380;129 427;A01;1;31;0;2;1;19;1;
62765;202100040381;129 425;A01;1;7;1;1;0;1;0;
62766;202100040382;129 424;A01;3;7;0;1;1;1;1;
62767;202100040383;129 423;A01;3;7;0;1;1;26;0;
62768;202100040384;129 418;A01;3;7;0;2;1;9;1;
62769;202100040384;129 419;B01;3;7;0;2;4;23;1;
62770;202100040384;129 420;C01;3;7;0;2;5;23;1;
62771;202100040385;129 417;A01;3;7;1;1;4;26;1;
62772;202100040386;129 415;A01;3;7;0;2;1;26;1;
62773;202100040386;129 416;B01;3;7;0;2;6;1;1;
62774;202100040387;129 414;A01;2;7;0;1;1;1;1;
62775;202100040389;129 411;A01;1;7;11;0;1;13;1;
62776;202100040390;129 410;A01;2;7;0;0;2;12;1;
62777;202100040393;129 406;A01;1;3;6;0;3;1;1;
62778;202100040395;129 402;B01;1;7;0;2;3;1;1;
62779;202100040395;129 403;A01;2;2;0;2;1;13;1;
62780;202100040396;129 401;A01;0;1;0;0;0;16;5;
62781;202100040397;129 399;A01;3;7;0;2;1;9;1;
62782;202100040397;129 400;B01;1;7;0;2;2;1;1;
62783;202100040398;129 398;A01;2;31;2;0;1;0;1;
62784;202100040399;129 397;A01;1;7;16;0;2;1;1;
62785;202100040400;129 396;A01;1;7;6;0;1;21;1;
62786;202100040401;129 394;B01;2;7;0;2;1;1;1;
62787;202100040401;129 395;A01;1;7;0;2;2;15;1;
62788;202100040402;129 393;A01;2;33;13;0;1;1;1;
62789;202100040403;129 391;A01;3;7;0;2;3;1;1;
62790;202100040403;129 392;B01;3;2;0;2;3;1;1;
62791;202100040404;129 389;B01;3;7;0;2;1;16;1;
62792;202100040404;129 390;A01;3;7;0;0;7;15;1;
62793;202100040405;129 388;A01;1;15;13;0;1;13;1;
62794;202100040406;129 386;A01;3;7;0;2;7;1;1;
62795;202100040406;129 387;B01;0;7;0;2;1;1;2;
62796;202100040408;129 382;B01;1;2;0;0;4;2;1;
62797;202100040408;129 383;A01;1;2;0;0;1;1;1;
62798;202100040409;129 380;B01;2;7;0;2;3;1;1;
62799;202100040409;129 381;A01;1;7;0;2;3;1;1;
62800;202100040411;129 376;A01;0;7;0;2;1;21;1;
62801;202100040411;129 377;B01;0;7;0;2;1;13;1;
62802;202100040412;129 375;A01;2;7;2;6;1;1;1;
62803;202100040413;129 373;A01;1;7;0;2;3;16;1;
62804;202100040413;129 374;B01;1;7;6;2;7;1;1;
62805;202100040414;129 371;A01;3;7;0;9;1;1;1;
62806;202100040414;129 372;B01;3;1;0;2;4;1;5;
62807;202100040415;129 370;A01;1;33;3;0;0;1;1;
62808;202100040416;129 368;B01;2;7;3;0;4;2;1;
62809;202100040416;129 369;A01;2;7;0;2;1;2;1;
62810;202100040417;129 367;A01;2;33;3;0;1;0;1;
62811;202100040418;129 365;A01;2;7;0;0;2;13;6;
62812;202100040418;129 366;B01;2;7;0;0;3;19;6;
62813;202100040419;129 364;A01;1;7;0;1;1;1;0;
62814;202100040420;129 362;B01;3;7;0;2;1;1;1;
62815;202100040420;129 363;A01;3;2;0;2;1;9;1;
62816;202100040421;129 361;A01;2;7;2;0;1;13;1;
62817;202100040422;129 359;A01;3;7;0;2;3;1;1;
62818;202100040422;129 360;B01;3;1;0;2;1;17;5;
62819;202100040423;129 358;A01;1;33;0;0;7;1;1;
62820;202100040424;129 357;A01;2;2;14;0;1;1;1;
62821;202100040425;129 354;Z01;2;15;0;2;0;2;6;
62822;202100040425;129 355;B01;2;7;0;2;1;2;1;
62823;202100040425;129 356;A01;2;10;0;2;1;2;1;
62824;202100040426;129 352;A01;1;10;0;2;1;1;1;
62825;202100040426;129 353;B01;1;7;0;2;4;2;1;
62826;202100040427;129 351;A01;1;7;0;2;8;2;1;
62827;202100040428;129 347;C01;2;33;0;2;9;0;1;
62828;202100040428;129 348;D01;2;7;0;2;4;0;1;
62829;202100040428;129 349;A01;2;7;0;2;1;0;1;
62830;202100040428;129 350;B01;2;7;0;2;4;0;1;
62831;202100040429;129 345;A01;1;7;3;2;1;18;1;
62832;202100040429;129 346;B01;1;15;0;2;4;1;1;
62833;202100040430;129 343;B01;1;7;0;2;4;2;1;
62834;202100040430;129 344;A01;1;7;0;2;1;1;1;
62835;202100040431;129 341;B01;1;30;0;2;2;0;1;
62836;202100040431;129 342;A01;1;7;0;2;3;1;1;
62837;202100040432;129 339;A01;2;33;0;2;8;2;1;
62838;202100040432;129 340;B01;2;7;0;2;2;14;1;
62839;202100040433;129 336;C01;2;31;0;2;7;3;1;
62840;202100040433;129 337;B01;2;10;0;2;8;1;1;
62841;202100040433;129 338;A01;2;33;0;2;8;3;1;
62842;202100040434;129 335;A01;2;33;3;0;2;1;1;
62843;202100040435;129 332;C01;2;7;0;2;6;1;1;
62844;202100040435;129 333;B01;2;43;0;2;1;3;1;
62845;202100040435;129 334;A01;2;7;0;2;5;11;1;
62846;202100040436;129 330;B01;2;33;0;2;3;3;1;
62847;202100040436;129 331;A01;2;7;0;2;2;14;1;
62848;202100040437;129 328;B01;1;33;0;2;1;1;1;
62849;202100040437;129 329;A01;1;7;0;2;3;9;1;
62850;202100040438;129 326;A01;1;31;0;2;1;17;1;
62851;202100040438;129 327;B01;2;7;0;2;3;15;1;
62852;202100040439;129 324;A01;1;30;0;2;1;1;1;
62853;202100040439;129 325;B01;2;7;0;2;1;1;1;
62854;202100040441;129 320;A01;3;7;0;2;3;2;1;
62855;202100040441;129 321;B01;0;1;0;2;1;2;5;
62856;202100040442;129 318;A01;2;7;0;2;4;23;1;
62857;202100040442;129 319;B01;2;7;0;2;1;1;0;
62858;202100040443;129 316;A01;1;7;0;2;8;15;1;
62859;202100040443;129 317;B01;2;33;0;2;1;13;1;
62860;202100040444;129 314;B01;1;10;0;0;4;1;1;
62861;202100040444;129 315;A01;1;2;0;2;1;2;1;
62862;202100040445;129 312;B01;1;2;0;2;4;1;1;
62863;202100040445;129 313;A01;1;7;0;9;1;2;2;
62864;202100040446;129 310;B01;1;2;0;2;8;1;1;
62865;202100040446;129 311;A01;1;7;0;9;7;15;1;
62866;202100040447;129 308;A01;1;7;0;9;2;16;1;
62867;202100040447;129 309;B01;1;1;0;2;3;2;0;
62868;202100040448;129 307;A01;0;7;9;0;9;14;1;
62869;202100040450;129 303;A01;2;0;0;0;0;17;0;
62870;202100040450;129 304;B01;2;1;0;0;0;1;5;
62871;202100040451;129 302;A01;1;7;8;1;1;0;1;
62872;202100040452;129 300;B01;1;43;0;2;7;2;1;
62873;202100040452;129 301;Z01;1;7;0;2;6;3;0;
62874;202100040453;129 298;B01;3;7;0;2;8;15;1;
62875;202100040453;129 299;A01;3;10;0;2;2;17;1;
62876;202100040455;129 294;C01;3;1;0;2;7;0;6;
62877;202100040455;129 295;B01;3;1;0;2;7;0;5;
62878;202100040455;129 296;A01;3;7;0;2;3;0;1;
62879;202100040456;129 293;A01;1;7;0;1;3;1;1;
62880;202100040457;129 291;B01;2;7;0;2;7;1;1;
62881;202100040457;129 292;A01;1;1;0;2;1;9;5;
62882;202100040458;129 289;B01;2;7;0;2;1;1;1;
62883;202100040458;129 290;A01;1;7;0;2;7;15;1;
62884;202100040460;129 285;B01;1;2;0;2;1;1;1;
62885;202100040460;129 286;A01;2;7;0;2;3;15;1;
62886;202100040461;129 283;B01;1;7;0;2;0;26;1;
62887;202100040461;129 284;A01;3;7;0;2;0;19;1;
62888;202100040462;129 281;B01;3;32;0;2;1;1;1;
62889;202100040462;129 282;A01;2;7;0;2;2;1;1;
62890;202100040463;129 280;A01;1;7;0;1;1;1;2;
62891;202100040465;129 276;A01;0;7;8;0;3;13;1;
62892;202100040466;129 275;A01;0;30;1;0;7;14;1;
62893;202100040467;129 273;B01;-1;7;0;2;1;1;1;
62894;202100040467;129 274;A01;3;50;0;2;8;19;3;
62895;202100040469;129 269;A01;1;30;0;2;1;1;1;
62896;202100040469;129 270;B01;1;10;0;2;4;1;1;
62897;202100040470;129 267;A01;2;33;0;2;1;1;1;
62898;202100040470;129 268;B01;2;7;0;2;4;1;1;
62899;202100040471;129 265;B01;1;2;0;2;3;7;1;
62900;202100040471;129 266;A01;1;7;0;2;2;14;1;
62901;202100040472;129 263;A01;1;2;0;2;1;18;1;
62902;202100040472;129 264;B01;1;7;0;2;7;16;1;
62903;202100040475;129 257;A01;3;7;0;1;2;1;1;
62904;202100040476;129 256;A01;1;30;7;0;1;13;1;
62905;202100040477;129 254;B01;1;7;0;2;1;1;1;
62906;202100040477;129 255;A01;1;1;0;2;1;1;5;
62907;202100040478;129 250;B01;3;1;0;2;1;1;5;
62908;202100040478;129 251;A01;3;10;0;2;3;15;1;
62909;202100040479;129 249;A01;3;30;0;0;7;1;1;
62910;202100040480;129 248;A01;1;7;0;1;2;26;1;
62911;202100040481;129 247;A01;2;7;0;1;3;1;1;
62912;202100040482;129 244;A01;2;10;0;2;1;2;1;
62913;202100040482;129 245;C01;2;7;0;2;4;2;1;
62914;202100040482;129 246;B01;2;7;0;2;4;2;1;
62915;202100040483;129 242;A01;2;7;0;9;2;1;2;
62916;202100040483;129 243;B01;1;50;0;2;6;1;3;
62917;202100040484;129 240;B01;2;1;0;2;1;1;5;
62918;202100040484;129 241;A01;2;7;0;2;1;15;1;
62919;202100040485;129 238;B01;1;7;0;2;1;1;1;
62920;202100040485;129 239;A01;3;7;0;2;3;16;3;
62921;202100040486;129 236;A01;2;7;0;2;1;1;2;
62922;202100040486;129 237;B01;2;7;0;2;4;23;1;
62923;202100040487;129 235;A01;1;7;0;1;1;9;1;
62924;202100040489;129 231;A01;1;7;0;2;8;22;1;
62925;202100040489;129 232;B01;1;1;1;2;7;1;5;
62926;202100040490;129 229;B01;3;33;0;2;1;1;1;
62927;202100040490;129 230;A01;3;7;0;2;5;15;1;
62928;202100040491;129 227;A01;3;7;0;2;8;1;0;
62929;202100040491;129 228;B01;1;7;0;2;1;1;1;
62930;202100040492;129 226;A01;1;7;0;1;2;1;1;
62931;202100040493;129 225;Z01;0;7;0;1;1;1;0;
62932;202100040494;129 224;A01;1;7;6;0;1;1;1;
62933;202100040495;129 222;B01;1;7;0;2;7;20;1;
62934;202100040495;129 223;A01;1;30;0;2;1;18;1;
62935;202100040496;129 221;A01;2;17;2;0;1;1;1;
62936;202100040497;129 219;A01;1;7;0;2;2;15;1;
62937;202100040497;129 220;B01;2;1;0;2;1;1;5;
62938;202100040498;129 217;B01;2;7;0;2;8;1;1;
62939;202100040498;129 218;A01;2;31;0;2;7;3;1;
62940;202100040499;129 214;C01;1;7;0;2;4;2;1;
62941;202100040499;129 215;B01;1;7;0;2;4;23;1;
62942;202100040499;129 216;A01;1;14;0;2;2;2;1;
62943;202100040500;129 212;A01;1;17;0;2;2;12;1;
62944;202100040500;129 213;B01;1;7;0;2;8;1;1;
62945;202100040501;129 210;Z01;1;7;0;2;1;1;0;
62946;202100040501;129 211;A01;1;1;0;2;0;15;5;
62947;202100040502;129 208;B01;2;7;0;2;7;15;1;
62948;202100040502;129 209;A01;1;10;0;2;1;1;1;
62949;202100040503;129 206;A01;1;30;0;2;1;13;3;
62950;202100040503;129 207;B01;1;1;0;2;8;1;5;
62951;202100040504;129 204;A01;3;10;0;2;1;1;1;
62952;202100040504;129 205;B01;1;1;0;2;4;1;5;
62953;202100040505;129 202;A01;1;30;0;2;2;10;1;
62954;202100040505;129 203;Z01;2;10;0;2;0;1;0;
62955;202100040506;129 200;A01;1;7;0;2;3;22;1;
62956;202100040506;129 201;B01;1;1;0;2;2;1;5;
62957;202100040507;129 198;A01;2;10;0;2;3;15;1;
62958;202100040507;129 199;Z01;2;30;0;2;7;17;0;
62959;202100040508;129 197;A01;1;10;0;1;1;1;1;
62960;202100040509;129 196;A01;1;7;0;1;7;15;2;
62961;202100040510;129 194;B01;1;10;0;2;0;1;1;
62962;202100040510;129 195;A01;1;7;0;2;3;22;1;
62963;202100040511;129 192;B01;3;10;1;2;1;1;1;
62964;202100040511;129 193;A01;2;7;0;2;1;1;1;
62965;202100040512;129 191;A01;1;7;0;1;4;4;1;
62966;202100040513;129 189;A01;1;7;0;2;2;22;1;
62967;202100040513;129 190;B01;1;1;0;2;2;1;5;
62968;202100040514;129 187;A01;1;1;0;2;1;5;5;
62969;202100040514;129 188;Z01;2;1;0;2;1;1;5;
62970;202100040515;129 186;A01;2;7;0;1;1;2;1;
62971;202100040516;129 185;A01;1;7;0;2;3;26;1;
62972;202100040517;129 183;B01;1;10;0;2;1;2;1;
62973;202100040517;129 184;A01;1;31;0;2;4;23;1;
62974;202100040519;129 179;B01;1;7;0;0;0;24;1;
62975;202100040519;129 180;A01;1;7;0;0;0;1;1;
62976;202100040520;129 177;A01;2;34;0;2;3;3;1;
62977;202100040520;129 178;B01;2;7;0;2;5;23;1;
62978;202100040521;129 176;A01;2;33;0;0;7;1;1;
62979;202100040522;129 175;A01;0;7;0;1;1;1;0;
62980;202100040523;129 172;C01;1;7;0;2;4;1;1;
62981;202100040523;129 173;B01;1;7;0;2;4;1;1;
62982;202100040523;129 174;A01;1;7;0;2;1;2;1;
62983;202100040524;129 170;A01;1;3;0;2;2;14;1;
62984;202100040524;129 171;B01;1;33;0;2;7;1;1;
62985;202100040525;129 168;A01;1;7;0;2;3;11;1;
62986;202100040525;129 169;B01;1;33;0;2;2;1;1;
62987;202100040526;129 166;B01;1;7;0;2;3;1;1;
62988;202100040526;129 167;A01;1;3;0;2;5;17;1;
62989;202100040527;129 165;A01;3;7;0;1;4;4;1;
62990;202100040528;129 164;A01;0;1;12;0;1;1;5;
62991;202100040529;129 162;A01;1;10;0;2;1;1;1;
62992;202100040529;129 163;B01;1;7;0;2;7;1;1;
62993;202100040530;129 161;A01;0;7;0;1;1;15;1;
62994;202100040531;129 159;A01;2;10;0;2;1;2;1;
62995;202100040531;129 160;B01;2;7;0;2;4;23;1;
62996;202100040532;129 157;A01;1;7;0;2;2;9;1;
62997;202100040532;129 158;B01;1;7;0;2;3;1;1;
62998;202100040533;129 156;A01;2;33;1;2;3;21;1;
62999;202100040534;129 155;A01;1;7;0;1;1;1;1;
63000;202100040535;129 152;A01;1;7;0;2;1;2;1;
63001;202100040535;129 153;B01;1;7;0;2;4;2;1;
63002;202100040535;129 154;C01;1;7;0;2;4;1;1;
63003;202100040536;129 150;A01;2;7;0;2;1;16;0;
63004;202100040536;129 151;B01;3;1;0;2;1;19;0;
63005;202100040537;129 149;A01;2;7;13;0;1;14;1;
63006;202100040538;129 148;A01;2;33;13;0;9;1;1;
63007;202100040539;129 147;A01;2;1;0;0;9;2;5;
63008;202100040540;129 146;A01;2;30;6;0;1;2;1;
63009;202100040541;129 145;A01;3;7;17;0;2;0;1;
63010;202100040543;129 141;A01;1;7;0;2;3;13;1;
63011;202100040543;129 142;B01;2;7;0;2;2;1;1;
63012;202100040544;129 139;A01;1;7;0;2;1;2;1;
63013;202100040544;129 140;B01;1;7;0;2;4;2;1;
63014;202100040545;129 137;B01;1;10;0;2;1;0;1;
63015;202100040545;129 138;A01;2;7;0;2;1;0;1;
63016;202100040546;129 135;A01;3;1;0;2;7;15;5;
63017;202100040546;129 136;B01;3;7;0;9;3;1;1;
63018;202100040547;129 133;A01;2;21;0;0;0;19;1;
63019;202100040547;129 134;C01;1;7;0;2;1;1;1;
63020;202100040548;129 132;A01;2;7;0;1;3;1;1;
63021;202100040549;129 131;A01;3;7;6;0;3;1;1;
63022;202100040550;129 129;A01;1;33;0;2;1;13;1;
63023;202100040550;129 130;B01;2;7;0;2;1;1;1;
63024;202100040551;129 127;B01;2;7;0;2;7;2;1;
63025;202100040551;129 128;A01;2;80;0;2;8;15;3;
63026;202100040552;129 126;A01;1;33;3;0;9;1;1;
63027;202100040553;129 124;B01;1;14;0;2;2;23;1;
63028;202100040553;129 125;A01;2;7;0;2;1;1;1;
63029;202100040554;129 123;A01;2;7;0;1;9;1;1;
63030;202100040555;129 120;A01;2;7;0;2;2;15;1;
63031;202100040555;129 121;B01;1;7;0;2;3;1;1;
63032;202100040556;129 119;A01;2;7;2;0;1;0;1;
63033;202100040557;129 118;A01;0;2;17;0;1;0;1;
63034;202100040558;129 116;B01;3;13;0;2;1;19;1;
63035;202100040558;129 117;A01;2;7;0;0;8;1;1;
63036;202100040559;129 115;A01;2;33;3;0;1;1;1;
63037;202100040560;129 114;A01;1;7;2;0;1;0;1;
63038;202100040561;129 113;A01;1;7;0;1;2;1;1;
63039;202100040562;129 111;A01;1;7;0;2;1;13;1;
63040;202100040562;129 112;B01;2;7;0;2;1;0;1;
63041;202100040563;129 110;A01;3;7;0;1;2;1;1;
63042;202100040564;129 108;A01;1;7;0;2;1;13;1;
63043;202100040564;129 109;B01;1;7;0;0;6;1;1;
63044;202100040565;129 106;B01;2;1;0;2;7;19;5;
63045;202100040565;129 107;A01;1;7;0;2;1;1;1;
63046;202100040566;129 105;A01;1;3;6;0;1;1;1;
63047;202100040568;129 102;A01;1;7;6;0;9;1;1;
63048;202100040569;129 101;A01;1;33;13;0;7;1;1;
63049;202100040570;129 099;A01;1;7;0;2;2;1;1;
63050;202100040570;129 100;B01;3;1;0;2;8;19;5;
63051;202100040571;129 097;B01;2;7;0;2;1;26;2;
63052;202100040571;129 098;A01;1;33;0;2;2;1;1;
63053;202100040572;129 096;A01;1;7;2;0;1;1;1;
63054;202100040573;129 095;A01;1;7;2;0;1;1;1;
63055;202100040574;129 094;A01;2;33;15;0;8;17;1;
63056;202100040575;129 093;A01;1;7;0;0;0;13;1;
63057;202100040577;129 090;A01;1;33;0;0;0;1;1;
63058;202100040578;129 089;A01;1;7;0;0;9;0;1;
63059;202100040579;129 086;A01;1;15;0;2;4;1;1;
63060;202100040579;129 087;B01;1;10;0;2;1;1;1;
63061;202100040579;129 088;C01;1;10;0;2;1;1;1;
63062;202100040580;129 081;A01;2;37;0;2;1;2;1;1.0
63063;202100040580;129 082;B01;2;10;0;2;4;2;1;
63064;202100040580;129 083;E01;2;7;0;2;4;2;1;
63065;202100040580;129 084;D01;2;10;0;2;4;2;1;
63066;202100040580;129 085;C01;2;10;0;2;4;2;1;
63067;202100040581;129 079;A01;1;14;0;2;2;1;1;
63068;202100040581;129 080;B01;1;7;0;2;3;9;1;