;Num_Acc;id_vehicule;num_veh;senc;catv;obs;obsm;choc;manv;motor;occutc
63069;202100040583;129 076;A01;1;7;4;0;1;26;0;
63070;202100040584;129 073;A01;2;33;0;2;7;3;1;
63071;202100040584;129 074;C01;2;7;0;2;5;1;1;
63072;202100040584;129 075;B01;2;7;0;2;8;13;1;
63073;202100040585;129 072;A01;2;7;0;0;9;1;1;
63074;202100040586;129 070;A01;2;10;0;2;1;13;1;
63075;202100040586;129 071;B01;1;7;0;2;1;1;1;
63076;202100040587;129 068;B01;2;7;0;2;7;1;1;
63077;202100040587;129 069;A01;2;37;0;2;3;16;1;1.0
63078;202100040588;129 067;A01;2;10;0;1;2;1;1;
63079;202100040589;129 065;B01;1;10;0;2;3;15;1;
63080;202100040589;129 066;A01;1;80;0;2;1;17;5;
63081;202100040590;129 063;A01;0;7;0;2;8;15;1;
63082;202100040590;129 064;B01;3;1;0;2;7;17;0;
63083;202100040591;129 061;B01;1;2;0;2;7;15;1;
63084;202100040591;129 062;A01;2;7;0;2;7;21;1;
63085;202100040593;129 057;B01;0;7;0;2;8;1;1;
63086;202100040593;129 058;A01;0;7;0;2;1;9;1;
63087;202100040594;129 055;A01;1;7;0;2;2;26;1;
63088;202100040594;129 056;B01;1;34;1;2;1;0;1;
63089;202100040597;129 050;B01;2;7;0;0;4;23;1;
63090;202100040597;129 051;A01;2;31;0;2;1;1;1;
63091;202100040598;129 048;A01;1;7;0;2;1;26;1;
63092;202100040598;129 049;B01;1;7;0;1;4;26;1;
63093;202100040599;129 046;A01;3;1;0;2;1;25;5;
63094;202100040599;129 047;B01;3;7;0;2;2;26;1;
63095;202100040601;129 040;A01;1;7;0;2;8;10;1;
63096;202100040601;129 041;B01;1;32;0;2;1;1;1;
63097;202100040602;129 038;B01;0;7;0;2;1;19;1;
63098;202100040602;129 039;A01;0;60;0;2;0;1;5;
63099;202100040603;129 036;B01;2;7;0;0;5;0;1;
63100;202100040603;129 037;A01;2;33;0;2;5;26;1;
63101;202100040604;129 034;B01;2;99;0;2;1;1;6;
63102;202100040604;129 035;A01;1;7;0;2;1;5;1;
63103;202100040605;129 032;A01;2;7;0;2;0;1;1;
63104;202100040605;129 033;B01;2;32;0;2;0;2;1;
63105;202100040606;129 031;A01;1;7;0;9;2;0;0;
63106;202100040607;129 029;B01;2;7;0;2;2;1;1;
63107;202100040607;129 030;A01;2;7;0;2;1;0;1;
63108;202100040608;129 027;B01;1;2;0;2;1;0;1;
63109;202100040608;129 028;A01;1;7;0;2;5;26;1;
63110;202100040610;129 025;A01;2;80;0;0;0;2;3;
63111;202100040611;129 024;A01;3;50;0;0;0;1;3;
63112;202100040612;129 023;A01;2;7;0;0;9;2;1;
63113;202100040613;129 022;A01;2;7;13;0;7;14;1;
63114;202100040614;129 018;A01;1;7;0;2;1;1;1;
63115;202100040614;129 019;B01;1;7;0;2;8;1;2;
63116;202100040615;129 017;A01;1;7;12;0;2;14;1;
63117;202100040616;129 014;A01;1;7;0;2;1;13;1;
63118;202100040616;129 015;C01;2;7;0;2;1;1;1;
63119;202100040616;129 016;B01;1;7;0;2;3;1;1;
63120;202100040617;129 011;C01;1;33;0;2;1;2;1;
63121;202100040617;129 012;B01;1;7;0;2;9;2;1;
63122;202100040617;129 013;A01;1;7;0;2;4;26;2;
63123;202100040618;129 009;B01;1;2;0;2;1;26;1;
63124;202100040618;129 010;A01;2;7;0;2;3;15;1;
63125;202100040619;129 007;B01;2;10;0;2;2;19;1;
63126;202100040619;129 008;A01;2;7;0;2;7;1;1;
63127;202100040620;129 005;A01;1;10;0;2;1;15;1;
63128;202100040620;129 006;B01;1;7;0;2;1;1;1;
63129;202100040621;129 004;A01;2;7;0;1;3;1;1;
63130;202100040622;129 002;A01;3;7;0;2;1;15;1;
63131;202100040622;129 003;B01;3;31;0;2;6;15;1;
63132;202100040623;129 000;Z01;2;7;0;2;8;22;0;
63133;202100040623;129 001;A01;2;31;0;2;5;3;1;
63134;202100040624;128 998;B01;1;7;0;2;4;2;1;
63135;202100040624;128 999;A01;1;32;0;2;1;2;1;
63136;202100040625;128 996;B01;2;50;0;2;1;1;3;
63137;202100040625;128 997;A01;0;7;0;2;1;15;1;
63138;202100040627;128 993;A01;2;7;0;1;2;1;1;
63139;202100040628;128 991;A01;1;30;0;2;3;9;1;
63140;202100040628;128 992;B01;1;7;0;2;2;7;1;
63141;202100040629;128 989;A01;2;7;0;2;3;15;2;
63142;202100040629;128 990;B01;1;30;0;2;3;1;1;
63143;202100040630;128 987;A01;1;7;0;2;3;10;1;
63144;202100040630;128 988;B01;1;34;0;2;2;2;1;
63145;202100040631;128 985;A01;1;7;0;2;2;1;1;
63146;202100040631;128 986;B01;2;10;0;2;2;15;1;
63147;202100040633;128 981;A01;2;1;0;2;8;1;5;
63148;202100040633;128 982;Z01;2;7;0;2;0;17;0;
63149;202100040634;128 978;A01;0;7;0;2;1;1;1;
63150;202100040634;128 979;C01;0;99;0;0;0;0;0;
63151;202100040634;128 980;B01;0;99;0;0;0;0;0;
63152;202100040635;128 976;B01;2;34;0;2;1;1;1;
63153;202100040635;128 977;A01;1;7;0;2;7;1;1;
63154;202100040636;128 975;A01;3;7;0;1;3;1;0;
63155;202100040637;128 973;A01;3;34;0;2;1;19;1;
63156;202100040637;128 974;B01;3;7;0;2;1;9;1;
63157;202100040638;128 972;A01;1;10;0;1;3;1;1;
63158;202100040639;128 971;A01;2;7;15;0;9;0;1;
63159;202100040640;128 970;A01;1;7;2;0;1;14;1;
63160;202100040643;128 965;B01;2;33;0;2;3;1;1;
63161;202100040643;128 966;A01;1;7;0;2;3;20;1;
63162;202100040644;128 964;A01;1;7;6;0;1;7;1;
63163;202100040645;128 963;A01;2;7;0;0;9;0;1;
63164;202100040646;128 962;A01;2;10;0;1;2;1;1;
63165;202100040647;128 960;A01;3;10;0;2;1;15;1;
63166;202100040647;128 961;B01;3;31;0;2;3;1;1;
63167;202100040648;128 959;A01;0;1;0;0;0;0;5;
63168;202100040649;128 958;A01;3;31;0;0;7;1;1;
63169;202100040650;128 957;A01;2;33;0;0;0;1;1;
63170;202100040651;128 955;A01;2;10;0;9;8;15;1;
63171;202100040651;128 956;B01;2;32;0;2;2;17;1;
63172;202100040652;128 954;A01;1;7;8;0;1;14;1;
63173;202100040653;128 952;B01;1;21;0;0;0;19;1;
63174;202100040653;128 953;A01;2;33;0;0;2;1;1;
63175;202100040655;128 949;A01;-1;7;13;0;1;1;1;
63176;202100040656;128 948;A01;1;7;13;0;1;13;1;
63177;202100040657;128 947;A01;2;33;10;0;8;16;1;
63178;202100040658;128 946;A01;1;33;0;0;0;1;1;
63179;202100040659;128 944;B01;0;7;0;2;1;1;1;
63180;202100040659;128 945;A01;3;7;0;2;6;16;2;
63181;202100040660;128 942;A01;1;7;0;2;1;1;1;
63182;202100040660;128 943;B01;2;7;2;2;1;1;0;
63183;202100040661;128 940;B01;2;10;0;2;3;21;1;
63184;202100040661;128 941;A01;1;7;0;2;1;13;1;
63185;202100040662;128 939;A01;3;7;0;0;0;0;1;
63186;202100040663;128 938;A01;2;1;0;0;8;1;5;
63187;202100040664;128 937;A01;1;2;6;1;1;1;1;
63188;202100040666;128 933;B01;0;7;0;2;1;19;1;
63189;202100040666;128 934;A01;2;21;0;2;5;1;1;
63190;202100040667;128 932;A01;1;10;2;0;3;1;1;
63191;202100040668;128 930;A01;3;2;5;0;2;0;1;
63192;202100040669;128 927;C01;1;7;0;2;8;1;1;
63193;202100040669;128 928;B01;1;1;0;2;1;1;6;
63194;202100040669;128 929;A01;1;1;0;2;1;1;6;
63195;202100040670;128 926;A01;1;7;2;0;8;1;1;
63196;202100040671;128 925;A01;2;33;0;0;5;0;0;
63197;202100040672;128 924;A01;1;33;8;0;1;1;1;
63198;202100040673;128 922;B01;2;1;0;2;9;1;5;
63199;202100040673;128 923;A01;1;1;0;2;1;1;5;
63200;202100040674;128 920;B01;2;33;0;2;1;1;1;
63201;202100040674;128 921;A01;1;7;0;2;3;19;1;
63202;202100040675;128 919;A01;1;31;0;0;1;13;1;
63203;202100040676;128 917;A01;1;7;0;2;7;17;1;
63204;202100040676;128 918;B01;1;7;0;2;3;10;1;
63205;202100040677;128 915;B01;2;33;0;2;0;17;1;
63206;202100040677;128 916;A01;2;21;0;0;0;15;1;
63207;202100040678;128 913;B01;1;2;0;2;8;1;1;
63208;202100040678;128 914;A01;1;10;0;2;2;15;1;
63209;202100040679;128 912;A01;0;2;8;0;1;1;1;
63210;202100040680;128 910;B01;1;7;0;2;4;2;1;
63211;202100040680;128 911;A01;1;7;0;2;1;2;1;
63212;202100040681;128 908;B01;2;7;0;2;1;2;1;
63213;202100040681;128 909;A01;0;7;0;2;2;19;1;
63214;202100040682;128 906;A01;2;7;0;2;1;13;1;
63215;202100040682;128 907;B01;1;7;0;2;8;1;1;
63216;202100040683;128 903;B01;1;1;0;2;8;1;5;
63217;202100040683;128 904;A01;2;7;0;2;3;1;0;
63218;202100040685;128 900;A01;2;10;0;2;8;13;1;
63219;202100040685;128 901;B01;2;33;0;2;7;1;1;
63220;202100040686;128 899;A01;1;10;2;0;1;1;1;
63221;202100040687;128 897;B01;1;7;0;0;4;0;1;
63222;202100040687;128 898;A01;1;33;0;2;1;1;1;
63223;202100040688;128 896;A01;1;32;0;0;0;0;1;
63224;202100040689;128 895;A01;2;7;13;0;0;1;1;
63225;202100040690;128 893;A01;1;7;0;2;2;19;1;
63226;202100040690;128 894;B01;1;33;0;2;1;1;1;
63227;202100040691;128 891;B01;2;7;0;2;3;1;1;
63228;202100040691;128 892;A01;1;7;0;2;3;1;0;
63229;202100040692;128 889;B01;2;33;0;0;1;1;1;
63230;202100040692;128 890;A01;2;7;0;0;4;1;1;
63231;202100040693;128 887;A01;0;43;0;2;3;1;1;
63232;202100040693;128 888;B01;0;99;0;2;3;0;1;
63233;202100040694;128 885;B01;1;7;0;2;3;1;1;
63234;202100040694;128 886;A01;2;7;0;2;3;13;1;
63235;202100040695;128 883;B01;1;1;0;0;2;1;5;
63236;202100040695;128 884;A01;2;7;0;2;2;15;1;
63237;202100040696;128 882;A01;1;2;0;6;1;1;0;
63238;202100040697;128 880;B01;2;7;0;2;3;1;1;
63239;202100040697;128 881;A01;1;33;0;2;1;5;1;
63240;202100040698;128 877;A01;3;21;0;0;0;1;1;
63241;202100040699;128 873;B01;-1;10;3;2;1;0;1;
63242;202100040699;128 874;A01;-1;7;0;2;7;13;1;
63243;202100040700;128 871;A01;1;7;1;2;1;1;0;
63244;202100040700;128 872;B01;0;1;0;2;5;19;0;
63245;202100040701;128 867;C01;1;7;6;2;1;1;1;
63246;202100040701;128 868;A01;2;7;4;2;1;2;1;
63247;202100040701;128 869;D01;2;7;0;2;0;2;1;
63248;202100040701;128 870;B01;2;7;0;2;6;2;1;
63249;202100040702;128 865;A01;1;7;0;2;4;24;1;
63250;202100040702;128 866;B01;1;15;1;0;1;1;1;
63251;202100040703;128 863;A01;1;10;0;2;6;2;1;
63252;202100040703;128 864;B01;1;7;0;2;1;13;1;
63253;202100040704;128 861;B01;1;33;0;2;3;2;1;
63254;202100040704;128 862;A01;1;7;0;2;6;1;1;
63255;202100040705;128 859;B01;1;7;4;2;4;23;1;
63256;202100040705;128 860;A01;1;7;0;2;1;12;1;
63257;202100040706;128 855;C01;1;7;0;2;4;2;1;
63258;202100040706;128 856;B01;1;10;0;2;4;2;1;
63259;202100040706;128 857;D01;1;7;0;2;4;2;1;
63260;202100040706;128 858;A01;1;37;0;2;1;1;1;1.0
63261;202100040707;128 852;C01;2;7;0;2;6;2;1;
63262;202100040707;128 853;B01;2;7;0;2;5;2;1;
63263;202100040707;128 854;A01;2;7;4;2;1;21;1;
63264;202100040708;128 850;A01;2;34;0;2;1;2;1;
63265;202100040708;128 851;B01;2;7;0;2;6;2;1;
63266;202100040709;128 848;A01;2;7;0;2;1;26;1;
63267;202100040709;128 849;B01;2;7;0;2;6;1;1;
63268;202100040710;128 845;A01;2;7;0;2;1;1;1;
63269;202100040710;128 846;C01;2;7;0;2;5;1;1;
63270;202100040710;128 847;B01;2;33;0;2;1;3;1;
63271;202100040711;128 843;B01;2;7;0;2;4;2;1;
63272;202100040711;128 844;A01;2;7;0;2;1;2;1;
63273;202100040712;128 842;A01;1;33;0;0;7;1;1;
63274;202100040713;128 839;C01;1;7;0;2;5;1;1;
63275;202100040713;128 840;B01;1;43;0;2;2;3;1;
63276;202100040713;128 841;A01;1;7;0;2;3;11;1;
63277;202100040714;128 837;B01;2;7;0;2;4;2;1;
63278;202100040714;128 838;A01;2;7;4;2;1;14;1;
63279;202100040715;128 834;A01;2;7;0;2;1;2;1;
63280;202100040715;128 835;B01;2;7;0;2;1;26;1;
63281;202100040715;128 836;C01;2;7;0;2;4;23;1;
63282;202100040716;128 833;A01;1;33;13;0;9;14;1;
63283;202100040717;128 830;C01;2;7;0;2;8;17;1;
63284;202100040717;128 831;B01;2;33;0;2;7;3;1;
63285;202100040717;128 832;A01;2;7;0;2;4;1;1;
63286;202100040718;128 828;B01;2;33;0;2;1;13;1;
63287;202100040718;128 829;A01;2;7;0;2;6;1;1;
63288;202100040719;128 826;B01;1;10;0;2;3;1;1;
63289;202100040719;128 827;A01;0;7;0;2;2;19;1;
63290;202100040720;128 824;B01;1;33;0;2;1;1;1;
63291;202100040720;128 825;A01;2;7;0;2;7;15;1;
63292;202100040721;128 823;A01;2;34;9;0;1;1;1;
63293;202100040722;128 821;A01;1;7;0;2;1;15;1;
63294;202100040722;128 822;B01;2;1;0;2;1;7;5;
63295;202100040723;128 820;A01;1;30;12;0;3;16;1;
63296;202100040724;128 819;A01;3;7;6;0;1;13;1;
63297;202100040725;128 817;A01;1;37;0;2;3;26;1;1.0
63298;202100040725;128 818;B01;1;7;0;2;2;0;0;
63299;202100040726;128 816;A01;1;7;0;1;2;19;1;
63300;202100040727;128 815;A01;3;7;0;1;4;26;1;
63301;202100040728;128 811;B01;2;33;0;2;5;5;0;
63302;202100040728;128 812;A01;2;7;0;2;1;1;0;
63303;202100040729;128 804;A01;2;7;0;2;2;17;1;
63304;202100040729;128 805;B01;2;7;0;0;6;2;1;
63305;202100040729;128 806;C01;1;7;0;2;8;5;1;
63306;202100040730;128 803;A01;3;33;14;0;1;0;1;
63307;202100040731;128 802;A01;0;7;6;0;1;13;1;
63308;202100040732;128 801;A01;1;7;0;0;0;1;1;
63309;202100040733;128 799;A01;0;7;0;2;1;1;1;
63310;202100040733;128 800;B01;0;7;0;2;8;1;1;
63311;202100040734;128 798;A01;1;30;0;1;1;25;0;
63312;202100040735;128 797;A01;2;7;0;1;1;1;1;
63313;202100040736;128 796;A01;3;7;0;1;2;16;1;
63314;202100040737;128 794;B01;0;7;0;2;3;0;1;
63315;202100040737;128 795;A01;0;7;0;2;3;16;1;
63316;202100040738;128 792;B01;2;30;0;2;8;5;1;
63317;202100040738;128 793;A01;2;30;0;2;7;5;1;
63318;202100040739;128 790;A01;2;7;0;2;3;15;1;
63319;202100040739;128 791;B01;2;31;0;2;1;17;1;
63320;202100040741;128 788;A01;1;7;0;1;2;19;1;
63321;202100040742;128 786;A01;3;7;0;0;0;0;1;
63322;202100040742;128 787;B01;3;2;0;0;0;0;1;
63323;202100040743;128 784;B01;2;7;0;2;8;15;2;
63324;202100040743;128 785;A01;1;30;0;2;1;1;1;
63325;202100040744;128 782;B01;1;7;0;2;1;1;1;
63326;202100040744;128 783;A01;2;7;0;2;2;15;1;
63327;202100040745;128 780;B01;2;7;0;2;4;23;1;
63328;202100040745;128 781;A01;2;2;0;2;7;2;1;
63329;202100040746;128 776;A01;3;7;0;2;2;15;1;
63330;202100040746;128 777;B01;3;1;0;2;1;1;5;
63331;202100040748;128 772;Z01;2;7;0;2;1;2;1;
63332;202100040748;128 773;A01;2;7;0;2;4;23;1;
63333;202100040749;128 771;A01;1;7;1;0;4;4;1;
63334;202100040750;128 769;B01;3;33;0;2;1;1;1;
63335;202100040750;128 770;A01;3;7;0;2;8;15;1;
63336;202100040752;128 766;A01;2;33;1;0;1;5;1;
63337;202100040753;128 764;B01;1;31;0;2;4;2;1;
63338;202100040753;128 765;A01;1;7;0;2;1;2;1;
63339;202100040755;128 761;A01;1;7;1;0;1;1;1;
63340;202100040757;128 757;B01;1;7;0;2;3;2;1;
63341;202100040757;128 758;A01;1;33;0;2;1;2;1;
63342;202100040758;128 756;A01;3;7;2;0;0;26;1;
63343;202100040759;128 755;A01;1;7;0;1;2;26;1;
63344;202100040760;128 754;A01;1;7;4;0;3;26;1;
63345;202100040761;128 751;C01;1;43;0;2;3;3;1;
63346;202100040761;128 752;B01;1;7;0;2;4;2;3;
63347;202100040761;128 753;A01;1;7;0;2;1;2;1;
63348;202100040762;128 749;B01;1;7;0;2;4;23;1;
63349;202100040762;128 750;A01;1;10;0;2;1;2;1;
63350;202100040763;128 747;A01;1;7;0;1;2;2;1;
63351;202100040763;128 748;B01;1;7;0;2;1;2;1;
63352;202100040764;128 746;A01;2;7;0;1;2;1;1;
63353;202100040765;128 744;B01;2;30;0;2;4;13;1;
63354;202100040765;128 745;A01;2;32;0;2;8;21;1;
63355;202100040766;128 743;A01;3;33;0;0;0;1;1;
63356;202100040767;128 741;B01;1;10;0;2;1;1;1;
63357;202100040767;128 742;A01;1;30;0;2;9;1;1;
63358;202100040769;128 738;A01;1;10;15;0;1;13;1;
63359;202100040770;128 736;A01;1;32;0;2;6;9;1;
63360;202100040770;128 737;B01;1;7;0;2;1;1;1;
63361;202100040771;128 733;B01;1;7;0;2;3;22;1;
63362;202100040771;128 734;C01;1;7;0;2;2;1;2;
63363;202100040771;128 735;A01;1;32;0;2;1;18;1;
63364;202100040772;128 732;A01;2;1;0;0;0;21;5;
63365;202100040773;128 730;A01;1;7;0;2;6;15;1;
63366;202100040773;128 731;B01;1;1;0;2;1;1;5;
63367;202100040774;128 728;A01;2;7;0;2;3;13;1;
63368;202100040774;128 729;B01;2;33;0;2;2;1;1;
63369;202100040775;128 727;A01;2;1;0;1;2;1;5;
63370;202100040776;128 726;A01;1;33;0;1;1;26;1;
63371;202100040777;128 725;A01;1;7;0;1;6;20;1;
63372;202100040778;128 723;A01;2;30;0;2;1;15;1;
63373;202100040778;128 724;B01;2;1;0;2;2;1;5;
63374;202100040780;128 719;A01;2;7;0;2;5;22;1;
63375;202100040780;128 720;B01;2;1;1;0;1;1;5;
63376;202100040781;128 717;B01;3;36;0;2;8;26;1;
63377;202100040781;128 718;A01;2;7;0;2;1;1;1;
63378;202100040782;128 715;B01;1;33;0;2;8;17;1;
63379;202100040782;128 716;A01;1;7;0;2;7;17;1;
63380;202100040783;128 714;A01;1;33;0;0;0;14;1;
63381;202100040784;128 713;A01;1;7;13;0;2;1;1;
63382;202100040785;128 712;A01;2;7;0;0;1;13;1;
63383;202100040786;128 710;B01;0;1;0;2;1;26;5;
63384;202100040786;128 711;A01;0;2;15;9;1;26;1;
63385;202100040787;128 708;A01;1;7;0;2;6;11;1;
63386;202100040787;128 709;B01;1;7;0;2;2;1;1;
63387;202100040788;128 706;A01;1;7;0;2;1;2;1;
63388;202100040788;128 707;B01;1;7;0;0;4;1;1;
63389;202100040789;128 705;A01;2;7;2;0;1;15;1;
63390;202100040790;128 704;A01;2;33;13;0;2;2;1;
63391;202100040791;128 700;D01;1;7;0;0;6;1;1;
63392;202100040791;128 701;C01;2;7;0;0;0;21;1;
63393;202100040791;128 702;B01;2;7;0;2;1;1;1;
63394;202100040791;128 703;A01;1;7;0;2;3;17;1;
63395;202100040792;128 698;A01;3;7;9;0;5;9;1;
63396;202100040792;128 699;B01;1;7;0;0;1;1;1;
63397;202100040794;128 695;A01;2;7;8;0;1;1;1;
63398;202100040795;128 694;A01;1;33;0;0;0;1;1;
63399;202100040796;128 693;A01;3;33;13;0;1;17;1;
63400;202100040797;128 692;A01;2;33;15;0;1;15;1;
63401;202100040798;128 691;A01;1;33;0;0;0;1;1;
63402;202100040799;128 689;A01;2;43;13;0;1;13;1;
63403;202100040800;128 687;A01;3;7;0;2;1;16;0;
63404;202100040800;128 688;B01;1;33;0;2;8;1;0;
63405;202100040801;128 686;A01;2;33;0;0;1;2;1;
63406;202100040802;128 684;B01;2;2;0;2;6;15;1;
63407;202100040802;128 685;A01;2;2;0;2;1;1;1;
63408;202100040804;128 682;A01;2;7;15;0;9;13;1;
63409;202100040806;128 680;A01;1;33;14;0;1;1;1;
63410;202100040807;128 679;A01;2;33;3;0;2;2;1;
63411;202100040808;128 677;A01;1;2;0;2;1;5;1;
63412;202100040808;128 678;B01;1;7;0;2;5;1;1;
63413;202100040809;128 676;A01;2;7;6;0;5;0;1;
63414;202100040810;128 674;B01;1;7;3;2;0;0;1;
63415;202100040810;128 675;A01;1;7;3;2;0;0;1;
63416;202100040811;128 672;B01;1;43;0;2;1;16;1;
63417;202100040811;128 673;A01;1;7;0;0;4;1;1;
63418;202100040812;128 670;A01;1;31;13;0;0;1;1;
63419;202100040814;128 668;A01;3;7;13;0;3;13;1;
63420;202100040815;128 667;A01;2;7;16;0;1;1;1;
63421;202100040816;128 665;A01;1;2;0;2;1;13;1;
63422;202100040816;128 666;B01;2;7;0;2;1;5;1;
63423;202100040817;128 664;A01;2;1;0;0;0;1;5;
63424;202100040818;128 663;A01;2;7;0;1;1;1;1;
63425;202100040820;128 660;A01;1;7;13;0;7;1;1;
63426;202100040821;128 659;A01;2;31;13;0;8;1;1;
63427;202100040822;128 657;A01;3;7;0;2;3;16;1;
63428;202100040822;128 658;B01;3;1;0;2;1;1;5;
63429;202100040823;128 656;A01;1;33;13;0;0;1;1;
63430;202100040824;128 655;A01;2;1;0;0;0;21;6;
63431;202100040825;128 654;A01;0;7;2;0;1;1;1;
63432;202100040826;128 653;A01;2;34;0;9;9;1;1;
63433;202100040827;128 652;A01;1;7;13;0;1;1;1;
63434;202100040828;128 650;A01;2;7;0;1;1;16;1;
63435;202100040829;128 648;A01;1;7;4;2;3;1;0;
63436;202100040829;128 649;B01;1;7;0;2;2;1;1;
63437;202100040830;128 647;A01;1;10;13;0;2;14;1;
63438;202100040831;128 646;A01;1;2;8;0;1;14;1;
63439;202100040832;128 645;A01;1;7;16;1;2;1;1;
63440;202100040833;128 643;B01;2;7;0;2;2;1;1;
63441;202100040833;128 644;A01;1;33;0;2;1;13;1;
63442;202100040834;128 642;A01;3;31;6;0;1;1;1;
63443;202100040835;128 641;A01;1;1;1;0;1;26;5;
63444;202100040837;128 638;A01;1;7;5;0;2;1;1;
63445;202100040838;128 637;A01;1;33;8;0;1;1;1;
63446;202100040839;128 636;A01;1;7;3;0;1;0;1;
63447;202100040842;128 631;A01;1;32;13;0;1;0;1;
63448;202100040843;128 629;A01;2;33;0;2;1;1;1;
63449;202100040843;128 630;B01;2;33;0;2;8;15;1;
63450;202100040844;128 628;A01;1;33;0;0;9;1;1;
63451;202100040845;128 626;B01;3;33;0;2;1;26;1;
63452;202100040845;128 627;A01;3;7;0;0;3;9;1;
63453;202100040847;128 621;A01;1;2;0;9;2;14;1;
63454;202100040847;128 622;B01;1;1;0;2;8;1;5;
63455;202100040848;128 619;A01;2;7;0;2;8;10;1;
63456;202100040848;128 620;B01;2;7;0;2;2;17;1;
63457;202100040849;128 617;B01;1;1;0;0;4;0;5;
63458;202100040849;128 618;A01;1;33;0;2;1;0;1;
63459;202100040850;128 615;A01;1;7;0;2;1;15;1;
63460;202100040850;128 616;B01;2;31;0;2;1;1;1;
63461;202100040851;128 614;A01;1;7;6;0;3;21;1;
63462;202100040852;128 611;C01;1;7;0;2;4;1;1;
63463;202100040852;128 612;B01;1;7;0;2;4;1;1;
63464;202100040852;128 613;A01;1;10;0;2;1;12;1;
63465;202100040853;128 608;C01;2;7;0;2;1;2;1;
63466;202100040853;128 609;B01;2;7;0;2;1;1;1;
63467;202100040853;128 610;A01;2;7;0;2;4;1;1;
63468;202100040854;128 606;A01;1;7;0;2;7;12;1;
63469;202100040854;128 607;B01;1;34;0;2;8;1;1;
63470;202100040855;128 604;B01;2;7;4;2;3;1;1;
63471;202100040855;128 605;A01;2;14;0;2;7;12;1;
63472;202100040856;128 602;B01;1;7;0;2;1;1;1;
63473;202100040856;128 603;A01;1;7;0;2;4;11;1;
63474;202100040857;128 600;B01;2;7;0;2;8;11;1;
63475;202100040857;128 601;A01;2;32;0;2;7;17;1;
63476;202100040858;128 598;B01;2;7;0;2;4;2;1;
63477;202100040858;128 599;A01;2;7;0;2;1;2;1;
63478;202100040859;128 595;A01;1;31;0;2;7;3;1;
63479;202100040859;128 596;B01;1;7;0;2;8;1;1;
63480;202100040859;128 597;C01;1;7;0;2;7;1;1;
63481;202100040860;128 593;A01;1;33;0;2;1;3;1;
63482;202100040860;128 594;B01;1;31;0;2;6;3;1;
63483;202100040861;128 590;A01;1;33;0;2;2;3;1;
63484;202100040861;128 591;B01;1;7;0;2;6;1;1;
63485;202100040861;128 592;C01;1;7;0;2;5;1;1;
63486;202100040862;128 588;A01;1;7;0;2;1;2;1;
63487;202100040862;128 589;B01;1;7;0;2;4;2;0;
63488;202100040863;128 586;B01;3;33;0;2;1;1;1;
63489;202100040863;128 587;A01;3;7;0;2;7;15;1;
63490;202100040864;128 583;A01;3;7;0;1;3;1;1;
63491;202100040865;128 581;B01;3;1;0;2;1;1;5;
63492;202100040865;128 582;A01;3;1;0;2;1;13;5;
63493;202100040866;128 579;B01;1;2;0;2;2;1;1;
63494;202100040866;128 580;A01;2;7;0;2;3;15;1;
63495;202100040867;128 577;B01;3;7;0;2;2;2;1;
63496;202100040867;128 578;A01;3;30;0;2;5;2;1;
63497;202100040868;128 575;Z01;2;2;0;2;0;1;0;
63498;202100040868;128 576;A01;1;7;0;2;7;16;1;
63499;202100040869;128 573;B01;1;7;0;2;8;1;1;
63500;202100040869;128 574;A01;1;2;0;2;1;5;1;
63501;202100040870;128 571;B01;2;30;0;2;0;0;0;
63502;202100040870;128 572;A01;2;50;0;2;3;1;3;
63503;202100040871;128 568;A01;2;7;1;0;2;14;0;
63504;202100040871;128 569;B01;2;7;1;0;6;0;0;
63505;202100040871;128 570;C01;2;7;1;2;4;0;1;
63506;202100040873;128 565;A01;2;7;0;2;1;15;1;
63507;202100040873;128 566;B01;1;7;0;2;2;1;1;
63508;202100040874;128 563;B01;2;99;0;2;4;13;3;
63509;202100040874;128 564;A01;2;30;0;2;4;17;1;
63510;202100040875;128 561;B01;2;43;0;2;0;0;1;
63511;202100040875;128 562;A01;1;32;0;2;0;26;1;
63512;202100040876;128 559;A01;1;7;0;0;3;1;0;
63513;202100040876;128 560;B01;1;7;15;0;1;1;0;
63514;202100040877;128 557;A01;1;7;4;0;1;19;1;
63515;202100040878;128 555;B01;1;1;0;2;1;0;0;
63516;202100040878;128 556;A01;2;7;0;9;3;26;1;
63517;202100040879;128 554;A01;2;7;0;1;1;1;2;
63518;202100040881;128 551;A01;1;7;1;0;1;1;1;
63519;202100040882;128 550;A01;1;3;0;1;3;1;1;
63520;202100040883;128 548;A01;2;31;0;2;1;17;1;
63521;202100040883;128 549;B01;1;7;0;2;3;9;1;
63522;202100040884;128 546;A01;2;7;0;2;1;2;1;
63523;202100040884;128 547;B01;1;7;0;2;4;2;1;
63524;202100040885;128 544;B01;1;7;0;2;1;2;1;
63525;202100040885;128 545;A01;1;7;0;2;4;2;1;
63526;202100040886;128 543;A01;0;7;0;1;2;1;1;
63527;202100040887;128 541;B01;0;7;0;2;3;15;1;
63528;202100040887;128 542;A01;0;7;0;2;0;0;0;
63529;202100040888;128 539;A01;3;7;0;9;3;2;1;
63530;202100040888;128 540;B01;3;1;0;2;8;19;5;