;Num_Acc;id_vehicule;num_veh;senc;catv;obs;obsm;choc;manv;motor;occutc
63531;202100040890;128 537;A01;0;7;0;1;2;1;1;
63532;202100040891;128 535;B01;3;60;0;2;7;1;5;
63533;202100040891;128 536;A01;3;7;0;2;2;1;1;
63534;202100040892;128 534;A01;2;7;0;1;1;1;1;
63535;202100040894;128 531;A01;1;7;0;2;2;10;1;
63536;202100040894;128 532;B01;1;1;0;2;1;1;5;
63537;202100040895;128 529;B01;1;7;0;2;5;16;1;
63538;202100040895;128 530;A01;1;1;0;2;1;1;5;
63539;202100040896;128 527;A01;1;10;0;2;1;9;1;
63540;202100040896;128 528;B01;2;1;0;2;7;1;5;
63541;202100040897;128 526;A01;1;7;0;1;1;1;1;
63542;202100040898;128 524;FA01;0;7;0;2;8;1;1;
63543;202100040898;128 525;B01;1;33;0;2;0;0;0;
63544;202100040899;128 523;A01;1;7;0;1;3;1;1;
63545;202100040900;128 519;B01;1;33;0;2;7;1;1;
63546;202100040900;128 520;A01;2;7;0;2;1;15;1;
63547;202100040901;128 517;B01;1;80;0;2;7;1;3;
63548;202100040901;128 518;A01;3;7;0;2;1;9;1;
63549;202100040902;128 515;A01;1;7;0;9;7;17;1;
63550;202100040902;128 516;B01;2;1;0;2;8;2;5;
63551;202100040903;128 513;A01;1;7;0;9;8;10;1;
63552;202100040903;128 514;B01;1;33;0;2;1;1;1;
63553;202100040904;128 511;B01;1;7;0;2;8;1;1;
63554;202100040904;128 512;A01;1;10;0;2;1;1;1;
63555;202100040905;128 509;A01;1;7;0;2;8;1;1;
63556;202100040905;128 510;B01;1;7;0;2;1;1;1;
63557;202100040907;128 504;A01;1;7;0;2;8;9;1;
63558;202100040907;128 505;B01;1;1;0;2;7;1;5;
63559;202100040908;128 503;A01;0;7;1;0;1;14;1;
63560;202100040909;128 501;B01;0;7;0;2;1;1;1;
63561;202100040909;128 502;A01;0;1;0;2;1;19;5;
63562;202100040910;128 499;B01;1;7;0;2;1;15;1;
63563;202100040910;128 500;A01;1;30;0;2;1;26;1;
63564;202100040911;128 497;A01;2;7;0;2;8;15;1;
63565;202100040911;128 498;B01;1;2;0;2;1;1;1;
63566;202100040912;128 495;B01;3;1;0;2;9;18;5;
63567;202100040912;128 496;A01;3;14;0;2;7;16;1;
63568;202100040913;128 492;A01;1;30;0;2;1;2;1;
63569;202100040913;128 493;B01;1;7;0;2;4;2;1;
63570;202100040914;128 490;A01;1;7;0;2;1;1;1;
63571;202100040914;128 491;B01;1;7;8;2;5;1;1;
63572;202100040915;128 488;B01;3;7;0;2;8;15;1;
63573;202100040915;128 489;A01;3;7;0;2;1;1;1;
63574;202100040917;128 485;B01;1;14;0;2;2;1;1;
63575;202100040917;128 486;A01;1;7;0;2;5;15;1;
63576;202100040918;128 483;A01;1;7;0;2;1;2;1;
63577;202100040918;128 484;B01;1;7;0;2;4;1;1;
63578;202100040921;128 475;A01;2;10;0;2;1;2;1;
63579;202100040921;128 476;B01;2;7;0;2;6;23;1;
63580;202100040922;128 473;B01;3;50;0;2;1;1;3;
63581;202100040922;128 474;A01;3;10;0;2;3;1;1;
63582;202100040923;128 472;A01;1;7;1;0;3;5;1;
63583;202100040924;128 470;B01;3;2;0;2;1;17;1;
63584;202100040924;128 471;A01;3;7;0;2;3;10;1;
63585;202100040925;128 468;B01;3;2;0;2;1;1;1;
63586;202100040925;128 469;A01;3;7;0;2;1;15;1;
63587;202100040926;128 466;Z01;2;7;0;2;0;15;0;
63588;202100040926;128 467;B01;2;30;0;2;0;1;1;
63589;202100040927;128 464;A01;2;10;0;2;5;15;1;
63590;202100040927;128 465;B01;2;1;0;2;2;1;5;
63591;202100040928;128 463;A01;0;7;0;1;4;20;1;
63592;202100040929;128 461;A01;2;31;0;2;1;1;1;
63593;202100040929;128 462;B01;2;7;0;2;8;15;1;
63594;202100040930;128 460;A01;1;7;0;1;3;1;1;
63595;202100040931;128 458;A01;2;30;0;2;1;26;1;
63596;202100040931;128 459;B01;1;7;0;2;3;9;1;
63597;202100040932;128 456;A01;3;7;0;2;8;15;1;
63598;202100040932;128 457;B01;3;7;0;2;2;17;1;
63599;202100040933;128 454;C01;1;0;0;2;9;26;-1;
63600;202100040933;128 455;B01;1;31;0;2;1;1;1;
63601;202100040935;128 450;B01;3;30;0;2;4;12;1;
63602;202100040935;128 451;A01;3;7;0;2;1;0;1;
63603;202100040936;128 448;A01;0;2;0;2;2;3;1;
63604;202100040936;128 449;B01;0;7;0;2;3;15;2;
63605;202100040937;128 447;A01;3;0;0;1;1;26;1;
63606;202100040938;128 445;B01;2;7;0;2;3;1;1;
63607;202100040938;128 446;A01;1;7;0;2;2;14;1;
63608;202100040940;128 441;A01;3;10;0;2;2;1;1;
63609;202100040940;128 442;B01;3;10;0;2;6;1;1;
63610;202100040941;128 439;B01;3;1;0;2;7;1;5;
63611;202100040941;128 440;A01;3;7;0;2;1;1;1;
63612;202100040942;128 437;A01;1;7;0;2;2;21;1;
63613;202100040942;128 438;B01;1;7;0;2;6;1;1;
63614;202100040943;128 434;C01;3;7;0;2;6;13;1;
63615;202100040943;128 435;B01;1;33;0;2;8;1;1;
63616;202100040943;128 436;A01;1;33;4;0;3;13;1;
63617;202100040944;128 432;B01;1;1;0;2;8;2;6;
63618;202100040944;128 433;A01;1;7;0;2;2;2;2;
63619;202100040945;128 430;A01;3;30;0;2;0;0;0;
63620;202100040945;128 431;B01;3;7;0;9;0;0;0;
63621;202100040946;128 428;A01;2;7;0;2;2;22;1;
63622;202100040946;128 429;B01;2;80;0;2;8;18;3;
63623;202100040947;128 426;A01;1;7;0;2;1;1;1;
63624;202100040947;128 427;B01;1;33;0;2;3;1;1;
63625;202100040948;128 424;A01;1;10;0;2;6;10;1;
63626;202100040948;128 425;B01;1;80;0;2;1;1;3;
63627;202100040949;128 422;B01;1;14;0;2;8;10;1;
63628;202100040949;128 423;A01;1;32;0;2;2;1;1;
63629;202100040950;128 420;B01;2;7;0;2;6;23;3;
63630;202100040950;128 421;A01;2;34;0;2;2;9;1;
63631;202100040951;128 418;A01;2;7;0;2;2;9;3;
63632;202100040951;128 419;B01;2;30;0;2;1;1;1;
63633;202100040952;128 417;A01;2;10;0;1;2;16;3;
63634;202100040953;128 415;A01;1;33;0;2;6;1;1;
63635;202100040953;128 416;Z01;1;7;0;2;0;12;0;
63636;202100040954;128 413;A01;2;1;0;2;8;13;5;
63637;202100040954;128 414;B01;2;7;0;2;7;1;2;
63638;202100040955;128 411;B01;1;80;0;2;5;1;3;
63639;202100040955;128 412;A01;1;7;0;2;1;1;1;
63640;202100040956;128 410;A01;1;1;0;0;1;1;5;
63641;202100040957;128 409;A01;2;32;0;0;0;1;3;
63642;202100040958;128 407;A01;2;30;8;0;1;16;1;
63643;202100040958;128 408;B01;2;7;8;0;7;1;1;
63644;202100040959;128 405;A01;3;7;0;2;3;15;1;
63645;202100040959;128 406;B01;3;1;0;2;1;1;5;
63646;202100040960;128 403;A01;1;7;0;2;2;1;1;
63647;202100040960;128 404;B01;3;7;0;2;0;0;1;
63648;202100040961;128 401;A01;2;32;8;2;3;18;1;
63649;202100040961;128 402;B01;2;7;0;2;2;16;1;
63650;202100040962;128 399;A01;2;30;0;2;1;1;1;
63651;202100040962;128 400;B01;2;7;0;2;2;16;1;
63652;202100040963;128 397;A01;0;7;0;2;3;15;1;
63653;202100040963;128 398;B01;1;31;0;2;3;1;1;
63654;202100040964;128 394;A01;3;7;0;2;7;12;1;
63655;202100040964;128 395;C01;3;10;0;2;5;1;0;
63656;202100040964;128 396;B01;3;32;0;2;8;1;1;
63657;202100040965;128 392;B01;3;7;0;2;2;1;2;
63658;202100040965;128 393;A01;3;15;0;0;6;1;1;
63659;202100040966;128 390;A01;1;7;0;2;2;16;1;
63660;202100040966;128 391;B01;1;33;0;2;3;16;1;
63661;202100040967;128 388;B01;1;99;0;0;4;0;3;
63662;202100040967;128 389;A01;1;7;0;2;1;17;1;
63663;202100040968;128 387;A01;2;7;9;0;8;9;1;
63664;202100040969;128 385;A01;3;30;0;2;2;15;1;
63665;202100040969;128 386;B01;3;7;0;2;2;16;2;
63666;202100040970;128 383;A01;2;7;1;2;1;13;1;
63667;202100040970;128 384;B01;2;7;0;2;8;13;1;
63668;202100040971;128 382;A01;0;7;0;1;2;2;1;
63669;202100040972;128 380;B01;3;7;0;2;5;15;1;
63670;202100040972;128 381;A01;3;7;0;2;3;1;1;
63671;202100040973;128 379;A01;1;7;1;0;0;0;1;
63672;202100040974;128 377;A01;3;7;0;1;0;0;0;
63673;202100040975;128 376;A01;1;10;0;1;4;26;1;
63674;202100040976;128 374;B01;1;43;0;2;1;2;1;
63675;202100040976;128 375;A01;1;7;0;2;5;15;1;
63676;202100040977;128 373;A01;0;7;8;0;1;26;1;
63677;202100040978;128 372;A01;1;7;0;1;8;26;1;
63678;202100040979;128 370;B01;1;32;0;2;2;21;1;
63679;202100040979;128 371;A01;1;7;0;2;3;10;1;
63680;202100040980;128 368;A01;2;50;0;2;1;5;3;
63681;202100040980;128 369;B01;1;1;0;2;1;1;5;
63682;202100040981;128 366;A01;1;1;0;2;0;17;5;
63683;202100040981;128 367;B01;1;1;0;2;0;21;5;
63684;202100040982;128 364;A01;1;7;0;2;3;11;1;
63685;202100040982;128 365;B01;2;7;0;2;3;1;1;
63686;202100040983;128 363;A01;2;33;13;0;1;1;1;
63687;202100040984;128 361;B01;2;1;0;2;1;1;5;
63688;202100040984;128 362;A01;1;7;13;2;3;21;1;
63689;202100040985;128 359;B01;2;33;0;2;8;1;1;
63690;202100040985;128 360;A01;2;7;0;2;3;1;1;
63691;202100040986;128 358;A01;2;2;0;0;3;1;1;
63692;202100040987;128 356;A01;1;33;0;2;1;2;1;
63693;202100040987;128 357;B01;1;7;0;2;5;2;1;
63694;202100040989;128 353;A01;0;7;0;1;4;20;1;
63695;202100040990;128 351;A01;2;7;0;9;1;15;1;
63696;202100040990;128 352;B01;2;1;0;2;4;1;5;
63697;202100040991;128 349;B01;3;10;0;2;3;1;1;
63698;202100040991;128 350;A01;3;2;0;2;3;1;1;
63699;202100040992;128 347;B01;2;7;0;2;3;1;1;
63700;202100040992;128 348;A01;1;7;0;2;3;1;1;
63701;202100040993;128 345;B01;1;33;0;2;7;17;1;
63702;202100040993;128 346;A01;1;10;0;2;3;15;1;
63703;202100040994;128 344;A01;1;7;2;0;1;1;1;
63704;202100040995;128 341;C01;2;33;0;2;1;1;1;
63705;202100040995;128 342;B01;1;7;0;0;3;1;1;
63706;202100040995;128 343;A01;2;7;0;2;4;1;1;
63707;202100040996;128 340;A01;2;35;0;0;0;1;1;
63708;202100040997;128 336;A01;1;7;0;2;1;2;1;
63709;202100040997;128 337;B01;1;7;0;2;4;1;1;
63710;202100040997;128 338;C01;2;7;0;2;8;1;1;
63711;202100040998;128 335;A01;1;31;0;0;0;1;1;
63712;202100040999;128 333;A01;2;15;0;9;0;1;1;
63713;202100040999;128 334;B01;1;1;0;9;3;1;5;
63714;202100041000;128 331;A01;2;10;0;2;7;5;1;
63715;202100041000;128 332;B01;1;33;0;2;7;1;1;
63716;202100041001;128 329;A01;2;21;0;2;1;9;1;
63717;202100041001;128 330;B01;1;10;0;2;7;1;1;
63718;202100041002;128 327;A01;1;7;0;2;3;1;1;
63719;202100041002;128 328;B01;2;33;0;2;1;1;1;
63720;202100041003;128 325;B01;2;33;0;2;3;1;1;
63721;202100041003;128 326;A01;1;33;0;2;3;13;1;
63722;202100041004;128 324;A01;0;33;0;0;2;1;1;
63723;202100041006;128 321;B01;1;7;0;2;1;0;1;
63724;202100041006;128 322;A01;1;10;0;2;3;16;1;
63725;202100041007;128 319;A01;3;7;6;0;3;1;1;
63726;202100041008;128 318;A01;2;7;0;1;8;21;1;
63727;202100041009;128 316;B01;2;7;0;0;8;1;1;
63728;202100041009;128 317;A01;2;7;0;2;2;14;1;
63729;202100041010;128 313;C01;0;7;0;2;1;23;1;
63730;202100041010;128 314;B01;0;2;0;2;2;1;1;
63731;202100041010;128 315;A01;0;7;0;2;1;16;1;
63732;202100041011;128 311;A01;1;7;0;2;8;1;1;
63733;202100041011;128 312;B01;3;7;0;2;1;1;1;
63734;202100041012;128 309;B01;1;7;0;2;7;17;1;
63735;202100041012;128 310;A01;1;7;3;2;8;13;1;
63736;202100041013;128 307;B01;0;7;0;0;3;2;0;
63737;202100041013;128 308;A01;0;7;0;0;6;2;0;
63738;202100041014;128 305;A01;3;1;0;0;0;2;5;
63739;202100041014;128 306;B01;0;7;0;9;0;1;0;
63740;202100041015;128 303;A01;1;10;0;2;3;13;1;
63741;202100041015;128 304;B01;2;7;0;2;3;1;1;
63742;202100041016;128 302;A01;1;7;12;0;9;1;1;
63743;202100041017;128 300;B01;3;7;0;2;3;1;1;
63744;202100041017;128 301;A01;1;34;0;2;1;1;1;
63745;202100041018;128 298;B01;2;7;0;2;1;1;2;
63746;202100041018;128 299;A01;1;7;0;2;3;19;1;
63747;202100041019;128 296;B01;1;7;0;2;9;1;1;
63748;202100041019;128 297;A01;2;7;0;2;1;19;1;
63749;202100041020;128 294;B01;1;7;0;2;1;2;1;
63750;202100041020;128 295;A01;2;33;0;2;1;5;1;
63751;202100041022;128 291;A01;1;33;13;0;1;1;1;
63752;202100041023;128 289;A01;0;2;0;2;3;1;1;
63753;202100041023;128 290;B01;0;1;0;2;5;19;5;
63754;202100041024;128 288;A01;1;7;0;0;3;1;1;
63755;202100041026;128 284;B01;1;7;0;2;1;1;1;
63756;202100041026;128 285;A01;2;7;0;2;3;5;1;
63757;202100041027;128 282;A01;2;7;13;0;2;14;1;
63758;202100041028;128 281;A01;2;2;3;0;7;1;1;
63759;202100041029;128 280;A01;1;7;3;0;2;1;1;
63760;202100041030;128 278;A01;1;10;0;2;3;13;1;
63761;202100041030;128 279;B01;2;7;0;2;3;1;1;
63762;202100041031;128 277;A01;0;7;13;0;1;1;1;
63763;202100041032;128 272;A01;1;7;0;2;4;1;1;
63764;202100041032;128 273;D01;1;10;0;2;1;2;1;
63765;202100041032;128 274;C01;1;7;0;2;4;2;1;
63766;202100041032;128 275;B01;1;7;0;2;5;2;1;
63767;202100041033;128 270;A01;2;15;0;2;2;1;1;
63768;202100041033;128 271;B01;2;7;0;2;8;11;1;
63769;202100041034;128 268;B01;1;7;0;2;1;2;1;
63770;202100041034;128 269;A01;1;7;0;2;4;1;1;
63771;202100041035;128 265;C01;2;7;0;2;1;2;1;
63772;202100041035;128 266;B01;2;10;0;2;4;2;1;
63773;202100041035;128 267;A01;2;7;0;2;4;1;1;
63774;202100041036;128 263;B01;2;7;0;2;1;1;1;
63775;202100041036;128 264;A01;2;7;0;2;4;1;1;
63776;202100041037;128 260;Z01;1;10;0;2;0;1;0;
63777;202100041037;128 261;A01;1;7;0;2;4;2;1;
63778;202100041037;128 262;B01;1;33;0;2;1;2;1;
63779;202100041038;128 258;A01;1;7;0;2;2;2;1;
63780;202100041038;128 259;B01;1;32;0;2;4;1;1;
63781;202100041039;128 256;A01;2;7;4;2;9;1;1;
63782;202100041039;128 257;B01;2;10;0;2;0;0;1;
63783;202100041040;128 254;B01;2;7;0;2;4;2;1;
63784;202100041040;128 255;A01;2;33;0;2;1;2;1;
63785;202100041041;128 252;A01;1;7;0;2;4;1;1;
63786;202100041041;128 253;B01;1;7;0;2;1;2;1;
63787;202100041042;128 250;A01;2;7;0;2;1;2;1;
63788;202100041042;128 251;B01;2;7;0;2;4;2;1;
63789;202100041043;128 248;A01;2;10;0;2;1;2;1;
63790;202100041043;128 249;B01;2;7;0;2;4;2;1;
63791;202100041044;128 246;A01;1;33;0;2;1;3;1;
63792;202100041044;128 247;B01;1;7;0;2;4;1;1;
63793;202100041045;128 242;A01;2;30;0;2;1;1;1;
63794;202100041045;128 243;B01;3;7;0;2;5;26;1;
63795;202100041047;128 240;A01;1;33;4;0;7;18;1;
63796;202100041048;128 238;B01;2;7;0;9;5;1;1;
63797;202100041048;128 239;A01;2;2;0;2;0;1;1;
63798;202100041049;128 236;A01;2;7;0;2;1;1;1;
63799;202100041049;128 237;B01;2;7;0;2;4;1;1;
63800;202100041050;128 235;A01;0;2;0;2;1;1;1;
63801;202100041052;128 231;A01;1;7;0;2;1;1;1;
63802;202100041052;128 232;B01;1;7;0;2;6;1;1;
63803;202100041053;128 230;A01;2;36;12;0;0;0;1;
63804;202100041054;128 226;C01;2;7;0;2;5;1;1;
63805;202100041054;128 227;D01;2;7;0;2;7;1;0;
63806;202100041054;128 228;A01;2;7;0;2;8;22;1;
63807;202100041054;128 229;B01;2;2;1;2;1;1;1;
63808;202100041055;128 224;A01;1;10;0;9;1;1;1;
63809;202100041055;128 225;B01;2;1;0;2;7;19;5;
63810;202100041056;128 223;A01;2;20;0;1;3;1;1;
63811;202100041057;128 221;A01;2;7;0;2;1;1;1;
63812;202100041057;128 222;B01;1;32;0;2;1;21;1;
63813;202100041058;128 219;A01;2;7;1;2;7;20;1;
63814;202100041058;128 220;B01;2;7;1;2;1;1;1;
63815;202100041059;128 215;A01;1;7;0;2;1;26;1;
63816;202100041059;128 216;B01;1;10;0;2;1;26;1;
63817;202100041059;128 217;C01;1;10;0;2;4;2;1;
63818;202100041059;128 218;D01;1;7;0;2;4;2;1;
63819;202100041061;128 211;B01;1;2;0;2;1;1;1;
63820;202100041061;128 212;A01;1;7;0;2;3;15;1;
63821;202100041062;128 210;A01;3;7;0;1;2;16;0;
63822;202100041063;128 207;C01;2;7;0;2;3;5;1;
63823;202100041063;128 208;Z01;3;7;0;2;3;26;1;
63824;202100041063;128 209;B01;3;7;9;2;5;15;1;
63825;202100041064;128 205;B01;1;7;0;2;4;2;1;
63826;202100041064;128 206;A01;1;7;0;2;1;2;0;
63827;202100041065;128 204;A01;1;7;9;0;1;26;1;
63828;202100041066;128 203;A01;1;7;15;0;2;26;1;
63829;202100041067;128 201;A01;1;7;0;2;3;13;1;
63830;202100041067;128 202;B01;2;7;0;2;1;1;1;
63831;202100041068;128 199;A01;3;7;0;2;1;15;1;
63832;202100041068;128 200;B01;3;7;0;2;1;1;1;
63833;202100041069;128 198;A01;1;7;13;0;7;14;1;
63834;202100041070;128 196;A01;1;7;0;2;3;13;1;
63835;202100041070;128 197;B01;2;7;0;2;3;1;1;
63836;202100041071;128 194;A01;1;10;16;9;1;9;1;
63837;202100041071;128 195;B01;2;33;0;2;1;5;1;
63838;202100041072;128 191;A01;3;7;0;1;3;15;1;
63839;202100041073;128 190;A01;0;33;14;0;3;13;0;
63840;202100041074;128 188;A01;3;7;0;2;1;13;0;
63841;202100041074;128 189;B01;3;7;0;2;1;1;0;
63842;202100041075;128 187;A01;3;7;0;1;1;15;1;
63843;202100041076;128 186;A01;2;7;13;0;2;17;1;
63844;202100041077;128 185;A01;1;7;2;0;0;19;1;
63845;202100041078;128 183;B01;0;1;0;2;8;15;5;
63846;202100041078;128 184;A01;0;7;0;9;2;21;1;
63847;202100041079;128 182;A01;2;7;6;0;0;1;1;
63848;202100041080;128 180;B01;0;30;0;2;3;9;1;
63849;202100041080;128 181;A01;0;99;0;2;1;1;1;
63850;202100041081;128 179;A01;2;7;0;1;1;21;1;
63851;202100041082;128 178;A01;2;7;0;1;7;1;1;
63852;202100041083;128 176;B01;1;1;0;2;1;1;5;
63853;202100041083;128 177;A01;1;7;0;2;1;16;1;
63854;202100041084;128 174;B01;1;7;0;2;3;15;1;
63855;202100041084;128 175;A01;2;30;0;2;1;1;1;
63856;202100041085;128 171;A01;1;33;0;2;1;2;1;
63857;202100041085;128 172;T01;1;99;0;0;0;2;-1;
63858;202100041085;128 173;B01;1;7;0;2;4;2;1;
63859;202100041086;128 169;B01;2;7;0;2;4;2;1;
63860;202100041086;128 170;A01;2;7;0;2;1;1;1;
63861;202100041087;128 168;A01;0;7;0;1;1;1;1;
63862;202100041088;128 166;A01;1;7;0;2;1;16;1;
63863;202100041088;128 167;B01;2;50;0;2;1;25;3;
63864;202100041089;128 165;A01;1;7;0;1;2;15;1;
63865;202100041090;128 163;B01;1;7;0;2;3;13;1;
63866;202100041090;128 164;A01;2;36;0;2;2;13;1;
63867;202100041091;128 161;B01;1;33;0;2;2;1;1;
63868;202100041091;128 162;A01;2;7;0;2;3;15;1;
63869;202100041092;128 159;A01;2;7;0;2;1;2;1;
63870;202100041092;128 160;B01;2;7;0;2;4;1;1;
63871;202100041093;128 158;A01;2;7;0;1;1;1;1;
63872;202100041094;128 157;A01;1;33;0;0;0;26;1;
63873;202100041095;128 155;A01;3;10;0;2;1;2;1;
63874;202100041095;128 156;B01;3;7;0;2;4;2;1;
63875;202100041096;128 153;A01;3;7;0;2;1;2;1;
63876;202100041096;128 154;B01;3;7;0;2;4;2;1;
63877;202100041097;128 151;A01;3;7;0;2;2;22;1;
63878;202100041097;128 152;B01;3;1;0;9;1;1;5;
63879;202100041099;128 148;A01;0;7;6;0;1;1;1;
63880;202100041100;128 146;B01;0;7;0;2;1;1;1;
63881;202100041100;128 147;A01;0;7;0;2;1;15;1;
63882;202100041101;128 144;A01;1;30;0;2;0;1;1;
63883;202100041101;128 145;B01;1;7;0;2;0;0;1;
63884;202100041103;128 141;B01;1;10;14;2;4;23;1;
63885;202100041103;128 142;A01;1;7;0;2;1;1;1;
63886;202100041104;128 140;A01;2;1;0;0;0;1;5;
63887;202100041105;128 139;A01;1;30;0;0;8;1;1;
63888;202100041106;128 137;B01;1;1;0;2;1;21;5;
63889;202100041106;128 138;A01;1;7;0;9;2;17;1;
63890;202100041107;128 133;A01;0;7;0;2;1;2;1;
63891;202100041107;128 134;D01;0;7;0;2;4;23;1;
63892;202100041107;128 135;C01;0;7;0;2;4;23;1;
63893;202100041107;128 136;B01;0;7;0;2;4;23;1;
63894;202100041108;128 131;B01;3;2;0;2;1;1;1;
63895;202100041108;128 132;A01;3;7;0;2;4;15;1;
63896;202100041109;128 130;A01;3;10;0;0;2;0;1;
63897;202100041110;128 129;A01;0;7;0;1;1;1;1;
63898;202100041111;128 127;B01;1;7;0;2;2;1;1;
63899;202100041111;128 128;A01;2;2;0;2;1;1;1;
63900;202100041112;128 125;A01;2;34;1;2;1;7;1;
63901;202100041112;128 126;B01;2;7;0;2;7;12;6;
63902;202100041114;128 121;A01;1;10;0;2;3;26;1;
63903;202100041114;128 122;B01;1;1;0;2;1;1;5;
63904;202100041115;128 119;A01;0;7;0;2;8;9;1;
63905;202100041115;128 120;B01;2;1;0;2;7;1;5;
63906;202100041117;128 115;A01;2;7;0;2;1;9;1;
63907;202100041117;128 116;B01;1;1;0;2;0;1;0;
63908;202100041118;128 111;A01;2;7;1;0;7;1;1;
63909;202100041118;128 112;B01;2;7;1;2;8;24;1;
63910;202100041119;128 110;A01;3;7;0;1;2;1;1;
63911;202100041120;128 108;B01;2;33;0;2;1;1;1;
63912;202100041120;128 109;A01;1;10;0;2;6;15;1;
63913;202100041121;128 106;B01;1;7;0;2;1;1;1;
63914;202100041121;128 107;A01;1;7;0;2;1;1;1;
63915;202100041122;128 105;A01;1;30;0;1;1;21;0;
63916;202100041123;128 102;B01;3;34;0;2;1;1;1;
63917;202100041123;128 103;A01;3;7;0;2;5;15;1;
63918;202100041123;128 104;T01;1;7;0;2;0;23;1;
63919;202100041124;128 101;A01;1;33;0;1;1;17;0;
63920;202100041126;128 097;A01;3;7;0;2;7;15;1;
63921;202100041126;128 098;B01;3;2;0;2;1;1;1;
63922;202100041127;128 095;B01;3;7;0;2;5;2;1;
63923;202100041127;128 096;A01;3;7;0;2;3;2;1;
63924;202100041128;128 094;A01;3;33;0;1;3;3;1;
63925;202100041130;128 089;C01;1;37;0;2;6;23;1;1.0
63926;202100041130;128 090;B01;1;2;1;2;1;21;1;
63927;202100041130;128 091;A01;1;7;0;2;5;23;1;
63928;202100041131;128 086;A01;3;10;8;2;5;19;1;
63929;202100041131;128 087;C01;3;7;0;2;1;23;1;
63930;202100041131;128 088;B01;1;10;8;2;1;1;1;
63931;202100041132;128 084;A01;3;1;0;2;1;19;5;
63932;202100041132;128 085;B01;3;7;0;2;8;1;1;
63933;202100041133;128 082;B01;1;7;0;2;4;2;1;
63934;202100041133;128 083;A01;1;32;0;2;1;1;1;
63935;202100041134;128 081;A01;3;2;0;1;1;1;1;
63936;202100041135;128 079;A01;1;30;0;2;1;17;3;
63937;202100041135;128 080;B01;1;7;0;2;6;23;1;
63938;202100041136;128 077;A01;2;31;0;2;1;1;1;
63939;202100041136;128 078;B01;1;7;0;2;2;15;1;
63940;202100041138;128 073;A01;2;1;0;2;7;19;5;
63941;202100041138;128 074;B01;2;7;0;2;1;1;1;
63942;202100041139;128 071;A01;0;7;0;2;4;9;1;
63943;202100041139;128 072;B01;0;30;0;2;7;1;1;
63944;202100041140;128 069;A01;2;7;0;2;3;9;1;
63945;202100041140;128 070;B01;1;32;0;2;3;1;1;
63946;202100041142;128 065;A01;1;10;0;2;1;2;1;
63947;202100041142;128 066;B01;1;7;0;2;4;2;1;
63948;202100041143;128 063;A01;1;13;0;2;2;2;1;
63949;202100041143;128 064;B01;1;31;0;2;4;2;1;
63950;202100041144;128 061;B01;1;7;0;2;8;15;1;
63951;202100041144;128 062;A01;2;7;0;2;1;1;1;
63952;202100041146;128 056;A01;2;7;0;2;1;2;1;
63953;202100041146;128 057;B01;2;7;0;2;4;2;1;
63954;202100041146;128 058;C01;2;7;0;2;4;2;1;
63955;202100041147;128 054;A01;2;7;0;2;2;1;1;
63956;202100041147;128 055;B01;1;1;0;2;8;1;5;
63957;202100041148;128 052;A01;1;30;0;2;1;1;1;
63958;202100041148;128 053;B01;1;13;0;2;8;1;1;
63959;202100041149;128 050;B01;1;50;0;0;0;1;3;
63960;202100041149;128 051;A01;1;37;0;0;0;1;0;1.0
63961;202100041150;128 048;A01;1;7;0;2;6;26;1;
63962;202100041150;128 049;B01;1;10;0;2;2;1;1;
63963;202100041151;128 046;B01;1;2;0;2;1;1;1;
63964;202100041151;128 047;A01;1;7;0;2;2;19;1;
63965;202100041152;128 043;C01;1;37;0;2;4;1;1;1.0
63966;202100041152;128 044;B01;1;7;0;2;4;1;1;
63967;202100041152;128 045;A01;1;7;0;2;1;21;0;
63968;202100041153;128 041;A01;1;30;0;2;2;14;1;
63969;202100041153;128 042;B01;1;10;0;2;6;26;1;
63970;202100041154;128 039;B01;1;7;0;2;7;1;2;
63971;202100041154;128 040;A01;1;3;0;2;1;26;1;
63972;202100041155;128 037;B01;0;7;0;2;3;1;1;
63973;202100041155;128 038;A01;0;7;0;2;1;15;1;
63974;202100041156;128 035;B01;1;34;0;2;1;17;1;
63975;202100041156;128 036;A01;2;7;0;2;3;10;1;
63976;202100041157;128 033;B01;1;30;0;2;1;1;1;
63977;202100041157;128 034;A01;2;7;0;2;1;15;1;
63978;202100041158;128 031;B01;3;7;0;0;0;0;0;
63979;202100041158;128 032;A01;0;34;1;0;2;26;1;
63980;202100041159;128 029;A01;2;50;0;2;1;1;3;
63981;202100041159;128 030;B01;2;7;0;2;3;15;1;
63982;202100041160;128 028;A01;1;80;12;0;1;19;3;
63983;202100041161;128 026;B01;1;1;0;2;1;1;5;
63984;202100041161;128 027;A01;1;1;0;2;1;26;5;
63985;202100041163;128 023;A01;1;33;0;2;3;1;1;
63986;202100041163;128 024;B01;1;7;0;2;2;16;1;
63987;202100041164;128 021;B01;1;7;0;2;1;2;1;
63988;202100041164;128 022;A01;1;7;15;2;1;9;1;
63989;202100041165;128 018;C01;2;14;0;2;3;22;1;
63990;202100041165;128 019;B01;2;7;0;2;2;1;1;
63991;202100041165;128 020;A01;2;30;0;2;2;18;1;
63992;202100041166;128 017;A01;1;14;0;1;7;16;1;