;Num_Acc;id_vehicule;num_veh;senc;catv;obs;obsm;choc;manv;motor;occutc
63993;202100041167;128 015;B01;2;10;0;2;5;23;1;
63994;202100041167;128 016;A01;2;30;0;2;7;2;1;
63995;202100041168;128 013;A01;1;7;0;2;2;10;1;
63996;202100041168;128 014;B01;1;2;0;2;1;9;1;
63997;202100041169;128 011;B01;1;14;0;2;3;1;1;
63998;202100041169;128 012;A01;3;7;0;2;2;15;1;
63999;202100041170;128 010;A01;2;7;16;0;0;0;1;
64000;202100041171;128 007;A01;2;16;1;0;1;12;1;
64001;202100041171;128 008;C01;2;16;0;0;7;24;1;
64002;202100041171;128 009;D01;2;16;0;0;4;24;1;
64003;202100041172;128 004;A01;2;7;0;2;8;1;1;
64004;202100041172;128 005;B01;2;1;1;0;2;1;5;
64005;202100041173;128 002;A01;0;1;0;9;1;15;5;
64006;202100041173;128 003;B01;0;1;0;9;1;1;5;
64007;202100041174;128 000;B01;1;10;0;2;8;15;1;
64008;202100041174;128 001;A01;1;2;0;2;1;11;1;
64009;202100041175;127 998;A01;1;32;0;2;1;18;1;
64010;202100041175;127 999;B01;1;7;0;0;5;23;1;
64011;202100041176;127 996;B01;3;21;0;2;6;14;1;
64012;202100041176;127 997;A01;0;33;0;2;1;0;1;
64013;202100041177;127 995;A01;1;7;2;0;8;17;1;
64014;202100041178;127 993;B01;2;7;0;0;4;15;1;
64015;202100041178;127 994;A01;2;7;0;2;1;1;1;
64016;202100041179;127 991;A01;3;2;0;2;7;17;1;
64017;202100041179;127 992;B01;3;7;0;2;8;15;1;
64018;202100041180;127 990;A01;2;7;0;1;0;1;1;
64019;202100041181;127 988;A01;2;34;0;2;1;1;1;
64020;202100041181;127 989;B01;1;7;0;0;2;15;1;
64021;202100041182;127 987;A01;2;7;2;0;2;1;1;
64022;202100041183;127 984;C01;1;7;0;2;2;1;1;
64023;202100041183;127 985;A01;2;7;0;2;1;13;1;
64024;202100041183;127 986;B01;1;7;0;2;1;1;1;
64025;202100041185;127 981;A01;1;2;6;0;1;21;1;
64026;202100041186;127 979;B01;1;7;0;2;1;1;1;
64027;202100041186;127 980;A01;2;7;0;2;1;5;2;
64028;202100041187;127 978;A01;3;7;2;0;0;1;1;
64029;202100041188;127 976;B01;3;7;0;2;2;19;1;
64030;202100041188;127 977;A01;1;7;0;2;1;1;1;
64031;202100041189;127 974;A01;1;33;0;2;1;9;1;
64032;202100041189;127 975;B01;2;7;0;2;2;9;1;
64033;202100041190;127 973;A01;3;7;0;1;2;1;1;
64034;202100041191;127 971;A01;1;7;0;2;1;1;1;
64035;202100041191;127 972;B01;1;21;0;2;4;15;1;
64036;202100041192;127 969;B01;2;33;0;2;1;1;1;
64037;202100041192;127 970;A01;1;7;0;2;7;15;1;
64038;202100041193;127 968;A01;2;7;8;0;1;1;1;
64039;202100041194;127 967;A01;1;10;6;0;1;14;1;
64040;202100041195;127 965;A01;1;7;0;2;3;15;1;
64041;202100041195;127 966;B01;1;7;0;2;2;1;1;
64042;202100041196;127 964;A01;3;31;13;0;1;1;1;
64043;202100041197;127 963;A01;3;7;13;0;2;1;1;
64044;202100041198;127 961;B01;3;1;0;2;1;26;5;
64045;202100041198;127 962;A01;3;7;0;2;3;9;1;
64046;202100041199;127 960;A01;2;10;8;0;2;1;1;
64047;202100041201;127 958;A01;1;10;0;1;4;20;1;
64048;202100041202;127 957;A01;0;10;0;1;0;0;1;
64049;202100041203;127 956;A01;1;7;3;0;1;1;1;
64050;202100041204;127 954;B01;1;10;0;2;3;15;1;
64051;202100041204;127 955;A01;2;2;0;2;1;17;1;
64052;202100041205;127 952;A01;0;10;0;0;2;9;1;
64053;202100041205;127 953;B01;0;7;8;0;3;1;1;
64054;202100041206;127 951;A01;1;7;2;0;1;1;1;
64055;202100041207;127 949;A01;1;7;0;9;3;15;1;
64056;202100041207;127 950;B01;1;33;0;0;7;17;1;
64057;202100041208;127 947;B01;2;10;0;0;6;12;1;
64058;202100041208;127 948;A01;2;33;0;2;1;3;1;
64059;202100041209;127 945;B01;1;15;0;2;3;1;0;
64060;202100041209;127 946;A01;2;7;0;2;3;13;1;
64061;202100041210;127 943;B01;1;1;0;2;8;1;5;
64062;202100041210;127 944;A01;2;7;0;9;1;19;1;
64063;202100041211;127 941;B01;1;7;0;2;1;1;2;
64064;202100041211;127 942;A01;2;7;0;2;1;13;1;
64065;202100041212;127 940;A01;1;7;0;0;3;1;1;
64066;202100041213;127 938;B01;3;31;0;2;0;1;0;
64067;202100041213;127 939;A01;3;7;0;2;3;1;1;
64068;202100041215;127 934;A01;2;7;0;2;1;1;1;
64069;202100041215;127 935;B01;1;7;0;2;1;1;1;
64070;202100041216;127 932;A01;2;7;0;2;1;26;1;
64071;202100041216;127 933;B01;1;7;0;2;2;1;1;
64072;202100041217;127 931;A01;3;1;6;0;3;0;5;
64073;202100041218;127 927;B01;0;15;0;2;1;1;1;
64074;202100041218;127 928;A01;0;7;0;2;1;13;1;
64075;202100041219;127 925;A01;2;15;0;2;1;2;1;
64076;202100041219;127 926;B01;2;7;0;2;4;2;1;
64077;202100041220;127 923;B01;2;2;0;2;1;9;0;
64078;202100041220;127 924;A01;2;7;0;2;3;9;1;
64079;202100041221;127 920;A01;1;7;0;2;4;1;1;
64080;202100041221;127 921;B01;1;7;0;2;4;1;3;
64081;202100041221;127 922;C01;1;7;0;2;1;1;1;
64082;202100041222;127 918;A01;1;7;0;2;4;2;1;
64083;202100041222;127 919;B01;1;7;0;2;1;2;1;
64084;202100041223;127 915;A01;2;17;0;2;1;2;1;
64085;202100041223;127 916;B01;2;7;0;2;4;2;1;
64086;202100041223;127 917;C01;2;7;0;2;4;2;1;
64087;202100041224;127 914;A01;1;7;0;0;9;13;1;
64088;202100041225;127 912;A01;1;31;0;2;1;2;1;
64089;202100041225;127 913;B01;1;10;0;2;6;2;1;
64090;202100041226;127 910;B01;2;10;0;2;7;1;1;
64091;202100041226;127 911;A01;2;10;0;2;3;1;1;
64092;202100041227;127 909;A01;1;33;0;0;4;1;1;
64093;202100041228;127 908;A01;1;7;4;0;9;1;1;
64094;202100041229;127 907;A01;1;10;3;0;1;1;1;
64095;202100041230;127 905;A01;1;7;0;2;0;11;1;
64096;202100041230;127 906;B01;1;7;0;2;0;0;1;
64097;202100041231;127 904;A01;1;33;0;2;0;26;1;
64098;202100041232;127 902;A01;1;7;0;2;4;2;1;
64099;202100041232;127 903;B01;1;10;0;2;1;2;1;
64100;202100041233;127 898;D01;2;7;0;2;2;1;1;
64101;202100041233;127 899;C01;2;33;0;2;6;2;1;
64102;202100041233;127 900;B01;2;33;0;2;2;2;1;
64103;202100041233;127 901;A01;2;32;0;2;3;9;1;
64104;202100041234;127 895;C01;1;7;0;2;9;9;1;
64105;202100041234;127 896;B01;1;14;0;2;5;1;1;
64106;202100041234;127 897;A01;1;7;0;2;1;1;1;
64107;202100041235;127 893;B01;2;31;0;2;1;2;1;
64108;202100041235;127 894;A01;2;7;0;2;5;2;1;
64109;202100041237;127 889;C01;2;7;0;2;4;2;1;
64110;202100041237;127 890;B01;2;7;0;2;4;1;1;
64111;202100041237;127 891;A01;2;7;0;2;1;26;1;
64112;202100041238;127 888;A01;2;7;4;0;1;1;1;
64113;202100041239;127 886;A01;1;7;0;2;5;12;1;
64114;202100041239;127 887;B01;1;33;0;2;6;3;1;
64115;202100041240;127 885;A01;2;7;0;1;7;1;1;
64116;202100041241;127 883;A01;1;7;0;2;7;17;1;
64117;202100041241;127 884;B01;1;1;0;0;8;13;5;
64118;202100041242;127 881;A01;3;7;0;1;1;1;1;
64119;202100041243;127 880;A01;3;30;0;1;1;26;1;
64120;202100041244;127 878;A01;1;30;0;2;1;1;1;
64121;202100041244;127 879;B01;2;1;0;2;1;1;5;
64122;202100041245;127 876;A01;1;30;12;2;1;1;1;
64123;202100041245;127 877;B01;2;30;12;2;1;26;1;
64124;202100041246;127 875;A01;3;7;8;0;1;13;1;
64125;202100041247;127 873;B01;2;2;0;2;1;1;1;
64126;202100041247;127 874;A01;1;7;0;2;8;9;1;
64127;202100041248;127 871;B01;1;32;0;2;1;1;1;
64128;202100041248;127 872;A01;1;7;0;2;2;16;1;
64129;202100041250;127 865;A01;1;7;0;2;1;1;1;
64130;202100041250;127 866;B01;1;7;0;2;4;1;1;
64131;202100041250;127 867;C01;1;7;0;2;4;1;1;
64132;202100041250;127 868;D01;1;7;0;2;4;1;1;
64133;202100041251;127 864;A01;3;7;1;0;1;16;1;
64134;202100041252;127 862;A01;0;7;0;2;3;26;1;
64135;202100041252;127 863;B01;0;41;0;0;1;1;1;
64136;202100041253;127 860;B01;2;7;0;2;2;1;2;
64137;202100041253;127 861;A01;1;10;0;2;5;15;1;
64138;202100041254;127 858;A01;3;7;0;2;7;26;1;
64139;202100041254;127 859;B01;3;7;0;2;1;1;1;
64140;202100041255;127 856;A01;2;7;0;2;4;1;1;
64141;202100041255;127 857;B01;2;34;0;2;2;17;1;
64142;202100041256;127 853;B01;1;7;0;2;6;2;1;
64143;202100041256;127 854;A01;1;30;0;2;1;12;1;
64144;202100041257;127 851;B01;0;7;0;2;4;2;1;
64145;202100041257;127 852;A01;0;7;0;2;1;2;1;
64146;202100041258;127 850;A01;2;7;0;1;3;15;1;
64147;202100041259;127 849;A01;2;99;8;0;1;1;1;
64148;202100041260;127 848;A01;3;7;0;1;1;15;3;
64149;202100041261;127 845;B01;1;50;0;2;1;1;3;
64150;202100041261;127 846;A01;2;10;0;2;4;4;1;
64151;202100041262;127 843;B01;0;7;0;2;8;0;1;
64152;202100041262;127 844;A01;0;33;0;2;7;10;1;
64153;202100041263;127 842;A01;1;7;0;1;1;1;1;
64154;202100041264;127 841;A01;1;7;0;1;1;9;1;
64155;202100041265;127 840;A01;3;7;0;1;1;2;1;
64156;202100041266;127 839;A01;0;7;0;1;7;9;1;
64157;202100041268;127 835;A01;3;7;0;2;2;9;1;
64158;202100041268;127 836;B01;1;34;0;2;2;1;1;
64159;202100041269;127 834;A01;1;30;0;0;8;2;1;
64160;202100041270;127 833;A01;1;33;0;0;8;21;1;
64161;202100041271;127 831;A01;3;7;0;2;3;13;1;
64162;202100041271;127 832;B01;3;33;0;2;2;17;1;
64163;202100041272;127 830;A01;1;7;8;0;1;13;1;
64164;202100041273;127 828;B01;3;2;0;2;3;5;1;
64165;202100041273;127 829;A01;3;7;0;2;3;15;1;
64166;202100041274;127 826;B01;2;7;0;2;1;1;1;
64167;202100041274;127 827;A01;2;7;0;2;8;15;1;
64168;202100041275;127 824;A01;2;33;0;2;1;26;1;
64169;202100041275;127 825;B01;2;7;0;2;6;2;1;
64170;202100041276;127 823;A01;1;31;0;0;7;1;1;
64171;202100041277;127 822;A01;3;7;15;1;4;20;1;
64172;202100041278;127 821;A01;3;7;12;0;2;14;1;
64173;202100041279;127 819;A01;1;7;0;2;1;2;1;
64174;202100041279;127 820;B01;1;7;0;2;4;2;1;
64175;202100041280;127 817;A01;0;7;0;2;3;13;1;
64176;202100041280;127 818;B01;0;30;0;2;1;13;3;
64177;202100041282;127 814;A01;3;7;9;0;1;26;1;
64178;202100041283;127 813;A01;3;2;0;0;8;1;3;
64179;202100041285;127 811;A01;1;7;0;1;3;1;1;
64180;202100041286;127 809;A01;1;7;0;2;2;1;1;
64181;202100041286;127 810;B01;2;1;0;2;8;0;5;
64182;202100041287;127 807;B01;0;7;0;2;1;1;1;
64183;202100041287;127 808;A01;0;1;0;2;8;19;5;
64184;202100041289;127 804;A01;1;33;0;2;1;1;0;
64185;202100041289;127 805;B01;1;7;0;2;4;23;1;
64186;202100041291;127 802;A01;1;33;2;0;2;2;1;
64187;202100041292;127 800;A01;0;7;0;2;1;6;1;
64188;202100041292;127 801;B01;1;7;0;2;1;1;1;
64189;202100041293;127 799;A01;1;7;0;1;1;1;1;
64190;202100041294;127 797;A01;1;7;0;2;7;16;0;
64191;202100041294;127 798;B01;1;1;0;2;3;1;5;
64192;202100041295;127 796;A01;1;7;6;0;1;1;1;
64193;202100041297;127 791;A01;0;32;0;2;1;1;1;
64194;202100041297;127 792;B01;0;30;0;2;6;13;1;
64195;202100041298;127 789;A01;2;7;0;2;3;15;1;
64196;202100041298;127 790;B01;1;32;0;2;1;1;1;
64197;202100041299;127 787;B01;1;7;0;2;6;0;1;
64198;202100041299;127 788;A01;2;7;0;2;1;21;1;
64199;202100041300;127 785;A01;1;30;0;2;1;17;1;
64200;202100041300;127 786;B01;1;30;0;2;8;15;1;
64201;202100041301;127 782;A01;1;7;0;2;4;1;1;
64202;202100041301;127 783;B01;1;7;0;2;4;1;1;
64203;202100041301;127 784;C01;1;7;0;2;1;1;1;
64204;202100041302;127 781;A01;2;7;0;1;2;1;1;
64205;202100041303;127 780;A01;3;7;0;1;1;16;1;
64206;202100041305;127 777;B01;2;33;0;2;1;1;1;
64207;202100041305;127 778;A01;1;7;0;2;2;15;1;
64208;202100041306;127 774;A01;2;32;0;2;8;11;1;
64209;202100041306;127 775;B01;2;33;0;2;2;3;1;
64210;202100041306;127 776;C01;2;7;0;2;6;1;1;
64211;202100041307;127 772;B01;3;33;0;2;4;9;1;
64212;202100041307;127 773;A01;3;7;0;2;1;1;1;
64213;202100041308;127 770;A01;3;30;0;2;8;18;1;
64214;202100041308;127 771;B01;3;7;0;2;2;12;2;
64215;202100041309;127 767;C01;1;7;0;2;4;2;1;
64216;202100041309;127 768;B01;1;7;0;2;4;2;2;
64217;202100041309;127 769;A01;1;7;0;2;1;2;1;
64218;202100041310;127 766;A01;1;7;0;1;7;15;1;
64219;202100041311;127 765;A01;1;30;0;1;1;17;1;
64220;202100041312;127 763;A01;1;32;0;2;7;1;1;
64221;202100041312;127 764;B01;3;10;0;2;1;1;1;
64222;202100041313;127 760;A01;1;10;0;2;3;15;1;
64223;202100041313;127 761;B01;1;33;0;2;2;17;1;
64224;202100041313;127 762;C01;2;10;0;2;3;23;1;
64225;202100041314;127 759;A01;2;31;0;1;1;1;1;
64226;202100041315;127 758;A01;2;32;0;0;7;16;1;
64227;202100041316;127 757;A01;2;7;0;1;1;1;1;
64228;202100041317;127 755;B01;2;7;0;2;5;15;1;
64229;202100041317;127 756;A01;1;32;0;2;3;1;1;
64230;202100041318;127 753;A01;2;2;0;2;1;2;3;
64231;202100041318;127 754;B01;2;7;0;2;4;23;1;
64232;202100041319;127 751;A01;1;7;0;2;1;2;1;
64233;202100041319;127 752;B01;1;1;0;2;4;2;5;
64234;202100041320;127 750;A01;1;33;0;1;2;1;1;
64235;202100041321;127 748;B01;1;30;0;2;1;1;1;
64236;202100041321;127 749;A01;1;30;0;2;1;10;1;
64237;202100041322;127 746;A01;1;30;0;2;2;18;1;
64238;202100041322;127 747;B01;1;7;0;2;7;1;1;
64239;202100041323;127 743;A01;1;7;0;2;3;22;1;
64240;202100041323;127 744;B01;1;33;0;2;2;3;1;
64241;202100041323;127 745;C01;2;7;0;2;1;1;1;
64242;202100041324;127 741;A01;2;80;0;2;7;1;3;
64243;202100041324;127 742;B01;1;7;0;2;1;1;1;
64244;202100041325;127 739;B01;1;2;0;2;2;2;1;
64245;202100041325;127 740;A01;1;7;0;0;1;9;1;
64246;202100041326;127 737;A01;2;1;0;2;1;5;5;
64247;202100041326;127 738;B01;1;7;0;2;1;15;1;
64248;202100041327;127 735;B01;3;10;0;2;3;1;0;
64249;202100041327;127 736;A01;3;14;0;2;2;16;0;
64250;202100041328;127 733;B01;2;50;0;2;8;25;3;
64251;202100041328;127 734;A01;1;7;0;2;1;9;1;
64252;202100041330;127 728;A01;2;7;0;2;3;2;1;
64253;202100041330;127 729;B01;2;7;0;2;4;23;1;
64254;202100041330;127 730;C01;2;7;0;2;4;23;2;
64255;202100041331;127 727;A01;2;1;0;1;1;1;5;
64256;202100041333;127 725;A01;3;30;0;0;1;1;1;
64257;202100041334;127 723;B01;3;10;0;2;0;0;0;
64258;202100041334;127 724;A01;3;33;1;2;8;1;0;
64259;202100041335;127 722;A01;2;7;0;1;1;1;1;
64260;202100041336;127 720;B01;2;32;0;2;3;1;1;
64261;202100041336;127 721;A01;2;7;0;2;7;16;1;
64262;202100041337;127 719;A01;2;1;0;1;1;1;5;
64263;202100041338;127 717;A01;3;7;0;2;4;1;1;
64264;202100041338;127 718;B01;3;7;0;2;1;2;0;
64265;202100041339;127 716;A01;3;7;0;1;8;1;1;
64266;202100041340;127 714;A01;1;32;0;2;2;16;3;
64267;202100041340;127 715;B01;2;7;0;2;6;16;1;
64268;202100041341;127 712;B01;2;7;0;2;1;1;1;
64269;202100041341;127 713;A01;1;7;0;2;1;13;1;
64270;202100041342;127 710;B01;0;7;0;2;3;1;1;
64271;202100041342;127 711;A01;3;7;0;2;3;1;1;
64272;202100041343;127 709;A01;0;7;0;1;1;9;1;
64273;202100041344;127 707;A01;1;31;0;2;3;1;1;
64274;202100041344;127 708;B01;2;14;0;2;8;13;1;
64275;202100041345;127 706;A01;2;33;5;0;1;1;1;
64276;202100041346;127 704;A01;1;7;0;2;3;16;1;
64277;202100041346;127 705;B01;2;30;0;2;1;1;1;
64278;202100041347;127 702;B01;3;7;5;0;8;15;1;
64279;202100041347;127 703;A01;3;10;15;2;1;1;1;
64280;202100041348;127 700;A01;2;7;0;2;8;15;1;
64281;202100041348;127 701;B01;1;10;0;2;1;0;1;
64282;202100041349;127 699;A01;1;7;0;0;1;1;1;
64283;202100041350;127 697;B01;2;7;0;2;1;1;1;
64284;202100041350;127 698;A01;2;14;0;2;7;19;1;
64285;202100041351;127 696;A01;1;1;14;9;1;1;5;
64286;202100041352;127 694;B01;2;7;0;2;1;15;1;
64287;202100041352;127 695;A01;1;7;7;2;1;1;1;
64288;202100041353;127 692;A01;0;7;0;2;1;1;1;
64289;202100041353;127 693;B01;0;7;0;2;3;16;3;
64290;202100041354;127 690;B01;2;7;0;2;8;2;1;
64291;202100041354;127 691;A01;2;33;0;2;2;17;1;
64292;202100041355;127 689;A01;1;7;0;1;3;1;3;
64293;202100041356;127 686;A01;1;10;0;2;1;17;1;
64294;202100041356;127 687;B01;2;7;0;2;1;1;1;
64295;202100041356;127 688;C01;1;7;0;2;6;23;1;
64296;202100041357;127 684;A01;0;2;0;2;7;1;1;
64297;202100041357;127 685;B01;0;7;0;2;1;1;1;
64298;202100041359;127 680;B01;1;7;0;2;1;1;1;
64299;202100041359;127 681;A01;2;7;0;2;1;26;1;
64300;202100041361;127 674;B01;2;7;0;2;4;2;1;
64301;202100041361;127 675;A01;2;33;0;2;1;2;1;
64302;202100041362;127 673;A01;2;7;0;1;3;15;1;
64303;202100041363;127 671;B01;2;7;0;2;8;1;1;
64304;202100041363;127 672;A01;1;33;0;2;8;1;1;
64305;202100041364;127 669;A01;1;7;0;2;2;17;1;
64306;202100041364;127 670;B01;1;7;0;2;3;15;1;
64307;202100041365;127 668;A01;2;7;0;0;9;1;1;
64308;202100041366;127 667;A01;2;7;8;0;1;13;1;
64309;202100041367;127 665;B01;1;33;0;2;1;1;1;
64310;202100041367;127 666;A01;2;7;0;2;2;15;1;
64311;202100041368;127 663;B01;1;38;0;2;2;1;1;1.0
64312;202100041368;127 664;A01;2;7;0;2;1;19;1;
64313;202100041369;127 661;B01;1;10;0;2;6;9;1;
64314;202100041369;127 662;A01;1;7;0;2;5;17;1;
64315;202100041370;127 658;C01;2;7;0;2;1;1;1;
64316;202100041370;127 659;B01;2;33;0;2;1;1;1;
64317;202100041370;127 660;A01;1;7;0;2;1;5;1;
64318;202100041371;127 656;A01;1;15;0;2;1;1;1;
64319;202100041371;127 657;B01;3;7;13;2;8;19;1;
64320;202100041372;127 654;B01;2;7;0;2;1;11;1;
64321;202100041372;127 655;A01;1;7;0;2;1;1;1;
64322;202100041373;127 652;B01;2;7;0;2;1;1;1;
64323;202100041373;127 653;A01;1;10;0;2;1;13;1;
64324;202100041374;127 650;A01;2;20;16;2;9;1;1;
64325;202100041374;127 651;B01;1;7;0;9;8;1;1;
64326;202100041375;127 649;A01;3;7;0;1;1;0;1;
64327;202100041376;127 647;B01;3;15;0;2;8;9;1;
64328;202100041376;127 648;A01;1;34;4;2;2;1;1;
64329;202100041377;127 645;A01;2;7;0;2;1;13;1;
64330;202100041377;127 646;B01;1;7;0;2;1;1;1;
64331;202100041378;127 644;A01;1;7;2;0;8;17;1;
64332;202100041379;127 643;A01;3;7;0;1;4;4;1;
64333;202100041380;127 642;A01;2;7;13;0;2;1;1;
64334;202100041381;127 640;A01;2;7;0;2;1;15;1;
64335;202100041381;127 641;B01;1;7;0;2;8;1;1;
64336;202100041382;127 638;A01;3;13;0;2;4;1;1;
64337;202100041382;127 639;B01;3;7;6;2;3;0;1;
64338;202100041383;127 636;A01;0;7;0;2;3;15;1;
64339;202100041383;127 637;B01;1;2;0;2;1;17;1;
64340;202100041384;127 635;A01;2;33;4;0;3;13;1;
64341;202100041385;127 634;A01;2;7;0;0;0;26;1;
64342;202100041386;127 631;B01;2;15;0;2;4;23;1;
64343;202100041386;127 632;C01;2;15;0;2;4;23;1;
64344;202100041386;127 633;A01;2;15;0;2;1;2;1;
64345;202100041387;127 629;A01;2;10;0;2;2;11;1;
64346;202100041387;127 630;B01;2;33;0;2;8;1;1;
64347;202100041388;127 625;D01;2;7;0;2;4;2;1;
64348;202100041388;127 626;C01;2;7;0;2;1;2;1;
64349;202100041388;127 627;B01;2;7;0;2;4;2;1;
64350;202100041388;127 628;A01;2;7;0;2;1;2;1;
64351;202100041389;127 624;A01;2;33;0;0;0;1;1;
64352;202100041390;127 622;B01;1;7;0;2;5;2;1;
64353;202100041390;127 623;A01;1;7;0;2;3;2;1;
64354;202100041391;127 620;B01;2;34;0;2;3;1;1;
64355;202100041391;127 621;A01;2;7;0;2;5;12;1;
64356;202100041392;127 618;B01;2;14;0;2;4;1;1;
64357;202100041392;127 619;A01;2;7;0;2;1;1;1;
64358;202100041393;127 616;B01;2;33;0;2;4;3;1;
64359;202100041393;127 617;A01;2;7;0;2;2;14;1;
64360;202100041394;127 613;A01;1;33;0;2;1;3;1;
64361;202100041394;127 614;B01;1;7;0;2;4;1;1;
64362;202100041394;127 615;C01;1;7;0;2;4;1;1;
64363;202100041395;127 611;A01;2;7;0;2;1;26;1;
64364;202100041395;127 612;B01;2;7;0;2;5;1;1;
64365;202100041396;127 610;A01;2;7;4;0;8;1;1;
64366;202100041397;127 607;C01;2;7;0;2;4;2;1;
64367;202100041397;127 608;B01;2;7;0;2;4;2;1;
64368;202100041397;127 609;A01;2;7;0;2;1;0;1;
64369;202100041398;127 605;B01;1;7;0;0;0;0;1;
64370;202100041398;127 606;A01;1;7;4;9;1;18;1;
64371;202100041399;127 601;A01;2;14;0;2;1;1;6;
64372;202100041399;127 602;C01;2;7;0;2;4;23;6;
64373;202100041399;127 603;B01;2;7;0;2;4;23;1;
64374;202100041399;127 604;D01;2;7;0;0;4;23;0;
64375;202100041400;127 599;A01;2;14;0;2;2;16;1;
64376;202100041400;127 600;B01;2;2;0;2;8;18;1;
64377;202100041401;127 597;A01;1;33;0;2;4;17;1;
64378;202100041401;127 598;B01;1;7;0;2;3;15;0;
64379;202100041402;127 595;A01;1;30;0;2;3;9;1;
64380;202100041402;127 596;B01;1;7;0;2;7;13;1;
64381;202100041403;127 594;A01;2;37;0;1;5;1;1;1.0
64382;202100041404;127 593;A01;1;7;0;1;4;4;1;
64383;202100041405;127 592;Z01;2;7;0;1;0;1;0;
64384;202100041406;127 590;B01;2;30;0;2;1;1;1;
64385;202100041406;127 591;A01;1;7;0;2;5;15;3;
64386;202100041407;127 588;A01;2;7;0;2;5;16;1;
64387;202100041407;127 589;B01;2;2;0;2;8;1;1;
64388;202100041408;127 586;B01;2;30;0;2;1;1;3;
64389;202100041408;127 587;A01;2;7;0;2;8;15;1;
64390;202100041409;127 584;A01;3;33;0;2;1;1;1;
64391;202100041409;127 585;B01;3;7;0;2;5;12;1;
64392;202100041410;127 582;B01;0;1;0;2;0;18;5;
64393;202100041410;127 583;A01;0;7;0;2;2;14;1;
64394;202100041411;127 580;B01;2;32;1;2;1;1;1;
64395;202100041411;127 581;A01;2;10;0;2;8;22;1;
64396;202100041412;127 578;B01;3;33;0;2;1;1;1;
64397;202100041412;127 579;A01;3;10;0;2;5;14;1;
64398;202100041413;127 577;A01;1;80;14;0;2;12;3;
64399;202100041414;127 576;A01;2;33;0;0;0;1;1;
64400;202100041415;127 574;A01;1;7;0;2;1;2;1;
64401;202100041415;127 575;B01;1;7;0;2;4;2;1;
64402;202100041416;127 572;A01;1;7;0;2;8;15;1;
64403;202100041416;127 573;B01;0;33;0;2;1;17;1;
64404;202100041417;127 571;A01;1;7;9;0;1;26;1;
64405;202100041418;127 569;A01;2;7;0;2;3;1;1;
64406;202100041418;127 570;B01;1;2;0;2;0;16;1;
64407;202100041419;127 567;A01;1;7;0;2;2;1;1;
64408;202100041419;127 568;B01;1;7;0;2;0;1;1;
64409;202100041420;127 565;A01;3;10;0;2;6;4;1;
64410;202100041420;127 566;B01;3;30;0;2;1;1;1;
64411;202100041421;127 564;A01;-1;31;0;1;5;26;0;
64412;202100041422;127 563;A01;1;7;0;1;2;1;2;
64413;202100041423;127 561;A01;1;33;0;2;2;21;1;
64414;202100041423;127 562;B01;3;1;0;2;3;9;5;
64415;202100041424;127 560;A01;1;7;0;1;4;20;1;
64416;202100041425;127 558;B01;2;31;0;2;1;3;3;
64417;202100041425;127 559;A01;2;7;0;2;3;0;1;
64418;202100041426;127 556;B01;1;43;0;2;7;1;1;
64419;202100041426;127 557;A01;1;7;0;2;1;9;1;
64420;202100041427;127 554;A01;1;13;0;2;3;15;0;
64421;202100041427;127 555;B01;1;2;0;2;2;17;1;
64422;202100041428;127 552;A01;2;33;0;2;2;17;1;
64423;202100041428;127 553;B01;2;7;0;2;3;15;1;
64424;202100041429;127 550;A01;1;7;0;2;8;10;1;
64425;202100041429;127 551;B01;1;34;0;2;2;3;1;
64426;202100041430;127 548;A01;2;7;0;2;7;1;1;
64427;202100041430;127 549;B01;2;2;0;2;1;1;1;
64428;202100041431;127 546;A01;1;10;0;2;3;15;1;
64429;202100041431;127 547;B01;1;33;0;2;6;15;1;
64430;202100041433;127 541;B01;1;32;0;0;4;1;1;
64431;202100041433;127 542;A01;1;7;0;2;1;2;1;
64432;202100041436;127 536;B01;1;17;1;1;2;2;1;
64433;202100041437;127 533;A01;1;10;0;2;1;2;1;
64434;202100041437;127 534;B01;1;10;0;0;4;2;1;
64435;202100041437;127 535;C01;1;10;0;2;9;2;1;
64436;202100041438;127 532;A01;1;7;13;0;9;1;2;
64437;202100041439;127 530;B01;2;2;0;2;1;1;1;
64438;202100041439;127 531;A01;1;7;0;2;2;15;1;
64439;202100041440;127 528;B01;1;7;0;9;3;1;1;
64440;202100041440;127 529;A01;2;2;0;2;1;13;1;
64441;202100041441;127 527;A01;2;33;13;0;0;1;1;
64442;202100041443;127 523;A01;1;7;0;2;1;5;1;
64443;202100041443;127 524;B01;2;7;0;2;1;1;1;
64444;202100041444;127 522;A01;2;33;15;0;1;1;1;
64445;202100041445;127 521;A01;1;33;14;0;9;1;1;
64446;202100041446;127 519;A01;2;7;0;2;1;13;1;
64447;202100041446;127 520;B01;1;7;0;2;1;1;1;
64448;202100041447;127 517;B01;2;15;0;2;3;1;1;
64449;202100041447;127 518;A01;1;7;0;2;3;13;1;
64450;202100041448;127 516;A01;1;33;8;0;3;14;1;
64451;202100041449;127 515;A01;2;7;13;0;3;1;1;
64452;202100041450;127 514;A01;1;7;10;0;1;1;1;
64453;202100041451;127 513;A01;0;7;13;0;9;16;1;