;Num_Acc;id_vehicule;num_veh;senc;catv;obs;obsm;choc;manv;motor;occutc
64454;202100041453;127 511;A01;1;15;16;0;0;1;1;
64455;202100041454;127 509;A01;1;33;0;2;3;1;1;
64456;202100041454;127 510;B01;2;7;0;2;3;13;1;
64457;202100041455;127 507;B01;2;10;0;2;2;17;1;
64458;202100041455;127 508;A01;2;7;0;0;6;1;1;
64459;202100041456;127 505;B01;3;1;0;2;4;15;5;
64460;202100041456;127 506;A01;1;7;0;2;2;1;1;
64461;202100041457;127 503;B01;3;7;0;2;1;15;1;
64462;202100041457;127 504;A01;2;7;0;2;9;1;1;
64463;202100041459;127 499;B01;3;1;0;2;7;19;5;
64464;202100041459;127 500;A01;3;7;0;2;1;1;1;
64465;202100041460;127 498;A01;1;31;7;0;1;17;1;
64466;202100041461;127 496;B01;1;14;0;2;2;12;1;
64467;202100041461;127 497;A01;1;7;4;2;6;2;1;
64468;202100041462;127 495;A01;1;7;13;0;1;1;1;
64469;202100041463;127 492;B01;1;7;0;2;2;17;1;
64470;202100041463;127 493;C01;2;20;0;2;8;1;1;
64471;202100041463;127 494;A01;1;17;0;2;6;17;1;
64472;202100041464;127 491;A01;0;10;0;0;0;1;1;
64473;202100041465;127 489;B01;3;2;0;2;1;2;1;
64474;202100041465;127 490;A01;3;2;0;0;4;23;1;
64475;202100041466;127 487;A01;2;33;0;0;1;2;1;
64476;202100041466;127 488;B01;2;10;0;0;8;2;1;
64477;202100041468;127 484;A01;3;7;0;1;8;1;1;
64478;202100041469;127 483;A01;3;7;13;0;7;1;1;
64479;202100041470;127 480;A01;1;7;0;2;4;1;1;
64480;202100041470;127 481;B01;1;7;0;2;4;1;1;
64481;202100041470;127 482;C01;1;7;0;2;1;1;1;
64482;202100041471;127 476;A01;2;33;0;2;5;1;1;
64483;202100041471;127 477;B01;2;33;0;2;1;2;1;
64484;202100041471;127 478;C01;2;10;0;2;0;1;1;
64485;202100041471;127 479;D01;2;7;0;2;1;1;1;
64486;202100041472;127 474;A01;2;33;0;2;1;2;1;
64487;202100041472;127 475;B01;2;7;0;2;4;1;1;
64488;202100041473;127 473;A01;1;7;4;0;0;0;1;
64489;202100041474;127 472;A01;2;7;0;2;8;2;1;
64490;202100041476;127 470;A01;2;33;4;0;8;1;1;
64491;202100041477;127 468;A01;1;7;0;2;1;2;1;
64492;202100041477;127 469;B01;1;7;0;2;4;2;1;
64493;202100041478;127 466;A01;1;33;0;2;3;3;1;
64494;202100041478;127 467;B01;1;7;0;2;7;0;1;
64495;202100041479;127 464;A01;1;13;0;2;1;2;1;
64496;202100041479;127 465;B01;1;13;0;2;4;2;1;
64497;202100041480;127 459;B01;1;7;0;2;6;2;1;
64498;202100041480;127 460;C01;1;7;0;2;4;2;1;
64499;202100041480;127 461;D01;1;7;0;2;4;2;1;
64500;202100041480;127 462;E01;1;7;0;2;4;2;1;
64501;202100041480;127 463;A01;1;10;0;2;1;1;1;
64502;202100041481;127 458;A01;1;7;3;0;1;1;1;
64503;202100041483;127 454;A01;1;30;0;1;1;1;1;
64504;202100041484;127 453;A01;1;7;0;1;2;26;1;
64505;202100041485;127 452;A01;1;7;0;0;2;14;1;
64506;202100041486;127 451;A01;3;7;0;1;3;15;1;
64507;202100041487;127 449;A01;0;34;0;2;1;3;1;
64508;202100041487;127 450;B01;0;7;0;2;3;15;1;
64509;202100041489;127 446;A01;2;7;0;1;2;1;1;
64510;202100041490;127 444;B01;2;33;16;2;2;1;1;
64511;202100041490;127 445;A01;2;7;16;2;7;15;1;
64512;202100041491;127 442;B01;1;30;0;2;1;1;1;
64513;202100041491;127 443;A01;2;7;0;2;7;17;1;
64514;202100041492;127 440;B01;1;99;1;2;1;15;1;
64515;202100041492;127 441;A01;2;33;9;2;1;17;1;
64516;202100041493;127 439;A01;3;30;0;0;0;0;1;
64517;202100041494;127 436;C01;2;7;0;2;4;1;1;
64518;202100041494;127 437;B01;1;7;0;2;4;1;1;
64519;202100041494;127 438;A01;1;7;0;2;1;1;1;
64520;202100041495;127 434;B01;2;7;0;2;6;0;1;
64521;202100041495;127 435;A01;1;30;0;2;1;9;1;
64522;202100041496;127 433;A01;3;7;1;1;1;1;1;
64523;202100041497;127 432;A01;1;1;12;0;1;16;5;
64524;202100041498;127 430;B01;3;7;0;9;1;16;1;
64525;202100041498;127 431;A01;3;1;0;2;1;2;6;
64526;202100041499;127 429;A01;1;30;0;2;4;26;1;
64527;202100041500;127 427;A01;1;37;0;1;2;21;1;1.0
64528;202100041501;127 426;A01;2;7;0;1;3;7;1;
64529;202100041502;127 425;A01;2;33;4;0;8;13;1;
64530;202100041503;127 424;A01;1;7;0;9;1;6;1;
64531;202100041504;127 422;B01;2;37;0;2;4;1;1;1.0
64532;202100041504;127 423;A01;2;37;0;2;1;1;1;3.0
64533;202100041505;127 420;B01;1;7;0;2;0;2;1;
64534;202100041505;127 421;A01;1;2;0;2;6;17;1;
64535;202100041506;127 419;A01;2;7;12;0;9;13;1;
64536;202100041507;127 418;A01;1;80;0;1;1;1;3;
64537;202100041508;127 416;B01;1;7;0;2;4;2;1;
64538;202100041508;127 417;A01;1;7;0;2;1;2;1;
64539;202100041509;127 414;A01;1;14;0;2;2;12;1;
64540;202100041509;127 415;B01;1;7;0;2;6;1;1;
64541;202100041510;127 412;A01;1;33;0;2;1;1;1;
64542;202100041510;127 413;B01;2;33;0;2;2;15;1;
64543;202100041511;127 411;A01;1;7;12;0;3;26;1;
64544;202100041512;127 409;A01;3;7;0;9;8;0;1;
64545;202100041512;127 410;B01;1;31;0;2;3;0;1;
64546;202100041513;127 408;A01;0;15;0;0;7;1;1;
64547;202100041514;127 406;B01;1;7;11;0;6;15;1;
64548;202100041514;127 407;A01;1;7;0;2;3;9;1;
64549;202100041515;127 404;B01;0;7;0;2;8;1;1;
64550;202100041515;127 405;A01;0;32;0;2;7;17;1;
64551;202100041516;127 402;A01;1;10;0;2;3;13;1;
64552;202100041516;127 403;B01;2;1;0;2;1;1;5;
64553;202100041517;127 401;A01;3;7;14;0;1;1;1;
64554;202100041519;127 397;A01;1;7;0;2;2;1;1;
64555;202100041519;127 398;B01;2;7;0;2;4;1;1;
64556;202100041521;127 393;A01;3;7;0;2;2;1;1;
64557;202100041521;127 394;B01;3;7;0;2;1;1;1;
64558;202100041525;127 386;B01;1;7;0;2;1;15;1;
64559;202100041525;127 387;A01;2;2;0;2;1;1;3;
64560;202100041526;127 384;B01;1;10;0;2;6;1;1;
64561;202100041526;127 385;A01;2;33;0;2;1;15;1;
64562;202100041527;127 382;B01;2;7;0;2;1;1;1;
64563;202100041527;127 383;A01;1;30;0;2;2;1;1;
64564;202100041528;127 380;B01;2;7;0;2;1;16;1;
64565;202100041528;127 381;A01;2;7;0;2;2;1;1;
64566;202100041529;127 377;C01;2;7;0;2;4;1;1;
64567;202100041529;127 378;B01;2;7;0;2;4;1;1;
64568;202100041529;127 379;A01;2;7;0;2;1;2;1;
64569;202100041530;127 376;A01;0;33;1;0;0;26;1;
64570;202100041531;127 375;A01;1;7;0;1;3;1;1;
64571;202100041532;127 373;B01;3;7;0;2;7;1;1;
64572;202100041532;127 374;A01;3;7;0;2;1;15;1;
64573;202100041533;127 369;D01;3;7;0;2;4;1;1;
64574;202100041533;127 370;C01;3;7;0;2;4;1;1;
64575;202100041533;127 371;A01;3;10;0;2;1;1;1;
64576;202100041533;127 372;B01;3;7;0;2;4;1;1;
64577;202100041534;127 367;B01;3;7;0;2;1;1;1;
64578;202100041534;127 368;A01;3;7;0;2;1;15;1;
64579;202100041535;127 365;B01;2;43;0;2;1;1;1;
64580;202100041535;127 366;A01;3;7;0;2;1;11;1;
64581;202100041536;127 361;A01;2;7;0;2;8;13;1;
64582;202100041536;127 362;B01;1;7;0;2;6;0;1;
64583;202100041536;127 363;C01;1;7;0;2;1;1;0;
64584;202100041536;127 364;D01;1;7;0;2;1;2;1;
64585;202100041537;127 359;A01;3;37;0;2;3;15;1;1.0
64586;202100041537;127 360;B01;3;30;0;2;1;1;1;
64587;202100041538;127 358;A01;2;7;0;1;3;1;1;
64588;202100041540;127 354;B01;0;7;0;2;4;1;1;
64589;202100041540;127 355;A01;0;7;0;2;1;1;1;
64590;202100041541;127 352;B01;1;32;1;0;4;2;1;
64591;202100041541;127 353;A01;1;15;0;2;4;23;1;
64592;202100041543;127 348;A01;2;7;1;2;1;1;1;
64593;202100041543;127 349;B01;2;7;6;2;7;1;1;
64594;202100041544;127 346;A01;2;50;0;2;7;15;3;
64595;202100041544;127 347;B01;2;7;0;2;3;1;1;
64596;202100041545;127 344;A01;2;36;0;2;2;1;1;
64597;202100041545;127 345;B01;1;7;0;2;2;15;1;
64598;202100041546;127 342;A01;2;33;0;2;1;1;1;
64599;202100041546;127 343;B01;3;7;0;2;2;1;1;
64600;202100041547;127 340;B01;1;10;0;2;4;1;1;
64601;202100041547;127 341;A01;1;10;0;2;1;1;1;
64602;202100041548;127 339;A01;1;7;1;0;1;1;1;
64603;202100041549;127 337;A01;1;32;0;2;1;2;1;
64604;202100041549;127 338;B01;1;10;0;2;5;2;1;
64605;202100041550;127 335;B01;2;10;0;2;6;1;3;
64606;202100041550;127 336;A01;2;7;0;2;1;5;1;
64607;202100041551;127 333;B01;1;10;0;2;5;16;1;
64608;202100041551;127 334;A01;1;30;0;2;3;18;1;
64609;202100041552;127 331;A01;1;43;0;1;1;16;1;
64610;202100041552;127 332;B01;1;33;0;0;2;16;1;
64611;202100041553;127 330;Z01;3;30;0;1;1;1;1;
64612;202100041554;127 329;A01;1;10;0;1;1;15;1;
64613;202100041555;127 327;Z01;2;10;0;2;1;10;1;
64614;202100041555;127 328;A01;1;32;0;2;2;1;1;
64615;202100041556;127 324;A01;1;3;0;2;9;14;3;
64616;202100041556;127 325;B01;1;7;0;2;6;23;1;
64617;202100041556;127 326;C01;1;7;0;2;2;1;1;
64618;202100041557;127 322;A01;1;7;0;2;2;15;1;
64619;202100041557;127 323;B01;1;31;0;2;1;1;1;
64620;202100041558;127 320;A01;2;7;0;2;3;15;1;
64621;202100041558;127 321;B01;2;32;0;2;2;2;1;
64622;202100041559;127 318;B01;2;1;0;2;1;1;5;
64623;202100041559;127 319;A01;1;1;0;2;1;17;5;
64624;202100041560;127 317;A01;1;10;0;1;4;4;1;
64625;202100041561;127 316;A01;1;1;14;0;7;13;5;
64626;202100041562;127 314;A01;0;7;0;2;2;26;1;
64627;202100041562;127 315;B01;3;7;0;2;3;1;1;
64628;202100041563;127 310;D01;2;7;0;2;1;1;1;
64629;202100041563;127 311;C01;2;7;0;2;4;1;0;
64630;202100041563;127 312;B01;2;7;0;2;4;1;1;
64631;202100041563;127 313;A01;2;7;0;2;4;1;0;
64632;202100041564;127 308;B01;1;1;8;2;3;1;5;
64633;202100041564;127 309;A01;1;7;0;2;4;20;1;
64634;202100041565;127 305;A01;1;10;0;2;1;2;1;
64635;202100041565;127 306;C01;1;10;0;2;4;2;1;
64636;202100041565;127 307;B01;1;7;0;2;4;2;1;
64637;202100041566;127 303;B01;0;34;0;0;5;0;1;
64638;202100041566;127 304;A01;0;7;0;0;3;15;1;
64639;202100041567;127 301;A01;1;7;0;2;8;22;1;
64640;202100041567;127 302;B01;1;2;1;0;2;1;1;
64641;202100041568;127 298;B01;3;10;0;2;0;0;1;
64642;202100041568;127 299;C01;3;60;12;0;5;1;5;
64643;202100041568;127 300;A01;3;33;0;2;2;0;1;
64644;202100041569;127 296;B01;1;7;0;0;4;2;1;
64645;202100041569;127 297;A01;1;2;0;2;1;2;1;
64646;202100041570;127 294;A01;2;10;1;0;3;24;1;
64647;202100041570;127 295;B01;2;2;1;0;2;3;1;
64648;202100041571;127 292;B01;1;50;0;0;0;0;3;
64649;202100041571;127 293;A01;1;7;0;2;2;1;1;
64650;202100041572;127 290;A01;1;7;0;2;1;9;0;
64651;202100041572;127 291;B01;2;7;0;2;2;5;1;
64652;202100041573;127 289;A01;3;7;0;1;1;2;3;
64653;202100041574;127 288;A01;1;7;0;1;1;17;1;
64654;202100041575;127 286;A01;0;10;0;2;2;15;1;
64655;202100041575;127 287;B01;3;30;0;2;1;3;1;
64656;202100041576;127 284;B01;-1;7;0;2;1;1;1;
64657;202100041576;127 285;A01;-1;7;0;2;1;26;1;
64658;202100041577;127 282;B01;2;1;0;2;1;1;5;
64659;202100041577;127 283;A01;1;7;0;2;1;1;0;
64660;202100041578;127 279;C01;1;7;0;2;1;1;6;
64661;202100041578;127 280;B01;1;99;0;2;4;23;6;
64662;202100041578;127 281;A01;1;10;0;2;4;23;1;
64663;202100041579;127 278;A01;1;34;0;0;3;21;1;
64664;202100041580;127 277;A01;3;7;9;0;2;14;1;
64665;202100041581;127 276;A01;2;14;6;0;1;1;1;
64666;202100041582;127 274;A01;0;2;0;2;1;1;1;
64667;202100041582;127 275;B01;0;7;0;2;3;1;1;
64668;202100041584;127 271;A01;1;2;0;0;0;0;1;
64669;202100041585;127 270;A01;0;1;0;0;0;1;5;
64670;202100041586;127 268;A01;1;33;0;2;1;1;1;
64671;202100041586;127 269;B01;2;7;0;2;8;15;1;
64672;202100041587;127 267;A01;1;2;0;5;1;1;1;
64673;202100041588;127 265;A01;2;7;0;2;8;9;1;
64674;202100041588;127 266;B01;1;33;0;2;1;1;1;
64675;202100041589;127 263;A01;1;10;0;9;1;1;0;
64676;202100041589;127 264;B01;2;1;0;2;1;1;5;
64677;202100041590;127 262;A01;1;1;8;0;1;1;5;
64678;202100041591;127 260;A01;2;7;0;2;1;11;1;
64679;202100041591;127 261;B01;1;1;0;2;1;1;5;
64680;202100041592;127 259;A01;3;3;13;0;3;1;1;
64681;202100041593;127 256;A01;2;7;0;2;3;13;1;
64682;202100041593;127 257;C01;1;10;14;2;8;1;1;
64683;202100041593;127 258;B01;3;7;0;2;3;23;1;
64684;202100041594;127 254;A01;2;7;0;0;4;23;1;
64685;202100041594;127 255;B01;2;21;0;2;1;2;1;
64686;202100041595;127 252;B01;2;10;0;2;3;15;1;
64687;202100041595;127 253;A01;2;34;0;2;1;17;1;
64688;202100041596;127 250;B01;1;2;0;2;1;1;1;
64689;202100041596;127 251;A01;3;10;0;0;2;1;1;
64690;202100041597;127 249;A01;1;7;13;0;0;1;1;
64691;202100041598;127 248;A01;2;33;0;0;0;0;0;
64692;202100041599;127 246;B01;1;7;0;2;1;1;1;
64693;202100041599;127 247;A01;2;7;7;2;1;6;1;
64694;202100041600;127 243;C01;2;7;0;2;4;1;1;
64695;202100041600;127 244;B01;2;7;0;2;4;1;1;
64696;202100041600;127 245;A01;2;10;0;2;1;1;1;
64697;202100041602;127 241;A01;2;7;0;1;7;5;1;
64698;202100041603;127 240;A01;2;33;0;0;7;1;1;
64699;202100041604;127 238;A01;1;10;0;2;1;1;1;
64700;202100041604;127 239;B01;1;7;0;0;4;1;1;
64701;202100041605;127 237;A01;1;7;0;1;2;15;1;
64702;202100041606;127 232;A01;2;7;0;0;0;11;1;
64703;202100041606;127 233;B01;2;33;0;0;6;1;1;
64704;202100041606;127 234;C01;2;33;0;2;1;1;1;
64705;202100041607;127 231;A01;2;7;15;0;1;1;1;
64706;202100041608;127 230;A01;2;7;2;0;1;14;1;
64707;202100041609;127 229;A01;2;7;0;1;1;21;1;
64708;202100041610;127 227;A01;0;7;0;2;6;0;3;
64709;202100041610;127 228;B01;0;1;0;2;1;0;0;
64710;202100041611;127 225;B01;1;32;0;2;8;1;1;
64711;202100041611;127 226;A01;2;7;0;2;1;15;1;
64712;202100041612;127 223;A01;1;7;0;2;3;11;1;
64713;202100041612;127 224;B01;1;34;0;2;1;1;1;
64714;202100041614;127 219;A01;3;7;1;2;1;13;1;
64715;202100041614;127 220;B01;3;7;1;2;3;1;1;
64716;202100041615;127 217;A01;3;7;0;2;3;9;1;
64717;202100041615;127 218;B01;2;1;0;2;1;1;5;
64718;202100041616;127 216;A01;2;7;13;0;2;1;2;
64719;202100041617;127 215;A01;3;7;9;0;1;16;1;
64720;202100041618;127 213;B01;3;33;0;2;1;1;1;
64721;202100041618;127 214;A01;3;7;0;2;3;9;1;
64722;202100041619;127 211;A01;1;2;0;2;1;0;1;
64723;202100041619;127 212;B01;1;7;0;0;5;23;1;
64724;202100041620;127 210;A01;3;7;0;1;2;16;1;
64725;202100041621;127 208;A01;1;7;0;2;1;1;1;
64726;202100041621;127 209;B01;2;7;0;2;1;5;1;
64727;202100041622;127 206;B01;2;7;0;2;3;9;1;
64728;202100041622;127 207;A01;2;7;0;2;2;1;1;
64729;202100041623;127 205;A01;2;7;15;0;4;1;1;
64730;202100041624;127 201;D01;1;7;0;2;0;0;1;
64731;202100041624;127 202;A01;1;7;0;2;2;14;1;
64732;202100041624;127 203;B01;1;7;0;2;9;0;1;
64733;202100041624;127 204;C01;1;7;0;2;0;0;1;
64734;202100041625;127 200;A01;2;7;3;0;9;2;1;
64735;202100041626;127 198;A01;2;10;0;2;6;2;1;
64736;202100041626;127 199;B01;2;14;0;2;2;0;1;
64737;202100041627;127 196;A01;1;7;0;2;1;1;1;
64738;202100041627;127 197;B01;1;7;0;2;4;1;1;
64739;202100041628;127 194;B01;1;7;0;2;1;2;1;
64740;202100041628;127 195;C01;1;7;0;2;4;2;1;
64741;202100041629;127 193;A01;2;7;3;0;8;20;1;
64742;202100041630;127 191;A01;1;7;0;2;1;2;1;
64743;202100041630;127 192;B01;1;7;0;2;4;2;1;
64744;202100041631;127 188;A01;2;7;0;2;1;2;2;
64745;202100041631;127 189;B01;2;7;0;2;9;1;1;
64746;202100041631;127 190;C01;2;7;0;2;4;1;1;
64747;202100041632;127 186;A01;2;7;0;2;3;2;1;
64748;202100041632;127 187;B01;2;7;0;2;5;2;1;
64749;202100041633;127 185;A01;2;14;3;0;2;26;1;
64750;202100041634;127 182;A01;1;7;0;2;8;1;1;
64751;202100041634;127 183;B01;1;7;0;2;4;23;1;
64752;202100041634;127 184;C01;1;7;0;2;4;23;1;
64753;202100041635;127 181;A01;1;7;0;1;0;19;0;
64754;202100041636;127 178;A01;1;7;0;2;2;1;1;
64755;202100041636;127 179;B01;2;7;0;2;8;1;1;
64756;202100041637;127 177;A01;1;7;0;1;1;18;1;
64757;202100041638;127 176;A01;1;7;0;1;2;1;1;
64758;202100041639;127 175;A01;1;7;1;0;3;9;6;
64759;202100041640;127 172;B01;3;7;0;2;0;0;0;
64760;202100041640;127 173;A01;3;7;0;2;0;0;0;
64761;202100041641;127 171;A01;1;7;0;1;1;0;1;
64762;202100041643;127 167;A01;1;7;0;1;3;15;1;
64763;202100041644;127 166;A01;1;7;0;1;1;1;1;
64764;202100041645;127 165;A01;3;7;0;1;1;1;1;
64765;202100041646;127 164;A01;1;30;0;1;1;1;1;
64766;202100041647;127 163;A01;1;7;0;1;3;16;1;
64767;202100041648;127 161;B01;2;30;0;2;8;2;1;
64768;202100041648;127 162;A01;2;7;0;2;2;16;1;
64769;202100041649;127 160;A01;3;10;0;1;3;0;1;
64770;202100041650;127 155;A01;1;7;0;1;1;1;1;
64771;202100041651;127 153;A01;2;7;0;2;7;16;1;
64772;202100041651;127 154;B01;2;30;0;2;8;16;1;
64773;202100041653;127 149;B01;0;7;0;2;3;1;2;
64774;202100041653;127 150;A01;0;7;1;2;2;1;1;
64775;202100041654;127 147;B01;2;7;8;2;1;1;1;
64776;202100041654;127 148;A01;1;7;8;1;8;1;1;
64777;202100041655;127 145;A01;1;31;0;2;3;1;1;
64778;202100041655;127 146;B01;1;7;0;2;0;1;0;
64779;202100041656;127 142;A01;1;7;0;2;7;12;1;
64780;202100041656;127 143;B01;1;7;0;2;8;2;1;
64781;202100041656;127 144;C01;1;7;4;2;4;2;1;
64782;202100041657;127 141;A01;1;30;0;1;1;7;0;
64783;202100041659;127 138;A01;2;30;0;0;3;15;1;
64784;202100041660;127 136;B01;2;7;0;2;3;15;1;
64785;202100041660;127 137;A01;2;7;0;2;2;1;1;
64786;202100041661;127 133;B01;0;7;0;2;3;1;1;
64787;202100041661;127 134;C01;0;7;0;2;4;2;1;
64788;202100041661;127 135;A01;0;7;0;2;3;13;1;
64789;202100041662;127 131;A01;3;7;0;0;8;19;1;
64790;202100041662;127 132;B01;1;7;0;0;0;0;1;
64791;202100041663;127 129;A01;3;33;8;2;2;17;1;
64792;202100041663;127 130;B01;1;7;0;2;3;15;2;
64793;202100041664;127 128;A01;1;7;4;0;2;21;1;
64794;202100041665;127 127;A01;1;33;0;0;3;1;1;
64795;202100041666;127 125;A01;2;7;0;2;1;2;1;
64796;202100041666;127 126;B01;2;7;0;1;4;23;1;
64797;202100041667;127 123;A01;1;7;0;2;1;15;1;
64798;202100041667;127 124;B01;2;7;0;2;3;1;1;
64799;202100041668;127 121;A01;1;7;0;2;1;9;1;
64800;202100041668;127 122;B01;1;7;0;2;8;1;1;
64801;202100041669;127 120;A01;2;30;0;1;1;1;1;
64802;202100041670;127 119;A01;2;7;13;0;9;14;1;
64803;202100041671;127 118;A01;1;7;0;1;2;1;1;
64804;202100041672;127 116;A01;3;7;13;0;1;0;1;
64805;202100041674;127 113;A01;1;7;2;0;1;1;1;
64806;202100041675;127 112;Z01;1;0;0;1;0;1;6;
64807;202100041676;127 110;B01;1;33;0;2;4;23;1;
64808;202100041676;127 111;A01;1;33;0;2;1;1;1;
64809;202100041677;127 109;A01;1;7;0;0;1;1;1;
64810;202100041678;127 108;A01;1;7;1;0;1;1;1;
64811;202100041679;127 107;A01;0;7;13;0;1;14;1;
64812;202100041680;127 105;B01;1;50;0;2;1;1;3;
64813;202100041680;127 106;A01;1;80;0;2;8;1;3;
64814;202100041681;127 103;B01;1;33;0;2;1;1;1;
64815;202100041681;127 104;A01;2;7;0;2;2;15;1;
64816;202100041683;127 099;B01;1;1;0;2;7;1;5;
64817;202100041683;127 100;A01;1;7;0;2;8;9;1;
64818;202100041685;127 096;B01;0;37;0;2;2;16;1;3.0
64819;202100041685;127 097;A01;0;7;0;2;5;15;1;
64820;202100041686;127 094;B01;2;7;0;2;7;15;1;
64821;202100041686;127 095;A01;1;30;0;2;2;1;1;
64822;202100041688;127 090;B01;1;32;0;2;4;2;1;
64823;202100041688;127 091;A01;1;30;0;2;1;2;1;
64824;202100041689;127 088;A01;2;7;0;2;6;15;1;
64825;202100041689;127 089;B01;2;33;0;2;1;17;1;
64826;202100041690;127 087;A01;2;30;0;1;1;1;1;
64827;202100041691;127 085;A01;1;7;0;2;5;16;1;
64828;202100041691;127 086;B01;0;34;0;2;3;18;1;
64829;202100041692;127 084;A01;1;30;0;1;7;1;1;
64830;202100041694;127 081;B01;1;7;0;2;3;10;1;
64831;202100041694;127 082;A01;1;7;0;2;2;17;1;
64832;202100041695;127 080;A01;2;1;1;0;1;1;5;
64833;202100041696;127 078;A01;1;30;0;2;1;1;1;
64834;202100041696;127 079;B01;0;7;0;0;0;0;1;
64835;202100041697;127 077;A01;2;7;6;0;1;1;1;
64836;202100041698;127 076;A01;1;7;14;1;2;9;6;
64837;202100041700;127 073;A01;2;10;0;1;3;16;1;
64838;202100041701;127 071;B01;3;7;0;2;2;1;1;
64839;202100041701;127 072;A01;3;7;0;2;3;19;1;
64840;202100041702;127 069;B01;2;7;0;2;3;15;1;
64841;202100041702;127 070;A01;1;33;0;2;2;3;1;
64842;202100041703;127 067;B01;0;7;0;2;8;19;1;
64843;202100041703;127 068;A01;0;7;0;2;1;19;1;
64844;202100041704;127 065;A01;1;10;0;2;2;26;1;
64845;202100041704;127 066;B01;1;15;0;2;6;1;1;
64846;202100041706;127 061;A01;2;15;0;2;1;2;1;
64847;202100041706;127 062;B01;2;15;0;0;4;2;1;
64848;202100041707;127 059;A01;3;33;0;2;1;1;1;
64849;202100041707;127 060;B01;3;21;0;2;3;9;1;
64850;202100041709;127 055;B01;1;15;0;2;1;1;1;
64851;202100041709;127 056;A01;1;7;0;2;3;16;1;
64852;202100041710;127 054;A01;1;7;2;0;2;21;1;
64853;202100041711;127 052;A01;0;7;0;2;3;23;1;
64854;202100041711;127 053;B01;1;1;0;2;1;16;5;
64855;202100041712;127 051;A01;1;33;13;0;1;14;1;
64856;202100041713;127 050;A01;1;7;13;0;0;1;1;
64857;202100041714;127 046;A01;0;1;0;0;8;19;5;
64858;202100041714;127 047;B01;0;33;0;2;1;1;1;
64859;202100041715;127 045;A01;1;7;6;0;1;1;1;
64860;202100041716;127 043;B01;1;37;0;2;2;9;1;1.0
64861;202100041716;127 044;A01;1;1;0;2;3;25;5;
64862;202100041717;127 040;A01;1;2;0;2;1;1;1;
64863;202100041717;127 041;B01;1;7;0;2;8;20;1;
64864;202100041718;127 037;A01;1;7;0;2;1;1;1;
64865;202100041718;127 038;B01;2;7;0;2;2;1;1;
64866;202100041719;127 036;A01;1;33;8;0;1;1;1;
64867;202100041720;127 034;A01;2;2;0;2;8;19;1;
64868;202100041720;127 035;B01;1;7;0;2;1;1;1;
64869;202100041721;127 033;A01;2;7;4;0;1;11;1;
64870;202100041722;127 032;A01;1;7;13;0;1;1;1;
64871;202100041723;127 031;A01;1;7;6;0;2;1;1;
64872;202100041724;127 029;A01;1;15;0;2;6;1;1;
64873;202100041724;127 030;B01;1;10;0;9;2;2;1;
64874;202100041725;127 028;A01;3;33;0;0;1;1;1;
64875;202100041726;127 026;B01;2;15;0;2;6;26;1;
64876;202100041726;127 027;A01;2;7;0;2;1;26;1;
64877;202100041727;127 024;A01;2;7;0;2;2;2;1;
64878;202100041727;127 025;B01;2;7;4;0;4;1;1;
64879;202100041728;127 023;A01;2;7;4;0;7;1;1;
64880;202100041729;127 022;A01;1;10;2;0;7;14;1;
64881;202100041730;127 020;B01;2;7;0;2;3;15;1;
64882;202100041730;127 021;A01;2;33;0;2;7;17;1;
64883;202100041731;127 018;A01;1;7;0;2;7;19;1;
64884;202100041731;127 019;B01;1;7;0;2;1;1;1;
64885;202100041732;127 016;A01;2;7;0;2;2;9;1;
64886;202100041732;127 017;B01;2;1;0;2;8;1;5;
64887;202100041733;127 014;A01;1;15;0;2;3;0;0;
64888;202100041733;127 015;B01;2;33;0;2;3;0;1;
64889;202100041734;127 012;A01;1;2;0;2;8;15;1;
64890;202100041734;127 013;B01;2;7;0;2;1;1;1;
64891;202100041735;127 011;A01;2;7;13;0;2;0;1;
64892;202100041738;127 007;A01;2;1;0;2;8;1;5;
64893;202100041738;127 008;B01;2;7;0;2;7;1;0;
64894;202100041739;127 003;A01;1;7;0;0;1;1;1;
64895;202100041740;127 001;B01;1;7;0;2;2;2;1;
64896;202100041740;127 002;A01;1;10;0;2;6;1;1;
64897;202100041742;126 997;B01;2;7;0;2;1;2;1;
64898;202100041742;126 998;A01;2;7;0;2;4;2;1;
64899;202100041743;126 995;B01;1;7;0;2;1;0;1;
64900;202100041743;126 996;A01;1;7;4;2;1;1;1;
64901;202100041744;126 994;A01;2;7;0;0;0;2;1;
64902;202100041745;126 993;A01;1;7;3;0;0;0;1;
64903;202100041747;126 987;B01;2;2;0;2;8;14;1;
64904;202100041747;126 988;A01;2;7;0;2;7;1;1;
64905;202100041748;126 986;A01;2;33;3;0;3;1;1;
64906;202100041749;126 985;A01;1;7;13;0;1;14;1;
64907;202100041750;126 983;A01;2;7;3;2;1;14;1;
64908;202100041750;126 984;B01;2;7;0;2;5;1;1;
64909;202100041751;126 981;A01;1;7;0;2;3;5;1;
64910;202100041751;126 982;B01;2;7;0;2;1;1;1;
64911;202100041752;126 976;A01;2;7;0;2;1;2;1;
64912;202100041752;126 977;B01;2;7;0;2;5;2;1;
64913;202100041752;126 978;C01;2;7;0;2;4;2;1;
64914;202100041752;126 979;D01;2;7;0;2;4;1;1;
64915;202100041752;126 980;E01;2;7;0;2;4;1;1;