;Num_Acc;id_vehicule;num_veh;senc;catv;obs;obsm;choc;manv;motor;occutc
65378;202100042060;126 445;B01;2;1;0;2;3;1;5;
65379;202100042060;126 446;A01;2;7;0;2;7;17;1;
65380;202100042061;126 443;Z01;2;1;0;2;8;1;5;
65381;202100042061;126 444;A01;1;80;0;2;7;18;3;
65382;202100042062;126 442;A01;2;80;0;0;0;1;3;
65383;202100042063;126 440;A01;1;1;0;2;1;1;5;
65384;202100042063;126 441;B01;2;7;0;9;3;15;1;
65385;202100042064;126 438;A01;1;7;0;2;3;2;1;
65386;202100042064;126 439;B01;1;2;0;2;5;23;1;
65387;202100042066;126 434;B01;2;33;0;2;3;1;1;
65388;202100042066;126 435;A01;2;7;0;2;3;9;1;
65389;202100042067;126 432;A01;2;7;0;2;3;15;1;
65390;202100042067;126 433;B01;2;33;0;2;1;3;1;
65391;202100042068;126 430;B01;1;7;0;2;1;1;1;
65392;202100042068;126 431;A01;2;7;0;2;3;15;1;
65393;202100042069;126 429;B01;1;10;0;1;4;16;1;
65394;202100042070;126 427;A01;0;7;0;2;1;26;1;
65395;202100042070;126 428;B01;1;31;0;2;8;15;1;
65396;202100042071;126 425;A01;3;7;0;2;5;1;1;
65397;202100042071;126 426;B01;2;7;0;2;2;1;1;
65398;202100042073;126 421;A01;1;7;0;0;3;26;1;
65399;202100042073;126 422;B01;1;2;0;2;1;17;0;
65400;202100042074;126 419;B01;2;37;0;0;0;0;0;1.0
65401;202100042074;126 420;A01;1;2;1;0;1;1;1;
65402;202100042075;126 417;B01;3;30;0;2;1;1;1;
65403;202100042075;126 418;A01;3;7;0;2;3;10;1;
65404;202100042076;126 415;B01;1;33;0;2;1;23;1;
65405;202100042076;126 416;A01;1;7;0;2;4;4;1;
65406;202100042077;126 413;B01;1;7;0;0;6;1;0;
65407;202100042077;126 414;A01;1;13;0;2;2;2;0;
65408;202100042078;126 412;A01;1;33;0;0;4;1;1;
65409;202100042079;126 410;A01;1;7;0;2;2;19;1;
65410;202100042079;126 411;B01;2;43;0;2;1;1;1;
65411;202100042080;126 408;A01;2;7;0;2;3;9;2;
65412;202100042080;126 409;B01;2;1;0;2;2;16;5;
65413;202100042081;126 406;A01;2;2;0;2;1;1;1;
65414;202100042081;126 407;B01;2;7;0;2;3;1;1;
65415;202100042082;126 405;A01;1;7;2;0;3;1;1;
65416;202100042083;126 403;A01;2;2;0;2;1;1;1;
65417;202100042083;126 404;B01;3;7;0;2;6;15;1;
65418;202100042084;126 402;A01;2;34;8;0;1;1;1;
65419;202100042085;126 400;B01;2;17;0;2;8;2;1;
65420;202100042085;126 401;A01;2;33;0;2;7;9;1;
65421;202100042086;126 399;A01;2;32;0;0;0;16;1;
65422;202100042087;126 398;A01;1;7;2;0;1;6;1;
65423;202100042088;126 397;A01;3;7;9;1;3;4;1;
65424;202100042089;126 396;A01;1;43;9;0;1;14;1;
65425;202100042090;126 395;A01;2;21;0;1;5;17;1;
65426;202100042091;126 394;A01;1;7;0;1;3;15;1;
65427;202100042092;126 392;B01;2;3;0;2;3;1;1;
65428;202100042092;126 393;A01;2;7;0;2;5;17;0;
65429;202100042093;126 391;A01;0;2;13;0;0;1;1;
65430;202100042094;126 389;B01;1;7;0;2;7;1;1;
65431;202100042094;126 390;A01;1;33;0;2;3;9;1;
65432;202100042095;126 387;A01;0;21;0;2;1;19;1;
65433;202100042095;126 388;B01;0;7;0;2;8;1;0;
65434;202100042096;126 385;A01;3;7;0;2;3;16;1;
65435;202100042096;126 386;B01;0;7;0;1;3;1;1;
65436;202100042097;126 382;B01;2;7;0;2;2;1;1;
65437;202100042097;126 383;A01;2;7;0;0;6;1;1;
65438;202100042097;126 384;C01;1;7;0;2;1;1;1;
65439;202100042098;126 380;A01;0;7;0;2;2;1;1;
65440;202100042098;126 381;B01;2;33;0;2;1;1;1;
65441;202100042099;126 378;B01;1;1;0;2;1;1;5;
65442;202100042099;126 379;A01;2;2;0;2;5;15;1;
65443;202100042100;126 377;A01;2;7;2;0;2;0;1;
65444;202100042101;126 374;A01;1;7;0;0;3;1;1;
65445;202100042101;126 375;B01;1;7;0;0;3;1;1;
65446;202100042102;126 372;B01;2;10;0;0;0;1;1;
65447;202100042102;126 373;A01;1;2;0;2;0;1;1;
65448;202100042104;126 370;A01;1;7;3;0;9;1;1;
65449;202100042105;126 368;A01;2;7;0;2;1;1;1;
65450;202100042105;126 369;B01;2;2;0;2;2;1;1;
65451;202100042106;126 366;A01;1;7;0;2;3;1;1;
65452;202100042106;126 367;B01;2;2;0;2;1;1;1;
65453;202100042107;126 365;A01;2;7;16;0;2;17;1;
65454;202100042108;126 363;B01;0;1;0;2;1;19;0;
65455;202100042108;126 364;A01;1;7;12;2;2;1;1;
65456;202100042109;126 361;B01;0;1;0;2;8;2;5;
65457;202100042109;126 362;A01;3;1;0;2;8;2;5;
65458;202100042111;126 357;B01;2;17;0;2;6;12;1;
65459;202100042111;126 358;A01;2;7;0;2;1;21;1;
65460;202100042112;126 354;B01;1;7;0;2;4;2;1;
65461;202100042112;126 355;A01;1;7;0;0;4;1;1;
65462;202100042112;126 356;C01;1;7;0;2;1;1;1;
65463;202100042113;126 351;C01;1;10;0;2;1;1;1;
65464;202100042113;126 352;B01;1;7;0;2;4;2;1;
65465;202100042113;126 353;A01;1;7;0;0;4;2;1;
65466;202100042114;126 349;A01;2;7;0;2;1;15;1;
65467;202100042114;126 350;B01;3;7;0;2;7;1;1;
65468;202100042115;126 347;B01;1;7;0;9;6;2;3;
65469;202100042115;126 348;A01;1;32;0;2;1;2;0;
65470;202100042116;126 346;A01;0;32;0;0;0;15;1;
65471;202100042117;126 345;A01;1;7;0;1;2;15;1;
65472;202100042118;126 344;A01;1;17;0;0;0;15;1;
65473;202100042119;126 341;C01;1;7;0;2;1;1;1;
65474;202100042119;126 342;B01;2;10;0;2;3;1;1;
65475;202100042119;126 343;A01;1;10;0;2;1;13;1;
65476;202100042120;126 340;A01;1;30;0;1;1;19;1;
65477;202100042122;126 337;B01;2;10;0;2;3;1;1;
65478;202100042122;126 338;A01;1;33;0;2;1;17;1;
65479;202100042124;126 333;A01;2;2;0;2;1;17;1;
65480;202100042124;126 334;B01;3;10;0;2;3;19;1;
65481;202100042125;126 331;B01;1;2;0;2;1;10;0;
65482;202100042125;126 332;A01;1;1;0;2;1;1;5;
65483;202100042126;126 328;B01;1;7;0;2;7;1;1;
65484;202100042126;126 329;C01;2;7;0;2;3;1;1;
65485;202100042126;126 330;A01;1;7;0;2;1;1;1;
65486;202100042127;126 327;A01;1;7;7;0;1;1;1;
65487;202100042128;126 325;A01;2;7;0;2;1;1;1;
65488;202100042128;126 326;B01;1;7;6;2;3;1;1;
65489;202100042130;126 319;A01;2;33;0;2;1;1;1;
65490;202100042130;126 320;B01;1;7;0;2;8;19;1;
65491;202100042132;126 317;A01;3;7;0;1;4;4;1;
65492;202100042133;126 315;A01;3;1;0;0;4;9;5;
65493;202100042133;126 316;B01;3;7;0;2;2;1;1;
65494;202100042134;126 313;A01;3;7;0;2;1;2;1;
65495;202100042134;126 314;B01;3;33;0;0;4;23;1;
65496;202100042135;126 312;A01;3;2;12;0;1;1;1;
65497;202100042136;126 310;B01;1;7;0;2;1;9;1;
65498;202100042136;126 311;A01;1;2;0;2;1;1;1;
65499;202100042137;126 308;A01;1;7;14;0;1;1;1;
65500;202100042138;126 307;A01;1;7;0;2;7;1;1;
65501;202100042140;126 301;A01;2;7;0;9;9;26;1;
65502;202100042140;126 302;B01;2;7;0;2;2;0;1;
65503;202100042140;126 303;C01;2;7;0;2;4;23;1;
65504;202100042140;126 304;D01;2;7;0;2;4;23;1;
65505;202100042141;126 299;A01;2;15;0;2;2;12;1;
65506;202100042141;126 300;B01;2;7;0;2;6;1;1;
65507;202100042142;126 297;B01;1;15;0;2;2;14;1;
65508;202100042142;126 298;A01;1;7;0;2;6;13;1;
65509;202100042145;126 292;A01;1;32;1;0;1;12;1;
65510;202100042145;126 293;B01;1;10;0;2;4;26;1;
65511;202100042146;126 290;A01;1;33;0;2;1;1;1;
65512;202100042146;126 291;B01;1;7;0;2;0;17;1;
65513;202100042147;126 288;A01;1;10;0;2;1;1;1;
65514;202100042147;126 289;B01;1;7;0;2;4;1;1;
65515;202100042148;126 286;B01;1;30;0;2;1;1;1;
65516;202100042148;126 287;A01;1;7;0;9;6;9;1;
65517;202100042149;126 284;B01;2;7;0;2;8;1;1;
65518;202100042149;126 285;A01;1;0;0;0;8;26;0;
65519;202100042150;126 282;B01;1;7;0;2;4;9;1;
65520;202100042150;126 283;A01;1;30;0;2;1;18;1;
65521;202100042151;126 280;B01;2;60;0;2;1;0;5;
65522;202100042151;126 281;A01;1;1;0;2;1;25;0;
65523;202100042153;126 276;B01;2;1;0;2;0;1;5;
65524;202100042153;126 277;A01;1;7;0;2;1;15;1;
65525;202100042154;126 274;A01;2;31;1;2;2;17;1;
65526;202100042154;126 275;B01;2;10;0;2;3;26;1;
65527;202100042155;126 272;A01;1;7;14;2;1;1;1;
65528;202100042155;126 273;B01;1;7;14;2;4;15;1;
65529;202100042156;126 270;B01;1;7;0;2;1;2;1;
65530;202100042156;126 271;A01;1;7;0;2;4;26;1;
65531;202100042157;126 268;B01;0;7;0;2;5;17;1;
65532;202100042157;126 269;A01;0;37;0;2;3;15;1;2.0
65533;202100042158;126 266;A01;2;7;0;2;1;19;1;
65534;202100042158;126 267;B01;2;7;0;2;8;1;1;
65535;202100042160;126 263;A01;1;33;15;0;2;26;1;
65536;202100042161;126 261;B01;3;7;0;2;2;1;1;
65537;202100042161;126 262;A01;3;7;0;2;8;9;1;
65538;202100042162;126 257;A01;3;33;0;2;9;13;1;
65539;202100042162;126 258;B01;3;7;0;2;7;1;1;
65540;202100042163;126 256;A01;3;7;0;1;2;26;1;
65541;202100042164;126 255;A01;1;7;0;1;1;1;1;
65542;202100042165;126 254;A01;2;7;2;0;3;13;1;
65543;202100042166;126 251;A01;3;7;0;1;1;15;1;
65544;202100042167;126 250;A01;2;7;0;0;1;14;1;
65545;202100042168;126 248;B01;1;2;0;0;0;0;1;
65546;202100042168;126 249;A01;1;7;0;2;2;16;1;
65547;202100042170;126 244;B01;2;1;0;2;1;1;5;
65548;202100042170;126 245;A01;1;7;0;2;1;16;1;
65549;202100042171;126 242;B01;1;7;0;2;5;1;1;
65550;202100042171;126 243;A01;2;7;0;2;1;1;1;
65551;202100042172;126 240;B01;2;10;0;2;0;19;-1;
65552;202100042172;126 241;A01;0;1;0;2;0;19;-1;
65553;202100042173;126 238;B01;3;1;0;2;4;2;0;
65554;202100042173;126 239;A01;3;7;0;2;1;2;1;
65555;202100042174;126 237;A01;3;7;0;1;1;1;1;
65556;202100042175;126 234;B01;3;7;0;2;3;19;1;
65557;202100042175;126 235;A01;3;7;0;2;1;19;1;
65558;202100042176;126 231;A01;1;15;13;0;7;14;1;
65559;202100042177;126 230;A01;3;7;13;0;9;14;1;
65560;202100042178;126 229;A01;2;30;1;0;2;1;1;
65561;202100042179;126 228;A01;3;7;0;1;3;1;1;
65562;202100042180;126 227;A01;1;7;12;0;1;9;1;
65563;202100042181;126 226;A01;1;7;0;1;8;1;1;
65564;202100042182;126 224;A01;3;60;0;0;0;21;5;
65565;202100042182;126 225;Z01;3;7;0;-1;-1;1;-1;
65566;202100042183;126 222;A01;3;7;0;2;2;15;1;
65567;202100042183;126 223;B01;3;1;0;2;8;1;5;
65568;202100042184;126 221;A01;2;7;6;2;9;14;1;
65569;202100042185;126 220;A01;3;7;0;0;2;1;1;
65570;202100042186;126 218;B01;1;1;0;2;1;15;5;
65571;202100042186;126 219;A01;1;7;0;2;3;15;1;
65572;202100042187;126 216;A01;1;10;0;0;7;9;1;
65573;202100042187;126 217;B01;1;1;0;2;8;12;5;
65574;202100042188;126 214;B01;1;2;0;2;1;1;1;
65575;202100042188;126 215;A01;1;7;0;2;8;15;1;
65576;202100042189;126 212;A01;1;1;0;2;4;19;5;
65577;202100042189;126 213;Z01;2;7;0;2;0;1;0;
65578;202100042190;126 210;A01;1;33;0;2;2;16;1;
65579;202100042190;126 211;B01;1;7;0;2;3;1;1;
65580;202100042191;126 207;C01;2;7;0;2;1;0;1;
65581;202100042191;126 208;B01;2;7;0;2;6;9;1;
65582;202100042191;126 209;A01;2;7;0;2;1;26;1;
65583;202100042192;126 205;B01;1;7;1;2;3;1;1;
65584;202100042192;126 206;A01;2;7;0;2;3;15;1;
65585;202100042193;126 202;A01;1;7;2;0;2;14;1;
65586;202100042194;126 200;A01;2;33;0;2;1;1;1;
65587;202100042194;126 201;B01;2;2;0;2;8;15;1;
65588;202100042195;126 198;B01;1;1;0;2;1;1;0;
65589;202100042195;126 199;A01;1;10;0;2;7;16;1;
65590;202100042196;126 196;A01;1;7;0;2;3;15;1;
65591;202100042196;126 197;B01;1;7;0;2;1;1;1;
65592;202100042197;126 195;A01;1;7;6;0;2;1;1;
65593;202100042198;126 193;B01;1;7;0;2;1;1;1;
65594;202100042198;126 194;A01;1;7;0;2;8;10;1;
65595;202100042199;126 191;A01;0;32;5;2;0;18;1;
65596;202100042199;126 192;B01;3;7;0;2;0;0;1;
65597;202100042200;126 189;B01;3;38;0;2;3;1;1;1.0
65598;202100042200;126 190;A01;3;7;0;2;3;5;1;
65599;202100042201;126 188;A01;2;7;9;0;1;26;1;
65600;202100042202;126 186;B01;1;1;0;2;7;1;5;
65601;202100042202;126 187;A01;2;7;0;2;1;9;1;
65602;202100042203;126 185;A01;0;2;0;0;0;15;1;
65603;202100042204;126 184;A01;3;7;0;0;3;13;1;
65604;202100042205;126 183;A01;1;7;8;0;3;1;1;
65605;202100042206;126 181;B01;3;7;0;2;5;23;1;
65606;202100042206;126 182;A01;3;32;14;0;1;1;1;
65607;202100042208;126 177;A01;1;32;0;2;1;2;1;
65608;202100042208;126 178;B01;1;10;0;2;4;2;3;
65609;202100042210;126 174;A01;2;7;0;2;7;22;1;
65610;202100042210;126 175;B01;2;1;0;2;2;1;5;
65611;202100042212;126 171;A01;2;1;0;1;1;1;5;
65612;202100042213;126 169;B01;1;33;0;2;2;1;1;
65613;202100042213;126 170;A01;1;7;0;2;3;15;1;
65614;202100042214;126 167;A01;3;7;0;2;2;1;1;
65615;202100042214;126 168;B01;2;10;0;2;8;1;1;
65616;202100042215;126 165;A01;1;1;0;2;1;5;5;
65617;202100042215;126 166;B01;1;1;0;2;1;1;5;
65618;202100042216;126 163;B01;2;1;0;2;7;19;5;
65619;202100042216;126 164;A01;2;32;0;2;2;21;1;
65620;202100042217;126 162;A01;1;7;0;1;5;2;1;
65621;202100042218;126 161;A01;2;31;0;1;1;1;1;
65622;202100042219;126 160;A01;1;7;0;1;1;2;1;
65623;202100042222;126 155;B01;-1;7;0;2;3;15;1;
65624;202100042222;126 156;A01;-1;7;0;2;1;1;1;
65625;202100042223;126 153;B01;2;7;0;2;2;15;2;
65626;202100042223;126 154;A01;1;34;0;2;3;18;1;
65627;202100042224;126 151;A01;1;37;0;2;3;9;1;1.0
65628;202100042224;126 152;B01;1;10;0;2;5;17;1;
65629;202100042226;126 148;A01;2;7;0;2;8;10;1;
65630;202100042226;126 149;B01;2;33;0;2;1;1;1;
65631;202100042227;126 145;C01;2;7;0;9;1;21;1;
65632;202100042227;126 146;A01;1;10;0;2;3;26;0;
65633;202100042227;126 147;B01;2;37;0;2;3;0;0;1.0
65634;202100042230;126 140;A01;1;7;0;2;1;9;1;
65635;202100042230;126 141;B01;2;1;0;2;3;1;5;
65636;202100042231;126 138;A01;1;7;0;2;7;21;1;
65637;202100042231;126 139;B01;1;1;0;2;8;1;5;
65638;202100042232;126 136;A01;1;43;0;2;1;2;1;
65639;202100042232;126 137;B01;1;7;0;2;4;1;1;
65640;202100042234;126 133;A01;2;7;0;1;1;1;2;
65641;202100042235;126 132;A01;1;32;12;0;1;13;0;
65642;202100042236;126 130;B01;1;33;0;2;4;12;1;
65643;202100042236;126 131;A01;1;10;0;2;2;1;1;
65644;202100042237;126 128;B01;2;2;0;2;1;1;1;
65645;202100042237;126 129;A01;1;7;0;2;1;17;1;
65646;202100042238;126 127;A01;1;33;0;0;8;1;1;
65647;202100042239;126 126;A01;1;2;0;0;2;1;1;
65648;202100042240;126 124;A01;2;10;0;2;9;1;1;
65649;202100042240;126 125;B01;1;10;0;2;3;13;1;
65650;202100042241;126 122;A01;1;7;0;2;2;15;1;
65651;202100042241;126 123;B01;2;7;0;2;3;1;1;
65652;202100042242;126 121;A01;2;7;0;0;9;19;1;
65653;202100042243;126 120;A01;3;31;13;0;0;17;1;
65654;202100042244;126 118;B01;1;7;0;2;3;1;1;
65655;202100042244;126 119;A01;2;33;3;2;8;1;1;
65656;202100042246;126 115;B01;0;7;0;0;2;1;1;
65657;202100042246;126 116;A01;0;2;0;2;1;5;1;
65658;202100042247;126 114;A01;3;33;13;0;1;1;1;
65659;202100042248;126 112;B01;2;7;8;2;3;1;1;
65660;202100042248;126 113;A01;2;7;0;2;2;19;1;
65661;202100042249;126 110;A01;1;2;0;2;1;13;1;
65662;202100042249;126 111;B01;1;7;0;2;6;11;1;
65663;202100042250;126 109;A01;1;7;6;0;2;1;1;
65664;202100042251;126 107;A01;3;7;0;9;2;1;1;
65665;202100042251;126 108;B01;0;2;0;2;7;15;1;
65666;202100042252;126 105;A01;1;33;0;2;1;17;1;
65667;202100042252;126 106;B01;1;21;0;2;6;15;1;
65668;202100042253;126 104;A01;3;37;0;1;7;1;1;1.0
65669;202100042255;126 100;A01;1;7;0;2;8;19;1;
65670;202100042255;126 101;B01;1;31;0;2;1;1;1;
65671;202100042256;126 097;A01;2;7;0;2;1;1;1;
65672;202100042256;126 098;B01;1;10;0;2;1;1;1;
65673;202100042256;126 099;C01;1;7;0;2;1;1;1;
65674;202100042257;126 095;B01;3;7;0;2;1;1;1;
65675;202100042257;126 096;A01;3;7;6;2;1;1;1;
65676;202100042258;126 093;B01;1;7;0;0;4;16;1;
65677;202100042258;126 094;A01;1;2;0;2;1;1;1;
65678;202100042259;126 091;A01;2;10;0;2;1;11;1;
65679;202100042259;126 092;B01;1;7;0;2;1;1;1;
65680;202100042260;126 090;A01;1;7;2;0;1;15;1;
65681;202100042262;126 086;A01;2;10;0;2;2;13;1;
65682;202100042262;126 087;B01;1;7;0;2;2;1;1;
65683;202100042263;126 085;A01;2;10;3;0;1;26;1;
65684;202100042264;126 083;B01;2;1;0;2;2;26;5;
65685;202100042264;126 084;A01;1;7;0;9;3;1;1;
65686;202100042265;126 082;A01;2;7;6;0;1;13;1;
65687;202100042266;126 080;A01;2;7;0;2;2;21;1;
65688;202100042266;126 081;B01;1;10;0;2;3;1;1;
65689;202100042267;126 079;A01;1;7;13;0;2;1;1;
65690;202100042268;126 077;B01;1;50;0;2;1;9;3;
65691;202100042268;126 078;A01;1;10;0;2;1;1;1;
65692;202100042269;126 076;A01;3;2;0;0;0;1;1;
65693;202100042270;126 074;A01;2;7;0;2;1;2;1;
65694;202100042270;126 075;B01;1;7;9;0;4;1;1;
65695;202100042271;126 071;B01;1;7;0;0;7;26;1;
65696;202100042271;126 072;A01;1;7;0;2;3;26;1;
65697;202100042272;126 069;B01;3;10;0;0;3;1;1;
65698;202100042272;126 070;A01;3;33;0;0;0;0;1;
65699;202100042273;126 068;A01;2;34;3;0;2;0;1;
65700;202100042275;126 065;A01;1;7;4;2;3;13;1;
65701;202100042275;126 066;B01;1;15;0;2;6;1;1;
65702;202100042276;126 063;B01;2;7;0;2;2;1;1;
65703;202100042276;126 064;A01;2;7;0;2;3;11;1;
65704;202100042277;126 059;B01;1;33;0;2;8;2;1;
65705;202100042277;126 060;D01;1;7;0;2;4;2;1;
65706;202100042277;126 061;C01;1;7;0;2;8;2;1;
65707;202100042277;126 062;A01;1;7;0;2;7;1;1;
65708;202100042278;126 054;A01;1;14;0;2;2;2;1;
65709;202100042278;126 055;B01;1;10;0;2;4;2;1;
65710;202100042278;126 056;C01;1;7;0;2;4;2;1;
65711;202100042278;126 057;D01;1;37;0;2;2;1;1;1.0
65712;202100042278;126 058;E01;1;7;0;2;4;2;1;
65713;202100042279;126 052;A01;0;7;0;2;1;1;1;
65714;202100042279;126 053;B01;1;7;0;2;4;1;1;
65715;202100042280;126 051;A01;2;7;0;1;1;1;1;
65716;202100042281;126 049;A01;0;7;0;2;0;0;1;
65717;202100042281;126 050;B01;0;15;0;2;3;0;1;
65718;202100042283;126 046;A01;1;30;0;0;8;1;1;
65719;202100042284;126 045;Z01;3;0;0;2;1;1;6;
65720;202100042285;126 044;A01;1;7;0;1;1;1;1;
65721;202100042286;126 042;A01;2;7;0;2;1;13;0;
65722;202100042286;126 043;B01;1;2;0;2;1;1;1;
65723;202100042287;126 040;A01;1;7;0;2;6;15;1;
65724;202100042287;126 041;B01;1;33;0;2;1;17;1;
65725;202100042288;126 036;B01;1;7;0;2;1;2;1;
65726;202100042288;126 037;C01;1;7;0;2;3;2;1;
65727;202100042288;126 038;A01;1;7;0;2;6;2;1;
65728;202100042289;126 035;A01;1;7;1;0;3;13;1;
65729;202100042290;126 033;A01;1;7;0;2;1;2;1;
65730;202100042290;126 034;B01;1;14;0;2;4;23;1;
65731;202100042291;126 031;B01;1;32;0;2;1;1;1;
65732;202100042291;126 032;A01;1;7;0;2;3;20;1;
65733;202100042292;126 030;A01;1;10;12;0;1;13;1;
65734;202100042293;126 027;A01;1;99;0;2;1;2;1;
65735;202100042293;126 028;B01;1;10;0;9;4;23;1;
65736;202100042294;126 025;B01;2;2;0;2;3;1;1;
65737;202100042294;126 026;A01;1;7;0;2;3;1;1;
65738;202100042295;126 022;B01;2;7;0;2;0;0;0;
65739;202100042295;126 023;C01;2;7;0;2;4;23;1;
65740;202100042295;126 024;A01;2;7;0;2;4;23;1;
65741;202100042296;126 021;A01;2;7;0;1;5;1;1;
65742;202100042298;126 018;A01;3;2;0;2;8;1;1;
65743;202100042298;126 019;B01;3;2;0;2;1;1;1;
65744;202100042299;126 016;A01;2;7;0;2;1;1;1;
65745;202100042299;126 017;B01;1;10;0;2;1;1;1;
65746;202100042300;126 015;A01;2;7;0;1;0;21;1;
65747;202100042301;126 013;A01;1;30;0;2;1;26;1;
65748;202100042301;126 014;B01;1;7;0;2;4;2;1;
65749;202100042302;126 011;A01;2;7;0;2;1;2;1;
65750;202100042302;126 012;B01;2;10;0;2;4;23;1;
65751;202100042303;126 009;A01;2;7;0;2;2;1;1;
65752;202100042303;126 010;B01;1;7;0;2;3;1;1;
65753;202100042304;126 007;B01;2;7;2;2;1;1;1;
65754;202100042304;126 008;A01;2;7;0;2;3;15;1;
65755;202100042305;126 005;B01;3;15;0;2;4;24;1;
65756;202100042305;126 006;A01;3;7;1;0;1;1;1;
65757;202100042306;126 003;A01;1;7;0;0;0;1;1;
65758;202100042306;126 004;B01;1;33;0;0;1;1;1;
65759;202100042307;126 001;A01;1;32;0;2;7;17;1;
65760;202100042307;126 002;B01;2;7;0;2;3;15;2;
65761;202100042308;125 999;B01;3;7;0;2;2;15;1;
65762;202100042308;126 000;A01;3;10;0;2;1;9;1;
65763;202100042309;125 998;A01;3;7;13;0;3;1;1;
65764;202100042310;125 997;A01;3;7;0;1;4;4;1;
65765;202100042311;125 995;A01;1;7;0;9;7;16;1;
65766;202100042311;125 996;B01;1;50;0;2;1;1;3;
65767;202100042312;125 993;A01;3;7;0;2;1;15;1;
65768;202100042312;125 994;B01;3;7;0;2;3;1;1;
65769;202100042313;125 989;A01;2;7;0;2;1;2;1;
65770;202100042313;125 990;D01;2;7;0;2;4;2;1;
65771;202100042313;125 991;C01;2;7;0;2;4;2;1;
65772;202100042313;125 992;B01;2;7;0;2;4;2;1;
65773;202100042314;125 988;A01;3;7;0;1;2;1;1;
65774;202100042315;125 986;B01;1;1;0;2;1;15;5;
65775;202100042315;125 987;A01;0;7;0;2;1;15;1;
65776;202100042316;125 984;A01;3;32;0;2;1;17;1;
65777;202100042316;125 985;B01;3;7;0;2;8;15;1;
65778;202100042317;125 982;A01;1;13;0;2;8;1;1;
65779;202100042317;125 983;B01;2;7;0;2;3;1;1;
65780;202100042319;125 978;A01;0;7;0;2;2;15;1;
65781;202100042319;125 979;B01;0;33;0;0;0;0;1;
65782;202100042320;125 977;A01;2;7;0;1;3;15;1;
65783;202100042321;125 975;B01;3;2;0;2;1;1;1;
65784;202100042321;125 976;A01;1;7;0;2;3;9;1;
65785;202100042322;125 973;B01;3;7;0;2;1;2;1;
65786;202100042322;125 974;A01;3;7;0;2;1;0;1;
65787;202100042323;125 971;B01;0;1;0;2;7;17;5;
65788;202100042323;125 972;A01;0;7;0;2;3;15;1;
65789;202100042324;125 970;A01;1;14;0;1;4;4;1;
65790;202100042326;125 968;A01;3;7;0;1;7;1;1;
65791;202100042328;125 962;B01;1;7;0;2;0;0;3;
65792;202100042328;125 963;A01;1;7;0;2;4;2;1;
65793;202100042328;125 964;C01;1;7;0;2;2;2;1;
65794;202100042329;125 960;B01;1;7;0;2;1;1;1;
65795;202100042329;125 961;A01;1;7;0;2;1;1;1;
65796;202100042330;125 959;A01;1;34;0;1;1;1;1;
65797;202100042331;125 957;B01;2;7;0;2;0;0;1;
65798;202100042331;125 958;A01;2;50;0;2;1;26;3;
65799;202100042332;125 955;B01;1;7;0;2;8;1;1;
65800;202100042332;125 956;A01;2;30;0;2;8;13;1;
65801;202100042333;125 954;A01;1;7;1;1;2;9;1;
65802;202100042334;125 952;A01;3;7;0;2;7;1;1;
65803;202100042334;125 953;B01;3;7;0;2;1;1;1;
65804;202100042335;125 951;A01;3;3;0;1;3;15;1;
65805;202100042336;125 949;A01;3;7;0;2;8;13;1;
65806;202100042336;125 950;B01;3;10;0;2;0;0;1;
65807;202100042337;125 947;A01;0;50;0;-1;1;15;3;
65808;202100042337;125 948;B01;0;40;0;2;3;1;3;
65809;202100042338;125 945;A01;1;7;0;2;1;2;1;
65810;202100042338;125 946;B01;1;7;0;2;4;2;1;
65811;202100042339;125 941;A01;0;7;0;2;7;14;1;
65812;202100042339;125 942;B01;3;7;1;2;6;1;1;
65813;202100042339;125 943;D01;3;7;0;2;3;24;1;
65814;202100042339;125 944;C01;3;7;0;2;1;24;1;
65815;202100042340;125 940;A01;2;7;4;0;1;1;1;
65816;202100042341;125 938;B01;1;7;0;2;3;1;1;
65817;202100042341;125 939;A01;1;7;0;2;3;9;1;
65818;202100042342;125 937;A01;2;31;14;0;8;1;1;
65819;202100042343;125 935;A01;1;32;0;2;1;15;1;
65820;202100042343;125 936;B01;2;31;0;2;8;1;3;
65821;202100042344;125 933;B01;2;1;0;2;4;17;5;
65822;202100042344;125 934;A01;2;7;0;2;1;1;1;
65823;202100042345;125 932;A01;1;50;0;0;0;21;3;
65824;202100042346;125 930;A01;1;32;0;2;7;1;1;
65825;202100042346;125 931;Z01;0;7;0;2;7;11;0;
65826;202100042347;125 928;A01;1;33;0;2;1;1;1;
65827;202100042347;125 929;B01;2;1;0;2;8;1;5;
65828;202100042348;125 927;A01;1;30;0;0;3;15;1;
65829;202100042349;125 925;A01;2;33;0;2;7;14;1;
65830;202100042349;125 926;B01;2;7;0;2;8;1;1;
65831;202100042350;125 923;A01;1;7;0;2;5;1;1;
65832;202100042350;125 924;B01;1;43;0;2;1;1;1;
65833;202100042351;125 921;B01;3;7;0;2;3;16;1;
65834;202100042351;125 922;A01;3;2;0;2;2;17;1;
65835;202100042352;125 919;A01;2;1;0;2;7;1;5;
65836;202100042352;125 920;B01;2;7;0;0;8;1;1;
65837;202100042353;125 918;A01;2;50;0;1;1;21;3;
65838;202100042354;125 916;B01;2;7;0;2;3;1;1;