;Num_Acc;id_vehicule;num_veh;senc;catv;obs;obsm;choc;manv;motor;occutc
65839;202100042354;125 917;A01;1;32;0;2;1;1;1;
65840;202100042355;125 914;B01;2;43;0;2;5;17;1;
65841;202100042355;125 915;A01;2;1;0;2;1;15;5;
65842;202100042356;125 912;A01;1;30;0;2;8;13;1;
65843;202100042356;125 913;B01;1;7;0;2;5;2;1;
65844;202100042357;125 911;A01;1;31;0;1;1;1;1;
65845;202100042358;125 910;A01;2;50;0;0;0;7;3;
65846;202100042359;125 909;A01;1;1;0;0;0;1;5;
65847;202100042360;125 908;Z01;0;31;0;1;1;1;0;
65848;202100042362;125 906;Z01;1;14;0;1;4;4;1;
65849;202100042363;125 905;A01;1;37;0;1;0;1;0;1.0
65850;202100042364;125 903;B01;2;32;0;2;1;1;1;
65851;202100042364;125 904;A01;1;30;0;2;2;1;1;
65852;202100042365;125 901;B01;3;50;14;0;7;2;3;
65853;202100042365;125 902;A01;3;7;14;0;1;2;1;
65854;202100042367;125 897;B01;3;7;0;2;7;9;1;
65855;202100042367;125 898;A01;3;7;0;2;2;1;1;
65856;202100042368;125 895;A01;1;2;14;0;1;17;1;
65857;202100042368;125 896;B01;3;1;0;2;8;1;5;
65858;202100042369;125 893;Y01;-1;0;0;2;0;0;0;
65859;202100042369;125 894;A01;1;10;0;1;0;20;1;
65860;202100042370;125 891;A01;3;10;0;9;8;23;1;
65861;202100042370;125 892;B01;3;1;0;2;1;25;5;
65862;202100042371;125 889;A01;2;7;0;2;3;15;1;
65863;202100042371;125 890;B01;2;2;0;2;7;1;1;
65864;202100042372;125 887;B01;2;7;12;2;3;14;0;
65865;202100042372;125 888;A01;1;7;0;2;3;26;1;
65866;202100042373;125 886;A01;3;7;0;1;2;15;1;
65867;202100042374;125 884;B01;3;2;0;2;1;17;1;
65868;202100042374;125 885;A01;3;7;0;2;3;13;1;
65869;202100042375;125 882;A01;3;32;0;2;1;0;1;
65870;202100042375;125 883;B01;3;7;0;2;4;1;1;
65871;202100042377;125 880;A01;1;7;0;1;6;19;1;
65872;202100042378;125 879;A01;1;31;15;0;1;13;1;
65873;202100042379;125 878;A01;1;1;0;1;1;1;5;
65874;202100042380;125 876;B01;1;7;0;2;5;16;1;
65875;202100042380;125 877;A01;1;1;0;2;1;1;5;
65876;202100042381;125 874;A01;0;50;0;2;0;26;3;
65877;202100042381;125 875;B01;2;7;0;2;2;1;2;
65878;202100042382;125 872;A01;3;2;0;2;1;16;1;
65879;202100042382;125 873;B01;3;7;0;2;1;1;1;
65880;202100042383;125 870;A01;3;21;0;0;2;1;1;
65881;202100042383;125 871;B01;3;33;0;2;1;1;1;
65882;202100042384;125 868;B01;2;7;0;2;6;15;1;
65883;202100042384;125 869;A01;1;33;8;2;1;1;1;
65884;202100042385;125 867;A01;2;33;0;0;1;1;1;
65885;202100042386;125 866;A01;1;10;2;0;1;1;1;
65886;202100042387;125 864;B01;1;7;0;2;1;1;1;
65887;202100042387;125 865;A01;2;7;0;2;3;15;1;
65888;202100042389;125 861;B01;1;10;0;2;3;15;1;
65889;202100042389;125 862;A01;2;33;0;2;8;1;1;
65890;202100042390;125 860;A01;3;7;2;0;1;0;1;
65891;202100042391;125 857;C01;1;7;0;2;1;1;1;
65892;202100042391;125 858;B01;1;13;0;2;2;1;1;
65893;202100042391;125 859;A01;1;20;0;0;6;1;1;
65894;202100042392;125 855;A01;2;7;7;2;1;1;1;
65895;202100042392;125 856;B01;3;7;0;2;8;1;1;
65896;202100042393;125 853;B01;3;2;0;2;1;1;1;
65897;202100042393;125 854;A01;3;10;0;2;2;6;1;
65898;202100042394;125 852;A01;1;2;0;0;8;1;1;
65899;202100042395;125 850;A01;2;7;0;2;3;1;1;
65900;202100042395;125 851;B01;2;7;0;2;8;9;1;
65901;202100042396;125 847;A01;0;7;0;0;5;17;1;
65902;202100042396;125 848;B01;0;7;0;2;3;2;1;
65903;202100042397;125 845;B01;1;7;0;2;1;1;1;
65904;202100042397;125 846;A01;3;7;0;2;3;15;1;
65905;202100042398;125 844;A01;2;33;13;0;1;17;1;
65906;202100042399;125 843;A01;2;7;2;0;2;1;1;
65907;202100042400;125 841;A01;1;33;0;2;8;1;1;
65908;202100042400;125 842;B01;1;7;0;2;1;19;1;
65909;202100042401;125 839;B01;0;30;0;2;1;1;1;
65910;202100042401;125 840;A01;0;7;0;2;4;26;1;
65911;202100042403;125 837;A01;2;7;0;0;2;1;1;
65912;202100042405;125 833;A01;1;2;0;2;1;1;1;
65913;202100042405;125 834;B01;2;7;0;2;3;1;1;
65914;202100042406;125 832;A01;3;33;0;0;0;1;1;
65915;202100042407;125 830;B01;1;15;0;2;3;1;1;
65916;202100042407;125 831;A01;2;7;0;2;1;13;1;
65917;202100042408;125 828;A01;0;50;0;2;1;17;3;
65918;202100042408;125 829;B01;0;7;0;9;6;15;1;
65919;202100042409;125 827;A01;1;7;0;1;3;1;1;
65920;202100042410;125 821;A01;1;7;3;2;7;13;1;
65921;202100042410;125 822;B01;2;17;0;2;3;1;1;
65922;202100042411;125 819;B01;2;32;0;2;3;1;1;
65923;202100042411;125 820;A01;2;7;0;2;1;15;1;
65924;202100042412;125 818;A01;3;33;0;0;1;1;1;
65925;202100042413;125 815;A01;2;7;6;2;9;0;1;
65926;202100042413;125 816;B01;1;7;6;2;1;0;1;
65927;202100042414;125 811;A01;2;7;0;2;1;2;1;
65928;202100042414;125 812;B01;2;7;0;2;4;2;1;
65929;202100042414;125 813;D01;2;7;0;2;4;2;1;
65930;202100042414;125 814;C01;1;7;0;2;4;2;1;
65931;202100042415;125 808;Z01;1;7;0;0;0;0;0;
65932;202100042415;125 809;B01;1;34;0;2;1;2;1;
65933;202100042415;125 810;A01;1;33;4;2;2;3;1;
65934;202100042416;125 805;A01;2;7;0;2;4;23;3;
65935;202100042416;125 806;B01;2;7;0;2;1;1;1;
65936;202100042416;125 807;C01;2;7;0;2;1;1;1;
65937;202100042417;125 804;A01;1;7;4;0;8;1;1;
65938;202100042418;125 802;A01;1;7;0;2;6;11;1;
65939;202100042418;125 803;B01;1;14;0;2;2;1;1;
65940;202100042419;125 800;A01;2;7;0;2;5;26;1;
65941;202100042419;125 801;B01;1;15;0;2;3;21;1;
65942;202100042420;125 798;B01;2;7;0;2;5;2;1;
65943;202100042420;125 799;A01;2;15;0;2;3;2;1;
65944;202100042422;125 795;B01;2;7;0;2;6;23;1;
65945;202100042422;125 796;A01;2;33;0;2;1;12;1;
65946;202100042423;125 790;A01;1;7;9;2;1;2;1;
65947;202100042423;125 791;B01;1;7;0;2;6;2;1;
65948;202100042424;125 788;B01;1;7;0;2;4;23;1;
65949;202100042424;125 789;A01;1;10;0;2;2;2;1;
65950;202100042425;125 786;B01;1;7;0;2;2;0;1;
65951;202100042425;125 787;A01;1;7;0;2;4;4;1;
65952;202100042426;125 784;A01;1;7;0;2;1;9;1;
65953;202100042426;125 785;B01;1;1;0;2;0;26;5;
65954;202100042427;125 782;A01;3;30;0;2;4;26;1;
65955;202100042427;125 783;B01;3;7;0;0;4;23;1;
65956;202100042428;125 780;A01;1;1;0;2;8;1;5;
65957;202100042428;125 781;B01;1;7;0;2;1;1;1;
65958;202100042429;125 779;A01;2;7;3;0;1;1;1;
65959;202100042430;125 778;A01;1;99;9;0;0;2;6;
65960;202100042432;125 774;A01;1;33;0;9;8;21;1;
65961;202100042433;125 772;A01;1;1;0;2;1;2;5;
65962;202100042433;125 773;B01;1;7;0;1;4;23;1;
65963;202100042434;125 770;A01;1;7;1;2;5;1;1;
65964;202100042434;125 771;B01;1;31;0;2;1;1;1;
65965;202100042435;125 769;A01;1;7;0;1;2;1;1;
65966;202100042436;125 768;A01;1;30;0;0;7;1;1;
65967;202100042437;125 766;A01;1;43;0;2;1;1;1;
65968;202100042437;125 767;B01;1;7;0;2;4;23;1;
65969;202100042438;125 765;A01;3;2;0;0;8;21;1;
65970;202100042439;125 764;A01;2;32;0;0;0;1;1;
65971;202100042440;125 762;B01;0;7;0;2;6;1;1;
65972;202100042440;125 763;A01;0;50;0;2;1;5;3;
65973;202100042441;125 760;B01;1;32;0;2;0;1;0;
65974;202100042441;125 761;A01;1;10;0;2;4;4;0;
65975;202100042443;125 753;A01;0;7;0;2;1;1;1;
65976;202100042443;125 754;Z01;0;99;0;0;0;0;0;
65977;202100042444;125 748;A01;1;7;0;2;2;12;1;
65978;202100042444;125 749;B01;1;7;0;2;4;1;1;
65979;202100042444;125 750;C01;1;7;0;2;4;1;1;
65980;202100042444;125 751;E01;1;7;0;2;4;1;1;
65981;202100042444;125 752;D01;1;7;0;2;1;1;1;
65982;202100042445;125 746;A01;0;7;0;2;2;15;1;
65983;202100042445;125 747;B01;3;7;0;2;1;1;1;
65984;202100042447;125 744;A01;2;2;12;0;2;1;1;
65985;202100042448;125 743;A01;3;1;0;0;0;1;5;
65986;202100042449;125 742;A01;1;33;0;1;0;1;0;
65987;202100042450;125 740;A01;1;10;0;2;2;17;1;
65988;202100042450;125 741;B01;1;7;0;2;3;9;1;
65989;202100042451;125 738;A01;3;7;0;9;3;1;1;
65990;202100042451;125 739;B01;3;1;0;2;1;1;5;
65991;202100042452;125 736;B01;1;32;0;2;1;12;1;
65992;202100042452;125 737;A01;3;7;0;2;1;0;1;
65993;202100042453;125 734;B01;1;1;0;2;2;1;5;
65994;202100042453;125 735;A01;1;7;0;2;4;20;1;
65995;202100042454;125 732;B01;2;1;0;2;5;1;5;
65996;202100042454;125 733;A01;1;30;0;2;1;1;3;
65997;202100042455;125 730;A01;1;7;0;2;1;26;1;
65998;202100042455;125 731;B01;2;31;0;2;2;15;1;
65999;202100042456;125 728;B01;2;10;0;2;1;2;1;
66000;202100042456;125 729;A01;1;7;0;2;7;15;1;
66001;202100042457;125 726;A01;1;7;0;2;0;9;1;
66002;202100042457;125 727;B01;2;1;0;2;0;1;5;
66003;202100042458;125 725;A01;2;30;11;0;8;1;1;
66004;202100042459;125 723;A01;0;30;0;2;0;0;-1;
66005;202100042459;125 724;B01;0;7;0;2;0;0;-1;
66006;202100042460;125 722;A01;0;2;6;0;1;0;1;
66007;202100042461;125 720;A01;2;7;0;2;8;24;1;
66008;202100042461;125 721;B01;2;1;1;0;1;1;5;
66009;202100042462;125 718;A01;3;1;0;4;7;21;5;
66010;202100042462;125 719;B01;3;39;0;2;3;1;3;
66011;202100042463;125 716;B01;2;1;0;2;7;1;5;
66012;202100042463;125 717;Z01;2;7;0;0;1;15;0;
66013;202100042464;125 715;A01;3;7;6;0;1;1;1;
66014;202100042465;125 713;A01;0;50;0;0;0;0;3;
66015;202100042465;125 714;B01;1;7;0;2;7;1;1;
66016;202100042466;125 712;A01;1;2;0;0;7;1;1;
66017;202100042467;125 710;B01;2;50;0;2;1;1;3;
66018;202100042467;125 711;A01;2;7;0;2;2;16;1;
66019;202100042468;125 708;Z01;1;7;0;2;1;9;1;
66020;202100042468;125 709;B01;1;1;0;2;1;1;5;
66021;202100042469;125 706;B01;3;7;0;2;0;0;1;
66022;202100042469;125 707;A01;3;7;0;2;7;26;1;
66023;202100042470;125 705;A01;2;40;0;1;1;9;3;
66024;202100042471;125 703;A01;3;7;0;2;1;1;1;
66025;202100042471;125 704;B01;3;32;0;2;1;1;1;
66026;202100042472;125 701;A01;3;80;0;2;3;0;3;
66027;202100042472;125 702;B01;3;7;0;2;3;15;1;
66028;202100042473;125 699;A01;3;7;0;2;7;16;1;
66029;202100042473;125 700;B01;3;1;0;2;0;1;5;
66030;202100042474;125 698;A01;1;7;0;1;1;1;1;
66031;202100042475;125 696;A01;1;7;0;2;2;20;1;
66032;202100042475;125 697;B01;1;33;0;2;8;1;1;
66033;202100042476;125 695;A01;1;7;0;1;2;1;1;
66034;202100042477;125 694;A01;3;30;14;0;1;1;1;
66035;202100042478;125 692;B01;3;1;0;2;8;0;0;
66036;202100042478;125 693;A01;3;7;0;9;1;1;1;
66037;202100042479;125 691;A01;0;33;0;0;8;15;1;
66038;202100042480;125 689;B01;1;10;0;2;2;2;1;
66039;202100042480;125 690;A01;1;3;0;2;6;2;1;
66040;202100042481;125 687;B01;2;7;0;2;1;1;0;
66041;202100042481;125 688;A01;2;7;0;2;4;23;0;
66042;202100042482;125 685;B01;2;7;0;2;3;16;1;
66043;202100042482;125 686;A01;2;34;0;2;7;1;1;
66044;202100042483;125 684;A01;1;7;0;1;3;1;1;
66045;202100042484;125 682;B01;1;10;0;2;1;1;1;
66046;202100042484;125 683;A01;1;30;0;2;1;1;1;
66047;202100042485;125 679;Z01;1;31;0;2;1;2;1;
66048;202100042485;125 680;B01;1;7;0;2;6;23;1;
66049;202100042485;125 681;C01;1;33;0;2;1;1;1;
66050;202100042486;125 677;A01;2;7;0;2;0;20;0;
66051;202100042486;125 678;B01;1;2;0;2;1;2;1;
66052;202100042487;125 675;B01;2;37;0;2;5;1;1;2.0
66053;202100042487;125 676;Z01;3;7;0;2;1;1;1;
66054;202100042488;125 674;Z01;2;7;0;1;1;16;0;
66055;202100042489;125 672;A01;2;10;0;2;2;1;1;
66056;202100042489;125 673;B01;2;10;0;2;3;0;1;
66057;202100042490;125 670;A01;1;7;0;2;1;15;1;
66058;202100042490;125 671;B01;1;7;8;2;2;1;2;
66059;202100042491;125 669;A01;2;33;3;0;7;1;1;
66060;202100042493;125 664;B01;2;32;0;2;1;18;1;
66061;202100042493;125 665;A01;2;33;0;2;7;16;1;
66062;202100042494;125 662;B01;2;1;0;2;3;1;5;
66063;202100042494;125 663;A01;1;10;0;2;4;4;1;
66064;202100042496;125 660;A01;2;14;0;1;1;1;1;
66065;202100042497;125 658;B01;2;7;0;2;8;15;2;
66066;202100042497;125 659;A01;2;34;1;2;9;17;1;
66067;202100042498;125 657;A01;1;32;0;0;7;16;1;
66068;202100042499;125 654;A01;1;34;1;2;4;2;1;
66069;202100042499;125 655;Z01;1;7;0;2;4;23;0;
66070;202100042499;125 656;B01;1;10;0;2;5;24;1;
66071;202100042500;125 652;A01;1;30;0;2;8;13;1;
66072;202100042500;125 653;Z01;1;7;0;2;7;1;0;
66073;202100042501;125 650;A01;3;33;0;2;6;18;1;
66074;202100042501;125 651;B01;3;10;0;2;2;1;1;
66075;202100042502;125 648;B01;2;7;0;2;7;1;1;
66076;202100042502;125 649;A01;2;30;0;2;8;13;1;
66077;202100042503;125 646;A01;1;7;0;2;3;15;1;
66078;202100042503;125 647;B01;2;33;0;2;8;1;1;
66079;202100042504;125 645;A01;1;34;0;1;1;1;1;
66080;202100042505;125 643;B01;1;32;0;2;3;1;1;
66081;202100042505;125 644;A01;2;10;0;2;5;4;1;
66082;202100042507;125 639;A01;1;1;0;0;0;1;5;
66083;202100042508;125 637;B01;1;1;0;2;1;1;5;
66084;202100042508;125 638;A01;1;7;0;2;2;16;1;
66085;202100042509;125 635;A01;1;7;0;2;8;1;1;
66086;202100042509;125 636;B01;2;1;0;2;1;1;1;
66087;202100042510;125 634;A01;1;7;14;0;1;14;1;
66088;202100042511;125 633;A01;2;3;0;1;7;1;1;
66089;202100042512;125 631;B01;2;7;0;2;7;1;1;
66090;202100042512;125 632;A01;2;7;0;2;1;26;1;
66091;202100042513;125 629;B01;1;3;14;9;3;13;1;
66092;202100042513;125 630;A01;2;3;0;2;3;26;1;
66093;202100042514;125 627;A01;1;34;0;2;2;1;1;
66094;202100042514;125 628;B01;2;7;0;2;3;9;1;
66095;202100042515;125 626;A01;-1;37;0;1;7;9;2;1.0
66096;202100042517;125 622;B01;2;2;0;2;6;15;1;
66097;202100042517;125 623;A01;2;7;0;2;6;15;1;
66098;202100042519;125 619;A01;1;7;13;0;3;1;1;
66099;202100042520;125 618;A01;1;7;15;0;1;13;1;
66100;202100042521;125 616;A01;2;33;0;2;8;15;1;
66101;202100042521;125 617;B01;1;7;0;0;2;2;0;
66102;202100042522;125 615;A01;0;2;6;9;0;13;1;
66103;202100042525;125 610;A01;1;7;2;0;3;0;1;
66104;202100042526;125 609;A01;2;7;0;1;3;1;1;
66105;202100042527;125 608;A01;1;1;13;0;1;19;5;
66106;202100042528;125 606;B01;3;1;0;2;1;19;5;
66107;202100042528;125 607;A01;3;7;0;2;7;1;1;
66108;202100042529;125 605;A01;3;2;6;0;1;13;1;
66109;202100042530;125 604;A01;0;3;0;1;1;1;0;
66110;202100042531;125 602;A01;2;7;0;0;7;15;1;
66111;202100042531;125 603;B01;1;1;0;2;1;1;5;
66112;202100042532;125 600;B01;3;7;0;2;1;19;1;
66113;202100042532;125 601;A01;2;7;0;2;2;1;1;
66114;202100042533;125 598;B01;2;10;0;2;3;1;1;
66115;202100042533;125 599;A01;1;2;0;2;1;1;1;
66116;202100042534;125 596;B01;3;2;0;2;1;1;1;
66117;202100042534;125 597;A01;3;7;0;2;2;19;1;
66118;202100042535;125 594;A01;1;7;0;2;3;13;1;
66119;202100042535;125 595;B01;2;7;0;2;3;1;1;
66120;202100042536;125 593;A01;1;7;13;0;9;17;1;
66121;202100042537;125 592;A01;1;1;0;0;7;2;5;
66122;202100042538;125 591;A01;3;7;0;0;0;1;1;
66123;202100042539;125 589;B01;1;7;0;2;3;1;1;
66124;202100042539;125 590;A01;2;21;0;2;4;1;1;
66125;202100042540;125 588;A01;1;7;0;1;5;15;1;
66126;202100042542;125 584;B01;0;7;0;0;8;24;1;
66127;202100042542;125 585;A01;0;7;1;0;5;4;1;
66128;202100042543;125 582;A01;0;7;0;2;3;15;1;
66129;202100042543;125 583;B01;0;2;0;2;1;17;1;
66130;202100042544;125 580;A01;1;10;0;9;2;20;1;
66131;202100042544;125 581;B01;1;1;0;2;1;0;5;
66132;202100042545;125 579;A01;2;17;3;0;1;1;1;
66133;202100042547;125 577;A01;1;17;3;0;7;14;1;
66134;202100042548;125 575;A01;1;10;0;2;3;11;1;
66135;202100042548;125 576;B01;2;15;0;2;3;1;1;
66136;202100042549;125 573;A01;1;7;0;0;1;17;1;
66137;202100042549;125 574;B01;2;7;0;0;1;0;1;
66138;202100042550;125 571;A01;3;7;0;0;3;15;1;
66139;202100042550;125 572;B01;3;31;0;0;2;17;1;
66140;202100042551;125 569;A01;2;7;0;2;8;9;1;
66141;202100042551;125 570;B01;2;1;0;2;7;1;5;
66142;202100042552;125 568;A01;2;7;2;0;3;1;3;
66143;202100042554;125 565;B01;0;2;0;2;3;2;1;
66144;202100042554;125 566;A01;0;7;0;2;2;17;1;
66145;202100042555;125 564;A01;1;1;0;0;1;18;5;
66146;202100042556;125 561;A01;1;7;0;0;4;2;1;
66147;202100042556;125 562;B01;1;7;0;2;4;2;1;
66148;202100042556;125 563;C01;1;10;0;2;1;2;1;
66149;202100042557;125 557;A01;3;7;0;2;1;1;2;
66150;202100042557;125 558;B01;3;1;0;2;0;9;5;
66151;202100042558;125 555;A01;1;21;0;2;3;15;1;
66152;202100042558;125 556;B01;1;2;0;2;1;17;1;
66153;202100042559;125 553;A01;1;33;0;2;2;1;1;
66154;202100042559;125 554;B01;1;7;0;2;3;19;1;
66155;202100042560;125 551;A01;2;7;0;9;7;17;1;
66156;202100042560;125 552;B01;2;1;0;2;3;1;5;
66157;202100042561;125 550;A01;3;99;0;1;4;4;1;
66158;202100042563;125 546;B01;2;7;0;2;1;2;1;
66159;202100042563;125 547;A01;2;10;13;2;4;1;1;
66160;202100042565;125 543;A01;2;33;3;0;9;2;1;
66161;202100042566;125 541;B01;2;7;0;2;4;2;1;
66162;202100042566;125 542;A01;2;7;0;2;1;2;1;
66163;202100042567;125 539;A01;1;10;0;2;5;14;1;
66164;202100042567;125 540;B01;1;33;0;2;3;3;1;
66165;202100042568;125 536;A01;1;7;0;2;1;2;1;
66166;202100042568;125 537;C01;1;7;0;2;4;2;1;
66167;202100042568;125 538;B01;1;7;0;2;1;2;1;
66168;202100042570;125 530;A01;2;7;4;2;1;5;1;
66169;202100042570;125 531;D01;1;10;0;2;8;1;1;
66170;202100042570;125 532;C01;1;10;0;2;6;12;1;
66171;202100042570;125 533;B01;1;7;4;2;2;17;1;
66172;202100042571;125 528;A01;1;7;0;2;1;13;1;
66173;202100042571;125 529;B01;2;7;0;2;8;1;1;
66174;202100042572;125 526;B01;2;7;0;2;4;23;1;
66175;202100042572;125 527;A01;2;7;0;2;1;23;1;
66176;202100042573;125 524;B01;1;30;0;0;0;2;1;
66177;202100042573;125 525;A01;1;10;0;0;0;18;1;
66178;202100042574;125 523;A01;1;7;10;0;2;14;1;
66179;202100042575;125 521;A01;2;7;0;2;1;1;1;
66180;202100042575;125 522;B01;2;60;0;2;3;19;5;
66181;202100042576;125 519;A01;2;33;0;2;3;13;1;
66182;202100042576;125 520;B01;2;7;0;2;8;1;1;
66183;202100042577;125 518;A01;3;7;0;1;0;26;1;
66184;202100042578;125 516;B01;1;7;0;2;4;0;1;
66185;202100042578;125 517;A01;1;7;0;2;1;0;1;
66186;202100042579;125 514;B01;3;10;0;2;4;9;1;
66187;202100042579;125 515;A01;3;7;0;2;2;14;1;
66188;202100042580;125 513;A01;0;7;0;1;1;19;1;
66189;202100042581;125 511;A01;2;7;0;2;1;15;1;
66190;202100042581;125 512;B01;1;33;0;2;1;1;1;
66191;202100042582;125 509;B01;2;60;0;2;8;7;5;
66192;202100042582;125 510;A01;1;20;0;2;8;1;1;
66193;202100042583;125 507;A01;2;7;0;2;1;1;1;
66194;202100042583;125 508;B01;2;7;0;2;4;1;1;
66195;202100042584;125 504;A01;2;50;12;1;8;13;3;
66196;202100042585;125 502;A01;2;2;0;2;0;1;1;
66197;202100042585;125 503;B01;2;2;0;2;1;1;1;
66198;202100042586;125 500;A01;3;31;0;2;1;1;1;
66199;202100042586;125 501;B01;3;7;0;2;8;15;1;
66200;202100042587;125 499;A01;0;32;0;1;0;0;1;
66201;202100042588;125 497;A01;0;7;0;2;1;15;1;
66202;202100042588;125 498;B01;0;7;0;2;1;1;1;
66203;202100042590;125 493;B01;3;7;0;2;3;15;1;
66204;202100042590;125 494;A01;3;33;0;2;1;17;1;
66205;202100042591;125 492;A01;1;7;3;0;1;13;1;
66206;202100042592;125 490;B01;1;7;0;2;1;1;1;
66207;202100042592;125 491;A01;2;7;0;2;3;1;1;
66208;202100042593;125 488;B01;3;7;0;2;1;1;1;
66209;202100042593;125 489;A01;2;7;0;2;3;15;1;
66210;202100042595;125 484;A01;2;7;0;2;1;1;1;
66211;202100042595;125 485;B01;1;1;0;2;1;13;5;
66212;202100042596;125 483;A01;3;31;0;0;0;9;1;
66213;202100042597;125 481;A01;3;31;0;2;1;2;1;
66214;202100042597;125 482;B01;0;1;0;0;4;15;0;
66215;202100042598;125 480;A01;1;32;0;0;0;0;1;
66216;202100042599;125 478;A01;1;1;0;1;4;25;5;
66217;202100042600;125 476;A01;3;7;0;9;5;16;1;
66218;202100042600;125 477;B01;3;1;0;0;0;0;0;
66219;202100042601;125 474;A01;2;7;0;2;3;1;2;
66220;202100042601;125 475;B01;2;1;0;2;1;1;5;
66221;202100042602;125 472;A01;1;7;0;2;8;15;1;
66222;202100042602;125 473;B01;1;33;0;2;1;17;1;
66223;202100042603;125 470;A01;2;7;0;2;5;16;1;
66224;202100042603;125 471;B01;2;1;0;2;1;1;5;
66225;202100042605;125 467;B01;2;34;0;2;2;17;1;
66226;202100042605;125 468;A01;2;7;0;2;3;10;1;
66227;202100042606;125 465;A01;1;7;0;2;3;1;1;
66228;202100042606;125 466;B01;2;1;0;2;1;1;5;
66229;202100042607;125 463;B01;2;7;0;2;4;2;1;
66230;202100042607;125 464;A01;2;7;0;2;1;2;1;
66231;202100042608;125 461;A01;2;7;0;9;1;15;2;
66232;202100042608;125 462;B01;1;60;0;2;8;1;5;
66233;202100042609;125 459;B01;3;7;0;2;7;1;1;
66234;202100042609;125 460;A01;1;7;0;2;1;1;1;
66235;202100042610;125 458;A01;1;32;0;1;2;19;1;
66236;202100042611;125 457;A01;2;7;0;1;3;1;1;
66237;202100042612;125 456;A01;3;1;0;0;0;1;5;
66238;202100042613;125 455;A01;0;1;0;0;1;1;5;
66239;202100042614;125 454;A01;2;32;0;0;8;16;1;
66240;202100042615;125 452;B01;1;7;0;2;1;2;1;
66241;202100042615;125 453;A01;0;43;0;2;1;2;1;
66242;202100042616;125 450;B01;1;7;0;2;2;15;1;
66243;202100042616;125 451;A01;2;7;0;2;5;1;1;
66244;202100042618;125 444;A01;3;7;0;2;3;1;1;
66245;202100042618;125 445;B01;3;2;0;2;3;1;1;
66246;202100042619;125 443;A01;2;33;0;0;0;1;1;
66247;202100042621;125 440;A01;2;7;2;0;3;1;1;
66248;202100042623;125 438;A01;3;2;6;0;1;26;1;
66249;202100042624;125 435;B01;2;33;0;2;1;11;1;
66250;202100042624;125 436;A01;2;7;6;2;6;15;1;
66251;202100042624;125 437;C01;2;33;0;2;1;1;1;
66252;202100042625;125 433;B01;2;31;0;2;8;1;1;
66253;202100042625;125 434;A01;1;7;0;2;9;1;1;
66254;202100042626;125 431;A01;1;7;0;2;2;1;1;
66255;202100042626;125 432;B01;1;1;0;0;3;1;0;
66256;202100042628;125 428;A01;1;14;4;0;1;1;1;
66257;202100042629;125 427;A01;3;36;0;0;0;26;1;
66258;202100042630;125 425;A01;3;7;0;2;3;1;1;
66259;202100042630;125 426;B01;0;1;0;2;1;15;-1;
66260;202100042631;125 424;A01;1;33;7;0;1;1;1;
66261;202100042632;125 423;A01;1;33;6;0;1;0;1;
66262;202100042633;125 422;A01;2;15;0;1;1;1;1;
66263;202100042634;125 421;A01;2;7;15;0;1;14;1;
66264;202100042635;125 420;A01;1;7;8;0;9;1;1;
66265;202100042636;125 419;A01;1;7;13;0;1;13;1;
66266;202100042637;125 418;A01;2;36;0;0;3;1;1;
66267;202100042638;125 416;A01;1;2;0;0;0;21;1;
66268;202100042638;125 417;B01;2;7;0;0;0;5;0;
66269;202100042639;125 413;C01;0;7;14;2;6;1;0;
66270;202100042639;125 414;B01;0;7;0;2;4;15;0;
66271;202100042639;125 415;A01;0;15;0;2;3;1;0;
66272;202100042640;125 409;B01;2;1;0;2;3;1;5;
66273;202100042640;125 410;A01;2;7;0;2;8;16;1;
66274;202100042642;125 406;A01;1;36;0;0;0;16;1;
66275;202100042643;125 404;B01;3;37;0;2;6;1;1;1.0
66276;202100042643;125 405;A01;3;1;11;2;8;17;5;
66277;202100042644;125 402;B01;2;7;0;0;8;1;1;
66278;202100042644;125 403;A01;1;2;0;0;8;1;1;
66279;202100042645;125 401;A01;2;7;13;0;1;1;1;
66280;202100042646;125 400;A01;2;7;4;0;3;2;1;
66281;202100042647;125 399;A01;1;7;1;0;2;0;1;
66282;202100042648;125 398;A01;3;7;5;0;1;1;1;
66283;202100042649;125 397;A01;0;33;0;0;8;0;1;
66284;202100042650;125 395;A01;1;7;0;2;1;13;1;
66285;202100042650;125 396;B01;2;7;0;2;1;1;1;
66286;202100042651;125 393;B01;1;7;0;2;3;1;1;
66287;202100042651;125 394;A01;2;2;0;2;1;13;1;
66288;202100042652;125 392;A01;1;7;8;0;1;1;1;
66289;202100042653;125 391;A01;2;7;2;0;7;0;1;
66290;202100042655;125 385;D01;1;7;1;0;1;1;1;
66291;202100042655;125 386;C01;1;10;1;0;3;13;1;
66292;202100042655;125 387;B01;1;7;0;2;0;1;1;
66293;202100042655;125 388;A01;1;7;4;0;2;11;1;
66294;202100042657;125 380;C01;2;7;0;2;4;26;1;
66295;202100042657;125 381;A01;2;7;0;2;1;26;1;
66296;202100042657;125 382;B01;2;7;0;2;4;17;1;
66297;202100042658;125 379;A01;2;33;3;0;0;13;1;
66298;202100042659;125 378;A01;2;33;0;2;1;2;1;
66299;202100042660;125 376;A01;2;7;0;2;8;11;1;
66300;202100042660;125 377;B01;2;33;0;2;7;2;1;