;Num_Acc;id_vehicule;num_veh;senc;catv;obs;obsm;choc;manv;motor;occutc
66301;202100042661;125 375;A01;1;33;4;0;3;1;1;
66302;202100042662;125 374;A01;2;33;3;0;3;1;1;
66303;202100042663;125 373;A01;2;7;8;0;4;0;1;
66304;202100042664;125 371;A01;1;7;0;2;1;2;1;
66305;202100042664;125 372;B01;1;7;0;2;4;23;1;
66306;202100042665;125 369;B01;1;10;0;2;3;1;1;
66307;202100042665;125 370;A01;2;7;0;2;2;15;1;
66308;202100042666;125 367;A01;1;33;0;2;1;2;1;
66309;202100042666;125 368;B01;1;10;0;2;4;2;1;
66310;202100042667;125 365;Z01;2;7;0;2;2;1;0;
66311;202100042667;125 366;B01;1;2;0;2;1;1;1;
66312;202100042668;125 363;B01;1;7;0;2;1;1;1;
66313;202100042668;125 364;A01;2;50;0;2;1;5;3;
66314;202100042669;125 361;A01;1;31;0;2;1;26;1;
66315;202100042669;125 362;B01;1;7;0;2;7;1;1;
66316;202100042671;125 358;A01;2;7;0;1;1;26;0;
66317;202100042672;125 356;A01;1;32;0;2;1;21;1;
66318;202100042672;125 357;B01;1;7;0;2;3;15;1;
66319;202100042673;125 355;A01;2;7;3;0;1;21;1;
66320;202100042674;125 353;B01;1;7;0;2;2;2;1;
66321;202100042674;125 354;A01;1;30;0;2;1;2;1;
66322;202100042675;125 351;A01;1;33;0;2;3;21;1;
66323;202100042675;125 352;B01;1;33;0;2;5;26;1;
66324;202100042676;125 349;A01;1;33;0;2;1;1;1;
66325;202100042676;125 350;B01;1;7;0;2;4;23;1;
66326;202100042677;125 347;A01;0;7;0;1;2;1;1;
66327;202100042678;125 345;A01;3;7;0;1;2;1;1;
66328;202100042679;125 344;A01;2;7;8;0;1;21;1;
66329;202100042680;125 343;A01;0;33;14;0;1;1;1;
66330;202100042681;125 342;A01;1;7;2;0;6;13;1;
66331;202100042682;125 337;A01;3;30;0;2;3;14;1;
66332;202100042682;125 338;B01;3;7;0;2;2;0;1;
66333;202100042683;125 336;A01;3;34;0;0;0;9;1;
66334;202100042684;125 334;B01;1;7;0;9;8;1;1;
66335;202100042684;125 335;A01;1;1;0;2;7;1;5;
66336;202100042685;125 332;A01;1;7;0;2;1;1;1;
66337;202100042685;125 333;B01;1;7;0;2;1;1;1;
66338;202100042686;125 331;A01;3;7;0;1;2;21;1;
66339;202100042687;125 330;A01;3;7;0;1;0;26;0;
66340;202100042689;125 327;A01;1;32;0;0;3;0;1;
66341;202100042690;125 325;B01;1;2;0;2;4;1;1;
66342;202100042690;125 326;Z01;1;7;0;2;1;2;1;
66343;202100042691;125 323;B01;2;34;0;2;1;1;1;
66344;202100042691;125 324;A01;1;7;0;2;7;19;1;
66345;202100042692;125 322;A01;2;7;0;1;1;1;1;
66346;202100042693;125 321;A01;3;7;13;0;2;14;1;
66347;202100042694;125 317;ZZ01;1;7;0;2;1;2;1;
66348;202100042694;125 318;D01;1;7;0;2;4;2;1;
66349;202100042694;125 319;C01;1;7;0;2;4;2;1;
66350;202100042694;125 320;Z01;1;7;0;2;1;2;1;
66351;202100042695;125 315;A01;3;30;0;2;1;5;1;
66352;202100042695;125 316;B01;3;7;0;2;1;1;1;
66353;202100042696;125 313;B01;2;32;0;2;1;1;1;
66354;202100042696;125 314;A01;1;7;0;2;1;15;1;
66355;202100042697;125 312;A01;1;7;1;0;1;14;1;
66356;202100042698;125 310;B01;1;32;0;2;2;1;1;
66357;202100042698;125 311;A01;2;7;0;2;8;9;1;
66358;202100042699;125 307;B01;1;1;0;2;5;2;5;
66359;202100042699;125 308;A01;1;1;0;2;1;2;5;
66360;202100042699;125 309;C01;1;1;0;2;1;2;5;
66361;202100042700;125 305;A01;3;14;0;2;2;1;1;
66362;202100042700;125 306;B01;3;1;0;2;8;18;5;
66363;202100042701;125 304;A01;3;7;0;1;7;4;1;
66364;202100042702;125 302;B01;1;33;0;2;1;1;1;
66365;202100042702;125 303;A01;1;7;0;2;2;15;1;
66366;202100042703;125 300;B01;3;1;0;2;2;1;5;
66367;202100042703;125 301;A01;3;7;0;2;3;9;1;
66368;202100042704;125 298;B01;1;1;0;2;8;19;5;
66369;202100042704;125 299;A01;1;1;0;2;1;1;5;
66370;202100042706;125 294;B01;1;10;0;2;3;15;1;
66371;202100042706;125 295;A01;1;31;0;2;7;17;1;
66372;202100042707;125 292;A01;2;32;0;2;1;1;1;
66373;202100042707;125 293;B01;2;7;0;2;4;16;1;
66374;202100042708;125 290;A01;1;7;0;2;4;1;3;
66375;202100042708;125 291;B01;1;1;0;2;4;12;5;
66376;202100042709;125 289;A01;0;7;1;0;2;1;3;
66377;202100042710;125 288;A01;1;7;0;1;1;15;1;
66378;202100042711;125 287;A01;3;7;4;0;2;0;1;
66379;202100042712;125 286;A01;3;30;15;0;0;0;1;
66380;202100042713;125 285;A01;1;7;0;1;3;16;1;
66381;202100042714;125 283;A01;3;32;0;2;1;26;1;
66382;202100042714;125 284;B01;1;7;0;2;4;26;1;
66383;202100042715;125 279;C01;1;7;0;0;0;0;1;
66384;202100042715;125 280;B01;1;7;0;0;0;0;1;
66385;202100042715;125 281;A01;1;10;0;0;0;0;0;
66386;202100042715;125 282;D01;1;7;0;0;0;0;1;
66387;202100042716;125 278;A01;1;20;0;1;2;15;0;
66388;202100042717;125 277;A01;1;7;1;0;2;17;1;
66389;202100042718;125 276;A01;1;7;0;2;1;1;1;
66390;202100042719;125 274;A01;3;7;0;2;1;2;1;
66391;202100042719;125 275;B01;3;7;0;2;4;1;1;
66392;202100042720;125 272;A01;0;7;0;2;3;20;1;
66393;202100042720;125 273;B01;0;7;0;2;2;1;1;
66394;202100042721;125 271;A01;1;30;7;0;1;1;1;
66395;202100042722;125 270;A01;1;50;0;0;0;1;3;
66396;202100042723;125 268;B01;3;33;0;2;2;1;1;
66397;202100042723;125 269;A01;3;7;0;2;1;23;1;
66398;202100042725;125 265;A01;1;7;0;1;5;4;1;
66399;202100042726;125 263;A01;1;36;1;0;1;1;6;
66400;202100042726;125 264;B01;0;7;0;2;7;23;0;
66401;202100042727;125 262;A01;1;33;6;0;1;1;1;
66402;202100042728;125 261;A01;1;7;0;0;9;21;1;
66403;202100042729;125 259;A01;2;7;0;2;2;2;1;
66404;202100042729;125 260;B01;2;1;0;0;4;2;5;
66405;202100042730;125 258;A01;1;33;6;0;1;1;6;
66406;202100042731;125 257;A01;2;33;13;0;1;1;1;
66407;202100042732;125 255;A01;0;10;0;2;3;1;1;
66408;202100042732;125 256;B01;0;7;15;2;7;1;1;
66409;202100042733;125 253;B01;1;7;0;2;3;13;1;
66410;202100042733;125 254;A01;2;7;0;2;3;1;1;
66411;202100042734;125 251;A01;1;7;0;9;1;1;1;
66412;202100042734;125 252;B01;0;1;0;2;1;0;5;
66413;202100042735;125 249;B01;2;31;0;2;3;1;1;
66414;202100042735;125 250;A01;1;7;0;2;3;17;0;
66415;202100042736;125 247;A01;3;31;0;2;1;19;0;
66416;202100042736;125 248;B01;0;7;0;2;2;1;0;
66417;202100042737;125 244;A01;3;7;0;0;9;1;1;
66418;202100042738;125 243;A01;2;7;2;0;1;1;1;
66419;202100042739;125 241;B01;3;2;0;2;1;1;1;
66420;202100042739;125 242;A01;1;7;0;2;3;15;1;
66421;202100042740;125 240;A01;3;10;0;1;2;20;0;
66422;202100042741;125 239;A01;1;7;2;0;3;1;1;
66423;202100042742;125 238;A01;2;7;3;0;1;14;1;
66424;202100042743;125 236;A01;3;33;0;2;1;5;1;
66425;202100042743;125 237;B01;3;7;0;2;1;1;1;
66426;202100042744;125 234;A01;1;2;0;2;4;1;1;
66427;202100042744;125 235;B01;2;7;0;2;3;1;1;
66428;202100042746;125 232;A01;2;33;3;0;3;0;1;
66429;202100042747;125 231;A01;1;34;6;0;1;1;1;
66430;202100042748;125 229;A01;1;7;13;2;2;16;1;
66431;202100042748;125 230;B01;2;7;0;2;1;1;1;
66432;202100042749;125 227;B01;2;21;0;2;3;15;1;
66433;202100042749;125 228;A01;1;33;0;2;3;1;1;
66434;202100042750;125 226;A01;0;32;0;0;2;0;1;
66435;202100042751;125 225;A01;1;7;8;0;1;14;1;
66436;202100042752;125 224;A01;3;2;17;0;1;0;1;
66437;202100042754;125 221;B01;2;7;0;2;3;2;1;
66438;202100042754;125 222;A01;2;2;0;0;8;0;1;
66439;202100042755;125 220;A01;2;32;0;1;1;1;1;
66440;202100042756;125 219;A01;2;33;0;0;0;1;1;
66441;202100042757;125 218;A01;0;33;1;0;1;1;1;
66442;202100042759;125 215;A01;1;7;8;0;3;13;1;
66443;202100042760;125 214;A01;1;7;2;0;3;1;1;
66444;202100042761;125 212;A01;1;33;15;0;3;17;1;
66445;202100042762;125 210;A01;2;7;2;0;7;13;1;
66446;202100042763;125 208;A01;1;33;0;2;1;2;1;
66447;202100042763;125 209;B01;1;10;0;0;7;16;1;
66448;202100042764;125 206;A01;1;7;3;0;9;1;1;
66449;202100042765;125 204;A01;1;7;5;2;5;19;1;
66450;202100042765;125 205;B01;1;7;5;2;1;1;1;
66451;202100042766;125 203;A01;2;10;0;1;2;1;1;
66452;202100042767;125 202;A01;3;7;13;0;2;14;1;
66453;202100042768;125 201;A01;1;7;3;0;2;1;0;
66454;202100042769;125 199;B01;3;7;0;2;8;1;1;
66455;202100042769;125 200;A01;3;33;0;2;8;13;1;
66456;202100042770;125 197;B01;3;7;8;0;6;23;1;
66457;202100042770;125 198;A01;3;7;1;0;2;1;1;
66458;202100042771;125 195;B01;2;7;0;2;2;1;1;
66459;202100042771;125 196;A01;1;10;0;2;0;13;1;
66460;202100042772;125 193;B01;2;10;0;2;8;1;1;
66461;202100042772;125 194;A01;1;2;0;2;3;1;1;
66462;202100042773;125 192;A01;1;7;0;0;0;12;1;
66463;202100042774;125 190;B01;1;33;0;2;1;2;1;
66464;202100042774;125 191;A01;1;7;0;2;2;15;1;
66465;202100042775;125 189;A01;1;2;0;0;0;1;1;
66466;202100042776;125 188;A01;1;2;12;0;1;1;1;
66467;202100042777;125 187;A01;2;33;0;1;7;17;1;
66468;202100042778;125 185;B01;1;7;0;2;3;1;1;
66469;202100042778;125 186;A01;2;7;0;2;3;13;1;
66470;202100042779;125 183;A01;1;33;0;2;8;10;1;
66471;202100042779;125 184;B01;1;33;0;2;1;1;1;
66472;202100042780;125 182;A01;1;33;12;0;7;1;1;
66473;202100042781;125 181;A01;2;36;13;0;2;1;1;
66474;202100042782;125 180;A01;2;33;15;0;9;1;1;
66475;202100042783;125 178;B01;0;1;0;2;1;9;5;
66476;202100042783;125 179;A01;3;7;0;9;3;1;1;
66477;202100042784;125 177;A01;0;7;13;0;1;1;1;
66478;202100042785;125 176;A01;2;33;6;0;1;14;1;
66479;202100042786;125 175;A01;1;30;8;0;1;10;1;
66480;202100042787;125 174;A01;1;33;13;0;1;1;1;
66481;202100042788;125 173;A01;3;33;2;0;1;0;1;
66482;202100042789;125 172;A01;3;31;0;0;0;17;1;
66483;202100042790;125 171;A01;3;33;0;0;0;0;1;
66484;202100042791;125 169;A01;2;7;0;2;2;17;1;
66485;202100042791;125 170;B01;2;1;0;0;4;1;5;
66486;202100042792;125 168;A01;1;7;9;0;1;12;1;
66487;202100042793;125 167;A01;2;7;6;0;1;1;1;
66488;202100042795;125 164;A01;2;7;0;0;1;1;1;
66489;202100042796;125 162;B01;2;7;0;2;1;2;1;
66490;202100042796;125 163;A01;2;7;0;2;4;2;1;
66491;202100042797;125 161;A01;2;7;3;0;1;14;1;
66492;202100042798;125 159;A01;2;7;0;2;1;1;1;
66493;202100042798;125 160;B01;2;7;0;2;4;1;1;
66494;202100042799;125 155;D01;1;7;0;2;1;1;1;
66495;202100042799;125 156;C01;1;10;0;2;4;1;1;
66496;202100042799;125 157;B01;1;10;0;2;4;1;1;
66497;202100042799;125 158;A01;1;7;0;2;4;1;1;
66498;202100042800;125 153;B01;2;2;0;2;4;1;1;
66499;202100042800;125 154;A01;2;7;0;2;1;1;1;
66500;202100042801;125 152;A01;2;33;0;0;7;9;1;
66501;202100042802;125 151;A01;3;33;0;1;7;0;0;
66502;202100042804;125 148;A01;1;32;0;0;8;1;1;
66503;202100042805;125 146;B01;1;2;0;2;1;16;1;
66504;202100042805;125 147;A01;1;7;0;9;8;1;1;
66505;202100042806;125 144;B01;1;2;0;2;1;1;1;
66506;202100042806;125 145;A01;1;7;0;2;7;15;1;
66507;202100042807;125 143;A01;3;99;13;0;1;26;1;
66508;202100042809;125 139;A01;2;7;0;2;3;15;1;
66509;202100042809;125 140;B01;1;1;0;2;3;1;5;
66510;202100042810;125 137;A01;1;10;0;2;5;2;1;
66511;202100042810;125 138;B01;1;32;0;2;7;2;1;
66512;202100042811;125 135;A01;3;7;1;2;1;26;1;
66513;202100042811;125 136;B01;3;7;0;2;8;1;1;
66514;202100042812;125 133;A01;2;2;0;2;1;5;1;
66515;202100042812;125 134;B01;1;7;0;2;3;1;1;
66516;202100042813;125 131;A01;1;30;0;2;1;1;1;
66517;202100042813;125 132;B01;3;7;0;2;2;1;1;
66518;202100042814;125 129;B01;1;7;0;2;4;2;1;
66519;202100042814;125 130;A01;1;43;0;2;1;2;1;
66520;202100042815;125 128;A01;1;33;16;2;0;21;1;
66521;202100042816;125 127;A01;1;7;0;1;7;1;1;
66522;202100042817;125 126;A01;3;1;0;1;7;0;5;
66523;202100042818;125 124;A01;2;7;0;2;3;26;1;
66524;202100042818;125 125;B01;2;2;0;2;7;12;1;
66525;202100042820;125 122;A01;2;1;0;0;0;1;6;
66526;202100042821;125 121;Z01;2;7;9;1;1;14;1;
66527;202100042822;125 119;B01;1;7;0;2;8;15;1;
66528;202100042822;125 120;A01;1;33;0;2;1;17;1;
66529;202100042824;125 115;B01;0;7;0;2;1;1;1;
66530;202100042824;125 116;A01;0;30;0;2;1;5;1;
66531;202100042826;125 112;A01;3;7;0;2;3;15;1;
66532;202100042826;125 113;B01;1;1;0;2;1;1;5;
66533;202100042827;125 110;B01;1;7;0;2;5;2;1;
66534;202100042827;125 111;A01;1;33;0;2;1;2;1;
66535;202100042828;125 108;B01;0;7;0;2;2;0;1;
66536;202100042828;125 109;A01;0;33;0;2;1;0;1;
66537;202100042830;125 105;A01;0;7;2;0;1;1;1;
66538;202100042831;125 104;A01;0;32;8;0;2;13;1;
66539;202100042832;125 103;A01;3;33;12;0;1;0;1;
66540;202100042833;125 102;A01;2;7;0;0;2;0;0;
66541;202100042834;125 100;B01;1;1;0;2;3;1;5;
66542;202100042834;125 101;A01;1;32;0;2;2;9;1;
66543;202100042835;125 098;A01;2;31;0;2;1;19;1;
66544;202100042835;125 099;B01;1;7;0;2;3;19;1;
66545;202100042838;125 092;A01;1;7;0;2;3;10;1;
66546;202100042838;125 093;B01;1;1;0;2;3;2;0;
66547;202100042839;125 091;A01;1;7;0;1;1;1;1;
66548;202100042840;125 090;A01;1;30;0;1;1;1;1;
66549;202100042841;125 088;B01;2;40;0;2;1;1;3;
66550;202100042841;125 089;A01;1;7;0;4;5;1;1;
66551;202100042843;125 084;B01;2;7;0;2;8;1;1;
66552;202100042843;125 085;A01;1;7;11;2;3;13;1;
66553;202100042844;125 083;A01;1;10;0;1;7;1;1;
66554;202100042845;125 082;A01;1;7;0;1;3;15;1;
66555;202100042846;125 080;Z01;2;7;0;0;0;0;0;
66556;202100042846;125 081;A01;1;50;0;2;1;1;3;
66557;202100042847;125 078;B01;2;30;0;2;1;1;1;
66558;202100042847;125 079;A01;1;7;0;2;3;15;1;
66559;202100042849;125 075;A01;2;7;0;2;2;15;1;
66560;202100042849;125 076;B01;1;1;0;2;1;1;5;
66561;202100042850;125 073;B01;2;1;0;2;7;1;5;
66562;202100042850;125 074;A01;2;7;0;2;3;9;1;
66563;202100042851;125 071;B01;1;1;0;2;8;1;5;
66564;202100042851;125 072;Z01;1;7;0;0;0;0;1;
66565;202100042852;125 069;A01;1;7;0;2;1;1;1;
66566;202100042852;125 070;B01;2;7;0;2;3;15;1;
66567;202100042854;125 065;A01;1;7;0;2;6;15;1;
66568;202100042854;125 066;B01;1;33;0;2;1;17;1;
66569;202100042855;125 063;B01;2;1;0;2;1;5;5;
66570;202100042855;125 064;A01;1;7;0;2;1;1;1;
66571;202100042856;125 061;A01;1;7;0;2;8;9;1;
66572;202100042856;125 062;B01;1;33;0;2;1;1;1;
66573;202100042857;125 059;B01;2;7;0;0;5;2;1;
66574;202100042857;125 060;A01;2;2;0;2;1;2;1;
66575;202100042859;125 057;A01;1;7;0;1;1;1;1;
66576;202100042860;125 055;A01;1;7;0;2;8;10;0;
66577;202100042860;125 056;B01;0;33;0;2;1;1;1;
66578;202100042861;125 053;B01;1;7;0;2;3;17;1;
66579;202100042861;125 054;A01;1;7;0;2;2;17;1;
66580;202100042862;125 052;A01;3;30;0;0;0;15;0;
66581;202100042863;125 050;B01;3;32;0;2;1;2;0;
66582;202100042863;125 051;A01;3;7;0;2;3;11;0;
66583;202100042864;125 047;Z01;2;7;0;2;2;5;1;
66584;202100042864;125 048;B01;1;7;0;2;0;0;1;
66585;202100042864;125 049;C01;1;10;0;2;0;0;1;
66586;202100042865;125 045;B01;2;7;0;2;4;1;1;
66587;202100042865;125 046;A01;2;7;0;2;1;2;1;
66588;202100042866;125 044;A01;0;7;1;0;9;26;1;
66589;202100042867;125 042;B01;1;7;0;2;3;15;1;
66590;202100042867;125 043;A01;1;2;0;2;7;17;1;
66591;202100042868;125 040;B01;1;33;0;2;4;1;1;
66592;202100042868;125 041;A01;1;7;0;9;2;1;1;
66593;202100042869;125 039;A01;3;7;0;1;1;16;1;
66594;202100042870;125 037;B01;2;2;0;2;3;1;1;
66595;202100042870;125 038;A01;1;17;0;2;3;15;1;
66596;202100042871;125 036;A01;1;30;0;0;1;26;1;
66597;202100042872;125 034;A01;1;7;0;2;0;0;1;
66598;202100042872;125 035;B01;1;2;0;2;0;0;1;
66599;202100042873;125 031;A01;1;33;0;2;1;1;1;
66600;202100042873;125 032;B01;2;7;0;2;3;23;0;
66601;202100042873;125 033;C01;2;7;0;2;6;23;0;
66602;202100042874;125 030;Z01;3;32;0;1;1;2;0;
66603;202100042875;125 029;A01;3;31;0;0;8;1;1;
66604;202100042876;125 027;B01;3;33;0;2;7;1;1;
66605;202100042876;125 028;A01;3;7;0;2;2;9;1;
66606;202100042877;125 026;A01;2;7;0;1;0;1;1;
66607;202100042878;125 024;A01;3;37;0;2;3;1;1;3.0
66608;202100042878;125 025;B01;1;7;0;2;0;1;1;
66609;202100042879;125 022;B01;3;50;0;2;0;19;3;
66610;202100042879;125 023;A01;3;7;0;2;3;1;1;
66611;202100042880;125 017;C01;2;7;0;2;8;24;1;
66612;202100042880;125 018;B01;2;10;0;2;1;1;1;
66613;202100042880;125 019;A01;2;7;1;2;2;13;1;
66614;202100042880;125 020;E01;2;10;0;2;1;24;1;
66615;202100042880;125 021;D01;2;10;0;2;6;24;1;
66616;202100042881;125 016;D01;0;7;1;0;1;24;1;
66617;202100042882;125 014;B01;3;7;0;2;7;1;1;
66618;202100042882;125 015;A01;3;30;0;2;1;5;1;
66619;202100042883;125 012;B01;1;21;0;0;4;9;1;
66620;202100042883;125 013;A01;2;7;0;2;0;9;1;
66621;202100042884;125 010;A01;1;7;0;2;2;1;1;
66622;202100042884;125 011;B01;3;7;0;2;3;16;1;
66623;202100042885;125 008;B01;3;7;0;2;1;1;1;
66624;202100042885;125 009;A01;3;7;0;2;1;1;1;
66625;202100042886;125 006;B01;0;33;0;2;1;1;1;
66626;202100042886;125 007;A01;3;7;0;2;3;15;1;
66627;202100042887;125 004;A01;1;7;0;2;4;15;1;
66628;202100042887;125 005;B01;1;7;0;2;1;2;1;
66629;202100042888;125 003;A01;3;7;15;0;1;16;1;
66630;202100042889;125 001;Z01;2;7;0;2;0;1;0;
66631;202100042889;125 002;B01;2;30;0;2;8;19;1;
66632;202100042890;124 999;B01;1;7;0;2;8;0;1;
66633;202100042890;125 000;A01;1;30;0;2;1;26;1;
66634;202100042891;124 998;A01;2;30;0;9;1;1;1;
66635;202100042892;124 996;Z01;0;7;0;2;1;0;0;
66636;202100042892;124 997;B01;0;31;0;2;3;1;1;
66637;202100042893;124 995;A01;0;7;9;0;1;15;1;
66638;202100042894;124 994;A01;2;2;0;0;0;1;1;
66639;202100042895;124 992;A01;3;1;0;2;8;1;5;
66640;202100042895;124 993;B01;3;7;0;2;2;1;1;
66641;202100042896;124 989;A01;1;7;0;2;2;1;1;
66642;202100042896;124 990;B01;1;33;4;2;7;1;1;
66643;202100042896;124 991;C01;1;10;0;2;6;13;1;
66644;202100042897;124 987;B01;2;7;0;2;8;22;1;
66645;202100042897;124 988;A01;2;1;1;0;1;26;5;
66646;202100042898;124 986;A01;1;7;0;1;3;26;1;
66647;202100042899;124 985;A01;2;99;0;0;0;26;5;
66648;202100042900;124 983;A01;1;7;0;0;0;0;0;
66649;202100042900;124 984;B01;1;31;0;2;1;15;1;
66650;202100042901;124 982;A01;2;33;17;0;1;1;1;
66651;202100042902;124 980;B01;1;7;0;2;8;12;1;
66652;202100042902;124 981;A01;1;43;0;2;3;3;1;
66653;202100042904;124 975;A01;1;14;0;2;6;11;1;
66654;202100042904;124 976;B01;1;43;0;2;2;1;1;
66655;202100042905;124 974;A01;2;2;0;1;1;1;1;
66656;202100042906;124 973;A01;3;7;0;1;1;1;2;
66657;202100042907;124 971;B01;2;10;0;2;8;22;1;
66658;202100042907;124 972;A01;2;1;0;2;1;1;5;
66659;202100042908;124 970;Z01;2;7;0;1;1;1;0;
66660;202100042909;124 968;B01;1;50;0;2;5;19;3;
66661;202100042909;124 969;A01;2;31;0;2;1;1;1;
66662;202100042910;124 967;A01;1;30;0;1;2;1;1;
66663;202100042911;124 965;B01;1;7;0;2;3;1;1;
66664;202100042911;124 966;A01;2;30;0;2;1;13;1;
66665;202100042912;124 963;B01;1;30;0;2;4;24;3;
66666;202100042912;124 964;A01;1;32;0;2;1;1;1;
66667;202100042913;124 962;A01;1;33;0;1;1;1;1;
66668;202100042914;124 960;A01;1;1;0;2;1;1;5;
66669;202100042914;124 961;B01;1;7;0;2;3;22;1;
66670;202100042915;124 958;A01;1;1;0;2;1;2;5;
66671;202100042915;124 959;B01;1;7;0;2;6;23;2;
66672;202100042916;124 957;A01;3;14;0;1;6;16;1;
66673;202100042917;124 955;B01;1;7;0;2;6;16;1;
66674;202100042917;124 956;A01;1;30;0;2;2;1;1;
66675;202100042918;124 954;A01;1;30;7;0;1;13;3;
66676;202100042919;124 953;A01;1;7;1;9;2;26;1;
66677;202100042920;124 951;B01;3;1;0;2;8;0;5;
66678;202100042920;124 952;Z01;3;7;0;2;0;1;0;
66679;202100042921;124 949;B01;3;1;0;9;1;1;5;
66680;202100042921;124 950;A01;3;1;0;2;1;1;5;
66681;202100042922;124 947;A01;2;7;0;2;3;23;1;
66682;202100042922;124 948;B01;2;10;0;2;2;9;1;
66683;202100042923;124 944;B01;1;33;0;2;1;1;1;
66684;202100042923;124 945;A01;2;15;0;2;3;15;1;
66685;202100042923;124 946;C01;1;80;0;2;1;23;3;
66686;202100042924;124 942;B01;1;7;2;2;1;1;1;
66687;202100042924;124 943;A01;2;7;0;2;2;15;1;
66688;202100042925;124 940;B01;1;30;0;9;0;0;1;
66689;202100042925;124 941;A01;1;50;0;2;7;1;3;
66690;202100042927;124 937;A01;1;7;0;2;3;1;2;
66691;202100042927;124 938;B01;1;31;6;0;7;1;3;
66692;202100042928;124 935;B01;1;30;0;2;7;26;1;
66693;202100042928;124 936;A01;1;7;0;2;1;1;1;
66694;202100042929;124 934;A01;3;10;14;0;3;15;1;
66695;202100042930;124 932;B01;1;32;0;2;1;1;1;
66696;202100042930;124 933;A01;1;7;0;2;3;26;1;
66697;202100042931;124 931;A01;0;10;8;0;1;26;1;
66698;202100042933;124 928;B01;1;30;0;2;1;1;1;
66699;202100042933;124 929;A01;1;7;0;2;5;12;1;
66700;202100042934;124 926;A01;1;7;0;2;4;23;1;
66701;202100042934;124 927;B01;1;30;0;2;1;2;1;
66702;202100042935;124 924;A01;2;7;0;2;3;16;0;
66703;202100042935;124 925;B01;2;2;0;2;3;1;1;
66704;202100042937;124 920;A01;2;80;0;2;3;1;3;
66705;202100042937;124 921;B01;1;1;0;2;3;1;5;
66706;202100042938;124 918;A01;1;10;0;2;1;1;1;
66707;202100042938;124 919;B01;1;7;0;2;2;1;1;
66708;202100042939;124 916;B01;1;30;0;2;2;1;1;
66709;202100042939;124 917;A01;1;7;0;2;3;20;1;
66710;202100042940;124 915;A01;2;7;0;1;2;16;1;
66711;202100042941;124 914;A01;2;33;14;0;8;1;1;
66712;202100042942;124 912;A01;1;1;0;2;1;1;5;
66713;202100042942;124 913;B01;2;7;0;9;3;15;1;
66714;202100042943;124 910;A01;1;7;0;2;3;17;1;
66715;202100042943;124 911;B01;2;1;0;0;1;1;5;
66716;202100042944;124 908;A01;2;34;0;2;1;17;1;
66717;202100042944;124 909;B01;2;7;0;2;8;15;1;
66718;202100042946;124 904;B01;1;15;0;0;7;1;1;
66719;202100042946;124 905;A01;1;50;0;2;1;19;3;
66720;202100042947;124 903;A01;2;7;0;1;1;1;1;
66721;202100042948;124 901;A01;3;33;0;2;1;17;1;
66722;202100042948;124 902;B01;3;7;0;2;6;15;1;
66723;202100042950;124 897;A01;2;7;2;0;1;1;1;
66724;202100042951;124 896;A01;0;33;13;0;0;1;1;
66725;202100042952;124 894;A01;2;7;0;9;1;1;1;
66726;202100042952;124 895;B01;2;1;0;2;7;1;5;
66727;202100042953;124 892;A01;0;43;0;0;2;15;1;
66728;202100042953;124 893;B01;1;33;0;2;1;1;1;
66729;202100042954;124 890;B01;3;21;0;2;2;1;1;
66730;202100042954;124 891;A01;3;2;0;2;1;5;1;
66731;202100042956;124 886;A01;2;33;0;2;1;13;1;
66732;202100042956;124 887;B01;1;7;0;2;3;1;1;
66733;202100042957;124 885;A01;1;7;15;0;7;1;1;
66734;202100042958;124 884;A01;1;2;13;0;0;14;1;
66735;202100042959;124 882;B01;1;30;0;2;7;17;1;
66736;202100042959;124 883;A01;1;20;0;2;3;11;1;
66737;202100042960;124 881;A01;1;7;0;0;9;1;1;
66738;202100042961;124 879;B01;0;21;0;0;6;15;1;
66739;202100042961;124 880;A01;0;2;0;2;1;17;1;
66740;202100042962;124 878;A01;1;7;2;0;2;1;1;
66741;202100042963;124 876;A01;1;2;0;0;4;0;1;
66742;202100042963;124 877;B01;1;7;0;2;3;2;1;
66743;202100042965;124 873;A01;1;33;0;2;1;13;1;
66744;202100042965;124 874;B01;2;7;0;2;3;1;1;
66745;202100042966;124 871;B01;2;7;0;0;5;23;1;
66746;202100042966;124 872;A01;2;2;0;2;1;1;1;
66747;202100042968;124 868;A01;1;2;0;5;7;21;1;
66748;202100042969;124 867;A01;1;7;13;0;2;0;1;
66749;202100042970;124 862;A01;2;7;0;2;1;1;1;
66750;202100042970;124 863;B01;1;7;0;2;1;5;1;
66751;202100042971;124 860;A01;0;7;0;2;1;1;1;
66752;202100042971;124 861;B01;1;7;0;2;8;1;1;
66753;202100042972;124 858;B01;1;33;0;2;1;1;1;
66754;202100042972;124 859;A01;2;7;0;2;7;15;1;
66755;202100042973;124 857;A01;2;33;0;0;9;15;1;
66756;202100042974;124 856;A01;1;7;3;0;1;13;1;
66757;202100042975;124 855;A01;2;7;4;0;3;13;1;
66758;202100042976;124 852;A01;2;7;0;2;1;17;1;
66759;202100042976;124 853;B01;1;1;0;2;1;1;5;
66760;202100042976;124 854;C01;1;1;0;2;0;1;5;
66761;202100042977;124 849;A01;2;7;0;2;1;1;1;