;Num_Acc;id_vehicule;num_veh;senc;catv;obs;obsm;choc;manv;motor;occutc
66762;202100042977;124 850;B01;1;33;0;2;1;1;1;
66763;202100042977;124 851;C01;1;10;0;2;3;1;1;
66764;202100042978;124 848;A01;2;34;0;0;9;0;1;
66765;202100042980;124 845;B01;1;30;0;2;7;17;1;
66766;202100042980;124 846;A01;1;3;0;2;8;15;1;
66767;202100042981;124 843;B01;3;1;0;2;2;0;0;
66768;202100042981;124 844;A01;3;13;0;2;6;0;0;
66769;202100042982;124 842;A01;1;7;0;1;1;16;1;
66770;202100042984;124 839;A01;2;7;6;0;7;13;1;
66771;202100042985;124 837;A01;3;7;0;2;7;19;1;
66772;202100042985;124 838;B01;2;7;8;2;1;1;1;
66773;202100042986;124 835;A01;2;1;0;0;0;1;5;
66774;202100042987;124 833;B01;1;1;0;2;1;1;5;
66775;202100042987;124 834;A01;2;7;0;2;3;15;1;
66776;202100042988;124 831;A01;3;7;0;2;3;1;1;
66777;202100042988;124 832;B01;3;10;0;2;3;1;1;
66778;202100042989;124 830;A01;1;7;6;0;1;16;1;
66779;202100042990;124 829;A01;2;21;13;0;3;0;1;
66780;202100042991;124 824;E01;2;10;0;2;0;2;1;
66781;202100042991;124 825;D01;2;7;0;2;1;2;1;
66782;202100042991;124 826;C01;2;7;0;2;1;2;1;
66783;202100042991;124 827;B01;2;7;0;2;1;1;1;
66784;202100042991;124 828;A01;2;7;0;2;4;26;2;
66785;202100042992;124 823;A01;1;7;3;0;2;1;1;
66786;202100042993;124 822;A01;1;31;0;2;1;1;1;
66787;202100042994;124 821;A01;2;7;0;0;9;26;1;
66788;202100042995;124 819;B01;1;7;0;2;2;16;1;
66789;202100042995;124 820;A01;1;31;0;2;1;7;1;
66790;202100042996;124 817;Z01;2;7;0;2;1;2;1;
66791;202100042996;124 818;B01;2;7;0;2;4;2;1;
66792;202100042998;124 814;Z01;2;7;0;2;0;15;1;
66793;202100042998;124 815;A01;1;30;0;2;1;1;1;
66794;202100042999;124 812;A01;1;7;0;2;1;1;1;
66795;202100042999;124 813;B01;1;7;0;2;4;1;1;
66796;202100043000;124 810;B01;3;30;0;2;1;1;1;
66797;202100043000;124 811;A01;3;7;0;2;7;15;1;
66798;202100043001;124 809;A01;2;7;0;1;3;19;1;
66799;202100043002;124 806;B01;1;31;12;2;8;21;1;
66800;202100043002;124 807;A01;2;7;0;2;8;9;0;
66801;202100043003;124 804;B01;1;7;0;2;1;1;1;
66802;202100043003;124 805;A01;2;7;0;2;2;15;1;
66803;202100043004;124 803;A01;2;7;0;1;1;1;1;
66804;202100043005;124 801;A01;1;7;0;2;1;1;1;
66805;202100043005;124 802;B01;1;7;0;2;5;1;1;
66806;202100043006;124 799;A01;2;7;0;2;6;15;1;
66807;202100043006;124 800;B01;1;33;0;2;1;1;1;
66808;202100043007;124 797;B01;0;7;0;2;1;1;1;
66809;202100043007;124 798;A01;0;50;0;2;4;19;3;
66810;202100043008;124 795;A01;3;7;0;2;2;9;1;
66811;202100043008;124 796;B01;3;1;0;0;0;0;2;
66812;202100043009;124 793;B01;3;7;0;2;4;1;1;
66813;202100043009;124 794;A01;3;10;0;2;1;0;3;
66814;202100043010;124 789;A01;2;10;0;2;1;1;1;
66815;202100043010;124 790;B01;2;7;0;2;4;1;1;
66816;202100043011;124 788;A01;2;10;0;0;7;14;1;
66817;202100043012;124 786;A01;2;7;8;4;8;1;1;
66818;202100043012;124 787;B01;1;40;0;2;1;1;3;
66819;202100043014;124 784;A01;2;32;14;2;9;1;1;
66820;202100043015;124 783;A01;1;7;8;0;1;16;1;
66821;202100043016;124 782;A01;1;7;1;0;1;1;1;
66822;202100043017;124 781;A01;1;30;8;0;1;14;1;
66823;202100043018;124 779;B01;0;2;0;2;7;26;1;
66824;202100043018;124 780;A01;0;7;0;2;8;26;1;
66825;202100043019;124 777;A01;1;30;0;2;1;0;1;
66826;202100043019;124 778;B01;1;7;0;2;2;1;1;
66827;202100043020;124 775;A01;3;7;0;2;1;1;1;
66828;202100043020;124 776;B01;3;7;0;2;2;1;1;
66829;202100043021;124 774;A01;2;33;15;0;1;13;1;
66830;202100043022;124 772;A01;1;7;0;2;3;1;1;
66831;202100043022;124 773;B01;1;2;0;2;1;1;1;
66832;202100043023;124 771;A01;1;7;0;1;7;1;1;
66833;202100043024;124 770;A01;3;7;6;0;2;16;1;
66834;202100043026;124 766;A01;2;1;0;2;1;1;5;
66835;202100043026;124 767;B01;0;7;0;2;3;16;1;
66836;202100043027;124 764;A01;1;7;0;2;0;1;1;
66837;202100043027;124 765;B01;1;7;0;2;3;0;1;
66838;202100043028;124 763;A01;1;7;0;1;4;4;1;
66839;202100043029;124 761;B01;0;7;0;2;3;1;1;
66840;202100043029;124 762;A01;1;7;0;2;1;1;1;
66841;202100043030;124 759;A01;3;7;0;2;4;1;1;
66842;202100043030;124 760;B01;3;7;0;2;1;2;1;
66843;202100043031;124 757;B01;1;32;0;2;1;1;1;
66844;202100043031;124 758;A01;2;7;0;2;1;15;1;
66845;202100043032;124 756;A01;2;7;0;1;3;1;1;
66846;202100043033;124 754;B01;3;50;0;2;7;19;3;
66847;202100043033;124 755;A01;1;7;0;2;2;1;1;
66848;202100043034;124 751;A01;2;7;0;2;1;9;1;
66849;202100043034;124 752;C01;2;7;0;2;4;2;1;
66850;202100043034;124 753;B01;2;7;0;2;4;2;1;
66851;202100043035;124 749;A01;1;30;0;2;1;1;1;
66852;202100043035;124 750;Z01;1;7;0;2;6;15;0;
66853;202100043036;124 748;A01;3;30;0;0;2;16;1;
66854;202100043037;124 745;A01;2;7;0;2;1;19;1;
66855;202100043037;124 746;B01;2;7;0;2;7;1;1;
66856;202100043037;124 747;C01;1;7;0;2;1;1;1;
66857;202100043038;124 744;B01;3;7;8;0;3;13;1;
66858;202100043039;124 741;C01;2;7;0;2;1;1;1;
66859;202100043039;124 742;B01;1;33;0;2;1;1;1;
66860;202100043039;124 743;A01;2;7;0;2;0;9;1;
66861;202100043040;124 740;A01;1;2;0;0;7;1;1;
66862;202100043041;124 739;A01;3;33;10;0;1;15;1;
66863;202100043042;124 737;B01;1;10;0;2;1;1;0;
66864;202100043042;124 738;A01;1;7;0;2;4;23;1;
66865;202100043043;124 736;A01;1;7;0;1;1;9;1;
66866;202100043044;124 734;B01;3;7;0;2;1;2;1;
66867;202100043044;124 735;A01;3;7;0;2;2;1;0;
66868;202100043045;124 732;A01;1;7;0;2;8;15;1;
66869;202100043045;124 733;B01;1;7;0;2;1;1;1;
66870;202100043047;124 729;A01;1;7;8;0;1;26;1;
66871;202100043048;124 727;B01;1;32;0;2;1;21;1;
66872;202100043048;124 728;A01;1;3;0;2;8;15;1;
66873;202100043049;124 725;A01;3;33;0;9;8;1;1;
66874;202100043049;124 726;B01;3;13;0;2;6;16;1;
66875;202100043050;124 722;C01;3;7;1;0;4;26;1;
66876;202100043050;124 723;B01;3;43;0;2;1;1;6;
66877;202100043050;124 724;A01;3;7;0;2;3;11;1;
66878;202100043051;124 720;B01;1;10;0;0;0;0;1;
66879;202100043051;124 721;A01;1;33;3;0;1;17;1;
66880;202100043052;124 718;A01;2;33;0;2;1;2;1;
66881;202100043052;124 719;B01;2;10;0;2;4;2;1;
66882;202100043054;124 715;B01;1;80;0;2;4;23;3;
66883;202100043054;124 716;A01;1;7;0;2;4;2;1;
66884;202100043055;124 714;A01;2;1;0;1;1;21;5;
66885;202100043056;124 712;Z01;2;7;0;2;2;2;2;
66886;202100043056;124 713;A01;2;2;0;2;4;2;1;
66887;202100043057;124 711;A01;2;33;0;1;1;1;1;
66888;202100043058;124 709;A01;1;7;0;2;1;10;2;
66889;202100043058;124 710;B01;1;37;0;2;3;7;2;2.0
66890;202100043060;124 706;A01;1;7;0;2;6;11;2;
66891;202100043060;124 707;B01;1;37;0;2;2;1;6;1.0
66892;202100043061;124 704;A01;1;32;0;2;2;1;1;
66893;202100043061;124 705;Z01;1;7;0;2;8;11;1;
66894;202100043062;124 703;A01;1;1;0;1;8;1;5;
66895;202100043063;124 701;A01;2;1;0;2;0;21;5;
66896;202100043063;124 702;B01;2;10;0;2;0;14;1;
66897;202100043064;124 699;A01;2;1;1;2;8;17;5;
66898;202100043064;124 700;B01;2;7;0;0;0;24;1;
66899;202100043065;124 697;B01;1;1;0;2;5;1;5;
66900;202100043065;124 698;A01;2;7;0;2;3;9;1;
66901;202100043066;124 695;A01;1;30;0;2;1;17;1;
66902;202100043066;124 696;B01;1;7;0;2;3;15;1;
66903;202100043067;124 693;A01;1;7;0;2;2;19;1;
66904;202100043067;124 694;B01;2;33;0;2;3;1;1;
66905;202100043068;124 692;A01;1;30;0;1;1;1;1;
66906;202100043069;124 690;A01;2;7;0;2;1;9;1;
66907;202100043069;124 691;B01;3;7;0;2;1;1;1;
66908;202100043070;124 688;A01;1;7;0;2;2;15;1;
66909;202100043070;124 689;B01;1;31;0;2;1;1;1;
66910;202100043071;124 685;C01;-1;10;0;2;3;11;1;
66911;202100043071;124 686;B01;-1;33;0;2;2;2;1;
66912;202100043071;124 687;A01;-1;10;0;2;6;23;1;
66913;202100043072;124 683;A01;1;7;0;2;1;15;1;
66914;202100043072;124 684;B01;1;32;0;2;2;3;1;
66915;202100043073;124 681;B01;1;2;0;2;8;26;1;
66916;202100043073;124 682;A01;1;7;0;2;2;11;1;
66917;202100043074;124 680;A01;2;7;0;1;3;1;1;
66918;202100043075;124 679;A01;2;7;0;1;1;1;1;
66919;202100043076;124 677;A01;1;10;0;2;7;1;1;
66920;202100043076;124 678;B01;1;1;0;2;8;1;5;
66921;202100043077;124 675;B01;0;33;0;2;8;1;1;
66922;202100043077;124 676;A01;1;7;0;2;2;1;1;
66923;202100043079;124 671;B01;1;60;0;2;1;15;5;
66924;202100043079;124 672;A01;1;7;0;2;7;1;1;
66925;202100043080;124 670;A01;3;7;10;0;0;1;1;
66926;202100043081;124 669;A01;3;33;6;0;1;0;1;
66927;202100043082;124 666;A01;1;10;0;1;1;1;1;
66928;202100043083;124 665;A01;1;7;0;1;1;9;1;
66929;202100043084;124 663;B01;1;17;6;0;8;24;6;
66930;202100043084;124 664;A01;1;17;1;9;2;0;1;
66931;202100043085;124 661;B01;3;7;0;2;6;19;1;
66932;202100043085;124 662;A01;1;7;0;2;1;1;1;
66933;202100043086;124 660;A01;2;32;0;0;0;1;1;
66934;202100043087;124 658;A01;2;1;0;2;2;1;5;
66935;202100043087;124 659;B01;1;10;0;0;3;9;1;
66936;202100043088;124 656;B01;1;33;0;2;1;1;1;
66937;202100043088;124 657;A01;1;7;0;0;4;1;1;
66938;202100043089;124 654;A01;1;7;0;2;8;15;1;
66939;202100043089;124 655;B01;2;2;0;2;1;15;1;
66940;202100043090;124 652;A01;1;1;0;2;1;1;5;
66941;202100043090;124 653;B01;1;1;0;2;4;1;5;
66942;202100043091;124 650;B01;1;7;0;0;4;15;1;
66943;202100043091;124 651;A01;1;1;14;0;1;1;5;
66944;202100043092;124 648;B01;2;7;0;0;1;2;1;
66945;202100043092;124 649;A01;2;7;0;0;4;2;1;
66946;202100043093;124 647;A01;2;2;0;0;0;1;0;
66947;202100043094;124 644;A01;1;7;14;0;1;13;1;
66948;202100043097;124 640;A01;2;33;16;0;0;1;1;
66949;202100043098;124 638;B01;1;1;0;2;1;1;5;
66950;202100043098;124 639;A01;2;7;0;2;1;15;1;
66951;202100043099;124 636;A01;3;7;0;0;5;19;1;
66952;202100043099;124 637;B01;1;33;0;2;1;1;1;
66953;202100043100;124 635;A01;0;2;0;0;0;1;1;
66954;202100043101;124 634;A01;2;10;3;0;1;13;1;
66955;202100043102;124 633;A01;2;7;13;0;1;1;1;
66956;202100043103;124 632;A01;2;13;3;9;3;0;1;
66957;202100043105;124 628;A01;1;7;0;1;1;2;1;
66958;202100043105;124 629;C01;1;7;0;0;8;2;1;
66959;202100043105;124 630;B01;1;7;0;2;4;2;1;
66960;202100043106;124 626;B01;2;1;0;2;1;1;5;
66961;202100043106;124 627;A01;1;7;0;9;2;1;1;
66962;202100043107;124 622;B01;3;1;0;2;8;1;5;
66963;202100043107;124 623;A01;3;7;0;9;7;17;1;
66964;202100043108;124 619;A01;1;7;0;2;1;1;1;
66965;202100043108;124 620;B01;1;7;0;2;4;15;1;
66966;202100043108;124 621;C01;2;7;0;2;1;1;1;
66967;202100043109;124 617;B01;2;7;0;2;2;1;1;
66968;202100043109;124 618;A01;1;33;0;2;1;13;1;
66969;202100043110;124 615;B01;1;1;0;2;0;1;5;
66970;202100043110;124 616;A01;2;1;0;2;0;1;5;
66971;202100043111;124 613;A01;1;7;0;0;8;15;1;
66972;202100043111;124 614;B01;1;34;0;2;2;21;1;
66973;202100043112;124 611;B01;1;21;0;0;4;1;1;
66974;202100043112;124 612;A01;1;7;0;2;1;1;1;
66975;202100043113;124 609;A01;1;1;0;2;1;1;5;
66976;202100043113;124 610;B01;1;7;0;2;8;15;1;
66977;202100043114;124 608;A01;0;2;0;0;0;1;1;
66978;202100043115;124 606;A01;2;7;0;2;1;15;1;
66979;202100043115;124 607;B01;1;7;0;0;1;1;1;
66980;202100043116;124 604;B01;0;33;0;2;1;16;1;
66981;202100043116;124 605;A01;-1;7;0;0;4;23;2;
66982;202100043117;124 603;A01;1;7;0;0;1;26;1;
66983;202100043118;124 602;A01;1;33;12;0;7;1;1;
66984;202100043119;124 600;Z01;1;7;0;2;1;2;0;
66985;202100043119;124 601;B01;1;7;4;2;6;2;1;
66986;202100043120;124 599;A01;2;7;13;0;1;2;1;
66987;202100043121;124 597;A01;2;13;0;2;8;11;1;
66988;202100043121;124 598;B01;2;33;0;2;7;11;1;
66989;202100043122;124 595;A01;1;33;0;2;1;26;1;
66990;202100043122;124 596;B01;1;7;0;9;4;1;1;
66991;202100043124;124 592;B01;3;10;0;2;3;15;1;
66992;202100043124;124 593;A01;3;30;0;2;1;8;1;
66993;202100043125;124 590;B01;1;31;0;2;2;1;1;
66994;202100043125;124 591;A01;1;7;0;2;3;13;1;
66995;202100043126;124 589;A01;3;7;0;1;1;15;1;
66996;202100043127;124 585;A01;1;7;0;2;0;0;1;
66997;202100043127;124 586;B01;1;2;0;2;1;26;1;
66998;202100043128;124 583;B01;3;7;0;2;7;1;1;
66999;202100043128;124 584;A01;3;10;0;2;1;1;1;
67000;202100043129;124 581;B01;1;33;14;2;1;1;1;
67001;202100043129;124 582;A01;1;7;14;0;4;1;1;
67002;202100043130;124 579;B01;1;31;0;2;6;1;1;
67003;202100043130;124 580;A01;1;30;0;2;7;16;1;
67004;202100043131;124 578;A01;1;7;0;1;1;1;1;
67005;202100043132;124 577;A01;2;1;0;1;1;1;5;
67006;202100043133;124 575;B01;2;80;0;2;1;1;3;
67007;202100043133;124 576;A01;2;7;0;2;3;26;1;
67008;202100043135;124 572;A01;3;7;0;1;7;26;1;
67009;202100043136;124 570;A01;1;7;0;2;8;9;1;
67010;202100043136;124 571;B01;1;7;0;2;3;1;1;
67011;202100043137;124 569;A01;1;7;0;1;1;1;1;
67012;202100043138;124 567;B01;2;7;9;0;3;19;1;
67013;202100043138;124 568;A01;1;10;0;2;2;19;1;
67014;202100043139;124 565;B01;1;7;0;2;4;2;1;
67015;202100043139;124 566;A01;1;7;0;2;1;2;1;
67016;202100043140;124 559;A01;1;7;0;1;1;16;1;
67017;202100043142;124 557;A01;0;7;0;1;1;1;1;
67018;202100043143;124 556;A01;3;7;0;1;2;26;1;
67019;202100043144;124 554;B01;1;10;0;2;8;2;1;
67020;202100043144;124 555;A01;1;30;0;2;1;2;1;
67021;202100043145;124 552;B01;1;10;0;2;2;1;1;
67022;202100043145;124 553;A01;1;7;0;2;3;15;1;
67023;202100043146;124 550;Z01;1;7;0;2;4;1;0;
67024;202100043146;124 551;A01;1;7;0;2;1;1;1;
67025;202100043147;124 548;A01;1;2;0;2;1;3;1;
67026;202100043147;124 549;B01;1;1;0;2;3;1;0;
67027;202100043148;124 546;B01;1;7;2;2;1;9;1;
67028;202100043148;124 547;A01;3;1;0;2;1;5;5;
67029;202100043149;124 544;B01;2;2;0;2;7;1;1;
67030;202100043149;124 545;A01;1;7;0;2;8;13;1;
67031;202100043150;124 542;A01;2;7;0;9;1;13;1;
67032;202100043150;124 543;B01;1;1;0;2;8;2;6;
67033;202100043151;124 539;B01;3;7;0;2;8;1;1;
67034;202100043151;124 540;A01;0;7;0;2;9;3;1;
67035;202100043151;124 541;C01;3;10;0;2;3;1;1;
67036;202100043152;124 537;B01;1;7;0;0;4;24;1;
67037;202100043152;124 538;A01;3;7;1;0;1;17;1;
67038;202100043153;124 535;B01;1;7;0;2;7;15;1;
67039;202100043153;124 536;A01;2;34;0;2;2;1;1;
67040;202100043154;124 531;D01;3;10;0;2;8;26;1;
67041;202100043154;124 532;C01;3;7;0;2;4;0;2;
67042;202100043154;124 533;A01;3;7;3;2;1;17;1;
67043;202100043154;124 534;B01;3;7;0;2;9;26;1;
67044;202100043155;124 530;A01;2;1;16;0;0;1;5;
67045;202100043156;124 529;A01;1;7;16;0;2;1;1;
67046;202100043157;124 527;A01;1;7;0;2;1;1;1;
67047;202100043157;124 528;B01;1;1;0;2;8;19;5;
67048;202100043158;124 525;A01;1;7;0;2;3;18;1;
67049;202100043158;124 526;B01;0;7;0;2;3;1;1;
67050;202100043159;124 523;B01;2;7;0;2;3;0;1;
67051;202100043159;124 524;A01;1;7;0;2;3;1;1;
67052;202100043160;124 522;Z01;2;7;0;1;7;1;1;
67053;202100043161;124 520;A01;1;7;0;2;2;1;1;
67054;202100043161;124 521;B01;1;30;0;2;4;0;1;
67055;202100043162;124 518;B01;1;30;0;2;2;0;1;
67056;202100043162;124 519;A01;2;7;0;2;8;0;1;
67057;202100043163;124 516;B01;1;7;0;0;4;23;0;
67058;202100043163;124 517;A01;1;1;0;2;1;2;0;
67059;202100043164;124 514;A01;1;34;0;2;7;17;0;
67060;202100043164;124 515;B01;1;7;0;2;3;1;1;
67061;202100043165;124 511;C01;1;7;0;2;3;0;1;
67062;202100043165;124 512;A01;2;7;0;2;2;0;1;
67063;202100043165;124 513;B01;1;7;0;2;7;15;1;
67064;202100043166;124 509;B01;3;7;0;2;7;1;1;
67065;202100043166;124 510;A01;3;7;0;2;3;17;1;
67066;202100043167;124 507;A01;1;30;0;2;1;1;1;
67067;202100043167;124 508;B01;1;7;0;2;3;1;1;
67068;202100043168;124 505;B01;3;7;0;2;5;15;1;
67069;202100043168;124 506;M01;3;34;0;2;1;1;1;
67070;202100043169;124 503;A01;2;33;0;2;1;23;1;
67071;202100043169;124 504;B01;2;10;0;2;4;4;1;
67072;202100043170;124 501;A01;1;30;0;2;2;1;1;
67073;202100043170;124 502;B01;0;7;0;2;1;16;1;
67074;202100043171;124 499;A01;1;7;0;2;2;15;1;
67075;202100043171;124 500;B01;2;31;0;2;1;1;1;
67076;202100043172;124 496;A01;1;7;0;4;1;9;1;
67077;202100043172;124 497;C01;1;7;0;2;6;23;1;
67078;202100043172;124 498;B01;1;40;0;2;1;1;3;
67079;202100043174;124 492;A01;1;33;0;2;2;1;1;
67080;202100043174;124 493;B01;1;10;0;2;3;1;1;
67081;202100043175;124 489;A01;1;7;0;2;1;1;1;
67082;202100043175;124 490;C01;1;7;0;2;4;1;1;
67083;202100043175;124 491;B01;1;10;0;2;4;1;1;
67084;202100043176;124 487;A01;1;50;0;2;1;25;3;
67085;202100043176;124 488;B01;3;7;0;2;2;1;1;
67086;202100043177;124 485;A01;1;7;0;1;5;16;1;
67087;202100043177;124 486;B01;1;7;0;2;3;14;1;
67088;202100043178;124 482;A01;1;7;14;0;4;2;1;
67089;202100043178;124 483;C01;2;7;0;2;8;5;1;
67090;202100043178;124 484;B01;1;33;0;0;4;2;1;
67091;202100043179;124 478;A01;2;7;0;2;3;15;1;
67092;202100043179;124 479;B01;1;33;0;2;1;2;1;
67093;202100043180;124 477;Z01;0;99;0;1;0;26;0;
67094;202100043181;124 475;Y01;2;0;0;0;-1;1;-1;
67095;202100043181;124 476;A01;2;7;0;1;2;1;1;
67096;202100043182;124 473;B01;1;7;0;2;3;0;1;
67097;202100043182;124 474;A01;1;31;1;2;7;17;1;
67098;202100043183;124 471;A01;1;30;0;2;1;9;1;
67099;202100043183;124 472;Z01;1;7;0;2;3;1;0;
67100;202100043184;124 470;A01;1;7;0;1;4;4;1;
67101;202100043185;124 468;A01;1;33;0;2;0;21;1;
67102;202100043185;124 469;B01;1;7;0;0;0;3;1;
67103;202100043186;124 466;B01;2;7;0;2;2;15;1;
67104;202100043186;124 467;A01;1;31;0;2;1;1;1;
67105;202100043187;124 464;A01;3;7;0;2;1;0;1;
67106;202100043187;124 465;B01;3;7;0;2;2;1;1;
67107;202100043188;124 462;B01;3;7;0;2;8;1;1;
67108;202100043188;124 463;A01;3;7;0;2;7;17;1;
67109;202100043189;124 461;A01;3;7;0;1;1;15;0;
67110;202100043190;124 459;A01;3;7;0;2;2;13;2;
67111;202100043190;124 460;B01;0;1;0;2;6;1;6;
67112;202100043191;124 457;B01;1;7;0;2;5;23;1;
67113;202100043191;124 458;A01;1;43;0;2;3;2;1;
67114;202100043192;124 455;A01;1;7;0;2;2;1;1;
67115;202100043192;124 456;B01;1;32;0;2;2;15;1;
67116;202100043193;124 453;A01;1;31;0;2;3;17;1;
67117;202100043193;124 454;B01;1;10;0;2;3;1;1;
67118;202100043194;124 452;A01;2;50;1;0;6;13;3;
67119;202100043195;124 450;B01;2;7;0;2;8;22;1;
67120;202100043195;124 451;A01;2;30;0;2;7;7;1;
67121;202100043196;124 448;A01;1;7;0;2;3;15;1;
67122;202100043196;124 449;B01;2;32;0;2;8;1;1;
67123;202100043197;124 446;A01;1;32;0;2;1;18;1;
67124;202100043197;124 447;B01;1;7;0;2;3;16;1;
67125;202100043198;124 444;Z01;3;7;0;2;1;2;0;
67126;202100043198;124 445;B01;1;7;0;2;5;23;0;
67127;202100043199;124 442;B01;1;14;0;2;5;15;6;
67128;202100043199;124 443;A01;1;37;0;2;8;7;2;1.0
67129;202100043200;124 440;A01;2;1;0;2;3;10;5;
67130;202100043200;124 441;B01;2;33;0;2;1;1;1;
67131;202100043201;124 438;B01;2;1;0;2;3;1;5;
67132;202100043201;124 439;A01;1;33;0;2;1;10;1;
67133;202100043202;124 437;A01;1;2;0;0;0;18;1;
67134;202100043203;124 435;A01;1;7;0;2;3;9;1;
67135;202100043203;124 436;B01;2;1;0;2;1;1;5;
67136;202100043204;124 433;A01;2;7;0;2;2;1;1;
67137;202100043204;124 434;B01;2;33;0;2;1;1;1;
67138;202100043205;124 432;A01;2;1;0;1;1;1;5;
67139;202100043206;124 429;A01;3;7;0;2;7;1;1;
67140;202100043206;124 430;B01;3;32;0;2;1;1;1;
67141;202100043206;124 431;C01;3;7;0;2;9;1;1;
67142;202100043207;124 427;A01;1;7;0;2;2;15;1;
67143;202100043207;124 428;B01;2;31;0;2;1;1;1;
67144;202100043208;124 425;A01;1;7;0;2;5;16;1;
67145;202100043208;124 426;B01;1;33;0;2;1;14;1;
67146;202100043209;124 423;A01;0;31;0;2;0;0;0;
67147;202100043209;124 424;B01;0;32;0;2;1;0;0;
67148;202100043210;124 421;B01;1;99;0;2;1;2;0;
67149;202100043210;124 422;A01;2;7;0;2;0;17;0;
67150;202100043211;124 419;A01;-1;7;0;2;1;9;0;
67151;202100043211;124 420;B01;-1;7;0;2;7;1;0;
67152;202100043212;124 418;A01;1;7;0;1;1;1;1;
67153;202100043213;124 416;A01;1;1;0;2;1;5;5;
67154;202100043213;124 417;B01;1;7;0;2;3;15;1;
67155;202100043214;124 414;B01;1;7;0;2;4;1;1;
67156;202100043214;124 415;A01;1;7;0;2;1;2;1;
67157;202100043215;124 412;A01;3;10;0;2;7;15;1;
67158;202100043215;124 413;B01;3;7;0;2;2;1;1;
67159;202100043216;124 410;B01;1;7;0;2;2;12;1;
67160;202100043216;124 411;A01;1;32;0;2;3;1;1;
67161;202100043217;124 408;A01;3;50;0;2;1;26;3;
67162;202100043217;124 409;B01;3;7;0;2;7;16;1;
67163;202100043218;124 406;B01;3;1;0;2;7;1;5;
67164;202100043218;124 407;A01;3;10;0;2;2;16;1;
67165;202100043220;124 401;A01;1;7;0;2;3;15;1;
67166;202100043220;124 402;B01;1;1;0;2;1;1;5;
67167;202100043221;124 399;A01;1;7;1;2;2;16;1;
67168;202100043221;124 400;B01;1;31;1;2;1;1;1;
67169;202100043223;124 396;A01;1;7;2;0;1;1;1;
67170;202100043224;124 394;A01;1;33;0;2;1;3;1;
67171;202100043224;124 395;B01;1;7;0;2;6;1;1;
67172;202100043225;124 392;A01;3;1;0;2;7;12;5;
67173;202100043225;124 393;B01;0;10;0;2;8;1;1;
67174;202100043226;124 390;A01;3;43;0;2;8;23;1;
67175;202100043226;124 391;B01;3;7;0;2;2;16;2;
67176;202100043227;124 389;A01;2;7;15;0;2;14;1;
67177;202100043228;124 387;A01;2;7;0;2;1;5;1;
67178;202100043228;124 388;B01;2;7;0;2;1;1;1;
67179;202100043229;124 386;A01;1;36;13;0;2;1;1;
67180;202100043230;124 384;A01;2;15;4;2;3;1;1;
67181;202100043230;124 385;B01;1;10;0;2;1;13;1;
67182;202100043231;124 382;A01;1;7;0;2;1;12;1;
67183;202100043231;124 383;B01;1;13;0;0;5;1;1;
67184;202100043232;124 380;A01;1;7;0;2;2;17;1;
67185;202100043232;124 381;B01;1;99;0;0;6;1;1;
67186;202100043233;124 378;A01;1;7;0;2;1;2;1;
67187;202100043233;124 379;B01;1;1;0;0;4;2;5;
67188;202100043234;124 377;A01;1;33;13;0;1;1;1;
67189;202100043235;124 376;A01;3;21;0;0;0;14;1;
67190;202100043236;124 375;A01;1;2;11;0;1;1;1;
67191;202100043237;124 373;A01;1;10;0;2;1;13;1;
67192;202100043237;124 374;B01;2;7;0;2;1;15;1;
67193;202100043238;124 372;A01;1;7;0;1;0;15;1;
67194;202100043239;124 370;B01;2;2;0;2;1;15;1;
67195;202100043239;124 371;A01;2;7;0;2;1;1;1;
67196;202100043240;124 369;A01;2;7;0;0;9;21;1;
67197;202100043241;124 367;B01;2;7;5;2;3;13;1;
67198;202100043241;124 368;A01;1;13;0;2;3;1;1;
67199;202100043242;124 366;A01;0;2;16;0;8;0;1;
67200;202100043243;124 365;A01;1;7;13;0;2;21;1;
67201;202100043244;124 363;A01;3;80;0;2;1;13;3;
67202;202100043244;124 364;B01;3;2;0;2;1;1;1;
67203;202100043245;124 362;A01;3;7;2;0;0;0;1;
67204;202100043247;124 358;B01;1;10;0;2;2;1;1;
67205;202100043247;124 359;A01;0;1;0;2;1;9;5;
67206;202100043248;124 355;A01;1;7;0;2;1;15;1;
67207;202100043248;124 356;B01;2;7;6;2;1;1;1;
67208;202100043248;124 357;C01;1;7;0;2;3;1;1;
67209;202100043249;124 353;A01;0;2;0;0;2;0;1;
67210;202100043249;124 354;B01;0;7;0;0;2;0;2;
67211;202100043250;124 352;A01;1;7;13;0;2;1;1;
67212;202100043251;124 350;A01;3;2;0;2;1;1;1;
67213;202100043251;124 351;B01;3;7;0;2;8;1;1;
67214;202100043252;124 349;A01;1;1;0;0;1;3;5;
67215;202100043253;124 345;C01;0;7;0;2;3;2;1;
67216;202100043253;124 346;B01;1;7;0;2;1;1;1;
67217;202100043253;124 347;A01;3;7;0;2;3;19;1;
67218;202100043254;124 343;B01;1;33;0;2;1;21;1;
67219;202100043254;124 344;A01;1;7;0;2;3;19;1;
67220;202100043255;124 341;B01;3;1;0;2;8;15;5;
67221;202100043255;124 342;A01;3;7;0;2;1;1;1;
67222;202100043256;124 340;A01;1;1;16;0;1;13;5;
67223;202100043257;124 338;C01;1;14;0;2;3;1;1;