;Num_Acc;id_vehicule;num_veh;senc;catv;obs;obsm;choc;manv;motor;occutc
67224;202100043257;124 339;A01;2;15;0;0;8;1;1;
67225;202100043258;124 337;A01;1;31;0;0;0;0;6;
67226;202100043259;124 335;A01;2;7;0;9;8;1;1;
67227;202100043259;124 336;B01;2;1;0;2;7;1;5;
67228;202100043260;124 334;A01;2;33;0;0;3;1;1;
67229;202100043261;124 333;A01;1;1;0;0;7;1;5;
67230;202100043262;124 332;A01;1;31;0;0;1;1;1;
67231;202100043263;124 331;A01;3;7;6;0;2;1;1;
67232;202100043264;124 330;A01;2;3;0;0;7;0;1;
67233;202100043265;124 328;B01;1;7;0;2;4;1;1;
67234;202100043265;124 329;A01;1;7;0;2;1;1;1;
67235;202100043267;124 325;B01;1;7;0;2;2;1;1;
67236;202100043267;124 326;A01;1;33;0;2;4;26;1;
67237;202100043268;124 324;A01;2;7;0;1;1;1;1;
67238;202100043269;124 320;A01;2;7;0;0;0;0;1;
67239;202100043270;124 318;B01;1;17;0;2;8;19;1;
67240;202100043270;124 319;A01;2;7;0;2;2;1;1;
67241;202100043271;124 317;A01;1;10;2;0;3;0;1;
67242;202100043272;124 316;A01;1;33;0;6;1;1;1;
67243;202100043273;124 314;A01;1;7;0;2;7;26;1;
67244;202100043273;124 315;B01;1;2;0;2;8;1;1;
67245;202100043274;124 312;B01;2;31;0;2;1;1;1;
67246;202100043274;124 313;A01;1;7;0;2;3;15;1;
67247;202100043275;124 310;A01;3;7;0;0;7;1;1;
67248;202100043275;124 311;B01;0;7;0;2;1;1;1;
67249;202100043277;124 307;A01;3;33;17;0;1;1;1;
67250;202100043279;124 305;A01;1;15;2;0;1;1;1;
67251;202100043281;124 301;A01;1;7;0;2;1;13;1;
67252;202100043281;124 302;B01;1;15;0;2;2;1;1;
67253;202100043282;124 299;A01;1;1;0;9;0;1;5;
67254;202100043282;124 300;B01;1;21;0;9;0;26;1;
67255;202100043283;124 297;B01;1;7;0;2;2;17;1;
67256;202100043283;124 298;A01;1;33;8;0;6;26;1;
67257;202100043284;124 293;D01;1;7;0;0;3;1;1;
67258;202100043284;124 294;C01;2;7;0;2;1;1;1;
67259;202100043284;124 295;A01;2;7;0;0;4;1;1;
67260;202100043284;124 296;B01;2;7;0;2;5;1;1;
67261;202100043286;124 289;A01;1;7;0;0;3;17;1;
67262;202100043286;124 290;B01;2;2;0;0;3;1;1;
67263;202100043287;124 287;B01;0;7;0;2;1;1;1;
67264;202100043287;124 288;A01;0;7;8;2;1;13;1;
67265;202100043288;124 284;A01;1;31;0;2;1;2;1;
67266;202100043288;124 285;B01;1;21;0;2;4;2;1;
67267;202100043289;124 282;A01;2;7;0;9;2;1;2;
67268;202100043289;124 283;B01;3;1;0;2;1;1;5;
67269;202100043290;124 281;A01;2;43;4;0;7;1;1;
67270;202100043291;124 280;A01;1;7;0;5;1;19;1;
67271;202100043292;124 277;C01;2;10;3;2;3;2;1;
67272;202100043292;124 278;B01;2;7;3;2;3;19;1;
67273;202100043292;124 279;A01;2;7;3;2;5;1;1;
67274;202100043293;124 276;A01;1;7;0;-1;1;1;0;
67275;202100043294;124 275;A01;1;33;0;1;1;17;1;
67276;202100043296;124 272;A01;0;34;0;0;0;13;1;
67277;202100043297;124 270;A01;3;7;0;2;2;1;1;
67278;202100043297;124 271;B01;3;1;0;2;4;0;5;
67279;202100043299;124 265;A01;1;7;0;2;1;2;1;
67280;202100043299;124 266;C01;1;7;0;2;4;2;1;
67281;202100043299;124 267;B01;1;7;0;2;4;2;1;
67282;202100043300;124 263;B01;2;7;0;2;2;2;1;
67283;202100043300;124 264;A01;2;30;0;2;0;9;1;
67284;202100043301;124 261;A01;1;2;0;2;2;2;1;
67285;202100043301;124 262;B01;1;7;0;2;3;15;1;
67286;202100043302;124 259;B01;1;7;0;2;6;15;1;
67287;202100043302;124 260;A01;1;43;0;2;1;1;1;
67288;202100043303;124 258;A01;2;7;14;0;2;17;1;
67289;202100043304;124 256;B01;1;7;4;2;1;11;1;
67290;202100043304;124 257;A01;1;10;4;2;5;1;1;
67291;202100043305;124 254;A01;2;7;14;2;1;19;1;
67292;202100043305;124 255;B01;3;7;0;2;3;9;1;
67293;202100043306;124 252;A01;2;1;0;0;8;1;5;
67294;202100043307;124 251;A01;1;33;1;0;4;9;1;
67295;202100043308;124 249;A01;3;33;0;2;3;2;1;
67296;202100043308;124 250;B01;3;33;0;2;5;2;1;
67297;202100043309;124 248;A01;1;7;0;1;3;1;1;
67298;202100043310;124 247;A01;0;7;0;1;1;15;2;
67299;202100043311;124 245;B01;0;7;0;2;3;15;1;
67300;202100043311;124 246;A01;0;32;0;2;1;17;1;
67301;202100043312;124 242;A01;3;99;0;1;1;1;0;
67302;202100043313;124 239;A01;3;7;0;2;7;9;1;
67303;202100043313;124 240;B01;3;34;0;2;1;1;1;
67304;202100043314;124 237;B01;1;7;0;2;4;1;1;
67305;202100043314;124 238;A01;1;7;8;2;1;2;1;
67306;202100043315;124 235;A01;0;1;0;2;8;1;5;
67307;202100043315;124 236;B01;0;7;0;2;1;9;0;
67308;202100043316;124 233;A01;1;50;0;2;7;1;3;
67309;202100043316;124 234;B01;2;10;0;2;1;1;1;
67310;202100043317;124 232;A01;1;7;0;1;2;1;1;
67311;202100043318;124 231;Z01;3;7;0;1;0;0;1;
67312;202100043319;124 229;A01;1;7;0;2;3;10;1;
67313;202100043319;124 230;B01;2;2;0;2;1;2;1;
67314;202100043320;124 227;B01;1;7;0;2;3;1;1;
67315;202100043320;124 228;A01;1;7;0;2;2;1;1;
67316;202100043321;124 225;B01;1;7;0;2;1;1;1;
67317;202100043321;124 226;A01;1;7;0;9;8;10;1;
67318;202100043322;124 223;B01;1;50;0;2;4;1;3;
67319;202100043322;124 224;A01;2;7;0;9;1;9;1;
67320;202100043324;124 220;A01;1;7;0;9;3;15;1;
67321;202100043324;124 221;B01;2;1;14;0;0;0;0;
67322;202100043325;124 218;A01;2;10;0;2;1;15;1;
67323;202100043325;124 219;B01;2;33;0;2;1;1;1;
67324;202100043326;124 217;A01;1;0;1;0;1;14;0;
67325;202100043327;124 215;B01;1;1;0;2;8;16;5;
67326;202100043327;124 216;A01;2;1;0;2;8;15;5;
67327;202100043328;124 214;A01;1;1;14;0;0;1;5;
67328;202100043329;124 212;A01;0;10;0;2;5;15;1;
67329;202100043329;124 213;B01;0;33;0;2;1;2;1;
67330;202100043330;124 210;B01;1;7;0;2;7;1;1;
67331;202100043330;124 211;A01;1;2;0;2;1;19;1;
67332;202100043331;124 209;A01;3;1;0;1;0;1;5;
67333;202100043332;124 207;A01;2;40;0;2;3;1;3;
67334;202100043332;124 208;B01;1;60;0;4;2;0;5;
67335;202100043334;124 204;B01;1;1;0;0;4;1;0;
67336;202100043334;124 205;A01;1;7;0;2;2;1;1;
67337;202100043335;124 203;A01;1;7;8;0;3;13;1;
67338;202100043336;124 202;A01;1;7;6;0;1;1;1;
67339;202100043337;124 200;A01;1;7;0;2;3;15;1;
67340;202100043337;124 201;B01;2;43;0;2;1;1;1;
67341;202100043339;124 196;A01;1;34;0;2;3;18;1;
67342;202100043339;124 197;B01;1;14;0;2;2;1;1;
67343;202100043340;124 194;A01;1;7;9;2;2;15;1;
67344;202100043340;124 195;B01;2;7;0;2;2;1;1;
67345;202100043341;124 192;B01;1;1;0;2;1;1;0;
67346;202100043341;124 193;A01;1;7;0;2;1;9;1;
67347;202100043342;124 190;A01;0;3;0;2;1;16;1;
67348;202100043342;124 191;B01;0;1;0;2;1;13;5;
67349;202100043343;124 188;B01;3;31;0;2;1;1;1;
67350;202100043343;124 189;A01;3;7;0;2;3;15;1;
67351;202100043344;124 186;A01;1;10;0;2;3;11;1;
67352;202100043344;124 187;B01;1;31;0;2;7;1;1;
67353;202100043345;124 184;A01;1;7;0;2;2;12;1;
67354;202100043345;124 185;B01;1;7;0;2;6;1;1;
67355;202100043346;124 183;A01;1;7;0;1;2;7;2;
67356;202100043347;124 181;A01;1;2;0;2;1;1;1;
67357;202100043347;124 182;B01;1;37;0;2;6;23;2;1.0
67358;202100043348;124 179;A01;1;34;0;2;3;1;1;
67359;202100043348;124 180;B01;3;50;0;2;1;19;3;
67360;202100043349;124 178;A01;2;10;0;1;8;15;1;
67361;202100043350;124 177;A01;2;7;1;1;2;1;1;
67362;202100043351;124 174;A01;2;7;0;2;1;15;1;
67363;202100043351;124 175;B01;2;1;0;2;3;1;5;
67364;202100043352;124 173;A01;1;80;0;1;1;1;3;
67365;202100043354;124 171;A01;1;7;0;1;2;19;1;
67366;202100043355;124 169;B01;2;1;0;0;0;0;5;
67367;202100043355;124 170;A01;2;10;0;2;0;9;1;
67368;202100043356;124 167;B01;2;1;0;2;4;1;5;
67369;202100043356;124 168;A01;2;30;0;9;1;9;1;
67370;202100043357;124 165;B01;1;2;0;2;8;1;3;
67371;202100043357;124 166;A01;2;7;0;2;2;19;1;
67372;202100043358;124 164;A01;2;7;0;1;2;2;1;
67373;202100043359;124 162;A01;2;2;0;2;7;15;1;
67374;202100043359;124 163;B01;2;7;0;2;1;1;1;
67375;202100043360;124 161;A01;0;10;0;1;3;21;1;
67376;202100043361;124 159;B01;2;10;0;2;3;1;1;
67377;202100043361;124 160;A01;2;7;0;2;5;1;1;
67378;202100043362;124 158;A01;1;3;0;1;4;4;0;
67379;202100043363;124 156;A01;-1;10;0;1;6;4;1;
67380;202100043363;124 157;B01;1;7;0;1;3;1;1;
67381;202100043365;124 152;A01;1;10;0;2;8;10;1;
67382;202100043365;124 153;B01;1;2;0;2;1;17;1;
67383;202100043366;124 150;A01;1;37;1;1;1;19;1;1.0
67384;202100043366;124 151;B01;1;99;0;2;0;0;0;
67385;202100043367;124 148;A01;2;7;0;2;7;1;1;
67386;202100043367;124 149;B01;2;7;0;2;1;1;1;
67387;202100043368;124 147;Z01;3;7;0;1;4;0;0;
67388;202100043370;124 143;A01;1;32;0;2;7;15;1;
67389;202100043370;124 144;B01;2;7;0;2;1;1;1;
67390;202100043371;124 141;A01;1;30;0;2;7;9;1;
67391;202100043371;124 142;B01;3;34;0;2;1;1;1;
67392;202100043372;124 139;B01;1;32;0;2;0;0;1;
67393;202100043372;124 140;A01;1;30;0;2;0;13;0;
67394;202100043373;124 137;B01;1;1;0;2;1;1;5;
67395;202100043373;124 138;A01;1;7;0;2;2;16;1;
67396;202100043374;124 135;B01;2;7;0;2;1;15;1;
67397;202100043374;124 136;A01;1;32;0;2;1;1;1;
67398;202100043375;124 133;B01;2;1;0;2;1;1;5;
67399;202100043375;124 134;A01;3;7;2;2;3;16;1;
67400;202100043376;124 131;A01;1;14;0;2;2;16;0;
67401;202100043376;124 132;B01;1;2;0;2;3;1;1;
67402;202100043377;124 128;B01;1;2;0;2;1;1;1;
67403;202100043377;124 129;A01;3;7;0;2;3;26;1;
67404;202100043378;124 125;A01;3;14;0;1;4;4;1;
67405;202100043379;124 121;A01;1;7;0;2;2;1;1;
67406;202100043379;124 122;B01;2;60;0;2;8;19;5;
67407;202100043380;124 120;A01;1;32;0;0;8;17;1;
67408;202100043381;124 119;A01;3;1;6;0;1;1;0;
67409;202100043382;124 117;A01;1;7;0;2;6;15;1;
67410;202100043382;124 118;B01;1;7;0;2;2;17;1;
67411;202100043383;124 115;B01;2;7;0;2;2;1;1;
67412;202100043383;124 116;A01;1;2;0;2;1;1;1;
67413;202100043384;124 113;B01;1;7;0;2;4;23;1;
67414;202100043384;124 114;A01;1;7;0;2;1;1;1;
67415;202100043385;124 112;A01;2;2;15;0;1;21;1;
67416;202100043386;124 111;A01;3;21;0;1;2;1;1;
67417;202100043387;124 110;A01;1;33;5;0;7;1;1;
67418;202100043388;124 108;B01;2;7;0;2;3;1;1;
67419;202100043388;124 109;A01;1;7;0;2;3;1;1;
67420;202100043389;124 106;A01;0;7;0;2;6;15;1;
67421;202100043389;124 107;B01;0;36;0;2;1;1;0;
67422;202100043390;124 104;B01;0;7;0;2;1;2;1;
67423;202100043390;124 105;A01;0;15;0;2;7;2;1;
67424;202100043391;124 102;A01;1;2;9;0;1;17;1;
67425;202100043391;124 103;B01;1;7;0;0;0;15;0;
67426;202100043392;124 101;A01;0;7;13;0;1;1;1;
67427;202100043393;124 100;A01;1;7;4;0;3;17;1;
67428;202100043394;124 099;A01;2;33;3;0;1;2;1;
67429;202100043395;124 098;A01;1;7;13;0;2;1;1;
67430;202100043396;124 096;A01;1;7;0;2;5;1;1;
67431;202100043396;124 097;B01;1;7;0;2;3;11;1;
67432;202100043397;124 093;C01;1;7;0;2;4;1;1;
67433;202100043397;124 094;B01;1;7;0;2;3;12;1;
67434;202100043397;124 095;A01;1;7;0;2;1;0;1;
67435;202100043398;124 092;A01;1;7;4;0;3;21;1;
67436;202100043399;124 091;A01;1;7;15;1;1;14;1;
67437;202100043400;124 088;A01;1;7;0;2;4;23;1;
67438;202100043400;124 089;C01;1;7;0;2;1;2;1;
67439;202100043400;124 090;B01;1;7;0;2;4;2;1;
67440;202100043402;124 082;C01;2;7;14;0;0;0;1;
67441;202100043402;124 083;B01;2;10;0;2;4;24;1;
67442;202100043402;124 084;A01;2;31;1;0;7;1;1;
67443;202100043403;124 079;C01;1;10;0;2;6;2;1;
67444;202100043403;124 080;B01;1;7;0;0;0;0;1;
67445;202100043403;124 081;A01;1;7;0;2;2;21;1;
67446;202100043404;124 077;B01;2;7;0;2;4;1;1;
67447;202100043404;124 078;A01;2;43;0;2;1;1;1;
67448;202100043405;124 076;A01;1;7;0;1;2;1;1;
67449;202100043406;124 075;A01;1;33;0;1;1;1;1;
67450;202100043408;124 073;A01;1;30;0;1;1;17;1;
67451;202100043409;124 071;A01;1;7;6;2;1;17;1;
67452;202100043409;124 072;B01;2;2;0;2;1;1;1;
67453;202100043410;124 070;A01;1;2;0;0;7;9;1;
67454;202100043411;124 068;A01;1;2;0;2;8;13;1;
67455;202100043411;124 069;B01;1;10;0;2;4;1;1;
67456;202100043412;124 065;C01;2;7;0;2;1;0;1;
67457;202100043412;124 066;B01;2;7;1;2;8;1;1;
67458;202100043412;124 067;A01;1;7;0;2;1;1;1;
67459;202100043414;124 062;B01;1;50;0;2;8;1;3;
67460;202100043414;124 063;A01;2;7;0;2;2;15;1;
67461;202100043415;124 057;A01;3;7;0;2;2;13;1;
67462;202100043415;124 058;C01;3;7;0;0;4;2;1;
67463;202100043415;124 059;B01;3;7;0;2;6;2;1;
67464;202100043417;124 054;A01;3;32;0;0;9;15;1;
67465;202100043418;124 053;A01;0;7;0;1;2;2;1;
67466;202100043419;124 050;B01;2;7;1;2;4;2;1;
67467;202100043419;124 051;C01;2;15;0;2;4;24;1;
67468;202100043419;124 052;A01;2;15;0;2;1;2;1;
67469;202100043420;124 049;A01;1;3;6;0;2;14;1;
67470;202100043421;124 048;A01;3;7;0;1;3;1;1;
67471;202100043423;124 043;C01;0;7;0;5;4;1;1;
67472;202100043423;124 044;B01;0;7;0;2;4;1;1;
67473;202100043423;124 045;A01;0;7;0;2;1;1;1;
67474;202100043424;124 041;B01;1;43;0;2;7;17;1;
67475;202100043424;124 042;A01;1;7;0;2;8;15;1;
67476;202100043426;124 037;A01;0;10;11;0;3;13;1;
67477;202100043427;124 035;A01;1;7;0;2;1;0;1;
67478;202100043427;124 036;B01;2;30;0;2;3;0;1;
67479;202100043428;124 033;A01;1;1;0;2;1;17;5;
67480;202100043428;124 034;B01;1;1;0;2;6;15;5;
67481;202100043429;124 032;Z01;1;1;0;1;0;1;5;
67482;202100043430;124 030;A01;1;7;0;2;1;15;1;
67483;202100043430;124 031;B01;1;7;0;2;2;1;1;
67484;202100043431;124 028;B01;2;7;0;2;3;1;1;
67485;202100043431;124 029;A01;2;7;6;2;1;15;1;
67486;202100043432;124 026;B01;2;33;0;2;1;1;1;
67487;202100043432;124 027;A01;1;7;0;2;2;15;1;
67488;202100043433;124 024;A01;3;7;0;2;2;1;1;
67489;202100043433;124 025;B01;1;7;0;2;1;1;1;
67490;202100043434;124 022;B01;2;7;0;2;2;19;1;
67491;202100043434;124 023;A01;1;7;0;2;1;19;1;
67492;202100043435;124 020;B01;1;7;0;2;1;0;1;
67493;202100043435;124 021;A01;1;7;0;2;1;0;1;
67494;202100043436;124 019;A01;2;7;0;1;2;1;1;
67495;202100043437;124 018;A01;0;50;0;0;0;25;3;
67496;202100043438;124 016;A01;1;2;0;2;0;0;1;
67497;202100043438;124 017;B01;1;7;0;2;0;0;1;
67498;202100043439;124 012;D01;1;7;0;2;4;0;1;
67499;202100043439;124 013;C01;1;7;0;2;1;0;1;
67500;202100043439;124 014;A01;1;7;0;2;1;1;1;
67501;202100043439;124 015;B01;1;7;0;2;1;0;1;
67502;202100043440;124 010;A01;1;7;0;2;0;0;1;
67503;202100043440;124 011;B01;1;50;0;2;5;0;3;
67504;202100043441;124 008;B01;2;7;0;2;6;15;1;
67505;202100043441;124 009;A01;2;30;0;2;1;17;1;
67506;202100043442;124 007;A01;1;7;4;1;3;1;1;
67507;202100043444;124 004;A01;1;7;0;1;3;1;1;
67508;202100043445;124 002;B01;1;7;0;2;2;1;1;
67509;202100043445;124 003;A01;1;7;0;2;3;9;1;
67510;202100043446;124 000;A01;3;7;0;2;0;1;1;
67511;202100043446;124 001;B01;3;7;0;2;0;0;1;
67512;202100043447;123 998;A01;2;7;0;2;1;1;1;
67513;202100043447;123 999;B01;1;1;0;2;0;19;5;
67514;202100043448;123 996;B01;2;7;0;2;1;26;1;
67515;202100043448;123 997;A01;1;7;0;2;1;26;1;
67516;202100043449;123 994;A01;2;7;0;2;1;19;1;
67517;202100043449;123 995;B01;2;10;0;2;7;1;1;
67518;202100043450;123 992;B01;3;7;0;2;3;16;1;
67519;202100043450;123 993;A01;3;31;0;2;1;1;1;
67520;202100043452;123 988;B01;0;33;0;2;1;1;1;
67521;202100043452;123 989;A01;0;7;0;2;3;19;1;
67522;202100043453;123 986;B01;1;7;0;2;3;1;1;
67523;202100043453;123 987;A01;1;1;0;2;8;9;5;
67524;202100043454;123 984;B01;2;32;0;2;9;2;1;
67525;202100043454;123 985;A01;2;7;0;2;3;15;1;
67526;202100043455;123 983;A01;2;7;7;0;2;1;1;
67527;202100043456;123 982;A01;1;7;0;0;1;15;1;
67528;202100043457;123 981;A01;2;32;0;0;0;26;1;
67529;202100043458;123 980;A01;1;33;0;1;3;1;1;
67530;202100043459;123 978;B01;2;7;0;2;4;2;1;
67531;202100043459;123 979;A01;2;7;0;2;1;2;1;
67532;202100043460;123 976;B01;2;7;0;2;2;1;1;
67533;202100043460;123 977;A01;1;7;0;2;3;13;1;
67534;202100043462;123 973;A01;3;1;0;2;1;1;5;
67535;202100043462;123 974;B01;3;7;0;2;4;23;1;
67536;202100043463;123 972;A01;2;30;14;0;1;14;1;
67537;202100043464;123 970;A01;1;50;0;2;7;17;3;
67538;202100043464;123 971;Z01;1;50;0;2;0;15;3;
67539;202100043465;123 966;B01;3;7;0;2;4;2;1;
67540;202100043465;123 967;A01;3;7;0;2;1;2;1;
67541;202100043466;123 964;A01;1;7;0;2;1;1;2;
67542;202100043466;123 965;B01;2;30;0;2;0;1;1;
67543;202100043467;123 962;B01;2;31;0;2;2;17;1;
67544;202100043467;123 963;A01;2;10;0;2;3;13;1;
67545;202100043468;123 960;A01;1;7;0;2;1;15;1;
67546;202100043468;123 961;B01;1;7;0;2;6;1;1;
67547;202100043469;123 959;Z01;3;2;0;1;0;25;0;
67548;202100043471;123 956;A01;2;7;0;2;3;15;1;
67549;202100043471;123 957;B01;2;32;0;2;2;2;1;
67550;202100043472;123 954;B01;2;32;0;2;1;1;1;
67551;202100043472;123 955;A01;1;7;0;2;1;15;1;
67552;202100043473;123 952;B01;3;13;0;2;4;2;1;
67553;202100043473;123 953;A01;3;37;0;2;1;1;1;1.0
67554;202100043474;123 950;A01;1;7;0;2;4;2;1;
67555;202100043474;123 951;B01;0;7;0;2;4;2;1;
67556;202100043475;123 948;A01;1;20;0;2;1;0;1;
67557;202100043475;123 949;B01;3;7;0;2;3;0;1;
67558;202100043476;123 947;A01;-1;7;0;1;3;1;1;
67559;202100043477;123 945;A01;2;7;0;2;3;11;2;
67560;202100043477;123 946;B01;2;33;0;2;1;1;1;
67561;202100043478;123 944;A01;1;32;0;1;1;21;1;
67562;202100043480;123 940;A01;2;7;0;2;2;16;1;
67563;202100043480;123 941;B01;2;7;0;2;3;9;1;
67564;202100043481;123 939;A01;1;50;8;0;1;1;3;
67565;202100043485;123 931;B01;2;32;0;2;1;1;1;
67566;202100043485;123 932;A01;1;7;0;2;3;15;1;
67567;202100043486;123 930;A01;2;7;2;0;1;1;1;
67568;202100043487;123 928;B01;1;31;0;2;1;1;1;
67569;202100043487;123 929;A01;1;7;0;2;6;23;0;
67570;202100043488;123 926;A01;1;7;10;2;1;13;1;
67571;202100043488;123 927;C01;1;7;0;2;1;1;1;
67572;202100043489;123 925;A01;3;2;0;0;0;1;1;
67573;202100043490;123 923;B01;2;7;0;2;3;1;1;
67574;202100043490;123 924;A01;1;7;0;2;3;13;2;
67575;202100043491;123 921;A01;2;33;0;0;6;23;1;
67576;202100043491;123 922;B01;2;33;0;2;2;2;1;
67577;202100043492;123 918;B01;2;7;7;0;8;1;1;
67578;202100043492;123 919;A01;2;7;7;2;1;19;1;
67579;202100043493;123 917;A01;1;7;2;0;1;13;1;
67580;202100043495;123 914;A01;3;10;0;1;5;4;1;
67581;202100043496;123 912;A01;1;33;0;2;1;1;1;
67582;202100043496;123 913;B01;1;7;0;0;6;1;1;
67583;202100043497;123 911;A01;1;7;6;0;3;1;1;
67584;202100043498;123 909;A01;2;7;0;2;2;1;1;
67585;202100043498;123 910;B01;2;80;0;2;4;1;3;
67586;202100043499;123 908;A01;0;7;2;0;9;1;1;
67587;202100043500;123 907;A01;3;31;0;0;0;14;1;
67588;202100043501;123 906;A01;1;7;0;1;1;1;1;
67589;202100043502;123 905;A01;1;31;13;0;3;1;1;
67590;202100043503;123 903;A01;3;7;0;9;5;1;1;
67591;202100043503;123 904;B01;3;1;0;2;1;1;5;
67592;202100043504;123 902;A01;1;33;0;0;0;2;1;
67593;202100043505;123 901;A01;1;7;17;0;7;1;1;
67594;202100043506;123 898;B01;3;1;0;2;0;15;5;
67595;202100043506;123 899;A01;0;7;0;2;2;21;1;
67596;202100043507;123 896;A01;2;7;0;2;3;5;1;
67597;202100043507;123 897;B01;1;7;0;0;3;1;1;
67598;202100043508;123 894;A01;1;31;0;2;1;2;1;
67599;202100043508;123 895;B01;1;7;0;0;5;1;1;
67600;202100043509;123 892;B01;1;21;0;0;0;16;1;
67601;202100043509;123 893;A01;2;14;8;0;7;1;1;
67602;202100043510;123 890;A01;1;7;0;2;3;15;1;
67603;202100043510;123 891;B01;3;33;0;2;3;1;1;
67604;202100043511;123 888;B01;2;7;0;2;1;1;1;
67605;202100043511;123 889;A01;1;7;0;2;1;5;1;
67606;202100043512;123 886;B01;1;34;0;2;1;1;1;
67607;202100043512;123 887;A01;1;7;0;2;7;16;1;
67608;202100043513;123 884;B01;1;15;0;2;1;1;1;
67609;202100043513;123 885;A01;2;7;0;2;1;13;1;
67610;202100043514;123 882;A01;3;33;13;0;1;1;1;
67611;202100043515;123 880;B01;2;7;0;2;1;1;1;
67612;202100043515;123 881;A01;2;7;0;2;8;5;1;
67613;202100043516;123 879;A01;2;34;0;0;0;1;1;
67614;202100043517;123 876;A01;2;7;6;2;3;0;1;
67615;202100043517;123 877;B01;1;33;0;2;8;19;1;
67616;202100043518;123 874;A01;1;7;0;2;1;5;1;
67617;202100043518;123 875;B01;2;14;0;2;3;1;0;
67618;202100043519;123 872;B01;1;7;0;2;2;1;1;
67619;202100043519;123 873;C01;3;10;0;2;3;1;1;
67620;202100043520;123 871;A01;0;7;15;0;7;15;1;
67621;202100043521;123 870;A01;3;7;17;0;2;0;1;
67622;202100043522;123 867;B01;2;7;0;2;6;15;1;
67623;202100043522;123 868;C01;2;7;0;2;3;21;1;
67624;202100043522;123 869;A01;1;7;0;2;3;1;1;
67625;202100043523;123 865;A01;1;7;0;2;0;17;1;
67626;202100043523;123 866;B01;1;2;0;2;3;1;1;
67627;202100043524;123 863;A01;1;7;0;2;1;13;1;
67628;202100043524;123 864;B01;2;7;0;2;1;1;1;
67629;202100043525;123 862;A01;3;2;6;0;3;16;1;
67630;202100043526;123 860;A01;1;7;0;2;1;10;1;
67631;202100043526;123 861;B01;2;7;0;2;7;2;1;
67632;202100043527;123 859;A01;1;7;2;0;9;1;1;
67633;202100043528;123 857;B01;2;7;0;2;3;1;1;
67634;202100043528;123 858;A01;1;2;0;2;3;13;1;
67635;202100043529;123 855;A01;2;7;0;2;1;5;1;
67636;202100043529;123 856;B01;1;7;0;2;1;1;1;
67637;202100043530;123 853;A01;2;43;0;2;3;3;1;
67638;202100043530;123 854;B01;1;7;0;2;7;0;1;
67639;202100043531;123 851;B01;1;14;0;2;2;2;1;
67640;202100043531;123 852;A01;1;7;0;2;3;1;1;
67641;202100043532;123 850;A01;1;3;13;0;0;26;3;
67642;202100043533;123 848;B01;1;32;0;2;8;1;1;
67643;202100043533;123 849;A01;2;10;0;2;1;1;1;
67644;202100043534;123 847;A01;3;10;0;1;4;26;1;
67645;202100043535;123 845;A01;1;10;0;2;1;1;1;
67646;202100043535;123 846;B01;1;7;0;2;7;1;1;
67647;202100043536;123 843;B01;1;1;0;2;4;1;0;
67648;202100043536;123 844;A01;1;7;0;2;2;1;1;
67649;202100043537;123 841;B01;-1;7;4;0;4;2;1;
67650;202100043537;123 842;A01;-1;7;0;2;1;2;1;
67651;202100043538;123 839;B01;2;7;0;2;1;1;1;
67652;202100043538;123 840;A01;2;30;0;2;1;17;1;
67653;202100043539;123 837;B01;2;7;0;2;5;1;1;
67654;202100043539;123 838;A01;1;30;0;2;1;1;1;
67655;202100043540;123 835;B01;2;7;0;2;3;1;1;
67656;202100043540;123 836;A01;1;7;0;2;1;13;1;
67657;202100043541;123 834;A01;3;7;8;1;2;1;1;
67658;202100043542;123 832;A01;1;30;0;2;1;1;1;
67659;202100043542;123 833;B01;1;7;0;2;6;1;1;
67660;202100043543;123 831;A01;2;7;0;1;6;4;1;
67661;202100043545;123 827;B01;1;7;0;2;1;15;1;
67662;202100043545;123 828;A01;1;7;0;2;7;1;1;
67663;202100043546;123 825;A01;3;7;0;2;2;19;1;
67664;202100043546;123 826;B01;3;33;0;2;1;1;1;
67665;202100043547;123 823;B01;1;33;0;2;1;1;1;
67666;202100043547;123 824;A01;2;7;0;2;2;15;1;
67667;202100043548;123 821;A01;1;7;0;2;1;15;1;
67668;202100043548;123 822;B01;2;2;0;2;1;1;1;
67669;202100043550;123 818;A01;1;7;0;1;3;1;1;
67670;202100043552;123 816;A01;1;7;0;1;1;1;3;
67671;202100043553;123 814;A01;1;33;0;2;1;1;1;
67672;202100043553;123 815;B01;2;7;0;2;1;15;1;
67673;202100043554;123 813;A01;3;10;0;1;3;1;1;
67674;202100043556;123 810;B01;2;1;0;2;1;1;5;
67675;202100043556;123 811;A01;2;7;0;2;2;22;1;
67676;202100043558;123 807;A01;3;30;0;0;0;1;1;
67677;202100043559;123 806;A01;1;7;0;1;3;1;2;
67678;202100043560;123 804;B01;2;31;0;2;7;1;1;
67679;202100043560;123 805;A01;2;7;0;2;1;9;1;
67680;202100043561;123 802;A01;1;7;0;0;1;1;1;
67681;202100043561;123 803;B01;2;7;0;0;2;1;1;
67682;202100043562;123 800;B01;3;33;0;2;1;1;1;
67683;202100043562;123 801;A01;3;7;0;2;2;15;1;
67684;202100043563;123 798;A01;0;7;0;2;1;16;1;
67685;202100043563;123 799;B01;0;32;0;2;2;1;1;