;Num_Acc;id_vehicule;num_veh;senc;catv;obs;obsm;choc;manv;motor;occutc
67686;202100043564;123 797;A01;3;32;0;1;0;26;1;
67687;202100043565;123 795;A01;1;7;0;2;2;16;1;
67688;202100043565;123 796;B01;1;2;0;2;1;1;1;
67689;202100043566;123 794;A01;0;30;0;0;0;1;1;
67690;202100043567;123 792;B01;1;7;0;2;5;12;1;
67691;202100043567;123 793;A01;1;43;0;2;3;26;1;
67692;202100043568;123 790;A01;2;33;0;2;8;15;1;
67693;202100043568;123 791;B01;2;7;0;2;1;15;1;
67694;202100043569;123 789;A01;2;7;1;0;3;13;1;
67695;202100043570;123 788;A01;2;7;1;0;2;14;2;
67696;202100043571;123 787;A01;0;33;0;0;1;14;1;
67697;202100043572;123 785;A01;1;10;0;2;2;21;1;
67698;202100043572;123 786;B01;3;1;0;2;1;19;5;
67699;202100043573;123 784;A01;1;34;13;0;1;14;1;
67700;202100043574;123 781;A01;3;10;0;2;3;1;1;
67701;202100043574;123 782;B01;3;7;0;2;3;13;1;
67702;202100043574;123 783;C01;3;7;0;2;8;1;1;
67703;202100043576;123 778;B01;2;7;0;2;4;2;1;
67704;202100043576;123 779;A01;2;32;0;2;1;1;1;
67705;202100043577;123 775;A01;3;1;0;0;0;1;5;
67706;202100043579;123 773;A01;1;2;0;0;0;0;0;
67707;202100043581;123 768;B01;2;21;0;2;3;1;1;
67708;202100043581;123 769;A01;1;33;0;2;1;13;1;
67709;202100043583;123 764;A01;2;7;0;2;3;1;1;
67710;202100043583;123 765;B01;1;7;0;2;1;1;1;
67711;202100043584;123 762;A01;1;7;0;2;3;0;1;
67712;202100043584;123 763;B01;2;1;0;2;1;13;5;
67713;202100043585;123 760;A01;2;7;0;2;1;2;1;
67714;202100043585;123 761;B01;2;10;0;2;4;2;1;
67715;202100043586;123 759;A01;2;36;13;0;2;1;1;
67716;202100043587;123 758;A01;2;50;1;0;1;0;3;
67717;202100043588;123 756;B01;0;10;7;0;2;15;1;
67718;202100043588;123 757;A01;0;7;7;2;1;1;1;
67719;202100043590;123 754;A01;1;7;2;0;8;1;1;
67720;202100043591;123 753;A01;1;32;3;0;1;1;1;
67721;202100043592;123 751;B01;3;1;0;2;8;19;0;
67722;202100043592;123 752;A01;3;10;0;2;3;1;1;
67723;202100043593;123 750;A01;1;7;8;0;0;1;1;
67724;202100043594;123 749;A01;2;7;0;1;1;1;1;
67725;202100043595;123 747;A01;2;7;2;0;1;1;1;
67726;202100043596;123 744;A01;0;2;0;9;3;1;1;
67727;202100043596;123 745;B01;3;1;0;2;3;1;5;
67728;202100043596;123 746;C01;3;1;0;2;3;1;5;
67729;202100043597;123 743;A01;2;7;1;0;2;1;2;
67730;202100043598;123 742;A01;1;7;8;0;9;2;1;
67731;202100043600;123 738;A01;1;1;0;2;1;1;5;
67732;202100043600;123 739;B01;1;1;0;2;4;2;5;
67733;202100043601;123 736;B01;1;33;0;2;1;1;1;
67734;202100043601;123 737;A01;1;7;0;2;2;2;1;
67735;202100043602;123 735;A01;1;7;0;0;9;1;1;
67736;202100043603;123 734;A01;2;7;4;0;2;1;1;
67737;202100043604;123 732;A01;1;7;0;2;8;13;1;
67738;202100043604;123 733;B01;1;7;0;2;1;2;1;
67739;202100043605;123 731;A01;2;7;4;0;2;26;1;
67740;202100043606;123 730;A01;2;7;0;0;1;13;1;
67741;202100043607;123 729;A01;2;7;4;0;1;26;1;
67742;202100043608;123 728;A01;2;7;4;0;1;14;1;
67743;202100043609;123 727;A01;3;7;8;0;1;9;1;
67744;202100043610;123 725;A01;1;7;0;2;7;19;1;
67745;202100043610;123 726;B01;1;33;14;0;0;0;1;
67746;202100043611;123 723;B01;1;2;0;2;7;1;1;
67747;202100043611;123 724;A01;1;7;0;9;0;9;1;
67748;202100043612;123 721;B01;3;31;0;2;1;1;1;
67749;202100043612;123 722;A01;3;7;0;2;7;19;1;
67750;202100043614;123 717;B01;3;7;0;2;3;9;1;
67751;202100043614;123 718;A01;3;7;0;2;3;9;1;
67752;202100043616;123 714;A01;2;10;0;2;3;11;1;
67753;202100043616;123 715;B01;2;7;0;2;2;26;1;
67754;202100043617;123 712;B01;3;33;0;2;9;17;1;
67755;202100043617;123 713;A01;3;7;0;2;8;1;1;
67756;202100043618;123 711;A01;2;1;0;1;1;1;5;
67757;202100043619;123 709;A01;2;7;0;2;1;15;1;
67758;202100043619;123 710;B01;1;7;0;2;1;1;1;
67759;202100043620;123 708;A01;2;7;6;0;1;14;1;
67760;202100043621;123 706;B01;2;7;0;2;6;1;2;
67761;202100043621;123 707;A01;1;7;0;2;1;1;1;
67762;202100043622;123 704;A01;1;10;0;2;5;15;1;
67763;202100043622;123 705;B01;2;33;0;2;1;1;1;
67764;202100043624;123 700;B01;3;7;0;2;3;9;1;
67765;202100043624;123 701;C01;2;7;0;2;3;23;1;
67766;202100043624;123 702;A01;2;31;0;2;1;17;1;
67767;202100043625;123 698;A01;3;2;0;2;1;26;1;
67768;202100043625;123 699;B01;3;7;0;2;4;2;1;
67769;202100043626;123 696;A01;1;7;0;2;2;1;1;
67770;202100043626;123 697;B01;1;33;0;2;3;15;1;
67771;202100043627;123 694;A01;2;37;0;2;1;1;1;2.0
67772;202100043627;123 695;B01;2;1;0;2;7;15;5;
67773;202100043628;123 692;B01;2;7;0;2;4;1;1;
67774;202100043628;123 693;A01;2;3;0;2;1;2;1;
67775;202100043629;123 690;B01;3;33;0;2;1;1;1;
67776;202100043629;123 691;A01;3;7;0;2;2;15;1;
67777;202100043630;123 688;B01;2;10;0;2;4;2;1;
67778;202100043630;123 689;A01;2;7;0;2;1;2;1;
67779;202100043631;123 686;B01;1;7;0;2;4;1;1;
67780;202100043631;123 687;A01;1;7;0;2;1;2;1;
67781;202100043632;123 684;B01;1;7;0;2;2;1;1;
67782;202100043632;123 685;A01;2;2;0;2;1;5;1;
67783;202100043634;123 680;A01;1;7;0;2;7;16;1;
67784;202100043634;123 681;B01;1;1;0;2;1;1;5;
67785;202100043635;123 679;A01;1;7;9;0;2;1;1;
67786;202100043636;123 677;B01;0;7;0;2;8;1;1;
67787;202100043636;123 678;A01;0;30;0;2;1;19;1;
67788;202100043638;123 673;B01;2;37;0;2;3;1;1;2.0
67789;202100043638;123 674;A01;1;7;0;2;3;13;1;
67790;202100043639;123 672;A01;2;30;12;0;7;14;1;
67791;202100043640;123 670;A01;0;7;0;2;0;26;1;
67792;202100043640;123 671;B01;1;32;0;2;3;0;1;
67793;202100043641;123 668;A01;1;7;0;2;1;26;1;
67794;202100043641;123 669;B01;1;7;0;0;0;0;0;
67795;202100043642;123 666;B01;1;7;0;2;4;0;1;
67796;202100043642;123 667;A01;1;7;0;2;1;0;1;
67797;202100043643;123 664;A01;2;32;0;2;1;1;1;
67798;202100043643;123 665;B01;2;7;0;2;4;23;1;
67799;202100043644;123 662;A01;1;7;0;2;3;13;1;
67800;202100043644;123 663;B01;1;80;0;2;7;1;3;
67801;202100043645;123 660;A01;2;7;0;2;5;10;1;
67802;202100043645;123 661;B01;1;31;0;2;1;1;1;
67803;202100043646;123 658;A01;1;14;0;2;2;1;1;
67804;202100043646;123 659;B01;1;1;0;2;4;13;5;
67805;202100043648;123 655;A01;2;33;0;1;1;1;1;
67806;202100043649;123 653;B01;2;32;0;2;3;14;1;
67807;202100043649;123 654;A01;2;7;0;2;5;17;1;
67808;202100043650;123 651;A01;1;7;0;2;3;15;1;
67809;202100043650;123 652;B01;1;30;0;2;8;1;1;
67810;202100043651;123 649;A01;1;32;0;2;1;2;1;
67811;202100043651;123 650;B01;1;1;0;2;6;15;5;
67812;202100043652;123 647;B01;3;1;0;2;1;1;5;
67813;202100043652;123 648;A01;3;7;0;2;3;22;1;
67814;202100043653;123 645;Z01;3;1;0;2;3;2;5;
67815;202100043653;123 646;B01;1;60;0;2;5;2;5;
67816;202100043654;123 643;A01;1;31;0;2;1;26;1;
67817;202100043654;123 644;B01;0;7;0;2;1;15;1;
67818;202100043655;123 641;A01;2;7;0;2;7;19;1;
67819;202100043655;123 642;B01;1;2;0;2;1;19;1;
67820;202100043656;123 639;A01;2;10;0;0;6;20;6;
67821;202100043656;123 640;B01;2;31;0;2;1;17;1;
67822;202100043657;123 638;A01;2;30;0;1;1;1;1;
67823;202100043658;123 636;B01;2;2;0;2;3;9;1;
67824;202100043658;123 637;A01;2;10;0;2;2;9;1;
67825;202100043659;123 634;A01;3;7;0;2;1;1;1;
67826;202100043659;123 635;B01;3;7;0;2;2;15;1;
67827;202100043660;123 632;A01;2;33;0;2;1;2;1;
67828;202100043660;123 633;B01;2;7;0;2;5;1;1;
67829;202100043661;123 630;B01;1;1;0;2;1;1;0;
67830;202100043661;123 631;A01;1;20;0;2;2;16;1;
67831;202100043662;123 628;C01;-1;7;1;2;1;26;1;
67832;202100043662;123 629;A01;-1;30;1;0;2;26;1;
67833;202100043663;123 626;A01;2;7;0;2;3;15;1;
67834;202100043663;123 627;B01;2;33;0;2;2;17;1;
67835;202100043664;123 625;A01;3;40;0;1;1;1;3;
67836;202100043665;123 623;B01;1;10;0;1;0;9;0;
67837;202100043665;123 624;A01;3;7;0;2;4;15;0;
67838;202100043666;123 621;B01;1;2;0;2;3;13;1;
67839;202100043666;123 622;A01;1;7;0;2;2;1;1;
67840;202100043667;123 620;A01;1;32;0;1;1;16;1;
67841;202100043668;123 619;A01;2;7;2;0;1;1;1;
67842;202100043669;123 618;A01;3;7;6;0;1;2;1;
67843;202100043671;123 614;B01;2;10;0;2;3;0;1;
67844;202100043671;123 615;A01;1;7;0;2;8;13;1;
67845;202100043672;123 613;A01;3;7;0;1;1;1;1;
67846;202100043673;123 612;A01;1;33;0;0;1;1;1;
67847;202100043674;123 610;B01;2;1;0;0;5;1;0;
67848;202100043674;123 611;A01;1;7;0;9;3;9;1;
67849;202100043675;123 609;A01;2;7;0;0;9;1;1;
67850;202100043676;123 607;B01;2;7;0;9;3;1;1;
67851;202100043676;123 608;A01;1;2;0;2;1;5;1;
67852;202100043677;123 605;A01;0;7;0;0;8;1;1;
67853;202100043677;123 606;B01;0;7;0;0;2;1;1;
67854;202100043678;123 603;B01;1;1;0;2;3;1;5;
67855;202100043678;123 604;A01;2;7;0;2;3;15;1;
67856;202100043679;123 602;A01;1;7;14;0;1;1;0;
67857;202100043680;123 601;A01;1;2;13;0;1;1;1;
67858;202100043681;123 600;A01;1;2;12;0;1;1;1;
67859;202100043683;123 597;A01;3;7;0;1;4;4;2;
67860;202100043684;123 596;A01;1;7;6;0;9;1;1;
67861;202100043685;123 594;B01;1;15;0;2;6;1;1;
67862;202100043685;123 595;A01;2;7;0;2;3;1;1;
67863;202100043686;123 593;A01;0;31;0;0;0;1;1;
67864;202100043687;123 592;A01;2;7;2;0;3;1;1;
67865;202100043688;123 590;A01;3;7;0;9;2;1;1;
67866;202100043688;123 591;B01;3;1;0;2;3;1;5;
67867;202100043689;123 589;A01;3;31;0;0;0;1;1;
67868;202100043690;123 588;A01;0;7;1;0;1;13;1;
67869;202100043693;123 583;A01;1;2;0;2;2;1;1;
67870;202100043693;123 584;B01;2;7;0;2;1;15;1;
67871;202100043694;123 580;B01;1;2;0;2;1;1;1;
67872;202100043694;123 581;C01;1;2;0;2;1;1;1;
67873;202100043694;123 582;A01;2;10;0;2;3;16;1;
67874;202100043695;123 579;A01;1;33;0;0;8;15;1;
67875;202100043696;123 578;A01;1;7;13;0;2;1;1;
67876;202100043697;123 577;A01;1;7;13;0;0;14;1;
67877;202100043698;123 575;A01;1;7;0;2;2;2;1;
67878;202100043698;123 576;B01;1;1;0;2;4;2;5;
67879;202100043699;123 574;A01;2;7;15;0;1;0;1;
67880;202100043700;123 573;A01;3;33;15;0;9;1;4;
67881;202100043701;123 572;A01;3;7;2;0;1;1;1;
67882;202100043702;123 571;A01;3;31;5;0;1;25;1;
67883;202100043703;123 570;A01;1;33;0;0;0;0;1;
67884;202100043704;123 568;B01;1;7;13;0;6;2;1;
67885;202100043704;123 569;A01;1;7;0;2;2;2;1;
67886;202100043705;123 566;B01;2;3;0;2;8;11;1;
67887;202100043705;123 567;A01;2;2;0;2;2;1;1;
67888;202100043706;123 565;A01;3;10;1;1;1;2;1;
67889;202100043707;123 564;A01;1;33;8;9;2;26;1;
67890;202100043708;123 562;A01;1;1;0;2;1;1;5;
67891;202100043708;123 563;B01;1;7;0;2;3;1;1;
67892;202100043709;123 561;A01;2;7;2;0;8;14;1;
67893;202100043710;123 560;A01;2;1;0;0;0;1;5;
67894;202100043711;123 559;A01;2;10;2;0;1;13;1;
67895;202100043712;123 558;A01;3;2;0;1;1;1;1;
67896;202100043713;123 556;B01;3;7;0;2;1;1;1;
67897;202100043713;123 557;A01;3;2;0;2;1;1;1;
67898;202100043714;123 554;A01;1;10;0;2;2;1;1;
67899;202100043714;123 555;B01;1;1;0;2;7;19;5;
67900;202100043715;123 553;A01;3;7;13;0;7;2;1;
67901;202100043716;123 550;A01;1;1;0;2;6;9;5;
67902;202100043716;123 551;B01;2;7;0;2;2;1;1;
67903;202100043717;123 548;B01;2;10;0;2;1;1;1;
67904;202100043717;123 549;A01;1;7;0;2;7;1;1;
67905;202100043718;123 546;B01;2;15;0;2;7;12;1;
67906;202100043718;123 547;A01;2;7;0;2;8;2;1;
67907;202100043720;123 544;A01;1;7;13;0;2;1;1;
67908;202100043721;123 542;A01;1;7;0;2;4;1;1;
67909;202100043721;123 543;B01;1;7;0;2;1;2;1;
67910;202100043722;123 540;A01;1;15;0;2;3;9;1;
67911;202100043722;123 541;B01;1;7;0;2;2;1;1;
67912;202100043723;123 538;B01;1;33;4;2;7;1;1;
67913;202100043723;123 539;A01;1;7;0;2;8;11;1;
67914;202100043724;123 535;C01;1;32;0;2;3;1;1;
67915;202100043724;123 536;B01;1;7;0;2;5;14;1;
67916;202100043724;123 537;A01;1;14;0;2;0;12;1;
67917;202100043725;123 532;C01;1;7;0;0;2;14;1;
67918;202100043725;123 533;B01;1;7;0;2;6;1;1;
67919;202100043725;123 534;A01;1;7;0;2;2;1;1;
67920;202100043726;123 530;Z01;1;7;0;2;0;0;0;
67921;202100043726;123 531;A01;1;33;0;2;1;1;1;
67922;202100043727;123 528;B01;1;7;0;2;6;2;1;
67923;202100043727;123 529;A01;1;31;0;2;1;12;1;
67924;202100043728;123 526;B01;1;7;0;2;4;1;1;
67925;202100043728;123 527;A01;1;7;0;2;1;2;1;
67926;202100043729;123 524;A01;2;7;0;2;7;12;1;
67927;202100043729;123 525;B01;2;33;0;2;3;3;1;
67928;202100043731;123 518;B01;1;7;0;2;4;1;1;
67929;202100043731;123 519;A01;1;10;0;2;1;2;1;
67930;202100043732;123 517;A01;3;33;2;0;1;9;1;
67931;202100043734;123 514;B01;2;7;0;2;3;1;1;
67932;202100043734;123 515;A01;2;33;11;2;7;17;1;
67933;202100043735;123 512;B01;2;7;0;2;7;1;1;
67934;202100043735;123 513;A01;2;30;0;2;1;9;1;
67935;202100043737;123 508;A01;1;7;0;2;2;14;1;
67936;202100043737;123 509;C01;2;7;0;2;1;1;1;
67937;202100043737;123 510;B01;1;32;0;2;1;14;1;
67938;202100043738;123 505;A01;3;7;0;2;9;17;1;
67939;202100043738;123 506;B01;3;17;0;2;8;1;1;
67940;202100043738;123 507;C01;3;10;0;2;8;1;1;
67941;202100043739;123 503;A01;2;7;0;2;8;0;1;
67942;202100043739;123 504;B01;1;30;0;2;8;0;1;
67943;202100043740;123 501;B01;2;7;0;2;3;1;1;
67944;202100043740;123 502;A01;2;7;0;2;6;15;1;
67945;202100043742;123 497;B01;2;7;0;2;3;13;1;
67946;202100043742;123 498;A01;1;7;0;2;3;1;1;
67947;202100043743;123 495;A01;0;10;0;2;2;1;1;
67948;202100043743;123 496;B01;3;1;0;2;1;5;5;
67949;202100043744;123 494;A01;1;10;4;0;1;2;1;
67950;202100043745;123 492;B01;1;7;0;2;2;1;1;
67951;202100043745;123 493;A01;2;3;0;2;1;14;1;
67952;202100043746;123 491;A01;2;7;15;0;2;14;1;
67953;202100043747;123 489;B01;1;7;0;2;3;1;1;
67954;202100043747;123 490;A01;2;30;0;2;8;19;1;
67955;202100043748;123 487;A01;0;7;0;2;1;13;1;
67956;202100043748;123 488;B01;0;7;0;2;1;1;1;
67957;202100043749;123 485;B01;0;2;0;2;1;1;3;
67958;202100043749;123 486;A01;0;7;0;2;3;20;1;
67959;202100043750;123 484;A01;0;7;1;0;9;1;1;
67960;202100043751;123 481;A01;1;32;12;0;1;16;1;
67961;202100043752;123 479;A01;2;7;0;2;1;5;1;
67962;202100043752;123 480;B01;1;7;0;2;1;1;1;
67963;202100043753;123 477;B01;1;7;0;2;1;11;1;
67964;202100043753;123 478;A01;2;7;0;2;8;15;1;
67965;202100043754;123 475;A01;3;34;0;2;1;26;1;
67966;202100043754;123 476;B01;3;7;0;2;5;2;1;
67967;202100043756;123 472;A01;0;7;0;2;2;1;1;
67968;202100043756;123 473;B01;2;7;0;2;3;9;1;
67969;202100043757;123 471;A01;1;7;13;0;0;1;1;
67970;202100043758;123 469;B01;2;7;0;2;2;1;1;
67971;202100043758;123 470;A01;2;7;0;2;3;16;1;
67972;202100043759;123 467;A01;3;7;0;2;3;15;1;
67973;202100043759;123 468;B01;3;7;0;2;8;1;1;
67974;202100043760;123 465;A01;1;7;0;2;7;15;1;
67975;202100043760;123 466;B01;2;2;0;2;1;1;1;
67976;202100043761;123 464;A01;3;31;0;0;1;26;1;
67977;202100043762;123 463;A01;3;10;0;1;4;4;1;
67978;202100043763;123 461;A01;1;2;0;2;1;17;1;
67979;202100043763;123 462;B01;1;7;0;2;6;15;1;
67980;202100043764;123 460;A01;2;7;0;1;1;1;1;
67981;202100043765;123 458;B01;2;7;0;2;1;1;1;
67982;202100043765;123 459;A01;2;10;0;2;7;1;1;
67983;202100043766;123 457;A01;2;37;0;1;8;15;1;1.0
67984;202100043767;123 455;A01;2;7;0;2;1;2;1;
67985;202100043767;123 456;B01;2;7;0;2;4;1;1;
67986;202100043768;123 453;A01;2;7;0;2;8;23;1;
67987;202100043768;123 454;B01;3;7;0;2;3;13;1;
67988;202100043769;123 451;A01;2;2;0;2;1;1;1;
67989;202100043769;123 452;B01;2;7;0;2;4;1;1;
67990;202100043770;123 449;B01;2;7;0;2;4;23;1;
67991;202100043770;123 450;A01;2;10;0;2;1;1;1;
67992;202100043771;123 447;B01;2;30;0;2;8;1;1;
67993;202100043771;123 448;A01;1;7;0;2;1;15;0;
67994;202100043774;123 441;B01;3;34;0;2;1;1;1;
67995;202100043774;123 442;A01;3;7;0;2;7;15;1;
67996;202100043775;123 438;C01;1;7;0;0;0;0;1;
67997;202100043775;123 439;A01;1;10;0;0;1;2;1;
67998;202100043775;123 440;B01;1;7;0;0;0;0;1;
67999;202100043776;123 436;B01;2;7;0;2;4;2;1;
68000;202100043776;123 437;A01;2;2;0;2;1;2;1;
68001;202100043777;123 434;B01;1;7;0;2;1;1;1;
68002;202100043777;123 435;A01;1;50;0;2;1;19;3;
68003;202100043778;123 430;A01;2;33;0;2;7;12;1;
68004;202100043778;123 431;B01;2;7;0;2;6;1;1;
68005;202100043779;123 429;A01;1;10;0;1;7;1;1;
68006;202100043780;123 428;A01;2;33;0;0;8;21;1;
68007;202100043781;123 427;A01;1;7;16;0;9;1;1;
68008;202100043782;123 425;A01;1;7;0;2;1;1;1;
68009;202100043782;123 426;B01;1;7;0;2;4;24;1;
68010;202100043783;123 423;A01;2;7;0;2;2;15;1;
68011;202100043783;123 424;B01;1;2;0;2;7;1;1;
68012;202100043784;123 421;A01;1;7;0;2;5;15;1;
68013;202100043784;123 422;B01;1;2;0;2;1;0;1;
68014;202100043785;123 419;B01;2;1;0;2;2;1;5;
68015;202100043785;123 420;A01;1;7;0;2;3;15;1;
68016;202100043786;123 416;B01;2;7;0;2;4;2;1;
68017;202100043786;123 417;A01;2;32;0;2;4;2;1;
68018;202100043786;123 418;Z01;2;7;0;2;1;2;0;
68019;202100043787;123 414;A01;2;7;0;2;1;2;1;
68020;202100043787;123 415;B01;2;7;0;2;4;2;1;
68021;202100043789;123 410;A01;2;33;0;2;3;3;1;
68022;202100043789;123 411;B01;2;7;0;2;5;12;1;
68023;202100043790;123 409;A01;2;7;0;1;1;1;2;
68024;202100043791;123 407;B01;2;50;0;2;1;1;3;
68025;202100043791;123 408;A01;1;7;0;2;1;16;1;
68026;202100043792;123 405;A01;1;37;0;2;2;16;3;1.0
68027;202100043792;123 406;B01;1;1;0;2;3;1;5;
68028;202100043793;123 403;B01;2;10;0;2;7;16;3;
68029;202100043793;123 404;A01;2;80;0;2;1;1;3;
68030;202100043794;123 402;Z01;1;7;0;1;1;15;1;
68031;202100043795;123 400;B01;3;31;0;2;1;1;1;
68032;202100043795;123 401;A01;3;30;0;2;8;9;1;
68033;202100043797;123 396;A01;1;7;0;2;3;1;1;
68034;202100043797;123 397;B01;1;7;0;2;1;15;1;
68035;202100043798;123 394;B01;1;50;0;2;8;1;3;
68036;202100043798;123 395;A01;1;7;0;2;1;1;1;
68037;202100043799;123 393;A01;2;7;0;1;2;9;1;
68038;202100043800;123 391;A01;3;7;0;2;5;1;1;
68039;202100043800;123 392;B01;3;7;0;2;2;9;1;
68040;202100043801;123 390;A01;2;10;0;1;4;26;1;
68041;202100043802;123 388;B01;1;32;0;2;1;3;1;
68042;202100043802;123 389;A01;1;7;1;0;0;11;1;
68043;202100043803;123 385;A01;1;7;0;2;2;10;1;
68044;202100043803;123 386;C01;1;37;0;2;5;9;1;1.0
68045;202100043803;123 387;B01;1;7;0;2;1;2;1;
68046;202100043804;123 383;A01;1;7;0;2;1;13;1;
68047;202100043804;123 384;B01;2;7;0;2;1;23;2;
68048;202100043805;123 381;A01;3;7;0;2;3;15;1;
68049;202100043805;123 382;B01;3;7;0;2;1;1;1;
68050;202100043806;123 379;B01;3;7;0;2;3;1;1;
68051;202100043806;123 380;A01;3;30;0;2;0;0;1;
68052;202100043807;123 377;B01;1;7;0;2;3;2;1;
68053;202100043807;123 378;A01;1;32;16;0;4;23;1;
68054;202100043808;123 375;B01;2;7;1;0;2;0;1;
68055;202100043808;123 376;A01;1;7;0;2;2;1;1;
68056;202100043809;123 373;B01;2;31;0;2;2;0;1;
68057;202100043809;123 374;A01;2;7;0;2;3;15;1;
68058;202100043810;123 372;A01;3;7;0;1;1;1;1;
68059;202100043811;123 371;A01;1;30;0;0;3;26;1;
68060;202100043812;123 369;B01;1;7;0;2;4;1;1;
68061;202100043812;123 370;A01;1;7;0;2;1;2;1;
68062;202100043813;123 367;A01;2;7;0;2;8;22;1;
68063;202100043813;123 368;B01;2;1;1;0;7;2;0;
68064;202100043814;123 366;A01;2;7;0;1;4;4;1;
68065;202100043816;123 363;B01;3;10;0;2;8;13;1;
68066;202100043816;123 364;A01;3;30;0;2;8;17;0;
68067;202100043817;123 361;A01;1;7;1;1;3;14;1;
68068;202100043817;123 362;B01;1;7;0;0;6;24;1;
68069;202100043818;123 359;B01;1;7;0;2;8;1;1;
68070;202100043818;123 360;A01;2;7;0;2;8;13;1;
68071;202100043819;123 358;A01;1;1;0;9;1;0;5;
68072;202100043820;123 354;D01;2;7;1;0;3;21;1;
68073;202100043820;123 355;C01;2;7;3;2;7;17;1;
68074;202100043820;123 356;B01;2;17;0;2;8;17;1;
68075;202100043820;123 357;A01;2;17;0;0;5;24;1;
68076;202100043822;123 350;A01;2;31;0;2;1;17;1;
68077;202100043822;123 351;B01;2;7;0;0;3;15;1;
68078;202100043823;123 349;A01;0;7;0;0;1;1;1;
68079;202100043824;123 348;A01;1;80;0;0;0;0;3;
68080;202100043826;123 345;A01;0;7;0;2;8;15;1;
68081;202100043826;123 346;B01;2;30;0;2;1;1;1;
68082;202100043827;123 343;A01;1;15;0;2;2;15;1;
68083;202100043827;123 344;B01;2;33;0;2;1;1;1;
68084;202100043828;123 341;A01;2;2;0;2;1;17;1;
68085;202100043828;123 342;B01;2;7;0;2;3;15;1;
68086;202100043829;123 339;B01;1;7;0;2;1;1;1;
68087;202100043829;123 340;A01;2;7;0;2;1;13;1;
68088;202100043830;123 338;A01;1;33;13;9;9;13;1;
68089;202100043831;123 337;A01;3;32;13;0;8;1;1;
68090;202100043832;123 335;A01;3;7;0;2;3;1;1;
68091;202100043832;123 336;B01;3;7;0;2;3;1;1;
68092;202100043833;123 334;A01;1;7;2;0;5;14;1;
68093;202100043834;123 333;A01;3;2;0;1;3;1;1;
68094;202100043835;123 328;D01;1;7;0;2;9;1;0;
68095;202100043835;123 329;E01;1;7;0;2;9;23;1;
68096;202100043835;123 330;A01;1;7;0;2;1;1;1;
68097;202100043835;123 331;B01;1;7;0;2;9;23;1;
68098;202100043835;123 332;C01;1;7;0;2;9;23;1;
68099;202100043836;123 325;A01;2;17;0;6;1;1;1;
68100;202100043836;123 326;B01;2;7;0;6;2;1;1;
68101;202100043836;123 327;C01;2;7;3;6;1;1;1;
68102;202100043837;123 321;A01;1;7;0;2;7;13;1;
68103;202100043837;123 322;B01;2;7;0;2;1;1;1;
68104;202100043838;123 319;A01;2;7;0;2;3;19;1;
68105;202100043838;123 320;B01;1;32;0;2;1;1;1;
68106;202100043839;123 317;B01;2;1;0;2;1;19;0;
68107;202100043839;123 318;A01;2;7;0;9;2;1;1;
68108;202100043840;123 315;B01;1;33;0;2;1;0;1;
68109;202100043840;123 316;A01;2;7;0;2;3;10;1;
68110;202100043841;123 313;B01;3;2;0;2;1;1;1;
68111;202100043841;123 314;A01;3;2;0;2;3;19;1;
68112;202100043842;123 309;A01;1;33;4;0;7;1;1;
68113;202100043843;123 307;A01;1;33;0;2;0;1;1;
68114;202100043843;123 308;B01;2;7;0;2;1;1;1;
68115;202100043844;123 305;A01;2;31;0;2;8;1;1;
68116;202100043844;123 306;B01;1;7;0;2;3;13;1;
68117;202100043845;123 300;A01;0;10;0;1;1;1;1;
68118;202100043846;123 298;A01;1;14;0;2;2;12;1;
68119;202100043846;123 299;B01;2;7;0;2;3;1;1;
68120;202100043847;123 296;A01;2;7;0;2;1;2;1;
68121;202100043847;123 297;B01;2;7;0;2;4;1;1;
68122;202100043848;123 295;A01;2;7;14;0;1;0;1;
68123;202100043849;123 293;B01;1;7;0;2;6;2;2;
68124;202100043849;123 294;A01;1;7;0;2;2;2;1;
68125;202100043850;123 292;B01;1;34;1;0;1;2;1;
68126;202100043851;123 289;C01;2;7;0;2;4;24;1;
68127;202100043851;123 290;A01;2;10;1;0;1;26;1;
68128;202100043851;123 291;B01;2;7;0;2;4;24;1;
68129;202100043852;123 284;C01;1;7;0;2;1;0;1;
68130;202100043852;123 285;B01;1;7;0;2;4;0;1;
68131;202100043852;123 286;A01;1;7;0;2;1;0;1;
68132;202100043852;123 287;D01;1;10;0;2;4;0;1;
68133;202100043852;123 288;E01;1;10;0;2;8;0;1;
68134;202100043853;123 282;B01;2;7;0;2;3;1;1;
68135;202100043853;123 283;A01;2;34;0;2;1;5;1;
68136;202100043854;123 280;Z01;1;7;0;2;1;26;0;
68137;202100043854;123 281;A01;1;7;0;2;8;23;1;
68138;202100043855;123 278;A01;1;17;0;2;3;11;1;
68139;202100043855;123 279;B01;1;7;0;2;5;1;1;
68140;202100043856;123 276;A01;3;37;0;2;3;1;1;1.0
68141;202100043856;123 277;B01;3;7;0;2;8;17;1;
68142;202100043857;123 274;B01;1;7;0;2;2;1;2;
68143;202100043857;123 275;A01;1;7;0;2;2;1;2;
68144;202100043858;123 271;A01;2;10;0;1;3;15;1;
68145;202100043859;123 269;B01;2;99;0;2;1;1;3;
68146;202100043859;123 270;A01;1;7;0;2;0;0;0;