;Num_Acc;id_vehicule;num_veh;senc;catv;obs;obsm;choc;manv;motor;occutc
68147;202100043860;123 267;A01;3;7;0;2;3;1;1;
68148;202100043860;123 268;B01;3;30;0;2;1;0;1;
68149;202100043861;123 266;A01;3;7;9;0;1;26;1;
68150;202100043862;123 264;A01;2;7;6;9;1;1;1;
68151;202100043862;123 265;B01;1;1;6;2;8;19;0;
68152;202100043863;123 263;A01;1;7;0;1;1;1;1;
68153;202100043865;123 260;A01;2;7;15;0;8;-1;1;
68154;202100043866;123 258;B01;2;7;0;2;2;0;1;
68155;202100043866;123 259;A01;3;7;0;2;8;9;1;
68156;202100043868;123 256;A01;1;30;12;0;8;13;1;
68157;202100043869;123 254;B01;2;1;0;2;4;1;5;
68158;202100043869;123 255;A01;1;7;0;2;3;16;1;
68159;202100043870;123 252;A01;1;2;0;2;1;1;1;
68160;202100043870;123 253;B01;1;7;0;2;4;2;1;
68161;202100043871;123 250;B01;2;7;0;2;2;16;1;
68162;202100043871;123 251;A01;2;2;0;2;2;18;1;
68163;202100043872;123 249;A01;1;99;0;1;1;15;1;
68164;202100043873;123 247;A01;1;13;5;2;2;12;0;
68165;202100043873;123 248;B01;1;7;3;2;6;1;1;
68166;202100043875;123 245;A01;2;7;0;1;1;1;1;
68167;202100043876;123 243;A01;1;7;0;2;1;1;1;
68168;202100043876;123 244;B01;2;7;0;2;1;1;1;
68169;202100043877;123 241;B01;2;10;0;0;8;15;1;
68170;202100043877;123 242;A01;2;31;0;2;1;17;1;
68171;202100043878;123 240;A01;2;7;0;1;7;1;1;
68172;202100043879;123 239;A01;1;7;0;1;2;1;1;
68173;202100043880;123 236;A01;2;7;0;2;1;1;1;
68174;202100043880;123 237;C01;2;7;0;2;1;26;1;
68175;202100043880;123 238;B01;2;7;9;0;5;15;1;
68176;202100043881;123 234;B01;1;7;0;2;2;16;1;
68177;202100043881;123 235;A01;1;1;0;2;1;1;0;
68178;202100043883;123 230;C01;1;7;0;0;0;0;0;
68179;202100043883;123 231;B01;3;3;0;0;0;0;0;
68180;202100043883;123 232;A01;2;7;0;0;0;0;0;
68181;202100043884;123 228;B01;1;7;0;2;2;1;1;
68182;202100043884;123 229;A01;1;1;0;2;1;9;5;
68183;202100043885;123 226;A01;1;50;0;2;1;1;3;
68184;202100043885;123 227;B01;1;7;0;2;5;2;1;
68185;202100043886;123 224;B01;0;37;0;2;0;0;1;2.0
68186;202100043886;123 225;A01;0;10;0;2;2;15;1;
68187;202100043887;123 222;A01;1;7;0;2;2;15;1;
68188;202100043887;123 223;B01;2;31;0;2;3;1;1;
68189;202100043888;123 221;A01;1;30;0;1;1;11;0;
68190;202100043889;123 219;B01;1;7;0;0;0;24;0;
68191;202100043889;123 220;A01;1;2;0;2;2;21;0;
68192;202100043890;123 217;B01;3;7;0;2;8;1;1;
68193;202100043890;123 218;A01;3;7;0;2;1;1;1;
68194;202100043892;123 211;A01;0;2;0;2;1;17;1;
68195;202100043892;123 212;B01;0;1;0;2;4;15;5;
68196;202100043893;123 209;A01;1;15;0;0;0;1;1;
68197;202100043893;123 210;B01;1;7;4;0;0;1;1;
68198;202100043894;123 208;A01;2;7;0;1;2;19;1;
68199;202100043895;123 207;A01;1;7;3;2;3;19;1;
68200;202100043896;123 206;A01;3;7;1;0;1;14;1;
68201;202100043897;123 204;B01;1;34;0;2;4;23;1;
68202;202100043897;123 205;Z01;1;7;0;2;1;26;1;
68203;202100043898;123 202;B01;1;33;0;2;1;1;1;
68204;202100043898;123 203;A01;1;7;0;2;3;10;1;
68205;202100043899;123 200;A01;3;30;0;2;1;0;1;
68206;202100043899;123 201;B01;3;7;0;2;1;0;0;
68207;202100043900;123 198;B01;2;31;0;2;1;1;1;
68208;202100043900;123 199;A01;1;7;0;2;0;15;1;
68209;202100043901;123 197;A01;3;7;1;0;2;1;1;
68210;202100043904;123 191;A01;2;33;0;2;4;2;1;
68211;202100043904;123 192;Z01;2;7;0;2;1;2;1;
68212;202100043905;123 190;A01;2;80;0;2;0;21;3;
68213;202100043906;123 188;B01;2;7;0;2;2;1;1;
68214;202100043906;123 189;A01;2;50;0;2;3;13;3;
68215;202100043908;123 184;B01;2;1;0;2;4;17;5;
68216;202100043908;123 185;A01;2;7;0;2;1;17;1;
68217;202100043909;123 181;B01;1;10;0;2;5;2;1;
68218;202100043909;123 182;A01;1;33;0;2;1;2;1;
68219;202100043909;123 183;C01;1;7;0;2;6;1;1;
68220;202100043910;123 179;B01;2;7;0;2;1;15;1;
68221;202100043910;123 180;A01;1;34;0;2;3;7;1;
68222;202100043911;123 178;A01;1;50;0;1;1;1;3;
68223;202100043912;123 177;A01;1;32;9;0;5;13;1;
68224;202100043914;123 173;A01;1;10;0;2;2;16;1;
68225;202100043914;123 174;B01;1;1;0;2;1;1;5;
68226;202100043915;123 172;A01;2;7;0;1;4;4;1;
68227;202100043916;123 171;A01;3;7;0;1;7;4;2;
68228;202100043917;123 170;A01;2;10;7;0;3;1;1;
68229;202100043918;123 169;A01;3;7;0;1;1;15;1;
68230;202100043919;123 167;A01;1;7;0;2;3;2;1;
68231;202100043919;123 168;B01;3;1;0;2;0;0;5;
68232;202100043920;123 166;A01;1;7;0;1;0;0;6;
68233;202100043921;123 164;A01;3;7;0;2;1;1;0;
68234;202100043921;123 165;B01;3;17;0;2;4;23;0;
68235;202100043922;123 162;A01;1;30;0;2;4;11;1;
68236;202100043922;123 163;B01;1;7;0;2;1;1;1;
68237;202100043923;123 161;X01;0;0;0;1;0;0;0;
68238;202100043925;123 157;B01;1;7;0;2;4;15;1;
68239;202100043925;123 158;A01;1;7;0;2;1;23;1;
68240;202100043926;123 155;A01;2;10;0;2;1;1;1;
68241;202100043926;123 156;B01;2;7;0;0;4;1;1;
68242;202100043927;123 154;A01;2;7;0;1;3;1;1;
68243;202100043928;123 153;A01;1;10;0;1;1;1;1;
68244;202100043930;123 149;A01;1;7;0;2;3;16;1;
68245;202100043930;123 150;B01;2;1;0;2;1;1;0;
68246;202100043931;123 147;B01;2;31;0;2;1;1;1;
68247;202100043931;123 148;A01;1;7;0;9;2;10;1;
68248;202100043933;123 144;A01;3;37;0;2;2;17;1;1.0
68249;202100043935;123 142;A01;3;1;13;0;1;26;0;
68250;202100043936;123 140;A01;1;7;0;2;3;13;1;
68251;202100043936;123 141;B01;2;1;0;2;3;21;6;
68252;202100043937;123 139;A01;2;30;0;1;1;7;1;
68253;202100043939;123 136;A01;2;7;8;0;1;13;1;
68254;202100043940;123 135;A01;3;14;0;1;5;4;1;
68255;202100043941;123 134;A01;2;1;0;1;3;1;5;
68256;202100043942;123 132;B01;2;32;0;2;1;1;1;
68257;202100043942;123 133;A01;2;7;0;2;3;15;1;
68258;202100043943;123 130;B01;1;7;0;2;3;1;1;
68259;202100043943;123 131;A01;2;7;0;2;3;1;1;
68260;202100043944;123 128;B01;3;10;0;2;8;19;1;
68261;202100043944;123 129;A01;2;7;0;2;1;1;1;
68262;202100043945;123 127;A01;2;7;0;0;0;0;1;
68263;202100043946;123 125;B01;0;2;0;2;1;1;1;
68264;202100043946;123 126;A01;0;2;0;2;1;1;1;
68265;202100043947;123 123;A01;1;7;0;2;2;15;1;
68266;202100043947;123 124;B01;2;7;13;2;3;1;1;
68267;202100043948;123 121;A01;2;7;13;0;9;1;1;
68268;202100043949;123 119;A01;1;7;0;2;8;15;1;
68269;202100043949;123 120;B01;2;2;0;2;1;17;1;
68270;202100043950;123 117;B01;1;7;0;2;2;1;1;
68271;202100043950;123 118;A01;1;1;0;0;4;1;5;
68272;202100043951;123 115;A01;1;17;0;2;4;1;1;
68273;202100043951;123 116;B01;1;10;0;2;1;2;1;
68274;202100043952;123 113;B01;1;2;0;2;1;1;1;
68275;202100043952;123 114;A01;0;7;0;2;4;20;1;
68276;202100043953;123 112;A01;1;2;13;0;1;0;1;
68277;202100043955;123 108;A01;3;7;0;2;2;13;1;
68278;202100043955;123 109;B01;3;10;0;2;2;11;1;
68279;202100043956;123 107;A01;2;7;13;0;2;1;1;
68280;202100043957;123 106;A01;1;7;0;0;0;0;3;
68281;202100043958;123 104;A01;1;7;0;0;0;17;0;
68282;202100043958;123 105;B01;1;17;13;0;3;21;1;
68283;202100043959;123 103;A01;3;7;6;0;3;1;1;
68284;202100043960;123 101;A01;3;31;0;2;2;13;1;
68285;202100043960;123 102;B01;3;7;0;2;2;1;1;
68286;202100043963;123 098;A01;1;7;0;1;3;1;1;
68287;202100043964;123 096;A01;0;60;0;2;0;23;5;
68288;202100043964;123 097;B01;0;41;0;2;0;2;0;
68289;202100043965;123 094;A01;3;7;0;0;3;1;1;
68290;202100043965;123 095;B01;3;7;0;0;3;1;1;
68291;202100043966;123 092;B01;1;10;0;2;2;2;1;
68292;202100043966;123 093;A01;1;7;0;2;3;19;1;
68293;202100043967;123 091;A01;2;13;13;0;1;1;1;
68294;202100043969;123 086;A01;1;7;6;0;2;1;1;
68295;202100043970;123 084;A01;2;2;0;2;1;21;1;
68296;202100043970;123 085;B01;3;10;0;2;8;9;0;
68297;202100043971;123 082;B01;1;7;0;2;2;15;1;
68298;202100043971;123 083;A01;1;7;13;2;1;1;1;
68299;202100043972;123 080;A01;1;7;0;2;3;19;1;
68300;202100043972;123 081;B01;2;37;0;2;2;1;2;1.0
68301;202100043973;123 079;A01;1;33;0;2;1;2;1;
68302;202100043974;123 077;B01;2;15;0;2;1;1;1;
68303;202100043974;123 078;A01;1;7;0;2;1;13;1;
68304;202100043975;123 075;A01;2;10;0;2;1;2;1;
68305;202100043975;123 076;B01;2;7;0;2;4;15;1;
68306;202100043976;123 074;A01;1;7;11;0;1;2;1;
68307;202100043977;123 073;A01;1;80;0;0;9;1;3;
68308;202100043978;123 072;A01;2;15;0;0;9;1;1;
68309;202100043979;123 071;A01;1;2;9;9;1;1;1;
68310;202100043980;123 069;A01;2;7;0;0;3;1;1;
68311;202100043980;123 070;B01;3;10;0;2;2;25;3;
68312;202100043981;123 068;A01;1;7;0;0;9;1;1;
68313;202100043982;123 065;B01;2;15;0;2;1;1;1;
68314;202100043982;123 066;A01;1;10;0;2;1;5;1;
68315;202100043983;123 064;A01;1;7;6;0;1;13;1;
68316;202100043984;123 062;B01;1;1;0;2;1;1;5;
68317;202100043984;123 063;A01;1;7;0;2;2;16;1;
68318;202100043985;123 061;A01;2;7;13;0;2;1;1;
68319;202100043986;123 059;B01;1;2;0;0;8;1;1;
68320;202100043986;123 060;A01;2;7;0;2;3;15;1;
68321;202100043987;123 057;A01;2;7;0;2;1;15;1;
68322;202100043987;123 058;B01;1;7;0;2;1;1;1;
68323;202100043988;123 055;A01;1;7;0;2;1;1;1;
68324;202100043988;123 056;B01;2;7;0;2;7;19;1;
68325;202100043989;123 053;A01;1;13;6;0;1;1;1;
68326;202100043990;123 050;C01;1;7;0;2;1;2;1;
68327;202100043990;123 051;B01;1;7;0;2;4;2;1;
68328;202100043990;123 052;A01;1;7;0;2;4;1;1;
68329;202100043991;123 049;A01;2;10;6;0;1;14;1;
68330;202100043992;123 044;C01;2;10;0;2;4;2;1;
68331;202100043992;123 045;E01;2;7;0;2;4;2;1;
68332;202100043992;123 046;D01;2;7;0;2;1;0;1;
68333;202100043992;123 047;B01;2;7;0;2;4;2;1;
68334;202100043992;123 048;A01;2;7;0;2;1;2;1;
68335;202100043993;123 042;B01;1;7;0;2;4;1;1;
68336;202100043993;123 043;A01;1;7;0;2;1;1;1;
68337;202100043994;123 039;A01;2;10;0;2;1;2;1;
68338;202100043994;123 040;B01;2;7;0;2;4;2;1;
68339;202100043994;123 041;C01;2;7;0;2;4;2;1;
68340;202100043995;123 037;A01;2;7;0;2;3;9;1;
68341;202100043995;123 038;B01;2;31;0;2;1;3;1;
68342;202100043996;123 035;Z01;1;7;0;2;6;9;0;
68343;202100043996;123 036;A01;1;7;0;2;1;1;1;
68344;202100043997;123 033;A01;1;7;0;2;4;2;1;
68345;202100043997;123 034;B01;1;15;0;2;1;2;0;
68346;202100043998;123 030;C01;2;7;0;2;4;1;1;
68347;202100043998;123 031;A01;2;10;0;2;1;1;1;
68348;202100043998;123 032;B01;2;7;0;2;4;1;1;
68349;202100043999;123 027;A01;2;30;0;2;7;17;1;
68350;202100043999;123 028;C01;2;7;0;2;8;1;1;
68351;202100043999;123 029;B01;2;30;0;2;9;17;1;
68352;202100044000;123 026;A01;3;7;0;1;3;1;1;
68353;202100044001;123 024;A01;2;7;0;2;4;26;1;
68354;202100044001;123 025;B01;2;1;0;2;5;0;0;
68355;202100044003;123 021;A01;1;7;2;2;1;2;1;
68356;202100044003;123 022;B01;1;7;1;2;4;2;1;
68357;202100044004;123 019;A01;1;10;8;2;1;19;1;
68358;202100044004;123 020;B01;1;7;0;2;3;1;1;
68359;202100044005;123 017;A01;1;7;0;2;3;15;1;
68360;202100044005;123 018;B01;1;43;0;2;7;1;1;
68361;202100044006;123 016;A01;3;7;0;1;1;9;1;
68362;202100044007;123 015;A01;1;7;0;1;3;20;1;
68363;202100044008;123 013;A01;1;33;0;2;2;17;1;
68364;202100044008;123 014;B01;1;7;0;2;3;15;2;
68365;202100044009;123 011;B01;1;7;0;2;3;1;1;
68366;202100044009;123 012;A01;1;33;0;2;2;16;1;
68367;202100044010;123 010;A01;2;7;0;1;3;1;1;
68368;202100044011;123 007;C01;2;10;0;2;4;2;1;
68369;202100044011;123 008;B01;2;7;0;2;4;2;1;
68370;202100044011;123 009;A01;2;7;0;2;1;1;1;
68371;202100044012;123 005;B01;1;1;0;2;1;1;5;
68372;202100044012;123 006;A01;1;7;0;2;7;20;1;
68373;202100044013;123 003;A01;1;7;0;2;1;2;1;
68374;202100044013;123 004;B01;1;7;0;2;4;23;1;
68375;202100044014;123 002;A01;2;7;0;1;1;13;1;
68376;202100044016;122 999;B01;0;7;0;2;4;23;1;
68377;202100044016;123 000;A01;0;7;0;2;1;2;1;
68378;202100044017;122 997;B01;0;2;0;2;1;1;1;
68379;202100044017;122 998;A01;0;7;0;2;3;9;1;
68380;202100044019;122 994;A01;1;7;0;2;2;15;1;
68381;202100044019;122 995;B01;1;32;0;2;1;21;1;
68382;202100044020;122 992;A01;2;7;0;2;3;15;1;
68383;202100044020;122 993;B01;3;7;0;2;4;9;1;
68384;202100044021;122 990;A01;1;10;1;2;7;19;1;
68385;202100044021;122 991;B01;1;7;0;2;1;1;1;
68386;202100044022;122 989;A01;1;33;0;0;0;14;1;
68387;202100044023;122 988;A01;1;1;16;0;0;21;5;
68388;202100044024;122 985;C01;2;7;0;2;4;26;1;
68389;202100044024;122 986;B01;1;7;0;2;4;0;1;
68390;202100044024;122 987;A01;2;7;0;2;1;1;1;
68391;202100044025;122 984;A01;1;10;2;0;3;26;1;
68392;202100044026;122 982;A01;1;7;0;2;1;20;1;
68393;202100044026;122 983;B01;1;31;0;2;1;1;1;
68394;202100044027;122 980;B01;0;7;0;2;5;16;1;
68395;202100044027;122 981;A01;0;33;0;2;1;1;1;
68396;202100044029;122 976;B01;0;80;0;2;8;19;3;
68397;202100044029;122 977;A01;0;7;0;2;1;1;1;
68398;202100044030;122 974;B01;3;17;0;2;4;2;1;
68399;202100044030;122 975;A01;3;37;0;2;1;2;6;1.0
68400;202100044031;122 972;B01;1;7;0;2;1;1;1;
68401;202100044031;122 973;A01;2;7;0;2;7;1;1;
68402;202100044032;122 970;A01;3;33;0;2;8;18;1;
68403;202100044032;122 971;B01;3;7;0;2;2;2;1;
68404;202100044033;122 968;B01;1;7;0;2;3;15;1;
68405;202100044033;122 969;A01;1;32;0;2;2;17;1;
68406;202100044034;122 965;C01;3;7;0;2;4;24;1;
68407;202100044034;122 966;A01;1;7;0;2;2;0;1;
68408;202100044034;122 967;B01;1;31;0;2;0;0;1;
68409;202100044035;122 963;B01;1;7;0;2;2;1;1;
68410;202100044035;122 964;A01;2;32;0;2;1;13;1;
68411;202100044036;122 961;A01;1;30;0;2;5;2;1;
68412;202100044036;122 962;B01;1;7;0;2;5;2;1;
68413;202100044037;122 959;B01;1;31;0;2;1;2;1;
68414;202100044037;122 960;A01;1;7;0;2;2;12;1;
68415;202100044038;122 958;A01;1;7;0;1;1;1;1;
68416;202100044039;122 957;A01;1;7;4;0;1;14;1;
68417;202100044040;122 955;B01;2;32;0;2;4;1;1;
68418;202100044040;122 956;A01;2;7;0;2;1;1;1;
68419;202100044041;122 954;A01;1;33;0;0;3;1;1;
68420;202100044042;122 952;A01;1;7;0;2;6;15;1;
68421;202100044042;122 953;B01;1;33;0;2;2;1;1;
68422;202100044044;122 948;Z01;1;2;0;2;6;19;1;
68423;202100044044;122 949;A01;2;1;0;2;1;5;5;
68424;202100044046;122 944;B01;2;33;0;2;1;1;1;
68425;202100044046;122 945;A01;2;33;0;2;8;10;1;
68426;202100044047;122 943;A01;1;1;0;2;1;21;5;
68427;202100044048;122 941;A01;2;50;0;2;3;15;3;
68428;202100044048;122 942;B01;2;7;0;2;2;2;1;
68429;202100044049;122 939;B01;1;1;0;2;1;1;5;
68430;202100044049;122 940;A01;2;50;0;2;1;5;3;
68431;202100044050;122 938;A01;2;1;0;1;8;5;5;
68432;202100044051;122 936;A01;1;32;0;2;1;2;1;
68433;202100044051;122 937;B01;1;32;0;2;0;2;1;
68434;202100044052;122 935;A01;2;1;12;0;1;14;5;
68435;202100044054;122 931;B01;1;7;0;2;1;1;1;
68436;202100044054;122 932;A01;1;33;0;2;3;1;1;
68437;202100044056;122 928;B01;1;15;0;0;3;0;1;
68438;202100044056;122 929;A01;1;7;0;2;3;2;1;
68439;202100044058;122 925;A01;1;10;0;1;1;16;1;
68440;202100044059;122 923;B01;3;10;0;0;1;1;6;
68441;202100044059;122 924;A01;3;2;15;2;1;16;1;
68442;202100044060;122 921;A01;1;10;0;2;6;20;1;
68443;202100044060;122 922;B01;1;2;2;2;3;24;0;
68444;202100044062;122 917;A01;1;7;0;1;1;15;1;
68445;202100044063;122 915;A01;2;32;0;2;4;1;1;
68446;202100044063;122 916;B01;2;7;0;2;3;2;1;
68447;202100044064;122 914;A01;2;10;0;1;1;1;1;
68448;202100044065;122 912;B01;3;7;0;2;1;1;1;
68449;202100044065;122 913;A01;3;7;0;2;3;10;1;
68450;202100044066;122 910;A01;1;7;0;2;3;9;1;
68451;202100044066;122 911;B01;1;1;0;2;1;1;6;
68452;202100044067;122 908;B01;2;7;0;2;6;1;1;
68453;202100044067;122 909;A01;3;36;0;2;2;9;1;
68454;202100044068;122 906;A01;1;10;0;2;1;3;1;
68455;202100044068;122 907;B01;2;2;0;2;1;1;1;
68456;202100044069;122 904;B01;3;33;0;2;3;13;1;
68457;202100044069;122 905;A01;3;7;0;2;3;1;1;
68458;202100044070;122 903;A01;1;2;3;0;7;1;1;
68459;202100044071;122 902;A01;2;33;3;0;3;1;1;
68460;202100044072;122 900;A01;1;10;0;2;1;1;1;
68461;202100044072;122 901;B01;1;1;0;0;8;15;5;
68462;202100044073;122 899;A01;1;7;0;1;1;1;1;
68463;202100044074;122 894;A01;1;7;0;2;3;17;1;
68464;202100044074;122 895;B01;2;7;5;2;3;1;1;
68465;202100044074;122 896;C01;2;7;0;2;3;1;1;
68466;202100044075;122 893;A01;2;7;0;1;2;1;1;
68467;202100044076;122 891;B01;2;10;0;2;2;1;1;
68468;202100044076;122 892;A01;1;7;0;2;3;13;1;
68469;202100044077;122 888;A01;0;7;0;2;1;13;1;
68470;202100044077;122 889;B01;0;7;0;2;3;1;1;
68471;202100044077;122 890;C01;0;7;0;2;1;1;1;
68472;202100044078;122 886;B01;1;7;0;2;3;1;1;
68473;202100044078;122 887;A01;3;7;0;2;2;1;1;
68474;202100044079;122 885;A01;1;33;13;0;1;1;1;
68475;202100044080;122 884;A01;3;7;13;0;2;1;1;
68476;202100044081;122 882;A01;2;17;0;2;6;13;1;
68477;202100044081;122 883;B01;1;17;0;2;3;1;1;
68478;202100044082;122 881;A01;1;7;13;0;1;3;1;
68479;202100044083;122 879;B01;1;7;0;2;3;1;1;
68480;202100044083;122 880;A01;2;7;0;2;3;1;1;
68481;202100044084;122 877;B01;2;10;0;2;2;1;1;
68482;202100044084;122 878;A01;2;32;0;2;8;19;1;
68483;202100044086;122 874;A01;1;7;0;2;6;9;1;
68484;202100044086;122 875;B01;1;33;0;2;1;1;1;
68485;202100044087;122 871;A01;2;7;0;2;1;13;1;
68486;202100044087;122 872;B01;1;7;0;2;1;1;0;
68487;202100044088;122 870;A01;3;7;2;0;3;1;1;
68488;202100044089;122 869;A01;2;7;6;0;0;1;1;
68489;202100044090;122 866;A01;2;10;0;2;3;17;1;
68490;202100044090;122 867;B01;1;7;0;2;3;1;1;
68491;202100044090;122 868;C01;2;17;0;2;3;1;1;
68492;202100044091;122 863;B01;2;15;0;2;2;1;1;
68493;202100044091;122 864;C01;1;7;0;2;6;1;1;
68494;202100044091;122 865;A01;1;7;0;2;1;13;1;
68495;202100044092;122 862;A01;2;33;0;0;1;2;1;
68496;202100044093;122 860;A01;1;33;0;2;8;1;1;
68497;202100044093;122 861;B01;2;7;8;2;1;15;1;
68498;202100044094;122 858;A01;2;7;4;2;3;11;1;
68499;202100044094;122 859;B01;2;7;0;0;4;1;1;
68500;202100044095;122 856;B01;3;80;0;2;3;1;3;
68501;202100044095;122 857;A01;3;33;2;2;1;11;1;
68502;202100044096;122 855;A01;1;33;13;0;1;1;1;
68503;202100044097;122 854;A01;3;7;0;1;3;1;1;
68504;202100044098;122 850;A01;2;50;0;0;2;1;3;
68505;202100044098;122 851;B01;1;7;0;2;3;16;1;
68506;202100044099;122 849;A01;2;7;0;0;1;1;2;
68507;202100044100;122 847;A01;3;1;0;2;1;5;5;
68508;202100044100;122 848;B01;3;7;0;2;1;1;1;
68509;202100044101;122 845;A01;2;7;1;0;1;14;1;
68510;202100044101;122 846;B01;2;15;0;2;4;24;1;
68511;202100044102;122 843;A01;1;7;0;2;1;2;1;
68512;202100044102;122 844;B01;1;15;0;0;4;2;1;
68513;202100044104;122 840;A01;1;7;0;0;9;1;1;
68514;202100044105;122 838;B01;2;7;0;2;2;1;1;
68515;202100044105;122 839;A01;2;7;0;2;3;11;1;
68516;202100044106;122 836;A01;2;7;0;2;1;26;1;
68517;202100044106;122 837;B01;2;7;0;2;4;26;1;
68518;202100044107;122 834;A01;2;10;1;0;2;1;1;
68519;202100044107;122 835;B01;2;7;0;2;6;24;1;
68520;202100044108;122 832;A01;1;2;0;2;2;15;1;
68521;202100044108;122 833;B01;2;10;0;2;3;1;1;
68522;202100044109;122 830;B01;1;33;0;2;8;1;1;
68523;202100044109;122 831;A01;0;7;0;2;2;9;1;
68524;202100044110;122 828;A01;3;10;0;9;2;14;1;
68525;202100044110;122 829;B01;3;80;0;2;2;1;3;
68526;202100044111;122 825;A01;1;7;0;2;6;26;1;
68527;202100044111;122 826;B01;2;7;0;2;4;26;1;
68528;202100044111;122 827;C01;1;7;0;2;1;26;1;
68529;202100044112;122 824;A01;2;80;0;0;0;2;3;
68530;202100044113;122 822;B01;1;7;0;2;5;15;1;
68531;202100044113;122 823;A01;1;30;0;2;1;0;1;
68532;202100044114;122 820;B01;2;30;0;2;8;16;1;
68533;202100044114;122 821;A01;2;7;0;2;7;17;1;
68534;202100044115;122 818;B01;1;2;0;2;1;1;1;
68535;202100044115;122 819;A01;0;7;0;2;1;15;1;
68536;202100044116;122 817;A01;1;30;0;2;4;2;1;
68537;202100044117;122 815;A01;1;7;0;2;7;22;1;
68538;202100044117;122 816;B01;1;2;0;2;3;1;1;
68539;202100044118;122 813;A01;2;2;0;2;1;1;0;
68540;202100044118;122 814;B01;3;1;0;2;8;1;5;
68541;202100044119;122 811;B01;3;32;0;2;1;17;1;
68542;202100044119;122 812;A01;3;7;0;2;8;15;1;
68543;202100044120;122 809;B01;1;1;14;2;1;2;5;
68544;202100044120;122 810;A01;1;7;0;2;4;26;1;
68545;202100044122;122 806;B01;1;34;0;2;7;17;1;
68546;202100044122;122 807;A01;3;7;0;2;1;15;1;
68547;202100044123;122 805;A01;1;37;0;1;3;21;0;1.0
68548;202100044124;122 803;A01;1;32;0;2;1;17;1;
68549;202100044124;122 804;B01;1;10;0;2;3;15;1;
68550;202100044125;122 802;A01;1;7;0;1;1;19;1;
68551;202100044126;122 800;A01;3;31;0;2;1;1;1;
68552;202100044126;122 801;B01;3;7;0;0;5;23;1;
68553;202100044127;122 799;A01;1;33;3;0;9;0;1;
68554;202100044128;122 797;B01;3;1;0;2;0;1;0;
68555;202100044128;122 798;A01;0;7;0;2;0;15;0;
68556;202100044129;122 795;A01;3;39;0;1;3;1;0;
68557;202100044130;122 793;B01;1;1;0;2;1;1;5;
68558;202100044130;122 794;A01;1;10;0;2;3;9;1;
68559;202100044131;122 791;B01;1;7;8;2;2;15;1;
68560;202100044131;122 792;A01;0;33;0;2;7;17;6;
68561;202100044132;122 789;A01;3;7;0;2;3;1;1;
68562;202100044132;122 790;B01;3;7;0;2;7;15;1;
68563;202100044133;122 787;A01;1;7;0;2;3;15;1;
68564;202100044133;122 788;B01;2;7;0;2;3;1;1;
68565;202100044134;122 785;A01;1;7;0;2;1;15;1;
68566;202100044134;122 786;B01;1;7;0;2;4;15;1;
68567;202100044135;122 783;B01;0;7;0;2;4;2;2;
68568;202100044135;122 784;A01;0;7;0;2;1;2;1;
68569;202100044136;122 782;A01;3;30;8;0;1;13;1;
68570;202100044137;122 780;B01;2;7;0;2;4;1;2;
68571;202100044137;122 781;A01;2;7;0;2;1;1;1;
68572;202100044138;122 779;A01;1;7;0;0;2;1;1;
68573;202100044139;122 778;A01;1;30;0;0;8;9;1;
68574;202100044140;122 775;A01;2;7;0;2;1;1;1;
68575;202100044140;122 776;B01;2;99;0;2;7;1;0;
68576;202100044140;122 777;C01;2;7;0;2;8;23;1;
68577;202100044141;122 773;A01;2;7;0;2;7;15;1;
68578;202100044141;122 774;B01;2;7;0;2;1;1;1;
68579;202100044142;122 772;A01;1;7;15;0;1;14;1;
68580;202100044143;122 771;A01;2;1;0;1;2;1;5;
68581;202100044144;122 770;A01;1;7;13;0;2;15;1;
68582;202100044145;122 769;A01;1;7;2;0;1;13;1;
68583;202100044146;122 768;A01;2;7;13;0;2;14;1;
68584;202100044147;122 767;A01;1;7;0;1;3;1;1;
68585;202100044148;122 765;A01;1;30;0;2;0;15;1;
68586;202100044148;122 766;B01;2;7;0;2;3;1;1;
68587;202100044149;122 763;B01;1;50;0;2;8;19;3;
68588;202100044149;122 764;A01;1;7;0;2;1;1;1;
68589;202100044150;122 761;A01;3;10;0;2;1;15;1;
68590;202100044150;122 762;B01;3;7;0;2;4;15;1;
68591;202100044151;122 757;B01;1;33;0;2;1;17;1;
68592;202100044151;122 758;A01;3;7;0;2;3;15;1;
68593;202100044152;122 755;B01;2;7;0;2;8;15;2;
68594;202100044152;122 756;A01;2;31;0;2;7;3;1;
68595;202100044153;122 749;A01;2;7;0;2;1;2;1;
68596;202100044153;122 750;B01;2;7;0;2;4;2;1;
68597;202100044153;122 751;C01;2;32;0;2;4;2;1;
68598;202100044153;122 752;D01;2;7;0;2;4;2;0;
68599;202100044154;122 747;A01;0;7;0;2;1;9;1;
68600;202100044154;122 748;B01;0;32;0;2;2;3;1;
68601;202100044155;122 746;A01;2;43;6;0;0;2;1;
68602;202100044156;122 744;B01;2;80;0;2;3;25;5;
68603;202100044156;122 745;A01;2;7;0;2;2;25;1;
68604;202100044158;122 740;A01;1;7;0;2;1;2;3;
68605;202100044158;122 741;B01;1;10;0;2;4;2;1;
68606;202100044159;122 738;B01;1;33;0;2;2;17;1;
68607;202100044159;122 739;A01;1;7;0;2;3;15;1;
68608;202100044160;122 737;A01;2;1;0;1;1;1;5;