;Num_Acc;id_vehicule;num_veh;senc;catv;obs;obsm;choc;manv;motor;occutc
68609;202100044161;122 735;B01;0;30;0;2;2;1;1;
68610;202100044161;122 736;Z01;0;7;0;2;0;14;0;
68611;202100044163;122 732;A01;2;30;0;2;0;21;1;
68612;202100044164;122 730;B01;2;7;0;2;2;15;1;
68613;202100044164;122 731;A01;1;43;0;2;1;7;1;
68614;202100044165;122 728;B01;1;32;0;2;3;1;1;
68615;202100044165;122 729;A01;1;30;0;2;5;12;1;
68616;202100044166;122 726;A01;3;7;0;2;1;1;1;
68617;202100044166;122 727;B01;3;7;0;2;4;23;1;
68618;202100044167;122 725;A01;3;80;0;0;0;1;3;
68619;202100044168;122 724;A01;1;30;0;1;7;1;3;
68620;202100044169;122 722;A01;1;32;0;2;1;1;1;
68621;202100044169;122 723;B01;0;1;0;2;8;9;5;
68622;202100044170;122 720;B01;1;7;0;2;2;16;1;
68623;202100044170;122 721;A01;1;32;0;2;3;18;1;
68624;202100044172;122 716;B01;1;7;0;2;4;2;1;
68625;202100044172;122 717;A01;1;14;0;2;1;2;1;
68626;202100044173;122 714;A01;3;7;0;2;4;2;1;
68627;202100044173;122 715;B01;2;10;1;9;4;2;1;
68628;202100044175;122 710;B01;3;7;0;2;8;1;3;
68629;202100044175;122 711;A01;3;7;0;2;1;19;1;
68630;202100044176;122 709;Z01;2;50;0;1;1;25;3;
68631;202100044177;122 707;A01;3;32;0;2;1;1;1;
68632;202100044177;122 708;B01;3;7;0;2;3;15;1;
68633;202100044178;122 706;A01;1;7;1;0;2;14;1;
68634;202100044179;122 704;A01;1;7;0;2;2;2;1;
68635;202100044179;122 705;B01;1;7;0;2;0;0;1;
68636;202100044180;122 702;A01;2;32;0;2;1;21;1;
68637;202100044180;122 703;B01;1;7;0;2;3;21;1;
68638;202100044181;122 700;A01;1;7;12;2;3;15;1;
68639;202100044181;122 701;B01;2;30;0;2;1;1;1;
68640;202100044182;122 698;B01;2;33;0;2;6;1;1;
68641;202100044182;122 699;A01;1;7;0;2;3;2;0;
68642;202100044183;122 696;B01;1;50;1;0;1;1;3;
68643;202100044183;122 697;A01;1;7;0;2;8;22;1;
68644;202100044184;122 694;A01;3;7;0;2;3;16;1;
68645;202100044184;122 695;B01;3;1;0;2;3;5;0;
68646;202100044185;122 693;A01;1;7;0;0;5;23;1;
68647;202100044186;122 691;A01;1;10;0;2;3;16;1;
68648;202100044186;122 692;B01;3;1;0;2;1;19;5;
68649;202100044187;122 690;A01;2;50;0;1;0;19;3;
68650;202100044188;122 689;A01;1;30;0;0;9;1;1;
68651;202100044190;122 686;B01;2;33;0;2;7;1;1;
68652;202100044190;122 687;A01;1;7;0;2;1;1;1;
68653;202100044192;122 682;B01;3;1;0;2;3;1;5;
68654;202100044192;122 683;A01;3;7;13;2;3;1;1;
68655;202100044193;122 680;A01;0;7;0;0;6;10;1;
68656;202100044193;122 681;B01;2;33;0;2;1;1;1;
68657;202100044194;122 678;A01;2;33;0;0;1;2;1;
68658;202100044194;122 679;B01;2;21;0;2;5;15;1;
68659;202100044195;122 677;A01;1;7;3;0;2;2;0;
68660;202100044196;122 675;A01;2;7;0;2;1;17;1;
68661;202100044196;122 676;B01;1;33;0;2;1;1;1;
68662;202100044197;122 674;A01;1;2;0;0;0;1;1;
68663;202100044198;122 672;A01;2;7;0;2;3;1;1;
68664;202100044198;122 673;B01;1;7;0;2;3;1;1;
68665;202100044199;122 670;B01;2;13;0;2;2;1;1;
68666;202100044199;122 671;A01;1;10;0;2;2;13;1;
68667;202100044200;122 669;A01;1;10;13;0;7;1;1;
68668;202100044201;122 667;B01;3;7;0;2;3;14;1;
68669;202100044201;122 668;A01;3;7;0;2;3;13;1;
68670;202100044202;122 666;A01;1;7;0;0;9;1;1;
68671;202100044203;122 664;B01;1;7;0;2;1;1;1;
68672;202100044203;122 665;A01;1;7;0;2;3;9;1;
68673;202100044204;122 663;A01;3;32;0;0;9;14;1;
68674;202100044205;122 661;A01;2;7;0;2;3;13;2;
68675;202100044205;122 662;B01;1;15;0;2;3;1;1;
68676;202100044207;122 655;D01;2;7;5;0;1;0;1;
68677;202100044207;122 656;C01;2;10;0;2;1;0;1;
68678;202100044207;122 657;B01;2;10;1;0;1;0;1;
68679;202100044207;122 658;A01;2;7;3;0;0;0;1;
68680;202100044209;122 648;B01;3;10;0;2;1;15;1;
68681;202100044209;122 649;A01;3;1;0;2;1;1;5;
68682;202100044210;122 646;B01;1;2;0;2;2;2;1;
68683;202100044210;122 647;A01;2;7;0;2;3;9;1;
68684;202100044212;122 642;B01;1;2;0;2;1;1;1;
68685;202100044212;122 643;A01;2;7;0;2;2;15;1;
68686;202100044213;122 640;B01;2;7;0;2;3;1;1;
68687;202100044213;122 641;A01;1;10;0;2;6;13;1;
68688;202100044214;122 639;A01;3;7;0;1;2;1;1;
68689;202100044215;122 638;A01;2;7;0;1;5;4;1;
68690;202100044216;122 637;A01;1;7;13;0;1;1;1;
68691;202100044217;122 636;A01;1;7;13;0;9;1;1;
68692;202100044218;122 634;A01;1;7;0;2;4;1;1;
68693;202100044218;122 635;B01;1;33;0;2;1;1;1;
68694;202100044219;122 632;A01;1;10;0;2;1;1;1;
68695;202100044219;122 633;B01;1;7;0;2;4;1;1;
68696;202100044221;122 628;B01;2;15;0;2;3;11;1;
68697;202100044221;122 629;A01;2;7;0;2;2;1;1;
68698;202100044222;122 627;A01;1;7;4;0;2;26;1;
68699;202100044225;122 621;B01;2;7;0;2;1;2;1;
68700;202100044225;122 622;A01;2;7;0;2;4;2;1;
68701;202100044226;122 614;A01;2;10;0;2;4;2;1;
68702;202100044226;122 615;B01;2;13;0;2;1;2;1;
68703;202100044226;122 616;C01;2;7;0;2;4;0;1;
68704;202100044226;122 617;D01;2;10;0;2;1;1;1;
68705;202100044226;122 618;E01;2;7;0;2;4;2;1;
68706;202100044226;122 619;F01;2;7;0;2;8;2;1;
68707;202100044226;122 620;G01;2;7;0;2;0;2;1;
68708;202100044227;122 612;B01;1;7;0;2;0;21;1;
68709;202100044227;122 613;A01;1;7;0;2;6;26;1;
68710;202100044228;122 611;A01;2;33;3;0;9;1;1;
68711;202100044229;122 608;C01;1;7;0;2;6;1;1;
68712;202100044229;122 609;A01;1;7;0;2;3;11;1;
68713;202100044229;122 610;B01;1;7;0;2;2;1;1;
68714;202100044230;122 606;A01;1;10;0;2;3;12;1;
68715;202100044230;122 607;B01;1;15;0;2;5;11;1;
68716;202100044231;122 603;B01;1;10;0;2;4;2;1;
68717;202100044231;122 604;A01;1;10;0;2;1;2;1;
68718;202100044231;122 605;C01;1;7;0;2;4;2;1;
68719;202100044232;122 601;A01;1;14;0;2;3;2;1;
68720;202100044232;122 602;B01;1;7;3;2;5;12;1;
68721;202100044234;122 596;B01;2;2;0;2;1;1;1;
68722;202100044234;122 597;A01;2;7;0;2;7;15;1;
68723;202100044236;122 594;A01;1;7;0;1;2;1;1;
68724;202100044237;122 593;A01;1;2;0;0;9;1;1;
68725;202100044238;122 591;B01;1;7;0;2;1;0;1;
68726;202100044238;122 592;A01;1;7;0;2;4;0;1;
68727;202100044239;122 590;A01;1;50;0;2;8;26;3;
68728;202100044240;122 589;A01;1;7;4;0;2;1;1;
68729;202100044241;122 587;A01;1;33;0;2;1;2;1;
68730;202100044241;122 588;B01;1;7;0;2;4;2;1;
68731;202100044242;122 585;B01;1;7;0;2;4;1;0;
68732;202100044242;122 586;A01;1;36;1;2;1;1;1;
68733;202100044243;122 584;A01;2;7;0;1;1;19;1;
68734;202100044244;122 583;A01;3;10;14;0;3;1;1;
68735;202100044245;122 581;B01;2;1;0;2;1;1;5;
68736;202100044245;122 582;A01;1;7;0;2;5;15;1;
68737;202100044246;122 579;B01;1;2;0;2;7;1;1;
68738;202100044246;122 580;A01;1;7;0;2;8;11;1;
68739;202100044247;122 577;A01;1;10;0;9;2;26;1;
68740;202100044247;122 578;B01;1;1;0;2;7;26;5;
68741;202100044250;122 572;A01;1;7;0;2;6;22;1;
68742;202100044250;122 573;B01;1;50;0;2;1;1;3;
68743;202100044251;122 570;A01;1;7;0;2;8;1;1;
68744;202100044251;122 571;B01;0;50;0;2;1;19;3;
68745;202100044253;122 566;B01;1;7;0;2;8;19;1;
68746;202100044253;122 567;A01;1;7;0;2;1;19;1;
68747;202100044254;122 563;A01;1;7;0;2;1;2;1;
68748;202100044254;122 564;B01;1;7;0;2;4;23;1;
68749;202100044254;122 565;C01;1;7;0;2;4;23;1;
68750;202100044255;122 562;A01;2;7;15;0;2;14;1;
68751;202100044256;122 560;A01;2;7;0;2;3;1;1;
68752;202100044256;122 561;B01;1;7;0;2;2;1;1;
68753;202100044257;122 558;B01;1;7;0;2;7;1;1;
68754;202100044257;122 559;A01;1;2;0;2;1;19;1;
68755;202100044258;122 555;C01;2;7;0;2;1;2;1;
68756;202100044258;122 556;B01;2;7;0;2;4;2;1;
68757;202100044258;122 557;A01;2;7;0;2;4;15;1;
68758;202100044259;122 553;B01;-1;1;0;2;1;19;5;
68759;202100044259;122 554;A01;2;7;0;2;1;1;1;
68760;202100044260;122 551;B01;2;1;1;0;1;1;5;
68761;202100044260;122 552;A01;2;10;0;2;8;22;1;
68762;202100044261;122 549;A01;1;7;1;2;1;2;1;
68763;202100044261;122 550;B01;2;7;0;2;4;2;1;
68764;202100044262;122 548;B01;2;2;0;0;7;26;3;
68765;202100044263;122 546;B01;1;80;0;2;1;1;3;
68766;202100044263;122 547;A01;2;7;0;2;2;15;1;
68767;202100044264;122 545;A01;3;7;8;0;3;5;1;
68768;202100044265;122 544;A01;3;33;1;0;1;26;0;
68769;202100044266;122 542;A01;3;50;0;2;1;1;3;
68770;202100044266;122 543;B01;3;7;0;2;3;1;1;
68771;202100044267;122 540;A01;1;7;0;9;1;1;1;
68772;202100044267;122 541;B01;1;1;0;2;8;1;5;
68773;202100044268;122 538;A01;0;10;0;2;1;1;1;
68774;202100044268;122 539;B01;0;7;0;2;5;1;1;
68775;202100044269;122 536;B01;0;7;0;2;1;1;1;
68776;202100044269;122 537;A01;0;7;0;2;1;13;0;
68777;202100044270;122 534;B01;1;2;0;2;0;0;1;
68778;202100044270;122 535;A01;1;7;0;2;1;15;1;
68779;202100044271;122 532;A01;2;7;0;2;2;15;1;
68780;202100044271;122 533;B01;1;33;0;2;1;1;1;
68781;202100044272;122 530;B01;1;7;0;2;4;23;1;
68782;202100044272;122 531;A01;1;7;0;2;1;2;1;
68783;202100044273;122 529;A01;1;10;3;0;7;14;1;
68784;202100044274;122 527;B01;1;31;0;2;1;1;1;
68785;202100044274;122 528;A01;2;7;0;2;7;1;1;
68786;202100044275;122 525;A01;1;7;0;2;1;2;1;
68787;202100044275;122 526;B01;1;7;0;2;4;23;1;
68788;202100044276;122 524;A01;2;7;8;0;1;1;1;
68789;202100044277;122 522;B01;1;7;0;2;5;16;1;
68790;202100044277;122 523;A01;1;31;0;2;1;7;1;
68791;202100044278;122 520;B01;1;7;0;2;2;15;1;
68792;202100044278;122 521;A01;2;32;0;2;1;1;1;
68793;202100044279;122 518;A01;3;33;0;0;0;0;1;
68794;202100044279;122 519;B01;3;7;0;0;0;0;1;
68795;202100044280;122 517;A01;3;7;0;1;4;4;1;
68796;202100044283;122 511;A01;3;7;0;1;6;4;1;
68797;202100044284;122 509;A01;3;7;0;2;1;2;1;
68798;202100044284;122 510;B01;3;7;0;2;4;23;1;
68799;202100044285;122 507;B01;1;30;0;2;9;0;1;
68800;202100044285;122 508;A01;2;7;0;2;1;1;1;
68801;202100044286;122 504;A01;3;7;0;2;1;26;1;
68802;202100044286;122 505;C01;3;7;0;2;2;24;1;
68803;202100044286;122 506;B01;3;7;0;2;7;1;1;
68804;202100044287;122 502;B01;3;7;0;2;3;15;1;
68805;202100044287;122 503;A01;3;30;0;2;7;17;1;
68806;202100044289;122 499;A01;2;2;0;2;1;1;1;
68807;202100044289;122 500;B01;2;7;0;2;5;15;1;
68808;202100044290;122 497;D01;3;60;0;2;1;19;5;
68809;202100044290;122 498;A01;1;7;0;2;2;1;1;
68810;202100044291;122 494;B01;1;43;0;2;4;3;1;
68811;202100044291;122 495;C01;1;7;0;2;8;1;1;
68812;202100044291;122 496;A01;1;33;0;2;1;3;1;
68813;202100044292;122 492;B01;1;7;0;2;1;2;2;
68814;202100044292;122 493;A01;1;7;0;2;4;2;1;
68815;202100044293;122 490;Z01;1;33;0;2;0;1;1;
68816;202100044293;122 491;A01;1;1;0;2;3;1;5;
68817;202100044294;122 488;B01;1;1;0;2;8;19;5;
68818;202100044294;122 489;A01;2;7;0;2;3;15;1;
68819;202100044295;122 486;B01;2;2;0;2;5;1;1;
68820;202100044295;122 487;A01;2;7;0;2;3;10;1;
68821;202100044296;122 484;B01;2;7;0;2;8;22;1;
68822;202100044296;122 485;A01;2;1;0;2;1;1;5;
68823;202100044297;122 482;B01;3;30;0;2;1;17;1;
68824;202100044297;122 483;A01;3;80;0;2;8;19;3;
68825;202100044299;122 479;A01;1;50;0;1;1;5;3;
68826;202100044300;122 477;B01;2;7;0;2;2;16;1;
68827;202100044300;122 478;A01;2;32;0;2;3;18;1;
68828;202100044301;122 475;B01;2;33;0;2;8;1;1;
68829;202100044301;122 476;A01;1;7;0;2;3;15;1;
68830;202100044302;122 474;A01;2;50;0;1;1;25;3;
68831;202100044303;122 473;A01;2;1;0;1;1;1;5;
68832;202100044304;122 471;B01;1;30;0;2;4;23;1;
68833;202100044304;122 472;A01;1;7;0;2;1;2;1;
68834;202100044305;122 470;A01;1;7;0;1;4;4;1;
68835;202100044306;122 469;A01;1;7;0;1;3;1;1;
68836;202100044307;122 467;B01;1;7;0;2;0;0;1;
68837;202100044307;122 468;A01;1;7;0;2;0;19;1;
68838;202100044308;122 466;A01;2;7;0;1;3;1;1;
68839;202100044309;122 463;C01;3;7;0;2;0;0;1;
68840;202100044309;122 464;B01;-1;7;0;2;8;1;1;
68841;202100044309;122 465;A01;-1;32;0;2;1;1;3;
68842;202100044310;122 462;A01;1;10;0;1;3;11;0;
68843;202100044311;122 461;A01;1;7;0;1;0;11;0;
68844;202100044312;122 459;A01;1;7;0;2;3;15;1;
68845;202100044312;122 460;B01;1;43;0;2;1;17;1;
68846;202100044313;122 458;A01;1;7;0;1;2;1;1;
68847;202100044314;122 457;A01;2;1;0;1;1;1;5;
68848;202100044315;122 456;A01;0;7;1;0;2;26;1;
68849;202100044316;122 454;A01;1;30;0;2;1;1;1;
68850;202100044316;122 455;B01;2;10;0;2;3;19;1;
68851;202100044317;122 453;A01;1;33;0;1;1;1;1;
68852;202100044318;122 451;A01;1;7;0;2;3;9;1;
68853;202100044318;122 452;B01;1;1;0;2;7;1;5;
68854;202100044319;122 449;A01;2;7;0;2;7;15;1;
68855;202100044319;122 450;B01;1;37;0;2;2;1;1;1.0
68856;202100044320;122 447;A01;1;3;0;2;1;1;1;
68857;202100044320;122 448;B01;1;1;0;2;4;15;5;
68858;202100044321;122 445;A01;1;7;0;2;3;19;1;
68859;202100044321;122 446;B01;2;2;0;0;8;1;1;
68860;202100044322;122 443;A01;0;7;0;2;2;1;1;
68861;202100044322;122 444;B01;0;2;0;2;3;1;1;
68862;202100044323;122 442;A01;3;2;0;0;8;15;1;
68863;202100044324;122 440;A01;3;21;0;2;2;16;1;
68864;202100044324;122 441;B01;3;2;0;2;1;18;1;
68865;202100044325;122 436;C01;1;10;0;2;1;2;1;
68866;202100044325;122 437;B01;1;7;0;2;3;1;1;
68867;202100044325;122 438;D01;1;7;0;2;1;2;1;
68868;202100044325;122 439;A01;2;7;0;2;3;13;1;
68869;202100044327;122 433;A01;2;7;2;0;1;1;1;
68870;202100044329;122 429;A01;3;7;1;2;7;13;1;
68871;202100044329;122 430;B01;3;7;0;2;1;1;1;
68872;202100044331;122 426;A01;1;17;0;2;1;17;1;
68873;202100044331;122 427;B01;1;7;0;2;8;26;1;
68874;202100044332;122 425;A01;2;2;2;0;2;1;1;
68875;202100044333;122 423;A01;1;7;0;2;1;1;1;
68876;202100044333;122 424;B01;2;7;0;2;8;14;1;
68877;202100044334;122 422;A01;1;7;2;0;3;13;1;
68878;202100044335;122 420;A01;0;7;0;9;4;2;1;
68879;202100044335;122 421;B01;3;1;0;0;4;1;5;
68880;202100044336;122 418;A01;2;7;0;0;8;19;1;
68881;202100044336;122 419;B01;2;31;0;2;3;21;1;
68882;202100044337;122 416;A01;1;10;0;2;2;0;1;
68883;202100044337;122 417;B01;1;10;0;2;6;0;0;
68884;202100044338;122 414;B01;1;10;0;9;1;17;1;
68885;202100044338;122 415;A01;1;17;0;2;0;1;1;
68886;202100044339;122 413;A01;3;7;16;0;9;26;1;
68887;202100044340;122 412;A01;3;21;0;1;5;17;1;
68888;202100044342;122 410;A01;2;7;13;0;1;1;1;
68889;202100044343;122 409;A01;1;7;5;0;0;2;1;
68890;202100044344;122 407;B01;1;7;0;2;1;1;1;
68891;202100044344;122 408;A01;2;7;0;2;1;13;1;
68892;202100044345;122 406;A01;1;7;0;0;1;1;1;
68893;202100044346;122 405;A01;2;14;3;0;7;14;1;
68894;202100044348;122 400;A01;1;7;0;2;7;2;1;
68895;202100044349;122 398;B01;1;10;0;2;6;2;1;
68896;202100044349;122 399;A01;1;33;0;2;1;2;1;
68897;202100044350;122 396;A01;1;10;0;2;1;1;1;
68898;202100044350;122 397;B01;1;15;0;2;4;2;1;
68899;202100044352;122 393;A01;3;7;12;0;2;0;1;
68900;202100044353;122 392;A01;2;2;9;0;0;1;3;
68901;202100044355;122 388;B01;2;7;12;2;7;21;1;
68902;202100044355;122 389;A01;2;7;0;1;1;9;1;
68903;202100044356;122 386;B01;2;7;0;2;4;1;1;
68904;202100044356;122 387;A01;2;2;0;2;2;1;1;
68905;202100044358;122 382;A01;2;7;0;2;1;16;1;
68906;202100044358;122 383;B01;2;7;1;2;2;1;1;
68907;202100044359;122 381;A01;2;7;3;0;1;16;0;
68908;202100044360;122 379;B01;2;7;9;2;2;1;1;
68909;202100044360;122 380;A01;1;7;0;2;2;15;1;
68910;202100044361;122 378;A01;1;7;0;1;2;16;1;
68911;202100044362;122 377;A01;3;10;2;0;3;1;1;
68912;202100044363;122 373;C01;1;7;0;2;1;1;1;
68913;202100044363;122 374;B01;1;33;3;2;1;1;1;
68914;202100044363;122 375;A01;1;7;3;0;1;1;1;
68915;202100044363;122 376;D01;1;7;0;2;3;1;1;
68916;202100044364;122 371;A01;1;7;0;2;3;15;0;
68917;202100044364;122 372;B01;1;7;0;2;3;1;0;
68918;202100044365;122 369;B01;1;7;0;2;1;1;1;
68919;202100044365;122 370;A01;1;1;0;2;8;15;1;
68920;202100044368;122 362;A01;3;30;0;0;0;1;1;
68921;202100044369;122 360;B01;1;30;0;2;1;1;1;
68922;202100044369;122 361;A01;2;30;0;2;2;15;1;
68923;202100044370;122 358;A01;1;7;0;2;2;1;1;
68924;202100044370;122 359;B01;1;37;0;2;1;1;1;1.0
68925;202100044371;122 356;B01;1;30;0;2;1;2;1;
68926;202100044371;122 357;A01;1;31;0;2;4;23;1;
68927;202100044372;122 355;A01;1;0;0;1;6;20;0;
68928;202100044373;122 354;A01;2;7;1;0;2;14;1;
68929;202100044374;122 352;B01;3;7;0;2;2;26;1;
68930;202100044374;122 353;A01;2;30;0;2;2;26;0;
68931;202100044375;122 350;A01;0;10;0;2;1;9;1;
68932;202100044375;122 351;B01;0;10;0;2;8;1;1;
68933;202100044376;122 349;A01;1;7;1;0;1;1;1;
68934;202100044377;122 347;A01;1;1;0;2;1;1;5;
68935;202100044377;122 348;B01;0;3;0;2;3;9;1;
68936;202100044378;122 346;A01;2;7;8;0;3;13;1;
68937;202100044379;122 344;B01;2;7;0;2;1;1;1;
68938;202100044379;122 345;A01;2;7;0;2;6;13;1;
68939;202100044380;122 343;A01;2;7;2;0;3;13;1;
68940;202100044381;122 342;A01;2;7;4;0;6;1;1;
68941;202100044382;122 341;A01;3;7;13;0;1;14;1;
68942;202100044383;122 339;A01;1;2;0;2;8;13;1;
68943;202100044383;122 340;B01;2;10;0;2;8;14;1;
68944;202100044384;122 338;A01;1;2;0;0;0;1;1;
68945;202100044385;122 337;A01;2;7;8;0;2;1;1;
68946;202100044387;122 335;A01;0;7;3;0;1;0;1;
68947;202100044388;122 333;B01;1;7;0;2;3;15;1;
68948;202100044388;122 334;A01;2;33;0;2;1;17;1;
68949;202100044389;122 332;B01;1;7;0;1;1;16;1;
68950;202100044390;122 330;A01;1;7;0;2;1;15;1;
68951;202100044390;122 331;B01;2;7;0;2;1;1;1;
68952;202100044391;122 329;A01;1;7;13;0;9;13;1;
68953;202100044392;122 328;A01;1;7;12;0;1;2;1;
68954;202100044393;122 327;A01;1;1;0;0;9;1;5;
68955;202100044394;122 326;A01;2;7;13;0;2;0;1;
68956;202100044395;122 325;A01;1;7;8;0;2;1;1;
68957;202100044396;122 321;D01;2;7;13;0;7;1;1;
68958;202100044396;122 322;C01;1;7;13;0;1;1;1;
68959;202100044396;122 323;B01;1;10;0;2;3;1;1;
68960;202100044396;122 324;A01;1;10;0;2;3;5;1;
68961;202100044397;122 319;B01;2;7;0;2;1;1;1;
68962;202100044397;122 320;A01;2;7;0;2;2;15;1;
68963;202100044398;122 318;A01;2;33;0;0;0;1;1;
68964;202100044399;122 316;A01;1;33;0;2;8;1;1;
68965;202100044399;122 317;B01;2;7;0;2;8;0;1;
68966;202100044400;122 315;A01;2;33;0;0;9;14;1;
68967;202100044401;122 313;B01;3;7;13;2;1;1;1;
68968;202100044401;122 314;A01;3;7;0;2;1;1;1;
68969;202100044402;122 311;A01;1;7;0;2;3;13;1;
68970;202100044402;122 312;B01;2;7;13;2;3;1;1;
68971;202100044403;122 309;A01;2;7;2;0;2;1;1;
68972;202100044405;122 306;A01;2;37;0;0;3;1;1;1.0
68973;202100044405;122 307;B01;3;7;0;0;1;15;1;
68974;202100044407;122 304;A01;2;7;2;0;1;14;1;
68975;202100044408;122 303;A01;3;7;0;1;1;16;1;
68976;202100044409;122 301;B01;2;10;0;2;3;0;1;
68977;202100044409;122 302;A01;1;10;0;2;3;0;1;
68978;202100044410;122 300;B01;2;17;13;0;8;1;0;
68979;202100044411;122 299;A01;1;7;2;0;4;4;1;
68980;202100044412;122 297;A01;1;7;13;2;7;13;1;
68981;202100044412;122 298;B01;2;7;0;2;1;1;1;
68982;202100044413;122 295;B01;2;10;0;2;5;23;1;
68983;202100044413;122 296;A01;2;30;0;2;1;2;1;
68984;202100044414;122 294;A01;2;15;3;0;3;2;1;
68985;202100044415;122 292;B01;1;7;0;2;3;15;1;
68986;202100044415;122 293;A01;1;7;13;2;2;17;1;
68987;202100044416;122 290;B01;1;7;0;2;1;1;1;
68988;202100044416;122 291;A01;1;2;0;2;4;2;1;
68989;202100044417;122 289;A01;2;7;17;0;1;1;1;
68990;202100044418;122 287;B01;2;10;0;2;3;1;1;
68991;202100044418;122 288;A01;1;7;0;2;3;13;1;
68992;202100044419;122 286;A01;1;33;0;0;9;1;1;
68993;202100044420;122 284;A01;1;7;0;0;6;15;1;
68994;202100044420;122 285;B01;1;2;0;2;3;1;1;
68995;202100044421;122 283;A01;1;2;1;0;3;1;1;
68996;202100044422;122 281;A01;1;17;0;0;3;1;1;
68997;202100044423;122 279;B01;2;7;0;2;3;1;1;
68998;202100044423;122 280;A01;2;7;0;2;7;4;1;
68999;202100044424;122 278;A01;1;7;5;0;0;1;1;
69000;202100044425;122 276;Z01;2;7;0;2;1;0;0;
69001;202100044425;122 277;A01;2;7;0;2;4;1;1;
69002;202100044426;122 273;B01;1;7;0;2;3;1;1;
69003;202100044426;122 274;A01;1;7;0;2;1;17;1;
69004;202100044426;122 275;C01;1;7;0;2;4;1;1;
69005;202100044427;122 271;A01;2;7;0;2;2;1;1;
69006;202100044427;122 272;B01;2;33;0;2;9;26;1;
69007;202100044428;122 270;A01;2;7;0;0;3;13;1;
69008;202100044429;122 269;A01;1;7;4;0;2;1;1;
69009;202100044430;122 266;B01;1;7;0;2;6;2;1;
69010;202100044430;122 267;A01;2;7;0;2;1;1;1;
69011;202100044430;122 268;C01;2;7;0;2;1;1;1;
69012;202100044431;122 265;A01;1;7;4;0;1;1;1;
69013;202100044432;122 264;A01;2;7;0;0;9;1;1;
69014;202100044434;122 261;A01;2;7;4;0;1;1;1;
69015;202100044435;122 260;A01;2;7;4;0;1;1;1;
69016;202100044436;122 258;A01;1;7;3;0;9;11;1;
69017;202100044436;122 259;B01;1;7;0;9;0;0;1;
69018;202100044437;122 255;B01;2;7;0;2;4;1;1;
69019;202100044437;122 256;C01;2;7;0;2;4;1;1;
69020;202100044437;122 257;A01;2;7;1;2;1;1;1;
69021;202100044438;122 254;A01;2;7;3;0;9;1;1;
69022;202100044439;122 253;A01;1;7;0;1;2;15;1;
69023;202100044440;122 250;A01;2;7;0;2;3;15;1;
69024;202100044440;122 251;B01;1;2;0;2;1;1;1;
69025;202100044441;122 249;A01;0;30;1;0;2;26;1;
69026;202100044442;122 247;A01;1;7;0;0;0;0;1;
69027;202100044442;122 248;B01;1;32;0;0;0;0;1;
69028;202100044443;122 246;A01;3;10;16;0;1;1;1;
69029;202100044444;122 244;A01;2;2;0;2;8;1;1;
69030;202100044444;122 245;B01;2;7;0;2;0;0;1;
69031;202100044445;122 243;A01;2;7;4;0;1;1;1;
69032;202100044446;122 242;A01;1;7;0;1;2;1;0;
69033;202100044447;122 240;B01;1;7;0;2;7;2;1;
69034;202100044447;122 241;A01;1;7;0;2;9;16;1;
69035;202100044448;122 239;A01;1;50;12;0;8;26;3;
69036;202100044449;122 238;A01;1;7;1;0;2;1;1;
69037;202100044450;122 237;A01;3;7;0;1;0;1;1;
69038;202100044451;122 235;A01;3;7;0;2;3;15;1;
69039;202100044451;122 236;B01;3;33;0;2;1;1;1;
69040;202100044452;122 233;A01;1;7;0;2;0;23;1;
69041;202100044452;122 234;B01;1;1;1;0;7;1;5;
69042;202100044453;122 232;A01;1;7;6;0;1;15;1;
69043;202100044454;122 231;A01;1;3;8;0;3;14;1;
69044;202100044456;122 227;A01;2;7;0;2;3;13;1;
69045;202100044456;122 228;B01;1;17;0;2;3;21;0;
69046;202100044458;122 224;A01;0;2;0;0;0;1;1;
69047;202100044459;122 223;A01;2;7;3;0;6;15;1;
69048;202100044460;122 221;A01;2;7;0;2;1;9;1;
69049;202100044460;122 222;B01;2;33;0;2;7;1;1;
69050;202100044461;122 219;B01;3;33;12;0;4;1;1;
69051;202100044461;122 220;A01;3;7;0;2;2;2;1;
69052;202100044462;122 217;A01;2;7;0;2;2;26;1;
69053;202100044462;122 218;B01;1;34;0;2;1;1;1;
69054;202100044463;122 215;A01;1;7;0;2;1;15;1;
69055;202100044463;122 216;B01;1;7;0;2;3;0;1;
69056;202100044464;122 213;A01;2;1;0;2;1;25;5;
69057;202100044464;122 214;B01;2;37;0;2;2;1;2;1.0
69058;202100044465;122 211;B01;1;7;0;2;4;1;1;
69059;202100044465;122 212;A01;1;10;0;2;1;1;1;
69060;202100044466;122 210;A01;3;7;7;0;3;1;1;
69061;202100044467;122 208;A01;2;7;0;2;1;2;1;
69062;202100044467;122 209;B01;2;7;0;2;4;2;1;
69063;202100044468;122 207;A01;1;7;0;1;1;1;1;
69064;202100044471;122 202;A01;1;31;12;0;3;14;1;
69065;202100044472;122 201;A01;2;33;6;0;7;1;1;
69066;202100044474;122 198;A01;1;32;0;2;8;21;1;
69067;202100044475;122 195;C01;1;7;0;2;4;23;1;
69068;202100044475;122 196;B01;1;7;0;2;4;2;1;
69069;202100044475;122 197;A01;1;10;0;2;1;2;1;