;Num_Acc;id_vehicule;num_veh;senc;catv;obs;obsm;choc;manv;motor;occutc
69070;202100044476;122 193;B01;3;33;0;2;4;2;1;
69071;202100044476;122 194;A01;3;33;0;2;1;2;1;
69072;202100044477;122 192;A01;1;7;0;1;1;1;1;
69073;202100044478;122 191;A01;1;7;0;1;1;1;2;
69074;202100044479;122 189;A01;2;50;0;2;1;18;3;
69075;202100044479;122 190;Z01;2;7;0;2;2;22;0;
69076;202100044480;122 187;Z01;2;7;0;2;0;10;0;
69077;202100044480;122 188;A01;1;30;0;2;1;1;1;
69078;202100044481;122 186;A01;2;80;0;1;7;1;3;
69079;202100044482;122 184;B01;2;1;0;2;1;1;5;
69080;202100044482;122 185;A01;2;7;0;2;3;9;2;
69081;202100044483;122 182;A01;2;7;0;2;7;16;1;
69082;202100044483;122 183;B01;2;1;0;2;1;1;5;
69083;202100044484;122 180;A01;1;7;0;2;2;15;1;
69084;202100044484;122 181;B01;2;32;0;2;1;1;1;
69085;202100044485;122 178;A01;2;7;0;2;3;15;1;
69086;202100044485;122 179;B01;2;30;0;2;2;17;1;
69087;202100044486;122 177;A01;1;7;7;0;1;1;1;
69088;202100044488;122 174;B01;1;7;0;2;1;1;2;
69089;202100044488;122 175;A01;1;2;0;2;2;7;1;
69090;202100044489;122 172;A01;1;7;0;9;7;16;1;
69091;202100044489;122 173;B01;1;1;0;2;8;1;0;
69092;202100044490;122 171;A01;3;30;4;0;3;17;1;
69093;202100044491;122 169;A01;1;7;0;2;8;22;1;
69094;202100044491;122 170;B01;1;2;14;2;1;17;1;
69095;202100044492;122 168;A01;0;31;0;0;7;1;3;
69096;202100044493;122 166;B01;2;1;14;2;3;1;5;
69097;202100044493;122 167;A01;2;7;0;2;5;4;1;
69098;202100044495;122 163;A01;0;36;0;0;2;0;1;
69099;202100044496;122 162;A01;2;7;8;0;1;1;1;
69100;202100044497;122 161;A01;2;33;0;0;0;1;1;
69101;202100044498;122 160;A01;2;7;4;0;2;1;1;
69102;202100044500;122 157;A01;1;7;2;0;1;1;1;
69103;202100044502;122 155;A01;3;7;0;0;9;0;1;
69104;202100044503;122 154;A01;2;7;0;0;0;0;1;
69105;202100044504;122 153;A01;2;7;17;0;1;1;1;
69106;202100044505;122 152;A01;1;7;13;0;1;1;1;
69107;202100044506;122 150;A01;3;1;0;2;7;2;5;
69108;202100044506;122 151;B01;3;1;0;2;1;2;5;
69109;202100044507;122 149;A01;1;7;0;5;1;1;1;
69110;202100044508;122 148;A01;2;2;12;0;7;1;1;
69111;202100044509;122 147;A01;2;7;2;0;1;1;1;
69112;202100044510;122 146;A01;1;7;0;0;0;1;1;
69113;202100044511;122 145;A01;2;7;2;0;2;13;1;
69114;202100044512;122 143;B01;1;10;0;2;5;1;1;
69115;202100044512;122 144;A01;1;30;0;2;8;9;1;
69116;202100044513;122 142;A01;2;7;3;0;0;1;1;
69117;202100044514;122 141;A01;1;10;13;0;1;0;1;
69118;202100044515;122 139;B01;0;30;0;2;1;1;1;
69119;202100044515;122 140;A01;3;31;0;2;1;5;1;
69120;202100044516;122 138;A01;3;7;0;1;2;20;1;
69121;202100044517;122 136;A01;1;7;0;2;3;13;1;
69122;202100044517;122 137;B01;2;7;0;2;1;1;1;
69123;202100044518;122 135;A01;3;7;0;1;4;4;1;
69124;202100044519;122 134;A01;2;7;2;0;3;0;1;
69125;202100044520;122 133;A01;2;33;12;0;8;1;1;
69126;202100044521;122 132;A01;1;7;15;0;0;1;1;
69127;202100044522;122 131;A01;1;7;0;1;3;11;1;
69128;202100044523;122 130;A01;3;7;16;0;1;1;1;
69129;202100044524;122 129;A01;1;7;13;0;9;1;1;
69130;202100044527;122 125;A01;1;7;4;0;1;1;1;
69131;202100044529;122 123;A01;1;7;4;0;8;13;1;
69132;202100044530;122 122;A01;2;7;4;0;0;0;1;
69133;202100044531;122 120;B01;1;7;0;2;0;1;3;
69134;202100044531;122 121;A01;1;7;0;2;3;1;1;
69135;202100044532;122 119;A01;1;33;0;0;9;16;1;
69136;202100044533;122 117;A01;2;7;0;2;2;1;1;
69137;202100044533;122 118;B01;2;7;0;2;4;2;1;
69138;202100044534;122 116;A01;2;7;13;0;9;26;1;
69139;202100044535;122 115;A01;1;30;0;1;1;25;1;
69140;202100044536;122 113;A01;2;7;0;2;2;1;1;
69141;202100044536;122 114;B01;2;7;0;2;3;1;1;
69142;202100044537;122 112;A01;2;1;0;1;1;1;5;
69143;202100044539;122 108;A01;2;32;0;2;8;1;1;
69144;202100044539;122 109;B01;2;7;0;2;2;15;1;
69145;202100044540;122 105;C01;1;33;0;2;1;2;1;
69146;202100044540;122 106;B01;1;7;0;2;9;2;1;
69147;202100044540;122 107;A01;1;13;0;2;4;2;1;
69148;202100044541;122 103;B01;3;7;0;2;1;2;1;
69149;202100044541;122 104;A01;3;7;0;2;4;23;1;
69150;202100044542;122 101;B01;1;43;0;2;1;2;1;
69151;202100044542;122 102;A01;1;7;0;9;4;26;1;
69152;202100044543;122 099;A01;3;7;0;2;2;1;1;
69153;202100044543;122 100;B01;3;7;0;2;4;24;1;
69154;202100044545;122 095;A01;2;60;0;2;3;13;5;
69155;202100044545;122 096;B01;2;7;0;2;2;2;1;
69156;202100044546;122 094;A01;1;31;14;0;7;1;1;
69157;202100044547;122 088;D01;2;7;0;2;4;2;1;
69158;202100044547;122 089;C01;2;7;0;2;4;2;1;
69159;202100044547;122 090;B01;2;7;0;2;4;2;1;
69160;202100044547;122 091;A01;2;7;0;2;1;2;1;
69161;202100044548;122 087;A01;1;7;0;1;2;1;1;
69162;202100044549;122 085;B01;2;33;0;2;1;1;1;
69163;202100044549;122 086;A01;0;2;0;2;5;9;1;
69164;202100044550;122 083;B01;1;14;0;2;3;1;1;
69165;202100044550;122 084;A01;2;7;0;2;3;1;1;
69166;202100044551;122 081;B01;3;33;0;2;1;25;1;
69167;202100044551;122 082;A01;3;7;0;2;2;15;1;
69168;202100044552;122 079;A01;3;7;0;1;1;1;1;
69169;202100044553;122 078;A01;1;7;12;0;1;12;1;
69170;202100044554;122 076;A01;2;7;0;2;1;1;1;
69171;202100044554;122 077;B01;1;10;0;2;3;0;1;
69172;202100044555;122 074;A01;1;7;0;2;8;22;1;
69173;202100044555;122 075;B01;1;1;0;2;1;1;0;
69174;202100044556;122 073;A01;1;10;0;1;1;0;1;
69175;202100044557;122 071;A01;2;7;0;2;3;15;1;
69176;202100044557;122 072;B01;1;31;0;2;8;1;1;
69177;202100044558;122 070;A01;2;10;0;1;1;13;0;
69178;202100044559;122 068;B01;1;7;0;2;6;1;1;
69179;202100044559;122 069;A01;1;1;0;2;1;19;5;
69180;202100044560;122 066;A01;3;7;0;2;1;2;1;
69181;202100044560;122 067;B01;3;7;0;2;4;2;1;
69182;202100044561;122 064;A01;1;7;0;2;9;1;1;
69183;202100044561;122 065;B01;1;7;0;2;1;1;1;
69184;202100044562;122 062;B01;1;7;0;2;1;1;1;
69185;202100044562;122 063;A01;1;7;0;2;7;1;1;
69186;202100044563;122 060;A01;2;7;0;2;3;16;1;
69187;202100044563;122 061;B01;1;7;0;2;1;1;1;
69188;202100044564;122 059;A01;1;7;0;1;1;1;1;
69189;202100044565;122 057;B01;1;7;0;1;4;1;1;
69190;202100044565;122 058;A01;1;7;0;2;1;1;1;
69191;202100044566;122 055;B01;1;1;0;2;3;19;5;
69192;202100044566;122 056;Z01;1;0;0;2;0;18;0;
69193;202100044567;122 053;B01;1;7;0;2;4;2;1;
69194;202100044567;122 054;A01;1;7;0;2;1;2;1;
69195;202100044568;122 052;A01;1;2;0;0;0;1;1;
69196;202100044569;122 050;A01;3;1;0;2;1;2;6;
69197;202100044569;122 051;B01;1;7;0;9;4;23;1;
69198;202100044570;122 048;A01;1;7;0;2;1;1;1;
69199;202100044570;122 049;B01;2;13;0;0;5;1;1;
69200;202100044571;122 047;RA01;2;31;8;0;1;26;1;
69201;202100044572;122 046;A01;2;7;2;0;1;1;1;
69202;202100044573;122 044;B01;0;7;0;2;3;1;1;
69203;202100044573;122 045;A01;0;7;0;2;1;15;1;
69204;202100044574;122 043;A01;3;7;13;0;2;15;1;
69205;202100044575;122 041;B01;1;7;0;2;4;2;1;
69206;202100044575;122 042;A01;1;7;0;2;1;2;1;
69207;202100044576;122 039;A01;2;50;0;2;1;15;3;
69208;202100044576;122 040;B01;1;7;0;2;2;1;1;
69209;202100044577;122 037;A01;1;7;0;2;1;2;0;
69210;202100044577;122 038;B01;1;2;0;2;4;0;1;
69211;202100044579;122 033;B01;3;7;0;2;3;2;0;
69212;202100044579;122 034;A01;3;15;0;2;1;14;1;
69213;202100044581;122 029;A01;1;7;0;2;1;15;1;
69214;202100044581;122 030;B01;1;10;0;2;8;1;1;
69215;202100044582;122 027;A01;1;7;0;2;6;19;1;
69216;202100044582;122 028;B01;1;50;0;2;1;1;3;
69217;202100044583;122 026;A01;1;1;5;0;1;1;5;
69218;202100044584;122 024;B01;1;7;0;2;8;1;1;
69219;202100044584;122 025;A01;1;7;0;2;1;1;1;
69220;202100044585;122 022;B01;2;10;0;2;1;1;1;
69221;202100044585;122 023;A01;1;30;0;2;1;17;0;
69222;202100044586;122 020;A01;0;7;15;2;8;19;1;
69223;202100044586;122 021;B01;2;7;0;2;1;21;1;
69224;202100044587;122 019;A01;1;7;8;0;1;25;1;
69225;202100044588;122 017;A01;1;7;0;2;2;9;1;
69226;202100044588;122 018;B01;1;30;0;2;1;2;1;
69227;202100044590;122 015;A01;3;50;0;1;1;1;3;
69228;202100044591;122 014;A01;2;43;0;1;1;3;1;
69229;202100044592;122 011;C01;2;60;0;2;8;16;5;
69230;202100044592;122 012;B01;2;1;0;2;8;16;5;
69231;202100044592;122 013;A01;2;14;0;2;2;16;1;
69232;202100044593;122 009;A01;3;10;0;2;1;1;1;
69233;202100044593;122 010;B01;3;7;0;2;4;23;1;
69234;202100044594;122 007;A01;2;2;0;2;6;9;1;
69235;202100044594;122 008;B01;2;1;0;2;1;1;5;
69236;202100044595;122 006;A01;1;7;0;1;1;1;1;
69237;202100044596;122 005;A01;1;31;0;0;3;15;3;
69238;202100044597;122 003;A01;2;10;0;2;0;9;1;
69239;202100044597;122 004;B01;2;33;0;2;0;21;1;
69240;202100044599;121 999;B01;2;31;0;2;3;1;1;
69241;202100044599;122 000;A01;1;7;0;2;1;15;1;
69242;202100044600;121 997;A01;1;7;0;2;3;15;1;
69243;202100044600;121 998;B01;2;37;0;2;2;1;1;3.0
69244;202100044601;121 995;A01;2;7;0;2;3;15;1;
69245;202100044601;121 996;B01;1;31;1;2;1;1;1;
69246;202100044602;121 993;A01;1;30;0;2;1;2;1;
69247;202100044602;121 994;B01;1;7;0;2;6;2;1;
69248;202100044603;121 991;A01;1;43;0;2;1;1;1;
69249;202100044603;121 992;B01;1;7;0;2;4;26;1;
69250;202100044604;121 989;A01;2;7;0;2;1;2;1;
69251;202100044604;121 990;B01;2;7;0;2;4;23;1;
69252;202100044605;121 987;A01;2;7;0;1;1;1;1;
69253;202100044605;121 988;B01;1;7;0;2;2;1;1;
69254;202100044606;121 986;A01;1;50;0;1;1;0;3;
69255;202100044607;121 984;A01;1;33;0;2;5;15;1;
69256;202100044607;121 985;B01;3;7;0;2;4;26;1;
69257;202100044608;121 983;A01;1;7;0;1;4;20;1;
69258;202100044609;121 981;B01;1;32;0;2;1;1;1;
69259;202100044609;121 982;A01;1;10;0;0;0;0;0;
69260;202100044610;121 979;A01;1;7;0;9;1;1;1;
69261;202100044610;121 980;B01;3;99;0;2;8;0;3;
69262;202100044611;121 977;B01;0;7;1;2;1;26;1;
69263;202100044611;121 978;A01;1;30;0;2;2;1;1;
69264;202100044612;121 975;A01;2;10;0;2;3;15;1;
69265;202100044612;121 976;B01;2;32;0;2;1;17;1;
69266;202100044613;121 974;A01;3;1;0;1;8;1;0;
69267;202100044614;121 973;A01;2;1;8;0;1;1;0;
69268;202100044615;121 971;Z01;3;7;0;2;1;9;0;
69269;202100044615;121 972;B01;1;50;0;2;7;1;3;
69270;202100044617;121 967;B01;2;7;0;2;1;1;1;
69271;202100044617;121 968;A01;2;34;0;2;1;1;1;
69272;202100044618;121 966;A01;2;7;6;0;1;1;1;
69273;202100044619;121 965;A01;2;7;15;0;2;14;1;
69274;202100044620;121 964;A01;1;7;0;1;2;1;1;
69275;202100044621;121 963;A01;2;1;0;0;0;0;5;
69276;202100044622;121 961;B01;3;7;0;2;1;1;1;
69277;202100044622;121 962;A01;3;2;0;2;1;13;1;
69278;202100044623;121 959;B01;3;7;0;2;5;19;1;
69279;202100044623;121 960;A01;3;1;0;2;3;1;5;
69280;202100044624;121 958;A01;1;2;2;0;3;15;1;
69281;202100044625;121 956;B01;2;7;0;0;0;19;0;
69282;202100044625;121 957;A01;1;33;0;0;0;1;0;
69283;202100044626;121 954;B01;1;7;0;2;1;1;1;
69284;202100044626;121 955;A01;2;7;0;2;1;1;1;
69285;202100044627;121 952;A01;1;1;0;0;8;15;5;
69286;202100044627;121 953;B01;1;2;0;2;1;15;1;
69287;202100044628;121 950;A01;2;7;8;2;3;13;1;
69288;202100044628;121 951;B01;1;7;0;2;3;15;1;
69289;202100044629;121 949;A01;1;7;2;0;1;1;1;
69290;202100044631;121 946;B01;1;10;0;0;1;1;1;
69291;202100044631;121 947;A01;2;7;0;2;7;13;1;
69292;202100044633;121 943;A01;1;10;0;1;2;1;1;
69293;202100044634;121 941;A01;1;7;0;2;3;15;1;
69294;202100044634;121 942;B01;1;33;0;2;1;17;1;
69295;202100044635;121 938;B01;1;7;2;2;8;13;1;
69296;202100044635;121 939;A01;2;7;2;2;8;1;1;
69297;202100044636;121 937;A01;2;33;2;0;1;1;1;
69298;202100044638;121 933;A01;1;7;2;0;1;2;1;
69299;202100044638;121 934;B01;1;7;2;2;4;2;1;
69300;202100044639;121 931;A01;2;31;2;2;1;0;0;
69301;202100044639;121 932;B01;2;33;2;2;4;2;0;
69302;202100044640;121 929;A01;2;7;0;9;8;1;1;
69303;202100044640;121 930;B01;1;1;0;2;3;1;5;
69304;202100044641;121 927;A01;1;7;0;0;3;13;1;
69305;202100044641;121 928;B01;2;7;0;2;3;1;1;
69306;202100044642;121 925;A01;1;17;0;2;2;1;1;
69307;202100044642;121 926;B01;1;13;0;2;6;1;1;
69308;202100044643;121 923;B01;2;7;0;2;6;1;1;
69309;202100044643;121 924;A01;2;7;0;2;2;26;1;
69310;202100044644;121 920;C01;1;7;0;2;8;2;1;
69311;202100044644;121 921;B01;1;7;0;2;4;2;1;
69312;202100044644;121 922;A01;1;34;0;2;1;2;1;
69313;202100044645;121 918;A01;2;7;0;2;1;26;1;
69314;202100044645;121 919;B01;2;17;0;2;4;0;1;
69315;202100044646;121 914;D01;1;7;0;2;3;2;2;
69316;202100044646;121 915;B01;1;33;0;2;0;3;1;
69317;202100044646;121 916;A01;1;7;0;2;4;2;1;
69318;202100044646;121 917;C01;1;7;0;2;2;2;1;
69319;202100044647;121 912;A01;1;7;0;2;4;0;1;
69320;202100044647;121 913;B01;1;15;0;2;2;0;1;
69321;202100044648;121 908;A01;1;10;0;2;1;1;1;
69322;202100044648;121 909;B01;1;7;0;2;4;1;1;
69323;202100044648;121 910;D01;1;7;0;2;4;1;1;
69324;202100044648;121 911;C01;1;7;0;2;4;1;1;
69325;202100044649;121 906;A01;1;14;0;2;1;1;1;
69326;202100044649;121 907;B01;1;7;0;2;4;1;1;
69327;202100044650;121 903;B01;1;7;0;2;1;1;1;
69328;202100044650;121 904;A01;1;7;0;2;0;0;1;
69329;202100044651;121 901;A01;2;7;0;2;3;1;1;
69330;202100044651;121 902;B01;2;7;0;2;7;16;1;
69331;202100044652;121 899;B01;3;7;0;2;0;19;1;
69332;202100044652;121 900;A01;3;33;0;2;7;1;1;
69333;202100044653;121 897;A01;3;7;0;2;1;26;1;
69334;202100044653;121 898;B01;3;7;0;2;1;0;1;
69335;202100044654;121 895;B01;2;2;0;2;1;1;1;
69336;202100044654;121 896;A01;1;2;0;2;1;1;1;
69337;202100044655;121 893;B01;0;2;0;2;0;1;1;
69338;202100044655;121 894;A01;0;7;0;2;0;1;1;
69339;202100044656;121 891;B01;2;1;0;2;1;19;5;
69340;202100044656;121 892;A01;2;7;0;2;2;1;1;
69341;202100044657;121 889;A01;1;7;0;2;2;15;1;
69342;202100044657;121 890;B01;2;32;0;2;1;1;1;
69343;202100044659;121 886;B01;1;7;0;1;4;26;1;
69344;202100044659;121 887;A01;1;7;0;2;1;26;2;
69345;202100044660;121 884;A01;3;7;0;2;3;1;1;
69346;202100044660;121 885;Z01;3;7;15;2;1;1;1;
69347;202100044661;121 883;A01;1;1;0;0;0;1;5;
69348;202100044663;121 880;A01;2;7;0;2;2;15;2;
69349;202100044663;121 881;B01;1;33;0;2;1;0;1;
69350;202100044664;121 877;B01;-1;33;0;2;8;1;1;
69351;202100044664;121 878;A01;-1;7;0;2;8;13;1;
69352;202100044665;121 875;A01;1;7;0;2;1;19;1;
69353;202100044665;121 876;B01;1;7;0;2;2;1;1;
69354;202100044666;121 874;A01;3;37;0;1;1;1;1;1.0
69355;202100044667;121 871;A01;3;7;0;2;1;1;1;
69356;202100044667;121 872;C01;3;7;8;2;3;1;1;
69357;202100044667;121 873;B01;3;7;0;2;2;1;1;
69358;202100044668;121 869;B01;1;7;0;2;3;1;1;
69359;202100044668;121 870;A01;1;30;0;2;1;1;1;
69360;202100044669;121 867;B01;1;7;0;2;1;1;1;
69361;202100044669;121 868;A01;2;7;0;2;1;15;1;
69362;202100044670;121 865;B01;1;2;0;2;1;1;1;
69363;202100044670;121 866;A01;2;7;0;2;3;9;1;
69364;202100044671;121 863;A01;2;7;0;2;2;16;2;
69365;202100044671;121 864;B01;2;30;0;2;3;18;3;
69366;202100044673;121 859;A01;2;33;0;2;1;13;1;
69367;202100044673;121 860;B01;1;7;0;2;3;23;1;
69368;202100044674;121 857;A01;0;7;0;2;8;9;1;
69369;202100044674;121 858;B01;1;7;0;2;1;1;1;
69370;202100044675;121 855;A01;2;7;0;2;1;1;1;
69371;202100044675;121 856;B01;1;30;0;2;7;1;3;
69372;202100044676;121 853;A01;1;7;0;2;1;9;1;
69373;202100044676;121 854;B01;1;7;0;2;3;1;1;
69374;202100044677;121 851;B01;3;1;0;2;7;19;5;
69375;202100044677;121 852;A01;2;7;0;2;1;1;1;
69376;202100044679;121 849;A01;1;7;0;1;7;1;1;
69377;202100044680;121 847;B01;3;10;0;2;6;16;1;
69378;202100044680;121 848;A01;3;33;0;2;1;16;1;
69379;202100044681;121 845;A01;0;3;0;2;0;15;1;
69380;202100044681;121 846;B01;0;32;0;2;1;1;1;
69381;202100044682;121 843;B01;0;0;0;2;1;2;0;
69382;202100044682;121 844;A01;2;30;0;2;4;1;1;
69383;202100044683;121 841;B01;2;7;0;2;6;15;1;
69384;202100044683;121 842;A01;2;33;0;2;1;17;1;
69385;202100044684;121 839;B01;2;7;0;2;3;1;1;
69386;202100044684;121 840;A01;1;31;0;2;6;1;1;
69387;202100044685;121 837;B01;3;2;0;2;7;0;1;
69388;202100044685;121 838;A01;3;7;0;2;1;1;1;
69389;202100044686;121 835;B01;3;1;0;2;8;0;5;
69390;202100044686;121 836;A01;3;7;0;2;1;1;1;
69391;202100044687;121 834;A01;3;30;14;0;9;1;1;
69392;202100044690;121 829;A01;3;10;0;0;0;9;1;
69393;202100044690;121 830;B01;1;80;8;0;1;0;3;
69394;202100044691;121 828;B01;3;7;0;1;1;1;1;
69395;202100044692;121 827;Z01;1;0;0;1;0;0;0;
69396;202100044693;121 825;B01;1;33;0;2;2;1;1;
69397;202100044693;121 826;A01;2;7;0;2;3;9;1;
69398;202100044694;121 823;A01;2;7;0;2;1;1;1;
69399;202100044694;121 824;B01;1;7;0;2;2;1;1;
69400;202100044695;121 821;B01;2;7;3;0;3;13;1;
69401;202100044695;121 822;A01;2;7;0;2;7;1;1;
69402;202100044696;121 820;A01;0;7;0;1;2;1;1;
69403;202100044697;121 818;B01;1;7;0;2;1;1;1;
69404;202100044697;121 819;A01;1;7;0;2;1;13;1;
69405;202100044699;121 814;B01;2;7;0;2;3;9;1;
69406;202100044699;121 815;A01;1;7;0;2;1;17;1;
69407;202100044700;121 812;A01;1;7;0;2;3;1;1;
69408;202100044700;121 813;B01;1;7;0;2;2;1;1;
69409;202100044701;121 810;A01;3;10;0;2;3;9;1;
69410;202100044701;121 811;B01;3;7;0;2;2;1;1;
69411;202100044702;121 809;A01;1;7;0;1;2;9;1;
69412;202100044703;121 807;B01;3;7;0;2;3;23;1;
69413;202100044703;121 808;A01;2;1;0;2;1;1;5;
69414;202100044704;121 805;A01;1;7;0;2;1;1;1;
69415;202100044704;121 806;B01;1;7;0;2;4;23;1;
69416;202100044705;121 804;A01;1;7;0;1;1;1;1;
69417;202100044706;121 803;A01;2;32;0;0;2;1;1;
69418;202100044707;121 801;A01;1;10;0;2;7;1;1;
69419;202100044707;121 802;B01;1;43;0;2;1;1;1;
69420;202100044708;121 800;A01;3;33;0;9;1;1;1;
69421;202100044709;121 798;A01;2;32;9;2;8;1;1;
69422;202100044709;121 799;B01;3;7;9;2;1;15;1;
69423;202100044710;121 796;B01;1;33;0;2;4;1;1;
69424;202100044710;121 797;A01;1;10;9;2;1;1;1;
69425;202100044713;121 792;A01;1;80;0;0;1;15;3;
69426;202100044714;121 791;A01;2;1;0;1;7;1;5;
69427;202100044715;121 789;A01;3;31;0;2;1;1;1;
69428;202100044715;121 790;B01;3;10;0;2;4;16;1;
69429;202100044716;121 787;A01;1;10;0;2;2;17;1;
69430;202100044716;121 788;B01;1;7;0;2;3;15;1;
69431;202100044717;121 785;B01;1;1;0;2;5;19;5;
69432;202100044717;121 786;A01;1;43;0;2;2;1;1;
69433;202100044719;121 780;B01;2;7;0;2;1;16;1;
69434;202100044719;121 781;A01;2;33;0;2;7;1;1;
69435;202100044719;121 782;C01;1;7;0;2;3;1;2;
69436;202100044720;121 778;A01;1;7;0;2;3;13;1;
69437;202100044720;121 779;B01;1;30;0;2;7;1;3;
69438;202100044721;121 776;B01;1;33;0;2;1;1;1;
69439;202100044721;121 777;A01;1;7;0;2;2;1;1;
69440;202100044722;121 774;A01;1;7;0;2;7;16;1;
69441;202100044722;121 775;B01;1;1;0;2;4;1;5;
69442;202100044723;121 773;B01;1;50;1;0;1;1;3;
69443;202100044724;121 772;A01;2;7;0;1;1;1;1;
69444;202100044725;121 770;B01;1;2;0;2;8;1;1;
69445;202100044725;121 771;A01;1;7;0;2;7;9;1;
69446;202100044726;121 768;A01;1;7;11;2;2;1;1;
69447;202100044726;121 769;B01;1;10;0;2;7;1;1;
69448;202100044727;121 766;A01;1;7;0;2;3;15;2;
69449;202100044727;121 767;B01;1;2;0;2;7;17;1;
69450;202100044728;121 765;A01;0;7;0;1;1;15;1;
69451;202100044729;121 763;A01;3;7;0;9;8;22;2;
69452;202100044729;121 764;B01;3;1;1;0;1;1;5;
69453;202100044730;121 761;B01;3;1;0;2;1;19;5;
69454;202100044730;121 762;A01;2;10;0;2;7;1;1;
69455;202100044731;121 759;B01;1;10;15;0;7;9;1;
69456;202100044731;121 760;A01;1;7;0;2;1;1;1;
69457;202100044732;121 757;A01;1;1;0;2;8;1;5;
69458;202100044732;121 758;B01;1;7;0;2;2;1;1;
69459;202100044734;121 753;A01;0;7;0;1;4;4;1;
69460;202100044735;121 751;A01;1;10;0;0;0;15;1;
69461;202100044735;121 752;B01;2;2;0;0;0;5;1;
69462;202100044737;121 749;A01;2;7;2;0;2;1;1;
69463;202100044738;121 748;A01;1;7;0;1;1;15;1;
69464;202100044739;121 746;A01;1;7;0;0;3;13;1;
69465;202100044739;121 747;B01;1;31;0;2;1;14;1;
69466;202100044741;121 743;A01;1;50;0;2;1;15;3;
69467;202100044741;121 744;B01;1;7;0;2;1;0;1;
69468;202100044742;121 741;A01;2;10;0;0;8;1;1;
69469;202100044742;121 742;B01;1;7;0;2;3;1;1;
69470;202100044743;121 740;A01;2;34;12;0;1;1;1;
69471;202100044744;121 737;B01;1;7;0;2;4;2;1;
69472;202100044744;121 738;C01;1;7;0;2;3;2;1;
69473;202100044744;121 739;A01;1;7;0;2;4;2;1;
69474;202100044745;121 735;A01;1;7;0;2;1;17;1;
69475;202100044745;121 736;B01;2;7;0;2;1;1;1;
69476;202100044746;121 734;A01;1;7;0;1;1;15;1;
69477;202100044747;121 733;A01;1;1;0;0;1;0;5;
69478;202100044748;121 731;B01;2;7;0;2;1;1;2;
69479;202100044748;121 732;A01;1;7;0;2;2;15;1;
69480;202100044749;121 728;B01;2;7;0;2;1;1;1;
69481;202100044749;121 729;A01;1;3;0;2;3;11;1;
69482;202100044749;121 730;C01;2;7;0;2;3;23;1;
69483;202100044752;121 722;A01;1;7;0;2;1;13;1;
69484;202100044752;121 723;B01;2;7;0;2;1;0;1;
69485;202100044753;121 720;A01;0;1;0;2;8;1;5;
69486;202100044753;121 721;B01;1;7;0;9;1;1;1;
69487;202100044754;121 718;B01;2;10;0;2;1;1;1;
69488;202100044754;121 719;A01;1;31;0;2;3;1;1;
69489;202100044755;121 716;A01;2;7;13;0;1;1;1;
69490;202100044756;121 715;A01;2;33;14;0;9;1;1;
69491;202100044757;121 714;A01;2;10;15;0;3;1;1;
69492;202100044758;121 712;B01;3;7;0;2;8;1;1;
69493;202100044758;121 713;A01;3;2;0;2;1;1;1;
69494;202100044759;121 710;B01;2;15;0;0;6;1;1;
69495;202100044759;121 711;A01;2;10;0;2;2;1;1;
69496;202100044760;121 705;A01;1;15;0;0;4;23;1;
69497;202100044760;121 706;B01;1;7;14;2;1;1;1;
69498;202100044760;121 707;C01;1;7;0;0;4;1;1;
69499;202100044760;121 708;D01;1;7;14;2;1;1;1;
69500;202100044760;121 709;E01;1;10;0;0;6;1;1;
69501;202100044761;121 702;B01;2;10;3;2;3;1;1;
69502;202100044761;121 703;A01;1;7;0;2;3;13;1;
69503;202100044761;121 704;C01;1;10;0;2;3;1;1;
69504;202100044762;121 700;A01;1;7;0;0;8;9;3;
69505;202100044762;121 701;B01;1;33;0;2;1;1;1;
69506;202100044764;121 697;B01;3;2;0;2;1;13;1;
69507;202100044764;121 698;A01;3;7;0;2;2;1;1;
69508;202100044766;121 693;A01;1;1;0;2;1;19;0;
69509;202100044766;121 694;B01;2;38;0;2;1;1;1;1.0
69510;202100044767;121 690;A01;2;7;0;2;3;1;1;
69511;202100044767;121 691;B01;1;7;0;2;3;1;1;
69512;202100044767;121 692;C01;2;7;10;2;1;1;1;
69513;202100044768;121 689;A01;2;31;13;9;2;1;1;
69514;202100044769;121 688;A01;1;17;6;0;3;1;1;
69515;202100044770;121 687;A01;3;2;0;0;3;0;1;
69516;202100044771;121 685;B01;-1;7;0;2;1;0;1;
69517;202100044771;121 686;A01;-1;7;0;2;1;13;1;
69518;202100044772;121 684;A01;1;2;12;0;3;1;1;
69519;202100044773;121 682;B01;2;10;0;2;1;1;1;
69520;202100044773;121 683;A01;2;36;0;2;7;19;1;
69521;202100044774;121 680;A01;2;31;0;2;8;1;1;
69522;202100044774;121 681;B01;2;0;0;2;5;1;-1;
69523;202100044775;121 678;B01;1;7;0;2;8;1;1;
69524;202100044775;121 679;A01;1;15;0;2;7;12;1;
69525;202100044776;121 676;Z01;2;0;0;2;1;2;1;
69526;202100044776;121 677;A01;2;10;0;2;4;1;1;
69527;202100044777;121 675;A01;2;7;3;0;1;9;1;
69528;202100044778;121 673;B01;1;7;0;2;6;1;1;
69529;202100044778;121 674;A01;1;33;4;2;3;11;1;
69530;202100044779;121 671;B01;1;7;0;2;5;1;1;
69531;202100044779;121 672;A01;1;7;0;2;3;12;1;
69532;202100044780;121 669;A01;1;7;0;2;5;12;1;