;Num_Acc;id_vehicule;num_veh;senc;catv;obs;obsm;choc;manv;motor;occutc
69533;202100044780;121 670;B01;1;10;0;2;3;2;1;
69534;202100044781;121 667;B01;1;7;0;2;4;1;1;
69535;202100044781;121 668;A01;1;10;0;2;1;1;1;
69536;202100044782;121 665;A01;1;10;0;2;5;12;1;
69537;202100044782;121 666;B01;1;33;0;2;1;2;1;
69538;202100044783;121 663;A01;1;33;5;2;1;1;1;
69539;202100044783;121 664;B01;1;7;0;2;7;1;1;
69540;202100044784;121 661;A01;2;7;0;2;6;1;1;
69541;202100044784;121 662;Z01;2;10;0;2;1;0;1;
69542;202100044785;121 660;A01;2;15;0;1;1;9;1;
69543;202100044787;121 655;A01;3;7;0;1;1;15;1;
69544;202100044788;121 654;A01;1;7;0;1;1;9;1;
69545;202100044789;121 653;A01;3;7;0;1;3;15;1;
69546;202100044791;121 649;A01;1;10;0;2;1;2;1;
69547;202100044791;121 650;B01;1;7;0;2;4;2;1;
69548;202100044793;121 642;A01;2;7;0;2;2;19;1;
69549;202100044793;121 643;C01;1;7;0;2;2;16;0;
69550;202100044793;121 644;B01;2;7;0;2;6;2;0;
69551;202100044794;121 641;A01;2;32;0;0;8;1;1;
69552;202100044795;121 640;A01;3;7;0;1;2;26;1;
69553;202100044796;121 639;Z01;3;7;0;1;2;15;1;
69554;202100044797;121 637;B01;3;1;0;2;1;26;2;
69555;202100044797;121 638;A01;3;7;0;2;1;26;1;
69556;202100044800;121 633;A01;1;32;0;2;1;1;1;
69557;202100044800;121 634;B01;2;7;0;2;6;1;1;
69558;202100044801;121 632;A01;1;7;0;1;2;1;1;
69559;202100044802;121 630;A01;1;7;0;0;0;20;1;
69560;202100044802;121 631;B01;1;33;6;0;3;21;1;
69561;202100044803;121 628;A01;1;7;0;2;1;16;1;
69562;202100044803;121 629;B01;1;7;0;2;1;1;1;
69563;202100044805;121 625;A01;2;2;0;2;1;2;1;
69564;202100044805;121 626;B01;2;7;0;2;6;2;1;
69565;202100044806;121 624;A01;1;7;0;1;1;15;1;
69566;202100044807;121 623;A01;1;7;0;1;1;1;1;
69567;202100044808;121 621;B01;1;37;0;2;5;1;4;1.0
69568;202100044808;121 622;A01;3;1;0;2;1;19;5;
69569;202100044809;121 619;B01;1;1;0;2;2;1;5;
69570;202100044809;121 620;A01;2;7;0;2;3;15;1;
69571;202100044810;121 618;A01;3;7;0;1;3;1;1;
69572;202100044811;121 617;A01;1;30;0;0;0;1;1;
69573;202100044812;121 615;A01;1;10;0;2;1;15;1;
69574;202100044812;121 616;B01;2;33;0;2;1;1;1;
69575;202100044813;121 613;A01;1;7;0;2;1;9;1;
69576;202100044813;121 614;B01;1;1;0;2;7;0;5;
69577;202100044814;121 611;B01;1;7;0;2;1;1;1;
69578;202100044814;121 612;A01;2;7;0;2;7;19;1;
69579;202100044815;121 610;A01;2;7;0;1;2;15;1;
69580;202100044816;121 608;A01;1;43;0;2;1;2;1;
69581;202100044816;121 609;B01;1;7;0;2;4;2;1;
69582;202100044817;121 606;A01;2;7;0;2;2;9;1;
69583;202100044817;121 607;B01;1;7;0;2;3;1;1;
69584;202100044818;121 604;B01;3;50;0;2;8;19;3;
69585;202100044818;121 605;A01;3;7;0;2;2;1;1;
69586;202100044819;121 603;A01;0;3;0;1;4;4;3;
69587;202100044820;121 601;B01;3;7;0;2;6;1;3;
69588;202100044820;121 602;A01;3;1;0;2;1;19;5;
69589;202100044821;121 599;B01;1;7;0;2;6;15;0;
69590;202100044821;121 600;A01;1;7;0;2;1;2;1;
69591;202100044822;121 597;B01;2;1;0;2;8;15;5;
69592;202100044822;121 598;A01;1;7;0;2;3;15;1;
69593;202100044823;121 595;A01;3;7;0;2;3;15;1;
69594;202100044823;121 596;B01;3;1;0;2;8;1;5;
69595;202100044824;121 594;A01;0;1;0;0;1;2;5;
69596;202100044825;121 592;B01;2;2;0;2;4;1;1;
69597;202100044825;121 593;A01;2;7;0;2;3;1;1;
69598;202100044826;121 591;A01;1;30;0;1;1;18;1;
69599;202100044827;121 589;B01;3;7;0;2;2;2;0;
69600;202100044827;121 590;A01;3;2;0;2;1;9;1;
69601;202100044828;121 587;A01;3;1;0;2;4;15;0;
69602;202100044828;121 588;Z01;3;7;0;2;0;0;6;
69603;202100044829;121 584;C01;1;7;0;2;4;2;1;
69604;202100044829;121 585;B01;1;10;0;2;4;2;1;
69605;202100044829;121 586;A01;1;10;0;2;1;2;1;
69606;202100044831;121 580;A01;1;10;0;2;1;2;1;
69607;202100044831;121 581;B01;1;10;0;2;4;2;1;
69608;202100044832;121 578;A01;1;10;0;2;8;10;1;
69609;202100044832;121 579;B01;1;32;0;2;2;1;1;
69610;202100044833;121 576;Z01;2;7;0;2;3;10;1;
69611;202100044833;121 577;A01;1;32;0;2;3;1;1;
69612;202100044834;121 574;A01;1;32;0;2;3;18;1;
69613;202100044834;121 575;B01;1;38;0;2;2;12;1;1.0
69614;202100044835;121 573;A01;1;50;0;1;1;1;3;
69615;202100044836;121 572;A01;3;30;8;0;3;16;1;
69616;202100044837;121 571;A01;1;7;0;1;4;4;1;
69617;202100044839;121 567;B01;1;1;0;2;8;18;5;
69618;202100044839;121 568;A01;1;13;0;2;8;15;1;
69619;202100044840;121 565;B01;1;30;1;0;1;17;1;
69620;202100044840;121 566;A01;1;7;0;0;6;23;1;
69621;202100044841;121 564;A01;2;14;0;0;0;0;1;
69622;202100044842;121 562;A01;1;30;0;2;7;9;0;
69623;202100044842;121 563;B01;1;7;0;2;1;1;1;
69624;202100044843;121 560;A01;1;7;0;2;1;1;1;
69625;202100044843;121 561;B01;1;7;0;2;6;1;1;
69626;202100044844;121 559;A01;2;30;15;0;8;13;1;
69627;202100044845;121 557;B01;1;20;0;2;7;24;3;
69628;202100044845;121 558;A01;1;7;1;0;1;1;1;
69629;202100044846;121 556;A01;3;30;0;1;1;17;1;
69630;202100044848;121 552;B01;1;7;0;2;1;26;1;
69631;202100044848;121 553;A01;1;7;0;2;1;26;1;
69632;202100044849;121 551;A01;3;7;0;1;3;26;1;
69633;202100044850;121 549;B01;1;32;0;2;5;17;1;
69634;202100044850;121 550;A01;1;7;0;2;2;9;1;
69635;202100044851;121 548;A01;2;7;0;1;2;1;1;
69636;202100044852;121 545;C01;1;10;0;2;4;1;1;
69637;202100044852;121 546;B01;1;7;0;2;4;1;1;
69638;202100044852;121 547;A01;1;10;0;2;4;1;1;
69639;202100044853;121 544;A01;1;7;0;1;1;16;1;
69640;202100044854;121 542;A01;1;7;0;2;3;15;1;
69641;202100044854;121 543;B01;1;32;0;2;1;1;1;
69642;202100044855;121 540;A01;2;30;0;2;2;1;1;
69643;202100044855;121 541;B01;2;7;0;2;5;16;1;
69644;202100044856;121 538;B01;1;2;0;2;4;15;1;
69645;202100044856;121 539;A01;1;10;0;2;1;15;1;
69646;202100044857;121 537;A01;3;2;0;0;1;1;1;
69647;202100044858;121 535;A01;1;7;0;2;2;1;1;
69648;202100044858;121 536;B01;2;7;0;2;1;1;1;
69649;202100044859;121 533;A01;3;7;0;2;3;1;1;
69650;202100044859;121 534;B01;3;2;0;2;1;0;1;
69651;202100044860;121 532;A01;2;10;0;1;3;15;1;
69652;202100044861;121 530;A01;2;3;0;2;3;19;1;
69653;202100044861;121 531;B01;2;31;0;2;1;1;1;
69654;202100044862;121 528;B01;1;7;0;2;8;1;1;
69655;202100044862;121 529;A01;2;33;0;2;8;13;1;
69656;202100044864;121 524;B01;2;7;0;2;2;24;1;
69657;202100044864;121 525;A01;0;7;1;0;2;21;1;
69658;202100044865;121 522;B01;0;33;0;2;1;21;1;
69659;202100044865;121 523;A01;0;10;0;2;2;19;1;
69660;202100044866;121 520;B01;1;1;0;2;8;15;5;
69661;202100044866;121 521;A01;1;7;0;2;2;17;1;
69662;202100044867;121 519;A01;1;7;0;1;2;1;1;
69663;202100044868;121 517;B01;3;7;0;2;2;1;1;
69664;202100044868;121 518;A01;3;1;0;2;1;19;5;
69665;202100044869;121 516;A01;1;7;13;0;9;1;1;
69666;202100044870;121 515;A01;1;7;13;0;1;13;1;
69667;202100044871;121 511;A01;3;1;0;2;3;9;5;
69668;202100044871;121 512;B01;1;10;0;9;7;1;1;
69669;202100044872;121 510;A01;2;7;16;0;2;1;1;
69670;202100044873;121 508;B01;2;15;0;2;2;1;1;
69671;202100044873;121 509;A01;2;7;0;2;8;10;0;
69672;202100044874;121 506;B01;1;7;0;0;3;23;1;
69673;202100044874;121 507;A01;1;7;0;2;1;6;1;
69674;202100044875;121 505;A01;0;7;0;1;2;0;1;
69675;202100044876;121 503;A01;3;7;0;2;0;1;1;
69676;202100044876;121 504;B01;3;7;0;9;3;1;1;
69677;202100044877;121 501;A01;1;80;0;2;8;13;3;
69678;202100044877;121 502;B01;1;7;0;9;2;17;1;
69679;202100044878;121 500;A01;1;33;16;0;0;1;1;
69680;202100044880;121 497;B01;2;7;0;2;3;1;1;
69681;202100044880;121 498;A01;1;7;0;2;3;13;1;
69682;202100044881;121 495;B01;1;7;0;2;3;1;1;
69683;202100044881;121 496;A01;3;1;0;2;1;19;5;
69684;202100044882;121 493;B01;0;7;0;0;8;9;1;
69685;202100044882;121 494;A01;2;33;1;2;1;1;1;
69686;202100044883;121 490;A01;1;7;13;0;0;0;1;
69687;202100044884;121 489;A01;1;7;0;1;0;1;1;
69688;202100044885;121 487;A01;3;31;0;2;5;26;1;
69689;202100044885;121 488;B01;3;31;0;2;5;26;1;
69690;202100044886;121 486;A01;2;7;2;0;0;1;1;
69691;202100044887;121 484;B01;1;7;0;2;8;23;1;
69692;202100044887;121 485;A01;1;7;6;2;2;13;1;
69693;202100044888;121 482;B01;1;7;0;2;3;1;1;
69694;202100044888;121 483;A01;2;7;0;2;3;1;1;
69695;202100044891;121 477;A01;2;7;4;0;1;1;1;
69696;202100044892;121 475;B01;2;17;0;0;6;2;1;
69697;202100044892;121 476;A01;2;10;0;2;2;1;1;
69698;202100044894;121 473;A01;1;7;0;5;1;1;1;
69699;202100044895;121 472;A01;1;7;0;1;2;2;1;
69700;202100044896;121 470;A01;3;2;0;2;1;1;1;
69701;202100044896;121 471;B01;3;1;0;2;1;2;5;
69702;202100044897;121 469;A01;3;36;6;0;3;1;0;
69703;202100044898;121 467;C01;3;2;0;2;2;26;1;
69704;202100044898;121 468;A01;0;7;0;0;6;9;1;
69705;202100044899;121 465;B01;0;1;0;0;4;2;5;
69706;202100044899;121 466;A01;0;10;0;2;2;1;1;
69707;202100044901;121 461;A01;1;15;0;2;6;1;1;
69708;202100044901;121 462;B01;1;33;0;2;1;3;1;
69709;202100044902;121 460;A01;1;43;0;0;1;21;1;
69710;202100044903;121 459;A01;1;7;0;1;1;1;1;
69711;202100044904;121 458;A01;1;7;0;1;3;15;1;
69712;202100044905;121 456;A01;1;1;0;2;8;26;5;
69713;202100044905;121 457;Z01;1;7;0;2;2;15;0;
69714;202100044906;121 454;B01;2;33;0;2;1;1;1;
69715;202100044906;121 455;A01;2;7;0;2;8;10;1;
69716;202100044908;121 452;A01;3;7;0;1;2;15;1;
69717;202100044909;121 450;A01;2;7;0;2;3;1;2;
69718;202100044909;121 451;Y01;2;1;0;2;7;1;5;
69719;202100044910;121 448;A01;1;7;0;2;5;16;1;
69720;202100044910;121 449;B01;1;37;0;2;3;1;1;3.0
69721;202100044911;121 447;A01;1;7;4;0;1;26;1;
69722;202100044912;121 445;B01;1;1;0;2;0;0;5;
69723;202100044912;121 446;A01;1;7;0;2;3;9;1;
69724;202100044913;121 444;A01;1;7;0;1;2;1;1;
69725;202100044914;121 441;A01;2;30;1;0;1;14;3;
69726;202100044915;121 439;B01;3;33;0;2;1;17;1;
69727;202100044915;121 440;A01;3;7;0;2;2;19;1;
69728;202100044916;121 437;A01;3;31;0;0;1;1;1;
69729;202100044916;121 438;B01;3;7;0;2;4;1;1;
69730;202100044918;121 434;A01;2;3;0;0;1;13;1;
69731;202100044919;121 433;A01;1;7;0;1;1;1;1;
69732;202100044920;121 431;A01;0;37;1;2;1;1;1;1.0
69733;202100044920;121 432;B01;3;1;0;2;1;1;5;
69734;202100044921;121 429;A01;3;7;0;2;3;1;1;
69735;202100044921;121 430;B01;3;60;8;2;2;19;5;
69736;202100044922;121 428;A01;2;7;6;0;1;14;1;
69737;202100044923;121 426;A01;2;7;0;2;3;16;1;
69738;202100044923;121 427;B01;2;7;0;2;2;1;1;
69739;202100044924;121 424;A01;2;7;0;2;1;0;1;
69740;202100044924;121 425;B01;2;7;0;2;4;0;1;
69741;202100044925;121 423;A01;1;7;0;1;1;1;1;
69742;202100044926;121 421;A01;3;7;0;2;7;26;1;
69743;202100044926;121 422;B01;3;7;0;2;1;1;1;
69744;202100044927;121 420;A01;1;7;0;1;3;1;1;
69745;202100044928;121 419;A01;1;7;0;1;3;17;1;
69746;202100044930;121 415;A01;1;7;0;9;1;1;1;
69747;202100044930;121 416;B01;1;50;0;2;1;19;3;
69748;202100044931;121 413;A01;2;7;0;2;3;1;1;
69749;202100044931;121 414;B01;2;7;0;2;5;16;1;
69750;202100044932;121 411;A01;2;7;0;2;2;15;1;
69751;202100044932;121 412;B01;1;2;0;2;1;1;1;
69752;202100044933;121 410;A01;1;7;0;1;4;4;1;
69753;202100044934;121 408;B01;2;2;0;2;8;1;1;
69754;202100044934;121 409;A01;1;7;0;2;2;15;1;
69755;202100044935;121 407;A01;2;34;0;0;7;1;1;
69756;202100044936;121 406;A01;3;7;0;1;3;1;1;
69757;202100044938;121 404;A01;3;7;1;0;2;13;1;
69758;202100044939;121 403;A01;1;30;0;0;1;1;3;
69759;202100044940;121 402;A01;1;7;13;0;3;13;1;
69760;202100044941;121 401;A01;2;33;0;0;0;1;1;
69761;202100044942;121 399;B01;2;1;0;2;8;1;5;
69762;202100044942;121 400;A01;2;10;0;2;5;17;1;
69763;202100044943;121 397;B01;2;7;0;2;4;1;1;
69764;202100044943;121 398;A01;2;30;0;2;1;2;1;
69765;202100044944;121 395;A01;1;50;0;2;4;0;3;
69766;202100044944;121 396;B01;1;7;0;2;0;0;1;
69767;202100044945;121 393;B01;2;7;0;2;1;1;1;
69768;202100044945;121 394;A01;3;7;0;2;6;20;1;
69769;202100044946;121 391;A01;1;7;0;2;1;2;1;
69770;202100044946;121 392;B01;1;7;0;2;4;2;1;
69771;202100044947;121 389;B01;3;7;0;2;5;15;1;
69772;202100044947;121 390;A01;3;7;0;2;3;1;1;
69773;202100044948;121 388;A01;0;33;13;0;0;26;1;
69774;202100044949;121 386;B01;2;1;0;2;1;1;5;
69775;202100044949;121 387;A01;2;7;0;2;2;9;2;
69776;202100044950;121 384;A01;1;7;0;2;7;1;1;
69777;202100044950;121 385;B01;1;7;0;2;1;1;1;
69778;202100044952;121 382;A01;3;2;0;0;1;1;-1;
69779;202100044953;121 380;B01;1;7;0;2;4;2;1;
69780;202100044953;121 381;A01;1;7;0;2;1;2;1;
69781;202100044954;121 378;A01;1;7;0;9;3;0;1;
69782;202100044954;121 379;B01;3;1;0;2;1;1;5;
69783;202100044955;121 377;A01;1;33;0;0;1;26;1;
69784;202100044956;121 376;A01;0;33;0;5;5;9;1;
69785;202100044957;121 372;C01;1;7;0;2;4;1;1;
69786;202100044957;121 373;D01;1;7;0;2;4;1;1;
69787;202100044957;121 374;A01;1;10;0;2;1;1;1;
69788;202100044957;121 375;B01;2;7;0;2;4;1;2;
69789;202100044958;121 371;A01;1;30;8;0;1;21;1;
69790;202100044959;121 370;A01;3;33;8;0;0;1;1;
69791;202100044960;121 368;A01;0;7;0;2;2;19;1;
69792;202100044960;121 369;B01;0;7;0;2;2;1;1;
69793;202100044961;121 366;A01;1;7;0;2;3;1;1;
69794;202100044961;121 367;B01;1;33;0;2;2;12;1;
69795;202100044962;121 364;Z01;1;7;0;2;1;1;1;
69796;202100044962;121 365;A01;1;7;0;2;3;15;1;
69797;202100044963;121 362;A01;0;10;0;2;5;15;1;
69798;202100044963;121 363;B01;0;32;0;2;1;1;1;
69799;202100044964;121 360;A01;3;7;0;2;8;0;1;
69800;202100044964;121 361;B01;3;7;0;2;1;0;1;
69801;202100044965;121 358;B01;3;1;0;2;1;1;5;
69802;202100044965;121 359;A01;3;38;0;9;1;26;1;1.0
69803;202100044967;121 354;A01;0;7;0;2;1;13;1;
69804;202100044967;121 355;B01;0;7;0;2;1;1;1;
69805;202100044968;121 352;A01;2;7;0;2;3;15;1;
69806;202100044968;121 353;B01;2;32;0;2;1;17;1;
69807;202100044969;121 350;B01;1;33;0;2;3;17;1;
69808;202100044969;121 351;A01;1;7;0;2;8;10;1;
69809;202100044970;121 346;A01;1;7;0;2;1;1;1;
69810;202100044970;121 347;D01;1;7;0;2;4;1;1;
69811;202100044970;121 348;C01;1;7;0;2;4;1;1;
69812;202100044970;121 349;B01;1;7;0;2;4;1;1;
69813;202100044972;121 343;Z01;3;50;0;2;1;19;3;
69814;202100044972;121 344;A01;1;7;0;2;5;16;2;
69815;202100044973;121 342;A01;3;7;11;0;1;13;1;
69816;202100044974;121 340;A01;1;31;0;1;2;1;1;
69817;202100044974;121 341;B01;2;7;0;2;3;1;1;
69818;202100044975;121 338;B01;2;1;0;2;3;19;5;
69819;202100044975;121 339;A01;2;34;0;2;1;1;1;
69820;202100044976;121 336;B01;2;1;0;2;4;2;5;
69821;202100044976;121 337;A01;2;7;0;2;1;2;1;
69822;202100044977;121 334;A01;1;10;0;2;3;15;1;
69823;202100044977;121 335;B01;1;1;0;2;1;1;5;
69824;202100044978;121 333;A01;1;7;0;1;1;1;1;
69825;202100044979;121 330;A01;1;7;0;2;1;1;1;
69826;202100044979;121 331;B01;1;10;0;2;4;1;1;
69827;202100044980;121 328;B01;1;2;0;2;1;1;1;
69828;202100044980;121 329;A01;2;10;0;2;2;10;1;
69829;202100044981;121 327;A01;1;33;0;1;1;1;1;
69830;202100044982;121 325;B01;1;7;0;2;1;1;1;
69831;202100044982;121 326;A01;1;7;0;2;8;1;1;
69832;202100044983;121 323;A01;0;7;0;2;1;0;0;
69833;202100044983;121 324;Y01;2;60;0;2;7;19;5;
69834;202100044984;121 321;B01;3;14;1;0;4;23;1;
69835;202100044984;121 322;A01;3;34;14;0;1;14;1;
69836;202100044985;121 319;A01;2;7;0;2;5;15;1;
69837;202100044985;121 320;B01;1;2;0;2;1;1;1;
69838;202100044986;121 318;A01;1;7;2;0;1;0;1;
69839;202100044987;121 316;B01;-1;7;0;2;1;1;1;
69840;202100044987;121 317;A01;-1;7;0;2;7;15;1;
69841;202100044988;121 314;B01;2;2;0;2;3;0;1;
69842;202100044988;121 315;A01;2;7;0;2;2;16;1;
69843;202100044989;121 312;B01;2;7;0;2;8;1;1;
69844;202100044989;121 313;A01;1;30;0;2;1;15;1;
69845;202100044990;121 310;A01;1;7;0;2;3;19;1;
69846;202100044990;121 311;B01;1;7;0;2;2;19;1;
69847;202100044991;121 308;A01;3;10;0;2;5;26;1;
69848;202100044991;121 309;B01;3;30;0;2;1;0;1;
69849;202100044992;121 306;B01;1;50;0;2;1;1;3;
69850;202100044992;121 307;A01;2;7;0;2;8;10;1;
69851;202100044993;121 304;B01;2;43;0;2;1;1;1;
69852;202100044993;121 305;A01;2;2;0;2;6;9;1;
69853;202100044994;121 302;B01;2;15;0;2;8;1;1;
69854;202100044994;121 303;A01;1;2;0;2;8;13;1;
69855;202100044995;121 300;A01;0;2;0;2;2;1;1;
69856;202100044995;121 301;B01;0;7;0;2;3;10;1;
69857;202100044996;121 298;B01;2;1;0;2;1;1;5;
69858;202100044996;121 299;A01;1;7;0;9;2;15;1;
69859;202100044997;121 297;A01;1;7;0;0;9;0;1;
69860;202100044998;121 295;B01;1;80;0;2;8;1;3;
69861;202100044998;121 296;A01;1;7;0;2;2;1;1;
69862;202100044999;121 292;A01;1;7;0;2;3;1;1;
69863;202100044999;121 293;B01;2;2;0;2;1;1;1;
69864;202100044999;121 294;C01;2;2;0;2;1;13;1;
69865;202100045000;121 291;A01;3;2;0;0;1;0;1;
69866;202100045001;121 290;A01;0;14;2;0;1;1;1;
69867;202100045002;121 288;B01;1;16;0;2;3;1;1;
69868;202100045002;121 289;A01;2;16;3;2;1;13;1;
69869;202100045003;121 286;B01;2;13;0;2;3;1;1;
69870;202100045003;121 287;A01;1;10;0;2;8;10;1;
69871;202100045004;121 283;A01;1;7;0;2;1;13;1;
69872;202100045004;121 284;B01;1;14;0;2;1;1;1;
69873;202100045004;121 285;C01;1;7;0;2;1;1;1;
69874;202100045005;121 281;B01;1;33;0;2;1;1;1;
69875;202100045005;121 282;A01;2;7;0;2;3;15;1;
69876;202100045006;121 279;B01;1;7;0;9;1;1;1;
69877;202100045006;121 280;A01;2;7;0;2;1;15;1;
69878;202100045007;121 278;A01;2;7;13;0;2;1;1;
69879;202100045008;121 277;A01;2;7;3;0;3;1;1;
69880;202100045010;121 273;B01;2;7;0;2;5;2;1;
69881;202100045010;121 274;A01;2;10;0;2;1;2;1;
69882;202100045011;121 271;B01;2;7;0;2;5;1;1;
69883;202100045011;121 272;A01;2;7;0;2;0;1;1;
69884;202100045012;121 268;A01;1;7;0;2;8;11;1;
69885;202100045012;121 269;C01;1;10;0;2;3;1;1;
69886;202100045012;121 270;B01;1;34;0;2;2;3;1;
69887;202100045013;121 265;A01;2;33;0;2;1;3;1;
69888;202100045013;121 266;C01;2;7;0;2;4;2;1;
69889;202100045013;121 267;B01;2;10;0;2;8;2;1;
69890;202100045015;121 263;A01;1;10;0;1;5;1;1;
69891;202100045016;121 261;B01;1;1;0;2;8;1;5;
69892;202100045016;121 262;A01;2;7;0;2;1;15;1;
69893;202100045017;121 259;A01;2;7;0;2;1;1;1;
69894;202100045017;121 260;B01;1;50;0;2;7;1;3;
69895;202100045018;121 257;A01;1;7;0;2;3;15;1;
69896;202100045018;121 258;B01;2;7;0;2;3;1;1;
69897;202100045019;121 255;A01;2;33;0;2;1;13;1;
69898;202100045019;121 256;B01;1;7;0;2;3;1;1;
69899;202100045020;121 254;A01;1;7;0;1;2;2;1;
69900;202100045021;121 252;B01;1;7;0;2;8;2;1;
69901;202100045021;121 253;A01;1;33;0;2;2;1;1;
69902;202100045022;121 250;A01;1;7;0;2;8;0;0;
69903;202100045022;121 251;B01;1;7;0;2;1;1;1;
69904;202100045023;121 248;B01;1;34;0;2;1;1;1;
69905;202100045023;121 249;A01;1;7;0;2;7;9;1;
69906;202100045024;121 246;A01;1;10;0;2;4;1;1;
69907;202100045024;121 247;B01;1;7;0;2;1;1;1;
69908;202100045025;121 244;A01;3;30;0;2;3;1;1;
69909;202100045025;121 245;B01;3;7;0;2;2;1;1;
69910;202100045026;121 243;A01;2;7;0;1;3;1;1;
69911;202100045027;121 241;B01;1;1;0;2;0;1;5;
69912;202100045027;121 242;A01;1;7;0;2;3;9;1;
69913;202100045028;121 238;C01;1;7;0;2;4;26;1;
69914;202100045028;121 239;B01;2;7;0;2;2;1;1;
69915;202100045028;121 240;A01;2;10;0;2;0;23;1;
69916;202100045029;121 236;B01;2;32;0;2;2;1;1;
69917;202100045029;121 237;A01;2;7;0;2;3;11;1;
69918;202100045030;121 235;A01;1;30;1;0;1;14;1;
69919;202100045031;121 232;A01;0;7;0;2;2;16;0;
69920;202100045031;121 233;B01;0;32;0;2;0;0;1;
69921;202100045031;121 234;C01;0;10;0;2;0;0;6;
69922;202100045032;121 230;A01;1;7;0;2;8;15;1;
69923;202100045032;121 231;B01;1;33;0;2;1;1;1;
69924;202100045033;121 229;A01;1;7;6;0;1;16;1;
69925;202100045034;121 228;A01;2;32;12;0;1;12;1;
69926;202100045035;121 226;A01;3;7;0;2;3;9;1;
69927;202100045035;121 227;B01;3;2;0;2;7;1;1;
69928;202100045036;121 225;A01;1;30;0;1;1;1;1;
69929;202100045037;121 223;B01;1;33;0;2;3;1;1;
69930;202100045037;121 224;A01;1;7;0;2;2;12;1;
69931;202100045039;121 220;Y01;2;1;0;2;2;1;5;
69932;202100045040;121 219;A01;1;7;1;0;3;26;1;
69933;202100045041;121 217;A01;3;7;0;2;1;2;1;
69934;202100045041;121 218;B01;3;7;0;2;4;1;1;
69935;202100045042;121 215;B01;1;7;0;2;6;1;1;
69936;202100045042;121 216;A01;2;7;0;2;1;10;1;
69937;202100045043;121 214;A01;-1;7;0;1;0;0;1;
69938;202100045044;121 213;A01;2;7;9;0;1;9;1;
69939;202100045045;121 211;B01;1;30;0;0;1;21;1;
69940;202100045045;121 212;A01;2;2;0;0;0;26;0;
69941;202100045046;121 209;B01;2;30;0;2;1;1;1;
69942;202100045046;121 210;A01;2;7;0;2;8;1;1;
69943;202100045047;121 207;A01;1;32;0;2;1;2;1;
69944;202100045047;121 208;B01;1;7;0;2;4;1;1;
69945;202100045048;121 205;B01;2;2;0;2;1;17;1;
69946;202100045048;121 206;A01;2;7;0;2;6;15;1;
69947;202100045049;121 204;A01;2;2;6;0;8;13;1;
69948;202100045050;121 203;A01;1;31;0;0;0;14;1;
69949;202100045051;121 201;A01;1;7;0;2;4;15;1;
69950;202100045051;121 202;B01;1;32;0;2;1;2;1;
69951;202100045052;121 199;B01;1;7;0;2;1;1;1;
69952;202100045052;121 200;A01;2;7;0;2;1;5;1;
69953;202100045053;121 198;A01;1;33;0;0;7;0;1;
69954;202100045054;121 197;A01;2;7;8;0;3;1;1;
69955;202100045055;121 195;B01;1;7;0;2;1;1;1;
69956;202100045055;121 196;A01;2;7;0;2;1;17;1;
69957;202100045056;121 193;B01;2;7;0;0;6;15;1;
69958;202100045056;121 194;A01;2;33;0;2;1;17;1;
69959;202100045057;121 190;A01;2;33;0;2;1;2;1;
69960;202100045057;121 191;B01;2;7;0;0;5;1;1;
69961;202100045058;121 188;B01;2;7;0;2;1;1;1;
69962;202100045058;121 189;A01;1;7;0;2;1;5;1;
69963;202100045059;121 187;A01;0;7;0;1;1;1;1;
69964;202100045060;121 185;A01;1;10;0;0;1;15;1;
69965;202100045060;121 186;B01;2;7;0;0;2;1;1;
69966;202100045061;121 184;A01;1;2;12;0;1;1;1;
69967;202100045062;121 181;A01;2;7;1;2;3;1;1;
69968;202100045062;121 182;C01;1;7;0;0;3;1;1;
69969;202100045062;121 183;B01;1;7;0;0;3;1;2;
69970;202100045063;121 179;B01;2;7;0;2;3;15;2;
69971;202100045063;121 180;A01;2;33;0;2;1;17;1;
69972;202100045064;121 178;A01;2;7;13;0;3;1;1;
69973;202100045065;121 177;A01;2;1;0;0;0;0;5;
69974;202100045066;121 176;A01;2;7;10;0;1;13;1;
69975;202100045068;121 171;A01;2;7;0;2;1;1;1;
69976;202100045068;121 172;B01;1;10;0;2;1;1;1;
69977;202100045069;121 170;A01;1;2;0;0;0;1;1;
69978;202100045070;121 169;A01;2;10;15;0;9;2;1;
69979;202100045071;121 167;B01;2;80;0;2;2;1;3;
69980;202100045071;121 168;A01;0;7;0;2;3;9;1;
69981;202100045072;121 166;A01;3;7;0;1;7;1;1;
69982;202100045073;121 165;A01;1;7;0;1;2;0;1;
69983;202100045074;121 164;A01;2;15;16;0;2;1;1;
69984;202100045075;121 162;A01;3;7;0;2;2;1;1;
69985;202100045075;121 163;B01;3;1;0;2;1;16;5;
69986;202100045076;121 161;A01;1;17;3;0;8;19;1;
69987;202100045077;121 159;C01;2;10;0;2;1;1;1;
69988;202100045077;121 160;A01;2;7;1;2;2;12;1;
69989;202100045079;121 156;A01;1;10;13;0;1;14;1;
69990;202100045080;121 155;A01;3;10;0;0;9;15;1;
69991;202100045081;121 152;A01;1;33;0;0;8;1;1;
69992;202100045081;121 153;B01;1;36;0;2;1;10;1;
69993;202100045083;121 147;C01;2;10;0;2;8;23;1;