;Num_Acc;id_vehicule;num_veh;senc;catv;obs;obsm;choc;manv;motor;occutc
69994;202100045083;121 148;A01;1;7;0;2;1;15;1;
69995;202100045083;121 149;B01;2;10;0;2;1;1;1;
69996;202100045084;121 146;A01;2;33;10;0;9;1;1;
69997;202100045085;121 145;A01;2;1;0;0;0;1;5;
69998;202100045087;121 142;A01;2;33;0;2;1;1;1;
69999;202100045087;121 143;B01;1;7;0;0;3;1;1;
70000;202100045088;121 140;A01;2;7;5;0;2;0;1;
70001;202100045089;121 138;A01;2;1;0;0;1;1;5;
70002;202100045089;121 139;B01;2;1;0;9;4;1;5;
70003;202100045090;121 136;B01;1;1;0;2;3;15;5;
70004;202100045090;121 137;A01;1;2;0;9;2;1;1;
70005;202100045092;121 129;A01;1;7;0;2;1;2;1;
70006;202100045092;121 130;B01;1;7;0;2;0;2;1;
70007;202100045092;121 131;E01;1;7;0;2;0;2;1;
70008;202100045092;121 132;F01;1;7;0;2;0;1;3;
70009;202100045092;121 133;C01;1;7;0;2;0;2;1;
70010;202100045092;121 134;D01;1;7;0;2;0;2;1;
70011;202100045093;121 128;A01;2;7;3;0;1;16;1;
70012;202100045094;121 127;A01;1;7;4;0;2;2;1;
70013;202100045095;121 125;A01;2;17;0;2;7;12;1;
70014;202100045095;121 126;B01;2;7;0;2;8;2;1;
70015;202100045096;121 124;A01;2;7;4;0;3;1;1;
70016;202100045097;121 123;A01;1;7;0;1;1;1;1;
70017;202100045098;121 122;A01;1;7;0;0;1;13;1;
70018;202100045099;121 121;A01;3;7;0;1;4;26;1;
70019;202100045100;121 120;A01;3;7;0;1;8;1;1;
70020;202100045101;121 119;A01;2;7;12;1;1;26;2;
70021;202100045102;121 118;A01;0;10;0;1;1;1;1;
70022;202100045103;121 117;A01;1;32;0;1;1;0;1;
70023;202100045104;121 112;D01;2;7;14;0;1;1;1;
70024;202100045104;121 113;E01;2;7;1;0;1;1;1;
70025;202100045104;121 114;A01;2;7;0;2;1;2;1;
70026;202100045104;121 115;B01;2;7;0;0;4;2;1;
70027;202100045104;121 116;C01;2;7;0;2;1;21;1;
70028;202100045105;121 111;A01;1;37;0;1;5;26;1;1.0
70029;202100045106;121 109;A01;-1;7;0;2;1;1;1;
70030;202100045106;121 110;B01;-1;7;0;2;8;1;1;
70031;202100045107;121 108;A01;2;10;0;1;1;1;1;
70032;202100045108;121 106;B01;1;30;0;2;1;17;1;
70033;202100045108;121 107;A01;2;7;0;2;8;15;1;
70034;202100045109;121 105;A01;1;7;8;0;1;14;1;
70035;202100045110;121 103;B01;2;33;0;2;1;1;1;
70036;202100045110;121 104;A01;2;50;0;2;4;12;3;
70037;202100045111;121 102;A01;2;33;0;0;7;26;1;
70038;202100045112;121 100;B01;1;7;0;0;4;1;1;
70039;202100045112;121 101;A01;1;0;0;2;1;1;0;
70040;202100045113;121 099;A01;2;30;0;0;7;1;1;
70041;202100045114;121 098;A01;3;7;0;1;1;1;1;
70042;202100045115;121 097;A01;2;2;0;1;1;17;3;
70043;202100045116;121 095;A01;3;33;0;2;2;17;1;
70044;202100045116;121 096;B01;3;7;0;2;3;2;1;
70045;202100045117;121 093;B01;1;30;0;2;1;1;1;
70046;202100045117;121 094;A01;1;30;0;2;1;17;1;
70047;202100045118;121 091;A01;2;7;0;2;5;15;1;
70048;202100045118;121 092;B01;1;33;0;2;1;2;1;
70049;202100045119;121 089;A01;1;7;0;9;1;16;1;
70050;202100045119;121 090;B01;1;1;0;2;7;1;5;
70051;202100045120;121 084;A01;1;7;2;0;1;13;1;
70052;202100045121;121 082;A01;2;31;11;0;1;1;1;
70053;202100045121;121 083;B01;2;31;11;0;1;1;1;
70054;202100045122;121 080;A01;2;7;0;2;1;1;1;
70055;202100045122;121 081;B01;1;7;0;2;7;1;1;
70056;202100045123;121 077;C01;3;7;0;2;3;23;1;
70057;202100045123;121 078;A01;2;7;0;2;7;19;1;
70058;202100045123;121 079;B01;1;7;0;2;1;1;1;
70059;202100045124;121 075;A01;2;7;0;2;1;13;1;
70060;202100045124;121 076;B01;1;7;0;2;3;1;1;
70061;202100045125;121 073;B01;2;7;0;2;1;1;1;
70062;202100045125;121 074;A01;2;7;0;2;7;15;1;
70063;202100045126;121 072;A01;2;33;7;0;6;13;1;
70064;202100045127;121 070;B01;1;1;0;2;8;15;5;
70065;202100045127;121 071;A01;1;7;0;2;1;1;1;
70066;202100045128;121 068;B01;1;80;0;2;8;1;3;
70067;202100045128;121 069;A01;1;7;0;9;3;9;1;
70068;202100045129;121 066;A01;3;7;0;2;2;19;1;
70069;202100045129;121 067;B01;3;7;0;2;1;0;1;
70070;202100045130;121 064;A01;2;7;0;2;4;1;1;
70071;202100045130;121 065;B01;2;7;0;2;1;2;1;
70072;202100045131;121 061;A01;2;7;0;2;2;1;1;
70073;202100045131;121 062;B01;2;1;0;2;1;1;5;
70074;202100045133;121 058;A01;1;32;12;0;1;1;1;
70075;202100045135;121 054;B01;1;33;0;2;1;1;1;
70076;202100045135;121 055;A01;1;7;0;2;7;15;1;
70077;202100045136;121 052;B01;1;7;0;2;3;15;1;
70078;202100045136;121 053;A01;1;30;0;2;1;17;1;
70079;202100045137;121 050;B01;3;7;0;2;2;15;1;
70080;202100045137;121 051;A01;3;33;1;2;1;1;1;
70081;202100045138;121 048;A01;2;7;0;2;3;15;1;
70082;202100045138;121 049;B01;2;2;0;2;2;1;1;
70083;202100045139;121 046;A01;2;7;0;2;2;12;1;
70084;202100045139;121 047;B01;2;31;0;2;8;3;1;
70085;202100045140;121 045;A01;1;33;0;0;0;3;1;
70086;202100045141;121 043;B01;2;30;0;2;1;1;1;
70087;202100045141;121 044;A01;2;7;0;2;3;9;1;
70088;202100045142;121 042;A01;2;1;0;1;1;21;5;
70089;202100045143;121 039;B01;2;7;0;2;8;1;1;
70090;202100045143;121 040;C01;1;7;0;2;6;1;1;
70091;202100045143;121 041;A01;2;7;0;2;1;1;1;
70092;202100045144;121 038;A01;3;1;8;0;1;21;5;
70093;202100045145;121 037;A01;1;30;9;0;1;15;1;
70094;202100045146;121 035;B01;2;7;0;0;6;23;1;
70095;202100045146;121 036;A01;2;7;0;2;2;2;1;
70096;202100045147;121 033;A01;3;1;0;2;1;1;5;
70097;202100045147;121 034;B01;3;7;0;9;2;2;1;
70098;202100045148;121 031;B01;2;0;0;2;7;14;1;
70099;202100045148;121 032;A01;2;31;0;2;2;1;1;
70100;202100045149;121 029;B01;1;7;0;0;4;23;1;
70101;202100045149;121 030;A01;1;30;0;2;1;1;1;
70102;202100045150;121 027;A01;0;7;0;2;2;9;1;
70103;202100045150;121 028;B01;2;7;1;2;2;1;1;
70104;202100045151;121 025;A01;2;7;0;2;1;1;1;
70105;202100045151;121 026;B01;2;7;0;2;4;23;1;
70106;202100045153;121 021;B01;-1;30;0;2;8;15;1;
70107;202100045153;121 022;A01;-1;7;0;0;8;15;1;
70108;202100045154;121 019;B01;1;7;0;2;4;9;0;
70109;202100045154;121 020;A01;1;7;0;2;1;9;0;
70110;202100045155;121 017;A01;1;33;0;2;4;15;1;
70111;202100045155;121 018;B01;1;30;0;2;1;17;1;
70112;202100045156;121 015;A01;3;7;0;9;2;1;1;
70113;202100045156;121 016;B01;3;1;0;2;1;1;0;
70114;202100045157;121 013;B01;2;7;0;2;1;1;1;
70115;202100045157;121 014;A01;1;10;9;2;3;15;1;
70116;202100045158;121 012;A01;-1;7;4;0;1;19;1;
70117;202100045159;121 010;B01;1;7;0;2;3;15;1;
70118;202100045159;121 011;A01;1;7;0;2;3;1;1;
70119;202100045160;121 008;A01;1;7;0;2;1;0;1;
70120;202100045160;121 009;B01;1;7;0;2;4;0;1;
70121;202100045161;121 006;A01;0;7;0;2;1;1;1;
70122;202100045161;121 007;B01;0;31;0;2;3;15;1;
70123;202100045162;121 004;A01;1;32;0;2;1;1;1;
70124;202100045162;121 005;B01;2;7;0;2;2;15;0;
70125;202100045164;121 002;A01;2;7;5;0;0;1;1;
70126;202100045165;121 001;A01;2;33;0;0;0;1;1;
70127;202100045166;120 999;B01;1;33;0;2;1;1;1;
70128;202100045166;121 000;A01;2;7;0;2;3;15;1;
70129;202100045167;120 998;A01;1;7;15;0;2;2;1;
70130;202100045168;120 996;A01;1;10;8;0;6;16;1;
70131;202100045168;120 997;B01;2;7;0;2;1;19;1;
70132;202100045169;120 995;A01;1;7;0;0;9;1;1;
70133;202100045170;120 994;A01;2;7;13;0;1;1;1;
70134;202100045171;120 989;A01;2;7;0;2;3;11;1;
70135;202100045171;120 990;B01;1;7;0;2;3;1;1;
70136;202100045172;120 988;A01;1;33;0;0;0;1;1;
70137;202100045173;120 986;B01;2;7;0;2;3;1;1;
70138;202100045173;120 987;A01;1;2;0;2;3;13;1;
70139;202100045174;120 985;A01;3;33;3;0;7;1;1;
70140;202100045175;120 984;A01;0;7;0;1;2;1;1;
70141;202100045176;120 983;A01;2;33;0;0;9;17;1;
70142;202100045177;120 981;A01;2;10;0;2;1;17;1;
70143;202100045177;120 982;B01;2;7;6;2;6;15;1;
70144;202100045178;120 980;A01;2;7;1;0;1;13;1;
70145;202100045180;120 977;A01;1;7;0;2;1;15;1;
70146;202100045180;120 978;B01;1;33;0;2;7;1;1;
70147;202100045181;120 976;A01;3;33;0;0;1;1;1;
70148;202100045182;120 975;A01;1;36;6;0;2;1;1;
70149;202100045183;120 974;A01;2;7;13;0;3;1;1;
70150;202100045184;120 972;B01;2;1;0;2;1;1;5;
70151;202100045184;120 973;A01;1;7;0;2;1;1;1;
70152;202100045185;120 970;B01;1;2;0;2;1;17;1;
70153;202100045185;120 971;A01;1;7;0;2;3;15;1;
70154;202100045186;120 969;A01;2;7;3;0;2;14;1;
70155;202100045187;120 968;A01;1;2;0;0;0;1;1;
70156;202100045188;120 966;B01;1;7;0;2;3;1;1;
70157;202100045188;120 967;A01;2;1;0;2;1;13;5;
70158;202100045190;120 963;A01;3;7;0;2;1;19;1;
70159;202100045190;120 964;B01;1;33;0;2;8;1;1;
70160;202100045191;120 961;A01;1;7;0;2;2;1;1;
70161;202100045191;120 962;B01;2;1;0;2;1;5;5;
70162;202100045192;120 959;A01;1;7;0;9;2;17;1;
70163;202100045192;120 960;B01;1;1;0;2;3;2;0;
70164;202100045193;120 957;A01;1;7;0;2;1;0;1;
70165;202100045193;120 958;B01;1;33;0;2;4;0;1;
70166;202100045194;120 954;C01;1;7;0;2;1;1;1;
70167;202100045194;120 955;B01;1;7;0;2;8;1;1;
70168;202100045194;120 956;A01;2;7;0;2;7;17;1;
70169;202100045195;120 952;A01;1;31;0;2;3;1;1;
70170;202100045195;120 953;B01;2;31;0;2;3;0;1;
70171;202100045196;120 951;A01;1;7;13;0;1;1;1;
70172;202100045197;120 950;A01;1;7;15;0;2;14;1;
70173;202100045198;120 949;A01;3;7;0;0;9;1;1;
70174;202100045199;120 944;A01;2;7;0;2;4;2;1;
70175;202100045199;120 945;B01;2;7;0;2;4;2;1;
70176;202100045199;120 946;C01;2;7;0;2;4;2;1;
70177;202100045199;120 947;D01;2;7;0;2;4;2;1;
70178;202100045199;120 948;E01;2;7;0;2;1;2;1;
70179;202100045200;120 943;A01;2;7;13;0;1;1;1;
70180;202100045201;120 938;Z01;1;7;0;2;0;0;0;
70181;202100045201;120 939;D01;1;7;0;2;1;1;1;
70182;202100045201;120 940;C01;2;7;0;2;1;1;1;
70183;202100045201;120 941;B01;2;7;0;2;4;1;1;
70184;202100045201;120 942;A01;2;7;0;2;4;1;1;
70185;202100045202;120 937;A01;2;7;0;5;2;21;1;
70186;202100045203;120 936;A01;1;33;4;0;2;14;1;
70187;202100045204;120 935;A01;1;7;0;1;7;1;1;
70188;202100045205;120 928;B01;1;7;0;2;6;16;1;
70189;202100045205;120 929;C01;2;7;0;2;6;16;1;
70190;202100045205;120 930;E01;1;7;0;2;3;1;1;
70191;202100045205;120 931;D01;1;7;0;2;1;1;1;
70192;202100045205;120 932;A01;1;7;0;2;3;15;1;
70193;202100045206;120 926;A01;1;7;0;4;8;26;1;
70194;202100045206;120 927;B01;2;40;0;2;1;1;3;
70195;202100045207;120 925;A01;3;7;0;1;2;26;1;
70196;202100045208;120 924;A01;1;7;8;0;2;26;1;
70197;202100045209;120 922;A01;1;7;0;2;1;2;1;
70198;202100045209;120 923;B01;1;10;0;2;4;2;1;
70199;202100045210;120 920;A01;2;7;0;2;2;15;1;
70200;202100045210;120 921;B01;1;2;0;2;1;1;1;
70201;202100045211;120 918;A01;1;38;0;2;0;1;0;1.0
70202;202100045211;120 919;B01;3;50;0;2;7;19;3;
70203;202100045212;120 914;D01;2;7;0;2;4;23;1;
70204;202100045212;120 915;C01;2;7;0;2;4;23;0;
70205;202100045212;120 916;B01;2;7;0;2;4;23;1;
70206;202100045212;120 917;A01;2;7;0;2;1;1;1;
70207;202100045213;120 912;A01;1;7;0;2;3;15;2;
70208;202100045213;120 913;B01;2;31;0;2;6;18;1;
70209;202100045214;120 910;A01;2;10;0;2;7;1;1;
70210;202100045214;120 911;B01;2;33;0;2;3;13;1;
70211;202100045215;120 907;A01;1;7;0;2;5;16;1;
70212;202100045215;120 908;B01;1;37;0;2;3;9;1;6.0
70213;202100045216;120 905;A01;1;7;0;2;3;15;1;
70214;202100045216;120 906;B01;2;30;0;2;0;1;1;
70215;202100045217;120 903;A01;1;7;0;2;7;1;1;
70216;202100045217;120 904;B01;2;7;0;2;1;1;1;
70217;202100045218;120 901;A01;1;30;0;0;2;9;1;
70218;202100045218;120 902;B01;2;7;0;2;1;1;1;
70219;202100045219;120 899;A01;1;7;0;2;8;10;1;
70220;202100045219;120 900;B01;1;7;0;2;1;1;1;
70221;202100045220;120 894;B01;2;2;0;2;1;1;1;
70222;202100045220;120 895;A01;1;7;0;2;7;15;1;
70223;202100045222;120 891;B01;1;1;0;0;0;26;5;
70224;202100045223;120 889;B01;1;2;0;2;2;0;6;
70225;202100045223;120 890;A01;1;7;0;2;0;0;0;
70226;202100045224;120 887;A01;1;7;1;2;2;11;1;
70227;202100045224;120 888;B01;2;7;0;2;2;21;1;
70228;202100045225;120 885;B01;1;37;0;0;0;0;2;1.0
70229;202100045225;120 886;A01;1;31;0;2;1;1;1;
70230;202100045227;120 882;A01;1;7;0;0;0;2;0;
70231;202100045228;120 880;A01;3;7;0;2;1;1;1;
70232;202100045228;120 881;B01;3;7;0;2;4;1;1;
70233;202100045229;120 878;B01;2;50;0;2;8;1;3;
70234;202100045229;120 879;A01;2;7;0;2;1;17;1;
70235;202100045230;120 877;A01;3;10;0;1;1;1;1;
70236;202100045231;120 875;B01;1;7;0;2;3;15;1;
70237;202100045231;120 876;A01;0;30;0;2;1;17;1;
70238;202100045232;120 871;B01;2;10;0;2;4;23;1;
70239;202100045232;120 872;A01;2;7;0;2;1;1;1;
70240;202100045233;120 869;A01;0;7;0;2;1;9;1;
70241;202100045233;120 870;B01;0;99;0;2;4;4;0;
70242;202100045234;120 868;A01;1;7;0;1;1;1;1;
70243;202100045235;120 867;A01;0;3;0;1;4;4;3;
70244;202100045236;120 865;A01;1;30;0;2;1;2;1;
70245;202100045236;120 866;B01;1;7;0;2;5;1;1;
70246;202100045237;120 864;A01;1;30;0;1;1;1;1;
70247;202100045238;120 862;A01;3;7;0;2;2;1;1;
70248;202100045238;120 863;B01;2;43;0;2;2;1;1;
70249;202100045239;120 860;A01;2;7;0;2;2;1;1;
70250;202100045239;120 861;B01;2;1;0;2;1;9;5;
70251;202100045240;120 858;A01;2;7;0;2;2;1;1;
70252;202100045240;120 859;B01;2;50;0;2;1;9;3;
70253;202100045241;120 857;A01;3;32;1;0;2;13;1;
70254;202100045242;120 854;A01;2;7;0;2;2;1;2;
70255;202100045242;120 855;B01;2;2;0;2;8;1;1;
70256;202100045242;120 856;Z01;2;7;0;2;8;1;2;
70257;202100045243;120 852;A01;2;7;0;2;1;1;1;
70258;202100045243;120 853;B01;1;2;0;2;8;15;1;
70259;202100045244;120 850;B01;1;10;0;2;0;16;1;
70260;202100045244;120 851;A01;1;1;8;2;8;21;5;
70261;202100045245;120 848;B01;3;7;0;2;1;5;0;
70262;202100045245;120 849;A01;3;34;0;2;1;23;1;
70263;202100045246;120 846;B01;1;30;0;2;7;5;1;
70264;202100045246;120 847;A01;2;30;0;2;2;1;1;
70265;202100045247;120 844;Z01;1;7;0;2;1;2;1;
70266;202100045247;120 845;A01;3;7;0;0;5;15;1;
70267;202100045248;120 842;A01;2;2;0;1;3;17;3;
70268;202100045249;120 840;A01;3;7;0;2;5;22;2;
70269;202100045249;120 841;B01;3;1;0;2;0;16;5;
70270;202100045250;120 838;B01;1;7;0;2;3;2;1;
70271;202100045250;120 839;A01;2;50;0;2;1;19;3;
70272;202100045251;120 836;B01;1;7;0;2;5;23;1;
70273;202100045251;120 837;A01;1;2;0;2;1;2;1;
70274;202100045252;120 834;A01;2;7;0;2;3;15;1;
70275;202100045252;120 835;B01;2;2;0;2;6;1;1;
70276;202100045255;120 829;B01;3;10;0;1;1;26;1;
70277;202100045255;120 830;A01;3;7;0;1;6;26;1;
70278;202100045256;120 827;A01;2;10;0;2;8;1;1;
70279;202100045256;120 828;B01;1;7;0;2;1;1;1;
70280;202100045257;120 825;A01;3;30;0;2;1;26;1;
70281;202100045257;120 826;B01;1;7;0;2;3;19;1;
70282;202100045258;120 823;A01;0;7;0;2;1;19;1;
70283;202100045258;120 824;B01;0;7;0;2;1;1;1;
70284;202100045259;120 822;A01;2;7;1;0;1;14;1;
70285;202100045260;120 820;B01;2;7;0;2;7;17;1;
70286;202100045260;120 821;A01;2;7;0;2;3;15;1;
70287;202100045261;120 818;A01;1;1;0;2;8;1;5;
70288;202100045261;120 819;B01;1;7;0;2;2;16;0;
70289;202100045262;120 816;B01;3;10;0;2;2;1;3;
70290;202100045262;120 817;A01;3;10;0;2;3;1;0;
70291;202100045263;120 814;B01;2;34;0;2;1;1;1;
70292;202100045263;120 815;A01;1;7;0;2;2;15;0;
70293;202100045264;120 812;A01;2;30;0;2;1;1;3;
70294;202100045264;120 813;B01;3;1;0;2;8;10;5;
70295;202100045265;120 810;B01;3;43;0;2;8;9;1;
70296;202100045265;120 811;A01;3;30;0;2;1;1;1;
70297;202100045267;120 806;A01;3;7;13;0;4;1;1;
70298;202100045268;120 804;B01;2;7;0;2;4;19;1;
70299;202100045268;120 805;A01;2;33;0;2;1;1;1;
70300;202100045269;120 802;B01;2;7;0;2;3;1;2;
70301;202100045269;120 803;A01;3;10;0;2;2;1;1;
70302;202100045270;120 801;A01;1;33;15;0;3;1;1;
70303;202100045271;120 799;B01;2;7;0;0;3;1;1;
70304;202100045271;120 800;A01;1;7;0;2;3;1;1;
70305;202100045272;120 797;A01;2;30;0;2;1;17;1;
70306;202100045272;120 798;B01;2;3;0;2;2;1;1;
70307;202100045273;120 795;A01;2;7;0;2;6;15;1;
70308;202100045273;120 796;B01;2;33;0;2;1;17;1;
70309;202100045274;120 794;A01;1;7;6;0;3;16;1;
70310;202100045275;120 792;B01;2;1;0;2;3;15;5;
70311;202100045275;120 793;A01;2;7;0;9;2;2;1;
70312;202100045276;120 790;B01;2;7;0;2;1;2;1;
70313;202100045276;120 791;A01;2;7;0;2;5;1;1;
70314;202100045277;120 789;A01;1;7;13;0;1;1;1;
70315;202100045278;120 787;A01;3;7;0;2;3;1;1;
70316;202100045278;120 788;B01;3;1;0;2;1;1;6;
70317;202100045279;120 785;B01;2;7;0;0;4;15;1;
70318;202100045279;120 786;A01;2;7;0;2;1;2;1;
70319;202100045280;120 783;A01;1;7;0;2;4;17;1;
70320;202100045280;120 784;B01;1;1;0;2;1;1;5;
70321;202100045281;120 782;A01;1;2;2;0;1;1;1;
70322;202100045282;120 781;A01;2;7;2;0;1;1;1;
70323;202100045283;120 780;A01;1;33;0;1;2;1;1;
70324;202100045284;120 778;B01;1;33;0;2;1;1;1;
70325;202100045284;120 779;A01;3;7;0;2;3;15;1;
70326;202100045285;120 777;A01;1;7;0;1;1;1;1;
70327;202100045287;120 772;B01;1;7;0;2;8;15;1;
70328;202100045287;120 773;A01;1;33;0;2;1;17;1;
70329;202100045290;120 765;B01;2;33;0;2;1;1;1;
70330;202100045290;120 766;A01;1;7;0;2;2;15;1;
70331;202100045291;120 764;A01;1;21;0;0;0;1;1;
70332;202100045292;120 762;A01;1;7;0;2;1;19;1;
70333;202100045292;120 763;B01;2;7;0;2;3;1;1;
70334;202100045293;120 760;B01;1;7;0;0;8;1;1;
70335;202100045293;120 761;A01;2;10;8;0;1;19;1;
70336;202100045295;120 757;B01;3;36;0;2;1;1;1;
70337;202100045295;120 758;A01;3;35;0;2;1;1;1;
70338;202100045296;120 756;A01;1;7;0;0;0;21;1;
70339;202100045297;120 754;A01;2;7;0;2;3;21;1;
70340;202100045297;120 755;B01;1;7;0;2;2;21;1;
70341;202100045298;120 753;A01;1;32;12;0;1;1;1;
70342;202100045299;120 751;B01;2;33;0;2;1;1;1;
70343;202100045299;120 752;A01;2;35;0;0;4;2;1;
70344;202100045300;120 750;A01;1;1;0;0;0;1;5;
70345;202100045301;120 749;A01;2;33;13;0;1;1;1;
70346;202100045302;120 748;A01;1;31;6;0;2;2;1;
70347;202100045303;120 747;A01;1;7;2;0;1;13;1;
70348;202100045304;120 746;A01;1;7;16;0;0;1;1;
70349;202100045305;120 745;A01;2;7;0;1;1;1;1;
70350;202100045306;120 744;A01;1;7;13;0;9;1;1;
70351;202100045307;120 742;B01;1;7;0;2;3;1;1;
70352;202100045307;120 743;A01;2;7;0;2;3;17;1;
70353;202100045308;120 741;A01;2;31;0;0;0;1;1;
70354;202100045309;120 740;A01;2;33;0;0;0;16;1;
70355;202100045310;120 739;A01;3;2;0;1;1;1;1;
70356;202100045311;120 736;A01;3;7;0;2;3;21;1;
70357;202100045311;120 737;C01;3;1;0;2;4;13;5;
70358;202100045311;120 738;B01;3;1;0;2;1;13;5;
70359;202100045312;120 735;A01;3;14;0;0;8;1;1;
70360;202100045313;120 734;A01;2;33;13;0;2;0;1;
70361;202100045314;120 733;A01;1;7;0;0;2;1;1;
70362;202100045315;120 732;A01;3;7;0;1;2;1;1;
70363;202100045316;120 730;A01;3;7;0;2;3;15;1;
70364;202100045316;120 731;B01;0;31;0;2;1;17;1;
70365;202100045317;120 729;A01;1;7;0;1;3;1;1;
70366;202100045318;120 727;A01;1;7;1;0;8;1;1;
70367;202100045318;120 728;B01;1;7;0;0;5;23;1;
70368;202100045319;120 725;A01;1;50;0;2;3;5;3;
70369;202100045319;120 726;B01;2;7;0;2;8;1;1;
70370;202100045320;120 723;A01;0;7;0;2;1;15;1;
70371;202100045320;120 724;B01;0;33;0;2;7;1;1;
70372;202100045321;120 722;A01;3;7;0;1;2;1;1;
70373;202100045322;120 721;A01;2;33;0;0;0;1;1;
70374;202100045324;120 715;A01;3;7;0;2;0;1;1;
70375;202100045324;120 716;C01;0;7;0;0;4;1;1;
70376;202100045324;120 717;B01;3;7;0;2;4;1;1;
70377;202100045325;120 714;A01;1;36;0;0;2;15;1;
70378;202100045326;120 713;A01;1;33;0;0;8;1;1;
70379;202100045327;120 712;A01;1;7;8;0;0;1;1;
70380;202100045328;120 711;A01;1;7;13;0;1;1;1;
70381;202100045329;120 710;A01;2;7;4;0;1;1;1;
70382;202100045331;120 708;A01;2;7;4;0;3;21;1;
70383;202100045333;120 706;A01;2;7;3;0;1;14;1;
70384;202100045335;120 703;A01;1;15;0;2;2;12;1;
70385;202100045335;120 704;B01;1;7;0;2;6;1;1;
70386;202100045336;120 702;A01;2;33;14;0;9;12;1;
70387;202100045337;120 700;B01;2;7;0;2;4;2;1;
70388;202100045337;120 701;A01;2;10;0;2;1;2;1;
70389;202100045338;120 698;A01;2;7;0;2;1;1;1;
70390;202100045338;120 699;B01;2;7;0;1;4;1;1;
70391;202100045339;120 697;A01;2;7;0;0;1;1;1;
70392;202100045340;120 696;A01;3;37;0;1;2;1;1;1.0
70393;202100045341;120 693;C01;1;7;0;0;0;0;1;
70394;202100045341;120 694;B01;1;7;0;2;4;0;1;
70395;202100045341;120 695;A01;1;7;0;2;1;2;1;
70396;202100045342;120 691;A01;2;7;0;2;3;5;1;
70397;202100045342;120 692;B01;1;7;0;2;3;1;1;
70398;202100045343;120 689;A01;1;43;0;2;1;1;1;
70399;202100045343;120 690;B01;2;7;0;2;3;15;1;
70400;202100045344;120 687;A01;1;7;1;0;3;13;1;
70401;202100045344;120 688;B01;1;7;1;1;5;0;1;
70402;202100045345;120 685;A01;1;7;0;2;3;15;1;
70403;202100045345;120 686;B01;2;31;0;2;1;1;1;
70404;202100045346;120 683;B01;1;7;0;2;1;21;1;
70405;202100045346;120 684;A01;1;7;0;2;3;9;1;
70406;202100045347;120 682;A01;2;40;0;1;2;1;3;
70407;202100045348;120 680;B01;1;50;0;2;7;1;3;
70408;202100045348;120 681;Z01;2;7;0;2;1;1;1;
70409;202100045349;120 679;A01;2;7;0;1;2;1;1;
70410;202100045350;120 678;A01;2;30;14;0;1;13;1;
70411;202100045351;120 676;A01;1;7;0;2;1;2;0;
70412;202100045351;120 677;B01;1;7;0;2;3;16;0;
70413;202100045352;120 675;A01;1;10;0;1;2;16;0;
70414;202100045353;120 673;B01;0;7;0;2;3;9;2;
70415;202100045353;120 674;A01;0;33;0;0;8;1;0;
70416;202100045354;120 672;A01;1;7;0;1;4;26;1;
70417;202100045355;120 669;C01;1;10;4;2;7;1;1;
70418;202100045355;120 670;B01;1;17;0;2;7;1;1;
70419;202100045355;120 671;A01;1;7;3;2;7;9;2;
70420;202100045356;120 668;A01;-1;7;0;0;9;13;1;
70421;202100045357;120 667;A01;1;7;0;1;1;1;1;
70422;202100045358;120 665;A01;2;7;0;2;1;15;1;
70423;202100045358;120 666;B01;1;7;0;2;1;1;1;
70424;202100045359;120 664;A01;2;7;0;1;2;1;1;
70425;202100045360;120 662;A01;2;34;0;2;1;26;1;
70426;202100045360;120 663;B01;2;80;0;2;3;19;3;
70427;202100045362;120 652;D01;0;7;0;2;4;1;1;
70428;202100045362;120 653;E01;0;7;0;2;4;1;1;
70429;202100045362;120 654;A01;0;10;0;2;1;1;1;
70430;202100045362;120 655;B01;0;7;0;2;4;1;1;
70431;202100045362;120 656;C01;0;7;0;2;4;1;1;
70432;202100045363;120 648;B01;2;1;0;2;8;1;5;
70433;202100045363;120 649;A01;3;7;0;2;1;1;1;
70434;202100045364;120 647;A01;1;33;1;0;1;26;1;
70435;202100045365;120 641;B01;1;30;0;2;1;1;1;
70436;202100045365;120 642;A01;1;-1;0;2;8;15;0;
70437;202100045366;120 639;A01;3;7;1;0;4;15;1;
70438;202100045366;120 640;B01;3;33;0;2;4;26;1;
70439;202100045367;120 637;A01;1;1;0;-1;1;19;5;
70440;202100045367;120 638;B01;1;40;0;1;1;1;3;
70441;202100045368;120 635;B01;1;7;0;2;7;1;1;
70442;202100045368;120 636;A01;3;1;0;2;1;19;5;
70443;202100045369;120 634;A01;1;7;0;1;2;9;1;
70444;202100045370;120 632;B01;1;33;0;2;1;1;1;
70445;202100045370;120 633;A01;2;7;0;2;5;15;1;
70446;202100045371;120 630;A01;1;43;0;2;1;2;1;
70447;202100045371;120 631;B01;1;7;0;2;4;2;1;
70448;202100045373;120 627;A01;2;33;12;0;8;21;1;
70449;202100045374;120 625;B01;1;7;0;2;4;23;1;
70450;202100045374;120 626;A01;1;37;0;2;1;26;1;1.0
70451;202100045375;120 624;A01;2;7;0;1;1;26;1;
70452;202100045376;120 623;A01;3;7;0;1;3;1;1;
70453;202100045377;120 621;A01;1;7;0;2;1;13;1;
70454;202100045377;120 622;B01;2;7;0;2;1;1;1;
70455;202100045378;120 620;A01;2;7;12;1;1;1;1;