;Num_Acc;id_vehicule;num_veh;senc;catv;obs;obsm;choc;manv;motor;occutc
71839;202100046300;119 021;B01;2;7;0;2;1;17;1;
71840;202100046301;119 018;A01;1;33;0;2;1;1;1;
71841;202100046301;119 019;B01;1;7;0;2;3;15;1;
71842;202100046303;119 013;B01;2;7;0;2;3;1;1;
71843;202100046303;119 014;A01;1;7;0;2;3;1;1;
71844;202100046305;119 008;C01;2;33;0;2;3;0;1;
71845;202100046305;119 009;B01;1;33;0;2;1;0;1;
71846;202100046305;119 010;A01;2;33;0;2;1;17;1;
71847;202100046306;119 006;B01;2;33;0;2;7;1;1;
71848;202100046306;119 007;A01;2;10;0;2;2;19;1;
71849;202100046307;119 005;A01;1;10;0;0;1;26;1;
71850;202100046308;119 003;B01;1;2;0;2;1;17;1;
71851;202100046308;119 004;A01;1;21;0;2;3;15;1;
71852;202100046309;119 001;B01;2;7;0;2;3;1;1;
71853;202100046309;119 002;A01;1;1;0;2;1;19;5;
71854;202100046310;118 999;B01;3;10;0;2;3;0;1;
71855;202100046310;119 000;A01;3;7;0;2;2;19;1;
71856;202100046311;118 997;B01;1;32;0;2;7;3;1;
71857;202100046311;118 998;A01;1;7;0;2;8;13;1;
71858;202100046312;118 995;B01;2;1;0;2;1;15;5;
71859;202100046312;118 996;A01;1;7;0;2;3;1;1;
71860;202100046313;118 994;A01;3;2;13;0;1;14;1;
71861;202100046314;118 992;B01;1;43;3;2;1;1;1;
71862;202100046314;118 993;A01;2;10;0;2;3;1;1;
71863;202100046316;118 988;B01;2;33;0;2;1;2;1;
71864;202100046316;118 989;A01;2;7;0;2;4;1;1;
71865;202100046317;118 986;B01;2;7;0;1;1;26;1;
71866;202100046317;118 987;A01;2;7;15;0;0;1;1;
71867;202100046319;118 983;A01;2;33;3;0;1;18;1;
71868;202100046320;118 981;A01;1;7;0;2;2;12;1;
71869;202100046320;118 982;B01;1;7;0;2;8;1;1;
71870;202100046321;118 979;A01;2;7;4;2;3;1;1;
71871;202100046321;118 980;B01;2;7;0;2;4;1;1;
71872;202100046322;118 974;D01;2;10;0;2;4;23;1;
71873;202100046322;118 975;E01;2;7;0;2;1;2;1;
71874;202100046322;118 976;C01;2;10;0;2;4;23;1;
71875;202100046322;118 977;B01;2;7;0;2;4;23;1;
71876;202100046322;118 978;A01;2;13;0;2;4;23;1;
71877;202100046323;118 970;D01;2;7;0;2;1;2;1;
71878;202100046323;118 971;A01;2;7;0;2;4;23;1;
71879;202100046323;118 972;B01;2;7;0;2;4;23;1;
71880;202100046323;118 973;C01;2;7;0;2;4;23;1;
71881;202100046324;118 969;A01;1;7;5;0;2;14;1;
71882;202100046325;118 968;A01;2;7;0;0;0;1;1;
71883;202100046326;118 964;D01;1;7;0;2;1;0;1;
71884;202100046326;118 965;C01;2;10;0;2;2;0;1;
71885;202100046326;118 966;B01;1;10;0;2;8;0;1;
71886;202100046326;118 967;A01;1;7;0;2;2;3;1;
71887;202100046327;118 962;B01;2;7;0;2;4;2;1;
71888;202100046327;118 963;Z01;2;7;0;2;1;1;1;
71889;202100046328;118 960;A01;2;7;0;2;3;1;1;
71890;202100046328;118 961;B01;2;7;0;2;5;2;1;
71891;202100046329;118 957;A01;1;7;15;0;7;1;1;
71892;202100046331;118 954;A01;1;30;0;2;7;1;1;
71893;202100046332;118 952;B01;1;7;14;0;1;1;1;
71894;202100046332;118 953;A01;1;7;0;2;1;26;1;
71895;202100046333;118 951;A01;1;7;4;0;1;1;1;
71896;202100046334;118 949;A01;2;7;0;2;8;10;1;
71897;202100046334;118 950;B01;1;33;0;2;1;1;1;
71898;202100046336;118 947;A01;1;10;12;0;1;14;1;
71899;202100046337;118 945;A01;1;7;0;2;2;16;1;
71900;202100046337;118 946;B01;2;30;0;2;1;1;1;
71901;202100046338;118 944;A01;2;30;9;0;1;1;1;
71902;202100046339;118 942;A01;1;7;6;2;1;13;1;
71903;202100046339;118 943;B01;2;7;6;2;3;1;1;
71904;202100046340;118 940;B01;3;7;0;2;8;15;1;
71905;202100046340;118 941;A01;3;7;0;2;1;17;1;
71906;202100046342;118 938;A01;3;50;0;0;0;25;3;
71907;202100046343;118 936;A01;1;7;0;2;1;1;1;
71908;202100046343;118 937;B01;1;7;0;2;4;0;1;
71909;202100046344;118 934;A01;1;7;0;2;4;4;1;
71910;202100046344;118 935;B01;1;7;0;2;1;1;1;
71911;202100046345;118 931;C01;1;7;0;2;0;0;1;
71912;202100046345;118 932;B01;1;7;0;2;8;0;1;
71913;202100046345;118 933;A01;1;7;0;2;2;21;1;
71914;202100046346;118 929;B01;1;7;0;2;8;1;1;
71915;202100046346;118 930;A01;2;7;0;2;2;1;1;
71916;202100046347;118 927;A01;2;30;0;2;1;1;1;
71917;202100046347;118 928;B01;2;7;0;2;4;1;1;
71918;202100046349;118 923;B01;1;7;0;2;3;1;1;
71919;202100046349;118 924;A01;2;30;0;2;3;17;1;
71920;202100046350;118 921;A01;2;7;16;2;3;10;1;
71921;202100046350;118 922;B01;2;7;0;2;1;1;1;
71922;202100046351;118 919;B01;3;33;0;2;4;1;1;
71923;202100046351;118 920;A01;3;7;0;2;3;2;1;
71924;202100046352;118 917;B01;3;7;0;2;3;2;1;
71925;202100046352;118 918;A01;3;7;0;2;6;15;1;
71926;202100046353;118 915;B01;1;7;0;2;5;15;1;
71927;202100046353;118 916;A01;1;30;0;2;8;1;1;
71928;202100046354;118 913;A01;1;7;0;2;4;2;1;
71929;202100046354;118 914;B01;1;7;0;2;1;2;0;
71930;202100046355;118 909;A01;3;33;0;0;0;2;1;
71931;202100046356;118 908;A01;2;7;1;0;2;15;1;
71932;202100046357;118 906;B01;0;32;1;2;1;6;1;
71933;202100046357;118 907;A01;0;7;0;2;3;9;1;
71934;202100046358;118 904;B01;1;31;0;2;2;1;1;
71935;202100046358;118 905;A01;1;7;0;2;3;11;1;
71936;202100046359;118 902;B01;1;30;0;2;1;1;1;
71937;202100046359;118 903;A01;2;30;0;2;8;19;1;
71938;202100046360;118 900;A01;2;33;0;2;7;17;1;
71939;202100046360;118 901;B01;3;7;0;2;2;15;1;
71940;202100046361;118 899;A01;3;32;0;1;1;1;1;
71941;202100046362;118 897;A01;1;7;1;0;4;23;1;
71942;202100046362;118 898;B01;1;7;14;2;1;1;1;
71943;202100046363;118 895;B01;2;34;0;2;7;17;1;
71944;202100046363;118 896;A01;2;10;0;2;8;9;1;
71945;202100046365;118 891;B01;1;30;0;2;1;2;1;
71946;202100046365;118 892;A01;1;1;0;2;4;2;5;
71947;202100046366;118 890;A01;1;34;0;0;8;1;1;
71948;202100046367;118 887;C01;3;80;0;2;1;1;3;
71949;202100046367;118 888;B01;2;80;0;2;1;1;3;
71950;202100046367;118 889;A01;1;80;0;2;1;5;3;
71951;202100046369;118 885;A01;2;43;0;0;8;1;1;
71952;202100046370;118 883;B01;2;30;0;2;1;9;1;
71953;202100046370;118 884;A01;2;32;0;2;3;7;1;
71954;202100046371;118 881;Z01;1;7;0;2;2;22;1;
71955;202100046371;118 882;A01;1;1;0;2;8;1;5;
71956;202100046372;118 879;B01;3;2;0;2;8;11;1;
71957;202100046372;118 880;A01;3;7;0;2;2;1;1;
71958;202100046373;118 878;A01;1;7;1;0;7;14;1;
71959;202100046374;118 877;A01;3;7;11;0;9;1;1;
71960;202100046375;118 875;B01;2;1;0;2;1;1;5;
71961;202100046375;118 876;A01;1;1;0;2;1;14;5;
71962;202100046376;118 874;A01;1;50;0;0;0;26;3;
71963;202100046377;118 872;A01;2;32;0;2;1;1;1;
71964;202100046377;118 873;Z01;2;1;0;2;5;1;5;
71965;202100046378;118 869;C01;2;32;0;2;1;7;1;
71966;202100046378;118 870;B01;2;31;0;2;5;7;3;
71967;202100046378;118 871;A01;2;32;0;2;5;23;1;
71968;202100046379;118 867;B01;2;1;0;2;7;1;5;
71969;202100046379;118 868;A01;2;10;0;2;3;22;1;
71970;202100046380;118 865;B01;1;50;0;2;0;21;3;
71971;202100046380;118 866;A01;1;10;0;2;0;22;1;
71972;202100046381;118 864;A01;1;33;1;0;1;14;1;
71973;202100046382;118 863;A01;1;34;0;1;1;1;1;
71974;202100046383;118 861;B01;1;1;0;2;1;1;5;
71975;202100046383;118 862;A01;1;7;0;2;3;22;1;
71976;202100046384;118 859;A01;1;7;0;2;2;1;2;
71977;202100046384;118 860;B01;1;33;0;2;1;16;1;
71978;202100046385;118 857;B01;2;50;0;2;8;7;3;
71979;202100046385;118 858;A01;2;37;0;2;7;14;2;1.0
71980;202100046386;118 855;A01;1;33;0;2;3;15;1;
71981;202100046386;118 856;B01;1;50;0;2;2;1;3;
71982;202100046387;118 854;A01;1;1;0;1;1;1;5;
71983;202100046388;118 853;A01;2;7;1;0;2;14;1;
71984;202100046389;118 851;B01;2;3;0;2;3;1;1;
71985;202100046389;118 852;Y01;2;1;0;2;1;2;5;
71986;202100046390;118 849;A01;2;7;0;2;2;15;1;
71987;202100046390;118 850;B01;1;31;0;2;0;0;1;
71988;202100046391;118 848;B01;3;32;0;2;8;1;1;
71989;202100046392;118 847;A01;3;7;0;1;3;1;1;
71990;202100046393;118 845;B01;1;1;0;2;7;15;5;
71991;202100046393;118 846;A01;1;7;0;2;3;1;1;
71992;202100046394;118 843;B01;3;33;0;2;1;1;1;
71993;202100046394;118 844;A01;1;7;0;2;3;0;1;
71994;202100046395;118 841;A01;1;7;8;2;3;26;1;
71995;202100046395;118 842;B01;1;30;8;2;7;17;0;
71996;202100046396;118 840;A01;2;7;0;1;8;1;1;
71997;202100046397;118 838;A01;1;7;0;2;3;15;1;
71998;202100046397;118 839;B01;1;34;0;2;7;17;1;
71999;202100046400;118 833;A01;3;7;8;0;2;15;0;
72000;202100046401;118 831;A01;3;7;0;0;4;1;0;
72001;202100046401;118 832;B01;3;0;0;2;1;1;0;
72002;202100046402;118 829;B01;3;2;0;2;2;1;1;
72003;202100046402;118 830;A01;3;7;0;2;3;19;1;
72004;202100046403;118 828;A01;1;32;1;0;1;26;1;
72005;202100046404;118 826;A01;2;7;0;2;8;15;1;
72006;202100046404;118 827;B01;2;2;0;2;1;1;1;
72007;202100046405;118 824;B01;1;31;0;2;1;1;1;
72008;202100046405;118 825;A01;2;7;0;2;3;1;1;
72009;202100046406;118 822;A01;1;7;0;2;3;14;1;
72010;202100046406;118 823;B01;1;33;0;2;1;17;1;
72011;202100046407;118 820;B01;2;7;0;2;3;0;1;
72012;202100046407;118 821;A01;2;7;0;2;1;0;1;
72013;202100046408;118 819;A01;2;7;0;1;1;1;1;
72014;202100046409;118 818;A01;1;7;6;0;0;0;3;
72015;202100046410;118 817;A01;2;33;3;6;1;1;1;
72016;202100046411;118 816;A01;1;7;13;0;1;1;1;
72017;202100046412;118 815;A01;2;7;2;0;0;1;1;
72018;202100046413;118 813;B01;1;10;0;2;5;15;1;
72019;202100046413;118 814;A01;2;33;0;2;1;1;0;
72020;202100046414;118 811;B01;1;7;0;0;3;2;1;
72021;202100046414;118 812;A01;1;7;4;2;3;11;1;
72022;202100046415;118 809;B01;1;33;0;2;1;1;1;
72023;202100046415;118 810;A01;2;10;0;0;8;11;1;
72024;202100046416;118 808;A01;2;7;2;0;3;1;1;
72025;202100046417;118 806;B01;2;7;0;2;3;1;1;
72026;202100046417;118 807;A01;1;33;0;2;4;1;1;
72027;202100046418;118 805;A01;2;7;2;0;4;13;1;
72028;202100046419;118 803;A01;2;7;0;2;1;13;1;
72029;202100046419;118 804;B01;2;37;0;2;3;21;1;1.0
72030;202100046420;118 802;A01;0;2;0;0;0;0;0;
72031;202100046421;118 800;A01;1;2;0;2;1;1;1;
72032;202100046421;118 801;B01;1;7;0;0;8;1;1;
72033;202100046422;118 799;A01;1;7;13;0;0;1;1;
72034;202100046423;118 797;B01;2;36;0;2;1;1;1;
72035;202100046423;118 798;A01;1;33;0;2;1;1;1;
72036;202100046424;118 795;B01;2;1;0;2;4;2;5;
72037;202100046424;118 796;A01;2;7;0;2;1;2;1;
72038;202100046425;118 792;B01;1;7;0;2;3;2;1;
72039;202100046425;118 793;C01;2;7;0;0;8;1;1;
72040;202100046425;118 794;A01;1;7;0;2;1;1;1;
72041;202100046426;118 791;A01;2;7;2;0;2;1;1;
72042;202100046427;118 790;A01;2;33;3;0;1;1;1;
72043;202100046428;118 789;A01;1;33;0;0;1;1;1;
72044;202100046429;118 788;A01;1;32;0;0;7;16;1;
72045;202100046430;118 787;A01;1;7;0;0;2;1;1;
72046;202100046431;118 785;A01;2;7;0;2;1;13;1;
72047;202100046431;118 786;B01;1;7;0;2;1;1;1;
72048;202100046432;118 783;A01;2;7;0;2;7;2;1;
72049;202100046432;118 784;B01;2;1;0;2;8;2;0;
72050;202100046433;118 781;B01;0;7;0;2;3;0;1;
72051;202100046433;118 782;A01;0;2;0;2;2;0;1;
72052;202100046434;118 779;B01;2;7;0;9;3;1;1;
72053;202100046434;118 780;A01;1;31;0;2;0;13;1;
72054;202100046435;118 778;A01;2;33;10;0;7;14;1;
72055;202100046436;118 776;A01;1;10;0;0;7;19;0;
72056;202100046436;118 777;B01;1;33;0;2;1;1;1;
72057;202100046437;118 775;A01;3;7;2;0;2;14;1;
72058;202100046439;118 772;B01;2;7;0;2;3;1;1;
72059;202100046439;118 773;A01;1;7;0;2;1;17;1;
72060;202100046440;118 771;A01;0;33;13;0;1;1;1;
72061;202100046441;118 769;B01;2;31;0;2;1;1;1;
72062;202100046441;118 770;A01;1;7;0;2;3;15;1;
72063;202100046442;118 768;A01;2;7;13;0;1;1;1;
72064;202100046444;118 765;B01;3;7;0;2;3;26;1;
72065;202100046444;118 766;A01;3;2;0;2;3;16;1;
72066;202100046445;118 764;A01;1;36;5;0;3;1;1;
72067;202100046446;118 763;A01;1;33;0;1;1;13;1;
72068;202100046447;118 760;A01;0;2;13;0;1;0;1;
72069;202100046448;118 756;C01;2;1;0;2;7;1;5;
72070;202100046448;118 757;B01;2;1;0;2;2;1;5;
72071;202100046448;118 758;A01;2;10;0;2;6;4;1;
72072;202100046451;118 752;A01;0;7;0;1;3;1;1;
72073;202100046452;118 750;A01;2;7;0;2;3;15;1;
72074;202100046452;118 751;B01;2;2;0;2;1;1;1;
72075;202100046453;118 749;A01;1;7;0;0;9;13;1;
72076;202100046454;118 747;A01;0;7;0;2;3;9;1;
72077;202100046454;118 748;B01;2;31;0;2;1;2;1;
72078;202100046455;118 746;A01;3;2;0;6;1;1;1;
72079;202100046456;118 745;A01;2;7;16;0;9;1;1;
72080;202100046457;118 743;A01;2;7;0;2;1;2;1;
72081;202100046457;118 744;B01;2;7;0;0;4;1;1;
72082;202100046458;118 741;B01;1;7;0;2;1;1;1;
72083;202100046458;118 742;A01;1;7;0;2;3;19;1;
72084;202100046459;118 739;B01;1;15;0;0;3;1;1;
72085;202100046459;118 740;A01;2;7;0;2;1;13;1;
72086;202100046460;118 737;A01;2;7;0;0;4;15;1;
72087;202100046460;118 738;B01;2;2;0;2;1;2;1;
72088;202100046461;118 735;B01;2;34;0;2;1;17;1;
72089;202100046461;118 736;A01;1;7;0;2;2;1;1;
72090;202100046463;118 730;C01;2;7;0;2;1;1;1;
72091;202100046463;118 731;B01;2;7;0;2;3;1;1;
72092;202100046463;118 732;A01;1;7;0;0;1;1;1;
72093;202100046464;118 729;A01;1;7;13;0;1;0;1;
72094;202100046465;118 727;A01;2;7;15;0;1;0;0;
72095;202100046467;118 725;A01;1;31;11;0;8;1;0;
72096;202100046469;118 723;A01;1;7;2;0;0;0;1;
72097;202100046470;118 721;A01;1;7;0;0;4;23;1;
72098;202100046470;118 722;B01;1;7;0;2;1;23;1;
72099;202100046471;118 719;A01;2;33;0;2;1;1;1;
72100;202100046471;118 720;B01;2;30;0;2;4;15;1;
72101;202100046472;118 718;A01;2;1;13;0;1;1;5;
72102;202100046473;118 717;A01;1;2;6;0;8;19;1;
72103;202100046474;118 716;A01;2;7;2;0;2;1;1;
72104;202100046475;118 714;B01;2;7;5;2;8;1;1;
72105;202100046475;118 715;A01;2;17;0;2;2;12;1;
72106;202100046476;118 711;A01;2;7;3;0;1;13;1;
72107;202100046476;118 712;B01;2;10;3;0;1;2;1;
72108;202100046476;118 713;C01;2;7;14;0;3;21;1;
72109;202100046477;118 708;C01;1;7;0;2;0;0;1;
72110;202100046477;118 709;B01;1;7;0;2;0;0;1;
72111;202100046477;118 710;A01;1;7;0;2;0;0;1;
72112;202100046478;118 706;A01;1;7;0;2;1;1;1;
72113;202100046478;118 707;B01;1;10;0;2;4;1;1;
72114;202100046480;118 701;B01;1;7;0;2;4;2;1;
72115;202100046480;118 702;A01;1;7;0;2;1;1;1;
72116;202100046480;118 703;C01;1;7;0;2;4;2;1;
72117;202100046481;118 698;A01;2;33;0;2;1;1;1;
72118;202100046481;118 699;B01;2;7;0;2;4;2;1;
72119;202100046481;118 700;C01;1;7;4;2;1;2;1;
72120;202100046482;118 697;A01;2;7;3;0;1;11;1;
72121;202100046483;118 696;A01;1;33;0;2;3;14;1;
72122;202100046484;118 695;A01;1;7;4;0;1;21;1;
72123;202100046486;118 693;A01;1;7;0;1;2;1;1;
72124;202100046488;118 691;A01;2;33;0;0;1;1;1;
72125;202100046489;118 690;A01;1;7;0;1;2;1;1;
72126;202100046490;118 688;B01;1;7;0;2;1;2;1;
72127;202100046490;118 689;A01;1;10;0;2;4;1;1;
72128;202100046491;118 686;A01;3;50;0;2;1;19;3;
72129;202100046491;118 687;B01;3;7;0;2;3;15;1;
72130;202100046492;118 684;B01;3;7;0;2;1;23;1;
72131;202100046492;118 685;A01;1;3;0;2;1;13;1;
72132;202100046493;118 682;A01;3;7;0;2;2;15;1;
72133;202100046493;118 683;B01;3;30;0;2;1;1;1;
72134;202100046494;118 679;Z01;1;7;0;2;1;1;1;
72135;202100046494;118 680;B01;1;7;0;2;4;1;1;
72136;202100046494;118 681;C01;1;7;0;2;4;1;1;
72137;202100046495;118 678;A01;2;1;0;0;0;1;5;
72138;202100046496;118 677;A01;1;7;10;0;1;1;1;
72139;202100046497;118 675;Y01;2;50;0;2;4;15;3;
72140;202100046497;118 676;A01;1;7;0;9;3;15;1;
72141;202100046498;118 674;A01;1;7;0;1;1;26;1;
72142;202100046499;118 672;A01;1;7;0;2;7;15;1;
72143;202100046499;118 673;B01;2;33;0;2;1;1;1;
72144;202100046500;118 668;B01;3;7;0;2;8;1;0;
72145;202100046500;118 669;A01;3;7;0;2;1;17;0;
72146;202100046501;118 666;A01;3;7;0;2;5;1;1;
72147;202100046501;118 667;B01;2;1;0;2;1;1;5;
72148;202100046502;118 665;A01;0;7;0;1;0;1;1;
72149;202100046503;118 663;A01;1;7;0;2;1;26;1;
72150;202100046503;118 664;B01;2;7;0;2;7;15;1;
72151;202100046504;118 662;A01;0;7;0;1;2;1;1;
72152;202100046505;118 659;C01;1;7;0;2;8;1;1;
72153;202100046505;118 660;B01;2;10;0;2;6;23;1;
72154;202100046505;118 661;A01;2;30;0;2;1;1;1;
72155;202100046506;118 656;C01;1;7;0;2;1;1;1;
72156;202100046506;118 657;A01;2;33;0;2;7;17;1;
72157;202100046506;118 658;B01;1;7;0;2;3;15;1;
72158;202100046507;118 654;B01;1;32;0;2;6;1;1;
72159;202100046507;118 655;A01;1;7;0;2;2;12;1;
72160;202100046508;118 653;A01;1;30;0;0;7;26;1;
72161;202100046509;118 651;B01;2;33;0;2;1;21;1;
72162;202100046509;118 652;A01;1;1;0;2;6;2;5;
72163;202100046510;118 649;B01;2;7;0;2;6;1;1;
72164;202100046510;118 650;A01;1;2;0;2;1;1;1;
72165;202100046511;118 647;A01;1;7;0;2;7;15;1;
72166;202100046511;118 648;B01;1;32;0;2;7;1;1;
72167;202100046512;118 645;B01;2;7;0;2;2;0;1;
72168;202100046512;118 646;A01;2;1;0;2;7;26;5;
72169;202100046513;118 643;B01;1;1;0;2;7;1;5;
72170;202100046513;118 644;A01;2;7;0;2;1;26;1;
72171;202100046514;118 641;A01;2;32;0;2;1;21;1;
72172;202100046514;118 642;B01;1;7;0;2;1;1;1;
72173;202100046515;118 640;A01;1;7;0;1;1;1;1;
72174;202100046516;118 638;A01;2;1;0;2;1;13;6;
72175;202100046516;118 639;B01;2;7;0;2;3;0;1;
72176;202100046517;118 637;A01;1;7;14;0;1;1;1;
72177;202100046518;118 634;C01;1;17;0;9;1;1;1;
72178;202100046518;118 635;B01;1;10;0;9;6;1;1;
72179;202100046518;118 636;A01;1;33;0;2;1;1;1;
72180;202100046519;118 633;A01;1;10;0;1;4;20;1;
72181;202100046520;118 631;A01;1;37;0;2;4;1;1;1.0
72182;202100046520;118 632;B01;1;7;0;2;1;1;1;
72183;202100046521;118 629;B01;1;7;0;2;1;1;1;
72184;202100046521;118 630;A01;1;7;0;2;7;15;1;
72185;202100046522;118 627;B01;0;50;0;2;2;15;3;
72186;202100046522;118 628;A01;0;7;0;2;8;0;1;
72187;202100046524;118 623;B01;0;7;0;2;1;1;1;
72188;202100046524;118 624;A01;0;2;0;2;1;1;1;
72189;202100046526;118 619;A01;3;33;0;2;1;1;1;
72190;202100046526;118 620;B01;3;10;0;2;4;1;1;
72191;202100046528;118 616;B01;2;7;0;2;3;1;1;
72192;202100046528;118 617;A01;1;7;6;2;2;1;1;
72193;202100046529;118 615;A01;3;7;0;1;2;16;1;
72194;202100046530;118 614;A01;3;7;0;1;4;4;1;
72195;202100046531;118 612;A01;2;60;0;2;8;19;5;
72196;202100046531;118 613;B01;1;43;0;2;1;1;1;
72197;202100046532;118 609;A01;2;10;0;2;1;1;1;
72198;202100046532;118 610;B01;2;7;0;2;4;23;1;
72199;202100046532;118 611;C01;2;7;0;2;4;23;1;
72200;202100046533;118 607;A01;3;32;0;2;2;15;1;
72201;202100046533;118 608;B01;2;2;0;2;1;7;1;
72202;202100046534;118 605;A01;0;7;0;2;2;1;1;
72203;202100046534;118 606;B01;0;7;0;2;1;16;1;
72204;202100046535;118 603;A01;1;7;0;2;3;15;1;
72205;202100046535;118 604;B01;1;2;0;2;0;2;1;
72206;202100046536;118 601;A01;1;31;0;2;1;2;1;
72207;202100046536;118 602;B01;1;17;6;0;4;2;1;
72208;202100046537;118 599;A01;1;7;0;2;2;15;1;
72209;202100046537;118 600;B01;2;2;0;2;1;1;1;
72210;202100046538;118 597;B01;2;7;0;2;4;15;1;
72211;202100046538;118 598;A01;2;7;0;2;1;1;1;
72212;202100046539;118 594;C01;3;10;0;2;3;1;1;
72213;202100046539;118 595;B01;3;33;0;2;2;1;1;
72214;202100046539;118 596;A01;3;10;0;2;7;15;1;
72215;202100046540;118 592;B01;1;60;0;2;4;1;5;
72216;202100046540;118 593;Z01;1;7;0;9;1;2;0;
72217;202100046541;118 590;B01;0;7;0;2;1;9;1;
72218;202100046541;118 591;A01;0;1;0;2;3;25;5;
72219;202100046542;118 586;A01;1;34;0;2;1;1;1;
72220;202100046542;118 587;B01;2;10;0;2;6;0;1;
72221;202100046543;118 583;B01;2;33;0;2;6;23;1;
72222;202100046543;118 584;A01;2;32;0;2;1;1;1;
72223;202100046543;118 585;C01;2;7;0;2;2;15;0;
72224;202100046544;118 581;B01;1;7;0;2;8;1;1;
72225;202100046544;118 582;A01;1;7;0;2;1;19;1;
72226;202100046545;118 580;A01;1;14;0;1;1;26;1;
72227;202100046547;118 577;A01;3;10;0;1;3;15;1;
72228;202100046548;118 575;A01;1;7;0;2;2;15;1;
72229;202100046548;118 576;B01;2;33;0;2;1;26;1;
72230;202100046549;118 571;A01;1;7;0;2;4;1;1;
72231;202100046549;118 572;C01;1;10;0;2;0;0;1;
72232;202100046549;118 573;D01;1;7;0;2;0;0;1;
72233;202100046549;118 574;B01;1;7;0;2;0;0;1;
72234;202100046550;118 568;C01;1;7;0;2;1;2;1;
72235;202100046550;118 569;A01;0;7;0;2;4;2;1;
72236;202100046550;118 570;B01;1;7;0;2;4;2;1;
72237;202100046552;118 558;B01;1;7;0;2;4;23;1;
72238;202100046552;118 559;C01;1;7;0;2;2;2;1;
72239;202100046552;118 560;A01;1;10;0;2;1;2;1;
72240;202100046553;118 555;A01;2;10;0;2;7;12;1;
72241;202100046553;118 556;C01;2;15;0;2;4;24;1;
72242;202100046553;118 557;B01;2;7;0;2;8;1;1;
72243;202100046554;118 554;A01;2;17;3;0;1;13;1;
72244;202100046555;118 552;A01;2;33;0;2;1;0;1;
72245;202100046555;118 553;B01;2;7;0;2;5;0;1;
72246;202100046557;118 550;A01;2;7;0;9;1;9;1;
72247;202100046559;118 546;A01;3;7;0;1;1;25;1;
72248;202100046560;118 544;A01;2;30;0;2;7;1;1;
72249;202100046560;118 545;B01;1;7;0;2;1;1;1;
72250;202100046561;118 542;Z01;2;14;0;2;2;1;1;
72251;202100046561;118 543;B01;2;50;13;2;8;1;3;
72252;202100046562;118 540;A01;1;7;0;0;0;16;1;
72253;202100046562;118 541;B01;1;2;0;2;0;1;1;
72254;202100046563;118 538;A01;1;2;0;2;8;1;1;
72255;202100046563;118 539;B01;2;7;0;9;8;1;1;
72256;202100046564;118 536;A01;2;7;0;2;1;21;0;
72257;202100046564;118 537;B01;2;30;0;2;4;1;1;
72258;202100046565;118 535;A01;3;33;0;2;0;1;0;
72259;202100046566;118 534;A01;1;7;0;1;1;2;1;
72260;202100046567;118 531;A01;1;7;0;2;1;1;1;
72261;202100046567;118 532;B01;1;7;0;2;4;23;1;
72262;202100046567;118 533;C01;1;7;0;2;6;15;1;
72263;202100046568;118 529;B01;3;1;0;2;1;0;0;
72264;202100046568;118 530;A01;3;7;0;2;3;26;1;
72265;202100046569;118 528;A01;2;30;0;0;0;9;1;
72266;202100046570;118 526;A01;1;7;0;9;8;1;1;
72267;202100046570;118 527;B01;1;50;0;2;7;0;3;
72268;202100046571;118 525;A01;3;10;0;1;1;1;1;
72269;202100046572;118 523;A01;2;7;0;2;1;2;1;
72270;202100046572;118 524;B01;2;7;0;2;6;2;1;
72271;202100046574;118 519;A01;1;7;0;2;2;9;1;
72272;202100046574;118 520;B01;2;7;0;2;1;1;1;
72273;202100046575;118 517;A01;1;2;0;2;8;18;1;
72274;202100046575;118 518;B01;1;2;0;2;5;23;1;
72275;202100046576;118 516;A01;3;7;2;0;1;26;6;
72276;202100046577;118 515;A01;3;7;0;1;1;16;1;
72277;202100046578;118 514;A01;0;7;0;1;1;1;1;
72278;202100046579;118 512;A01;1;10;0;2;4;20;1;
72279;202100046579;118 513;B01;1;30;0;2;1;21;1;
72280;202100046580;118 510;B01;0;1;0;0;0;0;5;
72281;202100046580;118 511;A01;0;7;0;2;7;22;1;
72282;202100046581;118 508;B01;0;7;0;0;0;0;1;
72283;202100046581;118 509;A01;0;7;0;2;3;1;1;
72284;202100046582;118 507;A01;0;7;0;1;1;1;1;
72285;202100046583;118 506;A01;3;7;0;1;1;21;1;
72286;202100046584;118 503;A01;2;33;6;0;0;26;1;
72287;202100046585;118 501;A01;1;7;0;2;4;2;1;
72288;202100046585;118 502;B01;1;7;0;2;4;1;1;
72289;202100046586;118 499;C01;1;1;0;2;1;15;5;
72290;202100046586;118 500;A01;2;7;0;2;3;16;1;
72291;202100046589;118 491;A01;2;10;0;2;1;15;1;
72292;202100046589;118 492;B01;2;7;0;2;2;1;1;
72293;202100046590;118 489;A01;2;7;0;2;2;9;1;
72294;202100046590;118 490;B01;2;1;0;2;1;1;6;
72295;202100046591;118 487;A01;1;50;0;2;1;15;3;
72296;202100046591;118 488;B01;2;7;0;2;1;1;1;
72297;202100046594;118 481;B01;3;7;0;2;3;19;1;
72298;202100046594;118 482;A01;3;32;0;2;7;19;1;
72299;202100046595;118 479;B01;2;10;0;2;3;26;1;
72300;202100046595;118 480;A01;2;33;0;2;5;16;1;