;Num_Acc;id_vehicule;num_veh;senc;catv;obs;obsm;choc;manv;motor;occutc
72301;202100046596;118 477;A01;2;7;0;2;2;1;1;
72302;202100046596;118 478;Y01;2;1;0;0;0;0;5;
72303;202100046597;118 475;B01;2;7;0;2;1;9;1;
72304;202100046597;118 476;A01;1;7;0;2;2;1;1;
72305;202100046598;118 473;B01;0;60;0;2;8;19;5;
72306;202100046598;118 474;A01;0;7;0;2;1;1;1;
72307;202100046599;118 472;A01;3;7;0;1;1;1;1;
72308;202100046600;118 471;A01;1;3;0;1;1;16;1;
72309;202100046601;118 470;A01;0;7;1;0;1;1;1;
72310;202100046602;118 469;A01;3;1;0;1;1;1;5;
72311;202100046603;118 468;A01;1;7;0;1;3;13;1;
72312;202100046604;118 464;A01;2;7;0;2;1;1;1;
72313;202100046604;118 465;B01;1;10;0;2;1;0;1;
72314;202100046604;118 466;C01;2;10;0;2;0;0;1;
72315;202100046604;118 467;D01;2;10;0;2;0;0;1;
72316;202100046605;118 463;A01;2;7;0;1;1;15;1;
72317;202100046607;118 459;B01;2;1;0;2;8;0;5;
72318;202100046607;118 460;A01;2;14;0;2;7;16;1;
72319;202100046608;118 458;A01;2;7;6;0;1;1;1;
72320;202100046609;118 455;B01;1;7;0;2;4;23;1;
72321;202100046609;118 456;C01;1;10;0;2;4;23;1;
72322;202100046609;118 457;Z01;1;7;0;2;1;1;1;
72323;202100046610;118 453;A01;2;15;0;2;4;9;1;
72324;202100046610;118 454;B01;2;7;0;2;7;1;1;
72325;202100046611;118 451;B01;3;31;0;2;1;1;1;
72326;202100046611;118 452;A01;3;7;0;2;3;20;1;
72327;202100046612;118 449;B01;2;7;0;2;6;2;3;
72328;202100046612;118 450;A01;2;32;0;2;7;17;6;
72329;202100046614;118 446;A01;1;7;0;1;1;16;1;
72330;202100046615;118 443;A01;1;7;0;1;1;1;1;
72331;202100046617;118 439;A01;3;7;0;2;5;16;1;
72332;202100046617;118 440;Z01;3;1;0;2;0;0;5;
72333;202100046618;118 438;A01;1;7;3;0;7;1;1;
72334;202100046619;118 436;B01;1;32;0;2;1;1;1;
72335;202100046619;118 437;A01;2;7;0;2;7;15;1;
72336;202100046620;118 434;A01;1;7;0;2;3;6;1;
72337;202100046620;118 435;B01;1;7;0;2;2;1;1;
72338;202100046621;118 432;A01;0;7;0;2;7;15;1;
72339;202100046621;118 433;B01;0;33;0;2;1;1;1;
72340;202100046622;118 430;B01;0;7;0;9;1;1;1;
72341;202100046622;118 431;A01;0;31;0;2;1;13;1;
72342;202100046623;118 428;B01;3;10;0;2;3;1;1;
72343;202100046623;118 429;A01;3;33;0;2;1;1;1;
72344;202100046624;118 427;A01;2;7;0;1;3;1;6;
72345;202100046625;118 425;A01;1;7;0;9;4;23;1;
72346;202100046625;118 426;B01;1;7;0;2;1;2;1;
72347;202100046626;118 423;B01;3;1;0;9;4;21;5;
72348;202100046626;118 424;A01;3;1;0;9;1;1;5;
72349;202100046628;118 420;B01;0;31;0;2;4;23;1;
72350;202100046628;118 421;A01;2;7;0;2;3;1;1;
72351;202100046630;118 415;B01;2;7;0;2;5;12;1;
72352;202100046630;118 416;A01;2;43;0;2;1;1;1;
72353;202100046631;118 413;A01;2;43;0;2;1;3;1;
72354;202100046631;118 414;B01;2;7;0;2;5;1;1;
72355;202100046632;118 411;B01;1;50;0;2;1;1;3;
72356;202100046632;118 412;A01;2;31;0;2;2;15;1;
72357;202100046633;118 409;B01;1;7;0;2;2;1;1;
72358;202100046633;118 410;A01;1;30;0;2;7;18;1;
72359;202100046634;118 406;Z01;1;30;0;2;7;13;0;
72360;202100046634;118 407;B01;2;80;0;2;1;1;3;
72361;202100046634;118 408;A01;2;80;0;2;1;1;3;
72362;202100046635;118 405;A01;2;30;14;0;8;1;1;
72363;202100046636;118 403;B01;1;7;0;2;3;15;1;
72364;202100046636;118 404;A01;1;30;0;2;7;7;1;
72365;202100046637;118 401;Z01;2;7;0;2;0;17;0;
72366;202100046637;118 402;A01;2;30;0;2;1;1;3;
72367;202100046638;118 400;A01;1;50;0;0;0;1;3;
72368;202100046639;118 398;A01;2;10;0;2;2;2;1;
72369;202100046639;118 399;B01;2;7;0;2;6;23;1;
72370;202100046640;118 397;A01;2;7;0;1;2;1;1;
72371;202100046641;118 395;A01;1;33;0;2;1;18;1;
72372;202100046641;118 396;B01;2;7;0;2;2;15;1;
72373;202100046643;118 392;B01;1;7;0;2;4;23;1;
72374;202100046643;118 393;A01;1;2;0;2;1;2;1;
72375;202100046644;118 391;A01;1;1;0;1;2;1;5;
72376;202100046645;118 389;B01;2;1;0;2;0;1;5;
72377;202100046645;118 390;A01;2;10;0;2;0;22;1;
72378;202100046647;118 385;B01;2;34;0;2;4;17;3;
72379;202100046647;118 386;A01;2;1;0;2;1;15;5;
72380;202100046648;118 383;A01;2;7;0;2;2;16;1;
72381;202100046648;118 384;B01;1;1;0;2;4;1;5;
72382;202100046649;118 381;B01;3;1;0;2;8;1;5;
72383;202100046649;118 382;A01;0;7;0;2;7;17;1;
72384;202100046650;118 380;A01;2;30;0;1;1;1;1;
72385;202100046652;118 377;A01;0;7;1;1;2;13;1;
72386;202100046653;118 376;A01;1;31;0;1;1;26;0;
72387;202100046654;118 374;A01;1;7;0;2;7;20;1;
72388;202100046654;118 375;B01;2;2;0;2;1;1;1;
72389;202100046655;118 373;A01;1;1;0;1;1;1;5;
72390;202100046656;118 372;A01;0;7;0;2;2;17;1;
72391;202100046657;118 369;C01;3;7;0;2;8;1;1;
72392;202100046657;118 370;B01;3;7;0;2;3;15;2;
72393;202100046657;118 371;A01;3;33;0;2;1;1;1;
72394;202100046658;118 366;B01;1;7;0;2;4;0;0;
72395;202100046658;118 367;A01;1;7;0;2;1;2;0;
72396;202100046660;118 364;A01;3;60;0;1;1;1;5;
72397;202100046661;118 363;A01;1;0;0;1;0;1;0;
72398;202100046662;118 362;A01;1;7;3;0;9;1;1;
72399;202100046663;118 361;A01;1;7;0;1;2;1;1;
72400;202100046664;118 359;A01;3;34;0;2;1;1;0;
72401;202100046664;118 360;B01;3;3;0;2;5;9;0;
72402;202100046665;118 355;A01;2;30;0;2;1;3;1;
72403;202100046665;118 356;T01;2;7;0;2;0;26;1;
72404;202100046665;118 357;C01;1;37;0;2;3;1;1;1.0
72405;202100046665;118 358;B01;2;7;0;2;4;1;1;
72406;202100046666;118 353;B01;1;7;0;2;2;16;1;
72407;202100046666;118 354;A01;1;50;0;2;1;1;3;
72408;202100046667;118 351;B01;2;33;0;2;1;1;1;
72409;202100046667;118 352;A01;1;15;0;2;3;15;1;
72410;202100046668;118 350;A01;2;7;1;0;2;1;1;
72411;202100046669;118 349;A01;1;7;1;0;7;1;1;
72412;202100046670;118 348;A01;0;7;13;0;3;26;1;
72413;202100046671;118 347;A01;2;7;3;0;1;9;1;
72414;202100046672;118 345;B01;2;60;0;0;7;15;5;
72415;202100046672;118 346;A01;2;7;0;2;7;1;1;
72416;202100046673;118 343;A01;2;15;0;2;7;17;1;
72417;202100046673;118 344;B01;2;1;0;0;8;23;5;
72418;202100046674;118 342;A01;0;7;0;1;8;2;1;
72419;202100046675;118 341;A01;1;15;0;1;3;1;1;
72420;202100046676;118 339;B01;1;7;0;2;1;1;1;
72421;202100046676;118 340;A01;1;7;0;2;3;15;1;
72422;202100046677;118 337;B01;2;7;0;2;1;1;1;
72423;202100046677;118 338;A01;1;7;0;2;1;5;1;
72424;202100046678;118 335;A01;1;7;1;0;2;1;1;
72425;202100046678;118 336;B01;1;10;0;0;4;24;1;
72426;202100046679;118 334;A01;3;7;0;0;8;23;1;
72427;202100046680;118 333;A01;3;7;0;1;4;4;2;
72428;202100046681;118 332;A01;1;33;0;6;1;1;1;
72429;202100046682;118 331;A01;2;7;4;0;1;1;1;
72430;202100046683;118 330;A01;2;33;10;0;1;1;1;
72431;202100046684;118 329;A01;1;1;0;0;8;1;5;
72432;202100046685;118 327;A01;1;7;0;2;2;15;1;
72433;202100046685;118 328;B01;2;33;0;2;1;1;1;
72434;202100046686;118 324;A01;1;2;0;2;7;19;1;
72435;202100046686;118 325;C01;2;15;0;2;1;1;1;
72436;202100046686;118 326;B01;1;10;0;2;3;1;1;
72437;202100046687;118 322;B01;1;1;0;2;8;1;5;
72438;202100046687;118 323;A01;1;7;0;2;7;17;1;
72439;202100046688;118 320;B01;1;7;0;2;7;1;1;
72440;202100046688;118 321;A01;2;7;0;2;3;15;1;
72441;202100046689;118 319;A01;0;7;2;0;3;13;1;
72442;202100046690;118 318;A01;2;7;13;0;2;1;1;
72443;202100046691;118 316;A01;3;7;0;1;4;20;1;
72444;202100046692;118 314;A01;2;10;0;2;0;1;1;
72445;202100046692;118 315;B01;1;7;0;9;3;1;1;
72446;202100046693;118 313;A01;1;7;0;1;2;1;1;
72447;202100046694;118 312;A01;1;32;13;0;1;1;1;
72448;202100046695;118 311;A01;2;7;2;0;3;1;1;
72449;202100046696;118 309;B01;1;10;0;2;2;1;1;
72450;202100046696;118 310;A01;1;33;0;2;0;18;1;
72451;202100046697;118 307;A01;1;7;0;0;2;1;0;
72452;202100046697;118 308;B01;1;1;0;2;3;13;0;
72453;202100046698;118 305;B01;0;7;0;2;8;1;2;
72454;202100046698;118 306;A01;3;7;0;2;3;26;1;
72455;202100046699;118 304;A01;3;1;8;0;0;1;5;
72456;202100046700;118 300;C01;2;7;0;0;4;2;1;
72457;202100046700;118 301;B01;2;7;0;2;4;2;1;
72458;202100046700;118 302;A01;2;7;0;2;1;2;1;
72459;202100046701;118 299;A01;2;7;2;0;2;1;1;
72460;202100046702;118 297;B01;1;31;0;2;1;1;1;
72461;202100046702;118 298;A01;2;7;0;2;2;15;1;
72462;202100046704;118 295;A01;3;33;9;0;0;0;1;
72463;202100046705;118 293;A01;1;33;0;0;0;1;1;
72464;202100046706;118 290;B01;1;7;0;2;4;2;1;
72465;202100046706;118 291;C01;1;7;0;2;1;2;0;
72466;202100046706;118 292;A01;1;7;0;2;4;2;1;
72467;202100046707;118 287;A01;1;10;0;2;4;2;1;
72468;202100046707;118 288;B01;1;7;0;2;1;2;1;
72469;202100046707;118 289;C01;1;10;0;2;1;2;1;
72470;202100046708;118 286;A01;1;7;14;0;9;0;1;
72471;202100046709;118 284;B01;1;10;0;2;3;21;1;
72472;202100046709;118 285;A01;1;7;0;2;5;23;1;
72473;202100046710;118 281;C01;1;7;0;2;1;2;1;
72474;202100046710;118 282;B01;1;7;0;2;4;2;1;
72475;202100046710;118 283;A01;1;7;0;2;4;2;1;
72476;202100046711;118 279;B01;2;7;0;2;1;2;1;
72477;202100046711;118 280;A01;2;10;0;2;4;1;1;
72478;202100046712;118 277;B01;1;7;0;2;3;23;1;
72479;202100046712;118 278;A01;1;7;0;2;1;2;1;
72480;202100046713;118 272;C01;2;7;0;2;4;1;1;
72481;202100046713;118 273;A01;2;13;0;2;1;2;1;
72482;202100046713;118 274;B01;2;7;0;2;4;1;1;
72483;202100046713;118 275;D01;2;7;0;2;4;2;1;
72484;202100046713;118 276;E01;2;7;0;2;4;0;1;
72485;202100046714;118 270;A01;1;7;0;2;0;0;1;
72486;202100046714;118 271;B01;1;7;0;2;0;0;1;
72487;202100046715;118 267;A01;2;43;0;2;7;3;1;
72488;202100046715;118 268;B01;2;7;0;2;8;2;1;
72489;202100046715;118 269;C01;2;10;0;2;5;2;1;
72490;202100046716;118 265;A01;2;7;0;2;1;17;1;
72491;202100046716;118 266;B01;2;3;3;2;4;1;1;
72492;202100046717;118 263;B01;2;33;0;2;7;3;1;
72493;202100046717;118 264;A01;2;7;0;2;8;11;1;
72494;202100046718;118 262;A01;2;33;0;2;2;1;1;
72495;202100046719;118 260;A01;2;10;0;2;1;1;1;
72496;202100046719;118 261;B01;2;7;0;2;4;1;1;
72497;202100046721;118 258;A01;1;7;0;1;1;1;1;
72498;202100046722;118 256;A01;1;30;0;2;4;1;1;
72499;202100046722;118 257;B01;1;7;0;2;1;1;1;
72500;202100046723;118 255;A01;3;30;12;0;0;0;0;
72501;202100046724;118 253;Z01;1;0;0;0;0;0;0;
72502;202100046724;118 254;B01;1;2;0;2;0;16;1;
72503;202100046725;118 252;A01;1;37;0;1;1;26;1;1.0
72504;202100046726;118 250;B01;2;60;0;2;1;1;5;
72505;202100046726;118 251;A01;2;7;0;2;5;16;1;
72506;202100046727;118 248;B01;2;1;0;2;1;1;5;
72507;202100046727;118 249;A01;2;7;0;2;3;15;1;
72508;202100046728;118 247;A01;1;99;0;0;0;26;0;
72509;202100046729;118 245;A01;2;7;0;2;7;19;1;
72510;202100046729;118 246;B01;3;33;0;2;1;19;1;
72511;202100046730;118 243;B01;1;30;0;2;1;1;1;
72512;202100046730;118 244;A01;3;7;0;2;3;15;1;
72513;202100046731;118 241;B01;1;31;0;2;1;1;1;
72514;202100046731;118 242;A01;1;7;0;2;5;21;1;
72515;202100046732;118 239;A01;2;10;0;2;0;1;1;
72516;202100046732;118 240;B01;1;1;0;2;0;0;5;
72517;202100046733;118 236;A01;2;7;0;2;3;13;1;
72518;202100046733;118 237;C01;2;7;0;2;4;1;1;
72519;202100046733;118 238;B01;2;7;0;2;1;14;1;
72520;202100046734;118 234;A01;3;7;0;2;2;15;1;
72521;202100046734;118 235;B01;0;33;0;0;0;0;1;
72522;202100046735;118 233;A01;1;7;0;1;3;16;1;
72523;202100046736;118 231;B01;0;80;0;2;2;15;3;
72524;202100046736;118 232;A01;3;7;0;1;3;2;1;
72525;202100046737;118 229;B01;2;10;0;2;4;2;1;
72526;202100046737;118 230;A01;2;33;0;2;1;2;1;
72527;202100046739;118 225;A01;2;7;0;2;2;15;1;
72528;202100046739;118 226;B01;1;2;0;2;7;21;1;
72529;202100046740;118 222;C01;2;7;0;2;4;2;1;
72530;202100046740;118 223;B01;2;7;0;2;4;2;1;
72531;202100046740;118 224;A01;2;7;0;2;1;2;1;
72532;202100046741;118 221;A01;2;7;0;1;0;0;1;
72533;202100046742;118 220;A01;1;7;0;1;1;16;1;
72534;202100046743;118 218;Z01;2;7;0;2;1;13;1;
72535;202100046743;118 219;A01;1;7;0;2;3;1;1;
72536;202100046744;118 216;A01;1;7;1;0;1;14;1;
72537;202100046744;118 217;B01;1;7;0;2;2;24;1;
72538;202100046745;118 215;A01;2;7;0;1;1;15;1;
72539;202100046746;118 213;A01;1;7;0;2;3;10;1;
72540;202100046746;118 214;B01;2;2;0;2;1;1;1;
72541;202100046747;118 212;A01;1;10;8;0;1;1;1;
72542;202100046748;118 210;A01;1;7;0;2;1;15;1;
72543;202100046748;118 211;B01;3;60;0;2;0;1;5;
72544;202100046749;118 208;B01;1;30;0;2;3;1;3;
72545;202100046749;118 209;A01;1;30;0;2;2;1;1;
72546;202100046750;118 207;A01;3;33;0;0;1;1;0;
72547;202100046751;118 206;A01;1;7;16;0;1;15;1;
72548;202100046752;118 205;A01;2;99;0;1;2;19;1;
72549;202100046753;118 203;B01;3;7;0;2;3;1;1;
72550;202100046753;118 204;A01;3;32;0;2;8;15;1;
72551;202100046754;118 201;B01;1;7;0;2;4;1;1;
72552;202100046754;118 202;A01;1;7;0;2;1;1;1;
72553;202100046755;118 199;A01;1;7;0;2;6;1;1;
72554;202100046755;118 200;B01;2;2;0;2;1;1;1;
72555;202100046756;118 197;B01;1;7;0;2;3;1;1;
72556;202100046756;118 198;A01;2;7;0;2;2;1;1;
72557;202100046757;118 195;B01;3;1;0;0;0;1;5;
72558;202100046757;118 196;A01;3;1;0;0;0;1;5;
72559;202100046758;118 193;A01;3;7;0;2;1;2;0;
72560;202100046758;118 194;B01;3;30;0;2;4;23;1;
72561;202100046759;118 191;B01;2;7;0;2;1;1;1;
72562;202100046759;118 192;A01;1;33;14;2;1;13;1;
72563;202100046760;118 189;B01;0;37;0;2;2;1;1;2.0
72564;202100046760;118 190;A01;0;7;0;2;1;26;1;
72565;202100046761;118 187;A01;2;1;0;2;0;26;0;
72566;202100046761;118 188;B01;1;7;0;2;3;16;1;
72567;202100046762;118 185;B01;3;10;0;2;2;1;1;
72568;202100046762;118 186;A01;2;7;0;2;1;1;1;
72569;202100046764;118 182;A01;1;7;5;2;8;9;1;
72570;202100046764;118 183;B01;1;17;5;2;7;1;1;
72571;202100046765;118 180;A01;1;10;0;2;1;1;1;
72572;202100046765;118 181;B01;1;1;0;2;4;23;5;
72573;202100046766;118 178;A01;2;1;0;2;8;15;5;
72574;202100046766;118 179;B01;2;7;0;2;0;1;1;
72575;202100046767;118 176;B01;1;7;0;2;4;1;1;
72576;202100046767;118 177;A01;1;32;0;2;1;2;1;
72577;202100046768;118 174;A01;1;10;0;2;7;16;1;
72578;202100046768;118 175;B01;1;2;0;2;3;0;1;
72579;202100046769;118 171;A01;1;7;0;2;1;15;1;
72580;202100046769;118 172;B01;2;2;1;2;1;1;1;
72581;202100046769;118 173;C01;0;7;0;2;4;24;1;
72582;202100046770;118 169;A01;1;43;0;2;1;0;1;
72583;202100046770;118 170;B01;1;7;0;2;5;15;1;
72584;202100046771;118 168;A01;1;7;0;1;2;14;1;
72585;202100046772;118 166;A01;1;99;0;2;3;1;0;
72586;202100046772;118 167;B01;2;99;0;2;3;1;0;
72587;202100046773;118 164;B01;3;33;0;2;1;1;1;
72588;202100046773;118 165;A01;3;32;0;2;1;1;1;
72589;202100046774;118 163;A01;0;30;0;1;1;17;1;
72590;202100046775;118 160;A01;2;17;0;2;2;12;1;
72591;202100046775;118 161;B01;2;7;0;2;6;1;2;
72592;202100046775;118 162;C01;2;7;0;2;6;1;1;
72593;202100046776;118 158;B01;1;33;0;2;2;1;1;
72594;202100046776;118 159;A01;1;10;0;2;3;11;1;
72595;202100046777;118 156;Z01;1;32;0;2;1;5;1;
72596;202100046777;118 157;B01;2;1;0;2;1;9;5;
72597;202100046778;118 154;Z01;1;7;0;2;1;1;0;
72598;202100046778;118 155;B01;1;30;0;2;7;1;1;
72599;202100046779;118 153;A01;2;10;0;1;1;1;1;
72600;202100046780;118 152;A01;1;10;0;1;7;1;1;
72601;202100046781;118 150;A01;3;10;0;2;7;15;1;
72602;202100046781;118 151;B01;3;33;0;2;1;1;1;
72603;202100046782;118 148;Z01;2;10;0;2;7;1;1;
72604;202100046782;118 149;A01;2;7;0;2;8;24;1;
72605;202100046783;118 147;A01;2;1;12;0;0;1;5;
72606;202100046784;118 145;B01;2;2;0;2;3;9;1;
72607;202100046784;118 146;A01;2;7;0;2;2;1;1;
72608;202100046785;118 144;A01;2;50;0;1;3;18;3;
72609;202100046786;118 142;B01;3;37;0;2;7;1;1;1.0
72610;202100046786;118 143;A01;3;50;0;2;1;16;3;
72611;202100046787;118 141;A01;2;50;0;0;0;1;3;
72612;202100046788;118 139;Z01;2;2;0;2;1;15;1;
72613;202100046788;118 140;A01;1;1;0;2;1;1;5;
72614;202100046789;118 137;A01;3;37;0;2;1;2;1;1.0
72615;202100046789;118 138;B01;3;7;0;2;4;2;1;
72616;202100046791;118 134;A01;2;1;0;2;1;17;5;
72617;202100046791;118 135;B01;1;1;0;2;1;1;5;
72618;202100046792;118 132;A01;2;1;0;2;1;16;5;
72619;202100046792;118 133;B01;1;1;0;2;1;1;5;
72620;202100046793;118 131;Z01;1;1;0;1;1;1;5;
72621;202100046794;118 129;B01;2;1;0;2;3;1;5;
72622;202100046794;118 130;Z01;1;2;0;9;0;19;1;
72623;202100046795;118 127;B01;1;1;0;2;8;10;5;
72624;202100046795;118 128;A01;1;7;0;9;1;9;1;
72625;202100046796;118 126;A01;3;10;0;1;4;4;1;
72626;202100046797;118 124;A01;1;30;0;2;1;13;1;
72627;202100046797;118 125;B01;1;31;0;2;8;15;1;
72628;202100046798;118 122;B01;2;7;0;0;6;1;1;
72629;202100046798;118 123;A01;2;7;0;2;0;1;1;
72630;202100046799;118 121;A01;2;31;8;0;1;13;1;
72631;202100046800;118 118;A01;2;7;0;2;0;15;1;
72632;202100046800;118 119;C01;1;1;1;2;2;9;5;
72633;202100046800;118 120;D01;1;7;0;2;5;26;1;
72634;202100046801;118 117;A01;1;7;0;1;1;2;1;
72635;202100046802;118 115;A01;1;7;0;2;8;1;1;
72636;202100046802;118 116;B01;2;7;0;2;1;1;1;
72637;202100046803;118 114;A01;2;7;0;1;3;1;1;
72638;202100046806;118 109;A01;2;7;0;1;2;19;2;
72639;202100046808;118 106;A01;1;34;0;2;1;1;0;
72640;202100046808;118 107;B01;1;37;0;2;3;1;1;2.0
72641;202100046809;118 105;A01;1;7;0;0;2;16;1;
72642;202100046811;118 102;A01;3;7;0;1;2;16;1;
72643;202100046812;118 101;A01;1;7;0;1;1;1;1;
72644;202100046813;118 099;A01;1;10;0;2;1;15;1;
72645;202100046813;118 100;B01;2;33;0;2;1;1;1;
72646;202100046814;118 097;B01;2;33;0;2;1;17;1;
72647;202100046814;118 098;A01;2;7;0;2;6;17;1;
72648;202100046815;118 096;A01;1;33;13;0;9;17;1;
72649;202100046816;118 095;A01;0;7;2;0;1;0;1;
72650;202100046817;118 093;A01;2;7;0;2;1;2;1;
72651;202100046817;118 094;B01;2;7;0;2;4;1;1;
72652;202100046818;118 092;A01;1;30;0;1;1;1;1;
72653;202100046819;118 090;B01;1;2;0;2;1;1;1;
72654;202100046819;118 091;A01;3;7;0;2;7;1;1;
72655;202100046820;118 088;B01;1;33;0;2;1;1;1;
72656;202100046820;118 089;A01;2;10;0;2;3;6;1;
72657;202100046821;118 086;A01;1;33;0;2;1;3;1;
72658;202100046821;118 087;B01;2;7;0;2;2;9;1;
72659;202100046822;118 083;B01;1;80;0;2;8;15;3;
72660;202100046822;118 084;C01;1;80;0;2;1;15;3;
72661;202100046822;118 085;A01;1;7;0;2;2;17;1;
72662;202100046823;118 081;B01;2;17;0;2;1;1;1;
72663;202100046823;118 082;A01;1;7;14;2;1;6;1;
72664;202100046824;118 080;A01;1;33;0;1;3;1;1;
72665;202100046825;118 078;A01;0;7;0;2;1;5;1;
72666;202100046825;118 079;B01;0;7;0;0;1;1;1;
72667;202100046826;118 077;A01;2;31;0;6;1;1;1;
72668;202100046827;118 076;A01;2;33;0;0;8;1;1;
72669;202100046828;118 074;B01;2;7;0;2;1;15;1;
72670;202100046828;118 075;A01;1;7;0;2;3;1;1;
72671;202100046829;118 073;A01;3;99;12;0;3;13;1;
72672;202100046830;118 071;B01;1;7;0;2;1;21;1;
72673;202100046830;118 072;A01;2;10;0;2;1;13;1;
72674;202100046831;118 069;A01;2;7;0;2;8;9;1;
72675;202100046831;118 070;B01;1;10;0;0;2;1;1;
72676;202100046832;118 068;A01;2;7;8;0;3;1;1;
72677;202100046833;118 066;A01;1;7;0;2;2;13;1;
72678;202100046833;118 067;B01;2;7;0;2;2;1;1;
72679;202100046834;118 064;A01;1;7;0;0;2;1;0;
72680;202100046834;118 065;B01;1;1;0;0;3;1;5;
72681;202100046835;118 063;A01;3;33;0;0;0;14;1;
72682;202100046836;118 061;B01;1;7;0;2;1;1;1;
72683;202100046836;118 062;A01;1;7;0;2;8;9;1;
72684;202100046837;118 060;A01;2;7;8;0;3;14;1;
72685;202100046838;118 059;A01;3;7;0;1;1;15;1;
72686;202100046840;118 056;A01;1;2;0;2;4;11;1;
72687;202100046840;118 057;B01;2;7;0;2;2;1;1;
72688;202100046842;118 052;B01;1;1;0;2;4;2;5;
72689;202100046842;118 053;A01;1;7;0;0;2;2;1;
72690;202100046843;118 050;B01;2;14;0;2;3;26;1;
72691;202100046843;118 051;A01;2;33;0;2;7;1;1;
72692;202100046845;118 042;A01;3;7;0;2;8;19;1;
72693;202100046845;118 043;B01;1;7;0;2;1;1;1;
72694;202100046846;118 040;A01;2;7;0;2;5;13;1;
72695;202100046846;118 041;B01;1;7;0;2;1;1;1;
72696;202100046847;118 038;B01;1;7;0;2;3;19;1;
72697;202100046847;118 039;A01;1;33;0;2;1;13;1;
72698;202100046848;118 037;A01;3;7;10;0;3;2;1;
72699;202100046849;118 036;A01;1;7;0;1;1;1;2;
72700;202100046850;118 034;A01;3;7;0;2;3;9;1;
72701;202100046850;118 035;B01;3;1;0;2;2;15;5;
72702;202100046851;118 032;A01;2;7;0;2;2;21;1;
72703;202100046851;118 033;B01;1;14;0;2;7;1;1;
72704;202100046852;118 030;A01;1;7;0;9;7;17;1;
72705;202100046852;118 031;B01;1;1;0;2;3;21;5;
72706;202100046854;118 028;A01;2;2;8;0;1;1;1;
72707;202100046855;118 026;B01;2;32;0;2;1;1;1;
72708;202100046855;118 027;A01;2;7;0;2;1;9;1;
72709;202100046856;118 024;A01;2;10;0;2;5;14;1;
72710;202100046856;118 025;B01;2;33;0;2;3;1;1;
72711;202100046857;118 021;B01;2;7;0;2;4;2;1;
72712;202100046857;118 022;A01;2;7;0;2;1;1;1;
72713;202100046857;118 023;C01;2;10;0;2;4;2;1;
72714;202100046859;118 017;A01;1;10;0;1;2;2;1;
72715;202100046860;118 016;A01;2;7;0;1;3;1;1;
72716;202100046861;118 014;A01;2;7;0;2;1;1;1;
72717;202100046861;118 015;B01;1;7;0;2;4;1;1;
72718;202100046863;118 010;A01;3;33;0;2;1;2;1;
72719;202100046863;118 011;B01;0;7;0;2;3;2;1;
72720;202100046864;118 008;A01;1;7;0;2;7;15;1;
72721;202100046864;118 009;B01;1;2;0;2;8;15;1;
72722;202100046865;118 006;B01;2;7;0;2;1;1;1;
72723;202100046865;118 007;A01;1;7;1;2;1;13;1;
72724;202100046866;118 004;B01;1;50;0;2;1;1;3;
72725;202100046866;118 005;A01;1;7;0;2;8;15;1;
72726;202100046867;118 002;A01;1;7;0;2;2;2;1;
72727;202100046867;118 003;B01;1;32;0;2;4;23;6;
72728;202100046868;118 001;A01;2;7;1;0;1;1;1;
72729;202100046869;117 999;B01;2;80;0;2;1;21;3;
72730;202100046869;118 000;C01;1;7;0;2;3;1;1;
72731;202100046870;117 998;A01;3;50;2;0;1;26;3;
72732;202100046871;117 996;B01;0;7;0;2;2;1;1;
72733;202100046871;117 997;A01;0;7;0;2;1;1;1;
72734;202100046872;117 994;A01;1;7;0;2;3;9;1;
72735;202100046872;117 995;B01;1;10;0;0;2;15;0;
72736;202100046873;117 992;A01;2;10;0;2;1;9;1;
72737;202100046873;117 993;B01;2;1;0;2;7;1;5;
72738;202100046874;117 990;A01;1;7;0;2;3;15;1;
72739;202100046874;117 991;B01;2;2;0;2;1;6;1;
72740;202100046875;117 989;A01;3;7;0;1;6;4;1;
72741;202100046876;117 987;B01;1;33;0;2;1;1;1;
72742;202100046876;117 988;A01;1;7;0;2;7;9;1;
72743;202100046877;117 985;B01;3;33;0;2;1;2;1;
72744;202100046877;117 986;A01;3;7;0;2;3;26;1;
72745;202100046878;117 983;B01;2;10;1;0;0;0;1;
72746;202100046878;117 984;A01;2;7;1;0;1;13;0;
72747;202100046879;117 979;Z01;3;7;0;2;1;1;0;
72748;202100046879;117 980;C01;3;37;0;2;4;2;1;1.0
72749;202100046879;117 981;B01;3;7;0;2;4;2;1;
72750;202100046879;117 982;A01;3;7;0;2;4;2;1;
72751;202100046880;117 977;A01;2;7;0;2;3;15;1;
72752;202100046880;117 978;B01;2;1;0;2;1;1;6;
72753;202100046881;117 974;A01;0;33;0;2;2;11;1;
72754;202100046881;117 975;B01;0;7;0;0;6;1;1;
72755;202100046882;117 973;A01;0;7;0;1;1;1;1;
72756;202100046883;117 972;A01;1;7;0;1;3;1;1;
72757;202100046884;117 970;B01;1;1;0;0;0;1;0;
72758;202100046884;117 971;A01;3;7;1;0;0;22;0;
72759;202100046886;117 963;A01;1;7;0;2;1;21;1;
72760;202100046886;117 964;C01;1;7;0;2;6;23;1;
72761;202100046886;117 965;B01;2;7;0;2;1;9;1;