;Num_Acc;id_vehicule;num_veh;senc;catv;obs;obsm;choc;manv;motor;occutc
72762;202100046887;117 962;A01;3;10;0;1;4;26;1;
72763;202100046888;117 960;A01;0;7;0;2;1;26;1;
72764;202100046888;117 961;B01;0;2;0;2;1;1;1;
72765;202100046889;117 959;A01;2;33;0;0;7;21;1;
72766;202100046890;117 958;Z01;2;7;0;1;0;0;1;
72767;202100046891;117 957;A01;2;7;0;1;4;4;1;
72768;202100046893;117 954;A01;1;7;0;2;1;2;1;
72769;202100046893;117 955;B01;1;7;0;2;4;23;1;
72770;202100046894;117 952;B01;2;2;0;2;1;1;1;
72771;202100046894;117 953;A01;1;7;0;2;8;15;1;
72772;202100046895;117 950;B01;1;7;0;2;2;15;1;
72773;202100046895;117 951;A01;1;2;0;2;1;1;1;
72774;202100046896;117 948;A01;1;7;0;2;1;1;1;
72775;202100046896;117 949;B01;1;7;0;2;4;2;1;
72776;202100046897;117 947;A01;0;7;0;1;1;1;1;
72777;202100046899;117 942;B01;1;7;0;2;2;0;1;
72778;202100046899;117 943;A01;2;33;0;2;1;18;1;
72779;202100046900;117 940;A01;1;7;0;2;1;13;1;
72780;202100046900;117 941;B01;2;7;0;2;1;1;1;
72781;202100046901;117 938;A01;1;7;0;2;2;16;1;
72782;202100046901;117 939;B01;1;1;0;2;0;0;5;
72783;202100046902;117 936;A01;1;30;0;2;3;1;1;
72784;202100046902;117 937;B01;2;7;0;2;2;1;1;
72785;202100046903;117 935;A01;2;7;0;1;1;15;1;
72786;202100046904;117 933;A01;1;7;0;2;1;26;1;
72787;202100046904;117 934;B01;1;1;0;2;7;19;5;
72788;202100046905;117 931;A01;1;7;0;2;8;15;1;
72789;202100046905;117 932;B01;1;1;0;2;7;2;5;
72790;202100046906;117 929;A01;3;7;0;2;5;15;1;
72791;202100046906;117 930;B01;3;7;0;2;1;1;1;
72792;202100046907;117 927;B01;2;1;0;0;4;2;5;
72793;202100046907;117 928;A01;2;7;0;2;1;2;1;
72794;202100046908;117 925;A01;1;7;0;2;2;9;1;
72795;202100046908;117 926;B01;1;1;0;2;1;5;5;
72796;202100046909;117 924;A01;1;7;0;1;3;1;1;
72797;202100046910;117 923;A01;3;1;8;0;1;1;5;
72798;202100046911;117 921;A01;3;1;0;2;1;1;5;
72799;202100046911;117 922;B01;3;7;0;2;2;1;1;
72800;202100046912;117 919;A01;2;7;0;2;0;2;1;
72801;202100046912;117 920;B01;2;1;0;2;7;2;5;
72802;202100046913;117 917;A01;0;7;0;2;3;24;1;
72803;202100046913;117 918;B01;3;1;0;2;2;2;5;
72804;202100046914;117 915;B01;2;50;0;2;1;25;3;
72805;202100046914;117 916;A01;1;7;0;2;3;16;1;
72806;202100046915;117 914;A01;3;7;12;0;2;14;1;
72807;202100046916;117 912;B01;2;33;0;2;2;1;1;
72808;202100046916;117 913;A01;2;7;0;2;6;19;1;
72809;202100046917;117 909;C01;1;7;10;2;4;1;1;
72810;202100046917;117 910;A01;1;7;0;2;1;1;1;
72811;202100046917;117 911;B01;1;7;0;2;1;1;1;
72812;202100046918;117 908;A01;1;13;4;0;0;26;1;
72813;202100046919;117 906;B01;1;7;0;2;2;1;1;
72814;202100046919;117 907;A01;1;32;0;2;3;18;1;
72815;202100046920;117 905;A01;0;7;0;1;1;1;1;
72816;202100046922;117 900;C01;2;13;0;2;7;1;1;
72817;202100046922;117 901;B01;2;7;1;2;1;1;1;
72818;202100046922;117 902;A01;2;7;0;2;4;23;1;
72819;202100046923;117 898;A01;1;7;0;2;3;24;1;
72820;202100046923;117 899;B01;1;1;0;2;9;1;5;
72821;202100046924;117 897;A01;0;37;0;1;1;1;1;1.0
72822;202100046925;117 894;C01;1;7;0;2;4;1;3;
72823;202100046925;117 895;B01;1;7;0;2;9;1;1;
72824;202100046925;117 896;A01;1;10;0;2;1;1;1;
72825;202100046926;117 892;B01;1;33;0;2;4;1;1;
72826;202100046926;117 893;A01;1;7;0;2;1;9;1;
72827;202100046927;117 891;A01;0;7;8;0;1;26;1;
72828;202100046929;117 889;A01;3;7;0;1;1;15;1;
72829;202100046930;117 887;B01;1;7;0;2;1;1;1;
72830;202100046930;117 888;A01;2;10;0;2;8;15;1;
72831;202100046931;117 886;A01;3;7;0;1;1;9;1;
72832;202100046932;117 884;B01;2;7;0;0;4;2;3;
72833;202100046932;117 885;A01;2;7;0;2;1;2;1;
72834;202100046933;117 883;A01;1;7;3;2;1;21;1;
72835;202100046934;117 881;B01;2;33;0;2;1;1;1;
72836;202100046934;117 882;A01;1;7;0;2;3;15;1;
72837;202100046935;117 880;A01;1;10;0;1;1;1;1;
72838;202100046936;117 878;B01;2;2;0;2;7;1;1;
72839;202100046936;117 879;A01;2;7;0;2;8;11;1;
72840;202100046937;117 876;A01;0;7;1;0;7;1;1;
72841;202100046937;117 877;B01;1;7;0;2;3;15;1;
72842;202100046938;117 874;B01;0;7;0;2;1;0;1;
72843;202100046938;117 875;A01;0;7;0;2;1;0;1;
72844;202100046941;117 868;B01;3;7;0;2;3;1;0;
72845;202100046941;117 869;A01;3;7;0;2;3;1;1;
72846;202100046942;117 866;A01;3;3;0;2;8;2;0;
72847;202100046942;117 867;B01;2;1;0;2;1;14;0;
72848;202100046943;117 864;A01;1;7;0;2;8;15;1;
72849;202100046943;117 865;B01;1;2;0;2;7;17;1;
72850;202100046944;117 862;B01;1;32;0;2;1;1;1;
72851;202100046944;117 863;A01;2;7;0;2;7;15;1;
72852;202100046945;117 861;A01;1;7;0;1;1;1;1;
72853;202100046946;117 860;A01;1;1;0;1;3;1;5;
72854;202100046947;117 859;Z01;2;7;0;1;0;1;0;
72855;202100046948;117 857;B01;3;1;0;2;8;19;5;
72856;202100046948;117 858;A01;2;32;0;2;1;5;1;
72857;202100046949;117 856;A01;1;1;0;0;0;21;5;
72858;202100046950;117 854;A01;1;7;0;2;5;23;1;
72859;202100046950;117 855;B01;1;2;0;2;3;7;1;
72860;202100046951;117 852;A01;3;7;0;2;5;2;1;
72861;202100046951;117 853;B01;3;32;0;2;4;2;1;
72862;202100046952;117 851;A01;2;1;0;1;3;1;5;
72863;202100046953;117 849;A01;2;30;0;2;3;18;1;
72864;202100046953;117 850;B01;2;7;0;2;2;16;1;
72865;202100046954;117 847;A01;1;50;7;2;2;17;3;
72866;202100046954;117 848;B01;1;50;0;2;8;1;3;
72867;202100046955;117 845;A01;2;7;0;2;6;23;1;
72868;202100046955;117 846;B01;2;33;0;2;2;2;1;
72869;202100046956;117 843;A01;2;32;0;2;1;18;1;
72870;202100046956;117 844;B01;2;7;0;2;2;16;1;
72871;202100046957;117 841;B01;2;7;0;2;3;9;1;
72872;202100046957;117 842;A01;2;33;0;2;1;17;1;
72873;202100046958;117 840;A01;2;60;1;0;1;17;5;
72874;202100046959;117 839;A01;2;7;0;1;3;26;1;
72875;202100046960;117 838;A01;3;7;0;1;2;1;1;
72876;202100046961;117 836;A01;1;10;0;2;2;1;1;
72877;202100046961;117 837;B01;1;7;1;0;4;23;1;
72878;202100046962;117 834;A01;3;30;0;2;8;16;3;
72879;202100046962;117 835;B01;3;37;0;2;1;1;1;1.0
72880;202100046964;117 832;A01;1;7;0;1;2;1;1;
72881;202100046965;117 830;B01;1;7;0;2;2;0;1;
72882;202100046965;117 831;A01;3;31;0;2;1;26;1;
72883;202100046966;117 829;A01;1;31;14;0;1;14;1;
72884;202100046968;117 825;A01;2;7;0;2;0;26;1;
72885;202100046968;117 826;B01;2;33;0;2;0;0;1;
72886;202100046969;117 824;A01;3;1;0;1;1;25;5;
72887;202100046971;117 821;B01;1;1;0;2;8;1;5;
72888;202100046971;117 822;A01;1;7;0;2;7;17;1;
72889;202100046972;117 818;A01;2;7;0;0;6;15;1;
72890;202100046972;117 819;B01;1;7;0;2;1;1;1;
72891;202100046972;117 820;C01;2;33;0;2;4;2;1;
72892;202100046973;117 816;A01;0;7;0;9;5;16;1;
72893;202100046973;117 817;B01;0;1;0;2;1;23;5;
72894;202100046974;117 814;A01;1;7;0;2;3;15;1;
72895;202100046974;117 815;B01;1;33;0;2;0;1;1;
72896;202100046975;117 813;A01;2;7;0;0;1;1;1;
72897;202100046977;117 810;A01;2;33;0;0;8;17;1;
72898;202100046977;117 811;B01;2;21;0;0;6;15;1;
72899;202100046978;117 809;A01;0;33;0;0;0;1;1;
72900;202100046979;117 808;A01;2;33;0;0;1;1;1;
72901;202100046980;117 807;A01;3;7;0;0;2;1;1;
72902;202100046981;117 804;C01;2;33;0;2;1;1;1;
72903;202100046981;117 805;B01;2;7;0;2;3;1;1;
72904;202100046981;117 806;A01;1;7;0;2;7;9;2;
72905;202100046982;117 802;A01;2;7;0;2;3;13;1;
72906;202100046982;117 803;B01;1;17;0;2;3;1;1;
72907;202100046983;117 801;A01;1;7;8;0;5;13;1;
72908;202100046984;117 798;B01;1;10;0;2;5;1;1;
72909;202100046984;117 799;A01;1;33;0;2;1;1;1;
72910;202100046985;117 796;B01;2;7;0;2;1;1;1;
72911;202100046985;117 797;A01;1;7;0;2;1;15;1;
72912;202100046986;117 794;B01;1;2;0;2;1;1;1;
72913;202100046986;117 795;A01;2;2;0;2;8;9;1;
72914;202100046987;117 793;A01;3;7;0;1;1;1;1;
72915;202100046988;117 792;A01;2;10;13;0;7;21;1;
72916;202100046989;117 790;A01;0;1;0;2;1;19;5;
72917;202100046989;117 791;B01;3;7;0;9;7;1;1;
72918;202100046990;117 788;A01;2;2;0;2;1;1;1;
72919;202100046990;117 789;B01;1;10;0;0;6;16;1;
72920;202100046991;117 787;A01;2;7;4;0;1;16;1;
72921;202100046992;117 786;A01;3;7;0;1;1;20;1;
72922;202100046993;117 784;A01;2;17;0;2;1;1;1;
72923;202100046993;117 785;B01;2;17;0;0;4;1;1;
72924;202100046994;117 782;A01;2;7;0;0;7;13;1;
72925;202100046994;117 783;B01;1;7;0;2;2;15;1;
72926;202100046995;117 777;E01;1;7;0;0;4;2;1;
72927;202100046995;117 778;D01;1;7;0;2;4;2;1;
72928;202100046995;117 779;C01;1;7;0;2;4;2;1;
72929;202100046995;117 780;A01;1;7;0;2;1;2;1;
72930;202100046995;117 781;B01;1;7;0;2;4;2;1;
72931;202100046996;117 775;B01;1;37;0;0;6;24;1;2.0
72932;202100046996;117 776;A01;1;7;1;0;1;1;1;
72933;202100046997;117 774;A01;2;7;4;0;2;17;1;
72934;202100046998;117 772;B01;1;10;0;2;1;1;1;
72935;202100046998;117 773;A01;1;7;0;2;4;23;1;
72936;202100047000;117 770;A01;2;7;0;0;9;1;1;
72937;202100047001;117 764;A01;1;7;0;2;1;1;1;
72938;202100047001;117 765;E01;1;7;0;2;1;2;1;
72939;202100047001;117 766;D01;1;7;0;2;1;2;1;
72940;202100047001;117 767;B01;1;7;0;2;4;2;1;
72941;202100047001;117 768;C01;1;10;0;2;4;2;1;
72942;202100047002;117 762;B01;1;7;0;2;7;1;1;
72943;202100047002;117 763;A01;1;10;0;2;3;13;1;
72944;202100047003;117 759;C01;1;7;0;2;4;2;1;
72945;202100047003;117 760;B01;1;7;0;2;4;2;2;
72946;202100047003;117 761;A01;1;7;0;2;1;2;1;
72947;202100047004;117 757;A01;1;10;0;2;1;1;1;
72948;202100047004;117 758;B01;1;7;0;2;4;2;1;
72949;202100047005;117 755;A01;1;7;0;2;1;2;1;
72950;202100047005;117 756;B01;1;7;0;2;4;1;1;
72951;202100047006;117 754;A01;1;15;0;0;9;1;1;
72952;202100047007;117 752;B01;1;7;0;2;4;2;1;
72953;202100047007;117 753;A01;1;32;0;2;1;2;1;
72954;202100047008;117 751;A01;2;7;0;0;9;1;1;
72955;202100047009;117 749;A01;1;7;0;2;3;9;1;
72956;202100047009;117 750;B01;1;7;0;2;2;1;1;
72957;202100047010;117 747;B01;2;33;0;2;1;1;1;
72958;202100047010;117 748;A01;2;7;0;2;5;1;1;
72959;202100047012;117 743;A01;2;14;0;2;2;12;1;
72960;202100047012;117 744;C01;2;7;0;2;5;1;1;
72961;202100047012;117 745;B01;2;7;0;2;8;1;1;
72962;202100047014;117 738;B01;2;7;0;2;6;1;1;
72963;202100047014;117 739;A01;2;33;0;2;1;1;1;
72964;202100047015;117 736;A01;1;7;0;2;3;15;1;
72965;202100047015;117 737;B01;2;33;0;2;8;1;1;
72966;202100047016;117 734;B01;3;7;0;2;3;15;0;
72967;202100047016;117 735;A01;1;2;0;2;3;3;0;
72968;202100047017;117 732;A01;1;7;0;2;2;1;1;
72969;202100047017;117 733;B01;3;50;0;2;1;19;3;
72970;202100047018;117 730;B01;2;10;0;2;0;0;1;
72971;202100047018;117 731;A01;1;7;7;0;7;15;1;
72972;202100047019;117 728;A01;1;7;0;2;1;13;1;
72973;202100047019;117 729;B01;2;7;0;2;1;1;1;
72974;202100047020;117 726;B01;1;7;0;0;4;2;1;
72975;202100047020;117 727;A01;1;7;0;2;1;17;1;
72976;202100047021;117 724;B01;1;7;0;2;4;2;1;
72977;202100047021;117 725;A01;1;31;0;2;1;2;1;
72978;202100047022;117 722;A01;1;34;8;0;1;1;1;
72979;202100047022;117 723;B01;1;33;0;0;4;2;1;
72980;202100047023;117 720;B01;2;7;0;2;3;15;1;
72981;202100047023;117 721;A01;0;34;0;2;2;2;1;
72982;202100047024;117 718;A01;1;7;0;2;3;15;1;
72983;202100047024;117 719;B01;1;33;0;2;1;17;1;
72984;202100047025;117 717;A01;2;7;15;0;2;1;1;
72985;202100047026;117 714;C01;3;7;0;0;-1;1;-1;
72986;202100047026;117 715;B01;2;33;0;2;1;9;1;
72987;202100047026;117 716;A01;1;7;0;2;3;15;1;
72988;202100047027;117 713;A01;1;60;0;0;7;1;5;
72989;202100047028;117 711;A01;0;7;0;1;1;1;1;
72990;202100047029;117 709;A01;0;1;0;2;1;25;5;
72991;202100047029;117 710;B01;0;7;0;2;1;5;1;
72992;202100047030;117 707;A01;3;30;0;2;1;1;1;
72993;202100047030;117 708;B01;-1;2;0;2;7;-1;1;
72994;202100047032;117 703;B01;2;37;0;9;4;1;1;1.0
72995;202100047032;117 704;A01;2;80;0;2;1;16;3;
72996;202100047033;117 701;A01;2;7;0;2;1;15;1;
72997;202100047033;117 702;B01;1;2;0;2;3;1;1;
72998;202100047034;117 699;A01;2;33;0;2;7;1;1;
72999;202100047034;117 700;B01;1;7;0;2;5;15;1;
73000;202100047035;117 698;Z01;3;7;0;1;0;0;0;
73001;202100047036;117 695;A01;3;7;0;1;1;26;1;
73002;202100047038;117 692;A01;2;10;0;0;1;0;1;
73003;202100047038;117 693;B01;2;7;0;0;4;0;1;
73004;202100047039;117 690;A01;1;7;0;2;1;0;1;
73005;202100047039;117 691;B01;2;2;0;2;1;1;1;
73006;202100047040;117 689;A01;2;99;0;1;4;26;1;
73007;202100047041;117 687;A01;0;7;0;2;2;15;1;
73008;202100047041;117 688;B01;1;33;0;2;7;1;1;
73009;202100047042;117 685;B01;2;7;0;2;2;1;0;
73010;202100047042;117 686;A01;3;7;0;2;2;1;1;
73011;202100047043;117 683;B01;1;7;0;2;5;1;1;
73012;202100047043;117 684;A01;1;3;0;2;2;1;1;
73013;202100047044;117 681;B01;1;33;0;2;4;1;1;
73014;202100047044;117 682;A01;1;10;0;2;2;1;1;
73015;202100047046;117 677;A01;3;7;0;1;1;1;1;
73016;202100047047;117 676;A01;2;7;0;1;3;26;1;
73017;202100047048;117 674;A01;0;7;12;2;7;15;1;
73018;202100047048;117 675;B01;0;7;12;2;1;1;1;
73019;202100047049;117 673;A01;1;7;0;1;2;1;1;
73020;202100047050;117 671;B01;1;50;0;2;8;19;3;
73021;202100047050;117 672;A01;1;7;0;2;1;1;1;
73022;202100047052;117 667;A01;2;33;1;0;8;26;1;
73023;202100047052;117 668;B01;2;10;0;0;4;23;1;
73024;202100047055;117 660;A01;1;30;0;2;2;12;1;
73025;202100047055;117 661;B01;1;7;0;2;3;1;1;
73026;202100047056;117 658;A01;2;10;0;2;1;9;1;
73027;202100047056;117 659;B01;2;7;0;2;2;1;1;
73028;202100047057;117 655;C01;2;7;0;2;4;23;1;
73029;202100047057;117 656;B01;2;7;0;2;4;23;1;
73030;202100047057;117 657;A01;2;7;0;2;1;2;1;
73031;202100047058;117 654;A01;2;7;0;1;1;1;1;
73032;202100047059;117 652;A01;1;10;0;2;2;15;1;
73033;202100047059;117 653;B01;1;1;0;2;2;1;5;
73034;202100047060;117 651;A01;2;1;0;1;1;1;5;
73035;202100047061;117 649;B01;2;33;0;2;0;1;1;
73036;202100047061;117 650;A01;2;7;0;2;0;0;1;
73037;202100047062;117 647;A01;1;7;0;2;2;9;1;
73038;202100047062;117 648;B01;1;50;0;2;1;9;3;
73039;202100047064;117 643;B01;1;7;0;2;2;1;0;
73040;202100047064;117 644;A01;1;7;0;2;1;1;0;
73041;202100047065;117 642;A01;3;7;0;1;4;26;1;
73042;202100047067;117 638;A01;1;7;1;2;2;14;1;
73043;202100047067;117 639;B01;1;7;0;2;6;0;1;
73044;202100047067;117 640;C01;2;7;0;2;1;1;1;
73045;202100047068;117 636;B01;2;2;0;2;2;17;1;
73046;202100047068;117 637;A01;2;7;0;2;6;15;1;
73047;202100047069;117 634;B01;2;7;0;2;1;1;1;
73048;202100047069;117 635;A01;1;7;0;6;1;13;1;
73049;202100047070;117 633;A01;0;7;7;0;1;0;1;
73050;202100047071;117 631;B01;1;7;0;2;8;1;1;
73051;202100047071;117 632;A01;1;7;0;2;3;1;2;
73052;202100047072;117 630;A01;2;1;0;0;1;0;5;
73053;202100047073;117 628;A01;1;7;0;0;3;0;1;
73054;202100047073;117 629;B01;2;7;0;2;2;0;1;
73055;202100047074;117 626;A01;1;3;0;2;1;1;1;
73056;202100047074;117 627;B01;1;10;0;2;7;1;1;
73057;202100047076;117 623;A01;3;7;0;1;1;1;1;
73058;202100047077;117 620;C01;1;7;0;0;3;1;1;
73059;202100047077;117 621;A01;2;31;0;2;1;21;1;
73060;202100047077;117 622;B01;1;7;0;0;6;1;1;
73061;202100047078;117 619;A01;3;10;0;1;2;1;1;
73062;202100047079;117 617;B01;1;10;0;2;6;1;1;
73063;202100047079;117 618;A01;1;7;0;2;2;14;2;
73064;202100047080;117 615;A01;2;7;0;2;1;15;1;
73065;202100047080;117 616;B01;1;33;0;2;1;1;1;
73066;202100047081;117 613;B01;0;1;0;2;4;2;5;
73067;202100047081;117 614;A01;0;7;0;9;1;2;1;
73068;202100047082;117 611;B01;2;7;0;2;3;11;1;
73069;202100047082;117 612;A01;2;7;0;2;7;12;1;
73070;202100047083;117 609;A01;3;7;0;0;3;16;1;
73071;202100047083;117 610;B01;1;7;0;2;2;9;1;
73072;202100047084;117 608;A01;2;7;6;0;1;13;1;
73073;202100047085;117 606;B01;3;2;0;2;1;1;1;
73074;202100047085;117 607;A01;3;7;0;2;3;16;1;
73075;202100047086;117 605;A01;2;7;0;1;2;1;1;
73076;202100047087;117 604;A01;0;1;0;0;0;0;5;
73077;202100047088;117 600;A01;1;17;0;2;1;1;1;
73078;202100047088;117 601;D01;1;7;0;0;4;1;1;
73079;202100047088;117 602;C01;1;7;0;2;4;1;1;
73080;202100047088;117 603;B01;1;7;0;2;4;1;1;
73081;202100047090;117 597;A01;2;7;0;1;2;16;1;
73082;202100047092;117 594;A01;2;2;0;0;0;21;0;
73083;202100047093;117 592;A01;2;7;0;2;3;15;1;
73084;202100047093;117 593;B01;1;33;0;2;7;1;1;
73085;202100047094;117 591;A01;1;7;2;0;8;13;1;
73086;202100047095;117 590;A01;0;2;0;0;0;1;1;
73087;202100047096;117 588;A01;3;7;16;2;2;9;1;
73088;202100047096;117 589;B01;3;2;16;2;1;1;1;
73089;202100047097;117 586;A01;2;33;0;2;1;3;1;
73090;202100047097;117 587;B01;2;7;0;2;8;15;1;
73091;202100047098;117 584;B01;1;7;0;2;1;26;1;
73092;202100047098;117 585;A01;2;33;0;2;1;13;1;
73093;202100047099;117 583;A01;3;2;0;1;1;25;1;
73094;202100047100;117 581;B01;2;10;0;2;3;1;1;
73095;202100047100;117 582;A01;1;3;0;2;3;13;1;
73096;202100047103;117 576;A01;3;31;0;0;3;15;1;
73097;202100047104;117 572;B01;1;7;0;0;4;2;1;
73098;202100047104;117 573;A01;1;7;0;2;1;2;1;
73099;202100047105;117 570;B01;1;7;0;2;9;1;1;
73100;202100047105;117 571;A01;1;15;0;2;5;12;1;
73101;202100047106;117 567;C01;1;7;0;2;1;2;1;
73102;202100047106;117 568;B01;1;7;0;2;1;2;1;
73103;202100047106;117 569;A01;1;33;0;2;4;2;1;
73104;202100047107;117 566;A01;2;7;3;0;1;2;1;
73105;202100047108;117 564;A01;1;17;0;2;1;2;1;
73106;202100047108;117 565;B01;1;7;0;2;0;0;1;
73107;202100047109;117 563;A01;2;32;0;0;9;9;1;
73108;202100047111;117 560;B01;1;7;0;2;4;2;1;
73109;202100047111;117 561;A01;1;7;0;2;1;1;1;
73110;202100047112;117 558;B01;2;7;0;2;4;2;1;
73111;202100047112;117 559;A01;2;10;0;2;1;2;2;
73112;202100047113;117 556;A01;2;7;0;2;8;11;2;
73113;202100047113;117 557;B01;2;33;0;2;7;1;1;
73114;202100047114;117 553;C01;2;7;0;2;4;1;2;
73115;202100047114;117 554;B01;2;7;0;2;4;1;3;
73116;202100047114;117 555;A01;2;7;0;2;1;1;1;
73117;202100047115;117 551;B01;1;7;0;2;2;1;1;
73118;202100047115;117 552;A01;1;7;0;2;9;11;3;
73119;202100047116;117 549;B01;1;1;0;2;7;1;5;
73120;202100047116;117 550;A01;1;7;0;2;1;1;1;
73121;202100047117;117 548;A01;1;7;0;1;3;1;1;
73122;202100047118;117 546;A01;1;33;12;0;0;14;1;
73123;202100047119;117 544;B01;3;1;0;2;4;1;5;
73124;202100047119;117 545;A01;3;7;0;9;3;9;1;
73125;202100047120;117 542;A01;1;1;0;2;7;26;5;
73126;202100047120;117 543;Z01;1;7;0;2;1;9;1;
73127;202100047122;117 538;B01;0;33;0;2;5;9;0;
73128;202100047122;117 539;A01;0;7;0;2;3;2;0;
73129;202100047123;117 536;A01;1;7;0;2;2;1;1;
73130;202100047123;117 537;B01;1;7;0;2;8;15;1;
73131;202100047124;117 534;A01;1;31;0;2;1;1;1;
73132;202100047124;117 535;B01;2;7;0;2;6;15;1;
73133;202100047125;117 532;A01;1;7;0;9;7;14;1;
73134;202100047125;117 533;B01;1;1;0;2;0;0;0;
73135;202100047126;117 530;B01;2;7;0;2;4;23;1;
73136;202100047126;117 531;A01;2;7;14;0;1;2;1;
73137;202100047127;117 528;B01;2;2;0;2;1;16;1;
73138;202100047127;117 529;A01;1;10;0;2;1;9;1;
73139;202100047128;117 527;A01;2;7;1;0;2;14;1;
73140;202100047129;117 525;B01;1;2;0;0;8;1;0;
73141;202100047129;117 526;A01;1;7;0;2;1;1;1;
73142;202100047130;117 523;B01;1;2;1;2;3;15;1;
73143;202100047130;117 524;A01;2;10;1;2;2;1;1;
73144;202100047131;117 521;A01;2;33;0;2;1;26;0;
73145;202100047131;117 522;B01;1;31;0;2;1;1;1;
73146;202100047132;117 519;B01;3;32;0;2;2;17;1;
73147;202100047132;117 520;A01;3;10;0;2;3;13;1;
73148;202100047133;117 518;A01;2;7;0;1;1;1;1;
73149;202100047134;117 516;A01;3;7;0;2;3;15;1;
73150;202100047134;117 517;B01;3;7;0;2;2;1;1;
73151;202100047135;117 514;B01;1;31;0;2;7;9;1;
73152;202100047135;117 515;A01;1;7;8;2;1;9;1;
73153;202100047136;117 513;A01;1;30;0;1;1;1;1;
73154;202100047137;117 511;A01;2;33;0;2;1;1;1;
73155;202100047137;117 512;B01;2;7;0;2;1;15;1;
73156;202100047138;117 509;Z01;3;7;0;2;0;9;0;
73157;202100047138;117 510;A01;3;1;0;2;0;25;5;
73158;202100047139;117 507;A01;1;7;0;2;2;22;1;
73159;202100047139;117 508;B01;1;1;0;2;1;1;5;
73160;202100047140;117 505;A01;1;30;0;2;1;2;1;
73161;202100047140;117 506;B01;1;7;0;2;5;2;1;
73162;202100047141;117 504;A01;3;1;0;0;0;1;5;
73163;202100047142;117 502;A01;2;30;0;2;7;5;1;
73164;202100047142;117 503;B01;2;7;0;2;1;9;1;
73165;202100047143;117 500;A01;1;7;0;2;3;13;1;
73166;202100047143;117 501;B01;1;33;0;2;1;17;1;
73167;202100047144;117 498;A01;1;7;0;2;7;10;2;
73168;202100047144;117 499;B01;1;50;0;2;3;1;3;
73169;202100047145;117 497;A01;1;7;0;1;1;1;1;
73170;202100047146;117 495;B01;1;2;0;2;4;1;1;
73171;202100047146;117 496;A01;1;7;0;2;1;2;1;
73172;202100047147;117 494;A01;0;1;0;0;0;26;5;
73173;202100047148;117 491;A01;2;7;0;2;3;5;1;
73174;202100047148;117 492;B01;1;33;0;2;3;5;1;
73175;202100047149;117 490;A01;1;7;4;0;9;17;1;
73176;202100047151;117 486;B01;1;1;0;2;3;1;5;
73177;202100047151;117 487;A01;1;33;0;9;2;1;1;
73178;202100047152;117 484;B01;1;7;0;2;1;1;1;
73179;202100047152;117 485;A01;2;7;0;2;1;17;1;
73180;202100047153;117 482;A01;3;1;0;0;0;1;5;
73181;202100047155;117 478;C01;2;7;0;2;1;21;1;
73182;202100047155;117 479;B01;2;7;0;2;6;21;1;
73183;202100047155;117 480;A01;1;7;0;2;1;5;1;
73184;202100047156;117 476;B01;1;7;0;0;8;1;1;
73185;202100047156;117 477;A01;1;7;0;2;1;1;1;
73186;202100047157;117 474;B01;3;21;0;1;5;24;1;
73187;202100047157;117 475;A01;3;7;0;9;2;17;1;
73188;202100047158;117 472;B01;2;15;0;4;7;23;1;
73189;202100047158;117 473;A01;0;39;1;0;3;1;0;
73190;202100047159;117 470;B01;2;1;2;2;8;1;5;
73191;202100047159;117 471;A01;2;10;0;9;2;17;1;
73192;202100047160;117 469;A01;3;10;0;1;1;23;1;
73193;202100047161;117 468;A01;3;7;17;0;3;0;1;
73194;202100047162;117 467;A01;2;7;8;0;4;1;1;
73195;202100047163;117 466;A01;3;10;0;1;8;18;0;
73196;202100047164;117 464;A01;1;7;12;0;3;2;1;
73197;202100047165;117 462;A01;1;7;0;2;3;1;1;
73198;202100047165;117 463;B01;2;1;0;2;1;5;5;
73199;202100047166;117 460;A01;2;7;0;0;8;15;1;
73200;202100047166;117 461;B01;2;7;0;2;2;2;1;
73201;202100047167;117 459;A01;3;36;1;0;1;1;1;
73202;202100047168;117 457;B01;2;7;0;2;3;1;1;
73203;202100047168;117 458;A01;1;7;0;2;3;13;1;
73204;202100047169;117 454;A01;2;7;0;2;3;9;1;
73205;202100047169;117 455;B01;1;2;0;2;1;1;1;
73206;202100047170;117 453;A01;2;17;0;1;6;20;1;
73207;202100047171;117 451;A01;0;7;0;2;5;15;1;
73208;202100047171;117 452;B01;0;34;0;2;1;17;1;
73209;202100047172;117 449;A01;1;7;0;2;2;1;1;
73210;202100047172;117 450;B01;2;7;0;2;3;15;1;
73211;202100047173;117 447;B01;2;7;0;2;3;1;1;
73212;202100047173;117 448;A01;1;37;0;2;3;21;1;1.0
73213;202100047175;117 442;B01;1;7;0;0;4;1;1;
73214;202100047175;117 443;A01;1;10;0;2;1;1;1;
73215;202100047177;117 438;B01;2;7;0;2;4;2;1;
73216;202100047177;117 439;A01;2;7;4;2;1;17;1;
73217;202100047178;117 435;C01;1;7;0;2;1;1;1;
73218;202100047178;117 436;B01;1;7;0;2;3;1;2;
73219;202100047178;117 437;A01;2;7;0;2;1;13;1;
73220;202100047179;117 434;A01;1;34;12;0;0;1;1;
73221;202100047180;117 432;A01;1;10;0;2;7;15;1;
73222;202100047180;117 433;B01;2;33;0;2;1;1;1;
73223;202100047181;117 431;A01;2;7;0;0;9;17;1;
73224;202100047182;117 425;A01;1;33;0;2;1;2;1;