;Num_Acc;id_vehicule;num_veh;senc;catv;obs;obsm;choc;manv;motor;occutc
73225;202100047182;117 426;B01;1;7;0;0;4;2;1;
73226;202100047182;117 427;C01;2;7;0;2;3;1;1;
73227;202100047183;117 424;A01;1;7;0;1;1;1;1;
73228;202100047184;117 423;A01;3;35;7;0;1;1;1;
73229;202100047185;117 422;A01;2;33;17;0;1;1;1;
73230;202100047187;117 420;A01;2;10;0;1;1;15;1;
73231;202100047188;117 418;A01;1;7;0;9;9;1;1;
73232;202100047188;117 419;B01;1;10;0;2;2;1;1;
73233;202100047189;117 416;A01;1;7;0;2;4;1;3;
73234;202100047189;117 417;B01;1;33;0;2;1;2;1;
73235;202100047190;117 414;A01;2;10;0;2;3;11;1;
73236;202100047190;117 415;B01;2;33;0;2;1;1;1;
73237;202100047192;117 411;A01;2;7;4;0;3;26;1;
73238;202100047193;117 409;A01;2;7;0;2;2;14;1;
73239;202100047193;117 410;B01;2;10;0;2;3;1;1;
73240;202100047194;117 407;A01;2;7;0;2;1;2;1;
73241;202100047194;117 408;B01;2;7;0;2;4;2;1;
73242;202100047195;117 406;A01;1;7;4;0;3;26;1;
73243;202100047196;117 404;B01;1;7;0;2;4;2;1;
73244;202100047196;117 405;A01;1;33;0;2;1;2;1;
73245;202100047197;117 402;B01;1;17;0;2;8;13;1;
73246;202100047197;117 403;A01;1;7;0;2;7;2;1;
73247;202100047198;117 401;A01;2;7;8;0;1;18;1;
73248;202100047199;117 399;A01;3;7;0;2;3;9;1;
73249;202100047199;117 400;B01;3;2;0;2;1;1;1;
73250;202100047200;117 397;B01;1;7;0;2;3;9;1;
73251;202100047200;117 398;A01;2;1;0;2;1;5;6;
73252;202100047201;117 395;A01;1;7;0;2;0;1;1;
73253;202100047201;117 396;B01;1;7;0;2;0;9;0;
73254;202100047202;117 393;A01;0;7;0;9;1;1;1;
73255;202100047202;117 394;B01;1;7;0;2;3;1;1;
73256;202100047203;117 391;B01;2;7;0;2;3;1;1;
73257;202100047203;117 392;A01;1;7;0;2;2;15;1;
73258;202100047205;117 388;B01;3;7;0;1;2;1;1;
73259;202100047206;117 385;B01;1;7;0;2;4;26;1;
73260;202100047206;117 386;C01;1;7;3;0;4;26;1;
73261;202100047206;117 387;A01;1;7;0;2;1;26;1;
73262;202100047207;117 384;A01;3;7;0;1;1;15;1;
73263;202100047208;117 382;A01;1;14;0;2;2;1;1;
73264;202100047208;117 383;B01;1;7;0;2;3;1;1;
73265;202100047209;117 380;B01;2;7;0;2;4;23;1;
73266;202100047209;117 381;Z01;2;7;0;2;1;2;1;
73267;202100047211;117 376;B01;2;7;0;2;2;1;1;
73268;202100047211;117 377;A01;2;7;0;2;3;9;1;
73269;202100047212;117 374;A01;1;30;0;2;1;7;1;
73270;202100047212;117 375;B01;1;7;0;2;7;16;1;
73271;202100047213;117 372;A01;1;30;0;2;1;17;1;
73272;202100047213;117 373;B01;2;7;0;2;1;1;1;
73273;202100047214;117 370;A01;1;33;0;2;1;1;1;
73274;202100047214;117 371;B01;1;33;0;2;4;23;1;
73275;202100047215;117 368;A01;1;7;0;2;7;1;1;
73276;202100047215;117 369;B01;2;2;0;2;1;1;3;
73277;202100047217;117 364;A01;2;7;0;1;3;16;1;
73278;202100047218;117 362;B01;1;32;0;2;1;2;1;
73279;202100047218;117 363;A01;2;7;0;2;8;10;1;
73280;202100047219;117 361;A01;3;7;8;0;1;1;1;
73281;202100047220;117 359;A01;3;30;0;2;1;1;1;
73282;202100047220;117 360;B01;0;7;0;2;3;15;1;
73283;202100047221;117 357;A01;1;7;0;2;2;15;1;
73284;202100047221;117 358;B01;2;33;0;0;0;0;1;
73285;202100047222;117 355;B01;3;33;0;2;2;1;1;
73286;202100047222;117 356;A01;3;7;0;2;3;9;3;
73287;202100047223;117 354;A01;1;7;12;0;1;1;1;
73288;202100047224;117 352;Z01;1;7;0;2;1;19;1;
73289;202100047224;117 353;[01;2;60;0;2;8;19;5;
73290;202100047225;117 349;A01;2;32;0;2;3;2;1;
73291;202100047225;117 350;C01;1;7;0;2;3;1;1;
73292;202100047225;117 351;B01;2;7;0;2;6;1;1;
73293;202100047227;117 343;B01;1;7;0;2;3;0;1;
73294;202100047227;117 344;A01;1;7;0;2;1;19;1;
73295;202100047228;117 341;B01;1;7;0;2;2;26;1;
73296;202100047228;117 342;A01;1;2;0;2;1;1;1;
73297;202100047229;117 340;A01;1;7;3;0;3;21;1;
73298;202100047230;117 339;A01;1;7;1;0;7;1;1;
73299;202100047234;117 332;A01;2;7;0;2;0;19;0;
73300;202100047234;117 333;B01;1;7;0;2;2;1;1;
73301;202100047235;117 330;A01;2;2;0;2;4;26;1;
73302;202100047235;117 331;Z01;2;7;0;9;1;26;1;
73303;202100047236;117 328;A01;2;7;0;2;3;9;1;
73304;202100047236;117 329;B01;1;32;0;2;3;1;1;
73305;202100047237;117 325;C01;1;7;0;2;1;23;1;
73306;202100047237;117 326;B01;1;7;0;2;0;23;1;
73307;202100047237;117 327;A01;2;7;14;2;1;1;1;
73308;202100047239;117 321;A01;1;7;0;2;3;15;0;
73309;202100047239;117 322;B01;2;33;0;2;8;1;1;
73310;202100047240;117 317;D01;3;7;0;9;1;1;1;
73311;202100047240;117 318;C01;3;7;0;2;3;1;1;
73312;202100047240;117 319;B01;3;7;0;2;6;1;1;
73313;202100047240;117 320;A01;3;33;0;2;3;21;1;
73314;202100047242;117 314;B01;3;7;0;2;8;0;1;
73315;202100047242;117 315;A01;2;7;0;2;1;0;1;
73316;202100047243;117 313;A01;1;37;2;0;1;14;3;10.0
73317;202100047244;117 312;A01;2;10;0;1;2;1;1;
73318;202100047245;117 310;A01;1;50;0;2;1;1;3;
73319;202100047245;117 311;B01;1;1;0;2;8;19;5;
73320;202100047246;117 309;A01;3;1;0;1;1;1;5;
73321;202100047247;117 307;A01;2;80;0;2;4;19;3;
73322;202100047247;117 308;B01;2;37;0;2;6;1;1;1.0
73323;202100047248;117 306;A01;3;7;11;0;1;1;1;
73324;202100047249;117 304;B01;1;32;0;2;1;7;1;
73325;202100047249;117 305;A01;2;1;0;2;1;5;5;
73326;202100047250;117 302;A01;2;7;0;2;5;10;1;
73327;202100047250;117 303;B01;1;33;0;2;1;1;1;
73328;202100047251;117 300;A01;1;1;0;2;1;1;5;
73329;202100047251;117 301;B01;1;7;0;2;5;1;1;
73330;202100047253;117 296;A01;3;32;0;2;5;17;1;
73331;202100047253;117 297;B01;3;7;0;2;3;15;1;
73332;202100047254;117 295;A01;1;1;0;9;1;1;5;
73333;202100047255;117 293;B01;1;10;15;0;4;2;1;
73334;202100047255;117 294;A01;1;33;0;2;1;26;1;
73335;202100047257;117 290;A01;2;7;0;1;0;0;1;
73336;202100047258;117 288;A01;1;30;0;2;1;2;1;
73337;202100047258;117 289;B01;1;7;0;2;0;0;1;
73338;202100047259;117 287;B01;1;7;0;1;1;2;1;
73339;202100047260;117 285;B01;3;1;0;2;1;26;6;
73340;202100047260;117 286;A01;3;7;0;2;7;16;1;
73341;202100047261;117 283;B01;1;7;0;2;4;0;1;
73342;202100047261;117 284;A01;1;7;14;2;1;26;1;
73343;202100047262;117 281;B01;3;7;1;2;2;1;1;
73344;202100047262;117 282;A01;1;10;0;2;3;26;1;
73345;202100047264;117 277;A01;3;30;0;2;8;1;1;
73346;202100047264;117 278;B01;0;7;0;2;2;9;0;
73347;202100047265;117 276;A01;2;7;0;1;2;19;1;
73348;202100047266;117 275;A01;1;7;0;1;3;1;1;
73349;202100047267;117 273;B01;1;32;0;2;1;17;1;
73350;202100047267;117 274;A01;1;7;0;2;3;15;1;
73351;202100047268;117 271;A01;1;1;0;2;1;2;5;
73352;202100047268;117 272;B01;1;10;0;0;5;1;1;
73353;202100047269;117 269;B01;1;1;0;2;1;1;5;
73354;202100047269;117 270;A01;2;7;0;2;3;15;2;
73355;202100047270;117 267;A01;1;32;0;2;7;25;1;
73356;202100047270;117 268;B01;2;7;0;2;2;9;1;
73357;202100047271;117 265;B01;2;7;9;2;1;1;1;
73358;202100047271;117 266;A01;1;7;0;2;1;1;1;
73359;202100047272;117 264;A01;1;33;0;0;8;1;1;
73360;202100047273;117 262;A01;2;2;0;0;8;15;1;
73361;202100047273;117 263;B01;2;7;15;2;5;17;1;
73362;202100047275;117 259;A01;2;2;0;2;1;1;1;
73363;202100047275;117 260;B01;1;10;0;2;7;15;1;
73364;202100047276;117 257;A01;0;7;0;2;3;15;1;
73365;202100047276;117 258;B01;0;33;0;2;1;1;1;
73366;202100047277;117 254;A01;1;7;0;2;3;9;1;
73367;202100047277;117 255;B01;1;33;0;2;1;17;1;
73368;202100047279;117 250;B01;2;7;0;2;3;1;1;
73369;202100047279;117 251;A01;1;10;0;2;3;1;1;
73370;202100047280;117 248;B01;2;7;0;2;8;1;1;
73371;202100047280;117 249;A01;1;33;0;2;8;1;1;
73372;202100047281;117 247;A01;1;7;0;0;0;1;1;
73373;202100047282;117 246;A01;3;7;0;1;1;0;1;
73374;202100047283;117 245;A01;3;7;1;0;1;13;1;
73375;202100047285;117 242;A01;1;1;0;0;9;1;2;
73376;202100047286;117 240;A01;1;2;0;2;1;2;1;
73377;202100047286;117 241;B01;1;7;0;0;4;2;1;
73378;202100047287;117 238;A01;1;7;0;2;3;13;1;
73379;202100047287;117 239;B01;2;7;0;2;2;21;1;
73380;202100047288;117 236;A01;3;7;0;2;1;0;1;
73381;202100047288;117 237;B01;3;7;0;2;1;0;1;
73382;202100047290;117 232;A01;2;7;0;9;3;1;1;
73383;202100047290;117 233;B01;1;1;0;2;8;16;5;
73384;202100047291;117 231;A01;2;7;13;0;2;1;1;
73385;202100047292;117 230;A01;3;7;13;0;3;1;1;
73386;202100047293;117 229;A01;1;2;0;0;0;1;1;
73387;202100047294;117 227;B01;3;7;0;2;8;1;1;
73388;202100047294;117 228;A01;3;7;0;2;1;1;1;
73389;202100047295;117 226;A01;1;7;5;0;2;15;1;
73390;202100047297;117 223;B01;2;2;6;2;7;1;1;
73391;202100047297;117 224;A01;1;7;0;2;2;15;1;
73392;202100047298;117 221;B01;1;17;8;2;2;21;1;
73393;202100047298;117 222;A01;2;7;6;0;8;15;1;
73394;202100047299;117 220;A01;1;7;0;0;9;1;1;
73395;202100047300;117 219;A01;2;7;0;1;3;21;1;
73396;202100047301;117 217;B01;3;32;0;2;8;10;1;
73397;202100047301;117 218;A01;3;31;0;2;1;21;1;
73398;202100047302;117 216;A01;1;31;12;0;1;15;1;
73399;202100047305;117 211;A01;1;7;9;0;1;0;1;
73400;202100047306;117 210;A01;1;7;0;1;1;1;1;
73401;202100047307;117 206;B01;1;7;0;2;2;1;1;
73402;202100047307;117 207;A01;2;31;0;2;1;1;1;
73403;202100047307;117 208;C01;2;2;0;2;1;1;1;
73404;202100047307;117 209;D01;2;7;0;0;6;24;1;
73405;202100047308;117 205;A01;1;7;8;0;0;1;1;
73406;202100047309;117 203;A01;1;7;0;0;8;15;1;
73407;202100047309;117 204;B01;1;33;13;2;9;17;1;
73408;202100047310;117 202;A01;2;7;9;0;1;1;1;
73409;202100047311;117 200;A01;2;33;0;2;6;1;1;
73410;202100047311;117 201;Z01;2;7;0;2;7;12;1;
73411;202100047312;117 198;B01;2;7;0;2;1;1;1;
73412;202100047312;117 199;A01;2;7;0;2;4;1;1;
73413;202100047313;117 197;A01;2;7;0;9;9;1;1;
73414;202100047314;117 194;C01;2;7;0;2;4;1;1;
73415;202100047314;117 195;B01;2;7;0;2;4;2;1;
73416;202100047314;117 196;A01;2;14;0;2;3;2;1;
73417;202100047315;117 192;B01;2;14;0;2;4;1;1;
73418;202100047315;117 193;A01;2;7;0;2;1;13;1;
73419;202100047316;117 190;A01;1;10;0;2;2;14;1;
73420;202100047316;117 191;B01;1;7;0;2;6;1;1;
73421;202100047317;117 188;A01;1;7;3;2;4;26;1;
73422;202100047317;117 189;Z01;1;7;0;2;1;1;1;
73423;202100047318;117 186;Z01;2;7;0;2;0;0;0;
73424;202100047318;117 187;A01;2;33;0;2;7;26;1;
73425;202100047319;117 184;B01;1;7;0;2;4;0;1;
73426;202100047319;117 185;A01;2;7;0;2;1;0;1;
73427;202100047320;117 183;A01;2;31;0;0;9;26;1;
73428;202100047322;117 179;B01;1;7;2;0;0;14;1;
73429;202100047322;117 180;A01;2;30;14;0;0;13;1;
73430;202100047323;117 178;A01;3;7;0;1;1;19;1;
73431;202100047324;117 176;A01;3;7;8;2;4;4;1;
73432;202100047324;117 177;B01;1;10;0;2;1;1;1;
73433;202100047325;117 174;A01;3;14;0;2;2;1;1;
73434;202100047325;117 175;B01;3;7;0;2;3;1;1;
73435;202100047326;117 173;A01;1;37;0;1;3;1;1;1.0
73436;202100047327;117 172;A01;2;32;8;0;1;2;1;
73437;202100047328;117 171;A01;0;30;1;0;7;16;3;
73438;202100047329;117 166;A01;0;7;0;2;1;1;1;
73439;202100047329;117 167;B01;0;7;0;2;2;1;1;
73440;202100047330;117 164;A01;1;7;0;2;1;19;1;
73441;202100047330;117 165;B01;1;7;0;2;8;15;1;
73442;202100047331;117 162;B01;1;7;0;2;4;23;1;
73443;202100047331;117 163;A01;1;7;0;2;1;2;1;
73444;202100047332;117 161;A01;1;7;0;1;1;1;1;
73445;202100047333;117 159;A01;1;32;0;2;1;2;1;
73446;202100047333;117 160;B01;1;7;0;2;4;2;1;
73447;202100047334;117 156;C01;1;7;0;2;4;1;1;
73448;202100047334;117 157;B01;1;17;0;2;4;1;1;
73449;202100047334;117 158;A01;1;10;0;2;1;2;1;
73450;202100047335;117 155;A01;1;7;0;1;1;15;1;
73451;202100047336;117 153;A01;1;30;0;2;1;2;1;
73452;202100047336;117 154;B01;1;7;0;2;4;0;1;
73453;202100047337;117 151;A01;1;33;0;2;1;2;1;
73454;202100047337;117 152;B01;1;7;0;2;4;2;1;
73455;202100047339;117 148;A01;1;7;0;1;1;26;1;
73456;202100047340;117 147;A01;1;7;1;1;1;20;1;
73457;202100047341;117 146;A01;1;1;12;0;1;16;5;
73458;202100047342;117 144;B01;1;7;0;2;7;1;1;
73459;202100047342;117 145;A01;1;7;0;2;8;1;1;
73460;202100047343;117 142;A01;1;7;0;9;1;1;1;
73461;202100047343;117 143;B01;1;1;0;2;8;19;5;
73462;202100047344;117 141;A01;1;7;0;2;7;1;1;
73463;202100047345;117 140;A01;1;1;0;1;1;25;5;
73464;202100047346;117 138;Z01;2;7;0;0;0;14;0;
73465;202100047346;117 139;A01;2;2;12;0;1;1;1;
73466;202100047348;117 135;A01;3;7;0;2;1;1;1;
73467;202100047348;117 136;B01;3;1;0;2;4;2;5;
73468;202100047349;117 134;A01;3;7;14;0;0;1;-1;
73469;202100047350;117 133;A01;3;7;0;1;1;1;1;
73470;202100047351;117 131;B01;3;10;0;2;4;23;0;
73471;202100047351;117 132;A01;3;10;0;2;1;1;0;
73472;202100047353;117 129;B01;2;33;0;0;0;21;1;
73473;202100047354;117 127;A01;2;14;0;2;1;26;1;
73474;202100047354;117 128;B01;2;7;0;2;4;26;1;
73475;202100047355;117 125;A01;2;7;0;2;3;9;1;
73476;202100047355;117 126;B01;1;30;0;2;7;9;1;
73477;202100047356;117 123;A01;1;7;0;2;2;9;1;
73478;202100047356;117 124;B01;1;2;0;2;8;17;1;
73479;202100047357;117 121;A01;1;7;0;2;7;1;1;
73480;202100047357;117 122;B01;3;2;0;2;8;9;1;
73481;202100047358;117 120;A01;1;10;14;1;5;16;1;
73482;202100047359;117 119;A01;2;7;0;1;2;17;1;
73483;202100047360;117 117;A01;2;7;0;2;2;16;1;
73484;202100047360;117 118;B01;2;2;0;2;3;1;1;
73485;202100047362;117 114;A01;1;15;0;2;2;16;1;
73486;202100047362;117 115;B01;1;80;0;2;3;1;3;
73487;202100047363;117 112;B01;2;1;0;2;1;1;5;
73488;202100047363;117 113;A01;2;7;0;9;5;16;1;
73489;202100047364;117 110;B01;0;1;0;0;0;0;5;
73490;202100047364;117 111;A01;0;7;0;2;5;2;1;
73491;202100047365;117 108;B01;3;1;0;2;4;16;5;
73492;202100047365;117 109;A01;3;7;0;2;2;16;1;
73493;202100047366;117 107;A01;1;2;0;0;0;16;1;
73494;202100047367;117 106;A01;2;7;1;0;1;1;1;
73495;202100047368;117 104;B01;1;7;0;2;1;1;2;
73496;202100047368;117 105;A01;0;33;0;2;7;15;1;
73497;202100047369;117 102;A01;1;7;0;2;1;13;1;
73498;202100047369;117 103;B01;2;7;0;2;1;1;1;
73499;202100047370;117 100;A01;0;7;0;2;6;26;0;
73500;202100047370;117 101;B01;0;7;8;2;3;2;0;
73501;202100047371;117 099;A01;1;0;0;1;1;26;0;
73502;202100047372;117 097;A01;2;7;0;2;7;15;1;
73503;202100047372;117 098;B01;1;32;0;2;1;1;1;
73504;202100047373;117 095;B01;3;33;1;2;6;1;1;
73505;202100047373;117 096;A01;3;7;0;2;1;19;1;
73506;202100047374;117 093;B01;0;34;0;2;0;0;1;
73507;202100047374;117 094;A01;0;7;0;2;3;20;1;
73508;202100047376;117 089;B01;2;32;0;2;2;2;1;
73509;202100047376;117 090;A01;1;7;0;2;3;9;1;
73510;202100047377;117 087;B01;1;32;0;2;2;17;3;
73511;202100047377;117 088;A01;2;7;0;2;3;10;1;
73512;202100047378;117 085;B01;2;50;1;0;1;26;3;
73513;202100047378;117 086;A01;1;38;0;2;7;24;1;1.0
73514;202100047379;117 082;A01;1;7;0;2;1;2;1;
73515;202100047379;117 083;B01;1;7;0;2;4;2;1;
73516;202100047379;117 084;C01;1;7;0;2;6;2;1;
73517;202100047381;117 078;A01;3;7;0;2;1;0;2;
73518;202100047381;117 079;B01;3;7;0;2;5;0;1;
73519;202100047382;117 076;B01;1;7;0;2;4;23;1;
73520;202100047382;117 077;A01;1;30;0;2;1;2;1;
73521;202100047383;117 073;C01;1;10;0;2;6;23;1;
73522;202100047383;117 074;B01;1;7;0;2;7;1;1;
73523;202100047383;117 075;A01;1;33;0;2;3;3;1;
73524;202100047384;117 071;A01;1;7;0;2;1;1;1;
73525;202100047384;117 072;B01;1;17;0;2;5;1;1;
73526;202100047386;117 067;A01;2;80;0;2;7;1;3;
73527;202100047386;117 068;B01;2;10;0;2;8;22;1;
73528;202100047387;117 065;A01;2;7;1;2;2;9;1;
73529;202100047387;117 066;B01;2;43;0;2;3;3;1;
73530;202100047388;117 064;A01;3;7;0;1;3;1;1;
73531;202100047389;117 063;A01;3;10;0;1;3;15;1;
73532;202100047390;117 061;A01;1;7;0;2;5;15;2;
73533;202100047390;117 062;B01;2;33;0;2;3;1;1;
73534;202100047391;117 059;B01;3;7;0;2;5;2;1;
73535;202100047391;117 060;A01;3;34;0;2;3;2;1;
73536;202100047392;117 058;Z01;1;1;0;1;1;1;0;
73537;202100047393;117 056;A01;2;50;0;2;7;1;3;
73538;202100047393;117 057;B01;1;10;0;2;1;1;1;
73539;202100047394;117 054;B01;3;10;0;2;8;2;1;
73540;202100047394;117 055;A01;3;33;0;2;7;3;1;
73541;202100047395;117 052;B01;2;43;0;2;7;5;1;
73542;202100047395;117 053;A01;3;7;0;2;3;10;1;
73543;202100047396;117 051;A01;2;1;0;0;0;21;5;
73544;202100047398;117 047;B01;2;32;0;2;1;1;1;
73545;202100047398;117 048;A01;2;7;0;2;3;15;1;
73546;202100047400;117 043;A01;1;7;0;2;7;1;1;
73547;202100047400;117 044;B01;1;1;0;2;8;1;5;
73548;202100047401;117 041;B01;1;33;0;2;4;2;1;
73549;202100047401;117 042;A01;1;7;0;2;1;2;1;
73550;202100047402;117 039;B01;1;30;0;2;4;0;1;
73551;202100047402;117 040;A01;1;7;0;2;1;0;1;
73552;202100047403;117 037;B01;2;7;0;2;3;15;1;
73553;202100047403;117 038;A01;2;33;0;2;1;11;1;
73554;202100047404;117 036;A01;1;7;0;1;6;20;1;
73555;202100047405;117 034;A01;2;7;1;2;0;13;1;
73556;202100047405;117 035;B01;1;7;0;2;1;23;1;
73557;202100047406;117 032;B01;-1;34;0;2;1;1;1;
73558;202100047406;117 033;A01;-1;7;0;2;5;9;1;
73559;202100047407;117 030;B01;0;33;0;2;1;2;1;
73560;202100047407;117 031;A01;0;10;0;2;1;11;0;
73561;202100047408;117 028;A01;1;32;0;2;1;2;1;
73562;202100047408;117 029;B01;1;7;0;2;6;26;2;
73563;202100047409;117 027;A01;1;32;12;0;7;1;1;
73564;202100047410;117 025;A01;2;30;0;2;1;17;1;
73565;202100047410;117 026;B01;2;10;0;2;8;15;1;
73566;202100047411;117 024;A01;2;10;0;1;4;20;1;
73567;202100047413;117 021;A01;2;7;0;1;1;20;1;
73568;202100047414;117 020;A01;3;1;0;1;1;25;5;
73569;202100047416;117 015;A01;3;31;0;2;8;19;1;
73570;202100047416;117 016;B01;3;31;0;2;1;1;1;
73571;202100047417;117 014;A01;3;33;2;0;1;6;1;
73572;202100047418;117 012;A01;1;33;8;2;1;17;1;
73573;202100047418;117 013;B01;1;7;0;2;3;15;1;
73574;202100047419;117 010;A01;1;7;0;2;1;2;1;
73575;202100047419;117 011;B01;1;17;0;0;4;2;1;
73576;202100047420;117 008;A01;2;7;0;2;1;1;1;
73577;202100047420;117 009;B01;1;7;0;0;8;9;1;
73578;202100047421;117 006;A01;2;31;0;2;8;1;1;
73579;202100047421;117 007;B01;1;33;0;2;1;19;1;
73580;202100047422;117 004;B01;0;7;0;2;3;1;1;
73581;202100047422;117 005;A01;3;2;0;2;1;15;1;
73582;202100047423;117 003;A01;2;7;0;0;9;1;1;
73583;202100047424;117 002;A01;3;2;2;0;1;1;1;
73584;202100047427;116 994;A01;2;7;2;0;1;14;1;
73585;202100047428;116 992;B01;2;1;0;0;0;0;5;
73586;202100047428;116 993;A01;1;7;0;9;1;1;0;
73587;202100047429;116 990;B01;2;7;0;2;1;1;1;
73588;202100047429;116 991;A01;2;7;0;2;8;15;1;
73589;202100047430;116 988;A01;1;99;6;2;4;17;1;
73590;202100047430;116 989;B01;1;99;0;2;0;2;1;
73591;202100047431;116 987;A01;1;7;0;0;9;1;1;
73592;202100047432;116 982;B01;1;7;0;9;1;23;1;
73593;202100047432;116 983;A01;2;33;0;2;1;1;1;
73594;202100047433;116 981;A01;1;7;0;0;9;5;1;
73595;202100047434;116 978;A01;3;7;0;2;1;16;1;
73596;202100047434;116 979;B01;3;1;0;2;6;9;5;
73597;202100047435;116 977;A01;2;7;3;0;3;6;1;
73598;202100047436;116 976;A01;1;7;13;0;1;1;1;
73599;202100047437;116 974;A01;3;7;0;9;8;26;1;
73600;202100047437;116 975;B01;3;50;0;2;1;1;3;
73601;202100047438;116 973;A01;1;7;14;0;5;1;1;
73602;202100047439;116 970;B01;2;7;0;2;4;2;1;
73603;202100047439;116 971;A01;2;7;0;0;4;2;1;
73604;202100047439;116 972;C01;2;7;0;2;1;2;1;
73605;202100047440;116 968;B01;2;10;0;2;1;1;1;
73606;202100047440;116 969;A01;1;7;0;2;1;5;1;
73607;202100047441;116 966;A01;2;7;0;2;2;2;1;
73608;202100047441;116 967;B01;2;7;0;0;4;2;1;
73609;202100047442;116 965;A01;2;7;13;0;3;14;1;
73610;202100047443;116 963;B01;0;36;15;0;3;17;1;
73611;202100047443;116 964;A01;3;2;0;0;8;13;1;
73612;202100047444;116 961;A01;3;7;0;2;2;2;1;
73613;202100047444;116 962;B01;3;7;0;1;3;11;1;
73614;202100047446;116 957;B01;2;7;0;2;1;1;1;
73615;202100047446;116 958;A01;1;7;0;2;7;13;1;
73616;202100047447;116 956;A01;1;7;9;0;1;0;1;
73617;202100047448;116 954;A01;1;31;0;2;3;2;1;
73618;202100047448;116 955;B01;1;7;0;0;5;15;0;
73619;202100047449;116 952;B01;1;7;0;2;4;2;1;
73620;202100047449;116 953;A01;1;2;0;2;1;2;1;
73621;202100047450;116 950;A01;0;7;0;2;2;13;1;
73622;202100047450;116 951;B01;0;7;0;2;3;1;1;
73623;202100047451;116 948;A01;2;10;0;2;8;1;1;
73624;202100047451;116 949;B01;1;14;0;2;1;1;1;
73625;202100047452;116 945;A01;1;2;0;0;8;1;1;
73626;202100047453;116 943;A01;2;7;0;2;1;19;1;
73627;202100047453;116 944;B01;2;33;0;2;8;1;1;
73628;202100047455;116 941;A01;1;33;13;0;0;0;1;
73629;202100047457;116 937;B01;2;15;0;2;2;12;1;
73630;202100047457;116 938;A01;1;7;0;2;6;1;1;
73631;202100047459;116 932;C01;1;7;0;2;4;1;1;
73632;202100047459;116 933;B01;1;7;0;2;4;2;1;
73633;202100047459;116 934;A01;1;7;0;2;1;2;1;
73634;202100047460;116 931;A01;1;33;16;0;8;0;1;
73635;202100047461;116 929;A01;2;43;0;2;1;2;1;
73636;202100047461;116 930;B01;2;7;0;2;4;2;1;
73637;202100047462;116 927;B01;1;7;0;2;4;11;1;
73638;202100047462;116 928;A01;1;33;0;2;1;3;1;
73639;202100047463;116 925;B01;1;7;0;2;4;2;1;
73640;202100047463;116 926;A01;1;7;0;2;1;1;1;
73641;202100047464;116 924;A01;1;7;3;0;3;1;1;
73642;202100047465;116 922;A01;2;43;0;2;1;2;1;
73643;202100047465;116 923;B01;2;7;0;2;6;1;2;
73644;202100047466;116 919;B01;2;43;0;2;1;3;1;
73645;202100047466;116 920;C01;2;10;0;2;7;23;1;
73646;202100047466;116 921;A01;2;7;0;2;7;12;1;
73647;202100047467;116 917;A01;1;2;0;2;1;1;1;
73648;202100047467;116 918;B01;1;7;0;2;4;1;1;
73649;202100047468;116 915;B01;2;2;0;2;1;1;1;
73650;202100047468;116 916;A01;1;7;0;9;2;17;1;
73651;202100047469;116 913;A01;3;7;0;2;1;13;1;
73652;202100047469;116 914;B01;3;7;0;2;1;1;1;
73653;202100047470;116 911;B01;1;7;0;9;8;16;1;
73654;202100047470;116 912;A01;1;2;0;2;8;18;1;
73655;202100047471;116 909;B01;2;7;0;2;2;15;1;
73656;202100047471;116 910;A01;1;50;0;2;1;1;3;
73657;202100047472;116 908;A01;2;7;0;1;4;4;1;
73658;202100047473;116 906;A01;1;7;0;2;7;16;1;
73659;202100047473;116 907;B01;1;2;0;2;1;18;1;
73660;202100047474;116 905;A01;2;33;12;0;8;15;1;
73661;202100047475;116 903;A01;1;30;0;2;1;17;1;
73662;202100047475;116 904;B01;1;7;0;2;8;15;1;
73663;202100047476;116 902;A01;1;7;0;1;3;1;1;
73664;202100047477;116 900;A01;1;7;0;2;3;17;1;
73665;202100047477;116 901;B01;2;7;0;2;3;1;1;
73666;202100047478;116 897;C01;2;7;0;2;2;1;1;
73667;202100047478;116 898;A01;1;7;0;2;1;13;1;
73668;202100047478;116 899;B01;1;7;0;2;3;0;1;
73669;202100047479;116 895;A01;2;10;0;4;2;16;1;
73670;202100047479;116 896;B01;3;39;0;2;3;19;3;
73671;202100047480;116 893;A01;0;7;0;2;2;10;1;
73672;202100047480;116 894;B01;0;33;0;2;1;1;1;
73673;202100047481;116 892;A01;0;10;0;1;7;1;1;
73674;202100047482;116 890;B01;0;7;0;2;1;0;1;
73675;202100047482;116 891;A01;0;7;0;2;2;1;1;
73676;202100047485;116 885;A01;0;7;0;2;1;1;1;
73677;202100047485;116 886;B01;1;7;0;2;4;2;1;
73678;202100047486;116 883;B01;2;7;0;2;3;1;1;
73679;202100047486;116 884;A01;1;7;0;2;1;13;1;
73680;202100047487;116 881;A01;2;7;0;2;1;5;1;
73681;202100047487;116 882;B01;1;7;0;2;5;1;1;
73682;202100047488;116 879;A01;1;7;0;2;4;23;2;
73683;202100047488;116 880;B01;1;2;0;2;1;1;1;
73684;202100047489;116 877;B01;3;34;0;2;1;1;1;
73685;202100047489;116 878;A01;3;7;0;2;5;19;1;