;Num_Acc;id_vehicule;num_veh;senc;catv;obs;obsm;choc;manv;motor;occutc
73686;202100047490;116 876;A01;2;30;0;0;3;17;1;
73687;202100047491;116 874;A01;1;7;0;2;2;15;1;
73688;202100047491;116 875;B01;2;7;0;2;1;1;1;
73689;202100047492;116 872;A01;2;32;0;2;6;15;1;
73690;202100047492;116 873;B01;2;7;0;2;1;2;1;
73691;202100047493;116 870;A01;2;7;0;2;2;15;1;
73692;202100047493;116 871;B01;1;1;0;2;2;1;5;
73693;202100047494;116 868;A01;3;10;0;2;1;26;1;
73694;202100047494;116 869;B01;3;2;0;2;1;26;1;
73695;202100047495;116 864;D01;2;7;0;2;3;1;1;
73696;202100047495;116 865;C01;1;7;0;2;6;1;1;
73697;202100047495;116 866;B01;1;7;0;2;8;1;1;
73698;202100047495;116 867;A01;1;7;0;2;1;17;1;
73699;202100047496;116 863;A01;1;33;16;0;8;15;1;
73700;202100047497;116 860;B01;2;7;0;2;1;1;1;
73701;202100047497;116 861;C01;2;7;0;2;1;1;1;
73702;202100047497;116 862;A01;2;7;0;2;9;1;1;
73703;202100047498;116 859;A01;3;7;0;0;0;14;1;
73704;202100047499;116 857;A01;2;7;0;2;2;19;1;
73705;202100047499;116 858;B01;2;1;1;2;1;1;0;
73706;202100047500;116 856;A01;3;7;0;1;1;1;1;
73707;202100047501;116 854;A01;2;33;0;2;1;1;1;
73708;202100047501;116 855;B01;1;7;0;2;1;15;1;
73709;202100047502;116 852;A01;1;7;0;2;5;15;1;
73710;202100047502;116 853;B01;2;43;0;2;1;18;1;
73711;202100047503;116 850;A01;1;7;0;2;2;1;1;
73712;202100047503;116 851;C01;1;99;0;2;4;26;1;
73713;202100047504;116 848;A01;1;34;0;2;1;17;1;
73714;202100047504;116 849;B01;1;10;0;2;4;15;1;
73715;202100047505;116 847;Z01;1;7;0;1;2;20;1;
73716;202100047506;116 845;A01;3;10;0;2;4;26;1;
73717;202100047506;116 846;B01;3;21;0;2;7;0;0;
73718;202100047507;116 843;A01;1;30;0;2;7;15;1;
73719;202100047507;116 844;B01;0;7;0;2;2;1;0;
73720;202100047509;116 839;A01;1;7;0;2;7;14;1;
73721;202100047509;116 840;B01;1;30;0;2;8;1;1;
73722;202100047511;116 836;A01;2;10;0;1;3;1;1;
73723;202100047512;116 834;B01;0;1;0;2;8;19;5;
73724;202100047512;116 835;A01;1;34;0;2;1;1;1;
73725;202100047513;116 832;B01;2;7;0;2;4;1;1;
73726;202100047513;116 833;A01;2;1;0;2;1;2;5;
73727;202100047515;116 830;A01;1;7;0;1;5;1;1;
73728;202100047516;116 828;A01;1;7;0;2;8;9;1;
73729;202100047516;116 829;B01;1;32;0;2;8;1;1;
73730;202100047518;116 825;B01;1;7;0;2;4;2;1;
73731;202100047518;116 826;A01;1;7;8;2;1;2;1;
73732;202100047519;116 824;A01;2;33;0;0;8;3;1;
73733;202100047520;116 823;A01;1;7;0;1;2;1;1;
73734;202100047521;116 821;B01;2;2;0;2;0;17;3;
73735;202100047521;116 822;A01;1;7;0;2;3;15;1;
73736;202100047522;116 820;A01;3;7;0;1;5;1;1;
73737;202100047523;116 818;A01;1;7;0;2;5;12;1;
73738;202100047523;116 819;B01;1;33;0;2;1;1;1;
73739;202100047524;116 817;A01;1;7;0;1;3;15;1;
73740;202100047525;116 815;B01;1;1;0;2;1;1;5;
73741;202100047525;116 816;A01;1;7;0;2;3;22;1;
73742;202100047526;116 813;B01;1;2;0;2;1;1;1;
73743;202100047526;116 814;A01;1;7;0;2;3;22;2;
73744;202100047527;116 811;A01;1;10;0;2;3;10;1;
73745;202100047527;116 812;B01;1;33;0;2;2;1;1;
73746;202100047528;116 809;Z01;2;7;0;2;1;15;1;
73747;202100047528;116 810;A01;1;33;0;2;8;1;1;
73748;202100047529;116 807;B01;3;10;0;2;2;1;1;
73749;202100047529;116 808;A01;3;7;0;2;3;11;1;
73750;202100047530;116 805;A01;1;7;0;2;7;16;2;
73751;202100047530;116 806;B01;1;1;0;2;1;1;5;
73752;202100047531;116 803;A01;1;33;0;2;1;15;1;
73753;202100047531;116 804;B01;1;1;0;2;3;1;5;
73754;202100047532;116 801;B01;2;34;0;2;1;1;1;
73755;202100047532;116 802;A01;2;7;0;2;2;16;1;
73756;202100047533;116 799;B01;1;10;0;2;2;16;1;
73757;202100047533;116 800;A01;1;30;0;2;8;18;1;
73758;202100047534;116 798;A01;1;10;0;1;1;1;3;
73759;202100047536;116 795;B01;1;50;0;2;1;2;3;
73760;202100047536;116 796;A01;2;1;0;2;1;5;5;
73761;202100047537;116 793;B01;1;32;0;2;4;17;1;
73762;202100047537;116 794;A01;1;10;0;2;3;15;1;
73763;202100047538;116 792;Z01;1;10;0;1;2;10;0;
73764;202100047539;116 791;A01;0;14;0;1;7;16;1;
73765;202100047540;116 789;B01;0;7;7;2;1;1;2;
73766;202100047540;116 790;A01;3;7;0;2;2;15;1;
73767;202100047542;116 785;A01;2;7;0;2;1;15;0;
73768;202100047542;116 786;B01;1;30;0;2;3;1;1;
73769;202100047543;116 783;A01;2;7;0;2;3;15;2;
73770;202100047543;116 784;B01;2;7;1;2;5;1;0;
73771;202100047545;116 781;A01;1;1;0;0;0;1;5;
73772;202100047546;116 779;A01;3;1;0;2;3;19;0;
73773;202100047546;116 780;B01;2;60;0;2;1;1;5;
73774;202100047547;116 777;A01;1;7;0;2;7;13;1;
73775;202100047547;116 778;B01;2;17;0;2;1;1;1;
73776;202100047548;116 776;A01;2;7;13;0;1;2;1;
73777;202100047549;116 775;A01;2;7;2;0;9;21;1;
73778;202100047550;116 774;A01;3;7;2;0;3;1;1;
73779;202100047551;116 773;A01;1;7;2;0;1;1;1;
73780;202100047552;116 768;A01;1;7;0;2;1;17;1;
73781;202100047552;116 769;B01;1;7;0;2;3;1;1;
73782;202100047552;116 770;C01;2;7;0;2;1;1;1;
73783;202100047553;116 767;A01;1;33;6;0;0;1;1;
73784;202100047554;116 765;A01;2;7;0;2;1;5;1;
73785;202100047554;116 766;B01;1;33;0;2;3;1;1;
73786;202100047555;116 764;A01;2;7;16;0;2;1;1;
73787;202100047556;116 762;A01;2;7;13;0;3;13;1;
73788;202100047558;116 758;C01;2;7;0;0;4;23;1;
73789;202100047558;116 759;B01;2;7;0;2;4;23;1;
73790;202100047558;116 760;A01;2;7;0;2;1;1;1;
73791;202100047559;116 757;A01;1;7;13;0;1;1;1;
73792;202100047560;116 754;A01;1;7;0;2;1;2;1;
73793;202100047560;116 755;B01;1;7;15;2;4;1;1;
73794;202100047560;116 756;C01;2;7;0;2;1;1;1;
73795;202100047561;116 752;B01;1;2;0;2;1;1;1;
73796;202100047561;116 753;A01;2;7;0;2;3;1;1;
73797;202100047562;116 750;B01;3;7;0;2;8;19;1;
73798;202100047562;116 751;A01;2;33;0;2;1;1;1;
73799;202100047563;116 748;A01;1;7;0;2;1;1;1;
73800;202100047563;116 749;B01;2;14;0;2;1;1;1;
73801;202100047565;116 746;A01;2;7;0;5;1;1;1;
73802;202100047566;116 744;A01;1;7;0;2;1;17;1;
73803;202100047566;116 745;B01;2;7;0;2;1;1;1;
73804;202100047567;116 742;B01;1;7;0;2;1;1;1;
73805;202100047567;116 743;A01;2;2;0;1;1;17;1;
73806;202100047568;116 741;A01;1;15;6;0;2;1;1;
73807;202100047569;116 739;A01;2;7;0;2;6;11;1;
73808;202100047569;116 740;B01;2;7;0;2;2;1;1;
73809;202100047570;116 737;B01;1;10;0;2;2;24;1;
73810;202100047570;116 738;A01;2;10;1;1;3;13;1;
73811;202100047571;116 734;C01;1;7;0;0;4;1;1;
73812;202100047571;116 735;B01;1;7;0;0;1;1;1;
73813;202100047571;116 736;A01;1;7;0;0;4;1;1;
73814;202100047572;116 732;B01;1;33;0;2;1;17;1;
73815;202100047572;116 733;A01;1;7;0;2;3;13;1;
73816;202100047573;116 728;A01;0;10;0;0;3;15;1;
73817;202100047573;116 729;B01;0;2;0;0;1;0;1;
73818;202100047574;116 726;A01;3;2;0;2;7;0;1;
73819;202100047574;116 727;B01;3;7;0;2;0;0;1;
73820;202100047575;116 724;A01;3;7;6;0;1;1;1;
73821;202100047576;116 722;B01;1;7;0;2;3;1;1;
73822;202100047576;116 723;A01;2;33;0;2;1;13;1;
73823;202100047577;116 720;A01;2;13;0;2;1;1;1;
73824;202100047577;116 721;B01;1;14;0;2;1;1;1;
73825;202100047578;116 718;B01;1;7;0;2;3;1;1;
73826;202100047578;116 719;A01;2;7;0;2;3;13;1;
73827;202100047579;116 717;A01;0;7;13;0;2;1;1;
73828;202100047580;116 716;A01;1;10;0;1;4;4;1;
73829;202100047581;116 713;B01;1;7;0;2;3;17;1;
73830;202100047581;116 714;C01;1;37;0;2;8;1;1;1.0
73831;202100047581;116 715;A01;2;7;0;2;3;1;1;
73832;202100047582;116 711;A01;1;7;0;2;4;1;1;
73833;202100047582;116 712;B01;1;7;0;2;1;11;1;
73834;202100047583;116 709;B01;1;7;0;2;4;1;1;
73835;202100047583;116 710;A01;1;7;0;2;1;2;1;
73836;202100047584;116 707;A01;1;7;0;2;7;17;1;
73837;202100047584;116 708;B01;1;37;0;2;8;1;1;1.0
73838;202100047585;116 705;A01;1;7;0;2;4;1;1;
73839;202100047585;116 706;B01;1;7;0;2;3;12;1;
73840;202100047586;116 702;A01;1;7;0;2;4;23;1;
73841;202100047586;116 703;B01;1;7;0;2;4;23;1;
73842;202100047586;116 704;C01;1;7;0;2;1;2;1;
73843;202100047587;116 700;B01;1;7;0;2;2;1;3;
73844;202100047587;116 701;A01;1;7;0;2;1;1;1;
73845;202100047588;116 697;B01;1;33;0;2;9;3;1;
73846;202100047588;116 698;C01;1;7;0;2;7;12;1;
73847;202100047588;116 699;A01;1;10;0;2;6;1;1;
73848;202100047590;116 690;A01;1;15;0;0;0;0;1;
73849;202100047590;116 691;B01;1;7;0;2;0;1;1;
73850;202100047590;116 692;C01;1;7;0;2;7;1;1;
73851;202100047591;116 689;A01;1;7;0;0;1;2;1;
73852;202100047592;116 688;A01;2;7;4;0;1;2;1;
73853;202100047593;116 686;A01;1;7;0;2;1;2;1;
73854;202100047593;116 687;B01;1;7;0;2;4;23;1;
73855;202100047594;116 682;D01;2;7;0;2;1;12;1;
73856;202100047594;116 683;C01;2;7;0;2;9;12;1;
73857;202100047594;116 684;A01;2;15;0;2;4;1;1;
73858;202100047594;116 685;B01;2;7;0;2;9;1;2;
73859;202100047595;116 680;B01;1;7;0;2;1;1;1;
73860;202100047595;116 681;A01;1;7;0;2;4;1;1;
73861;202100047596;116 676;B01;2;7;0;2;6;15;1;
73862;202100047596;116 677;A01;1;7;0;2;3;1;1;
73863;202100047597;116 674;A01;1;7;0;2;2;1;1;
73864;202100047597;116 675;B01;2;30;0;2;1;13;1;
73865;202100047598;116 672;A01;1;50;0;2;8;1;3;
73866;202100047598;116 673;B01;2;7;0;2;1;15;1;
73867;202100047599;116 671;A01;1;7;0;1;3;1;1;
73868;202100047601;116 667;A01;1;7;8;2;1;1;1;
73869;202100047601;116 668;B01;1;7;0;2;6;1;1;
73870;202100047602;116 665;B01;1;30;1;0;1;2;1;
73871;202100047602;116 666;A01;1;7;1;0;4;20;1;
73872;202100047604;116 662;A01;2;7;12;9;1;14;1;
73873;202100047605;116 660;A01;1;7;0;2;1;17;1;
73874;202100047605;116 661;B01;2;7;0;2;1;26;1;
73875;202100047607;116 656;A01;1;7;0;2;1;1;1;
73876;202100047607;116 657;B01;1;7;0;2;8;1;1;
73877;202100047608;116 654;A01;1;7;0;2;7;15;1;
73878;202100047608;116 655;B01;1;30;0;2;2;1;1;
73879;202100047609;116 653;A01;1;80;0;0;0;0;3;
73880;202100047610;116 652;A01;2;1;0;0;8;1;5;
73881;202100047613;116 647;B01;1;7;0;2;1;1;1;
73882;202100047613;116 648;A01;2;7;0;2;1;15;1;
73883;202100047614;116 645;A01;1;31;0;2;3;17;1;
73884;202100047614;116 646;B01;1;7;0;2;8;15;1;
73885;202100047615;116 642;B01;3;10;0;2;8;19;1;
73886;202100047615;116 643;A01;3;7;0;2;1;13;1;
73887;202100047616;116 641;A01;1;7;0;1;2;1;1;
73888;202100047617;116 639;B01;1;7;0;2;7;1;1;
73889;202100047617;116 640;A01;1;7;0;2;1;9;1;
73890;202100047618;116 637;A01;1;7;0;2;1;1;1;
73891;202100047618;116 638;B01;2;7;0;2;7;15;1;
73892;202100047619;116 636;A01;1;30;0;1;1;17;1;
73893;202100047621;116 633;B01;2;7;0;2;8;15;1;
73894;202100047621;116 634;A01;2;2;0;2;1;17;1;
73895;202100047622;116 631;B01;1;33;0;2;7;15;1;
73896;202100047622;116 632;A01;3;99;0;2;1;15;0;
73897;202100047623;116 629;B01;2;50;0;2;8;1;3;
73898;202100047623;116 630;A01;2;7;0;2;1;16;1;
73899;202100047624;116 627;B01;1;7;0;2;1;1;1;
73900;202100047624;116 628;A01;1;7;0;2;2;15;1;
73901;202100047625;116 626;A01;1;7;0;1;2;1;1;
73902;202100047627;116 623;B01;1;7;0;1;8;1;1;
73903;202100047628;116 619;D01;3;7;0;2;3;0;1;
73904;202100047628;116 620;Z01;2;7;0;2;2;12;0;
73905;202100047628;116 621;B01;2;32;0;2;3;9;1;
73906;202100047628;116 622;C01;3;7;0;2;4;0;1;
73907;202100047629;116 617;A01;2;10;0;2;3;9;1;
73908;202100047629;116 618;B01;2;1;0;2;1;1;5;
73909;202100047630;116 615;A01;2;7;0;2;3;1;1;
73910;202100047630;116 616;B01;1;1;0;2;1;1;5;
73911;202100047631;116 614;A01;1;7;0;1;3;14;1;
73912;202100047633;116 611;A01;2;7;0;1;1;1;1;
73913;202100047634;116 609;A01;1;7;13;0;0;1;1;
73914;202100047635;116 607;A01;1;7;0;2;1;1;1;
73915;202100047635;116 608;B01;1;7;0;2;4;1;1;
73916;202100047636;116 606;A01;1;0;0;0;0;26;0;
73917;202100047638;116 602;B01;0;7;0;2;5;16;1;
73918;202100047638;116 603;A01;3;3;0;2;3;1;1;
73919;202100047639;116 600;A01;3;7;0;2;6;13;1;
73920;202100047639;116 601;B01;3;7;0;2;3;26;1;
73921;202100047640;116 598;A01;3;33;0;2;8;11;1;
73922;202100047640;116 599;B01;3;7;0;2;7;1;1;
73923;202100047641;116 597;A01;2;32;0;1;1;1;1;
73924;202100047643;116 593;C01;2;7;0;0;6;1;1;
73925;202100047643;116 594;B01;2;7;0;2;9;1;1;
73926;202100047643;116 595;A01;2;7;0;2;1;1;1;
73927;202100047645;116 589;A01;2;7;0;2;2;15;1;
73928;202100047645;116 590;B01;1;33;0;2;1;1;1;
73929;202100047646;116 587;A01;2;43;0;2;1;3;1;
73930;202100047646;116 588;B01;2;7;0;2;5;12;3;
73931;202100047647;116 585;B01;1;7;0;2;4;1;1;
73932;202100047647;116 586;A01;1;7;0;2;1;1;1;
73933;202100047648;116 583;A01;1;17;0;2;6;13;1;
73934;202100047648;116 584;B01;1;33;0;2;7;3;1;
73935;202100047649;116 581;A01;2;10;0;2;5;15;1;
73936;202100047649;116 582;B01;1;33;0;2;8;1;1;
73937;202100047650;116 580;A01;1;7;0;1;1;15;1;
73938;202100047652;116 577;A01;2;1;0;0;3;15;5;
73939;202100047653;116 575;B01;2;1;0;2;5;1;5;
73940;202100047653;116 576;A01;2;7;0;2;7;14;1;
73941;202100047654;116 573;B01;1;33;0;2;0;23;1;
73942;202100047654;116 574;A01;1;7;0;2;2;1;1;
73943;202100047655;116 571;A01;2;7;1;2;2;1;1;
73944;202100047655;116 572;B01;2;7;1;2;3;1;2;
73945;202100047657;116 567;A01;1;10;0;2;1;15;1;
73946;202100047657;116 568;B01;2;31;0;2;8;1;1;
73947;202100047658;116 564;C01;1;7;0;2;0;0;1;
73948;202100047658;116 565;A01;1;7;0;2;1;15;1;
73949;202100047658;116 566;B01;2;7;0;2;1;2;1;
73950;202100047659;116 562;B01;2;7;1;2;1;20;1;
73951;202100047659;116 563;A01;1;34;1;2;1;1;1;
73952;202100047660;116 560;A01;2;7;0;2;1;10;1;
73953;202100047660;116 561;B01;1;1;0;2;1;13;5;
73954;202100047661;116 558;A01;1;7;0;2;3;1;1;
73955;202100047661;116 559;B01;2;7;0;2;3;15;1;
73956;202100047662;116 556;A01;0;30;0;2;7;26;1;
73957;202100047662;116 557;B01;0;13;0;2;1;16;1;
73958;202100047663;116 554;B01;2;7;0;2;6;9;1;
73959;202100047663;116 555;A01;1;34;0;2;8;1;1;
73960;202100047664;116 552;B01;2;32;0;2;0;9;0;
73961;202100047664;116 553;A01;1;31;0;2;0;9;1;
73962;202100047665;116 550;B01;1;30;0;2;0;0;1;
73963;202100047665;116 551;A01;1;10;0;2;3;10;1;
73964;202100047666;116 549;A01;3;7;0;1;1;16;1;
73965;202100047667;116 547;A01;1;33;0;2;2;1;1;
73966;202100047667;116 548;B01;2;1;0;2;3;11;6;
73967;202100047668;116 546;A01;1;7;0;1;1;9;1;
73968;202100047670;116 544;A01;3;33;0;0;0;1;1;
73969;202100047671;116 542;B01;1;10;0;9;8;1;1;
73970;202100047671;116 543;A01;1;15;0;1;0;1;1;
73971;202100047672;116 539;A01;2;17;3;0;2;1;1;
73972;202100047673;116 537;A01;3;7;0;2;3;15;1;
73973;202100047673;116 538;B01;3;2;0;2;1;3;1;
73974;202100047674;116 536;A01;1;7;13;0;0;13;1;
73975;202100047675;116 534;A01;2;7;6;2;2;17;1;
73976;202100047675;116 535;B01;2;32;0;2;1;1;1;
73977;202100047676;116 533;A01;1;7;0;0;6;4;1;
73978;202100047677;116 531;B01;2;33;0;0;1;23;1;
73979;202100047677;116 532;A01;1;7;0;2;3;17;1;
73980;202100047678;116 530;A01;1;7;17;0;1;1;2;
73981;202100047679;116 529;A01;2;10;13;0;2;1;1;
73982;202100047680;116 527;A01;3;2;0;0;1;1;1;
73983;202100047680;116 528;B01;3;7;0;0;5;23;1;
73984;202100047681;116 525;B01;2;10;0;2;3;1;1;
73985;202100047681;116 526;A01;1;7;0;2;3;13;1;
73986;202100047682;116 524;A01;2;7;2;0;2;21;1;
73987;202100047683;116 523;A01;2;7;0;1;1;15;1;
73988;202100047684;116 520;C01;2;7;0;2;3;2;1;
73989;202100047684;116 521;B01;2;7;0;2;6;2;6;
73990;202100047684;116 522;A01;1;7;0;2;1;13;1;
73991;202100047685;116 519;A01;2;7;13;0;1;1;1;
73992;202100047686;116 517;A01;1;7;0;2;3;1;1;
73993;202100047686;116 518;B01;3;50;0;2;2;19;3;
73994;202100047687;116 515;A01;3;10;0;2;6;4;1;
73995;202100047687;116 516;B01;3;7;0;0;2;23;1;
73996;202100047688;116 514;A01;2;7;16;0;1;26;1;
73997;202100047689;116 513;A01;2;7;6;0;2;0;0;
73998;202100047690;116 511;B01;1;1;0;2;0;26;5;
73999;202100047690;116 512;A01;1;1;0;2;0;1;5;
74000;202100047691;116 510;A01;1;32;14;0;1;14;1;
74001;202100047692;116 507;A01;2;7;3;2;6;9;1;
74002;202100047692;116 508;B01;2;14;0;2;2;1;1;
74003;202100047692;116 509;C01;2;34;0;2;7;17;1;
74004;202100047693;116 506;A01;2;7;0;0;1;13;1;
74005;202100047694;116 502;D01;1;15;0;2;4;23;1;
74006;202100047694;116 503;C01;1;10;0;2;1;1;1;
74007;202100047694;116 504;B01;1;10;1;2;1;1;1;
74008;202100047694;116 505;A01;1;7;0;2;1;1;1;
74009;202100047695;116 499;B01;1;7;0;2;4;1;1;
74010;202100047695;116 500;C01;1;10;0;2;4;1;1;
74011;202100047695;116 501;A01;1;10;0;2;1;1;1;
74012;202100047696;116 496;C01;1;7;0;2;4;1;1;
74013;202100047696;116 497;A01;1;7;0;2;1;1;1;
74014;202100047696;116 498;B01;1;7;0;2;4;1;1;
74015;202100047697;116 493;C01;2;7;0;2;3;1;0;
74016;202100047697;116 494;B01;2;7;0;2;4;1;0;
74017;202100047697;116 495;A01;2;33;0;2;1;1;0;
74018;202100047698;116 491;B01;1;7;0;2;4;0;1;
74019;202100047698;116 492;A01;1;10;0;2;1;2;1;
74020;202100047699;116 487;A01;2;17;0;2;1;11;1;
74021;202100047699;116 488;B01;2;7;0;2;0;2;1;
74022;202100047699;116 489;C01;2;7;0;2;1;2;1;
74023;202100047699;116 490;D01;2;10;0;2;1;2;1;
74024;202100047700;116 485;A01;2;7;0;2;7;2;1;
74025;202100047700;116 486;B01;2;7;0;2;7;1;1;
74026;202100047701;116 483;B01;2;7;0;2;5;2;2;
74027;202100047701;116 484;A01;2;10;0;2;3;1;1;
74028;202100047702;116 480;C01;2;7;0;2;4;2;1;
74029;202100047702;116 481;B01;2;33;0;2;1;3;1;
74030;202100047702;116 482;A01;2;10;0;2;2;12;1;
74031;202100047703;116 478;A01;2;7;0;2;2;2;1;
74032;202100047703;116 479;B01;2;32;0;2;8;0;1;
74033;202100047704;116 476;B01;1;1;0;2;4;13;5;
74034;202100047704;116 477;A01;1;10;0;2;1;2;1;
74035;202100047705;116 475;A01;1;7;0;1;1;1;1;
74036;202100047706;116 473;B01;2;7;0;9;7;2;6;
74037;202100047706;116 474;A01;1;2;0;2;1;26;6;
74038;202100047707;116 471;B01;1;2;0;2;7;1;1;
74039;202100047707;116 472;A01;1;7;0;2;1;15;2;
74040;202100047709;116 467;B01;3;1;0;2;3;1;5;
74041;202100047709;116 468;Z01;3;7;0;2;2;9;0;
74042;202100047710;116 465;A01;2;7;0;2;2;15;1;
74043;202100047710;116 466;B01;1;32;0;2;1;1;1;
74044;202100047711;116 463;A01;1;7;0;2;0;1;1;
74045;202100047711;116 464;B01;1;1;0;2;0;7;0;
74046;202100047713;116 459;A01;1;7;2;2;9;17;1;
74047;202100047713;116 460;B01;1;14;0;2;3;15;1;
74048;202100047714;116 457;A01;1;7;0;2;7;15;1;
74049;202100047714;116 458;B01;2;33;0;2;1;1;1;
74050;202100047715;116 456;A01;2;7;1;0;2;1;1;
74051;202100047717;116 452;B01;3;3;0;0;4;23;1;
74052;202100047717;116 453;A01;3;7;0;2;1;16;1;
74053;202100047718;116 450;A01;0;7;0;2;0;1;1;
74054;202100047718;116 451;B01;0;7;0;2;0;0;1;
74055;202100047719;116 448;B01;0;7;0;2;1;1;1;
74056;202100047719;116 449;A01;0;1;0;2;1;15;5;
74057;202100047720;116 447;A01;3;7;0;1;2;2;1;
74058;202100047721;116 446;A01;2;7;0;1;2;16;1;
74059;202100047722;116 444;A01;2;10;0;2;1;2;0;
74060;202100047722;116 445;B01;2;7;0;2;6;2;1;
74061;202100047723;116 443;A01;1;10;0;1;1;1;1;
74062;202100047725;116 439;A01;1;30;0;2;1;2;1;
74063;202100047725;116 440;B01;1;7;0;2;4;2;1;
74064;202100047726;116 437;B01;2;1;0;2;4;2;5;
74065;202100047726;116 438;A01;2;7;0;2;2;9;1;
74066;202100047729;116 432;B01;1;32;0;2;1;17;1;
74067;202100047729;116 433;A01;1;10;0;2;8;23;1;
74068;202100047732;116 428;A01;1;30;0;0;3;26;1;
74069;202100047733;116 426;B01;1;7;0;2;1;1;1;
74070;202100047733;116 427;A01;1;10;0;2;8;13;1;
74071;202100047734;116 424;B01;2;43;0;2;3;1;1;
74072;202100047734;116 425;A01;2;10;0;2;1;19;1;
74073;202100047735;116 423;A01;2;33;0;0;8;1;1;
74074;202100047736;116 422;A01;1;7;6;0;1;19;1;
74075;202100047737;116 420;A01;0;7;0;2;3;15;1;
74076;202100047737;116 421;B01;3;80;0;2;1;0;3;
74077;202100047738;116 418;A01;0;7;0;2;1;9;1;
74078;202100047738;116 419;B01;1;1;0;0;0;0;5;
74079;202100047739;116 417;A01;1;7;0;1;3;1;1;
74080;202100047740;116 415;B01;1;7;0;2;1;1;1;
74081;202100047740;116 416;A01;1;7;0;2;7;1;1;
74082;202100047742;116 411;A01;2;7;0;2;4;1;1;
74083;202100047742;116 412;B01;2;7;0;2;1;2;1;
74084;202100047743;116 409;B01;2;1;0;2;1;1;5;
74085;202100047743;116 410;A01;2;7;0;2;7;16;1;
74086;202100047744;116 408;A01;2;7;4;0;1;1;1;
74087;202100047745;116 406;A01;0;7;0;2;3;9;1;
74088;202100047745;116 407;B01;3;33;0;2;7;1;1;
74089;202100047746;116 405;A01;1;7;15;0;1;14;1;
74090;202100047747;116 404;A01;1;7;0;1;1;1;1;
74091;202100047748;116 402;B01;1;32;0;2;1;1;1;
74092;202100047748;116 403;A01;2;7;0;2;5;15;1;
74093;202100047749;116 398;B01;3;32;0;2;0;1;1;
74094;202100047749;116 399;A01;3;30;0;2;0;0;1;
74095;202100047750;116 396;A01;1;7;0;2;1;2;1;
74096;202100047750;116 397;B01;1;7;0;2;4;2;1;
74097;202100047751;116 393;A01;1;7;0;2;1;1;1;
74098;202100047751;116 394;C01;1;7;0;2;4;1;1;
74099;202100047751;116 395;B01;1;7;0;2;4;1;1;
74100;202100047752;116 392;A01;2;7;0;1;3;1;0;
74101;202100047753;116 389;B01;1;33;0;2;1;1;1;
74102;202100047753;116 390;A01;2;10;0;2;7;10;1;
74103;202100047754;116 387;A01;1;7;0;2;4;9;1;
74104;202100047754;116 388;B01;1;7;0;2;1;2;1;
74105;202100047755;116 386;A01;1;7;0;1;1;0;1;
74106;202100047756;116 384;A01;2;7;3;2;2;2;1;
74107;202100047756;116 385;B01;2;7;3;2;8;11;1;
74108;202100047757;116 382;A01;1;7;0;2;6;15;1;
74109;202100047757;116 383;B01;1;2;0;2;1;1;1;
74110;202100047758;116 380;A01;1;30;0;2;1;17;1;
74111;202100047758;116 381;B01;1;7;0;2;4;1;1;
74112;202100047759;116 379;A01;2;1;0;1;0;0;5;
74113;202100047761;116 375;B01;3;7;0;2;1;1;0;
74114;202100047761;116 376;A01;3;7;1;2;7;1;1;
74115;202100047762;116 373;B01;1;15;0;2;3;1;0;
74116;202100047762;116 374;A01;1;7;0;2;4;19;1;
74117;202100047763;116 371;B01;1;7;0;2;2;11;1;
74118;202100047763;116 372;A01;1;10;0;2;6;11;1;
74119;202100047764;116 368;A01;1;7;0;2;6;1;1;
74120;202100047764;116 369;B01;1;33;0;2;1;1;1;
74121;202100047766;116 365;B01;1;10;0;2;1;2;1;
74122;202100047766;116 366;A01;0;7;0;2;8;10;1;
74123;202100047767;116 364;A01;1;7;0;1;2;16;1;
74124;202100047768;116 362;B01;0;2;0;2;1;1;1;
74125;202100047768;116 363;A01;0;7;0;2;3;16;1;
74126;202100047769;116 361;A01;2;7;1;0;1;14;0;
74127;202100047770;116 360;A01;2;1;0;0;0;0;5;
74128;202100047771;116 359;A01;1;7;8;0;2;1;1;
74129;202100047772;116 358;A01;1;7;0;1;3;1;1;
74130;202100047773;116 356;A01;1;7;0;2;1;15;1;
74131;202100047773;116 357;B01;2;7;0;2;1;1;1;
74132;202100047774;116 355;A01;2;7;9;0;1;1;1;
74133;202100047775;116 353;A01;1;30;0;2;1;1;1;
74134;202100047775;116 354;B01;2;7;0;2;3;15;1;
74135;202100047776;116 352;A01;2;32;0;2;1;1;1;
74136;202100047777;116 351;A01;1;7;0;1;2;1;1;
74137;202100047778;116 348;A01;2;14;0;2;2;1;1;
74138;202100047778;116 349;C01;2;7;0;2;0;0;1;
74139;202100047778;116 350;B01;1;3;0;2;3;15;1;
74140;202100047779;116 346;A01;1;7;0;2;1;16;1;
74141;202100047779;116 347;B01;2;1;0;2;2;1;5;
74142;202100047780;116 344;B01;2;7;0;2;0;21;1;
74143;202100047780;116 345;A01;1;2;0;2;0;25;1;
74144;202100047781;116 342;A01;1;7;0;2;3;15;1;
74145;202100047781;116 343;B01;2;2;0;2;1;1;1;
74146;202100047782;116 340;A01;1;7;0;2;1;1;1;
74147;202100047782;116 341;B01;1;7;0;2;4;1;1;