;Num_Acc;id_vehicule;num_veh;senc;catv;obs;obsm;choc;manv;motor;occutc
74148;202100047783;116 338;B01;1;7;0;2;2;1;1;
74149;202100047783;116 339;A01;1;7;0;2;1;1;1;
74150;202100047784;116 336;B01;2;2;0;2;1;1;1;
74151;202100047784;116 337;A01;3;7;0;2;3;9;1;
74152;202100047785;116 334;A01;1;7;0;2;1;1;1;
74153;202100047785;116 335;B01;2;7;0;2;4;2;1;
74154;202100047786;116 333;A01;2;7;0;1;2;0;1;
74155;202100047787;116 331;B01;2;7;0;2;1;15;1;
74156;202100047787;116 332;A01;3;14;0;2;3;1;1;
74157;202100047788;116 330;A01;1;30;14;0;1;13;3;
74158;202100047789;116 328;B01;3;7;0;9;2;16;1;
74159;202100047789;116 329;A01;3;50;0;2;1;26;3;
74160;202100047790;116 327;A01;0;7;0;1;6;26;1;
74161;202100047791;116 325;B01;3;7;0;2;1;1;1;
74162;202100047791;116 326;A01;3;33;0;2;2;1;1;
74163;202100047792;116 324;A01;1;33;0;0;0;14;1;
74164;202100047793;116 323;A01;3;7;0;1;2;1;1;
74165;202100047794;116 322;A01;3;17;0;1;4;20;1;
74166;202100047795;116 321;A01;2;7;0;1;1;15;1;
74167;202100047796;116 319;A01;3;7;0;2;7;15;1;
74168;202100047796;116 320;B01;3;7;0;2;1;1;1;
74169;202100047797;116 318;A01;2;1;12;0;0;0;5;
74170;202100047798;116 316;B01;2;31;0;2;7;1;1;
74171;202100047798;116 317;A01;1;10;0;2;2;19;1;
74172;202100047800;116 312;A01;1;7;0;2;3;24;1;
74173;202100047800;116 313;B01;1;7;1;0;2;1;1;
74174;202100047801;116 311;A01;1;10;0;1;8;17;1;
74175;202100047802;116 309;B01;1;7;0;2;0;2;1;
74176;202100047802;116 310;A01;1;7;0;2;2;2;1;
74177;202100047803;116 308;A01;3;30;0;1;1;1;1;
74178;202100047804;116 306;B01;1;1;0;2;8;1;0;
74179;202100047804;116 307;A01;2;7;0;2;2;15;1;
74180;202100047805;116 303;C01;2;7;0;2;1;24;1;
74181;202100047805;116 304;B01;1;7;0;2;1;1;1;
74182;202100047805;116 305;A01;1;7;0;2;2;15;1;
74183;202100047806;116 301;B01;3;7;0;2;2;9;1;
74184;202100047806;116 302;A01;2;2;0;2;7;1;1;
74185;202100047807;116 300;A01;2;7;0;1;7;1;1;
74186;202100047808;116 298;A01;1;10;0;2;1;1;1;
74187;202100047808;116 299;B01;1;7;0;2;4;1;1;
74188;202100047809;116 296;B01;1;7;0;2;2;1;1;
74189;202100047809;116 297;A01;2;30;0;2;0;5;1;
74190;202100047810;116 295;A01;2;7;0;1;4;4;1;
74191;202100047811;116 293;A01;3;7;1;2;6;9;1;
74192;202100047811;116 294;B01;3;10;1;2;1;17;0;
74193;202100047812;116 291;B01;2;32;0;2;1;1;1;
74194;202100047812;116 292;A01;1;7;0;2;3;15;1;
74195;202100047813;116 289;A01;2;43;0;2;1;1;1;
74196;202100047813;116 290;B01;2;7;0;2;3;15;1;
74197;202100047814;116 287;B01;2;7;0;2;3;1;1;
74198;202100047814;116 288;A01;1;7;0;2;3;13;1;
74199;202100047815;116 286;A01;1;7;2;0;1;14;1;
74200;202100047816;116 284;A01;1;7;0;2;1;1;0;
74201;202100047816;116 285;B01;2;7;0;2;1;1;1;
74202;202100047818;116 281;A01;2;7;0;1;3;1;1;
74203;202100047819;116 279;A01;1;7;0;2;3;15;1;
74204;202100047819;116 280;B01;1;2;0;2;1;15;1;
74205;202100047821;116 276;A01;2;7;0;1;2;2;1;
74206;202100047822;116 274;A01;1;30;1;2;1;18;1;
74207;202100047822;116 275;B01;1;7;0;2;1;20;0;
74208;202100047823;116 271;C01;1;7;0;2;3;1;1;
74209;202100047823;116 272;B01;2;7;0;2;6;16;1;
74210;202100047823;116 273;A01;2;30;0;2;1;17;1;
74211;202100047824;116 269;A01;1;10;0;2;1;2;1;
74212;202100047824;116 270;B01;1;7;0;2;4;23;1;
74213;202100047825;116 267;B01;1;33;0;2;1;1;1;
74214;202100047825;116 268;A01;1;7;0;2;6;11;1;
74215;202100047827;116 265;A01;1;30;0;0;0;1;1;
74216;202100047828;116 263;A01;1;7;0;2;1;1;1;
74217;202100047828;116 264;B01;2;43;0;2;8;9;1;
74218;202100047829;116 262;A01;1;10;0;1;1;15;1;
74219;202100047830;116 260;B01;2;32;0;2;1;1;1;
74220;202100047830;116 261;A01;1;7;0;2;5;10;1;
74221;202100047832;116 258;A01;1;33;0;1;1;1;1;
74222;202100047834;116 255;A01;1;7;14;2;6;17;1;
74223;202100047834;116 256;B01;3;7;1;2;1;15;1;
74224;202100047835;116 253;A01;2;7;0;2;4;2;1;
74225;202100047835;116 254;B01;2;7;0;2;1;2;0;
74226;202100047836;116 252;A01;2;32;0;1;1;13;0;
74227;202100047838;116 249;A01;1;7;0;1;1;15;1;
74228;202100047839;116 248;B01;3;0;0;1;7;0;1;
74229;202100047840;116 246;B01;3;7;0;2;8;1;1;
74230;202100047840;116 247;A01;3;30;0;2;2;3;1;
74231;202100047841;116 244;A01;3;7;0;2;8;15;1;
74232;202100047841;116 245;B01;3;10;0;2;2;1;1;
74233;202100047843;116 240;A01;2;33;0;2;1;1;1;
74234;202100047843;116 241;B01;1;7;0;2;2;15;1;
74235;202100047844;116 238;B01;1;1;0;2;1;1;5;
74236;202100047844;116 239;A01;2;7;0;9;7;1;1;
74237;202100047846;116 234;A01;1;30;0;2;7;17;1;
74238;202100047846;116 235;B01;1;7;0;2;8;15;1;
74239;202100047848;116 230;A01;2;2;0;2;1;2;1;
74240;202100047848;116 231;B01;2;33;0;2;4;1;1;
74241;202100047849;116 228;A01;1;7;0;2;3;9;1;
74242;202100047849;116 229;B01;3;50;0;2;2;9;3;
74243;202100047851;116 225;B01;3;99;0;2;1;19;0;
74244;202100047851;116 226;A01;3;7;0;2;1;1;1;
74245;202100047852;116 224;A01;2;7;10;0;2;6;1;
74246;202100047853;116 223;A01;1;31;0;0;0;2;1;
74247;202100047854;116 220;C01;1;7;0;2;3;1;1;
74248;202100047854;116 221;B01;1;7;0;2;1;1;1;
74249;202100047854;116 222;A01;1;7;0;2;1;5;1;
74250;202100047855;116 219;A01;3;2;1;0;1;1;1;
74251;202100047856;116 218;A01;0;31;0;0;0;21;1;
74252;202100047857;116 216;A01;1;7;0;2;1;1;1;
74253;202100047857;116 217;B01;0;7;0;2;7;19;1;
74254;202100047858;116 214;A01;0;7;0;2;2;11;1;
74255;202100047858;116 215;B01;2;7;0;2;2;1;1;
74256;202100047859;116 213;A01;3;32;0;0;0;1;1;
74257;202100047860;116 211;B01;2;7;15;0;8;1;1;
74258;202100047860;116 212;A01;1;7;0;2;7;1;1;
74259;202100047861;116 210;A01;2;7;0;0;9;1;1;
74260;202100047862;116 208;A01;1;7;0;2;1;13;1;
74261;202100047862;116 209;B01;2;10;0;2;1;1;1;
74262;202100047863;116 206;B01;0;7;0;0;6;0;1;
74263;202100047863;116 207;A01;0;33;0;2;1;0;1;
74264;202100047864;116 204;A01;1;34;0;2;8;1;1;
74265;202100047864;116 205;B01;2;10;0;2;6;9;1;
74266;202100047865;116 202;A01;2;10;0;2;3;13;1;
74267;202100047865;116 203;B01;1;37;0;2;3;26;1;1.0
74268;202100047866;116 200;B01;1;7;0;2;1;1;1;
74269;202100047866;116 201;A01;2;7;0;2;3;5;1;
74270;202100047867;116 199;A01;2;7;0;1;7;1;1;
74271;202100047868;116 197;B01;2;14;0;2;1;1;1;
74272;202100047868;116 198;A01;1;7;0;2;1;0;1;
74273;202100047869;116 195;B01;1;1;0;2;1;1;5;
74274;202100047869;116 196;A01;1;1;0;2;4;1;5;
74275;202100047870;116 193;A01;1;1;0;2;1;1;5;
74276;202100047870;116 194;B01;2;7;0;0;7;15;1;
74277;202100047871;116 190;A01;2;15;0;0;0;1;0;
74278;202100047871;116 191;C01;1;7;0;9;1;1;0;
74279;202100047871;116 192;B01;1;7;0;9;6;1;1;
74280;202100047872;116 170;A01;2;7;0;0;0;17;1;
74281;202100047872;116 171;B01;1;7;3;9;3;13;1;
74282;202100047872;116 172;K01;2;1;0;2;0;1;5;
74283;202100047872;116 173;L01;2;1;0;9;0;1;5;
74284;202100047872;116 174;M01;2;1;0;9;0;1;5;
74285;202100047872;116 175;O01;2;1;0;9;0;1;5;
74286;202100047872;116 176;P01;2;1;0;0;0;1;5;
74287;202100047872;116 177;Q01;2;1;0;9;0;1;5;
74288;202100047872;116 178;R01;2;1;0;0;0;1;5;
74289;202100047872;116 179;S01;2;1;0;0;0;1;5;
74290;202100047872;116 180;T01;2;1;0;0;0;1;5;
74291;202100047872;116 181;C01;2;1;0;0;0;1;5;
74292;202100047872;116 182;D01;2;1;0;2;0;1;5;
74293;202100047872;116 183;E01;2;1;0;2;0;1;5;
74294;202100047872;116 184;F01;2;1;0;2;0;1;5;
74295;202100047872;116 185;G01;2;1;0;2;0;1;5;
74296;202100047872;116 186;H01;2;1;0;2;1;1;5;
74297;202100047872;116 187;I01;2;1;0;2;1;0;5;
74298;202100047872;116 188;J01;2;1;0;2;1;0;5;
74299;202100047872;116 189;N01;2;1;0;9;0;1;5;
74300;202100047873;116 169;B01;2;7;1;0;1;2;1;
74301;202100047874;116 167;B01;2;7;0;2;2;0;1;
74302;202100047874;116 168;A01;1;7;0;2;2;13;1;
74303;202100047875;116 166;A01;1;33;0;0;8;1;1;
74304;202100047876;116 164;A01;2;7;3;2;2;17;1;
74305;202100047876;116 165;B01;1;7;0;2;2;1;1;
74306;202100047877;116 162;A01;1;2;0;2;3;1;1;
74307;202100047877;116 163;B01;2;7;0;2;2;15;1;
74308;202100047880;116 158;B01;2;7;7;2;3;2;1;
74309;202100047880;116 159;A01;1;7;7;2;2;2;1;
74310;202100047881;116 156;A01;3;2;0;2;1;13;1;
74311;202100047881;116 157;B01;3;7;0;2;3;1;1;
74312;202100047882;116 154;B01;2;34;0;0;2;2;1;
74313;202100047882;116 155;A01;0;7;0;2;1;9;1;
74314;202100047883;116 149;A01;2;7;0;2;1;13;1;
74315;202100047883;116 150;B01;1;7;0;2;1;1;1;
74316;202100047884;116 147;A01;2;10;0;2;4;1;1;
74317;202100047884;116 148;B01;2;7;0;2;1;2;1;
74318;202100047885;116 146;A01;2;31;14;0;3;1;1;
74319;202100047886;116 143;A01;1;43;0;0;0;26;1;
74320;202100047886;116 144;B01;1;7;0;0;0;0;1;
74321;202100047886;116 145;C01;1;7;0;0;0;0;1;
74322;202100047887;116 142;A01;1;7;4;0;1;14;1;
74323;202100047888;116 140;A01;1;7;0;2;8;11;1;
74324;202100047888;116 141;B01;1;15;0;2;2;1;1;
74325;202100047889;116 137;C01;2;10;0;2;1;2;1;
74326;202100047889;116 138;A01;2;34;0;2;1;2;1;
74327;202100047889;116 139;B01;2;7;0;2;4;2;1;
74328;202100047890;116 135;A01;1;7;0;2;1;1;1;
74329;202100047890;116 136;B01;1;7;0;2;4;2;1;
74330;202100047891;116 134;A01;2;7;3;0;1;13;1;
74331;202100047893;116 128;D01;2;7;0;2;3;2;1;
74332;202100047893;116 129;C01;2;33;0;2;1;2;1;
74333;202100047893;116 130;B01;2;7;0;2;6;13;2;
74334;202100047893;116 131;A01;2;14;0;2;2;2;1;
74335;202100047894;116 125;A01;2;31;0;1;7;1;1;
74336;202100047895;116 124;A01;2;30;0;1;1;1;1;
74337;202100047896;116 122;A01;3;7;0;2;5;1;1;
74338;202100047896;116 123;B01;3;7;0;2;1;1;1;
74339;202100047897;116 120;A01;1;2;0;2;1;2;1;
74340;202100047897;116 121;B01;1;7;0;2;4;15;1;
74341;202100047898;116 118;B01;1;7;0;2;7;16;1;
74342;202100047898;116 119;A01;1;2;0;2;1;9;1;
74343;202100047899;116 115;A01;2;7;1;0;1;1;1;
74344;202100047899;116 116;B01;1;7;1;2;4;0;1;
74345;202100047899;116 117;C01;2;7;0;2;0;0;1;
74346;202100047901;116 112;A01;2;7;8;0;1;1;1;
74347;202100047902;116 111;A01;2;7;8;0;3;17;1;
74348;202100047903;116 110;A01;2;7;4;0;1;13;1;
74349;202100047904;116 108;B01;1;7;0;2;3;1;1;
74350;202100047904;116 109;A01;2;7;0;2;6;19;0;
74351;202100047905;116 106;A01;1;7;0;2;3;9;1;
74352;202100047905;116 107;B01;2;33;0;2;7;2;1;
74353;202100047906;116 105;A01;2;2;0;0;0;0;1;
74354;202100047907;116 103;B01;1;7;0;2;1;1;1;
74355;202100047907;116 104;A01;1;7;0;2;4;9;1;
74356;202100047908;116 101;Z01;2;7;0;2;4;23;0;
74357;202100047908;116 102;A01;2;7;0;2;1;1;1;
74358;202100047909;116 098;C01;2;7;0;9;3;23;1;
74359;202100047909;116 099;A01;2;7;0;2;3;15;1;
74360;202100047909;116 100;B01;1;34;14;2;1;1;1;
74361;202100047912;116 095;A01;2;7;0;1;1;15;1;
74362;202100047913;116 093;A01;1;7;0;2;2;17;1;
74363;202100047913;116 094;B01;1;15;0;2;3;1;1;
74364;202100047914;116 087;A01;2;7;0;2;1;2;1;
74365;202100047914;116 088;B01;2;7;0;2;4;2;1;
74366;202100047914;116 089;C01;2;7;0;2;4;2;1;
74367;202100047914;116 090;D01;2;7;0;2;4;2;1;
74368;202100047914;116 091;E01;2;7;0;2;4;2;1;
74369;202100047915;116 085;A01;1;17;0;2;7;0;1;
74370;202100047915;116 086;B01;1;7;0;2;8;0;1;
74371;202100047916;116 083;A01;3;7;0;2;1;9;1;
74372;202100047916;116 084;B01;3;7;0;2;8;1;1;
74373;202100047917;116 081;A01;2;7;0;2;1;19;1;
74374;202100047917;116 082;B01;1;7;0;2;8;1;1;
74375;202100047918;116 080;A01;2;7;0;1;1;1;1;
74376;202100047919;116 079;A01;2;7;6;0;2;14;1;
74377;202100047920;116 078;A01;1;7;8;0;1;13;2;
74378;202100047921;116 076;A01;2;7;0;2;1;1;1;
74379;202100047921;116 077;B01;2;30;0;0;4;23;1;
74380;202100047922;116 075;A01;2;7;0;1;8;1;1;
74381;202100047923;116 073;A01;1;7;0;2;1;26;1;
74382;202100047923;116 074;B01;1;37;0;2;4;2;1;1.0
74383;202100047924;116 072;A01;3;33;13;0;1;1;1;
74384;202100047925;116 070;B01;2;7;0;2;6;1;1;
74385;202100047925;116 071;A01;2;33;0;2;1;2;1;
74386;202100047927;116 067;A01;1;7;0;2;4;2;1;
74387;202100047927;116 068;B01;1;7;0;2;1;2;1;
74388;202100047928;116 065;A01;1;7;0;2;6;10;1;
74389;202100047928;116 066;B01;2;7;0;2;1;1;1;
74390;202100047929;116 063;B01;2;7;0;2;3;1;1;
74391;202100047929;116 064;A01;1;14;13;2;3;1;1;
74392;202100047930;116 061;B01;2;1;0;2;1;1;5;
74393;202100047930;116 062;A01;2;7;0;9;3;15;1;
74394;202100047931;116 060;A01;2;7;0;1;2;1;1;
74395;202100047933;116 058;A01;1;7;3;0;8;1;1;
74396;202100047934;116 056;B01;2;7;0;2;6;1;1;
74397;202100047934;116 057;A01;2;7;0;2;1;2;1;
74398;202100047935;116 054;A01;1;7;0;2;1;17;1;
74399;202100047935;116 055;B01;2;7;0;2;1;1;1;
74400;202100047936;116 052;A01;2;7;9;2;1;1;1;
74401;202100047936;116 053;B01;2;7;9;2;1;1;1;
74402;202100047937;116 051;A01;1;7;0;1;1;1;1;
74403;202100047938;116 049;B01;2;7;0;2;8;0;2;
74404;202100047938;116 050;A01;1;7;0;2;1;13;1;
74405;202100047939;116 047;B01;3;31;0;2;1;2;1;
74406;202100047939;116 048;A01;3;7;0;2;1;10;1;
74407;202100047940;116 046;A01;1;33;4;0;1;1;1;
74408;202100047941;116 044;A01;0;31;0;2;1;2;1;
74409;202100047941;116 045;B01;0;7;0;2;4;2;1;
74410;202100047942;116 042;B01;1;80;0;2;7;1;3;
74411;202100047942;116 043;A01;1;7;0;2;6;9;1;
74412;202100047943;116 041;A01;1;2;0;0;7;1;1;
74413;202100047944;116 038;B01;2;10;0;2;2;2;3;
74414;202100047944;116 039;A01;2;7;0;2;6;21;1;
74415;202100047945;116 036;A01;1;7;0;2;1;26;1;
74416;202100047945;116 037;B01;1;2;0;2;4;1;1;
74417;202100047947;116 032;B01;3;32;0;2;2;3;1;
74418;202100047947;116 033;A01;3;7;0;2;3;15;1;
74419;202100047948;116 030;A01;3;10;0;2;1;26;1;
74420;202100047948;116 031;B01;3;7;0;2;4;26;1;
74421;202100047949;116 029;A01;1;7;8;0;2;1;1;
74422;202100047951;116 025;A01;0;7;0;2;8;15;1;
74423;202100047951;116 026;B01;0;2;0;2;1;1;1;
74424;202100047952;116 023;A01;1;31;0;2;2;3;1;
74425;202100047952;116 024;B01;1;7;0;2;6;11;1;
74426;202100047953;116 022;A01;2;31;1;0;2;14;1;
74427;202100047954;116 021;A01;1;7;0;1;2;1;1;
74428;202100047955;116 019;B01;1;7;0;2;3;22;1;
74429;202100047955;116 020;A01;1;50;0;2;1;1;3;
74430;202100047956;116 017;A01;2;33;0;2;3;1;1;
74431;202100047956;116 018;B01;3;7;0;2;2;1;1;
74432;202100047957;116 015;A01;2;1;0;2;1;5;5;
74433;202100047957;116 016;B01;1;7;0;2;3;1;1;
74434;202100047958;116 014;A01;1;7;0;1;1;1;1;
74435;202100047959;116 012;A01;1;1;0;2;5;1;5;
74436;202100047959;116 013;B01;1;7;0;2;1;1;1;
74437;202100047960;116 010;B01;2;37;0;2;2;1;1;1.0
74438;202100047960;116 011;A01;1;33;0;2;1;13;1;
74439;202100047961;116 008;A01;3;37;0;2;6;16;2;1.0
74440;202100047961;116 009;B01;3;37;1;0;5;24;1;2.0
74441;202100047962;116 007;A01;0;7;0;1;2;1;1;
74442;202100047963;116 006;A01;3;7;0;1;7;1;1;
74443;202100047964;116 005;A01;1;7;0;1;3;1;1;
74444;202100047965;116 003;A01;1;7;0;9;6;23;1;
74445;202100047965;116 004;B01;1;33;14;0;2;17;0;
74446;202100047966;116 001;A01;1;7;0;2;2;17;1;
74447;202100047966;116 002;B01;1;7;0;2;4;15;1;
74448;202100047967;116 000;A01;3;33;1;0;1;26;1;
74449;202100047969;115 996;B01;1;30;0;2;7;16;1;
74450;202100047969;115 997;A01;1;7;0;2;3;16;1;
74451;202100047970;115 993;C01;2;7;0;2;4;23;1;
74452;202100047970;115 994;B01;2;7;1;2;1;23;1;
74453;202100047970;115 995;A01;2;10;0;2;1;2;1;
74454;202100047971;115 992;A01;3;7;1;0;2;26;1;
74455;202100047972;115 990;B01;1;37;0;2;4;1;1;2.0
74456;202100047972;115 991;A01;1;14;0;2;1;2;1;
74457;202100047973;115 988;A01;2;7;0;2;3;2;1;
74458;202100047973;115 989;B01;2;33;0;2;2;2;1;
74459;202100047974;115 987;A01;1;7;1;0;3;1;1;
74460;202100047975;115 986;B01;1;1;0;2;1;1;0;
74461;202100047976;115 985;A01;2;43;0;0;0;1;1;
74462;202100047978;115 981;A01;2;7;6;2;2;17;1;
74463;202100047978;115 982;B01;2;7;0;2;3;1;1;
74464;202100047979;115 979;A01;1;7;0;9;3;1;1;
74465;202100047979;115 980;B01;2;1;0;2;7;1;5;
74466;202100047980;115 977;A01;3;1;15;2;1;1;6;
74467;202100047980;115 978;B01;3;7;0;9;1;1;1;
74468;202100047981;115 975;B01;1;33;0;2;1;2;1;
74469;202100047981;115 976;A01;1;10;0;2;6;10;1;
74470;202100047982;115 974;A01;1;7;0;9;2;0;1;
74471;202100047983;115 973;A01;2;33;0;0;1;13;1;
74472;202100047984;115 971;A01;1;7;9;2;3;1;1;
74473;202100047984;115 972;B01;2;7;0;2;2;15;1;
74474;202100047985;115 968;A01;1;33;0;2;1;0;1;
74475;202100047985;115 969;B01;2;7;6;2;3;1;1;
74476;202100047986;115 966;B01;2;10;0;2;1;1;1;
74477;202100047986;115 967;A01;1;7;0;2;1;13;1;
74478;202100047987;115 963;A01;3;1;0;2;8;18;5;
74479;202100047987;115 964;C01;3;7;0;2;3;1;1;
74480;202100047987;115 965;B01;3;7;0;2;2;15;1;
74481;202100047988;115 962;A01;2;7;6;0;0;13;1;
74482;202100047989;115 960;A01;2;7;0;2;7;19;1;
74483;202100047989;115 961;B01;2;7;0;2;1;1;1;
74484;202100047990;115 958;A01;1;14;0;2;2;1;1;
74485;202100047990;115 959;B01;1;1;0;2;8;19;5;
74486;202100047991;115 956;A01;1;7;17;0;2;14;1;
74487;202100047993;115 954;A01;2;33;0;0;0;0;1;
74488;202100047994;115 952;B01;0;1;0;2;8;16;0;
74489;202100047994;115 953;A01;0;7;0;2;8;1;1;
74490;202100047995;115 950;A01;1;7;0;2;3;13;1;
74491;202100047995;115 951;B01;2;7;0;2;3;1;1;
74492;202100047996;115 948;A01;2;2;1;0;2;2;1;
74493;202100047996;115 949;B01;2;7;0;0;6;24;1;
74494;202100047997;115 946;B01;2;7;0;2;1;1;1;
74495;202100047997;115 947;A01;0;7;0;2;8;19;1;
74496;202100047998;115 939;A01;3;7;2;0;0;1;1;
74497;202100047999;115 938;A01;1;7;0;1;2;15;1;
74498;202100048000;115 937;A01;2;7;3;0;1;13;1;
74499;202100048001;115 936;A01;2;7;15;0;1;21;1;
74500;202100048002;115 935;A01;1;7;6;0;6;1;1;
74501;202100048003;115 933;A01;2;7;0;2;1;2;1;
74502;202100048003;115 934;B01;2;7;0;2;4;2;1;
74503;202100048004;115 932;A01;1;7;10;0;1;14;1;
74504;202100048005;115 931;A01;1;33;0;0;7;1;1;
74505;202100048006;115 930;A01;1;7;4;0;3;1;1;
74506;202100048007;115 928;B01;1;33;0;2;3;1;1;
74507;202100048007;115 929;A01;1;10;0;2;2;12;1;
74508;202100048008;115 927;A01;2;7;3;0;1;1;1;
74509;202100048009;115 925;A01;1;7;0;2;1;2;1;
74510;202100048009;115 926;B01;1;43;3;2;4;2;1;
74511;202100048010;115 923;A01;1;7;0;2;1;14;1;
74512;202100048010;115 924;B01;1;7;0;2;4;1;1;
74513;202100048011;115 922;A01;2;7;3;0;9;0;1;
74514;202100048012;115 921;A01;1;7;17;0;1;13;1;
74515;202100048013;115 919;A01;1;7;0;2;3;9;1;
74516;202100048013;115 920;B01;1;33;0;2;2;1;1;
74517;202100048014;115 918;A01;2;40;0;1;2;1;3;
74518;202100048015;115 917;A01;1;32;0;1;1;2;1;
74519;202100048016;115 915;A01;2;7;0;2;1;2;1;
74520;202100048016;115 916;B01;2;7;0;2;4;2;1;
74521;202100048017;115 913;B01;1;30;0;2;1;1;1;
74522;202100048017;115 914;A01;2;7;0;2;7;15;1;
74523;202100048018;115 911;A01;3;1;1;0;5;1;5;
74524;202100048018;115 912;B01;3;7;1;2;5;24;1;
74525;202100048019;115 910;A01;1;7;0;1;7;16;1;
74526;202100048020;115 909;A01;1;7;0;1;1;1;1;
74527;202100048021;115 908;A01;2;30;16;0;1;26;0;
74528;202100048022;115 907;A01;3;31;0;1;1;1;1;
74529;202100048023;115 904;A01;0;7;1;0;1;23;2;
74530;202100048023;115 905;C01;0;7;0;0;4;24;1;
74531;202100048023;115 906;B01;0;7;1;0;4;23;1;
74532;202100048024;115 900;B01;1;1;0;2;8;1;5;
74533;202100048024;115 901;A01;1;10;0;2;1;1;1;
74534;202100048025;115 898;B01;1;33;0;2;3;1;1;
74535;202100048025;115 899;A01;2;7;0;2;3;15;1;
74536;202100048026;115 896;A01;0;7;0;2;3;20;1;
74537;202100048026;115 897;B01;0;7;0;2;5;20;0;
74538;202100048027;115 895;A01;3;7;0;1;0;9;1;
74539;202100048028;115 893;A01;1;7;0;2;3;1;1;
74540;202100048028;115 894;B01;1;7;0;2;6;15;1;
74541;202100048029;115 890;A01;2;7;0;2;2;19;1;
74542;202100048029;115 891;B01;1;1;0;2;1;1;5;
74543;202100048029;115 892;C01;1;1;0;2;1;1;5;
74544;202100048030;115 889;A01;1;7;4;0;1;14;1;
74545;202100048031;115 888;A01;2;32;8;0;1;25;1;
74546;202100048032;115 886;A01;1;30;0;2;3;11;1;
74547;202100048032;115 887;B01;1;7;0;2;2;1;1;
74548;202100048033;115 884;A01;1;7;0;2;2;1;1;
74549;202100048033;115 885;B01;1;50;0;2;3;1;3;
74550;202100048034;115 882;B01;3;32;0;2;3;1;1;
74551;202100048034;115 883;A01;3;10;0;2;5;16;1;
74552;202100048035;115 880;A01;2;30;0;2;2;1;1;
74553;202100048035;115 881;B01;2;33;0;2;8;1;1;
74554;202100048036;115 878;B01;2;7;0;2;2;16;1;
74555;202100048036;115 879;A01;2;32;0;2;3;18;1;
74556;202100048037;115 876;B01;2;30;0;2;8;17;3;
74557;202100048037;115 877;A01;1;7;0;2;8;22;1;
74558;202100048038;115 874;Z01;1;1;0;2;0;13;5;
74559;202100048038;115 875;A01;1;50;1;2;1;21;3;
74560;202100048039;115 873;A01;2;30;1;0;7;14;1;
74561;202100048040;115 871;Z01;3;30;0;2;0;1;0;
74562;202100048040;115 872;A01;1;30;0;2;7;1;1;
74563;202100048041;115 870;A01;1;43;1;0;7;21;1;
74564;202100048042;115 868;B01;2;7;0;2;5;23;1;
74565;202100048042;115 869;A01;2;31;0;2;1;2;1;
74566;202100048043;115 867;A01;1;30;0;0;0;1;1;
74567;202100048045;115 864;V01;0;1;0;1;1;1;5;
74568;202100048046;115 863;A01;2;10;8;0;1;26;0;
74569;202100048047;115 861;B01;0;7;0;2;2;12;2;
74570;202100048047;115 862;A01;0;99;0;2;3;26;1;
74571;202100048048;115 859;B01;1;7;1;2;8;20;1;
74572;202100048048;115 860;A01;1;7;1;2;1;1;1;
74573;202100048049;115 857;B01;2;7;7;0;4;2;1;
74574;202100048049;115 858;A01;2;7;7;2;1;2;1;
74575;202100048050;115 855;B01;3;7;0;9;4;1;0;
74576;202100048050;115 856;A01;0;32;0;2;1;2;1;
74577;202100048051;115 853;B01;1;7;0;2;3;15;1;
74578;202100048051;115 854;A01;1;7;6;1;1;1;1;
74579;202100048052;115 851;A01;1;7;0;2;1;13;1;
74580;202100048052;115 852;B01;2;37;0;2;1;1;1;4.0
74581;202100048053;115 849;A01;1;33;0;2;6;26;1;
74582;202100048053;115 850;B01;1;7;0;2;2;12;1;
74583;202100048054;115 847;B01;2;7;0;2;2;1;2;
74584;202100048054;115 848;A01;1;7;13;2;1;1;1;
74585;202100048055;115 846;A01;2;7;4;0;8;2;2;
74586;202100048056;115 843;A01;1;7;0;2;2;15;1;
74587;202100048056;115 844;B01;2;7;0;2;1;1;1;
74588;202100048056;115 845;C01;1;7;0;2;3;1;1;
74589;202100048057;115 841;B01;1;15;0;0;8;1;1;
74590;202100048057;115 842;A01;1;7;4;2;8;1;1;
74591;202100048058;115 840;A01;2;7;13;0;3;0;1;
74592;202100048059;115 839;A01;1;10;13;0;9;1;1;
74593;202100048060;115 836;A01;2;7;0;0;4;23;1;
74594;202100048060;115 837;B01;2;7;0;2;4;23;1;
74595;202100048060;115 838;C01;2;33;1;0;1;2;1;
74596;202100048061;115 835;A01;2;7;13;0;1;0;1;
74597;202100048062;115 833;A01;1;7;0;2;5;5;1;
74598;202100048062;115 834;B01;2;14;0;2;1;1;1;
74599;202100048063;115 831;A01;2;7;0;2;3;13;1;
74600;202100048063;115 832;B01;2;10;0;2;3;1;1;
74601;202100048064;115 830;A01;1;10;0;1;3;15;1;
74602;202100048066;115 828;A01;1;7;6;0;1;1;1;
74603;202100048067;115 827;A01;2;7;13;0;2;19;1;
74604;202100048068;115 825;A01;1;7;0;0;0;17;1;
74605;202100048068;115 826;B01;1;33;0;0;0;17;1;
74606;202100048069;115 823;A01;1;7;0;2;3;13;1;
74607;202100048069;115 824;B01;2;7;0;2;3;1;1;
74608;202100048070;115 822;A01;2;7;6;0;3;0;1;
74609;202100048071;115 821;A01;1;33;2;0;2;2;1;