;Num_Acc;id_vehicule;num_veh;senc;catv;obs;obsm;choc;manv;motor;occutc
75534;202100048688;114 725;B01;1;3;0;2;0;24;3;
75535;202100048689;114 721;C01;2;7;0;2;8;1;1;
75536;202100048689;114 722;A01;1;30;0;2;1;1;1;
75537;202100048689;114 723;B01;1;32;0;2;1;1;1;
75538;202100048690;114 720;A01;1;34;0;1;2;2;1;
75539;202100048691;114 718;B01;2;32;1;0;1;2;1;
75540;202100048691;114 719;A01;2;15;0;2;6;24;1;
75541;202100048692;114 717;A01;0;30;0;0;0;1;1;
75542;202100048693;114 716;A01;2;10;0;1;2;1;1;
75543;202100048694;114 715;A01;2;30;1;1;1;1;3;
75544;202100048695;114 713;A01;3;7;0;2;6;15;1;
75545;202100048695;114 714;B01;3;32;0;2;7;17;1;
75546;202100048696;114 711;B01;2;50;0;2;1;1;3;
75547;202100048696;114 712;A01;1;7;0;2;5;15;2;
75548;202100048697;114 709;A01;3;34;0;2;1;17;1;
75549;202100048697;114 710;B01;3;7;0;2;8;10;1;
75550;202100048698;114 707;B01;1;7;1;1;0;23;1;
75551;202100048698;114 708;A01;1;7;0;2;1;1;2;
75552;202100048699;114 706;A01;1;7;0;1;2;1;1;
75553;202100048701;114 703;A01;1;1;0;2;1;19;5;
75554;202100048701;114 704;B01;1;7;0;2;6;15;1;
75555;202100048702;114 701;A01;2;7;0;2;8;22;1;
75556;202100048702;114 702;B01;1;1;0;2;1;1;5;
75557;202100048703;114 699;A01;1;7;0;2;1;1;1;
75558;202100048703;114 700;B01;1;7;0;2;1;11;1;
75559;202100048704;114 698;A01;1;7;0;1;3;1;1;
75560;202100048705;114 697;A01;2;7;1;1;3;1;1;
75561;202100048706;114 695;A01;2;33;0;2;1;5;1;
75562;202100048706;114 696;B01;1;7;0;2;1;1;1;
75563;202100048707;114 693;B01;2;10;1;0;1;0;1;
75564;202100048707;114 694;A01;2;7;1;0;0;0;2;
75565;202100048708;114 692;A01;1;7;1;2;7;2;1;
75566;202100048709;114 691;A01;3;7;0;1;2;2;0;
75567;202100048711;114 687;A01;2;10;0;2;2;1;1;
75568;202100048711;114 688;B01;2;99;0;2;3;9;0;
75569;202100048712;114 686;A01;2;34;0;1;0;17;0;
75570;202100048713;114 685;A01;2;7;1;1;3;17;1;
75571;202100048714;114 683;B01;1;30;0;0;0;0;1;
75572;202100048714;114 684;A01;1;7;0;0;1;15;1;
75573;202100048715;114 682;A01;0;7;0;1;2;9;1;
75574;202100048716;114 681;A01;3;7;15;2;1;13;1;
75575;202100048717;114 679;B01;1;60;0;2;7;19;5;
75576;202100048717;114 680;A01;1;30;0;2;1;18;1;
75577;202100048718;114 677;A01;3;7;0;2;1;15;1;
75578;202100048718;114 678;B01;2;1;0;2;1;1;5;
75579;202100048719;114 675;A01;2;17;0;2;8;16;1;
75580;202100048719;114 676;B01;2;33;0;0;0;1;1;
75581;202100048720;114 674;A01;2;7;0;1;0;1;0;
75582;202100048721;114 671;B01;1;32;0;2;1;1;1;
75583;202100048721;114 672;C01;1;7;0;2;7;14;1;
75584;202100048721;114 673;Z01;2;7;0;2;1;15;0;
75585;202100048722;114 669;B01;1;7;0;2;1;15;1;
75586;202100048722;114 670;A01;2;10;0;2;2;1;1;
75587;202100048723;114 667;B01;2;7;0;2;5;1;1;
75588;202100048723;114 668;A01;2;7;0;2;1;1;1;
75589;202100048724;114 666;A01;3;2;13;0;1;1;1;
75590;202100048725;114 665;A01;1;10;0;0;0;13;1;
75591;202100048726;114 663;B01;2;1;0;2;8;2;5;
75592;202100048726;114 664;A01;2;7;0;2;7;2;1;
75593;202100048727;114 661;B01;2;7;0;2;1;1;1;
75594;202100048727;114 662;A01;0;7;7;0;7;19;1;
75595;202100048728;114 659;A01;2;7;0;0;2;1;1;
75596;202100048728;114 660;B01;2;33;0;2;3;11;1;
75597;202100048729;114 657;B01;2;1;0;2;8;1;5;
75598;202100048729;114 658;A01;1;7;0;9;1;15;1;
75599;202100048730;114 655;A01;1;7;0;2;4;2;1;
75600;202100048730;114 656;B01;1;7;0;2;1;2;1;
75601;202100048731;114 654;A01;3;33;0;0;1;1;1;
75602;202100048732;114 653;A01;2;10;2;0;3;0;1;
75603;202100048733;114 651;A01;1;10;0;2;3;15;1;
75604;202100048733;114 652;B01;2;33;0;2;1;1;1;
75605;202100048734;114 649;B01;2;7;0;2;4;1;1;
75606;202100048734;114 650;A01;2;33;0;2;1;1;1;
75607;202100048735;114 648;A01;1;7;6;0;8;1;1;
75608;202100048736;114 646;B01;2;7;0;2;4;1;1;
75609;202100048736;114 647;A01;1;7;0;2;2;1;1;
75610;202100048737;114 644;A01;1;7;0;2;3;1;1;
75611;202100048737;114 645;B01;2;7;0;2;1;19;1;
75612;202100048738;114 643;A01;1;7;2;0;1;1;1;
75613;202100048739;114 642;A01;1;2;13;0;0;1;1;
75614;202100048740;114 641;A01;1;7;8;0;1;0;1;
75615;202100048741;114 639;B01;2;7;0;2;3;1;1;
75616;202100048741;114 640;A01;1;7;0;2;3;13;1;
75617;202100048742;114 637;B01;2;7;0;2;7;1;1;
75618;202100048742;114 638;A01;1;7;0;2;1;1;1;
75619;202100048745;114 631;B01;2;33;0;2;1;1;1;
75620;202100048745;114 632;A01;2;7;0;2;3;10;1;
75621;202100048746;114 630;A01;3;50;14;0;1;1;3;
75622;202100048747;114 628;A01;2;1;0;2;3;2;0;
75623;202100048747;114 629;B01;2;7;0;9;2;0;1;
75624;202100048748;114 626;B01;2;7;0;2;6;15;1;
75625;202100048748;114 627;A01;1;7;0;2;1;1;1;
75626;202100048749;114 624;A01;2;7;0;2;2;13;1;
75627;202100048749;114 625;B01;1;31;0;2;1;0;1;
75628;202100048750;114 623;A01;3;1;0;0;0;0;5;
75629;202100048751;114 621;A01;0;7;0;2;2;19;1;
75630;202100048751;114 622;B01;1;7;0;2;3;1;1;
75631;202100048752;114 619;A01;3;2;0;2;1;1;1;
75632;202100048752;114 620;B01;3;7;0;0;4;1;1;
75633;202100048755;114 616;A01;1;7;0;1;2;2;1;
75634;202100048756;114 615;A01;2;7;0;1;3;15;1;
75635;202100048757;114 614;A01;2;33;0;0;0;0;1;
75636;202100048758;114 612;A01;1;7;14;0;3;1;1;
75637;202100048758;114 613;B01;1;15;0;2;5;23;1;
75638;202100048759;114 609;A01;1;7;0;2;1;2;1;
75639;202100048759;114 610;B01;1;7;0;2;4;21;1;
75640;202100048759;114 611;C01;1;7;0;2;4;2;1;
75641;202100048760;114 607;B01;2;15;0;2;2;12;1;
75642;202100048760;114 608;A01;2;7;0;2;6;1;1;
75643;202100048761;114 606;A01;2;33;0;0;0;0;1;
75644;202100048762;114 604;B01;2;7;0;2;6;11;1;
75645;202100048762;114 605;A01;2;7;0;2;2;1;1;
75646;202100048763;114 603;A01;1;13;3;2;4;2;1;
75647;202100048764;114 602;A01;2;33;0;0;2;1;1;
75648;202100048765;114 600;B01;1;7;0;2;4;2;1;
75649;202100048765;114 601;A01;2;10;0;2;1;2;1;
75650;202100048766;114 598;B01;2;7;4;2;7;1;1;
75651;202100048766;114 599;A01;2;17;0;2;8;11;1;
75652;202100048767;114 596;A01;2;7;0;2;8;11;1;
75653;202100048767;114 597;B01;2;34;0;2;7;1;1;
75654;202100048768;114 594;A01;1;32;0;2;1;3;1;
75655;202100048768;114 595;B01;1;7;0;2;2;12;1;
75656;202100048769;114 591;C01;1;10;0;2;4;2;1;
75657;202100048769;114 592;A01;1;10;0;2;1;2;1;
75658;202100048769;114 593;B01;1;7;0;2;4;2;1;
75659;202100048770;114 589;A01;1;7;0;2;1;1;1;
75660;202100048770;114 590;B01;1;10;0;2;4;1;1;
75661;202100048771;114 588;A01;1;7;5;0;1;14;1;
75662;202100048773;114 585;A01;3;7;0;1;1;15;1;
75663;202100048774;114 584;A01;1;40;0;1;7;1;3;
75664;202100048775;114 582;A01;1;7;0;2;2;16;1;
75665;202100048775;114 583;B01;1;33;0;2;0;1;1;
75666;202100048776;114 580;A01;2;7;0;2;3;10;1;
75667;202100048776;114 581;B01;2;32;0;2;7;17;1;
75668;202100048777;114 578;B01;3;32;0;2;3;1;1;
75669;202100048777;114 579;A01;3;10;0;2;2;12;1;
75670;202100048778;114 576;A01;2;7;0;2;3;9;1;
75671;202100048778;114 577;B01;2;7;0;2;2;1;1;
75672;202100048779;114 575;Z01;3;1;0;1;1;16;5;
75673;202100048780;114 573;B01;2;1;0;2;4;23;5;
75674;202100048780;114 574;A01;2;1;0;2;1;1;5;
75675;202100048781;114 571;A01;2;1;0;2;6;1;5;
75676;202100048781;114 572;Z01;0;7;0;2;0;14;0;
75677;202100048782;114 570;A01;2;2;0;0;7;1;1;
75678;202100048783;114 568;B01;1;7;0;2;3;1;1;
75679;202100048783;114 569;A01;1;33;0;2;1;1;1;
75680;202100048784;114 567;A01;1;32;0;1;1;1;1;
75681;202100048785;114 566;A01;1;30;0;0;3;1;1;
75682;202100048786;114 564;B01;2;1;0;2;1;1;5;
75683;202100048786;114 565;A01;1;50;0;2;1;13;3;
75684;202100048787;114 563;Z01;1;7;0;1;2;1;0;
75685;202100048788;114 562;A01;2;7;8;0;4;20;1;
75686;202100048789;114 560;B01;2;34;0;2;7;1;1;
75687;202100048789;114 561;A01;3;7;0;2;2;15;1;
75688;202100048790;114 558;A01;1;7;0;2;1;19;1;
75689;202100048790;114 559;B01;3;7;0;2;1;0;1;
75690;202100048791;114 555;B01;3;10;0;2;1;1;1;
75691;202100048791;114 556;A01;-1;7;0;2;8;10;1;
75692;202100048791;114 557;C01;3;7;0;2;2;1;1;
75693;202100048792;114 554;A01;1;7;15;1;1;1;1;
75694;202100048793;114 553;A01;1;7;0;1;1;1;0;
75695;202100048794;114 551;A01;1;7;0;2;2;17;1;
75696;202100048794;114 552;B01;1;99;0;2;8;2;0;
75697;202100048795;114 549;B01;3;31;0;2;2;16;1;
75698;202100048795;114 550;A01;3;30;0;2;3;26;1;
75699;202100048797;114 547;A01;0;50;0;0;0;0;3;
75700;202100048798;114 545;B01;0;1;0;2;8;26;0;
75701;202100048798;114 546;A01;2;7;0;2;2;13;0;
75702;202100048799;114 544;A01;2;2;0;0;8;26;1;
75703;202100048800;114 542;A01;1;7;0;2;1;2;1;
75704;202100048800;114 543;B01;1;7;0;2;4;23;1;
75705;202100048802;114 539;A01;1;7;0;0;0;0;1;
75706;202100048802;114 540;B01;2;80;0;0;0;13;2;
75707;202100048803;114 537;A01;1;7;3;2;1;1;1;
75708;202100048803;114 538;B01;2;7;0;2;1;1;1;
75709;202100048804;114 532;A01;1;7;0;9;3;26;1;
75710;202100048804;114 533;B01;1;1;0;2;7;1;0;
75711;202100048805;114 531;A01;1;7;8;0;1;0;1;
75712;202100048806;114 529;A01;1;33;0;2;1;1;1;
75713;202100048806;114 530;B01;2;3;0;2;3;15;1;
75714;202100048807;114 527;B01;3;7;0;2;1;1;1;
75715;202100048807;114 528;A01;2;7;0;2;8;1;1;
75716;202100048808;114 526;A01;1;7;9;0;3;1;1;
75717;202100048811;114 518;B01;2;14;0;2;8;17;1;
75718;202100048811;114 519;D01;1;17;0;0;0;24;1;
75719;202100048811;114 520;A01;1;31;0;2;1;2;1;
75720;202100048811;114 521;C01;1;10;0;2;6;1;1;
75721;202100048812;114 517;A01;1;1;3;9;1;16;5;
75722;202100048813;114 515;B01;1;7;0;2;3;1;1;
75723;202100048813;114 516;A01;2;10;0;2;3;15;1;
75724;202100048814;114 512;A01;2;30;0;2;1;5;1;
75725;202100048814;114 513;B01;1;2;0;2;1;1;1;
75726;202100048814;114 514;C01;2;7;0;2;8;1;1;
75727;202100048815;114 509;B01;2;7;0;2;3;1;1;
75728;202100048815;114 510;C01;1;7;0;2;1;1;1;
75729;202100048815;114 511;A01;2;7;0;2;1;18;1;
75730;202100048816;114 507;B01;2;7;0;2;1;1;1;
75731;202100048816;114 508;A01;1;7;0;2;1;13;1;
75732;202100048817;114 506;A01;3;2;0;1;1;1;1;
75733;202100048818;114 504;B01;1;80;0;2;8;15;3;
75734;202100048818;114 505;A01;1;7;0;2;2;17;1;
75735;202100048819;114 502;A01;2;10;0;2;2;2;1;
75736;202100048819;114 503;B01;2;80;0;2;4;1;3;
75737;202100048820;114 500;B01;2;13;0;2;5;2;1;
75738;202100048820;114 501;A01;2;10;0;2;1;2;1;
75739;202100048821;114 499;A01;2;7;7;0;2;2;1;
75740;202100048822;114 498;A01;-1;7;0;0;0;1;1;
75741;202100048823;114 495;A01;1;7;0;2;3;13;1;
75742;202100048823;114 496;B01;1;7;0;0;5;1;1;
75743;202100048824;114 493;A01;1;7;0;2;7;10;1;
75744;202100048824;114 494;B01;2;33;0;2;1;1;1;
75745;202100048826;114 490;A01;2;7;2;0;0;1;1;
75746;202100048827;114 488;A01;1;14;0;0;6;15;1;
75747;202100048827;114 489;B01;1;7;0;2;2;17;1;
75748;202100048828;114 486;B01;1;1;0;0;7;1;5;
75749;202100048828;114 487;A01;2;7;0;2;1;15;1;
75750;202100048829;114 483;C01;2;7;0;2;7;17;1;
75751;202100048829;114 484;A01;2;1;0;2;8;1;5;
75752;202100048829;114 485;B01;1;1;0;2;8;1;5;
75753;202100048830;114 477;A01;2;7;0;2;3;1;1;
75754;202100048830;114 478;B01;2;15;0;2;2;14;1;
75755;202100048831;114 475;A01;1;14;0;2;8;11;1;
75756;202100048831;114 476;B01;1;33;0;0;7;2;1;
75757;202100048832;114 473;B01;2;7;0;2;4;2;1;
75758;202100048832;114 474;A01;2;7;0;2;1;2;1;
75759;202100048833;114 471;B01;1;7;0;2;4;2;2;
75760;202100048833;114 472;A01;1;7;0;2;1;2;2;
75761;202100048835;114 468;B01;2;7;0;2;8;2;1;
75762;202100048835;114 469;A01;2;13;0;2;2;14;1;
75763;202100048836;114 467;A01;2;7;4;0;1;1;1;
75764;202100048837;114 465;B01;2;7;0;2;7;26;1;
75765;202100048837;114 466;A01;2;33;0;2;3;18;1;
75766;202100048838;114 463;B01;1;7;0;2;4;2;1;
75767;202100048838;114 464;A01;1;7;0;2;9;1;1;
75768;202100048839;114 461;A01;2;7;0;2;0;0;1;
75769;202100048839;114 462;B01;2;33;0;2;0;0;1;
75770;202100048840;114 459;A01;2;7;0;2;2;1;1;
75771;202100048840;114 460;B01;2;7;0;2;6;23;1;
75772;202100048841;114 458;A01;2;7;0;1;1;19;1;
75773;202100048843;114 455;A01;1;32;0;2;1;26;1;
75774;202100048843;114 456;B01;1;37;0;2;2;15;1;1.0
75775;202100048844;114 453;A01;2;7;0;2;3;9;1;
75776;202100048844;114 454;B01;2;2;0;2;2;0;1;
75777;202100048845;114 452;B01;2;30;1;0;2;13;1;
75778;202100048847;114 449;A01;1;1;0;1;1;1;5;
75779;202100048848;114 448;A01;3;7;8;0;2;26;1;
75780;202100048849;114 445;A01;2;33;0;2;4;2;0;
75781;202100048849;114 446;C01;1;7;0;2;1;1;1;
75782;202100048849;114 447;B01;2;33;0;2;1;2;0;
75783;202100048850;114 443;B01;2;7;0;2;4;23;1;
75784;202100048850;114 444;A01;2;7;0;2;1;2;1;
75785;202100048851;114 441;B01;2;7;0;2;8;15;1;
75786;202100048851;114 442;A01;2;33;0;2;2;17;1;
75787;202100048853;114 436;B01;0;7;0;0;4;15;1;
75788;202100048853;114 437;A01;0;2;0;2;1;15;1;
75789;202100048854;114 435;A01;1;31;0;0;3;1;1;
75790;202100048855;114 433;B01;0;7;0;2;1;1;1;
75791;202100048855;114 434;A01;0;2;0;2;6;15;1;
75792;202100048856;114 431;B01;3;40;0;2;3;1;3;
75793;202100048856;114 432;A01;1;7;0;4;1;1;1;
75794;202100048858;114 427;A01;3;7;0;2;1;7;1;
75795;202100048858;114 428;B01;3;7;0;2;2;0;1;
75796;202100048859;114 426;A01;1;7;1;0;2;1;1;
75797;202100048860;114 424;B01;1;32;0;2;3;1;1;
75798;202100048860;114 425;A01;1;30;0;2;1;1;1;
75799;202100048861;114 422;A01;1;7;0;2;3;1;1;
75800;202100048861;114 423;B01;1;32;0;2;1;1;1;
75801;202100048862;114 420;A01;3;32;0;2;1;17;1;
75802;202100048862;114 421;B01;3;7;0;2;3;15;1;
75803;202100048863;114 419;A01;1;1;0;0;0;1;5;
75804;202100048864;114 418;A01;3;7;0;1;5;20;1;
75805;202100048865;114 415;A01;1;33;0;2;3;3;1;
75806;202100048865;114 416;B01;1;7;0;2;7;12;1;
75807;202100048865;114 417;C01;1;7;0;2;1;1;1;
75808;202100048866;114 413;B01;1;7;0;2;5;2;2;
75809;202100048866;114 414;A01;1;33;0;2;1;2;1;
75810;202100048867;114 411;B01;1;10;0;2;5;1;1;
75811;202100048867;114 412;A01;1;7;0;2;3;11;3;
75812;202100048868;114 406;B01;2;33;0;2;7;3;1;
75813;202100048868;114 407;A01;2;7;0;2;8;11;1;
75814;202100048868;114 408;E01;2;10;0;2;3;1;1;
75815;202100048868;114 409;D01;2;10;0;2;5;1;1;
75816;202100048868;114 410;C01;2;10;0;2;5;1;1;
75817;202100048869;114 404;B01;2;7;0;2;7;16;1;
75818;202100048869;114 405;A01;2;30;0;2;8;18;1;
75819;202100048870;114 403;A01;1;7;0;1;2;1;1;
75820;202100048871;114 401;A01;2;3;0;2;3;26;1;
75821;202100048871;114 402;B01;2;43;0;2;1;17;1;
75822;202100048872;114 399;A01;1;10;0;9;2;15;1;
75823;202100048872;114 400;B01;2;50;0;2;8;1;3;
75824;202100048873;114 397;A01;1;30;0;2;1;16;1;
75825;202100048873;114 398;B01;1;7;0;2;2;1;1;
75826;202100048874;114 395;B01;2;7;0;2;3;15;1;
75827;202100048874;114 396;A01;2;33;0;2;7;17;1;
75828;202100048875;114 393;A01;3;2;0;2;8;5;1;
75829;202100048875;114 394;B01;3;7;0;2;1;1;1;
75830;202100048876;114 391;B01;2;7;0;2;1;1;1;
75831;202100048876;114 392;A01;2;7;0;0;7;19;1;
75832;202100048877;114 389;B01;1;7;0;2;1;21;1;
75833;202100048877;114 390;A01;2;7;0;2;1;13;1;
75834;202100048878;114 387;A01;1;7;13;0;0;21;1;
75835;202100048880;114 385;A01;1;14;0;0;7;15;1;
75836;202100048881;114 384;A01;1;17;15;0;2;1;1;
75837;202100048882;114 383;A01;2;7;2;0;3;1;1;
75838;202100048883;114 381;B01;2;7;7;2;3;1;1;
75839;202100048883;114 382;A01;1;7;0;2;1;15;1;
75840;202100048884;114 380;A01;2;33;0;1;1;21;1;
75841;202100048885;114 378;A01;1;10;0;0;0;0;1;
75842;202100048886;114 375;A01;3;7;0;2;2;19;1;
75843;202100048886;114 376;B01;3;7;0;2;8;23;1;
75844;202100048886;114 377;C01;2;7;0;2;3;1;1;
75845;202100048887;114 373;A01;1;7;0;2;3;1;1;
75846;202100048887;114 374;B01;2;13;0;2;3;1;1;
75847;202100048888;114 372;A01;1;7;0;0;9;0;1;
75848;202100048889;114 370;B01;2;7;0;2;7;1;1;
75849;202100048889;114 371;A01;2;7;0;2;3;15;1;
75850;202100048890;114 368;B01;1;34;0;2;2;17;1;
75851;202100048890;114 369;A01;1;7;0;2;8;15;1;
75852;202100048891;114 366;B01;2;3;0;0;4;2;1;
75853;202100048891;114 367;A01;2;38;0;2;1;2;1;1.0
75854;202100048894;114 362;A01;3;7;0;2;4;2;1;
75855;202100048894;114 363;B01;0;33;0;2;1;2;1;
75856;202100048895;114 360;B01;1;7;0;2;1;5;1;
75857;202100048895;114 361;A01;2;7;0;0;1;23;1;
75858;202100048896;114 358;B01;1;7;0;2;1;2;1;
75859;202100048896;114 359;A01;2;99;0;2;3;9;1;
75860;202100048897;114 356;B01;1;15;0;2;1;1;1;
75861;202100048897;114 357;A01;2;7;0;2;1;11;1;
75862;202100048898;114 354;A01;1;7;0;2;8;15;1;
75863;202100048898;114 355;B01;1;37;0;2;2;7;1;1.0
75864;202100048899;114 352;B01;2;1;0;2;1;1;5;
75865;202100048899;114 353;A01;1;7;0;2;1;15;1;
75866;202100048900;114 350;A01;1;17;0;2;1;1;1;
75867;202100048900;114 351;B01;2;7;0;2;3;15;1;
75868;202100048901;114 348;B01;1;7;0;2;4;2;1;
75869;202100048901;114 349;A01;1;7;0;2;1;2;1;
75870;202100048902;114 346;B01;2;7;0;0;4;1;1;
75871;202100048902;114 347;A01;2;33;0;2;1;2;1;
75872;202100048903;114 344;A01;1;7;0;2;4;1;1;
75873;202100048903;114 345;B01;1;7;0;2;1;1;1;
75874;202100048904;114 343;A01;1;7;6;0;1;13;1;
75875;202100048905;114 341;A01;1;10;0;2;3;1;1;
75876;202100048905;114 342;B01;1;50;0;2;4;0;3;
75877;202100048906;114 339;A01;1;99;0;2;8;11;1;
75878;202100048906;114 340;B01;1;7;0;2;1;17;1;
75879;202100048907;114 337;A01;2;7;0;2;3;15;1;
75880;202100048907;114 338;B01;1;7;15;2;3;21;1;
75881;202100048908;114 336;A01;3;7;6;0;1;1;1;
75882;202100048909;114 334;A01;1;7;0;2;3;17;1;
75883;202100048909;114 335;B01;2;7;0;2;3;1;1;
75884;202100048910;114 332;A01;2;7;0;0;1;1;1;
75885;202100048910;114 333;B01;1;7;0;0;3;0;1;
75886;202100048911;114 331;A01;2;7;0;1;2;2;1;
75887;202100048912;114 329;A01;1;7;0;2;2;1;1;
75888;202100048912;114 330;B01;1;7;0;2;3;19;1;
75889;202100048913;114 328;A01;1;7;2;0;1;14;1;
75890;202100048915;114 325;A01;2;7;0;0;9;12;1;
75891;202100048916;114 323;A01;2;7;0;2;1;1;1;
75892;202100048916;114 324;B01;2;7;0;2;4;23;1;
75893;202100048917;114 320;C01;2;7;0;0;4;2;1;
75894;202100048917;114 321;B01;2;7;0;2;1;2;1;
75895;202100048917;114 322;A01;2;7;0;2;3;2;1;
75896;202100048918;114 317;Z01;2;10;0;0;0;0;0;
75897;202100048918;114 318;B01;2;33;0;2;0;12;1;
75898;202100048918;114 319;A01;2;7;0;2;3;1;1;
75899;202100048919;114 314;C01;2;33;0;2;6;2;1;
75900;202100048919;114 315;B01;2;7;0;2;5;2;2;
75901;202100048919;114 316;A01;2;32;0;2;3;3;1;
75902;202100048920;114 312;A01;1;7;1;0;1;12;1;
75903;202100048920;114 313;B01;1;7;0;2;4;23;2;
75904;202100048921;114 311;A01;2;7;13;2;6;1;1;
75905;202100048922;114 308;E01;3;7;0;2;6;0;1;
75906;202100048922;114 309;B01;2;7;0;2;8;1;1;
75907;202100048922;114 310;A01;1;7;0;2;1;26;1;
75908;202100048924;114 304;B01;1;7;0;2;3;1;1;
75909;202100048924;114 305;A01;1;1;0;2;7;1;5;
75910;202100048925;114 303;A01;2;7;0;1;3;1;1;
75911;202100048927;114 298;C01;1;10;0;2;3;23;1;
75912;202100048927;114 299;B01;2;7;0;2;3;23;1;
75913;202100048927;114 300;A01;2;7;0;2;1;19;1;
75914;202100048928;114 296;B01;1;10;0;2;3;15;1;
75915;202100048928;114 297;A01;1;33;0;2;7;17;1;
75916;202100048929;114 294;A01;2;7;0;2;3;16;1;
75917;202100048929;114 295;B01;1;33;0;2;1;1;1;
75918;202100048930;114 292;A01;2;30;0;2;1;13;1;
75919;202100048930;114 293;B01;1;7;0;2;2;1;1;
75920;202100048932;114 284;A01;1;30;0;2;1;26;1;
75921;202100048932;114 285;B01;2;7;0;2;3;1;1;
75922;202100048933;114 282;A01;1;7;0;2;6;15;1;
75923;202100048933;114 283;B01;1;33;0;2;1;1;1;
75924;202100048934;114 280;B01;2;7;0;2;2;21;1;
75925;202100048934;114 281;A01;3;80;0;2;1;15;3;
75926;202100048935;114 279;A01;2;33;0;0;0;17;1;
75927;202100048936;114 276;A01;2;7;0;2;2;14;1;
75928;202100048936;114 277;B01;2;7;0;0;4;23;1;
75929;202100048936;114 278;C01;2;7;0;0;6;1;1;
75930;202100048937;114 274;A01;0;7;0;2;3;19;1;
75931;202100048937;114 275;B01;0;1;0;2;2;1;5;
75932;202100048939;114 271;A01;3;33;12;0;1;1;1;
75933;202100048940;114 270;A01;1;7;13;0;1;1;1;
75934;202100048941;114 267;B01;2;7;0;2;2;15;1;
75935;202100048941;114 268;A01;2;7;2;2;1;2;1;
75936;202100048942;114 266;A01;2;7;2;0;8;1;1;
75937;202100048943;114 265;A01;2;7;8;0;1;26;1;
75938;202100048944;114 263;B01;2;50;0;2;1;19;3;
75939;202100048944;114 264;A01;1;7;0;2;4;4;1;
75940;202100048945;114 261;B01;1;15;0;2;0;1;1;
75941;202100048945;114 262;A01;2;7;0;2;3;13;1;
75942;202100048946;114 260;A01;0;7;12;0;2;15;1;
75943;202100048947;114 258;Z01;3;1;0;2;9;2;0;
75944;202100048947;114 259;A01;3;7;0;2;2;2;1;
75945;202100048948;114 256;A01;0;30;0;2;1;3;1;
75946;202100048948;114 257;B01;0;7;0;2;6;1;1;
75947;202100048949;114 255;Z01;1;7;0;1;0;0;0;
75948;202100048950;114 253;A01;2;7;0;2;7;15;1;
75949;202100048950;114 254;B01;3;33;0;2;1;1;1;
75950;202100048951;114 251;A01;2;7;0;2;2;17;1;
75951;202100048951;114 252;B01;2;1;0;2;8;1;5;
75952;202100048952;114 249;A01;1;33;0;2;1;17;1;
75953;202100048952;114 250;B01;1;7;0;2;8;15;1;
75954;202100048953;114 247;A01;1;30;0;2;2;3;1;
75955;202100048953;114 248;B01;1;7;0;2;3;11;1;
75956;202100048954;114 244;C01;1;32;0;2;0;1;1;
75957;202100048954;114 245;B01;1;7;0;2;0;23;1;
75958;202100048954;114 246;A01;1;7;0;2;0;23;1;
75959;202100048955;114 242;A01;3;50;0;2;2;7;3;
75960;202100048955;114 243;B01;1;7;0;2;2;15;1;
75961;202100048956;114 240;B01;1;37;0;2;1;9;2;1.0
75962;202100048956;114 241;A01;2;1;0;2;1;1;5;
75963;202100048957;114 238;A01;2;32;9;2;8;1;1;
75964;202100048957;114 239;B01;2;7;0;2;1;1;1;
75965;202100048958;114 236;B01;1;2;0;2;3;1;1;
75966;202100048958;114 237;A01;2;7;0;2;3;15;1;
75967;202100048959;114 235;A01;2;7;0;1;2;1;2;
75968;202100048960;114 233;B01;2;50;0;2;0;5;3;
75969;202100048960;114 234;A01;1;7;0;2;2;9;1;
75970;202100048961;114 232;A01;1;7;11;0;1;1;1;
75971;202100048962;114 231;A01;1;7;0;1;2;7;1;
75972;202100048963;114 229;A01;3;7;0;2;1;15;1;
75973;202100048963;114 230;B01;0;43;0;2;3;1;1;
75974;202100048964;114 227;A01;3;7;0;2;2;15;1;
75975;202100048964;114 228;B01;3;2;0;2;8;1;1;
75976;202100048965;114 225;A01;1;7;0;2;7;16;1;
75977;202100048965;114 226;B01;1;2;0;2;1;18;1;
75978;202100048966;114 223;B01;3;7;0;2;7;15;1;
75979;202100048966;114 224;A01;2;7;0;2;1;1;0;
75980;202100048967;114 222;A01;0;10;1;2;4;4;1;
75981;202100048968;114 219;A01;1;7;0;2;1;2;1;
75982;202100048968;114 220;B01;1;7;0;2;4;1;1;
75983;202100048968;114 221;C01;1;7;0;2;4;2;1;
75984;202100048969;114 217;B01;1;32;8;0;8;17;1;
75985;202100048969;114 218;A01;1;7;0;2;0;15;1;
75986;202100048970;114 215;A01;-1;7;0;2;5;2;1;
75987;202100048970;114 216;B01;-1;7;0;2;1;2;1;
75988;202100048971;114 213;B01;2;33;0;9;7;1;1;
75989;202100048971;114 214;A01;2;3;0;2;3;9;0;
75990;202100048972;114 211;A01;1;7;0;2;1;15;1;
75991;202100048972;114 212;B01;1;1;0;2;1;16;0;
75992;202100048973;114 209;B01;1;7;0;2;4;1;1;
75993;202100048973;114 210;A01;3;7;0;2;1;1;1;
75994;202100048975;114 206;A01;1;7;0;2;5;1;1;
75995;202100048975;114 207;B01;1;7;0;2;2;1;1;