;Num_Acc;id_vehicule;num_veh;senc;catv;obs;obsm;choc;manv;motor;occutc
76457;202100049273;113 683;A01;2;7;0;2;2;1;1;
76458;202100049273;113 684;B01;1;1;0;2;8;1;5;
76459;202100049274;113 682;A01;1;1;2;0;1;1;5;
76460;202100049275;113 680;A01;1;30;0;2;2;17;1;
76461;202100049275;113 681;B01;1;7;0;2;3;15;1;
76462;202100049276;113 678;Z01;2;7;0;2;1;1;0;
76463;202100049276;113 679;A01;2;1;0;2;4;1;5;
76464;202100049278;113 675;A01;3;10;0;2;8;22;1;
76465;202100049278;113 676;B01;3;1;0;2;1;1;5;
76466;202100049279;113 673;B01;1;50;0;2;1;1;3;
76467;202100049279;113 674;A01;1;7;0;2;2;1;1;
76468;202100049280;113 672;A01;2;7;0;1;3;1;1;
76469;202100049281;113 670;B01;1;50;0;2;1;1;3;
76470;202100049281;113 671;A01;2;7;0;2;5;15;1;
76471;202100049282;113 669;A01;1;10;0;1;2;1;1;
76472;202100049283;113 668;A01;1;1;0;1;4;1;5;
76473;202100049284;113 666;A01;3;30;0;2;8;18;1;
76474;202100049284;113 667;B01;3;10;0;2;2;16;1;
76475;202100049285;113 663;A01;2;10;0;2;1;23;1;
76476;202100049285;113 664;B01;2;10;0;2;4;23;1;
76477;202100049285;113 665;C01;2;7;0;2;4;1;1;
76478;202100049287;113 660;B01;2;2;0;0;1;1;1;
76479;202100049287;113 661;A01;1;1;0;2;1;5;5;
76480;202100049288;113 659;A01;2;1;0;0;0;13;5;
76481;202100049289;113 657;B01;1;33;0;2;1;1;1;
76482;202100049289;113 658;A01;1;7;0;2;6;11;1;
76483;202100049290;113 655;B01;2;7;8;0;5;2;1;
76484;202100049290;113 656;A01;2;7;0;2;1;2;1;
76485;202100049292;113 650;A01;-1;7;0;2;3;15;1;
76486;202100049292;113 651;B01;-1;1;0;2;1;1;5;
76487;202100049293;113 648;A01;-1;7;0;2;1;2;0;
76488;202100049293;113 649;B01;-1;7;0;0;4;2;0;
76489;202100049294;113 646;A01;3;1;0;2;0;9;5;
76490;202100049294;113 647;Z01;1;7;0;9;0;0;0;
76491;202100049295;113 645;A01;3;7;0;1;3;1;0;
76492;202100049296;113 644;A01;1;32;14;0;1;1;1;
76493;202100049297;113 642;A01;2;37;0;2;1;2;1;2.0
76494;202100049297;113 643;B01;2;7;0;2;4;1;1;
76495;202100049298;113 640;Z01;1;15;0;2;0;0;1;
76496;202100049298;113 641;A01;1;2;0;2;8;19;1;
76497;202100049299;113 638;A01;1;32;0;2;5;3;1;
76498;202100049299;113 639;B01;1;7;0;2;3;15;1;
76499;202100049300;113 636;A01;2;33;0;2;4;1;1;
76500;202100049300;113 637;B01;2;33;0;2;1;2;1;
76501;202100049301;113 634;B01;1;2;0;2;4;1;1;
76502;202100049301;113 635;A01;1;7;0;2;0;0;1;
76503;202100049302;113 632;B01;3;7;0;2;3;1;1;
76504;202100049302;113 633;A01;3;7;0;2;1;16;1;
76505;202100049303;113 630;A01;1;32;0;2;1;1;1;
76506;202100049303;113 631;B01;2;33;0;2;1;5;1;
76507;202100049304;113 628;B01;2;15;0;2;2;1;1;
76508;202100049304;113 629;A01;1;7;0;2;7;15;1;
76509;202100049305;113 627;A01;1;33;0;0;0;17;1;
76510;202100049306;113 625;B01;3;7;0;2;8;15;1;
76511;202100049306;113 626;A01;2;7;0;2;1;1;1;
76512;202100049307;113 624;A01;1;7;2;0;1;1;1;
76513;202100049308;113 623;A01;0;7;13;0;3;13;1;
76514;202100049309;113 621;A01;2;7;0;2;3;15;1;
76515;202100049309;113 622;B01;1;7;0;2;1;1;1;
76516;202100049310;113 619;A01;1;1;0;2;1;0;5;
76517;202100049310;113 620;B01;3;7;0;2;1;1;1;
76518;202100049311;113 617;A01;2;1;0;0;1;1;5;
76519;202100049311;113 618;B01;1;21;0;0;3;1;1;
76520;202100049312;113 615;B01;3;7;0;2;3;0;0;
76521;202100049312;113 616;A01;0;30;0;2;3;1;1;
76522;202100049314;113 613;A01;2;7;0;0;9;1;1;
76523;202100049315;113 612;A01;1;7;0;1;2;14;1;
76524;202100049316;113 611;A01;3;7;0;1;4;4;1;
76525;202100049317;113 609;B01;1;7;0;2;3;1;1;
76526;202100049317;113 610;A01;2;7;0;2;3;13;1;
76527;202100049318;113 608;A01;2;1;0;1;1;1;5;
76528;202100049319;113 607;A01;1;7;8;0;0;1;1;
76529;202100049320;113 605;B01;2;31;0;2;1;17;1;
76530;202100049320;113 606;A01;2;10;0;2;3;15;1;
76531;202100049321;113 603;A01;2;7;0;2;6;12;1;
76532;202100049321;113 604;B01;2;10;0;0;3;1;1;
76533;202100049324;113 598;A01;2;7;2;0;7;21;1;
76534;202100049325;113 596;B01;1;7;0;0;4;1;1;
76535;202100049325;113 597;A01;1;7;0;2;1;0;0;
76536;202100049326;113 594;B01;2;10;0;2;1;17;1;
76537;202100049326;113 595;A01;1;7;0;2;1;1;1;
76538;202100049327;113 592;B01;2;32;0;2;1;13;1;
76539;202100049327;113 593;A01;1;7;0;2;3;1;1;
76540;202100049328;113 590;B01;1;10;0;2;1;1;1;
76541;202100049328;113 591;A01;2;10;0;2;3;5;1;
76542;202100049329;113 588;A01;2;33;0;2;1;17;1;
76543;202100049329;113 589;B01;1;33;0;2;1;1;1;
76544;202100049330;113 585;C01;0;7;0;2;1;1;1;
76545;202100049330;113 586;B01;1;31;0;2;1;1;1;
76546;202100049330;113 587;A01;1;7;0;2;6;15;1;
76547;202100049331;113 583;A01;1;7;0;2;3;13;1;
76548;202100049331;113 584;B01;2;7;0;2;3;1;1;
76549;202100049333;113 579;A01;1;7;0;2;3;1;1;
76550;202100049333;113 580;B01;2;3;0;2;8;9;1;
76551;202100049334;113 578;A01;2;7;0;1;3;15;1;
76552;202100049335;113 577;A01;1;7;0;0;0;0;1;
76553;202100049336;113 573;A01;1;15;0;2;2;12;1;
76554;202100049336;113 574;B01;1;7;0;2;8;1;1;
76555;202100049337;113 571;A01;2;7;0;2;1;1;1;
76556;202100049337;113 572;B01;2;7;0;2;4;2;1;
76557;202100049338;113 569;B01;1;7;0;2;4;2;1;
76558;202100049338;113 570;A01;1;7;0;2;1;1;1;
76559;202100049339;113 567;B01;2;7;3;0;3;1;1;
76560;202100049339;113 568;A01;2;15;0;2;0;0;1;
76561;202100049340;113 565;B01;1;32;0;2;8;1;1;
76562;202100049340;113 566;A01;1;7;0;2;7;12;1;
76563;202100049341;113 563;A01;1;7;0;2;1;2;1;
76564;202100049341;113 564;B01;1;13;0;2;4;2;0;
76565;202100049342;113 562;A01;1;17;4;2;0;26;1;
76566;202100049343;113 561;A01;1;7;0;0;9;12;1;
76567;202100049344;113 558;A01;2;7;0;2;3;1;1;
76568;202100049344;113 559;B01;2;15;0;2;5;1;1;
76569;202100049344;113 560;C01;2;10;4;2;7;1;1;
76570;202100049345;113 556;Z01;2;7;0;2;1;1;1;
76571;202100049345;113 557;B01;2;7;0;2;4;1;1;
76572;202100049346;113 554;B01;2;33;4;2;7;0;1;
76573;202100049346;113 555;A01;2;10;0;2;8;11;1;
76574;202100049348;113 551;A01;1;32;0;9;0;1;1;
76575;202100049349;113 550;A01;1;7;1;2;2;1;1;
76576;202100049350;113 548;A01;1;7;0;2;1;14;1;
76577;202100049350;113 549;B01;1;7;1;2;4;26;1;
76578;202100049351;113 546;B01;1;7;0;2;8;15;1;
76579;202100049351;113 547;A01;1;31;0;2;1;1;1;
76580;202100049352;113 544;B01;1;1;0;2;1;5;0;
76581;202100049352;113 545;A01;1;7;0;2;1;9;0;
76582;202100049353;113 543;A01;1;1;0;0;0;1;5;
76583;202100049354;113 540;B01;1;31;0;2;7;1;1;
76584;202100049354;113 541;C01;1;7;0;2;3;1;1;
76585;202100049354;113 542;A01;1;7;0;2;2;15;1;
76586;202100049355;113 539;A01;2;10;0;9;1;14;1;
76587;202100049356;113 537;A01;1;33;0;2;2;17;1;
76588;202100049356;113 538;B01;1;10;0;0;8;15;1;
76589;202100049357;113 536;A01;2;30;0;0;0;0;1;
76590;202100049358;113 535;Z01;3;7;0;1;0;0;0;
76591;202100049359;113 534;A01;3;7;0;1;2;14;1;
76592;202100049360;113 533;A01;1;7;0;1;2;16;1;
76593;202100049361;113 531;B01;2;2;0;2;1;1;1;
76594;202100049361;113 532;A01;1;7;0;2;3;15;1;
76595;202100049362;113 530;A01;1;7;0;1;2;1;1;
76596;202100049363;113 529;A01;2;33;0;0;0;1;1;
76597;202100049364;113 527;B01;2;2;0;2;1;1;1;
76598;202100049364;113 528;A01;2;7;0;2;6;9;1;
76599;202100049366;113 521;A01;0;7;0;2;4;1;1;
76600;202100049366;113 522;B01;1;7;0;2;4;1;1;
76601;202100049366;113 523;C01;1;7;0;2;1;1;1;
76602;202100049366;113 524;D01;1;7;0;2;4;1;1;
76603;202100049366;113 525;E01;1;7;0;2;4;1;1;
76604;202100049368;113 515;Y01;1;1;0;2;7;9;5;
76605;202100049368;113 516;A01;1;7;0;9;1;9;1;
76606;202100049369;113 513;B01;2;7;0;2;2;1;1;
76607;202100049369;113 514;A01;1;7;0;2;2;15;1;
76608;202100049370;113 511;A01;2;7;0;2;1;15;1;
76609;202100049370;113 512;B01;1;33;0;2;1;1;1;
76610;202100049372;113 507;B01;0;15;0;2;8;1;1;
76611;202100049372;113 508;A01;0;7;0;2;7;17;1;
76612;202100049373;113 506;A01;1;7;0;1;1;1;1;
76613;202100049374;113 505;A01;1;7;13;0;1;1;1;
76614;202100049375;113 504;A01;3;10;0;1;4;4;1;
76615;202100049376;113 502;A01;1;7;0;2;7;15;1;
76616;202100049376;113 503;B01;2;33;0;2;1;1;1;
76617;202100049377;113 500;A01;2;37;0;2;6;15;1;1.0
76618;202100049377;113 501;B01;1;7;0;2;1;1;1;
76619;202100049378;113 498;B01;3;1;0;2;1;1;0;
76620;202100049378;113 499;A01;3;7;0;2;0;1;1;
76621;202100049379;113 496;B01;1;37;0;2;6;1;2;1.0
76622;202100049379;113 497;A01;2;7;0;2;3;16;1;
76623;202100049380;113 494;A01;1;10;0;2;1;2;1;
76624;202100049380;113 495;B01;1;7;0;2;4;0;1;
76625;202100049381;113 492;A01;1;7;0;2;2;15;2;
76626;202100049381;113 493;B01;2;1;0;2;1;1;0;
76627;202100049382;113 490;B01;1;7;0;2;4;2;1;
76628;202100049382;113 491;A01;1;10;0;2;1;2;1;
76629;202100049386;113 482;A01;3;7;0;2;1;2;1;
76630;202100049386;113 483;B01;3;7;0;2;7;1;1;
76631;202100049387;113 481;A01;3;30;0;0;0;1;1;
76632;202100049388;113 479;B01;1;37;0;2;4;23;1;1.0
76633;202100049388;113 480;A01;1;7;0;2;1;2;1;
76634;202100049389;113 478;A01;0;1;0;1;1;26;5;
76635;202100049390;113 476;B01;0;2;0;2;2;0;1;
76636;202100049390;113 477;A01;0;7;0;2;3;15;1;
76637;202100049392;113 472;A01;1;7;0;2;3;9;1;
76638;202100049392;113 473;B01;1;7;0;2;1;1;1;
76639;202100049393;113 469;A01;1;7;0;9;2;21;1;
76640;202100049393;113 470;C01;1;7;0;2;6;23;1;
76641;202100049393;113 471;B01;3;1;1;2;1;19;5;
76642;202100049395;113 466;B01;1;7;0;2;3;15;1;
76643;202100049395;113 467;A01;1;7;0;2;2;1;1;
76644;202100049396;113 464;B01;3;7;0;0;0;0;1;
76645;202100049396;113 465;A01;1;1;0;2;1;19;5;
76646;202100049397;113 462;A01;2;1;0;2;1;9;5;
76647;202100049397;113 463;B01;3;7;0;2;3;9;1;
76648;202100049398;113 459;C01;2;10;0;2;4;2;1;
76649;202100049398;113 460;B01;2;7;0;2;4;2;2;
76650;202100049398;113 461;A01;2;7;0;2;1;2;1;
76651;202100049399;113 456;B01;1;7;0;2;3;15;1;
76652;202100049399;113 457;A01;1;31;0;2;2;17;1;
76653;202100049399;113 458;C01;2;36;1;2;2;0;0;
76654;202100049400;113 454;A01;3;30;0;2;1;13;1;
76655;202100049400;113 455;B01;3;7;0;2;1;2;1;
76656;202100049401;113 453;A01;3;7;0;1;1;2;0;
76657;202100049402;113 451;Z01;1;33;0;2;1;0;0;
76658;202100049402;113 452;B01;1;30;0;2;2;0;1;
76659;202100049403;113 449;B01;0;30;0;2;1;1;1;
76660;202100049403;113 450;A01;0;7;0;2;1;15;1;
76661;202100049404;113 447;A01;3;7;0;2;3;13;1;
76662;202100049404;113 448;B01;2;33;0;2;3;1;1;
76663;202100049405;113 445;A01;2;31;0;2;1;17;1;
76664;202100049405;113 446;B01;1;7;0;2;3;1;1;
76665;202100049407;113 441;A01;2;7;0;2;2;14;1;
76666;202100049407;113 442;B01;2;7;0;2;6;1;1;
76667;202100049410;113 436;A01;1;7;1;0;1;20;3;
76668;202100049411;113 435;A01;0;7;0;1;2;1;1;
76669;202100049412;113 433;B01;1;1;0;2;4;13;5;
76670;202100049412;113 434;A01;1;10;0;2;1;1;1;
76671;202100049413;113 432;Z01;2;1;0;1;0;1;5;
76672;202100049414;113 431;A01;2;1;0;1;1;1;5;
76673;202100049415;113 430;A01;2;80;0;0;0;21;3;
76674;202100049417;113 428;A01;1;7;0;2;3;1;1;
76675;202100049418;113 426;B01;3;60;0;2;1;19;5;
76676;202100049418;113 427;A01;1;33;0;9;2;1;1;
76677;202100049419;113 425;A01;1;38;0;0;0;2;1;3.0
76678;202100049420;113 424;A01;2;7;12;0;2;14;1;
76679;202100049421;113 422;B01;3;7;0;9;2;26;1;
76680;202100049421;113 423;A01;1;1;0;2;8;1;5;
76681;202100049422;113 420;B01;3;1;0;2;2;1;5;
76682;202100049422;113 421;Z01;3;7;0;2;2;26;0;
76683;202100049423;113 418;A01;0;7;0;2;2;17;1;
76684;202100049423;113 419;B01;3;37;0;2;3;1;1;4.0
76685;202100049424;113 416;A01;3;99;0;2;3;10;1;
76686;202100049424;113 417;B01;3;31;0;2;2;12;1;
76687;202100049426;113 412;B01;-1;7;0;2;3;2;1;
76688;202100049426;113 413;A01;2;7;0;2;2;9;1;
76689;202100049427;113 410;A01;2;7;0;2;7;1;1;
76690;202100049427;113 411;B01;1;1;0;2;1;1;5;
76691;202100049428;113 409;A01;1;30;0;1;3;2;1;
76692;202100049429;113 408;A01;1;10;0;1;2;9;1;
76693;202100049430;113 406;B01;2;1;0;2;7;9;5;
76694;202100049430;113 407;A01;2;7;0;2;3;19;1;
76695;202100049431;113 404;A01;2;30;0;2;2;17;3;
76696;202100049431;113 405;B01;2;10;0;2;3;15;1;
76697;202100049432;113 402;A01;3;7;0;2;1;15;1;
76698;202100049432;113 403;B01;3;33;0;2;1;1;1;
76699;202100049433;113 400;B01;0;1;0;2;0;1;5;
76700;202100049433;113 401;A01;3;2;0;9;0;0;0;
76701;202100049435;113 397;A01;1;7;13;0;0;0;1;
76702;202100049436;113 395;B01;1;7;0;2;7;17;1;
76703;202100049436;113 396;A01;1;7;0;2;8;15;1;
76704;202100049437;113 393;B01;1;7;0;9;2;1;1;
76705;202100049437;113 394;A01;1;1;0;2;8;16;5;
76706;202100049438;113 391;A01;2;33;0;2;1;1;1;
76707;202100049438;113 392;B01;1;7;0;0;7;16;1;
76708;202100049439;113 389;B01;2;2;0;2;1;2;1;
76709;202100049439;113 390;A01;2;7;0;2;4;1;1;
76710;202100049440;113 388;A01;2;7;0;0;0;1;1;
76711;202100049441;113 386;A01;2;7;0;2;1;5;1;
76712;202100049441;113 387;B01;1;14;0;2;1;1;1;
76713;202100049442;113 385;A01;1;10;0;1;3;1;1;
76714;202100049443;113 382;A01;2;33;0;2;1;17;1;
76715;202100049443;113 383;B01;2;7;0;0;8;1;1;
76716;202100049443;113 384;C01;1;13;0;0;3;1;1;
76717;202100049444;113 380;B01;0;7;0;2;1;1;1;
76718;202100049444;113 381;A01;1;7;0;2;2;19;1;
76719;202100049445;113 379;A01;2;31;0;0;0;1;1;
76720;202100049446;113 378;A01;1;7;2;0;1;2;1;
76721;202100049447;113 377;A01;3;7;13;0;1;1;1;
76722;202100049448;113 376;A01;1;7;8;0;1;1;1;
76723;202100049449;113 375;A01;2;31;6;0;1;1;1;
76724;202100049451;113 370;A01;2;7;0;2;1;1;1;
76725;202100049451;113 371;B01;2;10;0;2;1;1;1;
76726;202100049452;113 368;A01;1;10;0;2;3;21;1;
76727;202100049452;113 369;B01;1;7;7;0;5;15;1;
76728;202100049453;113 366;A01;0;10;0;2;1;15;1;
76729;202100049453;113 367;B01;0;1;0;2;1;1;5;
76730;202100049454;113 364;A01;1;7;0;2;3;1;1;
76731;202100049454;113 365;B01;2;7;15;2;1;13;1;
76732;202100049455;113 362;B01;3;7;0;2;1;19;1;
76733;202100049455;113 363;A01;2;7;0;0;2;19;1;
76734;202100049457;113 359;B01;2;10;0;2;1;15;1;
76735;202100049457;113 360;A01;1;33;0;2;1;17;1;
76736;202100049458;113 358;A01;1;7;7;0;1;2;1;
76737;202100049459;113 357;A01;1;7;4;0;9;1;1;
76738;202100049460;113 354;A01;2;7;5;0;3;12;1;
76739;202100049460;113 355;X01;2;15;0;2;2;12;1;
76740;202100049460;113 356;B01;2;15;0;2;0;0;1;
76741;202100049461;113 353;A01;1;7;0;1;1;2;1;
76742;202100049462;113 350;C01;2;7;0;2;4;1;1;
76743;202100049462;113 351;B01;2;33;4;2;1;11;1;
76744;202100049462;113 352;A01;2;33;0;2;1;21;1;
76745;202100049463;113 348;B01;2;7;0;2;4;2;1;
76746;202100049463;113 349;A01;2;32;0;2;1;2;1;
76747;202100049464;113 347;A01;2;7;0;0;9;1;1;
76748;202100049465;113 343;A01;2;33;0;2;1;3;1;
76749;202100049465;113 344;B01;2;7;0;2;2;12;1;
76750;202100049465;113 345;C01;2;7;0;2;5;1;1;
76751;202100049465;113 346;D01;2;7;0;2;6;1;1;
76752;202100049466;113 340;A01;1;7;3;2;1;9;1;
76753;202100049466;113 341;B01;1;7;3;2;1;1;1;
76754;202100049466;113 342;C01;1;7;3;2;1;1;1;
76755;202100049467;113 338;B01;1;31;0;2;4;23;1;
76756;202100049467;113 339;A01;1;7;0;2;1;9;1;
76757;202100049468;113 337;A01;1;33;0;2;1;26;1;
76758;202100049469;113 336;A01;3;7;0;1;6;20;1;
76759;202100049470;113 334;A01;1;7;0;9;8;15;1;
76760;202100049470;113 335;B01;1;2;0;2;1;2;1;
76761;202100049471;113 332;B01;1;2;0;2;3;1;1;
76762;202100049471;113 333;A01;2;7;0;2;3;15;1;
76763;202100049472;113 330;B01;1;7;0;2;4;1;1;
76764;202100049472;113 331;A01;1;1;0;2;1;1;0;
76765;202100049473;113 328;B01;1;33;0;2;8;0;1;
76766;202100049473;113 329;A01;3;7;0;2;3;9;1;
76767;202100049474;113 323;A01;1;7;3;2;1;14;1;
76768;202100049474;113 324;B01;1;7;3;2;2;12;1;
76769;202100049474;113 325;C01;1;7;3;2;1;1;1;
76770;202100049474;113 326;D01;1;10;3;2;6;1;1;
76771;202100049474;113 327;E01;1;7;3;2;5;1;1;
76772;202100049475;113 321;A01;1;7;0;1;2;1;1;
76773;202100049476;113 319;B01;2;7;0;2;7;15;1;
76774;202100049476;113 320;A01;1;7;0;2;1;1;1;
76775;202100049477;113 316;B01;2;32;0;2;4;23;1;
76776;202100049477;113 317;C01;2;7;0;2;4;23;1;
76777;202100049477;113 318;A01;2;7;0;2;1;1;0;
76778;202100049478;113 314;A01;2;7;0;0;6;2;1;
76779;202100049478;113 315;B01;2;33;0;2;1;2;1;
76780;202100049480;113 311;A01;0;10;0;1;1;15;1;
76781;202100049481;113 308;A01;1;7;0;2;1;9;1;
76782;202100049481;113 309;B01;1;7;0;2;1;9;1;
76783;202100049481;113 310;C01;1;15;0;2;1;9;1;
76784;202100049482;113 306;B01;1;7;0;2;3;1;1;
76785;202100049482;113 307;A01;2;7;0;2;3;13;2;
76786;202100049483;113 304;A01;3;30;0;2;1;5;1;
76787;202100049483;113 305;B01;3;2;0;2;8;1;1;
76788;202100049484;113 303;A01;3;2;1;0;1;14;1;
76789;202100049485;113 301;B01;0;1;0;2;8;1;5;
76790;202100049485;113 302;A01;0;10;0;2;1;9;1;
76791;202100049486;113 299;B01;1;7;0;2;2;2;1;
76792;202100049486;113 300;A01;1;7;0;2;1;15;1;
76793;202100049487;113 297;B01;1;10;0;9;5;23;3;
76794;202100049487;113 298;A01;1;1;0;2;1;2;5;
76795;202100049488;113 295;A01;2;10;0;2;1;2;1;
76796;202100049488;113 296;B01;2;7;0;2;4;2;1;
76797;202100049489;113 293;A01;1;33;0;2;3;15;1;
76798;202100049489;113 294;B01;2;7;0;2;3;1;1;
76799;202100049490;113 291;A01;2;33;0;2;8;21;1;
76800;202100049490;113 292;Z01;1;10;0;2;8;1;0;
76801;202100049491;113 290;A01;2;7;0;1;7;1;1;
76802;202100049492;113 287;A01;2;7;0;2;3;19;1;
76803;202100049492;113 288;B01;2;7;0;2;3;1;1;
76804;202100049492;113 289;C01;2;7;0;9;3;1;1;
76805;202100049493;113 285;A01;1;7;0;9;8;9;1;
76806;202100049493;113 286;B01;1;50;0;2;1;1;3;
76807;202100049494;113 283;A01;1;7;0;9;3;24;2;
76808;202100049494;113 284;B01;1;1;0;2;1;1;5;
76809;202100049495;113 281;B01;3;2;0;2;1;1;1;
76810;202100049495;113 282;A01;2;7;0;2;2;19;1;
76811;202100049496;113 280;A01;3;7;5;0;1;1;1;
76812;202100049497;113 278;B01;0;40;0;9;3;1;3;
76813;202100049497;113 279;A01;3;50;0;4;1;26;3;
76814;202100049498;113 276;B01;2;30;0;2;1;13;1;
76815;202100049498;113 277;A01;1;7;0;2;3;1;1;
76816;202100049499;113 275;Z01;0;30;0;1;0;1;1;
76817;202100049500;113 273;A01;1;7;0;2;2;1;1;
76818;202100049500;113 274;B01;1;7;0;2;5;1;1;
76819;202100049501;113 271;A01;2;31;0;2;4;1;1;
76820;202100049501;113 272;B01;2;1;0;2;1;1;5;
76821;202100049502;113 269;B01;2;7;0;2;3;15;1;
76822;202100049502;113 270;A01;2;50;0;2;1;15;3;
76823;202100049504;113 265;B01;0;7;0;2;6;1;1;
76824;202100049504;113 266;A01;0;7;0;2;1;19;1;
76825;202100049505;113 263;A01;1;7;0;2;5;9;1;
76826;202100049505;113 264;B01;1;2;0;2;2;1;1;
76827;202100049506;113 261;A01;1;7;0;2;2;2;1;
76828;202100049506;113 262;B01;1;1;0;2;6;1;5;
76829;202100049507;113 260;A01;1;33;6;0;1;1;1;
76830;202100049508;113 256;D01;0;7;0;0;4;23;1;
76831;202100049508;113 257;C01;0;7;0;2;8;23;1;
76832;202100049508;113 258;B01;0;7;0;2;5;23;1;
76833;202100049508;113 259;A01;0;7;0;2;1;1;1;
76834;202100049509;113 255;TA01;1;14;4;0;7;16;1;
76835;202100049511;113 251;B01;2;7;8;1;7;1;1;
76836;202100049511;113 252;A01;2;7;0;2;1;1;0;
76837;202100049512;113 250;A01;0;7;0;1;2;1;1;
76838;202100049514;113 246;A01;1;7;0;2;6;2;1;
76839;202100049514;113 247;B01;2;34;0;2;2;17;3;
76840;202100049515;113 245;A01;1;7;0;1;2;0;1;
76841;202100049516;113 244;A01;3;31;0;0;7;0;1;
76842;202100049517;113 242;B01;3;7;0;2;1;1;1;
76843;202100049517;113 243;A01;1;7;0;2;8;1;1;
76844;202100049518;113 240;A01;2;1;0;2;1;26;0;
76845;202100049518;113 241;B01;2;7;0;2;3;1;1;
76846;202100049519;113 239;A01;1;1;1;0;1;1;5;
76847;202100049520;113 238;A01;1;33;8;0;1;12;1;
76848;202100049521;113 236;A01;1;13;0;2;7;16;1;
76849;202100049521;113 237;B01;1;1;0;2;8;1;5;
76850;202100049522;113 235;A01;1;7;0;1;2;1;3;
76851;202100049523;113 234;A01;1;37;0;1;2;7;2;1.0
76852;202100049524;113 233;A01;1;30;14;0;1;1;1;
76853;202100049526;113 230;A01;1;10;0;1;5;16;1;
76854;202100049527;113 228;A01;3;7;0;2;8;9;1;
76855;202100049527;113 229;B01;3;15;0;2;2;1;1;
76856;202100049528;113 227;A01;1;37;0;1;7;7;1;1.0
76857;202100049529;113 225;A01;1;7;0;2;8;22;1;
76858;202100049529;113 226;B01;1;1;0;2;1;1;5;
76859;202100049530;113 223;B01;1;1;0;2;1;1;5;
76860;202100049530;113 224;A01;2;1;0;2;2;15;5;
76861;202100049531;113 222;A01;2;1;0;1;3;1;5;
76862;202100049532;113 220;A01;1;7;0;2;1;1;1;
76863;202100049532;113 221;B01;1;30;0;2;6;1;1;
76864;202100049533;113 218;B01;0;1;0;2;1;19;5;
76865;202100049533;113 219;A01;1;7;0;2;1;13;1;
76866;202100049534;113 216;A01;2;30;1;2;1;18;1;
76867;202100049534;113 217;B01;2;7;0;2;2;1;1;
76868;202100049536;113 213;A01;2;7;0;1;2;1;1;
76869;202100049537;113 212;A01;1;7;8;0;8;17;1;
76870;202100049538;113 210;B01;1;33;0;2;1;17;0;
76871;202100049538;113 211;A01;1;7;0;2;5;19;0;
76872;202100049540;113 206;B01;2;10;0;2;6;13;0;
76873;202100049540;113 207;A01;2;32;0;2;2;17;6;
76874;202100049541;113 204;A01;2;2;0;2;1;2;1;
76875;202100049541;113 205;B01;2;7;0;2;3;15;1;
76876;202100049542;113 202;B01;1;7;0;2;5;1;1;
76877;202100049542;113 203;A01;1;7;0;2;1;26;1;
76878;202100049543;113 199;A01;3;7;9;1;1;1;1;
76879;202100049544;113 197;A01;1;7;0;2;2;2;2;
76880;202100049544;113 198;B01;1;2;0;2;8;18;1;
76881;202100049545;113 195;B01;2;7;0;2;3;15;1;
76882;202100049545;113 196;A01;2;30;0;2;1;17;0;
76883;202100049546;113 193;B01;3;30;0;2;8;1;1;
76884;202100049546;113 194;A01;2;7;0;2;1;1;2;
76885;202100049547;113 192;A01;3;33;0;1;1;18;1;
76886;202100049548;113 190;A01;2;7;0;2;1;16;1;
76887;202100049548;113 191;B01;3;80;0;2;8;19;3;
76888;202100049549;113 189;A01;1;10;8;0;1;2;1;
76889;202100049550;113 188;A01;0;7;0;0;2;0;1;
76890;202100049551;113 186;A01;1;7;3;2;1;9;1;
76891;202100049551;113 187;B01;1;7;5;0;4;23;1;
76892;202100049552;113 185;A01;2;15;0;0;0;14;6;
76893;202100049553;113 181;D01;1;7;7;0;3;1;1;
76894;202100049553;113 182;C01;1;7;0;2;8;1;1;
76895;202100049553;113 183;B01;1;7;0;2;1;1;1;
76896;202100049553;113 184;A01;2;7;0;2;3;1;1;
76897;202100049554;113 179;A01;1;7;0;2;3;15;1;
76898;202100049554;113 180;B01;1;1;0;2;1;17;5;
76899;202100049555;113 177;A01;2;7;0;2;2;1;1;
76900;202100049555;113 178;B01;2;1;0;2;8;1;5;
76901;202100049556;113 176;A01;2;33;0;0;8;16;1;
76902;202100049557;113 174;B01;1;7;0;2;1;1;1;
76903;202100049557;113 175;A01;2;7;0;2;1;1;1;
76904;202100049558;113 172;B01;2;13;0;2;3;1;1;
76905;202100049558;113 173;A01;1;7;0;2;3;13;1;
76906;202100049559;113 170;A01;2;2;0;2;8;1;1;
76907;202100049559;113 171;B01;2;10;0;2;2;13;1;
76908;202100049560;113 168;B01;2;7;0;0;1;1;1;
76909;202100049560;113 169;A01;1;7;3;2;3;13;1;
76910;202100049561;113 166;A01;1;32;3;2;1;2;1;
76911;202100049561;113 167;B01;1;7;0;0;4;23;1;
76912;202100049562;113 165;A01;1;33;0;0;8;0;1;
76913;202100049563;113 163;B01;1;7;0;0;4;15;1;
76914;202100049563;113 164;A01;1;15;0;0;1;1;1;
76915;202100049564;113 161;B01;2;7;0;2;1;1;1;
76916;202100049564;113 162;A01;2;2;0;0;8;15;1;
76917;202100049566;113 159;A01;2;7;0;1;3;15;1;
76918;202100049567;113 158;A01;0;7;1;0;2;0;1;