;Num_Acc;id_vehicule;num_veh;senc;catv;obs;obsm;choc;manv;motor;occutc
76919;202100049568;113 155;A01;3;33;0;2;1;2;1;
76920;202100049568;113 156;B01;3;7;0;0;6;2;1;
76921;202100049568;113 157;C01;3;7;0;2;3;1;1;
76922;202100049569;113 153;A01;1;1;0;2;3;2;5;
76923;202100049569;113 154;B01;1;33;0;2;0;17;1;
76924;202100049570;113 151;A01;1;7;0;9;2;1;1;
76925;202100049570;113 152;B01;3;1;0;2;2;9;5;
76926;202100049571;113 150;A01;1;7;0;9;3;1;1;
76927;202100049572;113 148;A01;1;7;0;2;1;21;1;
76928;202100049572;113 149;B01;1;7;0;2;4;23;1;
76929;202100049573;113 146;B01;1;15;0;2;2;0;1;
76930;202100049573;113 147;A01;1;7;0;2;8;1;2;
76931;202100049574;113 143;A01;1;7;0;2;0;23;1;
76932;202100049574;113 144;B01;1;7;0;2;5;21;1;
76933;202100049574;113 145;C01;1;10;0;2;3;21;1;
76934;202100049575;113 142;A01;1;7;16;0;9;1;1;
76935;202100049576;113 139;C01;1;7;0;2;3;1;1;
76936;202100049576;113 140;B01;1;15;0;2;6;1;1;
76937;202100049576;113 141;A01;1;7;0;2;2;11;1;
76938;202100049577;113 137;A01;2;7;0;2;1;2;1;
76939;202100049577;113 138;B01;2;7;0;2;5;2;1;
76940;202100049578;113 135;A01;1;7;0;2;1;2;1;
76941;202100049578;113 136;B01;1;10;0;2;4;2;1;
76942;202100049579;113 134;A01;2;32;0;0;9;1;1;
76943;202100049580;113 133;A01;2;7;4;0;3;26;1;
76944;202100049581;113 131;B01;2;17;0;2;8;22;2;
76945;202100049581;113 132;A01;2;33;0;2;1;3;1;
76946;202100049582;113 129;A01;2;33;0;2;2;1;1;
76947;202100049582;113 130;B01;2;10;0;2;4;13;1;
76948;202100049583;113 126;C01;1;10;0;2;4;2;1;
76949;202100049583;113 127;B01;1;7;0;2;4;2;1;
76950;202100049583;113 128;A01;1;7;0;2;1;2;1;
76951;202100049584;113 121;D01;2;10;0;2;1;1;1;
76952;202100049584;113 122;E01;2;17;0;2;1;1;1;
76953;202100049584;113 123;A01;2;17;0;2;3;11;1;
76954;202100049584;113 124;B01;2;7;0;2;2;1;1;
76955;202100049584;113 125;C01;2;7;0;2;7;1;1;
76956;202100049585;113 119;B01;2;7;0;2;4;2;1;
76957;202100049585;113 120;A01;2;33;0;2;1;2;1;
76958;202100049586;113 117;A01;1;33;0;2;1;2;1;
76959;202100049586;113 118;B01;1;7;0;2;4;2;1;
76960;202100049587;113 111;A01;2;10;0;2;1;1;1;
76961;202100049587;113 112;B01;2;7;0;2;4;23;1;
76962;202100049587;113 113;E01;2;7;0;2;4;23;1;
76963;202100049587;113 114;F01;2;7;0;2;1;1;1;
76964;202100049587;113 115;C01;2;7;0;2;4;23;1;
76965;202100049587;113 116;D01;2;7;0;2;4;23;1;
76966;202100049588;113 108;C01;2;7;0;2;1;2;1;
76967;202100049588;113 109;B01;2;7;0;2;2;12;1;
76968;202100049588;113 110;A01;2;10;0;2;6;2;1;
76969;202100049589;113 105;A01;2;7;0;2;4;2;1;
76970;202100049589;113 106;B01;2;7;0;2;9;2;1;
76971;202100049589;113 107;C01;2;10;0;2;1;2;1;
76972;202100049590;113 101;C01;2;17;0;2;1;2;1;
76973;202100049590;113 102;D01;2;17;0;2;4;2;1;
76974;202100049590;113 103;A01;2;17;0;2;1;2;1;
76975;202100049590;113 104;B01;2;14;0;2;1;2;1;
76976;202100049591;113 100;A01;3;30;0;1;6;26;0;
76977;202100049592;113 098;A01;3;7;15;0;1;1;1;
76978;202100049592;113 099;B01;3;7;0;2;6;19;1;
76979;202100049593;113 096;A01;2;7;0;2;5;1;1;
76980;202100049593;113 097;B01;2;1;0;2;8;15;5;
76981;202100049594;113 095;A01;1;10;0;1;7;20;1;
76982;202100049595;113 093;B01;1;7;0;2;8;23;1;
76983;202100049595;113 094;A01;1;7;0;2;1;26;1;
76984;202100049596;113 091;A01;1;33;0;4;1;1;1;
76985;202100049596;113 092;Z01;2;0;0;-1;-1;26;-1;
76986;202100049597;113 090;A01;2;7;15;0;2;12;1;
76987;202100049598;113 088;B01;2;7;0;2;6;16;1;
76988;202100049598;113 089;A01;2;7;0;2;2;1;1;
76989;202100049599;113 086;B01;2;30;0;2;1;13;1;
76990;202100049599;113 087;A01;2;7;0;2;2;26;1;
76991;202100049600;113 084;B01;1;7;0;2;0;0;1;
76992;202100049600;113 085;A01;1;33;0;2;1;2;1;
76993;202100049601;113 082;A01;3;33;0;2;7;16;1;
76994;202100049601;113 083;B01;3;10;0;2;2;1;1;
76995;202100049602;113 081;A01;3;7;0;1;2;1;1;
76996;202100049603;113 079;B01;3;1;0;2;3;1;5;
76997;202100049603;113 080;A01;3;10;0;2;1;15;1;
76998;202100049604;113 078;A01;3;7;8;2;7;2;1;
76999;202100049606;113 075;A01;3;7;0;1;7;1;1;
77000;202100049607;113 073;B01;0;30;0;0;7;2;1;
77001;202100049607;113 074;A01;1;30;0;0;7;1;1;
77002;202100049608;113 071;A01;1;7;0;2;1;2;1;
77003;202100049608;113 072;B01;1;7;0;2;4;2;1;
77004;202100049609;113 067;B01;1;7;0;2;1;1;1;
77005;202100049609;113 068;A01;1;7;0;2;4;1;1;
77006;202100049609;113 069;D01;1;7;0;2;1;1;1;
77007;202100049609;113 070;C01;1;7;0;2;1;1;1;
77008;202100049610;113 065;A01;1;33;0;2;8;1;1;
77009;202100049610;113 066;B01;1;7;0;2;2;16;1;
77010;202100049611;113 063;B01;0;7;0;2;1;15;1;
77011;202100049611;113 064;A01;0;7;0;2;3;1;1;
77012;202100049612;113 061;A01;0;7;0;2;2;15;1;
77013;202100049612;113 062;B01;0;33;0;2;1;2;1;
77014;202100049613;113 059;B01;3;1;0;2;5;19;5;
77015;202100049613;113 060;A01;3;7;0;2;5;26;1;
77016;202100049614;113 057;A01;0;33;0;2;1;1;1;
77017;202100049614;113 058;B01;0;7;0;2;1;15;1;
77018;202100049615;113 056;A01;0;7;1;0;1;21;1;
77019;202100049616;113 055;A01;0;7;0;1;1;1;1;
77020;202100049617;113 052;A01;2;1;0;0;0;1;5;
77021;202100049618;113 051;A01;1;3;0;1;1;1;1;
77022;202100049620;113 048;A01;1;7;0;1;0;9;1;
77023;202100049621;113 046;B01;1;30;0;2;1;1;1;
77024;202100049621;113 047;A01;1;7;0;2;5;15;1;
77025;202100049622;113 045;A01;1;80;0;1;0;1;3;
77026;202100049623;113 044;A01;1;7;0;1;1;1;1;
77027;202100049624;113 042;B01;1;1;0;2;1;2;5;
77028;202100049624;113 043;A01;1;7;0;2;4;2;1;
77029;202100049625;113 041;A01;1;7;0;1;1;15;2;
77030;202100049626;113 038;C01;1;7;0;2;4;2;1;
77031;202100049626;113 039;B01;1;7;0;2;4;2;1;
77032;202100049626;113 040;A01;1;7;0;2;1;2;1;
77033;202100049627;113 034;B01;1;7;0;2;4;23;1;
77034;202100049627;113 035;A01;1;7;0;2;1;1;1;
77035;202100049627;113 036;C01;1;7;0;2;4;23;1;
77036;202100049627;113 037;D01;1;7;0;2;4;23;1;
77037;202100049628;113 032;A01;2;7;0;2;2;15;1;
77038;202100049628;113 033;B01;1;10;0;2;1;1;1;
77039;202100049629;113 030;A01;2;7;0;2;2;15;1;
77040;202100049629;113 031;B01;1;7;0;2;3;1;1;
77041;202100049630;113 029;A01;1;1;0;2;0;1;5;
77042;202100049631;113 026;A01;1;7;0;2;0;0;1;
77043;202100049631;113 027;C01;3;7;0;2;1;23;1;
77044;202100049631;113 028;B01;3;7;0;2;1;9;1;
77045;202100049632;113 024;B01;1;7;0;2;3;1;1;
77046;202100049632;113 025;A01;2;30;0;2;1;13;1;
77047;202100049633;113 023;A01;2;33;12;0;3;13;1;
77048;202100049634;113 021;A01;1;7;0;2;2;15;1;
77049;202100049634;113 022;B01;1;33;0;2;1;1;1;
77050;202100049635;113 020;A01;1;2;15;0;1;1;1;
77051;202100049636;113 019;A01;1;7;0;1;6;4;1;
77052;202100049638;113 015;B01;3;50;0;2;0;1;3;
77053;202100049638;113 016;A01;3;7;0;9;1;20;1;
77054;202100049639;113 013;A01;0;1;0;2;1;5;5;
77055;202100049639;113 014;B01;0;1;0;0;1;1;5;
77056;202100049640;113 011;A01;3;7;0;2;1;15;1;
77057;202100049640;113 012;B01;3;1;0;2;8;1;5;
77058;202100049641;113 010;A01;3;7;0;1;1;1;1;
77059;202100049642;113 008;A01;2;7;0;2;3;9;1;
77060;202100049642;113 009;B01;2;33;0;2;5;1;1;
77061;202100049643;113 005;A01;2;2;1;0;1;2;1;
77062;202100049643;113 006;B01;2;7;0;2;6;23;1;
77063;202100049643;113 007;C01;1;15;0;2;6;21;1;
77064;202100049644;113 003;B01;2;33;0;2;1;1;1;
77065;202100049644;113 004;A01;2;7;0;2;3;15;1;
77066;202100049645;113 001;B01;1;7;0;2;7;1;1;
77067;202100049645;113 002;A01;3;7;0;2;1;16;1;
77068;202100049646;112 999;B01;2;7;0;2;8;1;1;
77069;202100049646;113 000;A01;2;7;0;2;2;16;1;
77070;202100049647;112 997;B01;1;7;0;2;3;15;1;
77071;202100049647;112 998;A01;1;33;0;2;2;17;1;
77072;202100049648;112 995;A01;1;7;0;2;3;21;1;
77073;202100049648;112 996;B01;1;2;0;2;1;17;1;
77074;202100049649;112 993;[01;1;7;0;2;3;1;1;
77075;202100049649;112 994;]01;2;7;0;2;2;19;1;
77076;202100049650;112 991;B01;1;7;1;2;8;16;1;
77077;202100049650;112 992;A01;1;7;1;2;1;1;1;
77078;202100049651;112 990;A01;1;7;0;1;2;1;1;
77079;202100049653;112 986;A01;1;33;0;2;1;1;1;
77080;202100049653;112 987;B01;2;7;0;2;2;15;1;
77081;202100049654;112 984;B01;0;10;0;2;4;1;1;
77082;202100049654;112 985;A01;1;7;0;2;1;1;1;
77083;202100049655;112 982;B01;1;7;0;2;3;16;0;
77084;202100049655;112 983;A01;3;7;0;2;3;19;1;
77085;202100049657;112 979;A01;2;10;0;2;2;12;1;
77086;202100049657;112 980;B01;2;31;0;2;8;1;1;
77087;202100049658;112 978;A01;1;7;0;0;9;13;1;
77088;202100049659;112 976;A01;1;7;0;2;5;15;1;
77089;202100049659;112 977;B01;1;30;0;2;1;18;1;
77090;202100049660;112 974;B01;1;2;0;2;8;7;1;
77091;202100049660;112 975;A01;1;7;0;2;7;16;1;
77092;202100049661;112 972;A01;3;31;0;2;1;1;1;
77093;202100049661;112 973;B01;3;7;0;2;5;23;3;
77094;202100049662;112 970;A01;2;10;0;2;3;15;1;
77095;202100049662;112 971;B01;2;33;0;2;7;17;1;
77096;202100049663;112 969;A01;1;7;0;1;1;15;1;
77097;202100049664;112 967;B01;1;50;0;2;8;1;3;
77098;202100049664;112 968;A01;1;7;0;2;1;1;1;
77099;202100049665;112 966;A01;1;1;0;2;1;21;5;
77100;202100049666;112 964;A01;1;32;0;2;2;13;1;
77101;202100049666;112 965;B01;1;10;0;2;6;23;1;
77102;202100049667;112 962;A01;1;30;0;2;8;11;1;
77103;202100049667;112 963;B01;1;7;0;2;0;1;1;
77104;202100049668;112 960;A01;1;2;0;2;1;16;1;
77105;202100049668;112 961;B01;1;10;0;2;4;26;1;
77106;202100049669;112 958;A01;1;50;0;2;1;15;3;
77107;202100049669;112 959;B01;1;7;0;2;3;1;1;
77108;202100049671;112 954;A01;1;7;0;2;7;1;1;
77109;202100049671;112 955;B01;2;7;1;2;2;1;1;
77110;202100049672;112 952;A01;2;7;0;2;5;15;1;
77111;202100049672;112 953;B01;2;31;0;2;2;1;1;
77112;202100049673;112 950;B01;2;33;0;2;3;2;1;
77113;202100049673;112 951;A01;2;10;0;2;7;2;1;
77114;202100049674;112 949;A01;2;7;15;0;3;1;1;
77115;202100049675;112 947;A01;2;7;0;2;8;11;1;
77116;202100049675;112 948;B01;2;43;0;2;2;2;1;
77117;202100049676;112 946;A01;0;7;0;1;1;1;1;
77118;202100049677;112 943;C01;1;7;0;2;3;1;2;
77119;202100049677;112 944;A01;2;7;0;2;2;13;2;
77120;202100049677;112 945;B01;2;7;0;2;6;2;1;
77121;202100049678;112 941;B01;1;7;0;2;4;23;2;
77122;202100049678;112 942;A01;1;7;0;2;1;2;1;
77123;202100049679;112 939;B01;1;7;14;0;4;2;1;
77124;202100049679;112 940;A01;1;7;0;2;1;2;1;
77125;202100049680;112 937;B01;0;32;0;2;3;1;1;
77126;202100049680;112 938;A01;0;7;0;2;2;19;1;
77127;202100049681;112 935;B01;2;7;0;2;2;2;1;
77128;202100049681;112 936;A01;2;7;0;2;3;9;1;
77129;202100049683;112 931;B01;2;33;0;2;1;19;1;
77130;202100049683;112 932;A01;2;7;0;2;7;9;1;
77131;202100049684;112 929;B01;3;7;0;2;1;1;0;
77132;202100049684;112 930;A01;3;7;2;2;2;15;0;
77133;202100049685;112 928;A01;1;10;0;1;3;15;1;
77134;202100049686;112 927;A01;1;7;0;1;1;1;0;
77135;202100049687;112 926;A01;2;7;0;1;1;1;1;
77136;202100049688;112 924;A01;1;7;0;2;2;16;1;
77137;202100049688;112 925;B01;1;50;0;2;1;1;3;
77138;202100049689;112 922;A01;1;10;0;1;3;15;1;
77139;202100049689;112 923;B01;1;1;0;2;4;23;5;
77140;202100049690;112 921;A01;1;7;11;0;1;1;1;
77141;202100049691;112 920;A01;2;7;0;1;1;1;1;
77142;202100049692;112 919;A01;0;7;0;1;1;1;1;
77143;202100049694;112 916;A01;0;32;0;2;2;1;1;
77144;202100049694;112 917;B01;0;10;0;2;3;9;1;
77145;202100049695;112 912;A01;1;7;0;2;1;17;1;
77146;202100049695;112 913;B01;1;7;0;2;6;15;1;
77147;202100049697;112 906;A01;1;7;0;2;2;17;1;
77148;202100049697;112 907;B01;1;2;0;2;8;15;1;
77149;202100049698;112 904;A01;1;7;2;0;1;1;1;
77150;202100049698;112 905;B01;2;7;0;9;8;1;1;
77151;202100049699;112 903;A01;1;33;0;0;9;2;1;
77152;202100049700;112 901;A01;2;7;0;0;4;15;1;
77153;202100049700;112 902;B01;2;14;0;2;1;1;1;
77154;202100049701;112 900;A01;1;31;9;0;1;1;1;
77155;202100049703;112 897;A01;2;7;3;2;1;14;1;
77156;202100049703;112 898;B01;1;7;0;2;3;1;1;
77157;202100049704;112 896;A01;1;14;8;0;1;1;1;
77158;202100049706;112 894;A01;2;7;16;0;0;13;1;
77159;202100049707;112 892;A01;0;10;0;2;1;1;1;
77160;202100049707;112 893;B01;0;7;0;2;8;15;1;
77161;202100049708;112 891;A01;1;7;0;1;3;15;1;
77162;202100049709;112 890;A01;2;33;16;0;0;1;1;
77163;202100049711;112 887;A01;1;7;2;0;1;1;1;
77164;202100049712;112 885;B01;1;7;0;2;2;1;1;
77165;202100049712;112 886;A01;1;2;0;0;4;0;1;
77166;202100049713;112 883;A01;1;10;0;2;5;15;1;
77167;202100049713;112 884;B01;2;33;0;2;2;1;1;
77168;202100049715;112 880;A01;2;7;0;1;5;4;1;
77169;202100049716;112 877;A01;1;7;13;0;1;13;1;
77170;202100049717;112 875;A01;1;7;0;2;6;13;1;
77171;202100049717;112 876;B01;1;33;0;2;2;13;1;
77172;202100049718;112 874;A01;1;7;13;6;1;1;1;
77173;202100049719;112 873;A01;2;7;6;0;8;1;1;
77174;202100049720;112 872;A01;1;0;0;1;2;0;0;
77175;202100049721;112 871;A01;2;7;0;1;1;15;1;
77176;202100049723;112 868;A01;2;2;0;1;1;1;1;
77177;202100049724;112 867;A01;2;7;13;0;1;13;1;
77178;202100049725;112 865;B01;2;1;0;2;1;1;5;
77179;202100049725;112 866;A01;1;7;0;9;2;15;1;
77180;202100049726;112 863;B01;2;7;15;2;3;1;1;
77181;202100049726;112 864;A01;1;7;15;2;3;1;1;
77182;202100049727;112 861;A01;2;7;7;2;7;19;1;
77183;202100049727;112 862;B01;1;10;0;2;1;1;1;
77184;202100049728;112 860;A01;3;7;0;1;3;15;1;
77185;202100049729;112 859;A01;1;39;0;1;1;1;3;
77186;202100049730;112 856;A01;2;7;0;2;1;2;1;
77187;202100049730;112 857;B01;2;7;0;2;4;1;1;
77188;202100049730;112 858;C01;2;7;0;2;4;1;1;
77189;202100049731;112 854;B01;2;7;0;2;5;14;1;
77190;202100049731;112 855;A01;2;33;0;2;3;3;1;
77191;202100049732;112 852;B01;2;7;0;2;6;1;0;
77192;202100049732;112 853;A01;2;7;0;2;2;14;1;
77193;202100049734;112 848;B01;2;7;0;2;4;2;1;
77194;202100049734;112 849;A01;2;34;0;2;1;3;1;
77195;202100049735;112 846;A01;2;32;0;0;4;26;1;
77196;202100049735;112 847;B01;2;10;0;2;1;26;1;
77197;202100049736;112 843;A01;1;7;0;2;0;10;0;
77198;202100049736;112 844;B01;1;7;0;2;1;1;1;
77199;202100049736;112 845;C01;1;7;0;2;3;1;1;
77200;202100049737;112 841;B01;2;32;0;2;1;1;1;
77201;202100049737;112 842;A01;1;7;0;2;2;19;1;
77202;202100049739;112 837;B01;2;7;0;2;3;1;1;
77203;202100049739;112 838;A01;1;7;0;2;2;1;1;
77204;202100049740;112 835;A01;1;7;0;2;3;15;1;
77205;202100049740;112 836;B01;1;50;0;2;2;1;3;
77206;202100049741;112 833;B01;2;7;0;2;8;1;1;
77207;202100049741;112 834;A01;1;50;0;2;1;5;3;
77208;202100049742;112 832;A01;3;7;0;1;1;16;1;
77209;202100049743;112 830;A01;1;10;0;2;1;9;1;
77210;202100049743;112 831;B01;2;7;0;2;0;0;1;
77211;202100049744;112 826;C01;1;10;0;2;4;2;1;
77212;202100049744;112 827;D01;1;7;0;2;8;1;1;
77213;202100049744;112 828;B01;1;7;0;2;4;2;2;
77214;202100049744;112 829;A01;1;7;0;2;1;2;1;
77215;202100049745;112 824;B01;2;7;0;2;4;2;1;
77216;202100049745;112 825;A01;2;30;14;0;1;2;1;
77217;202100049746;112 822;A01;0;31;0;2;2;1;0;
77218;202100049746;112 823;Y01;0;1;0;2;0;0;5;
77219;202100049747;112 819;T01;1;50;0;2;1;18;3;
77220;202100049747;112 820;A01;1;7;0;2;7;22;1;
77221;202100049748;112 816;B01;2;7;0;2;2;1;1;
77222;202100049748;112 817;C01;1;7;0;2;3;1;1;
77223;202100049748;112 818;A01;2;7;0;2;1;1;1;
77224;202100049749;112 814;B01;2;7;0;2;5;2;1;
77225;202100049749;112 815;A01;2;7;0;2;2;2;1;
77226;202100049750;112 813;B01;1;33;8;0;8;13;1;
77227;202100049751;112 812;A01;2;7;8;0;3;1;1;
77228;202100049752;112 811;A01;2;33;0;0;8;1;1;
77229;202100049753;112 810;A01;2;7;0;1;1;1;1;
77230;202100049754;112 808;A01;0;7;0;2;2;26;1;
77231;202100049754;112 809;B01;3;7;0;2;1;1;1;
77232;202100049755;112 806;P01;1;1;16;9;3;2;5;
77233;202100049755;112 807;Z01;1;7;16;0;2;2;1;
77234;202100049757;112 802;A01;1;7;0;2;1;1;1;
77235;202100049757;112 803;B01;1;7;0;2;4;15;1;
77236;202100049758;112 800;A01;1;7;0;2;3;9;1;
77237;202100049758;112 801;B01;0;33;0;2;1;1;1;
77238;202100049759;112 799;A01;1;1;1;0;2;0;0;
77239;202100049760;112 798;A01;0;7;15;0;2;15;1;
77240;202100049762;112 793;A01;3;10;0;1;1;1;1;
77241;202100049763;112 791;B01;2;7;0;2;6;1;1;
77242;202100049763;112 792;A01;2;31;0;2;1;1;1;
77243;202100049764;112 787;A01;1;50;0;2;1;1;3;
77244;202100049764;112 788;Z01;1;7;0;2;3;1;1;
77245;202100049765;112 785;A01;3;7;0;2;4;1;1;
77246;202100049765;112 786;B01;3;7;0;2;1;1;1;
77247;202100049767;112 781;A01;3;7;0;2;2;1;1;
77248;202100049767;112 782;B01;3;80;0;2;7;19;3;
77249;202100049768;112 780;A01;1;7;0;1;2;16;1;
77250;202100049769;112 778;B01;2;30;0;2;1;1;1;
77251;202100049769;112 779;A01;2;30;0;2;8;10;1;
77252;202100049770;112 776;B01;1;1;0;2;4;7;5;
77253;202100049770;112 777;A01;1;37;0;2;2;7;2;1.0
77254;202100049771;112 774;B01;2;7;0;2;5;1;1;
77255;202100049771;112 775;A01;3;32;0;2;1;1;1;
77256;202100049772;112 772;A01;1;30;0;2;3;7;3;
77257;202100049772;112 773;B01;1;3;0;2;7;16;1;
77258;202100049773;112 771;A01;2;1;0;0;0;1;5;
77259;202100049774;112 769;A01;3;30;0;2;0;17;1;
77260;202100049774;112 770;B01;0;10;0;2;0;15;1;
77261;202100049775;112 768;A01;1;33;7;0;1;21;1;
77262;202100049778;112 765;A01;2;50;0;0;0;1;3;
77263;202100049779;112 762;B01;2;7;0;2;2;2;1;
77264;202100049779;112 763;C01;1;7;0;2;1;2;1;
77265;202100049779;112 764;A01;1;7;0;2;3;16;1;
77266;202100049780;112 761;A01;1;7;4;0;1;1;1;
77267;202100049781;112 760;A01;1;7;0;1;1;1;0;
77268;202100049782;112 759;A01;2;7;6;0;1;19;1;
77269;202100049783;112 757;B01;2;30;0;2;0;0;1;
77270;202100049783;112 758;A01;1;10;0;2;8;1;1;
77271;202100049784;112 755;B01;2;7;0;2;3;16;1;
77272;202100049784;112 756;A01;2;7;0;2;2;1;1;
77273;202100049785;112 754;A01;1;7;0;1;1;1;1;
77274;202100049786;112 752;A01;1;32;0;2;1;0;1;
77275;202100049786;112 753;B01;2;7;0;2;1;15;1;
77276;202100049787;112 751;A01;0;10;2;0;3;1;3;
77277;202100049788;112 750;A01;2;7;5;0;1;1;1;
77278;202100049789;112 748;B01;1;10;0;9;2;1;1;
77279;202100049789;112 749;A01;3;1;0;2;1;15;6;
77280;202100049790;112 747;A01;2;33;0;0;8;1;1;
77281;202100049791;112 745;A01;1;7;0;2;1;9;1;
77282;202100049791;112 746;B01;1;33;0;0;7;1;1;
77283;202100049792;112 743;B01;1;15;0;2;4;1;1;
77284;202100049792;112 744;A01;1;10;0;2;1;12;1;
77285;202100049793;112 742;A01;1;7;4;0;1;13;1;
77286;202100049794;112 740;B01;1;7;0;0;3;0;1;
77287;202100049794;112 741;A01;2;7;8;2;1;13;1;
77288;202100049795;112 738;A01;1;7;0;0;6;15;1;
77289;202100049795;112 739;B01;2;33;0;2;1;1;0;
77290;202100049796;112 736;A01;1;7;0;2;1;19;1;
77291;202100049796;112 737;B01;2;33;0;2;7;1;1;
77292;202100049797;112 733;A01;2;7;0;0;4;2;1;
77293;202100049797;112 734;B01;2;7;0;0;4;2;1;
77294;202100049797;112 735;C01;2;7;0;2;1;2;1;
77295;202100049798;112 732;A01;3;7;2;0;1;0;1;
77296;202100049801;112 727;A01;1;7;0;2;9;15;1;
77297;202100049801;112 728;B01;2;7;2;2;3;1;1;
77298;202100049801;112 729;C01;3;7;0;2;1;1;1;
77299;202100049802;112 726;A01;3;32;9;0;1;1;1;
77300;202100049803;112 724;A01;2;10;0;2;7;17;1;
77301;202100049803;112 725;B01;2;1;0;0;8;1;5;
77302;202100049804;112 722;B01;1;10;0;2;7;1;1;
77303;202100049804;112 723;A01;1;7;0;0;1;1;1;
77304;202100049805;112 721;A01;1;7;0;0;9;1;1;
77305;202100049806;112 719;B01;1;1;0;2;1;2;5;
77306;202100049806;112 720;A01;1;7;0;2;4;2;1;
77307;202100049807;112 718;A01;1;33;7;0;8;1;1;
77308;202100049808;112 716;B01;1;2;0;2;8;2;3;
77309;202100049808;112 717;A01;1;10;0;2;7;17;0;
77310;202100049809;112 714;B01;2;1;0;2;8;15;0;
77311;202100049809;112 715;A01;2;7;0;9;7;17;1;
77312;202100049810;112 713;A01;2;7;13;0;3;0;1;
77313;202100049811;112 712;A01;1;7;0;1;1;1;1;
77314;202100049812;112 711;A01;3;3;0;0;9;1;1;
77315;202100049813;112 710;A01;3;7;13;0;1;1;1;
77316;202100049814;112 708;A01;2;2;0;2;0;16;1;
77317;202100049814;112 709;B01;1;7;0;2;1;0;1;
77318;202100049815;112 707;A01;2;7;2;0;8;1;1;
77319;202100049816;112 706;A01;2;10;8;0;1;13;1;
77320;202100049817;112 704;A01;2;33;0;2;1;1;1;
77321;202100049817;112 705;B01;2;7;0;0;4;1;1;
77322;202100049820;112 699;A01;3;7;0;2;2;26;1;
77323;202100049820;112 700;B01;3;43;0;2;7;1;1;
77324;202100049821;112 697;B01;1;17;0;0;0;2;1;
77325;202100049821;112 698;A01;1;7;0;2;5;2;1;
77326;202100049822;112 690;A01;1;7;0;2;1;2;1;
77327;202100049822;112 691;B01;1;7;0;2;4;2;1;
77328;202100049822;112 692;C01;1;10;0;2;1;2;1;
77329;202100049822;112 693;D01;1;7;0;2;0;1;1;
77330;202100049822;112 694;E01;1;7;0;2;4;1;1;
77331;202100049822;112 695;F01;1;10;0;2;4;1;1;
77332;202100049822;112 696;G01;1;7;0;2;4;1;1;
77333;202100049823;112 689;A01;1;33;3;0;8;17;1;
77334;202100049824;112 687;A01;1;7;0;2;3;9;1;
77335;202100049824;112 688;B01;2;33;0;2;1;1;1;
77336;202100049826;112 683;A01;2;7;0;2;2;1;1;
77337;202100049826;112 684;B01;1;7;0;2;2;15;2;
77338;202100049827;112 682;A01;1;31;2;0;1;0;1;
77339;202100049828;112 680;A01;1;7;0;2;1;17;1;
77340;202100049828;112 681;B01;2;7;0;2;1;1;1;
77341;202100049829;112 677;A01;0;36;17;0;1;1;1;
77342;202100049830;112 676;A01;2;21;0;0;8;1;1;
77343;202100049831;112 674;A01;0;7;0;0;7;19;1;
77344;202100049831;112 675;B01;0;33;0;0;0;1;1;
77345;202100049832;112 672;A01;2;7;0;2;1;9;1;
77346;202100049832;112 673;B01;2;2;0;2;7;21;1;
77347;202100049833;112 670;A01;3;33;0;2;1;1;1;
77348;202100049833;112 671;B01;3;7;0;2;2;19;1;
77349;202100049834;112 668;A01;1;2;0;2;1;1;1;
77350;202100049834;112 669;B01;0;7;0;0;3;9;1;
77351;202100049836;112 664;C01;1;7;0;2;1;1;1;
77352;202100049836;112 665;B01;1;7;0;2;1;2;1;
77353;202100049836;112 666;A01;1;7;0;2;4;23;1;
77354;202100049837;112 660;D01;1;7;0;2;1;2;1;
77355;202100049837;112 661;C01;1;7;0;2;4;2;1;
77356;202100049837;112 662;B01;1;7;0;2;4;2;1;
77357;202100049837;112 663;A01;1;7;0;2;4;1;1;
77358;202100049838;112 658;B01;2;7;0;2;4;2;1;
77359;202100049838;112 659;C01;2;7;0;2;1;2;1;
77360;202100049839;112 656;A01;2;7;0;2;4;1;1;
77361;202100049839;112 657;B01;2;7;0;2;1;2;1;
77362;202100049840;112 654;A01;1;7;0;2;4;1;1;
77363;202100049840;112 655;B01;1;10;0;2;3;2;1;
77364;202100049841;112 650;D01;2;7;0;2;1;1;1;
77365;202100049841;112 651;C01;2;10;0;2;4;2;1;
77366;202100049841;112 652;B01;2;7;0;2;4;1;1;
77367;202100049841;112 653;A01;2;7;0;2;4;1;1;
77368;202100049842;112 649;A01;1;7;4;0;1;1;1;
77369;202100049843;112 645;B01;1;7;0;2;4;23;1;
77370;202100049843;112 646;A01;1;99;0;2;1;2;1;
77371;202100049843;112 647;D01;1;7;0;2;4;23;1;
77372;202100049843;112 648;C01;1;7;0;2;4;23;2;
77373;202100049844;112 643;B01;2;7;0;2;4;2;1;
77374;202100049844;112 644;A01;2;33;0;2;1;2;1;
77375;202100049845;112 642;A01;1;10;4;0;3;2;1;
77376;202100049846;112 639;C01;2;7;0;2;5;13;1;
77377;202100049846;112 640;A01;2;7;0;2;3;18;1;
77378;202100049846;112 641;B01;2;7;0;2;5;3;1;
77379;202100049847;112 637;A01;1;7;0;2;2;1;1;
77380;202100049847;112 638;B01;1;7;0;2;6;1;1;