;Num_Acc;id_vehicule;num_veh;senc;catv;obs;obsm;choc;manv;motor;occutc
77381;202100049848;112 636;A01;2;7;3;0;1;9;1;
77382;202100049849;112 634;A01;1;7;0;2;2;11;1;
77383;202100049849;112 635;B01;1;7;0;2;3;1;1;
77384;202100049850;112 631;A01;1;7;0;2;4;2;1;
77385;202100049850;112 632;B01;1;7;0;2;1;2;1;
77386;202100049850;112 633;C01;1;7;0;2;1;2;1;
77387;202100049851;112 629;B01;2;33;0;2;9;3;1;
77388;202100049851;112 630;A01;2;7;0;2;8;11;1;
77389;202100049854;112 622;B01;1;10;0;2;4;23;1;
77390;202100049854;112 623;A01;1;7;0;2;1;2;1;
77391;202100049855;112 620;B01;2;7;0;2;3;23;1;
77392;202100049855;112 621;A01;2;10;0;2;6;20;1;
77393;202100049856;112 618;A01;2;33;0;2;0;17;1;
77394;202100049856;112 619;B01;2;7;0;2;0;11;1;
77395;202100049857;112 615;B01;1;7;1;0;4;0;0;
77396;202100049857;112 616;C01;1;7;16;0;6;0;1;
77397;202100049857;112 617;A01;1;7;1;0;1;0;1;
77398;202100049858;112 613;A01;1;7;0;2;5;13;1;
77399;202100049858;112 614;B01;1;7;0;2;6;1;1;
77400;202100049859;112 612;A01;1;32;0;1;8;26;1;
77401;202100049860;112 611;A01;3;33;0;0;0;26;1;
77402;202100049861;112 610;A01;3;33;0;0;0;1;1;
77403;202100049862;112 608;B01;2;43;0;2;1;1;1;
77404;202100049862;112 609;A01;1;7;0;2;2;15;1;
77405;202100049863;112 606;A01;2;7;0;2;3;15;1;
77406;202100049863;112 607;B01;2;2;0;2;1;17;0;
77407;202100049864;112 605;A01;1;7;12;0;2;20;1;
77408;202100049865;112 604;A01;2;10;15;0;1;1;1;
77409;202100049866;112 603;A01;2;7;0;1;2;1;1;
77410;202100049867;112 601;B01;0;60;0;2;7;1;5;
77411;202100049867;112 602;A01;2;7;0;9;2;16;1;
77412;202100049868;112 600;A01;0;7;0;1;1;1;1;
77413;202100049869;112 598;A01;2;7;0;2;1;13;1;
77414;202100049869;112 599;B01;1;21;0;0;0;0;1;
77415;202100049870;112 596;A01;3;7;0;2;1;19;1;
77416;202100049870;112 597;B01;3;7;0;2;4;1;1;
77417;202100049871;112 594;A01;1;7;0;2;7;1;0;
77418;202100049871;112 595;B01;2;7;0;2;1;16;1;
77419;202100049872;112 592;Z01;2;7;0;2;2;0;1;
77420;202100049872;112 593;B01;2;1;0;2;1;1;5;
77421;202100049874;112 588;A01;3;7;0;2;3;15;1;
77422;202100049874;112 589;B01;3;2;0;2;8;17;1;
77423;202100049875;112 587;A01;0;7;0;1;3;16;1;
77424;202100049876;112 584;B01;2;7;0;2;6;15;1;
77425;202100049876;112 585;A01;2;33;0;2;1;17;1;
77426;202100049877;112 582;B01;1;7;0;2;7;15;1;
77427;202100049877;112 583;A01;2;33;0;2;1;1;1;
77428;202100049879;112 578;A01;0;7;0;2;2;20;1;
77429;202100049879;112 579;B01;0;2;0;2;2;1;1;
77430;202100049880;112 576;A01;3;2;0;2;2;1;1;
77431;202100049880;112 577;B01;1;7;0;2;3;1;1;
77432;202100049881;112 575;A01;2;33;0;0;0;1;1;
77433;202100049882;112 574;A01;1;7;9;0;1;13;1;
77434;202100049883;112 573;A01;2;7;0;0;9;14;1;
77435;202100049884;112 571;A01;1;32;0;2;1;1;1;
77436;202100049884;112 572;B01;2;10;0;2;2;15;1;
77437;202100049885;112 569;A01;1;33;0;2;1;2;1;
77438;202100049885;112 570;B01;1;7;0;2;6;2;1;
77439;202100049886;112 568;A01;2;7;0;1;0;1;1;
77440;202100049887;112 566;B01;1;7;0;2;3;1;1;
77441;202100049887;112 567;A01;1;32;0;2;1;25;1;
77442;202100049889;112 563;B01;0;7;0;2;4;2;1;
77443;202100049889;112 564;A01;2;7;0;2;1;2;1;
77444;202100049890;112 562;A01;1;10;0;1;2;1;1;
77445;202100049891;112 560;B01;0;7;0;2;8;16;0;
77446;202100049891;112 561;A01;0;7;0;2;1;16;0;
77447;202100049892;112 558;B01;1;7;0;2;8;15;1;
77448;202100049892;112 559;A01;1;2;0;2;1;17;1;
77449;202100049893;112 555;C01;2;7;0;0;8;0;1;
77450;202100049893;112 556;B01;1;7;0;0;3;21;1;
77451;202100049893;112 557;A01;1;33;0;0;1;17;1;
77452;202100049894;112 554;A01;1;30;0;0;7;2;3;
77453;202100049896;112 548;Z01;2;7;0;2;4;1;0;
77454;202100049896;112 549;A01;2;2;0;2;1;1;1;
77455;202100049898;112 544;B01;2;33;0;2;3;3;1;
77456;202100049898;112 545;A01;2;7;0;2;1;12;1;
77457;202100049899;112 542;B01;1;7;0;2;4;23;1;
77458;202100049899;112 543;A01;1;7;0;2;1;14;1;
77459;202100049900;112 541;A01;1;10;7;0;1;1;1;
77460;202100049901;112 539;B01;1;7;0;2;3;15;1;
77461;202100049901;112 540;A01;2;30;0;2;7;1;1;
77462;202100049903;112 536;Z01;2;10;0;1;4;4;1;
77463;202100049906;112 531;A01;1;7;0;2;6;2;1;
77464;202100049906;112 532;B01;1;7;0;2;4;23;1;
77465;202100049908;112 527;B01;1;7;0;2;1;0;1;
77466;202100049908;112 528;A01;2;7;0;2;1;26;1;
77467;202100049909;112 526;A01;2;32;11;0;1;13;1;
77468;202100049912;112 520;A01;1;33;10;0;1;1;1;
77469;202100049913;112 519;A01;1;7;0;1;2;1;1;
77470;202100049914;112 517;A01;1;7;0;2;1;2;0;
77471;202100049914;112 518;B01;1;7;0;2;4;2;0;
77472;202100049915;112 516;A01;2;7;4;0;3;1;1;
77473;202100049916;112 514;A01;1;2;0;2;2;9;1;
77474;202100049916;112 515;B01;1;7;0;2;1;1;0;
77475;202100049917;112 512;B01;2;7;0;2;1;0;1;
77476;202100049917;112 513;A01;1;7;0;2;1;11;1;
77477;202100049918;112 511;A01;2;7;6;0;2;1;1;
77478;202100049919;112 510;A01;2;33;15;0;1;16;1;
77479;202100049920;112 509;A01;2;7;0;1;2;1;1;
77480;202100049921;112 507;A01;2;7;0;2;2;1;1;
77481;202100049921;112 508;B01;2;1;0;0;4;1;5;
77482;202100049922;112 506;A01;1;33;0;5;1;1;1;
77483;202100049923;112 503;A01;1;33;0;2;8;13;1;
77484;202100049923;112 504;B01;1;33;0;0;0;1;1;
77485;202100049923;112 505;C01;2;7;0;2;3;1;1;
77486;202100049924;112 501;B01;1;33;0;2;1;1;1;
77487;202100049924;112 502;A01;2;7;0;2;5;15;1;
77488;202100049925;112 500;A01;1;7;13;0;1;15;1;
77489;202100049926;112 499;A01;1;33;16;0;1;1;1;
77490;202100049927;112 497;B01;1;33;0;2;7;13;1;
77491;202100049927;112 498;A01;1;7;0;2;3;15;1;
77492;202100049929;112 494;A01;3;10;13;0;9;1;1;
77493;202100049930;112 493;A01;0;10;13;0;1;1;1;
77494;202100049931;112 492;A01;2;7;2;0;1;1;1;
77495;202100049932;112 490;A01;1;7;0;2;2;15;1;
77496;202100049932;112 491;B01;2;7;0;2;3;1;1;
77497;202100049933;112 488;B01;2;7;0;2;1;1;1;
77498;202100049933;112 489;A01;1;7;0;2;7;13;1;
77499;202100049934;112 486;B01;1;10;0;0;2;1;1;
77500;202100049934;112 487;A01;2;7;0;0;8;19;1;
77501;202100049935;112 484;B01;2;7;0;2;8;1;1;
77502;202100049935;112 485;A01;1;7;0;2;1;13;1;
77503;202100049936;112 483;A01;3;31;8;0;2;1;1;
77504;202100049937;112 481;A01;2;31;0;2;1;1;1;
77505;202100049937;112 482;B01;2;31;0;0;4;1;1;
77506;202100049938;112 480;A01;1;7;13;0;3;13;1;
77507;202100049940;112 478;A01;2;10;0;1;2;15;1;
77508;202100049941;112 476;B01;1;7;0;2;3;15;1;
77509;202100049941;112 477;A01;1;33;0;2;2;17;1;
77510;202100049942;112 475;A01;3;33;0;0;1;1;1;
77511;202100049943;112 473;A01;1;7;0;0;7;26;1;
77512;202100049943;112 474;B01;1;7;13;2;1;2;1;
77513;202100049944;112 472;A01;1;33;3;0;0;1;1;
77514;202100049945;112 470;B01;1;7;0;0;1;1;1;
77515;202100049945;112 471;A01;3;7;0;0;3;15;1;
77516;202100049946;112 469;A01;3;7;6;0;1;0;1;
77517;202100049947;112 468;A01;1;33;0;0;8;1;1;
77518;202100049948;112 466;B01;2;7;0;2;1;1;1;
77519;202100049948;112 467;A01;1;7;0;2;1;15;1;
77520;202100049949;112 465;A01;2;2;15;0;2;1;1;
77521;202100049950;112 464;A01;1;33;14;0;1;1;1;
77522;202100049951;112 463;A01;3;7;0;1;1;1;1;
77523;202100049953;112 459;A01;1;7;0;0;4;1;1;
77524;202100049953;112 460;B01;1;7;0;2;1;1;1;
77525;202100049954;112 458;A01;1;7;3;0;9;14;1;
77526;202100049955;112 456;A01;1;7;0;2;2;21;1;
77527;202100049955;112 457;B01;2;2;0;2;1;13;1;
77528;202100049957;112 453;A01;3;32;6;0;1;1;1;
77529;202100049958;112 451;A01;2;7;0;2;3;13;1;
77530;202100049958;112 452;B01;1;33;0;2;1;1;1;
77531;202100049959;112 449;B01;2;7;0;2;1;5;1;
77532;202100049959;112 450;A01;1;7;0;2;1;1;1;
77533;202100049960;112 447;B01;2;7;0;0;7;19;1;
77534;202100049960;112 448;A01;1;33;0;2;8;1;1;
77535;202100049961;112 446;A01;2;7;9;0;1;12;1;
77536;202100049962;112 444;B01;0;7;0;2;3;2;1;
77537;202100049962;112 445;A01;0;7;0;2;3;13;1;
77538;202100049963;112 443;A01;1;7;13;0;2;1;1;
77539;202100049964;112 441;A01;2;7;1;2;1;2;1;
77540;202100049964;112 442;B01;2;7;0;0;5;2;1;
77541;202100049965;112 438;A01;1;7;0;2;1;13;1;
77542;202100049965;112 439;B01;2;7;0;2;1;1;1;
77543;202100049966;112 436;A01;3;1;0;2;3;15;5;
77544;202100049966;112 437;B01;2;1;0;2;1;1;5;
77545;202100049967;112 435;A01;2;7;4;0;1;0;1;
77546;202100049968;112 433;A01;3;7;0;2;3;1;1;
77547;202100049968;112 434;B01;3;1;0;2;3;17;5;
77548;202100049969;112 432;A01;2;7;2;0;1;13;1;
77549;202100049971;112 430;A01;1;7;6;0;1;1;1;
77550;202100049973;112 423;A01;2;33;0;2;1;2;1;
77551;202100049973;112 424;B01;2;7;0;2;5;1;1;
77552;202100049974;112 419;D01;2;7;0;2;4;2;1;
77553;202100049974;112 420;C01;2;7;0;2;4;2;1;
77554;202100049974;112 421;B01;2;7;0;2;4;2;1;
77555;202100049974;112 422;A01;2;7;0;2;1;2;1;
77556;202100049975;112 417;B01;1;7;0;2;7;12;1;
77557;202100049975;112 418;A01;1;33;0;2;8;3;1;
77558;202100049976;112 411;D01;2;7;0;2;4;2;1;
77559;202100049976;112 412;E01;2;7;0;2;4;2;1;
77560;202100049976;112 413;F01;2;7;0;2;4;2;1;
77561;202100049976;112 414;A01;2;7;0;2;1;2;1;
77562;202100049976;112 415;B01;2;7;0;2;4;2;1;
77563;202100049976;112 416;C01;2;7;0;2;4;2;1;
77564;202100049977;112 409;B01;1;7;0;2;1;1;1;
77565;202100049977;112 410;A01;1;7;0;2;2;21;1;
77566;202100049978;112 407;A01;2;7;0;2;4;2;1;
77567;202100049978;112 408;B01;2;7;0;2;1;1;1;
77568;202100049979;112 405;B01;1;10;0;2;4;1;1;
77569;202100049979;112 406;A01;1;7;0;2;1;1;1;
77570;202100049980;112 403;B01;2;7;0;2;4;2;1;
77571;202100049980;112 404;A01;2;7;0;2;1;2;1;
77572;202100049981;112 401;A01;1;10;0;2;3;13;1;
77573;202100049981;112 402;B01;2;7;0;2;3;1;1;
77574;202100049982;112 400;A01;2;30;12;0;1;14;1;
77575;202100049983;112 398;A01;3;30;0;2;5;13;1;
77576;202100049983;112 399;B01;3;10;0;2;5;1;1;
77577;202100049984;112 395;B01;3;7;0;2;1;1;1;
77578;202100049984;112 396;A01;3;7;0;2;3;15;1;
77579;202100049984;112 397;C01;3;7;0;2;1;0;1;
77580;202100049985;112 393;B01;1;7;0;2;1;1;1;
77581;202100049985;112 394;A01;1;7;0;2;2;1;1;
77582;202100049986;112 391;B01;1;7;0;2;2;17;1;
77583;202100049986;112 392;A01;1;7;0;2;3;10;1;
77584;202100049987;112 390;A01;1;10;1;0;1;1;1;
77585;202100049988;112 389;A01;3;0;0;1;0;1;0;
77586;202100049989;112 388;A01;3;7;15;0;7;9;1;
77587;202100049990;112 387;A01;2;7;0;1;1;15;1;
77588;202100049991;112 386;A01;2;7;0;1;3;15;1;
77589;202100049992;112 384;B01;1;32;0;2;4;2;1;
77590;202100049992;112 385;A01;1;7;0;2;1;2;1;
77591;202100049993;112 382;A01;3;7;1;2;5;1;1;
77592;202100049993;112 383;B01;3;10;0;1;2;1;1;
77593;202100049996;112 376;C01;1;10;0;0;0;0;0;
77594;202100049996;112 377;A01;2;7;0;2;3;13;1;
77595;202100049996;112 378;B01;1;7;0;2;0;0;2;
77596;202100049997;112 374;A01;1;7;0;2;1;2;1;
77597;202100049997;112 375;B01;1;7;0;2;4;2;1;
77598;202100049998;112 373;A01;1;7;0;1;1;2;1;
77599;202100049999;112 371;A01;2;30;0;2;2;17;1;
77600;202100049999;112 372;B01;2;7;0;2;3;15;1;
77601;202100050000;112 369;A01;0;7;0;2;1;2;1;
77602;202100050000;112 370;B01;0;7;0;2;4;2;1;
77603;202100050001;112 368;A01;3;7;0;1;2;0;1;
77604;202100050002;112 367;A01;1;32;12;0;7;1;1;
77605;202100050003;112 365;A01;1;7;0;2;1;15;1;
77606;202100050003;112 366;B01;2;7;0;2;3;1;1;
77607;202100050004;112 363;A01;1;7;0;2;7;15;0;
77608;202100050004;112 364;B01;2;33;0;2;1;1;1;
77609;202100050005;112 360;A01;1;7;0;2;3;9;1;
77610;202100050005;112 361;B01;1;1;0;2;1;1;5;
77611;202100050006;112 359;A01;1;7;0;1;1;1;1;
77612;202100050007;112 358;A01;1;7;0;0;1;1;1;
77613;202100050008;112 356;B01;1;10;0;2;3;9;1;
77614;202100050008;112 357;A01;2;2;0;2;1;17;1;
77615;202100050009;112 354;A01;1;30;0;2;0;0;0;
77616;202100050009;112 355;B01;2;30;0;2;0;0;0;
77617;202100050010;112 352;B01;1;32;0;2;3;1;1;
77618;202100050010;112 353;A01;1;7;0;2;7;9;1;
77619;202100050011;112 350;A01;3;7;0;2;1;9;1;
77620;202100050011;112 351;B01;2;1;0;2;1;25;5;
77621;202100050012;112 348;B01;1;7;0;2;3;16;1;
77622;202100050012;112 349;A01;2;30;0;2;1;1;1;
77623;202100050013;112 345;A01;1;2;1;2;1;17;1;
77624;202100050013;112 346;B01;1;7;0;2;8;20;1;
77625;202100050013;112 347;C01;1;7;0;2;7;24;1;
77626;202100050014;112 344;A01;1;7;0;1;3;19;1;
77627;202100050016;112 340;A01;1;10;0;2;2;16;1;
77628;202100050016;112 341;B01;1;1;0;2;1;1;5;
77629;202100050017;112 338;B01;3;7;0;2;4;2;0;
77630;202100050017;112 339;A01;3;7;0;2;1;2;0;
77631;202100050019;112 335;A01;1;7;0;1;7;1;1;
77632;202100050020;112 333;B01;1;7;0;2;4;2;1;
77633;202100050020;112 334;Z01;1;7;0;2;1;2;1;
77634;202100050021;112 332;A01;1;7;0;1;3;26;1;
77635;202100050022;112 330;A01;1;7;0;2;3;9;1;
77636;202100050022;112 331;B01;1;7;0;2;1;1;1;
77637;202100050023;112 328;A01;3;7;0;2;5;1;1;
77638;202100050023;112 329;B01;2;7;0;2;1;1;1;
77639;202100050024;112 326;A01;1;10;0;2;2;15;1;
77640;202100050024;112 327;B01;2;33;0;2;7;1;1;
77641;202100050025;112 324;A01;3;7;0;2;1;15;1;
77642;202100050025;112 325;Z01;1;7;0;2;1;1;1;
77643;202100050027;112 319;A01;2;33;0;2;1;3;1;
77644;202100050027;112 320;B01;1;7;0;2;1;15;1;
77645;202100050027;112 321;C01;2;7;0;2;8;1;1;
77646;202100050028;112 317;B01;3;7;0;2;1;15;1;
77647;202100050028;112 318;A01;3;10;0;2;2;1;1;
77648;202100050029;112 316;A01;0;7;0;1;2;1;1;
77649;202100050030;112 315;A01;1;31;0;2;9;26;1;
77650;202100050031;112 313;B01;3;10;0;2;8;1;1;
77651;202100050031;112 314;A01;3;33;0;2;3;1;1;
77652;202100050032;112 311;A01;2;7;0;2;3;1;1;
77653;202100050032;112 312;B01;1;2;0;2;1;1;1;
77654;202100050033;112 309;B01;2;30;0;2;8;17;1;
77655;202100050033;112 310;A01;1;7;0;2;8;1;1;
77656;202100050034;112 308;A01;1;7;0;1;2;1;1;
77657;202100050035;112 306;B01;3;33;0;2;7;17;1;
77658;202100050035;112 307;A01;3;7;0;2;3;15;6;
77659;202100050038;112 299;A01;1;10;0;2;2;15;1;
77660;202100050038;112 300;C01;2;7;0;2;1;1;1;
77661;202100050038;112 301;B01;2;7;0;2;1;0;1;
77662;202100050040;112 293;A01;3;7;0;2;1;18;1;
77663;202100050040;112 294;B01;3;7;0;2;5;2;1;
77664;202100050041;112 291;B01;1;7;0;2;1;0;0;
77665;202100050041;112 292;A01;1;31;0;2;1;17;1;
77666;202100050042;112 289;A01;2;7;0;2;1;15;1;
77667;202100050042;112 290;B01;1;33;0;2;1;2;1;
77668;202100050043;112 288;A01;2;7;8;0;1;14;1;
77669;202100050044;112 286;A01;2;7;0;2;8;9;1;
77670;202100050044;112 287;B01;2;3;0;2;7;15;1;
77671;202100050045;112 285;A01;2;7;0;1;1;26;1;
77672;202100050046;112 283;A01;3;7;0;2;3;15;1;
77673;202100050046;112 284;B01;3;7;0;2;0;0;0;
77674;202100050047;112 281;B01;3;30;0;2;1;1;1;
77675;202100050047;112 282;A01;2;7;0;0;0;0;1;
77676;202100050049;112 277;A01;2;7;0;2;1;2;1;
77677;202100050049;112 278;B01;2;7;0;2;4;2;1;
77678;202100050050;112 275;A01;2;1;0;2;4;14;5;
77679;202100050050;112 276;B01;2;7;0;2;3;26;1;
77680;202100050051;112 273;B01;2;2;0;2;1;1;1;
77681;202100050051;112 274;A01;1;7;0;2;2;19;1;
77682;202100050052;112 272;A01;2;10;4;0;1;14;1;
77683;202100050053;112 270;B01;1;7;0;2;3;11;1;
77684;202100050053;112 271;A01;2;33;0;2;7;3;1;
77685;202100050054;112 269;A01;3;33;0;1;1;1;1;
77686;202100050055;112 268;A01;2;7;0;1;1;1;1;
77687;202100050057;112 264;A01;3;50;8;2;7;17;3;
77688;202100050057;112 265;B01;3;1;0;2;8;13;5;
77689;202100050058;112 262;A01;3;1;0;2;1;1;5;
77690;202100050058;112 263;B01;3;7;0;2;5;23;1;
77691;202100050059;112 261;A01;2;31;0;1;1;1;1;
77692;202100050060;112 259;A01;2;7;0;2;0;15;1;
77693;202100050060;112 260;B01;2;1;0;0;0;1;5;
77694;202100050062;112 256;B01;1;7;0;2;2;17;0;
77695;202100050062;112 257;A01;1;30;0;2;3;13;3;
77696;202100050063;112 255;A01;0;50;12;0;1;9;3;
77697;202100050064;112 253;A01;2;10;0;2;8;10;3;
77698;202100050064;112 254;B01;2;2;0;2;1;1;1;
77699;202100050065;112 249;A01;2;10;0;2;2;22;1;
77700;202100050065;112 250;B01;2;1;0;2;7;1;5;
77701;202100050066;112 248;A01;2;33;15;0;1;1;1;
77702;202100050067;112 246;B01;1;1;0;2;8;1;0;
77703;202100050067;112 247;A01;1;7;0;2;7;2;1;
77704;202100050068;112 245;A01;2;7;0;1;2;15;1;
77705;202100050069;112 244;A01;1;30;12;0;3;18;1;
77706;202100050070;112 242;B01;2;33;0;2;3;1;1;
77707;202100050070;112 243;A01;1;7;0;2;1;17;1;
77708;202100050071;112 238;D01;3;7;0;2;3;16;3;
77709;202100050071;112 239;C01;3;7;0;2;9;1;1;
77710;202100050071;112 240;B01;3;7;0;2;9;1;1;
77711;202100050071;112 241;A01;3;10;0;2;1;1;1;
77712;202100050072;112 236;B01;0;33;0;2;1;1;1;
77713;202100050072;112 237;A01;0;7;0;2;6;15;1;
77714;202100050073;112 234;A01;0;30;0;2;1;1;0;
77715;202100050073;112 235;B01;0;7;0;2;5;1;0;
77716;202100050074;112 232;B01;1;2;4;0;0;7;1;
77717;202100050074;112 233;A01;1;7;0;2;0;16;1;
77718;202100050075;112 227;B01;1;10;0;2;0;0;1;
77719;202100050075;112 228;C01;1;7;0;2;4;1;1;
77720;202100050075;112 229;D01;1;10;0;2;4;1;1;
77721;202100050075;112 230;E01;1;7;0;2;1;0;1;
77722;202100050075;112 231;A01;1;10;0;2;4;1;1;
77723;202100050076;112 225;A01;1;7;1;0;3;15;1;
77724;202100050076;112 226;B01;1;2;0;2;1;0;1;
77725;202100050077;112 224;A01;-1;32;0;1;1;1;1;
77726;202100050078;112 222;B01;0;10;0;2;3;0;1;
77727;202100050078;112 223;A01;3;7;0;2;2;0;2;
77728;202100050079;112 221;A01;1;7;0;1;2;20;1;
77729;202100050080;112 218;A01;1;33;0;0;0;23;1;
77730;202100050080;112 219;C01;1;7;0;2;1;1;1;
77731;202100050080;112 220;B01;1;7;0;2;1;2;1;
77732;202100050081;112 217;A01;0;37;0;1;2;16;0;1.0
77733;202100050082;112 216;X01;2;7;0;1;1;21;0;
77734;202100050083;112 215;A01;3;30;12;0;3;21;1;
77735;202100050084;112 213;A01;3;7;0;2;8;22;0;
77736;202100050084;112 214;B01;3;1;1;0;1;1;5;
77737;202100050085;112 211;B01;2;32;0;2;1;1;1;
77738;202100050085;112 212;A01;1;7;0;2;3;9;1;
77739;202100050086;112 209;B01;2;7;0;2;6;1;1;
77740;202100050086;112 210;A01;2;30;0;2;1;2;1;
77741;202100050087;112 207;B01;1;7;0;2;4;1;1;
77742;202100050087;112 208;A01;1;10;0;2;1;2;1;
77743;202100050088;112 205;A01;1;30;0;2;3;1;1;
77744;202100050088;112 206;B01;2;30;0;2;1;1;1;
77745;202100050089;112 203;B01;3;60;0;2;1;25;5;
77746;202100050089;112 204;A01;1;7;0;2;3;23;1;
77747;202100050090;112 202;A01;3;99;16;0;0;1;1;
77748;202100050091;112 200;A01;1;33;0;2;1;1;1;
77749;202100050091;112 201;B01;1;7;0;2;5;23;1;
77750;202100050092;112 198;B01;2;33;12;0;1;17;1;
77751;202100050092;112 199;A01;2;80;12;0;4;15;3;
77752;202100050093;112 196;A01;3;7;0;2;8;2;2;
77753;202100050093;112 197;B01;0;33;0;2;7;2;1;
77754;202100050094;112 195;A01;2;7;0;1;2;1;1;
77755;202100050095;112 193;B01;3;2;0;2;1;1;1;
77756;202100050095;112 194;A01;3;7;0;2;7;1;1;
77757;202100050096;112 192;A01;1;7;7;0;2;0;1;
77758;202100050097;112 191;A01;0;36;15;0;3;1;1;
77759;202100050098;112 189;B01;1;7;2;2;3;1;1;
77760;202100050098;112 190;A01;2;7;0;2;3;1;1;
77761;202100050099;112 187;B01;2;33;0;2;7;1;1;
77762;202100050099;112 188;A01;2;7;0;2;2;15;1;
77763;202100050100;112 185;B01;1;31;0;2;1;1;1;
77764;202100050100;112 186;A01;1;2;0;2;4;15;1;
77765;202100050101;112 183;A01;2;7;6;2;1;13;1;
77766;202100050101;112 184;B01;1;10;3;2;1;1;1;
77767;202100050102;112 181;A01;2;10;0;0;6;2;1;
77768;202100050102;112 182;B01;2;32;0;2;1;2;1;
77769;202100050103;112 179;A01;1;2;0;2;2;17;1;
77770;202100050103;112 180;B01;1;7;0;2;3;15;1;
77771;202100050105;112 175;A01;2;17;0;0;4;1;1;
77772;202100050105;112 176;B01;2;33;0;0;1;1;1;
77773;202100050106;112 173;A01;1;2;0;2;1;1;1;
77774;202100050106;112 174;B01;2;7;0;2;7;15;1;
77775;202100050107;112 172;A01;3;7;8;0;1;14;1;
77776;202100050108;112 170;B01;3;1;0;2;2;19;5;
77777;202100050108;112 171;A01;1;7;0;2;1;1;1;
77778;202100050109;112 169;A01;2;7;0;1;3;15;1;
77779;202100050110;112 167;A01;1;7;0;2;2;15;1;
77780;202100050110;112 168;B01;1;33;0;2;1;1;1;
77781;202100050111;112 166;A01;2;7;2;0;2;1;1;
77782;202100050112;112 164;B01;2;7;0;9;3;15;1;
77783;202100050112;112 165;A01;1;33;0;2;2;1;1;
77784;202100050113;112 162;B01;1;7;0;2;2;1;1;
77785;202100050113;112 163;A01;3;7;0;2;3;15;1;
77786;202100050114;112 160;B01;2;7;0;0;1;1;1;
77787;202100050114;112 161;A01;1;7;0;2;3;15;1;
77788;202100050115;112 159;A01;1;7;3;0;2;1;1;
77789;202100050116;112 157;A01;1;17;0;2;5;1;1;
77790;202100050116;112 158;B01;1;7;4;2;3;12;1;
77791;202100050117;112 156;A01;3;7;0;1;2;16;1;
77792;202100050118;112 151;D01;2;7;0;2;2;1;1;
77793;202100050118;112 152;E01;2;7;0;0;0;1;1;
77794;202100050118;112 153;C01;2;7;0;2;1;1;1;
77795;202100050118;112 154;B01;2;7;3;2;3;1;1;
77796;202100050118;112 155;A01;2;7;0;0;0;11;1;
77797;202100050119;112 148;B01;1;15;3;2;2;1;1;
77798;202100050119;112 149;A01;1;7;0;2;1;9;3;
77799;202100050119;112 150;C01;1;15;0;2;4;1;1;
77800;202100050120;112 146;A01;1;7;0;2;1;14;1;
77801;202100050120;112 147;B01;1;38;0;0;4;1;1;14.0
77802;202100050121;112 142;A01;2;7;0;2;3;1;1;
77803;202100050121;112 143;B01;1;33;0;2;1;1;1;
77804;202100050122;112 141;A01;0;7;0;1;2;0;1;
77805;202100050123;112 138;A01;3;7;0;0;9;1;1;
77806;202100050124;112 136;B01;3;7;0;2;1;1;1;
77807;202100050124;112 137;A01;3;7;0;2;4;1;1;
77808;202100050125;112 134;C01;3;1;0;2;9;15;-1;
77809;202100050125;112 135;A01;3;10;0;2;2;1;1;
77810;202100050126;112 132;B01;0;7;0;0;1;21;1;
77811;202100050126;112 133;A01;0;7;0;0;1;17;1;
77812;202100050127;112 131;A01;3;2;0;1;1;1;1;
77813;202100050129;112 126;T01;1;10;0;0;0;0;1;
77814;202100050129;112 127;A01;1;7;6;2;8;1;1;
77815;202100050130;112 124;A01;2;7;0;2;4;1;1;
77816;202100050130;112 125;B01;2;7;0;2;1;1;1;
77817;202100050131;112 122;A01;1;33;0;2;1;3;1;
77818;202100050131;112 123;B01;1;7;0;2;3;11;1;
77819;202100050132;112 119;A01;1;10;0;2;1;21;1;
77820;202100050132;112 120;B01;1;33;0;2;1;21;1;
77821;202100050132;112 121;C01;1;7;0;2;3;2;1;
77822;202100050133;112 117;A01;1;7;0;2;1;2;1;
77823;202100050133;112 118;B01;1;17;0;2;4;2;1;
77824;202100050134;112 115;A01;1;31;0;2;3;3;1;
77825;202100050134;112 116;B01;1;7;0;2;5;2;0;
77826;202100050135;112 113;B01;1;7;0;2;4;1;1;
77827;202100050135;112 114;A01;1;33;0;2;1;13;1;
77828;202100050136;112 108;A01;1;10;0;2;1;2;1;
77829;202100050136;112 109;B01;1;7;0;2;4;2;1;
77830;202100050136;112 110;C01;1;7;0;2;4;2;1;
77831;202100050136;112 111;D01;1;7;0;2;4;2;1;
77832;202100050136;112 112;E01;1;7;0;2;4;2;1;
77833;202100050137;112 106;A01;2;7;0;2;1;1;1;
77834;202100050137;112 107;B01;2;7;0;2;4;1;1;
77835;202100050139;112 100;A01;2;14;0;2;1;2;1;
77836;202100050139;112 101;B01;2;7;0;2;4;2;1;
77837;202100050140;112 099;A01;1;7;3;0;1;1;1;
77838;202100050141;112 097;B01;3;7;0;2;3;1;1;
77839;202100050141;112 098;A01;3;7;0;2;3;13;1;
77840;202100050144;112 090;B01;1;2;0;2;8;1;1;
77841;202100050144;112 091;A01;1;99;0;2;2;16;6;
77842;202100050145;112 088;B01;2;50;0;2;1;1;3;