;Num_Acc;id_vehicule;num_veh;senc;catv;obs;obsm;choc;manv;motor;occutc
77843;202100050145;112 089;A01;1;1;0;2;1;15;5;
77844;202100050146;112 086;B01;1;2;0;2;1;1;1;
77845;202100050146;112 087;A01;2;7;0;2;1;15;1;
77846;202100050147;112 085;A01;1;7;0;1;2;1;1;
77847;202100050148;112 083;B01;3;7;1;2;7;15;1;
77848;202100050148;112 084;A01;2;10;0;2;1;1;3;
77849;202100050149;112 082;A01;2;15;9;0;7;16;1;
77850;202100050150;112 080;A01;1;30;0;2;1;9;1;
77851;202100050150;112 081;B01;1;7;0;2;6;1;1;
77852;202100050151;112 076;D01;2;7;0;0;6;2;1;
77853;202100050151;112 077;C01;2;7;0;2;9;1;1;
77854;202100050151;112 078;B01;2;7;15;0;8;2;1;
77855;202100050151;112 079;A01;2;7;0;2;3;2;1;
77856;202100050152;112 075;A01;1;7;0;1;1;1;1;
77857;202100050153;112 073;B01;3;7;0;2;8;26;1;
77858;202100050153;112 074;A01;3;33;0;2;1;17;1;
77859;202100050154;112 071;B01;1;7;0;2;3;1;1;
77860;202100050154;112 072;A01;1;7;0;2;3;13;1;
77861;202100050155;112 069;B01;2;7;0;2;2;15;1;
77862;202100050155;112 070;A01;1;7;0;2;3;1;1;
77863;202100050156;112 067;B01;0;33;0;2;5;1;1;
77864;202100050156;112 068;A01;2;10;0;2;3;16;1;
77865;202100050157;112 065;B01;1;33;0;2;4;2;1;
77866;202100050157;112 066;A01;1;7;0;2;3;1;1;
77867;202100050158;112 064;A01;0;37;0;1;3;26;1;1.0
77868;202100050159;112 062;B01;2;7;0;2;3;1;1;
77869;202100050159;112 063;A01;1;7;0;2;3;13;1;
77870;202100050160;112 057;A01;1;10;0;1;7;0;1;
77871;202100050161;112 055;A01;3;15;0;2;3;2;1;
77872;202100050161;112 056;B01;3;7;0;2;4;21;1;
77873;202100050162;112 053;A01;1;7;0;2;3;13;1;
77874;202100050162;112 054;B01;2;7;0;2;3;0;1;
77875;202100050163;112 051;A01;0;7;0;2;3;0;1;
77876;202100050163;112 052;B01;0;33;0;2;7;0;1;
77877;202100050164;112 049;A01;2;7;0;2;1;15;1;
77878;202100050164;112 050;B01;1;33;0;2;1;1;1;
77879;202100050165;112 047;B01;1;7;0;2;8;15;1;
77880;202100050165;112 048;A01;1;7;0;2;1;2;1;
77881;202100050166;112 046;A01;3;50;0;1;0;0;3;
77882;202100050167;112 044;B01;1;7;0;2;1;1;1;
77883;202100050167;112 045;A01;1;7;0;2;1;9;1;
77884;202100050168;112 042;A01;3;7;0;2;1;2;1;
77885;202100050168;112 043;B01;3;7;0;2;6;2;1;
77886;202100050169;112 041;A01;1;7;0;2;1;1;1;
77887;202100050170;112 039;B01;1;7;0;2;3;1;1;
77888;202100050170;112 040;A01;1;2;0;2;1;16;1;
77889;202100050171;112 037;B01;2;30;0;2;1;2;1;
77890;202100050171;112 038;A01;2;33;0;2;4;2;1;
77891;202100050172;112 036;A01;1;10;0;1;1;16;1;
77892;202100050173;112 034;B01;0;7;0;2;5;1;1;
77893;202100050173;112 035;A01;0;31;0;2;1;1;1;
77894;202100050174;112 032;B01;0;1;0;0;2;0;5;
77895;202100050174;112 033;A01;0;3;0;2;2;26;1;
77896;202100050175;112 029;B01;2;7;1;0;3;1;1;
77897;202100050175;112 030;C01;3;7;0;2;5;24;1;
77898;202100050175;112 031;A01;2;7;7;2;1;1;1;
77899;202100050176;112 028;A01;1;7;6;2;1;15;1;
77900;202100050177;112 027;A01;1;7;13;0;3;13;1;
77901;202100050178;112 025;B01;1;2;0;2;7;15;1;
77902;202100050178;112 026;A01;2;7;0;2;4;4;1;
77903;202100050179;112 024;A01;2;36;12;0;4;4;1;
77904;202100050180;112 022;A01;3;7;0;2;1;2;1;
77905;202100050180;112 023;B01;3;7;0;1;4;2;1;
77906;202100050181;112 021;A01;3;7;4;0;9;1;1;
77907;202100050182;112 019;B01;3;7;0;2;1;1;1;
77908;202100050182;112 020;A01;3;7;0;2;7;1;1;
77909;202100050183;112 017;A01;1;15;0;2;3;2;1;
77910;202100050183;112 018;B01;1;7;0;2;4;23;1;
77911;202100050184;112 015;B01;1;37;0;2;7;26;1;1.0
77912;202100050184;112 016;A01;1;33;0;2;8;18;1;
77913;202100050185;112 011;D01;1;10;0;2;4;1;1;
77914;202100050185;112 012;A01;1;10;0;2;1;2;1;
77915;202100050185;112 013;B01;1;7;0;2;4;1;1;
77916;202100050185;112 014;C01;1;7;0;2;4;1;1;
77917;202100050186;112 009;B01;2;7;0;2;1;2;1;
77918;202100050186;112 010;A01;2;30;0;2;4;2;1;
77919;202100050187;112 008;A01;0;10;2;0;1;26;1;
77920;202100050188;112 006;A01;3;31;0;2;1;1;1;
77921;202100050188;112 007;B01;3;7;0;2;7;12;1;
77922;202100050189;112 004;A01;1;7;0;2;1;15;1;
77923;202100050189;112 005;B01;2;1;0;2;1;15;0;
77924;202100050190;112 002;B01;3;32;0;2;7;17;1;
77925;202100050190;112 003;A01;3;7;0;2;3;15;1;
77926;202100050191;112 000;A01;1;7;0;2;1;15;1;
77927;202100050191;112 001;B01;2;2;0;2;1;1;1;
77928;202100050192;111 998;A01;2;7;0;2;1;15;1;
77929;202100050192;111 999;B01;1;33;0;2;1;1;1;
77930;202100050193;111 997;A01;3;99;0;1;4;20;1;
77931;202100050194;111 996;A01;0;7;8;0;1;13;1;
77932;202100050195;111 995;A01;1;7;0;1;2;26;1;
77933;202100050196;111 993;A01;3;7;0;2;1;26;1;
77934;202100050196;111 994;B01;3;7;0;2;8;1;1;
77935;202100050197;111 991;B01;2;7;0;2;7;1;1;
77936;202100050197;111 992;A01;2;7;0;2;1;1;1;
77937;202100050198;111 988;C01;1;7;0;2;4;20;1;
77938;202100050198;111 989;B01;1;7;0;2;4;23;1;
77939;202100050198;111 990;A01;1;7;0;2;4;2;1;
77940;202100050199;111 984;A01;3;7;0;2;2;15;1;
77941;202100050199;111 985;B01;3;7;0;2;3;1;1;
77942;202100050200;111 982;B01;1;1;0;2;1;1;5;
77943;202100050200;111 983;A01;1;7;0;2;8;15;1;
77944;202100050201;111 979;A01;1;7;0;2;3;9;1;
77945;202100050201;111 980;B01;1;7;1;2;2;1;1;
77946;202100050201;111 981;C01;1;10;0;2;5;23;1;
77947;202100050203;111 976;A01;3;7;0;1;2;1;1;
77948;202100050204;111 975;A01;3;7;0;1;1;1;1;
77949;202100050206;111 971;B01;2;7;0;2;1;26;1;
77950;202100050206;111 972;A01;2;31;0;2;4;26;1;
77951;202100050207;111 970;A01;2;33;0;2;8;1;1;
77952;202100050208;111 968;Z01;1;7;0;2;3;11;1;
77953;202100050208;111 969;A01;1;43;0;2;2;1;1;
77954;202100050209;111 966;A01;2;43;0;2;2;1;1;
77955;202100050209;111 967;B01;1;7;0;2;3;9;1;
77956;202100050210;111 965;A01;0;30;0;0;0;1;1;
77957;202100050211;111 961;D01;1;7;0;2;2;1;1;
77958;202100050211;111 962;C01;1;7;0;2;4;23;1;
77959;202100050211;111 963;B01;1;10;0;2;4;23;1;
77960;202100050211;111 964;A01;1;7;0;2;4;23;1;
77961;202100050212;111 960;A01;2;13;0;1;2;1;1;
77962;202100050213;111 958;Z01;2;7;0;2;0;1;1;
77963;202100050213;111 959;A01;2;30;0;2;8;1;1;
77964;202100050214;111 956;B01;2;7;0;2;2;16;1;
77965;202100050214;111 957;A01;2;32;0;2;3;18;1;
77966;202100050215;111 954;B01;1;7;0;2;8;1;1;
77967;202100050215;111 955;A01;1;2;0;2;2;17;1;
77968;202100050216;111 952;A01;2;10;0;2;3;1;1;
77969;202100050216;111 953;B01;2;1;0;2;8;1;5;
77970;202100050217;111 951;A01;2;1;0;0;0;1;5;
77971;202100050218;111 950;A01;3;10;0;1;4;4;1;
77972;202100050219;111 948;A01;1;7;0;2;2;15;1;
77973;202100050219;111 949;B01;2;2;0;2;1;1;1;
77974;202100050220;111 946;B01;3;34;0;2;5;23;1;
77975;202100050220;111 947;A01;3;10;0;2;3;15;1;
77976;202100050221;111 944;B01;1;2;0;2;2;17;1;
77977;202100050221;111 945;A01;1;7;0;2;3;13;1;
77978;202100050222;111 942;B01;2;7;0;2;3;1;2;
77979;202100050222;111 943;A01;1;1;0;2;2;1;5;
77980;202100050223;111 940;A01;1;7;0;2;7;1;1;
77981;202100050223;111 941;B01;1;33;0;2;3;3;1;
77982;202100050224;111 937;B01;2;7;0;2;2;15;1;
77983;202100050224;111 938;A01;2;2;0;2;2;17;1;
77984;202100050224;111 939;C01;2;7;0;2;1;0;1;
77985;202100050225;111 935;B01;1;7;0;2;8;10;1;
77986;202100050225;111 936;A01;2;33;0;2;3;1;0;
77987;202100050227;111 932;A01;3;1;0;0;0;0;6;
77988;202100050228;111 930;B01;2;7;0;2;4;23;1;
77989;202100050228;111 931;A01;2;7;0;2;1;1;0;
77990;202100050229;111 928;Z01;1;10;0;0;4;2;0;
77991;202100050229;111 929;A01;1;30;0;2;1;2;3;
77992;202100050230;111 926;A01;-1;7;0;2;3;1;1;
77993;202100050230;111 927;B01;-1;30;0;2;1;16;0;
77994;202100050232;111 924;A01;3;7;0;1;2;1;1;
77995;202100050233;111 923;A01;1;99;0;1;8;21;0;
77996;202100050234;111 921;B01;1;32;0;2;0;2;1;
77997;202100050234;111 922;A01;1;33;0;2;7;23;1;
77998;202100050235;111 919;B01;3;7;0;2;2;0;0;
77999;202100050235;111 920;A01;0;7;0;2;6;9;0;
78000;202100050236;111 917;B01;1;7;0;2;1;19;1;
78001;202100050236;111 918;A01;-1;7;0;2;1;1;1;
78002;202100050237;111 916;A01;1;7;0;0;9;1;1;
78003;202100050238;111 914;B01;1;7;0;2;7;12;1;
78004;202100050238;111 915;A01;1;33;0;2;8;12;1;
78005;202100050240;111 910;B01;2;33;0;2;1;2;1;
78006;202100050240;111 911;A01;2;7;0;2;5;1;1;
78007;202100050241;111 908;B01;2;10;0;2;3;15;1;
78008;202100050241;111 909;A01;2;30;0;2;2;17;1;
78009;202100050242;111 907;A01;1;7;0;1;2;9;1;
78010;202100050243;111 906;A01;2;10;0;1;2;16;1;
78011;202100050244;111 905;A01;1;36;0;0;0;0;1;
78012;202100050245;111 904;A01;2;7;3;0;7;1;1;
78013;202100050246;111 902;A01;1;7;0;2;2;2;1;
78014;202100050246;111 903;B01;1;33;0;0;4;2;1;
78015;202100050247;111 901;A01;1;7;2;0;1;0;1;
78016;202100050248;111 900;A01;1;1;0;0;0;1;5;
78017;202100050249;111 898;B01;1;7;0;0;6;1;1;
78018;202100050249;111 899;A01;3;33;0;2;1;19;1;
78019;202100050250;111 897;A01;2;1;9;0;1;1;5;
78020;202100050251;111 895;A01;1;7;0;2;3;13;1;
78021;202100050251;111 896;B01;2;33;0;2;1;1;1;
78022;202100050252;111 894;A01;2;7;0;1;3;1;1;
78023;202100050253;111 891;C01;2;7;0;2;5;1;1;
78024;202100050253;111 892;B01;1;33;0;2;1;1;1;
78025;202100050253;111 893;A01;1;2;0;2;4;13;1;
78026;202100050254;111 890;A01;0;1;6;0;8;16;5;
78027;202100050255;111 888;B01;3;7;0;2;1;19;1;
78028;202100050255;111 889;A01;2;7;0;2;8;1;1;
78029;202100050256;111 887;A01;0;7;0;1;0;1;1;
78030;202100050257;111 885;A01;1;31;0;2;2;1;1;
78031;202100050257;111 886;B01;2;7;0;2;3;15;1;
78032;202100050258;111 883;B01;1;33;0;2;1;1;1;
78033;202100050258;111 884;A01;2;10;0;2;7;19;1;
78034;202100050259;111 881;B01;2;7;0;2;3;1;1;
78035;202100050259;111 882;A01;1;7;0;2;1;13;0;
78036;202100050260;111 880;A01;2;7;13;0;0;1;1;
78037;202100050261;111 878;A01;1;7;6;2;1;1;1;
78038;202100050261;111 879;B01;1;7;12;2;8;0;1;
78039;202100050262;111 877;A01;2;33;0;0;0;14;0;
78040;202100050263;111 876;A01;2;7;13;0;9;1;1;
78041;202100050264;111 874;A01;3;2;0;2;3;1;1;
78042;202100050264;111 875;B01;3;7;0;2;8;1;1;
78043;202100050265;111 873;A01;1;7;2;0;1;1;1;
78044;202100050266;111 871;A01;2;7;0;2;3;15;1;
78045;202100050266;111 872;B01;1;33;0;2;1;1;1;
78046;202100050267;111 868;A01;1;10;0;1;1;1;1;
78047;202100050268;111 866;B01;3;7;15;2;7;21;1;
78048;202100050268;111 867;A01;2;7;0;2;1;19;1;
78049;202100050269;111 865;A01;1;7;3;0;0;1;1;
78050;202100050270;111 864;A01;1;7;2;6;1;0;1;
78051;202100050271;111 859;A01;1;17;3;0;3;1;1;
78052;202100050271;111 860;B01;1;10;0;9;1;2;1;
78053;202100050273;111 856;A01;0;33;0;0;1;17;1;
78054;202100050273;111 857;B01;0;7;0;0;6;15;1;
78055;202100050274;111 854;A01;1;33;0;2;1;1;1;
78056;202100050274;111 855;B01;1;7;0;0;6;1;1;
78057;202100050275;111 852;B01;1;17;0;0;6;1;1;
78058;202100050275;111 853;A01;1;7;0;2;1;1;1;
78059;202100050276;111 850;B01;2;99;0;2;0;17;0;
78060;202100050276;111 851;A01;2;7;0;0;6;2;1;
78061;202100050277;111 848;A01;1;7;0;2;3;13;1;
78062;202100050277;111 849;B01;2;7;0;2;8;1;1;
78063;202100050278;111 846;B01;1;1;0;2;1;1;5;
78064;202100050278;111 847;A01;2;7;0;9;3;1;1;
78065;202100050279;111 844;B01;1;7;0;0;3;1;1;
78066;202100050279;111 845;A01;2;7;0;0;3;13;1;
78067;202100050280;111 839;A01;1;7;0;2;1;0;1;
78068;202100050280;111 840;B01;2;7;0;2;1;1;1;
78069;202100050280;111 841;C01;2;7;0;2;3;2;1;
78070;202100050281;111 838;A01;1;33;0;6;1;21;1;
78071;202100050282;111 835;A01;2;2;0;2;6;1;1;
78072;202100050282;111 836;B01;2;2;0;0;4;1;1;
78073;202100050282;111 837;C01;1;15;0;9;6;1;1;
78074;202100050283;111 833;B01;1;7;0;2;8;9;1;
78075;202100050283;111 834;A01;1;7;0;2;1;1;1;
78076;202100050284;111 831;A01;1;7;0;2;1;2;1;
78077;202100050284;111 832;B01;1;7;0;2;4;2;1;
78078;202100050285;111 828;C01;1;33;0;2;1;1;1;
78079;202100050285;111 829;B01;1;7;0;2;4;1;1;
78080;202100050285;111 830;A01;1;7;0;2;6;1;1;
78081;202100050286;111 826;B01;2;7;0;2;4;2;1;
78082;202100050286;111 827;A01;2;33;0;2;1;2;1;
78083;202100050287;111 821;A01;1;7;0;2;4;1;1;
78084;202100050287;111 822;B01;1;7;0;2;4;1;1;
78085;202100050287;111 823;C01;1;7;0;2;4;1;1;
78086;202100050287;111 824;D01;1;7;0;2;4;1;1;
78087;202100050287;111 825;E01;1;10;0;2;3;14;6;
78088;202100050288;111 817;A01;2;7;0;2;1;26;1;
78089;202100050288;111 818;B01;1;10;0;2;5;1;1;
78090;202100050288;111 819;C01;1;7;0;2;6;1;1;
78091;202100050288;111 820;D01;1;10;0;2;8;1;1;
78092;202100050290;111 813;A01;1;10;1;0;1;14;1;
78093;202100050290;111 814;B01;1;17;1;0;4;24;1;
78094;202100050291;111 811;A01;1;15;0;2;2;0;1;
78095;202100050291;111 812;B01;1;7;0;2;8;1;1;
78096;202100050292;111 809;A01;1;10;0;2;2;12;1;
78097;202100050292;111 810;B01;1;7;0;2;6;1;1;
78098;202100050294;111 804;A01;2;10;0;2;4;2;1;
78099;202100050294;111 805;B01;2;10;0;2;1;2;1;
78100;202100050294;111 806;C01;2;7;0;2;1;2;1;
78101;202100050295;111 803;A01;2;7;4;0;1;13;1;
78102;202100050296;111 800;A01;2;7;0;2;1;2;1;
78103;202100050296;111 801;B01;2;7;0;2;1;2;1;
78104;202100050296;111 802;C01;2;7;0;2;4;2;1;
78105;202100050297;111 795;B01;2;7;0;2;6;11;1;
78106;202100050297;111 796;A01;2;17;0;2;2;1;1;
78107;202100050297;111 797;E01;2;10;0;2;8;1;1;
78108;202100050297;111 798;D01;2;7;0;2;7;1;1;
78109;202100050297;111 799;C01;2;33;0;2;1;1;1;
78110;202100050298;111 793;A01;2;99;0;9;3;26;1;
78111;202100050298;111 794;B01;1;1;0;2;1;13;6;
78112;202100050299;111 791;B01;3;7;0;2;3;15;1;
78113;202100050299;111 792;A01;3;33;0;2;2;17;1;
78114;202100050300;111 789;B01;1;10;0;2;7;1;1;
78115;202100050300;111 790;A01;2;7;0;2;1;1;1;
78116;202100050301;111 787;A01;3;7;0;2;1;15;1;
78117;202100050301;111 788;B01;3;7;0;2;2;2;1;
78118;202100050302;111 785;B01;2;7;0;2;1;26;1;
78119;202100050302;111 786;A01;2;50;0;2;1;26;3;
78120;202100050303;111 783;B01;2;1;0;2;1;15;5;
78121;202100050303;111 784;A01;2;7;0;2;6;15;1;
78122;202100050304;111 781;B01;2;7;0;2;6;9;1;
78123;202100050304;111 782;A01;2;7;0;2;1;9;1;
78124;202100050305;111 780;A01;2;1;0;0;7;15;5;
78125;202100050309;111 775;A01;2;7;0;1;1;1;1;
78126;202100050310;111 774;A01;3;7;0;1;3;26;1;
78127;202100050311;111 772;B01;2;7;0;2;3;1;1;
78128;202100050311;111 773;A01;1;7;0;2;2;15;1;
78129;202100050312;111 771;A01;2;7;0;1;1;1;1;
78130;202100050313;111 770;A01;1;7;3;0;1;13;1;
78131;202100050314;111 767;A01;0;7;0;2;4;1;1;
78132;202100050314;111 768;B01;0;7;0;2;1;1;1;
78133;202100050314;111 769;C01;0;1;0;2;8;0;0;
78134;202100050315;111 765;A01;1;38;0;2;3;2;1;1.0
78135;202100050315;111 766;B01;1;1;0;2;7;19;6;
78136;202100050316;111 761;A01;1;7;0;2;1;2;1;
78137;202100050316;111 762;B01;1;7;0;2;4;2;1;
78138;202100050316;111 763;C01;1;7;0;2;4;2;1;
78139;202100050316;111 764;D01;1;7;0;2;7;1;1;
78140;202100050317;111 758;B01;2;31;8;0;3;5;1;
78141;202100050317;111 759;A01;1;7;0;2;3;23;1;
78142;202100050318;111 757;A01;1;7;6;0;1;13;1;
78143;202100050319;111 756;A01;1;7;0;1;1;1;1;
78144;202100050320;111 754;A01;2;7;1;0;3;13;1;
78145;202100050320;111 755;B01;1;7;0;2;8;24;1;
78146;202100050321;111 752;A01;1;7;0;2;6;9;1;
78147;202100050321;111 753;B01;1;17;0;2;2;15;1;
78148;202100050322;111 750;A01;2;7;0;2;5;15;1;
78149;202100050322;111 751;B01;1;1;0;2;1;1;5;
78150;202100050323;111 749;A01;1;30;0;0;8;1;1;
78151;202100050324;111 748;A01;1;7;0;1;1;26;1;
78152;202100050325;111 747;A01;3;10;0;1;1;15;1;
78153;202100050326;111 745;A01;2;7;0;2;5;15;1;
78154;202100050326;111 746;B01;1;34;0;2;1;1;0;
78155;202100050327;111 743;A01;2;7;5;2;3;13;1;
78156;202100050327;111 744;B01;2;7;0;2;3;13;1;
78157;202100050328;111 741;B01;3;1;0;2;1;26;5;
78158;202100050328;111 742;A01;1;7;0;9;2;26;1;
78159;202100050329;111 739;A01;1;7;0;2;8;10;1;
78160;202100050329;111 740;B01;1;33;0;2;8;1;1;
78161;202100050330;111 738;A01;1;7;0;1;2;2;1;
78162;202100050331;111 736;A01;0;10;0;2;3;15;1;
78163;202100050331;111 737;B01;0;1;0;2;1;1;5;
78164;202100050333;111 731;A01;1;7;0;2;3;1;1;
78165;202100050333;111 732;B01;3;50;0;2;2;19;3;
78166;202100050335;111 729;A01;1;33;12;0;1;1;1;
78167;202100050336;111 726;Z01;1;10;0;2;1;18;1;
78168;202100050336;111 727;C01;1;7;0;2;4;18;1;
78169;202100050336;111 728;B01;1;1;0;2;4;1;5;
78170;202100050337;111 724;B01;2;7;0;2;4;23;1;
78171;202100050337;111 725;A01;2;30;0;2;1;2;1;
78172;202100050338;111 722;A01;1;2;0;2;1;1;1;
78173;202100050338;111 723;B01;1;7;0;2;4;1;1;
78174;202100050339;111 721;A01;1;7;0;1;3;15;1;
78175;202100050340;111 719;A01;2;7;8;0;1;13;1;
78176;202100050340;111 720;B01;1;7;8;0;1;1;1;
78177;202100050341;111 718;Z01;3;7;0;1;6;26;1;
78178;202100050342;111 717;A01;2;99;0;0;0;1;3;
78179;202100050343;111 715;A01;3;7;0;2;3;15;1;
78180;202100050343;111 716;B01;3;7;0;2;2;1;1;
78181;202100050344;111 713;A01;1;37;0;2;6;2;1;1.0
78182;202100050344;111 714;B01;1;1;0;2;1;2;0;
78183;202100050345;111 710;C01;1;7;0;2;4;1;1;
78184;202100050345;111 711;B01;1;7;0;2;1;1;1;
78185;202100050345;111 712;A01;1;7;0;2;1;1;1;
78186;202100050346;111 709;A01;1;7;0;0;8;1;1;
78187;202100050347;111 707;B01;-1;7;0;2;7;1;1;
78188;202100050347;111 708;A01;2;7;0;2;1;1;1;
78189;202100050348;111 705;A01;1;30;0;2;4;11;1;
78190;202100050348;111 706;Z01;1;7;0;2;1;1;1;
78191;202100050350;111 701;B01;1;7;0;2;2;15;1;
78192;202100050350;111 702;A01;2;7;0;2;1;9;1;
78193;202100050351;111 699;B01;0;7;0;2;2;15;1;
78194;202100050351;111 700;A01;1;33;1;2;1;1;1;
78195;202100050352;111 697;B01;1;7;0;2;3;15;1;
78196;202100050352;111 698;A01;2;1;0;2;1;1;5;
78197;202100050353;111 696;A01;1;7;0;1;1;16;1;
78198;202100050354;111 693;C01;1;10;0;2;6;23;1;
78199;202100050354;111 694;B01;1;7;0;2;5;23;1;
78200;202100050354;111 695;A01;1;10;0;2;1;1;1;
78201;202100050355;111 691;A01;3;2;0;2;0;26;0;
78202;202100050355;111 692;B01;3;7;0;2;0;1;1;
78203;202100050356;111 688;B01;1;7;0;2;4;2;1;
78204;202100050356;111 689;A01;1;7;0;2;1;2;1;
78205;202100050356;111 690;C01;1;10;0;2;4;2;1;
78206;202100050357;111 686;A01;1;7;0;2;3;15;1;
78207;202100050357;111 687;B01;1;33;0;2;2;3;1;
78208;202100050358;111 684;B01;1;50;0;2;1;1;3;
78209;202100050358;111 685;A01;1;7;0;2;8;22;1;
78210;202100050359;111 682;A01;1;7;0;2;1;1;1;
78211;202100050359;111 683;B01;1;1;0;2;4;23;5;
78212;202100050360;111 680;B01;1;1;0;2;2;1;5;
78213;202100050360;111 681;A01;1;7;0;2;3;22;1;
78214;202100050361;111 678;B01;2;1;0;2;1;1;5;
78215;202100050361;111 679;A01;2;7;0;2;6;15;2;
78216;202100050362;111 676;A01;2;33;0;2;1;17;1;
78217;202100050362;111 677;B01;2;7;0;2;6;15;1;
78218;202100050363;111 674;A01;1;7;0;2;2;22;1;
78219;202100050363;111 675;B01;1;1;0;2;1;1;5;
78220;202100050364;111 672;B01;2;32;0;2;1;1;1;
78221;202100050364;111 673;A01;1;7;0;2;2;15;1;
78222;202100050365;111 670;A01;2;7;0;2;5;15;1;
78223;202100050365;111 671;B01;1;32;0;2;1;1;1;
78224;202100050367;111 666;A01;2;10;9;2;3;1;1;
78225;202100050367;111 667;B01;0;7;0;2;1;1;1;
78226;202100050368;111 665;A01;1;7;1;1;2;1;1;
78227;202100050369;111 663;B01;3;31;0;2;3;0;1;
78228;202100050369;111 664;A01;3;7;0;0;2;9;1;
78229;202100050371;111 660;A01;1;7;0;0;9;2;1;
78230;202100050372;111 657;C01;2;7;0;2;4;23;1;
78231;202100050372;111 658;B01;2;7;0;2;1;2;2;
78232;202100050372;111 659;A01;2;7;0;2;1;2;1;
78233;202100050373;111 655;B01;1;15;0;0;4;1;1;
78234;202100050373;111 656;A01;1;7;0;2;1;1;1;
78235;202100050374;111 654;A01;0;7;0;1;1;15;1;
78236;202100050375;111 653;A01;3;7;0;2;1;19;1;
78237;202100050376;111 652;A01;1;7;0;1;3;16;1;
78238;202100050377;111 650;B01;2;10;0;2;1;1;1;
78239;202100050377;111 651;A01;2;7;0;2;2;1;1;
78240;202100050378;111 648;A01;0;7;0;2;2;16;1;
78241;202100050378;111 649;B01;0;33;0;0;4;23;1;
78242;202100050380;111 645;A01;2;7;0;1;2;1;1;
78243;202100050381;111 643;A01;0;17;0;2;2;9;1;
78244;202100050381;111 644;B01;0;1;0;2;8;18;0;
78245;202100050382;111 641;A01;2;7;9;2;2;16;1;
78246;202100050382;111 642;B01;1;37;0;2;2;1;1;1.0
78247;202100050384;111 637;A01;1;10;0;2;1;2;1;
78248;202100050384;111 638;B01;1;7;0;2;4;23;1;
78249;202100050385;111 635;A01;1;7;0;2;0;23;1;
78250;202100050385;111 636;B01;1;1;0;2;0;1;5;
78251;202100050386;111 632;A01;2;7;0;2;3;17;1;
78252;202100050386;111 633;B01;1;14;0;2;3;1;1;
78253;202100050386;111 634;C01;2;10;0;2;1;2;1;
78254;202100050387;111 630;A01;2;33;0;2;1;17;1;
78255;202100050387;111 631;B01;2;10;0;0;6;15;1;
78256;202100050388;111 629;A01;1;33;16;0;2;1;1;
78257;202100050389;111 626;A01;1;7;0;2;3;1;1;
78258;202100050389;111 627;B01;2;33;0;2;1;17;1;
78259;202100050390;111 625;A01;2;2;6;0;1;1;1;
78260;202100050391;111 622;B01;2;10;0;2;3;2;1;
78261;202100050391;111 623;A01;1;7;0;2;3;5;1;
78262;202100050391;111 624;C01;2;10;0;9;1;2;1;
78263;202100050392;111 619;C01;1;10;0;2;1;1;1;
78264;202100050392;111 620;B01;1;10;0;2;8;1;1;
78265;202100050392;111 621;A01;2;7;0;2;1;13;1;
78266;202100050393;111 618;A01;1;31;0;0;9;1;1;
78267;202100050394;111 616;B01;3;1;0;2;3;1;5;
78268;202100050394;111 617;A01;1;10;0;2;2;1;1;
78269;202100050395;111 614;B01;1;7;0;2;1;1;1;
78270;202100050395;111 615;A01;3;7;0;2;2;19;1;
78271;202100050397;111 610;A01;1;32;0;2;1;1;1;
78272;202100050397;111 611;B01;1;1;0;0;4;11;5;
78273;202100050398;111 608;A01;1;7;6;2;7;17;1;
78274;202100050398;111 609;B01;1;7;0;2;8;17;1;
78275;202100050399;111 607;A01;2;7;8;0;1;1;1;
78276;202100050400;111 606;A01;2;33;12;0;1;0;1;
78277;202100050401;111 604;B01;2;1;0;2;8;1;5;
78278;202100050401;111 605;A01;1;3;0;9;1;1;1;
78279;202100050402;111 602;B01;1;21;0;0;4;1;1;
78280;202100050402;111 603;A01;1;10;0;2;1;2;1;
78281;202100050404;111 600;A01;2;33;0;0;0;1;1;
78282;202100050406;111 596;B01;1;7;0;2;8;2;1;
78283;202100050406;111 597;A01;1;2;0;2;7;2;1;
78284;202100050407;111 595;A01;3;10;0;1;3;9;1;
78285;202100050408;111 593;A01;1;7;0;2;3;10;1;
78286;202100050408;111 594;B01;1;33;0;2;1;17;1;
78287;202100050409;111 592;A01;2;33;16;0;0;1;1;
78288;202100050410;111 590;B01;2;14;0;2;2;1;1;
78289;202100050410;111 591;A01;2;33;0;0;6;23;1;
78290;202100050411;111 589;A01;2;7;13;0;8;1;1;
78291;202100050413;111 587;A01;0;10;6;1;1;1;1;
78292;202100050414;111 585;B01;3;1;0;2;7;1;5;
78293;202100050414;111 586;A01;3;1;0;2;8;13;5;
78294;202100050415;111 583;B01;2;1;0;2;3;15;5;
78295;202100050415;111 584;A01;2;7;0;2;2;1;1;
78296;202100050416;111 581;B01;1;2;0;2;1;1;1;
78297;202100050416;111 582;A01;2;7;0;2;1;15;1;
78298;202100050417;111 579;A01;1;7;0;2;3;1;1;
78299;202100050417;111 580;B01;2;7;13;2;3;1;1;
78300;202100050418;111 578;A01;0;33;15;9;7;1;1;
78301;202100050419;111 576;B01;2;7;0;2;1;1;1;
78302;202100050419;111 577;A01;1;7;0;2;3;13;1;
78303;202100050421;111 571;C01;1;10;0;2;8;1;1;
78304;202100050421;111 572;B01;1;7;0;2;1;1;1;