;Num_Acc;id_vehicule;num_veh;senc;catv;obs;obsm;choc;manv;motor;occutc
78305;202100050421;111 573;A01;1;7;0;2;4;12;1;
78306;202100050422;111 568;C01;2;7;0;9;2;1;0;
78307;202100050422;111 569;B01;2;7;0;2;5;1;0;
78308;202100050422;111 570;Z01;2;7;0;2;3;0;0;
78309;202100050423;111 567;A01;1;7;4;0;2;16;1;
78310;202100050424;111 566;A01;2;7;4;0;3;11;1;
78311;202100050425;111 562;A01;1;7;0;2;1;2;1;
78312;202100050425;111 563;B01;1;7;1;2;4;2;1;
78313;202100050425;111 564;C01;1;7;0;2;4;2;1;
78314;202100050425;111 565;D01;1;7;0;2;4;24;1;
78315;202100050426;111 561;A01;2;7;0;1;1;15;1;
78316;202100050427;111 559;B01;1;1;0;2;1;19;5;
78317;202100050427;111 560;A01;1;7;0;2;1;1;1;
78318;202100050428;111 557;A01;0;7;0;2;1;1;1;
78319;202100050428;111 558;B01;2;7;0;2;3;1;1;
78320;202100050429;111 556;A01;1;30;0;0;7;1;1;
78321;202100050431;111 552;A01;0;10;0;2;7;16;6;
78322;202100050431;111 553;B01;3;1;0;2;1;1;0;
78323;202100050433;111 548;A01;3;7;0;9;2;1;1;
78324;202100050433;111 549;B01;3;50;0;2;5;19;3;
78325;202100050434;111 546;B01;1;7;0;2;3;0;1;
78326;202100050434;111 547;A01;1;33;0;2;4;2;1;
78327;202100050435;111 545;A01;2;7;0;0;9;26;1;
78328;202100050436;111 543;A01;2;7;0;2;1;13;6;
78329;202100050436;111 544;B01;1;7;0;2;3;1;1;
78330;202100050437;111 542;A01;1;7;13;0;1;13;1;
78331;202100050438;111 540;A01;0;7;0;2;3;15;1;
78332;202100050438;111 541;B01;0;34;0;2;7;2;1;
78333;202100050439;111 539;A01;1;7;0;1;8;1;1;
78334;202100050440;111 538;A01;2;30;0;0;0;21;1;
78335;202100050442;111 536;A01;3;7;0;1;8;1;1;
78336;202100050443;111 535;A01;3;7;0;1;1;1;1;
78337;202100050445;111 531;B01;1;2;0;2;7;15;0;
78338;202100050445;111 532;A01;1;7;0;2;3;26;0;
78339;202100050448;111 526;A01;1;1;14;0;1;1;5;
78340;202100050449;111 524;B01;1;1;0;2;1;1;5;
78341;202100050449;111 525;A01;2;7;0;2;2;9;1;
78342;202100050450;111 523;A01;1;7;0;1;1;1;1;
78343;202100050451;111 520;C01;2;7;0;2;4;16;1;
78344;202100050451;111 521;B01;2;10;0;2;4;23;1;
78345;202100050451;111 522;A01;2;7;0;2;1;2;1;
78346;202100050452;111 519;A01;2;1;0;0;0;26;6;
78347;202100050453;111 517;A01;2;2;0;2;0;9;1;
78348;202100050453;111 518;B01;3;7;0;2;3;26;1;
78349;202100050456;111 510;C01;1;7;0;2;4;2;1;
78350;202100050456;111 511;B01;1;7;0;2;4;2;1;
78351;202100050456;111 512;A01;1;7;0;2;1;2;1;
78352;202100050457;111 508;B01;1;10;0;2;2;1;1;
78353;202100050457;111 509;A01;2;7;0;2;3;9;1;
78354;202100050458;111 506;B01;2;7;0;2;3;26;1;
78355;202100050458;111 507;A01;1;7;0;2;3;13;1;
78356;202100050459;111 503;A01;1;7;0;2;1;2;1;
78357;202100050459;111 504;B01;1;7;0;2;4;2;1;
78358;202100050459;111 505;C01;1;7;0;0;4;0;1;
78359;202100050460;111 501;B01;2;1;0;2;7;1;0;
78360;202100050460;111 502;A01;2;7;0;2;1;9;1;
78361;202100050461;111 499;A01;1;30;0;2;1;1;6;
78362;202100050461;111 500;B01;1;30;0;2;2;1;0;
78363;202100050462;111 497;B01;3;7;1;2;2;2;1;
78364;202100050462;111 498;A01;3;7;1;2;3;2;1;
78365;202100050463;111 494;A01;1;7;0;2;2;15;1;
78366;202100050463;111 495;B01;2;7;0;2;1;1;1;
78367;202100050463;111 496;C01;1;10;0;2;8;1;1;
78368;202100050464;111 492;B01;1;1;0;2;0;2;5;
78369;202100050464;111 493;A01;1;38;0;2;5;2;1;1.0
78370;202100050467;111 487;A01;1;7;0;1;7;1;1;
78371;202100050468;111 486;A01;2;7;0;1;2;1;2;
78372;202100050471;111 477;B01;2;7;0;2;1;2;1;
78373;202100050471;111 478;C01;1;7;0;2;6;2;1;
78374;202100050471;111 479;A01;1;7;0;2;1;13;1;
78375;202100050472;111 475;Z01;0;7;0;2;1;1;0;
78376;202100050472;111 476;B01;1;50;0;2;7;1;3;
78377;202100050473;111 473;B01;1;2;0;2;8;1;1;
78378;202100050473;111 474;C01;1;10;0;2;2;1;-1;
78379;202100050474;111 472;A01;1;7;0;1;1;1;1;
78380;202100050475;111 470;A01;1;7;0;2;3;15;1;
78381;202100050475;111 471;B01;2;7;0;2;2;1;1;
78382;202100050476;111 469;A01;2;43;0;1;1;1;1;
78383;202100050477;111 467;B01;1;7;0;2;2;26;1;
78384;202100050477;111 468;A01;2;7;0;2;1;9;1;
78385;202100050478;111 466;A01;1;7;6;0;1;1;1;
78386;202100050479;111 464;B01;2;7;0;2;1;1;1;
78387;202100050479;111 465;A01;1;7;0;2;5;1;1;
78388;202100050480;111 463;A01;1;30;0;0;0;16;1;
78389;202100050481;111 461;B01;2;1;0;2;8;7;5;
78390;202100050481;111 462;A01;2;7;0;2;2;15;1;
78391;202100050482;111 459;A01;1;33;0;2;1;1;1;
78392;202100050482;111 460;B01;1;32;0;2;3;1;1;
78393;202100050483;111 458;A01;1;1;0;1;3;1;5;
78394;202100050484;111 456;B01;2;30;0;2;3;15;3;
78395;202100050484;111 457;A01;1;30;0;2;1;17;1;
78396;202100050485;111 454;A01;1;10;0;2;8;20;1;
78397;202100050485;111 455;B01;1;33;1;2;2;1;1;
78398;202100050486;111 452;B01;3;10;0;2;4;23;1;
78399;202100050486;111 453;A01;3;7;0;2;1;2;1;
78400;202100050487;111 450;B01;2;50;0;2;1;1;3;
78401;202100050487;111 451;A01;2;10;0;2;7;22;1;
78402;202100050488;111 449;A01;2;37;0;1;2;26;1;1.0
78403;202100050489;111 448;A01;2;7;0;1;1;19;1;
78404;202100050490;111 447;A01;1;7;0;1;3;26;1;
78405;202100050491;111 445;B01;3;7;0;2;2;1;1;
78406;202100050491;111 446;A01;1;7;9;2;8;1;1;
78407;202100050492;111 443;B01;1;7;6;2;2;1;1;
78408;202100050492;111 444;A01;2;7;0;2;3;15;1;
78409;202100050493;111 441;A01;0;43;0;2;1;26;1;
78410;202100050493;111 442;B01;0;7;0;0;5;11;1;
78411;202100050494;111 440;A01;3;7;0;1;1;1;3;
78412;202100050495;111 438;A01;-1;7;0;0;1;10;1;
78413;202100050495;111 439;B01;-1;2;0;0;1;1;1;
78414;202100050496;111 437;A01;2;7;0;1;1;1;0;
78415;202100050497;111 435;A01;1;7;0;2;1;9;1;
78416;202100050497;111 436;B01;2;1;0;2;8;1;5;
78417;202100050498;111 433;B01;1;50;0;2;4;19;3;
78418;202100050498;111 434;A01;1;10;0;1;1;19;1;
78419;202100050500;111 430;B01;1;7;0;2;1;1;1;
78420;202100050500;111 431;A01;2;30;0;2;7;5;1;
78421;202100050501;111 429;A01;1;30;12;0;8;14;3;
78422;202100050502;111 428;A01;2;30;0;1;1;18;1;
78423;202100050503;111 426;B01;3;10;0;2;1;0;1;
78424;202100050503;111 427;A01;3;7;6;2;1;0;1;
78425;202100050504;111 425;A01;2;7;8;0;1;1;1;
78426;202100050505;111 423;A01;1;17;0;2;2;1;1;
78427;202100050505;111 424;B01;1;7;0;0;4;23;1;
78428;202100050506;111 421;A01;1;10;0;2;1;1;1;
78429;202100050506;111 422;B01;1;7;0;0;4;1;1;
78430;202100050507;111 420;A01;2;17;3;0;3;6;1;
78431;202100050509;111 417;A01;1;7;0;1;2;16;1;
78432;202100050510;111 413;A01;3;7;0;2;3;1;1;
78433;202100050510;111 414;B01;3;10;0;2;2;15;1;
78434;202100050511;111 412;A01;2;33;13;0;9;14;1;
78435;202100050512;111 410;B01;1;7;0;2;1;1;1;
78436;202100050512;111 411;A01;2;7;0;2;1;15;0;
78437;202100050513;111 408;A01;3;1;0;2;1;1;5;
78438;202100050513;111 409;B01;3;7;0;0;1;15;1;
78439;202100050514;111 405;B01;3;7;0;2;1;19;1;
78440;202100050514;111 406;A01;1;7;0;2;6;1;1;
78441;202100050516;111 402;B01;1;1;0;2;1;1;0;
78442;202100050516;111 403;A01;2;7;0;9;7;1;1;
78443;202100050517;111 400;A01;1;33;0;0;1;1;1;
78444;202100050517;111 401;B01;2;10;0;0;5;15;1;
78445;202100050518;111 397;A01;1;1;0;0;0;16;5;
78446;202100050519;111 395;B01;2;33;0;2;1;1;1;
78447;202100050519;111 396;A01;1;14;0;2;7;15;1;
78448;202100050520;111 393;A01;1;7;0;2;8;3;1;
78449;202100050520;111 394;B01;2;33;0;2;8;1;1;
78450;202100050521;111 391;B01;3;7;0;9;6;0;1;
78451;202100050521;111 392;A01;3;31;0;2;3;0;1;
78452;202100050522;111 389;A01;2;7;0;2;5;19;1;
78453;202100050522;111 390;B01;2;10;0;2;1;2;1;
78454;202100050523;111 387;A01;1;7;0;2;1;1;1;
78455;202100050523;111 388;B01;1;21;0;2;6;1;1;
78456;202100050525;111 384;B01;2;2;0;2;8;15;1;
78457;202100050525;111 385;A01;1;7;0;2;1;1;1;
78458;202100050526;111 383;A01;3;43;6;0;2;1;1;
78459;202100050528;111 379;A01;2;33;9;0;1;1;1;
78460;202100050529;111 377;A01;1;17;0;2;8;9;1;
78461;202100050529;111 378;B01;1;10;0;2;2;2;1;
78462;202100050531;111 374;B01;0;1;0;2;7;26;6;
78463;202100050531;111 375;A01;0;7;0;9;3;9;1;
78464;202100050532;111 373;A01;2;7;0;1;2;1;1;
78465;202100050533;111 371;A01;0;33;0;2;1;2;1;
78466;202100050533;111 372;B01;0;7;0;2;5;2;1;
78467;202100050534;111 369;B01;2;7;0;2;2;21;1;
78468;202100050534;111 370;A01;2;7;8;2;8;15;1;
78469;202100050535;111 367;B01;0;2;0;2;2;21;1;
78470;202100050535;111 368;A01;1;7;0;2;6;16;1;
78471;202100050536;111 364;C01;2;10;0;2;1;2;1;
78472;202100050536;111 365;A01;2;7;0;0;4;23;1;
78473;202100050536;111 366;B01;2;7;0;2;4;23;1;
78474;202100050537;111 363;A01;1;7;0;1;2;1;1;
78475;202100050538;111 360;A01;1;7;0;2;4;1;1;
78476;202100050538;111 361;B01;1;7;0;2;1;2;1;
78477;202100050539;111 357;A01;1;13;0;2;4;23;1;
78478;202100050539;111 358;C01;1;7;0;2;1;2;2;
78479;202100050539;111 359;B01;1;7;0;2;4;2;1;
78480;202100050540;111 355;A01;1;7;0;2;1;2;1;
78481;202100050540;111 356;B01;1;7;0;2;4;2;1;
78482;202100050541;111 352;C01;2;10;0;2;7;2;1;
78483;202100050541;111 353;A01;2;43;0;2;7;1;1;
78484;202100050541;111 354;B01;2;7;0;2;8;2;1;
78485;202100050542;111 351;A01;1;7;3;5;1;1;1;
78486;202100050543;111 350;A01;1;7;0;5;1;12;1;
78487;202100050544;111 348;B01;2;15;0;2;6;1;1;
78488;202100050544;111 349;A01;2;32;0;2;1;3;1;
78489;202100050545;111 346;B01;2;7;0;2;4;2;1;
78490;202100050545;111 347;A01;2;33;0;2;1;2;1;
78491;202100050546;111 344;A01;2;7;4;2;7;1;1;
78492;202100050546;111 345;B01;2;14;0;2;3;11;1;
78493;202100050549;111 335;B01;2;10;0;2;1;2;1;
78494;202100050549;111 336;A01;2;7;0;2;6;2;1;
78495;202100050549;111 337;C01;2;7;0;2;1;2;1;
78496;202100050550;111 330;E01;2;7;0;0;0;0;1;
78497;202100050550;111 331;D01;2;10;0;2;3;1;1;
78498;202100050550;111 332;C01;2;7;0;2;4;1;1;
78499;202100050550;111 333;B01;2;7;0;2;1;1;1;
78500;202100050550;111 334;A01;2;7;0;2;4;2;0;
78501;202100050551;111 328;A01;2;7;0;2;6;1;1;
78502;202100050551;111 329;Z01;2;7;0;2;1;3;0;
78503;202100050552;111 327;A01;2;7;6;0;1;13;1;
78504;202100050553;111 326;A01;2;33;0;6;1;1;1;
78505;202100050554;111 324;B01;1;2;0;2;7;1;1;
78506;202100050554;111 325;A01;2;7;0;2;3;9;1;
78507;202100050555;111 323;A01;2;7;0;1;2;1;1;
78508;202100050556;111 321;A01;3;2;0;2;1;17;1;
78509;202100050556;111 322;B01;3;7;0;2;3;15;1;
78510;202100050557;111 320;A01;1;2;0;0;0;9;1;
78511;202100050558;111 319;A01;1;7;0;1;3;15;1;
78512;202100050559;111 317;B01;1;50;0;2;3;26;3;
78513;202100050559;111 318;A01;1;7;0;9;1;26;0;
78514;202100050560;111 316;A01;1;7;6;1;6;14;1;
78515;202100050562;111 313;A01;1;30;0;2;3;1;1;
78516;202100050562;111 314;B01;1;10;0;2;0;26;0;
78517;202100050563;111 312;A01;3;7;0;1;3;20;1;
78518;202100050564;111 310;B01;3;80;0;2;8;19;3;
78519;202100050564;111 311;A01;2;30;0;2;1;0;1;
78520;202100050565;111 308;A01;1;14;0;2;1;2;1;
78521;202100050565;111 309;B01;1;13;0;1;4;1;1;
78522;202100050566;111 307;A01;2;7;13;0;2;15;1;
78523;202100050567;111 301;A01;2;7;0;2;5;2;1;
78524;202100050567;111 302;B01;2;33;0;2;1;2;1;
78525;202100050568;111 299;B01;0;34;0;2;1;1;1;
78526;202100050568;111 300;A01;0;7;0;2;7;15;1;
78527;202100050569;111 297;A01;2;7;0;2;1;2;1;
78528;202100050569;111 298;B01;2;1;0;2;4;2;5;
78529;202100050570;111 293;B01;2;7;0;2;3;20;2;
78530;202100050570;111 294;A01;1;50;0;2;1;5;3;
78531;202100050571;111 291;B01;2;1;0;2;1;1;5;
78532;202100050571;111 292;A01;1;7;0;2;2;15;1;
78533;202100050572;111 289;B01;2;1;0;2;7;1;5;
78534;202100050572;111 290;A01;2;37;0;2;6;1;1;1.0
78535;202100050573;111 287;B01;2;7;0;2;3;1;1;
78536;202100050573;111 288;A01;1;2;0;2;1;1;1;
78537;202100050574;111 285;A01;3;7;0;2;3;16;1;
78538;202100050574;111 286;B01;3;1;0;2;7;16;5;
78539;202100050575;111 284;A01;3;7;0;1;2;16;1;
78540;202100050576;111 282;B01;1;33;0;2;1;1;1;
78541;202100050576;111 283;A01;1;7;0;2;6;12;1;
78542;202100050577;111 281;A01;2;7;2;0;1;1;1;
78543;202100050578;111 279;A01;2;1;0;2;1;19;5;
78544;202100050578;111 280;B01;1;7;0;2;5;15;0;
78545;202100050579;111 277;A01;2;31;15;2;1;17;1;
78546;202100050579;111 278;B01;2;10;0;2;8;15;1;
78547;202100050580;111 276;A01;2;7;9;1;2;9;1;
78548;202100050581;111 273;A01;1;7;0;2;1;1;1;
78549;202100050581;111 274;B01;1;7;2;0;9;13;1;
78550;202100050581;111 275;C01;2;7;0;2;1;13;1;
78551;202100050582;111 272;A01;2;7;0;1;1;9;2;
78552;202100050583;111 270;D01;2;7;0;2;2;17;1;
78553;202100050583;111 271;A01;2;1;0;2;4;15;5;
78554;202100050584;111 268;A01;2;7;3;2;1;5;1;
78555;202100050584;111 269;B01;2;7;0;2;1;1;1;
78556;202100050585;111 266;B01;1;7;0;2;8;0;0;
78557;202100050585;111 267;A01;1;7;6;2;8;17;0;
78558;202100050586;111 264;A01;1;7;0;2;3;15;1;
78559;202100050586;111 265;B01;1;31;0;2;1;1;1;
78560;202100050587;111 262;B01;3;33;0;2;9;26;1;
78561;202100050587;111 263;A01;3;7;0;2;7;15;1;
78562;202100050588;111 260;A01;2;7;0;2;1;15;1;
78563;202100050588;111 261;B01;1;2;0;2;1;1;1;
78564;202100050590;111 256;A01;2;7;0;2;1;17;1;
78565;202100050590;111 257;B01;1;7;0;2;4;1;1;
78566;202100050590;111 258;C01;2;7;0;2;1;1;2;
78567;202100050591;111 254;A01;2;7;0;2;0;0;1;
78568;202100050591;111 255;B01;3;7;0;0;0;0;1;
78569;202100050592;111 253;A01;1;7;0;1;1;1;1;
78570;202100050593;111 251;B01;2;10;0;2;3;15;1;
78571;202100050593;111 252;A01;2;30;0;2;0;17;1;
78572;202100050594;111 250;Z01;2;0;0;1;0;0;0;
78573;202100050596;111 247;B01;2;10;0;2;2;2;1;
78574;202100050596;111 248;A01;2;7;0;2;3;1;1;
78575;202100050597;111 246;A01;0;37;0;1;3;15;0;1.0
78576;202100050598;111 245;A01;2;33;8;0;3;13;1;
78577;202100050600;111 241;A01;1;7;0;2;1;2;1;
78578;202100050600;111 242;B01;1;7;0;2;4;26;1;
78579;202100050601;111 239;B01;2;7;0;0;4;1;1;
78580;202100050601;111 240;A01;2;7;0;2;1;2;1;
78581;202100050602;111 238;A01;1;3;0;1;1;1;0;
78582;202100050603;111 236;B01;2;50;0;2;1;0;3;
78583;202100050603;111 237;A01;2;7;0;2;6;15;1;
78584;202100050604;111 235;A01;1;7;0;1;2;1;1;
78585;202100050605;111 234;A01;3;7;0;1;1;1;1;
78586;202100050606;111 231;A01;-1;7;0;2;6;23;2;
78587;202100050606;111 232;B01;-1;7;0;2;4;23;0;
78588;202100050606;111 233;C01;-1;7;0;2;2;2;0;
78589;202100050607;111 229;B01;1;30;0;2;7;1;1;
78590;202100050607;111 230;A01;3;7;0;2;1;9;1;
78591;202100050608;111 228;Z01;2;30;0;1;7;1;1;
78592;202100050609;111 226;A01;1;7;0;2;2;16;1;
78593;202100050609;111 227;B01;1;2;0;2;3;18;1;
78594;202100050610;111 224;B01;1;7;0;2;2;1;1;
78595;202100050610;111 225;A01;2;7;0;2;1;13;1;
78596;202100050611;111 223;A01;2;7;8;0;1;1;1;
78597;202100050612;111 221;B01;1;7;0;2;3;1;1;
78598;202100050612;111 222;A01;2;33;0;2;3;11;1;
78599;202100050613;111 219;C01;2;10;0;2;1;14;1;
78600;202100050613;111 220;A01;2;10;0;0;4;1;1;
78601;202100050614;111 218;A01;2;7;0;1;1;0;1;
78602;202100050615;111 217;A01;2;33;13;0;9;1;1;
78603;202100050616;111 216;A01;1;1;0;0;0;16;5;
78604;202100050617;111 214;A01;2;2;1;0;1;1;1;
78605;202100050617;111 215;B01;2;7;0;0;4;0;1;
78606;202100050618;111 213;A01;1;7;0;1;1;19;1;
78607;202100050619;111 211;A01;1;2;0;2;1;1;1;
78608;202100050619;111 212;B01;1;15;0;0;4;15;1;
78609;202100050620;111 209;A01;3;7;8;2;3;1;1;
78610;202100050620;111 210;B01;3;7;0;2;2;1;1;
78611;202100050621;111 207;A01;1;7;0;2;2;1;1;
78612;202100050621;111 208;B01;1;1;0;0;4;1;5;
78613;202100050622;111 205;A01;3;7;0;0;7;19;1;
78614;202100050622;111 206;B01;2;33;0;2;3;0;1;
78615;202100050624;111 199;B01;2;7;0;2;3;0;1;
78616;202100050624;111 200;A01;1;7;0;2;2;15;1;
78617;202100050626;111 196;A01;2;33;0;2;1;17;1;
78618;202100050626;111 197;B01;2;7;0;2;6;15;1;
78619;202100050627;111 194;A01;1;10;0;2;8;13;1;
78620;202100050627;111 195;B01;1;7;0;2;7;17;1;
78621;202100050628;111 192;A01;2;7;0;2;5;15;1;
78622;202100050628;111 193;B01;1;33;0;2;1;1;1;
78623;202100050629;111 190;A01;1;7;0;0;5;11;1;
78624;202100050629;111 191;B01;2;33;0;2;1;1;1;
78625;202100050630;111 189;A01;1;33;0;0;0;0;1;
78626;202100050631;111 187;A01;-1;7;0;9;1;16;1;
78627;202100050631;111 188;B01;-1;1;0;2;0;19;5;
78628;202100050632;111 185;B01;2;1;0;2;8;1;5;
78629;202100050632;111 186;A01;2;7;0;2;7;17;0;
78630;202100050633;111 183;E01;2;33;0;2;1;1;1;
78631;202100050633;111 184;A01;1;7;0;2;1;15;1;
78632;202100050634;111 181;A01;0;33;0;0;1;0;1;
78633;202100050634;111 182;B01;0;7;0;9;3;1;1;
78634;202100050636;111 177;A01;1;17;3;0;5;1;1;
78635;202100050636;111 178;B01;1;7;0;2;1;1;1;
78636;202100050636;111 179;C01;1;10;0;2;1;2;1;
78637;202100050638;111 172;D01;1;7;0;2;5;1;1;
78638;202100050638;111 173;C01;1;7;0;2;3;1;1;
78639;202100050638;111 174;B01;1;7;0;2;6;1;1;
78640;202100050638;111 175;A01;1;33;0;2;1;1;1;
78641;202100050639;111 170;B01;1;15;0;2;3;15;1;
78642;202100050639;111 171;A01;2;33;0;2;8;1;1;
78643;202100050640;111 168;B01;0;1;0;2;1;1;6;
78644;202100050640;111 169;A01;0;7;0;0;2;1;1;
78645;202100050641;111 166;B01;2;7;0;0;5;16;1;
78646;202100050641;111 167;A01;2;7;0;2;1;26;1;
78647;202100050642;111 164;B01;2;33;15;9;1;1;1;
78648;202100050642;111 165;A01;3;7;0;0;2;26;1;
78649;202100050643;111 162;A01;2;7;0;2;1;1;1;
78650;202100050643;111 163;B01;0;1;0;2;7;26;5;
78651;202100050644;111 161;A01;2;7;2;0;2;1;1;
78652;202100050645;111 159;B01;1;7;0;2;2;1;1;
78653;202100050645;111 160;A01;1;1;0;2;3;9;5;
78654;202100050647;111 156;A01;3;10;0;1;3;1;1;
78655;202100050648;111 154;A01;1;7;3;2;1;2;1;
78656;202100050648;111 155;B01;1;7;4;0;4;1;1;
78657;202100050650;111 150;A01;1;7;4;0;2;2;1;
78658;202100050651;111 148;B01;2;7;0;2;4;2;1;
78659;202100050651;111 149;A01;2;7;0;2;1;2;1;
78660;202100050652;111 146;A01;1;17;0;2;1;2;1;
78661;202100050652;111 147;B01;1;7;0;2;4;2;1;
78662;202100050653;111 143;C01;2;7;0;2;4;0;1;
78663;202100050653;111 144;B01;2;7;0;2;3;13;1;
78664;202100050653;111 145;A01;2;10;0;2;1;2;1;
78665;202100050654;111 142;A01;2;7;4;0;1;1;1;
78666;202100050655;111 141;A01;2;7;6;0;1;0;1;
78667;202100050656;111 138;A01;1;37;0;2;7;1;1;1.0
78668;202100050656;111 139;B01;1;30;0;2;1;16;1;
78669;202100050657;111 136;A01;1;7;0;2;2;1;1;
78670;202100050657;111 137;B01;1;10;8;2;3;1;1;
78671;202100050658;111 134;A01;2;7;0;2;2;16;2;
78672;202100050658;111 135;B01;2;1;0;2;3;1;5;
78673;202100050659;111 133;A01;0;3;8;0;1;1;1;
78674;202100050660;111 131;B01;2;7;0;2;1;1;1;
78675;202100050660;111 132;A01;1;7;0;2;3;15;1;
78676;202100050662;111 127;A01;1;33;0;0;0;1;1;
78677;202100050663;111 126;A01;3;7;0;1;1;1;1;
78678;202100050664;111 124;B01;1;2;0;2;1;1;1;
78679;202100050664;111 125;A01;1;7;0;0;4;16;1;
78680;202100050665;111 123;A01;2;7;17;0;2;1;1;
78681;202100050666;111 122;A01;0;7;0;0;1;0;1;
78682;202100050667;111 120;B01;3;1;0;2;4;2;5;
78683;202100050667;111 121;A01;3;7;0;9;2;2;1;
78684;202100050669;111 117;A01;1;7;3;0;3;17;1;
78685;202100050670;111 115;A01;1;7;0;2;1;5;1;
78686;202100050670;111 116;B01;1;10;0;2;2;1;1;
78687;202100050671;111 113;C01;3;7;0;2;3;1;1;
78688;202100050671;111 114;A01;3;2;0;2;1;1;1;
78689;202100050672;111 112;A01;1;33;0;0;8;15;1;
78690;202100050673;111 111;A01;1;7;13;0;2;1;1;
78691;202100050674;111 109;A01;2;7;0;2;2;1;1;
78692;202100050674;111 110;B01;2;1;0;0;1;2;5;
78693;202100050675;111 107;A01;1;7;0;0;8;15;1;
78694;202100050675;111 108;B01;1;33;0;2;1;17;1;
78695;202100050676;111 106;A01;1;7;13;0;8;1;0;
78696;202100050677;111 103;A01;2;7;0;2;3;13;1;
78697;202100050677;111 104;B01;1;17;0;2;3;1;1;
78698;202100050677;111 105;C01;2;7;13;2;8;1;1;
78699;202100050678;111 102;A01;1;7;2;0;3;13;1;
78700;202100050679;111 101;A01;1;33;14;0;1;1;1;
78701;202100050680;111 100;A01;3;1;15;0;0;21;5;
78702;202100050681;111 099;A01;1;7;13;0;3;1;1;
78703;202100050682;111 098;A01;3;7;0;9;1;0;1;
78704;202100050683;111 096;A01;1;7;0;2;1;1;1;
78705;202100050683;111 097;B01;1;7;0;2;4;1;1;
78706;202100050684;111 094;A01;2;2;0;2;0;21;1;
78707;202100050684;111 095;B01;1;21;0;2;0;21;1;
78708;202100050685;111 092;A01;1;10;0;2;1;1;1;
78709;202100050685;111 093;B01;1;7;0;0;4;23;1;
78710;202100050686;111 090;B01;2;30;0;2;7;1;1;
78711;202100050686;111 091;A01;2;7;0;2;3;9;1;
78712;202100050687;111 089;A01;1;7;0;1;3;1;1;
78713;202100050688;111 087;A01;1;7;0;2;2;9;1;
78714;202100050688;111 088;B01;1;33;0;2;1;1;1;
78715;202100050689;111 085;B01;2;7;0;0;1;1;1;
78716;202100050689;111 086;A01;1;7;0;0;1;1;1;
78717;202100050690;111 083;B01;1;20;0;2;3;1;1;
78718;202100050690;111 084;A01;2;10;0;2;3;13;1;
78719;202100050691;111 081;B01;1;7;0;2;3;1;1;
78720;202100050691;111 082;A01;2;7;0;2;3;13;1;
78721;202100050692;111 079;B01;2;7;0;0;1;1;1;
78722;202100050692;111 080;A01;1;7;0;2;1;1;1;
78723;202100050694;111 075;A01;2;10;0;2;8;1;1;
78724;202100050694;111 076;B01;1;33;0;2;8;13;1;
78725;202100050695;111 073;B01;1;33;0;2;1;1;1;
78726;202100050695;111 074;A01;1;7;0;2;6;10;1;
78727;202100050696;111 071;B01;1;10;0;2;1;1;1;
78728;202100050696;111 072;A01;2;7;0;2;1;1;1;
78729;202100050697;111 069;B01;0;33;0;2;1;1;1;
78730;202100050697;111 070;A01;0;7;0;2;8;19;1;
78731;202100050698;111 068;A01;1;32;13;0;7;1;1;
78732;202100050699;111 066;B01;2;7;0;0;4;2;1;
78733;202100050699;111 067;A01;2;7;0;2;1;2;1;
78734;202100050700;111 065;A01;1;10;9;0;1;14;1;
78735;202100050702;111 062;A01;1;7;13;0;1;1;1;
78736;202100050703;111 060;B01;1;33;0;2;1;1;1;
78737;202100050703;111 061;A01;2;7;0;2;2;15;1;
78738;202100050704;111 058;B01;2;7;0;2;3;15;1;
78739;202100050704;111 059;A01;2;32;0;2;1;17;1;
78740;202100050705;111 056;B01;1;33;0;2;1;1;1;
78741;202100050705;111 057;A01;2;7;0;2;3;9;1;
78742;202100050706;111 055;A01;3;2;0;0;9;1;1;
78743;202100050707;111 053;A01;3;7;0;0;6;9;1;
78744;202100050707;111 054;B01;3;33;0;2;1;2;1;
78745;202100050708;111 051;B01;1;38;0;2;3;1;1;1.0
78746;202100050708;111 052;A01;2;7;0;2;3;5;1;
78747;202100050709;111 049;A01;1;7;0;0;5;1;1;
78748;202100050709;111 050;B01;1;2;0;2;1;2;1;
78749;202100050710;111 048;A01;0;36;0;0;6;1;1;
78750;202100050711;111 047;A01;3;36;0;0;1;26;1;
78751;202100050712;111 045;B01;1;33;0;2;1;17;1;
78752;202100050712;111 046;A01;1;7;0;9;6;17;1;
78753;202100050713;111 040;A01;2;10;0;2;0;2;1;
78754;202100050713;111 041;E01;2;7;0;2;1;2;1;
78755;202100050713;111 042;C01;2;7;0;2;4;2;1;
78756;202100050713;111 043;B01;2;7;0;2;4;2;1;
78757;202100050713;111 044;D01;2;7;0;2;4;2;1;
78758;202100050714;111 038;B01;1;10;0;2;9;14;1;
78759;202100050714;111 039;A01;1;13;0;2;6;1;1;
78760;202100050715;111 035;C01;2;7;0;2;7;17;1;
78761;202100050715;111 036;B01;2;7;0;2;2;1;1;
78762;202100050715;111 037;A01;2;7;0;2;3;18;1;
78763;202100050716;111 030;E01;2;10;0;2;1;1;1;
78764;202100050716;111 031;D01;2;7;0;2;1;11;1;
78765;202100050716;111 032;C01;2;7;4;2;7;1;1;
78766;202100050716;111 033;B01;2;7;3;2;8;11;1;