;Num_Acc;id_vehicule;num_veh;senc;catv;obs;obsm;choc;manv;motor;occutc
78767;202100050716;111 034;A01;2;7;0;2;6;1;1;
78768;202100050717;111 028;A01;1;7;0;2;1;26;1;
78769;202100050717;111 029;B01;1;7;0;2;4;26;1;
78770;202100050718;111 026;A01;2;7;0;2;8;13;1;
78771;202100050718;111 027;B01;2;7;4;2;2;1;1;
78772;202100050719;111 025;A01;2;7;4;0;3;13;1;
78773;202100050720;111 024;A01;1;32;0;0;0;2;1;
78774;202100050721;111 022;A01;2;20;0;0;0;26;0;
78775;202100050721;111 023;B01;2;31;0;0;0;26;1;
78776;202100050722;111 019;C01;2;7;0;2;4;2;1;
78777;202100050722;111 020;A01;2;7;0;2;1;9;1;
78778;202100050722;111 021;B01;2;7;0;2;4;2;2;
78779;202100050723;111 018;A01;2;32;4;0;8;1;1;
78780;202100050724;111 017;A01;2;7;3;0;1;21;1;
78781;202100050725;111 015;A01;2;7;0;2;1;2;1;
78782;202100050725;111 016;B01;2;7;0;2;4;2;1;
78783;202100050726;111 014;A01;1;7;6;0;0;13;1;
78784;202100050727;111 012;B01;1;31;0;2;7;1;1;
78785;202100050727;111 013;A01;1;7;0;9;8;15;1;
78786;202100050729;111 008;B01;3;7;0;2;1;14;1;
78787;202100050729;111 009;A01;3;30;0;2;1;25;0;
78788;202100050730;111 006;A01;2;7;0;2;1;2;1;
78789;202100050730;111 007;B01;2;7;0;2;4;23;1;
78790;202100050731;111 005;A01;3;37;0;1;5;16;1;1.0
78791;202100050733;111 000;B01;2;7;0;2;8;1;1;
78792;202100050733;111 001;A01;2;7;0;2;1;1;1;
78793;202100050734;110 998;B01;1;33;0;2;4;1;1;
78794;202100050734;110 999;A01;1;7;0;2;3;26;1;
78795;202100050735;110 996;B01;3;7;0;2;3;1;1;
78796;202100050735;110 997;A01;3;30;0;2;4;9;1;
78797;202100050736;110 994;A01;3;2;1;0;1;13;1;
78798;202100050736;110 995;B01;3;7;0;9;2;26;1;
78799;202100050737;110 992;B01;1;7;0;2;6;2;0;
78800;202100050737;110 993;A01;1;32;0;2;0;0;0;
78801;202100050738;110 991;A01;2;33;0;0;1;1;1;
78802;202100050740;110 985;B01;3;33;0;2;1;2;1;
78803;202100050740;110 986;A01;3;7;0;2;3;10;1;
78804;202100050741;110 983;B01;2;7;0;2;3;1;1;
78805;202100050741;110 984;A01;1;2;0;2;3;19;1;
78806;202100050742;110 982;A01;2;7;0;1;4;20;1;
78807;202100050743;110 981;A01;2;7;14;0;3;1;1;
78808;202100050744;110 979;A01;2;2;0;2;1;9;1;
78809;202100050744;110 980;B01;1;7;0;2;5;16;1;
78810;202100050746;110 976;B01;0;1;0;2;1;1;0;
78811;202100050746;110 977;A01;0;7;0;2;3;15;1;
78812;202100050747;110 974;B01;2;99;0;2;2;19;0;
78813;202100050747;110 975;A01;2;99;0;2;1;19;0;
78814;202100050748;110 972;A01;2;30;0;2;7;9;1;
78815;202100050748;110 973;B01;1;7;0;2;3;9;1;
78816;202100050749;110 970;B01;3;7;0;2;4;15;1;
78817;202100050749;110 971;A01;3;30;0;2;1;2;1;
78818;202100050750;110 969;A01;2;7;0;1;2;1;1;
78819;202100050751;110 965;B01;1;33;0;2;1;1;1;
78820;202100050751;110 966;A01;3;7;0;2;3;15;1;
78821;202100050752;110 964;A01;1;7;0;1;1;15;1;
78822;202100050753;110 962;A01;1;7;0;2;3;9;1;
78823;202100050753;110 963;B01;2;1;0;2;1;1;0;
78824;202100050754;110 960;A01;1;7;12;2;2;2;1;
78825;202100050754;110 961;B01;1;7;12;2;6;1;1;
78826;202100050755;110 959;A01;1;7;13;0;1;1;1;
78827;202100050756;110 955;C01;1;7;0;2;6;0;1;
78828;202100050756;110 956;D01;1;31;1;0;1;13;0;
78829;202100050756;110 957;A01;1;7;0;2;6;26;1;
78830;202100050756;110 958;B01;1;7;1;0;2;2;1;
78831;202100050757;110 954;A01;3;36;8;0;5;14;1;
78832;202100050758;110 952;Z01;0;7;0;2;2;1;1;
78833;202100050758;110 953;A01;1;31;0;2;7;20;1;
78834;202100050759;110 950;A01;2;32;8;2;1;17;1;
78835;202100050759;110 951;B01;2;10;0;2;3;15;1;
78836;202100050760;110 948;A01;1;7;0;2;0;0;0;
78837;202100050760;110 949;B01;1;2;0;2;3;15;1;
78838;202100050761;110 945;A01;2;32;0;2;1;3;1;
78839;202100050761;110 946;B01;2;7;0;2;6;1;2;
78840;202100050761;110 947;C01;2;7;0;2;2;1;2;
78841;202100050762;110 942;C01;1;10;0;2;4;2;1;
78842;202100050762;110 943;B01;1;10;0;2;4;2;1;
78843;202100050762;110 944;A01;1;7;0;2;1;2;1;
78844;202100050763;110 941;A01;1;7;0;1;2;1;1;
78845;202100050764;110 939;B01;2;50;0;2;1;1;3;
78846;202100050764;110 940;A01;2;10;0;2;2;16;1;
78847;202100050765;110 938;A01;1;1;0;0;0;21;5;
78848;202100050766;110 937;A01;1;60;0;0;0;25;5;
78849;202100050767;110 934;A01;1;7;0;2;2;15;1;
78850;202100050767;110 935;B01;1;33;0;2;3;1;1;
78851;202100050767;110 936;C01;1;7;0;2;5;23;2;
78852;202100050768;110 932;A01;2;7;0;2;2;15;1;
78853;202100050768;110 933;B01;1;1;0;2;8;1;5;
78854;202100050769;110 930;Z01;1;43;0;2;1;2;1;
78855;202100050769;110 931;A01;1;33;0;2;4;2;1;
78856;202100050770;110 929;A01;1;1;0;1;0;1;5;
78857;202100050771;110 927;B01;1;30;0;2;4;23;1;
78858;202100050771;110 928;A01;1;30;0;2;1;1;3;
78859;202100050772;110 926;A01;1;33;0;0;4;1;1;
78860;202100050773;110 924;A01;1;7;0;2;3;22;1;
78861;202100050773;110 925;B01;1;80;0;2;0;1;3;
78862;202100050774;110 923;A01;1;7;0;1;4;4;1;
78863;202100050775;110 921;B01;3;7;0;2;2;1;1;
78864;202100050775;110 922;A01;3;7;0;2;3;1;1;
78865;202100050776;110 919;A01;1;33;16;0;5;20;1;
78866;202100050776;110 920;Z01;1;2;0;2;3;2;1;
78867;202100050777;110 918;A01;2;32;12;0;1;26;1;
78868;202100050778;110 917;A01;3;33;0;0;0;1;1;
78869;202100050779;110 916;A01;2;7;0;1;5;1;1;
78870;202100050780;110 915;A01;1;7;0;1;1;1;1;
78871;202100050781;110 913;A01;1;7;0;2;5;12;1;
78872;202100050781;110 914;B01;1;33;0;2;3;1;1;
78873;202100050782;110 911;A01;1;7;0;2;2;16;1;
78874;202100050782;110 912;B01;1;34;0;2;5;16;1;
78875;202100050784;110 907;A01;2;2;0;2;8;15;1;
78876;202100050784;110 908;B01;2;32;0;2;7;17;1;
78877;202100050785;110 904;A01;1;7;0;2;2;15;1;
78878;202100050785;110 905;C01;2;7;0;2;1;1;1;
78879;202100050785;110 906;B01;2;7;0;2;6;1;1;
78880;202100050786;110 903;A01;3;2;1;0;0;1;1;
78881;202100050787;110 902;A01;3;7;17;0;2;14;1;
78882;202100050788;110 900;A01;2;7;0;2;1;1;1;
78883;202100050788;110 901;B01;2;7;0;2;4;2;1;
78884;202100050789;110 898;B01;1;17;0;0;4;1;1;
78885;202100050789;110 899;A01;1;7;0;2;1;2;1;
78886;202100050790;110 896;A01;2;7;4;2;3;11;1;
78887;202100050790;110 897;B01;2;7;0;2;3;17;1;
78888;202100050791;110 894;A01;1;2;0;2;1;21;1;
78889;202100050791;110 895;B01;2;10;0;0;8;1;0;
78890;202100050792;110 893;A01;2;7;13;0;1;1;1;
78891;202100050793;110 891;B01;1;33;0;2;1;1;1;
78892;202100050793;110 892;A01;1;7;0;2;3;16;1;
78893;202100050794;110 888;C01;1;7;0;2;8;1;1;
78894;202100050794;110 889;B01;1;7;0;2;8;1;1;
78895;202100050794;110 890;A01;2;32;0;2;8;1;1;
78896;202100050795;110 886;A01;1;7;0;0;1;1;1;
78897;202100050795;110 887;B01;2;1;0;2;1;1;5;
78898;202100050796;110 884;A01;1;2;0;2;3;13;1;
78899;202100050796;110 885;B01;1;7;0;2;6;1;1;
78900;202100050798;110 880;B01;2;7;15;2;1;1;1;
78901;202100050798;110 881;A01;1;7;0;0;3;15;1;
78902;202100050799;110 878;A01;3;7;0;2;3;13;1;
78903;202100050799;110 879;B01;3;2;0;2;3;1;1;
78904;202100050800;110 876;B01;1;7;0;2;1;1;1;
78905;202100050800;110 877;A01;2;7;0;2;1;13;1;
78906;202100050801;110 873;A01;1;7;8;0;1;1;1;
78907;202100050802;110 871;B01;1;1;0;2;8;1;5;
78908;202100050802;110 872;A01;2;7;0;2;1;15;1;
78909;202100050803;110 869;B01;2;33;0;2;1;1;1;
78910;202100050803;110 870;A01;1;7;0;2;3;19;1;
78911;202100050804;110 868;A01;2;7;6;0;3;13;1;
78912;202100050805;110 867;A01;1;7;0;1;1;1;1;
78913;202100050806;110 865;A01;2;33;0;2;7;5;1;
78914;202100050806;110 866;B01;1;7;0;2;1;1;1;
78915;202100050807;110 861;A01;3;7;0;2;1;15;1;
78916;202100050807;110 862;C01;1;7;14;0;1;1;1;
78917;202100050807;110 863;B01;1;7;0;2;2;1;1;
78918;202100050808;110 860;A01;3;2;0;0;0;1;3;
78919;202100050809;110 858;A01;1;7;0;2;1;9;0;
78920;202100050809;110 859;B01;1;1;0;2;7;1;5;
78921;202100050810;110 857;A01;2;33;0;0;8;1;1;
78922;202100050811;110 856;A01;3;31;15;0;1;1;1;
78923;202100050812;110 854;A01;2;33;0;2;3;13;1;
78924;202100050812;110 855;B01;1;7;0;2;8;1;1;
78925;202100050813;110 852;B01;1;33;0;9;1;21;1;
78926;202100050813;110 853;A01;1;33;0;0;0;1;1;
78927;202100050814;110 850;B01;1;1;0;0;0;2;5;
78928;202100050814;110 851;A01;1;1;0;0;0;1;5;
78929;202100050815;110 849;A01;2;7;13;0;1;1;1;
78930;202100050816;110 847;A01;1;33;0;2;1;0;1;
78931;202100050816;110 848;B01;2;7;0;2;3;0;1;
78932;202100050817;110 846;A01;1;7;16;0;3;1;1;
78933;202100050818;110 844;A01;2;7;0;9;2;13;1;
78934;202100050818;110 845;B01;2;80;0;0;4;13;3;
78935;202100050819;110 842;B01;3;31;0;2;1;2;1;
78936;202100050819;110 843;A01;3;7;0;2;6;15;1;
78937;202100050821;110 839;A01;2;1;12;2;7;2;5;
78938;202100050821;110 840;B01;2;1;12;2;8;2;5;
78939;202100050822;110 837;B01;2;1;0;2;8;1;5;
78940;202100050822;110 838;A01;1;7;0;2;3;15;1;
78941;202100050823;110 835;A01;1;32;15;0;1;14;1;
78942;202100050824;110 834;A01;1;7;2;0;1;0;1;
78943;202100050826;110 831;A01;1;30;1;0;0;0;1;
78944;202100050827;110 829;B01;2;7;0;2;0;1;1;
78945;202100050827;110 830;A01;1;7;0;2;8;19;1;
78946;202100050828;110 827;A01;1;7;0;2;1;13;1;
78947;202100050828;110 828;B01;2;7;0;2;2;1;1;
78948;202100050829;110 825;B01;1;33;5;0;1;21;1;
78949;202100050829;110 826;A01;1;33;5;0;1;21;1;
78950;202100050830;110 823;B01;2;15;0;0;4;2;1;
78951;202100050830;110 824;A01;2;7;3;2;1;2;1;
78952;202100050831;110 821;B01;1;1;0;2;4;2;5;
78953;202100050831;110 822;A01;1;7;0;9;2;1;1;
78954;202100050832;110 820;A01;1;33;0;6;1;1;1;
78955;202100050833;110 819;A01;1;33;0;0;3;1;1;
78956;202100050834;110 818;A01;1;7;13;0;2;14;1;
78957;202100050835;110 816;A01;0;7;0;9;1;15;1;
78958;202100050835;110 817;C01;3;50;0;2;1;16;3;
78959;202100050836;110 815;A01;3;1;0;1;1;1;5;
78960;202100050837;110 813;B01;1;7;0;2;3;1;1;
78961;202100050837;110 814;A01;2;0;0;2;0;5;0;
78962;202100050838;110 812;A01;2;33;0;5;1;26;1;
78963;202100050839;110 811;A01;2;7;2;0;1;1;1;
78964;202100050840;110 809;B01;1;33;0;2;2;1;1;
78965;202100050840;110 810;A01;2;7;0;2;2;1;1;
78966;202100050841;110 808;A01;2;7;13;9;1;13;1;
78967;202100050842;110 806;B01;1;7;0;2;8;2;1;
78968;202100050842;110 807;A01;1;15;0;2;2;12;1;
78969;202100050843;110 805;A01;1;33;4;0;1;1;1;
78970;202100050844;110 803;B01;1;7;0;2;4;2;1;
78971;202100050844;110 804;A01;1;32;0;2;1;2;1;
78972;202100050845;110 800;B01;1;7;0;2;4;1;3;
78973;202100050845;110 801;A01;1;7;0;2;1;14;1;
78974;202100050845;110 802;C01;1;7;0;2;4;1;1;
78975;202100050846;110 798;B01;1;7;0;2;6;1;1;
78976;202100050846;110 799;A01;1;7;0;2;2;12;1;
78977;202100050847;110 796;B01;2;33;0;2;0;0;1;
78978;202100050847;110 797;A01;2;10;0;2;0;9;1;
78979;202100050849;110 792;B01;2;0;0;2;0;0;0;
78980;202100050849;110 793;A01;2;32;0;2;8;13;1;
78981;202100050850;110 790;B01;2;7;0;2;6;2;1;
78982;202100050850;110 791;A01;2;14;0;2;2;12;1;
78983;202100050851;110 787;C01;1;10;0;2;6;1;1;
78984;202100050851;110 788;B01;1;7;0;2;4;1;1;
78985;202100050851;110 789;A01;1;17;0;2;1;1;1;
78986;202100050852;110 784;C01;1;7;0;2;4;2;0;
78987;202100050852;110 785;B01;0;7;0;2;4;2;1;
78988;202100050852;110 786;A01;1;7;0;2;1;2;1;
78989;202100050853;110 780;D01;1;7;0;2;4;23;1;
78990;202100050853;110 781;B01;1;7;0;2;4;23;1;
78991;202100050853;110 782;A01;1;7;0;2;1;2;1;
78992;202100050853;110 783;C01;1;7;0;2;4;23;1;
78993;202100050854;110 778;B01;1;2;0;2;1;1;1;
78994;202100050854;110 779;A01;1;10;0;2;5;15;1;
78995;202100050855;110 776;B01;1;33;0;2;1;1;1;
78996;202100050855;110 777;A01;2;7;0;2;3;15;1;
78997;202100050856;110 774;B01;1;7;0;2;2;1;1;
78998;202100050856;110 775;A01;2;1;0;2;7;19;5;
78999;202100050857;110 773;A01;3;7;6;0;1;26;1;
79000;202100050858;110 771;A01;1;10;0;2;4;23;1;
79001;202100050858;110 772;B01;1;7;0;2;1;2;1;
79002;202100050859;110 770;A01;1;30;14;0;1;5;1;
79003;202100050860;110 767;C01;2;7;0;2;2;1;1;
79004;202100050860;110 768;B01;2;7;0;2;8;1;1;
79005;202100050860;110 769;A01;2;7;0;2;6;9;1;
79006;202100050861;110 765;B01;2;33;0;2;8;0;1;
79007;202100050861;110 766;A01;2;7;0;2;3;9;1;
79008;202100050862;110 763;B01;2;7;0;2;4;2;1;
79009;202100050862;110 764;A01;2;7;0;2;1;2;1;
79010;202100050863;110 762;A01;3;7;0;1;1;1;3;
79011;202100050864;110 761;A01;1;30;0;9;1;26;1;
79012;202100050865;110 760;A01;3;10;1;1;4;26;1;
79013;202100050866;110 759;A01;3;7;0;0;4;4;1;
79014;202100050867;110 757;B01;3;2;0;2;1;17;1;
79015;202100050867;110 758;A01;3;7;0;2;3;1;1;
79016;202100050868;110 755;B01;0;2;0;2;7;1;1;
79017;202100050868;110 756;A01;1;7;0;2;2;9;1;
79018;202100050869;110 753;B01;0;7;0;2;4;16;1;
79019;202100050869;110 754;A01;0;33;0;2;1;2;1;
79020;202100050870;110 751;A01;0;7;0;9;0;15;1;
79021;202100050870;110 752;B01;0;50;0;2;8;1;3;
79022;202100050871;110 750;A01;0;7;0;1;1;1;1;
79023;202100050872;110 748;A01;2;7;0;2;1;15;1;
79024;202100050872;110 749;B01;2;33;0;2;8;16;1;
79025;202100050873;110 743;A01;2;7;12;0;1;26;1;
79026;202100050874;110 741;B01;0;2;0;2;7;0;1;
79027;202100050874;110 742;A01;0;10;0;2;8;0;1;
79028;202100050875;110 739;A01;2;3;0;2;4;23;1;
79029;202100050875;110 740;Z01;2;7;0;2;1;1;1;
79030;202100050876;110 736;A01;2;7;0;2;1;2;1;
79031;202100050876;110 737;C01;2;7;0;2;4;2;1;
79032;202100050876;110 738;B01;2;7;0;2;4;2;1;
79033;202100050878;110 732;B01;3;32;0;2;8;1;1;
79034;202100050878;110 733;A01;3;7;0;2;3;9;1;
79035;202100050879;110 730;B01;1;2;0;2;0;2;0;
79036;202100050879;110 731;A01;1;7;0;9;3;9;1;
79037;202100050880;110 729;A01;0;7;0;1;1;9;1;
79038;202100050881;110 727;B01;3;7;0;2;3;1;1;
79039;202100050881;110 728;A01;3;30;0;2;1;1;1;
79040;202100050882;110 725;B01;2;7;0;2;1;15;1;
79041;202100050882;110 726;A01;2;30;0;2;1;1;1;
79042;202100050883;110 723;A01;1;7;0;2;2;1;1;
79043;202100050883;110 724;B01;1;1;0;2;8;13;5;
79044;202100050884;110 722;A01;2;10;0;1;1;1;1;
79045;202100050885;110 720;B01;2;7;0;2;3;16;1;
79046;202100050885;110 721;A01;3;7;0;2;2;1;1;
79047;202100050886;110 718;A01;1;7;0;2;1;1;1;
79048;202100050886;110 719;B01;1;7;0;2;4;1;1;
79049;202100050887;110 716;Z01;1;7;0;9;0;0;1;
79050;202100050887;110 717;B01;1;1;0;2;7;1;5;
79051;202100050888;110 715;Z01;1;7;0;1;1;1;1;
79052;202100050889;110 714;A01;1;7;0;1;7;1;1;
79053;202100050890;110 713;A01;0;10;0;1;1;1;1;
79054;202100050891;110 711;B01;0;7;0;2;3;15;1;
79055;202100050891;110 712;A01;0;34;0;2;1;1;1;
79056;202100050892;110 709;A01;1;7;0;2;1;16;2;
79057;202100050892;110 710;B01;2;1;0;2;4;15;5;
79058;202100050893;110 708;A01;3;7;0;1;1;1;1;
79059;202100050894;110 706;A01;2;10;0;2;3;9;1;
79060;202100050894;110 707;B01;2;2;0;2;1;1;1;
79061;202100050895;110 705;A01;2;2;0;0;1;1;1;
79062;202100050896;110 704;A01;3;7;0;1;5;26;1;
79063;202100050897;110 701;C01;2;1;0;2;7;19;5;
79064;202100050897;110 702;B01;2;7;0;2;4;23;1;
79065;202100050897;110 703;A01;2;7;0;2;1;2;1;
79066;202100050898;110 700;A01;1;7;0;1;0;15;0;
79067;202100050899;110 698;B01;1;1;0;2;1;26;5;
79068;202100050899;110 699;A01;1;7;0;2;3;9;1;
79069;202100050900;110 696;A01;1;7;0;2;1;17;1;
79070;202100050900;110 697;B01;2;7;0;2;1;1;1;
79071;202100050901;110 695;A01;0;1;0;0;0;1;5;
79072;202100050902;110 693;B01;1;7;0;2;1;1;1;
79073;202100050902;110 694;A01;3;10;0;2;8;19;1;
79074;202100050903;110 691;B01;1;7;0;2;2;1;1;
79075;202100050903;110 692;A01;1;7;0;2;1;9;1;
79076;202100050904;110 689;B01;1;7;0;2;4;1;1;
79077;202100050904;110 690;A01;1;7;0;2;1;2;1;
79078;202100050905;110 687;A01;2;30;0;2;2;15;1;
79079;202100050905;110 688;B01;1;30;0;2;1;1;1;
79080;202100050906;110 685;B01;2;7;0;2;1;1;1;
79081;202100050906;110 686;A01;2;30;0;2;4;1;1;
79082;202100050907;110 683;B01;1;33;0;2;9;1;1;
79083;202100050907;110 684;A01;1;33;15;0;1;1;1;
79084;202100050908;110 681;A01;1;33;0;2;1;16;1;
79085;202100050908;110 682;B01;1;7;0;2;8;1;1;
79086;202100050909;110 679;B01;3;1;0;2;8;1;0;
79087;202100050909;110 680;A01;3;7;0;2;2;15;0;
79088;202100050910;110 677;B01;1;1;0;2;4;1;5;
79089;202100050910;110 678;A01;1;7;0;2;1;1;1;
79090;202100050911;110 675;B01;1;30;0;2;2;1;1;
79091;202100050911;110 676;A01;1;7;0;2;3;20;1;
79092;202100050912;110 673;B01;1;15;0;2;4;23;1;
79093;202100050912;110 674;A01;1;7;0;2;3;21;1;
79094;202100050913;110 671;A01;2;32;0;2;1;1;1;
79095;202100050913;110 672;Z01;0;99;0;2;0;0;0;
79096;202100050914;110 669;A01;2;34;0;2;7;17;1;
79097;202100050914;110 670;B01;2;7;0;2;3;17;1;
79098;202100050915;110 667;B01;1;7;0;2;8;2;1;
79099;202100050915;110 668;A01;3;7;0;2;0;26;1;
79100;202100050916;110 665;B01;0;34;0;2;1;1;1;
79101;202100050916;110 666;A01;0;7;0;2;2;15;1;
79102;202100050917;110 663;A01;2;34;0;2;1;1;1;
79103;202100050917;110 664;B01;2;7;0;2;4;2;1;
79104;202100050918;110 661;Z01;3;7;1;0;3;26;0;
79105;202100050918;110 662;B01;3;7;0;2;3;23;1;
79106;202100050919;110 660;A01;2;33;0;0;0;1;1;
79107;202100050921;110 657;A01;2;30;0;0;0;1;1;
79108;202100050922;110 654;C01;1;7;0;2;3;23;1;
79109;202100050922;110 655;A01;2;33;0;2;1;2;1;
79110;202100050922;110 656;B01;2;7;0;2;4;2;1;
79111;202100050923;110 652;A01;1;1;0;2;1;16;5;
79112;202100050923;110 653;B01;1;37;0;2;6;7;2;1.0
79113;202100050924;110 650;B01;1;43;0;2;0;15;1;
79114;202100050924;110 651;A01;1;32;0;2;0;2;1;
79115;202100050925;110 648;A01;3;30;0;2;3;1;1;
79116;202100050925;110 649;Z01;3;7;0;2;0;16;0;
79117;202100050926;110 646;B01;1;7;0;2;6;15;1;
79118;202100050926;110 647;A01;2;50;0;2;1;1;3;
79119;202100050927;110 645;A01;2;32;0;0;0;1;1;
79120;202100050928;110 643;B01;1;7;0;2;1;15;1;
79121;202100050928;110 644;A01;2;30;0;2;7;1;3;
79122;202100050929;110 641;A01;2;1;0;2;2;17;5;
79123;202100050929;110 642;Z01;1;10;0;2;6;4;0;
79124;202100050930;110 639;A01;3;33;0;2;2;1;1;
79125;202100050930;110 640;B01;3;7;0;2;3;1;1;
79126;202100050931;110 637;B01;3;7;0;2;3;16;1;
79127;202100050931;110 638;A01;3;32;0;2;2;18;1;
79128;202100050932;110 635;A01;2;10;0;2;2;16;1;
79129;202100050932;110 636;B01;2;33;0;2;3;7;1;
79130;202100050933;110 633;A01;2;7;0;2;3;22;1;
79131;202100050933;110 634;B01;2;1;0;2;0;1;5;
79132;202100050934;110 632;A01;3;50;12;0;7;1;3;
79133;202100050935;110 631;A01;1;15;1;1;4;20;1;
79134;202100050936;110 630;A01;3;80;0;0;7;1;3;
79135;202100050937;110 628;B01;1;30;0;2;0;15;0;
79136;202100050937;110 629;A01;2;30;0;2;3;1;1;
79137;202100050938;110 627;A01;1;1;0;1;1;1;5;
79138;202100050939;110 626;A01;1;50;15;0;1;25;3;
79139;202100050940;110 625;A01;1;1;0;2;1;1;5;
79140;202100050941;110 624;Z01;1;7;0;1;1;16;0;
79141;202100050942;110 622;A01;3;7;14;2;8;13;1;
79142;202100050942;110 623;B01;1;7;0;2;1;21;1;
79143;202100050943;110 620;A01;1;7;1;2;2;16;1;
79144;202100050943;110 621;B01;1;2;1;2;1;21;1;
79145;202100050944;110 618;B01;2;30;0;2;0;1;1;
79146;202100050944;110 619;A01;2;7;0;2;5;15;1;
79147;202100050945;110 615;B01;2;7;0;2;5;2;1;
79148;202100050945;110 616;T01;2;7;0;0;0;23;1;
79149;202100050945;110 617;A01;2;7;0;2;1;2;1;
79150;202100050946;110 613;B01;2;33;0;2;8;2;1;
79151;202100050946;110 614;A01;1;7;0;2;3;15;1;
79152;202100050947;110 611;B01;2;7;0;2;1;15;1;
79153;202100050947;110 612;A01;1;7;0;2;2;21;1;
79154;202100050948;110 609;A01;3;7;0;2;1;1;1;
79155;202100050948;110 610;B01;1;7;0;2;1;1;1;
79156;202100050949;110 608;A01;1;7;0;0;2;26;0;
79157;202100050950;110 606;B01;1;7;0;2;0;0;1;
79158;202100050950;110 607;A01;1;30;0;2;1;0;1;
79159;202100050951;110 604;A01;3;7;0;2;0;16;0;
79160;202100050951;110 605;B01;3;50;0;2;0;5;3;
79161;202100050952;110 603;A01;1;33;0;1;1;1;1;
79162;202100050953;110 601;A01;1;7;0;2;2;9;1;
79163;202100050953;110 602;B01;1;31;0;2;3;1;1;
79164;202100050954;110 599;A01;1;7;12;2;1;2;1;
79165;202100050954;110 600;B01;1;10;12;2;4;1;1;
79166;202100050955;110 597;Z01;1;1;0;2;8;15;5;
79167;202100050955;110 598;A01;1;30;0;2;2;18;0;
79168;202100050956;110 596;A01;1;33;13;0;8;1;1;
79169;202100050957;110 594;B01;1;7;0;2;5;9;1;
79170;202100050957;110 595;A01;1;7;0;2;3;1;1;
79171;202100050958;110 591;A01;1;7;0;2;1;13;0;
79172;202100050958;110 592;B01;2;7;0;2;1;1;1;
79173;202100050958;110 593;C01;2;7;0;2;3;1;1;
79174;202100050959;110 589;B01;2;2;0;2;1;1;1;
79175;202100050959;110 590;A01;1;7;0;2;3;1;1;
79176;202100050960;110 587;B01;1;31;0;2;1;2;1;
79177;202100050960;110 588;A01;1;33;0;0;6;1;1;
79178;202100050961;110 585;A01;1;7;0;2;2;2;1;
79179;202100050961;110 586;B01;1;1;0;2;4;2;5;
79180;202100050962;110 583;A01;3;7;0;2;1;13;1;
79181;202100050962;110 584;B01;3;7;0;2;1;1;1;
79182;202100050963;110 582;A01;2;7;0;1;3;13;1;
79183;202100050964;110 580;B01;1;33;13;0;1;1;1;
79184;202100050964;110 581;A01;1;33;15;0;1;1;1;
79185;202100050965;110 579;A01;3;2;13;0;0;1;1;
79186;202100050966;110 578;A01;3;7;15;0;0;1;1;
79187;202100050967;110 577;A01;2;33;0;0;0;1;1;
79188;202100050968;110 575;A01;3;7;0;2;6;15;3;
79189;202100050968;110 576;B01;3;10;0;2;3;1;1;
79190;202100050969;110 574;A01;2;7;13;0;7;1;1;
79191;202100050970;110 573;A01;0;7;13;0;1;19;1;
79192;202100050971;110 571;B01;3;7;0;2;3;1;1;
79193;202100050971;110 572;A01;3;33;0;2;1;1;1;
79194;202100050972;110 570;A01;1;33;6;0;7;1;1;
79195;202100050973;110 569;A01;3;1;0;1;1;1;5;
79196;202100050974;110 567;B01;2;7;0;2;3;1;1;
79197;202100050974;110 568;A01;1;7;0;2;1;0;1;
79198;202100050975;110 566;A01;2;2;13;0;1;1;1;
79199;202100050976;110 565;A01;3;31;2;0;1;1;1;
79200;202100050977;110 563;A01;2;7;0;2;8;15;1;
79201;202100050977;110 564;B01;1;7;0;2;1;1;0;
79202;202100050978;110 562;A01;1;7;2;0;1;1;1;
79203;202100050979;110 560;B01;2;1;0;2;8;1;5;
79204;202100050979;110 561;A01;2;7;0;2;7;1;1;
79205;202100050980;110 558;B01;2;2;0;0;4;15;1;
79206;202100050980;110 559;A01;2;34;0;2;1;17;1;
79207;202100050981;110 556;A01;2;7;0;0;1;13;1;
79208;202100050981;110 557;B01;1;10;0;0;1;21;1;
79209;202100050982;110 554;B01;2;7;0;2;1;17;1;
79210;202100050982;110 555;A01;1;10;0;2;1;1;1;
79211;202100050983;110 551;B01;2;7;3;2;2;17;1;
79212;202100050983;110 552;A01;2;15;0;0;6;1;0;
79213;202100050984;110 549;B01;2;32;0;2;2;17;1;
79214;202100050984;110 550;A01;2;10;0;2;3;15;1;
79215;202100050985;110 548;A01;0;7;0;1;4;4;1;
79216;202100050986;110 547;A01;1;10;11;0;3;1;1;
79217;202100050987;110 542;E01;2;7;1;2;3;1;1;
79218;202100050987;110 543;B01;2;7;0;2;2;2;1;
79219;202100050987;110 544;C01;2;7;1;0;2;2;1;
79220;202100050987;110 545;D01;2;7;1;2;3;2;1;
79221;202100050987;110 546;A01;2;7;4;0;5;0;1;
79222;202100050988;110 540;A01;2;2;0;2;3;10;1;
79223;202100050988;110 541;B01;2;7;0;2;1;1;1;
79224;202100050989;110 538;B01;0;7;0;2;1;13;1;
79225;202100050989;110 539;A01;0;14;0;2;3;1;1;
79226;202100050990;110 531;D01;2;15;0;2;0;0;1;
79227;202100050990;110 532;E01;2;15;0;2;4;0;1;