;Num_Acc;id_vehicule;num_veh;senc;catv;obs;obsm;choc;manv;motor;occutc
79228;202100050990;110 533;G01;2;7;0;0;4;0;1;
79229;202100050990;110 534;F01;2;7;0;2;4;0;1;
79230;202100050990;110 535;C01;2;15;0;2;4;0;1;
79231;202100050990;110 536;B01;2;15;0;2;1;2;1;
79232;202100050990;110 537;A01;2;15;0;2;3;0;1;
79233;202100050992;110 527;A01;1;33;0;2;1;2;1;
79234;202100050992;110 528;B01;1;7;0;2;6;9;1;
79235;202100050993;110 525;B01;2;1;0;2;4;12;5;
79236;202100050993;110 526;A01;2;7;0;2;1;1;2;
79237;202100050994;110 524;A01;1;7;2;0;3;17;1;
79238;202100050995;110 521;B01;2;7;3;0;8;1;1;
79239;202100050995;110 522;A01;1;7;0;2;8;13;2;
79240;202100050995;110 523;C01;2;7;3;2;1;1;1;
79241;202100050996;110 520;A01;2;33;0;0;0;1;1;
79242;202100050997;110 518;A01;3;1;0;0;0;1;5;
79243;202100050997;110 519;B01;3;7;0;0;0;15;1;
79244;202100050998;110 516;B01;1;7;6;2;1;1;1;
79245;202100050998;110 517;A01;2;7;6;2;7;15;1;
79246;202100050999;110 514;A01;2;7;0;2;1;13;1;
79247;202100050999;110 515;B01;1;7;0;2;1;1;1;
79248;202100051000;110 511;A01;3;7;0;2;1;13;1;
79249;202100051000;110 512;B01;3;7;0;0;8;1;1;
79250;202100051000;110 513;C01;3;7;0;2;3;1;1;
79251;202100051001;110 510;A01;1;10;15;0;1;1;1;
79252;202100051004;110 502;A01;1;10;0;0;4;2;1;
79253;202100051004;110 503;B01;1;7;0;0;4;2;1;
79254;202100051005;110 500;A01;2;7;0;0;8;23;1;
79255;202100051005;110 501;B01;2;32;0;2;7;21;1;
79256;202100051006;110 498;A01;2;7;0;2;1;2;1;
79257;202100051006;110 499;B01;2;15;0;2;4;2;1;
79258;202100051007;110 496;A01;2;33;0;2;1;1;1;
79259;202100051007;110 497;B01;2;7;0;2;4;2;1;
79260;202100051008;110 495;A01;2;17;3;0;9;2;1;
79261;202100051009;110 493;B01;1;7;0;2;4;2;1;
79262;202100051009;110 494;A01;1;7;0;2;1;2;1;
79263;202100051010;110 489;B01;3;7;0;2;0;26;1;
79264;202100051010;110 490;A01;3;31;0;2;0;26;1;
79265;202100051011;110 488;A01;1;7;4;0;3;2;1;
79266;202100051012;110 486;A01;1;10;0;2;1;0;1;
79267;202100051012;110 487;B01;1;7;0;2;4;0;1;
79268;202100051013;110 484;B01;2;7;0;2;4;2;1;
79269;202100051013;110 485;A01;2;7;0;2;1;2;1;
79270;202100051014;110 483;A01;1;7;4;0;1;12;1;
79271;202100051015;110 480;C01;2;7;0;2;1;26;1;
79272;202100051015;110 481;B01;1;7;0;2;1;26;1;
79273;202100051015;110 482;A01;1;7;0;2;2;0;1;
79274;202100051016;110 478;A01;1;7;0;2;3;15;1;
79275;202100051016;110 479;B01;0;33;0;2;7;1;1;
79276;202100051017;110 477;A01;1;7;0;1;2;9;0;
79277;202100051018;110 476;A01;1;31;1;0;2;15;1;
79278;202100051019;110 474;B01;1;1;0;2;8;1;5;
79279;202100051019;110 475;A01;2;7;0;2;2;1;1;
79280;202100051020;110 473;BA01;2;7;0;0;0;14;1;
79281;202100051022;110 470;A01;1;7;0;2;1;1;1;
79282;202100051022;110 471;B01;1;34;0;2;4;1;1;
79283;202100051023;110 468;A01;2;15;0;2;2;2;1;
79284;202100051023;110 469;B01;2;7;0;2;6;23;1;
79285;202100051024;110 467;A01;1;7;0;1;2;16;1;
79286;202100051026;110 463;B01;1;7;0;2;8;1;1;
79287;202100051026;110 464;A01;1;7;0;2;3;1;1;
79288;202100051027;110 462;A01;3;7;7;0;1;14;1;
79289;202100051028;110 460;A01;3;7;0;2;5;15;6;
79290;202100051028;110 461;B01;3;33;0;2;1;13;6;
79291;202100051029;110 456;A01;3;7;0;2;1;1;1;
79292;202100051029;110 457;B01;0;7;0;2;4;1;1;
79293;202100051029;110 458;C01;0;7;0;2;9;0;1;
79294;202100051029;110 459;D01;0;7;0;2;4;1;1;
79295;202100051030;110 455;A01;1;10;0;1;4;4;1;
79296;202100051031;110 454;A01;0;7;0;1;1;1;1;
79297;202100051032;110 452;B01;2;7;0;2;1;1;1;
79298;202100051032;110 453;A01;1;37;0;2;1;15;1;1.0
79299;202100051033;110 447;A01;2;7;0;2;1;2;1;
79300;202100051033;110 448;B01;2;10;0;2;4;23;1;
79301;202100051034;110 446;A01;1;7;8;0;1;14;1;
79302;202100051035;110 444;B01;3;7;0;2;4;1;1;
79303;202100051035;110 445;A01;3;7;0;2;1;26;1;
79304;202100051036;110 443;A01;2;30;0;0;9;9;1;
79305;202100051037;110 441;B01;3;7;0;0;0;0;0;
79306;202100051037;110 442;A01;3;7;0;2;0;0;0;
79307;202100051038;110 440;A01;0;7;1;0;8;24;1;
79308;202100051039;110 438;B01;2;7;0;2;1;0;1;
79309;202100051039;110 439;A01;1;7;0;2;5;19;1;
79310;202100051040;110 437;A01;1;7;0;1;2;1;1;
79311;202100051041;110 435;A01;2;7;0;2;6;15;2;
79312;202100051041;110 436;B01;2;2;0;2;1;2;1;
79313;202100051042;110 434;A01;0;7;0;1;7;1;1;
79314;202100051043;110 432;A01;2;7;1;2;6;22;1;
79315;202100051043;110 433;B01;2;33;0;2;6;17;1;
79316;202100051044;110 431;A01;1;7;9;0;3;1;1;
79317;202100051045;110 429;A01;2;7;0;2;1;9;1;
79318;202100051045;110 430;B01;1;2;0;2;1;1;1;
79319;202100051046;110 427;B01;1;10;0;2;2;1;1;
79320;202100051046;110 428;A01;1;7;0;2;3;1;1;
79321;202100051047;110 426;A01;3;7;0;1;1;14;1;
79322;202100051048;110 425;A01;0;2;13;0;1;1;1;
79323;202100051049;110 424;A01;2;7;0;1;2;1;1;
79324;202100051050;110 422;A01;3;50;0;2;3;19;3;
79325;202100051050;110 423;B01;3;7;0;2;1;1;1;
79326;202100051051;110 421;A01;3;7;0;1;4;20;1;
79327;202100051052;110 419;A01;3;7;0;2;3;11;1;
79328;202100051052;110 420;B01;3;7;0;2;2;1;1;
79329;202100051054;110 415;A01;3;10;0;2;2;15;1;
79330;202100051054;110 416;B01;1;33;0;2;3;1;1;
79331;202100051055;110 414;A01;0;7;0;1;1;9;1;
79332;202100051056;110 412;B01;2;1;0;2;1;25;5;
79333;202100051056;110 413;A01;2;7;0;2;7;9;1;
79334;202100051057;110 411;A01;1;10;0;1;3;15;1;
79335;202100051058;110 409;B01;2;7;0;2;2;1;1;
79336;202100051058;110 410;A01;1;7;7;2;2;1;1;
79337;202100051060;110 405;B01;2;32;0;2;8;1;1;
79338;202100051060;110 406;A01;1;3;0;2;3;15;1;
79339;202100051061;110 403;A01;1;7;0;2;3;9;1;
79340;202100051061;110 404;B01;2;2;0;2;2;1;1;
79341;202100051062;110 401;A01;1;7;0;2;2;15;1;
79342;202100051062;110 402;B01;2;7;0;2;1;1;1;
79343;202100051063;110 399;B01;0;10;0;2;1;1;1;
79344;202100051063;110 400;A01;0;7;0;2;2;1;1;
79345;202100051064;110 397;A01;1;7;0;2;1;26;1;
79346;202100051064;110 398;B01;1;10;0;2;0;9;1;
79347;202100051065;110 395;A01;1;7;0;2;1;1;1;
79348;202100051065;110 396;B01;3;1;0;2;7;1;5;
79349;202100051066;110 394;A01;1;7;0;1;1;16;1;
79350;202100051067;110 392;A01;3;99;0;2;1;19;3;
79351;202100051067;110 393;B01;1;7;0;9;2;1;2;
79352;202100051069;110 389;A01;2;30;0;1;1;3;1;
79353;202100051070;110 387;A01;3;7;0;2;1;9;1;
79354;202100051070;110 388;B01;3;2;0;2;7;16;1;
79355;202100051071;110 385;B01;1;7;0;2;3;15;1;
79356;202100051071;110 386;A01;1;33;0;2;1;17;1;
79357;202100051073;110 381;B01;1;7;0;2;1;1;1;
79358;202100051073;110 382;A01;2;7;0;2;1;15;1;
79359;202100051074;110 380;A01;3;32;0;0;0;26;1;
79360;202100051075;110 379;A01;2;7;0;1;2;1;1;
79361;202100051076;110 377;A01;2;34;0;2;7;17;1;
79362;202100051076;110 378;B01;2;7;0;2;8;15;1;
79363;202100051077;110 376;A01;0;31;0;0;1;2;1;
79364;202100051080;110 371;A01;2;30;0;0;0;21;1;
79365;202100051081;110 369;A01;1;10;0;2;1;1;1;
79366;202100051081;110 370;B01;1;7;0;2;4;23;1;
79367;202100051082;110 367;B01;1;10;0;2;2;1;1;
79368;202100051082;110 368;A01;2;7;0;2;3;1;1;
79369;202100051083;110 366;A01;1;7;0;1;1;1;1;
79370;202100051084;110 365;A01;2;50;0;1;7;1;3;
79371;202100051085;110 363;B01;1;50;0;2;1;18;3;
79372;202100051085;110 364;A01;1;7;0;2;5;22;1;
79373;202100051086;110 362;A01;1;1;0;1;1;1;5;
79374;202100051087;110 360;B01;1;7;0;2;1;1;2;
79375;202100051087;110 361;A01;1;1;8;2;3;15;5;
79376;202100051088;110 358;A01;2;10;0;2;1;1;1;
79377;202100051088;110 359;B01;2;7;0;0;4;1;0;
79378;202100051090;110 355;A01;1;7;0;1;2;1;1;
79379;202100051092;110 351;A01;2;7;0;2;2;15;1;
79380;202100051092;110 352;B01;1;1;0;2;6;19;5;
79381;202100051093;110 348;A01;1;10;0;2;1;0;1;
79382;202100051093;110 349;C01;-1;13;1;2;0;12;1;
79383;202100051093;110 350;B01;2;7;0;2;1;1;1;
79384;202100051094;110 346;A01;1;7;0;2;2;1;1;
79385;202100051094;110 347;B01;1;50;0;2;7;0;3;
79386;202100051095;110 345;A01;1;7;0;1;3;1;1;
79387;202100051096;110 343;B01;-1;7;0;2;8;15;1;
79388;202100051096;110 344;A01;-1;7;0;2;1;1;1;
79389;202100051097;110 341;A01;1;2;0;2;1;1;1;
79390;202100051097;110 342;B01;1;7;0;2;1;9;1;
79391;202100051098;110 339;B01;3;7;0;2;1;1;1;
79392;202100051098;110 340;A01;3;7;15;2;2;1;1;
79393;202100051100;110 335;B01;1;2;0;2;1;1;1;
79394;202100051100;110 336;A01;1;7;0;2;2;1;1;
79395;202100051101;110 333;B01;2;7;0;2;5;1;1;
79396;202100051101;110 334;A01;2;30;0;2;1;2;1;
79397;202100051102;110 332;A01;1;7;0;1;0;24;1;
79398;202100051103;110 330;A01;1;10;0;2;3;15;1;
79399;202100051103;110 331;B01;1;33;0;2;1;17;1;
79400;202100051104;110 328;B01;2;3;0;2;2;1;3;
79401;202100051104;110 329;A01;2;7;0;2;3;15;1;
79402;202100051105;110 325;A01;2;10;0;2;1;2;1;
79403;202100051105;110 326;B01;2;10;0;2;4;2;1;
79404;202100051105;110 327;C01;2;7;0;2;4;1;1;
79405;202100051106;110 323;B01;1;7;0;2;1;1;1;
79406;202100051106;110 324;A01;3;7;0;0;7;19;1;
79407;202100051107;110 321;A01;1;15;0;2;3;1;1;
79408;202100051107;110 322;B01;2;7;0;2;1;5;1;
79409;202100051108;110 319;B01;2;21;0;9;6;1;1;
79410;202100051108;110 320;A01;1;33;0;0;0;0;1;
79411;202100051109;110 317;A01;2;0;0;9;2;21;1;
79412;202100051109;110 318;B01;2;1;0;2;4;2;5;
79413;202100051110;110 315;B01;1;7;0;2;3;1;1;
79414;202100051110;110 316;A01;2;7;0;2;3;17;1;
79415;202100051111;110 312;C01;1;7;0;2;8;1;1;
79416;202100051111;110 313;A01;2;33;0;2;8;17;6;
79417;202100051111;110 314;B01;2;38;0;2;3;1;1;1.0
79418;202100051112;110 311;A01;1;7;0;9;2;1;1;
79419;202100051113;110 309;B01;2;17;0;2;1;1;1;
79420;202100051113;110 310;A01;2;7;0;2;8;16;1;
79421;202100051114;110 307;A01;1;7;0;2;3;26;1;
79422;202100051114;110 308;B01;2;30;0;2;1;1;1;
79423;202100051115;110 306;A01;3;38;0;1;7;1;1;1.0
79424;202100051116;110 304;A01;2;7;0;2;3;15;1;
79425;202100051116;110 305;B01;2;35;7;2;1;17;1;
79426;202100051117;110 302;B01;1;33;0;2;1;1;1;
79427;202100051117;110 303;A01;2;7;0;2;1;11;1;
79428;202100051118;110 301;A01;1;33;0;0;0;14;1;
79429;202100051120;110 298;B01;2;7;0;2;3;1;1;
79430;202100051120;110 299;A01;2;7;0;2;2;15;1;
79431;202100051121;110 296;B01;2;7;0;2;3;1;1;
79432;202100051121;110 297;A01;1;7;0;2;3;13;1;
79433;202100051122;110 295;A01;1;7;0;1;3;1;1;
79434;202100051123;110 294;A01;1;33;13;0;1;14;1;
79435;202100051124;110 293;A01;3;7;0;1;2;1;1;
79436;202100051125;110 291;A01;1;33;0;2;8;1;1;
79437;202100051125;110 292;B01;2;14;0;2;8;1;0;
79438;202100051126;110 290;A01;2;15;0;1;3;19;1;
79439;202100051127;110 289;A01;2;7;3;0;8;1;1;
79440;202100051129;110 285;A01;1;7;0;2;3;17;1;
79441;202100051129;110 286;B01;2;2;0;2;3;1;1;
79442;202100051131;110 282;A01;2;33;0;0;9;1;1;
79443;202100051132;110 279;C01;1;7;0;2;1;17;2;
79444;202100051132;110 280;A01;1;10;6;2;3;1;1;
79445;202100051132;110 281;B01;3;7;6;2;1;16;1;
79446;202100051133;110 277;B01;2;33;0;2;1;1;1;
79447;202100051133;110 278;A01;1;7;0;2;5;15;1;
79448;202100051135;110 273;A01;1;10;0;0;7;9;1;
79449;202100051135;110 274;B01;1;33;0;2;1;1;1;
79450;202100051136;110 271;A01;2;80;0;0;2;16;3;
79451;202100051137;110 268;A01;1;7;0;2;1;1;1;
79452;202100051137;110 269;B01;2;7;0;2;1;1;1;
79453;202100051138;110 265;Z01;2;0;0;2;1;1;6;
79454;202100051138;110 266;B01;2;10;0;2;4;1;1;
79455;202100051138;110 267;A01;2;7;0;2;4;1;1;
79456;202100051139;110 263;B01;2;7;0;0;0;1;1;
79457;202100051139;110 264;A01;1;15;3;0;3;6;1;
79458;202100051140;110 261;A01;1;15;0;2;2;12;1;
79459;202100051140;110 262;B01;1;7;0;2;3;1;1;
79460;202100051141;110 260;A01;2;33;0;0;0;1;1;
79461;202100051142;110 259;A01;1;7;4;0;0;0;1;
79462;202100051143;110 257;A01;2;10;0;2;4;2;1;
79463;202100051143;110 258;Z01;2;7;0;2;1;2;1;
79464;202100051144;110 253;C01;1;7;0;2;1;2;3;
79465;202100051144;110 254;D01;1;7;0;2;1;2;1;
79466;202100051144;110 255;A01;1;7;0;2;1;2;1;
79467;202100051144;110 256;B01;1;7;0;2;1;2;1;
79468;202100051145;110 250;A01;1;7;0;2;1;1;1;
79469;202100051145;110 251;B01;1;7;0;2;4;2;1;
79470;202100051145;110 252;C01;1;7;0;2;1;2;1;
79471;202100051146;110 248;B01;2;33;0;2;8;1;1;
79472;202100051146;110 249;A01;2;7;0;2;7;17;1;
79473;202100051147;110 246;A01;1;7;0;2;8;15;1;
79474;202100051147;110 247;B01;1;30;0;2;1;17;1;
79475;202100051149;110 243;B01;3;50;0;2;0;0;3;
79476;202100051149;110 244;A01;3;7;0;2;2;16;1;
79477;202100051150;110 242;A01;3;7;0;1;2;2;1;
79478;202100051152;110 240;A01;3;33;0;0;7;1;1;
79479;202100051153;110 239;A01;2;7;0;0;7;1;1;
79480;202100051154;110 238;A01;2;99;0;0;1;26;1;
79481;202100051155;110 236;A01;2;7;0;2;1;2;1;
79482;202100051155;110 237;B01;2;7;0;2;4;23;1;
79483;202100051156;110 235;A01;1;7;0;1;1;15;1;
79484;202100051157;110 234;A01;0;15;0;0;0;26;1;
79485;202100051158;110 232;B01;2;7;0;2;4;1;1;
79486;202100051158;110 233;A01;2;7;0;2;1;2;1;
79487;202100051159;110 228;D01;1;7;0;2;0;0;1;
79488;202100051159;110 229;B01;1;7;0;2;2;1;1;
79489;202100051159;110 230;C01;1;7;0;2;8;0;1;
79490;202100051159;110 231;A01;1;7;0;2;3;1;1;
79491;202100051160;110 226;B01;1;30;0;2;4;1;1;
79492;202100051160;110 227;A01;1;7;0;2;1;9;1;
79493;202100051161;110 224;A01;1;30;0;2;7;1;1;
79494;202100051161;110 225;B01;1;7;0;2;1;1;1;
79495;202100051162;110 222;A01;0;7;0;0;0;24;1;
79496;202100051162;110 223;B01;0;1;1;0;8;21;0;
79497;202100051163;110 221;A01;2;33;0;2;7;21;1;
79498;202100051164;110 220;A01;2;7;0;1;1;1;1;
79499;202100051165;110 218;A01;1;7;0;2;2;16;1;
79500;202100051165;110 219;B01;1;1;0;2;4;1;5;
79501;202100051166;110 216;B01;1;2;0;2;8;1;1;
79502;202100051166;110 217;A01;1;7;0;2;0;9;0;
79503;202100051168;110 213;A01;2;31;6;0;1;26;1;
79504;202100051169;110 211;B01;1;7;0;2;7;1;1;
79505;202100051169;110 212;A01;1;7;0;2;2;13;1;
79506;202100051170;110 210;A01;2;30;0;0;0;0;1;
79507;202100051171;110 208;A01;1;30;0;2;1;1;3;
79508;202100051171;110 209;B01;1;7;0;2;3;1;1;
79509;202100051172;110 206;B01;1;7;0;2;3;15;1;
79510;202100051172;110 207;A01;1;43;0;2;1;17;1;
79511;202100051173;110 204;A01;1;15;0;2;6;24;1;
79512;202100051173;110 205;B01;1;7;1;0;2;2;1;
79513;202100051174;110 200;A01;3;7;0;2;1;1;1;
79514;202100051174;110 201;B01;3;10;0;2;8;15;1;
79515;202100051175;110 198;A01;3;7;0;2;8;19;1;
79516;202100051175;110 199;B01;3;34;0;2;1;17;1;
79517;202100051176;110 196;B01;1;10;0;2;6;2;1;
79518;202100051176;110 197;A01;1;33;0;2;1;2;1;
79519;202100051177;110 193;Z01;0;7;0;2;1;13;1;
79520;202100051177;110 194;B01;3;7;0;2;8;1;1;
79521;202100051177;110 195;A01;3;7;0;2;1;1;1;
79522;202100051178;110 190;A01;1;7;0;2;1;1;1;
79523;202100051178;110 191;B01;1;33;0;2;4;1;1;
79524;202100051178;110 192;C01;2;7;0;2;3;1;1;
79525;202100051179;110 188;A01;1;7;0;2;2;15;1;
79526;202100051179;110 189;B01;2;2;0;2;1;1;1;
79527;202100051181;110 184;A01;2;1;0;1;7;1;5;
79528;202100051182;110 183;A01;2;7;0;1;8;1;2;
79529;202100051183;110 181;A01;1;7;0;2;3;10;1;
79530;202100051183;110 182;B01;1;33;0;2;2;17;1;
79531;202100051184;110 180;A01;2;7;0;1;1;17;1;
79532;202100051185;110 179;A01;1;50;0;1;8;1;3;
79533;202100051186;110 177;A01;1;10;0;2;1;15;1;
79534;202100051186;110 178;B01;2;33;0;2;1;1;1;
79535;202100051187;110 175;A01;2;1;0;2;3;19;5;
79536;202100051187;110 176;B01;2;1;0;2;1;1;5;
79537;202100051189;110 172;A01;1;7;0;2;3;15;2;
79538;202100051189;110 173;B01;1;33;0;2;2;17;1;
79539;202100051190;110 171;A01;2;32;0;1;1;1;1;
79540;202100051191;110 169;A01;1;1;0;2;7;15;5;
79541;202100051191;110 170;B01;1;32;0;2;1;1;1;
79542;202100051192;110 167;A01;1;50;0;2;1;16;3;
79543;202100051192;110 168;B01;1;10;0;2;0;1;1;
79544;202100051193;110 166;A01;2;30;12;0;2;14;3;
79545;202100051194;110 165;A01;1;33;0;0;0;15;1;
79546;202100051195;110 163;B01;2;7;1;0;4;23;1;
79547;202100051195;110 164;A01;2;7;0;2;1;1;1;
79548;202100051196;110 162;A01;1;13;0;1;1;9;0;
79549;202100051197;110 161;A01;1;7;0;1;4;4;1;
79550;202100051198;110 159;A01;1;7;0;2;3;15;1;
79551;202100051198;110 160;B01;1;30;0;2;1;1;1;
79552;202100051200;110 155;A01;1;2;0;2;1;2;1;
79553;202100051200;110 156;B01;1;7;14;0;5;23;2;
79554;202100051201;110 152;A01;1;33;1;2;2;17;1;
79555;202100051201;110 153;B01;2;7;0;2;2;9;1;
79556;202100051201;110 154;C01;2;7;0;0;3;0;1;
79557;202100051202;110 151;A01;2;7;0;1;2;1;1;
79558;202100051203;110 150;A01;1;50;0;0;1;19;3;
79559;202100051204;110 148;A01;1;7;0;2;1;19;1;
79560;202100051204;110 149;B01;1;10;0;2;1;19;1;
79561;202100051206;110 146;A01;1;7;13;0;7;14;1;
79562;202100051207;110 144;B01;1;7;3;2;1;14;1;
79563;202100051207;110 145;A01;1;7;0;2;4;23;1;
79564;202100051208;110 143;A01;1;7;0;0;7;2;1;
79565;202100051209;110 142;A01;1;7;2;0;1;1;1;
79566;202100051210;110 141;A01;2;7;0;1;1;1;1;
79567;202100051211;110 139;A01;1;31;0;2;1;13;1;
79568;202100051211;110 140;B01;2;13;0;2;1;1;1;
79569;202100051212;110 137;B01;2;7;0;0;4;1;1;
79570;202100051212;110 138;A01;2;7;0;2;1;0;1;
79571;202100051213;110 135;B01;2;33;0;2;7;1;1;
79572;202100051213;110 136;A01;2;7;0;2;8;11;1;
79573;202100051214;110 134;A01;2;7;13;0;1;1;1;
79574;202100051215;110 132;A01;1;7;0;0;1;13;1;
79575;202100051215;110 133;B01;2;7;0;2;1;1;0;
79576;202100051216;110 129;C01;2;7;0;2;3;1;1;
79577;202100051216;110 130;A01;1;10;0;2;1;21;1;
79578;202100051216;110 131;B01;1;10;0;2;6;1;1;
79579;202100051217;110 127;B01;2;7;0;2;1;1;1;
79580;202100051217;110 128;A01;1;7;0;2;8;17;1;
79581;202100051218;110 124;C01;2;7;0;2;1;1;1;
79582;202100051218;110 125;B01;1;7;0;2;1;13;1;
79583;202100051218;110 126;A01;1;7;0;0;0;17;0;
79584;202100051219;110 122;B01;1;32;0;2;1;1;1;
79585;202100051219;110 123;A01;2;7;0;2;2;15;1;
79586;202100051220;110 121;A01;1;10;0;0;9;1;1;
79587;202100051221;110 120;A01;0;36;0;0;0;0;1;
79588;202100051222;110 118;B01;2;7;0;2;3;2;1;
79589;202100051222;110 119;A01;2;7;0;2;5;15;1;
79590;202100051223;110 116;A01;1;7;0;2;2;2;1;
79591;202100051223;110 117;B01;1;7;0;2;4;2;1;
79592;202100051224;110 115;A01;1;2;12;0;1;1;1;
79593;202100051225;110 114;A01;1;20;2;0;0;21;1;
79594;202100051226;110 113;A01;3;7;2;0;2;1;1;
79595;202100051227;110 111;B01;0;10;0;2;2;15;1;
79596;202100051227;110 112;A01;2;33;0;2;8;2;1;
79597;202100051229;110 108;A01;0;14;0;0;5;0;0;
79598;202100051230;110 107;A01;3;2;0;0;0;0;1;
79599;202100051231;110 106;A01;2;7;13;0;3;13;1;
79600;202100051232;110 105;A01;0;33;12;0;1;9;0;
79601;202100051233;110 104;A01;1;7;15;0;9;1;1;
79602;202100051234;110 103;A01;1;2;0;0;8;26;1;
79603;202100051235;110 102;A01;3;7;0;1;2;16;1;
79604;202100051236;110 100;B01;2;80;12;2;0;2;3;
79605;202100051236;110 101;A01;2;37;0;9;0;2;1;1.0
79606;202100051237;110 098;B01;2;80;0;0;4;2;3;
79607;202100051237;110 099;A01;2;10;6;2;1;1;1;
79608;202100051238;110 096;B01;1;7;0;2;1;1;1;
79609;202100051238;110 097;A01;2;7;0;2;2;15;1;
79610;202100051239;110 094;A01;1;7;0;2;1;17;2;
79611;202100051239;110 095;B01;2;7;0;2;1;1;1;
79612;202100051241;110 091;A01;3;10;0;1;4;4;1;
79613;202100051242;110 089;A01;2;7;0;2;0;26;1;
79614;202100051242;110 090;B01;2;1;0;2;0;1;5;
79615;202100051243;110 088;A01;1;33;15;0;1;1;1;
79616;202100051244;110 086;B01;1;7;0;2;2;1;1;
79617;202100051244;110 087;A01;1;7;0;2;3;15;1;
79618;202100051245;110 084;A01;1;3;0;2;7;19;1;
79619;202100051245;110 085;B01;1;33;0;2;1;1;1;
79620;202100051246;110 083;A01;2;7;16;0;2;21;1;
79621;202100051247;110 081;B01;1;50;0;2;4;2;3;
79622;202100051247;110 082;A01;1;7;0;9;2;2;1;
79623;202100051248;110 079;B01;1;1;0;2;5;1;5;
79624;202100051248;110 080;A01;1;10;0;2;1;9;1;
79625;202100051250;110 075;A01;2;7;0;2;3;9;1;
79626;202100051250;110 076;B01;1;7;0;2;2;1;1;
79627;202100051251;110 072;B01;1;33;0;2;1;2;1;
79628;202100051251;110 073;A01;1;7;0;2;5;2;1;
79629;202100051252;110 068;B01;1;7;0;2;4;1;1;
79630;202100051252;110 069;D01;1;7;0;2;1;2;1;
79631;202100051252;110 070;C01;1;10;0;2;4;1;1;
79632;202100051252;110 071;A01;1;7;0;2;4;1;1;
79633;202100051254;110 065;A01;3;7;1;0;2;15;1;
79634;202100051256;110 061;B01;1;2;0;2;2;1;1;
79635;202100051256;110 062;A01;1;7;0;2;1;3;1;
79636;202100051258;110 057;A01;1;50;0;2;3;1;3;
79637;202100051258;110 058;B01;2;7;0;2;2;1;1;
79638;202100051259;110 056;A01;2;17;0;1;1;1;1;
79639;202100051260;110 055;A01;2;7;4;0;3;13;1;
79640;202100051261;110 053;B01;1;2;0;2;1;1;1;
79641;202100051261;110 054;A01;3;7;0;2;3;15;1;
79642;202100051262;110 052;A01;1;7;0;1;3;1;1;
79643;202100051263;110 050;B01;1;7;0;2;4;23;1;
79644;202100051263;110 051;A01;1;7;0;2;1;1;1;
79645;202100051264;110 048;A01;3;7;0;2;2;1;1;
79646;202100051264;110 049;B01;3;50;0;2;1;1;3;
79647;202100051265;110 043;B01;1;32;0;2;7;1;1;
79648;202100051265;110 044;A01;1;7;0;2;3;9;1;
79649;202100051267;110 040;A01;2;34;0;2;1;17;1;
79650;202100051267;110 041;B01;2;7;0;2;3;15;1;
79651;202100051268;110 039;B01;2;1;1;0;1;9;5;
79652;202100051270;110 034;B01;2;7;0;2;4;23;1;
79653;202100051270;110 035;A01;2;7;0;2;1;2;1;
79654;202100051270;110 036;C01;2;7;0;2;4;23;1;
79655;202100051273;110 023;A01;1;7;4;2;3;26;1;
79656;202100051273;110 024;B01;1;7;0;2;8;1;1;
79657;202100051274;110 022;A01;2;7;0;1;1;15;1;
79658;202100051275;110 021;A01;2;3;9;0;2;1;1;
79659;202100051276;110 020;A01;2;7;0;1;3;15;1;
79660;202100051278;110 017;B01;1;7;0;2;2;1;1;
79661;202100051278;110 018;A01;3;7;0;2;3;19;1;
79662;202100051279;110 015;Z01;1;7;0;2;6;23;1;
79663;202100051279;110 016;A01;1;1;0;2;0;19;5;
79664;202100051280;110 013;B01;1;7;0;2;1;1;1;
79665;202100051280;110 014;A01;1;10;0;2;4;23;1;
79666;202100051282;110 010;B01;3;7;0;2;8;1;1;
79667;202100051282;110 011;A01;3;7;0;2;1;15;1;
79668;202100051283;110 009;A01;3;30;0;0;3;1;1;
79669;202100051284;110 007;B01;3;7;0;2;8;1;1;
79670;202100051284;110 008;A01;3;30;0;2;1;1;1;
79671;202100051285;110 005;B01;1;33;0;2;2;1;1;
79672;202100051285;110 006;A01;2;7;0;2;3;15;2;
79673;202100051286;110 003;A01;2;10;0;2;2;2;1;
79674;202100051286;110 004;B01;2;7;0;2;6;23;1;
79675;202100051287;110 002;A01;3;7;0;1;1;1;1;
79676;202100051288;109 999;C01;2;7;0;2;2;23;1;
79677;202100051288;110 000;B01;1;7;0;2;3;1;1;
79678;202100051288;110 001;A01;1;7;1;2;3;19;1;
79679;202100051289;109 998;A01;1;7;0;1;3;1;1;
79680;202100051291;109 994;A01;3;30;0;0;7;1;1;
79681;202100051292;109 993;A01;2;7;0;1;3;15;1;
79682;202100051294;109 989;B01;2;33;0;2;2;1;1;
79683;202100051294;109 990;A01;2;10;0;2;8;11;1;
79684;202100051295;109 987;A01;2;7;0;2;2;1;1;
79685;202100051295;109 988;B01;0;60;0;2;3;19;5;
79686;202100051296;109 986;A01;2;7;0;1;1;1;1;
79687;202100051297;109 985;A01;1;7;0;1;3;13;1;
79688;202100051298;109 981;B01;2;7;0;2;3;1;1;
79689;202100051298;109 982;A01;1;7;0;2;3;13;1;