;Num_Acc;id_vehicule;num_veh;senc;catv;obs;obsm;choc;manv;motor;occutc
79690;202100051299;109 979;B01;3;33;0;2;1;2;1;
79691;202100051299;109 980;A01;3;7;0;2;1;13;1;
79692;202100051300;109 977;Z01;0;7;0;2;3;0;1;
79693;202100051300;109 978;A01;0;7;0;2;3;1;1;
79694;202100051301;109 975;A01;2;31;0;2;2;17;1;
79695;202100051301;109 976;B01;2;60;0;2;8;1;5;
79696;202100051303;109 970;B01;1;10;0;2;7;1;1;
79697;202100051303;109 971;A01;1;7;0;2;1;1;1;
79698;202100051304;109 968;B01;1;31;0;2;1;1;1;
79699;202100051304;109 969;A01;1;7;0;2;6;23;1;
79700;202100051305;109 966;B01;1;7;0;2;4;2;1;
79701;202100051305;109 967;A01;1;30;0;2;1;2;1;
79702;202100051306;109 964;A01;1;1;0;2;1;1;6;
79703;202100051306;109 965;B01;1;7;0;2;4;1;1;
79704;202100051308;109 960;B01;2;2;0;2;1;26;1;
79705;202100051308;109 961;A01;1;7;0;9;2;15;1;
79706;202100051309;109 957;B01;1;7;0;2;2;1;1;
79707;202100051309;109 958;Z01;1;14;0;2;2;12;0;
79708;202100051309;109 959;A01;1;7;0;2;6;1;1;
79709;202100051310;109 955;A01;2;14;0;2;2;12;1;
79710;202100051310;109 956;B01;2;7;0;2;3;1;1;
79711;202100051311;109 953;A01;2;10;0;2;1;2;1;
79712;202100051311;109 954;B01;2;7;0;2;4;23;1;
79713;202100051312;109 951;A01;1;10;0;2;2;1;1;
79714;202100051312;109 952;B01;2;43;0;2;5;1;1;
79715;202100051313;109 950;Z01;2;7;1;0;1;13;1;
79716;202100051314;109 949;Z01;1;7;0;1;1;1;1;
79717;202100051315;109 945;A01;3;7;0;2;1;2;1;
79718;202100051315;109 946;B01;3;7;0;2;4;2;1;
79719;202100051315;109 947;C01;3;7;0;2;4;23;1;
79720;202100051315;109 948;D01;1;7;0;2;5;23;1;
79721;202100051317;109 941;B01;1;1;0;2;7;1;5;
79722;202100051317;109 942;A01;1;32;0;2;1;1;1;
79723;202100051318;109 940;A01;1;7;0;1;2;1;1;
79724;202100051319;109 938;A01;2;30;0;2;1;1;1;
79725;202100051319;109 939;Z01;1;30;0;2;8;16;1;
79726;202100051320;109 936;B01;3;7;0;2;2;1;1;
79727;202100051320;109 937;A01;3;30;0;2;3;18;1;
79728;202100051321;109 935;A01;1;10;1;0;1;7;1;
79729;202100051322;109 933;B01;2;2;0;2;8;1;1;
79730;202100051322;109 934;A01;1;0;0;2;3;15;0;
79731;202100051323;109 932;A01;2;7;12;0;2;1;1;
79732;202100051324;109 930;A01;1;2;0;2;8;2;1;
79733;202100051324;109 931;B01;2;10;0;2;3;11;1;
79734;202100051325;109 928;A01;2;7;0;2;3;9;1;
79735;202100051325;109 929;B01;2;7;0;2;2;1;1;
79736;202100051326;109 927;A01;2;7;6;0;1;14;1;
79737;202100051327;109 925;A01;1;10;0;2;7;16;1;
79738;202100051327;109 926;B01;2;30;0;2;7;1;1;
79739;202100051328;109 924;A01;3;33;0;1;2;2;1;
79740;202100051329;109 922;A01;1;7;0;1;1;1;1;
79741;202100051330;109 920;A01;1;7;0;2;4;1;1;
79742;202100051330;109 921;B01;1;3;0;2;1;1;1;
79743;202100051331;109 917;C01;-1;7;0;2;1;23;1;
79744;202100051331;109 918;A01;0;10;11;2;1;6;1;
79745;202100051331;109 919;B01;-1;7;0;2;1;23;1;
79746;202100051332;109 916;A01;1;10;0;1;4;4;1;
79747;202100051333;109 914;A01;1;30;0;2;2;1;1;
79748;202100051333;109 915;B01;1;7;0;2;3;1;1;
79749;202100051334;109 913;A01;3;7;0;1;3;15;1;
79750;202100051335;109 912;A01;1;7;7;0;1;1;1;
79751;202100051336;109 910;B01;1;3;0;2;2;1;1;
79752;202100051336;109 911;A01;2;7;0;2;1;13;1;
79753;202100051337;109 909;A01;2;7;0;0;2;1;1;
79754;202100051338;109 906;B01;1;17;0;2;4;2;1;
79755;202100051338;109 907;A01;1;7;0;2;1;2;1;
79756;202100051339;109 904;B01;1;7;0;2;1;1;1;
79757;202100051339;109 905;A01;3;7;0;2;7;1;2;
79758;202100051340;109 903;A01;1;7;2;0;7;14;1;
79759;202100051341;109 901;A01;1;7;9;0;7;15;1;
79760;202100051341;109 902;B01;2;13;0;0;3;1;1;
79761;202100051342;109 899;A01;2;7;0;0;5;10;3;
79762;202100051342;109 900;B01;2;33;0;2;1;1;1;
79763;202100051343;109 897;B01;2;7;0;0;4;23;1;
79764;202100051343;109 898;A01;2;2;0;2;1;2;1;
79765;202100051344;109 896;A01;1;2;7;0;2;1;1;
79766;202100051345;109 894;B01;1;21;0;2;6;15;1;
79767;202100051345;109 895;A01;1;33;0;2;1;17;1;
79768;202100051346;109 892;B01;2;2;0;0;4;1;1;
79769;202100051346;109 893;A01;2;7;0;2;1;1;1;
79770;202100051347;109 890;B01;0;7;0;0;1;0;2;
79771;202100051347;109 891;A01;0;7;0;0;1;0;1;
79772;202100051348;109 889;A01;3;7;0;1;2;1;1;
79773;202100051349;109 888;A01;2;7;16;0;0;13;1;
79774;202100051350;109 887;A01;1;36;11;0;0;1;1;
79775;202100051351;109 885;A01;1;7;0;2;3;1;1;
79776;202100051351;109 886;B01;2;2;0;2;0;1;1;
79777;202100051352;109 884;A01;2;1;0;1;1;1;5;
79778;202100051354;109 882;A01;2;33;0;0;8;1;1;
79779;202100051355;109 881;A01;1;33;13;0;1;1;1;
79780;202100051356;109 879;B01;2;7;0;2;1;1;1;
79781;202100051356;109 880;A01;1;7;0;2;1;1;1;
79782;202100051357;109 878;A01;2;7;16;0;2;14;1;
79783;202100051358;109 877;A01;1;7;6;0;3;1;1;
79784;202100051359;109 876;A01;2;10;12;0;2;21;1;
79785;202100051360;109 874;A01;1;7;0;2;3;1;1;
79786;202100051360;109 875;B01;2;7;0;2;3;1;1;
79787;202100051361;109 870;A01;2;10;0;2;3;2;1;
79788;202100051361;109 871;C01;2;7;0;2;4;2;1;
79789;202100051361;109 872;D01;2;7;0;0;4;1;1;
79790;202100051361;109 873;B01;2;31;0;2;4;2;1;
79791;202100051362;109 868;A01;1;7;0;2;1;17;1;
79792;202100051362;109 869;B01;2;7;0;2;1;1;1;
79793;202100051363;109 867;A01;1;33;0;0;0;2;1;
79794;202100051365;109 864;A01;3;7;2;0;1;1;1;
79795;202100051366;109 862;A01;2;14;0;2;0;15;1;
79796;202100051366;109 863;B01;1;33;0;2;1;1;1;
79797;202100051367;109 861;A01;2;7;13;0;4;2;1;
79798;202100051368;109 860;A01;1;31;0;0;0;1;1;
79799;202100051370;109 857;A01;2;33;0;0;7;1;1;
79800;202100051371;109 855;A01;2;7;0;2;4;23;1;
79801;202100051371;109 856;B01;2;10;0;2;1;1;1;
79802;202100051372;109 853;A01;2;7;14;0;4;2;1;
79803;202100051372;109 854;B01;2;7;14;2;1;9;1;
79804;202100051373;109 851;A01;1;15;0;2;6;26;1;
79805;202100051373;109 852;B01;1;7;0;2;2;2;1;
79806;202100051375;109 847;C01;1;7;0;2;4;2;1;
79807;202100051375;109 848;B01;1;7;0;2;4;2;1;
79808;202100051375;109 849;A01;1;10;0;2;1;2;1;
79809;202100051376;109 846;A01;2;33;0;0;7;9;1;
79810;202100051377;109 844;A01;2;33;0;2;1;3;1;
79811;202100051377;109 845;B01;2;7;0;2;5;1;1;
79812;202100051378;109 842;B01;1;17;0;2;6;2;1;
79813;202100051378;109 843;A01;1;10;0;2;2;2;1;
79814;202100051379;109 841;A01;2;7;4;0;5;1;1;
79815;202100051380;109 839;B01;1;14;0;2;4;1;1;
79816;202100051380;109 840;A01;1;14;0;2;2;12;1;
79817;202100051381;109 838;A01;1;33;4;0;0;11;1;
79818;202100051383;109 835;A01;2;7;0;1;8;16;2;
79819;202100051384;109 833;A01;2;30;0;2;1;1;1;
79820;202100051384;109 834;B01;2;7;0;2;4;1;1;
79821;202100051385;109 831;A01;3;31;0;2;1;13;1;
79822;202100051385;109 832;B01;1;7;0;2;1;1;1;
79823;202100051386;109 830;A01;1;30;0;0;0;2;1;
79824;202100051387;109 829;A01;3;33;14;0;0;1;1;
79825;202100051389;109 826;A01;2;7;4;0;3;13;1;
79826;202100051390;109 824;A01;1;7;0;2;2;2;1;
79827;202100051390;109 825;B01;1;7;0;2;6;2;1;
79828;202100051391;109 822;A01;3;7;0;2;4;20;1;
79829;202100051391;109 823;B01;1;7;0;2;2;1;1;
79830;202100051392;109 820;B01;2;7;0;2;7;1;1;
79831;202100051392;109 821;A01;2;7;0;2;2;15;1;
79832;202100051393;109 819;A01;3;7;0;1;1;1;1;
79833;202100051394;109 818;A01;2;7;0;1;2;1;1;
79834;202100051395;109 816;Z01;2;7;0;2;2;9;1;
79835;202100051395;109 817;B01;3;7;0;2;5;1;1;
79836;202100051396;109 814;A01;1;10;0;2;1;5;1;
79837;202100051396;109 815;B01;2;7;0;2;1;1;1;
79838;202100051397;109 812;A01;2;7;0;2;7;15;1;
79839;202100051397;109 813;B01;1;33;0;2;1;1;1;
79840;202100051398;109 811;A01;2;7;11;0;1;13;1;
79841;202100051399;109 810;A01;1;80;12;0;7;1;3;
79842;202100051400;109 809;A01;3;7;0;1;2;9;1;
79843;202100051401;109 807;B01;1;1;0;9;1;26;5;
79844;202100051401;109 808;A01;2;30;0;9;1;26;1;
79845;202100051402;109 806;A01;2;7;13;0;0;1;1;
79846;202100051404;109 803;A01;1;31;0;2;1;1;1;
79847;202100051404;109 804;B01;1;7;0;2;8;15;1;
79848;202100051405;109 801;B01;0;7;0;2;6;1;1;
79849;202100051405;109 802;A01;0;2;0;2;1;1;1;
79850;202100051406;109 799;B01;0;7;0;2;4;1;1;
79851;202100051406;109 800;A01;0;10;0;2;1;1;1;
79852;202100051408;109 795;B01;2;7;0;2;8;19;1;
79853;202100051408;109 796;A01;1;7;0;2;1;1;1;
79854;202100051409;109 794;A01;0;7;0;0;0;26;1;
79855;202100051410;109 793;A01;1;1;0;1;1;1;5;
79856;202100051411;109 791;B01;2;7;0;2;1;1;1;
79857;202100051411;109 792;A01;2;7;0;2;3;20;1;
79858;202100051412;109 790;A01;2;7;9;0;3;1;1;
79859;202100051413;109 789;A01;3;7;2;0;3;25;1;
79860;202100051414;109 787;B01;1;7;0;2;7;1;1;
79861;202100051414;109 788;A01;1;7;0;2;1;1;1;
79862;202100051415;109 785;B01;1;7;0;2;4;1;1;
79863;202100051415;109 786;A01;1;7;0;2;4;23;1;
79864;202100051416;109 784;A01;1;7;13;0;3;13;1;
79865;202100051417;109 783;A01;0;7;0;1;1;1;1;
79866;202100051418;109 782;A01;0;2;12;0;7;1;1;
79867;202100051419;109 780;A01;0;7;0;2;8;15;1;
79868;202100051419;109 781;B01;0;7;8;2;1;0;1;
79869;202100051420;109 778;B01;1;33;0;2;1;1;1;
79870;202100051420;109 779;A01;0;7;0;2;8;26;1;
79871;202100051421;109 776;B01;2;1;0;2;1;1;5;
79872;202100051421;109 777;A01;1;7;0;2;3;15;0;
79873;202100051422;109 774;B01;2;80;0;2;7;1;3;
79874;202100051422;109 775;A01;2;7;0;2;1;16;1;
79875;202100051423;109 773;A01;2;32;0;0;8;2;1;
79876;202100051424;109 772;A01;1;7;0;1;5;23;1;
79877;202100051425;109 771;A01;2;7;1;0;1;13;1;
79878;202100051426;109 770;A01;1;7;0;1;3;1;1;
79879;202100051427;109 769;A01;2;30;16;0;8;1;1;
79880;202100051428;109 767;A01;1;1;0;2;7;1;5;
79881;202100051428;109 768;B01;1;7;0;9;8;1;1;
79882;202100051429;109 766;A01;1;7;0;1;2;1;1;
79883;202100051430;109 765;A01;0;7;1;0;1;1;1;
79884;202100051431;109 764;A01;2;7;0;1;3;1;3;
79885;202100051432;109 762;B01;2;7;0;2;1;1;1;
79886;202100051432;109 763;A01;1;33;0;2;7;5;1;
79887;202100051433;109 761;A01;3;17;13;0;7;1;1;
79888;202100051434;109 760;A01;2;10;0;1;1;1;1;
79889;202100051435;109 758;B01;0;7;0;2;4;23;1;
79890;202100051435;109 759;A01;0;3;0;2;1;1;1;
79891;202100051436;109 756;B01;1;7;0;2;1;1;1;
79892;202100051436;109 757;A01;1;7;0;2;1;9;1;
79893;202100051437;109 754;A01;1;7;0;2;3;15;1;
79894;202100051437;109 755;B01;2;2;0;2;3;1;1;
79895;202100051438;109 753;A01;3;7;0;1;1;1;1;
79896;202100051439;109 752;A01;1;33;0;0;6;1;1;
79897;202100051440;109 751;A01;3;7;13;0;0;0;1;
79898;202100051442;109 747;B01;1;7;0;2;7;15;1;
79899;202100051442;109 748;A01;1;32;0;2;1;19;1;
79900;202100051443;109 743;A01;1;7;0;9;1;1;1;
79901;202100051443;109 744;B01;2;1;0;2;1;0;0;
79902;202100051444;109 741;B01;3;7;0;2;8;1;1;
79903;202100051444;109 742;A01;3;15;0;2;2;9;1;
79904;202100051446;109 738;A01;1;10;0;2;1;2;1;
79905;202100051446;109 739;B01;1;7;0;2;4;2;1;
79906;202100051447;109 736;A01;1;34;0;2;1;3;1;
79907;202100051447;109 737;B01;1;7;0;2;4;12;1;
79908;202100051448;109 732;D01;1;7;0;2;4;2;1;
79909;202100051448;109 733;C01;1;7;0;2;4;0;1;
79910;202100051448;109 734;B01;1;7;0;2;4;2;1;
79911;202100051448;109 735;A01;1;7;0;2;1;2;1;
79912;202100051449;109 731;A01;3;10;0;1;1;14;3;
79913;202100051450;109 730;A01;1;50;0;1;1;1;3;
79914;202100051451;109 728;B01;2;1;0;2;0;21;5;
79915;202100051451;109 729;A01;2;7;0;2;0;15;1;
79916;202100051452;109 726;A01;1;7;0;2;0;16;1;
79917;202100051452;109 727;B01;1;30;0;2;0;1;1;
79918;202100051453;109 725;A01;1;43;0;0;0;21;1;
79919;202100051454;109 724;A01;2;7;8;1;1;13;3;
79920;202100051455;109 722;A01;2;7;0;2;2;1;1;
79921;202100051455;109 723;B01;2;33;0;2;1;1;1;
79922;202100051457;109 720;C01;0;7;1;0;1;1;1;
79923;202100051458;109 718;A01;0;7;0;2;1;1;2;
79924;202100051458;109 719;B01;2;33;0;2;7;0;1;
79925;202100051459;109 717;A01;0;7;1;1;2;17;1;
79926;202100051460;109 716;A01;2;7;0;1;3;15;1;
79927;202100051461;109 714;A01;1;7;1;2;1;1;1;
79928;202100051461;109 715;B01;2;14;0;2;5;1;1;
79929;202100051462;109 712;B01;2;10;0;2;3;1;1;
79930;202100051462;109 713;A01;2;2;0;2;1;15;1;
79931;202100051463;109 711;A01;1;32;7;0;2;2;1;
79932;202100051464;109 710;A01;1;7;6;0;3;13;1;
79933;202100051466;109 706;A01;1;2;0;0;6;1;1;
79934;202100051466;109 707;B01;1;0;0;2;2;2;0;
79935;202100051467;109 704;B01;3;7;0;0;8;1;1;
79936;202100051467;109 705;A01;0;30;0;2;1;6;1;
79937;202100051468;109 702;A01;2;7;0;2;3;1;1;
79938;202100051468;109 703;B01;1;7;0;2;3;1;1;
79939;202100051469;109 700;B01;1;7;6;2;3;1;1;
79940;202100051469;109 701;A01;2;7;0;0;7;15;1;
79941;202100051470;109 698;A01;1;7;0;0;1;1;1;
79942;202100051470;109 699;B01;2;7;0;2;1;1;1;
79943;202100051471;109 697;A01;2;36;13;0;1;14;1;
79944;202100051472;109 696;A01;1;2;0;0;1;0;1;
79945;202100051473;109 695;A01;1;1;0;0;0;0;5;
79946;202100051474;109 694;B01;3;7;1;0;1;1;1;
79947;202100051475;109 693;A01;0;7;13;0;3;1;1;
79948;202100051476;109 691;A01;1;7;16;0;1;1;1;
79949;202100051477;109 690;A01;2;17;16;0;2;1;1;
79950;202100051478;109 689;A01;2;33;7;0;0;1;1;
79951;202100051479;109 688;A01;2;7;3;0;3;17;1;
79952;202100051480;109 686;B01;2;1;0;2;4;2;0;
79953;202100051480;109 687;A01;2;7;4;2;1;1;1;
79954;202100051481;109 685;A01;1;10;0;1;3;1;1;
79955;202100051482;109 683;A01;2;17;1;0;2;0;1;
79956;202100051482;109 684;B01;2;7;0;0;6;23;1;
79957;202100051483;109 681;A01;2;30;0;2;1;3;1;
79958;202100051483;109 682;B01;2;7;0;2;3;15;1;
79959;202100051484;109 680;A01;2;7;2;0;9;21;1;
79960;202100051485;109 675;D01;2;7;0;2;3;1;1;
79961;202100051485;109 676;C01;2;7;0;2;2;1;1;
79962;202100051485;109 677;A01;2;7;0;2;6;1;1;
79963;202100051485;109 678;B01;2;7;4;0;3;13;1;
79964;202100051485;109 679;E01;2;7;0;2;2;14;0;
79965;202100051486;109 673;B01;2;32;0;2;4;1;1;
79966;202100051486;109 674;A01;2;7;0;0;1;1;1;
79967;202100051487;109 671;A01;2;7;0;2;1;13;1;
79968;202100051487;109 672;B01;1;10;0;2;1;1;1;
79969;202100051488;109 670;A01;3;7;0;1;2;1;1;
79970;202100051489;109 668;A01;1;10;0;2;7;1;6;
79971;202100051489;109 669;B01;2;38;0;2;3;1;1;1.0
79972;202100051490;109 667;A01;2;2;0;0;9;26;1;
79973;202100051491;109 666;A01;1;7;15;0;1;13;1;
79974;202100051492;109 665;A01;2;7;0;1;3;1;1;
79975;202100051493;109 664;A01;2;7;0;1;3;1;1;
79976;202100051494;109 663;A01;2;1;2;0;1;11;5;
79977;202100051495;109 661;A01;1;33;0;2;1;1;1;
79978;202100051495;109 662;B01;2;7;0;2;5;15;1;
79979;202100051497;109 655;A01;1;7;6;0;2;1;1;
79980;202100051498;109 654;A01;1;7;3;0;3;0;1;
79981;202100051499;109 645;C01;2;7;0;2;0;0;1;
79982;202100051499;109 646;F01;2;10;0;0;0;0;1;
79983;202100051499;109 647;E01;2;7;0;0;0;0;1;
79984;202100051499;109 648;D01;2;7;0;2;4;0;1;
79985;202100051499;109 649;B01;2;7;3;0;0;0;1;
79986;202100051499;109 650;A01;2;10;0;2;1;1;1;
79987;202100051500;109 643;B01;1;7;1;0;1;2;1;
79988;202100051500;109 644;A01;1;7;0;2;4;2;1;
79989;202100051501;109 641;B01;2;32;4;2;2;1;1;
79990;202100051501;109 642;A01;2;10;0;2;3;13;1;
79991;202100051502;109 639;B01;2;20;0;9;4;23;1;
79992;202100051502;109 640;A01;2;50;0;2;1;2;3;
79993;202100051504;109 634;A01;1;7;0;2;3;13;1;
79994;202100051504;109 635;B01;2;33;0;2;1;1;1;
79995;202100051505;109 632;A01;1;10;0;2;8;13;1;
79996;202100051505;109 633;B01;1;10;0;2;3;23;2;
79997;202100051506;109 629;B01;2;30;0;2;7;2;1;
79998;202100051506;109 630;A01;2;37;0;2;3;15;1;1.0
79999;202100051507;109 627;B01;1;7;0;2;2;1;2;
80000;202100051507;109 628;A01;2;7;0;2;3;19;1;
80001;202100051508;109 626;A01;2;7;0;1;1;1;1;
80002;202100051509;109 624;A01;0;7;0;2;1;2;1;
80003;202100051509;109 625;B01;0;7;0;2;4;2;1;
80004;202100051510;109 622;B01;2;7;0;2;2;1;1;
80005;202100051510;109 623;A01;1;7;8;2;3;13;1;
80006;202100051511;109 621;A01;1;30;0;1;1;17;1;
80007;202100051512;109 620;A01;1;7;8;0;8;0;1;
80008;202100051513;109 618;A01;0;7;0;2;5;15;1;
80009;202100051513;109 619;B01;0;33;0;2;1;1;1;
80010;202100051515;109 614;B01;2;7;0;2;2;1;1;
80011;202100051515;109 615;A01;2;3;0;2;8;9;1;
80012;202100051516;109 612;A01;2;31;0;2;1;2;1;
80013;202100051516;109 613;B01;2;7;0;2;3;19;1;
80014;202100051517;109 609;C01;2;1;0;2;1;1;5;
80015;202100051517;109 610;A01;1;7;0;2;1;15;1;
80016;202100051517;109 611;B01;1;7;0;2;3;1;1;
80017;202100051518;109 607;A01;2;7;0;2;1;1;1;
80018;202100051518;109 608;B01;1;7;0;2;1;1;1;
80019;202100051519;109 605;A01;1;1;0;2;1;15;5;
80020;202100051519;109 606;Z01;2;30;0;2;1;1;1;
80021;202100051520;109 603;A01;2;10;0;2;5;15;1;
80022;202100051520;109 604;B01;1;2;0;2;1;1;1;
80023;202100051521;109 601;A01;2;7;0;2;3;1;2;
80024;202100051521;109 602;B01;3;1;0;2;1;5;5;
80025;202100051522;109 600;A01;1;10;2;0;1;1;1;
80026;202100051525;109 594;A01;1;7;0;0;4;23;1;
80027;202100051525;109 595;Z01;1;0;0;0;0;0;0;
80028;202100051526;109 592;A01;2;7;0;2;7;1;1;
80029;202100051526;109 593;B01;2;37;0;2;1;1;2;4.0
80030;202100051527;109 590;B01;2;32;0;2;1;15;1;
80031;202100051527;109 591;A01;1;7;0;2;5;1;1;
80032;202100051529;109 588;A01;2;33;0;9;0;1;1;
80033;202100051530;109 587;A01;1;7;13;0;9;1;1;
80034;202100051531;109 586;A01;1;7;0;6;2;21;1;
80035;202100051532;109 583;A01;1;7;0;0;4;1;1;
80036;202100051532;109 584;B01;1;7;0;2;1;2;1;
80037;202100051532;109 585;C01;1;7;0;2;1;2;1;
80038;202100051533;109 581;A01;1;10;0;2;6;4;1;
80039;202100051533;109 582;B01;1;33;0;2;8;21;1;
80040;202100051534;109 580;A01;1;33;0;0;8;1;1;
80041;202100051535;109 579;A01;2;7;15;0;0;1;1;
80042;202100051536;109 577;B01;1;33;0;2;8;5;1;
80043;202100051536;109 578;A01;2;31;0;2;3;3;1;
80044;202100051537;109 575;B01;2;7;0;2;1;1;1;
80045;202100051537;109 576;A01;1;7;0;2;1;13;1;
80046;202100051538;109 573;A01;1;17;0;2;6;1;1;
80047;202100051538;109 574;B01;2;7;0;2;3;1;1;
80048;202100051539;109 571;B01;1;7;0;2;1;1;1;
80049;202100051539;109 572;A01;1;7;0;2;1;13;1;
80050;202100051540;109 568;B01;2;7;0;2;6;15;1;
80051;202100051540;109 569;A01;2;10;0;2;1;17;1;
80052;202100051540;109 570;C01;1;7;0;2;3;1;1;
80053;202100051541;109 566;A01;2;7;0;2;8;6;0;
80054;202100051541;109 567;B01;2;33;0;2;1;1;1;
80055;202100051542;109 565;A01;1;7;12;0;1;1;1;
80056;202100051543;109 564;A01;3;7;13;0;2;1;1;
80057;202100051544;109 563;A01;3;7;2;0;1;1;1;
80058;202100051546;109 561;A01;2;7;6;0;8;0;0;
80059;202100051548;109 556;C01;1;7;0;2;1;1;1;
80060;202100051548;109 557;B01;1;7;0;2;3;1;1;
80061;202100051548;109 558;A01;2;10;0;2;1;13;1;
80062;202100051549;109 555;A01;1;7;10;0;3;1;1;
80063;202100051550;109 553;B01;2;14;0;0;6;2;1;
80064;202100051550;109 554;A01;2;7;0;2;1;2;1;
80065;202100051551;109 551;A01;1;7;0;2;1;2;1;
80066;202100051551;109 552;B01;1;7;0;2;4;2;1;
80067;202100051552;109 548;A01;1;7;4;0;1;1;1;
80068;202100051552;109 549;B01;1;7;0;0;4;23;1;
80069;202100051552;109 550;C01;1;7;1;0;1;2;1;
80070;202100051553;109 546;B01;2;10;0;2;2;1;1;
80071;202100051553;109 547;A01;1;33;0;2;0;1;1;
80072;202100051554;109 543;C01;2;7;0;2;3;1;1;
80073;202100051554;109 544;B01;2;21;0;2;6;1;0;
80074;202100051554;109 545;A01;1;7;0;2;1;13;1;
80075;202100051555;109 542;A01;0;33;2;0;1;13;1;
80076;202100051556;109 540;B01;2;1;0;2;6;1;5;
80077;202100051556;109 541;A01;2;7;0;2;7;1;0;
80078;202100051557;109 539;A01;3;2;0;0;7;1;1;
80079;202100051558;109 536;C01;0;7;0;2;3;0;1;
80080;202100051558;109 537;A01;0;7;0;2;3;17;1;
80081;202100051558;109 538;B01;0;15;0;0;8;1;1;
80082;202100051559;109 534;B01;2;33;0;9;0;2;1;
80083;202100051559;109 535;D01;2;0;0;2;-1;1;-1;
80084;202100051561;109 532;A01;2;7;3;0;1;11;1;
80085;202100051562;109 529;A01;1;7;0;2;1;1;1;
80086;202100051562;109 530;B01;1;7;0;2;4;2;1;
80087;202100051562;109 531;C01;1;7;0;2;4;2;1;
80088;202100051563;109 526;B01;2;10;0;2;5;12;1;
80089;202100051563;109 527;C01;2;7;0;2;8;1;1;
80090;202100051563;109 528;A01;2;43;0;2;1;3;1;
80091;202100051564;109 525;A01;2;7;13;0;1;14;1;
80092;202100051565;109 524;A01;0;7;0;1;3;9;1;
80093;202100051566;109 523;A01;1;7;0;1;1;1;1;
80094;202100051567;109 521;B01;1;2;0;2;1;1;3;
80095;202100051567;109 522;A01;2;7;0;2;0;1;0;
80096;202100051568;109 520;A01;2;7;6;0;2;1;1;
80097;202100051569;109 519;A01;2;7;0;1;7;19;1;
80098;202100051570;109 517;B01;2;7;0;2;1;2;0;
80099;202100051570;109 518;A01;1;7;0;2;1;11;0;
80100;202100051571;109 516;A01;1;7;0;1;3;1;1;
80101;202100051572;109 515;A01;1;7;6;0;1;26;1;
80102;202100051573;109 511;A01;3;7;0;2;1;9;1;
80103;202100051573;109 512;B01;3;7;0;2;1;1;1;
80104;202100051574;109 509;A01;2;7;0;2;1;10;1;
80105;202100051574;109 510;B01;2;7;0;2;7;21;1;
80106;202100051575;109 507;A01;1;7;0;2;1;2;1;
80107;202100051575;109 508;B01;1;7;0;2;4;2;1;
80108;202100051577;109 502;A01;0;7;0;2;1;1;1;
80109;202100051577;109 503;B01;0;7;0;2;8;1;1;
80110;202100051578;109 500;A01;1;7;0;2;2;15;2;
80111;202100051578;109 501;B01;1;7;0;2;3;1;1;
80112;202100051579;109 497;A01;3;7;0;2;1;1;1;
80113;202100051579;109 498;C01;1;7;0;2;4;1;1;
80114;202100051579;109 499;B01;1;7;0;2;4;1;1;
80115;202100051580;109 495;A01;3;7;0;2;6;19;1;
80116;202100051580;109 496;C01;1;10;0;2;1;1;1;
80117;202100051581;109 494;A01;1;30;0;1;7;2;0;
80118;202100051582;109 493;A01;1;2;6;0;1;14;1;
80119;202100051583;109 491;A01;2;7;0;2;3;15;1;
80120;202100051583;109 492;B01;1;33;0;2;1;2;1;
80121;202100051584;109 490;A01;2;37;4;0;1;1;1;1.0
80122;202100051585;109 486;B01;2;2;0;2;8;26;1;
80123;202100051585;109 487;A01;0;7;0;2;1;16;0;
80124;202100051586;109 485;A01;2;7;3;0;3;1;1;
80125;202100051587;109 483;A01;1;7;0;2;3;9;1;
80126;202100051587;109 484;B01;1;31;0;2;1;3;1;
80127;202100051588;109 481;B01;1;7;0;2;2;1;1;
80128;202100051588;109 482;A01;1;30;0;2;1;9;1;
80129;202100051589;109 479;A01;2;30;0;2;2;1;1;
80130;202100051589;109 480;Z01;1;7;0;2;0;0;0;
80131;202100051590;109 477;B01;1;7;0;2;1;26;1;
80132;202100051590;109 478;A01;1;32;0;2;1;26;1;
80133;202100051592;109 473;B01;1;2;0;2;2;17;3;
80134;202100051592;109 474;A01;1;7;0;2;3;15;1;
80135;202100051593;109 472;A01;1;7;0;1;1;1;1;
80136;202100051594;109 470;Z01;1;7;0;2;3;22;1;
80137;202100051594;109 471;A01;1;1;0;2;1;1;5;
80138;202100051595;109 468;B01;2;10;0;2;5;15;1;
80139;202100051595;109 469;A01;1;50;0;2;5;7;3;
80140;202100051597;109 465;A01;3;31;0;0;0;26;1;
80141;202100051598;109 463;A01;3;1;0;2;2;1;5;
80142;202100051598;109 464;B01;3;7;0;2;3;1;2;
80143;202100051599;109 461;A01;1;7;0;2;2;2;1;
80144;202100051599;109 462;B01;3;50;0;2;1;25;3;
80145;202100051600;109 459;A01;1;7;0;2;3;1;1;
80146;202100051600;109 460;B01;2;7;0;2;8;1;1;
80147;202100051602;109 454;A01;1;10;0;2;1;2;1;
80148;202100051602;109 455;B01;1;7;0;2;4;2;1;
80149;202100051602;109 456;C01;1;7;0;2;4;2;1;
80150;202100051602;109 457;D01;1;7;0;2;4;2;1;
80151;202100051603;109 451;C01;2;3;0;2;5;1;1;