;Num_Acc;id_vehicule;num_veh;senc;catv;obs;obsm;choc;manv;motor;occutc
80152;202100051603;109 452;B01;2;7;0;2;4;0;1;
80153;202100051603;109 453;A01;1;7;0;2;1;1;1;
80154;202100051604;109 450;A01;1;7;0;1;1;21;1;
80155;202100051605;109 448;B01;-1;7;0;2;8;19;1;
80156;202100051605;109 449;A01;2;30;0;2;7;21;1;
80157;202100051606;109 446;A01;1;7;0;2;2;2;1;
80158;202100051606;109 447;B01;1;10;0;2;6;15;1;
80159;202100051607;109 443;C01;3;7;0;2;4;2;1;
80160;202100051607;109 444;B01;3;7;0;2;4;2;1;
80161;202100051607;109 445;A01;3;7;0;2;1;2;1;
80162;202100051608;109 440;A01;2;10;0;2;4;2;1;
80163;202100051608;109 441;B01;2;7;0;2;1;2;1;
80164;202100051608;109 442;C01;2;7;0;2;1;2;1;
80165;202100051609;109 439;A01;2;30;9;0;3;13;1;
80166;202100051610;109 437;B01;2;7;9;2;2;1;1;
80167;202100051610;109 438;A01;2;7;0;2;3;1;1;
80168;202100051611;109 435;B01;1;1;0;2;4;1;5;
80169;202100051611;109 436;A01;1;3;0;9;2;17;1;
80170;202100051612;109 434;A01;2;7;6;0;3;1;1;
80171;202100051613;109 433;A01;1;32;0;1;1;1;1;
80172;202100051614;109 432;A01;1;7;8;0;2;1;1;
80173;202100051615;109 431;A01;0;7;9;0;1;1;1;
80174;202100051616;109 430;A01;1;7;0;0;9;13;1;
80175;202100051617;109 427;A01;2;7;2;0;1;1;0;
80176;202100051618;109 426;A01;1;7;8;0;1;1;1;
80177;202100051620;109 423;B01;1;7;0;2;2;1;1;
80178;202100051620;109 424;A01;1;10;0;2;3;9;1;
80179;202100051621;109 422;A01;2;7;8;0;1;1;1;
80180;202100051622;109 420;B01;2;7;0;2;6;15;1;
80181;202100051622;109 421;A01;2;33;0;2;2;2;1;
80182;202100051624;109 417;A01;1;33;0;0;0;13;1;
80183;202100051625;109 415;A01;2;33;0;2;1;18;1;
80184;202100051625;109 416;B01;2;7;0;2;7;16;1;
80185;202100051626;109 411;A01;2;7;13;0;1;1;1;
80186;202100051627;109 409;B01;1;7;13;0;3;1;1;
80187;202100051627;109 410;A01;3;7;0;0;1;19;1;
80188;202100051628;109 408;A01;1;33;7;0;0;1;1;
80189;202100051629;109 406;A01;1;7;0;2;1;1;1;
80190;202100051629;109 407;B01;1;7;0;2;4;15;1;
80191;202100051630;109 405;A01;1;7;2;0;1;1;1;
80192;202100051631;109 404;A01;3;99;0;0;0;1;1;
80193;202100051632;109 402;B01;2;10;0;2;3;1;1;
80194;202100051632;109 403;A01;1;7;0;2;3;1;1;
80195;202100051633;109 401;A01;0;33;0;0;0;1;1;
80196;202100051634;109 400;A01;3;7;4;0;1;1;1;
80197;202100051635;109 398;A01;2;7;0;2;1;2;1;
80198;202100051635;109 399;B01;2;7;0;2;4;2;1;
80199;202100051636;109 394;B01;2;7;0;2;4;1;1;
80200;202100051636;109 395;A01;2;7;0;2;1;1;1;
80201;202100051636;109 396;D01;2;7;0;2;4;1;1;
80202;202100051636;109 397;C01;2;7;0;2;4;1;1;
80203;202100051637;109 392;A01;2;7;0;2;1;2;1;
80204;202100051637;109 393;B01;2;10;0;2;4;2;1;
80205;202100051638;109 388;D01;2;10;0;2;4;2;1;
80206;202100051638;109 389;C01;2;7;0;2;4;1;1;
80207;202100051638;109 390;B01;2;7;0;2;4;2;1;
80208;202100051638;109 391;A01;2;7;0;2;1;2;1;
80209;202100051639;109 386;B01;1;7;0;2;2;1;1;
80210;202100051639;109 387;A01;1;7;0;2;3;1;1;
80211;202100051640;109 382;D01;2;7;0;2;1;2;1;
80212;202100051640;109 383;A01;2;10;0;2;1;2;1;
80213;202100051640;109 384;B01;2;7;0;2;4;2;1;
80214;202100051640;109 385;C01;2;7;0;2;4;2;1;
80215;202100051641;109 381;A01;3;30;0;1;1;1;1;
80216;202100051642;109 380;A01;3;33;8;0;2;26;1;
80217;202100051643;109 378;A01;2;10;0;2;3;15;1;
80218;202100051643;109 379;B01;1;7;14;2;6;19;1;
80219;202100051644;109 376;B01;1;10;0;2;1;1;1;
80220;202100051644;109 377;A01;2;10;0;2;7;1;1;
80221;202100051645;109 374;A01;1;7;0;2;8;11;1;
80222;202100051645;109 375;B01;1;30;0;2;7;1;1;
80223;202100051646;109 373;A01;1;7;0;1;1;1;1;
80224;202100051648;109 370;A01;3;7;0;2;3;13;1;
80225;202100051648;109 371;B01;3;7;0;2;3;1;1;
80226;202100051649;109 368;A01;1;7;1;2;3;13;1;
80227;202100051649;109 369;B01;2;7;0;2;6;1;1;
80228;202100051651;109 364;A01;1;37;0;2;7;14;1;1.0
80229;202100051651;109 365;B01;1;50;0;2;8;1;3;
80230;202100051652;109 363;A01;3;10;0;1;4;4;1;
80231;202100051653;109 362;A01;1;37;0;1;1;1;1;1.0
80232;202100051654;109 361;A01;3;7;0;1;1;26;1;
80233;202100051655;109 359;B01;3;7;0;2;6;1;1;
80234;202100051655;109 360;A01;3;7;0;2;5;1;1;
80235;202100051656;109 357;B01;1;1;0;2;4;0;5;
80236;202100051656;109 358;A01;1;7;0;2;0;26;1;
80237;202100051657;109 356;A01;2;7;2;0;3;13;1;
80238;202100051658;109 354;B01;1;10;0;2;4;1;0;
80239;202100051658;109 355;A01;1;7;0;2;1;2;1;
80240;202100051659;109 352;A01;3;7;0;2;3;9;1;
80241;202100051659;109 353;B01;3;2;0;2;1;1;1;
80242;202100051660;109 350;A01;3;7;0;2;3;4;1;
80243;202100051660;109 351;B01;2;33;0;0;3;21;1;
80244;202100051661;109 349;A01;1;33;0;1;7;1;1;
80245;202100051662;109 347;A01;0;7;0;2;0;1;1;
80246;202100051662;109 348;B01;0;50;0;2;4;11;3;
80247;202100051664;109 344;A01;0;7;0;1;1;1;1;
80248;202100051665;109 342;A01;1;33;0;2;3;2;1;
80249;202100051665;109 343;B01;1;10;0;2;5;2;1;
80250;202100051666;109 340;B01;2;32;0;2;5;1;1;
80251;202100051666;109 341;A01;2;7;0;2;3;26;1;
80252;202100051667;109 338;A01;2;30;0;2;2;17;1;
80253;202100051667;109 339;B01;2;7;0;2;3;15;1;
80254;202100051669;109 336;A01;1;7;0;1;1;26;1;
80255;202100051670;109 334;A01;1;7;0;2;1;2;1;
80256;202100051670;109 335;B01;2;7;5;0;4;2;1;
80257;202100051671;109 333;A01;1;10;0;1;1;1;1;
80258;202100051672;109 331;A01;2;50;0;2;1;25;3;
80259;202100051672;109 332;B01;2;7;0;2;3;26;1;
80260;202100051673;109 330;A01;3;1;0;0;0;1;5;
80261;202100051674;109 328;B01;3;7;0;2;4;0;2;
80262;202100051674;109 329;A01;3;7;0;2;1;1;1;
80263;202100051675;109 326;A01;1;10;0;2;1;1;1;
80264;202100051675;109 327;B01;1;7;0;2;4;2;1;
80265;202100051676;109 325;A01;3;7;0;1;1;1;1;
80266;202100051678;109 322;B01;2;7;0;2;1;15;1;
80267;202100051678;109 323;A01;1;33;0;2;1;17;1;
80268;202100051679;109 320;A01;2;10;0;2;8;17;1;
80269;202100051679;109 321;B01;2;1;0;2;1;1;0;
80270;202100051680;109 318;A01;1;7;0;2;8;1;2;
80271;202100051680;109 319;B01;2;7;0;2;1;1;1;
80272;202100051681;109 316;B01;1;7;0;2;1;1;1;
80273;202100051681;109 317;A01;2;7;0;2;1;19;1;
80274;202100051682;109 315;A01;2;7;0;1;1;16;1;
80275;202100051683;109 313;A01;2;7;0;2;1;1;1;
80276;202100051683;109 314;B01;2;7;0;2;4;1;1;
80277;202100051684;109 311;B01;1;10;0;2;4;1;1;
80278;202100051684;109 312;A01;1;30;0;2;1;17;1;
80279;202100051685;109 309;B01;2;7;0;2;6;2;1;
80280;202100051685;109 310;A01;2;0;0;2;0;0;0;
80281;202100051686;109 306;B01;3;7;0;2;5;15;1;
80282;202100051686;109 307;C01;3;7;0;2;3;1;1;
80283;202100051686;109 308;A01;3;33;0;2;1;1;1;
80284;202100051687;109 304;A01;1;7;0;2;1;19;1;
80285;202100051687;109 305;B01;1;7;0;2;2;1;1;
80286;202100051688;109 303;A01;0;40;0;1;2;1;3;
80287;202100051689;109 300;A01;3;30;0;0;8;15;1;
80288;202100051690;109 299;Z01;1;0;0;1;1;1;0;
80289;202100051691;109 297;A01;2;7;0;2;1;19;0;
80290;202100051691;109 298;B01;1;7;0;2;0;0;0;
80291;202100051692;109 294;C01;1;7;0;2;4;2;1;
80292;202100051692;109 295;B01;1;7;0;2;4;2;1;
80293;202100051692;109 296;A01;1;7;0;2;1;2;1;
80294;202100051693;109 292;A01;1;7;0;2;7;10;1;
80295;202100051693;109 293;B01;1;7;0;2;1;2;1;
80296;202100051694;109 290;A01;2;7;0;2;1;1;1;
80297;202100051694;109 291;B01;1;7;0;2;4;1;1;
80298;202100051695;109 288;A01;3;7;0;2;3;13;1;
80299;202100051695;109 289;B01;3;17;0;0;0;0;1;
80300;202100051696;109 286;A01;2;7;0;2;2;17;1;
80301;202100051696;109 287;B01;2;1;0;2;8;15;5;
80302;202100051697;109 284;A01;0;7;0;2;6;9;1;
80303;202100051697;109 285;B01;0;30;0;2;7;1;1;
80304;202100051698;109 282;A01;2;7;0;2;6;2;1;
80305;202100051698;109 283;B01;2;7;0;2;2;2;1;
80306;202100051699;109 281;A01;1;32;0;1;1;1;1;
80307;202100051700;109 279;A01;0;32;0;2;2;13;1;
80308;202100051700;109 280;B01;0;7;0;2;8;15;1;
80309;202100051701;109 277;B01;1;33;0;2;2;11;1;
80310;202100051701;109 278;A01;1;7;0;2;8;11;1;
80311;202100051702;109 275;A01;2;7;0;2;1;15;1;
80312;202100051702;109 276;B01;1;31;0;2;1;1;1;
80313;202100051703;109 273;A01;3;7;0;2;8;19;1;
80314;202100051703;109 274;B01;2;33;0;2;1;1;1;
80315;202100051704;109 272;A01;1;32;0;1;1;26;1;
80316;202100051705;109 270;B01;1;33;0;2;4;23;1;
80317;202100051705;109 271;A01;1;10;0;2;1;2;1;
80318;202100051706;109 268;A01;1;7;0;2;5;14;1;
80319;202100051706;109 269;B01;1;1;0;2;1;1;5;
80320;202100051707;109 267;Z01;2;7;0;1;6;15;2;
80321;202100051708;109 265;A01;2;7;0;2;8;11;1;
80322;202100051708;109 266;B01;2;33;0;2;7;1;1;
80323;202100051710;109 261;B01;1;7;0;2;4;23;2;
80324;202100051710;109 262;A01;1;2;0;2;1;2;1;
80325;202100051712;109 257;A01;2;7;0;2;7;16;1;
80326;202100051712;109 258;B01;2;33;0;2;3;1;1;
80327;202100051713;109 256;A01;1;7;0;2;3;1;1;
80328;202100051714;109 254;B01;2;33;0;2;1;1;1;
80329;202100051714;109 255;A01;2;7;0;2;3;10;1;
80330;202100051715;109 252;A01;0;7;0;2;1;1;1;
80331;202100051715;109 253;B01;0;7;0;2;8;0;1;
80332;202100051716;109 250;A01;1;7;0;2;1;1;1;
80333;202100051716;109 251;B01;1;7;0;2;4;1;1;
80334;202100051717;109 248;B01;1;1;0;2;8;1;5;
80335;202100051717;109 249;A01;3;7;0;2;2;15;3;
80336;202100051718;109 247;A01;3;7;0;1;2;1;1;
80337;202100051719;109 245;A01;1;10;0;2;2;15;1;
80338;202100051719;109 246;B01;2;7;0;2;3;2;1;
80339;202100051720;109 243;A01;1;7;0;2;1;16;1;
80340;202100051720;109 244;B01;1;37;0;2;3;15;1;2.0
80341;202100051721;109 241;A01;1;7;0;2;3;17;1;
80342;202100051721;109 242;B01;1;7;0;2;3;0;1;
80343;202100051723;109 237;A01;1;7;0;2;2;2;1;
80344;202100051723;109 238;B01;1;2;0;2;3;18;1;
80345;202100051724;109 236;A01;2;10;0;1;3;15;1;
80346;202100051725;109 234;A01;2;15;0;2;0;16;1;
80347;202100051725;109 235;B01;2;1;0;2;2;1;6;
80348;202100051727;109 231;A01;2;7;0;1;3;1;1;
80349;202100051728;109 229;B01;0;7;1;0;5;4;1;
80350;202100051728;109 230;A01;2;32;0;2;1;1;1;
80351;202100051729;109 227;A01;2;7;0;2;2;15;1;
80352;202100051729;109 228;B01;1;7;0;2;2;1;1;
80353;202100051731;109 225;A01;1;7;0;1;2;1;1;
80354;202100051732;109 224;A01;2;1;0;0;0;1;5;
80355;202100051733;109 222;A01;2;7;0;2;1;1;1;
80356;202100051733;109 223;B01;1;7;0;2;3;1;1;
80357;202100051734;109 221;A01;2;7;13;0;0;17;1;
80358;202100051735;109 217;A01;2;7;0;2;1;13;1;
80359;202100051735;109 218;B01;1;7;0;2;1;1;1;
80360;202100051735;109 219;C01;1;7;0;2;2;13;1;
80361;202100051735;109 220;D01;2;7;0;2;6;1;1;
80362;202100051736;109 215;A01;1;7;0;9;3;5;1;
80363;202100051736;109 216;B01;1;80;0;2;1;1;3;
80364;202100051737;109 214;A01;1;7;4;0;1;26;1;
80365;202100051739;109 211;A01;2;7;6;0;7;0;1;
80366;202100051740;109 210;A01;0;7;6;0;1;1;1;
80367;202100051741;109 209;A01;2;7;6;0;1;15;1;
80368;202100051742;109 208;A01;2;7;2;0;3;1;1;
80369;202100051743;109 207;A01;1;7;2;0;1;14;1;
80370;202100051745;109 202;A01;2;7;8;1;2;13;1;
80371;202100051746;109 201;A01;2;7;2;0;1;1;1;
80372;202100051747;109 200;A01;2;7;3;0;3;1;1;
80373;202100051748;109 199;A01;3;10;0;1;2;1;1;
80374;202100051749;109 198;A01;2;10;2;0;2;1;1;
80375;202100051750;109 197;A01;1;7;2;0;1;14;1;
80376;202100051751;109 195;A01;2;7;0;2;2;15;1;
80377;202100051751;109 196;B01;1;2;0;2;1;1;1;
80378;202100051752;109 194;A01;3;2;2;0;1;0;1;
80379;202100051753;109 193;A01;1;7;2;0;1;1;1;
80380;202100051754;109 191;A01;1;15;0;2;1;2;1;
80381;202100051754;109 192;B01;1;10;0;2;4;2;1;
80382;202100051756;109 189;A01;2;7;13;0;2;1;1;
80383;202100051757;109 187;B01;0;7;0;2;1;1;1;
80384;202100051757;109 188;A01;0;33;0;2;1;17;1;
80385;202100051759;109 184;A01;2;10;0;2;1;13;1;
80386;202100051759;109 185;B01;1;7;0;2;1;21;1;
80387;202100051760;109 182;B01;2;14;0;0;4;2;1;
80388;202100051760;109 183;A01;2;7;0;2;1;2;1;
80389;202100051761;109 180;B01;2;7;1;1;2;1;1;
80390;202100051761;109 181;C01;1;7;0;0;6;24;1;
80391;202100051762;109 179;A01;1;31;14;0;1;6;1;
80392;202100051763;109 177;A01;1;7;0;9;3;20;1;
80393;202100051763;109 178;B01;1;80;0;2;2;1;3;
80394;202100051764;109 175;A01;1;7;0;2;1;13;1;
80395;202100051764;109 176;B01;2;7;0;2;1;1;1;
80396;202100051765;109 171;B01;2;17;0;2;3;13;1;
80397;202100051765;109 172;A01;2;7;0;2;3;13;1;
80398;202100051766;109 169;B01;1;7;0;2;0;0;1;
80399;202100051766;109 170;A01;1;7;0;2;1;2;1;
80400;202100051767;109 167;B01;1;7;0;2;5;1;1;
80401;202100051767;109 168;A01;1;7;0;2;1;1;1;
80402;202100051769;109 163;A01;2;15;0;2;2;12;1;
80403;202100051769;109 164;B01;2;7;0;2;8;18;1;
80404;202100051770;109 161;A01;1;10;0;2;4;2;1;
80405;202100051770;109 162;B01;1;7;0;2;1;2;1;
80406;202100051771;109 159;A01;1;31;0;2;8;15;1;
80407;202100051771;109 160;B01;2;7;0;2;2;1;1;
80408;202100051772;109 158;CA01;1;7;0;1;1;26;1;
80409;202100051773;109 155;PA01;2;99;0;2;1;1;1;
80410;202100051773;109 156;B01;1;7;0;2;4;23;1;
80411;202100051773;109 157;C01;1;15;0;2;6;23;1;
80412;202100051774;109 153;A01;1;30;0;2;3;1;1;
80413;202100051774;109 154;B01;1;7;0;2;3;11;1;
80414;202100051775;109 150;A01;3;7;0;2;3;26;1;
80415;202100051775;109 151;B01;3;7;0;2;1;15;1;
80416;202100051775;109 152;C01;3;7;0;2;3;0;1;
80417;202100051776;109 148;B01;1;7;0;2;7;1;1;
80418;202100051776;109 149;A01;1;7;0;2;1;16;1;
80419;202100051777;109 146;B01;2;7;0;2;3;1;1;
80420;202100051777;109 147;A01;1;7;0;2;2;15;1;
80421;202100051778;109 145;A01;2;7;0;1;3;1;1;
80422;202100051779;109 144;A01;1;7;0;1;3;1;1;
80423;202100051780;109 142;A01;1;7;0;2;6;19;1;
80424;202100051780;109 143;B01;2;7;0;2;1;1;1;
80425;202100051781;109 140;B01;2;43;0;2;4;2;1;
80426;202100051781;109 141;A01;2;7;0;2;3;1;1;
80427;202100051782;109 138;B01;2;7;0;2;9;1;1;
80428;202100051782;109 139;A01;2;7;0;2;2;14;1;
80429;202100051783;109 136;A01;2;10;0;2;1;2;1;
80430;202100051783;109 137;B01;2;7;0;2;4;1;1;
80431;202100051784;109 135;A01;0;7;0;9;1;15;1;
80432;202100051785;109 134;A01;1;30;14;0;1;26;1;
80433;202100051786;109 132;A01;1;7;0;2;1;1;1;
80434;202100051786;109 133;B01;1;7;0;2;4;1;1;
80435;202100051787;109 130;B01;1;7;0;2;1;9;1;
80436;202100051787;109 131;A01;1;7;0;2;2;15;1;
80437;202100051789;109 126;A01;1;7;0;1;1;1;1;
80438;202100051790;109 125;A01;2;7;2;0;1;1;1;
80439;202100051791;109 123;B01;3;7;0;2;5;1;1;
80440;202100051791;109 124;A01;3;30;0;2;8;13;1;
80441;202100051793;109 119;A01;1;7;0;2;1;13;1;
80442;202100051793;109 120;B01;1;7;0;2;1;1;1;
80443;202100051794;109 118;A01;3;7;0;0;9;1;1;
80444;202100051795;109 117;Z01;1;17;0;1;0;1;1;
80445;202100051796;109 115;A01;2;7;0;2;3;15;1;
80446;202100051796;109 116;B01;2;7;0;2;3;0;1;
80447;202100051797;109 113;B01;3;7;0;2;8;15;1;
80448;202100051797;109 114;A01;3;7;0;2;1;1;1;
80449;202100051798;109 111;B01;3;7;0;2;4;23;1;
80450;202100051798;109 112;A01;2;7;0;2;1;2;1;
80451;202100051799;109 109;B01;1;7;1;2;1;1;1;
80452;202100051799;109 110;A01;2;7;0;2;1;26;1;
80453;202100051800;109 108;A01;2;33;0;1;1;17;1;
80454;202100051801;109 106;A01;2;7;0;2;6;15;1;
80455;202100051801;109 107;B01;2;7;0;2;1;2;1;
80456;202100051802;109 103;B01;2;17;16;0;3;1;1;
80457;202100051802;109 104;A01;1;7;16;0;1;17;1;
80458;202100051803;109 102;A01;1;7;4;0;2;26;1;
80459;202100051804;109 100;A01;1;7;0;2;1;2;0;
80460;202100051804;109 101;B01;1;80;0;2;4;2;3;
80461;202100051806;109 097;A01;3;7;0;1;1;1;1;
80462;202100051807;109 095;B01;2;32;0;2;5;1;1;
80463;202100051807;109 096;A01;2;7;0;2;1;19;1;
80464;202100051808;109 094;A01;0;7;0;1;0;0;1;
80465;202100051809;109 093;A01;1;1;1;0;1;1;6;
80466;202100051810;109 091;A01;0;32;0;2;2;3;1;
80467;202100051810;109 092;B01;0;33;0;2;4;23;1;
80468;202100051811;109 089;A01;1;7;0;2;1;2;1;
80469;202100051811;109 090;B01;1;7;0;2;4;23;1;
80470;202100051812;109 088;A01;1;99;0;1;6;19;0;
80471;202100051813;109 086;B01;1;7;0;2;1;1;1;
80472;202100051813;109 087;A01;1;7;0;2;3;15;1;
80473;202100051814;109 085;A01;2;7;0;1;1;0;1;
80474;202100051815;109 083;B01;1;14;0;2;6;23;1;
80475;202100051815;109 084;A01;1;10;1;2;2;1;1;
80476;202100051816;109 081;A01;1;30;0;2;1;1;1;
80477;202100051816;109 082;B01;1;10;0;2;4;1;1;
80478;202100051818;109 077;A01;2;33;0;2;2;9;1;
80479;202100051818;109 078;B01;2;15;0;2;6;1;1;
80480;202100051819;109 076;A01;1;43;0;0;0;21;1;
80481;202100051820;109 075;A01;1;2;0;0;0;1;3;
80482;202100051821;109 073;B01;1;7;0;2;7;2;3;
80483;202100051821;109 074;A01;1;32;0;2;8;2;1;
80484;202100051822;109 072;A01;1;7;1;1;1;1;1;
80485;202100051823;109 071;A01;2;7;0;1;8;1;1;
80486;202100051824;109 069;A01;1;14;0;2;1;2;1;
80487;202100051824;109 070;B01;1;7;0;2;4;23;1;
80488;202100051825;109 068;A01;2;7;0;1;1;1;1;
80489;202100051826;109 067;A01;1;32;0;0;7;14;1;
80490;202100051827;109 065;B01;1;30;0;2;4;23;1;
80491;202100051827;109 066;A01;1;33;1;0;2;1;1;
80492;202100051828;109 063;A01;2;7;1;9;1;17;1;
80493;202100051828;109 064;B01;1;7;1;2;1;1;1;
80494;202100051829;109 061;B01;0;2;0;2;3;26;1;
80495;202100051829;109 062;A01;0;7;0;2;3;26;1;
80496;202100051830;109 060;A01;3;7;0;1;2;1;1;
80497;202100051831;109 059;B01;2;7;0;1;1;19;1;
80498;202100051833;109 054;A01;1;7;0;2;4;1;1;
80499;202100051833;109 055;B01;1;7;0;2;3;1;1;
80500;202100051833;109 056;C01;1;7;0;2;1;1;1;
80501;202100051834;109 051;C01;3;3;0;2;0;0;1;
80502;202100051834;109 052;B01;3;3;0;2;1;0;0;
80503;202100051834;109 053;A01;3;7;0;2;1;2;1;
80504;202100051835;109 050;A01;1;7;0;1;1;15;1;
80505;202100051836;109 048;B01;2;10;0;2;2;9;1;
80506;202100051836;109 049;A01;2;7;0;2;6;9;1;
80507;202100051837;109 046;B01;1;50;0;2;4;1;3;
80508;202100051837;109 047;A01;2;7;0;2;1;2;1;
80509;202100051838;109 045;A01;2;7;3;0;1;13;1;
80510;202100051839;109 043;B01;1;7;0;2;7;11;1;
80511;202100051839;109 044;A01;1;7;0;2;8;2;1;
80512;202100051840;109 041;A01;3;30;0;2;1;13;1;
80513;202100051840;109 042;B01;0;7;0;2;1;1;1;
80514;202100051841;109 039;A01;2;7;0;2;1;15;1;
80515;202100051841;109 040;B01;1;7;0;2;2;1;1;
80516;202100051842;109 037;B01;2;17;0;0;4;1;1;
80517;202100051842;109 038;A01;2;7;0;2;1;1;1;
80518;202100051843;109 035;A01;2;7;0;2;1;1;1;
80519;202100051843;109 036;B01;3;1;0;2;1;1;5;
80520;202100051844;109 034;A01;3;7;0;1;2;16;1;
80521;202100051845;109 032;B01;1;7;0;2;1;1;1;
80522;202100051845;109 033;A01;2;7;0;2;6;16;1;
80523;202100051846;109 029;B01;1;7;0;2;1;1;1;
80524;202100051846;109 030;C01;1;7;0;2;1;1;1;
80525;202100051846;109 031;A01;2;7;0;2;3;26;1;
80526;202100051847;109 027;B01;1;7;8;2;3;1;1;
80527;202100051847;109 028;A01;2;15;6;2;6;1;1;
80528;202100051848;109 025;B01;2;10;0;2;7;15;1;
80529;202100051848;109 026;A01;1;2;0;2;1;1;1;
80530;202100051849;109 023;B01;2;7;0;2;1;1;1;
80531;202100051849;109 024;A01;1;7;0;2;1;13;1;
80532;202100051850;109 021;B01;1;7;0;2;1;1;1;
80533;202100051850;109 022;A01;2;7;5;2;8;1;1;
80534;202100051851;109 019;A01;3;3;0;2;8;1;1;
80535;202100051851;109 020;B01;0;7;0;2;1;19;1;
80536;202100051852;109 018;A01;2;10;0;1;7;1;0;
80537;202100051853;109 017;A01;2;7;3;0;7;1;1;
80538;202100051855;109 013;A01;1;15;0;1;3;1;1;
80539;202100051856;109 012;A01;0;7;0;0;1;1;1;
80540;202100051857;109 010;B01;3;10;0;2;3;1;1;
80541;202100051857;109 011;A01;3;7;0;2;3;1;1;
80542;202100051858;109 008;A01;2;7;0;2;8;14;1;
80543;202100051858;109 009;B01;1;33;0;2;8;17;1;
80544;202100051859;109 006;B01;2;1;0;2;7;19;5;
80545;202100051859;109 007;A01;2;7;0;9;3;1;1;
80546;202100051860;109 004;B01;3;10;0;2;2;15;1;
80547;202100051860;109 005;A01;0;1;0;2;2;14;5;
80548;202100051861;109 003;A01;2;10;2;0;1;2;1;
80549;202100051862;109 001;B01;0;7;13;2;9;5;1;
80550;202100051862;109 002;A01;0;7;0;2;8;1;1;
80551;202100051864;108 995;A01;1;7;0;2;3;13;1;
80552;202100051864;108 996;B01;2;10;0;2;3;1;1;
80553;202100051865;108 993;A01;0;7;0;9;1;15;1;
80554;202100051865;108 994;B01;0;1;0;2;8;1;5;
80555;202100051866;108 992;A01;1;7;6;0;9;1;1;
80556;202100051867;108 991;A01;2;7;5;0;3;9;1;
80557;202100051868;108 989;B01;1;7;0;2;5;2;1;
80558;202100051868;108 990;A01;1;10;0;2;3;2;1;
80559;202100051869;108 986;A01;2;7;0;2;1;2;1;
80560;202100051869;108 987;C01;2;7;0;2;4;2;1;
80561;202100051869;108 988;B01;2;7;0;2;4;2;0;
80562;202100051870;108 984;A01;1;7;0;2;2;2;1;
80563;202100051870;108 985;B01;1;7;0;2;0;1;1;
80564;202100051872;108 980;A01;1;3;0;2;6;11;1;
80565;202100051872;108 981;B01;1;31;0;2;1;1;1;
80566;202100051873;108 978;A01;0;33;0;2;1;1;1;
80567;202100051873;108 979;B01;1;7;0;2;6;15;1;
80568;202100051874;108 976;A01;1;7;0;2;3;1;1;
80569;202100051874;108 977;B01;2;32;0;2;1;15;1;
80570;202100051875;108 974;B01;1;2;0;2;1;1;1;
80571;202100051875;108 975;A01;1;99;0;2;3;15;6;
80572;202100051877;108 970;A01;1;33;0;2;1;2;1;
80573;202100051877;108 971;B01;1;7;0;2;8;15;1;
80574;202100051878;108 968;A01;1;32;0;2;1;1;1;
80575;202100051878;108 969;B01;3;1;0;2;1;15;5;
80576;202100051879;108 967;A01;2;31;0;1;1;5;1;
80577;202100051880;108 964;A01;1;1;0;2;4;26;5;
80578;202100051880;108 965;B01;1;32;1;2;1;1;1;
80579;202100051880;108 966;C01;1;7;1;2;3;0;1;
80580;202100051881;108 962;B01;1;7;0;2;7;1;1;
80581;202100051881;108 963;A01;1;2;0;2;1;26;1;
80582;202100051882;108 960;B01;1;7;0;2;2;1;1;
80583;202100051882;108 961;A01;1;7;4;2;2;1;1;
80584;202100051883;108 958;B01;1;7;0;2;2;1;1;
80585;202100051883;108 959;A01;1;7;0;2;6;11;1;
80586;202100051884;108 956;A01;2;7;0;2;2;15;1;
80587;202100051884;108 957;B01;1;33;0;2;1;1;1;
80588;202100051885;108 955;A01;1;7;0;1;1;15;1;
80589;202100051886;108 954;A01;3;7;0;1;2;1;1;
80590;202100051888;108 952;A01;1;7;15;0;1;1;1;
80591;202100051889;108 951;A01;1;31;1;0;1;13;1;
80592;202100051890;108 949;B01;0;2;0;2;1;17;1;
80593;202100051890;108 950;A01;0;7;0;2;2;9;1;
80594;202100051891;108 948;A01;0;7;0;1;2;16;0;
80595;202100051892;108 946;A01;1;7;6;2;2;15;1;
80596;202100051892;108 947;B01;2;7;0;2;1;1;1;
80597;202100051894;108 942;B01;1;7;0;2;3;1;1;
80598;202100051894;108 943;A01;2;7;0;2;2;19;1;
80599;202100051895;108 941;A01;3;1;0;0;7;1;5;
80600;202100051896;108 939;A01;1;1;0;2;1;13;5;
80601;202100051896;108 940;B01;1;7;0;2;2;1;1;
80602;202100051898;108 936;A01;2;7;0;1;3;15;1;
80603;202100051899;108 935;A01;1;7;0;1;3;26;1;
80604;202100051900;108 933;A01;1;7;0;2;2;1;1;
80605;202100051900;108 934;B01;1;1;0;2;8;1;0;
80606;202100051901;108 931;B01;3;7;0;1;1;1;1;
80607;202100051901;108 932;A01;3;1;0;2;1;9;5;
80608;202100051902;108 929;A01;0;7;0;9;1;26;1;
80609;202100051902;108 930;B01;0;60;0;0;0;0;5;
80610;202100051904;108 923;B01;2;7;0;2;8;16;1;
80611;202100051904;108 924;A01;2;7;0;2;8;1;1;
80612;202100051905;108 921;A01;1;7;0;2;2;15;1;
80613;202100051905;108 922;B01;2;33;0;2;1;1;1;
80614;202100051906;108 919;B01;2;31;0;2;1;1;1;