;Num_Acc;id_vehicule;num_veh;senc;catv;obs;obsm;choc;manv;motor;occutc
80615;202100051906;108 920;A01;0;7;0;2;3;15;1;
80616;202100051907;108 917;A01;2;7;0;2;8;1;1;
80617;202100051907;108 918;B01;2;15;0;2;4;1;1;
80618;202100051908;108 915;A01;2;30;0;2;7;15;1;
80619;202100051908;108 916;B01;1;7;0;2;3;9;1;
80620;202100051909;108 914;A01;2;7;7;0;1;2;1;
80621;202100051910;108 912;A01;1;14;0;2;1;1;1;
80622;202100051910;108 913;B01;1;14;0;2;4;9;1;
80623;202100051911;108 910;A01;1;7;0;2;1;15;1;
80624;202100051911;108 911;B01;2;32;0;2;1;0;1;
80625;202100051912;108 909;A01;1;32;0;1;1;26;1;
80626;202100051914;108 906;A01;1;7;0;1;2;1;1;
80627;202100051915;108 905;A01;1;7;0;1;1;1;1;
80628;202100051916;108 904;A01;1;7;8;0;1;1;1;
80629;202100051917;108 902;B01;2;7;0;2;1;0;1;
80630;202100051917;108 903;A01;2;7;0;2;4;23;1;
80631;202100051918;108 901;A01;2;7;0;1;2;17;1;
80632;202100051919;108 899;A01;2;7;0;9;8;9;1;
80633;202100051919;108 900;B01;1;1;0;2;1;9;5;
80634;202100051920;108 898;A01;2;10;0;1;1;1;1;
80635;202100051921;108 896;B01;1;10;0;2;4;23;1;
80636;202100051921;108 897;A01;1;14;0;2;3;2;6;
80637;202100051922;108 894;B01;1;10;0;2;5;1;1;
80638;202100051922;108 895;A01;1;32;0;2;1;3;1;
80639;202100051923;108 893;A01;1;32;0;0;8;1;1;
80640;202100051924;108 891;A01;1;1;0;2;1;1;5;
80641;202100051924;108 892;Z01;1;7;0;2;0;13;1;
80642;202100051927;108 887;B01;2;10;1;2;1;24;1;
80643;202100051927;108 888;A01;2;10;0;2;2;14;1;
80644;202100051928;108 885;A01;1;2;0;2;4;23;1;
80645;202100051928;108 886;B01;1;7;0;2;3;2;1;
80646;202100051929;108 884;Z01;2;1;0;1;7;1;5;
80647;202100051930;108 882;A01;1;7;0;2;1;2;1;
80648;202100051930;108 883;B01;1;32;0;2;4;23;1;
80649;202100051931;108 881;A01;1;7;0;1;2;1;1;
80650;202100051932;108 880;A01;1;33;0;0;7;1;1;
80651;202100051933;108 878;A01;1;7;0;2;5;16;1;
80652;202100051933;108 879;B01;1;30;9;2;1;0;1;
80653;202100051934;108 876;A01;2;7;0;2;3;15;3;
80654;202100051934;108 877;B01;1;7;0;2;3;1;1;
80655;202100051935;108 873;A01;3;7;1;2;1;24;1;
80656;202100051935;108 874;B01;3;7;1;2;1;1;1;
80657;202100051935;108 875;C01;3;7;1;2;1;15;1;
80658;202100051936;108 871;A01;-1;34;0;2;1;9;1;
80659;202100051936;108 872;B01;-1;7;0;2;4;1;1;
80660;202100051937;108 870;A01;2;7;0;1;2;1;1;
80661;202100051938;108 867;A01;3;7;1;1;4;4;0;
80662;202100051938;108 868;B01;3;7;0;2;3;23;0;
80663;202100051938;108 869;C01;3;10;0;2;7;23;0;
80664;202100051939;108 865;A01;1;7;0;2;3;1;1;
80665;202100051939;108 866;B01;2;30;0;2;1;19;0;
80666;202100051940;108 864;A01;1;10;0;1;1;1;1;
80667;202100051941;108 862;B01;1;34;0;2;1;1;1;
80668;202100051941;108 863;A01;2;7;0;2;2;15;1;
80669;202100051942;108 860;B01;1;2;0;2;4;1;1;
80670;202100051942;108 861;A01;1;14;0;2;4;26;0;
80671;202100051943;108 858;A01;1;30;0;0;7;1;1;
80672;202100051944;108 856;A01;3;7;0;2;1;1;1;
80673;202100051944;108 857;B01;0;7;0;0;4;0;1;
80674;202100051945;108 854;A01;1;7;0;2;1;1;1;
80675;202100051945;108 855;B01;1;10;9;2;7;1;1;
80676;202100051947;108 851;B01;2;7;0;2;3;19;1;
80677;202100051947;108 852;A01;1;7;0;2;2;1;1;
80678;202100051949;108 848;B01;2;7;0;0;8;15;1;
80679;202100051949;108 849;A01;2;7;0;2;2;15;1;
80680;202100051950;108 846;B01;1;15;0;2;4;2;1;
80681;202100051950;108 847;A01;1;7;0;2;1;2;1;
80682;202100051951;108 845;A01;3;7;2;0;1;14;1;
80683;202100051953;108 841;A01;1;7;0;2;3;1;1;
80684;202100051953;108 842;B01;2;7;0;2;3;1;1;
80685;202100051954;108 839;A01;1;7;0;2;1;1;1;
80686;202100051954;108 840;B01;2;21;0;2;1;1;1;
80687;202100051955;108 838;A01;1;7;13;0;1;1;1;
80688;202100051956;108 836;B01;1;7;0;2;3;1;1;
80689;202100051956;108 837;A01;2;7;0;2;3;13;1;
80690;202100051957;108 834;B01;2;7;0;0;8;17;0;
80691;202100051957;108 835;A01;1;33;13;0;8;0;1;
80692;202100051958;108 833;A01;3;7;13;0;1;1;1;
80693;202100051959;108 831;B01;1;7;0;2;1;1;1;
80694;202100051959;108 832;A01;2;7;0;2;3;15;1;
80695;202100051960;108 829;A01;1;2;0;2;7;23;1;
80696;202100051960;108 830;B01;2;7;0;2;3;1;1;
80697;202100051961;108 827;A01;2;7;0;2;2;5;3;
80698;202100051961;108 828;B01;1;7;0;2;2;1;1;
80699;202100051962;108 825;B01;2;7;0;2;1;1;1;
80700;202100051962;108 826;A01;1;7;0;2;7;17;1;
80701;202100051964;108 822;A01;2;10;17;0;2;14;1;
80702;202100051966;108 819;A01;1;7;0;1;1;1;1;
80703;202100051967;108 817;B01;1;2;0;2;3;18;1;
80704;202100051967;108 818;A01;1;7;0;2;7;16;1;
80705;202100051968;108 816;A01;3;2;8;0;1;13;1;
80706;202100051969;108 814;B01;1;7;0;2;1;0;1;
80707;202100051969;108 815;A01;2;7;0;2;1;0;1;
80708;202100051970;108 813;A01;2;7;13;0;9;2;1;
80709;202100051971;108 811;A01;2;7;0;2;1;15;1;
80710;202100051971;108 812;B01;1;7;0;2;1;1;1;
80711;202100051972;108 807;B01;2;7;0;2;1;2;1;
80712;202100051972;108 808;A01;2;7;0;2;4;1;1;
80713;202100051973;108 804;A01;1;10;0;2;1;2;1;
80714;202100051973;108 805;C01;1;7;0;2;4;23;1;
80715;202100051973;108 806;B01;1;7;0;2;1;2;1;
80716;202100051974;108 802;B01;1;14;0;2;2;2;1;
80717;202100051974;108 803;A01;1;7;4;2;3;14;1;
80718;202100051975;108 800;A01;2;7;0;2;7;17;1;
80719;202100051975;108 801;B01;2;7;0;2;8;1;1;
80720;202100051977;108 797;A01;2;7;4;0;3;0;1;
80721;202100051978;108 795;A01;2;7;0;2;1;1;1;
80722;202100051978;108 796;B01;1;13;0;2;4;2;1;
80723;202100051979;108 794;A01;1;7;4;0;1;1;1;
80724;202100051982;108 790;A01;1;7;0;1;1;9;1;
80725;202100051983;108 788;A01;3;7;0;2;3;26;1;
80726;202100051983;108 789;B01;3;2;0;2;7;12;1;
80727;202100051984;108 787;A01;2;7;1;0;1;14;1;
80728;202100051985;108 785;B01;2;10;0;2;8;15;1;
80729;202100051985;108 786;A01;1;2;0;2;1;9;1;
80730;202100051986;108 784;A01;1;7;0;1;1;26;1;
80731;202100051987;108 782;B01;2;3;0;2;2;1;1;
80732;202100051987;108 783;A01;1;7;0;2;1;9;1;
80733;202100051988;108 780;A01;1;1;0;2;8;15;5;
80734;202100051988;108 781;B01;1;7;0;2;1;2;1;
80735;202100051989;108 778;A01;1;7;1;0;2;1;3;
80736;202100051989;108 779;B01;1;7;0;2;6;24;3;
80737;202100051990;108 776;A01;1;7;0;2;8;2;1;
80738;202100051990;108 777;B01;1;15;0;2;7;2;1;
80739;202100051991;108 774;A01;1;7;0;2;7;15;1;
80740;202100051991;108 775;B01;2;2;0;2;1;1;1;
80741;202100051992;108 772;B01;2;2;0;2;2;17;1;
80742;202100051992;108 773;A01;2;7;0;2;3;15;1;
80743;202100051993;108 771;A01;2;7;0;0;4;2;0;
80744;202100051994;108 769;B01;1;7;0;2;3;15;1;
80745;202100051994;108 770;A01;2;30;0;2;3;1;1;
80746;202100051995;108 767;B01;1;7;0;2;1;2;1;
80747;202100051995;108 768;A01;1;7;0;2;4;1;1;
80748;202100051996;108 766;A01;3;7;0;1;0;1;1;
80749;202100051997;108 765;A01;1;7;1;0;2;1;1;
80750;202100051998;108 763;A01;1;31;0;2;1;2;1;
80751;202100051998;108 764;B01;1;7;0;2;4;1;1;
80752;202100051999;108 762;A01;0;30;1;0;8;1;1;
80753;202100052000;108 761;A01;0;7;1;0;1;1;1;
80754;202100052001;108 758;B01;3;7;0;2;1;0;1;
80755;202100052001;108 759;A01;3;7;0;2;1;0;1;
80756;202100052002;108 757;A01;3;7;9;0;3;13;1;
80757;202100052003;108 755;B01;2;1;0;2;1;1;5;
80758;202100052003;108 756;A01;2;1;0;1;1;1;5;
80759;202100052004;108 753;B01;1;2;0;2;1;1;1;
80760;202100052004;108 754;A01;3;7;0;2;3;10;1;
80761;202100052005;108 751;B01;1;50;0;2;7;19;3;
80762;202100052005;108 752;A01;1;7;0;2;3;1;1;
80763;202100052006;108 749;A01;1;7;0;2;1;2;1;
80764;202100052006;108 750;B01;1;7;0;1;4;2;1;
80765;202100052007;108 747;A01;1;7;0;2;2;1;1;
80766;202100052007;108 748;B01;1;33;0;2;4;23;1;
80767;202100052008;108 743;A01;1;7;0;2;1;2;1;
80768;202100052008;108 744;B01;1;7;0;2;4;2;1;
80769;202100052008;108 745;C01;1;7;0;2;1;2;1;
80770;202100052008;108 746;D01;1;7;0;2;4;2;1;
80771;202100052009;108 742;A01;1;7;0;0;0;14;1;
80772;202100052010;108 740;B01;2;1;0;2;1;2;5;
80773;202100052010;108 741;A01;2;7;0;2;5;22;1;
80774;202100052011;108 738;B01;2;1;0;2;4;2;0;
80775;202100052011;108 739;A01;1;7;0;2;1;2;1;
80776;202100052012;108 737;A01;0;7;0;1;7;16;6;
80777;202100052013;108 735;A01;0;10;0;2;2;15;1;
80778;202100052013;108 736;B01;0;7;0;2;1;1;1;
80779;202100052014;108 734;A01;1;7;0;1;1;15;1;
80780;202100052015;108 732;B01;1;1;0;2;1;1;0;
80781;202100052015;108 733;A01;2;7;0;2;1;15;1;
80782;202100052016;108 730;A01;1;7;0;2;7;1;1;
80783;202100052016;108 731;B01;0;31;0;2;1;1;1;
80784;202100052017;108 729;A01;1;31;0;0;7;1;1;
80785;202100052018;108 728;A01;1;2;0;2;7;1;1;
80786;202100052019;108 726;A01;1;7;0;2;1;0;1;
80787;202100052019;108 727;B01;1;1;0;2;4;1;5;
80788;202100052020;108 724;A01;1;7;0;2;3;15;1;
80789;202100052020;108 725;B01;1;2;0;2;1;17;1;
80790;202100052021;108 723;A01;2;7;0;1;1;1;1;
80791;202100052022;108 721;B01;1;7;0;2;3;19;1;
80792;202100052022;108 722;A01;1;7;0;2;1;19;1;
80793;202100052023;108 720;A01;1;30;0;0;0;1;1;
80794;202100052024;108 718;A01;2;7;0;2;4;1;1;
80795;202100052024;108 719;B01;2;2;0;2;1;2;1;
80796;202100052025;108 717;A01;2;7;6;0;1;1;0;
80797;202100052026;108 715;A01;1;10;0;2;1;2;1;
80798;202100052026;108 716;B01;1;50;0;2;7;2;3;
80799;202100052027;108 713;B01;3;33;0;2;7;1;1;
80800;202100052027;108 714;A01;3;10;0;2;1;10;1;
80801;202100052028;108 711;A01;3;7;0;2;3;15;1;
80802;202100052028;108 712;B01;3;1;0;2;0;0;0;
80803;202100052029;108 710;A01;3;7;0;1;3;1;1;
80804;202100052030;108 709;A01;2;37;0;1;0;0;1;1.0
80805;202100052031;108 707;B01;2;7;0;2;4;1;1;
80806;202100052031;108 708;A01;2;7;0;2;1;1;1;
80807;202100052032;108 706;B01;3;30;0;1;1;1;1;
80808;202100052033;108 704;Z01;1;10;0;2;5;11;1;
80809;202100052033;108 705;A01;1;43;0;2;3;1;1;
80810;202100052034;108 703;A01;2;31;14;0;1;1;1;
80811;202100052035;108 701;B01;3;7;0;2;3;1;1;
80812;202100052035;108 702;A01;3;7;0;2;2;1;2;
80813;202100052036;108 699;A01;3;7;0;2;1;1;1;
80814;202100052036;108 700;B01;3;32;0;2;4;23;1;
80815;202100052037;108 698;A01;1;7;0;1;8;1;1;
80816;202100052038;108 696;A01;2;7;0;2;8;15;1;
80817;202100052038;108 697;B01;2;34;0;2;7;17;1;
80818;202100052039;108 694;Z01;1;30;0;2;1;5;1;
80819;202100052039;108 695;A01;2;30;0;2;1;1;1;
80820;202100052040;108 693;Z01;1;2;0;1;0;1;0;
80821;202100052042;108 690;A01;1;33;0;0;0;1;1;
80822;202100052043;108 689;A01;1;43;2;0;1;1;1;
80823;202100052044;108 687;A01;2;7;0;0;0;15;1;
80824;202100052044;108 688;B01;1;33;0;2;0;1;1;
80825;202100052045;108 685;A01;3;7;0;2;1;1;1;
80826;202100052045;108 686;B01;3;7;0;2;1;1;1;
80827;202100052046;108 684;A01;2;7;0;1;4;20;1;
80828;202100052047;108 682;B01;2;1;0;2;1;1;5;
80829;202100052047;108 683;A01;1;7;0;9;8;15;1;
80830;202100052048;108 680;A01;1;34;0;2;7;2;1;
80831;202100052048;108 681;B01;1;7;0;2;1;16;1;
80832;202100052049;108 678;B01;1;32;0;2;8;13;1;
80833;202100052049;108 679;A01;1;7;0;2;1;9;0;
80834;202100052050;108 677;A01;1;7;0;1;5;4;2;
80835;202100052051;108 676;A01;3;10;0;1;3;1;1;
80836;202100052052;108 675;A01;1;7;0;1;1;26;1;
80837;202100052053;108 673;A01;1;7;0;2;5;15;1;
80838;202100052053;108 674;B01;1;7;0;2;3;2;1;
80839;202100052054;108 671;B01;2;7;0;2;3;19;1;
80840;202100052054;108 672;A01;2;32;0;2;5;26;1;
80841;202100052055;108 669;B01;1;7;0;2;8;1;1;
80842;202100052055;108 670;A01;1;7;0;2;1;1;1;
80843;202100052056;108 667;A01;1;32;12;2;2;17;1;
80844;202100052056;108 668;B01;1;7;0;2;0;20;1;
80845;202100052058;108 663;A01;2;7;0;1;2;1;1;
80846;202100052059;108 662;A01;1;7;0;1;1;0;1;
80847;202100052060;108 660;A01;2;7;0;2;1;12;1;
80848;202100052060;108 661;B01;2;7;0;0;6;1;1;
80849;202100052061;108 659;B01;1;7;0;1;1;1;1;
80850;202100052062;108 657;A01;2;7;0;2;2;19;1;
80851;202100052062;108 658;B01;1;7;0;2;3;1;1;
80852;202100052063;108 655;B01;1;10;0;2;1;2;1;
80853;202100052063;108 656;A01;1;7;0;0;4;2;1;
80854;202100052064;108 653;B01;0;39;0;2;1;19;3;
80855;202100052064;108 654;A01;1;7;0;4;3;26;1;
80856;202100052066;108 649;B01;1;14;0;2;1;1;1;
80857;202100052066;108 650;A01;2;7;0;2;2;13;1;
80858;202100052066;108 651;C01;1;7;0;2;1;1;1;
80859;202100052067;108 648;A01;1;1;0;0;0;25;5;
80860;202100052068;108 647;A01;2;7;0;0;0;1;1;
80861;202100052069;108 646;A01;2;7;6;0;1;1;2;
80862;202100052070;108 645;A01;2;7;2;0;7;1;1;
80863;202100052071;108 641;A01;1;7;0;9;1;2;1;
80864;202100052071;108 642;B01;1;1;0;0;4;2;5;
80865;202100052072;108 640;A01;2;7;0;0;3;13;1;
80866;202100052073;108 639;A01;3;7;0;1;4;4;1;
80867;202100052074;108 636;A01;1;10;0;2;1;13;1;
80868;202100052074;108 637;B01;2;7;0;2;3;1;1;
80869;202100052074;108 638;C01;2;7;0;2;1;1;1;
80870;202100052075;108 635;A01;1;7;10;0;1;14;1;
80871;202100052076;108 633;A01;1;7;0;2;2;13;1;
80872;202100052076;108 634;B01;1;10;0;2;6;1;1;
80873;202100052077;108 630;A01;2;7;3;2;1;17;1;
80874;202100052077;108 631;B01;2;7;0;2;2;17;1;
80875;202100052077;108 632;C01;2;17;0;2;3;1;1;
80876;202100052078;108 629;A01;1;7;0;0;0;26;1;
80877;202100052079;108 628;A01;2;10;0;0;9;1;1;
80878;202100052080;108 626;A01;1;7;4;2;1;1;1;
80879;202100052080;108 627;B01;1;15;0;0;8;1;1;
80880;202100052082;108 623;B01;1;7;0;2;1;1;1;
80881;202100052082;108 624;A01;2;10;0;2;1;13;1;
80882;202100052083;108 621;A01;3;7;0;2;1;26;1;
80883;202100052083;108 622;B01;3;15;0;2;2;1;1;
80884;202100052084;108 620;A01;3;2;6;0;1;1;1;
80885;202100052085;108 619;A01;3;7;0;0;3;2;1;
80886;202100052086;108 617;B01;1;7;0;2;8;1;1;
80887;202100052086;108 618;A01;2;10;0;2;3;1;1;
80888;202100052087;108 613;A01;2;7;0;2;1;17;1;
80889;202100052087;108 614;C01;1;7;0;2;1;1;1;
80890;202100052087;108 615;D01;1;7;0;2;0;1;1;
80891;202100052087;108 616;B01;-1;7;0;2;0;0;1;
80892;202100052088;108 610;A01;3;7;0;0;4;1;1;
80893;202100052088;108 611;B01;3;7;0;2;4;2;1;
80894;202100052088;108 612;C01;3;7;0;2;1;2;1;
80895;202100052089;108 608;B01;1;1;0;2;4;1;5;
80896;202100052089;108 609;A01;1;7;0;2;1;1;1;
80897;202100052090;108 603;C01;1;7;0;2;0;1;1;
80898;202100052090;108 604;D01;1;7;0;2;0;0;1;
80899;202100052090;108 605;E01;1;7;0;2;1;1;1;
80900;202100052090;108 606;A01;1;7;0;2;4;1;1;
80901;202100052090;108 607;B01;1;7;0;2;0;1;1;
80902;202100052091;108 600;C01;2;10;0;2;1;2;1;
80903;202100052091;108 601;B01;2;7;0;2;4;2;1;
80904;202100052091;108 602;A01;2;7;0;2;4;2;1;
80905;202100052092;108 597;C01;1;7;0;2;1;1;1;
80906;202100052092;108 598;B01;1;10;0;2;4;1;1;
80907;202100052092;108 599;A01;1;7;0;2;4;1;1;
80908;202100052093;108 594;A01;2;7;0;2;1;2;1;
80909;202100052093;108 595;B01;2;7;0;2;4;2;1;
80910;202100052093;108 596;C01;2;7;0;2;4;2;1;
80911;202100052095;108 590;A01;1;7;0;5;1;1;1;
80912;202100052096;108 587;A01;1;7;0;2;3;1;1;
80913;202100052096;108 588;B01;1;7;0;2;4;2;1;
80914;202100052096;108 589;C01;1;10;0;2;1;2;1;
80915;202100052097;108 585;A01;2;7;0;2;6;1;1;
80916;202100052097;108 586;B01;2;17;0;2;3;11;1;
80917;202100052098;108 584;A01;2;33;0;0;7;1;1;
80918;202100052099;108 582;A01;1;2;0;2;3;13;1;
80919;202100052099;108 583;MB01;1;7;0;2;3;26;1;
80920;202100052100;108 580;A01;2;7;0;2;3;20;2;
80921;202100052100;108 581;B01;1;33;0;2;1;17;1;
80922;202100052101;108 578;A01;1;7;0;9;7;16;1;
80923;202100052101;108 579;B01;1;2;0;2;8;2;1;
80924;202100052102;108 576;A01;1;1;0;2;6;1;5;
80925;202100052102;108 577;B01;2;7;0;2;3;1;1;
80926;202100052103;108 575;A01;1;33;0;0;1;2;1;
80927;202100052105;108 572;A01;2;7;0;1;2;1;1;
80928;202100052106;108 571;A01;1;33;0;1;7;21;1;
80929;202100052107;108 569;B01;1;7;0;2;1;1;1;
80930;202100052107;108 570;A01;2;7;0;2;2;15;1;
80931;202100052108;108 567;A01;2;7;0;2;3;10;1;
80932;202100052108;108 568;B01;2;7;0;2;7;1;1;
80933;202100052109;108 565;B01;2;7;0;2;1;24;1;
80934;202100052109;108 566;A01;1;30;1;0;7;14;1;
80935;202100052110;108 563;B01;1;37;0;2;1;23;1;1.0
80936;202100052110;108 564;A01;2;30;14;0;1;26;1;
80937;202100052111;108 561;Z01;3;7;0;2;1;1;1;
80938;202100052111;108 562;B01;3;7;0;2;5;9;1;
80939;202100052112;108 560;A01;3;32;0;1;1;1;1;
80940;202100052113;108 559;A01;2;7;0;1;1;26;1;
80941;202100052114;108 555;B01;0;7;0;2;1;1;1;
80942;202100052114;108 556;A01;0;7;0;2;6;1;1;
80943;202100052116;108 551;A01;0;7;0;2;1;15;1;
80944;202100052116;108 552;B01;0;1;0;2;7;1;5;
80945;202100052117;108 549;A01;0;7;0;2;1;9;1;
80946;202100052117;108 550;B01;0;31;0;2;7;1;1;
80947;202100052118;108 548;Z01;3;7;0;1;1;26;0;
80948;202100052119;108 546;B01;1;7;0;2;2;1;1;
80949;202100052119;108 547;A01;1;7;0;2;5;1;1;
80950;202100052120;108 544;A01;2;2;0;2;3;18;1;
80951;202100052120;108 545;B01;2;7;0;2;5;16;1;
80952;202100052121;108 542;B01;0;80;0;2;8;0;3;
80953;202100052121;108 543;A01;0;7;0;2;7;15;1;
80954;202100052122;108 541;A01;3;50;0;0;0;0;3;
80955;202100052123;108 540;A01;3;1;0;0;1;0;5;
80956;202100052124;108 539;A01;1;0;0;0;0;0;0;
80957;202100052126;108 534;A01;1;7;4;0;3;1;1;
80958;202100052127;108 532;B01;2;7;0;2;1;1;3;
80959;202100052127;108 533;A01;1;7;0;2;1;13;1;
80960;202100052128;108 531;A01;2;30;0;2;7;2;1;
80961;202100052129;108 529;A01;1;7;0;1;2;1;0;
80962;202100052129;108 530;B01;1;7;0;2;1;2;1;
80963;202100052130;108 528;A01;1;7;0;1;3;1;1;
80964;202100052132;108 525;A01;2;7;0;2;1;1;1;
80965;202100052132;108 526;B01;2;7;0;2;4;0;1;
80966;202100052135;108 520;A01;1;33;0;0;7;1;1;
80967;202100052136;108 519;A01;2;7;4;0;1;13;1;
80968;202100052137;108 516;C01;1;7;0;2;4;23;1;
80969;202100052137;108 517;B01;1;7;0;2;4;23;1;
80970;202100052137;108 518;A01;1;7;0;2;1;1;1;
80971;202100052138;108 514;B01;1;7;0;2;3;16;2;
80972;202100052138;108 515;A01;1;31;0;2;1;1;1;
80973;202100052139;108 512;B01;2;1;0;2;8;19;5;
80974;202100052139;108 513;A01;1;1;0;2;1;1;5;
80975;202100052140;108 510;A01;3;7;0;2;3;15;1;
80976;202100052140;108 511;B01;3;30;0;2;1;17;1;
80977;202100052141;108 509;A01;3;34;0;0;3;21;1;
80978;202100052143;108 505;A01;1;30;0;2;1;1;1;
80979;202100052143;108 506;B01;2;1;0;2;3;1;5;
80980;202100052144;108 504;A01;1;1;0;1;1;1;5;
80981;202100052145;108 503;A01;2;32;0;1;7;1;1;
80982;202100052146;108 501;B01;1;50;0;2;0;1;3;
80983;202100052146;108 502;A01;2;7;0;2;0;15;1;
80984;202100052148;108 499;A01;3;7;0;1;5;26;1;
80985;202100052149;108 497;A01;1;33;1;2;1;1;1;
80986;202100052149;108 498;B01;1;7;0;2;3;9;1;
80987;202100052151;108 493;A01;2;7;0;2;3;1;1;
80988;202100052151;108 494;B01;1;33;0;2;1;1;1;
80989;202100052152;108 491;B01;3;60;0;2;7;19;5;
80990;202100052152;108 492;A01;3;7;0;1;3;9;1;
80991;202100052153;108 490;Z01;1;7;1;1;0;0;0;
80992;202100052154;108 488;A01;2;33;0;2;2;17;1;
80993;202100052154;108 489;B01;2;7;0;2;3;15;1;
80994;202100052155;108 487;A01;1;7;0;1;4;26;1;
80995;202100052156;108 485;B01;1;10;0;2;0;15;0;
80996;202100052156;108 486;A01;1;7;9;1;1;1;1;
80997;202100052158;108 481;B01;1;50;0;2;1;25;3;
80998;202100052158;108 482;A01;1;7;0;0;2;2;1;
80999;202100052159;108 479;B01;2;7;0;9;6;1;1;
81000;202100052159;108 480;A01;1;7;0;2;0;1;1;
81001;202100052161;108 475;A01;1;7;0;2;1;13;1;
81002;202100052161;108 476;B01;2;14;0;2;3;1;1;
81003;202100052162;108 473;A01;1;38;0;2;2;1;1;1.0
81004;202100052162;108 474;B01;2;7;0;2;3;15;1;
81005;202100052163;108 471;A01;1;7;0;2;3;1;1;
81006;202100052163;108 472;B01;2;7;0;2;3;1;1;
81007;202100052164;108 469;B01;1;7;0;2;3;16;1;
81008;202100052164;108 470;A01;1;1;0;2;7;1;5;
81009;202100052165;108 468;A01;1;7;0;1;2;26;1;
81010;202100052166;108 466;B01;2;7;0;2;7;15;1;
81011;202100052166;108 467;A01;1;33;0;2;1;1;1;
81012;202100052167;108 465;A01;2;33;6;0;3;1;1;
81013;202100052169;108 460;B01;2;7;0;2;6;15;1;
81014;202100052169;108 461;A01;2;7;0;2;2;17;1;
81015;202100052170;108 457;B01;2;7;0;2;3;1;1;
81016;202100052170;108 458;A01;1;7;0;2;3;1;1;
81017;202100052171;108 455;A01;1;7;0;2;1;13;1;
81018;202100052171;108 456;B01;2;14;0;2;1;1;1;
81019;202100052172;108 453;A01;1;7;0;2;1;1;1;
81020;202100052172;108 454;B01;2;7;0;0;1;1;1;
81021;202100052173;108 450;A01;1;7;0;2;1;2;1;
81022;202100052173;108 451;C01;1;7;0;2;4;23;1;
81023;202100052173;108 452;B01;1;7;0;2;4;23;1;
81024;202100052174;108 448;B01;2;7;8;0;3;1;1;
81025;202100052174;108 449;A01;1;7;0;2;1;2;1;
81026;202100052176;108 445;A01;3;7;0;2;1;2;1;
81027;202100052176;108 446;B01;3;2;0;2;6;1;1;
81028;202100052177;108 444;A01;2;7;2;0;1;1;1;
81029;202100052178;108 443;A01;1;7;10;0;3;1;1;
81030;202100052179;108 441;A01;2;13;0;9;2;16;0;
81031;202100052179;108 442;B01;1;1;0;2;1;26;5;
81032;202100052181;108 436;A01;1;2;0;2;3;2;1;
81033;202100052181;108 437;B01;1;10;0;2;5;1;1;
81034;202100052182;108 434;B01;2;7;0;0;3;1;1;
81035;202100052182;108 435;A01;1;7;0;2;3;1;1;
81036;202100052183;108 433;A01;1;7;4;0;3;1;1;
81037;202100052184;108 432;A01;2;17;0;0;7;1;1;
81038;202100052185;108 431;A01;2;7;0;1;1;1;1;
81039;202100052186;108 429;A01;1;33;0;2;1;5;1;
81040;202100052186;108 430;B01;2;7;0;2;3;26;1;
81041;202100052187;108 428;A01;2;7;2;1;2;14;1;
81042;202100052188;108 426;B01;1;2;0;2;1;1;1;
81043;202100052188;108 427;A01;1;7;0;0;5;26;1;
81044;202100052189;108 425;A01;3;99;1;0;0;14;0;
81045;202100052190;108 422;A01;2;7;0;2;3;17;1;
81046;202100052190;108 423;B01;1;7;3;2;3;1;1;
81047;202100052190;108 424;C01;2;15;0;2;6;1;1;
81048;202100052191;108 421;A01;3;7;0;1;3;1;0;
81049;202100052192;108 419;A01;2;7;0;2;3;9;1;
81050;202100052192;108 420;B01;2;30;0;2;7;1;1;
81051;202100052194;108 415;B01;2;10;0;0;5;1;1;
81052;202100052194;108 416;A01;2;7;2;2;1;2;1;
81053;202100052196;108 411;B01;2;7;0;0;4;1;1;
81054;202100052196;108 412;A01;2;7;0;2;1;1;1;
81055;202100052197;108 408;A01;2;15;0;2;3;1;1;
81056;202100052197;108 409;B01;1;15;0;2;0;1;1;
81057;202100052198;108 407;A01;2;7;12;0;3;26;1;
81058;202100052199;108 405;B01;1;7;0;2;4;2;1;
81059;202100052199;108 406;A01;1;33;0;2;1;2;1;
81060;202100052200;108 402;C01;1;7;0;2;1;2;1;
81061;202100052200;108 403;B01;1;15;0;2;1;2;1;
81062;202100052200;108 404;A01;1;7;0;2;4;2;1;
81063;202100052201;108 400;A01;2;7;0;2;8;9;1;
81064;202100052201;108 401;B01;2;33;0;2;7;1;1;
81065;202100052202;108 399;A01;2;7;4;0;1;1;1;
81066;202100052203;108 397;A01;1;7;0;9;8;19;1;
81067;202100052203;108 398;B01;2;2;0;2;1;1;1;
81068;202100052204;108 394;C01;3;2;0;2;1;1;1;
81069;202100052204;108 395;A01;3;2;0;2;1;26;1;
81070;202100052204;108 396;B01;3;7;0;2;3;1;1;
81071;202100052206;108 391;A01;3;7;0;2;1;1;1;
81072;202100052206;108 392;B01;3;7;0;2;4;1;1;
81073;202100052207;108 390;A01;2;7;7;0;1;13;1;
81074;202100052208;108 388;A01;2;7;0;2;8;19;1;
81075;202100052208;108 389;B01;2;33;0;2;1;1;1;
81076;202100052209;108 387;A01;3;7;0;1;1;1;1;
81077;202100052210;108 384;B01;1;7;12;2;1;1;1;