;Num_Acc;id_vehicule;num_veh;senc;catv;obs;obsm;choc;manv;motor;occutc
81078;202100052210;108 385;A01;1;10;12;2;1;1;1;
81079;202100052212;108 380;A01;2;7;0;2;1;1;1;
81080;202100052212;108 381;B01;2;10;0;2;4;23;1;
81081;202100052213;108 379;A01;0;7;8;0;1;1;1;
81082;202100052215;108 375;A01;1;7;0;2;2;20;1;
81083;202100052215;108 376;B01;1;1;0;2;1;1;5;
81084;202100052216;108 373;A01;1;33;0;2;1;2;1;
81085;202100052216;108 374;B01;1;7;0;9;4;1;1;
81086;202100052217;108 371;B01;2;33;0;2;8;1;1;
81087;202100052217;108 372;A01;1;7;0;2;1;19;1;
81088;202100052218;108 368;A01;1;7;6;0;1;14;1;
81089;202100052219;108 365;A01;1;7;0;2;2;15;1;
81090;202100052219;108 366;B01;1;7;0;2;0;2;1;
81091;202100052219;108 367;C01;2;7;0;2;8;2;1;
81092;202100052220;108 364;A01;1;32;0;0;0;1;1;
81093;202100052221;108 362;B01;3;7;0;2;3;1;1;
81094;202100052221;108 363;A01;3;7;0;2;3;15;1;
81095;202100052222;108 361;A01;3;7;6;0;1;2;1;
81096;202100052223;108 357;D01;3;7;0;2;4;2;1;
81097;202100052223;108 358;A01;3;7;0;2;1;2;1;
81098;202100052223;108 359;B01;3;7;0;2;4;2;1;
81099;202100052223;108 360;C01;3;7;0;2;4;2;1;
81100;202100052224;108 355;A01;1;7;0;2;2;1;1;
81101;202100052224;108 356;B01;2;30;0;2;1;1;1;
81102;202100052225;108 352;C01;3;7;0;2;4;1;1;
81103;202100052225;108 353;B01;3;7;0;2;4;1;1;
81104;202100052225;108 354;A01;3;7;0;2;1;1;1;
81105;202100052227;108 348;Z01;1;10;0;2;1;2;0;
81106;202100052227;108 349;A01;1;7;0;2;5;2;1;
81107;202100052228;108 347;A01;1;32;0;1;1;1;1;
81108;202100052231;108 342;B01;1;7;0;2;2;15;1;
81109;202100052231;108 343;A01;1;30;0;2;1;1;1;
81110;202100052232;108 341;A01;1;1;0;0;0;1;5;
81111;202100052233;108 339;A01;1;7;0;2;3;15;1;
81112;202100052233;108 340;B01;2;2;0;2;1;1;1;
81113;202100052235;108 336;A01;2;2;1;0;2;14;1;
81114;202100052236;108 333;A01;1;7;0;2;4;2;1;
81115;202100052236;108 334;B01;1;7;0;2;4;2;1;
81116;202100052236;108 335;C01;1;7;0;2;2;2;1;
81117;202100052237;108 331;B01;2;7;0;2;4;1;1;
81118;202100052237;108 332;A01;2;33;0;2;1;14;1;
81119;202100052238;108 330;A01;2;7;4;0;6;1;1;
81120;202100052239;108 327;C01;2;7;0;2;4;2;1;
81121;202100052239;108 328;B01;2;7;0;2;4;2;1;
81122;202100052239;108 329;A01;2;7;0;2;1;2;1;
81123;202100052240;108 326;A01;1;7;4;0;6;2;1;
81124;202100052241;108 324;A01;1;7;0;2;3;13;1;
81125;202100052241;108 325;B01;1;7;0;2;3;1;1;
81126;202100052242;108 323;A01;2;7;0;9;3;1;1;
81127;202100052243;108 320;A01;2;7;3;2;6;2;1;
81128;202100052243;108 321;B01;2;7;0;2;4;2;1;
81129;202100052243;108 322;C01;2;10;0;2;3;2;1;
81130;202100052244;108 318;A01;2;31;0;2;1;2;1;
81131;202100052244;108 319;B01;2;7;0;2;6;2;1;
81132;202100052245;108 316;A01;2;7;0;2;1;26;1;
81133;202100052245;108 317;B01;2;7;0;2;8;0;1;
81134;202100052246;108 315;A01;1;7;4;0;6;1;1;
81135;202100052247;108 314;A01;2;7;4;0;0;26;1;
81136;202100052249;108 311;A01;1;10;4;0;1;1;1;
81137;202100052250;108 308;A01;2;7;0;2;1;6;1;
81138;202100052250;108 309;B01;2;7;0;2;1;1;1;
81139;202100052250;108 310;C01;2;7;0;2;4;1;1;
81140;202100052251;108 307;A01;1;7;3;0;1;14;1;
81141;202100052252;108 306;A01;2;10;4;0;6;13;1;
81142;202100052253;108 304;B01;2;7;4;2;4;12;1;
81143;202100052253;108 305;A01;2;10;0;0;2;2;1;
81144;202100052254;108 303;A01;1;7;2;0;2;1;1;
81145;202100052255;108 302;A01;3;7;13;0;1;1;1;
81146;202100052256;108 300;A01;1;7;0;2;1;13;1;
81147;202100052256;108 301;B01;1;7;0;2;3;1;1;
81148;202100052258;108 295;A01;1;7;2;0;6;0;1;
81149;202100052259;108 294;A01;2;36;2;0;1;13;1;
81150;202100052260;108 292;B01;1;10;0;2;1;1;1;
81151;202100052260;108 293;A01;1;7;0;2;8;10;1;
81152;202100052261;108 291;A01;1;7;6;0;2;0;1;
81153;202100052262;108 290;A01;1;7;0;1;3;1;1;
81154;202100052263;108 288;B01;1;10;0;2;6;23;1;
81155;202100052263;108 289;A01;1;2;1;0;1;2;1;
81156;202100052264;108 286;A01;0;7;0;2;7;1;1;
81157;202100052264;108 287;B01;0;7;0;2;7;26;1;
81158;202100052265;108 284;A01;2;10;0;9;1;1;1;
81159;202100052265;108 285;B01;2;1;0;2;1;15;5;
81160;202100052266;108 283;A01;1;2;0;0;0;14;1;
81161;202100052267;108 281;A01;0;7;8;2;0;17;1;
81162;202100052267;108 282;B01;0;21;0;2;3;15;1;
81163;202100052268;108 278;B01;2;7;0;2;3;1;1;
81164;202100052268;108 279;A01;1;7;0;2;1;13;1;
81165;202100052269;108 277;A01;0;10;5;0;1;0;1;
81166;202100052271;108 274;B01;2;7;0;2;3;1;1;
81167;202100052271;108 275;A01;1;10;0;2;3;17;1;
81168;202100052273;108 272;A01;3;2;12;0;0;1;1;
81169;202100052274;108 270;B01;1;7;0;0;3;1;1;
81170;202100052274;108 271;A01;2;7;0;2;3;13;1;
81171;202100052275;108 266;A01;1;33;0;2;1;17;1;
81172;202100052275;108 267;C01;1;7;0;2;3;23;1;
81173;202100052275;108 268;B01;2;7;0;2;3;1;1;
81174;202100052276;108 265;A01;3;7;0;1;1;14;1;
81175;202100052277;108 263;A01;2;15;0;2;1;1;1;
81176;202100052277;108 264;B01;1;10;0;0;8;15;1;
81177;202100052278;108 261;A01;1;36;0;2;1;1;1;
81178;202100052278;108 262;B01;2;7;0;2;3;23;1;
81179;202100052281;108 257;A01;2;7;0;2;1;2;1;
81180;202100052281;108 258;B01;2;7;3;0;4;2;1;
81181;202100052284;108 252;A01;2;7;8;0;1;1;1;
81182;202100052285;108 250;B01;1;7;0;0;5;1;1;
81183;202100052285;108 251;A01;2;7;0;0;2;13;1;
81184;202100052286;108 249;A01;3;30;0;0;0;1;1;
81185;202100052287;108 248;A01;2;7;12;1;1;14;0;
81186;202100052288;108 246;A01;3;7;0;2;1;1;1;
81187;202100052288;108 247;B01;3;7;0;2;3;1;1;
81188;202100052289;108 245;A01;1;7;12;0;3;0;1;
81189;202100052290;108 243;B01;1;7;0;2;6;15;1;
81190;202100052290;108 244;A01;2;7;0;2;6;1;1;
81191;202100052291;108 241;B01;1;7;0;2;1;2;1;
81192;202100052291;108 242;A01;1;7;0;2;1;9;1;
81193;202100052292;108 239;A01;1;7;0;2;5;17;1;
81194;202100052292;108 240;B01;1;1;0;2;8;2;5;
81195;202100052293;108 238;A01;3;7;0;1;2;26;1;
81196;202100052294;108 236;B01;1;7;0;9;6;9;1;
81197;202100052294;108 237;A01;1;10;0;9;1;9;1;
81198;202100052295;108 234;A01;1;7;0;2;4;1;1;
81199;202100052295;108 235;Z01;1;10;0;2;0;0;0;
81200;202100052296;108 233;A01;2;7;0;1;3;1;1;
81201;202100052298;108 229;B01;3;1;0;2;7;0;6;
81202;202100052298;108 230;A01;3;7;0;2;1;1;1;
81203;202100052299;108 228;A01;3;10;0;1;4;26;1;
81204;202100052300;108 227;A01;1;7;0;1;1;26;1;
81205;202100052301;108 225;B01;1;1;0;2;1;1;5;
81206;202100052301;108 226;A01;2;7;0;2;2;15;1;
81207;202100052302;108 224;A01;1;7;0;1;1;1;1;
81208;202100052303;108 222;B01;1;2;0;2;1;26;1;
81209;202100052303;108 223;A01;1;7;0;2;2;11;1;
81210;202100052304;108 221;A01;2;7;0;1;1;1;1;
81211;202100052305;108 220;A01;1;33;0;0;8;26;1;
81212;202100052307;108 218;A01;1;7;1;2;0;1;1;
81213;202100052308;108 217;A01;1;7;0;1;7;1;1;
81214;202100052309;108 215;B01;2;7;0;2;1;1;1;
81215;202100052309;108 216;A01;1;7;0;2;1;13;1;
81216;202100052310;108 213;B01;1;40;0;2;3;0;3;
81217;202100052310;108 214;A01;2;1;0;4;1;13;5;
81218;202100052311;108 211;A01;2;7;0;2;1;2;1;
81219;202100052311;108 212;B01;2;7;0;0;4;1;1;
81220;202100052312;108 210;A01;2;7;0;1;3;20;1;
81221;202100052314;108 206;B01;1;2;0;2;1;15;1;
81222;202100052314;108 207;A01;1;7;0;2;8;1;1;
81223;202100052315;108 204;Z01;1;7;0;2;1;15;1;
81224;202100052315;108 205;B01;2;1;0;2;1;19;5;
81225;202100052316;108 202;A01;3;30;0;2;1;1;1;
81226;202100052316;108 203;B01;3;7;0;2;6;1;1;
81227;202100052317;108 201;A01;2;7;0;1;2;26;1;
81228;202100052318;108 198;B01;1;7;0;2;1;1;1;
81229;202100052318;108 199;A01;1;7;0;2;7;19;1;
81230;202100052318;108 200;C01;1;7;0;2;6;0;1;
81231;202100052319;108 196;A01;1;34;0;2;2;1;1;
81232;202100052319;108 197;B01;1;10;0;2;0;10;1;
81233;202100052320;108 194;B01;1;7;0;2;3;1;1;
81234;202100052320;108 195;A01;2;2;0;2;1;17;1;
81235;202100052321;108 192;A01;2;7;0;2;8;10;1;
81236;202100052321;108 193;B01;2;2;0;2;1;1;1;
81237;202100052322;108 190;B01;1;1;0;2;7;1;5;
81238;202100052322;108 191;A01;1;7;0;2;1;9;2;
81239;202100052324;108 187;A01;2;7;0;1;7;1;1;
81240;202100052325;108 186;Z01;2;2;0;1;0;1;1;
81241;202100052326;108 184;B01;2;7;0;2;8;1;1;
81242;202100052326;108 185;A01;2;2;0;2;1;5;1;
81243;202100052327;108 183;A01;1;10;1;0;1;17;1;
81244;202100052329;108 181;A01;1;40;0;1;2;1;3;
81245;202100052330;108 179;A01;3;10;0;2;5;12;1;
81246;202100052330;108 180;B01;3;7;0;2;3;1;1;
81247;202100052331;108 177;A01;1;30;0;2;1;1;1;
81248;202100052331;108 178;B01;1;7;0;2;4;23;1;
81249;202100052332;108 175;B01;1;31;0;2;1;1;1;
81250;202100052332;108 176;A01;1;7;0;2;3;9;1;
81251;202100052333;108 173;B01;1;43;0;2;1;1;1;
81252;202100052333;108 174;A01;2;7;0;2;5;15;1;
81253;202100052334;108 172;A01;3;7;0;1;1;0;2;
81254;202100052337;108 167;A01;2;10;1;0;2;1;0;
81255;202100052339;108 163;B01;1;7;0;2;3;15;1;
81256;202100052339;108 164;A01;2;7;0;2;2;1;1;
81257;202100052340;108 161;B01;0;7;0;2;3;2;1;
81258;202100052340;108 162;A01;0;7;0;0;4;15;1;
81259;202100052341;108 159;A01;2;7;0;1;2;1;1;
81260;202100052341;108 160;B01;2;7;0;2;2;17;1;
81261;202100052342;108 157;A01;2;7;0;2;2;1;1;
81262;202100052342;108 158;B01;1;10;0;2;2;1;1;
81263;202100052343;108 152;B01;0;7;0;2;1;15;1;
81264;202100052343;108 153;A01;0;7;0;2;2;1;1;
81265;202100052344;108 150;A01;2;7;0;2;3;1;1;
81266;202100052344;108 151;B01;1;31;0;2;1;13;1;
81267;202100052345;108 148;B01;3;1;0;2;7;1;5;
81268;202100052345;108 149;A01;3;7;0;2;8;9;1;
81269;202100052347;108 144;A01;3;7;2;0;8;1;1;
81270;202100052348;108 142;B01;2;7;0;2;3;0;1;
81271;202100052348;108 143;A01;1;7;0;2;1;5;1;
81272;202100052349;108 141;A01;2;7;13;0;9;13;1;
81273;202100052350;108 140;A01;2;2;13;0;8;2;1;
81274;202100052351;108 139;A01;1;7;3;0;9;1;1;
81275;202100052352;108 138;A01;2;10;0;1;7;1;1;
81276;202100052353;108 137;A01;1;7;2;0;0;1;1;
81277;202100052354;108 136;A01;1;7;7;0;1;1;1;
81278;202100052355;108 135;A01;1;7;2;0;1;1;1;
81279;202100052356;108 134;A01;2;33;8;0;0;1;1;
81280;202100052358;108 131;A01;1;7;6;0;3;13;1;
81281;202100052359;108 129;A01;2;7;0;2;1;15;1;
81282;202100052359;108 130;B01;1;7;0;2;1;1;1;
81283;202100052360;108 121;A01;2;7;0;2;2;2;1;
81284;202100052360;108 122;E01;2;7;0;2;1;2;0;
81285;202100052360;108 123;B01;2;7;8;0;4;2;1;
81286;202100052360;108 124;D01;2;7;0;2;4;2;1;
81287;202100052360;108 125;F01;2;7;0;2;1;2;1;
81288;202100052360;108 126;G01;2;7;0;2;1;2;1;
81289;202100052360;108 127;H01;2;7;0;2;1;2;1;
81290;202100052360;108 128;C01;2;7;0;2;1;2;1;
81291;202100052361;108 119;B01;3;7;0;2;3;1;1;
81292;202100052361;108 120;A01;3;2;0;2;0;17;1;
81293;202100052362;108 117;B01;1;7;0;0;4;2;1;
81294;202100052362;108 118;A01;1;7;0;2;1;2;1;
81295;202100052363;108 115;A01;1;10;0;2;1;1;1;
81296;202100052363;108 116;B01;1;7;0;2;4;1;1;
81297;202100052364;108 113;B01;2;7;0;2;6;1;1;
81298;202100052364;108 114;A01;2;7;0;2;1;14;1;
81299;202100052365;108 110;A01;1;7;0;2;3;18;1;
81300;202100052365;108 111;B01;1;15;0;2;2;1;1;
81301;202100052365;108 112;C01;1;7;0;2;4;1;1;
81302;202100052366;108 108;B01;2;7;0;2;4;2;1;
81303;202100052366;108 109;A01;2;7;0;2;1;2;1;
81304;202100052367;108 107;A01;1;7;4;0;1;1;1;
81305;202100052368;108 106;A01;2;7;4;0;8;1;1;
81306;202100052369;108 105;A01;2;7;4;0;3;14;1;
81307;202100052370;108 103;A01;0;7;0;2;1;0;-1;
81308;202100052370;108 104;B01;0;32;0;2;0;0;-1;
81309;202100052371;108 101;B01;2;33;0;2;5;23;1;
81310;202100052371;108 102;A01;1;7;0;2;1;1;1;
81311;202100052372;108 099;A01;2;7;0;2;1;15;1;
81312;202100052372;108 100;B01;2;31;0;2;2;1;1;
81313;202100052373;108 097;A01;2;7;8;2;2;1;1;
81314;202100052373;108 098;B01;1;7;0;2;1;15;1;
81315;202100052374;108 095;B01;1;1;0;2;1;1;5;
81316;202100052374;108 096;A01;1;7;0;9;2;1;1;
81317;202100052375;108 094;A01;3;7;0;5;1;13;1;
81318;202100052376;108 093;A01;1;7;0;1;7;1;1;
81319;202100052377;108 091;B01;1;2;0;0;0;0;0;
81320;202100052377;108 092;A01;1;7;0;9;8;15;6;
81321;202100052378;108 089;A01;2;7;0;2;2;15;1;
81322;202100052378;108 090;B01;1;1;0;2;1;7;0;
81323;202100052379;108 087;B01;1;7;8;2;1;1;1;
81324;202100052379;108 088;A01;3;7;0;2;1;1;1;
81325;202100052380;108 085;B01;2;7;0;2;3;1;0;
81326;202100052380;108 086;A01;1;7;0;2;1;1;1;
81327;202100052381;108 083;A01;3;7;0;2;2;9;1;
81328;202100052381;108 084;B01;3;7;0;2;6;2;1;
81329;202100052382;108 081;A01;3;7;0;2;3;9;1;
81330;202100052382;108 082;B01;2;14;0;2;5;1;1;
81331;202100052383;108 078;C01;3;7;0;2;4;2;0;
81332;202100052383;108 079;B01;3;7;0;2;4;2;0;
81333;202100052383;108 080;A01;3;7;0;2;2;2;0;
81334;202100052385;108 074;A01;2;7;0;1;2;15;1;
81335;202100052386;108 071;A01;1;7;0;2;3;13;1;
81336;202100052386;108 072;B01;1;7;0;2;8;1;1;
81337;202100052386;108 073;C01;1;7;1;2;6;0;1;
81338;202100052387;108 070;Z01;1;30;1;1;0;21;0;
81339;202100052388;108 069;A01;1;7;0;1;2;19;1;
81340;202100052389;108 067;A01;2;7;0;2;1;2;1;
81341;202100052389;108 068;B01;1;7;0;2;4;2;2;
81342;202100052390;108 065;A01;3;50;0;2;8;26;3;
81343;202100052390;108 066;B01;3;7;0;9;8;1;1;
81344;202100052391;108 063;B01;3;7;0;2;1;2;1;
81345;202100052391;108 064;A01;3;10;0;2;1;15;1;
81346;202100052392;108 060;A01;1;7;0;2;1;1;1;
81347;202100052392;108 061;B01;1;7;0;2;4;1;1;
81348;202100052392;108 062;C01;1;7;0;2;4;1;1;
81349;202100052393;108 058;B01;2;1;0;2;8;19;5;
81350;202100052393;108 059;A01;1;7;0;2;1;1;2;
81351;202100052394;108 056;A01;3;7;0;2;2;26;1;
81352;202100052394;108 057;B01;2;1;0;2;1;5;0;
81353;202100052396;108 052;A01;1;7;0;2;2;15;1;
81354;202100052396;108 053;B01;1;34;0;2;1;18;1;
81355;202100052397;108 051;A01;3;10;0;1;4;4;1;
81356;202100052398;108 050;A01;2;7;0;1;1;1;1;
81357;202100052399;108 048;A01;0;7;0;2;3;20;1;
81358;202100052399;108 049;B01;0;50;0;2;5;1;3;
81359;202100052400;108 046;A01;0;7;0;2;1;1;1;
81360;202100052400;108 047;B01;0;7;0;2;4;1;1;
81361;202100052401;108 045;A01;1;7;1;0;2;9;1;
81362;202100052402;108 044;A01;0;7;0;1;1;1;1;
81363;202100052403;108 042;A01;1;30;0;2;1;2;1;
81364;202100052403;108 043;B01;1;7;0;2;4;23;1;
81365;202100052404;108 040;A01;0;7;0;2;3;15;1;
81366;202100052404;108 041;Z01;0;7;0;2;2;1;1;
81367;202100052406;108 037;A01;2;99;6;0;9;1;1;
81368;202100052407;108 035;B01;1;7;0;2;3;19;1;
81369;202100052407;108 036;A01;1;7;0;2;1;19;1;
81370;202100052408;108 033;B01;3;30;0;2;1;1;1;
81371;202100052408;108 034;A01;3;7;0;2;6;19;1;
81372;202100052409;108 031;B01;1;1;0;2;1;15;5;
81373;202100052409;108 032;Z01;1;7;0;2;2;26;1;
81374;202100052410;108 030;A01;1;7;0;1;1;26;1;
81375;202100052413;108 025;A01;1;30;0;1;2;1;1;
81376;202100052414;108 023;B01;2;7;0;2;7;1;1;
81377;202100052414;108 024;A01;2;7;0;2;8;9;1;
81378;202100052415;108 020;B01;1;7;0;2;4;2;1;
81379;202100052415;108 021;C01;1;7;0;2;4;2;1;
81380;202100052415;108 022;A01;1;7;0;2;1;2;1;
81381;202100052416;108 018;B01;2;50;0;2;2;1;3;
81382;202100052416;108 019;A01;2;7;0;2;3;1;1;
81383;202100052417;108 017;A01;1;1;0;1;1;1;5;
81384;202100052418;108 016;A01;1;7;0;1;2;1;1;
81385;202100052419;108 013;C01;2;10;0;2;1;5;1;
81386;202100052419;108 014;B01;1;7;0;2;6;2;1;
81387;202100052419;108 015;A01;1;30;0;2;1;26;1;
81388;202100052420;108 011;A01;1;7;0;2;1;1;1;
81389;202100052420;108 012;B01;3;1;0;2;8;19;5;
81390;202100052421;108 010;A01;2;7;13;0;2;14;1;
81391;202100052422;108 009;A01;0;2;0;1;7;1;1;
81392;202100052423;108 007;B01;1;7;0;9;8;16;1;
81393;202100052423;108 008;A01;1;50;0;2;1;25;3;
81394;202100052424;108 005;Z01;2;7;0;9;0;1;0;
81395;202100052424;108 006;B01;2;1;0;2;4;1;5;
81396;202100052425;108 004;A01;1;7;0;1;8;1;1;
81397;202100052426;108 002;B01;1;50;0;2;1;26;3;
81398;202100052426;108 003;A01;1;7;0;9;1;15;1;
81399;202100052427;108 001;A01;2;33;0;0;7;16;1;
81400;202100052429;107 997;B01;2;7;0;2;2;23;1;
81401;202100052429;107 998;A01;2;30;0;2;1;18;1;
81402;202100052430;107 995;A01;1;2;0;2;1;15;1;
81403;202100052430;107 996;B01;2;7;0;2;3;1;2;
81404;202100052431;107 993;B01;3;33;0;2;1;1;1;
81405;202100052431;107 994;A01;3;10;0;2;4;4;1;
81406;202100052432;107 992;A01;1;7;0;1;1;1;1;
81407;202100052433;107 990;B01;1;34;0;2;1;1;1;
81408;202100052433;107 991;A01;1;7;0;2;2;15;1;
81409;202100052435;107 987;A01;3;7;8;0;3;0;1;
81410;202100052436;107 986;A01;3;99;0;1;5;1;1;
81411;202100052437;107 983;A01;3;7;0;2;2;15;1;
81412;202100052437;107 984;C01;2;7;0;2;8;1;1;
81413;202100052437;107 985;B01;1;7;0;2;3;1;1;
81414;202100052438;107 981;B01;3;33;0;2;1;1;1;
81415;202100052438;107 982;A01;1;10;0;2;3;15;1;
81416;202100052439;107 979;A01;1;33;0;2;1;17;1;
81417;202100052439;107 980;B01;2;31;0;2;3;9;1;
81418;202100052440;107 977;B01;1;7;0;1;1;1;1;
81419;202100052440;107 978;A01;1;7;0;1;1;1;1;
81420;202100052442;107 972;A01;1;7;0;2;1;1;1;
81421;202100052442;107 973;B01;1;7;0;2;6;1;1;
81422;202100052443;107 971;A01;1;33;0;0;8;1;1;
81423;202100052444;107 970;A01;2;7;0;1;2;1;1;
81424;202100052445;107 968;B01;2;34;0;2;1;1;1;
81425;202100052445;107 969;A01;0;10;0;2;2;15;1;
81426;202100052446;107 966;B01;2;7;0;2;1;1;1;
81427;202100052446;107 967;A01;1;7;0;2;1;17;1;
81428;202100052447;107 964;B01;1;7;0;2;7;26;1;
81429;202100052447;107 965;A01;1;7;0;2;1;26;1;
81430;202100052449;107 960;B01;3;1;0;2;5;9;5;
81431;202100052449;107 961;A01;3;7;0;9;5;9;0;
81432;202100052450;107 959;A01;2;2;0;0;7;23;1;
81433;202100052451;107 958;A01;0;7;10;0;3;1;1;
81434;202100052452;107 956;A01;3;10;0;2;3;15;1;
81435;202100052452;107 957;B01;3;33;0;2;1;17;1;
81436;202100052453;107 954;B01;1;7;0;2;4;23;1;
81437;202100052453;107 955;A01;1;10;0;2;1;1;1;
81438;202100052454;107 953;A01;1;33;0;1;1;17;1;
81439;202100052455;107 951;A01;2;7;0;2;7;16;1;
81440;202100052455;107 952;B01;2;32;0;2;1;1;1;
81441;202100052456;107 950;A01;1;7;8;0;1;21;1;
81442;202100052457;107 948;A01;1;7;0;2;2;15;1;
81443;202100052457;107 949;B01;1;31;0;2;1;1;1;
81444;202100052458;107 947;A01;1;7;0;1;1;1;1;
81445;202100052459;107 945;A01;2;30;0;2;1;1;1;
81446;202100052459;107 946;B01;2;30;0;2;8;1;3;
81447;202100052460;107 944;A01;1;7;0;1;1;1;1;
81448;202100052461;107 942;B01;3;33;0;2;3;1;1;
81449;202100052461;107 943;A01;3;7;0;2;7;15;1;
81450;202100052462;107 940;A01;1;31;0;2;1;1;3;
81451;202100052462;107 941;B01;1;1;0;2;7;15;5;
81452;202100052463;107 938;B01;2;1;0;2;7;10;5;
81453;202100052463;107 939;Z01;0;30;0;2;0;0;0;
81454;202100052464;107 936;A01;3;7;0;2;2;1;1;
81455;202100052464;107 937;B01;3;7;0;2;1;1;1;
81456;202100052465;107 934;A01;3;7;0;2;3;1;1;
81457;202100052465;107 935;B01;0;50;0;2;0;19;3;
81458;202100052466;107 932;B01;2;2;0;2;2;2;1;
81459;202100052466;107 933;A01;2;10;0;2;6;18;1;
81460;202100052467;107 930;A01;2;10;0;2;2;12;1;
81461;202100052467;107 931;B01;2;1;0;2;4;1;0;
81462;202100052468;107 928;A01;1;7;0;2;7;12;1;
81463;202100052468;107 929;B01;1;1;0;2;8;26;5;
81464;202100052469;107 927;A01;1;37;0;1;7;26;0;1.0
81465;202100052470;107 926;A01;1;7;0;1;3;15;2;
81466;202100052471;107 924;B01;1;1;0;2;0;0;0;
81467;202100052471;107 925;A01;3;7;0;9;5;12;0;
81468;202100052472;107 922;B01;2;32;0;2;8;18;1;
81469;202100052472;107 923;A01;1;7;0;2;7;19;1;
81470;202100052473;107 920;A01;1;7;0;9;1;1;1;
81471;202100052473;107 921;B01;2;1;0;2;1;1;0;
81472;202100052474;107 919;A01;2;3;0;1;1;1;1;
81473;202100052475;107 918;A01;2;7;0;1;2;1;1;
81474;202100052476;107 917;A01;2;10;0;1;7;1;1;
81475;202100052477;107 915;B01;3;7;0;2;4;1;2;
81476;202100052477;107 916;A01;3;7;0;2;1;2;1;
81477;202100052478;107 914;A01;1;7;0;1;1;16;1;
81478;202100052480;107 912;A01;2;7;15;0;1;14;1;
81479;202100052481;107 910;A01;1;7;0;2;7;15;1;
81480;202100052481;107 911;B01;2;7;0;2;2;1;1;
81481;202100052482;107 909;A01;2;7;13;0;1;15;1;
81482;202100052483;107 907;A01;3;7;0;2;3;1;1;
81483;202100052483;107 908;B01;3;7;0;2;3;1;1;
81484;202100052484;107 906;A01;1;7;15;0;1;1;1;
81485;202100052485;107 905;A01;1;7;0;0;0;2;1;
81486;202100052486;107 903;B01;2;7;0;2;1;1;1;
81487;202100052486;107 904;A01;1;7;0;2;1;3;1;
81488;202100052487;107 902;A01;1;7;0;1;2;1;1;
81489;202100052488;107 901;A01;1;7;4;0;3;2;1;
81490;202100052489;107 900;A01;1;7;2;0;8;12;0;
81491;202100052490;107 899;A01;3;7;0;1;2;11;1;
81492;202100052492;107 895;A01;2;10;0;2;3;13;1;
81493;202100052492;107 896;B01;1;7;0;2;1;1;1;
81494;202100052493;107 893;A01;2;7;0;2;3;15;0;
81495;202100052493;107 894;B01;1;7;0;2;2;1;0;
81496;202100052495;107 889;A01;2;7;0;2;1;5;1;
81497;202100052495;107 890;B01;1;7;0;2;1;1;1;
81498;202100052496;107 887;B01;1;7;0;2;1;9;1;
81499;202100052496;107 888;A01;2;7;3;2;3;1;1;
81500;202100052497;107 886;A01;2;7;0;0;2;1;1;
81501;202100052498;107 884;B01;0;10;0;2;1;1;1;
81502;202100052498;107 885;A01;0;7;0;2;1;13;1;
81503;202100052499;107 882;A01;1;50;0;2;1;5;3;
81504;202100052499;107 883;B01;2;7;0;2;1;1;1;
81505;202100052500;107 880;A01;2;10;0;2;1;2;1;
81506;202100052500;107 881;B01;2;7;0;0;4;2;1;
81507;202100052501;107 878;B01;3;32;0;2;4;2;1;
81508;202100052501;107 879;A01;3;7;0;9;1;2;1;
81509;202100052502;107 876;B01;1;7;0;2;3;1;1;
81510;202100052502;107 877;A01;2;7;0;2;3;1;1;
81511;202100052503;107 874;B01;2;7;0;2;5;1;1;
81512;202100052503;107 875;A01;1;7;2;2;3;1;1;
81513;202100052504;107 872;A01;3;10;0;2;3;9;0;
81514;202100052504;107 873;B01;0;33;0;2;1;1;1;
81515;202100052506;107 867;A01;1;7;8;0;2;1;1;
81516;202100052507;107 865;A01;1;33;0;2;1;17;1;
81517;202100052507;107 866;B01;1;7;0;2;3;15;1;
81518;202100052508;107 864;A01;2;7;6;0;1;16;1;
81519;202100052509;107 862;A01;2;7;0;2;6;26;3;
81520;202100052509;107 863;B01;2;7;0;2;2;2;1;
81521;202100052511;107 856;A01;2;7;0;2;6;11;1;
81522;202100052511;107 857;B01;2;32;0;2;2;3;1;
81523;202100052512;107 854;B01;2;7;0;2;8;1;1;
81524;202100052512;107 855;Z01;1;7;0;2;8;15;1;
81525;202100052513;107 852;A01;2;7;0;2;8;15;1;
81526;202100052513;107 853;B01;1;2;0;2;3;1;1;
81527;202100052514;107 850;B01;1;32;0;2;1;1;1;
81528;202100052514;107 851;A01;2;1;0;2;1;1;5;
81529;202100052515;107 849;A01;2;7;0;0;1;14;1;
81530;202100052516;107 848;A01;1;31;0;1;0;1;1;
81531;202100052517;107 846;A01;1;7;0;2;2;12;1;
81532;202100052517;107 847;B01;1;33;0;2;3;3;1;
81533;202100052518;107 844;B01;1;1;0;2;1;13;5;
81534;202100052518;107 845;A01;1;7;0;2;2;15;1;
81535;202100052519;107 843;A01;1;7;0;1;3;1;1;
81536;202100052520;107 842;A01;1;1;0;1;1;18;5;
81537;202100052521;107 840;B01;3;37;0;2;7;1;1;1.0
81538;202100052521;107 841;A01;3;7;0;2;1;9;1;
81539;202100052522;107 838;A01;1;7;0;2;5;0;1;
81540;202100052522;107 839;B01;1;2;0;2;8;13;1;