;Num_Acc;id_vehicule;num_veh;senc;catv;obs;obsm;choc;manv;motor;occutc
81541;202100052523;107 837;A01;2;7;0;1;2;1;1;
81542;202100052524;107 835;B01;0;50;0;2;1;15;3;
81543;202100052524;107 836;A01;0;7;0;2;0;17;1;
81544;202100052526;107 830;A01;2;10;0;1;2;1;1;
81545;202100052527;107 825;B01;2;7;0;2;5;0;1;
81546;202100052527;107 826;A01;2;7;0;2;3;0;1;
81547;202100052529;107 822;B01;1;30;0;2;1;1;1;
81548;202100052529;107 823;A01;2;7;0;2;2;15;1;
81549;202100052530;107 821;A01;1;7;13;0;1;14;1;
81550;202100052531;107 819;A01;1;3;0;2;1;1;1;
81551;202100052531;107 820;B01;2;7;0;2;3;1;1;
81552;202100052532;107 818;A01;0;7;0;0;1;1;1;
81553;202100052533;107 816;B01;2;7;8;2;8;1;1;
81554;202100052533;107 817;A01;2;7;8;2;1;1;1;
81555;202100052535;107 813;A01;3;10;0;1;1;26;1;
81556;202100052536;107 812;A01;1;7;0;1;3;1;1;
81557;202100052537;107 810;A01;2;7;0;2;1;13;1;
81558;202100052537;107 811;B01;1;7;0;2;1;1;1;
81559;202100052538;107 808;A01;1;7;0;2;1;15;2;
81560;202100052538;107 809;B01;1;2;0;2;7;0;1;
81561;202100052540;107 804;A01;3;7;0;9;1;16;1;
81562;202100052540;107 805;B01;3;1;0;2;7;1;5;
81563;202100052541;107 803;A01;2;7;15;0;1;1;1;
81564;202100052542;107 801;A01;1;7;0;2;2;10;1;
81565;202100052542;107 802;B01;2;33;0;2;1;1;1;
81566;202100052543;107 800;A01;1;80;0;0;0;0;3;
81567;202100052544;107 798;A01;3;7;0;2;3;9;1;
81568;202100052544;107 799;B01;3;1;0;2;7;0;5;
81569;202100052546;107 795;A01;3;7;0;2;1;15;1;
81570;202100052546;107 796;B01;1;80;0;2;8;1;3;
81571;202100052547;107 792;A01;1;15;0;2;1;2;1;
81572;202100052547;107 793;B01;1;7;0;2;4;1;1;
81573;202100052547;107 794;C01;1;15;0;2;4;1;1;
81574;202100052548;107 790;B01;2;7;0;0;4;2;1;
81575;202100052548;107 791;A01;2;7;0;2;1;2;1;
81576;202100052549;107 788;B01;2;7;0;0;0;0;1;
81577;202100052549;107 789;A01;1;1;0;2;0;13;0;
81578;202100052550;107 787;A01;2;7;0;1;3;9;1;
81579;202100052551;107 786;A01;1;7;3;0;2;1;1;
81580;202100052552;107 784;B01;1;7;0;2;2;16;1;
81581;202100052552;107 785;A01;1;30;0;2;1;18;1;
81582;202100052553;107 783;A01;1;15;0;1;0;26;1;
81583;202100052554;107 781;A01;2;10;0;2;8;13;1;
81584;202100052554;107 782;B01;2;33;0;2;7;1;1;
81585;202100052555;107 779;B01;3;7;0;2;7;1;1;
81586;202100052555;107 780;A01;3;7;0;2;1;9;1;
81587;202100052557;107 776;B01;2;7;0;2;6;15;1;
81588;202100052557;107 777;A01;2;30;0;2;1;17;1;
81589;202100052558;107 774;A01;1;32;0;2;1;1;1;
81590;202100052558;107 775;B01;1;7;0;2;2;10;1;
81591;202100052559;107 773;Z01;1;7;0;1;1;2;1;
81592;202100052560;107 771;B01;2;7;0;2;1;1;1;
81593;202100052560;107 772;A01;1;30;0;2;7;1;1;
81594;202100052561;107 769;A01;3;10;0;2;1;2;1;
81595;202100052561;107 770;B01;3;7;0;2;4;23;1;
81596;202100052562;107 767;B01;1;7;0;2;1;9;1;
81597;202100052562;107 768;A01;2;33;0;2;1;8;1;
81598;202100052563;107 765;B01;2;7;0;2;7;20;1;
81599;202100052563;107 766;A01;2;30;1;2;1;1;1;
81600;202100052564;107 763;A01;2;33;0;2;1;17;1;
81601;202100052564;107 764;B01;2;10;0;2;3;15;1;
81602;202100052565;107 762;A01;1;10;0;1;5;1;1;
81603;202100052566;107 760;B01;3;37;0;2;5;21;2;1.0
81604;202100052566;107 761;A01;3;7;0;2;8;22;1;
81605;202100052567;107 759;A01;1;33;0;1;1;1;1;
81606;202100052568;107 758;A01;1;7;0;1;2;1;1;
81607;202100052570;107 755;B01;1;1;0;2;1;13;5;
81608;202100052570;107 756;A01;2;2;0;2;1;1;1;
81609;202100052571;107 754;A01;2;1;0;1;7;1;5;
81610;202100052572;107 752;B01;0;30;0;2;1;3;1;
81611;202100052572;107 753;A01;3;32;0;2;8;11;1;
81612;202100052574;107 748;A01;2;33;0;2;6;1;1;
81613;202100052574;107 749;B01;2;1;0;2;6;15;5;
81614;202100052575;107 746;A01;1;30;0;2;3;13;1;
81615;202100052575;107 747;B01;1;33;0;2;2;1;1;
81616;202100052576;107 745;A01;2;1;0;1;2;1;5;
81617;202100052577;107 744;A01;1;2;14;0;7;1;1;
81618;202100052578;107 743;A01;2;30;0;0;7;1;1;
81619;202100052579;107 741;A01;1;7;0;2;2;16;1;
81620;202100052579;107 742;B01;1;1;0;2;1;1;5;
81621;202100052580;107 739;B01;2;7;0;1;1;1;1;
81622;202100052580;107 740;A01;2;2;0;1;0;0;0;
81623;202100052582;107 736;B01;3;7;0;2;8;15;1;
81624;202100052582;107 737;A01;3;31;0;2;7;15;1;
81625;202100052583;107 735;B01;1;7;1;2;2;1;1;
81626;202100052584;107 733;B01;1;7;0;2;3;15;1;
81627;202100052584;107 734;A01;1;2;0;2;1;17;1;
81628;202100052585;107 731;A01;2;7;15;0;2;13;1;
81629;202100052585;107 732;B01;2;1;0;0;0;0;5;
81630;202100052586;107 730;A01;3;33;3;0;1;17;1;
81631;202100052587;107 728;B01;2;7;15;0;4;2;1;
81632;202100052587;107 729;A01;2;7;15;0;1;2;1;
81633;202100052588;107 725;C01;2;50;0;2;9;16;3;
81634;202100052588;107 726;A01;1;10;0;2;3;9;1;
81635;202100052588;107 727;B01;2;7;0;2;6;2;1;
81636;202100052589;107 723;B01;3;7;0;0;8;15;1;
81637;202100052589;107 724;A01;3;7;0;2;1;1;1;
81638;202100052590;107 721;A01;0;7;0;0;0;0;1;
81639;202100052590;107 722;B01;0;20;0;0;0;0;0;
81640;202100052591;107 719;B01;-1;7;0;2;5;15;1;
81641;202100052591;107 720;A01;-1;7;0;2;7;1;2;
81642;202100052592;107 717;A01;2;7;0;2;1;2;1;
81643;202100052592;107 718;B01;2;7;0;2;4;2;1;
81644;202100052593;107 715;B01;-1;10;0;2;3;10;1;
81645;202100052593;107 716;A01;-1;7;0;2;2;1;1;
81646;202100052594;107 713;A01;0;7;0;2;2;16;1;
81647;202100052594;107 714;MB01;3;7;0;2;3;0;0;
81648;202100052595;107 711;A01;1;7;0;2;3;15;1;
81649;202100052595;107 712;B01;1;32;0;2;1;1;1;
81650;202100052596;107 709;B01;2;7;0;2;6;15;1;
81651;202100052596;107 710;A01;2;2;0;2;2;0;1;
81652;202100052597;107 707;A01;3;7;0;2;1;15;1;
81653;202100052597;107 708;B01;3;32;0;2;1;1;1;
81654;202100052598;107 705;B01;3;10;0;2;2;10;1;
81655;202100052598;107 706;A01;3;31;0;2;1;1;1;
81656;202100052599;107 703;B01;1;33;0;2;1;1;1;
81657;202100052599;107 704;A01;3;21;0;2;4;19;1;
81658;202100052600;107 701;B01;1;7;6;2;7;1;1;
81659;202100052600;107 702;A01;1;7;6;2;1;19;1;
81660;202100052601;107 700;A01;2;7;0;1;2;1;1;
81661;202100052602;107 698;A01;1;17;0;0;6;24;1;
81662;202100052602;107 699;B01;1;17;1;0;2;26;1;
81663;202100052603;107 696;B01;2;7;0;0;1;1;1;
81664;202100052603;107 697;A01;1;7;4;0;1;1;1;
81665;202100052604;107 694;B01;2;33;0;2;1;1;1;
81666;202100052604;107 695;A01;1;21;0;2;7;15;1;
81667;202100052605;107 692;A01;1;1;0;2;1;1;5;
81668;202100052605;107 693;B01;2;10;0;9;8;1;1;
81669;202100052607;107 685;A01;3;31;8;0;1;1;1;
81670;202100052608;107 683;A01;1;3;0;2;7;2;3;
81671;202100052608;107 684;B01;1;1;0;2;8;2;5;
81672;202100052609;107 682;A01;2;7;2;0;1;14;1;
81673;202100052610;107 680;B01;1;2;0;2;4;1;1;
81674;202100052610;107 681;A01;1;7;0;2;1;1;1;
81675;202100052611;107 678;A01;2;10;0;2;8;15;1;
81676;202100052611;107 679;B01;1;2;0;2;1;1;1;
81677;202100052612;107 677;A01;1;7;2;6;1;1;1;
81678;202100052613;107 676;A01;2;7;13;0;2;1;1;
81679;202100052614;107 675;A01;1;7;0;1;3;1;1;
81680;202100052615;107 674;A01;2;7;12;0;2;1;0;
81681;202100052616;107 673;A01;3;7;0;1;7;2;0;
81682;202100052617;107 672;A01;1;7;6;0;2;14;1;
81683;202100052618;107 670;A01;2;7;0;2;8;15;1;
81684;202100052618;107 671;B01;1;1;0;2;1;1;5;
81685;202100052619;107 668;A01;2;7;0;2;1;1;1;
81686;202100052619;107 669;B01;2;1;0;0;4;1;5;
81687;202100052620;107 666;A01;1;10;0;0;3;17;1;
81688;202100052620;107 667;B01;2;7;0;0;3;14;1;
81689;202100052621;107 665;A01;1;33;13;0;7;13;1;
81690;202100052622;107 661;A01;2;1;0;2;8;9;5;
81691;202100052622;107 662;B01;2;7;0;2;2;1;1;
81692;202100052623;107 659;B01;1;7;0;0;5;1;1;
81693;202100052623;107 660;A01;1;7;9;2;1;12;1;
81694;202100052624;107 658;A01;1;7;3;0;3;17;1;
81695;202100052625;107 657;A01;3;20;0;0;0;0;6;
81696;202100052626;107 656;A01;2;7;16;0;2;1;1;
81697;202100052627;107 655;A01;1;7;0;1;1;1;1;
81698;202100052628;107 654;A01;3;7;6;0;1;16;1;
81699;202100052629;107 653;A01;2;7;0;1;1;1;1;
81700;202100052630;107 652;A01;1;31;8;0;0;1;1;
81701;202100052631;107 649;A01;2;32;0;2;8;2;1;
81702;202100052631;107 650;C01;1;7;0;2;1;2;0;
81703;202100052631;107 651;B01;2;7;0;0;8;2;2;
81704;202100052632;107 648;A01;3;7;13;0;1;1;1;
81705;202100052633;107 646;B01;0;10;0;2;2;1;1;
81706;202100052633;107 647;A01;0;14;0;2;1;1;1;
81707;202100052634;107 644;A01;2;1;0;2;1;1;5;
81708;202100052634;107 645;B01;2;10;0;0;7;1;1;
81709;202100052635;107 642;B01;2;7;0;2;4;2;1;
81710;202100052635;107 643;A01;2;7;0;2;1;1;1;
81711;202100052636;107 640;B01;1;7;0;2;1;9;1;
81712;202100052636;107 641;A01;1;7;0;2;4;9;1;
81713;202100052637;107 638;A01;2;7;0;2;1;26;1;
81714;202100052637;107 639;B01;2;7;0;0;4;2;1;
81715;202100052638;107 636;A01;1;17;0;2;1;12;1;
81716;202100052638;107 637;B01;1;7;0;2;6;1;1;
81717;202100052639;107 634;B01;2;7;0;2;4;23;1;
81718;202100052639;107 635;A01;2;7;0;2;1;1;1;
81719;202100052642;107 629;B01;1;7;0;2;6;11;1;
81720;202100052642;107 630;A01;1;33;0;2;2;3;1;
81721;202100052643;107 628;A01;2;7;4;0;1;1;1;
81722;202100052644;107 625;B01;2;10;0;2;4;1;1;
81723;202100052644;107 626;C01;2;10;0;2;4;1;1;
81724;202100052644;107 627;A01;2;7;0;2;1;21;1;
81725;202100052646;107 622;A01;1;7;14;0;1;15;1;
81726;202100052647;107 620;B01;1;7;0;0;4;2;1;
81727;202100052647;107 621;A01;1;7;0;2;1;2;2;
81728;202100052648;107 618;B01;2;7;0;2;1;1;1;
81729;202100052648;107 619;A01;1;30;0;2;1;21;1;
81730;202100052649;107 616;B01;1;7;0;2;3;1;1;
81731;202100052649;107 617;A01;2;33;0;2;1;1;0;
81732;202100052650;107 614;B01;3;50;0;2;1;25;3;
81733;202100052650;107 615;Z01;3;7;0;2;1;26;1;
81734;202100052651;107 612;B01;2;32;0;2;7;1;1;
81735;202100052651;107 613;A01;1;7;0;2;3;10;0;
81736;202100052652;107 610;A01;3;3;0;2;1;13;1;
81737;202100052652;107 611;B01;3;37;0;2;3;1;1;1.0
81738;202100052653;107 608;B01;3;1;0;2;4;1;5;
81739;202100052653;107 609;A01;3;7;0;2;1;9;0;
81740;202100052654;107 606;B01;1;31;0;2;1;15;0;
81741;202100052654;107 607;A01;1;7;0;2;6;11;1;
81742;202100052655;107 605;A01;2;7;0;1;3;1;1;
81743;202100052656;107 604;A01;3;37;0;1;2;16;1;1.0
81744;202100052657;107 601;C01;2;7;0;2;1;1;1;
81745;202100052657;107 602;A01;1;7;0;2;1;1;1;
81746;202100052657;107 603;B01;2;7;0;2;1;1;1;
81747;202100052658;107 599;A01;0;7;0;2;1;1;1;
81748;202100052658;107 600;B01;0;7;0;2;6;23;1;
81749;202100052659;107 597;B01;2;7;0;2;3;1;0;
81750;202100052659;107 598;A01;1;30;0;2;1;1;0;
81751;202100052660;107 595;A01;3;7;0;2;8;9;1;
81752;202100052660;107 596;B01;1;43;0;2;1;1;1;
81753;202100052661;107 594;A01;1;7;8;0;1;14;1;
81754;202100052662;107 593;A01;1;7;0;1;1;1;1;
81755;202100052664;107 590;A01;2;1;15;0;3;21;5;
81756;202100052665;107 588;B01;3;31;0;2;7;1;1;
81757;202100052665;107 589;A01;3;10;0;2;1;9;1;
81758;202100052666;107 586;B01;1;7;0;2;8;19;1;
81759;202100052666;107 587;A01;2;30;0;2;1;1;1;
81760;202100052667;107 584;A01;1;30;0;2;1;26;1;
81761;202100052667;107 585;B01;1;7;0;0;4;2;0;
81762;202100052668;107 583;A01;2;1;0;0;0;26;5;
81763;202100052669;107 582;A01;1;10;8;0;1;13;1;
81764;202100052670;107 580;B01;0;7;0;2;3;23;1;
81765;202100052670;107 581;A01;0;1;0;2;1;16;5;
81766;202100052671;107 579;A01;1;10;0;1;4;4;1;
81767;202100052672;107 578;A01;3;50;0;0;0;0;3;
81768;202100052673;107 577;A01;3;10;0;1;7;16;1;
81769;202100052674;107 576;A01;2;7;2;0;1;14;1;
81770;202100052675;107 574;Z01;1;7;0;0;1;1;-1;
81771;202100052675;107 575;A01;3;1;0;2;1;1;5;
81772;202100052676;107 572;B01;1;1;0;2;1;1;5;
81773;202100052676;107 573;A01;2;7;0;2;8;1;1;
81774;202100052677;107 570;A01;1;7;6;2;1;1;1;
81775;202100052677;107 571;B01;2;7;0;2;5;1;2;
81776;202100052679;107 567;A01;1;7;0;2;3;17;1;
81777;202100052679;107 568;B01;2;31;0;2;1;1;1;
81778;202100052680;107 565;B01;1;7;0;1;1;1;1;
81779;202100052680;107 566;A01;2;7;0;2;1;1;1;
81780;202100052681;107 564;A01;0;1;6;0;1;17;5;
81781;202100052682;107 562;A01;3;33;0;2;1;17;1;
81782;202100052682;107 563;B01;3;7;0;2;8;15;1;
81783;202100052683;107 561;A01;2;33;0;1;1;1;1;
81784;202100052684;107 559;A01;2;10;0;2;2;15;1;
81785;202100052684;107 560;B01;1;7;0;2;1;1;1;
81786;202100052685;107 557;A01;1;7;0;2;2;12;1;
81787;202100052685;107 558;B01;1;31;0;2;3;1;1;
81788;202100052686;107 555;B01;2;7;0;2;4;2;1;
81789;202100052686;107 556;A01;2;7;0;2;1;2;1;
81790;202100052687;107 553;B01;2;32;0;2;2;3;1;
81791;202100052687;107 554;A01;2;7;0;2;8;11;1;
81792;202100052688;107 551;A01;1;10;0;2;1;1;1;
81793;202100052688;107 552;B01;1;30;0;2;8;1;1;
81794;202100052689;107 549;A01;1;7;0;2;5;10;1;
81795;202100052689;107 550;B01;2;30;0;2;1;1;1;
81796;202100052691;107 543;A01;1;33;0;2;7;5;1;
81797;202100052691;107 544;B01;1;7;0;2;3;15;1;
81798;202100052692;107 541;A01;1;7;0;2;1;1;1;
81799;202100052692;107 542;B01;1;1;0;2;7;1;5;
81800;202100052693;107 539;B01;1;7;0;2;5;23;1;
81801;202100052693;107 540;A01;1;30;0;2;1;2;1;
81802;202100052694;107 538;A01;1;10;0;1;2;15;1;
81803;202100052695;107 537;Z01;1;10;0;1;0;1;0;
81804;202100052696;107 535;A01;2;1;0;2;1;1;5;
81805;202100052696;107 536;B01;3;7;0;9;3;1;1;
81806;202100052697;107 534;A01;2;7;0;1;0;1;2;
81807;202100052698;107 533;A01;3;7;0;1;3;1;1;
81808;202100052699;107 531;A01;3;7;0;2;4;9;1;
81809;202100052699;107 532;B01;3;7;0;2;1;0;1;
81810;202100052700;107 529;B01;3;7;0;2;3;23;1;
81811;202100052700;107 530;A01;2;7;0;2;2;1;1;
81812;202100052701;107 527;B01;0;10;0;2;3;13;1;
81813;202100052701;107 528;A01;0;37;0;2;1;26;1;1.0
81814;202100052702;107 526;A01;1;7;0;1;1;0;1;
81815;202100052703;107 525;A01;1;7;0;1;2;1;1;
81816;202100052704;107 523;A01;1;7;0;2;2;10;1;
81817;202100052704;107 524;B01;2;34;0;2;3;1;1;
81818;202100052705;107 521;B01;2;7;0;2;3;2;1;
81819;202100052705;107 522;A01;2;33;0;2;4;23;1;
81820;202100052706;107 520;A01;1;7;0;1;3;15;1;
81821;202100052707;107 518;B01;3;50;0;2;1;1;3;
81822;202100052707;107 519;A01;1;7;0;2;2;15;2;
81823;202100052708;107 517;A01;1;7;0;1;1;1;2;
81824;202100052709;107 516;A01;3;7;0;1;5;1;1;
81825;202100052710;107 514;A01;1;7;0;2;4;2;0;
81826;202100052710;107 515;B01;1;30;0;2;4;1;1;
81827;202100052711;107 512;B01;1;34;0;2;1;1;1;
81828;202100052711;107 513;A01;1;7;0;2;1;1;1;
81829;202100052712;107 511;A01;1;14;0;0;8;14;1;
81830;202100052713;107 509;A01;2;10;0;2;2;1;1;
81831;202100052713;107 510;B01;2;7;3;0;6;11;1;
81832;202100052714;107 507;A01;0;7;13;2;3;13;1;
81833;202100052714;107 508;B01;0;7;0;2;8;1;1;
81834;202100052717;107 504;A01;2;7;0;0;1;2;1;
81835;202100052718;107 501;A01;2;7;0;9;3;17;1;
81836;202100052718;107 502;B01;1;1;0;2;1;1;5;
81837;202100052718;107 503;C01;1;1;0;2;1;1;5;
81838;202100052719;107 499;A01;1;10;0;2;2;15;1;
81839;202100052719;107 500;B01;2;7;6;2;1;1;1;
81840;202100052720;107 498;A01;2;7;2;0;9;1;1;
81841;202100052721;107 496;A01;2;7;13;0;1;1;1;
81842;202100052722;107 494;A01;2;2;0;2;1;1;1;
81843;202100052722;107 495;B01;2;7;0;2;3;15;1;
81844;202100052723;107 492;B01;1;33;7;2;4;2;1;
81845;202100052723;107 493;A01;1;10;0;2;7;15;1;
81846;202100052724;107 491;A01;1;7;0;1;2;1;1;
81847;202100052725;107 490;A01;1;33;13;0;0;2;1;
81848;202100052726;107 488;B01;1;38;0;2;3;1;1;1.0
81849;202100052726;107 489;A01;2;7;0;2;3;9;1;
81850;202100052727;107 486;A01;2;7;0;2;3;0;1;
81851;202100052727;107 487;B01;1;7;0;2;3;1;1;
81852;202100052728;107 484;A01;1;7;0;2;1;1;1;
81853;202100052728;107 485;B01;2;7;0;2;1;5;1;
81854;202100052729;107 483;A01;2;15;16;0;1;1;1;
81855;202100052730;107 480;A01;1;7;0;2;1;2;1;
81856;202100052730;107 481;C01;1;7;0;0;4;1;1;
81857;202100052730;107 482;B01;1;7;0;2;4;2;1;
81858;202100052731;107 478;A01;1;7;0;2;1;13;1;
81859;202100052731;107 479;B01;2;17;0;2;2;1;1;
81860;202100052732;107 477;A01;2;7;2;9;1;14;0;
81861;202100052733;107 474;C01;1;7;0;1;1;1;1;
81862;202100052733;107 475;A01;2;7;0;2;1;2;1;
81863;202100052733;107 476;B01;2;7;0;0;4;1;1;
81864;202100052734;107 471;A01;2;7;0;2;1;5;1;
81865;202100052734;107 472;B01;1;7;0;2;1;2;1;
81866;202100052734;107 473;C01;1;7;0;2;2;21;1;
81867;202100052735;107 469;A01;3;7;1;0;1;1;1;
81868;202100052735;107 470;B01;0;7;0;0;7;24;1;
81869;202100052736;107 467;A01;3;7;0;2;3;1;1;
81870;202100052736;107 468;B01;3;7;8;2;3;1;1;
81871;202100052737;107 466;A01;1;7;0;1;2;1;1;
81872;202100052738;107 465;A01;0;10;15;1;4;26;1;
81873;202100052739;107 463;A01;1;17;0;2;2;12;1;
81874;202100052739;107 464;B01;1;10;0;2;3;1;0;
81875;202100052740;107 460;A01;2;7;0;2;4;9;1;
81876;202100052740;107 461;B01;2;17;0;2;3;1;1;
81877;202100052740;107 462;C01;2;7;0;2;7;1;1;
81878;202100052742;107 453;B01;1;31;0;2;1;1;1;
81879;202100052742;107 454;A01;3;7;0;2;3;15;1;
81880;202100052743;107 451;A01;1;7;0;2;1;1;1;
81881;202100052743;107 452;B01;2;7;0;2;1;1;1;
81882;202100052744;107 449;B01;2;50;0;2;7;1;3;
81883;202100052744;107 450;A01;2;7;0;2;1;1;1;
81884;202100052745;107 447;A01;2;7;0;2;5;22;1;
81885;202100052745;107 448;B01;2;80;1;0;1;18;3;
81886;202100052746;107 445;B01;1;7;0;2;6;15;1;
81887;202100052746;107 446;A01;1;7;0;2;1;2;1;
81888;202100052747;107 444;A01;1;7;0;1;1;1;1;
81889;202100052748;107 441;C01;2;7;0;2;3;1;1;
81890;202100052748;107 442;B01;2;7;0;2;3;1;1;
81891;202100052748;107 443;A01;2;7;0;2;3;0;1;
81892;202100052749;107 437;D01;1;7;0;2;1;1;1;
81893;202100052749;107 438;C01;1;7;0;2;1;1;1;
81894;202100052749;107 439;B01;2;10;0;2;1;1;1;
81895;202100052749;107 440;A01;2;7;0;2;1;13;1;
81896;202100052750;107 436;A01;2;7;6;0;1;1;1;
81897;202100052751;107 435;A01;1;7;0;0;1;14;1;
81898;202100052752;107 434;A01;1;7;0;1;2;15;1;
81899;202100052754;107 430;A01;3;7;0;2;1;13;1;
81900;202100052754;107 431;B01;3;10;0;2;1;1;1;
81901;202100052755;107 428;B01;3;7;0;2;0;0;1;
81902;202100052755;107 429;A01;3;30;0;2;0;0;1;
81903;202100052756;107 426;A01;0;7;0;2;3;9;1;
81904;202100052756;107 427;B01;0;7;0;2;2;1;1;
81905;202100052757;107 424;A01;0;7;0;2;1;1;1;
81906;202100052757;107 425;B01;0;7;0;2;4;1;1;
81907;202100052758;107 423;A01;2;10;0;1;1;1;1;
81908;202100052759;107 421;B01;1;30;0;2;7;1;1;
81909;202100052759;107 422;A01;2;7;0;2;1;15;1;
81910;202100052760;107 420;A01;1;7;0;1;1;1;1;
81911;202100052761;107 417;A01;1;7;0;2;3;11;0;
81912;202100052761;107 418;C01;1;7;0;2;0;1;1;
81913;202100052761;107 419;B01;1;99;0;2;5;1;0;
81914;202100052763;107 414;A01;2;7;0;2;3;19;1;
81915;202100052763;107 415;B01;2;1;0;2;7;1;0;
81916;202100052764;107 412;A01;2;7;0;2;1;2;1;
81917;202100052764;107 413;B01;2;7;0;2;4;1;1;
81918;202100052765;107 411;A01;1;7;0;1;1;1;1;
81919;202100052767;107 409;A01;1;7;0;1;5;4;1;
81920;202100052768;107 406;A01;2;7;1;0;1;14;1;
81921;202100052769;107 404;B01;0;7;0;2;1;1;1;
81922;202100052769;107 405;A01;0;7;0;2;5;19;1;
81923;202100052771;107 400;A01;1;32;0;2;7;1;1;
81924;202100052771;107 401;B01;1;80;0;2;6;1;3;
81925;202100052772;107 399;A01;1;7;0;1;1;1;1;
81926;202100052773;107 398;A01;3;7;13;0;1;14;1;
81927;202100052774;107 394;D01;1;10;1;2;8;0;1;
81928;202100052774;107 395;B01;1;7;0;2;3;13;1;
81929;202100052774;107 396;A01;2;3;0;2;3;13;1;
81930;202100052774;107 397;C01;1;7;1;2;8;0;1;
81931;202100052775;107 393;A01;2;10;0;1;2;16;1;
81932;202100052776;107 392;A01;2;7;0;1;3;1;1;
81933;202100052777;107 390;B01;1;1;0;2;2;1;5;
81934;202100052777;107 391;A01;1;7;0;2;1;1;1;
81935;202100052778;107 388;A01;1;7;0;2;3;15;1;
81936;202100052778;107 389;B01;2;33;0;2;8;1;1;
81937;202100052779;107 386;Z01;2;7;0;2;1;9;1;
81938;202100052779;107 387;B01;1;1;0;2;2;9;6;
81939;202100052780;107 384;A01;1;7;14;0;1;6;1;
81940;202100052780;107 385;B01;2;7;0;2;1;1;1;
81941;202100052781;107 382;A01;2;7;0;0;2;19;1;
81942;202100052781;107 383;B01;2;32;0;9;1;19;1;
81943;202100052782;107 381;A01;3;7;0;1;3;1;1;
81944;202100052783;107 379;A01;2;10;0;0;0;1;1;
81945;202100052783;107 380;B01;2;7;0;0;1;13;1;
81946;202100052784;107 377;B01;1;7;0;2;4;2;1;
81947;202100052784;107 378;A01;2;7;0;2;1;2;1;
81948;202100052785;107 374;A01;1;7;0;2;4;2;1;
81949;202100052785;107 375;C01;1;7;0;2;1;1;1;
81950;202100052785;107 376;B01;1;7;0;2;4;2;1;
81951;202100052786;107 372;B01;3;2;0;2;1;1;1;
81952;202100052786;107 373;A01;3;7;0;2;2;1;1;
81953;202100052787;107 367;A01;2;7;0;2;1;9;1;
81954;202100052787;107 368;C01;2;7;0;2;3;1;1;
81955;202100052787;107 369;B01;1;7;0;2;2;1;1;
81956;202100052788;107 365;B01;3;10;0;0;0;0;1;
81957;202100052788;107 366;A01;3;31;0;2;1;5;1;
81958;202100052789;107 363;B01;2;7;0;2;2;15;1;
81959;202100052789;107 364;A01;2;30;0;2;1;1;1;
81960;202100052790;107 362;A01;1;32;0;1;1;1;1;
81961;202100052791;107 360;A01;1;43;0;2;1;1;1;
81962;202100052791;107 361;B01;1;10;0;2;4;1;1;
81963;202100052793;107 358;A01;1;7;16;0;1;19;1;
81964;202100052794;107 355;C01;1;7;0;2;1;0;0;
81965;202100052794;107 356;B01;1;7;0;2;1;0;0;
81966;202100052794;107 357;A01;1;7;0;2;6;0;0;
81967;202100052795;107 353;A01;1;7;0;2;3;16;1;
81968;202100052795;107 354;B01;2;2;0;2;1;1;1;
81969;202100052796;107 352;A01;1;7;0;1;1;1;1;
81970;202100052797;107 351;A01;1;2;14;0;9;2;1;
81971;202100052798;107 349;A01;1;30;0;2;1;19;1;
81972;202100052798;107 350;B01;1;7;0;2;6;1;1;
81973;202100052799;107 347;B01;3;7;0;9;8;1;1;
81974;202100052799;107 348;A01;3;1;0;2;3;19;5;
81975;202100052800;107 343;A01;2;7;0;2;1;11;1;
81976;202100052800;107 344;B01;2;10;0;2;2;23;1;
81977;202100052800;107 345;C01;2;7;0;2;4;23;1;
81978;202100052800;107 346;D01;2;7;0;2;4;23;1;
81979;202100052801;107 341;A01;3;33;0;2;8;1;1;
81980;202100052801;107 342;Z01;3;7;0;2;5;1;0;
81981;202100052802;107 339;B01;1;32;0;2;1;1;1;
81982;202100052802;107 340;A01;2;7;0;2;5;15;1;
81983;202100052803;107 338;A01;1;7;0;1;8;1;1;
81984;202100052804;107 336;B01;3;30;0;2;7;15;1;
81985;202100052804;107 337;A01;2;7;0;2;2;1;1;
81986;202100052805;107 334;A01;2;33;0;2;3;2;1;
81987;202100052805;107 335;B01;3;1;0;2;3;15;5;
81988;202100052806;107 332;B01;1;1;0;2;8;15;5;
81989;202100052806;107 333;A01;1;1;0;2;7;17;5;
81990;202100052807;107 330;A01;2;30;0;2;3;17;1;
81991;202100052807;107 331;B01;2;7;0;2;2;16;1;
81992;202100052808;107 329;A01;2;10;0;1;1;1;0;
81993;202100052809;107 328;A01;1;7;1;2;2;1;1;
81994;202100052810;107 327;A01;3;7;14;1;1;1;1;
81995;202100052812;107 321;B01;1;7;0;2;2;9;1;
81996;202100052812;107 322;A01;1;2;0;2;3;1;1;
81997;202100052814;107 317;B01;2;99;0;2;1;3;3;
81998;202100052814;107 318;A01;1;7;0;9;3;1;1;
81999;202100052815;107 315;B01;2;7;0;2;4;23;1;
82000;202100052815;107 316;A01;2;30;0;2;2;2;1;
82001;202100052818;107 311;B01;3;2;0;2;8;1;1;
82002;202100052818;107 312;A01;3;7;0;2;1;15;1;