;Num_Acc;id_vehicule;num_veh;senc;catv;obs;obsm;choc;manv;motor;occutc
82465;202100053119;106 786;A01;2;7;0;0;1;1;1;
82466;202100053120;106 784;B01;1;2;0;2;1;5;1;
82467;202100053120;106 785;A01;2;7;0;2;2;1;1;
82468;202100053121;106 782;A01;2;7;0;0;8;1;1;
82469;202100053121;106 783;B01;2;34;0;2;7;17;1;
82470;202100053122;106 781;A01;1;7;3;0;8;1;1;
82471;202100053123;106 780;A01;0;33;0;0;0;0;1;
82472;202100053124;106 778;A01;1;32;0;2;7;17;1;
82473;202100053124;106 779;B01;1;1;0;2;8;1;1;
82474;202100053126;106 776;A01;1;7;6;0;2;14;1;
82475;202100053127;106 774;A01;2;7;0;9;1;19;1;
82476;202100053127;106 775;B01;1;1;0;2;7;19;5;
82477;202100053128;106 773;A01;3;10;0;1;4;4;1;
82478;202100053129;106 772;A01;1;7;13;0;2;14;1;
82479;202100053130;106 770;A01;2;10;1;0;6;1;1;
82480;202100053132;106 768;A01;1;33;0;0;8;16;1;
82481;202100053133;106 767;A01;1;2;0;0;0;0;1;
82482;202100053134;106 765;A01;1;7;16;2;8;1;1;
82483;202100053134;106 766;B01;2;7;0;2;8;17;1;
82484;202100053136;106 762;A01;2;7;6;0;1;6;1;
82485;202100053137;106 761;A01;1;36;6;0;2;0;1;
82486;202100053138;106 760;A01;1;7;6;0;1;0;1;
82487;202100053139;106 757;A01;2;7;3;2;4;2;1;
82488;202100053139;106 758;B01;2;7;3;2;4;2;1;
82489;202100053139;106 759;C01;2;7;3;2;1;2;1;
82490;202100053140;106 755;A01;2;7;0;2;2;1;1;
82491;202100053140;106 756;B01;2;7;0;2;6;1;1;
82492;202100053141;106 752;B01;2;7;0;2;4;2;1;
82493;202100053141;106 753;A01;2;7;0;2;1;2;1;
82494;202100053141;106 754;C01;2;7;0;2;4;0;2;
82495;202100053142;106 751;A01;1;7;2;0;2;1;1;
82496;202100053143;106 750;A01;2;33;0;0;8;26;1;
82497;202100053144;106 749;A01;1;7;0;0;0;1;1;
82498;202100053145;106 747;A01;1;33;0;2;2;3;1;
82499;202100053145;106 748;B01;1;7;0;2;3;11;1;
82500;202100053146;106 744;A01;1;7;0;2;1;21;1;
82501;202100053146;106 745;B01;1;7;0;2;5;2;1;
82502;202100053146;106 746;C01;1;7;0;2;4;0;1;
82503;202100053147;106 743;A01;1;7;0;0;9;1;1;
82504;202100053148;106 740;A01;2;7;0;2;1;1;1;
82505;202100053148;106 741;C01;2;10;0;2;2;1;1;
82506;202100053148;106 742;B01;2;10;0;2;4;1;1;
82507;202100053150;106 735;B01;1;10;0;2;6;23;1;
82508;202100053150;106 736;A01;1;33;1;0;1;2;1;
82509;202100053151;106 732;A01;1;7;0;2;1;2;1;
82510;202100053151;106 733;B01;1;7;0;2;1;2;1;
82511;202100053151;106 734;C01;1;7;0;2;4;23;1;
82512;202100053152;106 730;B01;0;10;0;0;0;0;1;
82513;202100053152;106 731;A01;1;33;2;2;1;17;1;
82514;202100053153;106 729;A01;1;7;1;1;3;13;1;
82515;202100053154;106 726;C01;3;7;0;2;4;1;1;
82516;202100053154;106 727;B01;3;7;0;2;4;1;1;
82517;202100053154;106 728;A01;3;14;0;2;1;1;1;
82518;202100053155;106 724;B01;2;7;0;2;8;15;1;
82519;202100053155;106 725;A01;2;33;0;2;7;17;1;
82520;202100053156;106 722;A01;1;7;0;2;8;16;1;
82521;202100053156;106 723;B01;1;7;0;2;2;1;1;
82522;202100053157;106 721;A01;1;7;0;1;8;2;1;
82523;202100053159;106 716;B01;2;7;0;2;8;1;1;
82524;202100053159;106 717;A01;2;32;0;2;1;1;1;
82525;202100053160;106 714;A01;3;7;0;2;3;2;1;
82526;202100053160;106 715;B01;3;7;0;2;5;1;1;
82527;202100053161;106 712;A01;2;7;0;0;0;14;1;
82528;202100053161;106 713;B01;2;1;0;0;0;21;5;
82529;202100053162;106 710;A01;2;30;0;2;1;1;1;
82530;202100053162;106 711;B01;2;7;0;2;8;15;1;
82531;202100053163;106 708;B01;2;32;0;2;3;0;1;
82532;202100053163;106 709;A01;2;7;1;2;3;15;1;
82533;202100053164;106 706;A01;1;50;0;2;2;15;3;
82534;202100053164;106 707;B01;2;32;0;2;1;1;1;
82535;202100053165;106 704;B01;2;7;0;2;1;1;1;
82536;202100053165;106 705;A01;2;7;0;2;7;19;1;
82537;202100053166;106 702;A01;2;7;0;2;2;15;1;
82538;202100053166;106 703;B01;1;7;0;2;1;1;1;
82539;202100053167;106 699;A01;2;37;0;9;7;1;0;0.0
82540;202100053167;106 700;B01;2;2;0;2;8;26;1;
82541;202100053169;106 695;A01;1;30;0;0;7;9;1;
82542;202100053170;106 694;A01;2;7;4;0;9;13;1;
82543;202100053171;106 692;B01;3;7;0;2;3;1;1;
82544;202100053171;106 693;A01;3;7;0;2;2;1;1;
82545;202100053173;106 688;A01;1;7;0;2;5;1;1;
82546;202100053173;106 689;B01;2;7;0;2;1;1;1;
82547;202100053174;106 687;A01;1;7;0;1;2;16;1;
82548;202100053175;106 684;A01;0;7;0;2;1;15;1;
82549;202100053175;106 685;B01;0;1;0;2;1;1;5;
82550;202100053176;106 683;A01;3;7;0;1;7;11;1;
82551;202100053177;106 681;A01;2;2;0;2;3;12;1;
82552;202100053177;106 682;B01;2;7;0;2;5;1;1;
82553;202100053178;106 679;A01;1;7;0;2;0;1;0;
82554;202100053178;106 680;B01;2;1;0;2;4;15;5;
82555;202100053179;106 678;A01;1;32;0;0;0;16;1;
82556;202100053180;106 677;A01;0;7;0;2;1;1;1;
82557;202100053181;106 674;A01;0;7;0;2;1;13;1;
82558;202100053181;106 675;B01;0;7;0;2;8;1;1;
82559;202100053181;106 676;C01;0;7;0;2;1;1;1;
82560;202100053182;106 673;A01;1;7;0;1;1;1;1;
82561;202100053183;106 671;A01;1;7;0;2;3;7;1;
82562;202100053183;106 672;B01;1;37;0;2;2;1;1;5.0
82563;202100053184;106 667;B01;1;7;0;2;4;2;1;
82564;202100053184;106 668;A01;1;7;0;2;1;2;1;
82565;202100053185;106 665;A01;3;7;0;2;2;15;1;
82566;202100053185;106 666;B01;3;7;0;2;2;1;1;
82567;202100053187;106 662;A01;1;7;13;0;1;14;1;
82568;202100053188;106 661;A01;1;40;0;1;6;1;3;
82569;202100053189;106 659;B01;2;7;1;2;5;1;1;
82570;202100053189;106 660;A01;1;7;0;2;2;9;1;
82571;202100053190;106 658;Z01;1;7;0;1;1;1;1;
82572;202100053191;106 656;B01;0;50;0;2;1;5;3;
82573;202100053191;106 657;A01;1;7;0;9;3;16;1;
82574;202100053192;106 654;B01;2;7;0;2;2;1;1;
82575;202100053192;106 655;A01;2;7;0;2;3;15;1;
82576;202100053193;106 652;A01;1;7;14;0;1;9;1;
82577;202100053193;106 653;B01;1;2;0;2;0;9;1;
82578;202100053194;106 651;A01;3;10;0;1;1;15;1;
82579;202100053195;106 649;B01;1;10;0;2;2;17;0;
82580;202100053195;106 650;A01;1;10;0;2;8;15;0;
82581;202100053196;106 647;A01;2;7;0;9;3;0;3;
82582;202100053196;106 648;B01;1;50;0;2;7;19;3;
82583;202100053197;106 645;B01;2;7;0;2;6;11;1;
82584;202100053197;106 646;A01;2;32;0;2;2;2;1;
82585;202100053198;106 643;A01;1;7;0;2;1;2;1;
82586;202100053198;106 644;B01;1;7;0;2;4;1;1;
82587;202100053199;106 642;A01;3;3;0;1;3;0;1;
82588;202100053200;106 641;A01;2;7;2;0;1;1;1;
82589;202100053203;106 637;B01;1;2;15;0;1;1;1;
82590;202100053203;106 638;A01;1;7;0;2;2;15;1;
82591;202100053204;106 635;B01;1;1;0;2;7;1;5;
82592;202100053204;106 636;A01;1;7;0;2;8;15;1;
82593;202100053205;106 633;B01;2;7;0;2;2;16;1;
82594;202100053205;106 634;A01;2;7;0;2;3;7;1;
82595;202100053206;106 631;A01;3;7;0;2;1;15;1;
82596;202100053206;106 632;B01;3;30;0;2;4;15;1;
82597;202100053207;106 629;A01;3;7;0;2;3;15;1;
82598;202100053207;106 630;B01;3;7;0;2;3;1;1;
82599;202100053208;106 627;B01;1;33;0;2;2;1;1;
82600;202100053208;106 628;A01;1;7;0;2;3;9;2;
82601;202100053209;106 626;A01;1;7;4;0;3;1;1;
82602;202100053210;106 624;B01;1;7;0;2;7;1;1;
82603;202100053210;106 625;A01;1;7;0;2;0;12;1;
82604;202100053211;106 623;A01;1;7;0;1;1;1;1;
82605;202100053212;106 621;A01;2;10;0;2;3;15;1;
82606;202100053212;106 622;B01;2;32;0;2;1;1;1;
82607;202100053213;106 620;A01;2;50;0;0;0;1;3;
82608;202100053214;106 619;A01;1;7;0;1;1;1;1;
82609;202100053215;106 617;B01;1;31;0;2;7;1;1;
82610;202100053215;106 618;A01;2;10;0;2;6;15;1;
82611;202100053216;106 615;A01;3;33;12;2;2;17;1;
82612;202100053216;106 616;B01;3;7;0;2;3;15;1;
82613;202100053217;106 613;B01;1;2;0;1;0;16;1;
82614;202100053217;106 614;A01;1;31;0;1;0;15;0;
82615;202100053218;106 610;B01;3;1;0;2;0;1;5;
82616;202100053218;106 611;A01;2;15;0;2;5;16;1;
82617;202100053220;106 606;A01;3;1;0;2;7;1;5;
82618;202100053220;106 607;B01;3;7;0;2;1;1;1;
82619;202100053221;106 604;A01;1;7;0;2;1;15;1;
82620;202100053221;106 605;B01;2;7;0;2;3;0;1;
82621;202100053222;106 603;A01;1;7;0;1;1;1;1;
82622;202100053224;106 599;B01;1;33;0;2;1;1;1;
82623;202100053224;106 600;A01;1;7;0;2;3;20;1;
82624;202100053226;106 596;A01;2;7;0;2;5;19;1;
82625;202100053226;106 597;B01;1;2;0;2;1;2;1;
82626;202100053227;106 595;A01;3;13;0;1;5;26;1;
82627;202100053228;106 590;D01;1;7;0;2;4;0;1;
82628;202100053228;106 591;A01;1;7;0;2;1;26;1;
82629;202100053228;106 592;B01;1;20;0;2;4;0;1;
82630;202100053228;106 593;C01;1;20;0;2;4;0;1;
82631;202100053228;106 594;E01;1;20;0;2;4;0;1;
82632;202100053229;106 588;B01;1;7;0;2;8;15;1;
82633;202100053229;106 589;A01;1;30;0;2;1;9;1;
82634;202100053230;106 584;A01;3;7;0;2;1;1;1;
82635;202100053230;106 585;B01;3;10;0;2;4;23;1;
82636;202100053231;106 582;A01;0;10;0;2;1;1;1;
82637;202100053231;106 583;B01;0;7;0;2;4;1;1;
82638;202100053232;106 579;A01;3;10;0;2;1;1;1;
82639;202100053232;106 580;B01;3;7;0;2;4;1;1;
82640;202100053232;106 581;C01;3;15;0;2;6;1;1;
82641;202100053233;106 577;B01;3;7;0;2;2;15;1;
82642;202100053233;106 578;A01;3;30;0;2;7;26;1;
82643;202100053234;106 576;A01;2;31;0;1;1;21;1;
82644;202100053236;106 572;A01;1;7;8;0;1;1;1;
82645;202100053237;106 568;B01;1;7;0;2;4;2;1;
82646;202100053237;106 569;Z01;1;10;0;2;1;2;0;
82647;202100053237;106 570;C01;1;7;0;2;4;2;1;
82648;202100053237;106 571;A01;1;7;0;2;4;2;1;
82649;202100053238;106 566;B01;2;7;0;2;4;23;1;
82650;202100053238;106 567;A01;2;30;0;2;1;2;1;
82651;202100053239;106 564;A01;1;1;0;2;1;1;5;
82652;202100053239;106 565;B01;1;7;0;2;8;1;1;
82653;202100053240;106 562;B01;3;7;0;2;7;1;1;
82654;202100053240;106 563;A01;3;7;1;2;1;5;1;
82655;202100053241;106 560;A01;1;7;0;2;7;14;1;
82656;202100053241;106 561;B01;1;32;0;2;0;1;1;
82657;202100053242;106 559;A01;1;7;14;0;1;13;1;
82658;202100053243;106 557;B01;2;7;0;2;7;22;1;
82659;202100053243;106 558;A01;2;1;1;2;7;18;5;
82660;202100053244;106 555;B01;1;1;0;2;8;1;5;
82661;202100053244;106 556;A01;1;32;0;2;8;1;1;
82662;202100053245;106 553;B01;2;32;0;2;7;1;1;
82663;202100053245;106 554;A01;2;7;0;2;8;15;2;
82664;202100053246;106 552;A01;1;7;0;1;1;1;1;
82665;202100053247;106 550;Z01;2;10;0;2;0;13;1;
82666;202100053247;106 551;A01;2;32;0;2;8;23;1;
82667;202100053249;106 548;A01;2;34;14;0;0;1;1;
82668;202100053250;106 547;A01;2;33;0;1;1;0;1;
82669;202100053251;106 545;A01;1;10;0;2;7;16;1;
82670;202100053251;106 546;B01;1;1;0;2;1;1;5;
82671;202100053252;106 544;A01;1;7;0;1;2;16;1;
82672;202100053255;106 539;Z01;1;30;0;1;0;0;1;
82673;202100053256;106 536;A01;1;33;0;2;1;21;1;
82674;202100053256;106 537;B01;2;37;0;2;1;1;1;1.0
82675;202100053256;106 538;C01;1;33;0;0;7;21;1;
82676;202100053257;106 534;A01;1;1;0;2;1;19;0;
82677;202100053257;106 535;B01;3;32;0;2;2;0;1;
82678;202100053258;106 533;A01;1;3;8;0;1;1;1;
82679;202100053259;106 532;A01;3;7;0;1;1;1;1;
82680;202100053260;106 531;A01;1;7;12;0;3;14;1;
82681;202100053261;106 530;A01;3;30;0;0;8;1;1;
82682;202100053262;106 528;A01;2;1;0;2;1;25;5;
82683;202100053262;106 529;B01;1;7;0;2;2;9;1;
82684;202100053263;106 526;A01;1;7;0;1;3;17;1;
82685;202100053264;106 524;B01;1;7;0;2;1;1;1;
82686;202100053264;106 525;A01;1;7;0;2;4;1;1;
82687;202100053265;106 523;A01;3;7;0;1;1;1;1;
82688;202100053266;106 521;A01;1;7;0;2;2;15;1;
82689;202100053266;106 522;B01;1;7;0;2;2;1;1;
82690;202100053267;106 520;A01;0;7;0;1;3;16;1;
82691;202100053268;106 518;A01;1;2;0;2;1;1;1;
82692;202100053268;106 519;B01;1;7;0;2;3;15;1;
82693;202100053269;106 517;A01;-1;33;0;1;1;26;0;
82694;202100053270;106 516;A01;0;7;0;1;2;15;1;
82695;202100053271;106 513;A01;2;10;0;2;5;10;1;
82696;202100053271;106 514;B01;1;32;0;2;1;1;1;
82697;202100053272;106 511;A01;2;50;0;2;3;15;3;
82698;202100053272;106 512;B01;2;30;0;2;2;1;1;
82699;202100053273;106 509;B01;2;43;0;2;2;1;1;
82700;202100053273;106 510;A01;2;7;0;2;3;9;1;
82701;202100053274;106 507;B01;2;50;0;2;1;1;3;
82702;202100053274;106 508;A01;1;7;0;2;2;10;1;
82703;202100053275;106 505;B01;1;33;0;2;1;1;1;
82704;202100053275;106 506;A01;1;1;0;2;4;15;5;
82705;202100053276;106 504;A01;3;7;0;1;1;0;1;
82706;202100053278;106 500;A01;0;7;0;0;1;13;1;
82707;202100053278;106 501;B01;0;7;0;0;1;1;1;
82708;202100053279;106 497;C01;1;7;0;2;3;2;1;
82709;202100053279;106 498;B01;1;7;0;9;5;2;1;
82710;202100053279;106 499;A01;1;7;3;0;2;1;1;
82711;202100053280;106 496;A01;3;7;2;0;1;1;1;
82712;202100053282;106 491;B01;2;7;0;2;1;1;1;
82713;202100053282;106 492;A01;1;7;0;2;3;5;1;
82714;202100053283;106 490;A01;1;33;0;0;0;1;1;
82715;202100053284;106 488;A01;2;7;13;2;3;13;3;
82716;202100053284;106 489;B01;1;7;13;2;3;1;1;
82717;202100053285;106 487;A01;0;7;13;0;3;0;1;
82718;202100053286;106 486;A01;1;10;6;0;1;0;1;
82719;202100053287;106 484;A01;2;7;0;2;5;15;1;
82720;202100053287;106 485;B01;1;7;0;2;1;1;1;
82721;202100053288;106 481;A01;3;10;0;2;3;19;1;
82722;202100053288;106 482;B01;3;30;0;2;7;1;1;
82723;202100053289;106 480;A01;2;7;3;0;9;1;1;
82724;202100053290;106 477;C01;2;13;0;0;6;2;0;
82725;202100053290;106 478;B01;2;7;0;2;2;1;2;
82726;202100053290;106 479;A01;2;33;0;2;7;11;1;
82727;202100053291;106 476;A01;1;7;4;0;3;17;1;
82728;202100053292;106 474;B01;2;7;0;2;3;1;1;
82729;202100053292;106 475;A01;1;30;0;2;1;13;1;
82730;202100053293;106 472;A01;1;7;0;2;3;15;1;
82731;202100053293;106 473;B01;2;33;0;2;0;21;1;
82732;202100053294;106 470;A01;1;10;0;9;7;2;1;
82733;202100053294;106 471;B01;1;1;0;0;4;2;5;
82734;202100053295;106 469;A01;1;7;0;1;1;26;1;
82735;202100053298;106 464;A01;1;80;0;0;7;1;3;
82736;202100053298;106 465;B01;1;7;0;2;1;9;0;
82737;202100053299;106 463;A01;0;7;0;1;2;1;1;
82738;202100053300;106 462;A01;1;10;0;1;2;1;1;
82739;202100053301;106 460;A01;2;10;0;2;1;1;1;
82740;202100053301;106 461;B01;1;2;0;2;8;1;1;
82741;202100053302;106 457;A01;1;7;4;0;7;1;1;
82742;202100053303;106 455;A01;2;10;0;2;2;2;1;
82743;202100053303;106 456;B01;2;17;0;2;4;2;1;
82744;202100053304;106 452;A01;1;10;0;2;4;2;1;
82745;202100053304;106 453;C01;1;7;0;2;1;2;1;
82746;202100053304;106 454;B01;1;7;0;2;1;2;1;
82747;202100053307;106 444;C01;1;7;0;2;4;2;1;
82748;202100053307;106 445;B01;1;10;0;2;4;2;1;
82749;202100053307;106 446;A01;1;10;0;2;1;2;1;
82750;202100053308;106 442;A01;1;10;0;2;2;1;1;
82751;202100053308;106 443;B01;1;33;0;2;3;3;1;
82752;202100053309;106 439;C01;1;7;0;2;0;0;1;
82753;202100053309;106 440;B01;1;7;0;2;4;2;1;
82754;202100053309;106 441;A01;1;15;0;2;1;2;1;
82755;202100053310;106 437;A01;1;14;0;2;1;1;1;
82756;202100053310;106 438;B01;1;7;0;2;4;0;1;
82757;202100053311;106 434;A01;2;7;0;2;3;11;1;
82758;202100053311;106 435;B01;2;7;0;2;5;2;1;
82759;202100053311;106 436;C01;2;7;0;2;2;2;1;
82760;202100053312;106 432;A01;1;7;0;2;3;21;1;
82761;202100053312;106 433;B01;1;7;0;2;5;2;1;
82762;202100053313;106 429;A01;1;7;0;2;1;1;1;
82763;202100053313;106 430;B01;1;10;0;2;2;26;1;
82764;202100053313;106 431;C01;1;7;0;2;8;2;1;
82765;202100053314;106 428;A01;2;7;4;0;4;11;1;
82766;202100053316;106 422;A01;1;7;0;0;9;1;1;
82767;202100053317;106 420;B01;1;2;0;2;1;1;1;
82768;202100053317;106 421;A01;1;7;0;9;1;15;1;
82769;202100053318;106 418;A01;1;7;0;9;1;15;1;
82770;202100053318;106 419;B01;1;2;0;2;1;1;1;
82771;202100053319;106 416;A01;1;7;0;9;1;1;1;
82772;202100053319;106 417;B01;1;1;0;2;1;19;0;
82773;202100053320;106 415;A01;3;7;0;1;1;1;1;
82774;202100053321;106 413;A01;1;7;0;2;1;19;1;
82775;202100053321;106 414;B01;1;7;0;2;7;2;1;
82776;202100053322;106 411;B01;0;50;0;0;0;0;3;
82777;202100053322;106 412;A01;1;10;0;2;1;11;1;
82778;202100053323;106 409;Z01;3;7;0;2;1;17;0;
82779;202100053323;106 410;B01;3;1;0;2;8;15;6;
82780;202100053324;106 407;A01;3;7;0;2;2;15;1;
82781;202100053324;106 408;B01;2;32;0;2;1;1;1;
82782;202100053325;106 405;A01;3;13;0;2;7;14;1;
82783;202100053325;106 406;B01;3;7;0;2;6;1;1;
82784;202100053326;106 404;A01;2;14;0;1;8;1;1;
82785;202100053327;106 401;B01;3;1;0;2;1;26;0;
82786;202100053327;106 402;A01;2;7;0;9;3;9;1;
82787;202100053328;106 399;A01;2;7;0;2;1;1;1;
82788;202100053328;106 400;B01;1;7;0;2;9;1;1;
82789;202100053329;106 397;B01;1;33;0;2;7;1;1;
82790;202100053329;106 398;A01;2;7;0;2;2;15;1;
82791;202100053330;106 393;D01;2;7;1;0;3;24;1;
82792;202100053330;106 394;A01;2;7;0;2;2;1;1;
82793;202100053330;106 395;B01;2;7;1;0;3;26;1;
82794;202100053330;106 396;C01;2;7;1;0;8;24;1;
82795;202100053332;106 390;A01;2;1;0;2;7;1;5;
82796;202100053332;106 391;B01;2;7;0;2;1;16;1;
82797;202100053333;106 388;A01;2;30;0;2;3;1;1;
82798;202100053333;106 389;B01;1;7;0;2;0;0;0;
82799;202100053334;106 387;A01;2;7;0;1;1;1;1;
82800;202100053335;106 386;A01;0;1;0;1;1;1;5;
82801;202100053336;106 384;A01;0;7;0;2;3;2;1;
82802;202100053336;106 385;B01;0;7;0;2;4;2;1;
82803;202100053338;106 379;A01;1;7;0;1;5;16;1;
82804;202100053339;106 376;A01;1;7;0;2;4;2;1;
82805;202100053339;106 377;B01;1;7;0;2;1;2;1;
82806;202100053339;106 378;C01;1;7;0;2;1;2;1;
82807;202100053340;106 375;A01;3;7;13;0;2;14;1;
82808;202100053342;106 372;A01;2;30;0;2;1;26;1;
82809;202100053342;106 373;B01;2;7;14;0;4;26;1;
82810;202100053343;106 370;A01;2;32;0;2;8;19;1;
82811;202100053343;106 371;B01;1;7;0;2;1;1;1;
82812;202100053344;106 368;B01;1;7;0;2;6;1;1;
82813;202100053344;106 369;A01;1;2;0;2;1;1;1;
82814;202100053345;106 367;A01;1;7;0;1;1;1;1;
82815;202100053346;106 365;Z01;2;10;0;2;4;1;0;
82816;202100053346;106 366;A01;2;33;0;2;1;13;1;
82817;202100053347;106 363;A01;1;32;0;2;8;1;1;
82818;202100053347;106 364;Z01;1;7;0;2;1;15;1;
82819;202100053348;106 362;A01;2;10;0;1;0;1;1;
82820;202100053349;106 361;A01;2;32;0;1;1;1;1;
82821;202100053350;106 360;A01;2;30;0;1;1;1;1;
82822;202100053351;106 358;B01;1;7;0;2;3;1;1;
82823;202100053351;106 359;A01;1;1;0;2;1;5;5;
82824;202100053352;106 356;A01;3;30;0;2;1;1;1;
82825;202100053352;106 357;Z01;3;2;0;2;4;1;1;
82826;202100053353;106 355;A01;1;43;0;1;1;1;1;
82827;202100053354;106 353;B01;2;1;0;2;8;1;5;
82828;202100053354;106 354;A01;1;7;0;2;3;15;1;
82829;202100053355;106 351;A01;2;7;0;2;6;9;1;
82830;202100053355;106 352;B01;2;30;0;2;1;1;1;
82831;202100053356;106 349;B01;1;14;0;2;4;0;1;
82832;202100053356;106 350;A01;1;7;0;2;1;0;1;
82833;202100053358;106 346;B01;2;7;0;2;4;2;1;
82834;202100053358;106 347;A01;2;7;0;2;1;2;1;
82835;202100053359;106 343;C01;1;7;0;2;4;2;0;
82836;202100053359;106 344;B01;1;7;0;2;4;2;1;
82837;202100053359;106 345;A01;1;10;0;2;1;1;1;
82838;202100053360;106 341;Z01;-1;7;0;0;0;0;0;
82839;202100053360;106 342;A01;3;33;0;2;1;1;1;
82840;202100053361;106 339;B01;0;40;0;2;1;1;3;
82841;202100053361;106 340;A01;0;7;0;-1;2;9;1;
82842;202100053362;106 337;B01;2;7;0;2;1;13;1;
82843;202100053362;106 338;A01;1;7;0;2;1;1;1;
82844;202100053363;106 334;A01;-1;7;0;2;1;2;1;
82845;202100053363;106 335;B01;-1;7;0;2;1;2;1;
82846;202100053363;106 336;C01;-1;7;0;2;4;2;1;
82847;202100053364;106 332;A01;1;7;0;2;1;1;1;
82848;202100053364;106 333;B01;1;34;0;2;4;0;1;
82849;202100053365;106 330;A01;1;33;0;2;1;19;1;
82850;202100053365;106 331;B01;1;7;0;2;3;21;2;
82851;202100053366;106 329;A01;1;7;0;1;1;1;1;
82852;202100053367;106 328;A01;3;7;0;1;4;20;1;
82853;202100053368;106 327;A01;1;31;0;0;9;1;1;
82854;202100053369;106 325;A01;2;10;0;2;3;15;1;
82855;202100053369;106 326;B01;2;7;0;2;2;17;1;
82856;202100053370;106 323;A01;2;13;1;2;3;1;1;
82857;202100053370;106 324;B01;1;7;0;2;3;1;1;
82858;202100053371;106 322;A01;2;2;0;0;8;1;1;
82859;202100053372;106 321;A01;1;7;0;1;2;1;1;
82860;202100053373;106 319;B01;1;10;0;2;2;0;1;
82861;202100053373;106 320;A01;1;30;0;2;8;0;1;
82862;202100053375;106 317;A01;2;7;2;0;1;14;1;
82863;202100053376;106 316;A01;1;7;2;0;1;1;1;
82864;202100053377;106 314;A01;2;7;0;2;3;15;1;
82865;202100053377;106 315;B01;1;15;0;2;1;1;1;
82866;202100053378;106 310;A01;1;7;0;2;3;5;1;
82867;202100053378;106 311;B01;2;15;0;2;3;1;1;
82868;202100053379;106 309;A01;1;33;3;0;9;1;1;
82869;202100053381;106 305;B01;2;7;0;2;7;15;1;
82870;202100053381;106 306;A01;1;7;0;2;1;1;1;
82871;202100053382;106 303;A01;1;7;6;0;3;9;1;
82872;202100053382;106 304;B01;1;7;6;0;1;1;1;
82873;202100053383;106 300;A01;1;7;0;2;2;9;1;
82874;202100053383;106 301;B01;2;15;0;2;1;9;1;
82875;202100053383;106 302;C01;2;15;0;9;8;1;1;
82876;202100053384;106 298;B01;2;7;0;2;1;1;1;
82877;202100053384;106 299;A01;1;7;0;2;1;13;1;
82878;202100053385;106 297;A01;1;7;8;0;1;1;1;
82879;202100053386;106 296;A01;1;7;8;0;2;1;1;
82880;202100053387;106 295;A01;1;7;2;0;1;1;1;
82881;202100053388;106 294;A01;1;7;0;1;3;2;1;
82882;202100053390;106 291;A01;3;7;0;1;1;26;1;
82883;202100053391;106 289;A01;1;7;13;0;3;1;1;
82884;202100053391;106 290;B01;1;7;0;0;2;17;1;
82885;202100053392;106 287;A01;1;7;4;2;1;14;1;
82886;202100053392;106 288;B01;1;17;0;0;8;1;1;
82887;202100053393;106 285;B01;1;7;0;2;4;2;1;
82888;202100053393;106 286;A01;1;32;1;0;1;2;1;
82889;202100053394;106 283;B01;1;7;12;2;6;1;1;
82890;202100053394;106 284;A01;3;7;0;2;1;9;1;
82891;202100053395;106 281;A01;2;7;0;2;5;13;1;
82892;202100053395;106 282;B01;1;7;0;2;2;1;1;
82893;202100053396;106 279;A01;3;7;0;0;4;23;1;
82894;202100053396;106 280;B01;3;7;0;2;1;1;1;
82895;202100053397;106 278;A01;0;7;0;0;2;1;1;
82896;202100053398;106 276;B01;2;10;8;0;1;1;1;
82897;202100053398;106 277;A01;2;7;8;0;2;1;1;
82898;202100053399;106 274;B01;2;50;0;0;0;2;3;
82899;202100053399;106 275;A01;2;15;0;2;2;2;1;
82900;202100053400;106 272;A01;2;7;0;2;3;17;1;
82901;202100053400;106 273;B01;1;2;0;2;3;1;1;
82902;202100053401;106 271;A01;0;2;1;0;1;0;1;
82903;202100053402;106 269;A01;2;7;0;2;2;5;1;
82904;202100053402;106 270;B01;1;10;0;2;1;1;1;
82905;202100053404;106 266;A01;0;7;0;0;7;19;1;
82906;202100053404;106 267;B01;1;7;0;2;1;1;1;
82907;202100053405;106 263;C01;2;7;0;2;1;2;1;
82908;202100053405;106 264;B01;2;7;0;2;4;2;1;
82909;202100053405;106 265;A01;2;7;0;2;4;1;1;
82910;202100053406;106 260;C01;1;10;0;2;1;0;1;
82911;202100053406;106 261;A01;1;7;0;2;2;16;1;
82912;202100053406;106 262;B01;1;15;0;2;3;1;1;
82913;202100053407;106 258;A01;1;7;0;2;6;11;1;
82914;202100053407;106 259;B01;1;43;0;2;2;1;1;
82915;202100053408;106 256;B01;2;7;0;2;1;2;1;
82916;202100053408;106 257;A01;2;7;0;2;4;2;1;
82917;202100053409;106 254;Z01;2;7;0;2;0;0;0;
82918;202100053409;106 255;A01;2;7;4;2;5;1;1;
82919;202100053410;106 252;B01;2;7;0;2;6;2;1;
82920;202100053410;106 253;A01;2;7;0;2;2;2;1;
82921;202100053411;106 251;A01;1;7;0;2;1;2;1;
82922;202100053412;106 248;C01;1;15;0;2;1;1;1;
82923;202100053412;106 249;A01;1;15;0;2;1;1;1;
82924;202100053412;106 250;B01;1;7;0;2;4;1;1;
82925;202100053413;106 246;B01;2;7;0;2;3;1;1;
82926;202100053413;106 247;A01;2;33;0;2;1;1;1;