;Num_Acc;id_vehicule;num_veh;senc;catv;obs;obsm;choc;manv;motor;occutc
83390;202100053734;105 693;A01;3;30;0;0;7;0;1;
83391;202100053735;105 692;A01;1;7;0;1;8;16;1;
83392;202100053736;105 691;A01;1;99;0;1;1;1;1;
83393;202100053737;105 689;B01;1;1;0;2;7;26;5;
83394;202100053737;105 690;A01;1;7;0;2;7;9;1;
83395;202100053738;105 687;A01;1;7;0;2;2;15;1;
83396;202100053738;105 688;B01;2;7;0;2;1;1;1;
83397;202100053739;105 686;A01;1;7;0;0;9;26;1;
83398;202100053740;105 683;A01;2;7;0;2;3;17;1;
83399;202100053740;105 684;B01;2;33;0;2;1;1;1;
83400;202100053740;105 685;C01;2;7;0;2;4;1;1;
83401;202100053741;105 676;A01;2;7;0;2;1;13;1;
83402;202100053741;105 677;B01;1;7;0;2;1;1;1;
83403;202100053742;105 674;A01;1;7;0;2;0;26;1;
83404;202100053742;105 675;B01;1;30;0;2;0;0;6;
83405;202100053744;105 671;A01;2;37;0;0;0;7;1;3.0
83406;202100053745;105 669;B01;2;7;0;2;8;1;1;
83407;202100053745;105 670;A01;1;10;0;2;1;1;1;
83408;202100053746;105 668;A01;1;10;0;1;5;4;3;
83409;202100053747;105 666;A01;2;30;0;2;7;15;1;
83410;202100053747;105 667;B01;1;30;0;2;1;1;3;
83411;202100053748;105 665;A01;1;7;0;1;1;16;1;
83412;202100053749;105 664;A01;2;32;0;1;1;1;1;
83413;202100053750;105 662;A01;1;7;0;2;1;16;1;
83414;202100053750;105 663;B01;2;1;0;2;4;1;5;
83415;202100053751;105 660;A01;1;1;0;2;7;1;5;
83416;202100053751;105 661;B01;1;10;0;2;3;1;1;
83417;202100053752;105 658;A01;2;33;0;2;1;1;1;
83418;202100053752;105 659;B01;1;32;0;2;7;15;1;
83419;202100053753;105 657;Z01;1;2;0;1;1;1;1;
83420;202100053754;105 656;A01;2;7;8;0;0;1;1;
83421;202100053755;105 654;A01;2;7;0;2;7;15;1;
83422;202100053755;105 655;B01;1;32;0;2;1;1;1;
83423;202100053756;105 653;A01;1;37;0;1;7;26;1;1.0
83424;202100053757;105 652;A01;1;7;0;1;3;0;0;
83425;202100053758;105 650;A01;1;7;0;2;1;1;1;
83426;202100053758;105 651;B01;1;34;0;2;4;23;1;
83427;202100053759;105 648;A01;2;7;0;2;2;16;2;
83428;202100053759;105 649;B01;2;2;0;2;1;18;0;
83429;202100053760;105 646;A01;2;7;0;2;1;17;0;
83430;202100053760;105 647;B01;2;13;0;0;4;1;0;
83431;202100053762;105 643;B01;-1;7;0;2;1;15;0;
83432;202100053762;105 644;A01;3;30;0;2;8;1;0;
83433;202100053763;105 641;B01;3;7;0;2;3;1;0;
83434;202100053763;105 642;A01;3;7;0;2;1;15;0;
83435;202100053764;105 640;A01;2;30;0;1;1;9;1;
83436;202100053765;105 638;A01;2;33;0;2;2;1;1;
83437;202100053765;105 639;B01;2;7;0;2;1;15;2;
83438;202100053766;105 637;A01;2;15;0;1;7;1;1;
83439;202100053767;105 635;Y01;0;50;0;0;0;0;3;
83440;202100053767;105 636;A01;1;7;0;1;1;17;1;
83441;202100053768;105 633;A01;3;33;0;2;6;1;1;
83442;202100053768;105 634;B01;3;7;0;2;1;2;1;
83443;202100053769;105 632;A01;2;7;0;1;1;1;2;
83444;202100053770;105 631;A01;3;1;0;0;0;26;5;
83445;202100053772;105 628;A01;3;7;0;1;2;15;1;
83446;202100053773;105 627;A01;2;3;0;0;0;2;1;
83447;202100053774;105 625;A01;3;7;0;9;2;15;1;
83448;202100053774;105 626;B01;3;1;0;2;1;1;5;
83449;202100053775;105 624;A01;2;7;2;0;0;1;1;
83450;202100053776;105 622;A01;0;7;0;2;1;1;2;
83451;202100053776;105 623;B01;0;7;0;2;1;17;1;
83452;202100053777;105 621;A01;2;7;4;0;3;1;1;
83453;202100053778;105 619;B01;1;7;0;2;1;1;1;
83454;202100053778;105 620;A01;2;7;0;2;1;13;1;
83455;202100053779;105 618;A01;1;7;8;0;1;1;1;
83456;202100053780;105 616;B01;1;17;0;2;8;1;1;
83457;202100053780;105 617;A01;2;10;6;2;3;13;1;
83458;202100053782;105 613;B01;1;7;1;0;7;2;1;
83459;202100053782;105 614;A01;1;7;3;0;7;1;1;
83460;202100053783;105 612;A01;1;7;15;9;1;21;1;
83461;202100053784;105 610;A01;2;7;0;2;3;1;1;
83462;202100053784;105 611;B01;1;7;0;2;3;1;1;
83463;202100053785;105 608;B01;1;7;0;2;1;2;1;
83464;202100053785;105 609;A01;1;7;0;2;8;2;1;
83465;202100053786;105 606;B01;0;21;0;0;4;2;1;
83466;202100053786;105 607;A01;0;10;0;2;1;2;1;
83467;202100053787;105 605;A01;1;7;14;0;1;1;1;
83468;202100053788;105 604;A01;2;7;0;1;3;1;1;
83469;202100053789;105 603;A01;1;33;0;0;0;1;1;
83470;202100053790;105 599;C01;2;10;0;2;1;1;1;
83471;202100053790;105 600;D01;1;7;0;2;1;1;1;
83472;202100053790;105 601;A01;1;31;0;2;1;17;1;
83473;202100053790;105 602;B01;2;7;0;2;1;1;1;
83474;202100053791;105 598;A01;2;7;2;0;1;14;1;
83475;202100053792;105 597;A01;1;7;0;1;3;15;1;
83476;202100053793;105 596;A01;3;7;0;1;2;20;1;
83477;202100053794;105 595;A01;3;7;0;0;7;1;1;
83478;202100053795;105 594;A01;0;7;0;0;2;2;1;
83479;202100053796;105 591;A01;2;7;17;0;2;21;1;
83480;202100053797;105 590;A01;1;15;3;0;9;6;1;
83481;202100053798;105 589;A01;2;7;0;1;2;1;1;
83482;202100053800;105 586;A01;2;7;0;2;2;1;1;
83483;202100053800;105 587;B01;1;7;0;2;1;1;1;
83484;202100053802;105 581;A01;2;7;0;2;1;2;1;
83485;202100053802;105 582;B01;2;10;0;2;4;2;1;
83486;202100053802;105 583;C01;2;7;0;2;8;9;1;
83487;202100053803;105 579;B01;0;7;0;0;5;15;1;
83488;202100053803;105 580;A01;0;1;0;2;2;1;5;
83489;202100053804;105 577;A01;2;7;0;2;2;15;1;
83490;202100053804;105 578;B01;1;2;0;2;1;1;1;
83491;202100053805;105 575;A01;1;7;0;0;2;13;1;
83492;202100053805;105 576;B01;1;7;0;0;2;21;1;
83493;202100053806;105 574;A01;3;7;2;0;3;13;1;
83494;202100053807;105 573;A01;1;7;4;0;0;1;1;
83495;202100053808;105 572;A01;1;7;0;1;1;1;1;
83496;202100053809;105 570;B01;2;15;0;2;8;1;1;
83497;202100053809;105 571;A01;1;7;0;2;1;5;1;
83498;202100053810;105 568;B01;1;31;0;2;1;1;1;
83499;202100053810;105 569;A01;2;7;0;2;2;19;1;
83500;202100053811;105 566;A01;3;7;0;2;3;9;1;
83501;202100053811;105 567;B01;1;2;0;2;1;1;1;
83502;202100053812;105 565;A01;3;7;0;1;1;15;1;
83503;202100053813;105 563;B01;3;7;0;2;3;1;1;
83504;202100053813;105 564;A01;3;10;0;2;3;1;1;
83505;202100053814;105 560;C01;3;7;0;2;1;1;1;
83506;202100053814;105 561;B01;3;7;0;2;3;1;1;
83507;202100053814;105 562;A01;3;7;0;2;1;13;1;
83508;202100053815;105 559;A01;2;7;3;0;1;13;1;
83509;202100053816;105 556;B01;1;7;0;2;4;2;1;
83510;202100053816;105 557;A01;1;7;0;2;1;2;1;
83511;202100053817;105 553;A01;1;7;0;2;1;2;1;
83512;202100053817;105 554;C01;1;7;0;2;4;2;1;
83513;202100053817;105 555;B01;1;7;0;2;4;2;1;
83514;202100053818;105 552;A01;2;33;0;0;8;1;1;
83515;202100053820;105 546;A01;1;7;0;2;4;12;1;
83516;202100053820;105 547;B01;1;10;0;2;1;2;1;
83517;202100053820;105 548;C01;1;7;0;2;5;1;1;
83518;202100053820;105 549;D01;1;7;0;2;1;1;1;
83519;202100053821;105 545;A01;2;7;3;0;0;1;1;
83520;202100053822;105 543;B01;1;30;0;2;1;1;1;
83521;202100053822;105 544;A01;1;10;0;2;4;1;1;
83522;202100053823;105 541;B01;2;30;0;2;1;1;1;
83523;202100053823;105 542;A01;1;7;0;2;1;1;1;
83524;202100053824;105 539;A01;2;7;0;2;6;2;1;
83525;202100053824;105 540;B01;2;7;0;2;2;2;1;
83526;202100053825;105 537;A01;3;7;0;2;1;1;1;
83527;202100053825;105 538;B01;3;7;0;2;4;1;1;
83528;202100053826;105 535;B01;2;7;0;2;2;16;1;
83529;202100053826;105 536;A01;2;36;0;2;8;18;1;
83530;202100053827;105 533;A01;2;7;0;2;1;16;1;
83531;202100053827;105 534;B01;2;7;0;2;7;1;1;
83532;202100053829;105 530;A01;1;7;3;0;3;2;1;
83533;202100053832;105 524;A01;0;7;9;0;2;1;1;
83534;202100053832;105 525;B01;0;7;2;0;0;0;1;
83535;202100053833;105 523;A01;1;7;2;0;7;1;1;
83536;202100053834;105 522;A01;1;7;0;1;2;26;1;
83537;202100053835;105 520;A01;2;3;0;2;1;1;1;
83538;202100053835;105 521;B01;2;3;0;2;7;1;1;
83539;202100053836;105 518;A01;1;7;0;9;3;15;1;
83540;202100053836;105 519;B01;1;50;0;2;1;1;3;
83541;202100053837;105 516;B01;3;7;0;2;1;1;1;
83542;202100053837;105 517;A01;3;7;1;2;8;9;1;
83543;202100053838;105 515;A01;1;2;11;0;1;1;1;
83544;202100053839;105 513;B01;1;7;0;2;2;1;1;
83545;202100053839;105 514;A01;2;7;0;2;3;1;2;
83546;202100053840;105 511;A01;1;7;0;2;2;2;1;
83547;202100053840;105 512;B01;1;7;0;2;6;1;1;
83548;202100053841;105 509;B01;2;7;0;2;1;1;1;
83549;202100053841;105 510;A01;1;7;0;2;2;15;1;
83550;202100053842;105 507;B01;0;33;0;2;8;1;1;
83551;202100053842;105 508;A01;3;7;0;2;1;19;1;
83552;202100053843;105 506;A01;1;7;0;1;3;1;1;
83553;202100053844;105 504;B01;2;7;8;2;7;1;1;
83554;202100053844;105 505;A01;0;7;0;2;2;15;1;
83555;202100053845;105 503;A01;2;7;0;0;2;14;1;
83556;202100053847;105 497;B01;2;33;0;2;1;1;1;
83557;202100053847;105 498;A01;2;7;0;2;1;15;1;
83558;202100053848;105 495;A01;2;7;0;2;2;3;1;
83559;202100053848;105 496;B01;2;7;0;2;6;1;1;
83560;202100053849;105 493;B01;0;7;0;2;2;1;1;
83561;202100053849;105 494;A01;0;7;0;2;8;2;1;
83562;202100053851;105 487;B01;1;7;0;9;4;26;1;
83563;202100053851;105 488;A01;1;7;0;2;1;2;1;
83564;202100053852;105 486;A01;1;7;0;1;3;16;1;
83565;202100053854;105 482;A01;1;7;0;2;1;1;2;
83566;202100053854;105 483;B01;1;30;0;2;5;1;1;
83567;202100053855;105 480;B01;1;7;0;2;2;15;1;
83568;202100053855;105 481;A01;3;34;0;2;1;1;1;
83569;202100053856;105 479;A01;3;1;0;0;0;16;5;
83570;202100053858;105 476;A01;2;2;0;2;1;26;1;
83571;202100053858;105 477;B01;2;7;0;2;8;9;1;
83572;202100053859;105 474;A01;1;7;0;2;1;17;1;
83573;202100053859;105 475;B01;2;7;0;2;1;1;1;
83574;202100053860;105 472;B01;1;7;0;2;1;1;1;
83575;202100053860;105 473;A01;1;7;0;2;8;1;1;
83576;202100053861;105 470;A01;2;7;0;2;5;15;1;
83577;202100053861;105 471;B01;2;7;0;2;3;1;1;
83578;202100053862;105 469;A01;2;7;0;1;3;15;1;
83579;202100053863;105 467;A01;1;7;0;2;2;1;1;
83580;202100053863;105 468;B01;2;7;0;2;1;1;1;
83581;202100053864;105 465;B01;0;2;0;0;0;0;0;
83582;202100053864;105 466;A01;0;3;0;0;0;0;0;
83583;202100053865;105 464;A01;3;32;1;0;1;1;1;
83584;202100053866;105 462;A01;1;7;0;2;7;12;1;
83585;202100053866;105 463;B01;1;33;0;2;8;3;1;
83586;202100053867;105 460;A01;1;7;0;2;3;1;1;
83587;202100053867;105 461;B01;2;7;0;2;3;1;1;
83588;202100053868;105 457;A01;1;7;0;0;6;15;1;
83589;202100053868;105 458;B01;1;7;0;2;4;23;1;
83590;202100053868;105 459;C01;1;7;0;2;1;1;1;
83591;202100053869;105 455;B01;2;7;0;2;1;1;1;
83592;202100053869;105 456;A01;1;7;0;2;7;13;1;
83593;202100053870;105 454;A01;0;7;0;1;1;1;1;
83594;202100053871;105 451;B01;2;17;0;2;3;1;1;
83595;202100053871;105 452;A01;1;10;0;2;8;13;1;
83596;202100053871;105 453;C01;1;7;0;2;1;1;1;
83597;202100053873;105 447;B01;2;13;0;2;6;2;1;
83598;202100053873;105 448;A01;2;10;0;2;1;11;1;
83599;202100053874;105 446;A01;1;7;0;1;1;1;1;
83600;202100053875;105 444;B01;1;7;0;2;1;1;1;
83601;202100053875;105 445;A01;2;7;0;2;1;11;1;
83602;202100053876;105 443;A01;3;1;16;0;0;0;5;
83603;202100053877;105 442;A01;1;2;0;0;8;1;1;
83604;202100053880;105 437;A01;1;7;13;0;1;1;1;
83605;202100053881;105 435;B01;3;7;0;0;7;1;1;
83606;202100053881;105 436;A01;3;7;0;2;1;19;1;
83607;202100053882;105 433;A01;1;7;0;2;3;15;1;
83608;202100053882;105 434;B01;1;1;0;0;4;1;5;
83609;202100053883;105 431;A01;1;7;0;2;6;17;1;
83610;202100053883;105 432;B01;2;1;0;2;1;1;5;
83611;202100053884;105 430;A01;2;7;0;0;2;1;1;
83612;202100053885;105 428;B01;0;7;0;0;4;2;1;
83613;202100053885;105 429;A01;3;7;0;2;1;2;1;
83614;202100053886;105 427;A01;2;20;6;0;2;2;1;
83615;202100053887;105 425;A01;0;7;0;2;1;1;1;
83616;202100053887;105 426;B01;0;33;0;2;1;1;1;
83617;202100053888;105 422;A01;2;33;0;2;1;1;1;
83618;202100053888;105 423;C01;1;7;0;9;1;1;1;
83619;202100053888;105 424;B01;1;7;0;2;3;1;1;
83620;202100053889;105 420;A01;2;7;0;2;3;15;1;
83621;202100053889;105 421;B01;1;7;0;2;1;1;1;
83622;202100053890;105 419;A01;1;7;8;0;6;17;1;
83623;202100053891;105 418;A01;2;7;3;0;0;0;1;
83624;202100053892;105 416;A01;2;7;0;2;6;13;1;
83625;202100053892;105 417;B01;2;7;0;2;2;1;1;
83626;202100053893;105 414;A01;1;7;0;2;1;1;1;
83627;202100053893;105 415;B01;1;33;0;0;4;1;1;
83628;202100053894;105 413;A01;2;99;13;9;1;1;1;
83629;202100053895;105 412;A01;0;7;13;9;1;1;1;
83630;202100053896;105 411;A01;0;7;2;0;7;13;1;
83631;202100053897;105 409;B01;1;7;2;2;3;1;1;
83632;202100053897;105 410;A01;2;7;0;2;1;13;1;
83633;202100053899;105 406;A01;3;7;0;1;2;1;1;
83634;202100053900;105 404;B01;2;2;0;2;1;1;1;
83635;202100053900;105 405;A01;1;7;0;2;1;17;1;
83636;202100053902;105 402;A01;2;7;16;0;1;1;1;
83637;202100053903;105 400;A01;2;33;0;2;8;15;1;
83638;202100053903;105 401;B01;2;33;0;2;1;1;1;
83639;202100053904;105 398;B01;2;7;0;2;2;1;0;
83640;202100053904;105 399;A01;1;7;0;2;1;9;1;
83641;202100053905;105 396;A01;2;7;0;2;1;15;1;
83642;202100053905;105 397;B01;1;2;0;2;1;1;1;
83643;202100053906;105 394;B01;3;7;0;9;2;15;1;
83644;202100053906;105 395;A01;3;1;0;2;1;1;6;
83645;202100053907;105 393;A01;2;7;13;0;1;1;1;
83646;202100053909;105 386;A01;1;7;0;2;4;1;1;
83647;202100053909;105 387;B01;1;7;0;2;1;2;1;
83648;202100053909;105 388;C01;1;7;0;2;2;23;1;
83649;202100053910;105 384;A01;2;7;0;2;4;23;1;
83650;202100053910;105 385;B01;2;7;1;0;1;1;1;
83651;202100053911;105 383;A01;1;32;0;0;0;26;1;
83652;202100053912;105 381;B01;2;7;0;2;4;2;1;
83653;202100053912;105 382;A01;2;7;4;2;1;1;1;
83654;202100053913;105 380;A01;1;7;4;0;2;26;1;
83655;202100053914;105 375;A01;1;7;0;2;4;12;1;
83656;202100053914;105 376;B01;1;7;0;2;2;2;1;
83657;202100053914;105 377;C01;1;7;3;2;9;2;1;
83658;202100053914;105 378;E01;1;7;0;2;0;0;1;
83659;202100053914;105 379;D01;1;7;0;2;1;2;1;
83660;202100053915;105 373;B01;1;7;0;2;5;2;1;
83661;202100053915;105 374;A01;1;7;0;2;1;9;1;
83662;202100053916;105 372;A01;2;7;4;0;1;1;1;
83663;202100053917;105 370;A01;1;7;3;2;1;1;1;
83664;202100053917;105 371;B01;1;10;3;2;1;21;1;
83665;202100053918;105 368;B01;1;2;0;2;1;1;1;
83666;202100053918;105 369;A01;1;32;0;2;4;1;1;
83667;202100053919;105 366;B01;2;7;0;2;1;9;1;
83668;202100053919;105 367;A01;2;7;16;0;4;2;1;
83669;202100053920;105 364;A01;2;10;0;2;1;1;1;
83670;202100053920;105 365;B01;2;7;0;2;7;1;1;
83671;202100053921;105 363;A01;3;33;0;0;0;26;1;
83672;202100053922;105 361;A01;2;7;0;2;3;15;1;
83673;202100053922;105 362;B01;2;37;0;2;2;1;2;2.0
83674;202100053923;105 358;A01;1;7;0;2;1;12;1;
83675;202100053923;105 359;C01;1;7;0;2;4;23;1;
83676;202100053923;105 360;B01;1;7;0;2;4;23;1;
83677;202100053924;105 357;A01;1;7;9;0;3;13;1;
83678;202100053925;105 356;A01;0;7;4;0;0;14;1;
83679;202100053926;105 355;A01;2;7;0;1;2;1;1;
83680;202100053927;105 353;B01;1;7;0;2;2;1;1;
83681;202100053927;105 354;A01;1;7;0;2;8;9;1;
83682;202100053929;105 349;A01;3;7;0;2;1;0;1;
83683;202100053929;105 350;B01;3;7;0;2;2;1;1;
83684;202100053931;105 346;A01;1;7;0;1;1;1;1;
83685;202100053933;105 343;A01;1;7;0;2;1;1;1;
83686;202100053933;105 344;B01;1;7;0;2;1;5;1;
83687;202100053934;105 342;A01;1;7;0;1;1;1;1;
83688;202100053935;105 340;B01;1;7;0;2;1;1;1;
83689;202100053935;105 341;A01;1;7;0;2;8;1;1;
83690;202100053936;105 339;A01;1;7;0;1;4;26;1;
83691;202100053937;105 338;A01;1;2;0;1;1;2;1;
83692;202100053938;105 336;A01;2;7;0;2;2;19;1;
83693;202100053938;105 337;B01;2;7;0;2;3;1;1;
83694;202100053940;105 333;Z01;1;7;0;1;0;1;1;
83695;202100053941;105 331;B01;3;7;0;2;1;1;1;
83696;202100053941;105 332;A01;1;1;0;2;8;1;5;
83697;202100053942;105 329;A01;1;7;0;2;1;1;1;
83698;202100053942;105 330;B01;3;1;0;2;8;19;5;
83699;202100053943;105 328;A01;3;7;0;1;4;4;1;
83700;202100053944;105 327;A01;3;7;0;1;3;17;1;
83701;202100053945;105 325;B01;2;7;0;0;4;26;1;
83702;202100053945;105 326;A01;2;14;0;2;1;26;1;
83703;202100053947;105 321;B01;3;30;0;2;1;1;1;
83704;202100053947;105 322;A01;3;7;0;2;7;15;1;
83705;202100053948;105 320;Z01;0;3;0;1;0;26;0;
83706;202100053949;105 318;A01;0;7;0;2;3;1;1;
83707;202100053949;105 319;Z01;0;7;0;2;1;9;1;
83708;202100053951;105 315;A01;1;7;0;0;9;1;1;
83709;202100053952;105 313;A01;2;7;0;2;1;9;1;
83710;202100053952;105 314;B01;2;7;15;2;5;1;1;
83711;202100053953;105 312;A01;3;7;0;1;2;15;1;
83712;202100053954;105 309;C01;1;7;0;2;6;23;1;
83713;202100053954;105 310;B01;1;7;0;2;5;23;1;
83714;202100053954;105 311;A01;1;32;0;2;1;3;1;
83715;202100053955;105 308;A01;2;10;0;1;1;15;1;
83716;202100053956;105 306;A01;2;43;0;2;3;15;1;
83717;202100053956;105 307;B01;2;43;0;2;1;17;1;
83718;202100053957;105 305;A01;2;7;0;1;6;4;1;
83719;202100053958;105 303;B01;1;30;0;2;5;1;3;
83720;202100053958;105 304;A01;1;30;0;2;1;16;1;
83721;202100053959;105 301;B01;3;33;0;2;1;1;1;
83722;202100053959;105 302;A01;3;7;0;2;2;15;1;
83723;202100053960;105 299;A01;1;1;0;2;1;17;5;
83724;202100053960;105 300;B01;1;7;0;2;8;10;1;
83725;202100053961;105 298;A01;3;32;0;0;0;0;1;
83726;202100053962;105 296;B01;1;7;0;2;4;1;1;
83727;202100053962;105 297;A01;1;7;0;2;1;1;1;
83728;202100053963;105 294;B01;2;2;0;2;1;1;1;
83729;202100053963;105 295;A01;2;7;0;2;2;15;1;
83730;202100053964;105 293;A01;1;10;0;1;2;16;1;
83731;202100053965;105 292;Z01;1;30;0;1;0;1;0;
83732;202100053966;105 290;A01;2;7;0;2;1;1;1;
83733;202100053966;105 291;B01;2;7;0;2;3;1;1;
83734;202100053967;105 288;B01;3;30;0;2;2;1;1;
83735;202100053967;105 289;A01;3;7;0;2;3;11;1;
83736;202100053968;105 286;A01;2;32;0;2;1;1;1;
83737;202100053968;105 287;B01;1;7;0;2;3;1;1;
83738;202100053969;105 284;A01;1;7;0;2;1;9;0;
83739;202100053969;105 285;B01;1;7;0;2;1;1;1;
83740;202100053970;105 281;A01;0;7;0;2;1;26;0;
83741;202100053970;105 282;C01;0;7;0;2;3;23;0;
83742;202100053970;105 283;B01;0;7;0;2;4;0;1;
83743;202100053971;105 279;A01;0;7;1;0;6;23;1;
83744;202100053971;105 280;B01;0;10;0;2;1;1;1;
83745;202100053972;105 277;A01;1;7;12;0;2;0;1;
83746;202100053972;105 278;B01;1;7;0;2;4;1;1;
83747;202100053973;105 274;A01;1;7;0;2;1;26;1;
83748;202100053973;105 275;C01;1;7;0;2;1;1;1;
83749;202100053973;105 276;B01;1;7;0;2;7;1;1;
83750;202100053974;105 271;A01;2;7;0;2;1;1;1;
83751;202100053974;105 272;B01;2;7;0;2;4;23;1;
83752;202100053974;105 273;C01;2;7;0;2;4;23;0;
83753;202100053975;105 269;B01;1;32;0;2;9;1;1;
83754;202100053975;105 270;A01;2;7;0;2;7;19;0;
83755;202100053976;105 268;A01;1;7;0;1;1;26;1;
83756;202100053977;105 267;A01;1;99;15;0;9;14;1;
83757;202100053978;105 265;A01;1;7;8;2;1;1;0;
83758;202100053978;105 266;B01;1;7;0;0;2;9;0;
83759;202100053979;105 263;B01;2;7;0;2;2;1;1;
83760;202100053979;105 264;A01;2;10;0;2;3;9;0;
83761;202100053980;105 262;A01;1;30;0;0;0;1;1;
83762;202100053981;105 260;A01;2;37;0;2;2;1;0;1.0
83763;202100053981;105 261;B01;1;1;0;2;1;16;0;
83764;202100053982;105 256;C01;2;7;0;2;2;1;1;
83765;202100053982;105 257;A01;2;7;3;0;3;1;1;
83766;202100053982;105 258;D01;2;7;1;0;6;23;1;
83767;202100053983;105 255;A01;2;10;4;0;3;2;1;
83768;202100053984;105 253;A01;1;7;0;1;3;1;2;
83769;202100053985;105 252;A01;1;2;0;0;7;1;1;
83770;202100053986;105 250;B01;2;7;0;2;1;1;1;
83771;202100053986;105 251;A01;1;10;0;2;2;13;1;
83772;202100053987;105 249;A01;2;3;6;0;8;13;1;
83773;202100053988;105 247;A01;3;1;0;2;1;15;5;
83774;202100053988;105 248;B01;1;7;0;2;3;1;1;
83775;202100053989;105 246;A01;3;10;0;0;2;0;1;
83776;202100053990;105 244;A01;2;7;0;2;2;2;1;
83777;202100053990;105 245;B01;2;1;0;2;4;2;5;
83778;202100053991;105 243;A01;2;7;2;0;7;0;1;
83779;202100053993;105 241;A01;1;7;0;0;9;1;1;
83780;202100053994;105 238;A01;2;7;0;2;3;15;1;
83781;202100053994;105 239;B01;1;33;0;2;8;1;1;
83782;202100053995;105 235;A01;0;7;0;0;0;0;1;
83783;202100053996;105 234;A01;1;7;0;1;0;1;0;
83784;202100053998;105 228;A01;1;7;0;2;3;15;1;
83785;202100053998;105 229;B01;1;33;0;2;1;17;1;
83786;202100053999;105 226;A01;1;7;0;2;3;13;1;
83787;202100053999;105 227;B01;2;7;0;2;3;21;1;
83788;202100054000;105 225;A01;2;7;2;0;9;1;1;
83789;202100054001;105 223;B01;1;33;0;2;3;1;0;
83790;202100054001;105 224;A01;2;7;0;2;3;1;0;
83791;202100054002;105 221;B01;1;34;0;2;1;1;1;
83792;202100054002;105 222;A01;3;7;0;2;3;17;1;
83793;202100054003;105 220;A01;1;7;0;0;2;26;1;
83794;202100054004;105 219;A01;1;2;9;0;1;1;1;
83795;202100054005;105 218;A01;1;20;0;1;2;16;1;
83796;202100054006;105 216;A01;1;7;0;1;2;1;2;
83797;202100054007;105 213;A01;3;7;0;2;1;5;1;
83798;202100054007;105 214;C01;3;7;0;2;3;23;1;
83799;202100054007;105 215;B01;3;7;0;2;3;1;1;
83800;202100054008;105 212;A01;2;7;13;0;1;1;1;
83801;202100054009;105 210;B01;2;33;0;2;7;16;1;
83802;202100054009;105 211;A01;2;7;0;2;3;2;1;
83803;202100054010;105 208;B01;1;31;0;2;0;0;1;
83804;202100054010;105 209;A01;1;7;0;2;2;0;1;
83805;202100054011;105 205;D01;1;7;0;2;4;1;1;
83806;202100054011;105 206;C01;1;7;0;2;6;1;1;
83807;202100054011;105 207;A01;1;7;3;2;2;21;1;
83808;202100054014;105 198;A01;2;7;4;0;3;26;1;
83809;202100054015;105 197;B01;1;7;0;2;1;1;1;
83810;202100054016;105 194;A01;1;7;0;2;1;14;1;
83811;202100054016;105 195;B01;1;10;0;2;3;1;1;
83812;202100054016;105 196;C01;1;7;0;2;1;1;1;
83813;202100054017;105 192;B01;2;7;0;2;6;23;1;
83814;202100054017;105 193;A01;2;14;1;0;2;1;1;
83815;202100054018;105 190;A01;1;7;0;2;1;26;1;
83816;202100054018;105 191;B01;1;7;0;2;4;0;1;
83817;202100054019;105 185;E01;2;7;0;2;4;2;1;
83818;202100054019;105 186;D01;2;7;0;2;4;2;1;
83819;202100054019;105 187;C01;2;7;0;2;4;2;2;
83820;202100054019;105 188;B01;2;10;0;2;4;2;1;
83821;202100054019;105 189;A01;2;7;0;2;1;2;1;
83822;202100054020;105 183;B01;1;7;0;2;4;2;1;
83823;202100054020;105 184;A01;1;10;0;2;1;2;1;
83824;202100054021;105 181;B01;1;7;0;2;4;2;1;
83825;202100054021;105 182;A01;1;7;0;2;1;2;1;
83826;202100054022;105 180;A01;1;32;0;0;9;1;1;
83827;202100054023;105 178;B01;1;32;0;2;1;1;1;
83828;202100054023;105 179;A01;2;33;0;2;1;13;1;
83829;202100054024;105 177;A01;2;30;12;0;7;26;1;
83830;202100054025;105 175;A01;1;30;0;2;8;3;1;
83831;202100054025;105 176;B01;1;7;0;2;5;1;1;
83832;202100054026;105 173;A01;1;7;0;2;1;15;1;
83833;202100054026;105 174;B01;1;7;0;2;8;1;1;
83834;202100054028;105 171;A01;1;7;8;0;1;16;1;
83835;202100054029;105 169;A01;2;7;0;2;8;1;1;
83836;202100054029;105 170;B01;2;7;0;2;2;12;1;
83837;202100054030;105 167;Z01;3;7;0;2;1;16;1;
83838;202100054030;105 168;B01;2;7;0;2;7;1;1;
83839;202100054031;105 164;C01;3;10;0;2;4;23;1;
83840;202100054031;105 165;B01;3;7;0;2;4;23;1;
83841;202100054031;105 166;A01;3;10;0;2;1;2;1;
83842;202100054032;105 163;A01;1;10;0;1;3;15;1;
83843;202100054033;105 161;A01;3;10;0;9;3;1;-1;
83844;202100054033;105 162;B01;3;39;0;2;0;0;0;
83845;202100054035;105 158;A01;1;7;9;1;2;2;1;
83846;202100054036;105 157;A01;0;7;0;1;1;0;-1;
83847;202100054037;105 156;A01;2;37;0;1;0;1;1;1.0
83848;202100054038;105 154;B01;0;10;0;2;3;1;1;
83849;202100054038;105 155;A01;0;7;0;2;1;1;1;
83850;202100054039;105 153;A01;1;7;0;1;3;1;1;
83851;202100054042;105 146;D01;1;7;4;0;1;2;1;
83852;202100054042;105 147;C01;1;13;4;0;0;0;1;