;Num_Acc;id_vehicule;num_veh;senc;catv;obs;obsm;choc;manv;motor;occutc
83853;202100054042;105 148;A01;1;3;4;0;9;1;3;
83854;202100054042;105 149;B01;1;7;4;0;5;11;2;
83855;202100054044;105 143;B01;3;7;0;2;7;1;1;
83856;202100054044;105 144;A01;3;7;0;2;1;1;1;
83857;202100054045;105 141;A01;0;7;0;1;1;1;3;
83858;202100054048;105 136;A01;1;7;0;1;1;9;1;
83859;202100054049;105 134;B01;2;7;0;0;1;1;1;
83860;202100054049;105 135;A01;2;2;0;2;7;1;1;
83861;202100054050;105 130;A01;1;30;12;0;0;26;1;
83862;202100054051;105 128;A01;2;7;0;2;1;1;1;
83863;202100054051;105 129;B01;2;1;0;2;8;13;5;
83864;202100054052;105 127;A01;1;7;0;1;1;1;1;
83865;202100054054;105 124;A01;2;7;0;2;2;15;1;
83866;202100054054;105 125;B01;2;30;0;2;8;0;1;
83867;202100054055;105 123;A01;1;10;0;1;2;26;1;
83868;202100054057;105 120;A01;2;7;0;1;3;1;1;
83869;202100054058;105 118;A01;2;7;0;2;1;9;1;
83870;202100054058;105 119;B01;1;1;0;2;7;1;5;
83871;202100054059;105 116;B01;2;7;0;2;1;1;1;
83872;202100054059;105 117;A01;1;10;0;2;2;1;1;
83873;202100054061;105 113;A01;2;30;0;2;1;17;1;
83874;202100054061;105 114;B01;2;7;0;2;6;15;1;
83875;202100054062;105 111;B01;1;1;0;2;1;1;5;
83876;202100054062;105 112;A01;1;7;0;9;1;15;1;
83877;202100054063;105 110;A01;2;7;0;1;3;1;1;
83878;202100054064;105 108;B01;3;7;0;2;1;1;1;
83879;202100054064;105 109;A01;3;7;9;2;7;19;1;
83880;202100054065;105 106;A01;3;7;0;4;1;1;1;
83881;202100054065;105 107;B01;3;40;0;2;2;1;3;
83882;202100054066;105 104;B01;3;7;0;2;4;1;1;
83883;202100054066;105 105;A01;3;7;0;2;1;1;1;
83884;202100054067;105 102;B01;-1;31;0;2;1;0;1;
83885;202100054067;105 103;A01;3;7;0;2;2;15;1;
83886;202100054068;105 100;B01;3;1;0;2;8;19;5;
83887;202100054068;105 101;A01;3;10;0;2;2;1;0;
83888;202100054069;105 098;B01;2;7;9;2;4;2;1;
83889;202100054069;105 099;A01;2;7;0;2;3;2;1;
83890;202100054070;105 097;A01;3;7;0;1;2;1;1;
83891;202100054071;105 095;A01;2;7;0;2;1;1;1;
83892;202100054071;105 096;B01;2;7;0;2;3;16;1;
83893;202100054072;105 093;B01;2;2;0;2;1;1;1;
83894;202100054072;105 094;A01;2;7;0;2;3;15;1;
83895;202100054073;105 091;A01;3;7;0;2;1;1;1;
83896;202100054073;105 092;B01;3;30;0;2;1;1;1;
83897;202100054074;105 090;A01;2;7;0;1;2;1;1;
83898;202100054075;105 089;A01;2;7;0;1;1;1;1;
83899;202100054076;105 088;A01;2;7;6;0;3;13;1;
83900;202100054077;105 085;C01;2;7;0;2;1;24;1;
83901;202100054077;105 086;B01;1;31;0;2;7;17;1;
83902;202100054077;105 087;A01;1;7;0;2;3;15;1;
83903;202100054078;105 083;B01;0;7;0;0;4;1;1;
83904;202100054078;105 084;A01;0;7;1;2;1;1;1;
83905;202100054079;105 081;B01;3;50;0;2;0;0;3;
83906;202100054079;105 082;A01;3;7;0;2;3;26;1;
83907;202100054080;105 079;A01;1;7;0;2;2;15;1;
83908;202100054080;105 080;B01;2;7;0;2;3;1;1;
83909;202100054081;105 078;A01;2;7;0;1;2;15;1;
83910;202100054082;105 077;A01;1;2;0;1;7;1;1;
83911;202100054084;105 073;B01;1;7;0;2;4;1;1;
83912;202100054084;105 074;A01;1;7;14;2;1;2;1;
83913;202100054085;105 071;Z01;1;7;0;2;1;1;0;
83914;202100054085;105 072;B01;1;30;0;2;1;1;1;
83915;202100054086;105 069;Z01;1;7;0;2;4;20;1;
83916;202100054086;105 070;B01;1;7;0;2;1;23;1;
83917;202100054087;105 067;A01;1;7;0;2;1;16;1;
83918;202100054087;105 068;B01;0;7;0;2;2;1;1;
83919;202100054088;105 065;B01;3;7;0;2;1;0;1;
83920;202100054088;105 066;A01;3;7;0;2;1;0;1;
83921;202100054089;105 063;B01;3;10;0;2;3;9;1;
83922;202100054089;105 064;A01;3;7;0;2;7;13;1;
83923;202100054090;105 061;B01;1;7;0;2;3;15;1;
83924;202100054090;105 062;A01;1;31;0;2;1;1;1;
83925;202100054091;105 059;A01;2;7;0;2;1;13;1;
83926;202100054091;105 060;B01;1;7;0;2;3;1;1;
83927;202100054092;105 057;B01;1;50;0;2;8;1;3;
83928;202100054092;105 058;A01;1;7;0;2;2;16;1;
83929;202100054093;105 056;A01;1;7;0;1;2;1;1;
83930;202100054094;105 055;A01;1;10;0;1;2;26;1;
83931;202100054095;105 053;A01;1;7;0;2;0;1;1;
83932;202100054095;105 054;B01;1;30;0;2;8;15;1;
83933;202100054096;105 051;A01;1;33;0;2;7;15;1;
83934;202100054096;105 052;B01;2;30;0;2;1;1;1;
83935;202100054097;105 049;A01;1;7;0;2;0;22;1;
83936;202100054097;105 050;B01;1;1;0;2;0;1;5;
83937;202100054098;105 047;A01;3;30;0;2;1;18;3;
83938;202100054098;105 048;B01;2;7;0;2;2;15;1;
83939;202100054099;105 045;A01;1;10;0;2;7;10;1;
83940;202100054099;105 046;B01;1;43;1;2;1;17;1;
83941;202100054100;105 042;A01;1;7;0;1;1;1;1;
83942;202100054101;105 040;A01;1;7;0;2;7;15;1;
83943;202100054101;105 041;B01;2;32;0;2;1;1;1;
83944;202100054102;105 039;A01;2;33;0;0;1;1;1;
83945;202100054103;105 038;A01;3;7;0;1;2;1;1;
83946;202100054104;105 037;A01;1;50;0;0;2;1;3;
83947;202100054105;105 036;A01;1;32;1;0;2;1;1;
83948;202100054106;105 034;A01;3;10;0;2;3;2;1;
83949;202100054106;105 035;B01;3;50;1;0;7;1;3;
83950;202100054107;105 032;B01;2;31;0;2;3;1;1;
83951;202100054107;105 033;A01;1;7;0;2;1;15;1;
83952;202100054108;105 031;A01;2;10;0;1;3;26;1;
83953;202100054109;105 029;A01;1;7;1;0;0;0;1;
83954;202100054109;105 030;B01;2;1;1;0;0;0;5;
83955;202100054110;105 027;A01;1;7;0;2;3;20;1;
83956;202100054110;105 028;B01;1;31;0;2;1;1;1;
83957;202100054111;105 025;A01;3;32;0;2;3;13;1;
83958;202100054111;105 026;B01;3;15;0;2;3;1;1;
83959;202100054112;105 023;A01;0;7;0;2;1;9;0;
83960;202100054112;105 024;B01;2;7;0;2;7;1;1;
83961;202100054114;105 019;A01;3;7;0;2;1;5;1;
83962;202100054114;105 020;B01;2;32;0;2;1;1;1;
83963;202100054115;105 017;A01;2;3;0;2;6;2;1;
83964;202100054115;105 018;B01;1;30;0;2;1;2;1;
83965;202100054116;105 016;A01;1;7;0;1;1;1;2;
83966;202100054118;105 013;B01;-1;7;0;2;4;0;0;
83967;202100054118;105 014;A01;-1;31;0;2;4;26;0;
83968;202100054119;105 011;B01;1;7;0;2;7;16;2;
83969;202100054119;105 012;A01;1;34;0;2;8;18;1;
83970;202100054121;105 008;B01;3;30;0;2;8;1;1;
83971;202100054121;105 009;Z01;3;7;0;2;0;0;1;
83972;202100054122;105 007;A01;1;10;0;1;2;1;1;
83973;202100054123;105 004;Z01;0;7;0;2;1;2;0;
83974;202100054123;105 005;B01;3;7;0;2;4;2;1;
83975;202100054123;105 006;A01;3;33;0;2;4;2;1;
83976;202100054124;105 003;A01;1;7;0;1;1;14;1;
83977;202100054125;105 001;Z01;3;7;0;2;2;17;0;
83978;202100054125;105 002;A01;1;30;0;2;3;1;1;
83979;202100054126;104 999;A01;1;10;0;2;3;15;1;
83980;202100054126;105 000;B01;1;2;0;2;1;1;1;
83981;202100054127;104 998;A01;2;30;0;1;1;16;1;
83982;202100054128;104 996;A01;2;31;0;0;0;1;3;
83983;202100054128;104 997;Z01;2;7;0;0;0;15;0;
83984;202100054129;104 994;A01;1;10;3;0;6;9;1;
83985;202100054129;104 995;B01;1;7;0;2;2;2;1;
83986;202100054130;104 992;A01;1;7;0;2;6;15;1;
83987;202100054130;104 993;C01;1;7;0;2;3;1;1;
83988;202100054133;104 985;A01;2;7;5;0;1;16;1;
83989;202100054134;104 983;B01;0;7;0;2;7;1;1;
83990;202100054134;104 984;A01;0;2;0;2;2;15;1;
83991;202100054135;104 982;A01;3;7;0;1;3;2;1;
83992;202100054137;104 979;A01;2;7;1;0;1;2;1;
83993;202100054137;104 980;B01;2;10;1;0;4;0;1;
83994;202100054139;104 976;A01;1;7;0;1;2;1;1;
83995;202100054140;104 974;B01;2;7;0;9;1;1;1;
83996;202100054140;104 975;A01;2;33;0;2;4;16;1;
83997;202100054141;104 973;A01;2;7;2;0;1;2;1;
83998;202100054142;104 971;A01;2;7;0;2;8;1;1;
83999;202100054142;104 972;B01;1;7;0;2;1;1;1;
84000;202100054143;104 969;A01;3;7;0;2;2;15;1;
84001;202100054143;104 970;B01;3;2;0;2;2;2;1;
84002;202100054144;104 968;A01;3;33;13;0;1;0;1;
84003;202100054145;104 967;A01;1;2;0;0;8;1;1;
84004;202100054146;104 965;B01;1;33;0;2;1;1;1;
84005;202100054146;104 966;A01;2;7;0;2;1;5;1;
84006;202100054147;104 962;B01;2;7;0;2;1;1;1;
84007;202100054147;104 963;A01;2;7;0;2;1;19;1;
84008;202100054147;104 964;C01;1;7;0;2;3;23;1;
84009;202100054148;104 960;B01;2;10;0;2;2;1;1;
84010;202100054148;104 961;A01;3;7;0;2;3;15;1;
84011;202100054149;104 958;B01;2;21;0;2;3;1;1;
84012;202100054149;104 959;A01;1;7;0;2;3;1;1;
84013;202100054150;104 956;A01;2;33;0;0;1;2;1;
84014;202100054150;104 957;B01;2;7;0;0;6;23;1;
84015;202100054151;104 954;A01;2;7;0;0;1;13;1;
84016;202100054151;104 955;B01;1;7;0;0;1;0;1;
84017;202100054152;104 952;A01;1;7;0;2;8;1;1;
84018;202100054152;104 953;B01;2;7;0;2;1;1;1;
84019;202100054153;104 950;B01;2;1;0;2;1;1;5;
84020;202100054153;104 951;A01;1;10;0;9;2;1;1;
84021;202100054154;104 949;A01;1;10;4;0;3;1;1;
84022;202100054155;104 943;A01;2;7;3;0;5;1;1;
84023;202100054155;104 944;B01;2;7;3;0;1;1;1;
84024;202100054155;104 945;C01;2;7;3;2;1;1;1;
84025;202100054155;104 946;D01;2;7;3;2;1;1;1;
84026;202100054155;104 947;E01;2;7;3;2;1;1;1;
84027;202100054155;104 948;F01;2;7;3;2;4;1;1;
84028;202100054156;104 940;A01;3;7;0;2;3;2;1;
84029;202100054156;104 941;B01;3;31;0;2;2;2;1;
84030;202100054157;104 939;A01;2;7;15;0;2;1;1;
84031;202100054158;104 938;A01;2;7;13;0;1;1;1;
84032;202100054159;104 937;A01;3;7;0;0;0;1;1;
84033;202100054160;104 936;A01;1;7;0;1;3;1;1;
84034;202100054161;104 934;A01;1;15;0;2;3;1;1;
84035;202100054161;104 935;B01;2;7;0;2;3;1;1;
84036;202100054162;104 932;A01;3;7;0;2;3;15;1;
84037;202100054162;104 933;B01;3;2;0;2;7;1;1;
84038;202100054163;104 931;A01;2;7;0;0;9;1;1;
84039;202100054164;104 929;A01;0;31;0;0;8;1;1;
84040;202100054164;104 930;B01;0;7;0;0;0;15;1;
84041;202100054165;104 928;A01;0;33;0;0;2;1;1;
84042;202100054166;104 926;A01;0;7;0;2;0;1;1;
84043;202100054166;104 927;B01;0;7;0;2;3;1;1;
84044;202100054167;104 925;A01;2;7;8;0;7;0;1;
84045;202100054168;104 923;B01;1;10;0;2;1;2;1;
84046;202100054168;104 924;A01;1;7;0;0;4;23;1;
84047;202100054169;104 921;B01;0;7;0;2;2;2;1;
84048;202100054169;104 922;A01;0;7;0;2;3;2;1;
84049;202100054170;104 918;C01;2;7;0;2;4;1;1;
84050;202100054170;104 919;B01;2;7;0;2;4;2;1;
84051;202100054170;104 920;A01;2;7;0;2;1;1;1;
84052;202100054171;104 915;B01;2;7;0;2;9;1;1;
84053;202100054171;104 916;C01;2;7;0;2;7;1;1;
84054;202100054171;104 917;A01;2;17;0;2;2;12;1;
84055;202100054173;104 913;A01;1;7;6;0;2;14;1;
84056;202100054174;104 911;A01;2;33;0;0;7;1;1;
84057;202100054174;104 912;Z01;2;7;0;2;3;11;1;
84058;202100054175;104 909;A01;1;10;4;0;1;0;1;
84059;202100054175;104 910;B01;1;7;3;0;1;0;2;
84060;202100054176;104 904;B01;1;10;0;2;5;1;1;
84061;202100054176;104 905;A01;1;7;0;2;3;1;1;
84062;202100054176;104 906;E01;1;7;0;2;4;1;1;
84063;202100054176;104 907;D01;1;7;0;2;4;1;1;
84064;202100054176;104 908;C01;1;7;0;2;4;1;1;
84065;202100054177;104 903;A01;1;7;4;0;3;13;1;
84066;202100054178;104 901;A01;3;7;0;9;3;1;1;
84067;202100054178;104 902;B01;3;1;0;2;1;1;5;
84068;202100054179;104 900;A01;2;1;0;1;4;25;5;
84069;202100054182;104 897;A01;2;1;12;0;0;19;5;
84070;202100054185;104 892;A01;1;7;6;0;9;17;1;
84071;202100054186;104 891;A01;3;7;0;1;1;16;1;
84072;202100054187;104 890;A01;1;10;0;1;2;21;1;
84073;202100054188;104 888;B01;2;33;0;2;1;1;1;
84074;202100054188;104 889;A01;2;10;0;2;2;9;1;
84075;202100054189;104 887;A01;1;7;0;1;1;1;1;
84076;202100054190;104 886;A01;1;7;0;0;7;1;1;
84077;202100054191;104 884;A01;0;7;0;2;6;9;1;
84078;202100054191;104 885;B01;0;33;0;2;7;9;1;
84079;202100054192;104 883;A01;0;7;0;1;8;1;1;
84080;202100054193;104 881;B01;0;7;0;0;0;1;1;
84081;202100054193;104 882;A01;0;33;0;0;7;1;1;
84082;202100054194;104 877;A01;1;33;0;2;1;18;1;
84083;202100054194;104 878;B01;2;7;0;2;1;0;1;
84084;202100054195;104 875;A01;1;14;0;2;2;16;1;
84085;202100054195;104 876;B01;2;1;0;2;0;9;0;
84086;202100054196;104 874;A01;3;7;0;1;2;1;1;
84087;202100054197;104 871;A01;1;7;0;1;2;1;1;
84088;202100054199;104 868;A01;1;14;0;1;2;1;1;
84089;202100054200;104 866;B01;1;10;0;2;7;1;0;
84090;202100054200;104 867;A01;2;30;0;2;7;13;1;
84091;202100054201;104 864;B01;2;10;0;2;6;1;1;
84092;202100054201;104 865;A01;1;2;0;2;1;1;1;
84093;202100054202;104 862;A01;1;10;0;2;2;19;1;
84094;202100054202;104 863;B01;1;37;0;2;3;1;1;2.0
84095;202100054203;104 861;A01;3;30;0;0;1;1;1;
84096;202100054204;104 859;A01;1;7;0;2;1;1;1;
84097;202100054204;104 860;B01;1;7;0;2;4;1;1;
84098;202100054205;104 858;A01;1;7;0;1;1;15;1;
84099;202100054206;104 857;A01;1;32;0;0;1;9;1;
84100;202100054207;104 855;B01;1;10;0;2;2;15;1;
84101;202100054207;104 856;A01;2;31;0;2;7;21;1;
84102;202100054208;104 853;A01;2;7;0;2;2;2;1;
84103;202100054208;104 854;B01;2;1;0;2;8;15;0;
84104;202100054209;104 851;A01;3;7;0;2;1;1;1;
84105;202100054209;104 852;B01;3;10;0;2;7;1;1;
84106;202100054210;104 849;A01;3;30;0;2;7;26;1;
84107;202100054210;104 850;B01;3;7;0;2;3;26;1;
84108;202100054211;104 847;A01;3;30;0;2;1;1;1;
84109;202100054211;104 848;B01;3;7;0;2;3;15;1;
84110;202100054212;104 845;B01;1;7;0;0;4;1;1;
84111;202100054212;104 846;A01;1;7;0;2;1;2;1;
84112;202100054213;104 843;B01;2;7;0;2;1;1;1;
84113;202100054213;104 844;A01;3;7;0;2;3;16;1;
84114;202100054214;104 842;A01;1;32;0;1;1;1;1;
84115;202100054215;104 840;A01;3;7;0;2;3;9;1;
84116;202100054215;104 841;B01;3;2;0;2;1;1;1;
84117;202100054216;104 839;A01;1;7;0;1;1;1;2;
84118;202100054217;104 838;A01;1;7;0;1;2;0;1;
84119;202100054218;104 837;A01;1;7;0;1;1;1;1;
84120;202100054219;104 835;B01;1;7;0;2;3;15;1;
84121;202100054219;104 836;A01;2;2;0;2;1;15;1;
84122;202100054220;104 832;B01;1;7;0;2;5;1;1;
84123;202100054220;104 833;A01;1;7;0;2;1;1;1;
84124;202100054221;104 830;A01;1;10;0;2;7;1;1;
84125;202100054221;104 831;B01;2;7;0;2;1;1;1;
84126;202100054222;104 829;A01;2;10;0;1;7;16;1;
84127;202100054223;104 827;A01;1;14;0;2;1;1;1;
84128;202100054223;104 828;B01;3;50;0;2;3;19;3;
84129;202100054224;104 826;A01;3;34;0;1;1;1;1;
84130;202100054225;104 824;A01;1;30;0;0;0;0;0;
84131;202100054225;104 825;E01;1;7;0;2;3;0;1;
84132;202100054226;104 822;A01;1;7;0;2;1;2;1;
84133;202100054226;104 823;B01;1;15;0;2;4;2;1;
84134;202100054227;104 821;A01;1;30;0;2;8;2;1;
84135;202100054228;104 819;B01;2;7;0;2;8;15;1;
84136;202100054228;104 820;A01;2;30;0;2;2;17;1;
84137;202100054229;104 818;A01;2;7;0;1;1;16;1;
84138;202100054230;104 817;A01;1;10;0;1;2;1;1;
84139;202100054231;104 815;B01;1;30;0;2;7;17;1;
84140;202100054231;104 816;A01;3;7;0;2;3;9;1;
84141;202100054232;104 813;A01;2;30;0;2;1;1;1;
84142;202100054232;104 814;B01;1;7;0;2;2;1;1;
84143;202100054233;104 811;B01;1;7;0;2;1;1;0;
84144;202100054233;104 812;A01;1;7;0;2;4;1;1;
84145;202100054234;104 809;A01;3;50;0;2;8;19;3;
84146;202100054234;104 810;B01;3;7;0;2;5;1;1;
84147;202100054235;104 807;B01;1;34;0;2;3;1;1;
84148;202100054235;104 808;A01;1;7;0;2;2;1;1;
84149;202100054237;104 804;A01;2;7;0;1;1;16;1;
84150;202100054238;104 803;A01;2;37;0;1;3;7;1;1.0
84151;202100054239;104 802;A01;2;50;0;1;1;1;3;
84152;202100054240;104 800;A01;1;7;0;2;8;15;1;
84153;202100054240;104 801;B01;1;30;0;2;7;1;1;
84154;202100054242;104 796;A01;1;7;0;2;1;15;1;
84155;202100054242;104 797;B01;2;33;0;2;1;1;1;
84156;202100054243;104 794;B01;1;34;0;2;1;3;1;
84157;202100054243;104 795;A01;1;7;0;2;8;22;1;
84158;202100054244;104 793;A01;1;32;0;0;1;1;1;
84159;202100054245;104 791;B01;1;7;0;2;3;15;1;
84160;202100054245;104 792;A01;2;1;0;2;1;17;5;
84161;202100054246;104 790;A01;0;7;0;1;3;1;3;
84162;202100054247;104 789;A01;3;30;0;0;3;1;1;
84163;202100054248;104 788;Z01;3;50;0;1;0;1;3;
84164;202100054249;104 787;A01;2;7;11;0;2;1;1;
84165;202100054250;104 785;A01;2;33;0;2;1;18;1;
84166;202100054250;104 786;B01;2;10;0;2;3;15;1;
84167;202100054251;104 784;B01;1;31;0;1;1;0;1;
84168;202100054252;104 782;A01;1;13;1;0;6;11;1;
84169;202100054252;104 783;B01;1;2;0;2;2;2;1;
84170;202100054253;104 780;A01;1;10;0;2;4;4;1;
84171;202100054253;104 781;B01;1;2;0;2;1;2;1;
84172;202100054254;104 778;A01;1;7;0;2;1;1;2;
84173;202100054254;104 779;B01;1;1;0;2;4;26;5;
84174;202100054255;104 775;A01;1;10;0;2;3;1;1;
84175;202100054255;104 776;C01;1;7;0;2;3;2;1;
84176;202100054255;104 777;B01;1;7;0;2;9;1;1;
84177;202100054256;104 774;A01;1;14;0;1;3;1;1;
84178;202100054257;104 773;A01;0;7;0;1;1;1;1;
84179;202100054258;104 770;A01;2;43;0;1;2;1;1;
84180;202100054259;104 769;A01;1;2;0;1;1;1;1;
84181;202100054260;104 767;B01;2;1;0;2;8;1;5;
84182;202100054260;104 768;A01;1;7;0;2;1;15;1;
84183;202100054261;104 764;A01;3;7;0;2;3;11;1;
84184;202100054261;104 765;B01;3;32;0;2;1;3;1;
84185;202100054261;104 766;C01;3;7;0;2;1;1;1;
84186;202100054262;104 763;A01;1;7;0;1;2;1;1;
84187;202100054263;104 761;B01;1;1;0;2;0;1;0;
84188;202100054263;104 762;A01;1;7;0;2;5;16;0;
84189;202100054264;104 759;B01;1;1;0;2;4;2;5;
84190;202100054264;104 760;A01;1;10;0;2;2;2;1;
84191;202100054265;104 758;A01;2;7;2;0;7;14;1;
84192;202100054266;104 755;C01;1;14;0;2;3;1;1;
84193;202100054266;104 756;B01;2;10;0;2;6;1;1;
84194;202100054266;104 757;A01;2;7;0;2;2;1;1;
84195;202100054267;104 754;A01;3;7;13;0;9;1;1;
84196;202100054268;104 753;A01;2;7;4;0;0;1;1;
84197;202100054269;104 751;A01;2;17;0;2;6;1;1;
84198;202100054269;104 752;B01;1;10;0;2;3;1;1;
84199;202100054270;104 750;A01;2;7;15;0;3;0;1;
84200;202100054271;104 748;A01;1;7;0;2;1;13;1;
84201;202100054271;104 749;B01;2;7;0;2;1;1;1;
84202;202100054272;104 747;A01;1;7;0;1;1;1;1;
84203;202100054273;104 745;B01;1;7;0;2;3;1;1;
84204;202100054273;104 746;A01;2;7;0;2;3;1;1;
84205;202100054274;104 744;A01;1;7;2;0;2;13;1;
84206;202100054276;104 742;A01;1;7;14;0;1;1;1;
84207;202100054277;104 740;B01;1;1;0;2;2;1;5;
84208;202100054277;104 741;A01;1;7;0;2;3;16;1;
84209;202100054278;104 736;A01;2;7;0;2;8;19;1;
84210;202100054278;104 737;B01;1;33;0;2;1;1;1;
84211;202100054279;104 735;A01;2;7;0;1;3;1;1;
84212;202100054280;104 734;A01;0;7;3;0;3;1;1;
84213;202100054281;104 733;A01;2;7;0;1;3;1;1;
84214;202100054282;104 732;A01;1;7;3;0;1;1;1;
84215;202100054283;104 730;A01;1;2;0;2;1;1;1;
84216;202100054283;104 731;B01;1;7;0;0;4;23;1;
84217;202100054284;104 726;B01;1;15;0;2;3;1;1;
84218;202100054284;104 727;C01;2;7;0;9;-1;2;1;
84219;202100054284;104 728;D01;1;7;0;9;1;2;1;
84220;202100054284;104 729;A01;2;7;0;2;3;5;1;
84221;202100054285;104 723;A01;1;7;0;2;3;11;1;
84222;202100054285;104 724;B01;1;10;0;2;2;1;1;
84223;202100054285;104 725;C01;1;17;0;2;2;1;1;
84224;202100054286;104 722;A01;2;38;16;0;7;1;1;13.0
84225;202100054287;104 721;A01;3;7;1;0;2;14;1;
84226;202100054288;104 719;A01;3;10;0;2;6;1;1;
84227;202100054288;104 720;B01;3;7;0;2;3;16;1;
84228;202100054289;104 717;A01;1;7;0;0;3;9;1;
84229;202100054289;104 718;B01;2;33;0;2;1;1;1;
84230;202100054290;104 716;A01;2;7;13;0;1;1;1;
84231;202100054291;104 715;A01;2;7;0;1;2;14;1;
84232;202100054292;104 714;A01;2;7;0;1;1;1;1;
84233;202100054293;104 713;A01;1;7;0;1;1;1;1;
84234;202100054294;104 711;A01;2;7;0;2;1;15;1;
84235;202100054294;104 712;B01;1;2;0;2;1;1;1;
84236;202100054295;104 709;A01;2;7;0;2;6;15;1;
84237;202100054295;104 710;B01;1;33;0;2;1;1;1;
84238;202100054296;104 706;A01;2;7;3;0;6;1;1;
84239;202100054296;104 707;B01;2;7;0;0;0;1;1;
84240;202100054297;104 704;A01;1;7;0;2;2;2;0;
84241;202100054297;104 705;B01;1;1;0;0;4;2;5;
84242;202100054298;104 703;A01;2;7;0;1;2;1;1;
84243;202100054299;104 702;A01;1;30;4;0;3;1;1;
84244;202100054300;104 701;A01;2;7;0;1;1;1;1;
84245;202100054301;104 696;E01;1;7;0;2;4;2;1;
84246;202100054301;104 697;D01;1;7;0;2;4;2;2;
84247;202100054301;104 698;C01;1;7;0;2;4;2;1;
84248;202100054301;104 699;B01;1;10;0;2;4;2;1;
84249;202100054301;104 700;A01;1;7;0;2;1;2;1;
84250;202100054302;104 695;A01;2;32;0;2;0;3;1;
84251;202100054303;104 692;C01;1;10;0;2;1;2;1;
84252;202100054303;104 693;B01;1;7;0;2;4;2;1;
84253;202100054303;104 694;A01;1;10;0;2;4;1;1;
84254;202100054304;104 690;A01;3;7;0;2;3;1;1;
84255;202100054304;104 691;B01;3;7;0;2;3;0;1;
84256;202100054305;104 688;B01;1;1;0;2;1;1;0;
84257;202100054305;104 689;A01;1;7;0;2;1;9;1;
84258;202100054306;104 686;B01;2;7;0;2;7;15;1;
84259;202100054306;104 687;A01;2;2;0;2;0;0;0;
84260;202100054307;104 685;A01;0;7;0;0;0;1;1;
84261;202100054308;104 684;A01;2;7;9;0;6;16;1;
84262;202100054309;104 683;A01;3;7;0;1;1;1;1;
84263;202100054311;104 680;A01;2;7;0;1;1;1;1;
84264;202100054312;104 679;A01;3;7;0;1;2;26;1;
84265;202100054313;104 678;A01;1;7;9;2;2;1;0;
84266;202100054314;104 677;A01;1;0;0;1;7;16;0;
84267;202100054316;104 673;B01;1;2;0;0;5;1;1;
84268;202100054316;104 674;A01;1;1;0;2;8;7;0;
84269;202100054317;104 671;B01;1;33;0;2;1;15;0;
84270;202100054317;104 672;A01;2;15;0;2;8;26;0;
84271;202100054318;104 668;B01;1;7;0;2;4;23;1;
84272;202100054318;104 669;A01;1;7;0;2;1;2;1;
84273;202100054319;104 666;B01;2;7;0;2;1;1;1;
84274;202100054319;104 667;A01;1;7;0;2;2;13;1;
84275;202100054320;104 664;A01;0;7;0;2;5;26;1;
84276;202100054320;104 665;B01;3;1;0;2;0;1;5;
84277;202100054321;104 662;A01;1;7;0;2;1;1;1;
84278;202100054321;104 663;B01;1;7;0;2;3;16;1;
84279;202100054322;104 661;A01;2;7;0;1;3;15;1;
84280;202100054323;104 659;B01;2;7;0;2;1;1;1;
84281;202100054323;104 660;A01;1;7;0;2;1;13;1;
84282;202100054324;104 657;A01;0;32;0;0;8;15;2;
84283;202100054324;104 658;B01;1;10;0;2;2;0;1;
84284;202100054325;104 656;A01;1;30;0;1;1;1;1;
84285;202100054326;104 654;A01;2;7;0;2;3;9;1;
84286;202100054326;104 655;B01;3;1;0;2;1;1;5;
84287;202100054327;104 651;C01;2;7;0;2;4;1;1;
84288;202100054327;104 652;B01;2;7;0;2;4;1;1;
84289;202100054327;104 653;A01;2;7;0;2;1;2;1;
84290;202100054328;104 650;A01;1;2;0;1;1;26;1;
84291;202100054329;104 649;A01;3;7;0;1;2;26;1;
84292;202100054330;104 647;A01;1;7;0;2;6;10;1;
84293;202100054330;104 648;B01;1;33;0;2;1;1;1;
84294;202100054331;104 646;A01;1;7;0;1;3;1;1;
84295;202100054332;104 644;A01;3;7;0;2;3;15;1;
84296;202100054332;104 645;B01;3;7;0;2;3;1;1;
84297;202100054333;104 642;A01;1;7;0;2;2;1;1;
84298;202100054333;104 643;B01;1;7;0;2;3;15;1;
84299;202100054334;104 640;B01;2;7;9;0;7;16;1;
84300;202100054334;104 641;A01;2;7;0;2;1;1;1;
84301;202100054335;104 638;B01;1;7;0;2;2;1;1;
84302;202100054335;104 639;A01;3;10;0;2;5;4;1;
84303;202100054336;104 637;A01;1;10;0;1;2;15;1;
84304;202100054337;104 635;B01;1;7;0;2;1;15;1;
84305;202100054337;104 636;A01;2;30;0;2;1;1;1;
84306;202100054338;104 633;A01;1;10;0;2;2;1;1;
84307;202100054338;104 634;B01;1;1;0;2;1;19;5;
84308;202100054339;104 631;A01;2;80;0;2;2;1;3;
84309;202100054339;104 632;B01;1;7;0;2;3;1;1;
84310;202100054340;104 630;A01;3;10;0;1;3;1;1;
84311;202100054341;104 628;B01;2;7;0;2;3;19;1;
84312;202100054341;104 629;A01;1;7;0;2;1;1;1;
84313;202100054344;104 624;B01;3;1;0;2;0;1;0;
84314;202100054344;104 625;A01;3;7;0;2;1;26;1;
84315;202100054346;104 619;B01;1;7;0;2;1;0;1;