;Num_Acc;id_vehicule;num_veh;senc;catv;obs;obsm;choc;manv;motor;occutc
84778;202100054659;104 090;H01;1;7;0;2;1;1;1;
84779;202100054660;104 077;A01;2;7;0;2;2;12;1;
84780;202100054660;104 078;B01;2;7;0;2;6;12;1;
84781;202100054661;104 075;B01;2;7;0;2;5;1;1;
84782;202100054661;104 076;A01;2;7;0;2;3;13;1;
84783;202100054662;104 073;B01;1;7;0;2;4;2;1;
84784;202100054662;104 074;A01;1;33;0;2;1;2;1;
84785;202100054664;104 070;A01;1;7;0;0;0;26;1;
84786;202100054665;104 069;A01;2;7;12;0;2;14;1;
84787;202100054666;104 067;B01;2;7;0;2;4;2;1;
84788;202100054666;104 068;A01;2;7;0;2;1;2;1;
84789;202100054667;104 065;A01;2;7;0;2;2;1;1;
84790;202100054667;104 066;B01;2;1;0;2;4;2;5;
84791;202100054668;104 064;A01;2;10;9;0;1;16;1;
84792;202100054669;104 062;B01;1;10;0;2;1;13;1;
84793;202100054669;104 063;A01;2;7;0;2;1;26;1;
84794;202100054670;104 061;A01;1;7;0;1;7;1;0;
84795;202100054671;104 060;A01;1;7;1;1;3;5;1;
84796;202100054672;104 058;B01;1;7;0;1;3;1;1;
84797;202100054672;104 059;A01;2;7;0;1;3;1;1;
84798;202100054673;104 057;A01;1;10;0;1;2;1;1;
84799;202100054674;104 055;B01;1;7;0;2;6;23;1;
84800;202100054674;104 056;A01;1;7;0;2;1;11;1;
84801;202100054676;104 052;B01;2;7;0;2;1;1;1;
84802;202100054676;104 053;A01;2;7;0;2;8;15;1;
84803;202100054677;104 049;C01;2;7;0;2;6;1;1;
84804;202100054677;104 050;B01;1;7;0;2;1;1;1;
84805;202100054677;104 051;A01;2;7;0;2;1;16;1;
84806;202100054678;104 048;A01;1;7;2;0;1;14;1;
84807;202100054679;104 046;A01;2;30;0;2;1;18;1;
84808;202100054679;104 047;B01;1;7;0;2;2;15;1;
84809;202100054680;104 044;A01;2;7;0;2;3;15;1;
84810;202100054680;104 045;B01;1;7;0;2;2;1;1;
84811;202100054681;104 042;B01;3;7;0;2;2;1;1;
84812;202100054681;104 043;A01;3;7;0;2;6;9;1;
84813;202100054682;104 041;A01;3;7;0;1;1;1;1;
84814;202100054683;104 040;A01;1;7;2;0;0;0;1;
84815;202100054684;104 039;A01;3;7;0;1;2;17;1;
84816;202100054685;104 038;A01;1;7;0;1;0;10;1;
84817;202100054686;104 036;B01;1;2;0;2;8;1;1;
84818;202100054686;104 037;A01;1;7;0;2;0;22;2;
84819;202100054687;104 034;A01;3;7;0;2;1;1;1;
84820;202100054687;104 035;B01;3;7;0;2;2;15;1;
84821;202100054688;104 032;B01;3;2;0;2;3;1;1;
84822;202100054688;104 033;A01;3;7;0;2;2;1;1;
84823;202100054689;104 031;A01;1;7;0;1;1;1;1;
84824;202100054692;104 026;A01;2;32;0;0;2;21;1;
84825;202100054693;104 024;A01;1;7;0;2;3;5;1;
84826;202100054693;104 025;B01;1;7;0;2;3;1;1;
84827;202100054694;104 023;A01;1;7;0;1;1;16;1;
84828;202100054695;104 021;A01;1;7;0;2;1;23;1;
84829;202100054695;104 022;B01;1;7;0;2;4;23;1;
84830;202100054696;104 019;B01;1;7;0;2;2;1;1;
84831;202100054696;104 020;A01;1;7;0;2;1;9;1;
84832;202100054697;104 017;B01;2;7;0;2;4;23;1;
84833;202100054697;104 018;A01;2;7;0;2;1;1;1;
84834;202100054698;104 015;B01;1;7;0;2;4;1;1;
84835;202100054698;104 016;A01;1;7;0;2;1;15;1;
84836;202100054699;104 013;B01;3;10;0;2;1;2;1;
84837;202100054699;104 014;A01;3;10;0;2;1;2;1;
84838;202100054700;104 011;A01;1;30;0;2;4;0;1;
84839;202100054700;104 012;B01;1;7;0;2;1;1;1;
84840;202100054701;104 009;A01;1;7;0;2;1;1;1;
84841;202100054701;104 010;B01;1;50;0;2;1;1;3;
84842;202100054702;104 007;A01;2;7;0;2;3;26;1;
84843;202100054702;104 008;B01;2;30;0;2;2;1;1;
84844;202100054703;104 006;A01;1;7;2;0;1;2;1;
84845;202100054704;104 005;A01;1;33;6;0;1;14;1;
84846;202100054705;104 004;A01;3;10;0;1;6;4;1;
84847;202100054706;104 003;A01;1;7;3;6;1;0;1;
84848;202100054707;104 001;A01;3;7;0;2;2;2;1;
84849;202100054707;104 002;B01;3;1;0;2;4;2;5;
84850;202100054708;104 000;A01;3;36;6;0;3;1;1;
84851;202100054709;103 998;B01;1;7;3;9;3;2;1;
84852;202100054709;103 999;A01;1;7;0;0;0;12;1;
84853;202100054710;103 996;A01;2;7;8;0;1;1;1;
84854;202100054710;103 997;B01;2;7;15;1;1;2;1;
84855;202100054712;103 994;A01;2;10;0;1;6;4;1;
84856;202100054713;103 992;A01;2;7;0;2;3;1;1;
84857;202100054713;103 993;B01;1;7;0;2;3;1;1;
84858;202100054714;103 990;B01;3;7;0;2;3;1;1;
84859;202100054714;103 991;A01;3;7;0;2;3;1;1;
84860;202100054715;103 988;A01;2;7;0;2;1;1;1;
84861;202100054715;103 989;B01;2;33;0;0;4;0;1;
84862;202100054717;103 985;A01;1;10;0;2;2;19;1;
84863;202100054717;103 986;B01;1;7;0;2;3;2;1;
84864;202100054718;103 983;A01;1;7;0;2;3;2;1;
84865;202100054718;103 984;B01;1;7;0;0;5;23;1;
84866;202100054719;103 981;B01;1;7;0;2;3;1;1;
84867;202100054719;103 982;A01;2;7;0;2;3;13;1;
84868;202100054720;103 980;A01;1;10;0;5;2;1;1;
84869;202100054721;103 978;B01;1;10;0;2;1;1;1;
84870;202100054721;103 979;A01;2;7;0;2;1;15;1;
84871;202100054722;103 976;A01;2;2;0;0;1;26;1;
84872;202100054724;103 973;B01;2;14;0;2;3;1;1;
84873;202100054724;103 974;A01;1;7;0;2;3;13;1;
84874;202100054725;103 971;A01;2;7;9;0;1;1;1;
84875;202100054725;103 972;B01;2;7;0;9;1;2;1;
84876;202100054726;103 969;A01;1;33;0;9;1;3;1;
84877;202100054727;103 967;A01;2;32;12;0;8;17;1;
84878;202100054727;103 968;B01;1;7;0;0;0;1;1;
84879;202100054728;103 965;A01;2;7;0;2;3;6;1;
84880;202100054728;103 966;B01;1;31;0;2;1;1;1;
84881;202100054729;103 964;A01;1;7;15;0;1;16;1;
84882;202100054730;103 963;A01;1;7;2;0;2;13;1;
84883;202100054731;103 961;B01;1;33;0;2;4;1;1;
84884;202100054731;103 962;A01;1;33;0;2;1;1;1;
84885;202100054732;103 959;B01;1;7;0;2;5;2;1;
84886;202100054732;103 960;A01;1;33;0;2;1;2;1;
84887;202100054733;103 957;B01;2;7;0;2;1;1;1;
84888;202100054733;103 958;A01;2;7;0;0;4;1;1;
84889;202100054734;103 956;A01;2;31;0;0;0;1;1;
84890;202100054735;103 955;A01;1;7;0;1;3;1;1;
84891;202100054736;103 953;B01;2;7;0;2;1;1;1;
84892;202100054736;103 954;A01;1;7;0;2;1;1;1;
84893;202100054737;103 952;A01;2;7;0;1;1;1;1;
84894;202100054739;103 950;A01;2;7;15;0;1;1;0;
84895;202100054740;103 949;A01;1;7;3;0;1;1;1;
84896;202100054741;103 947;A01;1;7;0;2;7;21;1;
84897;202100054741;103 948;B01;1;10;4;0;1;1;1;
84898;202100054742;103 945;A01;2;7;0;2;1;1;1;
84899;202100054742;103 946;B01;2;7;0;2;7;1;1;
84900;202100054743;103 943;B01;2;7;0;2;4;2;3;
84901;202100054743;103 944;A01;2;7;0;2;1;2;1;
84902;202100054744;103 942;A01;1;7;4;0;1;21;1;
84903;202100054745;103 941;A01;2;7;4;0;1;1;1;
84904;202100054746;103 940;A01;2;7;4;0;1;26;1;
84905;202100054748;103 938;A01;1;7;1;1;2;26;1;
84906;202100054749;103 936;A01;1;7;0;2;1;2;1;
84907;202100054749;103 937;B01;1;7;0;2;4;2;2;
84908;202100054750;103 935;A01;2;7;0;1;1;2;1;
84909;202100054751;103 933;B01;1;33;0;2;1;5;1;
84910;202100054751;103 934;A01;2;7;0;2;2;15;1;
84911;202100054752;103 931;B01;2;7;0;2;2;0;1;
84912;202100054752;103 932;A01;1;7;0;2;3;1;1;
84913;202100054753;103 930;A01;1;33;1;0;2;14;1;
84914;202100054754;103 928;A01;1;33;0;1;1;1;1;
84915;202100054755;103 926;A01;1;32;0;2;7;17;1;
84916;202100054755;103 927;B01;1;30;0;2;8;1;1;
84917;202100054756;103 924;A01;3;7;0;2;1;2;1;
84918;202100054756;103 925;B01;3;7;0;2;4;2;1;
84919;202100054757;103 919;A01;1;14;0;2;2;12;1;
84920;202100054757;103 920;B01;1;1;0;2;8;1;5;
84921;202100054758;103 917;B01;1;7;0;2;6;15;1;
84922;202100054758;103 918;A01;1;7;6;2;1;26;1;
84923;202100054759;103 916;A01;2;33;12;0;7;1;1;
84924;202100054760;103 915;A01;2;33;0;0;0;26;1;
84925;202100054761;103 914;A01;1;7;0;1;1;25;1;
84926;202100054762;103 912;B01;0;7;0;2;4;1;1;
84927;202100054762;103 913;A01;3;30;0;2;1;1;1;
84928;202100054763;103 911;A01;1;7;1;0;3;13;1;
84929;202100054764;103 909;B01;0;30;0;0;0;0;1;
84930;202100054764;103 910;A01;3;7;0;2;1;15;1;
84931;202100054765;103 908;A01;1;40;0;1;7;1;6;
84932;202100054766;103 907;A01;1;7;9;0;1;1;1;
84933;202100054767;103 905;B01;3;37;0;0;6;1;1;1.0
84934;202100054767;103 906;A01;2;1;0;2;1;1;5;
84935;202100054768;103 904;A01;1;7;0;1;2;1;1;
84936;202100054769;103 902;A01;2;7;0;2;1;9;1;
84937;202100054769;103 903;B01;2;7;0;0;4;2;1;
84938;202100054770;103 899;B01;2;7;0;2;4;23;1;
84939;202100054770;103 900;A01;2;7;0;2;1;2;1;
84940;202100054770;103 901;C01;2;7;0;2;4;23;1;
84941;202100054771;103 898;A01;2;33;0;0;2;16;1;
84942;202100054772;103 896;B01;0;7;0;2;4;1;1;
84943;202100054772;103 897;A01;0;7;0;2;1;1;1;
84944;202100054773;103 889;B01;1;1;0;2;1;1;5;
84945;202100054773;103 890;A01;1;7;0;2;3;9;1;
84946;202100054774;103 886;A01;2;31;0;0;0;1;1;
84947;202100054775;103 883;A01;2;10;0;2;1;1;1;
84948;202100054775;103 884;C01;2;7;0;2;4;1;1;
84949;202100054775;103 885;B01;2;7;0;2;4;1;2;
84950;202100054776;103 880;C01;2;7;0;2;5;1;1;
84951;202100054776;103 881;B01;2;7;0;2;8;1;1;
84952;202100054776;103 882;A01;2;17;0;2;2;12;1;
84953;202100054778;103 878;A01;1;2;12;0;1;13;1;
84954;202100054779;103 877;A01;1;37;0;1;2;21;1;1.0
84955;202100054780;103 876;Z01;2;7;0;1;7;1;2;
84956;202100054781;103 875;A01;3;7;0;1;2;1;1;
84957;202100054782;103 874;A01;2;1;0;1;1;1;5;
84958;202100054783;103 872;A01;1;7;0;2;6;13;1;
84959;202100054783;103 873;B01;1;43;0;2;2;1;1;
84960;202100054784;103 871;A01;2;1;12;0;1;1;5;
84961;202100054785;103 869;A01;1;30;0;2;1;1;1;
84962;202100054785;103 870;B01;1;7;0;2;2;1;1;
84963;202100054786;103 868;A01;1;10;11;0;3;13;1;
84964;202100054787;103 866;A01;2;7;0;2;3;22;1;
84965;202100054787;103 867;B01;2;1;0;2;3;1;5;
84966;202100054788;103 864;Z01;1;7;0;2;1;1;0;
84967;202100054788;103 865;A01;1;7;0;2;4;23;1;
84968;202100054789;103 862;B01;1;32;0;2;8;1;1;
84969;202100054789;103 863;A01;1;7;0;2;2;9;1;
84970;202100054790;103 860;A01;1;7;1;2;8;22;1;
84971;202100054790;103 861;B01;1;1;1;0;0;1;5;
84972;202100054791;103 858;A01;2;7;0;2;1;13;1;
84973;202100054791;103 859;B01;2;7;12;2;3;21;1;
84974;202100054792;103 856;B01;3;7;0;2;3;16;1;
84975;202100054792;103 857;A01;3;7;0;2;3;15;1;
84976;202100054794;103 852;A01;3;37;0;2;1;2;1;1.0
84977;202100054794;103 853;B01;3;7;0;0;4;2;1;
84978;202100054795;103 850;B01;1;7;0;2;2;26;0;
84979;202100054795;103 851;A01;3;7;0;2;3;15;1;
84980;202100054796;103 848;B01;2;32;0;2;2;1;1;
84981;202100054796;103 849;A01;2;10;0;0;1;2;0;
84982;202100054798;103 844;B01;2;7;0;2;8;15;1;
84983;202100054798;103 845;A01;2;7;0;2;1;1;1;
84984;202100054799;103 842;A01;1;7;0;2;1;2;1;
84985;202100054799;103 843;B01;1;7;0;2;4;23;1;
84986;202100054800;103 841;A01;2;7;0;1;8;1;1;
84987;202100054801;103 838;C01;2;7;0;2;1;0;1;
84988;202100054801;103 839;B01;2;7;0;2;8;0;0;
84989;202100054801;103 840;A01;1;7;0;2;3;13;1;
84990;202100054802;103 836;B01;1;10;0;2;3;1;1;
84991;202100054802;103 837;A01;2;7;13;2;3;26;1;
84992;202100054804;103 834;A01;2;7;2;0;1;13;1;
84993;202100054805;103 832;B01;3;7;0;2;3;1;1;
84994;202100054805;103 833;A01;1;10;0;2;1;1;1;
84995;202100054806;103 830;B01;2;1;0;2;1;1;5;
84996;202100054806;103 831;A01;2;7;0;9;2;15;1;
84997;202100054807;103 829;A01;1;7;13;9;9;1;1;
84998;202100054808;103 827;B01;1;7;0;2;1;1;1;
84999;202100054808;103 828;A01;2;7;0;2;1;15;1;
85000;202100054809;103 826;A01;2;7;2;0;8;14;1;
85001;202100054810;103 825;A01;2;7;15;0;2;1;1;
85002;202100054811;103 824;A01;0;32;0;1;0;21;1;
85003;202100054812;103 823;A01;1;7;0;0;9;1;1;
85004;202100054813;103 820;A01;2;10;0;0;6;1;1;
85005;202100054813;103 821;C01;1;7;0;2;1;13;1;
85006;202100054813;103 822;B01;2;2;0;0;1;1;1;
85007;202100054814;103 819;A01;3;7;2;0;1;1;1;
85008;202100054815;103 816;A01;2;7;0;2;1;2;1;
85009;202100054815;103 817;B01;1;7;0;2;6;2;1;
85010;202100054815;103 818;C01;1;7;0;2;1;2;1;
85011;202100054816;103 815;A01;2;7;2;0;8;2;1;
85012;202100054817;103 813;B01;2;7;0;2;7;1;1;
85013;202100054817;103 814;A01;1;2;0;2;1;19;1;
85014;202100054818;103 811;B01;1;33;0;2;1;1;1;
85015;202100054818;103 812;A01;2;7;0;2;3;15;1;
85016;202100054819;103 810;A01;1;10;0;1;3;1;1;
85017;202100054820;103 808;A01;2;7;0;2;7;2;1;
85018;202100054820;103 809;B01;2;50;0;2;8;2;3;
85019;202100054821;103 807;A01;2;10;3;0;1;14;1;
85020;202100054822;103 805;A01;1;7;0;2;5;13;1;
85021;202100054822;103 806;B01;2;7;0;2;1;1;1;
85022;202100054823;103 804;A01;2;7;0;0;2;1;1;
85023;202100054824;103 803;A01;1;7;0;1;2;1;1;
85024;202100054825;103 800;B01;2;7;0;2;1;1;1;
85025;202100054825;103 801;A01;1;7;0;2;7;1;1;
85026;202100054825;103 802;C01;2;7;0;2;1;1;1;
85027;202100054826;103 799;A01;0;31;3;0;0;21;1;
85028;202100054827;103 798;A01;3;7;0;1;2;1;1;
85029;202100054828;103 795;C01;2;33;0;2;1;2;1;
85030;202100054828;103 796;B01;2;33;0;2;1;2;1;
85031;202100054828;103 797;A01;2;7;0;2;4;1;1;
85032;202100054830;103 792;A01;0;33;0;0;0;0;1;
85033;202100054831;103 790;A01;1;7;6;2;2;19;1;
85034;202100054831;103 791;B01;2;7;6;2;1;1;1;
85035;202100054832;103 789;A01;2;7;2;0;3;0;1;
85036;202100054833;103 788;A01;1;7;15;0;9;13;1;
85037;202100054834;103 786;A01;3;7;2;0;3;13;1;
85038;202100054835;103 784;B01;2;7;0;2;4;1;1;
85039;202100054835;103 785;A01;2;7;0;2;1;14;2;
85040;202100054836;103 783;A01;1;7;3;0;3;2;1;
85041;202100054837;103 782;A01;1;7;3;0;2;26;2;
85042;202100054838;103 780;B01;1;15;0;2;2;12;1;
85043;202100054838;103 781;A01;1;7;0;0;8;1;1;
85044;202100054839;103 778;A01;2;7;0;0;0;11;1;
85045;202100054839;103 779;B01;2;33;0;0;0;3;1;
85046;202100054840;103 776;A01;2;7;0;2;1;2;1;
85047;202100054840;103 777;B01;2;7;0;2;4;2;0;
85048;202100054841;103 774;A01;3;30;0;2;1;26;1;
85049;202100054841;103 775;B01;2;7;0;2;2;1;1;
85050;202100054842;103 773;A01;0;7;0;1;1;1;1;
85051;202100054843;103 772;A01;1;7;0;1;1;1;1;
85052;202100054844;103 770;B01;2;31;0;2;1;1;1;
85053;202100054844;103 771;A01;2;7;0;2;2;15;1;
85054;202100054845;103 768;B01;1;10;0;2;2;1;1;
85055;202100054845;103 769;A01;1;7;0;2;8;10;1;
85056;202100054846;103 766;A01;2;30;0;2;8;17;1;
85057;202100054846;103 767;B01;2;7;0;2;1;15;1;
85058;202100054847;103 764;A01;2;7;0;2;0;0;1;
85059;202100054847;103 765;B01;2;50;0;2;8;1;3;
85060;202100054848;103 763;A01;2;7;0;1;1;1;1;
85061;202100054849;103 762;A01;0;7;1;0;6;14;1;
85062;202100054850;103 760;B01;2;7;0;0;4;23;1;
85063;202100054850;103 761;A01;2;33;0;2;1;1;1;
85064;202100054851;103 757;A01;3;10;0;2;2;1;1;
85065;202100054851;103 758;B01;3;7;0;2;4;1;1;
85066;202100054851;103 759;C01;3;7;0;2;4;1;1;
85067;202100054852;103 755;B01;3;40;0;2;1;1;3;
85068;202100054852;103 756;A01;3;7;0;4;7;1;1;
85069;202100054854;103 752;A01;3;7;0;0;9;1;1;
85070;202100054855;103 750;A01;2;7;0;2;8;26;1;
85071;202100054855;103 751;B01;2;2;0;2;1;1;1;
85072;202100054856;103 749;A01;2;7;0;1;2;16;1;
85073;202100054859;103 744;B01;2;32;0;2;1;1;1;
85074;202100054859;103 745;A01;1;7;0;2;3;15;1;
85075;202100054860;103 743;A01;3;37;0;0;6;9;1;1.0
85076;202100054861;103 741;B01;3;7;0;2;3;15;1;
85077;202100054861;103 742;A01;2;30;0;2;1;1;1;
85078;202100054862;103 739;A01;3;33;0;2;1;1;1;
85079;202100054862;103 740;B01;3;7;0;2;3;23;1;
85080;202100054863;103 737;B01;1;30;0;2;1;1;1;
85081;202100054863;103 738;A01;1;7;0;2;6;20;1;
85082;202100054865;103 734;B01;2;7;0;2;7;1;1;
85083;202100054865;103 735;A01;1;30;0;2;1;1;1;
85084;202100054866;103 733;A01;1;7;0;1;1;26;1;
85085;202100054868;103 729;A01;2;7;0;2;8;17;1;
85086;202100054868;103 730;B01;2;15;0;2;7;1;1;
85087;202100054869;103 728;A01;1;7;0;0;9;1;1;
85088;202100054870;103 726;A01;1;7;0;2;7;0;1;
85089;202100054870;103 727;B01;3;7;0;2;1;6;1;
85090;202100054871;103 724;A01;2;7;0;2;4;23;1;
85091;202100054871;103 725;Z01;2;7;0;0;0;0;0;
85092;202100054872;103 723;A01;0;7;0;1;1;1;1;
85093;202100054873;103 722;A01;1;7;0;1;2;15;1;
85094;202100054874;103 721;A01;2;7;13;0;3;13;1;
85095;202100054875;103 719;B01;1;1;0;2;1;1;5;
85096;202100054875;103 720;A01;1;7;0;2;3;15;1;
85097;202100054876;103 718;A01;1;7;0;1;3;1;1;
85098;202100054877;103 716;B01;1;7;0;2;8;1;1;
85099;202100054877;103 717;A01;1;7;0;2;1;1;1;
85100;202100054879;103 712;B01;1;7;0;2;4;1;1;
85101;202100054879;103 713;A01;1;7;0;2;1;2;1;
85102;202100054880;103 710;A01;1;7;0;2;1;1;1;
85103;202100054880;103 711;B01;1;50;0;2;7;19;3;
85104;202100054881;103 709;A01;1;99;0;1;0;1;0;
85105;202100054882;103 707;A01;1;7;0;2;1;9;0;
85106;202100054882;103 708;B01;2;1;0;2;8;1;5;
85107;202100054883;103 704;A01;1;7;0;2;1;2;1;
85108;202100054883;103 705;B01;1;7;0;2;4;2;1;
85109;202100054883;103 706;C01;1;7;0;2;4;2;1;
85110;202100054884;103 703;A01;2;30;0;0;0;1;1;
85111;202100054885;103 702;A01;3;7;6;0;1;20;1;
85112;202100054886;103 700;A01;1;7;0;2;2;19;1;
85113;202100054886;103 701;B01;2;7;0;2;3;1;1;
85114;202100054887;103 699;A01;2;10;0;1;2;21;1;
85115;202100054888;103 698;A01;2;7;0;1;3;15;1;
85116;202100054889;103 696;A01;2;7;0;2;2;2;1;
85117;202100054889;103 697;B01;2;7;0;2;6;2;1;
85118;202100054890;103 694;B01;1;33;0;2;1;1;1;
85119;202100054890;103 695;A01;2;7;0;2;2;15;1;
85120;202100054891;103 692;B01;2;1;0;2;1;1;5;
85121;202100054891;103 693;A01;3;7;0;2;3;9;1;
85122;202100054892;103 691;A01;1;7;0;1;1;16;1;
85123;202100054893;103 689;A01;2;7;0;2;8;11;1;
85124;202100054893;103 690;B01;2;7;0;2;2;1;1;
85125;202100054894;103 688;A01;0;7;0;1;2;15;1;
85126;202100054895;103 687;A01;3;7;0;1;2;1;1;
85127;202100054896;103 685;B01;1;30;0;2;1;1;1;
85128;202100054896;103 686;A01;1;7;0;2;3;26;1;
85129;202100054897;103 683;A01;3;7;0;2;1;1;1;
85130;202100054897;103 684;B01;3;7;0;2;1;15;1;
85131;202100054898;103 679;A01;1;10;0;2;1;1;1;
85132;202100054898;103 680;B01;1;10;0;2;4;1;1;
85133;202100054898;103 681;C01;1;7;0;2;4;1;1;
85134;202100054898;103 682;D01;1;7;0;2;5;1;1;
85135;202100054899;103 677;A01;2;7;0;2;2;1;1;
85136;202100054899;103 678;B01;1;50;0;2;1;19;3;
85137;202100054900;103 676;Z01;2;7;0;1;1;1;0;
85138;202100054901;103 674;B01;1;7;0;2;2;1;1;
85139;202100054901;103 675;A01;1;7;0;2;3;11;1;
85140;202100054902;103 672;B01;1;31;0;2;8;1;1;
85141;202100054902;103 673;A01;1;7;0;2;1;15;1;
85142;202100054905;103 667;A01;3;7;0;1;1;1;1;
85143;202100054906;103 665;B01;1;7;0;2;1;13;1;
85144;202100054906;103 666;A01;1;30;0;2;1;1;1;
85145;202100054909;103 660;B01;2;10;0;0;4;1;1;
85146;202100054909;103 661;A01;2;7;0;2;1;16;1;
85147;202100054910;103 659;A01;1;10;0;1;1;1;1;
85148;202100054911;103 657;A01;1;7;0;2;3;15;1;
85149;202100054911;103 658;B01;2;1;0;2;3;1;5;
85150;202100054912;103 655;B01;1;2;0;2;8;1;1;
85151;202100054912;103 656;A01;2;7;0;2;3;15;1;
85152;202100054913;103 654;A01;1;7;0;1;1;9;1;
85153;202100054914;103 652;B01;3;7;0;2;4;1;1;
85154;202100054914;103 653;A01;3;7;0;2;1;2;1;
85155;202100054915;103 650;B01;3;39;0;2;1;26;1;
85156;202100054915;103 651;A01;1;7;6;4;3;19;1;
85157;202100054916;103 648;A01;2;32;0;2;1;2;1;
85158;202100054916;103 649;B01;2;10;0;2;4;2;1;
85159;202100054917;103 646;A01;2;14;0;2;1;1;1;
85160;202100054917;103 647;B01;2;10;0;2;4;1;1;
85161;202100054918;103 644;B01;2;1;0;2;8;13;5;
85162;202100054918;103 645;A01;2;1;0;2;7;17;5;
85163;202100054919;103 642;A01;1;7;0;2;3;22;1;
85164;202100054919;103 643;B01;1;1;0;2;1;1;5;
85165;202100054920;103 641;A01;2;30;0;0;0;1;1;
85166;202100054921;103 639;A01;3;30;0;2;8;15;1;
85167;202100054921;103 640;B01;3;37;0;2;1;1;1;1.0
85168;202100054922;103 637;A01;3;7;0;2;3;1;1;
85169;202100054922;103 638;B01;3;7;0;2;1;1;1;
85170;202100054923;103 636;A01;1;10;0;1;6;4;1;
85171;202100054924;103 634;B01;2;1;0;2;3;18;5;
85172;202100054924;103 635;A01;2;7;0;2;2;16;1;
85173;202100054925;103 633;A01;2;1;0;1;1;1;5;
85174;202100054926;103 631;Z01;2;31;0;2;3;1;0;
85175;202100054926;103 632;A01;1;1;0;2;3;15;5;
85176;202100054927;103 630;A01;2;1;0;0;1;7;5;
85177;202100054929;103 626;A01;1;7;0;2;1;2;1;
85178;202100054929;103 627;B01;1;7;0;2;4;2;1;
85179;202100054930;103 625;A01;1;1;0;1;8;1;0;
85180;202100054931;103 623;A01;3;7;0;2;4;4;1;
85181;202100054931;103 624;B01;3;1;0;2;8;19;0;
85182;202100054932;103 622;A01;1;7;0;1;3;1;1;
85183;202100054933;103 621;A01;1;7;0;1;1;15;1;
85184;202100054934;103 618;A01;2;7;0;2;2;9;1;
85185;202100054934;103 619;B01;2;7;0;2;3;1;1;
85186;202100054934;103 620;C01;1;10;0;2;8;0;0;
85187;202100054935;103 616;A01;1;7;0;2;3;15;1;
85188;202100054935;103 617;B01;1;33;0;2;1;1;1;
85189;202100054936;103 614;B01;3;30;0;2;1;1;0;
85190;202100054936;103 615;A01;3;7;0;2;1;15;0;
85191;202100054937;103 613;Z01;2;32;0;1;0;17;0;
85192;202100054938;103 611;A01;1;10;0;2;0;15;0;
85193;202100054938;103 612;B01;1;50;0;2;3;1;3;
85194;202100054940;103 606;A01;2;7;0;2;1;1;1;
85195;202100054940;103 607;B01;2;7;0;2;4;15;3;
85196;202100054942;103 602;B01;1;30;1;2;1;1;1;
85197;202100054942;103 603;A01;1;30;0;0;4;20;1;
85198;202100054943;103 600;A01;1;99;8;2;5;19;1;
85199;202100054943;103 601;B01;1;7;0;2;1;19;1;
85200;202100054945;103 596;C01;-1;7;1;0;3;0;1;
85201;202100054945;103 597;A01;-1;7;0;2;1;17;0;
85202;202100054945;103 598;B01;3;7;0;2;3;15;1;
85203;202100054946;103 595;A01;-1;7;0;0;3;26;1;
85204;202100054947;103 594;A01;0;7;0;1;1;1;1;
85205;202100054948;103 592;A01;1;34;0;2;1;26;1;
85206;202100054948;103 593;B01;1;1;0;2;7;19;5;
85207;202100054949;103 590;B01;1;7;0;2;3;1;1;
85208;202100054949;103 591;A01;1;30;0;2;1;19;1;
85209;202100054950;103 589;A01;0;2;0;0;0;0;1;
85210;202100054951;103 587;A01;1;2;0;0;4;1;1;
85211;202100054951;103 588;B01;1;2;0;0;1;2;1;
85212;202100054952;103 584;A01;1;7;0;2;1;15;1;
85213;202100054952;103 585;C01;1;7;0;2;1;1;1;
85214;202100054952;103 586;B01;2;7;0;2;2;1;1;
85215;202100054953;103 583;A01;2;7;0;1;3;1;0;
85216;202100054954;103 581;A01;3;36;2;0;0;0;1;
85217;202100054955;103 580;A01;3;7;0;0;0;0;1;
85218;202100054956;103 578;B01;2;7;0;2;3;1;1;
85219;202100054956;103 579;A01;1;7;0;2;3;13;1;
85220;202100054957;103 577;A01;0;7;8;0;1;6;1;
85221;202100054958;103 576;A01;3;7;16;0;0;19;1;
85222;202100054959;103 574;B01;2;2;0;0;4;2;1;
85223;202100054959;103 575;A01;2;7;0;2;2;2;1;
85224;202100054960;103 572;B01;0;7;0;2;9;21;1;
85225;202100054960;103 573;A01;3;7;0;2;6;9;1;
85226;202100054961;103 570;A01;2;7;0;2;1;1;1;
85227;202100054961;103 571;B01;1;7;0;2;2;1;1;
85228;202100054962;103 568;A01;1;7;6;2;3;17;1;
85229;202100054962;103 569;B01;2;7;0;2;3;1;1;
85230;202100054963;103 567;A01;2;7;0;0;9;1;1;
85231;202100054964;103 566;A01;2;7;6;0;1;0;1;
85232;202100054965;103 565;A01;2;7;16;0;0;14;1;
85233;202100054966;103 563;B01;2;2;0;2;1;1;1;
85234;202100054966;103 564;A01;1;7;0;2;1;15;1;
85235;202100054967;103 560;A01;3;7;0;1;3;0;1;
85236;202100054968;103 558;A01;3;10;0;2;1;1;1;
85237;202100054968;103 559;B01;0;7;0;2;2;26;1;
85238;202100054969;103 556;B01;2;7;0;0;4;2;1;
85239;202100054969;103 557;A01;2;7;0;2;1;2;1;