;Num_Acc;id_vehicule;num_veh;senc;catv;obs;obsm;choc;manv;motor;occutc
85240;202100054970;103 554;B01;1;7;0;2;2;1;1;
85241;202100054970;103 555;A01;1;7;0;2;3;26;1;
85242;202100054971;103 553;A01;2;7;2;0;7;14;1;
85243;202100054972;103 551;B01;1;17;0;0;4;2;1;
85244;202100054972;103 552;A01;1;7;0;2;1;2;1;
85245;202100054973;103 550;A01;2;7;0;1;0;17;1;
85246;202100054974;103 548;A01;3;7;0;2;2;15;1;
85247;202100054974;103 549;B01;3;32;0;2;1;1;1;
85248;202100054975;103 547;A01;1;7;0;1;3;1;1;
85249;202100054977;103 544;A01;1;7;0;1;3;1;1;
85250;202100054978;103 542;B01;1;7;0;2;3;17;1;
85251;202100054978;103 543;A01;1;2;0;2;8;15;3;
85252;202100054979;103 540;B01;1;2;0;2;2;17;1;
85253;202100054979;103 541;A01;1;2;0;0;8;15;1;
85254;202100054980;103 538;B01;2;7;0;2;1;1;3;
85255;202100054980;103 539;A01;1;2;0;2;1;11;1;
85256;202100054981;103 537;A01;1;7;4;0;1;26;1;
85257;202100054982;103 536;A01;1;7;4;9;1;16;1;
85258;202100054983;103 534;A01;3;7;0;0;6;20;1;
85259;202100054984;103 532;B01;2;7;0;2;1;2;1;
85260;202100054984;103 533;A01;1;7;0;2;4;2;1;
85261;202100054985;103 530;B01;2;33;7;2;8;1;1;
85262;202100054985;103 531;A01;2;7;0;2;7;14;1;
85263;202100054986;103 529;A01;2;7;13;0;2;14;1;
85264;202100054987;103 527;B01;2;7;0;2;6;9;1;
85265;202100054987;103 528;A01;2;15;0;2;2;1;1;
85266;202100054988;103 523;D01;1;7;0;2;0;23;1;
85267;202100054988;103 524;C01;1;7;0;2;0;23;1;
85268;202100054988;103 525;B01;1;7;0;2;5;23;1;
85269;202100054988;103 526;A01;1;7;0;2;1;11;1;
85270;202100054989;103 520;C01;1;7;0;2;4;2;1;
85271;202100054989;103 521;A01;1;7;0;2;1;2;1;
85272;202100054989;103 522;B01;1;7;0;2;4;2;1;
85273;202100054990;103 518;B01;2;7;0;2;0;26;1;
85274;202100054990;103 519;A01;2;10;0;2;4;26;1;
85275;202100054991;103 516;A01;2;14;0;2;1;2;1;
85276;202100054991;103 517;B01;2;7;12;0;4;1;1;
85277;202100054992;103 514;B01;2;7;0;2;4;1;1;
85278;202100054992;103 515;A01;1;7;0;2;1;2;1;
85279;202100054993;103 513;B01;1;7;1;0;2;2;1;
85280;202100054994;103 511;B01;2;7;0;2;4;2;1;
85281;202100054994;103 512;A01;2;10;0;2;1;2;1;
85282;202100054995;103 509;A01;1;10;0;2;5;12;1;
85283;202100054995;103 510;B01;1;33;0;2;5;3;1;
85284;202100054996;103 508;A01;2;7;0;0;0;2;1;
85285;202100054997;103 505;C01;1;10;0;2;4;2;1;
85286;202100054997;103 506;B01;1;7;0;2;4;2;1;
85287;202100054997;103 507;A01;1;10;0;2;1;2;1;
85288;202100055000;103 498;A01;2;7;4;0;2;1;1;
85289;202100055001;103 496;B01;1;7;0;2;2;1;1;
85290;202100055001;103 497;A01;1;7;0;2;3;9;1;
85291;202100055002;103 494;B01;1;7;0;2;4;2;1;
85292;202100055002;103 495;A01;1;7;0;2;1;26;1;
85293;202100055003;103 493;A01;2;17;16;0;1;26;1;
85294;202100055004;103 492;A01;2;7;3;0;1;21;1;
85295;202100055005;103 489;B01;2;7;0;2;3;2;1;
85296;202100055005;103 490;C01;2;10;0;2;6;2;1;
85297;202100055005;103 491;A01;1;32;0;2;1;3;1;
85298;202100055007;103 486;A01;1;32;0;2;1;1;1;
85299;202100055007;103 487;B01;2;7;0;2;3;26;1;
85300;202100055008;103 484;B01;2;37;0;9;5;1;1;1.0
85301;202100055008;103 485;A01;1;1;0;2;1;15;5;
85302;202100055009;103 482;A01;2;7;0;2;2;2;1;
85303;202100055009;103 483;B01;2;7;0;2;4;12;2;
85304;202100055010;103 480;B01;1;10;0;2;3;1;1;
85305;202100055010;103 481;A01;1;32;0;2;1;1;1;
85306;202100055012;103 475;A01;2;1;0;0;0;26;5;
85307;202100055014;103 473;A01;1;30;0;0;9;1;1;
85308;202100055015;103 471;A01;2;7;0;9;2;9;1;
85309;202100055015;103 472;B01;2;1;0;2;4;18;5;
85310;202100055016;103 469;A01;1;17;0;2;1;2;1;
85311;202100055016;103 470;B01;1;1;0;2;4;1;5;
85312;202100055017;103 468;A01;2;7;0;1;1;2;2;
85313;202100055018;103 466;B01;2;17;0;2;1;1;1;
85314;202100055018;103 467;A01;1;7;0;2;9;5;1;
85315;202100055019;103 465;A01;2;30;0;0;8;1;1;
85316;202100055020;103 463;Z01;2;10;0;2;0;0;0;
85317;202100055020;103 464;B01;3;1;0;2;4;2;0;
85318;202100055021;103 461;A01;2;7;0;2;1;15;1;
85319;202100055021;103 462;B01;1;7;0;2;1;2;1;
85320;202100055022;103 459;B01;2;30;0;2;1;17;1;
85321;202100055022;103 460;A01;2;7;0;2;3;15;1;
85322;202100055023;103 458;Z01;2;7;0;1;0;1;0;
85323;202100055024;103 456;A01;1;7;0;2;7;15;2;
85324;202100055024;103 457;B01;2;14;0;2;1;1;1;
85325;202100055025;103 454;B01;2;7;0;2;3;9;1;
85326;202100055025;103 455;A01;2;7;0;2;1;17;1;
85327;202100055027;103 451;A01;1;7;0;1;1;1;1;
85328;202100055028;103 450;A01;1;7;0;1;3;15;1;
85329;202100055029;103 448;A01;1;50;0;1;3;26;3;
85330;202100055030;103 447;A01;1;7;0;1;1;1;1;
85331;202100055031;103 445;C01;3;40;0;2;2;1;3;
85332;202100055031;103 446;A01;3;7;0;4;1;18;1;
85333;202100055032;103 443;A01;2;7;0;2;1;2;1;
85334;202100055032;103 444;B01;2;7;0;2;4;2;1;
85335;202100055033;103 442;A01;2;7;0;1;3;15;1;
85336;202100055034;103 440;A01;2;7;0;2;3;9;1;
85337;202100055034;103 441;B01;2;7;0;2;2;1;1;
85338;202100055035;103 438;B01;3;1;0;2;1;0;5;
85339;202100055035;103 439;A01;3;7;0;9;2;15;1;
85340;202100055036;103 436;A01;1;10;0;2;1;1;1;
85341;202100055036;103 437;B01;1;7;0;2;4;23;1;
85342;202100055037;103 435;A01;1;7;0;1;1;1;1;
85343;202100055038;103 434;A01;0;7;0;1;2;1;1;
85344;202100055039;103 433;A01;2;10;0;1;3;15;1;
85345;202100055040;103 431;A01;2;30;0;2;1;1;1;
85346;202100055040;103 432;B01;2;7;0;2;8;1;1;
85347;202100055041;103 429;B01;2;10;0;2;2;15;1;
85348;202100055041;103 430;A01;1;7;0;2;1;1;1;
85349;202100055042;103 427;A01;1;31;0;2;1;1;1;
85350;202100055042;103 428;B01;1;30;0;2;4;1;1;
85351;202100055043;103 426;A01;1;33;0;1;9;1;1;
85352;202100055044;103 424;A01;0;7;0;2;1;26;1;
85353;202100055044;103 425;B01;1;37;0;2;7;2;1;2.0
85354;202100055045;103 422;A01;2;30;0;2;1;17;1;
85355;202100055045;103 423;B01;1;7;0;2;3;15;1;
85356;202100055046;103 419;B01;2;7;0;2;6;1;1;
85357;202100055046;103 420;A01;1;7;0;2;4;1;1;
85358;202100055046;103 421;C01;1;7;0;2;1;1;1;
85359;202100055048;103 414;A01;1;7;0;1;2;15;1;
85360;202100055049;103 413;A01;1;7;0;1;8;1;1;
85361;202100055050;103 411;A01;1;7;0;2;1;15;1;
85362;202100055050;103 412;B01;2;7;0;2;1;1;1;
85363;202100055051;103 410;A01;1;30;0;0;0;26;1;
85364;202100055052;103 407;C01;1;7;0;2;1;1;1;
85365;202100055052;103 408;B01;1;10;0;2;1;1;1;
85366;202100055052;103 409;A01;2;7;0;2;3;13;1;
85367;202100055053;103 405;A01;1;2;0;2;1;1;1;
85368;202100055053;103 406;B01;1;7;0;2;1;1;1;
85369;202100055054;103 404;A01;0;7;0;1;1;1;1;
85370;202100055055;103 402;A01;1;32;10;2;1;1;1;
85371;202100055055;103 403;Z01;0;7;0;0;0;0;0;
85372;202100055056;103 399;C01;1;7;0;2;1;0;1;
85373;202100055056;103 400;B01;1;7;0;2;6;0;1;
85374;202100055056;103 401;A01;1;7;0;2;1;9;1;
85375;202100055058;103 396;B01;2;2;0;2;7;1;1;
85376;202100055058;103 397;Z01;3;7;0;2;0;0;1;
85377;202100055059;103 394;A01;1;30;0;2;1;1;1;
85378;202100055059;103 395;B01;1;1;0;2;1;19;5;
85379;202100055060;103 392;A01;1;7;0;2;1;26;1;
85380;202100055060;103 393;B01;1;7;0;2;0;0;1;
85381;202100055061;103 390;B01;1;7;0;9;8;1;1;
85382;202100055061;103 391;A01;1;80;0;2;3;17;3;
85383;202100055062;103 388;B01;2;14;0;2;8;1;1;
85384;202100055062;103 389;A01;1;7;0;2;3;1;1;
85385;202100055063;103 386;A01;1;13;0;2;5;1;1;
85386;202100055063;103 387;B01;1;1;0;2;1;2;6;
85387;202100055064;103 385;A01;2;7;0;1;1;26;1;
85388;202100055065;103 383;B01;1;10;0;2;5;1;1;
85389;202100055065;103 384;A01;1;32;0;2;1;1;1;
85390;202100055066;103 380;C01;3;60;0;2;8;19;5;
85391;202100055066;103 381;B01;3;1;0;2;8;19;5;
85392;202100055066;103 382;A01;3;7;0;2;3;1;2;
85393;202100055067;103 379;A01;1;7;0;1;6;1;1;
85394;202100055068;103 377;A01;2;7;8;2;1;1;1;
85395;202100055068;103 378;B01;1;7;8;2;1;1;1;
85396;202100055069;103 375;A01;3;7;0;2;2;16;1;
85397;202100055069;103 376;B01;3;60;0;2;8;19;5;
85398;202100055070;103 373;B01;1;1;0;2;1;1;5;
85399;202100055070;103 374;A01;1;10;0;2;8;22;1;
85400;202100055071;103 372;A01;2;7;0;1;3;1;1;
85401;202100055072;103 370;B01;1;30;0;2;7;10;1;
85402;202100055072;103 371;Z01;2;7;0;2;1;1;1;
85403;202100055073;103 369;A01;2;10;0;1;2;1;1;
85404;202100055075;103 366;FA01;1;7;0;1;1;2;1;
85405;202100055076;103 365;A01;2;7;0;1;1;16;1;
85406;202100055077;103 364;A01;2;37;0;1;2;1;1;1.0
85407;202100055078;103 362;B01;3;2;0;2;0;1;1;
85408;202100055078;103 363;A01;3;7;0;0;0;15;2;
85409;202100055079;103 360;B01;3;7;0;2;2;26;2;
85410;202100055079;103 361;A01;3;7;0;2;3;26;2;
85411;202100055081;103 356;A01;1;7;0;9;8;15;1;
85412;202100055081;103 357;B01;2;50;0;2;2;18;3;
85413;202100055082;103 355;A01;2;20;0;1;1;1;1;
85414;202100055084;103 352;B01;0;7;0;0;1;1;1;
85415;202100055084;103 353;A01;0;7;14;1;1;1;1;
85416;202100055085;103 350;A01;1;30;0;2;3;9;1;
85417;202100055085;103 351;B01;1;33;0;2;1;1;1;
85418;202100055086;103 349;A01;-1;7;12;0;1;9;1;
85419;202100055087;103 347;A01;3;30;0;2;1;2;0;
85420;202100055087;103 348;B01;3;7;0;0;6;2;0;
85421;202100055088;103 345;B01;1;7;0;2;1;2;1;
85422;202100055088;103 346;A01;2;7;8;0;4;2;1;
85423;202100055089;103 344;A01;1;7;0;1;2;1;1;
85424;202100055090;103 342;A01;1;37;0;2;4;4;1;1.0
85425;202100055090;103 343;B01;1;7;0;2;1;2;1;
85426;202100055091;103 340;A01;0;7;0;2;2;15;2;
85427;202100055091;103 341;B01;0;60;0;2;1;19;5;
85428;202100055092;103 338;B01;1;1;0;2;1;2;5;
85429;202100055092;103 339;A01;1;10;0;2;1;9;1;
85430;202100055094;103 334;D01;1;7;4;9;9;2;1;
85431;202100055094;103 335;C01;1;7;0;2;1;2;1;
85432;202100055094;103 336;A01;1;17;0;0;0;2;1;
85433;202100055095;103 333;A01;1;7;8;0;1;14;1;
85434;202100055096;103 331;A01;1;7;0;2;1;19;1;
85435;202100055096;103 332;B01;2;7;0;2;1;2;1;
85436;202100055097;103 329;A01;1;10;0;2;2;2;1;
85437;202100055097;103 330;B01;1;1;0;2;4;2;5;
85438;202100055098;103 327;B01;2;7;0;2;1;1;1;
85439;202100055098;103 328;A01;3;38;0;2;7;19;1;1.0
85440;202100055099;103 326;A01;2;7;0;1;6;26;3;
85441;202100055100;103 324;B01;2;7;0;2;3;19;1;
85442;202100055100;103 325;A01;2;7;0;2;1;1;1;
85443;202100055101;103 322;A01;3;7;0;2;2;15;1;
85444;202100055101;103 323;B01;1;2;0;2;7;1;1;
85445;202100055102;103 320;A01;1;17;0;2;3;13;1;
85446;202100055102;103 321;B01;2;7;0;2;3;1;1;
85447;202100055104;103 316;A01;1;7;3;2;2;1;1;
85448;202100055104;103 317;B01;1;7;0;2;6;1;2;
85449;202100055104;103 318;C01;2;15;0;2;2;1;1;
85450;202100055105;103 314;A01;1;7;0;2;1;1;1;
85451;202100055105;103 315;B01;2;7;0;2;8;5;1;
85452;202100055106;103 312;A01;0;7;0;2;1;13;1;
85453;202100055106;103 313;B01;0;7;0;2;6;1;1;
85454;202100055107;103 310;A01;2;31;0;2;8;1;1;
85455;202100055107;103 311;B01;1;10;0;2;3;1;1;
85456;202100055108;103 309;A01;1;1;0;0;0;0;5;
85457;202100055109;103 307;A01;2;7;0;2;3;15;1;
85458;202100055109;103 308;B01;1;7;0;2;1;16;1;
85459;202100055110;103 305;A01;3;7;0;2;2;1;1;
85460;202100055110;103 306;B01;3;1;0;2;5;1;5;
85461;202100055111;103 303;B01;1;7;0;2;1;1;1;
85462;202100055111;103 304;A01;3;7;0;2;7;19;1;
85463;202100055112;103 301;B01;1;7;0;2;2;1;1;
85464;202100055112;103 302;A01;2;15;0;2;3;13;1;
85465;202100055113;103 299;A01;2;10;0;2;1;2;1;
85466;202100055113;103 300;B01;2;16;0;0;4;2;1;
85467;202100055114;103 298;A01;3;2;1;0;8;1;1;
85468;202100055115;103 297;A01;2;10;13;0;3;13;1;
85469;202100055116;103 293;B01;1;17;0;2;6;1;1;
85470;202100055116;103 294;A01;1;7;0;2;2;2;1;
85471;202100055117;103 290;C01;1;14;0;2;1;1;1;
85472;202100055117;103 291;B01;2;7;0;0;6;1;1;
85473;202100055117;103 292;A01;2;10;0;2;1;17;1;
85474;202100055118;103 289;A01;3;7;0;1;3;15;1;
85475;202100055119;103 287;A01;1;7;0;2;0;1;1;
85476;202100055119;103 288;B01;2;7;0;2;3;1;1;
85477;202100055120;103 285;A01;1;10;0;2;2;1;1;
85478;202100055120;103 286;B01;1;50;0;2;3;1;3;
85479;202100055121;103 283;B01;3;7;0;0;8;19;1;
85480;202100055121;103 284;A01;3;2;0;2;1;19;3;
85481;202100055122;103 282;A01;2;10;0;1;1;1;1;
85482;202100055123;103 280;A01;1;31;0;2;1;5;1;
85483;202100055123;103 281;B01;2;7;0;2;3;1;1;
85484;202100055124;103 278;B01;1;7;0;2;3;1;1;
85485;202100055124;103 279;A01;2;7;0;2;1;1;1;
85486;202100055125;103 277;A01;2;7;14;0;1;1;1;
85487;202100055126;103 276;A01;3;7;0;1;3;16;1;
85488;202100055127;103 274;B01;2;7;0;2;3;1;1;
85489;202100055127;103 275;A01;1;10;0;2;8;17;1;
85490;202100055128;103 273;A01;1;7;6;0;7;1;1;
85491;202100055129;103 271;A01;3;7;0;2;1;1;1;
85492;202100055129;103 272;B01;3;10;0;2;8;23;1;
85493;202100055130;103 270;A01;2;7;0;1;2;1;1;
85494;202100055131;103 268;B01;1;7;0;2;1;1;1;
85495;202100055131;103 269;A01;3;7;0;2;8;19;1;
85496;202100055132;103 267;A01;1;7;6;0;2;1;1;
85497;202100055133;103 266;A01;2;7;6;0;3;1;1;
85498;202100055134;103 264;B01;3;7;0;2;1;1;1;
85499;202100055134;103 265;A01;1;7;6;2;7;1;1;
85500;202100055136;103 258;C01;2;7;0;2;4;2;1;
85501;202100055136;103 259;B01;2;15;0;2;4;2;1;
85502;202100055136;103 260;A01;2;15;0;2;1;2;1;
85503;202100055136;103 261;D01;2;10;0;2;4;2;1;
85504;202100055137;103 257;A01;1;33;4;0;8;1;1;
85505;202100055138;103 255;B01;2;7;0;2;5;1;1;
85506;202100055138;103 256;A01;2;7;0;2;3;1;1;
85507;202100055139;103 253;B01;2;32;1;2;3;3;1;
85508;202100055139;103 254;A01;2;7;0;2;7;12;1;
85509;202100055140;103 251;A01;2;7;0;2;1;1;1;
85510;202100055140;103 252;B01;2;7;0;2;4;23;1;
85511;202100055141;103 250;A01;1;7;4;0;2;14;1;
85512;202100055143;103 247;A01;1;7;0;0;9;16;1;
85513;202100055144;103 245;A01;1;34;0;2;3;3;1;
85514;202100055144;103 246;Z01;1;14;0;0;0;0;1;
85515;202100055145;103 242;B01;2;10;0;2;1;2;1;
85516;202100055145;103 243;A01;2;33;0;2;1;2;1;
85517;202100055145;103 244;C01;2;7;0;2;4;2;1;
85518;202100055146;103 241;A01;1;7;0;1;7;2;1;
85519;202100055147;103 239;B01;2;7;0;2;3;15;1;
85520;202100055147;103 240;A01;2;2;0;2;1;1;1;
85521;202100055148;103 238;A01;0;7;0;1;3;1;1;
85522;202100055149;103 236;A01;3;7;0;2;4;5;0;
85523;202100055149;103 237;B01;3;7;0;2;3;1;0;
85524;202100055151;103 233;A01;1;7;14;0;1;14;1;
85525;202100055152;103 232;A01;3;10;9;2;1;14;1;
85526;202100055153;103 231;A01;1;32;0;0;3;15;1;
85527;202100055154;103 229;A01;3;7;0;2;3;9;1;
85528;202100055154;103 230;B01;1;7;0;2;7;1;1;
85529;202100055155;103 228;A01;1;7;0;1;2;1;1;
85530;202100055156;103 226;B01;1;7;0;2;1;1;1;
85531;202100055156;103 227;A01;1;33;0;2;4;1;1;
85532;202100055157;103 224;B01;3;7;0;2;1;1;1;
85533;202100055157;103 225;A01;3;7;0;2;7;13;1;
85534;202100055158;103 223;A01;2;7;0;1;1;1;1;
85535;202100055159;103 221;B01;3;7;0;2;3;1;1;
85536;202100055159;103 222;A01;3;7;1;2;1;19;1;
85537;202100055160;103 217;D01;1;7;0;2;3;0;1;
85538;202100055160;103 218;C01;2;7;0;2;5;2;1;
85539;202100055160;103 219;B01;2;33;0;2;4;2;1;
85540;202100055160;103 220;A01;2;33;0;9;1;2;1;
85541;202100055161;103 215;A01;0;7;0;2;1;1;1;
85542;202100055161;103 216;B01;0;7;0;2;7;15;1;
85543;202100055162;103 214;A01;0;7;0;1;1;16;1;
85544;202100055163;103 211;C01;0;7;0;2;4;1;1;
85545;202100055163;103 212;B01;0;7;0;2;1;1;1;
85546;202100055163;103 213;A01;0;7;0;2;1;1;1;
85547;202100055164;103 210;A01;0;7;15;0;1;1;1;
85548;202100055165;103 208;B01;3;1;0;2;7;1;0;
85549;202100055165;103 209;A01;1;10;0;2;1;9;1;
85550;202100055166;103 207;A01;3;7;2;0;1;13;1;
85551;202100055167;103 204;A01;3;7;0;2;7;1;1;
85552;202100055167;103 205;C01;3;7;0;2;1;1;1;
85553;202100055167;103 206;B01;3;7;0;2;1;1;1;
85554;202100055169;103 202;A01;1;7;0;1;1;9;3;
85555;202100055171;103 198;B01;3;30;0;2;1;1;1;
85556;202100055171;103 199;A01;3;7;0;2;5;15;1;
85557;202100055172;103 196;B01;2;1;0;2;1;1;0;
85558;202100055172;103 197;A01;3;7;0;9;3;16;1;
85559;202100055173;103 194;A01;2;7;0;2;2;15;1;
85560;202100055173;103 195;B01;1;7;0;2;3;1;1;
85561;202100055174;103 192;B01;2;2;0;2;1;1;1;
85562;202100055174;103 193;A01;1;7;0;2;1;13;1;
85563;202100055175;103 190;A01;2;7;0;2;2;19;1;
85564;202100055175;103 191;B01;1;7;0;2;3;2;1;
85565;202100055176;103 189;A01;1;50;0;0;0;1;3;
85566;202100055177;103 188;A01;1;1;0;0;0;1;5;
85567;202100055178;103 187;A01;1;7;0;1;1;1;1;
85568;202100055179;103 184;A01;2;15;0;2;6;1;1;
85569;202100055179;103 185;B01;2;7;0;2;2;1;1;
85570;202100055179;103 186;C01;2;7;0;2;3;1;1;
85571;202100055180;103 183;A01;1;7;0;1;1;1;1;
85572;202100055181;103 182;A01;1;7;0;1;1;1;1;
85573;202100055182;103 181;A01;1;7;14;0;1;1;1;
85574;202100055183;103 179;B01;2;7;0;1;1;1;1;
85575;202100055183;103 180;A01;1;7;0;1;3;2;1;
85576;202100055184;103 177;B01;3;30;0;2;4;2;1;
85577;202100055184;103 178;A01;3;10;0;2;1;2;1;
85578;202100055185;103 175;B01;2;7;0;2;4;2;1;
85579;202100055185;103 176;A01;2;7;0;2;1;2;1;
85580;202100055186;103 173;A01;2;7;0;2;1;15;1;
85581;202100055186;103 174;B01;1;80;0;2;8;1;3;
85582;202100055187;103 171;A01;2;15;0;2;3;16;1;
85583;202100055187;103 172;B01;1;32;0;2;1;16;1;
85584;202100055188;103 167;B01;2;7;0;2;1;1;3;
85585;202100055188;103 168;A01;1;7;0;2;9;14;1;
85586;202100055188;103 169;C01;1;7;0;2;6;1;1;
85587;202100055188;103 170;Z01;1;7;0;2;0;0;0;
85588;202100055189;103 166;A01;0;3;0;1;2;1;1;
85589;202100055190;103 164;A01;0;30;0;2;1;17;1;
85590;202100055190;103 165;B01;0;7;0;2;3;15;1;
85591;202100055191;103 163;A01;2;10;0;1;0;1;1;
85592;202100055192;103 161;B01;1;43;0;2;1;1;1;
85593;202100055192;103 162;A01;1;7;0;2;1;9;1;
85594;202100055193;103 159;A01;1;7;0;2;8;15;1;
85595;202100055193;103 160;B01;1;2;0;2;1;17;1;
85596;202100055194;103 158;A01;0;7;0;1;1;1;1;
85597;202100055195;103 156;A01;1;7;0;2;3;16;1;
85598;202100055195;103 157;B01;1;7;0;2;5;1;1;
85599;202100055196;103 154;A01;3;10;0;2;1;1;1;
85600;202100055196;103 155;B01;3;7;0;2;1;1;1;
85601;202100055197;103 152;B01;1;7;0;2;4;2;1;
85602;202100055197;103 153;A01;1;7;0;2;1;2;1;
85603;202100055198;103 150;A01;3;7;0;2;1;2;1;
85604;202100055198;103 151;B01;3;10;0;2;4;23;0;
85605;202100055199;103 149;A01;1;7;4;0;1;13;1;
85606;202100055200;103 147;B01;2;7;0;2;1;1;1;
85607;202100055200;103 148;A01;1;7;0;2;7;26;1;
85608;202100055202;103 143;B01;2;10;0;2;2;17;1;
85609;202100055202;103 144;A01;2;7;0;2;8;15;1;
85610;202100055203;103 141;B01;1;7;0;2;1;1;1;
85611;202100055203;103 142;A01;1;1;0;2;1;11;5;
85612;202100055204;103 139;B01;2;7;0;2;1;7;2;
85613;202100055204;103 140;A01;2;2;0;2;8;15;1;
85614;202100055205;103 138;A01;1;31;0;0;8;1;1;
85615;202100055206;103 136;B01;2;1;0;2;1;1;5;
85616;202100055206;103 137;A01;1;30;0;2;8;5;1;
85617;202100055207;103 134;B01;2;7;0;2;3;9;2;
85618;202100055207;103 135;A01;2;30;0;2;1;1;3;
85619;202100055208;103 132;B01;1;10;0;2;1;1;1;
85620;202100055208;103 133;A01;1;7;0;2;4;1;1;
85621;202100055209;103 130;A01;1;10;0;2;7;12;1;
85622;202100055209;103 131;B01;1;43;0;2;8;7;1;
85623;202100055210;103 128;A01;3;7;0;2;2;15;1;
85624;202100055210;103 129;B01;3;33;0;2;2;1;1;
85625;202100055211;103 127;A01;2;37;0;0;0;1;1;2.0
85626;202100055212;103 125;A01;2;7;0;2;1;15;1;
85627;202100055212;103 126;B01;2;1;0;2;8;1;5;
85628;202100055213;103 124;A01;2;7;0;1;3;1;1;
85629;202100055214;103 123;A01;1;32;0;1;3;1;1;
85630;202100055215;103 121;Z01;1;7;0;2;0;15;1;
85631;202100055215;103 122;B01;2;1;0;2;0;1;5;
85632;202100055216;103 119;B01;3;43;0;2;1;1;1;
85633;202100055216;103 120;A01;3;30;0;2;8;9;1;
85634;202100055217;103 118;A01;3;10;0;1;4;4;1;
85635;202100055219;103 115;A01;1;34;0;2;1;13;1;
85636;202100055219;103 116;B01;1;7;0;2;6;15;1;
85637;202100055220;103 114;A01;1;7;0;1;1;1;1;
85638;202100055221;103 112;B01;2;1;0;0;0;15;5;
85639;202100055221;103 113;A01;2;34;0;2;3;17;1;
85640;202100055222;103 111;A01;2;7;12;0;2;1;1;
85641;202100055223;103 109;A01;1;80;1;2;7;1;3;
85642;202100055223;103 110;Z01;1;7;0;2;8;24;3;
85643;202100055224;103 107;B01;1;2;0;2;2;17;1;
85644;202100055224;103 108;A01;1;7;0;2;6;17;1;
85645;202100055226;103 105;A01;2;7;8;0;1;13;1;
85646;202100055227;103 103;B01;0;7;1;0;7;1;1;
85647;202100055227;103 104;A01;0;7;1;0;1;9;1;
85648;202100055228;103 101;B01;2;32;0;2;4;1;1;
85649;202100055228;103 102;A01;2;7;0;2;1;1;1;
85650;202100055229;103 099;B01;2;2;0;2;1;2;1;
85651;202100055229;103 100;A01;1;7;1;0;3;26;1;
85652;202100055230;103 097;A01;2;7;0;2;8;13;1;
85653;202100055230;103 098;B01;2;37;0;2;2;1;1;1.0
85654;202100055231;103 096;A01;2;30;0;1;1;21;1;
85655;202100055232;103 093;A01;1;10;0;2;1;1;1;
85656;202100055232;103 094;B01;1;7;0;2;4;23;1;
85657;202100055232;103 095;C01;1;7;0;2;4;23;1;
85658;202100055233;103 091;B01;2;7;0;2;8;15;1;
85659;202100055233;103 092;A01;2;32;0;2;2;17;1;
85660;202100055234;103 090;A01;1;32;0;1;1;1;1;
85661;202100055235;103 089;A01;1;10;0;1;8;1;1;
85662;202100055236;103 087;A01;1;7;0;2;3;15;1;
85663;202100055236;103 088;B01;2;7;0;2;1;1;1;
85664;202100055238;103 085;A01;1;7;13;0;1;1;1;
85665;202100055239;103 083;B01;2;7;0;2;3;1;1;
85666;202100055239;103 084;A01;1;1;0;2;1;19;5;
85667;202100055240;103 081;A01;3;7;0;2;1;1;1;
85668;202100055240;103 082;B01;3;1;0;0;1;1;5;
85669;202100055243;103 077;A01;0;15;0;0;0;1;1;
85670;202100055245;103 072;A01;1;7;2;0;0;1;1;
85671;202100055246;103 071;A01;1;7;0;1;1;1;1;
85672;202100055247;103 070;A01;1;7;13;0;2;1;1;
85673;202100055248;103 069;A01;0;7;0;1;2;1;0;
85674;202100055249;103 065;D01;1;10;0;2;1;2;1;
85675;202100055249;103 066;C01;1;7;0;2;4;2;1;
85676;202100055249;103 067;B01;1;7;0;2;4;0;1;
85677;202100055249;103 068;A01;1;7;0;0;4;1;1;
85678;202100055250;103 064;A01;2;15;3;0;3;13;1;
85679;202100055251;103 062;B01;2;7;6;0;8;15;3;
85680;202100055251;103 063;A01;2;7;0;2;2;13;1;
85681;202100055252;103 061;A01;1;7;0;1;3;0;1;
85682;202100055253;103 059;B01;2;7;0;2;3;1;1;
85683;202100055253;103 060;A01;1;7;0;2;3;17;1;
85684;202100055254;103 057;A01;1;2;0;2;1;15;1;
85685;202100055254;103 058;B01;2;7;0;2;3;1;1;
85686;202100055256;103 054;B01;1;7;0;2;1;1;1;
85687;202100055256;103 055;A01;2;7;0;2;1;1;1;
85688;202100055257;103 052;A01;2;7;0;2;1;0;1;
85689;202100055257;103 053;B01;1;7;0;2;1;1;1;
85690;202100055259;103 049;B01;1;99;0;0;4;0;1;
85691;202100055259;103 050;A01;1;10;0;0;1;17;1;
85692;202100055260;103 047;A01;1;7;0;6;1;1;1;
85693;202100055261;103 045;B01;1;7;0;2;5;0;1;
85694;202100055261;103 046;A01;2;7;0;2;1;0;1;
85695;202100055262;103 043;B01;3;7;7;0;7;1;1;
85696;202100055262;103 044;A01;3;7;0;2;1;1;1;
85697;202100055263;103 041;B01;1;7;0;2;1;26;1;
85698;202100055263;103 042;A01;1;7;0;2;4;26;1;
85699;202100055264;103 039;B01;2;7;4;0;4;2;2;
85700;202100055264;103 040;A01;2;15;0;2;1;2;1;
85701;202100055266;103 034;B01;2;33;0;2;1;1;1;
85702;202100055266;103 035;A01;2;7;0;2;1;1;1;