;Num_Acc;id_vehicule;num_veh;senc;catv;obs;obsm;choc;manv;motor;occutc
85703;202100055266;103 036;C01;2;7;0;2;4;1;1;
85704;202100055267;103 029;F01;2;10;0;2;4;2;1;
85705;202100055267;103 030;E01;2;7;0;2;1;2;1;
85706;202100055267;103 031;C01;2;7;0;2;1;2;1;
85707;202100055267;103 032;B01;2;7;0;2;1;2;1;
85708;202100055267;103 033;A01;2;7;0;2;1;2;1;
85709;202100055269;103 025;A01;3;7;0;2;2;15;1;
85710;202100055269;103 026;B01;3;2;0;2;1;2;1;
85711;202100055270;103 023;A01;1;1;0;2;7;19;0;
85712;202100055270;103 024;B01;1;7;0;2;1;1;1;
85713;202100055271;103 021;B01;2;7;0;2;2;9;1;
85714;202100055271;103 022;A01;2;32;0;2;2;26;1;
85715;202100055272;103 020;A01;2;7;0;1;1;1;1;
85716;202100055273;103 019;A01;1;7;0;1;7;1;1;
85717;202100055274;103 018;A01;1;13;0;1;1;1;1;
85718;202100055275;103 017;A01;1;32;1;0;1;13;1;
85719;202100055276;103 016;A01;3;7;0;2;2;17;1;
85720;202100055277;103 013;A01;3;7;0;2;3;15;1;
85721;202100055277;103 014;B01;3;1;0;2;8;16;5;
85722;202100055278;103 012;A01;1;7;0;1;1;1;1;
85723;202100055279;103 010;B01;2;7;0;2;4;2;2;
85724;202100055279;103 011;A01;2;7;0;2;1;2;1;
85725;202100055280;103 008;B01;3;30;0;2;0;0;1;
85726;202100055280;103 009;A01;1;37;0;2;1;15;1;1.0
85727;202100055281;103 005;A01;1;33;0;2;1;2;1;
85728;202100055281;103 006;B01;1;7;0;2;4;2;1;
85729;202100055281;103 007;C01;1;7;0;2;4;2;1;
85730;202100055282;103 003;A01;3;7;0;2;5;15;0;
85731;202100055282;103 004;B01;0;2;0;2;1;1;1;
85732;202100055283;103 001;B01;0;2;0;2;6;1;1;
85733;202100055283;103 002;A01;0;7;0;2;8;10;1;
85734;202100055284;103 000;A01;1;7;0;1;2;26;1;
85735;202100055285;102 998;A01;1;7;0;2;8;10;1;
85736;202100055285;102 999;B01;1;7;0;2;1;2;1;
85737;202100055286;102 997;A01;1;7;0;1;1;1;1;
85738;202100055287;102 996;A01;3;7;0;1;1;1;1;
85739;202100055288;102 994;B01;2;7;0;2;4;0;1;
85740;202100055288;102 995;A01;2;37;0;2;1;1;1;1.0
85741;202100055289;102 992;B01;1;7;0;2;1;1;1;
85742;202100055289;102 993;A01;2;7;0;2;7;1;1;
85743;202100055290;102 990;B01;1;7;1;0;4;2;1;
85744;202100055290;102 991;A01;1;7;0;2;1;26;1;
85745;202100055291;102 988;B01;1;32;0;2;1;1;1;
85746;202100055291;102 989;A01;2;10;0;2;2;19;1;
85747;202100055292;102 987;A01;3;7;0;1;1;16;1;
85748;202100055293;102 985;Z01;2;7;0;2;2;17;1;
85749;202100055293;102 986;B01;2;7;0;2;6;23;1;
85750;202100055294;102 983;B01;1;2;0;2;1;1;1;
85751;202100055294;102 984;A01;2;7;0;2;3;15;1;
85752;202100055295;102 981;B01;3;32;0;2;5;23;1;
85753;202100055295;102 982;A01;3;13;0;2;1;1;0;
85754;202100055296;102 980;A01;3;20;0;1;3;10;1;
85755;202100055297;102 978;A01;3;7;0;2;1;1;1;
85756;202100055297;102 979;B01;3;7;0;2;1;0;1;
85757;202100055298;102 977;A01;2;7;0;1;3;1;1;
85758;202100055299;102 976;A01;1;7;0;1;2;1;1;
85759;202100055300;102 975;A01;1;7;0;1;8;1;1;
85760;202100055301;102 974;A01;3;7;0;1;1;16;1;
85761;202100055302;102 973;A01;1;7;0;1;1;1;1;
85762;202100055303;102 972;A01;2;7;0;1;1;1;1;
85763;202100055304;102 971;A01;3;7;0;1;2;15;1;
85764;202100055305;102 968;B01;1;7;0;2;4;23;1;
85765;202100055305;102 969;A01;1;10;0;2;1;1;1;
85766;202100055305;102 970;C01;1;7;0;0;4;23;1;
85767;202100055306;102 967;A01;1;7;0;1;1;15;1;
85768;202100055307;102 966;A01;1;3;0;1;1;1;1;
85769;202100055309;102 964;A01;1;7;13;0;6;1;1;
85770;202100055310;102 963;A01;1;7;8;0;1;1;1;
85771;202100055311;102 961;B01;3;7;0;2;1;1;1;
85772;202100055311;102 962;A01;3;7;0;2;3;15;1;
85773;202100055312;102 959;B01;3;1;0;2;0;1;5;
85774;202100055312;102 960;A01;3;7;0;2;1;17;1;
85775;202100055313;102 957;B01;1;7;0;2;2;19;1;
85776;202100055313;102 958;A01;1;99;0;2;3;19;1;
85777;202100055314;102 955;A01;2;7;0;2;7;1;1;
85778;202100055314;102 956;B01;3;7;0;2;3;0;1;
85779;202100055315;102 954;A01;1;60;0;2;1;1;5;
85780;202100055316;102 953;A01;3;30;0;0;8;15;3;
85781;202100055317;102 952;A01;1;7;0;1;1;1;1;
85782;202100055318;102 950;B01;2;7;0;2;2;1;1;
85783;202100055318;102 951;A01;2;30;0;2;1;18;1;
85784;202100055319;102 948;B01;3;30;0;2;1;1;1;
85785;202100055319;102 949;A01;3;7;0;2;3;15;1;
85786;202100055320;102 946;B01;2;7;0;2;4;2;1;
85787;202100055320;102 947;A01;2;7;0;2;1;2;1;
85788;202100055321;102 944;B01;2;1;0;2;1;1;0;
85789;202100055321;102 945;A01;2;7;0;2;5;16;2;
85790;202100055322;102 942;Z01;3;7;1;1;1;1;1;
85791;202100055322;102 943;B01;3;13;0;0;7;24;0;
85792;202100055323;102 940;B01;3;37;0;2;3;1;0;3.0
85793;202100055323;102 941;A01;3;7;0;2;7;16;1;
85794;202100055324;102 939;A01;3;7;0;1;2;1;1;
85795;202100055325;102 937;A01;1;7;0;2;2;15;1;
85796;202100055325;102 938;B01;2;32;0;2;1;1;1;
85797;202100055326;102 935;A01;2;33;0;2;7;17;1;
85798;202100055326;102 936;B01;0;7;0;2;8;1;1;
85799;202100055328;102 932;A01;3;7;0;1;2;16;6;
85800;202100055329;102 931;A01;3;7;0;1;2;15;1;
85801;202100055330;102 929;B01;2;1;0;2;3;1;5;
85802;202100055330;102 930;A01;2;7;0;2;2;21;1;
85803;202100055331;102 928;A01;1;7;0;1;1;1;1;
85804;202100055332;102 926;A01;1;7;0;2;4;23;1;
85805;202100055332;102 927;B01;1;7;0;2;2;26;1;
85806;202100055333;102 924;B01;0;1;0;0;0;0;5;
85807;202100055333;102 925;A01;0;7;0;2;4;4;1;
85808;202100055334;102 923;A01;1;7;0;0;0;1;1;
85809;202100055335;102 922;A01;1;7;0;1;1;1;1;
85810;202100055336;102 920;A01;1;30;0;2;1;17;1;
85811;202100055336;102 921;B01;1;7;0;2;3;15;1;
85812;202100055337;102 919;A01;3;32;0;1;0;1;1;
85813;202100055338;102 916;C01;1;7;0;2;1;1;1;
85814;202100055338;102 917;B01;2;7;0;2;8;1;1;
85815;202100055338;102 918;A01;1;10;0;2;1;15;1;
85816;202100055339;102 914;A01;2;7;0;2;1;15;1;
85817;202100055339;102 915;B01;1;2;1;2;1;1;1;
85818;202100055340;102 912;A01;3;30;8;2;8;1;1;
85819;202100055340;102 913;B01;0;7;0;2;2;1;1;
85820;202100055341;102 911;A01;3;33;12;0;1;1;1;
85821;202100055342;102 910;A01;2;7;0;1;1;15;1;
85822;202100055343;102 909;A01;1;7;0;1;3;15;1;
85823;202100055344;102 908;Z01;1;7;0;1;1;1;0;
85824;202100055345;102 906;A01;2;10;0;2;8;11;1;
85825;202100055345;102 907;B01;2;31;0;2;2;3;1;
85826;202100055346;102 905;A01;2;32;4;2;8;13;1;
85827;202100055347;102 904;A01;2;7;0;1;2;1;1;
85828;202100055348;102 902;A01;1;7;0;2;7;1;1;
85829;202100055348;102 903;B01;1;34;0;2;8;17;1;
85830;202100055351;102 898;B01;3;7;0;2;4;23;1;
85831;202100055351;102 899;A01;3;14;0;2;1;1;1;
85832;202100055353;102 894;B01;1;10;1;2;6;1;1;
85833;202100055353;102 895;A01;2;7;0;2;1;1;1;
85834;202100055354;102 892;B01;2;50;0;2;3;1;3;
85835;202100055354;102 893;A01;2;7;0;2;8;15;1;
85836;202100055356;102 888;B01;1;10;0;2;6;15;1;
85837;202100055356;102 889;A01;1;30;0;2;2;17;1;
85838;202100055357;102 887;A01;2;7;0;1;1;1;1;
85839;202100055358;102 885;A01;1;10;0;2;2;15;1;
85840;202100055358;102 886;B01;2;30;0;2;3;1;1;
85841;202100055359;102 884;A01;1;7;0;1;2;1;1;
85842;202100055360;102 883;A01;2;7;0;1;3;15;2;
85843;202100055361;102 882;A01;1;10;0;1;1;9;1;
85844;202100055363;102 879;A01;1;1;0;0;0;1;5;
85845;202100055364;102 875;A01;2;10;0;2;1;9;3;
85846;202100055364;102 876;B01;2;7;0;2;5;1;3;
85847;202100055364;102 877;C01;2;7;0;2;5;2;1;
85848;202100055364;102 878;D01;2;7;0;2;2;2;1;
85849;202100055365;102 874;A01;1;10;1;1;2;1;1;
85850;202100055366;102 873;A01;2;7;0;1;8;15;1;
85851;202100055367;102 871;B01;2;7;0;2;1;2;1;
85852;202100055367;102 872;FA01;2;1;0;2;8;19;5;
85853;202100055368;102 870;A01;1;33;0;1;1;1;1;
85854;202100055369;102 867;C01;1;7;0;2;3;15;1;
85855;202100055369;102 868;A01;1;7;0;2;1;1;1;
85856;202100055369;102 869;B01;1;7;0;2;4;1;1;
85857;202100055370;102 866;A01;1;7;0;1;3;15;1;
85858;202100055371;102 864;B01;1;7;0;2;1;15;1;
85859;202100055371;102 865;A01;1;7;0;2;8;1;1;
85860;202100055372;102 862;A01;3;7;0;2;1;26;1;
85861;202100055372;102 863;B01;3;99;0;0;0;25;0;
85862;202100055373;102 861;A01;3;7;12;0;9;2;0;
85863;202100055374;102 860;A01;1;7;0;1;3;15;1;
85864;202100055375;102 859;A01;1;30;0;0;8;1;1;
85865;202100055376;102 858;A01;0;7;0;1;1;15;1;
85866;202100055377;102 857;A01;1;30;0;1;2;1;1;
85867;202100055378;102 856;A01;2;10;0;1;4;4;1;
85868;202100055379;102 854;B01;2;7;0;2;4;0;1;
85869;202100055379;102 855;A01;2;7;0;2;1;0;1;
85870;202100055380;102 853;Z01;1;7;0;1;1;16;0;
85871;202100055381;102 851;B01;1;7;0;2;6;1;2;
85872;202100055381;102 852;A01;1;30;0;2;6;12;3;
85873;202100055383;102 848;A01;1;32;0;0;0;0;1;
85874;202100055384;102 846;A01;1;7;0;0;9;14;1;
85875;202100055385;102 845;A01;1;7;0;1;2;1;1;
85876;202100055386;102 844;A01;1;7;2;0;1;1;1;
85877;202100055388;102 841;A01;2;7;0;2;3;19;1;
85878;202100055388;102 842;B01;2;7;0;2;2;1;1;
85879;202100055389;102 839;B01;2;2;0;2;3;1;1;
85880;202100055389;102 840;A01;1;2;0;2;3;13;1;
85881;202100055390;102 837;B01;2;33;0;2;1;17;1;
85882;202100055390;102 838;A01;3;10;0;2;3;19;1;
85883;202100055391;102 836;A01;1;7;0;1;4;4;1;
85884;202100055392;102 834;B01;1;7;0;2;1;1;1;
85885;202100055392;102 835;A01;2;7;0;2;1;13;1;
85886;202100055393;102 832;B01;1;2;0;2;8;1;1;
85887;202100055393;102 833;A01;2;7;0;2;1;1;1;
85888;202100055394;102 831;A01;1;7;0;1;2;1;1;
85889;202100055396;102 827;A01;2;15;0;0;4;1;1;
85890;202100055396;102 828;B01;2;7;0;2;1;1;1;
85891;202100055396;102 829;C01;2;7;0;2;1;1;1;
85892;202100055397;102 825;A01;2;10;0;2;8;17;1;
85893;202100055397;102 826;B01;1;30;0;2;3;1;1;
85894;202100055398;102 824;A01;1;7;7;0;9;1;1;
85895;202100055399;102 822;A01;0;7;0;2;1;11;1;
85896;202100055399;102 823;B01;0;7;0;2;1;1;1;
85897;202100055400;102 821;A01;1;7;6;0;1;1;1;
85898;202100055401;102 820;A01;1;7;13;0;4;1;0;
85899;202100055402;102 816;C01;2;7;0;2;6;1;1;
85900;202100055402;102 817;D01;2;7;0;2;3;1;1;
85901;202100055402;102 818;B01;2;7;0;2;8;1;1;
85902;202100055402;102 819;A01;1;7;0;2;3;13;1;
85903;202100055403;102 814;A01;1;7;0;2;1;17;1;
85904;202100055403;102 815;B01;1;7;13;0;4;13;1;
85905;202100055405;102 809;A01;3;7;0;1;1;1;1;
85906;202100055406;102 808;A01;1;7;3;0;2;14;1;
85907;202100055407;102 807;A01;3;10;3;0;2;0;1;
85908;202100055409;102 805;A01;2;7;9;0;1;1;1;
85909;202100055410;102 803;B01;0;7;0;2;3;23;1;
85910;202100055410;102 804;A01;0;7;0;2;3;16;1;
85911;202100055411;102 802;A01;1;7;8;0;1;1;1;
85912;202100055412;102 800;B01;3;7;0;2;3;1;1;
85913;202100055412;102 801;A01;3;7;0;2;1;13;1;
85914;202100055413;102 798;A01;1;7;0;2;3;13;1;
85915;202100055413;102 799;B01;2;7;0;2;3;1;1;
85916;202100055414;102 797;A01;1;7;0;1;3;1;1;
85917;202100055415;102 796;A01;2;33;3;0;7;17;1;
85918;202100055416;102 795;A01;1;7;0;9;0;1;1;
85919;202100055418;102 790;C01;1;7;1;2;1;2;1;
85920;202100055418;102 791;B01;1;7;3;0;1;2;1;
85921;202100055418;102 792;A01;1;7;0;2;4;23;1;
85922;202100055420;102 787;A01;1;7;0;2;3;9;1;
85923;202100055420;102 788;B01;1;14;0;2;2;26;1;
85924;202100055421;102 784;C01;2;10;0;2;4;2;1;
85925;202100055421;102 785;A01;2;99;0;2;1;2;1;
85926;202100055421;102 786;B01;2;7;0;2;4;2;1;
85927;202100055422;102 782;A01;2;7;0;2;3;12;1;
85928;202100055422;102 783;B01;2;10;0;2;5;2;1;
85929;202100055423;102 781;A01;2;7;4;0;8;2;1;
85930;202100055424;102 780;A01;2;7;4;0;2;14;1;
85931;202100055425;102 779;A01;2;7;3;0;3;2;1;
85932;202100055426;102 778;A01;2;7;4;0;3;13;1;
85933;202100055427;102 774;A01;2;33;0;2;8;3;1;
85934;202100055427;102 775;B01;2;7;0;2;2;12;1;
85935;202100055427;102 776;C01;2;7;0;2;7;1;1;
85936;202100055427;102 777;D01;2;7;0;2;6;1;1;
85937;202100055428;102 773;A01;2;33;0;0;0;2;1;
85938;202100055429;102 771;B01;1;7;0;2;1;1;1;
85939;202100055429;102 772;A01;1;10;0;2;4;1;1;
85940;202100055430;102 769;A01;2;7;0;2;0;11;1;
85941;202100055430;102 770;B01;2;7;0;2;0;2;1;
85942;202100055431;102 768;A01;1;10;0;1;1;21;1;
85943;202100055432;102 767;A01;1;30;14;0;0;26;1;
85944;202100055433;102 766;A01;2;10;4;0;1;15;1;
85945;202100055434;102 765;A01;3;7;0;1;1;1;1;
85946;202100055435;102 764;A01;1;7;1;0;2;1;1;
85947;202100055436;102 763;A01;1;7;1;0;2;14;1;
85948;202100055437;102 762;A01;2;30;14;0;1;17;1;
85949;202100055438;102 760;A01;2;7;0;9;0;1;1;
85950;202100055438;102 761;B01;1;1;0;2;0;15;0;
85951;202100055439;102 758;A01;1;10;0;2;2;13;1;
85952;202100055439;102 759;B01;2;7;0;2;2;1;1;
85953;202100055440;102 757;A01;2;7;0;1;3;1;1;
85954;202100055441;102 755;B01;1;33;0;2;0;26;1;
85955;202100055441;102 756;A01;1;10;0;2;2;0;1;
85956;202100055442;102 753;A01;3;31;0;2;0;26;0;
85957;202100055442;102 754;B01;3;7;5;2;3;1;6;
85958;202100055443;102 751;B01;2;33;0;2;7;3;1;
85959;202100055443;102 752;A01;2;7;0;2;8;11;1;
85960;202100055444;102 750;A01;1;7;15;0;1;19;1;
85961;202100055445;102 748;B01;3;7;0;2;8;1;1;
85962;202100055445;102 749;A01;1;7;0;2;1;1;1;
85963;202100055446;102 746;B01;2;33;0;2;3;1;1;
85964;202100055446;102 747;A01;1;7;0;2;3;15;1;
85965;202100055447;102 744;B01;1;2;0;2;1;1;1;
85966;202100055447;102 745;A01;1;7;0;2;2;15;1;
85967;202100055448;102 742;B01;2;7;0;2;1;5;1;
85968;202100055448;102 743;A01;1;7;0;2;1;0;1;
85969;202100055449;102 741;A01;1;7;0;1;1;1;1;
85970;202100055450;102 738;A01;1;7;11;0;0;6;1;
85971;202100055450;102 739;B01;1;7;0;2;1;1;1;
85972;202100055450;102 740;C01;1;7;0;2;3;1;1;
85973;202100055451;102 736;B01;2;30;0;2;1;1;3;
85974;202100055451;102 737;A01;2;7;0;2;3;23;1;
85975;202100055452;102 734;A01;1;2;0;2;1;1;1;
85976;202100055452;102 735;B01;2;7;0;2;2;1;1;
85977;202100055453;102 733;A01;1;33;0;0;8;1;1;
85978;202100055454;102 732;A01;2;7;13;0;1;13;1;
85979;202100055455;102 726;A01;2;10;0;2;1;1;1;
85980;202100055455;102 727;E01;2;7;0;2;4;23;1;
85981;202100055455;102 728;D01;2;7;0;2;4;23;1;
85982;202100055455;102 729;C01;2;7;0;2;4;23;1;
85983;202100055455;102 730;B01;2;7;0;2;4;23;1;
85984;202100055456;102 724;A01;3;7;0;2;1;1;1;
85985;202100055456;102 725;B01;3;2;0;2;1;1;1;
85986;202100055458;102 720;A01;1;33;0;2;1;13;1;
85987;202100055458;102 721;B01;1;7;0;2;3;1;1;
85988;202100055459;102 718;A01;1;7;0;2;8;1;1;
85989;202100055459;102 719;B01;1;80;0;2;1;1;3;
85990;202100055460;102 716;B01;0;7;0;2;3;1;1;
85991;202100055460;102 717;A01;0;7;0;2;0;9;0;
85992;202100055462;102 712;B01;1;1;0;2;0;1;5;
85993;202100055462;102 713;A01;1;15;0;2;0;16;1;
85994;202100055463;102 710;A01;2;7;2;0;3;26;1;
85995;202100055464;102 705;C01;2;37;0;2;1;1;1;1.0
85996;202100055464;102 706;A01;1;7;0;2;3;9;1;
85997;202100055464;102 707;B01;1;34;0;2;1;1;1;
85998;202100055465;102 703;A01;2;7;0;2;1;1;1;
85999;202100055465;102 704;B01;1;10;0;2;1;15;1;
86000;202100055466;102 699;B01;0;7;0;2;1;1;1;
86001;202100055466;102 700;A01;0;7;0;2;8;26;1;
86002;202100055467;102 698;A01;3;7;0;1;1;26;1;
86003;202100055468;102 697;A01;2;7;0;1;2;21;1;
86004;202100055469;102 695;A01;2;10;0;2;3;15;1;
86005;202100055469;102 696;B01;1;50;0;2;1;1;3;
86006;202100055470;102 694;A01;1;7;0;1;3;1;1;
86007;202100055471;102 692;A01;2;7;6;0;2;1;1;
86008;202100055472;102 691;A01;1;7;6;0;1;1;1;
86009;202100055473;102 689;A01;2;7;0;2;7;1;1;
86010;202100055473;102 690;B01;3;14;0;2;1;1;1;
86011;202100055474;102 688;A01;0;7;0;1;3;11;1;
86012;202100055475;102 687;A01;2;99;0;1;3;15;1;
86013;202100055476;102 686;A01;2;7;8;0;1;13;1;
86014;202100055477;102 684;B01;1;7;0;2;4;23;1;
86015;202100055477;102 685;A01;1;7;0;2;1;1;1;
86016;202100055478;102 683;A01;1;7;0;1;2;1;2;
86017;202100055479;102 682;A01;1;7;0;1;3;1;1;
86018;202100055481;102 679;A01;1;30;0;0;0;1;1;
86019;202100055482;102 678;A01;1;30;0;0;0;1;1;
86020;202100055483;102 677;A01;3;7;3;0;1;1;1;
86021;202100055484;102 675;B01;1;7;0;2;7;1;1;
86022;202100055484;102 676;A01;1;60;0;2;1;1;5;
86023;202100055486;102 671;A01;1;7;14;0;9;1;1;
86024;202100055487;102 669;B01;1;40;0;2;1;1;3;
86025;202100055487;102 670;A01;2;7;0;4;1;1;1;
86026;202100055488;102 667;B01;3;7;0;2;4;1;1;
86027;202100055488;102 668;A01;3;7;0;2;1;1;1;
86028;202100055490;102 663;A01;1;1;0;2;1;5;5;
86029;202100055490;102 664;B01;2;7;0;2;0;1;1;
86030;202100055491;102 661;B01;2;7;0;2;4;1;1;
86031;202100055491;102 662;A01;2;7;0;2;1;2;1;
86032;202100055492;102 658;C01;1;7;0;2;4;2;1;
86033;202100055492;102 659;B01;1;7;0;2;4;1;1;
86034;202100055492;102 660;A01;1;10;0;2;1;2;1;
86035;202100055493;102 656;A01;1;7;0;2;3;9;1;
86036;202100055493;102 657;B01;1;1;0;2;7;1;5;
86037;202100055494;102 654;A01;1;30;0;2;0;1;1;
86038;202100055494;102 655;B01;1;7;0;2;2;1;1;
86039;202100055495;102 652;B01;2;7;0;2;1;1;2;
86040;202100055495;102 653;A01;2;10;0;2;8;9;1;
86041;202100055496;102 651;A01;1;7;0;1;1;1;1;
86042;202100055497;102 649;B01;1;7;0;2;4;1;1;
86043;202100055497;102 650;A01;1;10;0;2;1;1;1;
86044;202100055498;102 648;A01;1;7;0;1;3;1;1;
86045;202100055499;102 645;A01;2;7;0;2;1;16;1;
86046;202100055499;102 646;B01;2;10;0;2;4;16;1;
86047;202100055499;102 647;C01;2;7;0;2;4;9;1;
86048;202100055500;102 643;B01;2;2;0;2;2;1;1;
86049;202100055500;102 644;A01;2;7;0;2;0;15;1;
86050;202100055501;102 638;E01;1;7;0;2;4;15;1;
86051;202100055501;102 639;A01;1;7;0;2;1;1;1;
86052;202100055501;102 640;B01;1;7;0;0;1;1;1;
86053;202100055501;102 641;C01;1;7;0;0;4;0;1;
86054;202100055501;102 642;D01;1;7;0;2;0;0;1;
86055;202100055502;102 636;Z01;3;7;0;2;4;16;1;
86056;202100055502;102 637;A01;3;2;0;2;1;26;1;
86057;202100055503;102 634;A01;0;10;0;2;2;15;1;
86058;202100055503;102 635;B01;0;32;0;2;1;1;1;
86059;202100055504;102 632;B01;1;10;0;2;1;1;1;
86060;202100055504;102 633;A01;2;7;0;2;1;9;1;
86061;202100055505;102 630;B01;1;7;0;2;3;1;1;
86062;202100055505;102 631;A01;2;7;0;2;3;19;1;
86063;202100055506;102 628;B01;2;7;4;2;0;0;1;
86064;202100055506;102 629;A01;1;7;4;2;3;23;1;
86065;202100055507;102 626;B01;1;7;0;2;2;1;1;
86066;202100055507;102 627;A01;1;7;0;2;3;9;1;
86067;202100055508;102 625;A01;3;7;5;0;1;1;1;
86068;202100055509;102 623;A01;1;33;0;2;1;13;1;
86069;202100055509;102 624;B01;2;10;0;2;1;1;1;
86070;202100055510;102 621;B01;1;7;1;2;1;1;1;
86071;202100055510;102 622;A01;1;7;1;2;2;15;1;
86072;202100055511;102 619;B01;3;7;0;2;4;0;1;
86073;202100055511;102 620;A01;3;7;0;2;1;21;1;
86074;202100055512;102 618;A01;2;7;0;1;1;1;1;
86075;202100055513;102 617;A01;1;7;6;0;1;1;1;
86076;202100055514;102 615;B01;2;7;0;2;1;1;1;
86077;202100055514;102 616;A01;1;7;0;2;4;1;1;
86078;202100055515;102 614;A01;3;7;2;0;8;1;1;
86079;202100055516;102 611;A01;2;43;0;2;2;3;1;
86080;202100055516;102 612;B01;2;7;0;2;8;1;1;
86081;202100055516;102 613;C01;2;7;0;2;7;1;1;
86082;202100055517;102 609;A01;1;7;0;2;7;12;1;
86083;202100055517;102 610;B01;1;33;0;2;8;1;1;
86084;202100055518;102 608;A01;1;37;0;1;2;1;1;1.0
86085;202100055519;102 607;A01;3;7;9;1;1;14;1;
86086;202100055522;102 601;Z01;1;7;0;2;1;2;1;
86087;202100055522;102 602;A01;1;7;0;2;4;1;1;
86088;202100055523;102 600;A01;1;7;0;1;7;1;1;
86089;202100055526;102 596;A01;1;2;8;0;1;25;1;
86090;202100055527;102 594;A01;1;30;0;2;3;18;1;
86091;202100055527;102 595;Z01;1;10;0;2;7;14;1;
86092;202100055528;102 593;A01;2;34;1;0;3;13;1;
86093;202100055529;102 592;A01;1;1;0;1;1;1;5;
86094;202100055531;102 588;A01;1;2;0;2;1;11;1;
86095;202100055531;102 589;B01;1;7;0;2;4;1;2;
86096;202100055532;102 587;A01;0;1;14;0;0;1;5;
86097;202100055533;102 585;B01;1;1;0;2;8;1;5;
86098;202100055533;102 586;A01;1;14;0;2;2;2;1;
86099;202100055534;102 584;A01;1;1;9;0;1;19;5;
86100;202100055535;102 583;B01;2;1;0;0;0;21;5;
86101;202100055536;102 582;A01;1;1;0;1;1;1;5;
86102;202100055537;102 581;A01;1;50;8;0;1;25;3;
86103;202100055538;102 580;A01;2;7;0;1;2;9;0;
86104;202100055539;102 579;A01;2;30;0;0;8;1;1;
86105;202100055540;102 578;A01;2;34;0;0;0;1;1;
86106;202100055541;102 576;B01;3;32;0;2;1;1;1;
86107;202100055541;102 577;A01;3;7;0;2;5;19;1;
86108;202100055542;102 575;A01;3;7;0;0;1;21;1;
86109;202100055543;102 573;A01;1;32;0;2;1;1;1;
86110;202100055543;102 574;B01;3;7;0;2;5;15;1;
86111;202100055544;102 572;A01;2;7;0;1;2;20;1;
86112;202100055545;102 570;A01;2;30;0;2;2;1;1;
86113;202100055545;102 571;B01;3;7;0;2;2;1;1;
86114;202100055546;102 568;A01;0;30;0;0;3;0;0;
86115;202100055546;102 569;B01;0;7;0;0;0;2;2;
86116;202100055547;102 566;B01;1;43;0;2;7;2;1;
86117;202100055547;102 567;A01;1;7;0;2;8;13;1;
86118;202100055548;102 565;A01;0;7;0;1;1;26;1;
86119;202100055549;102 563;A01;1;30;0;2;8;17;1;
86120;202100055549;102 564;B01;1;7;0;2;8;15;1;
86121;202100055550;102 561;A01;2;7;0;2;2;15;1;
86122;202100055550;102 562;B01;1;33;0;2;7;1;1;
86123;202100055552;102 555;A01;0;30;0;2;3;26;1;
86124;202100055552;102 556;B01;0;7;0;0;0;0;0;
86125;202100055553;102 554;A01;1;7;7;0;3;1;1;
86126;202100055554;102 552;B01;1;32;0;2;8;16;1;
86127;202100055554;102 553;A01;2;7;0;2;2;1;1;
86128;202100055555;102 551;A01;2;7;0;1;1;1;1;
86129;202100055556;102 550;A01;1;33;12;0;3;18;1;
86130;202100055557;102 549;A01;1;34;5;0;1;19;1;
86131;202100055558;102 546;A01;1;7;0;2;3;15;1;
86132;202100055558;102 547;B01;3;7;0;2;0;0;0;
86133;202100055559;102 544;A01;0;7;0;2;2;20;1;
86134;202100055559;102 545;B01;0;2;0;2;1;1;1;
86135;202100055560;102 542;B01;2;7;0;2;1;1;1;
86136;202100055560;102 543;A01;1;7;0;2;7;1;1;
86137;202100055561;102 540;B01;1;14;0;2;1;1;1;
86138;202100055561;102 541;A01;2;10;0;2;1;5;1;
86139;202100055562;102 538;A01;0;7;0;2;3;15;1;
86140;202100055562;102 539;B01;2;33;0;2;1;21;1;
86141;202100055563;102 536;B01;0;2;5;2;1;1;1;
86142;202100055563;102 537;A01;0;10;0;2;3;15;0;
86143;202100055564;102 533;A01;1;7;0;2;1;17;1;
86144;202100055564;102 534;B01;2;7;0;2;1;1;2;
86145;202100055565;102 532;A01;1;17;13;0;2;1;1;
86146;202100055566;102 530;C01;0;2;0;2;5;19;1;
86147;202100055566;102 531;A01;1;7;0;2;1;1;1;
86148;202100055567;102 527;B01;1;7;0;0;4;2;1;
86149;202100055567;102 528;C01;1;7;0;0;6;2;1;
86150;202100055567;102 529;A01;1;10;0;2;1;1;1;
86151;202100055568;102 525;A01;1;7;0;2;5;17;1;
86152;202100055568;102 526;B01;1;7;0;2;3;1;1;
86153;202100055569;102 523;B01;2;3;0;2;3;1;1;
86154;202100055569;102 524;A01;1;7;0;2;3;13;1;
86155;202100055570;102 522;A01;1;7;0;0;9;1;1;
86156;202100055571;102 521;A01;1;33;0;0;8;1;1;
86157;202100055572;102 519;A01;3;2;0;2;1;1;1;
86158;202100055572;102 520;B01;3;7;0;2;2;15;1;
86159;202100055573;102 518;A01;3;7;0;0;1;1;1;
86160;202100055575;102 516;A01;2;7;13;0;2;1;1;
86161;202100055576;102 514;B01;2;21;0;2;1;1;1;
86162;202100055576;102 515;A01;1;7;0;2;7;26;1;
86163;202100055577;102 512;B01;1;13;0;2;1;0;1;
86164;202100055577;102 513;A01;1;7;0;2;7;13;1;