;Num_Acc;id_vehicule;num_veh;senc;catv;obs;obsm;choc;manv;motor;occutc
86165;202100055578;102 511;A01;1;7;10;0;2;1;1;
86166;202100055579;102 510;A01;2;7;3;0;1;16;1;
86167;202100055580;102 509;A01;1;7;13;0;1;0;1;
86168;202100055581;102 507;B01;1;7;0;2;3;1;1;
86169;202100055581;102 508;A01;2;10;0;2;3;13;1;
86170;202100055582;102 505;A01;2;7;13;0;1;1;1;
86171;202100055583;102 503;A01;2;7;0;2;1;1;1;
86172;202100055583;102 504;B01;1;10;0;2;1;1;1;
86173;202100055585;102 500;A01;1;7;2;2;3;17;1;
86174;202100055585;102 501;B01;1;7;0;2;3;1;1;
86175;202100055586;102 499;A01;2;7;13;0;3;1;1;
86176;202100055587;102 497;A01;1;7;0;2;3;1;1;
86177;202100055587;102 498;B01;2;7;0;2;3;1;1;
86178;202100055588;102 495;A01;1;7;0;2;3;13;1;
86179;202100055588;102 496;B01;2;10;0;2;3;1;1;
86180;202100055590;102 490;B01;2;33;0;0;4;1;1;
86181;202100055590;102 491;A01;2;14;0;0;3;9;1;
86182;202100055591;102 488;A01;0;7;0;1;1;0;1;
86183;202100055592;102 486;A01;1;7;0;2;3;1;1;
86184;202100055592;102 487;B01;2;7;0;2;3;1;1;
86185;202100055593;102 484;A01;1;7;0;2;1;1;1;
86186;202100055593;102 485;B01;2;7;0;2;1;13;1;
86187;202100055595;102 480;B01;1;7;0;2;2;1;1;
86188;202100055595;102 481;A01;2;30;0;2;1;19;1;
86189;202100055596;102 478;A01;2;7;0;2;3;19;1;
86190;202100055596;102 479;B01;2;7;0;2;3;21;1;
86191;202100055597;102 477;A01;1;33;0;0;7;1;1;
86192;202100055599;102 475;A01;0;7;15;1;7;2;0;
86193;202100055600;102 474;A01;2;33;0;0;9;14;1;
86194;202100055601;102 473;A01;2;7;6;0;3;15;1;
86195;202100055602;102 471;A01;1;7;0;2;7;15;1;
86196;202100055602;102 472;B01;1;33;0;2;1;1;1;
86197;202100055603;102 468;B01;1;7;0;2;3;17;1;
86198;202100055603;102 469;A01;2;7;0;2;3;1;1;
86199;202100055603;102 470;C01;1;15;0;2;6;1;1;
86200;202100055604;102 466;A01;1;7;6;1;2;1;1;
86201;202100055604;102 467;B01;1;7;0;2;1;1;1;
86202;202100055605;102 464;B01;2;10;0;2;2;13;1;
86203;202100055605;102 465;A01;1;7;0;2;2;13;1;
86204;202100055606;102 462;B01;2;7;0;1;3;1;0;
86205;202100055606;102 463;A01;1;10;0;1;3;1;1;
86206;202100055607;102 460;B01;2;21;0;2;1;1;1;
86207;202100055607;102 461;A01;1;7;0;2;1;17;1;
86208;202100055608;102 458;A01;2;20;0;2;1;9;1;
86209;202100055608;102 459;B01;1;38;14;2;1;2;1;1.0
86210;202100055609;102 452;A01;2;10;0;2;4;2;1;
86211;202100055609;102 453;D01;2;7;0;2;4;1;1;
86212;202100055609;102 454;E01;2;7;0;2;4;1;1;
86213;202100055609;102 455;F01;2;10;0;2;1;1;1;
86214;202100055609;102 456;B01;2;10;0;2;4;2;1;
86215;202100055609;102 457;C01;2;7;0;2;4;2;1;
86216;202100055610;102 450;B01;1;14;0;2;7;1;1;
86217;202100055610;102 451;A01;1;7;0;2;1;1;1;
86218;202100055611;102 447;C01;2;7;0;2;6;1;2;
86219;202100055611;102 448;B01;2;7;0;2;7;12;1;
86220;202100055611;102 449;A01;2;33;0;2;1;3;1;
86221;202100055612;102 446;A01;1;10;16;0;1;15;1;
86222;202100055614;102 441;B01;2;7;0;2;8;1;1;
86223;202100055614;102 442;Z01;2;7;0;2;2;1;1;
86224;202100055615;102 438;C01;1;7;0;2;4;2;1;
86225;202100055615;102 439;B01;1;7;0;2;1;2;1;
86226;202100055615;102 440;A01;1;7;0;2;1;1;1;
86227;202100055616;102 437;A01;2;7;4;0;1;21;1;
86228;202100055617;102 433;D01;2;7;4;0;1;15;1;
86229;202100055617;102 434;C01;2;7;0;2;7;1;1;
86230;202100055617;102 435;B01;2;10;0;2;6;1;1;
86231;202100055617;102 436;A01;2;7;0;2;2;21;1;
86232;202100055618;102 431;A01;2;7;0;2;1;2;1;
86233;202100055618;102 432;B01;2;7;0;2;4;2;1;
86234;202100055619;102 428;C01;2;7;0;2;4;2;1;
86235;202100055619;102 429;A01;2;10;0;2;1;2;1;
86236;202100055619;102 430;B01;2;7;0;2;4;2;1;
86237;202100055620;102 426;A01;1;7;0;2;3;26;1;
86238;202100055620;102 427;B01;1;37;0;2;2;1;1;1.0
86239;202100055621;102 425;A01;2;7;0;0;7;1;1;
86240;202100055622;102 424;A01;2;7;0;1;1;1;1;
86241;202100055623;102 422;A01;1;7;0;2;3;13;1;
86242;202100055623;102 423;B01;2;7;0;2;3;1;1;
86243;202100055624;102 421;A01;1;2;0;0;0;1;1;
86244;202100055625;102 420;A01;1;2;0;0;0;1;1;
86245;202100055626;102 419;A01;1;7;13;0;9;1;1;
86246;202100055627;102 417;A01;2;3;0;2;1;13;1;
86247;202100055627;102 418;B01;1;7;0;2;2;21;1;
86248;202100055628;102 415;A01;1;7;0;0;3;0;1;
86249;202100055628;102 416;B01;2;7;0;0;3;0;1;
86250;202100055629;102 414;A01;1;0;0;1;0;0;0;
86251;202100055630;102 413;A01;1;7;0;0;2;0;1;
86252;202100055631;102 412;A01;1;7;2;0;1;1;1;
86253;202100055632;102 410;B01;1;7;0;2;3;1;1;
86254;202100055632;102 411;A01;1;7;13;2;5;17;1;
86255;202100055633;102 408;A01;1;7;0;2;1;13;1;
86256;202100055633;102 409;B01;2;38;0;2;3;1;1;1.0
86257;202100055634;102 407;A01;2;33;13;0;9;14;1;
86258;202100055635;102 406;A01;1;7;13;0;9;17;1;
86259;202100055636;102 405;A01;2;7;13;0;9;15;1;
86260;202100055637;102 403;B01;2;7;0;2;3;1;1;
86261;202100055637;102 404;A01;1;1;0;2;1;5;5;
86262;202100055638;102 402;A01;1;7;8;0;1;1;1;
86263;202100055639;102 399;A01;2;7;0;1;3;1;1;
86264;202100055640;102 398;A01;3;3;0;0;1;0;1;
86265;202100055641;102 396;B01;2;7;0;2;3;26;1;
86266;202100055641;102 397;A01;2;7;0;2;5;15;1;
86267;202100055642;102 393;A01;1;7;16;0;9;1;1;
86268;202100055643;102 392;A01;2;7;3;0;3;13;1;
86269;202100055644;102 391;A01;1;7;10;0;9;12;1;
86270;202100055645;102 390;A01;1;7;4;0;4;1;1;
86271;202100055646;102 388;B01;1;10;0;2;4;1;1;
86272;202100055646;102 389;A01;1;7;0;2;1;2;1;
86273;202100055647;102 385;A01;2;7;0;2;3;11;1;
86274;202100055647;102 386;B01;2;7;0;2;4;1;1;
86275;202100055647;102 387;C01;2;15;0;2;1;1;1;
86276;202100055648;102 384;A01;1;7;0;0;2;14;1;
86277;202100055649;102 383;A01;1;7;4;0;1;14;1;
86278;202100055650;102 381;B01;1;7;0;2;3;1;1;
86279;202100055650;102 382;A01;2;7;0;2;3;5;1;
86280;202100055651;102 379;B01;2;33;0;2;4;2;1;
86281;202100055651;102 380;A01;2;7;0;2;1;2;1;
86282;202100055652;102 378;A01;1;7;13;0;2;26;1;
86283;202100055654;102 374;A01;2;7;0;2;8;18;1;
86284;202100055654;102 375;B01;2;31;0;2;7;1;1;
86285;202100055655;102 373;A01;1;7;0;0;1;16;1;
86286;202100055656;102 371;A01;2;7;0;2;1;13;1;
86287;202100055656;102 372;B01;2;10;0;2;1;1;1;
86288;202100055657;102 369;A01;1;7;1;0;3;1;1;
86289;202100055657;102 370;B01;0;7;0;2;5;24;1;
86290;202100055658;102 368;A01;2;30;0;9;0;1;1;
86291;202100055659;102 366;A01;1;7;0;2;2;21;1;
86292;202100055659;102 367;B01;1;7;0;0;8;9;1;
86293;202100055660;102 361;A01;1;7;8;2;1;1;1;
86294;202100055660;102 362;B01;3;7;0;2;1;11;2;
86295;202100055660;102 363;C01;3;7;0;2;0;0;1;
86296;202100055661;102 360;A01;1;7;0;1;3;1;0;
86297;202100055662;102 359;A01;1;7;0;1;3;15;1;
86298;202100055663;102 357;A01;3;7;0;2;0;9;1;
86299;202100055663;102 358;B01;2;2;0;2;1;1;1;
86300;202100055664;102 355;B01;3;7;0;2;4;2;1;
86301;202100055664;102 356;A01;3;7;0;2;1;2;1;
86302;202100055665;102 354;A01;3;30;12;0;0;16;1;
86303;202100055666;102 353;A01;1;31;0;0;0;1;1;
86304;202100055667;102 351;A01;2;7;0;2;1;2;1;
86305;202100055667;102 352;B01;2;7;0;2;4;2;1;
86306;202100055668;102 349;B01;2;33;0;2;8;1;1;
86307;202100055668;102 350;A01;2;7;0;2;7;16;1;
86308;202100055669;102 347;A01;1;7;0;2;2;9;1;
86309;202100055669;102 348;B01;2;1;0;2;1;5;5;
86310;202100055670;102 345;B01;1;7;0;2;2;19;1;
86311;202100055670;102 346;A01;3;7;0;2;7;19;1;
86312;202100055671;102 344;A01;3;7;8;0;1;26;0;
86313;202100055672;102 342;A01;1;7;0;2;3;2;3;
86314;202100055672;102 343;B01;1;2;0;2;7;2;1;
86315;202100055673;102 341;A01;0;7;0;9;1;26;1;
86316;202100055674;102 340;A01;1;7;9;0;0;0;1;
86317;202100055675;102 339;A01;2;33;0;0;0;3;1;
86318;202100055676;102 337;A01;2;32;0;2;7;17;1;
86319;202100055676;102 338;B01;2;7;0;2;8;15;1;
86320;202100055677;102 335;B01;2;32;0;2;2;1;1;
86321;202100055677;102 336;A01;2;7;0;2;3;10;3;
86322;202100055678;102 334;A01;3;7;0;1;1;16;1;
86323;202100055679;102 331;A01;2;33;0;2;1;1;1;
86324;202100055679;102 332;B01;2;7;0;2;4;1;1;
86325;202100055680;102 330;A01;1;37;0;1;2;1;1;1.0
86326;202100055681;102 329;Z01;1;34;0;1;2;25;1;
86327;202100055682;102 328;A01;1;34;11;0;8;21;1;
86328;202100055683;102 326;A01;2;1;0;2;1;1;5;
86329;202100055683;102 327;B01;2;7;0;2;6;14;1;
86330;202100055686;102 321;A01;2;10;0;1;2;16;1;
86331;202100055688;102 318;A01;1;33;0;1;1;19;1;
86332;202100055689;102 316;B01;2;10;0;2;3;1;1;
86333;202100055689;102 317;A01;1;7;0;2;1;13;1;
86334;202100055690;102 315;A01;0;7;2;0;3;14;2;
86335;202100055691;102 313;A01;-1;7;0;2;1;13;1;
86336;202100055691;102 314;B01;-1;7;0;2;6;1;1;
86337;202100055692;102 312;A01;2;31;1;4;1;1;1;
86338;202100055693;102 310;B01;3;33;0;2;1;1;1;
86339;202100055693;102 311;A01;1;7;0;2;1;15;1;
86340;202100055694;102 308;B01;-1;2;0;2;0;0;1;
86341;202100055694;102 309;A01;-1;7;0;2;1;15;1;
86342;202100055695;102 307;A01;-1;7;0;1;2;26;0;
86343;202100055696;102 305;B01;3;7;0;2;4;23;1;
86344;202100055696;102 306;A01;-1;7;0;2;3;2;1;
86345;202100055697;102 303;A01;0;7;0;2;1;19;1;
86346;202100055697;102 304;B01;0;1;0;2;8;19;0;
86347;202100055698;102 301;B01;1;7;0;2;2;15;1;
86348;202100055698;102 302;A01;2;32;0;2;1;1;1;
86349;202100055699;102 299;A01;2;7;0;2;5;12;1;
86350;202100055699;102 300;B01;2;2;0;2;8;16;0;
86351;202100055700;102 297;A01;1;30;0;2;0;21;1;
86352;202100055700;102 298;B01;2;7;0;0;2;15;1;
86353;202100055701;102 296;A01;2;7;8;0;3;1;1;
86354;202100055702;102 295;A01;1;33;0;0;8;15;1;
86355;202100055703;102 293;B01;2;1;0;2;7;1;5;
86356;202100055703;102 294;A01;1;7;0;2;3;15;1;
86357;202100055705;102 290;B01;2;10;0;2;2;2;1;
86358;202100055705;102 291;A01;2;7;0;2;6;23;1;
86359;202100055706;102 289;A01;1;7;13;0;1;1;1;
86360;202100055707;102 288;A01;0;36;0;0;1;0;1;
86361;202100055708;102 286;B01;1;1;0;2;8;15;5;
86362;202100055708;102 287;A01;1;10;0;2;7;17;1;
86363;202100055709;102 284;B01;1;2;0;2;1;26;1;
86364;202100055709;102 285;A01;1;7;0;0;2;26;1;
86365;202100055710;102 282;B01;1;7;0;2;3;0;1;
86366;202100055710;102 283;A01;2;7;0;2;3;0;1;
86367;202100055711;102 280;A01;2;7;13;0;2;21;1;
86368;202100055712;102 278;A01;2;7;0;0;0;15;1;
86369;202100055712;102 279;B01;2;43;13;0;0;21;1;
86370;202100055713;102 276;A01;1;7;0;2;1;13;1;
86371;202100055713;102 277;B01;2;7;0;2;1;1;1;
86372;202100055714;102 274;B01;0;7;0;2;3;1;1;
86373;202100055714;102 275;A01;0;7;0;2;3;13;1;
86374;202100055715;102 272;B01;1;7;0;2;7;13;1;
86375;202100055715;102 273;A01;2;7;0;2;1;1;1;
86376;202100055716;102 271;A01;2;7;4;0;3;21;1;
86377;202100055717;102 269;A01;1;7;0;2;7;15;1;
86378;202100055717;102 270;B01;2;33;0;2;1;1;1;
86379;202100055718;102 268;A01;3;7;13;0;1;14;1;
86380;202100055719;102 266;B01;3;7;0;2;1;13;1;
86381;202100055719;102 267;A01;3;7;0;2;1;13;1;
86382;202100055720;102 265;A01;2;7;2;0;1;0;1;
86383;202100055721;102 264;A01;1;7;0;1;2;1;1;
86384;202100055722;102 261;A01;2;7;0;0;4;23;1;
86385;202100055722;102 262;C01;2;7;0;2;1;1;1;
86386;202100055722;102 263;B01;2;7;0;2;1;1;1;
86387;202100055723;102 259;A01;2;7;0;9;2;15;1;
86388;202100055723;102 260;B01;1;1;0;2;1;1;5;
86389;202100055724;102 258;A01;2;7;2;0;1;1;1;
86390;202100055725;102 256;B01;1;14;0;0;4;1;1;
86391;202100055725;102 257;A01;1;7;0;2;1;2;1;
86392;202100055726;102 255;A01;1;7;2;0;1;1;1;
86393;202100055727;102 253;B01;0;7;0;2;2;1;1;
86394;202100055727;102 254;A01;0;7;0;2;3;19;1;
86395;202100055728;102 252;A01;2;7;6;0;1;1;1;
86396;202100055729;102 250;B01;2;7;0;0;1;1;1;
86397;202100055729;102 251;A01;1;7;0;0;1;15;1;
86398;202100055730;102 248;B01;3;2;0;2;7;1;1;
86399;202100055730;102 249;A01;3;7;0;2;1;1;1;
86400;202100055731;102 246;A01;2;7;0;9;1;1;1;
86401;202100055731;102 247;B01;1;1;0;2;8;9;5;
86402;202100055732;102 245;A01;0;7;8;0;7;1;1;
86403;202100055733;102 243;Z01;2;7;0;2;2;1;0;
86404;202100055733;102 244;A01;2;7;0;2;3;26;1;
86405;202100055734;102 240;A01;1;7;0;2;4;2;1;
86406;202100055734;102 241;B01;1;7;0;2;4;2;1;
86407;202100055734;102 242;C01;1;10;0;2;1;2;1;
86408;202100055736;102 236;B01;1;7;0;2;4;2;1;
86409;202100055736;102 237;A01;1;7;0;2;1;2;1;
86410;202100055737;102 234;A01;1;7;3;0;2;13;1;
86411;202100055737;102 235;B01;1;7;0;9;1;1;1;
86412;202100055738;102 231;B01;1;10;0;2;3;1;1;
86413;202100055738;102 232;C01;1;10;1;0;3;1;1;
86414;202100055738;102 233;A01;1;7;0;2;2;14;1;
86415;202100055739;102 230;A01;1;33;0;0;2;1;1;
86416;202100055740;102 228;A01;2;7;0;2;1;26;1;
86417;202100055740;102 229;B01;2;7;0;0;4;1;1;
86418;202100055741;102 227;A01;1;30;0;1;1;13;1;
86419;202100055742;102 226;A01;1;10;0;2;0;21;1;
86420;202100055743;102 224;A01;0;7;6;2;8;1;1;
86421;202100055743;102 225;B01;0;7;0;2;0;0;1;
86422;202100055744;102 222;B01;3;7;0;2;7;1;1;
86423;202100055744;102 223;A01;3;33;0;2;3;11;1;
86424;202100055745;102 219;C01;1;7;0;2;4;2;0;
86425;202100055745;102 220;B01;1;7;0;2;4;2;1;
86426;202100055745;102 221;A01;1;7;0;2;1;2;1;
86427;202100055746;102 217;B01;3;33;0;2;2;1;1;
86428;202100055746;102 218;A01;3;7;0;2;2;20;1;
86429;202100055747;102 216;A01;2;32;0;2;8;1;1;
86430;202100055748;102 214;B01;2;7;0;2;5;2;1;
86431;202100055748;102 215;A01;2;7;0;2;6;21;1;
86432;202100055749;102 212;A01;3;7;0;2;8;13;1;
86433;202100055749;102 213;B01;3;13;0;2;2;14;1;
86434;202100055751;102 208;A01;1;33;0;2;1;17;1;
86435;202100055751;102 209;B01;2;7;0;2;1;1;1;
86436;202100055752;102 206;B01;2;33;0;2;1;1;1;
86437;202100055752;102 207;A01;1;7;0;2;8;15;1;
86438;202100055753;102 205;A01;3;7;0;1;2;16;1;
86439;202100055754;102 203;B01;2;7;0;2;3;17;1;
86440;202100055754;102 204;A01;2;32;0;2;7;17;1;
86441;202100055755;102 202;Z01;1;7;0;1;0;26;0;
86442;202100055756;102 201;A01;2;7;6;0;8;16;1;
86443;202100055757;102 200;A01;2;7;0;1;3;13;1;
86444;202100055758;102 198;A01;1;33;0;2;1;2;1;
86445;202100055758;102 199;B01;1;10;0;2;4;2;1;
86446;202100055759;102 196;B01;1;33;0;2;1;1;1;
86447;202100055759;102 197;A01;1;7;0;2;6;11;1;
86448;202100055761;102 193;A01;3;7;12;0;1;14;1;
86449;202100055762;102 191;A01;0;1;0;2;7;1;5;
86450;202100055762;102 192;B01;0;7;0;2;1;15;1;
86451;202100055763;102 190;A01;2;7;0;1;3;1;2;
86452;202100055764;102 188;A01;1;7;0;2;7;15;1;
86453;202100055764;102 189;B01;2;2;0;2;1;1;1;
86454;202100055765;102 183;A01;2;7;0;1;1;1;1;
86455;202100055767;102 180;B01;1;1;0;2;7;19;5;
86456;202100055767;102 181;A01;2;7;0;2;2;1;1;
86457;202100055768;102 178;A01;1;0;0;9;2;17;0;
86458;202100055768;102 179;B01;1;1;0;0;6;2;5;
86459;202100055769;102 177;A01;3;7;0;1;6;4;1;
86460;202100055770;102 175;B01;3;1;0;2;5;19;5;
86461;202100055770;102 176;A01;3;7;0;2;2;26;1;
86462;202100055771;102 174;A01;2;31;1;1;1;17;1;
86463;202100055772;102 173;A01;1;31;0;1;8;1;1;
86464;202100055773;102 171;A01;1;10;0;2;2;2;1;
86465;202100055773;102 172;B01;1;10;0;2;5;2;1;
86466;202100055774;102 170;A01;1;7;0;2;1;9;1;
86467;202100055775;102 168;B01;2;7;0;2;8;23;1;
86468;202100055775;102 169;A01;2;10;0;2;7;14;1;
86469;202100055776;102 166;A01;3;7;0;2;3;9;1;
86470;202100055776;102 167;B01;3;1;0;2;1;1;5;
86471;202100055777;102 165;A01;3;7;0;1;1;20;1;
86472;202100055778;102 163;B01;1;7;0;2;1;1;1;
86473;202100055778;102 164;A01;2;7;0;2;2;19;1;
86474;202100055779;102 161;B01;0;7;0;2;3;15;1;
86475;202100055779;102 162;A01;3;7;0;2;1;26;1;
86476;202100055780;102 159;A01;3;7;0;2;2;15;1;
86477;202100055780;102 160;B01;3;7;8;2;1;1;1;
86478;202100055781;102 158;A01;2;2;0;0;8;1;1;
86479;202100055782;102 156;B01;1;7;0;2;8;1;1;
86480;202100055782;102 157;A01;2;7;0;2;2;15;1;
86481;202100055783;102 154;B01;0;2;0;2;5;1;1;
86482;202100055783;102 155;A01;0;10;0;2;2;9;0;
86483;202100055784;102 152;B01;1;37;0;2;2;1;0;1.0
86484;202100055784;102 153;A01;1;7;0;2;1;15;1;
86485;202100055785;102 151;A01;1;7;0;1;2;23;1;
86486;202100055788;102 145;A01;3;7;0;2;1;2;1;
86487;202100055788;102 146;B01;3;7;0;2;4;2;1;
86488;202100055790;102 142;B01;1;7;0;2;1;1;1;
86489;202100055790;102 143;A01;1;7;0;2;1;1;1;
86490;202100055791;102 141;A01;1;30;0;0;0;1;1;
86491;202100055792;102 139;B01;1;30;0;2;1;1;1;
86492;202100055792;102 140;A01;2;38;0;2;3;15;1;1.0
86493;202100055793;102 136;B01;2;14;0;2;3;1;1;
86494;202100055793;102 137;A01;2;7;0;2;5;12;1;
86495;202100055794;102 134;A01;3;7;0;2;3;16;1;
86496;202100055794;102 135;B01;3;1;0;2;1;19;5;
86497;202100055795;102 133;A01;1;7;0;0;0;1;1;
86498;202100055796;102 132;A01;3;30;0;0;7;1;1;
86499;202100055797;102 130;A01;2;7;0;2;7;16;0;
86500;202100055797;102 131;B01;2;80;0;2;0;1;3;
86501;202100055798;102 128;A01;1;7;0;2;2;15;1;
86502;202100055798;102 129;B01;1;32;0;2;0;0;1;
86503;202100055799;102 126;B01;1;7;0;0;0;0;1;
86504;202100055799;102 127;A01;0;30;0;2;4;26;1;
86505;202100055800;102 123;B01;1;7;14;9;2;2;1;
86506;202100055800;102 124;A01;1;33;3;0;0;17;1;
86507;202100055800;102 125;C01;1;17;0;9;2;1;1;
86508;202100055801;102 122;A01;1;7;0;1;1;9;1;
86509;202100055803;102 119;B01;1;1;0;2;0;1;5;
86510;202100055803;102 120;A01;1;7;0;2;6;9;1;
86511;202100055804;102 118;A01;1;7;4;0;9;1;1;
86512;202100055805;102 116;A01;1;1;0;2;7;12;5;
86513;202100055805;102 117;B01;1;7;0;2;3;1;1;
86514;202100055806;102 115;A01;0;10;0;1;1;1;1;
86515;202100055807;102 114;A01;3;3;8;0;1;1;1;
86516;202100055808;102 112;A01;1;7;0;2;2;2;1;
86517;202100055808;102 113;B01;1;1;0;2;4;2;5;
86518;202100055809;102 110;A01;1;7;0;2;1;26;1;
86519;202100055809;102 111;B01;1;7;0;2;6;23;1;
86520;202100055810;102 108;B01;1;7;0;2;3;1;1;
86521;202100055810;102 109;A01;1;7;0;2;1;13;1;
86522;202100055811;102 107;A01;2;7;0;1;2;1;1;
86523;202100055812;102 105;A01;1;7;0;2;3;2;1;
86524;202100055812;102 106;B01;1;7;0;2;3;1;1;
86525;202100055813;102 104;A01;1;33;0;1;1;17;1;
86526;202100055815;102 102;A01;1;10;1;1;2;1;1;
86527;202100055816;102 100;B01;2;14;0;2;1;1;1;
86528;202100055816;102 101;A01;1;10;0;2;1;5;1;
86529;202100055818;102 097;B01;3;30;0;2;8;1;1;
86530;202100055818;102 098;A01;3;7;0;2;1;15;1;
86531;202100055820;102 094;A01;1;7;0;1;1;21;1;
86532;202100055821;102 092;B01;2;7;0;2;4;2;1;
86533;202100055821;102 093;A01;2;7;0;2;1;2;1;
86534;202100055822;102 090;B01;2;10;0;2;4;23;1;
86535;202100055822;102 091;A01;2;7;0;2;1;1;1;
86536;202100055823;102 088;B01;2;37;0;2;3;15;3;1.0
86537;202100055823;102 089;A01;1;7;0;2;1;1;1;
86538;202100055824;102 086;A01;1;7;0;2;1;1;1;
86539;202100055824;102 087;B01;1;2;0;2;2;1;1;
86540;202100055826;102 083;B01;3;7;0;2;6;1;1;
86541;202100055826;102 084;A01;1;32;0;2;1;1;1;
86542;202100055827;102 082;A01;1;7;0;1;1;5;1;
86543;202100055828;102 081;Z01;2;10;0;1;3;1;0;
86544;202100055829;102 080;A01;2;30;0;1;1;1;1;
86545;202100055830;102 079;A01;3;1;0;0;1;1;5;
86546;202100055831;102 077;A01;1;7;0;2;0;1;1;
86547;202100055831;102 078;B01;1;33;0;2;0;0;1;
86548;202100055832;102 076;A01;1;7;0;1;3;1;0;
86549;202100055833;102 074;B01;2;10;0;2;2;1;1;
86550;202100055833;102 075;A01;1;2;0;2;8;2;1;
86551;202100055834;102 072;A01;1;7;0;2;2;1;1;
86552;202100055834;102 073;B01;1;37;0;0;6;23;0;1.0
86553;202100055835;102 071;A01;2;7;0;1;1;1;1;
86554;202100055836;102 069;A01;3;7;0;2;1;15;1;
86555;202100055836;102 070;B01;3;33;0;2;8;1;1;
86556;202100055837;102 067;B01;1;33;0;2;1;17;1;
86557;202100055837;102 068;A01;1;7;0;2;3;9;1;
86558;202100055838;102 065;B01;1;7;0;2;4;23;1;
86559;202100055838;102 066;A01;1;7;0;2;1;2;1;
86560;202100055839;102 063;A01;2;30;0;2;1;1;1;
86561;202100055839;102 064;B01;2;7;0;2;4;0;1;
86562;202100055841;102 060;A01;0;37;0;1;1;15;0;1.0
86563;202100055842;102 059;A01;3;7;1;1;1;17;1;
86564;202100055843;102 058;A01;1;14;0;1;7;26;1;
86565;202100055844;102 057;A01;1;7;0;1;2;19;1;
86566;202100055846;102 053;A01;1;10;0;2;3;17;3;
86567;202100055846;102 054;B01;1;32;0;2;7;2;1;
86568;202100055847;102 051;B01;1;7;0;2;3;1;0;
86569;202100055847;102 052;A01;1;7;0;2;2;1;0;
86570;202100055848;102 049;B01;-1;7;0;2;3;1;1;
86571;202100055848;102 050;A01;-1;7;0;2;1;1;1;
86572;202100055849;102 048;A01;2;7;0;1;1;15;1;
86573;202100055850;102 046;B01;3;15;0;9;3;20;1;
86574;202100055850;102 047;A01;3;10;1;0;7;16;1;
86575;202100055851;102 045;A01;1;7;0;1;1;26;0;
86576;202100055852;102 043;B01;1;1;0;2;7;1;0;
86577;202100055852;102 044;A01;1;7;0;2;2;1;1;
86578;202100055854;102 040;A01;1;7;0;0;1;26;1;
86579;202100055855;102 039;A01;0;30;0;0;8;16;3;
86580;202100055856;102 038;A01;1;34;9;0;1;0;1;
86581;202100055857;102 037;A01;1;30;14;0;7;19;1;
86582;202100055858;102 035;A01;1;43;0;2;1;16;1;
86583;202100055858;102 036;B01;1;7;0;2;4;1;1;
86584;202100055859;102 033;A01;1;10;0;2;7;15;1;
86585;202100055859;102 034;B01;2;32;0;2;1;1;1;
86586;202100055860;102 032;A01;2;7;0;1;1;1;1;
86587;202100055861;102 031;A01;1;7;4;0;1;0;1;
86588;202100055862;102 030;A01;2;7;0;1;1;1;1;
86589;202100055864;102 027;B01;1;31;0;2;1;3;1;
86590;202100055864;102 028;A01;1;7;0;2;4;11;1;
86591;202100055865;102 025;A01;3;33;0;2;1;1;1;
86592;202100055865;102 026;B01;3;7;0;2;6;9;1;
86593;202100055866;102 023;A01;1;2;15;0;0;17;1;
86594;202100055866;102 024;B01;1;7;0;0;0;23;1;
86595;202100055867;102 020;A01;2;7;0;1;2;1;1;
86596;202100055868;102 018;B01;1;7;0;2;3;1;1;
86597;202100055868;102 019;A01;1;7;13;2;1;17;1;
86598;202100055869;102 017;A01;1;36;8;0;1;1;1;
86599;202100055870;102 016;A01;2;7;13;0;9;1;1;
86600;202100055871;102 013;A01;1;2;0;2;1;2;1;
86601;202100055871;102 014;B01;1;7;0;0;4;23;1;
86602;202100055871;102 015;C01;2;7;0;2;0;1;1;
86603;202100055873;102 009;B01;2;17;0;2;1;5;1;
86604;202100055873;102 010;A01;2;7;0;2;1;1;1;
86605;202100055874;102 007;B01;3;7;0;0;3;1;1;
86606;202100055874;102 008;A01;3;15;0;2;3;1;1;
86607;202100055875;102 006;A01;1;7;0;1;1;1;1;
86608;202100055876;102 003;A01;1;7;0;2;2;19;1;
86609;202100055876;102 004;B01;2;1;0;2;8;19;5;
86610;202100055877;102 000;A01;1;7;0;2;1;2;1;
86611;202100055877;102 001;B01;1;7;0;2;4;2;1;
86612;202100055877;102 002;C01;1;7;0;0;4;15;1;
86613;202100055878;101 998;A01;3;7;0;2;1;1;1;
86614;202100055878;101 999;B01;3;7;0;2;2;15;1;
86615;202100055879;101 995;A01;2;2;0;0;2;1;1;
86616;202100055880;101 992;A01;2;7;0;2;1;1;1;
86617;202100055880;101 993;B01;2;7;0;2;8;26;1;
86618;202100055880;101 994;C01;2;15;0;2;2;1;1;
86619;202100055881;101 990;B01;1;7;0;2;3;11;0;
86620;202100055881;101 991;A01;1;15;0;2;2;1;1;
86621;202100055882;101 988;A01;1;33;0;2;1;2;1;
86622;202100055882;101 989;B01;1;7;0;2;5;2;1;
86623;202100055883;101 985;A01;2;7;0;2;1;1;1;
86624;202100055883;101 986;C01;2;14;0;2;6;1;1;
86625;202100055883;101 987;B01;2;7;0;2;6;1;1;