;Num_Acc;id_vehicule;num_veh;senc;catv;obs;obsm;choc;manv;motor;occutc
86626;202100055884;101 983;B01;1;7;0;2;4;2;1;
86627;202100055884;101 984;A01;1;33;0;2;1;1;1;
86628;202100055885;101 982;A01;2;7;4;0;2;1;1;
86629;202100055886;101 980;A01;1;10;0;2;1;0;1;
86630;202100055886;101 981;B01;1;7;0;2;4;0;1;
86631;202100055887;101 978;B01;2;10;0;2;6;1;1;
86632;202100055887;101 979;A01;2;33;0;2;1;3;1;
86633;202100055888;101 976;A01;1;7;0;2;7;1;1;
86634;202100055888;101 977;B01;1;10;0;2;3;1;1;
86635;202100055889;101 975;A01;1;7;0;1;7;16;2;
86636;202100055890;101 974;A01;3;7;9;0;1;9;1;
86637;202100055891;101 972;B01;1;7;0;2;1;1;1;
86638;202100055891;101 973;A01;2;10;0;2;3;15;1;
86639;202100055892;101 971;A01;2;37;0;1;1;1;1;1.0
86640;202100055894;101 966;B01;1;7;0;2;4;2;1;
86641;202100055894;101 967;A01;1;7;0;2;0;2;0;
86642;202100055894;101 968;C01;1;7;0;2;3;2;1;
86643;202100055895;101 964;A01;2;7;0;2;3;13;1;
86644;202100055895;101 965;B01;1;10;0;2;8;1;1;
86645;202100055896;101 963;A01;2;7;0;1;1;1;1;
86646;202100055897;101 962;A01;2;7;1;0;1;1;1;
86647;202100055898;101 959;B01;0;7;0;2;9;23;1;
86648;202100055898;101 960;C01;0;7;0;2;3;1;1;
86649;202100055898;101 961;A01;0;7;1;2;3;1;1;
86650;202100055900;101 955;A01;1;7;0;2;1;1;1;
86651;202100055900;101 956;B01;1;3;0;2;4;2;1;
86652;202100055901;101 953;B01;1;7;0;2;3;1;1;
86653;202100055901;101 954;A01;2;30;0;2;3;1;1;
86654;202100055902;101 952;A01;1;7;0;1;2;1;1;
86655;202100055903;101 950;B01;2;33;0;2;2;1;1;
86656;202100055903;101 951;A01;2;0;0;2;0;1;1;
86657;202100055904;101 948;A01;3;7;0;2;1;0;1;
86658;202100055904;101 949;B01;3;7;0;2;1;0;1;
86659;202100055905;101 946;B01;3;33;0;2;0;1;1;
86660;202100055905;101 947;A01;3;7;0;2;3;9;1;
86661;202100055906;101 944;A01;3;10;0;2;3;15;1;
86662;202100055906;101 945;B01;3;2;0;2;1;17;1;
86663;202100055907;101 942;B01;1;37;0;2;3;1;1;2.0
86664;202100055907;101 943;A01;1;7;0;2;5;16;1;
86665;202100055908;101 939;B01;1;7;0;2;0;0;1;
86666;202100055908;101 940;C01;1;7;0;2;1;1;1;
86667;202100055908;101 941;A01;1;7;0;2;4;2;1;
86668;202100055909;101 938;A01;1;7;1;0;3;13;1;
86669;202100055910;101 937;A01;1;3;0;1;1;1;1;
86670;202100055911;101 935;A01;3;7;0;2;3;15;1;
86671;202100055911;101 936;B01;3;7;0;2;1;1;1;
86672;202100055912;101 934;A01;1;7;0;1;3;15;1;
86673;202100055913;101 932;A01;1;7;0;2;1;26;3;
86674;202100055913;101 933;B01;1;7;0;2;8;1;1;
86675;202100055914;101 930;B01;2;50;0;2;1;13;3;
86676;202100055914;101 931;A01;1;7;0;9;1;1;1;
86677;202100055915;101 929;A01;1;7;0;1;3;15;1;
86678;202100055916;101 928;A01;1;7;0;1;1;1;1;
86679;202100055918;101 925;B01;1;2;0;2;7;15;1;
86680;202100055918;101 926;A01;1;7;0;2;8;1;1;
86681;202100055919;101 923;A01;1;31;0;2;7;17;1;
86682;202100055919;101 924;B01;1;7;0;2;8;23;1;
86683;202100055920;101 922;A01;3;7;0;1;2;1;1;
86684;202100055921;101 919;A01;1;14;0;2;1;2;1;
86685;202100055921;101 920;B01;1;17;0;2;4;2;1;
86686;202100055921;101 921;C01;1;14;0;2;4;2;1;
86687;202100055922;101 917;A01;1;7;0;2;2;15;1;
86688;202100055922;101 918;B01;2;33;0;2;1;1;1;
86689;202100055923;101 915;B01;2;14;0;2;1;1;1;
86690;202100055923;101 916;A01;2;1;0;2;1;19;5;
86691;202100055924;101 913;A01;2;7;0;2;1;15;1;
86692;202100055924;101 914;B01;2;50;0;2;8;19;3;
86693;202100055925;101 911;A01;1;7;0;2;1;1;1;
86694;202100055925;101 912;B01;1;7;0;2;1;1;1;
86695;202100055926;101 909;B01;2;2;0;2;4;1;1;
86696;202100055926;101 910;A01;2;10;0;2;3;1;1;
86697;202100055927;101 908;A01;3;7;0;1;2;26;1;
86698;202100055928;101 907;A01;0;7;0;1;2;16;1;
86699;202100055929;101 906;A01;3;30;0;0;0;26;1;
86700;202100055930;101 904;B01;3;7;0;2;4;0;1;
86701;202100055930;101 905;A01;3;7;0;2;1;2;1;
86702;202100055931;101 903;A01;1;7;0;1;1;1;1;
86703;202100055932;101 901;A01;1;7;0;2;2;15;1;
86704;202100055932;101 902;B01;2;7;0;2;6;1;1;
86705;202100055933;101 900;A01;3;7;0;1;6;15;1;
86706;202100055934;101 899;A01;3;31;0;0;7;1;1;
86707;202100055935;101 897;B01;2;7;0;2;6;23;1;
86708;202100055935;101 898;A01;2;33;0;2;1;3;1;
86709;202100055937;101 895;A01;2;32;0;0;0;1;1;
86710;202100055938;101 894;A01;2;7;0;1;6;15;3;
86711;202100055939;101 893;A01;2;7;0;1;8;1;1;
86712;202100055940;101 892;A01;2;30;0;0;0;21;1;
86713;202100055941;101 889;A01;2;7;0;2;1;17;2;
86714;202100055941;101 890;C01;1;32;0;2;3;1;1;
86715;202100055941;101 891;B01;1;10;0;2;9;1;1;
86716;202100055942;101 888;Z01;2;30;0;1;2;1;-1;
86717;202100055943;101 886;B01;1;1;0;2;1;1;5;
86718;202100055943;101 887;A01;1;7;0;2;3;9;1;
86719;202100055944;101 884;B01;2;1;0;2;1;1;5;
86720;202100055944;101 885;A01;1;1;0;2;1;5;5;
86721;202100055945;101 883;A01;2;7;0;1;1;15;1;
86722;202100055946;101 882;A01;1;7;0;1;2;16;1;
86723;202100055947;101 881;A01;1;50;0;0;0;7;3;
86724;202100055948;101 879;A01;3;43;0;2;1;2;1;
86725;202100055948;101 880;B01;3;7;0;2;4;2;1;
86726;202100055949;101 878;A01;3;7;2;0;1;1;1;
86727;202100055950;101 875;A01;2;33;0;1;1;3;1;
86728;202100055950;101 876;B01;2;7;0;2;8;0;1;
86729;202100055950;101 877;C01;2;7;0;2;6;2;3;
86730;202100055951;101 873;A01;3;7;0;2;1;1;1;
86731;202100055951;101 874;B01;3;7;0;2;4;1;1;
86732;202100055952;101 872;A01;1;10;0;1;4;4;1;
86733;202100055953;101 870;B01;3;10;0;2;1;0;0;
86734;202100055953;101 871;A01;3;7;0;2;8;26;0;
86735;202100055954;101 868;A01;1;7;0;2;1;2;1;
86736;202100055954;101 869;B01;1;7;0;0;4;0;1;
86737;202100055955;101 866;B01;1;7;0;2;3;15;1;
86738;202100055955;101 867;A01;1;43;1;0;3;1;1;
86739;202100055956;101 864;A01;2;10;0;2;2;26;1;
86740;202100055956;101 865;B01;2;7;0;2;7;15;1;
86741;202100055958;101 861;A01;3;10;0;1;1;15;1;
86742;202100055959;101 860;A01;1;7;0;1;2;1;1;
86743;202100055960;101 858;A01;2;10;0;2;2;1;1;
86744;202100055960;101 859;B01;1;31;0;2;1;1;1;
86745;202100055961;101 856;B01;3;7;1;1;2;0;1;
86746;202100055961;101 857;A01;1;10;1;0;1;14;1;
86747;202100055962;101 855;A01;2;10;14;0;1;0;0;
86748;202100055963;101 853;B01;2;60;0;2;1;1;5;
86749;202100055963;101 854;A01;2;7;0;2;1;16;0;
86750;202100055964;101 852;A01;3;7;0;1;0;21;1;
86751;202100055965;101 851;A01;1;60;0;0;0;0;5;
86752;202100055966;101 849;B01;0;31;0;2;1;2;1;
86753;202100055966;101 850;A01;3;99;0;2;4;20;1;
86754;202100055967;101 847;A01;2;7;0;2;2;1;1;
86755;202100055967;101 848;B01;1;7;0;2;3;1;1;
86756;202100055968;101 846;A01;1;30;0;0;2;1;1;
86757;202100055969;101 844;A01;3;7;0;2;1;9;1;
86758;202100055969;101 845;B01;2;2;0;0;7;1;1;
86759;202100055970;101 842;A01;3;7;0;2;1;15;1;
86760;202100055970;101 843;B01;0;7;0;2;1;1;1;
86761;202100055971;101 841;A01;2;7;0;1;1;1;1;
86762;202100055972;101 840;A01;2;33;8;0;1;1;1;
86763;202100055973;101 839;A01;2;3;13;0;8;13;1;
86764;202100055976;101 835;A01;2;7;17;0;2;14;1;
86765;202100055977;101 833;B01;3;1;0;2;8;0;5;
86766;202100055977;101 834;A01;2;7;0;2;1;1;1;
86767;202100055979;101 830;A01;1;7;0;1;2;1;0;
86768;202100055980;101 828;A01;2;10;0;2;2;15;1;
86769;202100055980;101 829;B01;1;2;0;2;1;1;1;
86770;202100055982;101 824;A01;1;2;0;0;8;15;1;
86771;202100055982;101 825;B01;2;10;0;2;1;1;1;
86772;202100055983;101 822;A01;0;7;0;2;1;1;1;
86773;202100055983;101 823;B01;0;3;0;2;1;15;1;
86774;202100055984;101 820;A01;2;7;13;2;3;9;1;
86775;202100055984;101 821;B01;1;7;0;2;1;1;1;
86776;202100055985;101 818;B01;1;10;0;2;1;2;1;
86777;202100055985;101 819;A01;1;7;0;0;4;2;1;
86778;202100055987;101 813;B01;1;7;0;2;1;1;1;
86779;202100055987;101 814;A01;2;7;0;2;8;13;1;
86780;202100055988;101 811;A01;1;7;0;2;1;1;1;
86781;202100055988;101 812;B01;2;30;0;2;1;13;1;
86782;202100055989;101 809;B01;1;13;0;0;3;1;1;
86783;202100055989;101 810;A01;2;7;0;0;2;1;1;
86784;202100055990;101 806;A01;3;7;0;1;5;1;1;
86785;202100055991;101 804;B01;2;7;0;2;1;1;1;
86786;202100055991;101 805;A01;3;7;0;2;6;1;1;
86787;202100055992;101 803;A01;2;10;13;0;0;0;1;
86788;202100055993;101 802;A01;3;7;8;0;1;14;1;
86789;202100055994;101 800;A01;2;10;0;2;1;1;1;
86790;202100055994;101 801;B01;1;7;0;2;2;1;1;
86791;202100055995;101 798;B01;2;10;0;2;2;17;1;
86792;202100055995;101 799;A01;1;7;13;2;3;15;1;
86793;202100055996;101 797;A01;1;7;9;0;1;1;1;
86794;202100055997;101 793;C01;2;7;0;2;2;1;1;
86795;202100055997;101 794;A01;1;7;0;2;1;17;1;
86796;202100055997;101 795;B01;2;7;0;2;4;1;1;
86797;202100055997;101 796;D01;2;7;0;2;3;1;1;
86798;202100055998;101 791;B01;0;1;0;0;4;16;5;
86799;202100055998;101 792;A01;1;7;0;9;2;9;1;
86800;202100055999;101 790;A01;2;7;6;0;1;1;1;
86801;202100056000;101 788;B01;3;60;0;2;8;26;5;
86802;202100056000;101 789;A01;3;7;0;2;2;1;0;
86803;202100056001;101 786;B01;3;7;0;2;3;1;0;
86804;202100056001;101 787;A01;3;7;0;2;3;1;1;
86805;202100056002;101 784;A01;2;7;0;2;7;16;1;
86806;202100056002;101 785;B01;2;31;0;2;8;23;1;
86807;202100056003;101 782;B01;1;7;0;2;4;1;1;
86808;202100056003;101 783;A01;1;7;0;2;1;1;1;
86809;202100056004;101 778;A01;1;33;0;2;1;3;1;
86810;202100056004;101 779;B01;2;7;0;2;1;1;1;
86811;202100056006;101 774;B01;2;7;0;2;1;1;1;
86812;202100056006;101 775;A01;2;7;0;2;8;2;1;
86813;202100056007;101 772;B01;1;7;0;2;7;14;1;
86814;202100056007;101 773;A01;1;7;0;2;8;1;1;
86815;202100056008;101 770;B01;1;7;0;2;4;2;1;
86816;202100056008;101 771;A01;1;7;0;2;1;1;1;
86817;202100056009;101 767;B01;1;7;0;2;4;2;1;
86818;202100056009;101 768;A01;1;7;0;2;1;2;1;
86819;202100056009;101 769;C01;1;10;0;2;4;2;0;
86820;202100056010;101 766;A01;1;7;3;0;7;14;1;
86821;202100056011;101 764;B01;1;7;0;2;5;2;1;
86822;202100056011;101 765;A01;1;7;0;2;3;2;1;
86823;202100056012;101 762;B01;2;7;0;2;8;0;1;
86824;202100056012;101 763;A01;2;33;0;2;8;3;1;
86825;202100056013;101 760;A01;2;33;0;2;1;12;1;
86826;202100056013;101 761;B01;2;7;0;2;5;1;1;
86827;202100056014;101 759;A01;2;34;0;0;9;2;1;
86828;202100056015;101 757;A01;1;7;0;2;1;1;1;
86829;202100056015;101 758;B01;1;7;0;2;4;2;1;
86830;202100056016;101 755;A01;1;7;0;2;7;1;1;
86831;202100056016;101 756;Z01;1;7;4;2;8;0;1;
86832;202100056017;101 754;A01;2;30;0;9;0;1;1;
86833;202100056018;101 752;B01;1;31;0;2;1;1;1;
86834;202100056018;101 753;A01;2;13;0;9;3;13;1;
86835;202100056019;101 750;A01;1;7;0;2;1;15;1;
86836;202100056019;101 751;B01;2;43;0;2;3;1;1;
86837;202100056021;101 746;A01;1;7;0;2;1;1;1;
86838;202100056021;101 747;B01;1;7;0;2;4;23;1;
86839;202100056021;101 748;C01;1;7;0;2;4;23;1;
86840;202100056022;101 745;A01;1;7;0;1;1;19;1;
86841;202100056024;101 741;B01;3;2;0;2;8;16;1;
86842;202100056024;101 742;A01;3;7;0;2;2;1;1;
86843;202100056025;101 740;A01;1;7;4;0;3;14;1;
86844;202100056026;101 738;B01;3;7;4;2;4;13;1;
86845;202100056026;101 739;A01;3;7;0;2;3;15;1;
86846;202100056027;101 736;A01;1;7;0;2;8;10;1;
86847;202100056027;101 737;B01;3;7;0;2;1;1;1;
86848;202100056028;101 735;A01;1;10;0;1;2;16;1;
86849;202100056029;101 733;B01;2;7;0;2;6;0;1;
86850;202100056029;101 734;A01;2;7;0;2;3;16;1;
86851;202100056030;101 732;A01;1;60;0;0;1;1;5;
86852;202100056031;101 731;A01;2;7;0;0;7;13;1;
86853;202100056032;101 730;A01;1;33;0;0;0;1;1;
86854;202100056033;101 728;A01;1;7;0;2;2;15;1;
86855;202100056033;101 729;B01;2;32;0;2;1;1;1;
86856;202100056035;101 724;A01;0;7;0;2;1;1;1;
86857;202100056035;101 725;B01;0;7;1;2;4;23;1;
86858;202100056036;101 722;A01;1;7;0;2;8;9;1;
86859;202100056036;101 723;B01;2;7;0;2;1;9;2;
86860;202100056037;101 721;A01;1;7;0;1;2;1;1;
86861;202100056038;101 720;A01;2;10;0;1;2;1;1;
86862;202100056039;101 719;A01;3;7;0;1;2;17;0;
86863;202100056040;101 717;A01;2;7;7;2;1;2;1;
86864;202100056040;101 718;B01;2;7;9;0;4;2;1;
86865;202100056041;101 715;A01;1;7;0;2;2;15;1;
86866;202100056041;101 716;B01;2;7;0;2;3;1;1;
86867;202100056042;101 713;B01;2;7;0;2;1;1;1;
86868;202100056042;101 714;A01;1;7;0;2;1;13;1;
86869;202100056043;101 711;A01;1;7;0;2;1;1;1;
86870;202100056043;101 712;B01;1;7;0;2;4;1;1;
86871;202100056044;101 707;D01;1;7;0;2;1;1;1;
86872;202100056044;101 708;A01;1;7;0;2;4;1;1;
86873;202100056044;101 709;C01;1;7;0;2;4;1;1;
86874;202100056044;101 710;B01;1;7;0;2;1;1;1;
86875;202100056046;101 703;B01;1;7;0;2;4;1;1;
86876;202100056046;101 704;A01;1;7;0;2;1;1;1;
86877;202100056047;101 702;A01;2;7;0;1;2;1;1;
86878;202100056048;101 700;A01;2;7;0;2;2;15;1;
86879;202100056048;101 701;B01;1;7;0;2;1;1;0;
86880;202100056049;101 698;A01;0;7;0;2;3;9;1;
86881;202100056049;101 699;B01;3;1;0;2;1;1;5;
86882;202100056050;101 697;A01;3;7;15;0;1;26;1;
86883;202100056051;101 695;A01;1;7;0;2;3;15;1;
86884;202100056051;101 696;B01;2;1;0;2;3;1;5;
86885;202100056052;101 694;A01;2;7;0;1;3;1;1;
86886;202100056053;101 693;A01;1;7;0;1;2;1;1;
86887;202100056055;101 687;A01;0;7;0;2;1;17;1;
86888;202100056055;101 688;B01;0;7;0;2;1;1;1;
86889;202100056055;101 689;C01;0;7;0;2;3;1;1;
86890;202100056056;101 685;A01;1;34;0;2;1;1;1;
86891;202100056056;101 686;B01;1;7;0;0;0;0;1;
86892;202100056057;101 684;A01;1;7;0;1;1;1;1;
86893;202100056058;101 683;A01;3;7;0;1;1;1;1;
86894;202100056059;101 682;A01;2;30;0;0;1;0;1;
86895;202100056060;101 681;A01;2;7;4;0;2;1;1;
86896;202100056062;101 676;B01;1;7;0;2;6;2;1;
86897;202100056062;101 677;A01;1;32;0;2;1;2;1;
86898;202100056063;101 674;A01;1;32;7;2;1;1;1;
86899;202100056063;101 675;B01;1;32;0;2;8;1;1;
86900;202100056065;101 670;A01;3;30;0;0;0;1;1;
86901;202100056066;101 668;B01;3;7;0;2;6;23;1;
86902;202100056066;101 669;A01;3;1;0;2;1;1;5;
86903;202100056068;101 663;A01;3;7;0;2;3;15;1;
86904;202100056068;101 664;B01;3;33;0;2;3;1;1;
86905;202100056068;101 665;C01;3;32;0;2;3;1;1;
86906;202100056069;101 661;B01;1;1;0;2;8;1;5;
86907;202100056069;101 662;A01;1;7;0;2;2;14;1;
86908;202100056070;101 659;B01;2;32;0;2;2;7;1;
86909;202100056070;101 660;A01;2;7;0;2;8;22;1;
86910;202100056071;101 658;A01;2;32;0;1;1;1;1;
86911;202100056072;101 656;B01;2;34;0;2;8;1;1;
86912;202100056072;101 657;A01;2;7;0;2;8;1;1;
86913;202100056073;101 652;B01;3;7;0;2;2;1;1;
86914;202100056073;101 653;A01;3;30;0;2;1;1;3;
86915;202100056074;101 650;B01;2;7;0;2;1;15;1;
86916;202100056074;101 651;A01;1;1;0;2;1;1;5;
86917;202100056075;101 648;B01;1;1;0;2;1;19;5;
86918;202100056075;101 649;A01;1;7;0;2;2;16;1;
86919;202100056076;101 646;A01;3;33;0;2;1;2;1;
86920;202100056076;101 647;B01;3;7;15;0;5;23;1;
86921;202100056077;101 644;A01;3;7;0;2;1;1;1;
86922;202100056077;101 645;B01;3;7;0;2;8;15;1;
86923;202100056078;101 642;A01;1;7;0;2;3;9;2;
86924;202100056078;101 643;B01;1;50;0;2;7;2;3;
86925;202100056079;101 640;A01;0;30;0;0;0;26;1;
86926;202100056080;101 638;B01;1;7;0;2;8;15;1;
86927;202100056080;101 639;A01;2;7;0;2;1;1;1;
86928;202100056082;101 635;A01;1;30;0;0;0;16;1;
86929;202100056083;101 633;B01;1;2;0;2;1;1;1;
86930;202100056083;101 634;A01;1;7;0;2;6;9;1;
86931;202100056084;101 630;A01;2;7;0;2;3;13;0;
86932;202100056084;101 631;B01;2;7;0;2;7;1;0;
86933;202100056084;101 632;C01;2;31;0;2;9;3;0;
86934;202100056085;101 629;A01;2;7;0;1;2;26;1;
86935;202100056086;101 628;A01;2;15;0;1;2;1;1;
86936;202100056088;101 623;A01;1;7;0;0;0;15;1;
86937;202100056088;101 624;B01;2;1;12;0;0;1;5;
86938;202100056089;101 621;A01;3;7;0;2;8;15;1;
86939;202100056089;101 622;B01;1;2;0;2;1;1;1;
86940;202100056091;101 618;A01;1;10;0;1;2;1;1;
86941;202100056092;101 617;A01;3;7;2;0;3;0;1;
86942;202100056093;101 615;A01;1;7;0;2;1;13;1;
86943;202100056093;101 616;B01;2;10;0;2;1;1;1;
86944;202100056094;101 614;A01;3;7;0;1;1;1;1;
86945;202100056095;101 613;B01;1;10;0;1;7;1;1;
86946;202100056096;101 611;A01;0;7;0;2;3;1;1;
86947;202100056096;101 612;B01;0;7;0;2;3;16;1;
86948;202100056097;101 609;B01;1;7;0;2;3;1;1;
86949;202100056097;101 610;A01;2;17;0;2;6;1;1;
86950;202100056098;101 608;A01;0;7;0;1;3;16;1;
86951;202100056099;101 606;B01;0;7;0;2;8;19;1;
86952;202100056099;101 607;A01;1;7;0;2;1;2;1;
86953;202100056100;101 604;A01;3;7;1;0;2;2;1;
86954;202100056100;101 605;B01;0;21;0;0;6;23;1;
86955;202100056101;101 603;A01;1;10;0;1;2;1;1;
86956;202100056102;101 602;A01;1;7;0;1;1;1;1;
86957;202100056103;101 601;A01;1;7;13;0;2;1;1;
86958;202100056104;101 599;A01;1;7;3;0;4;26;1;
86959;202100056104;101 600;B01;1;7;0;2;1;2;3;
86960;202100056105;101 597;A01;1;10;0;2;1;12;1;
86961;202100056105;101 598;B01;1;15;0;0;4;1;1;
86962;202100056107;101 591;B01;2;7;0;2;3;2;1;
86963;202100056107;101 592;A01;2;7;4;2;3;13;1;
86964;202100056108;101 590;A01;3;7;8;0;0;1;1;
86965;202100056109;101 588;A01;1;7;0;2;2;19;1;
86966;202100056109;101 589;B01;2;7;0;2;7;15;1;
86967;202100056110;101 584;A01;2;7;0;0;3;5;1;
86968;202100056110;101 585;B01;1;14;0;0;3;0;0;
86969;202100056111;101 583;A01;2;7;3;0;3;1;1;
86970;202100056112;101 582;A01;3;7;1;1;7;1;0;
86971;202100056113;101 580;A01;3;7;0;2;3;0;1;
86972;202100056113;101 581;B01;3;7;0;2;3;1;1;
86973;202100056114;101 578;B01;3;2;0;0;0;1;1;
86974;202100056114;101 579;A01;3;13;0;0;0;16;1;
86975;202100056115;101 577;A01;0;7;0;1;3;1;1;
86976;202100056116;101 576;A01;1;7;2;0;1;1;1;
86977;202100056117;101 574;A01;0;30;9;2;8;1;1;
86978;202100056117;101 575;B01;0;7;0;2;3;1;1;
86979;202100056118;101 572;A01;1;7;6;2;8;17;1;
86980;202100056118;101 573;B01;1;7;0;2;1;1;1;
86981;202100056119;101 571;A01;2;7;4;0;1;1;1;
86982;202100056120;101 570;A01;2;7;4;0;0;17;1;
86983;202100056121;101 567;C01;1;10;0;2;1;2;1;
86984;202100056121;101 568;B01;1;7;0;2;4;2;1;
86985;202100056121;101 569;A01;1;7;0;2;4;1;1;
86986;202100056122;101 565;A01;1;7;0;0;0;21;1;
86987;202100056122;101 566;B01;1;7;0;0;1;0;0;
86988;202100056123;101 563;A01;2;7;1;0;1;2;1;
86989;202100056123;101 564;B01;2;7;0;2;4;23;1;
86990;202100056124;101 561;A01;2;7;0;2;5;1;1;
86991;202100056124;101 562;B01;2;34;0;2;1;21;1;
86992;202100056125;101 559;A01;2;15;0;2;1;2;1;
86993;202100056125;101 560;B01;2;7;0;2;4;2;1;
86994;202100056126;101 557;B01;1;7;0;2;2;12;1;
86995;202100056126;101 558;A01;1;32;0;2;3;3;1;
86996;202100056129;101 551;B01;2;43;0;2;2;3;1;
86997;202100056129;101 552;D01;2;7;0;2;6;1;2;
86998;202100056129;101 553;A01;2;99;0;2;8;11;1;
86999;202100056129;101 554;C01;2;7;0;2;7;1;1;
87000;202100056130;101 550;A01;1;7;4;2;6;14;1;
87001;202100056134;101 543;B01;1;2;0;2;8;1;1;
87002;202100056134;101 544;A01;1;7;0;2;1;15;1;
87003;202100056135;101 542;A01;0;1;0;1;0;1;5;
87004;202100056136;101 539;C01;1;7;0;0;2;1;1;
87005;202100056136;101 540;B01;1;7;0;2;3;1;1;
87006;202100056136;101 541;A01;1;34;0;2;1;15;1;
87007;202100056137;101 537;B01;1;7;0;2;1;1;1;
87008;202100056137;101 538;A01;1;7;0;2;5;9;2;
87009;202100056138;101 535;A01;2;7;0;2;1;17;1;
87010;202100056138;101 536;B01;2;7;3;0;6;1;1;
87011;202100056139;101 533;B01;2;7;0;2;3;1;1;
87012;202100056139;101 534;A01;1;7;0;2;3;13;1;
87013;202100056140;101 531;B01;1;33;0;2;1;2;1;
87014;202100056140;101 532;A01;1;7;0;2;3;15;3;
87015;202100056141;101 530;A01;0;7;1;0;5;1;1;
87016;202100056142;101 528;A01;2;7;0;2;2;15;1;
87017;202100056142;101 529;B01;3;2;0;2;3;1;1;
87018;202100056143;101 526;B01;2;7;0;2;1;1;1;
87019;202100056143;101 527;A01;1;7;0;2;2;9;1;
87020;202100056144;101 525;A01;1;7;0;1;1;15;1;
87021;202100056146;101 522;B01;1;7;0;2;3;1;1;
87022;202100056146;101 523;A01;1;7;0;2;2;1;1;
87023;202100056147;101 521;A01;2;30;0;0;8;26;1;
87024;202100056148;101 519;B01;3;2;0;2;0;0;1;
87025;202100056148;101 520;A01;3;7;0;2;3;9;1;
87026;202100056149;101 518;A01;2;7;0;1;1;17;1;
87027;202100056150;101 516;B01;2;33;0;2;1;1;1;
87028;202100056150;101 517;A01;1;7;0;2;8;15;1;
87029;202100056151;101 514;B01;3;7;0;2;3;0;1;
87030;202100056151;101 515;A01;3;1;0;2;1;1;5;
87031;202100056152;101 512;B01;1;7;0;2;6;2;1;
87032;202100056152;101 513;A01;1;7;0;2;3;2;1;
87033;202100056153;101 511;A01;2;7;0;1;1;1;1;
87034;202100056155;101 508;A01;1;7;0;1;3;15;1;
87035;202100056156;101 507;B01;2;7;0;1;7;1;1;
87036;202100056157;101 506;Z01;2;7;0;1;1;1;1;
87037;202100056160;101 502;A01;0;7;0;2;2;15;1;
87038;202100056160;101 503;B01;0;7;0;2;8;2;1;
87039;202100056161;101 500;B01;1;2;0;2;1;19;1;
87040;202100056161;101 501;A01;2;7;0;2;1;15;1;
87041;202100056162;101 499;A01;1;7;8;0;1;1;1;
87042;202100056163;101 497;A01;1;7;0;2;7;15;1;
87043;202100056163;101 498;B01;1;50;0;2;5;1;3;
87044;202100056165;101 495;A01;2;30;2;0;1;14;1;
87045;202100056166;101 494;A01;1;7;0;1;3;1;1;
87046;202100056167;101 491;B01;1;10;0;2;3;1;1;
87047;202100056167;101 492;A01;1;7;0;2;5;9;1;
87048;202100056168;101 489;B01;3;2;0;2;2;2;1;
87049;202100056168;101 490;A01;3;7;0;2;3;15;1;
87050;202100056169;101 487;A01;2;1;0;1;1;1;5;
87051;202100056170;101 485;A01;0;7;0;2;1;1;1;
87052;202100056170;101 486;B01;3;7;0;2;4;23;1;
87053;202100056171;101 484;A01;1;7;6;0;1;9;1;
87054;202100056172;101 482;B01;0;7;0;2;7;1;1;
87055;202100056172;101 483;A01;0;7;0;2;1;19;1;
87056;202100056174;101 479;B01;2;7;0;2;4;2;1;
87057;202100056174;101 480;Z01;2;7;0;2;1;2;1;
87058;202100056175;101 476;C01;1;7;0;2;4;2;1;
87059;202100056175;101 477;B01;1;7;0;2;4;2;1;
87060;202100056175;101 478;A01;1;7;0;2;1;2;1;
87061;202100056176;101 475;A01;1;33;0;1;2;17;1;
87062;202100056177;101 474;A01;1;30;0;0;7;21;1;
87063;202100056178;101 472;A01;1;10;0;2;0;22;1;
87064;202100056178;101 473;B01;1;32;0;2;0;1;1;
87065;202100056180;101 469;Z01;2;7;0;1;4;4;1;
87066;202100056181;101 468;A01;1;33;0;1;1;21;1;
87067;202100056182;101 466;A01;1;7;0;2;3;13;1;
87068;202100056182;101 467;B01;1;2;1;2;2;17;3;
87069;202100056183;101 463;A01;1;10;0;2;8;22;1;
87070;202100056183;101 464;B01;3;80;0;2;1;1;3;
87071;202100056184;101 462;A01;1;1;0;0;1;21;5;
87072;202100056185;101 460;A01;2;7;0;2;1;1;1;
87073;202100056185;101 461;B01;2;1;0;2;8;19;5;
87074;202100056188;101 456;B01;1;7;0;2;5;1;1;
87075;202100056188;101 457;A01;1;7;0;2;3;13;1;
87076;202100056189;101 454;B01;3;1;0;4;8;19;5;
87077;202100056189;101 455;A01;3;40;0;9;1;1;3;
87078;202100056190;101 452;B01;0;7;0;2;3;26;1;
87079;202100056190;101 453;A01;-1;7;0;2;1;9;1;
87080;202100056191;101 450;B01;1;7;0;0;0;0;0;
87081;202100056191;101 451;A01;1;33;0;0;0;0;0;
87082;202100056192;101 449;A01;2;7;0;1;1;1;1;
87083;202100056193;101 448;A01;1;30;0;0;8;1;1;
87084;202100056194;101 446;A01;1;10;0;2;3;15;1;
87085;202100056194;101 447;B01;2;50;0;2;1;1;3;
87086;202100056195;101 444;B01;2;7;0;2;5;16;1;
87087;202100056195;101 445;A01;2;7;0;2;2;16;2;
87088;202100056196;101 443;A01;1;7;0;1;1;1;1;