;Num_Acc;id_vehicule;num_veh;senc;catv;obs;obsm;choc;manv;motor;occutc
87089;202100056197;101 441;A01;1;7;0;2;7;12;1;
87090;202100056197;101 442;B01;1;32;0;2;1;1;1;
87091;202100056198;101 440;A01;1;10;13;0;3;1;1;
87092;202100056199;101 438;B01;2;15;0;0;4;2;1;
87093;202100056199;101 439;A01;2;7;0;2;1;2;1;
87094;202100056200;101 437;A01;3;14;13;0;3;1;1;
87095;202100056201;101 432;A01;2;7;0;1;2;0;2;
87096;202100056202;101 431;A01;1;7;13;0;1;13;1;
87097;202100056203;101 430;A01;1;7;17;0;2;13;1;
87098;202100056204;101 429;A01;2;7;0;1;2;1;1;
87099;202100056205;101 427;A01;2;10;0;2;8;1;1;
87100;202100056205;101 428;B01;1;7;0;2;1;1;1;
87101;202100056207;101 424;A01;3;7;2;0;1;1;1;
87102;202100056208;101 423;A01;1;7;1;0;1;5;1;
87103;202100056209;101 422;A01;1;7;13;0;2;1;1;
87104;202100056210;101 420;B01;2;7;0;2;1;1;1;
87105;202100056210;101 421;A01;1;7;0;2;1;13;1;
87106;202100056211;101 418;B01;1;2;0;2;7;1;1;
87107;202100056211;101 419;A01;2;7;0;2;1;15;1;
87108;202100056212;101 416;A01;1;33;0;2;1;1;1;
87109;202100056212;101 417;B01;2;7;0;2;3;17;1;
87110;202100056213;101 413;B01;1;7;0;2;4;1;1;
87111;202100056213;101 414;A01;1;7;0;2;1;2;1;
87112;202100056214;101 411;B01;3;2;0;2;1;1;1;
87113;202100056214;101 412;A01;3;2;0;2;1;13;1;
87114;202100056215;101 410;A01;1;1;0;0;3;1;5;
87115;202100056216;101 409;A01;2;7;0;1;2;1;1;
87116;202100056217;101 408;A01;1;7;2;0;3;13;1;
87117;202100056218;101 407;A01;2;7;0;0;9;1;1;
87118;202100056219;101 405;B01;3;10;0;2;5;15;1;
87119;202100056219;101 406;A01;3;33;0;2;2;1;1;
87120;202100056220;101 403;B01;1;7;0;0;3;1;1;
87121;202100056220;101 404;A01;1;7;0;0;1;15;1;
87122;202100056222;101 400;B01;1;2;0;2;3;15;1;
87123;202100056222;101 401;A01;2;7;0;2;3;15;1;
87124;202100056224;101 397;A01;2;7;0;2;4;1;1;
87125;202100056224;101 398;B01;2;7;0;2;2;2;1;
87126;202100056226;101 394;A01;1;7;0;2;4;1;1;
87127;202100056226;101 395;B01;1;7;0;2;1;1;1;
87128;202100056228;101 389;B01;2;7;0;2;3;1;1;
87129;202100056228;101 390;A01;2;15;0;2;2;12;1;
87130;202100056229;101 388;A01;2;7;0;0;1;1;1;
87131;202100056230;101 385;B01;1;10;0;2;4;2;1;
87132;202100056230;101 386;C01;1;33;0;2;1;2;1;
87133;202100056230;101 387;A01;1;7;0;2;1;2;1;
87134;202100056231;101 380;A01;2;7;0;2;2;15;1;
87135;202100056231;101 381;B01;2;33;0;2;5;16;1;
87136;202100056233;101 377;A01;3;7;0;2;3;13;1;
87137;202100056233;101 378;B01;3;33;0;2;1;7;1;
87138;202100056234;101 376;A01;1;7;0;1;1;1;1;
87139;202100056235;101 375;B01;1;50;0;0;8;1;3;
87140;202100056236;101 373;A01;1;7;0;2;3;1;1;
87141;202100056236;101 374;B01;2;7;0;2;6;1;1;
87142;202100056237;101 372;A01;2;7;0;1;2;1;1;
87143;202100056238;101 370;A01;1;7;0;2;3;2;1;
87144;202100056238;101 371;B01;1;7;0;2;5;2;1;
87145;202100056239;101 368;B01;1;7;0;2;5;26;1;
87146;202100056239;101 369;A01;3;7;0;2;3;9;1;
87147;202100056240;101 367;A01;3;7;0;1;1;1;0;
87148;202100056241;101 365;B01;2;7;0;2;1;1;1;
87149;202100056241;101 366;A01;1;7;0;2;2;15;1;
87150;202100056242;101 364;A01;3;2;12;0;1;19;1;
87151;202100056243;101 362;B01;2;7;0;2;7;1;1;
87152;202100056243;101 363;A01;2;7;0;2;8;15;1;
87153;202100056244;101 361;A01;3;7;2;0;1;1;1;
87154;202100056246;101 355;B01;3;7;0;2;1;5;1;
87155;202100056246;101 356;A01;3;2;0;2;1;15;1;
87156;202100056247;101 351;A01;1;7;0;2;3;15;3;
87157;202100056247;101 352;B01;1;34;0;2;1;1;1;
87158;202100056248;101 349;B01;2;1;0;2;7;1;5;
87159;202100056248;101 350;A01;1;7;0;2;3;9;1;
87160;202100056249;101 348;A01;3;30;0;0;0;1;1;
87161;202100056250;101 347;A01;1;7;1;0;8;1;1;
87162;202100056251;101 346;A01;0;7;0;1;3;26;1;
87163;202100056252;101 345;A01;1;7;0;1;2;1;1;
87164;202100056253;101 344;A01;1;0;0;1;1;19;0;
87165;202100056254;101 343;A01;1;7;7;0;2;14;1;
87166;202100056255;101 342;A01;1;7;7;0;3;13;1;
87167;202100056257;101 339;A01;0;7;0;1;2;1;1;
87168;202100056258;101 338;A01;1;7;7;0;2;14;1;
87169;202100056259;101 335;A01;3;10;0;1;3;15;1;
87170;202100056261;101 331;B01;1;7;0;2;4;16;1;
87171;202100056261;101 332;A01;1;7;0;2;1;16;1;
87172;202100056262;101 329;A01;1;7;0;2;2;23;1;
87173;202100056262;101 330;B01;1;2;14;0;1;18;1;
87174;202100056264;101 325;A01;1;30;0;2;8;1;1;
87175;202100056264;101 326;B01;1;7;0;2;1;15;1;
87176;202100056265;101 323;Z01;0;7;0;2;0;9;0;
87177;202100056265;101 324;A01;0;2;0;2;1;1;1;
87178;202100056266;101 321;B01;3;10;0;0;6;23;1;
87179;202100056266;101 322;A01;1;7;0;2;2;21;1;
87180;202100056267;101 320;Z01;3;7;0;1;0;26;0;
87181;202100056268;101 319;A01;0;7;0;1;1;13;1;
87182;202100056269;101 317;A01;0;43;0;2;1;1;1;
87183;202100056269;101 318;Z01;0;7;0;2;5;16;0;
87184;202100056270;101 316;A01;2;7;0;1;3;1;1;
87185;202100056271;101 315;B01;3;7;0;1;1;21;2;
87186;202100056272;101 311;A01;1;15;0;2;1;1;1;
87187;202100056272;101 312;B01;1;10;0;2;4;15;1;
87188;202100056272;101 313;C01;1;7;13;0;0;0;1;
87189;202100056272;101 314;D01;1;7;0;2;3;1;1;
87190;202100056273;101 309;B01;2;7;0;2;2;21;1;
87191;202100056273;101 310;A01;1;7;0;2;2;9;1;
87192;202100056274;101 307;A01;2;7;0;2;1;1;1;
87193;202100056274;101 308;B01;1;7;0;2;2;1;1;
87194;202100056275;101 305;A01;2;30;0;2;8;1;1;
87195;202100056275;101 306;Z01;1;7;0;2;3;15;1;
87196;202100056276;101 303;B01;2;1;0;2;3;1;5;
87197;202100056276;101 304;A01;2;7;0;2;2;17;2;
87198;202100056277;101 301;B01;1;10;0;2;8;22;1;
87199;202100056277;101 302;A01;1;30;0;2;7;1;1;
87200;202100056278;101 299;A01;1;7;0;2;3;1;1;
87201;202100056278;101 300;Z01;1;7;0;2;1;1;1;
87202;202100056279;101 297;A01;3;32;0;2;1;13;1;
87203;202100056279;101 298;B01;3;7;0;2;4;1;1;
87204;202100056280;101 296;A01;1;30;0;0;0;16;1;
87205;202100056281;101 294;A01;1;80;0;0;0;1;3;
87206;202100056282;101 293;A01;1;80;12;0;1;13;3;
87207;202100056283;101 292;A01;1;1;0;1;1;1;5;
87208;202100056284;101 291;A01;1;1;0;1;1;5;5;
87209;202100056285;101 289;B01;2;1;0;9;8;19;5;
87210;202100056285;101 290;A01;2;2;0;9;1;1;0;
87211;202100056286;101 286;C01;3;7;0;2;6;24;1;
87212;202100056286;101 287;B01;3;7;0;2;2;19;1;
87213;202100056286;101 288;A01;3;7;1;2;8;1;1;
87214;202100056287;101 284;A01;3;50;0;2;0;19;3;
87215;202100056287;101 285;B01;3;7;0;2;0;0;0;
87216;202100056288;101 282;A01;2;7;0;2;3;15;1;
87217;202100056288;101 283;B01;1;7;0;2;1;1;1;
87218;202100056289;101 280;Z01;2;7;0;2;1;2;0;
87219;202100056289;101 281;B01;2;7;0;2;4;2;1;
87220;202100056290;101 278;A01;2;10;0;2;3;15;1;
87221;202100056290;101 279;B01;2;1;0;2;1;1;5;
87222;202100056291;101 276;B01;-1;43;0;2;7;13;1;
87223;202100056291;101 277;A01;-1;7;1;0;3;13;1;
87224;202100056292;101 275;A01;3;7;14;0;3;13;1;
87225;202100056294;101 272;A01;1;10;0;1;1;1;1;
87226;202100056295;101 271;A01;1;7;0;1;4;26;1;
87227;202100056296;101 269;B01;1;7;0;2;1;1;1;
87228;202100056296;101 270;A01;2;7;0;2;1;5;1;
87229;202100056297;101 267;B01;1;7;0;2;8;1;1;
87230;202100056297;101 268;A01;2;10;0;2;1;1;1;
87231;202100056298;101 265;B01;3;50;1;0;1;1;3;
87232;202100056298;101 266;A01;3;7;0;2;7;22;0;
87233;202100056299;101 261;D01;1;10;0;2;2;1;1;
87234;202100056299;101 262;B01;1;14;0;2;6;1;1;
87235;202100056299;101 263;A01;1;7;0;2;3;13;1;
87236;202100056299;101 264;C01;2;17;0;2;3;1;1;
87237;202100056301;101 258;A01;2;33;0;1;1;1;1;
87238;202100056302;101 257;A01;1;31;0;0;7;1;1;
87239;202100056305;101 253;A01;2;38;3;0;7;0;1;1.0
87240;202100056306;101 252;A01;1;7;0;1;1;11;1;
87241;202100056307;101 250;B01;1;1;9;0;4;1;5;
87242;202100056307;101 251;A01;1;7;0;9;2;1;1;
87243;202100056308;101 249;A01;1;7;2;0;1;1;1;
87244;202100056309;101 248;A01;3;10;0;1;1;1;1;
87245;202100056311;101 245;B01;2;7;0;2;2;1;1;
87246;202100056311;101 246;A01;1;7;0;2;1;13;1;
87247;202100056312;101 243;B01;2;17;0;2;5;1;1;
87248;202100056312;101 244;A01;2;1;0;2;3;25;5;
87249;202100056313;101 241;B01;3;7;0;2;2;1;1;
87250;202100056313;101 242;A01;3;7;1;2;3;2;1;
87251;202100056314;101 240;A01;2;7;3;0;1;1;2;
87252;202100056315;101 236;A01;2;15;0;2;1;2;0;
87253;202100056315;101 237;B01;2;7;0;2;4;2;1;
87254;202100056315;101 238;C01;2;7;0;2;4;2;1;
87255;202100056315;101 239;D01;2;15;0;0;4;2;1;
87256;202100056316;101 234;A01;2;7;0;2;1;13;1;
87257;202100056316;101 235;B01;2;10;0;2;4;17;1;
87258;202100056318;101 231;A01;3;2;0;1;1;5;1;
87259;202100056319;101 229;A01;2;7;0;2;2;13;1;
87260;202100056319;101 230;B01;1;7;0;2;3;1;1;
87261;202100056320;101 228;A01;2;7;4;0;3;11;1;
87262;202100056321;101 225;C01;1;7;0;2;4;2;1;
87263;202100056321;101 226;A01;1;7;0;2;1;2;0;
87264;202100056321;101 227;B01;1;7;0;2;4;2;0;
87265;202100056322;101 222;A01;1;7;4;0;1;1;1;
87266;202100056322;101 223;B01;1;15;0;2;4;2;1;
87267;202100056322;101 224;C01;1;7;0;2;1;2;1;
87268;202100056323;101 221;B01;2;7;1;1;1;1;1;
87269;202100056324;101 219;A01;1;31;0;2;1;1;1;
87270;202100056324;101 220;B01;1;7;0;2;6;15;1;
87271;202100056327;101 214;A01;2;30;0;1;1;21;0;
87272;202100056329;101 212;A01;2;43;0;9;1;1;1;
87273;202100056330;101 211;A01;2;7;4;0;9;26;1;
87274;202100056331;101 209;B01;2;7;0;2;1;1;1;
87275;202100056331;101 210;A01;2;7;0;2;1;10;1;
87276;202100056332;101 207;B01;1;7;0;2;4;2;1;
87277;202100056332;101 208;A01;1;7;0;2;2;2;1;
87278;202100056333;101 205;A01;1;7;0;2;3;26;1;
87279;202100056333;101 206;B01;1;2;0;2;1;26;1;
87280;202100056334;101 203;A01;3;7;2;2;2;24;1;
87281;202100056334;101 204;Z01;1;7;1;0;2;1;1;
87282;202100056335;101 201;A01;3;7;0;2;1;1;1;
87283;202100056335;101 202;B01;3;7;0;2;7;1;1;
87284;202100056336;101 199;A01;2;7;0;2;1;19;1;
87285;202100056336;101 200;B01;1;7;0;2;3;15;1;
87286;202100056337;101 198;Z01;2;7;1;0;0;0;1;
87287;202100056338;101 196;B01;3;7;0;2;1;2;0;
87288;202100056338;101 197;A01;3;33;0;2;1;17;1;
87289;202100056339;101 195;A01;1;36;12;0;9;10;1;
87290;202100056340;101 191;B01;1;7;0;2;3;19;1;
87291;202100056340;101 192;A01;1;31;0;2;1;1;1;
87292;202100056341;101 189;B01;2;7;0;2;2;2;1;
87293;202100056341;101 190;A01;2;2;0;2;8;2;1;
87294;202100056342;101 187;A01;0;30;0;2;1;15;1;
87295;202100056342;101 188;B01;0;32;0;2;1;1;1;
87296;202100056345;101 182;A01;2;32;0;0;0;1;1;
87297;202100056346;101 181;A01;1;1;0;1;1;13;0;
87298;202100056347;101 180;A01;2;7;8;0;1;0;1;
87299;202100056349;101 177;A01;1;7;1;0;1;26;1;
87300;202100056350;101 176;A01;1;7;1;0;2;13;1;
87301;202100056351;101 174;A01;1;2;0;2;1;1;1;
87302;202100056351;101 175;B01;2;7;0;2;6;1;1;
87303;202100056352;101 173;A01;1;7;8;0;3;1;1;
87304;202100056353;101 171;B01;2;7;0;2;1;1;1;
87305;202100056353;101 172;A01;1;7;0;0;8;9;1;
87306;202100056354;101 168;B01;2;10;0;2;7;1;1;
87307;202100056354;101 169;C01;2;7;0;2;1;1;1;
87308;202100056354;101 170;A01;1;7;0;2;1;13;1;
87309;202100056355;101 167;A01;3;7;2;0;1;1;1;
87310;202100056356;101 166;A01;2;7;2;0;1;1;1;
87311;202100056357;101 164;A01;1;7;0;2;3;15;1;
87312;202100056357;101 165;B01;2;7;0;2;3;1;1;
87313;202100056359;101 161;B01;1;7;0;2;3;1;1;
87314;202100056359;101 162;A01;2;2;0;2;7;15;1;
87315;202100056360;101 160;A01;1;7;2;0;1;1;1;
87316;202100056362;101 157;B01;2;1;0;2;0;1;5;
87317;202100056362;101 158;A01;1;7;0;2;1;15;1;
87318;202100056363;101 156;A01;0;7;2;0;2;1;1;
87319;202100056365;101 149;A01;2;7;0;0;4;23;1;
87320;202100056365;101 150;B01;2;7;1;0;1;2;1;
87321;202100056366;101 147;A01;2;7;0;0;4;17;1;
87322;202100056366;101 148;B01;2;7;0;2;1;2;1;
87323;202100056367;101 145;B01;1;7;0;0;4;1;1;
87324;202100056367;101 146;A01;1;10;0;2;1;1;1;
87325;202100056369;101 142;A01;0;7;8;0;1;1;1;
87326;202100056370;101 141;A01;2;10;16;0;9;14;1;
87327;202100056371;101 140;A01;3;7;16;0;0;13;1;
87328;202100056372;101 138;A01;1;2;0;2;1;1;1;
87329;202100056372;101 139;B01;2;7;0;2;1;1;1;
87330;202100056373;101 136;A01;3;7;0;9;1;1;1;
87331;202100056373;101 137;B01;0;2;0;2;7;19;3;
87332;202100056374;101 134;B01;2;7;0;0;3;23;1;
87333;202100056374;101 135;A01;2;7;1;0;3;13;1;
87334;202100056375;101 133;A01;2;7;13;0;3;1;1;
87335;202100056376;101 132;A01;2;36;0;0;0;1;1;
87336;202100056377;101 130;A01;1;7;0;2;2;23;1;
87337;202100056377;101 131;B01;1;7;0;2;0;0;1;
87338;202100056378;101 128;B01;1;7;1;0;7;2;0;
87339;202100056378;101 129;A01;1;7;4;0;2;1;0;
87340;202100056379;101 126;A01;2;7;0;2;1;2;1;
87341;202100056379;101 127;B01;2;7;0;2;4;1;1;
87342;202100056380;101 123;C01;2;7;0;2;4;2;1;
87343;202100056380;101 124;B01;2;7;0;2;4;2;1;
87344;202100056380;101 125;A01;2;7;0;2;1;2;1;
87345;202100056381;101 121;Z01;2;7;0;0;0;0;0;
87346;202100056381;101 122;A01;1;2;0;2;1;0;1;
87347;202100056382;101 119;A01;2;7;0;2;1;2;1;
87348;202100056382;101 120;B01;2;7;0;2;4;23;1;
87349;202100056383;101 118;A01;2;7;4;0;2;0;1;
87350;202100056385;101 115;A01;2;33;0;2;1;1;1;
87351;202100056386;101 113;B01;3;7;0;2;3;1;1;
87352;202100056386;101 114;A01;3;7;0;2;3;15;1;
87353;202100056387;101 111;B01;2;32;0;2;4;23;1;
87354;202100056387;101 112;A01;2;2;0;2;1;1;1;
87355;202100056388;101 109;B01;1;7;0;2;1;15;1;
87356;202100056388;101 110;A01;1;7;0;2;5;1;1;
87357;202100056389;101 107;B01;1;31;0;2;4;2;1;
87358;202100056389;101 108;A01;1;7;0;2;1;0;0;
87359;202100056390;101 104;A01;1;7;0;2;1;15;1;
87360;202100056390;101 105;B01;2;7;0;2;1;2;1;
87361;202100056390;101 106;C01;1;7;0;2;1;1;1;
87362;202100056391;101 102;A01;2;2;0;2;2;26;1;
87363;202100056391;101 103;B01;2;7;0;2;3;1;1;
87364;202100056392;101 100;B01;3;2;0;2;1;0;1;
87365;202100056392;101 101;A01;1;7;0;2;2;1;1;
87366;202100056393;101 098;A01;3;7;0;2;7;1;1;
87367;202100056393;101 099;B01;3;7;0;2;1;15;1;
87368;202100056394;101 097;A01;3;7;11;0;2;12;2;
87369;202100056395;101 096;A01;2;7;6;0;1;13;1;
87370;202100056396;101 094;B01;2;7;0;2;3;21;1;
87371;202100056396;101 095;A01;1;7;0;2;2;21;0;
87372;202100056398;101 090;B01;1;7;0;0;4;2;1;
87373;202100056398;101 091;A01;1;7;0;2;1;2;1;
87374;202100056399;101 089;A01;2;7;0;1;2;1;1;
87375;202100056400;101 086;C01;3;7;0;2;4;1;1;
87376;202100056400;101 087;B01;3;7;0;2;4;1;1;
87377;202100056400;101 088;A01;3;7;0;2;1;1;1;
87378;202100056401;101 085;A01;2;7;1;1;1;21;1;
87379;202100056403;101 081;A01;1;7;0;2;1;1;1;
87380;202100056403;101 082;B01;1;7;0;2;4;1;1;
87381;202100056404;101 079;A01;1;1;0;2;1;25;5;
87382;202100056404;101 080;B01;1;7;0;2;1;1;1;
87383;202100056405;101 078;A01;2;7;14;0;1;26;1;
87384;202100056406;101 077;A01;3;7;2;0;1;1;1;
87385;202100056407;101 074;B01;2;7;0;2;3;1;1;
87386;202100056407;101 075;A01;2;33;0;2;1;17;1;
87387;202100056407;101 076;C01;2;7;0;2;3;1;1;
87388;202100056408;101 071;C01;2;7;0;2;1;1;1;
87389;202100056408;101 072;B01;2;7;0;2;1;9;1;
87390;202100056408;101 073;A01;1;7;0;2;1;13;1;
87391;202100056409;101 070;A01;1;7;16;0;1;14;1;
87392;202100056410;101 068;A01;0;7;0;2;7;9;0;
87393;202100056410;101 069;B01;0;30;0;2;1;1;0;
87394;202100056411;101 067;A01;1;10;0;1;7;26;1;
87395;202100056412;101 065;A01;1;7;0;2;1;0;1;
87396;202100056412;101 066;B01;1;7;0;2;2;1;1;
87397;202100056413;101 063;A01;1;7;0;2;3;15;1;
87398;202100056413;101 064;B01;1;32;0;2;1;2;1;
87399;202100056414;101 061;A01;1;2;0;2;7;1;1;
87400;202100056414;101 062;B01;1;7;0;2;1;0;1;
87401;202100056415;101 059;A01;1;32;0;2;2;0;1;
87402;202100056415;101 060;B01;1;3;0;2;6;0;1;
87403;202100056416;101 058;A01;2;7;6;0;1;1;1;
87404;202100056417;101 055;A01;1;7;0;2;1;2;1;
87405;202100056417;101 056;B01;1;7;0;2;4;2;1;
87406;202100056417;101 057;C01;1;10;0;2;4;2;1;
87407;202100056418;101 053;Z01;1;7;0;2;0;1;0;
87408;202100056418;101 054;A01;1;30;0;2;1;1;1;
87409;202100056419;101 048;E01;2;7;0;2;4;23;1;
87410;202100056419;101 049;D01;2;7;0;2;4;23;1;
87411;202100056419;101 050;C01;2;7;0;2;4;23;1;
87412;202100056419;101 051;B01;2;7;0;2;4;23;1;
87413;202100056419;101 052;A01;2;7;0;2;1;1;1;
87414;202100056421;101 046;A01;1;10;0;1;2;1;1;
87415;202100056422;101 044;A01;1;7;1;2;3;13;1;
87416;202100056422;101 045;B01;1;2;0;2;7;17;3;
87417;202100056423;101 042;B01;2;33;0;2;1;1;1;
87418;202100056423;101 043;A01;2;7;0;2;8;10;1;
87419;202100056424;101 040;B01;2;7;0;2;2;9;1;
87420;202100056424;101 041;A01;1;1;0;2;1;1;5;
87421;202100056425;101 038;A01;1;7;0;2;2;16;1;
87422;202100056425;101 039;B01;1;30;0;2;1;18;1;
87423;202100056426;101 037;A01;3;50;0;0;0;26;3;
87424;202100056427;101 035;A01;1;7;0;2;0;0;1;
87425;202100056427;101 036;B01;1;2;0;2;1;0;1;
87426;202100056428;101 034;Z01;3;7;0;1;2;1;1;
87427;202100056430;101 030;B01;0;7;0;2;1;1;1;
87428;202100056430;101 031;A01;3;10;0;2;1;5;1;
87429;202100056431;101 029;A01;1;32;0;1;3;1;1;
87430;202100056432;101 027;A01;2;7;0;2;1;1;1;
87431;202100056432;101 028;B01;2;7;0;2;1;1;1;
87432;202100056433;101 026;Z01;1;7;0;1;2;26;0;
87433;202100056435;101 024;A01;2;7;1;0;2;0;1;
87434;202100056436;101 022;B01;3;7;0;2;1;1;1;
87435;202100056436;101 023;A01;3;7;0;2;2;15;1;
87436;202100056437;101 020;A01;0;10;0;2;1;2;1;
87437;202100056437;101 021;B01;0;7;0;2;4;1;1;
87438;202100056438;101 016;A01;1;7;0;2;1;26;0;
87439;202100056438;101 017;D01;1;7;0;2;4;0;0;
87440;202100056438;101 018;C01;1;7;0;0;4;0;0;
87441;202100056438;101 019;B01;1;7;0;2;4;0;0;
87442;202100056439;101 015;A01;1;7;0;1;1;1;0;
87443;202100056440;101 013;A01;1;7;0;2;2;1;1;
87444;202100056440;101 014;B01;1;14;0;2;6;23;1;
87445;202100056441;101 012;A01;1;7;0;1;2;15;1;
87446;202100056443;101 008;B01;1;34;0;2;1;1;1;
87447;202100056443;101 009;A01;2;7;0;2;5;15;1;
87448;202100056444;101 006;B01;0;31;0;9;0;0;0;
87449;202100056444;101 007;A01;0;30;0;9;0;0;0;
87450;202100056445;101 005;A01;0;7;16;0;1;1;6;
87451;202100056446;101 004;A01;1;7;8;0;1;21;1;
87452;202100056447;101 003;A01;1;7;2;0;1;1;1;
87453;202100056448;101 002;A01;1;7;0;1;2;1;1;
87454;202100056449;101 000;A01;1;7;0;2;3;1;1;
87455;202100056449;101 001;B01;1;33;0;2;8;15;1;
87456;202100056450;100 995;A01;2;7;0;2;3;5;1;
87457;202100056450;100 996;C01;1;7;0;2;1;1;1;
87458;202100056450;100 997;D01;1;7;0;2;8;1;1;
87459;202100056450;100 998;E01;1;7;0;2;7;1;1;
87460;202100056450;100 999;B01;1;7;0;2;3;1;1;
87461;202100056451;100 994;A01;2;7;13;0;2;0;1;
87462;202100056453;100 991;B01;1;7;0;2;3;15;1;
87463;202100056453;100 992;A01;2;43;12;0;3;1;1;
87464;202100056454;100 990;A01;1;2;8;0;7;1;1;
87465;202100056455;100 989;A01;2;7;2;0;1;1;1;
87466;202100056456;100 987;B01;3;2;0;2;1;1;1;
87467;202100056456;100 988;A01;3;7;0;2;2;19;1;
87468;202100056457;100 985;B01;1;7;0;2;1;1;1;
87469;202100056457;100 986;A01;1;7;0;2;7;1;1;
87470;202100056458;100 984;A01;2;7;2;0;1;19;1;
87471;202100056459;100 983;A01;2;7;2;0;3;1;1;
87472;202100056460;100 982;A01;0;7;0;1;1;15;1;
87473;202100056461;100 980;B01;3;7;0;2;1;1;1;
87474;202100056461;100 981;A01;3;7;0;2;3;15;1;
87475;202100056462;100 979;A01;1;7;8;0;1;1;1;
87476;202100056463;100 976;C01;1;7;0;0;3;1;1;
87477;202100056463;100 977;A01;1;7;0;0;3;19;1;
87478;202100056463;100 978;B01;1;7;0;2;1;1;1;
87479;202100056464;100 975;A01;2;7;3;0;2;1;1;
87480;202100056465;100 971;A01;3;33;0;0;0;1;1;
87481;202100056466;100 970;A01;1;7;0;1;2;1;1;
87482;202100056467;100 968;A01;1;7;4;2;3;1;1;
87483;202100056467;100 969;B01;1;7;0;2;2;1;1;
87484;202100056468;100 966;A01;2;7;0;2;3;5;1;
87485;202100056468;100 967;B01;1;7;0;2;6;1;1;
87486;202100056469;100 964;A01;1;7;0;2;1;6;1;
87487;202100056469;100 965;B01;2;7;0;2;1;1;1;
87488;202100056470;100 962;B01;1;7;0;0;1;1;1;
87489;202100056470;100 963;A01;2;7;0;0;1;5;1;
87490;202100056473;100 956;A01;3;36;1;0;1;1;1;
87491;202100056474;100 954;A01;1;2;0;2;1;13;1;
87492;202100056474;100 955;B01;2;2;0;2;1;1;1;
87493;202100056477;100 950;A01;2;7;17;0;3;1;1;
87494;202100056478;100 948;A01;0;7;2;2;5;19;1;
87495;202100056478;100 949;B01;1;7;0;2;1;1;1;
87496;202100056479;100 947;A01;1;7;16;0;8;1;1;
87497;202100056481;100 943;B01;2;7;8;2;1;14;1;
87498;202100056481;100 944;A01;3;7;8;0;3;23;1;
87499;202100056482;100 941;A01;3;7;0;9;2;1;1;
87500;202100056482;100 942;B01;0;99;0;2;1;15;5;
87501;202100056483;100 938;A01;2;7;0;2;1;1;1;
87502;202100056483;100 939;B01;2;7;0;2;5;1;1;
87503;202100056483;100 940;C01;2;7;0;2;4;1;1;
87504;202100056484;100 936;B01;2;7;0;2;5;2;1;
87505;202100056484;100 937;A01;2;7;0;2;1;2;1;
87506;202100056485;100 934;A01;2;7;0;0;4;1;1;
87507;202100056485;100 935;Z01;2;7;0;2;1;1;1;
87508;202100056486;100 931;C01;2;7;0;0;4;1;1;
87509;202100056486;100 932;B01;2;7;0;2;4;1;1;
87510;202100056486;100 933;A01;2;7;0;2;1;1;1;
87511;202100056487;100 930;Z01;2;0;0;1;0;1;0;
87512;202100056489;100 927;A01;1;33;0;2;1;2;1;
87513;202100056489;100 928;B01;1;7;0;2;6;2;1;
87514;202100056490;100 925;B01;1;7;0;2;5;1;1;
87515;202100056490;100 926;A01;1;43;0;2;1;2;1;
87516;202100056492;100 922;A01;2;7;4;0;1;9;1;
87517;202100056493;100 921;A01;1;7;4;0;9;1;1;
87518;202100056494;100 919;B01;1;7;0;2;6;2;1;
87519;202100056494;100 920;A01;1;7;0;2;1;1;1;
87520;202100056495;100 918;A01;2;7;0;0;9;2;1;
87521;202100056496;100 917;A01;2;7;4;0;1;1;1;
87522;202100056497;100 916;A01;1;7;5;0;2;1;1;
87523;202100056498;100 913;A01;2;7;0;2;1;2;1;
87524;202100056498;100 914;B01;2;7;0;2;4;2;1;
87525;202100056498;100 915;C01;2;7;0;2;4;2;1;
87526;202100056499;100 910;B01;1;7;0;2;1;2;1;
87527;202100056499;100 911;A01;1;7;0;2;1;1;1;
87528;202100056499;100 912;C01;1;7;0;2;4;2;1;
87529;202100056500;100 907;B01;2;7;0;2;4;1;1;
87530;202100056500;100 908;C01;2;7;0;2;5;1;2;
87531;202100056500;100 909;A01;2;7;0;2;1;3;1;
87532;202100056501;100 906;A01;1;7;4;0;2;14;1;
87533;202100056502;100 904;B01;1;7;4;2;8;17;1;
87534;202100056502;100 905;A01;1;7;0;2;8;1;1;
87535;202100056503;100 903;A01;1;33;6;0;2;0;1;
87536;202100056504;100 902;A01;1;7;6;0;1;13;1;
87537;202100056507;100 899;A01;2;7;13;0;1;1;1;
87538;202100056508;100 898;A01;2;1;0;0;8;1;5;
87539;202100056509;100 897;A01;1;7;13;0;8;1;1;
87540;202100056510;100 894;A01;1;7;0;0;4;2;1;
87541;202100056510;100 895;B01;1;7;0;2;4;2;1;
87542;202100056510;100 896;C01;1;7;0;2;1;2;1;
87543;202100056511;100 892;B01;1;7;0;0;6;17;1;
87544;202100056511;100 893;A01;1;33;0;2;1;2;1;
87545;202100056512;100 891;A01;0;10;4;0;0;1;1;
87546;202100056513;100 889;A01;2;7;13;2;1;2;1;
87547;202100056513;100 890;B01;2;7;0;2;4;2;1;
87548;202100056514;100 888;A01;2;7;5;0;3;0;1;
87549;202100056515;100 887;A01;1;7;6;0;1;1;1;
87550;202100056516;100 885;A01;1;7;0;2;1;5;1;
87551;202100056516;100 886;B01;2;7;0;2;3;1;1;
87552;202100056517;100 884;A01;2;7;6;0;5;6;1;